Date,Message
2026-08-10T18:00:00.000+01:00,MAR1GSOPEN;EURJPY;C2;08-10 18:00;0;
2026-08-10T18:01:00.000+01:00,MAR1GSOPEN;EURJPY;B1;08-10 18:00;1;08-10 18:00
2026-08-10T18:01:00.000+01:00,MAR1GSOPEN;EURJPY;B2;08-10 18:00;1;08-10 18:00
2026-08-10T18:01:00.000+01:00,MAR1GSOPEN;EURJPY;C1;08-10 18:00;0;
2026-08-10T18:01:00.000+01:00,MAR1GSOPEN;EURJPY;C2;08-10 18:00;0;
2026-08-10T18:02:00.000+01:00,MAR1GSOPEN;EURJPY;B1;08-10 18:00;1;08-10 18:00
2026-08-10T18:02:00.000+01:00,MAR1GSOPEN;EURJPY;B2;08-10 18:00;1;08-10 18:00
2026-08-10T18:02:00.000+01:00,MAR1GSOPEN;EURJPY;C1;08-10 18:00;0;
2026-08-10T18:02:00.000+01:00,MAR1GSOPEN;EURJPY;C2;08-10 18:00;0;
2026-08-10T18:03:00.000+01:00,"MAR1GSOPEN;EURJPY;B1;08-10 18:00;2;08-10 18:00,08-10 18:03"
2026-08-10T18:03:00.000+01:00,"MAR1GSOPEN;EURJPY;B2;08-10 18:00;2;08-10 18:00,08-10 18:03"
2026-08-10T18:03:00.000+01:00,MAR1GSOPEN;EURJPY;C1;08-10 18:03;1;08-10 18:03
2026-08-10T18:03:00.000+01:00,MAR1GSOPEN;EURJPY;C2;08-10 18:03;1;08-10 18:03
2026-08-10T18:04:00.000+01:00,"MAR1GSOPEN;EURJPY;B1;08-10 18:00;2;08-10 18:00,08-10 18:03"
2026-08-10T18:04:00.000+01:00,"MAR1GSOPEN;EURJPY;B2;08-10 18:00;2;08-10 18:00,08-10 18:03"
2026-08-10T18:04:00.000+01:00,MAR1GSOPEN;EURJPY;C1;08-10 18:03;1;08-10 18:03
2026-08-10T18:04:00.000+01:00,MAR1GSOPEN;EURJPY;C2;08-10 18:03;1;08-10 18:03
2026-08-10T18:05:00.000+01:00,"MAR1GSOPEN;EURJPY;B1;08-10 18:00;2;08-10 18:00,08-10 18:03"
2026-08-10T18:05:00.000+01:00,"MAR1GSOPEN;EURJPY;B2;08-10 18:00;2;08-10 18:00,08-10 18:03"
2026-08-10T18:05:00.000+01:00,MAR1GSOPEN;EURJPY;C1;08-10 18:03;1;08-10 18:03
2026-08-10T18:05:00.000+01:00,MAR1GSOPEN;EURJPY;C2;08-10 18:03;1;08-10 18:03
2026-08-10T18:06:00.000+01:00,"MAR1GSOPEN;EURJPY;B1;08-10 18:00;2;08-10 18:00,08-10 18:03"
2026-08-10T18:06:00.000+01:00,"MAR1GSOPEN;EURJPY;B2;08-10 18:00;2;08-10 18:00,08-10 18:03"
2026-08-10T18:06:00.000+01:00,MAR1GSOPEN;EURJPY;C1;08-10 18:03;1;08-10 18:03
2026-08-10T18:06:00.000+01:00,MAR1GSOPEN;EURJPY;C2;08-10 18:03;1;08-10 18:03
2026-08-10T18:07:00.000+01:00,"MAR1GSCLOSE;EURJPY;B1;08-10 18:00;08-10 18:08;3;long;08-10 18:00,08-10 18:03,08-10 18:07"
2026-08-10T18:07:00.000+01:00,"MAR1GSCLOSE;EURJPY;B2;08-10 18:00;08-10 18:08;3;long;08-10 18:00,08-10 18:03,08-10 18:07"
2026-08-10T18:07:00.000+01:00,"MAR1GSCLOSE;EURJPY;C1;08-10 18:03;08-10 18:08;2;long;08-10 18:03,08-10 18:07"
2026-08-10T18:07:00.000+01:00,"MAR1GSCLOSE;EURJPY;C2;08-10 18:03;08-10 18:08;2;long;08-10 18:03,08-10 18:07"
2026-08-10T19:14:00.000+01:00,MAR1GSOPEN;EURJPY;B1;08-10 19:14;0;
2026-08-10T19:14:00.000+01:00,MAR1GSOPEN;EURJPY;B2;08-10 19:14;0;
2026-08-10T19:15:00.000+01:00,MAR1GSOPEN;EURJPY;B1;08-10 19:14;0;
2026-08-10T19:15:00.000+01:00,MAR1GSOPEN;EURJPY;B2;08-10 19:14;0;
2026-08-10T19:16:00.000+01:00,MAR1GSOPEN;EURJPY;B1;08-10 19:14;0;
2026-08-10T19:16:00.000+01:00,MAR1GSOPEN;EURJPY;B2;08-10 19:14;0;
2026-08-10T19:17:00.000+01:00,MAR1GSOPEN;EURJPY;B1;08-10 19:14;0;
2026-08-10T19:17:00.000+01:00,MAR1GSOPEN;EURJPY;B2;08-10 19:14;0;
2026-08-10T19:18:00.000+01:00,MAR1GSOPEN;EURJPY;B1;08-10 19:14;0;
2026-08-10T19:18:00.000+01:00,MAR1GSOPEN;EURJPY;B2;08-10 19:14;0;
2026-08-10T19:19:00.000+01:00,MAR1GSOPEN;EURJPY;B1;08-10 19:14;0;
2026-08-10T19:19:00.000+01:00,MAR1GSOPEN;EURJPY;B2;08-10 19:14;0;
2026-08-10T19:20:00.000+01:00,MAR1GSOPEN;EURJPY;B1;08-10 19:14;0;
2026-08-10T19:20:00.000+01:00,MAR1GSOPEN;EURJPY;B2;08-10 19:14;0;
2026-08-10T19:21:00.000+01:00,MAR1GSOPEN;EURJPY;B1;08-10 19:14;0;
2026-08-10T19:21:00.000+01:00,MAR1GSOPEN;EURJPY;B2;08-10 19:14;0;
2026-08-10T19:22:00.000+01:00,MAR1GSOPEN;EURJPY;A2;08-10 19:22;0;
2026-08-10T19:22:00.000+01:00,MAR1GSOPEN;EURJPY;B1;08-10 19:22;1;08-10 19:22
2026-08-10T19:22:00.000+01:00,MAR1GSOPEN;EURJPY;B2;08-10 19:22;1;08-10 19:22
2026-08-10T19:23:00.000+01:00,MAR1GSOPEN;EURJPY;A2;08-10 19:22;0;
2026-08-10T19:23:00.000+01:00,MAR1GSOPEN;EURJPY;B1;08-10 19:22;1;08-10 19:22
2026-08-10T19:23:00.000+01:00,MAR1GSOPEN;EURJPY;B2;08-10 19:22;1;08-10 19:22
2026-08-10T19:24:00.000+01:00,MAR1GSOPEN;EURJPY;A2;08-10 19:22;0;
2026-08-10T19:24:00.000+01:00,MAR1GSOPEN;EURJPY;B1;08-10 19:22;1;08-10 19:22
2026-08-10T19:24:00.000+01:00,MAR1GSOPEN;EURJPY;B2;08-10 19:22;1;08-10 19:22
2026-08-10T19:25:00.000+01:00,MAR1GSOPEN;EURJPY;A2;08-10 19:22;0;
2026-08-10T19:25:00.000+01:00,MAR1GSOPEN;EURJPY;B1;08-10 19:22;1;08-10 19:22
2026-08-10T19:25:00.000+01:00,MAR1GSOPEN;EURJPY;B2;08-10 19:22;1;08-10 19:22
2026-08-10T19:26:00.000+01:00,MAR1GSOPEN;EURJPY;A2;08-10 19:26;1;08-10 19:26
2026-08-10T19:26:00.000+01:00,"MAR1GSOPEN;EURJPY;B1;08-10 19:22;2;08-10 19:22,08-10 19:26"
2026-08-10T19:26:00.000+01:00,"MAR1GSOPEN;EURJPY;B2;08-10 19:22;2;08-10 19:22,08-10 19:26"
2026-08-10T19:27:00.000+01:00,"MAR1GSCLOSE;EURJPY;A2;08-10 19:26;08-10 19:28;2;long;08-10 19:26,08-10 19:27"
2026-08-10T19:27:00.000+01:00,"MAR1GSCLOSE;EURJPY;B1;08-10 19:22;08-10 19:28;3;long;08-10 19:22,08-10 19:26,08-10 19:27"
2026-08-10T19:27:00.000+01:00,"MAR1GSCLOSE;EURJPY;B2;08-10 19:22;08-10 19:28;3;long;08-10 19:22,08-10 19:26,08-10 19:27"
2026-08-10T19:42:00.000+01:00,MAR1GSOPEN;EURJPY;B1;08-10 19:42;0;
2026-08-10T19:43:00.000+01:00,MAR1GSOPEN;EURJPY;B1;08-10 19:42;0;
2026-08-10T19:44:00.000+01:00,MAR1GSOPEN;EURJPY;B1;08-10 19:42;0;
2026-08-10T19:45:00.000+01:00,MAR1GSOPEN;EURJPY;B1;08-10 19:42;0;
2026-08-10T19:46:00.000+01:00,MAR1GSOPEN;EURJPY;A1;08-10 19:46;0;
2026-08-10T19:46:00.000+01:00,MAR1GSOPEN;EURJPY;A2;08-10 19:46;0;
2026-08-10T19:46:00.000+01:00,MAR1GSOPEN;EURJPY;B1;08-10 19:46;1;08-10 19:46
2026-08-10T19:46:00.000+01:00,MAR1GSOPEN;EURJPY;B2;08-10 19:46;0;
2026-08-10T19:47:00.000+01:00,MAR1GSCLOSE;EURJPY;A1;08-10 19:47;08-10 19:48;1;long;08-10 19:47
2026-08-10T19:47:00.000+01:00,MAR1GSCLOSE;EURJPY;A2;08-10 19:47;08-10 19:48;1;long;08-10 19:47
2026-08-10T19:47:00.000+01:00,"MAR1GSCLOSE;EURJPY;B1;08-10 19:46;08-10 19:48;2;long;08-10 19:46,08-10 19:47"
2026-08-10T19:47:00.000+01:00,MAR1GSCLOSE;EURJPY;B2;08-10 19:47;08-10 19:48;1;long;08-10 19:47
2026-08-11T18:40:00.000+01:00,MAR1GSOPEN;EURJPY;A1;08-11 18:40;0;
2026-08-11T18:40:00.000+01:00,MAR1GSOPEN;EURJPY;A2;08-11 18:40;0;
2026-08-11T18:41:00.000+01:00,MAR1GSOPEN;EURJPY;A1;08-11 18:40;0;
2026-08-11T18:41:00.000+01:00,MAR1GSOPEN;EURJPY;A2;08-11 18:40;0;
2026-08-11T18:42:00.000+01:00,MAR1GSOPEN;EURJPY;A1;08-11 18:40;0;
2026-08-11T18:42:00.000+01:00,MAR1GSOPEN;EURJPY;A2;08-11 18:40;0;
2026-08-11T18:43:00.000+01:00,MAR1GSOPEN;EURJPY;A1;08-11 18:40;0;
2026-08-11T18:43:00.000+01:00,MAR1GSOPEN;EURJPY;A2;08-11 18:40;0;
2026-08-11T18:44:00.000+01:00,MAR1GSOPEN;EURJPY;A1;08-11 18:40;0;
2026-08-11T18:44:00.000+01:00,MAR1GSOPEN;EURJPY;A2;08-11 18:40;0;
2026-08-11T18:45:00.000+01:00,MAR1GSOPEN;EURJPY;A1;08-11 18:40;0;
2026-08-11T18:45:00.000+01:00,MAR1GSOPEN;EURJPY;A2;08-11 18:40;0;
2026-08-11T18:46:00.000+01:00,MAR1GSOPEN;EURJPY;A1;08-11 18:40;0;
2026-08-11T18:46:00.000+01:00,MAR1GSOPEN;EURJPY;A2;08-11 18:40;0;
2026-08-11T18:47:00.000+01:00,MAR1GSOPEN;EURJPY;A1;08-11 18:40;0;
2026-08-11T18:47:00.000+01:00,MAR1GSOPEN;EURJPY;A2;08-11 18:40;0;
2026-08-11T18:48:00.000+01:00,MAR1GSOPEN;EURJPY;A1;08-11 18:40;0;
2026-08-11T18:48:00.000+01:00,MAR1GSOPEN;EURJPY;A2;08-11 18:40;0;
2026-08-11T18:49:00.000+01:00,MAR1GSOPEN;EURJPY;A1;08-11 18:40;0;
2026-08-11T18:49:00.000+01:00,MAR1GSOPEN;EURJPY;A2;08-11 18:40;0;
2026-08-11T18:50:00.000+01:00,MAR1GSOPEN;EURJPY;A1;08-11 18:40;0;
2026-08-11T18:50:00.000+01:00,MAR1GSOPEN;EURJPY;A2;08-11 18:40;0;
2026-08-11T18:51:00.000+01:00,MAR1GSOPEN;EURJPY;A1;08-11 18:40;0;
2026-08-11T18:51:00.000+01:00,MAR1GSOPEN;EURJPY;A2;08-11 18:40;0;
2026-08-11T18:52:00.000+01:00,MAR1GSOPEN;EURJPY;A1;08-11 18:40;0;
2026-08-11T18:52:00.000+01:00,MAR1GSOPEN;EURJPY;A2;08-11 18:40;0;
2026-08-11T18:53:00.000+01:00,MAR1GSOPEN;EURJPY;A1;08-11 18:40;0;
2026-08-11T18:53:00.000+01:00,MAR1GSOPEN;EURJPY;A2;08-11 18:40;0;
2026-08-11T18:54:00.000+01:00,MAR1GSOPEN;EURJPY;A1;08-11 18:40;0;
2026-08-11T18:54:00.000+01:00,MAR1GSOPEN;EURJPY;A2;08-11 18:40;0;
2026-08-11T18:55:00.000+01:00,MAR1GSOPEN;EURJPY;A1;08-11 18:40;0;
2026-08-11T18:55:00.000+01:00,MAR1GSOPEN;EURJPY;A2;08-11 18:40;0;
2026-08-11T18:56:00.000+01:00,MAR1GSOPEN;EURJPY;A1;08-11 18:40;0;
2026-08-11T18:56:00.000+01:00,MAR1GSOPEN;EURJPY;A2;08-11 18:40;0;
2026-08-11T18:57:00.000+01:00,MAR1GSOPEN;EURJPY;A1;08-11 18:40;0;
2026-08-11T18:57:00.000+01:00,MAR1GSOPEN;EURJPY;A2;08-11 18:40;0;
2026-08-11T18:58:00.000+01:00,MAR1GSOPEN;EURJPY;A1;08-11 18:40;0;
2026-08-11T18:58:00.000+01:00,MAR1GSOPEN;EURJPY;A2;08-11 18:40;0;
2026-08-11T18:59:00.000+01:00,MAR1GSOPEN;EURJPY;A1;08-11 18:40;0;
2026-08-11T18:59:00.000+01:00,MAR1GSOPEN;EURJPY;A2;08-11 18:40;0;
2026-08-11T19:00:00.000+01:00,MAR1GSOPEN;EURJPY;A1;08-11 18:40;0;
2026-08-11T19:00:00.000+01:00,MAR1GSOPEN;EURJPY;A2;08-11 18:40;0;
2026-08-11T19:01:00.000+01:00,MAR1GSOPEN;EURJPY;A1;08-11 18:40;0;
2026-08-11T19:01:00.000+01:00,MAR1GSOPEN;EURJPY;A2;08-11 18:40;0;
2026-08-11T19:02:00.000+01:00,MAR1GSOPEN;EURJPY;A1;08-11 18:40;0;
2026-08-11T19:02:00.000+01:00,MAR1GSOPEN;EURJPY;A2;08-11 18:40;0;
2026-08-11T19:03:00.000+01:00,MAR1GSOPEN;EURJPY;A1;08-11 18:40;0;
2026-08-11T19:03:00.000+01:00,MAR1GSOPEN;EURJPY;A2;08-11 18:40;0;
2026-08-11T19:04:00.000+01:00,MAR1GSOPEN;EURJPY;A1;08-11 18:40;0;
2026-08-11T19:04:00.000+01:00,MAR1GSOPEN;EURJPY;A2;08-11 18:40;0;
2026-08-11T19:05:00.000+01:00,MAR1GSOPEN;EURJPY;A1;08-11 18:40;0;
2026-08-11T19:05:00.000+01:00,MAR1GSOPEN;EURJPY;A2;08-11 18:40;0;
2026-08-11T19:06:00.000+01:00,MAR1GSOPEN;EURJPY;A1;08-11 18:40;0;
2026-08-11T19:06:00.000+01:00,MAR1GSOPEN;EURJPY;A2;08-11 18:40;0;
2026-08-11T19:07:00.000+01:00,MAR1GSOPEN;EURJPY;A1;08-11 18:40;0;
2026-08-11T19:07:00.000+01:00,MAR1GSOPEN;EURJPY;A2;08-11 18:40;0;
2026-08-11T19:08:00.000+01:00,MAR1GSOPEN;EURJPY;A1;08-11 18:40;0;
2026-08-11T19:08:00.000+01:00,MAR1GSOPEN;EURJPY;A2;08-11 18:40;0;
2026-08-11T19:09:00.000+01:00,MAR1GSOPEN;EURJPY;A1;08-11 18:40;0;
2026-08-11T19:09:00.000+01:00,MAR1GSOPEN;EURJPY;A2;08-11 18:40;0;
2026-08-11T19:10:00.000+01:00,MAR1GSOPEN;EURJPY;A1;08-11 18:40;0;
2026-08-11T19:10:00.000+01:00,MAR1GSOPEN;EURJPY;A2;08-11 18:40;0;
2026-08-11T19:11:00.000+01:00,MAR1GSOPEN;EURJPY;A1;08-11 18:40;0;
2026-08-11T19:11:00.000+01:00,MAR1GSOPEN;EURJPY;A2;08-11 18:40;0;
2026-08-11T19:12:00.000+01:00,MAR1GSOPEN;EURJPY;A1;08-11 18:40;0;
2026-08-11T19:12:00.000+01:00,MAR1GSOPEN;EURJPY;A2;08-11 18:40;0;
2026-08-11T19:12:00.000+01:00,MAR1GSOPEN;EURJPY;B1;08-11 19:12;0;
2026-08-11T19:12:00.000+01:00,MAR1GSOPEN;EURJPY;B2;08-11 19:12;0;
2026-08-11T19:13:00.000+01:00,MAR1GSOPEN;EURJPY;A1;08-11 18:40;0;
2026-08-11T19:13:00.000+01:00,MAR1GSOPEN;EURJPY;A2;08-11 18:40;0;
2026-08-11T19:13:00.000+01:00,MAR1GSOPEN;EURJPY;B1;08-11 19:12;0;
2026-08-11T19:13:00.000+01:00,MAR1GSOPEN;EURJPY;B2;08-11 19:12;0;
2026-08-11T19:14:00.000+01:00,MAR1GSOPEN;EURJPY;A1;08-11 18:40;0;
2026-08-11T19:14:00.000+01:00,MAR1GSOPEN;EURJPY;A2;08-11 18:40;0;
2026-08-11T19:14:00.000+01:00,MAR1GSOPEN;EURJPY;B1;08-11 19:12;0;
2026-08-11T19:14:00.000+01:00,MAR1GSOPEN;EURJPY;B2;08-11 19:12;0;
2026-08-11T19:15:00.000+01:00,MAR1GSOPEN;EURJPY;A1;08-11 18:40;0;
2026-08-11T19:15:00.000+01:00,MAR1GSOPEN;EURJPY;A2;08-11 18:40;0;
2026-08-11T19:15:00.000+01:00,MAR1GSOPEN;EURJPY;B1;08-11 19:12;0;
2026-08-11T19:15:00.000+01:00,MAR1GSOPEN;EURJPY;B2;08-11 19:12;0;
2026-08-11T19:16:00.000+01:00,MAR1GSOPEN;EURJPY;A1;08-11 18:40;0;
2026-08-11T19:16:00.000+01:00,MAR1GSOPEN;EURJPY;A2;08-11 18:40;0;
2026-08-11T19:16:00.000+01:00,MAR1GSOPEN;EURJPY;B1;08-11 19:12;0;
2026-08-11T19:16:00.000+01:00,MAR1GSOPEN;EURJPY;B2;08-11 19:12;0;
2026-08-11T19:17:00.000+01:00,MAR1GSOPEN;EURJPY;A1;08-11 18:40;0;
2026-08-11T19:17:00.000+01:00,MAR1GSOPEN;EURJPY;A2;08-11 18:40;0;
2026-08-11T19:17:00.000+01:00,MAR1GSOPEN;EURJPY;B1;08-11 19:12;0;
2026-08-11T19:17:00.000+01:00,MAR1GSOPEN;EURJPY;B2;08-11 19:12;0;
2026-08-11T19:18:00.000+01:00,MAR1GSOPEN;EURJPY;A1;08-11 18:40;0;
2026-08-11T19:18:00.000+01:00,MAR1GSOPEN;EURJPY;A2;08-11 18:40;0;
2026-08-11T19:18:00.000+01:00,MAR1GSOPEN;EURJPY;B1;08-11 19:12;0;
2026-08-11T19:18:00.000+01:00,MAR1GSOPEN;EURJPY;B2;08-11 19:12;0;
2026-08-11T19:19:00.000+01:00,MAR1GSOPEN;EURJPY;A1;08-11 18:40;0;
2026-08-11T19:19:00.000+01:00,MAR1GSOPEN;EURJPY;A2;08-11 18:40;0;
2026-08-11T19:19:00.000+01:00,MAR1GSOPEN;EURJPY;B1;08-11 19:12;0;
2026-08-11T19:19:00.000+01:00,MAR1GSOPEN;EURJPY;B2;08-11 19:12;0;
2026-08-11T19:20:00.000+01:00,MAR1GSOPEN;EURJPY;A1;08-11 18:40;0;
2026-08-11T19:20:00.000+01:00,MAR1GSOPEN;EURJPY;A2;08-11 18:40;0;
2026-08-11T19:20:00.000+01:00,MAR1GSOPEN;EURJPY;B1;08-11 19:12;0;
2026-08-11T19:20:00.000+01:00,MAR1GSOPEN;EURJPY;B2;08-11 19:12;0;
2026-08-11T19:21:00.000+01:00,MAR1GSOPEN;EURJPY;A1;08-11 18:40;0;
2026-08-11T19:21:00.000+01:00,MAR1GSOPEN;EURJPY;A2;08-11 18:40;0;
2026-08-11T19:21:00.000+01:00,MAR1GSOPEN;EURJPY;B1;08-11 19:12;0;
2026-08-11T19:21:00.000+01:00,MAR1GSOPEN;EURJPY;B2;08-11 19:12;0;
2026-08-11T19:22:00.000+01:00,MAR1GSOPEN;EURJPY;A1;08-11 18:40;0;
2026-08-11T19:22:00.000+01:00,MAR1GSOPEN;EURJPY;A2;08-11 18:40;0;
2026-08-11T19:22:00.000+01:00,MAR1GSOPEN;EURJPY;B1;08-11 19:12;0;
2026-08-11T19:22:00.000+01:00,MAR1GSOPEN;EURJPY;B2;08-11 19:12;0;
2026-08-11T19:23:00.000+01:00,MAR1GSOPEN;EURJPY;A1;08-11 18:40;0;
2026-08-11T19:23:00.000+01:00,MAR1GSOPEN;EURJPY;A2;08-11 18:40;0;
2026-08-11T19:23:00.000+01:00,MAR1GSOPEN;EURJPY;B1;08-11 19:12;0;
2026-08-11T19:23:00.000+01:00,MAR1GSOPEN;EURJPY;B2;08-11 19:12;0;
2026-08-11T19:24:00.000+01:00,MAR1GSOPEN;EURJPY;A1;08-11 18:40;0;
2026-08-11T19:24:00.000+01:00,MAR1GSOPEN;EURJPY;A2;08-11 18:40;0;
2026-08-11T19:24:00.000+01:00,MAR1GSOPEN;EURJPY;B1;08-11 19:12;0;
2026-08-11T19:24:00.000+01:00,MAR1GSOPEN;EURJPY;B2;08-11 19:12;0;
2026-08-11T19:25:00.000+01:00,MAR1GSOPEN;EURJPY;A1;08-11 18:40;0;
2026-08-11T19:25:00.000+01:00,MAR1GSOPEN;EURJPY;A2;08-11 18:40;0;
2026-08-11T19:25:00.000+01:00,MAR1GSOPEN;EURJPY;B1;08-11 19:12;0;
2026-08-11T19:25:00.000+01:00,MAR1GSOPEN;EURJPY;B2;08-11 19:12;0;
2026-08-11T19:26:00.000+01:00,MAR1GSOPEN;EURJPY;A1;08-11 18:40;0;
2026-08-11T19:26:00.000+01:00,MAR1GSOPEN;EURJPY;A2;08-11 18:40;0;
2026-08-11T19:26:00.000+01:00,MAR1GSOPEN;EURJPY;B1;08-11 19:12;0;
2026-08-11T19:26:00.000+01:00,MAR1GSOPEN;EURJPY;B2;08-11 19:12;0;
2026-08-11T19:27:00.000+01:00,MAR1GSOPEN;EURJPY;A1;08-11 18:40;0;
2026-08-11T19:27:00.000+01:00,MAR1GSOPEN;EURJPY;A2;08-11 18:40;0;
2026-08-11T19:27:00.000+01:00,MAR1GSOPEN;EURJPY;B1;08-11 19:12;0;
2026-08-11T19:27:00.000+01:00,MAR1GSOPEN;EURJPY;B2;08-11 19:12;0;
2026-08-11T19:28:00.000+01:00,MAR1GSOPEN;EURJPY;A1;08-11 18:40;0;
2026-08-11T19:28:00.000+01:00,MAR1GSOPEN;EURJPY;A2;08-11 18:40;0;
2026-08-11T19:28:00.000+01:00,MAR1GSOPEN;EURJPY;B1;08-11 19:12;0;
2026-08-11T19:28:00.000+01:00,MAR1GSOPEN;EURJPY;B2;08-11 19:12;0;
2026-08-11T19:29:00.000+01:00,MAR1GSOPEN;EURJPY;A1;08-11 18:40;0;
2026-08-11T19:29:00.000+01:00,MAR1GSOPEN;EURJPY;A2;08-11 18:40;0;
2026-08-11T19:29:00.000+01:00,MAR1GSOPEN;EURJPY;B1;08-11 19:12;0;
2026-08-11T19:29:00.000+01:00,MAR1GSOPEN;EURJPY;B2;08-11 19:12;0;
2026-08-11T19:30:00.000+01:00,MAR1GSOPEN;EURJPY;A1;08-11 18:40;0;
2026-08-11T19:30:00.000+01:00,MAR1GSOPEN;EURJPY;A2;08-11 18:40;0;
2026-08-11T19:30:00.000+01:00,MAR1GSOPEN;EURJPY;B1;08-11 19:12;0;
2026-08-11T19:30:00.000+01:00,MAR1GSOPEN;EURJPY;B2;08-11 19:12;0;
2026-08-11T19:31:00.000+01:00,MAR1GSOPEN;EURJPY;A1;08-11 18:40;0;
2026-08-11T19:31:00.000+01:00,MAR1GSOPEN;EURJPY;A2;08-11 18:40;0;
2026-08-11T19:31:00.000+01:00,MAR1GSOPEN;EURJPY;B1;08-11 19:12;0;
2026-08-11T19:31:00.000+01:00,MAR1GSOPEN;EURJPY;B2;08-11 19:12;0;
2026-08-11T19:32:00.000+01:00,MAR1GSOPEN;EURJPY;A1;08-11 18:40;0;
2026-08-11T19:32:00.000+01:00,MAR1GSOPEN;EURJPY;A2;08-11 18:40;0;
2026-08-11T19:32:00.000+01:00,MAR1GSOPEN;EURJPY;B1;08-11 19:12;0;
2026-08-11T19:32:00.000+01:00,MAR1GSOPEN;EURJPY;B2;08-11 19:12;0;
2026-08-11T19:33:00.000+01:00,MAR1GSOPEN;EURJPY;A1;08-11 18:40;0;
2026-08-11T19:33:00.000+01:00,MAR1GSOPEN;EURJPY;A2;08-11 18:40;0;
2026-08-11T19:33:00.000+01:00,MAR1GSOPEN;EURJPY;B1;08-11 19:12;0;
2026-08-11T19:33:00.000+01:00,MAR1GSOPEN;EURJPY;B2;08-11 19:12;0;
2026-08-11T19:34:00.000+01:00,MAR1GSOPEN;EURJPY;A1;08-11 18:40;0;
2026-08-11T19:34:00.000+01:00,MAR1GSOPEN;EURJPY;A2;08-11 18:40;0;
2026-08-11T19:34:00.000+01:00,MAR1GSOPEN;EURJPY;B1;08-11 19:12;0;
2026-08-11T19:34:00.000+01:00,MAR1GSOPEN;EURJPY;B2;08-11 19:12;0;
2026-08-11T19:35:00.000+01:00,MAR1GSOPEN;EURJPY;A1;08-11 18:40;0;
2026-08-11T19:35:00.000+01:00,MAR1GSOPEN;EURJPY;A2;08-11 18:40;0;
2026-08-11T19:35:00.000+01:00,MAR1GSOPEN;EURJPY;B1;08-11 19:12;0;
2026-08-11T19:35:00.000+01:00,MAR1GSOPEN;EURJPY;B2;08-11 19:12;0;
2026-08-11T19:36:00.000+01:00,MAR1GSOPEN;EURJPY;A1;08-11 18:40;0;
2026-08-11T19:36:00.000+01:00,MAR1GSOPEN;EURJPY;A2;08-11 18:40;0;
2026-08-11T19:36:00.000+01:00,MAR1GSOPEN;EURJPY;B1;08-11 19:12;0;
2026-08-11T19:36:00.000+01:00,MAR1GSOPEN;EURJPY;B2;08-11 19:12;0;
2026-08-11T19:37:00.000+01:00,MAR1GSOPEN;EURJPY;A1;08-11 18:40;0;
2026-08-11T19:37:00.000+01:00,MAR1GSOPEN;EURJPY;A2;08-11 18:40;0;
2026-08-11T19:37:00.000+01:00,MAR1GSOPEN;EURJPY;B1;08-11 19:12;0;
2026-08-11T19:37:00.000+01:00,MAR1GSOPEN;EURJPY;B2;08-11 19:12;0;
2026-08-11T19:38:00.000+01:00,MAR1GSOPEN;EURJPY;A1;08-11 18:40;0;
2026-08-11T19:38:00.000+01:00,MAR1GSOPEN;EURJPY;A2;08-11 18:40;0;
2026-08-11T19:38:00.000+01:00,MAR1GSOPEN;EURJPY;B1;08-11 19:12;0;
2026-08-11T19:38:00.000+01:00,MAR1GSOPEN;EURJPY;B2;08-11 19:12;0;
2026-08-11T19:39:00.000+01:00,MAR1GSOPEN;EURJPY;A1;08-11 18:40;0;
2026-08-11T19:39:00.000+01:00,MAR1GSOPEN;EURJPY;A2;08-11 18:40;0;
2026-08-11T19:39:00.000+01:00,MAR1GSOPEN;EURJPY;B1;08-11 19:12;0;
2026-08-11T19:39:00.000+01:00,MAR1GSOPEN;EURJPY;B2;08-11 19:12;0;
2026-08-11T19:40:00.000+01:00,MAR1GSOPEN;EURJPY;A1;08-11 18:40;0;
2026-08-11T19:40:00.000+01:00,MAR1GSOPEN;EURJPY;A2;08-11 18:40;0;
2026-08-11T19:40:00.000+01:00,MAR1GSOPEN;EURJPY;B1;08-11 19:12;0;
2026-08-11T19:40:00.000+01:00,MAR1GSOPEN;EURJPY;B2;08-11 19:12;0;
2026-08-11T19:41:00.000+01:00,MAR1GSOPEN;EURJPY;A1;08-11 18:40;0;
2026-08-11T19:41:00.000+01:00,MAR1GSOPEN;EURJPY;A2;08-11 18:40;0;
2026-08-11T19:41:00.000+01:00,MAR1GSOPEN;EURJPY;B1;08-11 19:12;0;
2026-08-11T19:41:00.000+01:00,MAR1GSOPEN;EURJPY;B2;08-11 19:12;0;
2026-08-11T19:42:00.000+01:00,MAR1GSOPEN;EURJPY;A1;08-11 18:40;0;
2026-08-11T19:42:00.000+01:00,MAR1GSOPEN;EURJPY;A2;08-11 18:40;0;
2026-08-11T19:42:00.000+01:00,MAR1GSOPEN;EURJPY;B1;08-11 19:12;0;
2026-08-11T19:42:00.000+01:00,MAR1GSOPEN;EURJPY;B2;08-11 19:12;0;
2026-08-11T19:43:00.000+01:00,MAR1GSOPEN;EURJPY;A1;08-11 18:40;0;
2026-08-11T19:43:00.000+01:00,MAR1GSOPEN;EURJPY;A2;08-11 18:40;0;
2026-08-11T19:43:00.000+01:00,MAR1GSOPEN;EURJPY;B1;08-11 19:12;0;
2026-08-11T19:43:00.000+01:00,MAR1GSOPEN;EURJPY;B2;08-11 19:12;0;
2026-08-11T19:44:00.000+01:00,MAR1GSOPEN;EURJPY;A1;08-11 19:44;1;08-11 19:44
2026-08-11T19:44:00.000+01:00,MAR1GSOPEN;EURJPY;A2;08-11 19:44;1;08-11 19:44
2026-08-11T19:44:00.000+01:00,MAR1GSOPEN;EURJPY;B1;08-11 19:44;1;08-11 19:44
2026-08-11T19:44:00.000+01:00,MAR1GSOPEN;EURJPY;B2;08-11 19:44;1;08-11 19:44
2026-08-11T19:44:00.000+01:00,MAR1GSOPEN;EURJPY;C1;08-11 19:44;0;
2026-08-11T19:44:00.000+01:00,MAR1GSOPEN;EURJPY;C2;08-11 19:44;0;
2026-08-11T19:45:00.000+01:00,"MAR1GSCLOSE;EURJPY;A1;08-11 19:44;08-11 19:46;2;long;08-11 19:44,08-11 19:45"
2026-08-11T19:45:00.000+01:00,"MAR1GSCLOSE;EURJPY;A2;08-11 19:44;08-11 19:46;2;long;08-11 19:44,08-11 19:45"
2026-08-11T19:45:00.000+01:00,"MAR1GSCLOSE;EURJPY;B1;08-11 19:44;08-11 19:46;2;long;08-11 19:44,08-11 19:45"
2026-08-11T19:45:00.000+01:00,"MAR1GSCLOSE;EURJPY;B2;08-11 19:44;08-11 19:46;2;long;08-11 19:44,08-11 19:45"
2026-08-11T19:45:00.000+01:00,MAR1GSCLOSE;EURJPY;C1;08-11 19:45;08-11 19:46;1;long;08-11 19:45
2026-08-11T19:45:00.000+01:00,MAR1GSCLOSE;EURJPY;C2;08-11 19:45;08-11 19:46;1;long;08-11 19:45
2026-08-03T11:12:00.000+01:00,MAR1GSOPEN;EURJPY;A1;08-03 11:12;0;
2026-08-03T11:12:00.000+01:00,MAR1GSOPEN;EURJPY;A2;08-03 11:12;0;
2026-08-03T11:12:00.000+01:00,MAR1GSOPEN;EURJPY;B1;08-03 11:12;0;
2026-08-03T11:12:00.000+01:00,MAR1GSOPEN;EURJPY;B2;08-03 11:12;0;
2026-08-03T11:13:00.000+01:00,MAR1GSOPEN;EURJPY;A1;08-03 11:12;0;
2026-08-03T11:13:00.000+01:00,MAR1GSOPEN;EURJPY;A2;08-03 11:12;0;
2026-08-03T11:13:00.000+01:00,MAR1GSOPEN;EURJPY;B1;08-03 11:12;0;
2026-08-03T11:13:00.000+01:00,MAR1GSOPEN;EURJPY;B2;08-03 11:12;0;
2026-08-03T11:14:00.000+01:00,MAR1GSOPEN;EURJPY;A1;08-03 11:12;0;
2026-08-03T11:14:00.000+01:00,MAR1GSOPEN;EURJPY;A2;08-03 11:12;0;
2026-08-03T11:14:00.000+01:00,MAR1GSOPEN;EURJPY;B1;08-03 11:12;0;
2026-08-03T11:14:00.000+01:00,MAR1GSOPEN;EURJPY;B2;08-03 11:12;0;
2026-08-03T11:15:00.000+01:00,MAR1GSOPEN;EURJPY;A1;08-03 11:15;1;08-03 11:15
2026-08-03T11:15:00.000+01:00,MAR1GSOPEN;EURJPY;A2;08-03 11:15;1;08-03 11:15
2026-08-03T11:15:00.000+01:00,MAR1GSOPEN;EURJPY;B1;08-03 11:15;1;08-03 11:15
2026-08-03T11:15:00.000+01:00,MAR1GSOPEN;EURJPY;B2;08-03 11:15;1;08-03 11:15
2026-08-03T11:15:00.000+01:00,MAR1GSOPEN;EURJPY;D2;08-03 11:15;0;
2026-08-03T11:16:00.000+01:00,"MAR1GSCLOSE;EURJPY;A1;08-03 11:15;08-03 11:17;2;short;08-03 11:15,08-03 11:16"
2026-08-03T11:16:00.000+01:00,"MAR1GSCLOSE;EURJPY;A2;08-03 11:15;08-03 11:17;2;short;08-03 11:15,08-03 11:16"
2026-08-03T11:16:00.000+01:00,"MAR1GSCLOSE;EURJPY;B1;08-03 11:15;08-03 11:17;2;short;08-03 11:15,08-03 11:16"
2026-08-03T11:16:00.000+01:00,"MAR1GSCLOSE;EURJPY;B2;08-03 11:15;08-03 11:17;2;short;08-03 11:15,08-03 11:16"
2026-08-03T11:16:00.000+01:00,MAR1GSCLOSE;EURJPY;D2;08-03 11:16;08-03 11:17;1;short;08-03 11:16
2026-08-03T16:10:00.000+01:00,MAR1GSOPEN;EURJPY;A1;08-03 16:10;0;
2026-08-03T16:10:00.000+01:00,MAR1GSOPEN;EURJPY;A2;08-03 16:10;0;
2026-08-03T16:10:00.000+01:00,MAR1GSOPEN;EURJPY;B1;08-03 16:10;0;
2026-08-03T16:10:00.000+01:00,MAR1GSOPEN;EURJPY;B2;08-03 16:10;0;
2026-08-03T16:11:00.000+01:00,MAR1GSOPEN;EURJPY;A1;08-03 16:11;1;08-03 16:11
2026-08-03T16:11:00.000+01:00,MAR1GSOPEN;EURJPY;A2;08-03 16:11;1;08-03 16:11
2026-08-03T16:11:00.000+01:00,MAR1GSOPEN;EURJPY;B1;08-03 16:11;1;08-03 16:11
2026-08-03T16:11:00.000+01:00,MAR1GSOPEN;EURJPY;B2;08-03 16:11;1;08-03 16:11
2026-08-03T16:11:00.000+01:00,MAR1GSOPEN;EURJPY;C1;08-03 16:11;0;
2026-08-03T16:11:00.000+01:00,MAR1GSOPEN;EURJPY;C2;08-03 16:11;0;
2026-08-03T16:12:00.000+01:00,"MAR1GSOPEN;EURJPY;A1;08-03 16:11;2;08-03 16:11,08-03 16:12"
2026-08-03T16:12:00.000+01:00,"MAR1GSOPEN;EURJPY;A2;08-03 16:11;2;08-03 16:11,08-03 16:12"
2026-08-03T16:12:00.000+01:00,"MAR1GSOPEN;EURJPY;B1;08-03 16:11;2;08-03 16:11,08-03 16:12"
2026-08-03T16:12:00.000+01:00,"MAR1GSOPEN;EURJPY;B2;08-03 16:11;2;08-03 16:11,08-03 16:12"
2026-08-03T16:12:00.000+01:00,MAR1GSOPEN;EURJPY;C1;08-03 16:12;1;08-03 16:12
2026-08-03T16:12:00.000+01:00,MAR1GSOPEN;EURJPY;C2;08-03 16:12;1;08-03 16:12
2026-08-03T16:13:00.000+01:00,"MAR1GSOPEN;EURJPY;A1;08-03 16:11;2;08-03 16:11,08-03 16:12"
2026-08-03T16:13:00.000+01:00,"MAR1GSOPEN;EURJPY;A2;08-03 16:11;2;08-03 16:11,08-03 16:12"
2026-08-03T16:13:00.000+01:00,"MAR1GSOPEN;EURJPY;B1;08-03 16:11;2;08-03 16:11,08-03 16:12"
2026-08-03T16:13:00.000+01:00,"MAR1GSOPEN;EURJPY;B2;08-03 16:11;2;08-03 16:11,08-03 16:12"
2026-08-03T16:13:00.000+01:00,MAR1GSOPEN;EURJPY;C1;08-03 16:12;1;08-03 16:12
2026-08-03T16:13:00.000+01:00,MAR1GSOPEN;EURJPY;C2;08-03 16:12;1;08-03 16:12
2026-08-03T16:14:00.000+01:00,"MAR1GSOPEN;EURJPY;A1;08-03 16:11;2;08-03 16:11,08-03 16:12"
2026-08-03T16:14:00.000+01:00,"MAR1GSOPEN;EURJPY;A2;08-03 16:11;2;08-03 16:11,08-03 16:12"
2026-08-03T16:14:00.000+01:00,"MAR1GSOPEN;EURJPY;B1;08-03 16:11;2;08-03 16:11,08-03 16:12"
2026-08-03T16:14:00.000+01:00,"MAR1GSOPEN;EURJPY;B2;08-03 16:11;2;08-03 16:11,08-03 16:12"
2026-08-03T16:14:00.000+01:00,MAR1GSOPEN;EURJPY;C1;08-03 16:12;1;08-03 16:12
2026-08-03T16:14:00.000+01:00,MAR1GSOPEN;EURJPY;C2;08-03 16:12;1;08-03 16:12
2026-08-03T16:15:00.000+01:00,"MAR1GSOPEN;EURJPY;A1;08-03 16:11;2;08-03 16:11,08-03 16:12"
2026-08-03T16:15:00.000+01:00,"MAR1GSOPEN;EURJPY;A2;08-03 16:11;2;08-03 16:11,08-03 16:12"
2026-08-03T16:15:00.000+01:00,"MAR1GSOPEN;EURJPY;B1;08-03 16:11;2;08-03 16:11,08-03 16:12"
2026-08-03T16:15:00.000+01:00,"MAR1GSOPEN;EURJPY;B2;08-03 16:11;2;08-03 16:11,08-03 16:12"
2026-08-03T16:15:00.000+01:00,MAR1GSOPEN;EURJPY;C1;08-03 16:12;1;08-03 16:12
2026-08-03T16:15:00.000+01:00,MAR1GSOPEN;EURJPY;C2;08-03 16:12;1;08-03 16:12
2026-08-03T16:16:00.000+01:00,"MAR1GSOPEN;EURJPY;A1;08-03 16:11;2;08-03 16:11,08-03 16:12"
2026-08-03T16:16:00.000+01:00,"MAR1GSOPEN;EURJPY;A2;08-03 16:11;2;08-03 16:11,08-03 16:12"
2026-08-03T16:16:00.000+01:00,"MAR1GSOPEN;EURJPY;B1;08-03 16:11;2;08-03 16:11,08-03 16:12"
2026-08-03T16:16:00.000+01:00,"MAR1GSOPEN;EURJPY;B2;08-03 16:11;2;08-03 16:11,08-03 16:12"
2026-08-03T16:16:00.000+01:00,MAR1GSOPEN;EURJPY;C1;08-03 16:12;1;08-03 16:12
2026-08-03T16:16:00.000+01:00,MAR1GSOPEN;EURJPY;C2;08-03 16:12;1;08-03 16:12
2026-08-03T16:17:00.000+01:00,"MAR1GSOPEN;EURJPY;A1;08-03 16:11;2;08-03 16:11,08-03 16:12"
2026-08-03T16:17:00.000+01:00,"MAR1GSOPEN;EURJPY;A2;08-03 16:11;2;08-03 16:11,08-03 16:12"
2026-08-03T16:17:00.000+01:00,"MAR1GSOPEN;EURJPY;B1;08-03 16:11;2;08-03 16:11,08-03 16:12"
2026-08-03T16:17:00.000+01:00,"MAR1GSOPEN;EURJPY;B2;08-03 16:11;2;08-03 16:11,08-03 16:12"
2026-08-03T16:17:00.000+01:00,MAR1GSOPEN;EURJPY;C1;08-03 16:12;1;08-03 16:12
2026-08-03T16:17:00.000+01:00,MAR1GSOPEN;EURJPY;C2;08-03 16:12;1;08-03 16:12
2026-08-03T16:18:00.000+01:00,"MAR1GSOPEN;EURJPY;A1;08-03 16:11;2;08-03 16:11,08-03 16:12"
2026-08-03T16:18:00.000+01:00,"MAR1GSOPEN;EURJPY;A2;08-03 16:11;2;08-03 16:11,08-03 16:12"
2026-08-03T16:18:00.000+01:00,"MAR1GSOPEN;EURJPY;B1;08-03 16:11;2;08-03 16:11,08-03 16:12"
2026-08-03T16:18:00.000+01:00,"MAR1GSOPEN;EURJPY;B2;08-03 16:11;2;08-03 16:11,08-03 16:12"
2026-08-03T16:18:00.000+01:00,MAR1GSOPEN;EURJPY;C1;08-03 16:12;1;08-03 16:12
2026-08-03T16:18:00.000+01:00,MAR1GSOPEN;EURJPY;C2;08-03 16:12;1;08-03 16:12
2026-08-03T16:19:00.000+01:00,"MAR1GSOPEN;EURJPY;A1;08-03 16:11;2;08-03 16:11,08-03 16:12"
2026-08-03T16:19:00.000+01:00,"MAR1GSOPEN;EURJPY;A2;08-03 16:11;2;08-03 16:11,08-03 16:12"
2026-08-03T16:19:00.000+01:00,"MAR1GSOPEN;EURJPY;B1;08-03 16:11;2;08-03 16:11,08-03 16:12"
2026-08-03T16:19:00.000+01:00,"MAR1GSOPEN;EURJPY;B2;08-03 16:11;2;08-03 16:11,08-03 16:12"
2026-08-03T16:19:00.000+01:00,MAR1GSOPEN;EURJPY;C1;08-03 16:12;1;08-03 16:12
2026-08-03T16:19:00.000+01:00,MAR1GSOPEN;EURJPY;C2;08-03 16:12;1;08-03 16:12
2026-08-03T16:20:00.000+01:00,"MAR1GSOPEN;EURJPY;A1;08-03 16:11;2;08-03 16:11,08-03 16:12"
2026-08-03T16:20:00.000+01:00,"MAR1GSOPEN;EURJPY;A2;08-03 16:11;2;08-03 16:11,08-03 16:12"
2026-08-03T16:20:00.000+01:00,"MAR1GSOPEN;EURJPY;B1;08-03 16:11;2;08-03 16:11,08-03 16:12"
2026-08-03T16:20:00.000+01:00,"MAR1GSOPEN;EURJPY;B2;08-03 16:11;2;08-03 16:11,08-03 16:12"
2026-08-03T16:20:00.000+01:00,MAR1GSOPEN;EURJPY;C1;08-03 16:12;1;08-03 16:12
2026-08-03T16:20:00.000+01:00,MAR1GSOPEN;EURJPY;C2;08-03 16:12;1;08-03 16:12
2026-08-03T16:21:00.000+01:00,"MAR1GSOPEN;EURJPY;A1;08-03 16:11;2;08-03 16:11,08-03 16:12"
2026-08-03T16:21:00.000+01:00,"MAR1GSOPEN;EURJPY;A2;08-03 16:11;2;08-03 16:11,08-03 16:12"
2026-08-03T16:21:00.000+01:00,"MAR1GSOPEN;EURJPY;B1;08-03 16:11;2;08-03 16:11,08-03 16:12"
2026-08-03T16:21:00.000+01:00,"MAR1GSOPEN;EURJPY;B2;08-03 16:11;2;08-03 16:11,08-03 16:12"
2026-08-03T16:21:00.000+01:00,MAR1GSOPEN;EURJPY;C1;08-03 16:12;1;08-03 16:12
2026-08-03T16:21:00.000+01:00,MAR1GSOPEN;EURJPY;C2;08-03 16:12;1;08-03 16:12
2026-08-03T16:22:00.000+01:00,"MAR1GSOPEN;EURJPY;A1;08-03 16:11;2;08-03 16:11,08-03 16:12"
2026-08-03T16:22:00.000+01:00,"MAR1GSOPEN;EURJPY;A2;08-03 16:11;2;08-03 16:11,08-03 16:12"
2026-08-03T16:22:00.000+01:00,"MAR1GSOPEN;EURJPY;B1;08-03 16:11;2;08-03 16:11,08-03 16:12"
2026-08-03T16:22:00.000+01:00,"MAR1GSOPEN;EURJPY;B2;08-03 16:11;2;08-03 16:11,08-03 16:12"
2026-08-03T16:22:00.000+01:00,MAR1GSOPEN;EURJPY;C1;08-03 16:12;1;08-03 16:12
2026-08-03T16:22:00.000+01:00,MAR1GSOPEN;EURJPY;C2;08-03 16:12;1;08-03 16:12
2026-08-03T16:23:00.000+01:00,"MAR1GSOPEN;EURJPY;A1;08-03 16:11;2;08-03 16:11,08-03 16:12"
2026-08-03T16:23:00.000+01:00,"MAR1GSOPEN;EURJPY;A2;08-03 16:11;2;08-03 16:11,08-03 16:12"
2026-08-03T16:23:00.000+01:00,"MAR1GSOPEN;EURJPY;B1;08-03 16:11;2;08-03 16:11,08-03 16:12"
2026-08-03T16:23:00.000+01:00,"MAR1GSOPEN;EURJPY;B2;08-03 16:11;2;08-03 16:11,08-03 16:12"
2026-08-03T16:23:00.000+01:00,MAR1GSOPEN;EURJPY;C1;08-03 16:12;1;08-03 16:12
2026-08-03T16:23:00.000+01:00,MAR1GSOPEN;EURJPY;C2;08-03 16:12;1;08-03 16:12
2026-08-03T16:24:00.000+01:00,"MAR1GSOPEN;EURJPY;A1;08-03 16:11;2;08-03 16:11,08-03 16:12"
2026-08-03T16:24:00.000+01:00,"MAR1GSOPEN;EURJPY;A2;08-03 16:11;2;08-03 16:11,08-03 16:12"
2026-08-03T16:24:00.000+01:00,"MAR1GSOPEN;EURJPY;B1;08-03 16:11;2;08-03 16:11,08-03 16:12"
2026-08-03T16:24:00.000+01:00,"MAR1GSOPEN;EURJPY;B2;08-03 16:11;2;08-03 16:11,08-03 16:12"
2026-08-03T16:24:00.000+01:00,MAR1GSOPEN;EURJPY;C1;08-03 16:12;1;08-03 16:12
2026-08-03T16:24:00.000+01:00,MAR1GSOPEN;EURJPY;C2;08-03 16:12;1;08-03 16:12
2026-08-03T16:25:00.000+01:00,"MAR1GSOPEN;EURJPY;A1;08-03 16:11;2;08-03 16:11,08-03 16:12"
2026-08-03T16:25:00.000+01:00,"MAR1GSOPEN;EURJPY;A2;08-03 16:11;2;08-03 16:11,08-03 16:12"
2026-08-03T16:25:00.000+01:00,"MAR1GSOPEN;EURJPY;B1;08-03 16:11;2;08-03 16:11,08-03 16:12"
2026-08-03T16:25:00.000+01:00,"MAR1GSOPEN;EURJPY;B2;08-03 16:11;2;08-03 16:11,08-03 16:12"
2026-08-03T16:25:00.000+01:00,MAR1GSOPEN;EURJPY;C1;08-03 16:12;1;08-03 16:12
2026-08-03T16:25:00.000+01:00,MAR1GSOPEN;EURJPY;C2;08-03 16:12;1;08-03 16:12
2026-08-03T16:26:00.000+01:00,"MAR1GSOPEN;EURJPY;A1;08-03 16:11;3;08-03 16:11,08-03 16:12,08-03 16:26"
2026-08-03T16:26:00.000+01:00,"MAR1GSOPEN;EURJPY;A2;08-03 16:11;3;08-03 16:11,08-03 16:12,08-03 16:26"
2026-08-03T16:26:00.000+01:00,"MAR1GSOPEN;EURJPY;B1;08-03 16:11;3;08-03 16:11,08-03 16:12,08-03 16:26"
2026-08-03T16:26:00.000+01:00,"MAR1GSOPEN;EURJPY;B2;08-03 16:11;3;08-03 16:11,08-03 16:12,08-03 16:26"
2026-08-03T16:26:00.000+01:00,"MAR1GSOPEN;EURJPY;C1;08-03 16:12;2;08-03 16:12,08-03 16:26"
2026-08-03T16:26:00.000+01:00,"MAR1GSOPEN;EURJPY;C2;08-03 16:12;2;08-03 16:12,08-03 16:26"
2026-08-03T16:26:00.000+01:00,MAR1GSOPEN;EURJPY;D1;08-03 16:26;0;
2026-08-03T16:27:00.000+01:00,"MAR1GSOPEN;EURJPY;A1;08-03 16:11;4;08-03 16:11,08-03 16:12,08-03 16:26,08-03 16:27"
2026-08-03T16:27:00.000+01:00,"MAR1GSOPEN;EURJPY;A2;08-03 16:11;4;08-03 16:11,08-03 16:12,08-03 16:26,08-03 16:27"
2026-08-03T16:27:00.000+01:00,"MAR1GSOPEN;EURJPY;B1;08-03 16:11;4;08-03 16:11,08-03 16:12,08-03 16:26,08-03 16:27"
2026-08-03T16:27:00.000+01:00,"MAR1GSOPEN;EURJPY;B2;08-03 16:11;4;08-03 16:11,08-03 16:12,08-03 16:26,08-03 16:27"
2026-08-03T16:27:00.000+01:00,"MAR1GSOPEN;EURJPY;C1;08-03 16:12;3;08-03 16:12,08-03 16:26,08-03 16:27"
2026-08-03T16:27:00.000+01:00,"MAR1GSOPEN;EURJPY;C2;08-03 16:12;3;08-03 16:12,08-03 16:26,08-03 16:27"
2026-08-03T16:27:00.000+01:00,MAR1GSOPEN;EURJPY;D1;08-03 16:27;1;08-03 16:27
2026-08-03T16:28:00.000+01:00,"MAR1GSOPEN;EURJPY;A1;08-03 16:11;4;08-03 16:11,08-03 16:12,08-03 16:26,08-03 16:27"
2026-08-03T16:28:00.000+01:00,"MAR1GSOPEN;EURJPY;A2;08-03 16:11;4;08-03 16:11,08-03 16:12,08-03 16:26,08-03 16:27"
2026-08-03T16:28:00.000+01:00,"MAR1GSOPEN;EURJPY;B1;08-03 16:11;4;08-03 16:11,08-03 16:12,08-03 16:26,08-03 16:27"
2026-08-03T16:28:00.000+01:00,"MAR1GSOPEN;EURJPY;B2;08-03 16:11;4;08-03 16:11,08-03 16:12,08-03 16:26,08-03 16:27"
2026-08-03T16:28:00.000+01:00,"MAR1GSOPEN;EURJPY;C1;08-03 16:12;3;08-03 16:12,08-03 16:26,08-03 16:27"
2026-08-03T16:28:00.000+01:00,"MAR1GSOPEN;EURJPY;C2;08-03 16:12;3;08-03 16:12,08-03 16:26,08-03 16:27"
2026-08-03T16:28:00.000+01:00,MAR1GSOPEN;EURJPY;D1;08-03 16:27;1;08-03 16:27
2026-08-03T16:29:00.000+01:00,"MAR1GSOPEN;EURJPY;A1;08-03 16:11;4;08-03 16:11,08-03 16:12,08-03 16:26,08-03 16:27"
2026-08-03T16:29:00.000+01:00,"MAR1GSOPEN;EURJPY;A2;08-03 16:11;4;08-03 16:11,08-03 16:12,08-03 16:26,08-03 16:27"
2026-08-03T16:29:00.000+01:00,"MAR1GSOPEN;EURJPY;B1;08-03 16:11;4;08-03 16:11,08-03 16:12,08-03 16:26,08-03 16:27"
2026-08-03T16:29:00.000+01:00,"MAR1GSOPEN;EURJPY;B2;08-03 16:11;4;08-03 16:11,08-03 16:12,08-03 16:26,08-03 16:27"
2026-08-03T16:29:00.000+01:00,"MAR1GSOPEN;EURJPY;C1;08-03 16:12;3;08-03 16:12,08-03 16:26,08-03 16:27"
2026-08-03T16:29:00.000+01:00,"MAR1GSOPEN;EURJPY;C2;08-03 16:12;3;08-03 16:12,08-03 16:26,08-03 16:27"
2026-08-03T16:29:00.000+01:00,MAR1GSOPEN;EURJPY;D1;08-03 16:27;1;08-03 16:27
2026-08-03T16:30:00.000+01:00,"MAR1GSOPEN;EURJPY;A1;08-03 16:11;4;08-03 16:11,08-03 16:12,08-03 16:26,08-03 16:27"
2026-08-03T16:30:00.000+01:00,"MAR1GSOPEN;EURJPY;A2;08-03 16:11;4;08-03 16:11,08-03 16:12,08-03 16:26,08-03 16:27"
2026-08-03T16:30:00.000+01:00,"MAR1GSOPEN;EURJPY;B1;08-03 16:11;4;08-03 16:11,08-03 16:12,08-03 16:26,08-03 16:27"
2026-08-03T16:30:00.000+01:00,"MAR1GSOPEN;EURJPY;B2;08-03 16:11;4;08-03 16:11,08-03 16:12,08-03 16:26,08-03 16:27"
2026-08-03T16:30:00.000+01:00,"MAR1GSOPEN;EURJPY;C1;08-03 16:12;3;08-03 16:12,08-03 16:26,08-03 16:27"
2026-08-03T16:30:00.000+01:00,"MAR1GSOPEN;EURJPY;C2;08-03 16:12;3;08-03 16:12,08-03 16:26,08-03 16:27"
2026-08-03T16:30:00.000+01:00,MAR1GSOPEN;EURJPY;D1;08-03 16:27;1;08-03 16:27
2026-08-03T16:31:00.000+01:00,"MAR1GSOPEN;EURJPY;A1;08-03 16:11;4;08-03 16:11,08-03 16:12,08-03 16:26,08-03 16:27"
2026-08-03T16:31:00.000+01:00,"MAR1GSOPEN;EURJPY;A2;08-03 16:11;4;08-03 16:11,08-03 16:12,08-03 16:26,08-03 16:27"
2026-08-03T16:31:00.000+01:00,"MAR1GSOPEN;EURJPY;B1;08-03 16:11;4;08-03 16:11,08-03 16:12,08-03 16:26,08-03 16:27"
2026-08-03T16:31:00.000+01:00,"MAR1GSOPEN;EURJPY;B2;08-03 16:11;4;08-03 16:11,08-03 16:12,08-03 16:26,08-03 16:27"
2026-08-03T16:31:00.000+01:00,"MAR1GSOPEN;EURJPY;C1;08-03 16:12;3;08-03 16:12,08-03 16:26,08-03 16:27"
2026-08-03T16:31:00.000+01:00,"MAR1GSOPEN;EURJPY;C2;08-03 16:12;3;08-03 16:12,08-03 16:26,08-03 16:27"
2026-08-03T16:31:00.000+01:00,MAR1GSOPEN;EURJPY;D1;08-03 16:27;1;08-03 16:27
2026-08-03T16:32:00.000+01:00,"MAR1GSOPEN;EURJPY;A1;08-03 16:11;4;08-03 16:11,08-03 16:12,08-03 16:26,08-03 16:27"
2026-08-03T16:32:00.000+01:00,"MAR1GSOPEN;EURJPY;A2;08-03 16:11;4;08-03 16:11,08-03 16:12,08-03 16:26,08-03 16:27"
2026-08-03T16:32:00.000+01:00,"MAR1GSOPEN;EURJPY;B1;08-03 16:11;4;08-03 16:11,08-03 16:12,08-03 16:26,08-03 16:27"
2026-08-03T16:32:00.000+01:00,"MAR1GSOPEN;EURJPY;B2;08-03 16:11;4;08-03 16:11,08-03 16:12,08-03 16:26,08-03 16:27"
2026-08-03T16:32:00.000+01:00,"MAR1GSOPEN;EURJPY;C1;08-03 16:12;3;08-03 16:12,08-03 16:26,08-03 16:27"
2026-08-03T16:32:00.000+01:00,"MAR1GSOPEN;EURJPY;C2;08-03 16:12;3;08-03 16:12,08-03 16:26,08-03 16:27"
2026-08-03T16:32:00.000+01:00,MAR1GSOPEN;EURJPY;D1;08-03 16:27;1;08-03 16:27
2026-08-03T16:33:00.000+01:00,"MAR1GSOPEN;EURJPY;A1;08-03 16:11;4;08-03 16:11,08-03 16:12,08-03 16:26,08-03 16:27"
2026-08-03T16:33:00.000+01:00,"MAR1GSOPEN;EURJPY;A2;08-03 16:11;4;08-03 16:11,08-03 16:12,08-03 16:26,08-03 16:27"
2026-08-03T16:33:00.000+01:00,"MAR1GSOPEN;EURJPY;B1;08-03 16:11;4;08-03 16:11,08-03 16:12,08-03 16:26,08-03 16:27"
2026-08-03T16:33:00.000+01:00,"MAR1GSOPEN;EURJPY;B2;08-03 16:11;4;08-03 16:11,08-03 16:12,08-03 16:26,08-03 16:27"
2026-08-03T16:33:00.000+01:00,"MAR1GSOPEN;EURJPY;C1;08-03 16:12;3;08-03 16:12,08-03 16:26,08-03 16:27"
2026-08-03T16:33:00.000+01:00,"MAR1GSOPEN;EURJPY;C2;08-03 16:12;3;08-03 16:12,08-03 16:26,08-03 16:27"
2026-08-03T16:33:00.000+01:00,MAR1GSOPEN;EURJPY;D1;08-03 16:27;1;08-03 16:27
2026-08-03T16:34:00.000+01:00,"MAR1GSCLOSE;EURJPY;A1;08-03 16:11;08-03 16:35;5;short;08-03 16:11,08-03 16:12,08-03 16:26,08-03 16:27,08-03 16:34"
2026-08-03T16:34:00.000+01:00,"MAR1GSCLOSE;EURJPY;A2;08-03 16:11;08-03 16:35;5;short;08-03 16:11,08-03 16:12,08-03 16:26,08-03 16:27,08-03 16:34"
2026-08-03T16:34:00.000+01:00,"MAR1GSCLOSE;EURJPY;B1;08-03 16:11;08-03 16:35;5;short;08-03 16:11,08-03 16:12,08-03 16:26,08-03 16:27,08-03 16:34"
2026-08-03T16:34:00.000+01:00,"MAR1GSCLOSE;EURJPY;B2;08-03 16:11;08-03 16:35;5;short;08-03 16:11,08-03 16:12,08-03 16:26,08-03 16:27,08-03 16:34"
2026-08-03T16:34:00.000+01:00,"MAR1GSCLOSE;EURJPY;C1;08-03 16:12;08-03 16:35;4;short;08-03 16:12,08-03 16:26,08-03 16:27,08-03 16:34"
2026-08-03T16:34:00.000+01:00,"MAR1GSCLOSE;EURJPY;C2;08-03 16:12;08-03 16:35;4;short;08-03 16:12,08-03 16:26,08-03 16:27,08-03 16:34"
2026-08-03T16:34:00.000+01:00,"MAR1GSCLOSE;EURJPY;D1;08-03 16:27;08-03 16:35;2;short;08-03 16:27,08-03 16:34"
2026-08-03T17:40:00.000+01:00,MAR1GSOPEN;EURJPY;A1;08-03 17:40;0;
2026-08-03T17:40:00.000+01:00,MAR1GSOPEN;EURJPY;A2;08-03 17:40;0;
2026-08-03T17:41:00.000+01:00,MAR1GSOPEN;EURJPY;A1;08-03 17:40;0;
2026-08-03T17:41:00.000+01:00,MAR1GSOPEN;EURJPY;A2;08-03 17:40;0;
2026-08-03T17:42:00.000+01:00,MAR1GSOPEN;EURJPY;A1;08-03 17:40;0;
2026-08-03T17:42:00.000+01:00,MAR1GSOPEN;EURJPY;A2;08-03 17:40;0;
2026-08-03T17:43:00.000+01:00,MAR1GSOPEN;EURJPY;A1;08-03 17:40;0;
2026-08-03T17:43:00.000+01:00,MAR1GSOPEN;EURJPY;A2;08-03 17:40;0;
2026-08-03T17:44:00.000+01:00,MAR1GSOPEN;EURJPY;A1;08-03 17:40;0;
2026-08-03T17:44:00.000+01:00,MAR1GSOPEN;EURJPY;A2;08-03 17:40;0;
2026-08-03T17:45:00.000+01:00,MAR1GSOPEN;EURJPY;A1;08-03 17:40;0;
2026-08-03T17:45:00.000+01:00,MAR1GSOPEN;EURJPY;A2;08-03 17:40;0;
2026-08-03T17:46:00.000+01:00,MAR1GSOPEN;EURJPY;A1;08-03 17:40;0;
2026-08-03T17:46:00.000+01:00,MAR1GSOPEN;EURJPY;A2;08-03 17:40;0;
2026-08-03T17:47:00.000+01:00,MAR1GSOPEN;EURJPY;A1;08-03 17:40;0;
2026-08-03T17:47:00.000+01:00,MAR1GSOPEN;EURJPY;A2;08-03 17:40;0;
2026-08-03T17:48:00.000+01:00,MAR1GSOPEN;EURJPY;A1;08-03 17:40;0;
2026-08-03T17:48:00.000+01:00,MAR1GSOPEN;EURJPY;A2;08-03 17:40;0;
2026-08-03T17:49:00.000+01:00,MAR1GSCLOSE;EURJPY;A1;08-03 17:49;08-03 17:50;1;short;08-03 17:49
2026-08-03T17:49:00.000+01:00,MAR1GSCLOSE;EURJPY;A2;08-03 17:49;08-03 17:50;1;short;08-03 17:49
2026-08-04T09:56:00.000+01:00,MAR1GSOPEN;EURJPY;B1;08-04 09:56;0;
2026-08-04T09:56:00.000+01:00,MAR1GSOPEN;EURJPY;B2;08-04 09:56;0;
2026-08-04T09:57:00.000+01:00,MAR1GSOPEN;EURJPY;B1;08-04 09:56;0;
2026-08-04T09:57:00.000+01:00,MAR1GSOPEN;EURJPY;B2;08-04 09:56;0;
2026-08-04T09:58:00.000+01:00,MAR1GSOPEN;EURJPY;B1;08-04 09:56;0;
2026-08-04T09:58:00.000+01:00,MAR1GSOPEN;EURJPY;B2;08-04 09:56;0;
2026-08-04T09:59:00.000+01:00,MAR1GSOPEN;EURJPY;B1;08-04 09:56;0;
2026-08-04T09:59:00.000+01:00,MAR1GSOPEN;EURJPY;B2;08-04 09:56;0;
2026-08-04T10:00:00.000+01:00,MAR1GSOPEN;EURJPY;B1;08-04 09:56;0;
2026-08-04T10:00:00.000+01:00,MAR1GSOPEN;EURJPY;B2;08-04 09:56;0;
2026-08-04T10:01:00.000+01:00,MAR1GSOPEN;EURJPY;B1;08-04 09:56;0;
2026-08-04T10:01:00.000+01:00,MAR1GSOPEN;EURJPY;B2;08-04 09:56;0;
2026-08-04T10:02:00.000+01:00,MAR1GSOPEN;EURJPY;B1;08-04 09:56;0;
2026-08-04T10:02:00.000+01:00,MAR1GSOPEN;EURJPY;B2;08-04 09:56;0;
2026-08-04T10:03:00.000+01:00,MAR1GSOPEN;EURJPY;B1;08-04 09:56;0;
2026-08-04T10:03:00.000+01:00,MAR1GSOPEN;EURJPY;B2;08-04 09:56;0;
2026-08-04T10:04:00.000+01:00,MAR1GSOPEN;EURJPY;B1;08-04 09:56;0;
2026-08-04T10:04:00.000+01:00,MAR1GSOPEN;EURJPY;B2;08-04 09:56;0;
2026-08-04T10:05:00.000+01:00,MAR1GSCLOSE;EURJPY;B1;08-04 10:05;08-04 10:06;1;long;08-04 10:05
2026-08-04T10:05:00.000+01:00,MAR1GSCLOSE;EURJPY;B2;08-04 10:05;08-04 10:06;1;long;08-04 10:05
2026-08-04T12:41:00.000+01:00,MAR1GSOPEN;EURJPY;A1;08-04 12:41;0;
2026-08-04T12:41:00.000+01:00,MAR1GSOPEN;EURJPY;A2;08-04 12:41;0;
2026-08-04T12:42:00.000+01:00,MAR1GSOPEN;EURJPY;A1;08-04 12:42;1;08-04 12:42
2026-08-04T12:42:00.000+01:00,MAR1GSOPEN;EURJPY;A2;08-04 12:42;1;08-04 12:42
2026-08-04T12:43:00.000+01:00,MAR1GSOPEN;EURJPY;A1;08-04 12:42;1;08-04 12:42
2026-08-04T12:43:00.000+01:00,MAR1GSOPEN;EURJPY;A2;08-04 12:42;1;08-04 12:42
2026-08-04T12:44:00.000+01:00,MAR1GSOPEN;EURJPY;A1;08-04 12:42;1;08-04 12:42
2026-08-04T12:44:00.000+01:00,MAR1GSOPEN;EURJPY;A2;08-04 12:42;1;08-04 12:42
2026-08-04T12:45:00.000+01:00,MAR1GSOPEN;EURJPY;A1;08-04 12:42;1;08-04 12:42
2026-08-04T12:45:00.000+01:00,MAR1GSOPEN;EURJPY;A2;08-04 12:42;1;08-04 12:42
2026-08-04T12:46:00.000+01:00,MAR1GSOPEN;EURJPY;A1;08-04 12:42;1;08-04 12:42
2026-08-04T12:46:00.000+01:00,MAR1GSOPEN;EURJPY;A2;08-04 12:42;1;08-04 12:42
2026-08-04T12:47:00.000+01:00,MAR1GSOPEN;EURJPY;A1;08-04 12:42;1;08-04 12:42
2026-08-04T12:47:00.000+01:00,MAR1GSOPEN;EURJPY;A2;08-04 12:42;1;08-04 12:42
2026-08-04T12:48:00.000+01:00,MAR1GSOPEN;EURJPY;A1;08-04 12:42;1;08-04 12:42
2026-08-04T12:48:00.000+01:00,MAR1GSOPEN;EURJPY;A2;08-04 12:42;1;08-04 12:42
2026-08-04T12:49:00.000+01:00,MAR1GSOPEN;EURJPY;A1;08-04 12:42;1;08-04 12:42
2026-08-04T12:49:00.000+01:00,MAR1GSOPEN;EURJPY;A2;08-04 12:42;1;08-04 12:42
2026-08-04T12:50:00.000+01:00,MAR1GSOPEN;EURJPY;A1;08-04 12:42;1;08-04 12:42
2026-08-04T12:50:00.000+01:00,MAR1GSOPEN;EURJPY;A2;08-04 12:42;1;08-04 12:42
2026-08-04T12:51:00.000+01:00,MAR1GSOPEN;EURJPY;A1;08-04 12:42;1;08-04 12:42
2026-08-04T12:51:00.000+01:00,MAR1GSOPEN;EURJPY;A2;08-04 12:42;1;08-04 12:42
2026-08-04T12:52:00.000+01:00,MAR1GSOPEN;EURJPY;A1;08-04 12:42;1;08-04 12:42
2026-08-04T12:52:00.000+01:00,MAR1GSOPEN;EURJPY;A2;08-04 12:42;1;08-04 12:42
2026-08-04T12:53:00.000+01:00,MAR1GSOPEN;EURJPY;A1;08-04 12:42;1;08-04 12:42
2026-08-04T12:53:00.000+01:00,MAR1GSOPEN;EURJPY;A2;08-04 12:42;1;08-04 12:42
2026-08-04T12:54:00.000+01:00,MAR1GSOPEN;EURJPY;A1;08-04 12:42;1;08-04 12:42
2026-08-04T12:54:00.000+01:00,MAR1GSOPEN;EURJPY;A2;08-04 12:42;1;08-04 12:42
2026-08-04T12:55:00.000+01:00,MAR1GSOPEN;EURJPY;A1;08-04 12:42;1;08-04 12:42
2026-08-04T12:55:00.000+01:00,MAR1GSOPEN;EURJPY;A2;08-04 12:42;1;08-04 12:42
2026-08-04T12:56:00.000+01:00,MAR1GSOPEN;EURJPY;A1;08-04 12:42;1;08-04 12:42
2026-08-04T12:56:00.000+01:00,MAR1GSOPEN;EURJPY;A2;08-04 12:42;1;08-04 12:42
2026-08-04T12:57:00.000+01:00,MAR1GSOPEN;EURJPY;A1;08-04 12:42;1;08-04 12:42
2026-08-04T12:57:00.000+01:00,MAR1GSOPEN;EURJPY;A2;08-04 12:42;1;08-04 12:42
2026-08-04T12:58:00.000+01:00,MAR1GSOPEN;EURJPY;A1;08-04 12:42;1;08-04 12:42
2026-08-04T12:58:00.000+01:00,MAR1GSOPEN;EURJPY;A2;08-04 12:42;1;08-04 12:42
2026-08-04T12:59:00.000+01:00,MAR1GSOPEN;EURJPY;A1;08-04 12:42;1;08-04 12:42
2026-08-04T12:59:00.000+01:00,MAR1GSOPEN;EURJPY;A2;08-04 12:42;1;08-04 12:42
2026-08-04T13:00:00.000+01:00,MAR1GSOPEN;EURJPY;A1;08-04 12:42;1;08-04 12:42
2026-08-04T13:00:00.000+01:00,MAR1GSOPEN;EURJPY;A2;08-04 12:42;1;08-04 12:42
2026-08-04T13:01:00.000+01:00,MAR1GSOPEN;EURJPY;A1;08-04 12:42;1;08-04 12:42
2026-08-04T13:01:00.000+01:00,MAR1GSOPEN;EURJPY;A2;08-04 12:42;1;08-04 12:42
2026-08-04T13:02:00.000+01:00,"MAR1GSCLOSE;EURJPY;A1;08-04 12:42;08-04 13:03;2;short;08-04 12:42,08-04 13:02"
2026-08-04T13:02:00.000+01:00,"MAR1GSCLOSE;EURJPY;A2;08-04 12:42;08-04 13:03;2;short;08-04 12:42,08-04 13:02"
2026-08-05T09:07:00.000+01:00,MAR1GSOPEN;EURJPY;A1;08-05 09:07;0;
2026-08-05T09:07:00.000+01:00,MAR1GSOPEN;EURJPY;A2;08-05 09:07;0;
2026-08-05T09:08:00.000+01:00,MAR1GSOPEN;EURJPY;A1;08-05 09:07;0;
2026-08-05T09:08:00.000+01:00,MAR1GSOPEN;EURJPY;A2;08-05 09:07;0;
2026-08-05T09:09:00.000+01:00,MAR1GSOPEN;EURJPY;A1;08-05 09:07;0;
2026-08-05T09:09:00.000+01:00,MAR1GSOPEN;EURJPY;A2;08-05 09:07;0;
2026-08-05T09:10:00.000+01:00,MAR1GSOPEN;EURJPY;A1;08-05 09:07;0;
2026-08-05T09:10:00.000+01:00,MAR1GSOPEN;EURJPY;A2;08-05 09:07;0;
2026-08-05T09:11:00.000+01:00,MAR1GSOPEN;EURJPY;A1;08-05 09:07;0;
2026-08-05T09:11:00.000+01:00,MAR1GSOPEN;EURJPY;A2;08-05 09:07;0;
2026-08-05T09:12:00.000+01:00,MAR1GSOPEN;EURJPY;A1;08-05 09:07;0;
2026-08-05T09:12:00.000+01:00,MAR1GSOPEN;EURJPY;A2;08-05 09:07;0;
2026-08-05T09:13:00.000+01:00,MAR1GSOPEN;EURJPY;A1;08-05 09:07;0;
2026-08-05T09:13:00.000+01:00,MAR1GSOPEN;EURJPY;A2;08-05 09:07;0;
2026-08-05T09:14:00.000+01:00,MAR1GSOPEN;EURJPY;A1;08-05 09:07;0;
2026-08-05T09:14:00.000+01:00,MAR1GSOPEN;EURJPY;A2;08-05 09:07;0;
2026-08-05T09:15:00.000+01:00,MAR1GSOPEN;EURJPY;A1;08-05 09:07;0;
2026-08-05T09:15:00.000+01:00,MAR1GSOPEN;EURJPY;A2;08-05 09:07;0;
2026-08-05T09:16:00.000+01:00,MAR1GSOPEN;EURJPY;A1;08-05 09:07;0;
2026-08-05T09:16:00.000+01:00,MAR1GSOPEN;EURJPY;A2;08-05 09:07;0;
2026-08-05T09:17:00.000+01:00,MAR1GSOPEN;EURJPY;A1;08-05 09:07;0;
2026-08-05T09:17:00.000+01:00,MAR1GSOPEN;EURJPY;A2;08-05 09:07;0;
2026-08-05T09:18:00.000+01:00,MAR1GSOPEN;EURJPY;A1;08-05 09:07;0;
2026-08-05T09:18:00.000+01:00,MAR1GSOPEN;EURJPY;A2;08-05 09:07;0;
2026-08-05T09:19:00.000+01:00,MAR1GSOPEN;EURJPY;A1;08-05 09:07;0;
2026-08-05T09:19:00.000+01:00,MAR1GSOPEN;EURJPY;A2;08-05 09:07;0;
2026-08-05T09:20:00.000+01:00,MAR1GSOPEN;EURJPY;A1;08-05 09:20;1;08-05 09:20
2026-08-05T09:20:00.000+01:00,MAR1GSOPEN;EURJPY;A2;08-05 09:20;1;08-05 09:20
2026-08-05T09:21:00.000+01:00,"MAR1GSCLOSE;EURJPY;A1;08-05 09:20;08-05 09:22;2;long;08-05 09:20,08-05 09:21"
2026-08-05T09:21:00.000+01:00,"MAR1GSCLOSE;EURJPY;A2;08-05 09:20;08-05 09:22;2;long;08-05 09:20,08-05 09:21"
2026-08-05T10:51:00.000+01:00,MAR1GSOPEN;EURJPY;A1;08-05 10:51;0;
2026-08-05T10:51:00.000+01:00,MAR1GSOPEN;EURJPY;A2;08-05 10:51;0;
2026-08-05T10:52:00.000+01:00,MAR1GSOPEN;EURJPY;A1;08-05 10:51;0;
2026-08-05T10:52:00.000+01:00,MAR1GSOPEN;EURJPY;A2;08-05 10:51;0;
2026-08-05T10:53:00.000+01:00,MAR1GSOPEN;EURJPY;A1;08-05 10:51;0;
2026-08-05T10:53:00.000+01:00,MAR1GSOPEN;EURJPY;A2;08-05 10:51;0;
2026-08-05T10:54:00.000+01:00,MAR1GSOPEN;EURJPY;A1;08-05 10:51;0;
2026-08-05T10:54:00.000+01:00,MAR1GSOPEN;EURJPY;A2;08-05 10:51;0;
2026-08-05T10:55:00.000+01:00,MAR1GSOPEN;EURJPY;A1;08-05 10:51;0;
2026-08-05T10:55:00.000+01:00,MAR1GSOPEN;EURJPY;A2;08-05 10:51;0;
2026-08-05T10:56:00.000+01:00,MAR1GSOPEN;EURJPY;A1;08-05 10:51;0;
2026-08-05T10:56:00.000+01:00,MAR1GSOPEN;EURJPY;A2;08-05 10:51;0;
2026-08-05T10:57:00.000+01:00,MAR1GSOPEN;EURJPY;A1;08-05 10:51;0;
2026-08-05T10:57:00.000+01:00,MAR1GSOPEN;EURJPY;A2;08-05 10:51;0;
2026-08-05T10:58:00.000+01:00,MAR1GSOPEN;EURJPY;A1;08-05 10:51;0;
2026-08-05T10:58:00.000+01:00,MAR1GSOPEN;EURJPY;A2;08-05 10:51;0;
2026-08-05T10:59:00.000+01:00,MAR1GSOPEN;EURJPY;A1;08-05 10:51;0;
2026-08-05T10:59:00.000+01:00,MAR1GSOPEN;EURJPY;A2;08-05 10:51;0;
2026-08-05T11:00:00.000+01:00,MAR1GSOPEN;EURJPY;A1;08-05 10:51;0;
2026-08-05T11:00:00.000+01:00,MAR1GSOPEN;EURJPY;A2;08-05 10:51;0;
2026-08-05T11:01:00.000+01:00,MAR1GSOPEN;EURJPY;A1;08-05 10:51;0;
2026-08-05T11:01:00.000+01:00,MAR1GSOPEN;EURJPY;A2;08-05 10:51;0;
2026-08-05T11:02:00.000+01:00,MAR1GSOPEN;EURJPY;A1;08-05 10:51;0;
2026-08-05T11:02:00.000+01:00,MAR1GSOPEN;EURJPY;A2;08-05 10:51;0;
2026-08-05T11:03:00.000+01:00,MAR1GSOPEN;EURJPY;A1;08-05 10:51;0;
2026-08-05T11:03:00.000+01:00,MAR1GSOPEN;EURJPY;A2;08-05 10:51;0;
2026-08-05T11:04:00.000+01:00,MAR1GSOPEN;EURJPY;A1;08-05 10:51;0;
2026-08-05T11:04:00.000+01:00,MAR1GSOPEN;EURJPY;A2;08-05 10:51;0;
2026-08-05T11:05:00.000+01:00,MAR1GSOPEN;EURJPY;A1;08-05 10:51;0;
2026-08-05T11:05:00.000+01:00,MAR1GSOPEN;EURJPY;A2;08-05 10:51;0;
2026-08-05T11:06:00.000+01:00,MAR1GSOPEN;EURJPY;A1;08-05 10:51;0;
2026-08-05T11:06:00.000+01:00,MAR1GSOPEN;EURJPY;A2;08-05 10:51;0;
2026-08-05T11:07:00.000+01:00,MAR1GSOPEN;EURJPY;A1;08-05 10:51;0;
2026-08-05T11:07:00.000+01:00,MAR1GSOPEN;EURJPY;A2;08-05 10:51;0;
2026-08-05T11:08:00.000+01:00,MAR1GSOPEN;EURJPY;A1;08-05 10:51;0;
2026-08-05T11:08:00.000+01:00,MAR1GSOPEN;EURJPY;A2;08-05 10:51;0;
2026-08-05T11:09:00.000+01:00,MAR1GSOPEN;EURJPY;A1;08-05 10:51;0;
2026-08-05T11:09:00.000+01:00,MAR1GSOPEN;EURJPY;A2;08-05 10:51;0;
2026-08-05T11:10:00.000+01:00,MAR1GSOPEN;EURJPY;A1;08-05 10:51;0;
2026-08-05T11:10:00.000+01:00,MAR1GSOPEN;EURJPY;A2;08-05 10:51;0;
2026-08-05T11:11:00.000+01:00,MAR1GSOPEN;EURJPY;A1;08-05 10:51;0;
2026-08-05T11:11:00.000+01:00,MAR1GSOPEN;EURJPY;A2;08-05 10:51;0;
2026-08-05T11:12:00.000+01:00,MAR1GSOPEN;EURJPY;A1;08-05 10:51;0;
2026-08-05T11:12:00.000+01:00,MAR1GSOPEN;EURJPY;A2;08-05 10:51;0;
2026-08-05T11:13:00.000+01:00,MAR1GSOPEN;EURJPY;A1;08-05 10:51;0;
2026-08-05T11:13:00.000+01:00,MAR1GSOPEN;EURJPY;A2;08-05 10:51;0;
2026-08-05T11:14:00.000+01:00,MAR1GSOPEN;EURJPY;A1;08-05 10:51;0;
2026-08-05T11:14:00.000+01:00,MAR1GSOPEN;EURJPY;A2;08-05 10:51;0;
2026-08-05T11:15:00.000+01:00,MAR1GSOPEN;EURJPY;A1;08-05 10:51;0;
2026-08-05T11:15:00.000+01:00,MAR1GSOPEN;EURJPY;A2;08-05 10:51;0;
2026-08-05T11:16:00.000+01:00,MAR1GSOPEN;EURJPY;A1;08-05 10:51;0;
2026-08-05T11:16:00.000+01:00,MAR1GSOPEN;EURJPY;A2;08-05 10:51;0;
2026-08-05T11:17:00.000+01:00,MAR1GSOPEN;EURJPY;A1;08-05 10:51;0;
2026-08-05T11:17:00.000+01:00,MAR1GSOPEN;EURJPY;A2;08-05 10:51;0;
2026-08-05T11:18:00.000+01:00,MAR1GSOPEN;EURJPY;A1;08-05 10:51;0;
2026-08-05T11:18:00.000+01:00,MAR1GSOPEN;EURJPY;A2;08-05 10:51;0;
2026-08-05T11:19:00.000+01:00,MAR1GSOPEN;EURJPY;A1;08-05 10:51;0;
2026-08-05T11:19:00.000+01:00,MAR1GSOPEN;EURJPY;A2;08-05 10:51;0;
2026-08-05T11:20:00.000+01:00,MAR1GSOPEN;EURJPY;A1;08-05 10:51;0;
2026-08-05T11:20:00.000+01:00,MAR1GSOPEN;EURJPY;A2;08-05 10:51;0;
2026-08-05T11:21:00.000+01:00,MAR1GSOPEN;EURJPY;A1;08-05 10:51;0;
2026-08-05T11:21:00.000+01:00,MAR1GSOPEN;EURJPY;A2;08-05 10:51;0;
2026-08-05T11:22:00.000+01:00,MAR1GSOPEN;EURJPY;A1;08-05 10:51;0;
2026-08-05T11:22:00.000+01:00,MAR1GSOPEN;EURJPY;A2;08-05 10:51;0;
2026-08-05T11:23:00.000+01:00,MAR1GSOPEN;EURJPY;A1;08-05 10:51;0;
2026-08-05T11:23:00.000+01:00,MAR1GSOPEN;EURJPY;A2;08-05 10:51;0;
2026-08-05T11:24:00.000+01:00,MAR1GSOPEN;EURJPY;A1;08-05 10:51;0;
2026-08-05T11:24:00.000+01:00,MAR1GSOPEN;EURJPY;A2;08-05 10:51;0;
2026-08-05T11:25:00.000+01:00,MAR1GSOPEN;EURJPY;A1;08-05 10:51;0;
2026-08-05T11:25:00.000+01:00,MAR1GSOPEN;EURJPY;A2;08-05 10:51;0;
2026-08-05T11:26:00.000+01:00,MAR1GSOPEN;EURJPY;A1;08-05 10:51;0;
2026-08-05T11:26:00.000+01:00,MAR1GSOPEN;EURJPY;A2;08-05 10:51;0;
2026-08-05T11:27:00.000+01:00,MAR1GSOPEN;EURJPY;A1;08-05 10:51;0;
2026-08-05T11:27:00.000+01:00,MAR1GSOPEN;EURJPY;A2;08-05 10:51;0;
2026-08-05T11:28:00.000+01:00,MAR1GSOPEN;EURJPY;A1;08-05 11:28;1;08-05 11:28
2026-08-05T11:28:00.000+01:00,MAR1GSOPEN;EURJPY;A2;08-05 11:28;1;08-05 11:28
2026-08-05T11:29:00.000+01:00,"MAR1GSOPEN;EURJPY;A1;08-05 11:28;2;08-05 11:28,08-05 11:29"
2026-08-05T11:29:00.000+01:00,"MAR1GSOPEN;EURJPY;A2;08-05 11:28;2;08-05 11:28,08-05 11:29"
2026-08-05T11:30:00.000+01:00,"MAR1GSOPEN;EURJPY;A1;08-05 11:28;2;08-05 11:28,08-05 11:29"
2026-08-05T11:30:00.000+01:00,"MAR1GSOPEN;EURJPY;A2;08-05 11:28;2;08-05 11:28,08-05 11:29"
2026-08-05T11:31:00.000+01:00,"MAR1GSOPEN;EURJPY;A1;08-05 11:28;2;08-05 11:28,08-05 11:29"
2026-08-05T11:31:00.000+01:00,"MAR1GSOPEN;EURJPY;A2;08-05 11:28;2;08-05 11:28,08-05 11:29"
2026-08-05T11:32:00.000+01:00,"MAR1GSOPEN;EURJPY;A1;08-05 11:28;2;08-05 11:28,08-05 11:29"
2026-08-05T11:32:00.000+01:00,"MAR1GSOPEN;EURJPY;A2;08-05 11:28;2;08-05 11:28,08-05 11:29"
2026-08-05T11:33:00.000+01:00,"MAR1GSOPEN;EURJPY;A1;08-05 11:28;2;08-05 11:28,08-05 11:29"
2026-08-05T11:33:00.000+01:00,"MAR1GSOPEN;EURJPY;A2;08-05 11:28;2;08-05 11:28,08-05 11:29"
2026-08-05T11:34:00.000+01:00,"MAR1GSOPEN;EURJPY;A1;08-05 11:28;2;08-05 11:28,08-05 11:29"
2026-08-05T11:34:00.000+01:00,"MAR1GSOPEN;EURJPY;A2;08-05 11:28;2;08-05 11:28,08-05 11:29"
2026-08-05T11:35:00.000+01:00,"MAR1GSOPEN;EURJPY;A1;08-05 11:28;2;08-05 11:28,08-05 11:29"
2026-08-05T11:35:00.000+01:00,"MAR1GSOPEN;EURJPY;A2;08-05 11:28;2;08-05 11:28,08-05 11:29"
2026-08-05T11:36:00.000+01:00,"MAR1GSOPEN;EURJPY;A1;08-05 11:28;2;08-05 11:28,08-05 11:29"
2026-08-05T11:36:00.000+01:00,"MAR1GSOPEN;EURJPY;A2;08-05 11:28;2;08-05 11:28,08-05 11:29"
2026-08-05T11:37:00.000+01:00,"MAR1GSOPEN;EURJPY;A1;08-05 11:28;2;08-05 11:28,08-05 11:29"
2026-08-05T11:37:00.000+01:00,"MAR1GSOPEN;EURJPY;A2;08-05 11:28;2;08-05 11:28,08-05 11:29"
2026-08-05T11:38:00.000+01:00,"MAR1GSOPEN;EURJPY;A1;08-05 11:28;2;08-05 11:28,08-05 11:29"
2026-08-05T11:38:00.000+01:00,"MAR1GSOPEN;EURJPY;A2;08-05 11:28;2;08-05 11:28,08-05 11:29"
2026-08-05T11:39:00.000+01:00,"MAR1GSOPEN;EURJPY;A1;08-05 11:28;2;08-05 11:28,08-05 11:29"
2026-08-05T11:39:00.000+01:00,"MAR1GSOPEN;EURJPY;A2;08-05 11:28;2;08-05 11:28,08-05 11:29"
2026-08-05T11:40:00.000+01:00,"MAR1GSOPEN;EURJPY;A1;08-05 11:28;2;08-05 11:28,08-05 11:29"
2026-08-05T11:40:00.000+01:00,"MAR1GSOPEN;EURJPY;A2;08-05 11:28;2;08-05 11:28,08-05 11:29"
2026-08-05T11:41:00.000+01:00,"MAR1GSOPEN;EURJPY;A1;08-05 11:28;2;08-05 11:28,08-05 11:29"
2026-08-05T11:41:00.000+01:00,"MAR1GSOPEN;EURJPY;A2;08-05 11:28;2;08-05 11:28,08-05 11:29"
2026-08-05T11:42:00.000+01:00,"MAR1GSOPEN;EURJPY;A1;08-05 11:28;2;08-05 11:28,08-05 11:29"
2026-08-05T11:42:00.000+01:00,"MAR1GSOPEN;EURJPY;A2;08-05 11:28;2;08-05 11:28,08-05 11:29"
2026-08-05T11:43:00.000+01:00,"MAR1GSOPEN;EURJPY;A1;08-05 11:28;2;08-05 11:28,08-05 11:29"
2026-08-05T11:43:00.000+01:00,"MAR1GSOPEN;EURJPY;A2;08-05 11:28;2;08-05 11:28,08-05 11:29"
2026-08-05T11:44:00.000+01:00,"MAR1GSOPEN;EURJPY;A1;08-05 11:28;2;08-05 11:28,08-05 11:29"
2026-08-05T11:44:00.000+01:00,"MAR1GSOPEN;EURJPY;A2;08-05 11:28;2;08-05 11:28,08-05 11:29"
2026-08-05T11:45:00.000+01:00,"MAR1GSOPEN;EURJPY;A1;08-05 11:28;2;08-05 11:28,08-05 11:29"
2026-08-05T11:45:00.000+01:00,"MAR1GSOPEN;EURJPY;A2;08-05 11:28;2;08-05 11:28,08-05 11:29"
2026-08-05T11:46:00.000+01:00,"MAR1GSOPEN;EURJPY;A1;08-05 11:28;2;08-05 11:28,08-05 11:29"
2026-08-05T11:46:00.000+01:00,"MAR1GSOPEN;EURJPY;A2;08-05 11:28;2;08-05 11:28,08-05 11:29"
2026-08-05T11:47:00.000+01:00,"MAR1GSOPEN;EURJPY;A1;08-05 11:28;2;08-05 11:28,08-05 11:29"
2026-08-05T11:47:00.000+01:00,"MAR1GSOPEN;EURJPY;A2;08-05 11:28;2;08-05 11:28,08-05 11:29"
2026-08-05T11:48:00.000+01:00,"MAR1GSOPEN;EURJPY;A1;08-05 11:28;2;08-05 11:28,08-05 11:29"
2026-08-05T11:48:00.000+01:00,"MAR1GSOPEN;EURJPY;A2;08-05 11:28;2;08-05 11:28,08-05 11:29"
2026-08-05T11:49:00.000+01:00,"MAR1GSOPEN;EURJPY;A1;08-05 11:28;2;08-05 11:28,08-05 11:29"
2026-08-05T11:49:00.000+01:00,"MAR1GSOPEN;EURJPY;A2;08-05 11:28;2;08-05 11:28,08-05 11:29"
2026-08-05T11:50:00.000+01:00,"MAR1GSOPEN;EURJPY;A1;08-05 11:28;2;08-05 11:28,08-05 11:29"
2026-08-05T11:50:00.000+01:00,"MAR1GSOPEN;EURJPY;A2;08-05 11:28;2;08-05 11:28,08-05 11:29"
2026-08-05T11:51:00.000+01:00,"MAR1GSOPEN;EURJPY;A1;08-05 11:28;2;08-05 11:28,08-05 11:29"
2026-08-05T11:51:00.000+01:00,"MAR1GSOPEN;EURJPY;A2;08-05 11:28;2;08-05 11:28,08-05 11:29"
2026-08-05T11:52:00.000+01:00,"MAR1GSOPEN;EURJPY;A1;08-05 11:28;2;08-05 11:28,08-05 11:29"
2026-08-05T11:52:00.000+01:00,"MAR1GSOPEN;EURJPY;A2;08-05 11:28;2;08-05 11:28,08-05 11:29"
2026-08-05T11:53:00.000+01:00,"MAR1GSOPEN;EURJPY;A1;08-05 11:28;2;08-05 11:28,08-05 11:29"
2026-08-05T11:53:00.000+01:00,"MAR1GSOPEN;EURJPY;A2;08-05 11:28;2;08-05 11:28,08-05 11:29"
2026-08-05T11:54:00.000+01:00,"MAR1GSOPEN;EURJPY;A1;08-05 11:28;2;08-05 11:28,08-05 11:29"
2026-08-05T11:54:00.000+01:00,"MAR1GSOPEN;EURJPY;A2;08-05 11:28;2;08-05 11:28,08-05 11:29"
2026-08-05T11:55:00.000+01:00,"MAR1GSOPEN;EURJPY;A1;08-05 11:28;3;08-05 11:28,08-05 11:29,08-05 11:55"
2026-08-05T11:55:00.000+01:00,"MAR1GSOPEN;EURJPY;A2;08-05 11:28;3;08-05 11:28,08-05 11:29,08-05 11:55"
2026-08-05T11:55:00.000+01:00,MAR1GSOPEN;EURJPY;B1;08-05 11:55;0;
2026-08-05T11:55:00.000+01:00,MAR1GSOPEN;EURJPY;B2;08-05 11:55;0;
2026-08-05T11:55:00.000+01:00,MAR1GSOPEN;EURJPY;D1;08-05 11:55;0;
2026-08-05T11:56:00.000+01:00,"MAR1GSOPEN;EURJPY;A1;08-05 11:28;3;08-05 11:28,08-05 11:29,08-05 11:55"
2026-08-05T11:56:00.000+01:00,"MAR1GSOPEN;EURJPY;A2;08-05 11:28;3;08-05 11:28,08-05 11:29,08-05 11:55"
2026-08-05T11:56:00.000+01:00,MAR1GSOPEN;EURJPY;B1;08-05 11:55;0;
2026-08-05T11:56:00.000+01:00,MAR1GSOPEN;EURJPY;B2;08-05 11:55;0;
2026-08-05T11:56:00.000+01:00,MAR1GSOPEN;EURJPY;D1;08-05 11:55;0;
2026-08-05T11:57:00.000+01:00,"MAR1GSOPEN;EURJPY;A1;08-05 11:28;3;08-05 11:28,08-05 11:29,08-05 11:55"
2026-08-05T11:57:00.000+01:00,"MAR1GSOPEN;EURJPY;A2;08-05 11:28;3;08-05 11:28,08-05 11:29,08-05 11:55"
2026-08-05T11:57:00.000+01:00,MAR1GSOPEN;EURJPY;B1;08-05 11:55;0;
2026-08-05T11:57:00.000+01:00,MAR1GSOPEN;EURJPY;B2;08-05 11:55;0;
2026-08-05T11:57:00.000+01:00,MAR1GSOPEN;EURJPY;D1;08-05 11:55;0;
2026-08-05T11:58:00.000+01:00,"MAR1GSOPEN;EURJPY;A1;08-05 11:28;3;08-05 11:28,08-05 11:29,08-05 11:55"
2026-08-05T11:58:00.000+01:00,"MAR1GSOPEN;EURJPY;A2;08-05 11:28;3;08-05 11:28,08-05 11:29,08-05 11:55"
2026-08-05T11:58:00.000+01:00,MAR1GSOPEN;EURJPY;B1;08-05 11:55;0;
2026-08-05T11:58:00.000+01:00,MAR1GSOPEN;EURJPY;B2;08-05 11:55;0;
2026-08-05T11:58:00.000+01:00,MAR1GSOPEN;EURJPY;D1;08-05 11:55;0;
2026-08-05T11:59:00.000+01:00,"MAR1GSOPEN;EURJPY;A1;08-05 11:28;3;08-05 11:28,08-05 11:29,08-05 11:55"
2026-08-05T11:59:00.000+01:00,"MAR1GSOPEN;EURJPY;A2;08-05 11:28;3;08-05 11:28,08-05 11:29,08-05 11:55"
2026-08-05T11:59:00.000+01:00,MAR1GSOPEN;EURJPY;B1;08-05 11:55;0;
2026-08-05T11:59:00.000+01:00,MAR1GSOPEN;EURJPY;B2;08-05 11:55;0;
2026-08-05T11:59:00.000+01:00,MAR1GSOPEN;EURJPY;D1;08-05 11:55;0;
2026-08-05T12:00:00.000+01:00,"MAR1GSOPEN;EURJPY;A1;08-05 11:28;3;08-05 11:28,08-05 11:29,08-05 11:55"
2026-08-05T12:00:00.000+01:00,"MAR1GSOPEN;EURJPY;A2;08-05 11:28;3;08-05 11:28,08-05 11:29,08-05 11:55"
2026-08-05T12:00:00.000+01:00,MAR1GSOPEN;EURJPY;B1;08-05 11:55;0;
2026-08-05T12:00:00.000+01:00,MAR1GSOPEN;EURJPY;B2;08-05 11:55;0;
2026-08-05T12:00:00.000+01:00,MAR1GSOPEN;EURJPY;D1;08-05 11:55;0;
2026-08-05T12:01:00.000+01:00,"MAR1GSOPEN;EURJPY;A1;08-05 11:28;3;08-05 11:28,08-05 11:29,08-05 11:55"
2026-08-05T12:01:00.000+01:00,"MAR1GSOPEN;EURJPY;A2;08-05 11:28;3;08-05 11:28,08-05 11:29,08-05 11:55"
2026-08-05T12:01:00.000+01:00,MAR1GSOPEN;EURJPY;B1;08-05 11:55;0;
2026-08-05T12:01:00.000+01:00,MAR1GSOPEN;EURJPY;B2;08-05 11:55;0;
2026-08-05T12:01:00.000+01:00,MAR1GSOPEN;EURJPY;D1;08-05 11:55;0;
2026-08-05T12:02:00.000+01:00,"MAR1GSOPEN;EURJPY;A1;08-05 11:28;3;08-05 11:28,08-05 11:29,08-05 11:55"
2026-08-05T12:02:00.000+01:00,"MAR1GSOPEN;EURJPY;A2;08-05 11:28;3;08-05 11:28,08-05 11:29,08-05 11:55"
2026-08-05T12:02:00.000+01:00,MAR1GSOPEN;EURJPY;B1;08-05 11:55;0;
2026-08-05T12:02:00.000+01:00,MAR1GSOPEN;EURJPY;B2;08-05 11:55;0;
2026-08-05T12:02:00.000+01:00,MAR1GSOPEN;EURJPY;D1;08-05 11:55;0;
2026-08-05T12:03:00.000+01:00,"MAR1GSOPEN;EURJPY;A1;08-05 11:28;3;08-05 11:28,08-05 11:29,08-05 11:55"
2026-08-05T12:03:00.000+01:00,"MAR1GSOPEN;EURJPY;A2;08-05 11:28;3;08-05 11:28,08-05 11:29,08-05 11:55"
2026-08-05T12:03:00.000+01:00,MAR1GSOPEN;EURJPY;B1;08-05 11:55;0;
2026-08-05T12:03:00.000+01:00,MAR1GSOPEN;EURJPY;B2;08-05 11:55;0;
2026-08-05T12:03:00.000+01:00,MAR1GSOPEN;EURJPY;D1;08-05 11:55;0;
2026-08-05T12:04:00.000+01:00,"MAR1GSOPEN;EURJPY;A1;08-05 11:28;3;08-05 11:28,08-05 11:29,08-05 11:55"
2026-08-05T12:04:00.000+01:00,"MAR1GSOPEN;EURJPY;A2;08-05 11:28;3;08-05 11:28,08-05 11:29,08-05 11:55"
2026-08-05T12:04:00.000+01:00,MAR1GSOPEN;EURJPY;B1;08-05 11:55;0;
2026-08-05T12:04:00.000+01:00,MAR1GSOPEN;EURJPY;B2;08-05 11:55;0;
2026-08-05T12:04:00.000+01:00,MAR1GSOPEN;EURJPY;D1;08-05 11:55;0;
2026-08-05T12:05:00.000+01:00,"MAR1GSOPEN;EURJPY;A1;08-05 11:28;3;08-05 11:28,08-05 11:29,08-05 11:55"
2026-08-05T12:05:00.000+01:00,"MAR1GSOPEN;EURJPY;A2;08-05 11:28;3;08-05 11:28,08-05 11:29,08-05 11:55"
2026-08-05T12:05:00.000+01:00,MAR1GSOPEN;EURJPY;B1;08-05 11:55;0;
2026-08-05T12:05:00.000+01:00,MAR1GSOPEN;EURJPY;B2;08-05 11:55;0;
2026-08-05T12:05:00.000+01:00,MAR1GSOPEN;EURJPY;D1;08-05 11:55;0;
2026-08-05T12:06:00.000+01:00,"MAR1GSOPEN;EURJPY;A1;08-05 11:28;3;08-05 11:28,08-05 11:29,08-05 11:55"
2026-08-05T12:06:00.000+01:00,"MAR1GSOPEN;EURJPY;A2;08-05 11:28;3;08-05 11:28,08-05 11:29,08-05 11:55"
2026-08-05T12:06:00.000+01:00,MAR1GSOPEN;EURJPY;B1;08-05 11:55;0;
2026-08-05T12:06:00.000+01:00,MAR1GSOPEN;EURJPY;B2;08-05 11:55;0;
2026-08-05T12:06:00.000+01:00,MAR1GSOPEN;EURJPY;D1;08-05 11:55;0;
2026-08-05T12:07:00.000+01:00,"MAR1GSOPEN;EURJPY;A1;08-05 11:28;3;08-05 11:28,08-05 11:29,08-05 11:55"
2026-08-05T12:07:00.000+01:00,"MAR1GSOPEN;EURJPY;A2;08-05 11:28;3;08-05 11:28,08-05 11:29,08-05 11:55"
2026-08-05T12:07:00.000+01:00,MAR1GSOPEN;EURJPY;B1;08-05 11:55;0;
2026-08-05T12:07:00.000+01:00,MAR1GSOPEN;EURJPY;B2;08-05 11:55;0;
2026-08-05T12:07:00.000+01:00,MAR1GSOPEN;EURJPY;D1;08-05 11:55;0;
2026-08-05T12:08:00.000+01:00,"MAR1GSOPEN;EURJPY;A1;08-05 11:28;3;08-05 11:28,08-05 11:29,08-05 11:55"
2026-08-05T12:08:00.000+01:00,"MAR1GSOPEN;EURJPY;A2;08-05 11:28;3;08-05 11:28,08-05 11:29,08-05 11:55"
2026-08-05T12:08:00.000+01:00,MAR1GSOPEN;EURJPY;B1;08-05 11:55;0;
2026-08-05T12:08:00.000+01:00,MAR1GSOPEN;EURJPY;B2;08-05 11:55;0;
2026-08-05T12:08:00.000+01:00,MAR1GSOPEN;EURJPY;D1;08-05 11:55;0;
2026-08-05T12:09:00.000+01:00,"MAR1GSOPEN;EURJPY;A1;08-05 11:28;3;08-05 11:28,08-05 11:29,08-05 11:55"
2026-08-05T12:09:00.000+01:00,"MAR1GSOPEN;EURJPY;A2;08-05 11:28;3;08-05 11:28,08-05 11:29,08-05 11:55"
2026-08-05T12:09:00.000+01:00,MAR1GSOPEN;EURJPY;B1;08-05 11:55;0;
2026-08-05T12:09:00.000+01:00,MAR1GSOPEN;EURJPY;B2;08-05 11:55;0;
2026-08-05T12:09:00.000+01:00,MAR1GSOPEN;EURJPY;D1;08-05 11:55;0;
2026-08-05T12:10:00.000+01:00,"MAR1GSOPEN;EURJPY;A1;08-05 11:28;3;08-05 11:28,08-05 11:29,08-05 11:55"
2026-08-05T12:10:00.000+01:00,"MAR1GSOPEN;EURJPY;A2;08-05 11:28;3;08-05 11:28,08-05 11:29,08-05 11:55"
2026-08-05T12:10:00.000+01:00,MAR1GSOPEN;EURJPY;B1;08-05 11:55;0;
2026-08-05T12:10:00.000+01:00,MAR1GSOPEN;EURJPY;B2;08-05 11:55;0;
2026-08-05T12:10:00.000+01:00,MAR1GSOPEN;EURJPY;D1;08-05 11:55;0;
2026-08-05T12:11:00.000+01:00,"MAR1GSOPEN;EURJPY;A1;08-05 11:28;3;08-05 11:28,08-05 11:29,08-05 11:55"
2026-08-05T12:11:00.000+01:00,"MAR1GSOPEN;EURJPY;A2;08-05 11:28;3;08-05 11:28,08-05 11:29,08-05 11:55"
2026-08-05T12:11:00.000+01:00,MAR1GSOPEN;EURJPY;B1;08-05 11:55;0;
2026-08-05T12:11:00.000+01:00,MAR1GSOPEN;EURJPY;B2;08-05 11:55;0;
2026-08-05T12:11:00.000+01:00,MAR1GSOPEN;EURJPY;D1;08-05 11:55;0;
2026-08-05T12:12:00.000+01:00,"MAR1GSOPEN;EURJPY;A1;08-05 11:28;3;08-05 11:28,08-05 11:29,08-05 11:55"
2026-08-05T12:12:00.000+01:00,"MAR1GSOPEN;EURJPY;A2;08-05 11:28;3;08-05 11:28,08-05 11:29,08-05 11:55"
2026-08-05T12:12:00.000+01:00,MAR1GSOPEN;EURJPY;B1;08-05 11:55;0;
2026-08-05T12:12:00.000+01:00,MAR1GSOPEN;EURJPY;B2;08-05 11:55;0;
2026-08-05T12:12:00.000+01:00,MAR1GSOPEN;EURJPY;D1;08-05 11:55;0;
2026-08-05T12:13:00.000+01:00,"MAR1GSOPEN;EURJPY;A1;08-05 11:28;3;08-05 11:28,08-05 11:29,08-05 11:55"
2026-08-05T12:13:00.000+01:00,"MAR1GSOPEN;EURJPY;A2;08-05 11:28;3;08-05 11:28,08-05 11:29,08-05 11:55"
2026-08-05T12:13:00.000+01:00,MAR1GSOPEN;EURJPY;B1;08-05 11:55;0;
2026-08-05T12:13:00.000+01:00,MAR1GSOPEN;EURJPY;B2;08-05 11:55;0;
2026-08-05T12:13:00.000+01:00,MAR1GSOPEN;EURJPY;D1;08-05 11:55;0;
2026-08-05T12:14:00.000+01:00,"MAR1GSOPEN;EURJPY;A1;08-05 11:28;3;08-05 11:28,08-05 11:29,08-05 11:55"
2026-08-05T12:14:00.000+01:00,"MAR1GSOPEN;EURJPY;A2;08-05 11:28;3;08-05 11:28,08-05 11:29,08-05 11:55"
2026-08-05T12:14:00.000+01:00,MAR1GSOPEN;EURJPY;B1;08-05 11:55;0;
2026-08-05T12:14:00.000+01:00,MAR1GSOPEN;EURJPY;B2;08-05 11:55;0;
2026-08-05T12:14:00.000+01:00,MAR1GSOPEN;EURJPY;D1;08-05 11:55;0;
2026-08-05T12:15:00.000+01:00,"MAR1GSOPEN;EURJPY;A1;08-05 11:28;3;08-05 11:28,08-05 11:29,08-05 11:55"
2026-08-05T12:15:00.000+01:00,"MAR1GSOPEN;EURJPY;A2;08-05 11:28;3;08-05 11:28,08-05 11:29,08-05 11:55"
2026-08-05T12:15:00.000+01:00,MAR1GSOPEN;EURJPY;B1;08-05 11:55;0;
2026-08-05T12:15:00.000+01:00,MAR1GSOPEN;EURJPY;B2;08-05 11:55;0;
2026-08-05T12:15:00.000+01:00,MAR1GSOPEN;EURJPY;D1;08-05 11:55;0;
2026-08-05T12:16:00.000+01:00,"MAR1GSOPEN;EURJPY;A1;08-05 11:28;3;08-05 11:28,08-05 11:29,08-05 11:55"
2026-08-05T12:16:00.000+01:00,"MAR1GSOPEN;EURJPY;A2;08-05 11:28;3;08-05 11:28,08-05 11:29,08-05 11:55"
2026-08-05T12:16:00.000+01:00,MAR1GSOPEN;EURJPY;B1;08-05 11:55;0;
2026-08-05T12:16:00.000+01:00,MAR1GSOPEN;EURJPY;B2;08-05 11:55;0;
2026-08-05T12:16:00.000+01:00,MAR1GSOPEN;EURJPY;D1;08-05 11:55;0;
2026-08-05T12:17:00.000+01:00,"MAR1GSOPEN;EURJPY;A1;08-05 11:28;3;08-05 11:28,08-05 11:29,08-05 11:55"
2026-08-05T12:17:00.000+01:00,"MAR1GSOPEN;EURJPY;A2;08-05 11:28;3;08-05 11:28,08-05 11:29,08-05 11:55"
2026-08-05T12:17:00.000+01:00,MAR1GSOPEN;EURJPY;B1;08-05 11:55;0;
2026-08-05T12:17:00.000+01:00,MAR1GSOPEN;EURJPY;B2;08-05 11:55;0;
2026-08-05T12:17:00.000+01:00,MAR1GSOPEN;EURJPY;D1;08-05 11:55;0;
2026-08-05T12:18:00.000+01:00,"MAR1GSOPEN;EURJPY;A1;08-05 11:28;3;08-05 11:28,08-05 11:29,08-05 11:55"
2026-08-05T12:18:00.000+01:00,"MAR1GSOPEN;EURJPY;A2;08-05 11:28;3;08-05 11:28,08-05 11:29,08-05 11:55"
2026-08-05T12:18:00.000+01:00,MAR1GSOPEN;EURJPY;B1;08-05 11:55;0;
2026-08-05T12:18:00.000+01:00,MAR1GSOPEN;EURJPY;B2;08-05 11:55;0;
2026-08-05T12:18:00.000+01:00,MAR1GSOPEN;EURJPY;D1;08-05 11:55;0;
2026-08-05T12:19:00.000+01:00,"MAR1GSOPEN;EURJPY;A1;08-05 11:28;3;08-05 11:28,08-05 11:29,08-05 11:55"
2026-08-05T12:19:00.000+01:00,"MAR1GSOPEN;EURJPY;A2;08-05 11:28;3;08-05 11:28,08-05 11:29,08-05 11:55"
2026-08-05T12:19:00.000+01:00,MAR1GSOPEN;EURJPY;B1;08-05 11:55;0;
2026-08-05T12:19:00.000+01:00,MAR1GSOPEN;EURJPY;B2;08-05 11:55;0;
2026-08-05T12:19:00.000+01:00,MAR1GSOPEN;EURJPY;D1;08-05 11:55;0;
2026-08-05T12:20:00.000+01:00,"MAR1GSOPEN;EURJPY;A1;08-05 11:28;3;08-05 11:28,08-05 11:29,08-05 11:55"
2026-08-05T12:20:00.000+01:00,"MAR1GSOPEN;EURJPY;A2;08-05 11:28;3;08-05 11:28,08-05 11:29,08-05 11:55"
2026-08-05T12:20:00.000+01:00,MAR1GSOPEN;EURJPY;B1;08-05 11:55;0;
2026-08-05T12:20:00.000+01:00,MAR1GSOPEN;EURJPY;B2;08-05 11:55;0;
2026-08-05T12:20:00.000+01:00,MAR1GSOPEN;EURJPY;D1;08-05 11:55;0;
2026-08-05T12:21:00.000+01:00,"MAR1GSCLOSE;EURJPY;A1;08-05 11:28;08-05 12:22;4;short;08-05 11:28,08-05 11:29,08-05 11:55,08-05 12:21"
2026-08-05T12:21:00.000+01:00,"MAR1GSCLOSE;EURJPY;A2;08-05 11:28;08-05 12:22;4;short;08-05 11:28,08-05 11:29,08-05 11:55,08-05 12:21"
2026-08-05T12:21:00.000+01:00,MAR1GSCLOSE;EURJPY;B1;08-05 12:21;08-05 12:22;1;short;08-05 12:21
2026-08-05T12:21:00.000+01:00,MAR1GSCLOSE;EURJPY;B2;08-05 12:21;08-05 12:22;1;short;08-05 12:21
2026-08-05T12:21:00.000+01:00,MAR1GSCLOSE;EURJPY;D1;08-05 12:21;08-05 12:22;1;short;08-05 12:21
2026-08-05T16:17:00.000+01:00,MAR1GSOPEN;EURJPY;A1;08-05 16:17;0;
2026-08-05T16:17:00.000+01:00,MAR1GSOPEN;EURJPY;A2;08-05 16:17;0;
2026-08-05T16:18:00.000+01:00,MAR1GSOPEN;EURJPY;A1;08-05 16:17;0;
2026-08-05T16:18:00.000+01:00,MAR1GSOPEN;EURJPY;A2;08-05 16:17;0;
2026-08-05T16:19:00.000+01:00,MAR1GSOPEN;EURJPY;A1;08-05 16:17;0;
2026-08-05T16:19:00.000+01:00,MAR1GSOPEN;EURJPY;A2;08-05 16:17;0;
2026-08-05T16:20:00.000+01:00,MAR1GSOPEN;EURJPY;A1;08-05 16:17;0;
2026-08-05T16:20:00.000+01:00,MAR1GSOPEN;EURJPY;A2;08-05 16:17;0;
2026-08-05T16:21:00.000+01:00,MAR1GSOPEN;EURJPY;A1;08-05 16:17;0;
2026-08-05T16:21:00.000+01:00,MAR1GSOPEN;EURJPY;A2;08-05 16:17;0;
2026-08-05T16:22:00.000+01:00,MAR1GSOPEN;EURJPY;A1;08-05 16:17;0;
2026-08-05T16:22:00.000+01:00,MAR1GSOPEN;EURJPY;A2;08-05 16:17;0;
2026-08-05T16:23:00.000+01:00,MAR1GSOPEN;EURJPY;A1;08-05 16:17;0;
2026-08-05T16:23:00.000+01:00,MAR1GSOPEN;EURJPY;A2;08-05 16:17;0;
2026-08-05T16:24:00.000+01:00,MAR1GSOPEN;EURJPY;A1;08-05 16:17;0;
2026-08-05T16:24:00.000+01:00,MAR1GSOPEN;EURJPY;A2;08-05 16:17;0;
2026-08-05T16:25:00.000+01:00,MAR1GSOPEN;EURJPY;A1;08-05 16:17;0;
2026-08-05T16:25:00.000+01:00,MAR1GSOPEN;EURJPY;A2;08-05 16:17;0;
2026-08-05T16:26:00.000+01:00,MAR1GSOPEN;EURJPY;A1;08-05 16:17;0;
2026-08-05T16:26:00.000+01:00,MAR1GSOPEN;EURJPY;A2;08-05 16:17;0;
2026-08-05T16:27:00.000+01:00,MAR1GSOPEN;EURJPY;A1;08-05 16:17;0;
2026-08-05T16:27:00.000+01:00,MAR1GSOPEN;EURJPY;A2;08-05 16:17;0;
2026-08-05T16:28:00.000+01:00,MAR1GSOPEN;EURJPY;A1;08-05 16:17;0;
2026-08-05T16:28:00.000+01:00,MAR1GSOPEN;EURJPY;A2;08-05 16:17;0;
2026-08-05T16:29:00.000+01:00,MAR1GSOPEN;EURJPY;A1;08-05 16:17;0;
2026-08-05T16:29:00.000+01:00,MAR1GSOPEN;EURJPY;A2;08-05 16:17;0;
2026-08-05T16:30:00.000+01:00,MAR1GSOPEN;EURJPY;A1;08-05 16:17;0;
2026-08-05T16:30:00.000+01:00,MAR1GSOPEN;EURJPY;A2;08-05 16:17;0;
2026-08-05T16:31:00.000+01:00,MAR1GSOPEN;EURJPY;A1;08-05 16:17;0;
2026-08-05T16:31:00.000+01:00,MAR1GSOPEN;EURJPY;A2;08-05 16:17;0;
2026-08-05T16:32:00.000+01:00,MAR1GSOPEN;EURJPY;A1;08-05 16:17;0;
2026-08-05T16:32:00.000+01:00,MAR1GSOPEN;EURJPY;A2;08-05 16:17;0;
2026-08-05T16:33:00.000+01:00,MAR1GSOPEN;EURJPY;A1;08-05 16:17;0;
2026-08-05T16:33:00.000+01:00,MAR1GSOPEN;EURJPY;A2;08-05 16:17;0;
2026-08-05T16:34:00.000+01:00,MAR1GSOPEN;EURJPY;A1;08-05 16:17;0;
2026-08-05T16:34:00.000+01:00,MAR1GSOPEN;EURJPY;A2;08-05 16:17;0;
2026-08-05T16:35:00.000+01:00,MAR1GSOPEN;EURJPY;A1;08-05 16:17;0;
2026-08-05T16:35:00.000+01:00,MAR1GSOPEN;EURJPY;A2;08-05 16:17;0;
2026-08-05T16:36:00.000+01:00,MAR1GSOPEN;EURJPY;A1;08-05 16:17;0;
2026-08-05T16:36:00.000+01:00,MAR1GSOPEN;EURJPY;A2;08-05 16:17;0;
2026-08-05T16:37:00.000+01:00,MAR1GSOPEN;EURJPY;A1;08-05 16:17;0;
2026-08-05T16:37:00.000+01:00,MAR1GSOPEN;EURJPY;A2;08-05 16:17;0;
2026-08-05T16:38:00.000+01:00,MAR1GSOPEN;EURJPY;A1;08-05 16:17;0;
2026-08-05T16:38:00.000+01:00,MAR1GSOPEN;EURJPY;A2;08-05 16:17;0;
2026-08-05T16:39:00.000+01:00,MAR1GSOPEN;EURJPY;A1;08-05 16:17;0;
2026-08-05T16:39:00.000+01:00,MAR1GSOPEN;EURJPY;A2;08-05 16:17;0;
2026-08-05T16:40:00.000+01:00,MAR1GSOPEN;EURJPY;A1;08-05 16:17;0;
2026-08-05T16:40:00.000+01:00,MAR1GSOPEN;EURJPY;A2;08-05 16:17;0;
2026-08-05T16:41:00.000+01:00,MAR1GSCLOSE;EURJPY;A1;08-05 16:41;08-05 16:42;1;long;08-05 16:41
2026-08-05T16:41:00.000+01:00,MAR1GSCLOSE;EURJPY;A2;08-05 16:41;08-05 16:42;1;long;08-05 16:41
2026-08-05T17:37:00.000+01:00,MAR1GSOPEN;EURJPY;A1;08-05 17:37;0;
2026-08-05T17:37:00.000+01:00,MAR1GSOPEN;EURJPY;A2;08-05 17:37;0;
2026-08-05T17:38:00.000+01:00,MAR1GSOPEN;EURJPY;A1;08-05 17:37;0;
2026-08-05T17:38:00.000+01:00,MAR1GSOPEN;EURJPY;A2;08-05 17:37;0;
2026-08-05T17:39:00.000+01:00,MAR1GSOPEN;EURJPY;A1;08-05 17:37;0;
2026-08-05T17:39:00.000+01:00,MAR1GSOPEN;EURJPY;A2;08-05 17:37;0;
2026-08-05T17:40:00.000+01:00,MAR1GSOPEN;EURJPY;A1;08-05 17:37;0;
2026-08-05T17:40:00.000+01:00,MAR1GSOPEN;EURJPY;A2;08-05 17:37;0;
2026-08-05T17:41:00.000+01:00,MAR1GSOPEN;EURJPY;A1;08-05 17:37;0;
2026-08-05T17:41:00.000+01:00,MAR1GSOPEN;EURJPY;A2;08-05 17:37;0;
2026-08-05T17:42:00.000+01:00,MAR1GSOPEN;EURJPY;A1;08-05 17:37;0;
2026-08-05T17:42:00.000+01:00,MAR1GSOPEN;EURJPY;A2;08-05 17:37;0;
2026-08-05T17:43:00.000+01:00,MAR1GSOPEN;EURJPY;A1;08-05 17:37;0;
2026-08-05T17:43:00.000+01:00,MAR1GSOPEN;EURJPY;A2;08-05 17:37;0;
2026-08-05T17:44:00.000+01:00,MAR1GSOPEN;EURJPY;A1;08-05 17:37;0;
2026-08-05T17:44:00.000+01:00,MAR1GSOPEN;EURJPY;A2;08-05 17:37;0;
2026-08-05T17:45:00.000+01:00,MAR1GSOPEN;EURJPY;A1;08-05 17:37;0;
2026-08-05T17:45:00.000+01:00,MAR1GSOPEN;EURJPY;A2;08-05 17:37;0;
2026-08-05T17:46:00.000+01:00,MAR1GSOPEN;EURJPY;A1;08-05 17:37;0;
2026-08-05T17:46:00.000+01:00,MAR1GSOPEN;EURJPY;A2;08-05 17:37;0;
2026-08-05T17:47:00.000+01:00,MAR1GSOPEN;EURJPY;A1;08-05 17:37;0;
2026-08-05T17:47:00.000+01:00,MAR1GSOPEN;EURJPY;A2;08-05 17:37;0;
2026-08-05T17:48:00.000+01:00,MAR1GSOPEN;EURJPY;A1;08-05 17:37;0;
2026-08-05T17:48:00.000+01:00,MAR1GSOPEN;EURJPY;A2;08-05 17:37;0;
2026-08-05T17:49:00.000+01:00,MAR1GSOPEN;EURJPY;A1;08-05 17:37;0;
2026-08-05T17:49:00.000+01:00,MAR1GSOPEN;EURJPY;A2;08-05 17:37;0;
2026-08-05T17:50:00.000+01:00,MAR1GSOPEN;EURJPY;A1;08-05 17:37;0;
2026-08-05T17:50:00.000+01:00,MAR1GSOPEN;EURJPY;A2;08-05 17:37;0;
2026-08-05T17:51:00.000+01:00,MAR1GSOPEN;EURJPY;A1;08-05 17:37;0;
2026-08-05T17:51:00.000+01:00,MAR1GSOPEN;EURJPY;A2;08-05 17:37;0;
2026-08-05T17:52:00.000+01:00,MAR1GSOPEN;EURJPY;A1;08-05 17:37;0;
2026-08-05T17:52:00.000+01:00,MAR1GSOPEN;EURJPY;A2;08-05 17:37;0;
2026-08-05T17:53:00.000+01:00,MAR1GSOPEN;EURJPY;A1;08-05 17:37;0;
2026-08-05T17:53:00.000+01:00,MAR1GSOPEN;EURJPY;A2;08-05 17:37;0;
2026-08-05T17:54:00.000+01:00,MAR1GSOPEN;EURJPY;A1;08-05 17:37;0;
2026-08-05T17:54:00.000+01:00,MAR1GSOPEN;EURJPY;A2;08-05 17:37;0;
2026-08-05T17:55:00.000+01:00,MAR1GSOPEN;EURJPY;A1;08-05 17:37;0;
2026-08-05T17:55:00.000+01:00,MAR1GSOPEN;EURJPY;A2;08-05 17:37;0;
2026-08-05T17:56:00.000+01:00,MAR1GSOPEN;EURJPY;A1;08-05 17:37;0;
2026-08-05T17:56:00.000+01:00,MAR1GSOPEN;EURJPY;A2;08-05 17:37;0;
2026-08-05T17:57:00.000+01:00,MAR1GSCLOSE;EURJPY;A1;08-05 17:57;08-05 17:58;1;long;08-05 17:57
2026-08-05T17:57:00.000+01:00,MAR1GSCLOSE;EURJPY;A2;08-05 17:57;08-05 17:58;1;long;08-05 17:57
2026-08-06T10:34:00.000+01:00,MAR1GSOPEN;EURJPY;B1;08-06 10:34;0;
2026-08-06T10:34:00.000+01:00,MAR1GSOPEN;EURJPY;B2;08-06 10:34;0;
2026-08-06T10:35:00.000+01:00,MAR1GSOPEN;EURJPY;B1;08-06 10:34;0;
2026-08-06T10:35:00.000+01:00,MAR1GSOPEN;EURJPY;B2;08-06 10:34;0;
2026-08-06T10:36:00.000+01:00,MAR1GSOPEN;EURJPY;B1;08-06 10:34;0;
2026-08-06T10:36:00.000+01:00,MAR1GSOPEN;EURJPY;B2;08-06 10:34;0;
2026-08-06T10:37:00.000+01:00,MAR1GSOPEN;EURJPY;B1;08-06 10:34;0;
2026-08-06T10:37:00.000+01:00,MAR1GSOPEN;EURJPY;B2;08-06 10:34;0;
2026-08-06T10:38:00.000+01:00,MAR1GSOPEN;EURJPY;B1;08-06 10:34;0;
2026-08-06T10:38:00.000+01:00,MAR1GSOPEN;EURJPY;B2;08-06 10:34;0;
2026-08-06T10:39:00.000+01:00,MAR1GSOPEN;EURJPY;B1;08-06 10:34;0;
2026-08-06T10:39:00.000+01:00,MAR1GSOPEN;EURJPY;B2;08-06 10:34;0;
2026-08-06T10:40:00.000+01:00,MAR1GSOPEN;EURJPY;B1;08-06 10:34;0;
2026-08-06T10:40:00.000+01:00,MAR1GSOPEN;EURJPY;B2;08-06 10:34;0;
2026-08-06T10:41:00.000+01:00,MAR1GSOPEN;EURJPY;B1;08-06 10:34;0;
2026-08-06T10:41:00.000+01:00,MAR1GSOPEN;EURJPY;B2;08-06 10:34;0;
2026-08-06T10:42:00.000+01:00,MAR1GSOPEN;EURJPY;B1;08-06 10:34;0;
2026-08-06T10:42:00.000+01:00,MAR1GSOPEN;EURJPY;B2;08-06 10:34;0;
2026-08-06T10:43:00.000+01:00,MAR1GSOPEN;EURJPY;B1;08-06 10:34;0;
2026-08-06T10:43:00.000+01:00,MAR1GSOPEN;EURJPY;B2;08-06 10:34;0;
2026-08-06T10:44:00.000+01:00,MAR1GSOPEN;EURJPY;B1;08-06 10:34;0;
2026-08-06T10:44:00.000+01:00,MAR1GSOPEN;EURJPY;B2;08-06 10:34;0;
2026-08-06T10:45:00.000+01:00,MAR1GSOPEN;EURJPY;B1;08-06 10:34;0;
2026-08-06T10:45:00.000+01:00,MAR1GSOPEN;EURJPY;B2;08-06 10:34;0;
2026-08-06T10:46:00.000+01:00,MAR1GSOPEN;EURJPY;A1;08-06 10:46;0;
2026-08-06T10:46:00.000+01:00,MAR1GSOPEN;EURJPY;A2;08-06 10:46;0;
2026-08-06T10:46:00.000+01:00,MAR1GSOPEN;EURJPY;B1;08-06 10:46;1;08-06 10:46
2026-08-06T10:46:00.000+01:00,MAR1GSOPEN;EURJPY;B2;08-06 10:46;1;08-06 10:46
2026-08-06T10:46:00.000+01:00,MAR1GSOPEN;EURJPY;C1;08-06 10:46;0;
2026-08-06T10:46:00.000+01:00,MAR1GSOPEN;EURJPY;C2;08-06 10:46;0;
2026-08-06T10:47:00.000+01:00,MAR1GSOPEN;EURJPY;A1;08-06 10:46;0;
2026-08-06T10:47:00.000+01:00,MAR1GSOPEN;EURJPY;A2;08-06 10:46;0;
2026-08-06T10:47:00.000+01:00,MAR1GSOPEN;EURJPY;B1;08-06 10:46;1;08-06 10:46
2026-08-06T10:47:00.000+01:00,MAR1GSOPEN;EURJPY;B2;08-06 10:46;1;08-06 10:46
2026-08-06T10:47:00.000+01:00,MAR1GSOPEN;EURJPY;C1;08-06 10:46;0;
2026-08-06T10:47:00.000+01:00,MAR1GSOPEN;EURJPY;C2;08-06 10:46;0;
2026-08-06T10:48:00.000+01:00,MAR1GSOPEN;EURJPY;A1;08-06 10:46;0;
2026-08-06T10:48:00.000+01:00,MAR1GSOPEN;EURJPY;A2;08-06 10:46;0;
2026-08-06T10:48:00.000+01:00,MAR1GSOPEN;EURJPY;B1;08-06 10:46;1;08-06 10:46
2026-08-06T10:48:00.000+01:00,MAR1GSOPEN;EURJPY;B2;08-06 10:46;1;08-06 10:46
2026-08-06T10:48:00.000+01:00,MAR1GSOPEN;EURJPY;C1;08-06 10:46;0;
2026-08-06T10:48:00.000+01:00,MAR1GSOPEN;EURJPY;C2;08-06 10:46;0;
2026-08-06T10:49:00.000+01:00,MAR1GSOPEN;EURJPY;A1;08-06 10:46;0;
2026-08-06T10:49:00.000+01:00,MAR1GSOPEN;EURJPY;A2;08-06 10:46;0;
2026-08-06T10:49:00.000+01:00,MAR1GSOPEN;EURJPY;B1;08-06 10:46;1;08-06 10:46
2026-08-06T10:49:00.000+01:00,MAR1GSOPEN;EURJPY;B2;08-06 10:46;1;08-06 10:46
2026-08-06T10:49:00.000+01:00,MAR1GSOPEN;EURJPY;C1;08-06 10:46;0;
2026-08-06T10:49:00.000+01:00,MAR1GSOPEN;EURJPY;C2;08-06 10:46;0;
2026-08-06T10:50:00.000+01:00,MAR1GSOPEN;EURJPY;A1;08-06 10:46;0;
2026-08-06T10:50:00.000+01:00,MAR1GSOPEN;EURJPY;A2;08-06 10:46;0;
2026-08-06T10:50:00.000+01:00,MAR1GSOPEN;EURJPY;B1;08-06 10:46;1;08-06 10:46
2026-08-06T10:50:00.000+01:00,MAR1GSOPEN;EURJPY;B2;08-06 10:46;1;08-06 10:46
2026-08-06T10:50:00.000+01:00,MAR1GSOPEN;EURJPY;C1;08-06 10:46;0;
2026-08-06T10:50:00.000+01:00,MAR1GSOPEN;EURJPY;C2;08-06 10:46;0;
2026-08-06T10:51:00.000+01:00,MAR1GSOPEN;EURJPY;A1;08-06 10:46;0;
2026-08-06T10:51:00.000+01:00,MAR1GSOPEN;EURJPY;A2;08-06 10:46;0;
2026-08-06T10:51:00.000+01:00,MAR1GSOPEN;EURJPY;B1;08-06 10:46;1;08-06 10:46
2026-08-06T10:51:00.000+01:00,MAR1GSOPEN;EURJPY;B2;08-06 10:46;1;08-06 10:46
2026-08-06T10:51:00.000+01:00,MAR1GSOPEN;EURJPY;C1;08-06 10:46;0;
2026-08-06T10:51:00.000+01:00,MAR1GSOPEN;EURJPY;C2;08-06 10:46;0;
2026-08-06T10:52:00.000+01:00,MAR1GSOPEN;EURJPY;A1;08-06 10:46;0;
2026-08-06T10:52:00.000+01:00,MAR1GSOPEN;EURJPY;A2;08-06 10:46;0;
2026-08-06T10:52:00.000+01:00,MAR1GSOPEN;EURJPY;B1;08-06 10:46;1;08-06 10:46
2026-08-06T10:52:00.000+01:00,MAR1GSOPEN;EURJPY;B2;08-06 10:46;1;08-06 10:46
2026-08-06T10:52:00.000+01:00,MAR1GSOPEN;EURJPY;C1;08-06 10:46;0;
2026-08-06T10:52:00.000+01:00,MAR1GSOPEN;EURJPY;C2;08-06 10:46;0;
2026-08-06T10:53:00.000+01:00,MAR1GSOPEN;EURJPY;A1;08-06 10:53;1;08-06 10:53
2026-08-06T10:53:00.000+01:00,MAR1GSOPEN;EURJPY;A2;08-06 10:53;1;08-06 10:53
2026-08-06T10:53:00.000+01:00,MAR1GSOPEN;EURJPY;B1;08-06 10:46;1;08-06 10:46
2026-08-06T10:53:00.000+01:00,MAR1GSOPEN;EURJPY;B2;08-06 10:46;1;08-06 10:46
2026-08-06T10:53:00.000+01:00,MAR1GSOPEN;EURJPY;C1;08-06 10:46;0;
2026-08-06T10:53:00.000+01:00,MAR1GSOPEN;EURJPY;C2;08-06 10:46;0;
2026-08-06T10:54:00.000+01:00,"MAR1GSCLOSE;EURJPY;A1;08-06 10:53;08-06 10:55;2;short;08-06 10:53,08-06 10:54"
2026-08-06T10:54:00.000+01:00,"MAR1GSCLOSE;EURJPY;A2;08-06 10:53;08-06 10:55;2;short;08-06 10:53,08-06 10:54"
2026-08-06T10:54:00.000+01:00,MAR1GSOPEN;EURJPY;B1;08-06 10:46;1;08-06 10:46
2026-08-06T10:54:00.000+01:00,MAR1GSOPEN;EURJPY;B2;08-06 10:46;1;08-06 10:46
2026-08-06T10:54:00.000+01:00,MAR1GSOPEN;EURJPY;C1;08-06 10:46;0;
2026-08-06T10:54:00.000+01:00,MAR1GSOPEN;EURJPY;C2;08-06 10:46;0;
2026-08-06T10:55:00.000+01:00,MAR1GSOPEN;EURJPY;B1;08-06 10:46;1;08-06 10:46
2026-08-06T10:55:00.000+01:00,MAR1GSOPEN;EURJPY;B2;08-06 10:46;1;08-06 10:46
2026-08-06T10:55:00.000+01:00,MAR1GSOPEN;EURJPY;C1;08-06 10:46;0;
2026-08-06T10:55:00.000+01:00,MAR1GSOPEN;EURJPY;C2;08-06 10:46;0;
2026-08-06T10:56:00.000+01:00,MAR1GSOPEN;EURJPY;B1;08-06 10:46;1;08-06 10:46
2026-08-06T10:56:00.000+01:00,MAR1GSOPEN;EURJPY;B2;08-06 10:46;1;08-06 10:46
2026-08-06T10:56:00.000+01:00,MAR1GSOPEN;EURJPY;C1;08-06 10:46;0;
2026-08-06T10:56:00.000+01:00,MAR1GSOPEN;EURJPY;C2;08-06 10:46;0;
2026-08-06T10:57:00.000+01:00,MAR1GSOPEN;EURJPY;B1;08-06 10:46;1;08-06 10:46
2026-08-06T10:57:00.000+01:00,MAR1GSOPEN;EURJPY;B2;08-06 10:46;1;08-06 10:46
2026-08-06T10:57:00.000+01:00,MAR1GSOPEN;EURJPY;C1;08-06 10:46;0;
2026-08-06T10:57:00.000+01:00,MAR1GSOPEN;EURJPY;C2;08-06 10:46;0;
2026-08-06T10:58:00.000+01:00,MAR1GSOPEN;EURJPY;B1;08-06 10:46;1;08-06 10:46
2026-08-06T10:58:00.000+01:00,MAR1GSOPEN;EURJPY;B2;08-06 10:46;1;08-06 10:46
2026-08-06T10:58:00.000+01:00,MAR1GSOPEN;EURJPY;C1;08-06 10:46;0;
2026-08-06T10:58:00.000+01:00,MAR1GSOPEN;EURJPY;C2;08-06 10:46;0;
2026-08-06T10:59:00.000+01:00,MAR1GSOPEN;EURJPY;B1;08-06 10:46;1;08-06 10:46
2026-08-06T10:59:00.000+01:00,MAR1GSOPEN;EURJPY;B2;08-06 10:46;1;08-06 10:46
2026-08-06T10:59:00.000+01:00,MAR1GSOPEN;EURJPY;C1;08-06 10:46;0;
2026-08-06T10:59:00.000+01:00,MAR1GSOPEN;EURJPY;C2;08-06 10:46;0;
2026-08-06T11:00:00.000+01:00,MAR1GSOPEN;EURJPY;B1;08-06 10:46;1;08-06 10:46
2026-08-06T11:00:00.000+01:00,MAR1GSOPEN;EURJPY;B2;08-06 10:46;1;08-06 10:46
2026-08-06T11:00:00.000+01:00,MAR1GSOPEN;EURJPY;C1;08-06 10:46;0;
2026-08-06T11:00:00.000+01:00,MAR1GSOPEN;EURJPY;C2;08-06 10:46;0;
2026-08-06T11:01:00.000+01:00,MAR1GSOPEN;EURJPY;B1;08-06 10:46;1;08-06 10:46
2026-08-06T11:01:00.000+01:00,MAR1GSOPEN;EURJPY;B2;08-06 10:46;1;08-06 10:46
2026-08-06T11:01:00.000+01:00,MAR1GSOPEN;EURJPY;C1;08-06 10:46;0;
2026-08-06T11:01:00.000+01:00,MAR1GSOPEN;EURJPY;C2;08-06 10:46;0;
2026-08-06T11:02:00.000+01:00,MAR1GSOPEN;EURJPY;B1;08-06 10:46;1;08-06 10:46
2026-08-06T11:02:00.000+01:00,MAR1GSOPEN;EURJPY;B2;08-06 10:46;1;08-06 10:46
2026-08-06T11:02:00.000+01:00,MAR1GSOPEN;EURJPY;C1;08-06 10:46;0;
2026-08-06T11:02:00.000+01:00,MAR1GSOPEN;EURJPY;C2;08-06 10:46;0;
2026-08-06T11:03:00.000+01:00,MAR1GSOPEN;EURJPY;B1;08-06 10:46;1;08-06 10:46
2026-08-06T11:03:00.000+01:00,MAR1GSOPEN;EURJPY;B2;08-06 10:46;1;08-06 10:46
2026-08-06T11:03:00.000+01:00,MAR1GSOPEN;EURJPY;C1;08-06 10:46;0;
2026-08-06T11:03:00.000+01:00,MAR1GSOPEN;EURJPY;C2;08-06 10:46;0;
2026-08-06T11:04:00.000+01:00,MAR1GSOPEN;EURJPY;B1;08-06 10:46;1;08-06 10:46
2026-08-06T11:04:00.000+01:00,MAR1GSOPEN;EURJPY;B2;08-06 10:46;1;08-06 10:46
2026-08-06T11:04:00.000+01:00,MAR1GSOPEN;EURJPY;C1;08-06 10:46;0;
2026-08-06T11:04:00.000+01:00,MAR1GSOPEN;EURJPY;C2;08-06 10:46;0;
2026-08-06T11:05:00.000+01:00,MAR1GSOPEN;EURJPY;B1;08-06 10:46;1;08-06 10:46
2026-08-06T11:05:00.000+01:00,MAR1GSOPEN;EURJPY;B2;08-06 10:46;1;08-06 10:46
2026-08-06T11:05:00.000+01:00,MAR1GSOPEN;EURJPY;C1;08-06 10:46;0;
2026-08-06T11:05:00.000+01:00,MAR1GSOPEN;EURJPY;C2;08-06 10:46;0;
2026-08-06T11:06:00.000+01:00,MAR1GSOPEN;EURJPY;B1;08-06 10:46;1;08-06 10:46
2026-08-06T11:06:00.000+01:00,MAR1GSOPEN;EURJPY;B2;08-06 10:46;1;08-06 10:46
2026-08-06T11:06:00.000+01:00,MAR1GSOPEN;EURJPY;C1;08-06 10:46;0;
2026-08-06T11:06:00.000+01:00,MAR1GSOPEN;EURJPY;C2;08-06 10:46;0;
2026-08-06T11:07:00.000+01:00,MAR1GSOPEN;EURJPY;B1;08-06 10:46;1;08-06 10:46
2026-08-06T11:07:00.000+01:00,MAR1GSOPEN;EURJPY;B2;08-06 10:46;1;08-06 10:46
2026-08-06T11:07:00.000+01:00,MAR1GSOPEN;EURJPY;C1;08-06 10:46;0;
2026-08-06T11:07:00.000+01:00,MAR1GSOPEN;EURJPY;C2;08-06 10:46;0;
2026-08-06T11:08:00.000+01:00,MAR1GSOPEN;EURJPY;B1;08-06 10:46;1;08-06 10:46
2026-08-06T11:08:00.000+01:00,MAR1GSOPEN;EURJPY;B2;08-06 10:46;1;08-06 10:46
2026-08-06T11:08:00.000+01:00,MAR1GSOPEN;EURJPY;C1;08-06 10:46;0;
2026-08-06T11:08:00.000+01:00,MAR1GSOPEN;EURJPY;C2;08-06 10:46;0;
2026-08-06T11:09:00.000+01:00,MAR1GSOPEN;EURJPY;B1;08-06 10:46;1;08-06 10:46
2026-08-06T11:09:00.000+01:00,MAR1GSOPEN;EURJPY;B2;08-06 10:46;1;08-06 10:46
2026-08-06T11:09:00.000+01:00,MAR1GSOPEN;EURJPY;C1;08-06 10:46;0;
2026-08-06T11:09:00.000+01:00,MAR1GSOPEN;EURJPY;C2;08-06 10:46;0;
2026-08-06T11:10:00.000+01:00,MAR1GSOPEN;EURJPY;B1;08-06 10:46;1;08-06 10:46
2026-08-06T11:10:00.000+01:00,MAR1GSOPEN;EURJPY;B2;08-06 10:46;1;08-06 10:46
2026-08-06T11:10:00.000+01:00,MAR1GSOPEN;EURJPY;C1;08-06 10:46;0;
2026-08-06T11:10:00.000+01:00,MAR1GSOPEN;EURJPY;C2;08-06 10:46;0;
2026-08-06T11:11:00.000+01:00,MAR1GSOPEN;EURJPY;B1;08-06 10:46;1;08-06 10:46
2026-08-06T11:11:00.000+01:00,MAR1GSOPEN;EURJPY;B2;08-06 10:46;1;08-06 10:46
2026-08-06T11:11:00.000+01:00,MAR1GSOPEN;EURJPY;C1;08-06 10:46;0;
2026-08-06T11:11:00.000+01:00,MAR1GSOPEN;EURJPY;C2;08-06 10:46;0;
2026-08-06T11:12:00.000+01:00,MAR1GSOPEN;EURJPY;B1;08-06 10:46;1;08-06 10:46
2026-08-06T11:12:00.000+01:00,MAR1GSOPEN;EURJPY;B2;08-06 10:46;1;08-06 10:46
2026-08-06T11:12:00.000+01:00,MAR1GSOPEN;EURJPY;C1;08-06 10:46;0;
2026-08-06T11:12:00.000+01:00,MAR1GSOPEN;EURJPY;C2;08-06 10:46;0;
2026-08-06T11:13:00.000+01:00,MAR1GSOPEN;EURJPY;B1;08-06 10:46;1;08-06 10:46
2026-08-06T11:13:00.000+01:00,MAR1GSOPEN;EURJPY;B2;08-06 10:46;1;08-06 10:46
2026-08-06T11:13:00.000+01:00,MAR1GSOPEN;EURJPY;C1;08-06 10:46;0;
2026-08-06T11:13:00.000+01:00,MAR1GSOPEN;EURJPY;C2;08-06 10:46;0;
2026-08-06T11:14:00.000+01:00,MAR1GSOPEN;EURJPY;B1;08-06 10:46;1;08-06 10:46
2026-08-06T11:14:00.000+01:00,MAR1GSOPEN;EURJPY;B2;08-06 10:46;1;08-06 10:46
2026-08-06T11:14:00.000+01:00,MAR1GSOPEN;EURJPY;C1;08-06 10:46;0;
2026-08-06T11:14:00.000+01:00,MAR1GSOPEN;EURJPY;C2;08-06 10:46;0;
2026-08-06T11:15:00.000+01:00,MAR1GSOPEN;EURJPY;B1;08-06 10:46;1;08-06 10:46
2026-08-06T11:15:00.000+01:00,MAR1GSOPEN;EURJPY;B2;08-06 10:46;1;08-06 10:46
2026-08-06T11:15:00.000+01:00,MAR1GSOPEN;EURJPY;C1;08-06 10:46;0;
2026-08-06T11:15:00.000+01:00,MAR1GSOPEN;EURJPY;C2;08-06 10:46;0;
2026-08-06T11:16:00.000+01:00,MAR1GSOPEN;EURJPY;B1;08-06 10:46;1;08-06 10:46
2026-08-06T11:16:00.000+01:00,MAR1GSOPEN;EURJPY;B2;08-06 10:46;1;08-06 10:46
2026-08-06T11:16:00.000+01:00,MAR1GSOPEN;EURJPY;C1;08-06 10:46;0;
2026-08-06T11:16:00.000+01:00,MAR1GSOPEN;EURJPY;C2;08-06 10:46;0;
2026-08-06T11:17:00.000+01:00,MAR1GSOPEN;EURJPY;B1;08-06 10:46;1;08-06 10:46
2026-08-06T11:17:00.000+01:00,MAR1GSOPEN;EURJPY;B2;08-06 10:46;1;08-06 10:46
2026-08-06T11:17:00.000+01:00,MAR1GSOPEN;EURJPY;C1;08-06 10:46;0;
2026-08-06T11:17:00.000+01:00,MAR1GSOPEN;EURJPY;C2;08-06 10:46;0;
2026-08-06T11:18:00.000+01:00,MAR1GSOPEN;EURJPY;B1;08-06 10:46;1;08-06 10:46
2026-08-06T11:18:00.000+01:00,MAR1GSOPEN;EURJPY;B2;08-06 10:46;1;08-06 10:46
2026-08-06T11:18:00.000+01:00,MAR1GSOPEN;EURJPY;C1;08-06 10:46;0;
2026-08-06T11:18:00.000+01:00,MAR1GSOPEN;EURJPY;C2;08-06 10:46;0;
2026-08-06T11:19:00.000+01:00,MAR1GSOPEN;EURJPY;B1;08-06 10:46;1;08-06 10:46
2026-08-06T11:19:00.000+01:00,MAR1GSOPEN;EURJPY;B2;08-06 10:46;1;08-06 10:46
2026-08-06T11:19:00.000+01:00,MAR1GSOPEN;EURJPY;C1;08-06 10:46;0;
2026-08-06T11:19:00.000+01:00,MAR1GSOPEN;EURJPY;C2;08-06 10:46;0;
2026-08-06T11:20:00.000+01:00,MAR1GSOPEN;EURJPY;B1;08-06 10:46;1;08-06 10:46
2026-08-06T11:20:00.000+01:00,MAR1GSOPEN;EURJPY;B2;08-06 10:46;1;08-06 10:46
2026-08-06T11:20:00.000+01:00,MAR1GSOPEN;EURJPY;C1;08-06 10:46;0;
2026-08-06T11:20:00.000+01:00,MAR1GSOPEN;EURJPY;C2;08-06 10:46;0;
2026-08-06T11:21:00.000+01:00,MAR1GSOPEN;EURJPY;B1;08-06 10:46;1;08-06 10:46
2026-08-06T11:21:00.000+01:00,MAR1GSOPEN;EURJPY;B2;08-06 10:46;1;08-06 10:46
2026-08-06T11:21:00.000+01:00,MAR1GSOPEN;EURJPY;C1;08-06 10:46;0;
2026-08-06T11:21:00.000+01:00,MAR1GSOPEN;EURJPY;C2;08-06 10:46;0;
2026-08-06T11:22:00.000+01:00,MAR1GSOPEN;EURJPY;B1;08-06 10:46;1;08-06 10:46
2026-08-06T11:22:00.000+01:00,MAR1GSOPEN;EURJPY;B2;08-06 10:46;1;08-06 10:46
2026-08-06T11:22:00.000+01:00,MAR1GSOPEN;EURJPY;C1;08-06 10:46;0;
2026-08-06T11:22:00.000+01:00,MAR1GSOPEN;EURJPY;C2;08-06 10:46;0;
2026-08-06T11:23:00.000+01:00,MAR1GSOPEN;EURJPY;B1;08-06 10:46;1;08-06 10:46
2026-08-06T11:23:00.000+01:00,MAR1GSOPEN;EURJPY;B2;08-06 10:46;1;08-06 10:46
2026-08-06T11:23:00.000+01:00,MAR1GSOPEN;EURJPY;C1;08-06 10:46;0;
2026-08-06T11:23:00.000+01:00,MAR1GSOPEN;EURJPY;C2;08-06 10:46;0;
2026-08-06T11:24:00.000+01:00,MAR1GSOPEN;EURJPY;B1;08-06 10:46;1;08-06 10:46
2026-08-06T11:24:00.000+01:00,MAR1GSOPEN;EURJPY;B2;08-06 10:46;1;08-06 10:46
2026-08-06T11:24:00.000+01:00,MAR1GSOPEN;EURJPY;C1;08-06 10:46;0;
2026-08-06T11:24:00.000+01:00,MAR1GSOPEN;EURJPY;C2;08-06 10:46;0;
2026-08-06T11:25:00.000+01:00,MAR1GSOPEN;EURJPY;B1;08-06 10:46;1;08-06 10:46
2026-08-06T11:25:00.000+01:00,MAR1GSOPEN;EURJPY;B2;08-06 10:46;1;08-06 10:46
2026-08-06T11:25:00.000+01:00,MAR1GSOPEN;EURJPY;C1;08-06 10:46;0;
2026-08-06T11:25:00.000+01:00,MAR1GSOPEN;EURJPY;C2;08-06 10:46;0;
2026-08-06T11:26:00.000+01:00,"MAR1GSCLOSE;EURJPY;B1;08-06 10:46;08-06 11:27;2;long;08-06 10:46,08-06 11:26"
2026-08-06T11:26:00.000+01:00,"MAR1GSCLOSE;EURJPY;B2;08-06 10:46;08-06 11:27;2;long;08-06 10:46,08-06 11:26"
2026-08-06T11:26:00.000+01:00,MAR1GSCLOSE;EURJPY;C1;08-06 11:26;08-06 11:27;1;long;08-06 11:26
2026-08-06T11:26:00.000+01:00,MAR1GSCLOSE;EURJPY;C2;08-06 11:26;08-06 11:27;1;long;08-06 11:26
2026-08-06T13:56:00.000+01:00,MAR1GSOPEN;EURJPY;A1;08-06 13:56;0;
2026-08-06T13:56:00.000+01:00,MAR1GSOPEN;EURJPY;A2;08-06 13:56;0;
2026-08-06T13:57:00.000+01:00,MAR1GSOPEN;EURJPY;A1;08-06 13:56;0;
2026-08-06T13:57:00.000+01:00,MAR1GSOPEN;EURJPY;A2;08-06 13:56;0;
2026-08-06T13:58:00.000+01:00,MAR1GSOPEN;EURJPY;A1;08-06 13:56;0;
2026-08-06T13:58:00.000+01:00,MAR1GSOPEN;EURJPY;A2;08-06 13:56;0;
2026-08-06T13:59:00.000+01:00,MAR1GSOPEN;EURJPY;A1;08-06 13:56;0;
2026-08-06T13:59:00.000+01:00,MAR1GSOPEN;EURJPY;A2;08-06 13:56;0;
2026-08-06T14:00:00.000+01:00,MAR1GSOPEN;EURJPY;A1;08-06 13:56;0;
2026-08-06T14:00:00.000+01:00,MAR1GSOPEN;EURJPY;A2;08-06 13:56;0;
2026-08-06T14:01:00.000+01:00,MAR1GSOPEN;EURJPY;A1;08-06 13:56;0;
2026-08-06T14:01:00.000+01:00,MAR1GSOPEN;EURJPY;A2;08-06 13:56;0;
2026-08-06T14:02:00.000+01:00,MAR1GSOPEN;EURJPY;A1;08-06 13:56;0;
2026-08-06T14:02:00.000+01:00,MAR1GSOPEN;EURJPY;A2;08-06 13:56;0;
2026-08-06T14:03:00.000+01:00,MAR1GSOPEN;EURJPY;A1;08-06 13:56;0;
2026-08-06T14:03:00.000+01:00,MAR1GSOPEN;EURJPY;A2;08-06 13:56;0;
2026-08-06T14:04:00.000+01:00,MAR1GSOPEN;EURJPY;A1;08-06 13:56;0;
2026-08-06T14:04:00.000+01:00,MAR1GSOPEN;EURJPY;A2;08-06 13:56;0;
2026-08-06T14:05:00.000+01:00,MAR1GSOPEN;EURJPY;A1;08-06 13:56;0;
2026-08-06T14:05:00.000+01:00,MAR1GSOPEN;EURJPY;A2;08-06 13:56;0;
2026-08-06T14:06:00.000+01:00,MAR1GSOPEN;EURJPY;A1;08-06 13:56;0;
2026-08-06T14:06:00.000+01:00,MAR1GSOPEN;EURJPY;A2;08-06 13:56;0;
2026-08-06T14:07:00.000+01:00,MAR1GSOPEN;EURJPY;A1;08-06 13:56;0;
2026-08-06T14:07:00.000+01:00,MAR1GSOPEN;EURJPY;A2;08-06 13:56;0;
2026-08-06T14:08:00.000+01:00,MAR1GSOPEN;EURJPY;A1;08-06 13:56;0;
2026-08-06T14:08:00.000+01:00,MAR1GSOPEN;EURJPY;A2;08-06 13:56;0;
2026-08-06T14:09:00.000+01:00,MAR1GSOPEN;EURJPY;A1;08-06 13:56;0;
2026-08-06T14:09:00.000+01:00,MAR1GSOPEN;EURJPY;A2;08-06 13:56;0;
2026-08-06T14:10:00.000+01:00,MAR1GSOPEN;EURJPY;A1;08-06 13:56;0;
2026-08-06T14:10:00.000+01:00,MAR1GSOPEN;EURJPY;A2;08-06 13:56;0;
2026-08-06T14:11:00.000+01:00,MAR1GSOPEN;EURJPY;A1;08-06 13:56;0;
2026-08-06T14:11:00.000+01:00,MAR1GSOPEN;EURJPY;A2;08-06 13:56;0;
2026-08-06T14:12:00.000+01:00,MAR1GSOPEN;EURJPY;A1;08-06 13:56;0;
2026-08-06T14:12:00.000+01:00,MAR1GSOPEN;EURJPY;A2;08-06 13:56;0;
2026-08-06T14:13:00.000+01:00,MAR1GSOPEN;EURJPY;A1;08-06 13:56;0;
2026-08-06T14:13:00.000+01:00,MAR1GSOPEN;EURJPY;A2;08-06 13:56;0;
2026-08-06T14:14:00.000+01:00,MAR1GSOPEN;EURJPY;A1;08-06 13:56;0;
2026-08-06T14:14:00.000+01:00,MAR1GSOPEN;EURJPY;A2;08-06 13:56;0;
2026-08-06T14:15:00.000+01:00,MAR1GSOPEN;EURJPY;A1;08-06 13:56;0;
2026-08-06T14:15:00.000+01:00,MAR1GSOPEN;EURJPY;A2;08-06 13:56;0;
2026-08-06T14:16:00.000+01:00,MAR1GSOPEN;EURJPY;A1;08-06 13:56;0;
2026-08-06T14:16:00.000+01:00,MAR1GSOPEN;EURJPY;A2;08-06 13:56;0;
2026-08-06T14:17:00.000+01:00,MAR1GSOPEN;EURJPY;A1;08-06 13:56;0;
2026-08-06T14:17:00.000+01:00,MAR1GSOPEN;EURJPY;A2;08-06 13:56;0;
2026-08-06T14:18:00.000+01:00,MAR1GSOPEN;EURJPY;A1;08-06 13:56;0;
2026-08-06T14:18:00.000+01:00,MAR1GSOPEN;EURJPY;A2;08-06 13:56;0;
2026-08-06T14:19:00.000+01:00,MAR1GSOPEN;EURJPY;A1;08-06 13:56;0;
2026-08-06T14:19:00.000+01:00,MAR1GSOPEN;EURJPY;A2;08-06 13:56;0;
2026-08-06T14:20:00.000+01:00,MAR1GSOPEN;EURJPY;A1;08-06 13:56;0;
2026-08-06T14:20:00.000+01:00,MAR1GSOPEN;EURJPY;A2;08-06 13:56;0;
2026-08-06T14:21:00.000+01:00,MAR1GSOPEN;EURJPY;A1;08-06 13:56;0;
2026-08-06T14:21:00.000+01:00,MAR1GSOPEN;EURJPY;A2;08-06 13:56;0;
2026-08-06T14:22:00.000+01:00,MAR1GSOPEN;EURJPY;A1;08-06 13:56;0;
2026-08-06T14:22:00.000+01:00,MAR1GSOPEN;EURJPY;A2;08-06 13:56;0;
2026-08-06T14:23:00.000+01:00,MAR1GSOPEN;EURJPY;A1;08-06 13:56;0;
2026-08-06T14:23:00.000+01:00,MAR1GSOPEN;EURJPY;A2;08-06 13:56;0;
2026-08-06T14:24:00.000+01:00,MAR1GSOPEN;EURJPY;A1;08-06 13:56;0;
2026-08-06T14:24:00.000+01:00,MAR1GSOPEN;EURJPY;A2;08-06 13:56;0;
2026-08-06T14:25:00.000+01:00,MAR1GSOPEN;EURJPY;A1;08-06 13:56;0;
2026-08-06T14:25:00.000+01:00,MAR1GSOPEN;EURJPY;A2;08-06 13:56;0;
2026-08-06T14:26:00.000+01:00,MAR1GSOPEN;EURJPY;A1;08-06 13:56;0;
2026-08-06T14:26:00.000+01:00,MAR1GSOPEN;EURJPY;A2;08-06 13:56;0;
2026-08-06T14:27:00.000+01:00,MAR1GSOPEN;EURJPY;A1;08-06 13:56;0;
2026-08-06T14:27:00.000+01:00,MAR1GSOPEN;EURJPY;A2;08-06 13:56;0;
2026-08-06T14:28:00.000+01:00,MAR1GSOPEN;EURJPY;A1;08-06 13:56;0;
2026-08-06T14:28:00.000+01:00,MAR1GSOPEN;EURJPY;A2;08-06 13:56;0;
2026-08-06T14:29:00.000+01:00,MAR1GSOPEN;EURJPY;A1;08-06 13:56;0;
2026-08-06T14:29:00.000+01:00,MAR1GSOPEN;EURJPY;A2;08-06 13:56;0;
2026-08-06T14:30:00.000+01:00,MAR1GSOPEN;EURJPY;A1;08-06 13:56;0;
2026-08-06T14:30:00.000+01:00,MAR1GSOPEN;EURJPY;A2;08-06 13:56;0;
2026-08-06T14:31:00.000+01:00,MAR1GSOPEN;EURJPY;A1;08-06 13:56;0;
2026-08-06T14:31:00.000+01:00,MAR1GSOPEN;EURJPY;A2;08-06 13:56;0;
2026-08-06T14:32:00.000+01:00,MAR1GSOPEN;EURJPY;A1;08-06 13:56;0;
2026-08-06T14:32:00.000+01:00,MAR1GSOPEN;EURJPY;A2;08-06 13:56;0;
2026-08-06T14:33:00.000+01:00,MAR1GSOPEN;EURJPY;A1;08-06 13:56;0;
2026-08-06T14:33:00.000+01:00,MAR1GSOPEN;EURJPY;A2;08-06 13:56;0;
2026-08-06T14:34:00.000+01:00,MAR1GSOPEN;EURJPY;A1;08-06 13:56;0;
2026-08-06T14:34:00.000+01:00,MAR1GSOPEN;EURJPY;A2;08-06 13:56;0;
2026-08-06T14:35:00.000+01:00,MAR1GSOPEN;EURJPY;A1;08-06 13:56;0;
2026-08-06T14:35:00.000+01:00,MAR1GSOPEN;EURJPY;A2;08-06 13:56;0;
2026-08-06T14:36:00.000+01:00,MAR1GSOPEN;EURJPY;A1;08-06 13:56;0;
2026-08-06T14:36:00.000+01:00,MAR1GSOPEN;EURJPY;A2;08-06 13:56;0;
2026-08-06T14:37:00.000+01:00,MAR1GSOPEN;EURJPY;A1;08-06 13:56;0;
2026-08-06T14:37:00.000+01:00,MAR1GSOPEN;EURJPY;A2;08-06 13:56;0;
2026-08-06T14:38:00.000+01:00,MAR1GSOPEN;EURJPY;A1;08-06 13:56;0;
2026-08-06T14:38:00.000+01:00,MAR1GSOPEN;EURJPY;A2;08-06 13:56;0;
2026-08-06T14:39:00.000+01:00,MAR1GSOPEN;EURJPY;A1;08-06 13:56;0;
2026-08-06T14:39:00.000+01:00,MAR1GSOPEN;EURJPY;A2;08-06 13:56;0;
2026-08-06T14:40:00.000+01:00,MAR1GSOPEN;EURJPY;A1;08-06 13:56;0;
2026-08-06T14:40:00.000+01:00,MAR1GSOPEN;EURJPY;A2;08-06 13:56;0;
2026-08-06T14:41:00.000+01:00,MAR1GSOPEN;EURJPY;A1;08-06 13:56;0;
2026-08-06T14:41:00.000+01:00,MAR1GSOPEN;EURJPY;A2;08-06 13:56;0;
2026-08-06T14:42:00.000+01:00,MAR1GSCLOSE;EURJPY;A1;08-06 14:42;08-06 14:43;1;long;08-06 14:42
2026-08-06T14:42:00.000+01:00,MAR1GSCLOSE;EURJPY;A2;08-06 14:42;08-06 14:43;1;long;08-06 14:42
2026-08-06T19:03:00.000+01:00,MAR1GSOPEN;EURJPY;A1;08-06 19:03;0;
2026-08-06T19:03:00.000+01:00,MAR1GSOPEN;EURJPY;A2;08-06 19:03;0;
2026-08-06T19:04:00.000+01:00,MAR1GSOPEN;EURJPY;A1;08-06 19:03;0;
2026-08-06T19:04:00.000+01:00,MAR1GSOPEN;EURJPY;A2;08-06 19:03;0;
2026-08-06T19:05:00.000+01:00,MAR1GSOPEN;EURJPY;A1;08-06 19:03;0;
2026-08-06T19:05:00.000+01:00,MAR1GSOPEN;EURJPY;A2;08-06 19:03;0;
2026-08-06T19:06:00.000+01:00,MAR1GSOPEN;EURJPY;A1;08-06 19:03;0;
2026-08-06T19:06:00.000+01:00,MAR1GSOPEN;EURJPY;A2;08-06 19:03;0;
2026-08-06T19:07:00.000+01:00,MAR1GSOPEN;EURJPY;A1;08-06 19:03;0;
2026-08-06T19:07:00.000+01:00,MAR1GSOPEN;EURJPY;A2;08-06 19:03;0;
2026-08-06T19:08:00.000+01:00,MAR1GSOPEN;EURJPY;A1;08-06 19:03;0;
2026-08-06T19:08:00.000+01:00,MAR1GSOPEN;EURJPY;A2;08-06 19:03;0;
2026-08-06T19:09:00.000+01:00,MAR1GSOPEN;EURJPY;A1;08-06 19:03;0;
2026-08-06T19:09:00.000+01:00,MAR1GSOPEN;EURJPY;A2;08-06 19:03;0;
2026-08-06T19:10:00.000+01:00,MAR1GSOPEN;EURJPY;A1;08-06 19:03;0;
2026-08-06T19:10:00.000+01:00,MAR1GSOPEN;EURJPY;A2;08-06 19:03;0;
2026-08-06T19:11:00.000+01:00,MAR1GSOPEN;EURJPY;A1;08-06 19:03;0;
2026-08-06T19:11:00.000+01:00,MAR1GSOPEN;EURJPY;A2;08-06 19:03;0;
2026-08-06T19:12:00.000+01:00,MAR1GSOPEN;EURJPY;A1;08-06 19:03;0;
2026-08-06T19:12:00.000+01:00,MAR1GSOPEN;EURJPY;A2;08-06 19:03;0;
2026-08-06T19:13:00.000+01:00,MAR1GSOPEN;EURJPY;A1;08-06 19:03;0;
2026-08-06T19:13:00.000+01:00,MAR1GSOPEN;EURJPY;A2;08-06 19:03;0;
2026-08-06T19:14:00.000+01:00,MAR1GSOPEN;EURJPY;A1;08-06 19:03;0;
2026-08-06T19:14:00.000+01:00,MAR1GSOPEN;EURJPY;A2;08-06 19:03;0;
2026-08-06T19:15:00.000+01:00,MAR1GSOPEN;EURJPY;A1;08-06 19:03;0;
2026-08-06T19:15:00.000+01:00,MAR1GSOPEN;EURJPY;A2;08-06 19:03;0;
2026-08-06T19:16:00.000+01:00,MAR1GSOPEN;EURJPY;A1;08-06 19:03;0;
2026-08-06T19:16:00.000+01:00,MAR1GSOPEN;EURJPY;A2;08-06 19:03;0;
2026-08-06T19:17:00.000+01:00,MAR1GSOPEN;EURJPY;A1;08-06 19:03;0;
2026-08-06T19:17:00.000+01:00,MAR1GSOPEN;EURJPY;A2;08-06 19:03;0;
2026-08-06T19:18:00.000+01:00,MAR1GSOPEN;EURJPY;A1;08-06 19:03;0;
2026-08-06T19:18:00.000+01:00,MAR1GSOPEN;EURJPY;A2;08-06 19:03;0;
2026-08-06T19:19:00.000+01:00,MAR1GSOPEN;EURJPY;A1;08-06 19:03;0;
2026-08-06T19:19:00.000+01:00,MAR1GSOPEN;EURJPY;A2;08-06 19:03;0;
2026-08-06T19:20:00.000+01:00,MAR1GSOPEN;EURJPY;A1;08-06 19:03;0;
2026-08-06T19:20:00.000+01:00,MAR1GSOPEN;EURJPY;A2;08-06 19:03;0;
2026-08-06T19:21:00.000+01:00,MAR1GSOPEN;EURJPY;A1;08-06 19:03;0;
2026-08-06T19:21:00.000+01:00,MAR1GSOPEN;EURJPY;A2;08-06 19:03;0;
2026-08-06T19:22:00.000+01:00,MAR1GSOPEN;EURJPY;A1;08-06 19:03;0;
2026-08-06T19:22:00.000+01:00,MAR1GSOPEN;EURJPY;A2;08-06 19:03;0;
2026-08-06T19:23:00.000+01:00,MAR1GSOPEN;EURJPY;A1;08-06 19:03;0;
2026-08-06T19:23:00.000+01:00,MAR1GSOPEN;EURJPY;A2;08-06 19:03;0;
2026-08-06T19:24:00.000+01:00,MAR1GSOPEN;EURJPY;A1;08-06 19:03;0;
2026-08-06T19:24:00.000+01:00,MAR1GSOPEN;EURJPY;A2;08-06 19:03;0;
2026-08-06T19:25:00.000+01:00,MAR1GSOPEN;EURJPY;A1;08-06 19:03;0;
2026-08-06T19:25:00.000+01:00,MAR1GSOPEN;EURJPY;A2;08-06 19:03;0;
2026-08-06T19:26:00.000+01:00,MAR1GSOPEN;EURJPY;A1;08-06 19:03;0;
2026-08-06T19:26:00.000+01:00,MAR1GSOPEN;EURJPY;A2;08-06 19:03;0;
2026-08-06T19:27:00.000+01:00,MAR1GSOPEN;EURJPY;A1;08-06 19:03;0;
2026-08-06T19:27:00.000+01:00,MAR1GSOPEN;EURJPY;A2;08-06 19:03;0;
2026-08-06T19:28:00.000+01:00,MAR1GSOPEN;EURJPY;A1;08-06 19:03;0;
2026-08-06T19:28:00.000+01:00,MAR1GSOPEN;EURJPY;A2;08-06 19:03;0;
2026-08-06T19:29:00.000+01:00,MAR1GSOPEN;EURJPY;A1;08-06 19:03;0;
2026-08-06T19:29:00.000+01:00,MAR1GSOPEN;EURJPY;A2;08-06 19:03;0;
2026-08-06T19:30:00.000+01:00,MAR1GSOPEN;EURJPY;A1;08-06 19:03;0;
2026-08-06T19:30:00.000+01:00,MAR1GSOPEN;EURJPY;A2;08-06 19:03;0;
2026-08-06T19:31:00.000+01:00,MAR1GSOPEN;EURJPY;A1;08-06 19:03;0;
2026-08-06T19:31:00.000+01:00,MAR1GSOPEN;EURJPY;A2;08-06 19:03;0;
2026-08-06T19:32:00.000+01:00,MAR1GSOPEN;EURJPY;A1;08-06 19:03;0;
2026-08-06T19:32:00.000+01:00,MAR1GSOPEN;EURJPY;A2;08-06 19:03;0;
2026-08-06T19:33:00.000+01:00,MAR1GSOPEN;EURJPY;A1;08-06 19:03;0;
2026-08-06T19:33:00.000+01:00,MAR1GSOPEN;EURJPY;A2;08-06 19:03;0;
2026-08-06T19:34:00.000+01:00,MAR1GSOPEN;EURJPY;A1;08-06 19:03;0;
2026-08-06T19:34:00.000+01:00,MAR1GSOPEN;EURJPY;A2;08-06 19:03;0;
2026-08-06T19:35:00.000+01:00,MAR1GSOPEN;EURJPY;A1;08-06 19:03;0;
2026-08-06T19:35:00.000+01:00,MAR1GSOPEN;EURJPY;A2;08-06 19:03;0;
2026-08-06T19:36:00.000+01:00,MAR1GSOPEN;EURJPY;A1;08-06 19:03;0;
2026-08-06T19:36:00.000+01:00,MAR1GSOPEN;EURJPY;A2;08-06 19:03;0;
2026-08-06T19:37:00.000+01:00,MAR1GSOPEN;EURJPY;A1;08-06 19:03;0;
2026-08-06T19:37:00.000+01:00,MAR1GSOPEN;EURJPY;A2;08-06 19:03;0;
2026-08-06T19:38:00.000+01:00,MAR1GSOPEN;EURJPY;A1;08-06 19:03;0;
2026-08-06T19:38:00.000+01:00,MAR1GSOPEN;EURJPY;A2;08-06 19:03;0;
2026-08-06T19:39:00.000+01:00,MAR1GSOPEN;EURJPY;A1;08-06 19:03;0;
2026-08-06T19:39:00.000+01:00,MAR1GSOPEN;EURJPY;A2;08-06 19:03;0;
2026-08-06T19:40:00.000+01:00,MAR1GSOPEN;EURJPY;A1;08-06 19:03;0;
2026-08-06T19:40:00.000+01:00,MAR1GSOPEN;EURJPY;A2;08-06 19:03;0;
2026-08-06T19:41:00.000+01:00,MAR1GSOPEN;EURJPY;A1;08-06 19:03;0;
2026-08-06T19:41:00.000+01:00,MAR1GSOPEN;EURJPY;A2;08-06 19:03;0;
2026-08-06T19:42:00.000+01:00,MAR1GSOPEN;EURJPY;A1;08-06 19:03;0;
2026-08-06T19:42:00.000+01:00,MAR1GSOPEN;EURJPY;A2;08-06 19:03;0;
2026-08-06T19:43:00.000+01:00,MAR1GSOPEN;EURJPY;A1;08-06 19:03;0;
2026-08-06T19:43:00.000+01:00,MAR1GSOPEN;EURJPY;A2;08-06 19:03;0;
2026-08-06T19:44:00.000+01:00,MAR1GSOPEN;EURJPY;A1;08-06 19:03;0;
2026-08-06T19:44:00.000+01:00,MAR1GSOPEN;EURJPY;A2;08-06 19:03;0;
2026-08-06T19:45:00.000+01:00,MAR1GSOPEN;EURJPY;A1;08-06 19:03;0;
2026-08-06T19:45:00.000+01:00,MAR1GSOPEN;EURJPY;A2;08-06 19:03;0;
2026-08-06T19:46:00.000+01:00,MAR1GSOPEN;EURJPY;A1;08-06 19:46;1;08-06 19:46
2026-08-06T19:46:00.000+01:00,MAR1GSOPEN;EURJPY;A2;08-06 19:46;1;08-06 19:46
2026-08-06T19:46:00.000+01:00,MAR1GSOPEN;EURJPY;B1;08-06 19:46;0;
2026-08-06T19:46:00.000+01:00,MAR1GSOPEN;EURJPY;B2;08-06 19:46;0;
2026-08-06T19:47:00.000+01:00,MAR1GSOPEN;EURJPY;A1;08-06 19:46;1;08-06 19:46
2026-08-06T19:47:00.000+01:00,MAR1GSOPEN;EURJPY;A2;08-06 19:46;1;08-06 19:46
2026-08-06T19:47:00.000+01:00,MAR1GSOPEN;EURJPY;B1;08-06 19:46;0;
2026-08-06T19:47:00.000+01:00,MAR1GSOPEN;EURJPY;B2;08-06 19:46;0;
2026-08-06T19:48:00.000+01:00,MAR1GSOPEN;EURJPY;A1;08-06 19:46;1;08-06 19:46
2026-08-06T19:48:00.000+01:00,MAR1GSOPEN;EURJPY;A2;08-06 19:46;1;08-06 19:46
2026-08-06T19:48:00.000+01:00,MAR1GSOPEN;EURJPY;B1;08-06 19:46;0;
2026-08-06T19:48:00.000+01:00,MAR1GSOPEN;EURJPY;B2;08-06 19:46;0;
2026-08-06T19:49:00.000+01:00,MAR1GSOPEN;EURJPY;A1;08-06 19:46;1;08-06 19:46
2026-08-06T19:49:00.000+01:00,MAR1GSOPEN;EURJPY;A2;08-06 19:46;1;08-06 19:46
2026-08-06T19:49:00.000+01:00,MAR1GSOPEN;EURJPY;B1;08-06 19:46;0;
2026-08-06T19:49:00.000+01:00,MAR1GSOPEN;EURJPY;B2;08-06 19:46;0;
2026-08-06T19:50:00.000+01:00,"MAR1GSCLOSE;EURJPY;A1;08-06 19:46;08-06 19:51;2;short;08-06 19:46,08-06 19:50"
2026-08-06T19:50:00.000+01:00,"MAR1GSCLOSE;EURJPY;A2;08-06 19:46;08-06 19:51;2;short;08-06 19:46,08-06 19:50"
2026-08-06T19:50:00.000+01:00,MAR1GSCLOSE;EURJPY;B1;08-06 19:50;08-06 19:51;1;short;08-06 19:50
2026-08-06T19:50:00.000+01:00,MAR1GSCLOSE;EURJPY;B2;08-06 19:50;08-06 19:51;1;short;08-06 19:50
2026-08-07T11:47:00.000+01:00,MAR1GSOPEN;EURJPY;A1;08-07 11:47;0;
2026-08-07T11:47:00.000+01:00,MAR1GSOPEN;EURJPY;A2;08-07 11:47;0;
2026-08-07T11:48:00.000+01:00,MAR1GSOPEN;EURJPY;A1;08-07 11:47;0;
2026-08-07T11:48:00.000+01:00,MAR1GSOPEN;EURJPY;A2;08-07 11:47;0;
2026-08-07T11:49:00.000+01:00,MAR1GSOPEN;EURJPY;A1;08-07 11:47;0;
2026-08-07T11:49:00.000+01:00,MAR1GSOPEN;EURJPY;A2;08-07 11:47;0;
2026-08-07T11:50:00.000+01:00,MAR1GSOPEN;EURJPY;A1;08-07 11:47;0;
2026-08-07T11:50:00.000+01:00,MAR1GSOPEN;EURJPY;A2;08-07 11:47;0;
2026-08-07T11:51:00.000+01:00,MAR1GSOPEN;EURJPY;A1;08-07 11:47;0;
2026-08-07T11:51:00.000+01:00,MAR1GSOPEN;EURJPY;A2;08-07 11:47;0;
2026-08-07T11:52:00.000+01:00,MAR1GSOPEN;EURJPY;A1;08-07 11:47;0;
2026-08-07T11:52:00.000+01:00,MAR1GSOPEN;EURJPY;A2;08-07 11:47;0;
2026-08-07T11:53:00.000+01:00,MAR1GSOPEN;EURJPY;A1;08-07 11:53;1;08-07 11:53
2026-08-07T11:53:00.000+01:00,MAR1GSOPEN;EURJPY;A2;08-07 11:53;1;08-07 11:53
2026-08-07T11:53:00.000+01:00,MAR1GSOPEN;EURJPY;B1;08-07 11:53;0;
2026-08-07T11:53:00.000+01:00,MAR1GSOPEN;EURJPY;B2;08-07 11:53;0;
2026-08-07T11:54:00.000+01:00,MAR1GSOPEN;EURJPY;A1;08-07 11:53;1;08-07 11:53
2026-08-07T11:54:00.000+01:00,MAR1GSOPEN;EURJPY;A2;08-07 11:53;1;08-07 11:53
2026-08-07T11:54:00.000+01:00,MAR1GSOPEN;EURJPY;B1;08-07 11:53;0;
2026-08-07T11:54:00.000+01:00,MAR1GSOPEN;EURJPY;B2;08-07 11:53;0;
2026-08-07T11:55:00.000+01:00,MAR1GSOPEN;EURJPY;A1;08-07 11:53;1;08-07 11:53
2026-08-07T11:55:00.000+01:00,MAR1GSOPEN;EURJPY;A2;08-07 11:53;1;08-07 11:53
2026-08-07T11:55:00.000+01:00,MAR1GSOPEN;EURJPY;B1;08-07 11:53;0;
2026-08-07T11:55:00.000+01:00,MAR1GSOPEN;EURJPY;B2;08-07 11:53;0;
2026-08-07T11:56:00.000+01:00,"MAR1GSCLOSE;EURJPY;A1;08-07 11:53;08-07 11:57;2;short;08-07 11:53,08-07 11:56"
2026-08-07T11:56:00.000+01:00,"MAR1GSCLOSE;EURJPY;A2;08-07 11:53;08-07 11:57;2;short;08-07 11:53,08-07 11:56"
2026-08-07T11:56:00.000+01:00,MAR1GSOPEN;EURJPY;B1;08-07 11:53;0;
2026-08-07T11:56:00.000+01:00,MAR1GSOPEN;EURJPY;B2;08-07 11:53;0;
2026-08-07T11:57:00.000+01:00,MAR1GSOPEN;EURJPY;B1;08-07 11:53;0;
2026-08-07T11:57:00.000+01:00,MAR1GSOPEN;EURJPY;B2;08-07 11:53;0;
2026-08-07T11:58:00.000+01:00,MAR1GSOPEN;EURJPY;B1;08-07 11:53;0;
2026-08-07T11:58:00.000+01:00,MAR1GSOPEN;EURJPY;B2;08-07 11:53;0;
2026-08-07T11:59:00.000+01:00,MAR1GSOPEN;EURJPY;B1;08-07 11:53;0;
2026-08-07T11:59:00.000+01:00,MAR1GSOPEN;EURJPY;B2;08-07 11:53;0;
2026-08-07T12:00:00.000+01:00,MAR1GSOPEN;EURJPY;B1;08-07 11:53;0;
2026-08-07T12:00:00.000+01:00,MAR1GSOPEN;EURJPY;B2;08-07 11:53;0;
2026-08-07T12:01:00.000+01:00,MAR1GSOPEN;EURJPY;B1;08-07 11:53;0;
2026-08-07T12:01:00.000+01:00,MAR1GSOPEN;EURJPY;B2;08-07 11:53;0;
2026-08-07T12:02:00.000+01:00,MAR1GSOPEN;EURJPY;B1;08-07 11:53;0;
2026-08-07T12:02:00.000+01:00,MAR1GSOPEN;EURJPY;B2;08-07 11:53;0;
2026-08-07T12:03:00.000+01:00,MAR1GSOPEN;EURJPY;B1;08-07 11:53;0;
2026-08-07T12:03:00.000+01:00,MAR1GSOPEN;EURJPY;B2;08-07 11:53;0;
2026-08-07T12:04:00.000+01:00,MAR1GSOPEN;EURJPY;B1;08-07 11:53;0;
2026-08-07T12:04:00.000+01:00,MAR1GSOPEN;EURJPY;B2;08-07 11:53;0;
2026-08-07T12:05:00.000+01:00,MAR1GSOPEN;EURJPY;B1;08-07 11:53;0;
2026-08-07T12:05:00.000+01:00,MAR1GSOPEN;EURJPY;B2;08-07 11:53;0;
2026-08-07T12:06:00.000+01:00,MAR1GSOPEN;EURJPY;B1;08-07 11:53;0;
2026-08-07T12:06:00.000+01:00,MAR1GSOPEN;EURJPY;B2;08-07 11:53;0;
2026-08-07T12:07:00.000+01:00,MAR1GSOPEN;EURJPY;B1;08-07 11:53;0;
2026-08-07T12:07:00.000+01:00,MAR1GSOPEN;EURJPY;B2;08-07 11:53;0;
2026-08-07T12:08:00.000+01:00,MAR1GSOPEN;EURJPY;B1;08-07 11:53;0;
2026-08-07T12:08:00.000+01:00,MAR1GSOPEN;EURJPY;B2;08-07 11:53;0;
2026-08-07T12:09:00.000+01:00,MAR1GSOPEN;EURJPY;B1;08-07 11:53;0;
2026-08-07T12:09:00.000+01:00,MAR1GSOPEN;EURJPY;B2;08-07 11:53;0;
2026-08-07T12:10:00.000+01:00,MAR1GSOPEN;EURJPY;B1;08-07 11:53;0;
2026-08-07T12:10:00.000+01:00,MAR1GSOPEN;EURJPY;B2;08-07 11:53;0;
2026-08-07T12:11:00.000+01:00,MAR1GSOPEN;EURJPY;B1;08-07 11:53;0;
2026-08-07T12:11:00.000+01:00,MAR1GSOPEN;EURJPY;B2;08-07 11:53;0;
2026-08-07T12:12:00.000+01:00,MAR1GSOPEN;EURJPY;B1;08-07 11:53;0;
2026-08-07T12:12:00.000+01:00,MAR1GSOPEN;EURJPY;B2;08-07 11:53;0;
2026-08-07T12:13:00.000+01:00,MAR1GSOPEN;EURJPY;B1;08-07 11:53;0;
2026-08-07T12:13:00.000+01:00,MAR1GSOPEN;EURJPY;B2;08-07 11:53;0;
2026-08-07T12:14:00.000+01:00,MAR1GSOPEN;EURJPY;B1;08-07 11:53;0;
2026-08-07T12:14:00.000+01:00,MAR1GSOPEN;EURJPY;B2;08-07 11:53;0;
2026-08-07T12:15:00.000+01:00,MAR1GSOPEN;EURJPY;B1;08-07 11:53;0;
2026-08-07T12:15:00.000+01:00,MAR1GSOPEN;EURJPY;B2;08-07 11:53;0;
2026-08-07T12:16:00.000+01:00,MAR1GSOPEN;EURJPY;B1;08-07 11:53;0;
2026-08-07T12:16:00.000+01:00,MAR1GSOPEN;EURJPY;B2;08-07 11:53;0;
2026-08-07T12:17:00.000+01:00,MAR1GSOPEN;EURJPY;B1;08-07 11:53;0;
2026-08-07T12:17:00.000+01:00,MAR1GSOPEN;EURJPY;B2;08-07 11:53;0;
2026-08-07T12:18:00.000+01:00,MAR1GSOPEN;EURJPY;B1;08-07 11:53;0;
2026-08-07T12:18:00.000+01:00,MAR1GSOPEN;EURJPY;B2;08-07 11:53;0;
2026-08-07T12:19:00.000+01:00,MAR1GSCLOSE;EURJPY;B1;08-07 12:19;08-07 12:20;1;long;08-07 12:19
2026-08-07T12:19:00.000+01:00,MAR1GSCLOSE;EURJPY;B2;08-07 12:19;08-07 12:20;1;long;08-07 12:19
2026-08-10T08:47:00.000+01:00,MAR1GSOPEN;EURJPY;A1;08-10 08:47;0;
2026-08-10T08:47:00.000+01:00,MAR1GSOPEN;EURJPY;A2;08-10 08:47;0;
2026-08-10T08:48:00.000+01:00,MAR1GSOPEN;EURJPY;A1;08-10 08:47;0;
2026-08-10T08:48:00.000+01:00,MAR1GSOPEN;EURJPY;A2;08-10 08:47;0;
2026-08-10T08:49:00.000+01:00,MAR1GSOPEN;EURJPY;A1;08-10 08:47;0;
2026-08-10T08:49:00.000+01:00,MAR1GSOPEN;EURJPY;A2;08-10 08:47;0;
2026-08-10T08:50:00.000+01:00,MAR1GSOPEN;EURJPY;A1;08-10 08:47;0;
2026-08-10T08:50:00.000+01:00,MAR1GSOPEN;EURJPY;A2;08-10 08:47;0;
2026-08-10T08:51:00.000+01:00,MAR1GSOPEN;EURJPY;A1;08-10 08:47;0;
2026-08-10T08:51:00.000+01:00,MAR1GSOPEN;EURJPY;A2;08-10 08:47;0;
2026-08-10T08:52:00.000+01:00,MAR1GSOPEN;EURJPY;A1;08-10 08:47;0;
2026-08-10T08:52:00.000+01:00,MAR1GSOPEN;EURJPY;A2;08-10 08:47;0;
2026-08-10T08:53:00.000+01:00,MAR1GSOPEN;EURJPY;A1;08-10 08:47;0;
2026-08-10T08:53:00.000+01:00,MAR1GSOPEN;EURJPY;A2;08-10 08:47;0;
2026-08-10T08:54:00.000+01:00,MAR1GSOPEN;EURJPY;A1;08-10 08:47;0;
2026-08-10T08:54:00.000+01:00,MAR1GSOPEN;EURJPY;A2;08-10 08:47;0;
2026-08-10T08:55:00.000+01:00,MAR1GSOPEN;EURJPY;A1;08-10 08:47;0;
2026-08-10T08:55:00.000+01:00,MAR1GSOPEN;EURJPY;A2;08-10 08:47;0;
2026-08-10T08:56:00.000+01:00,MAR1GSOPEN;EURJPY;A1;08-10 08:47;0;
2026-08-10T08:56:00.000+01:00,MAR1GSOPEN;EURJPY;A2;08-10 08:47;0;
2026-08-10T08:57:00.000+01:00,MAR1GSOPEN;EURJPY;A1;08-10 08:47;0;
2026-08-10T08:57:00.000+01:00,MAR1GSOPEN;EURJPY;A2;08-10 08:47;0;
2026-08-10T08:58:00.000+01:00,MAR1GSOPEN;EURJPY;A1;08-10 08:47;0;
2026-08-10T08:58:00.000+01:00,MAR1GSOPEN;EURJPY;A2;08-10 08:47;0;
2026-08-10T08:59:00.000+01:00,MAR1GSOPEN;EURJPY;A1;08-10 08:47;0;
2026-08-10T08:59:00.000+01:00,MAR1GSOPEN;EURJPY;A2;08-10 08:47;0;
2026-08-10T09:00:00.000+01:00,MAR1GSOPEN;EURJPY;A1;08-10 08:47;0;
2026-08-10T09:00:00.000+01:00,MAR1GSOPEN;EURJPY;A2;08-10 08:47;0;
2026-08-10T09:01:00.000+01:00,MAR1GSOPEN;EURJPY;A1;08-10 08:47;0;
2026-08-10T09:01:00.000+01:00,MAR1GSOPEN;EURJPY;A2;08-10 08:47;0;
2026-08-10T09:02:00.000+01:00,MAR1GSOPEN;EURJPY;A1;08-10 08:47;0;
2026-08-10T09:02:00.000+01:00,MAR1GSOPEN;EURJPY;A2;08-10 08:47;0;
2026-08-10T09:03:00.000+01:00,MAR1GSOPEN;EURJPY;A1;08-10 08:47;0;
2026-08-10T09:03:00.000+01:00,MAR1GSOPEN;EURJPY;A2;08-10 08:47;0;
2026-08-10T09:04:00.000+01:00,MAR1GSOPEN;EURJPY;A1;08-10 08:47;0;
2026-08-10T09:04:00.000+01:00,MAR1GSOPEN;EURJPY;A2;08-10 08:47;0;
2026-08-10T09:05:00.000+01:00,MAR1GSOPEN;EURJPY;A1;08-10 08:47;0;
2026-08-10T09:05:00.000+01:00,MAR1GSOPEN;EURJPY;A2;08-10 08:47;0;
2026-08-10T09:06:00.000+01:00,MAR1GSOPEN;EURJPY;A1;08-10 08:47;0;
2026-08-10T09:06:00.000+01:00,MAR1GSOPEN;EURJPY;A2;08-10 08:47;0;
2026-08-10T09:07:00.000+01:00,MAR1GSOPEN;EURJPY;A1;08-10 08:47;0;
2026-08-10T09:07:00.000+01:00,MAR1GSOPEN;EURJPY;A2;08-10 08:47;0;
2026-08-10T09:08:00.000+01:00,MAR1GSOPEN;EURJPY;A1;08-10 08:47;0;
2026-08-10T09:08:00.000+01:00,MAR1GSOPEN;EURJPY;A2;08-10 08:47;0;
2026-08-10T09:09:00.000+01:00,MAR1GSOPEN;EURJPY;A1;08-10 08:47;0;
2026-08-10T09:09:00.000+01:00,MAR1GSOPEN;EURJPY;A2;08-10 08:47;0;
2026-08-10T09:10:00.000+01:00,MAR1GSOPEN;EURJPY;A1;08-10 08:47;0;
2026-08-10T09:10:00.000+01:00,MAR1GSOPEN;EURJPY;A2;08-10 08:47;0;
2026-08-10T09:11:00.000+01:00,MAR1GSOPEN;EURJPY;A1;08-10 08:47;0;
2026-08-10T09:11:00.000+01:00,MAR1GSOPEN;EURJPY;A2;08-10 08:47;0;
2026-08-10T09:12:00.000+01:00,MAR1GSOPEN;EURJPY;A1;08-10 08:47;0;
2026-08-10T09:12:00.000+01:00,MAR1GSOPEN;EURJPY;A2;08-10 08:47;0;
2026-08-10T09:13:00.000+01:00,MAR1GSOPEN;EURJPY;A1;08-10 09:13;1;08-10 09:13
2026-08-10T09:13:00.000+01:00,MAR1GSOPEN;EURJPY;A2;08-10 09:13;1;08-10 09:13
2026-08-10T09:13:00.000+01:00,MAR1GSOPEN;EURJPY;B1;08-10 09:13;0;
2026-08-10T09:13:00.000+01:00,MAR1GSOPEN;EURJPY;B2;08-10 09:13;0;
2026-08-10T09:14:00.000+01:00,MAR1GSOPEN;EURJPY;A1;08-10 09:13;1;08-10 09:13
2026-08-10T09:14:00.000+01:00,MAR1GSOPEN;EURJPY;A2;08-10 09:13;1;08-10 09:13
2026-08-10T09:14:00.000+01:00,MAR1GSOPEN;EURJPY;B1;08-10 09:13;0;
2026-08-10T09:14:00.000+01:00,MAR1GSOPEN;EURJPY;B2;08-10 09:13;0;
2026-08-10T09:15:00.000+01:00,MAR1GSOPEN;EURJPY;A1;08-10 09:13;1;08-10 09:13
2026-08-10T09:15:00.000+01:00,MAR1GSOPEN;EURJPY;A2;08-10 09:13;1;08-10 09:13
2026-08-10T09:15:00.000+01:00,MAR1GSOPEN;EURJPY;B1;08-10 09:13;0;
2026-08-10T09:15:00.000+01:00,MAR1GSOPEN;EURJPY;B2;08-10 09:13;0;
2026-08-10T09:16:00.000+01:00,MAR1GSOPEN;EURJPY;A1;08-10 09:13;1;08-10 09:13
2026-08-10T09:16:00.000+01:00,MAR1GSOPEN;EURJPY;A2;08-10 09:13;1;08-10 09:13
2026-08-10T09:16:00.000+01:00,MAR1GSOPEN;EURJPY;B1;08-10 09:13;0;
2026-08-10T09:16:00.000+01:00,MAR1GSOPEN;EURJPY;B2;08-10 09:13;0;
2026-08-10T09:17:00.000+01:00,"MAR1GSOPEN;EURJPY;A1;08-10 09:13;2;08-10 09:13,08-10 09:17"
2026-08-10T09:17:00.000+01:00,"MAR1GSOPEN;EURJPY;A2;08-10 09:13;2;08-10 09:13,08-10 09:17"
2026-08-10T09:17:00.000+01:00,MAR1GSOPEN;EURJPY;B1;08-10 09:17;1;08-10 09:17
2026-08-10T09:17:00.000+01:00,MAR1GSOPEN;EURJPY;B2;08-10 09:17;1;08-10 09:17
2026-08-10T09:17:00.000+01:00,MAR1GSOPEN;EURJPY;C1;08-10 09:17;0;
2026-08-10T09:17:00.000+01:00,MAR1GSOPEN;EURJPY;C2;08-10 09:17;0;
2026-08-10T09:18:00.000+01:00,"MAR1GSOPEN;EURJPY;A1;08-10 09:13;3;08-10 09:13,08-10 09:17,08-10 09:18"
2026-08-10T09:18:00.000+01:00,"MAR1GSOPEN;EURJPY;A2;08-10 09:13;3;08-10 09:13,08-10 09:17,08-10 09:18"
2026-08-10T09:18:00.000+01:00,"MAR1GSOPEN;EURJPY;B1;08-10 09:17;2;08-10 09:17,08-10 09:18"
2026-08-10T09:18:00.000+01:00,"MAR1GSOPEN;EURJPY;B2;08-10 09:17;2;08-10 09:17,08-10 09:18"
2026-08-10T09:18:00.000+01:00,MAR1GSOPEN;EURJPY;C1;08-10 09:18;1;08-10 09:18
2026-08-10T09:18:00.000+01:00,MAR1GSOPEN;EURJPY;C2;08-10 09:18;1;08-10 09:18
2026-08-10T09:18:00.000+01:00,MAR1GSOPEN;EURJPY;D1;08-10 09:18;0;
2026-08-10T09:19:00.000+01:00,"MAR1GSOPEN;EURJPY;A1;08-10 09:13;3;08-10 09:13,08-10 09:17,08-10 09:18"
2026-08-10T09:19:00.000+01:00,"MAR1GSOPEN;EURJPY;A2;08-10 09:13;3;08-10 09:13,08-10 09:17,08-10 09:18"
2026-08-10T09:19:00.000+01:00,"MAR1GSOPEN;EURJPY;B1;08-10 09:17;2;08-10 09:17,08-10 09:18"
2026-08-10T09:19:00.000+01:00,"MAR1GSOPEN;EURJPY;B2;08-10 09:17;2;08-10 09:17,08-10 09:18"
2026-08-10T09:19:00.000+01:00,MAR1GSOPEN;EURJPY;C1;08-10 09:18;1;08-10 09:18
2026-08-10T09:19:00.000+01:00,MAR1GSOPEN;EURJPY;C2;08-10 09:18;1;08-10 09:18
2026-08-10T09:19:00.000+01:00,MAR1GSOPEN;EURJPY;D1;08-10 09:18;0;
2026-08-10T09:20:00.000+01:00,"MAR1GSOPEN;EURJPY;A1;08-10 09:13;3;08-10 09:13,08-10 09:17,08-10 09:18"
2026-08-10T09:20:00.000+01:00,"MAR1GSOPEN;EURJPY;A2;08-10 09:13;3;08-10 09:13,08-10 09:17,08-10 09:18"
2026-08-10T09:20:00.000+01:00,"MAR1GSOPEN;EURJPY;B1;08-10 09:17;2;08-10 09:17,08-10 09:18"
2026-08-10T09:20:00.000+01:00,"MAR1GSOPEN;EURJPY;B2;08-10 09:17;2;08-10 09:17,08-10 09:18"
2026-08-10T09:20:00.000+01:00,MAR1GSOPEN;EURJPY;C1;08-10 09:18;1;08-10 09:18
2026-08-10T09:20:00.000+01:00,MAR1GSOPEN;EURJPY;C2;08-10 09:18;1;08-10 09:18
2026-08-10T09:20:00.000+01:00,MAR1GSOPEN;EURJPY;D1;08-10 09:18;0;
2026-08-10T09:21:00.000+01:00,"MAR1GSOPEN;EURJPY;A1;08-10 09:13;3;08-10 09:13,08-10 09:17,08-10 09:18"
2026-08-10T09:21:00.000+01:00,"MAR1GSOPEN;EURJPY;A2;08-10 09:13;3;08-10 09:13,08-10 09:17,08-10 09:18"
2026-08-10T09:21:00.000+01:00,"MAR1GSOPEN;EURJPY;B1;08-10 09:17;2;08-10 09:17,08-10 09:18"
2026-08-10T09:21:00.000+01:00,"MAR1GSOPEN;EURJPY;B2;08-10 09:17;2;08-10 09:17,08-10 09:18"
2026-08-10T09:21:00.000+01:00,MAR1GSOPEN;EURJPY;C1;08-10 09:18;1;08-10 09:18
2026-08-10T09:21:00.000+01:00,MAR1GSOPEN;EURJPY;C2;08-10 09:18;1;08-10 09:18
2026-08-10T09:21:00.000+01:00,MAR1GSOPEN;EURJPY;D1;08-10 09:18;0;
2026-08-10T09:22:00.000+01:00,"MAR1GSOPEN;EURJPY;A1;08-10 09:13;3;08-10 09:13,08-10 09:17,08-10 09:18"
2026-08-10T09:22:00.000+01:00,"MAR1GSOPEN;EURJPY;A2;08-10 09:13;3;08-10 09:13,08-10 09:17,08-10 09:18"
2026-08-10T09:22:00.000+01:00,"MAR1GSOPEN;EURJPY;B1;08-10 09:17;2;08-10 09:17,08-10 09:18"
2026-08-10T09:22:00.000+01:00,"MAR1GSOPEN;EURJPY;B2;08-10 09:17;2;08-10 09:17,08-10 09:18"
2026-08-10T09:22:00.000+01:00,MAR1GSOPEN;EURJPY;C1;08-10 09:18;1;08-10 09:18
2026-08-10T09:22:00.000+01:00,MAR1GSOPEN;EURJPY;C2;08-10 09:18;1;08-10 09:18
2026-08-10T09:22:00.000+01:00,MAR1GSOPEN;EURJPY;D1;08-10 09:18;0;
2026-08-10T09:23:00.000+01:00,"MAR1GSOPEN;EURJPY;A1;08-10 09:13;3;08-10 09:13,08-10 09:17,08-10 09:18"
2026-08-10T09:23:00.000+01:00,"MAR1GSOPEN;EURJPY;A2;08-10 09:13;3;08-10 09:13,08-10 09:17,08-10 09:18"
2026-08-10T09:23:00.000+01:00,"MAR1GSOPEN;EURJPY;B1;08-10 09:17;2;08-10 09:17,08-10 09:18"
2026-08-10T09:23:00.000+01:00,"MAR1GSOPEN;EURJPY;B2;08-10 09:17;2;08-10 09:17,08-10 09:18"
2026-08-10T09:23:00.000+01:00,MAR1GSOPEN;EURJPY;C1;08-10 09:18;1;08-10 09:18
2026-08-10T09:23:00.000+01:00,MAR1GSOPEN;EURJPY;C2;08-10 09:18;1;08-10 09:18
2026-08-10T09:23:00.000+01:00,MAR1GSOPEN;EURJPY;D1;08-10 09:18;0;
2026-08-10T09:24:00.000+01:00,"MAR1GSOPEN;EURJPY;A1;08-10 09:13;3;08-10 09:13,08-10 09:17,08-10 09:18"
2026-08-10T09:24:00.000+01:00,"MAR1GSOPEN;EURJPY;A2;08-10 09:13;3;08-10 09:13,08-10 09:17,08-10 09:18"
2026-08-10T09:24:00.000+01:00,"MAR1GSOPEN;EURJPY;B1;08-10 09:17;2;08-10 09:17,08-10 09:18"
2026-08-10T09:24:00.000+01:00,"MAR1GSOPEN;EURJPY;B2;08-10 09:17;2;08-10 09:17,08-10 09:18"
2026-08-10T09:24:00.000+01:00,MAR1GSOPEN;EURJPY;C1;08-10 09:18;1;08-10 09:18
2026-08-10T09:24:00.000+01:00,MAR1GSOPEN;EURJPY;C2;08-10 09:18;1;08-10 09:18
2026-08-10T09:24:00.000+01:00,MAR1GSOPEN;EURJPY;D1;08-10 09:18;0;
2026-08-10T09:25:00.000+01:00,"MAR1GSOPEN;EURJPY;A1;08-10 09:13;3;08-10 09:13,08-10 09:17,08-10 09:18"
2026-08-10T09:25:00.000+01:00,"MAR1GSOPEN;EURJPY;A2;08-10 09:13;3;08-10 09:13,08-10 09:17,08-10 09:18"
2026-08-10T09:25:00.000+01:00,"MAR1GSOPEN;EURJPY;B1;08-10 09:17;2;08-10 09:17,08-10 09:18"
2026-08-10T09:25:00.000+01:00,"MAR1GSOPEN;EURJPY;B2;08-10 09:17;2;08-10 09:17,08-10 09:18"
2026-08-10T09:25:00.000+01:00,MAR1GSOPEN;EURJPY;C1;08-10 09:18;1;08-10 09:18
2026-08-10T09:25:00.000+01:00,MAR1GSOPEN;EURJPY;C2;08-10 09:18;1;08-10 09:18
2026-08-10T09:25:00.000+01:00,MAR1GSOPEN;EURJPY;D1;08-10 09:18;0;
2026-08-10T09:26:00.000+01:00,"MAR1GSOPEN;EURJPY;A1;08-10 09:13;3;08-10 09:13,08-10 09:17,08-10 09:18"
2026-08-10T09:26:00.000+01:00,"MAR1GSOPEN;EURJPY;A2;08-10 09:13;3;08-10 09:13,08-10 09:17,08-10 09:18"
2026-08-10T09:26:00.000+01:00,"MAR1GSOPEN;EURJPY;B1;08-10 09:17;2;08-10 09:17,08-10 09:18"
2026-08-10T09:26:00.000+01:00,"MAR1GSOPEN;EURJPY;B2;08-10 09:17;2;08-10 09:17,08-10 09:18"
2026-08-10T09:26:00.000+01:00,MAR1GSOPEN;EURJPY;C1;08-10 09:18;1;08-10 09:18
2026-08-10T09:26:00.000+01:00,MAR1GSOPEN;EURJPY;C2;08-10 09:18;1;08-10 09:18
2026-08-10T09:26:00.000+01:00,MAR1GSOPEN;EURJPY;D1;08-10 09:18;0;
2026-08-10T09:27:00.000+01:00,"MAR1GSOPEN;EURJPY;A1;08-10 09:13;3;08-10 09:13,08-10 09:17,08-10 09:18"
2026-08-10T09:27:00.000+01:00,"MAR1GSOPEN;EURJPY;A2;08-10 09:13;3;08-10 09:13,08-10 09:17,08-10 09:18"
2026-08-10T09:27:00.000+01:00,"MAR1GSOPEN;EURJPY;B1;08-10 09:17;2;08-10 09:17,08-10 09:18"
2026-08-10T09:27:00.000+01:00,"MAR1GSOPEN;EURJPY;B2;08-10 09:17;2;08-10 09:17,08-10 09:18"
2026-08-10T09:27:00.000+01:00,MAR1GSOPEN;EURJPY;C1;08-10 09:18;1;08-10 09:18
2026-08-10T09:27:00.000+01:00,MAR1GSOPEN;EURJPY;C2;08-10 09:18;1;08-10 09:18
2026-08-10T09:27:00.000+01:00,MAR1GSOPEN;EURJPY;D1;08-10 09:18;0;
2026-08-10T09:28:00.000+01:00,"MAR1GSOPEN;EURJPY;A1;08-10 09:13;3;08-10 09:13,08-10 09:17,08-10 09:18"
2026-08-10T09:28:00.000+01:00,"MAR1GSOPEN;EURJPY;A2;08-10 09:13;3;08-10 09:13,08-10 09:17,08-10 09:18"
2026-08-10T09:28:00.000+01:00,"MAR1GSOPEN;EURJPY;B1;08-10 09:17;2;08-10 09:17,08-10 09:18"
2026-08-10T09:28:00.000+01:00,"MAR1GSOPEN;EURJPY;B2;08-10 09:17;2;08-10 09:17,08-10 09:18"
2026-08-10T09:28:00.000+01:00,MAR1GSOPEN;EURJPY;C1;08-10 09:18;1;08-10 09:18
2026-08-10T09:28:00.000+01:00,MAR1GSOPEN;EURJPY;C2;08-10 09:18;1;08-10 09:18
2026-08-10T09:28:00.000+01:00,MAR1GSOPEN;EURJPY;D1;08-10 09:18;0;
2026-08-10T09:29:00.000+01:00,"MAR1GSOPEN;EURJPY;A1;08-10 09:13;3;08-10 09:13,08-10 09:17,08-10 09:18"
2026-08-10T09:29:00.000+01:00,"MAR1GSOPEN;EURJPY;A2;08-10 09:13;3;08-10 09:13,08-10 09:17,08-10 09:18"
2026-08-10T09:29:00.000+01:00,"MAR1GSOPEN;EURJPY;B1;08-10 09:17;2;08-10 09:17,08-10 09:18"
2026-08-10T09:29:00.000+01:00,"MAR1GSOPEN;EURJPY;B2;08-10 09:17;2;08-10 09:17,08-10 09:18"
2026-08-10T09:29:00.000+01:00,MAR1GSOPEN;EURJPY;C1;08-10 09:18;1;08-10 09:18
2026-08-10T09:29:00.000+01:00,MAR1GSOPEN;EURJPY;C2;08-10 09:18;1;08-10 09:18
2026-08-10T09:29:00.000+01:00,MAR1GSOPEN;EURJPY;D1;08-10 09:18;0;
2026-08-10T09:30:00.000+01:00,"MAR1GSOPEN;EURJPY;A1;08-10 09:13;3;08-10 09:13,08-10 09:17,08-10 09:18"
2026-08-10T09:30:00.000+01:00,"MAR1GSOPEN;EURJPY;A2;08-10 09:13;3;08-10 09:13,08-10 09:17,08-10 09:18"
2026-08-10T09:30:00.000+01:00,"MAR1GSOPEN;EURJPY;B1;08-10 09:17;2;08-10 09:17,08-10 09:18"
2026-08-10T09:30:00.000+01:00,"MAR1GSOPEN;EURJPY;B2;08-10 09:17;2;08-10 09:17,08-10 09:18"
2026-08-10T09:30:00.000+01:00,MAR1GSOPEN;EURJPY;C1;08-10 09:18;1;08-10 09:18
2026-08-10T09:30:00.000+01:00,MAR1GSOPEN;EURJPY;C2;08-10 09:18;1;08-10 09:18
2026-08-10T09:30:00.000+01:00,MAR1GSOPEN;EURJPY;D1;08-10 09:18;0;
2026-08-10T09:31:00.000+01:00,"MAR1GSOPEN;EURJPY;A1;08-10 09:13;3;08-10 09:13,08-10 09:17,08-10 09:18"
2026-08-10T09:31:00.000+01:00,"MAR1GSOPEN;EURJPY;A2;08-10 09:13;3;08-10 09:13,08-10 09:17,08-10 09:18"
2026-08-10T09:31:00.000+01:00,"MAR1GSOPEN;EURJPY;B1;08-10 09:17;2;08-10 09:17,08-10 09:18"
2026-08-10T09:31:00.000+01:00,"MAR1GSOPEN;EURJPY;B2;08-10 09:17;2;08-10 09:17,08-10 09:18"
2026-08-10T09:31:00.000+01:00,MAR1GSOPEN;EURJPY;C1;08-10 09:18;1;08-10 09:18
2026-08-10T09:31:00.000+01:00,MAR1GSOPEN;EURJPY;C2;08-10 09:18;1;08-10 09:18
2026-08-10T09:31:00.000+01:00,MAR1GSOPEN;EURJPY;D1;08-10 09:18;0;
2026-08-10T09:32:00.000+01:00,"MAR1GSOPEN;EURJPY;A1;08-10 09:13;3;08-10 09:13,08-10 09:17,08-10 09:18"
2026-08-10T09:32:00.000+01:00,"MAR1GSOPEN;EURJPY;A2;08-10 09:13;3;08-10 09:13,08-10 09:17,08-10 09:18"
2026-08-10T09:32:00.000+01:00,"MAR1GSOPEN;EURJPY;B1;08-10 09:17;2;08-10 09:17,08-10 09:18"
2026-08-10T09:32:00.000+01:00,"MAR1GSOPEN;EURJPY;B2;08-10 09:17;2;08-10 09:17,08-10 09:18"
2026-08-10T09:32:00.000+01:00,MAR1GSOPEN;EURJPY;C1;08-10 09:18;1;08-10 09:18
2026-08-10T09:32:00.000+01:00,MAR1GSOPEN;EURJPY;C2;08-10 09:18;1;08-10 09:18
2026-08-10T09:32:00.000+01:00,MAR1GSOPEN;EURJPY;D1;08-10 09:18;0;
2026-08-10T09:33:00.000+01:00,"MAR1GSCLOSE;EURJPY;A1;08-10 09:13;08-10 09:34;4;long;08-10 09:13,08-10 09:17,08-10 09:18,08-10 09:33"
2026-08-10T09:33:00.000+01:00,"MAR1GSCLOSE;EURJPY;A2;08-10 09:13;08-10 09:34;4;long;08-10 09:13,08-10 09:17,08-10 09:18,08-10 09:33"
2026-08-10T09:33:00.000+01:00,"MAR1GSCLOSE;EURJPY;B1;08-10 09:17;08-10 09:34;3;long;08-10 09:17,08-10 09:18,08-10 09:33"
2026-08-10T09:33:00.000+01:00,"MAR1GSCLOSE;EURJPY;B2;08-10 09:17;08-10 09:34;3;long;08-10 09:17,08-10 09:18,08-10 09:33"
2026-08-10T09:33:00.000+01:00,"MAR1GSCLOSE;EURJPY;C1;08-10 09:18;08-10 09:34;2;long;08-10 09:18,08-10 09:33"
2026-08-10T09:33:00.000+01:00,"MAR1GSCLOSE;EURJPY;C2;08-10 09:18;08-10 09:34;2;long;08-10 09:18,08-10 09:33"
2026-08-10T09:33:00.000+01:00,MAR1GSCLOSE;EURJPY;D1;08-10 09:33;08-10 09:34;1;long;08-10 09:33
2026-08-10T17:59:00.000+01:00,MAR1GSOPEN;EURJPY;B1;08-10 17:59;0;
2026-08-10T17:59:00.000+01:00,MAR1GSOPEN;EURJPY;B2;08-10 17:59;0;
2026-08-10T18:00:00.000+01:00,MAR1GSOPEN;EURJPY;B1;08-10 18:00;1;08-10 18:00
2026-08-10T18:00:00.000+01:00,MAR1GSOPEN;EURJPY;B2;08-10 18:00;1;08-10 18:00
2026-08-10T18:00:00.000+01:00,MAR1GSOPEN;EURJPY;C1;08-10 18:00;0;
2026-08-10T18:00:00.000+01:00,MAR1GSOPEN;EURJPY;C2;08-10 18:00;0;
2026-08-10T18:01:00.000+01:00,MAR1GSOPEN;EURJPY;B1;08-10 18:00;1;08-10 18:00
2026-08-10T18:01:00.000+01:00,MAR1GSOPEN;EURJPY;B2;08-10 18:00;1;08-10 18:00
2026-08-10T18:01:00.000+01:00,MAR1GSOPEN;EURJPY;C1;08-10 18:00;0;
2026-08-10T18:01:00.000+01:00,MAR1GSOPEN;EURJPY;C2;08-10 18:00;0;
2026-08-10T18:02:00.000+01:00,MAR1GSOPEN;EURJPY;B1;08-10 18:00;1;08-10 18:00
2026-08-10T18:02:00.000+01:00,MAR1GSOPEN;EURJPY;B2;08-10 18:00;1;08-10 18:00
2026-08-10T18:02:00.000+01:00,MAR1GSOPEN;EURJPY;C1;08-10 18:00;0;
2026-08-10T18:02:00.000+01:00,MAR1GSOPEN;EURJPY;C2;08-10 18:00;0;
2026-08-10T18:03:00.000+01:00,"MAR1GSOPEN;EURJPY;B1;08-10 18:00;2;08-10 18:00,08-10 18:03"
2026-08-10T18:03:00.000+01:00,"MAR1GSOPEN;EURJPY;B2;08-10 18:00;2;08-10 18:00,08-10 18:03"
2026-08-10T18:03:00.000+01:00,MAR1GSOPEN;EURJPY;C1;08-10 18:03;1;08-10 18:03
2026-08-10T18:03:00.000+01:00,MAR1GSOPEN;EURJPY;C2;08-10 18:03;1;08-10 18:03
2026-08-10T18:04:00.000+01:00,"MAR1GSOPEN;EURJPY;B1;08-10 18:00;2;08-10 18:00,08-10 18:03"
2026-08-10T18:04:00.000+01:00,"MAR1GSOPEN;EURJPY;B2;08-10 18:00;2;08-10 18:00,08-10 18:03"
2026-08-10T18:04:00.000+01:00,MAR1GSOPEN;EURJPY;C1;08-10 18:03;1;08-10 18:03
2026-08-10T18:04:00.000+01:00,MAR1GSOPEN;EURJPY;C2;08-10 18:03;1;08-10 18:03
2026-08-10T18:05:00.000+01:00,"MAR1GSOPEN;EURJPY;B1;08-10 18:00;2;08-10 18:00,08-10 18:03"
2026-08-10T18:05:00.000+01:00,"MAR1GSOPEN;EURJPY;B2;08-10 18:00;2;08-10 18:00,08-10 18:03"
2026-08-10T18:05:00.000+01:00,MAR1GSOPEN;EURJPY;C1;08-10 18:03;1;08-10 18:03
2026-08-10T18:05:00.000+01:00,MAR1GSOPEN;EURJPY;C2;08-10 18:03;1;08-10 18:03
2026-08-10T18:06:00.000+01:00,"MAR1GSOPEN;EURJPY;B1;08-10 18:00;2;08-10 18:00,08-10 18:03"
2026-08-10T18:06:00.000+01:00,"MAR1GSOPEN;EURJPY;B2;08-10 18:00;2;08-10 18:00,08-10 18:03"
2026-08-10T18:06:00.000+01:00,MAR1GSOPEN;EURJPY;C1;08-10 18:03;1;08-10 18:03
2026-08-10T18:06:00.000+01:00,MAR1GSOPEN;EURJPY;C2;08-10 18:03;1;08-10 18:03
2026-08-10T18:07:00.000+01:00,"MAR1GSCLOSE;EURJPY;B1;08-10 18:00;08-10 18:08;3;long;08-10 18:00,08-10 18:03,08-10 18:07"
2026-08-10T18:07:00.000+01:00,"MAR1GSCLOSE;EURJPY;B2;08-10 18:00;08-10 18:08;3;long;08-10 18:00,08-10 18:03,08-10 18:07"
2026-08-10T18:07:00.000+01:00,"MAR1GSCLOSE;EURJPY;C1;08-10 18:03;08-10 18:08;2;long;08-10 18:03,08-10 18:07"
2026-08-10T18:07:00.000+01:00,"MAR1GSCLOSE;EURJPY;C2;08-10 18:03;08-10 18:08;2;long;08-10 18:03,08-10 18:07"
2026-08-10T19:14:00.000+01:00,MAR1GSOPEN;EURJPY;B1;08-10 19:14;0;
2026-08-10T19:14:00.000+01:00,MAR1GSOPEN;EURJPY;B2;08-10 19:14;0;
2026-08-10T19:15:00.000+01:00,MAR1GSOPEN;EURJPY;B1;08-10 19:14;0;
2026-08-10T19:15:00.000+01:00,MAR1GSOPEN;EURJPY;B2;08-10 19:14;0;
2026-08-10T19:16:00.000+01:00,MAR1GSOPEN;EURJPY;B1;08-10 19:14;0;
2026-08-10T19:16:00.000+01:00,MAR1GSOPEN;EURJPY;B2;08-10 19:14;0;
2026-08-10T19:17:00.000+01:00,MAR1GSOPEN;EURJPY;B1;08-10 19:14;0;
2026-08-10T19:17:00.000+01:00,MAR1GSOPEN;EURJPY;B2;08-10 19:14;0;
2026-08-10T19:18:00.000+01:00,MAR1GSOPEN;EURJPY;B1;08-10 19:14;0;
2026-08-10T19:18:00.000+01:00,MAR1GSOPEN;EURJPY;B2;08-10 19:14;0;
2026-08-10T19:19:00.000+01:00,MAR1GSOPEN;EURJPY;B1;08-10 19:14;0;
2026-08-10T19:19:00.000+01:00,MAR1GSOPEN;EURJPY;B2;08-10 19:14;0;
2026-08-10T19:20:00.000+01:00,MAR1GSOPEN;EURJPY;B1;08-10 19:14;0;
2026-08-10T19:20:00.000+01:00,MAR1GSOPEN;EURJPY;B2;08-10 19:14;0;
2026-08-10T19:21:00.000+01:00,MAR1GSOPEN;EURJPY;B1;08-10 19:14;0;
2026-08-10T19:21:00.000+01:00,MAR1GSOPEN;EURJPY;B2;08-10 19:14;0;
2026-08-10T19:22:00.000+01:00,MAR1GSOPEN;EURJPY;A2;08-10 19:22;0;
2026-08-10T19:22:00.000+01:00,MAR1GSOPEN;EURJPY;B1;08-10 19:22;1;08-10 19:22
2026-08-10T19:22:00.000+01:00,MAR1GSOPEN;EURJPY;B2;08-10 19:22;1;08-10 19:22
2026-08-10T19:23:00.000+01:00,MAR1GSOPEN;EURJPY;A2;08-10 19:22;0;
2026-08-10T19:23:00.000+01:00,MAR1GSOPEN;EURJPY;B1;08-10 19:22;1;08-10 19:22
2026-08-10T19:23:00.000+01:00,MAR1GSOPEN;EURJPY;B2;08-10 19:22;1;08-10 19:22
2026-08-10T19:24:00.000+01:00,MAR1GSOPEN;EURJPY;A2;08-10 19:22;0;
2026-08-10T19:24:00.000+01:00,MAR1GSOPEN;EURJPY;B1;08-10 19:22;1;08-10 19:22
2026-08-10T19:24:00.000+01:00,MAR1GSOPEN;EURJPY;B2;08-10 19:22;1;08-10 19:22
2026-08-10T19:25:00.000+01:00,MAR1GSOPEN;EURJPY;A2;08-10 19:22;0;
2026-08-10T19:25:00.000+01:00,MAR1GSOPEN;EURJPY;B1;08-10 19:22;1;08-10 19:22
2026-08-10T19:25:00.000+01:00,MAR1GSOPEN;EURJPY;B2;08-10 19:22;1;08-10 19:22
2026-08-10T19:26:00.000+01:00,MAR1GSOPEN;EURJPY;A2;08-10 19:26;1;08-10 19:26
2026-08-10T19:26:00.000+01:00,"MAR1GSOPEN;EURJPY;B1;08-10 19:22;2;08-10 19:22,08-10 19:26"
2026-08-10T19:26:00.000+01:00,"MAR1GSOPEN;EURJPY;B2;08-10 19:22;2;08-10 19:22,08-10 19:26"
2026-08-10T19:27:00.000+01:00,"MAR1GSCLOSE;EURJPY;A2;08-10 19:26;08-10 19:28;2;long;08-10 19:26,08-10 19:27"
2026-08-10T19:27:00.000+01:00,"MAR1GSCLOSE;EURJPY;B1;08-10 19:22;08-10 19:28;3;long;08-10 19:22,08-10 19:26,08-10 19:27"
2026-08-10T19:27:00.000+01:00,"MAR1GSCLOSE;EURJPY;B2;08-10 19:22;08-10 19:28;3;long;08-10 19:22,08-10 19:26,08-10 19:27"
2026-08-10T19:42:00.000+01:00,MAR1GSOPEN;EURJPY;B1;08-10 19:42;0;
2026-08-10T19:43:00.000+01:00,MAR1GSOPEN;EURJPY;B1;08-10 19:42;0;
2026-08-10T19:44:00.000+01:00,MAR1GSOPEN;EURJPY;B1;08-10 19:42;0;
2026-08-10T19:45:00.000+01:00,MAR1GSOPEN;EURJPY;B1;08-10 19:42;0;
2026-08-10T19:46:00.000+01:00,MAR1GSOPEN;EURJPY;A1;08-10 19:46;0;
2026-08-10T19:46:00.000+01:00,MAR1GSOPEN;EURJPY;A2;08-10 19:46;0;
2026-08-10T19:46:00.000+01:00,MAR1GSOPEN;EURJPY;B1;08-10 19:46;1;08-10 19:46
2026-08-10T19:46:00.000+01:00,MAR1GSOPEN;EURJPY;B2;08-10 19:46;0;
2026-08-10T19:47:00.000+01:00,MAR1GSCLOSE;EURJPY;A1;08-10 19:47;08-10 19:48;1;long;08-10 19:47
2026-08-10T19:47:00.000+01:00,MAR1GSCLOSE;EURJPY;A2;08-10 19:47;08-10 19:48;1;long;08-10 19:47
2026-08-10T19:47:00.000+01:00,"MAR1GSCLOSE;EURJPY;B1;08-10 19:46;08-10 19:48;2;long;08-10 19:46,08-10 19:47"
2026-08-10T19:47:00.000+01:00,MAR1GSCLOSE;EURJPY;B2;08-10 19:47;08-10 19:48;1;long;08-10 19:47
2026-08-11T18:40:00.000+01:00,MAR1GSOPEN;EURJPY;A1;08-11 18:40;0;
2026-08-11T18:40:00.000+01:00,MAR1GSOPEN;EURJPY;A2;08-11 18:40;0;
2026-08-11T18:41:00.000+01:00,MAR1GSOPEN;EURJPY;A1;08-11 18:40;0;
2026-08-11T18:41:00.000+01:00,MAR1GSOPEN;EURJPY;A2;08-11 18:40;0;
2026-08-11T18:42:00.000+01:00,MAR1GSOPEN;EURJPY;A1;08-11 18:40;0;
2026-08-11T18:42:00.000+01:00,MAR1GSOPEN;EURJPY;A2;08-11 18:40;0;
2026-08-11T18:43:00.000+01:00,MAR1GSOPEN;EURJPY;A1;08-11 18:40;0;
2026-08-11T18:43:00.000+01:00,MAR1GSOPEN;EURJPY;A2;08-11 18:40;0;
2026-08-11T18:44:00.000+01:00,MAR1GSOPEN;EURJPY;A1;08-11 18:40;0;
2026-08-11T18:44:00.000+01:00,MAR1GSOPEN;EURJPY;A2;08-11 18:40;0;
2026-08-11T18:45:00.000+01:00,MAR1GSOPEN;EURJPY;A1;08-11 18:40;0;
2026-08-11T18:45:00.000+01:00,MAR1GSOPEN;EURJPY;A2;08-11 18:40;0;
2026-08-11T18:46:00.000+01:00,MAR1GSOPEN;EURJPY;A1;08-11 18:40;0;
2026-08-11T18:46:00.000+01:00,MAR1GSOPEN;EURJPY;A2;08-11 18:40;0;
2026-08-11T18:47:00.000+01:00,MAR1GSOPEN;EURJPY;A1;08-11 18:40;0;
2026-08-11T18:47:00.000+01:00,MAR1GSOPEN;EURJPY;A2;08-11 18:40;0;
2026-08-11T18:48:00.000+01:00,MAR1GSOPEN;EURJPY;A1;08-11 18:40;0;
2026-08-11T18:48:00.000+01:00,MAR1GSOPEN;EURJPY;A2;08-11 18:40;0;
2026-08-11T18:49:00.000+01:00,MAR1GSOPEN;EURJPY;A1;08-11 18:40;0;
2026-08-11T18:49:00.000+01:00,MAR1GSOPEN;EURJPY;A2;08-11 18:40;0;
2026-08-11T18:50:00.000+01:00,MAR1GSOPEN;EURJPY;A1;08-11 18:40;0;
2026-08-11T18:50:00.000+01:00,MAR1GSOPEN;EURJPY;A2;08-11 18:40;0;
2026-08-11T18:51:00.000+01:00,MAR1GSOPEN;EURJPY;A1;08-11 18:40;0;
2026-08-11T18:51:00.000+01:00,MAR1GSOPEN;EURJPY;A2;08-11 18:40;0;
2026-08-11T18:52:00.000+01:00,MAR1GSOPEN;EURJPY;A1;08-11 18:40;0;
2026-08-11T18:52:00.000+01:00,MAR1GSOPEN;EURJPY;A2;08-11 18:40;0;
2026-08-11T18:53:00.000+01:00,MAR1GSOPEN;EURJPY;A1;08-11 18:40;0;
2026-08-11T18:53:00.000+01:00,MAR1GSOPEN;EURJPY;A2;08-11 18:40;0;
2026-08-11T18:54:00.000+01:00,MAR1GSOPEN;EURJPY;A1;08-11 18:40;0;
2026-08-11T18:54:00.000+01:00,MAR1GSOPEN;EURJPY;A2;08-11 18:40;0;
2026-08-11T18:55:00.000+01:00,MAR1GSOPEN;EURJPY;A1;08-11 18:40;0;
2026-08-11T18:55:00.000+01:00,MAR1GSOPEN;EURJPY;A2;08-11 18:40;0;
2026-08-11T18:56:00.000+01:00,MAR1GSOPEN;EURJPY;A1;08-11 18:40;0;
2026-08-11T18:56:00.000+01:00,MAR1GSOPEN;EURJPY;A2;08-11 18:40;0;
2026-08-11T18:57:00.000+01:00,MAR1GSOPEN;EURJPY;A1;08-11 18:40;0;
2026-08-11T18:57:00.000+01:00,MAR1GSOPEN;EURJPY;A2;08-11 18:40;0;
2026-08-11T18:58:00.000+01:00,MAR1GSOPEN;EURJPY;A1;08-11 18:40;0;
2026-08-11T18:58:00.000+01:00,MAR1GSOPEN;EURJPY;A2;08-11 18:40;0;
2026-08-11T18:59:00.000+01:00,MAR1GSOPEN;EURJPY;A1;08-11 18:40;0;
2026-08-11T18:59:00.000+01:00,MAR1GSOPEN;EURJPY;A2;08-11 18:40;0;
2026-08-11T19:00:00.000+01:00,MAR1GSOPEN;EURJPY;A1;08-11 18:40;0;
2026-08-11T19:00:00.000+01:00,MAR1GSOPEN;EURJPY;A2;08-11 18:40;0;
2026-08-11T19:01:00.000+01:00,MAR1GSOPEN;EURJPY;A1;08-11 18:40;0;
2026-08-11T19:01:00.000+01:00,MAR1GSOPEN;EURJPY;A2;08-11 18:40;0;
2026-08-11T19:02:00.000+01:00,MAR1GSOPEN;EURJPY;A1;08-11 18:40;0;
2026-08-11T19:02:00.000+01:00,MAR1GSOPEN;EURJPY;A2;08-11 18:40;0;
2026-08-11T19:03:00.000+01:00,MAR1GSOPEN;EURJPY;A1;08-11 18:40;0;
2026-08-11T19:03:00.000+01:00,MAR1GSOPEN;EURJPY;A2;08-11 18:40;0;
2026-08-11T19:04:00.000+01:00,MAR1GSOPEN;EURJPY;A1;08-11 18:40;0;
2026-08-11T19:04:00.000+01:00,MAR1GSOPEN;EURJPY;A2;08-11 18:40;0;
2026-08-11T19:05:00.000+01:00,MAR1GSOPEN;EURJPY;A1;08-11 18:40;0;
2026-08-11T19:05:00.000+01:00,MAR1GSOPEN;EURJPY;A2;08-11 18:40;0;
2026-08-11T19:06:00.000+01:00,MAR1GSOPEN;EURJPY;A1;08-11 18:40;0;
2026-08-11T19:06:00.000+01:00,MAR1GSOPEN;EURJPY;A2;08-11 18:40;0;
2026-08-11T19:07:00.000+01:00,MAR1GSOPEN;EURJPY;A1;08-11 18:40;0;
2026-08-11T19:07:00.000+01:00,MAR1GSOPEN;EURJPY;A2;08-11 18:40;0;
2026-08-11T19:08:00.000+01:00,MAR1GSOPEN;EURJPY;A1;08-11 18:40;0;
2026-08-11T19:08:00.000+01:00,MAR1GSOPEN;EURJPY;A2;08-11 18:40;0;
2026-08-11T19:09:00.000+01:00,MAR1GSOPEN;EURJPY;A1;08-11 18:40;0;
2026-08-11T19:09:00.000+01:00,MAR1GSOPEN;EURJPY;A2;08-11 18:40;0;
2026-08-11T19:10:00.000+01:00,MAR1GSOPEN;EURJPY;A1;08-11 18:40;0;
2026-08-11T19:10:00.000+01:00,MAR1GSOPEN;EURJPY;A2;08-11 18:40;0;
2026-08-11T19:11:00.000+01:00,MAR1GSOPEN;EURJPY;A1;08-11 18:40;0;
2026-08-11T19:11:00.000+01:00,MAR1GSOPEN;EURJPY;A2;08-11 18:40;0;
2026-08-11T19:12:00.000+01:00,MAR1GSOPEN;EURJPY;A1;08-11 18:40;0;
2026-08-11T19:12:00.000+01:00,MAR1GSOPEN;EURJPY;A2;08-11 18:40;0;
2026-08-11T19:12:00.000+01:00,MAR1GSOPEN;EURJPY;B1;08-11 19:12;0;
2026-08-11T19:12:00.000+01:00,MAR1GSOPEN;EURJPY;B2;08-11 19:12;0;
2026-08-11T19:13:00.000+01:00,MAR1GSOPEN;EURJPY;A1;08-11 18:40;0;
2026-08-11T19:13:00.000+01:00,MAR1GSOPEN;EURJPY;A2;08-11 18:40;0;
2026-08-11T19:13:00.000+01:00,MAR1GSOPEN;EURJPY;B1;08-11 19:12;0;
2026-08-11T19:13:00.000+01:00,MAR1GSOPEN;EURJPY;B2;08-11 19:12;0;
2026-08-11T19:14:00.000+01:00,MAR1GSOPEN;EURJPY;A1;08-11 18:40;0;
2026-08-11T19:14:00.000+01:00,MAR1GSOPEN;EURJPY;A2;08-11 18:40;0;
2026-08-11T19:14:00.000+01:00,MAR1GSOPEN;EURJPY;B1;08-11 19:12;0;
2026-08-11T19:14:00.000+01:00,MAR1GSOPEN;EURJPY;B2;08-11 19:12;0;
2026-08-11T19:15:00.000+01:00,MAR1GSOPEN;EURJPY;A1;08-11 18:40;0;
2026-08-11T19:15:00.000+01:00,MAR1GSOPEN;EURJPY;A2;08-11 18:40;0;
2026-08-11T19:15:00.000+01:00,MAR1GSOPEN;EURJPY;B1;08-11 19:12;0;
2026-08-11T19:15:00.000+01:00,MAR1GSOPEN;EURJPY;B2;08-11 19:12;0;
2026-08-11T19:16:00.000+01:00,MAR1GSOPEN;EURJPY;A1;08-11 18:40;0;
2026-08-11T19:16:00.000+01:00,MAR1GSOPEN;EURJPY;A2;08-11 18:40;0;
2026-08-11T19:16:00.000+01:00,MAR1GSOPEN;EURJPY;B1;08-11 19:12;0;
2026-08-11T19:16:00.000+01:00,MAR1GSOPEN;EURJPY;B2;08-11 19:12;0;
2026-08-11T19:17:00.000+01:00,MAR1GSOPEN;EURJPY;A1;08-11 18:40;0;
2026-08-11T19:17:00.000+01:00,MAR1GSOPEN;EURJPY;A2;08-11 18:40;0;
2026-08-11T19:17:00.000+01:00,MAR1GSOPEN;EURJPY;B1;08-11 19:12;0;
2026-08-11T19:17:00.000+01:00,MAR1GSOPEN;EURJPY;B2;08-11 19:12;0;
2026-08-11T19:18:00.000+01:00,MAR1GSOPEN;EURJPY;A1;08-11 18:40;0;
2026-08-11T19:18:00.000+01:00,MAR1GSOPEN;EURJPY;A2;08-11 18:40;0;
2026-08-11T19:18:00.000+01:00,MAR1GSOPEN;EURJPY;B1;08-11 19:12;0;
2026-08-11T19:18:00.000+01:00,MAR1GSOPEN;EURJPY;B2;08-11 19:12;0;
2026-08-11T19:19:00.000+01:00,MAR1GSOPEN;EURJPY;A1;08-11 18:40;0;
2026-08-11T19:19:00.000+01:00,MAR1GSOPEN;EURJPY;A2;08-11 18:40;0;
2026-08-11T19:19:00.000+01:00,MAR1GSOPEN;EURJPY;B1;08-11 19:12;0;
2026-08-11T19:19:00.000+01:00,MAR1GSOPEN;EURJPY;B2;08-11 19:12;0;
2026-08-11T19:20:00.000+01:00,MAR1GSOPEN;EURJPY;A1;08-11 18:40;0;
2026-08-11T19:20:00.000+01:00,MAR1GSOPEN;EURJPY;A2;08-11 18:40;0;
2026-08-11T19:20:00.000+01:00,MAR1GSOPEN;EURJPY;B1;08-11 19:12;0;
2026-08-11T19:20:00.000+01:00,MAR1GSOPEN;EURJPY;B2;08-11 19:12;0;
2026-08-11T19:21:00.000+01:00,MAR1GSOPEN;EURJPY;A1;08-11 18:40;0;
2026-08-11T19:21:00.000+01:00,MAR1GSOPEN;EURJPY;A2;08-11 18:40;0;
2026-08-11T19:21:00.000+01:00,MAR1GSOPEN;EURJPY;B1;08-11 19:12;0;
2026-08-11T19:21:00.000+01:00,MAR1GSOPEN;EURJPY;B2;08-11 19:12;0;
2026-08-11T19:22:00.000+01:00,MAR1GSOPEN;EURJPY;A1;08-11 18:40;0;
2026-08-11T19:22:00.000+01:00,MAR1GSOPEN;EURJPY;A2;08-11 18:40;0;
2026-08-11T19:22:00.000+01:00,MAR1GSOPEN;EURJPY;B1;08-11 19:12;0;
2026-08-11T19:22:00.000+01:00,MAR1GSOPEN;EURJPY;B2;08-11 19:12;0;
2026-08-11T19:23:00.000+01:00,MAR1GSOPEN;EURJPY;A1;08-11 18:40;0;
2026-08-11T19:23:00.000+01:00,MAR1GSOPEN;EURJPY;A2;08-11 18:40;0;
2026-08-11T19:23:00.000+01:00,MAR1GSOPEN;EURJPY;B1;08-11 19:12;0;
2026-08-11T19:23:00.000+01:00,MAR1GSOPEN;EURJPY;B2;08-11 19:12;0;
2026-08-11T19:24:00.000+01:00,MAR1GSOPEN;EURJPY;A1;08-11 18:40;0;
2026-08-11T19:24:00.000+01:00,MAR1GSOPEN;EURJPY;A2;08-11 18:40;0;
2026-08-11T19:24:00.000+01:00,MAR1GSOPEN;EURJPY;B1;08-11 19:12;0;
2026-08-11T19:24:00.000+01:00,MAR1GSOPEN;EURJPY;B2;08-11 19:12;0;
2026-08-11T19:25:00.000+01:00,MAR1GSOPEN;EURJPY;A1;08-11 18:40;0;
2026-08-11T19:25:00.000+01:00,MAR1GSOPEN;EURJPY;A2;08-11 18:40;0;
2026-08-11T19:25:00.000+01:00,MAR1GSOPEN;EURJPY;B1;08-11 19:12;0;
2026-08-11T19:25:00.000+01:00,MAR1GSOPEN;EURJPY;B2;08-11 19:12;0;
2026-08-11T19:26:00.000+01:00,MAR1GSOPEN;EURJPY;A1;08-11 18:40;0;
2026-08-11T19:26:00.000+01:00,MAR1GSOPEN;EURJPY;A2;08-11 18:40;0;
2026-08-11T19:26:00.000+01:00,MAR1GSOPEN;EURJPY;B1;08-11 19:12;0;
2026-08-11T19:26:00.000+01:00,MAR1GSOPEN;EURJPY;B2;08-11 19:12;0;
2026-08-11T19:27:00.000+01:00,MAR1GSOPEN;EURJPY;A1;08-11 18:40;0;
2026-08-11T19:27:00.000+01:00,MAR1GSOPEN;EURJPY;A2;08-11 18:40;0;
2026-08-11T19:27:00.000+01:00,MAR1GSOPEN;EURJPY;B1;08-11 19:12;0;
2026-08-11T19:27:00.000+01:00,MAR1GSOPEN;EURJPY;B2;08-11 19:12;0;
2026-08-11T19:28:00.000+01:00,MAR1GSOPEN;EURJPY;A1;08-11 18:40;0;
2026-08-11T19:28:00.000+01:00,MAR1GSOPEN;EURJPY;A2;08-11 18:40;0;
2026-08-11T19:28:00.000+01:00,MAR1GSOPEN;EURJPY;B1;08-11 19:12;0;
2026-08-11T19:28:00.000+01:00,MAR1GSOPEN;EURJPY;B2;08-11 19:12;0;
2026-08-11T19:29:00.000+01:00,MAR1GSOPEN;EURJPY;A1;08-11 18:40;0;
2026-08-11T19:29:00.000+01:00,MAR1GSOPEN;EURJPY;A2;08-11 18:40;0;
2026-08-11T19:29:00.000+01:00,MAR1GSOPEN;EURJPY;B1;08-11 19:12;0;
2026-08-11T19:29:00.000+01:00,MAR1GSOPEN;EURJPY;B2;08-11 19:12;0;
2026-08-11T19:30:00.000+01:00,MAR1GSOPEN;EURJPY;A1;08-11 18:40;0;
2026-08-11T19:30:00.000+01:00,MAR1GSOPEN;EURJPY;A2;08-11 18:40;0;
2026-08-11T19:30:00.000+01:00,MAR1GSOPEN;EURJPY;B1;08-11 19:12;0;
2026-08-11T19:30:00.000+01:00,MAR1GSOPEN;EURJPY;B2;08-11 19:12;0;
2026-08-11T19:31:00.000+01:00,MAR1GSOPEN;EURJPY;A1;08-11 18:40;0;
2026-08-11T19:31:00.000+01:00,MAR1GSOPEN;EURJPY;A2;08-11 18:40;0;
2026-08-11T19:31:00.000+01:00,MAR1GSOPEN;EURJPY;B1;08-11 19:12;0;
2026-08-11T19:31:00.000+01:00,MAR1GSOPEN;EURJPY;B2;08-11 19:12;0;
2026-08-11T19:32:00.000+01:00,MAR1GSOPEN;EURJPY;A1;08-11 18:40;0;
2026-08-11T19:32:00.000+01:00,MAR1GSOPEN;EURJPY;A2;08-11 18:40;0;
2026-08-11T19:32:00.000+01:00,MAR1GSOPEN;EURJPY;B1;08-11 19:12;0;
2026-08-11T19:32:00.000+01:00,MAR1GSOPEN;EURJPY;B2;08-11 19:12;0;
2026-08-11T19:33:00.000+01:00,MAR1GSOPEN;EURJPY;A1;08-11 18:40;0;
2026-08-11T19:33:00.000+01:00,MAR1GSOPEN;EURJPY;A2;08-11 18:40;0;
2026-08-11T19:33:00.000+01:00,MAR1GSOPEN;EURJPY;B1;08-11 19:12;0;
2026-08-11T19:33:00.000+01:00,MAR1GSOPEN;EURJPY;B2;08-11 19:12;0;
2026-08-11T19:34:00.000+01:00,MAR1GSOPEN;EURJPY;A1;08-11 18:40;0;
2026-08-11T19:34:00.000+01:00,MAR1GSOPEN;EURJPY;A2;08-11 18:40;0;
2026-08-11T19:34:00.000+01:00,MAR1GSOPEN;EURJPY;B1;08-11 19:12;0;
2026-08-11T19:34:00.000+01:00,MAR1GSOPEN;EURJPY;B2;08-11 19:12;0;
2026-08-11T19:35:00.000+01:00,MAR1GSOPEN;EURJPY;A1;08-11 18:40;0;
2026-08-11T19:35:00.000+01:00,MAR1GSOPEN;EURJPY;A2;08-11 18:40;0;
2026-08-11T19:35:00.000+01:00,MAR1GSOPEN;EURJPY;B1;08-11 19:12;0;
2026-08-11T19:35:00.000+01:00,MAR1GSOPEN;EURJPY;B2;08-11 19:12;0;
2026-08-11T19:36:00.000+01:00,MAR1GSOPEN;EURJPY;A1;08-11 18:40;0;
2026-08-11T19:36:00.000+01:00,MAR1GSOPEN;EURJPY;A2;08-11 18:40;0;
2026-08-11T19:36:00.000+01:00,MAR1GSOPEN;EURJPY;B1;08-11 19:12;0;
2026-08-11T19:36:00.000+01:00,MAR1GSOPEN;EURJPY;B2;08-11 19:12;0;
2026-08-11T19:37:00.000+01:00,MAR1GSOPEN;EURJPY;A1;08-11 18:40;0;
2026-08-11T19:37:00.000+01:00,MAR1GSOPEN;EURJPY;A2;08-11 18:40;0;
2026-08-11T19:37:00.000+01:00,MAR1GSOPEN;EURJPY;B1;08-11 19:12;0;
2026-08-11T19:37:00.000+01:00,MAR1GSOPEN;EURJPY;B2;08-11 19:12;0;
2026-08-11T19:38:00.000+01:00,MAR1GSOPEN;EURJPY;A1;08-11 18:40;0;
2026-08-11T19:38:00.000+01:00,MAR1GSOPEN;EURJPY;A2;08-11 18:40;0;
2026-08-11T19:38:00.000+01:00,MAR1GSOPEN;EURJPY;B1;08-11 19:12;0;
2026-08-11T19:38:00.000+01:00,MAR1GSOPEN;EURJPY;B2;08-11 19:12;0;
2026-08-11T19:39:00.000+01:00,MAR1GSOPEN;EURJPY;A1;08-11 18:40;0;
2026-08-11T19:39:00.000+01:00,MAR1GSOPEN;EURJPY;A2;08-11 18:40;0;
2026-08-11T19:39:00.000+01:00,MAR1GSOPEN;EURJPY;B1;08-11 19:12;0;
2026-08-11T19:39:00.000+01:00,MAR1GSOPEN;EURJPY;B2;08-11 19:12;0;
2026-08-11T19:40:00.000+01:00,MAR1GSOPEN;EURJPY;A1;08-11 18:40;0;
2026-08-11T19:40:00.000+01:00,MAR1GSOPEN;EURJPY;A2;08-11 18:40;0;
2026-08-11T19:40:00.000+01:00,MAR1GSOPEN;EURJPY;B1;08-11 19:12;0;
2026-08-11T19:40:00.000+01:00,MAR1GSOPEN;EURJPY;B2;08-11 19:12;0;
2026-08-11T19:41:00.000+01:00,MAR1GSOPEN;EURJPY;A1;08-11 18:40;0;
2026-08-11T19:41:00.000+01:00,MAR1GSOPEN;EURJPY;A2;08-11 18:40;0;
2026-08-11T19:41:00.000+01:00,MAR1GSOPEN;EURJPY;B1;08-11 19:12;0;
2026-08-11T19:41:00.000+01:00,MAR1GSOPEN;EURJPY;B2;08-11 19:12;0;
2026-08-11T19:42:00.000+01:00,MAR1GSOPEN;EURJPY;A1;08-11 18:40;0;
2026-08-11T19:42:00.000+01:00,MAR1GSOPEN;EURJPY;A2;08-11 18:40;0;
2026-08-11T19:42:00.000+01:00,MAR1GSOPEN;EURJPY;B1;08-11 19:12;0;
2026-08-11T19:42:00.000+01:00,MAR1GSOPEN;EURJPY;B2;08-11 19:12;0;
2026-08-11T19:43:00.000+01:00,MAR1GSOPEN;EURJPY;A1;08-11 18:40;0;
2026-08-11T19:43:00.000+01:00,MAR1GSOPEN;EURJPY;A2;08-11 18:40;0;
2026-08-11T19:43:00.000+01:00,MAR1GSOPEN;EURJPY;B1;08-11 19:12;0;
2026-08-11T19:43:00.000+01:00,MAR1GSOPEN;EURJPY;B2;08-11 19:12;0;
2026-08-11T19:44:00.000+01:00,MAR1GSOPEN;EURJPY;A1;08-11 19:44;1;08-11 19:44
2026-08-11T19:44:00.000+01:00,MAR1GSOPEN;EURJPY;A2;08-11 19:44;1;08-11 19:44
2026-08-11T19:44:00.000+01:00,MAR1GSOPEN;EURJPY;B1;08-11 19:44;1;08-11 19:44
2026-08-11T19:44:00.000+01:00,MAR1GSOPEN;EURJPY;B2;08-11 19:44;1;08-11 19:44
2026-08-11T19:44:00.000+01:00,MAR1GSOPEN;EURJPY;C1;08-11 19:44;0;
2026-08-11T19:44:00.000+01:00,MAR1GSOPEN;EURJPY;C2;08-11 19:44;0;
2026-08-11T19:45:00.000+01:00,"MAR1GSCLOSE;EURJPY;A1;08-11 19:44;08-11 19:46;2;long;08-11 19:44,08-11 19:45"
2026-08-11T19:45:00.000+01:00,"MAR1GSCLOSE;EURJPY;A2;08-11 19:44;08-11 19:46;2;long;08-11 19:44,08-11 19:45"
2026-08-11T19:45:00.000+01:00,"MAR1GSCLOSE;EURJPY;B1;08-11 19:44;08-11 19:46;2;long;08-11 19:44,08-11 19:45"
2026-08-11T19:45:00.000+01:00,"MAR1GSCLOSE;EURJPY;B2;08-11 19:44;08-11 19:46;2;long;08-11 19:44,08-11 19:45"
2026-08-11T19:45:00.000+01:00,MAR1GSCLOSE;EURJPY;C1;08-11 19:45;08-11 19:46;1;long;08-11 19:45
2026-08-11T19:45:00.000+01:00,MAR1GSCLOSE;EURJPY;C2;08-11 19:45;08-11 19:46;1;long;08-11 19:45
2026-08-03T11:12:00.000+01:00,MAR1GSOPEN;EURJPY;A1;08-03 11:12;0;
2026-08-03T11:12:00.000+01:00,MAR1GSOPEN;EURJPY;A2;08-03 11:12;0;
2026-08-03T11:12:00.000+01:00,MAR1GSOPEN;EURJPY;B1;08-03 11:12;0;
2026-08-03T11:12:00.000+01:00,MAR1GSOPEN;EURJPY;B2;08-03 11:12;0;
2026-08-03T11:13:00.000+01:00,MAR1GSOPEN;EURJPY;A1;08-03 11:12;0;
2026-08-03T11:13:00.000+01:00,MAR1GSOPEN;EURJPY;A2;08-03 11:12;0;
2026-08-03T11:13:00.000+01:00,MAR1GSOPEN;EURJPY;B1;08-03 11:12;0;
2026-08-03T11:13:00.000+01:00,MAR1GSOPEN;EURJPY;B2;08-03 11:12;0;
2026-08-03T11:14:00.000+01:00,MAR1GSOPEN;EURJPY;A1;08-03 11:12;0;
2026-08-03T11:14:00.000+01:00,MAR1GSOPEN;EURJPY;A2;08-03 11:12;0;
2026-08-03T11:14:00.000+01:00,MAR1GSOPEN;EURJPY;B1;08-03 11:12;0;
2026-08-03T11:14:00.000+01:00,MAR1GSOPEN;EURJPY;B2;08-03 11:12;0;
2026-08-03T11:15:00.000+01:00,MAR1GSOPEN;EURJPY;A1;08-03 11:15;1;08-03 11:15
2026-08-03T11:15:00.000+01:00,MAR1GSOPEN;EURJPY;A2;08-03 11:15;1;08-03 11:15
2026-08-03T11:15:00.000+01:00,MAR1GSOPEN;EURJPY;B1;08-03 11:15;1;08-03 11:15
2026-08-03T11:15:00.000+01:00,MAR1GSOPEN;EURJPY;B2;08-03 11:15;1;08-03 11:15
2026-08-03T11:15:00.000+01:00,MAR1GSOPEN;EURJPY;D2;08-03 11:15;0;
2026-08-03T11:16:00.000+01:00,"MAR1GSCLOSE;EURJPY;A1;08-03 11:15;08-03 11:17;2;short;08-03 11:15,08-03 11:16"
2026-08-03T11:16:00.000+01:00,"MAR1GSCLOSE;EURJPY;A2;08-03 11:15;08-03 11:17;2;short;08-03 11:15,08-03 11:16"
2026-08-03T11:16:00.000+01:00,"MAR1GSCLOSE;EURJPY;B1;08-03 11:15;08-03 11:17;2;short;08-03 11:15,08-03 11:16"
2026-08-03T11:16:00.000+01:00,"MAR1GSCLOSE;EURJPY;B2;08-03 11:15;08-03 11:17;2;short;08-03 11:15,08-03 11:16"
2026-08-03T11:16:00.000+01:00,MAR1GSCLOSE;EURJPY;D2;08-03 11:16;08-03 11:17;1;short;08-03 11:16
2026-08-03T16:10:00.000+01:00,MAR1GSOPEN;EURJPY;A1;08-03 16:10;0;
2026-08-03T16:10:00.000+01:00,MAR1GSOPEN;EURJPY;A2;08-03 16:10;0;
2026-08-03T16:10:00.000+01:00,MAR1GSOPEN;EURJPY;B1;08-03 16:10;0;
2026-08-03T16:10:00.000+01:00,MAR1GSOPEN;EURJPY;B2;08-03 16:10;0;
2026-08-03T16:11:00.000+01:00,MAR1GSOPEN;EURJPY;A1;08-03 16:11;1;08-03 16:11
2026-08-03T16:11:00.000+01:00,MAR1GSOPEN;EURJPY;A2;08-03 16:11;1;08-03 16:11
2026-08-03T16:11:00.000+01:00,MAR1GSOPEN;EURJPY;B1;08-03 16:11;1;08-03 16:11
2026-08-03T16:11:00.000+01:00,MAR1GSOPEN;EURJPY;B2;08-03 16:11;1;08-03 16:11
2026-08-03T16:11:00.000+01:00,MAR1GSOPEN;EURJPY;C1;08-03 16:11;0;
2026-08-03T16:11:00.000+01:00,MAR1GSOPEN;EURJPY;C2;08-03 16:11;0;
2026-08-03T16:12:00.000+01:00,"MAR1GSOPEN;EURJPY;A1;08-03 16:11;2;08-03 16:11,08-03 16:12"
2026-08-03T16:12:00.000+01:00,"MAR1GSOPEN;EURJPY;A2;08-03 16:11;2;08-03 16:11,08-03 16:12"
2026-08-03T16:12:00.000+01:00,"MAR1GSOPEN;EURJPY;B1;08-03 16:11;2;08-03 16:11,08-03 16:12"
2026-08-03T16:12:00.000+01:00,"MAR1GSOPEN;EURJPY;B2;08-03 16:11;2;08-03 16:11,08-03 16:12"
2026-08-03T16:12:00.000+01:00,MAR1GSOPEN;EURJPY;C1;08-03 16:12;1;08-03 16:12
2026-08-03T16:12:00.000+01:00,MAR1GSOPEN;EURJPY;C2;08-03 16:12;1;08-03 16:12
2026-08-03T16:13:00.000+01:00,"MAR1GSOPEN;EURJPY;A1;08-03 16:11;2;08-03 16:11,08-03 16:12"
2026-08-03T16:13:00.000+01:00,"MAR1GSOPEN;EURJPY;A2;08-03 16:11;2;08-03 16:11,08-03 16:12"
2026-08-03T16:13:00.000+01:00,"MAR1GSOPEN;EURJPY;B1;08-03 16:11;2;08-03 16:11,08-03 16:12"
2026-08-03T16:13:00.000+01:00,"MAR1GSOPEN;EURJPY;B2;08-03 16:11;2;08-03 16:11,08-03 16:12"
2026-08-03T16:13:00.000+01:00,MAR1GSOPEN;EURJPY;C1;08-03 16:12;1;08-03 16:12
2026-08-03T16:13:00.000+01:00,MAR1GSOPEN;EURJPY;C2;08-03 16:12;1;08-03 16:12
2026-08-03T16:14:00.000+01:00,"MAR1GSOPEN;EURJPY;A1;08-03 16:11;2;08-03 16:11,08-03 16:12"
2026-08-03T16:14:00.000+01:00,"MAR1GSOPEN;EURJPY;A2;08-03 16:11;2;08-03 16:11,08-03 16:12"
2026-08-03T16:14:00.000+01:00,"MAR1GSOPEN;EURJPY;B1;08-03 16:11;2;08-03 16:11,08-03 16:12"
2026-08-03T16:14:00.000+01:00,"MAR1GSOPEN;EURJPY;B2;08-03 16:11;2;08-03 16:11,08-03 16:12"
2026-08-03T16:14:00.000+01:00,MAR1GSOPEN;EURJPY;C1;08-03 16:12;1;08-03 16:12
2026-08-03T16:14:00.000+01:00,MAR1GSOPEN;EURJPY;C2;08-03 16:12;1;08-03 16:12
2026-08-03T16:15:00.000+01:00,"MAR1GSOPEN;EURJPY;A1;08-03 16:11;2;08-03 16:11,08-03 16:12"
2026-08-03T16:15:00.000+01:00,"MAR1GSOPEN;EURJPY;A2;08-03 16:11;2;08-03 16:11,08-03 16:12"
2026-08-03T16:15:00.000+01:00,"MAR1GSOPEN;EURJPY;B1;08-03 16:11;2;08-03 16:11,08-03 16:12"
2026-08-03T16:15:00.000+01:00,"MAR1GSOPEN;EURJPY;B2;08-03 16:11;2;08-03 16:11,08-03 16:12"
2026-08-03T16:15:00.000+01:00,MAR1GSOPEN;EURJPY;C1;08-03 16:12;1;08-03 16:12
2026-08-03T16:15:00.000+01:00,MAR1GSOPEN;EURJPY;C2;08-03 16:12;1;08-03 16:12
2026-08-03T16:16:00.000+01:00,"MAR1GSOPEN;EURJPY;A1;08-03 16:11;2;08-03 16:11,08-03 16:12"
2026-08-03T16:16:00.000+01:00,"MAR1GSOPEN;EURJPY;A2;08-03 16:11;2;08-03 16:11,08-03 16:12"
2026-08-03T16:16:00.000+01:00,"MAR1GSOPEN;EURJPY;B1;08-03 16:11;2;08-03 16:11,08-03 16:12"
2026-08-03T16:16:00.000+01:00,"MAR1GSOPEN;EURJPY;B2;08-03 16:11;2;08-03 16:11,08-03 16:12"
2026-08-03T16:16:00.000+01:00,MAR1GSOPEN;EURJPY;C1;08-03 16:12;1;08-03 16:12
2026-08-03T16:16:00.000+01:00,MAR1GSOPEN;EURJPY;C2;08-03 16:12;1;08-03 16:12
2026-08-03T16:17:00.000+01:00,"MAR1GSOPEN;EURJPY;A1;08-03 16:11;2;08-03 16:11,08-03 16:12"
2026-08-03T16:17:00.000+01:00,"MAR1GSOPEN;EURJPY;A2;08-03 16:11;2;08-03 16:11,08-03 16:12"
2026-08-03T16:17:00.000+01:00,"MAR1GSOPEN;EURJPY;B1;08-03 16:11;2;08-03 16:11,08-03 16:12"
2026-08-03T16:17:00.000+01:00,"MAR1GSOPEN;EURJPY;B2;08-03 16:11;2;08-03 16:11,08-03 16:12"
2026-08-03T16:17:00.000+01:00,MAR1GSOPEN;EURJPY;C1;08-03 16:12;1;08-03 16:12
2026-08-03T16:17:00.000+01:00,MAR1GSOPEN;EURJPY;C2;08-03 16:12;1;08-03 16:12
2026-08-03T16:18:00.000+01:00,"MAR1GSOPEN;EURJPY;A1;08-03 16:11;2;08-03 16:11,08-03 16:12"
2026-08-03T16:18:00.000+01:00,"MAR1GSOPEN;EURJPY;A2;08-03 16:11;2;08-03 16:11,08-03 16:12"
2026-08-03T16:18:00.000+01:00,"MAR1GSOPEN;EURJPY;B1;08-03 16:11;2;08-03 16:11,08-03 16:12"
2026-08-03T16:18:00.000+01:00,"MAR1GSOPEN;EURJPY;B2;08-03 16:11;2;08-03 16:11,08-03 16:12"
2026-08-03T16:18:00.000+01:00,MAR1GSOPEN;EURJPY;C1;08-03 16:12;1;08-03 16:12
2026-08-03T16:18:00.000+01:00,MAR1GSOPEN;EURJPY;C2;08-03 16:12;1;08-03 16:12
2026-08-03T16:19:00.000+01:00,"MAR1GSOPEN;EURJPY;A1;08-03 16:11;2;08-03 16:11,08-03 16:12"
2026-08-03T16:19:00.000+01:00,"MAR1GSOPEN;EURJPY;A2;08-03 16:11;2;08-03 16:11,08-03 16:12"
2026-08-03T16:19:00.000+01:00,"MAR1GSOPEN;EURJPY;B1;08-03 16:11;2;08-03 16:11,08-03 16:12"
2026-08-03T16:19:00.000+01:00,"MAR1GSOPEN;EURJPY;B2;08-03 16:11;2;08-03 16:11,08-03 16:12"
2026-08-03T16:19:00.000+01:00,MAR1GSOPEN;EURJPY;C1;08-03 16:12;1;08-03 16:12
2026-08-03T16:19:00.000+01:00,MAR1GSOPEN;EURJPY;C2;08-03 16:12;1;08-03 16:12
2026-08-03T16:20:00.000+01:00,"MAR1GSOPEN;EURJPY;A1;08-03 16:11;2;08-03 16:11,08-03 16:12"
2026-08-03T16:20:00.000+01:00,"MAR1GSOPEN;EURJPY;A2;08-03 16:11;2;08-03 16:11,08-03 16:12"
2026-08-03T16:20:00.000+01:00,"MAR1GSOPEN;EURJPY;B1;08-03 16:11;2;08-03 16:11,08-03 16:12"
2026-08-03T16:20:00.000+01:00,"MAR1GSOPEN;EURJPY;B2;08-03 16:11;2;08-03 16:11,08-03 16:12"
2026-08-03T16:20:00.000+01:00,MAR1GSOPEN;EURJPY;C1;08-03 16:12;1;08-03 16:12
2026-08-03T16:20:00.000+01:00,MAR1GSOPEN;EURJPY;C2;08-03 16:12;1;08-03 16:12
2026-08-03T16:21:00.000+01:00,"MAR1GSOPEN;EURJPY;A1;08-03 16:11;2;08-03 16:11,08-03 16:12"
2026-08-03T16:21:00.000+01:00,"MAR1GSOPEN;EURJPY;A2;08-03 16:11;2;08-03 16:11,08-03 16:12"
2026-08-03T16:21:00.000+01:00,"MAR1GSOPEN;EURJPY;B1;08-03 16:11;2;08-03 16:11,08-03 16:12"
2026-08-03T16:21:00.000+01:00,"MAR1GSOPEN;EURJPY;B2;08-03 16:11;2;08-03 16:11,08-03 16:12"
2026-08-03T16:21:00.000+01:00,MAR1GSOPEN;EURJPY;C1;08-03 16:12;1;08-03 16:12
2026-08-03T16:21:00.000+01:00,MAR1GSOPEN;EURJPY;C2;08-03 16:12;1;08-03 16:12
2026-08-03T16:22:00.000+01:00,"MAR1GSOPEN;EURJPY;A1;08-03 16:11;2;08-03 16:11,08-03 16:12"
2026-08-03T16:22:00.000+01:00,"MAR1GSOPEN;EURJPY;A2;08-03 16:11;2;08-03 16:11,08-03 16:12"
2026-08-03T16:22:00.000+01:00,"MAR1GSOPEN;EURJPY;B1;08-03 16:11;2;08-03 16:11,08-03 16:12"
2026-08-03T16:22:00.000+01:00,"MAR1GSOPEN;EURJPY;B2;08-03 16:11;2;08-03 16:11,08-03 16:12"
2026-08-03T16:22:00.000+01:00,MAR1GSOPEN;EURJPY;C1;08-03 16:12;1;08-03 16:12
2026-08-03T16:22:00.000+01:00,MAR1GSOPEN;EURJPY;C2;08-03 16:12;1;08-03 16:12
2026-08-03T16:23:00.000+01:00,"MAR1GSOPEN;EURJPY;A1;08-03 16:11;2;08-03 16:11,08-03 16:12"
2026-08-03T16:23:00.000+01:00,"MAR1GSOPEN;EURJPY;A2;08-03 16:11;2;08-03 16:11,08-03 16:12"
2026-08-03T16:23:00.000+01:00,"MAR1GSOPEN;EURJPY;B1;08-03 16:11;2;08-03 16:11,08-03 16:12"
2026-08-03T16:23:00.000+01:00,"MAR1GSOPEN;EURJPY;B2;08-03 16:11;2;08-03 16:11,08-03 16:12"
2026-08-03T16:23:00.000+01:00,MAR1GSOPEN;EURJPY;C1;08-03 16:12;1;08-03 16:12
2026-08-03T16:23:00.000+01:00,MAR1GSOPEN;EURJPY;C2;08-03 16:12;1;08-03 16:12
2026-08-03T16:24:00.000+01:00,"MAR1GSOPEN;EURJPY;A1;08-03 16:11;2;08-03 16:11,08-03 16:12"
2026-08-03T16:24:00.000+01:00,"MAR1GSOPEN;EURJPY;A2;08-03 16:11;2;08-03 16:11,08-03 16:12"
2026-08-03T16:24:00.000+01:00,"MAR1GSOPEN;EURJPY;B1;08-03 16:11;2;08-03 16:11,08-03 16:12"
2026-08-03T16:24:00.000+01:00,"MAR1GSOPEN;EURJPY;B2;08-03 16:11;2;08-03 16:11,08-03 16:12"
2026-08-03T16:24:00.000+01:00,MAR1GSOPEN;EURJPY;C1;08-03 16:12;1;08-03 16:12
2026-08-03T16:24:00.000+01:00,MAR1GSOPEN;EURJPY;C2;08-03 16:12;1;08-03 16:12
2026-08-03T16:25:00.000+01:00,"MAR1GSOPEN;EURJPY;A1;08-03 16:11;2;08-03 16:11,08-03 16:12"
2026-08-03T16:25:00.000+01:00,"MAR1GSOPEN;EURJPY;A2;08-03 16:11;2;08-03 16:11,08-03 16:12"
2026-08-03T16:25:00.000+01:00,"MAR1GSOPEN;EURJPY;B1;08-03 16:11;2;08-03 16:11,08-03 16:12"
2026-08-03T16:25:00.000+01:00,"MAR1GSOPEN;EURJPY;B2;08-03 16:11;2;08-03 16:11,08-03 16:12"
2026-08-03T16:25:00.000+01:00,MAR1GSOPEN;EURJPY;C1;08-03 16:12;1;08-03 16:12
2026-08-03T16:25:00.000+01:00,MAR1GSOPEN;EURJPY;C2;08-03 16:12;1;08-03 16:12
2026-08-03T16:26:00.000+01:00,"MAR1GSOPEN;EURJPY;A1;08-03 16:11;3;08-03 16:11,08-03 16:12,08-03 16:26"
2026-08-03T16:26:00.000+01:00,"MAR1GSOPEN;EURJPY;A2;08-03 16:11;3;08-03 16:11,08-03 16:12,08-03 16:26"
2026-08-03T16:26:00.000+01:00,"MAR1GSOPEN;EURJPY;B1;08-03 16:11;3;08-03 16:11,08-03 16:12,08-03 16:26"
2026-08-03T16:26:00.000+01:00,"MAR1GSOPEN;EURJPY;B2;08-03 16:11;3;08-03 16:11,08-03 16:12,08-03 16:26"
2026-08-03T16:26:00.000+01:00,"MAR1GSOPEN;EURJPY;C1;08-03 16:12;2;08-03 16:12,08-03 16:26"
2026-08-03T16:26:00.000+01:00,"MAR1GSOPEN;EURJPY;C2;08-03 16:12;2;08-03 16:12,08-03 16:26"
2026-08-03T16:26:00.000+01:00,MAR1GSOPEN;EURJPY;D1;08-03 16:26;0;
2026-08-03T16:27:00.000+01:00,"MAR1GSOPEN;EURJPY;A1;08-03 16:11;4;08-03 16:11,08-03 16:12,08-03 16:26,08-03 16:27"
2026-08-03T16:27:00.000+01:00,"MAR1GSOPEN;EURJPY;A2;08-03 16:11;4;08-03 16:11,08-03 16:12,08-03 16:26,08-03 16:27"
2026-08-03T16:27:00.000+01:00,"MAR1GSOPEN;EURJPY;B1;08-03 16:11;4;08-03 16:11,08-03 16:12,08-03 16:26,08-03 16:27"
2026-08-03T16:27:00.000+01:00,"MAR1GSOPEN;EURJPY;B2;08-03 16:11;4;08-03 16:11,08-03 16:12,08-03 16:26,08-03 16:27"
2026-08-03T16:27:00.000+01:00,"MAR1GSOPEN;EURJPY;C1;08-03 16:12;3;08-03 16:12,08-03 16:26,08-03 16:27"
2026-08-03T16:27:00.000+01:00,"MAR1GSOPEN;EURJPY;C2;08-03 16:12;3;08-03 16:12,08-03 16:26,08-03 16:27"
2026-08-03T16:27:00.000+01:00,MAR1GSOPEN;EURJPY;D1;08-03 16:27;1;08-03 16:27
2026-08-03T16:28:00.000+01:00,"MAR1GSOPEN;EURJPY;A1;08-03 16:11;4;08-03 16:11,08-03 16:12,08-03 16:26,08-03 16:27"
2026-08-03T16:28:00.000+01:00,"MAR1GSOPEN;EURJPY;A2;08-03 16:11;4;08-03 16:11,08-03 16:12,08-03 16:26,08-03 16:27"
2026-08-03T16:28:00.000+01:00,"MAR1GSOPEN;EURJPY;B1;08-03 16:11;4;08-03 16:11,08-03 16:12,08-03 16:26,08-03 16:27"
2026-08-03T16:28:00.000+01:00,"MAR1GSOPEN;EURJPY;B2;08-03 16:11;4;08-03 16:11,08-03 16:12,08-03 16:26,08-03 16:27"
2026-08-03T16:28:00.000+01:00,"MAR1GSOPEN;EURJPY;C1;08-03 16:12;3;08-03 16:12,08-03 16:26,08-03 16:27"
2026-08-03T16:28:00.000+01:00,"MAR1GSOPEN;EURJPY;C2;08-03 16:12;3;08-03 16:12,08-03 16:26,08-03 16:27"
2026-08-03T16:28:00.000+01:00,MAR1GSOPEN;EURJPY;D1;08-03 16:27;1;08-03 16:27
2026-08-03T16:29:00.000+01:00,"MAR1GSOPEN;EURJPY;A1;08-03 16:11;4;08-03 16:11,08-03 16:12,08-03 16:26,08-03 16:27"
2026-08-03T16:29:00.000+01:00,"MAR1GSOPEN;EURJPY;A2;08-03 16:11;4;08-03 16:11,08-03 16:12,08-03 16:26,08-03 16:27"
2026-08-03T16:29:00.000+01:00,"MAR1GSOPEN;EURJPY;B1;08-03 16:11;4;08-03 16:11,08-03 16:12,08-03 16:26,08-03 16:27"
2026-08-03T16:29:00.000+01:00,"MAR1GSOPEN;EURJPY;B2;08-03 16:11;4;08-03 16:11,08-03 16:12,08-03 16:26,08-03 16:27"
2026-08-03T16:29:00.000+01:00,"MAR1GSOPEN;EURJPY;C1;08-03 16:12;3;08-03 16:12,08-03 16:26,08-03 16:27"
2026-08-03T16:29:00.000+01:00,"MAR1GSOPEN;EURJPY;C2;08-03 16:12;3;08-03 16:12,08-03 16:26,08-03 16:27"
2026-08-03T16:29:00.000+01:00,MAR1GSOPEN;EURJPY;D1;08-03 16:27;1;08-03 16:27
2026-08-03T16:30:00.000+01:00,"MAR1GSOPEN;EURJPY;A1;08-03 16:11;4;08-03 16:11,08-03 16:12,08-03 16:26,08-03 16:27"
2026-08-03T16:30:00.000+01:00,"MAR1GSOPEN;EURJPY;A2;08-03 16:11;4;08-03 16:11,08-03 16:12,08-03 16:26,08-03 16:27"
2026-08-03T16:30:00.000+01:00,"MAR1GSOPEN;EURJPY;B1;08-03 16:11;4;08-03 16:11,08-03 16:12,08-03 16:26,08-03 16:27"
2026-08-03T16:30:00.000+01:00,"MAR1GSOPEN;EURJPY;B2;08-03 16:11;4;08-03 16:11,08-03 16:12,08-03 16:26,08-03 16:27"
2026-08-03T16:30:00.000+01:00,"MAR1GSOPEN;EURJPY;C1;08-03 16:12;3;08-03 16:12,08-03 16:26,08-03 16:27"
2026-08-03T16:30:00.000+01:00,"MAR1GSOPEN;EURJPY;C2;08-03 16:12;3;08-03 16:12,08-03 16:26,08-03 16:27"
2026-08-03T16:30:00.000+01:00,MAR1GSOPEN;EURJPY;D1;08-03 16:27;1;08-03 16:27
2026-08-03T16:31:00.000+01:00,"MAR1GSOPEN;EURJPY;A1;08-03 16:11;4;08-03 16:11,08-03 16:12,08-03 16:26,08-03 16:27"
2026-08-03T16:31:00.000+01:00,"MAR1GSOPEN;EURJPY;A2;08-03 16:11;4;08-03 16:11,08-03 16:12,08-03 16:26,08-03 16:27"
2026-08-03T16:31:00.000+01:00,"MAR1GSOPEN;EURJPY;B1;08-03 16:11;4;08-03 16:11,08-03 16:12,08-03 16:26,08-03 16:27"
2026-08-03T16:31:00.000+01:00,"MAR1GSOPEN;EURJPY;B2;08-03 16:11;4;08-03 16:11,08-03 16:12,08-03 16:26,08-03 16:27"
2026-08-03T16:31:00.000+01:00,"MAR1GSOPEN;EURJPY;C1;08-03 16:12;3;08-03 16:12,08-03 16:26,08-03 16:27"
2026-08-03T16:31:00.000+01:00,"MAR1GSOPEN;EURJPY;C2;08-03 16:12;3;08-03 16:12,08-03 16:26,08-03 16:27"
2026-08-03T16:31:00.000+01:00,MAR1GSOPEN;EURJPY;D1;08-03 16:27;1;08-03 16:27
2026-08-03T16:32:00.000+01:00,"MAR1GSOPEN;EURJPY;A1;08-03 16:11;4;08-03 16:11,08-03 16:12,08-03 16:26,08-03 16:27"
2026-08-03T16:32:00.000+01:00,"MAR1GSOPEN;EURJPY;A2;08-03 16:11;4;08-03 16:11,08-03 16:12,08-03 16:26,08-03 16:27"
2026-08-03T16:32:00.000+01:00,"MAR1GSOPEN;EURJPY;B1;08-03 16:11;4;08-03 16:11,08-03 16:12,08-03 16:26,08-03 16:27"
2026-08-03T16:32:00.000+01:00,"MAR1GSOPEN;EURJPY;B2;08-03 16:11;4;08-03 16:11,08-03 16:12,08-03 16:26,08-03 16:27"
2026-08-03T16:32:00.000+01:00,"MAR1GSOPEN;EURJPY;C1;08-03 16:12;3;08-03 16:12,08-03 16:26,08-03 16:27"
2026-08-03T16:32:00.000+01:00,"MAR1GSOPEN;EURJPY;C2;08-03 16:12;3;08-03 16:12,08-03 16:26,08-03 16:27"
2026-08-03T16:32:00.000+01:00,MAR1GSOPEN;EURJPY;D1;08-03 16:27;1;08-03 16:27
2026-08-03T16:33:00.000+01:00,"MAR1GSOPEN;EURJPY;A1;08-03 16:11;4;08-03 16:11,08-03 16:12,08-03 16:26,08-03 16:27"
2026-08-03T16:33:00.000+01:00,"MAR1GSOPEN;EURJPY;A2;08-03 16:11;4;08-03 16:11,08-03 16:12,08-03 16:26,08-03 16:27"
2026-08-03T16:33:00.000+01:00,"MAR1GSOPEN;EURJPY;B1;08-03 16:11;4;08-03 16:11,08-03 16:12,08-03 16:26,08-03 16:27"
2026-08-03T16:33:00.000+01:00,"MAR1GSOPEN;EURJPY;B2;08-03 16:11;4;08-03 16:11,08-03 16:12,08-03 16:26,08-03 16:27"
2026-08-03T16:33:00.000+01:00,"MAR1GSOPEN;EURJPY;C1;08-03 16:12;3;08-03 16:12,08-03 16:26,08-03 16:27"
2026-08-03T16:33:00.000+01:00,"MAR1GSOPEN;EURJPY;C2;08-03 16:12;3;08-03 16:12,08-03 16:26,08-03 16:27"
2026-08-03T16:33:00.000+01:00,MAR1GSOPEN;EURJPY;D1;08-03 16:27;1;08-03 16:27
2026-08-03T16:34:00.000+01:00,"MAR1GSCLOSE;EURJPY;A1;08-03 16:11;08-03 16:35;5;short;08-03 16:11,08-03 16:12,08-03 16:26,08-03 16:27,08-03 16:34"
2026-08-03T16:34:00.000+01:00,"MAR1GSCLOSE;EURJPY;A2;08-03 16:11;08-03 16:35;5;short;08-03 16:11,08-03 16:12,08-03 16:26,08-03 16:27,08-03 16:34"
2026-08-03T16:34:00.000+01:00,"MAR1GSCLOSE;EURJPY;B1;08-03 16:11;08-03 16:35;5;short;08-03 16:11,08-03 16:12,08-03 16:26,08-03 16:27,08-03 16:34"
2026-08-03T16:34:00.000+01:00,"MAR1GSCLOSE;EURJPY;B2;08-03 16:11;08-03 16:35;5;short;08-03 16:11,08-03 16:12,08-03 16:26,08-03 16:27,08-03 16:34"
2026-08-03T16:34:00.000+01:00,"MAR1GSCLOSE;EURJPY;C1;08-03 16:12;08-03 16:35;4;short;08-03 16:12,08-03 16:26,08-03 16:27,08-03 16:34"
2026-08-03T16:34:00.000+01:00,"MAR1GSCLOSE;EURJPY;C2;08-03 16:12;08-03 16:35;4;short;08-03 16:12,08-03 16:26,08-03 16:27,08-03 16:34"
2026-08-03T16:34:00.000+01:00,"MAR1GSCLOSE;EURJPY;D1;08-03 16:27;08-03 16:35;2;short;08-03 16:27,08-03 16:34"
2026-08-03T17:40:00.000+01:00,MAR1GSOPEN;EURJPY;A1;08-03 17:40;0;
2026-08-03T17:40:00.000+01:00,MAR1GSOPEN;EURJPY;A2;08-03 17:40;0;
2026-08-03T17:41:00.000+01:00,MAR1GSOPEN;EURJPY;A1;08-03 17:40;0;
2026-08-03T17:41:00.000+01:00,MAR1GSOPEN;EURJPY;A2;08-03 17:40;0;
2026-08-03T17:42:00.000+01:00,MAR1GSOPEN;EURJPY;A1;08-03 17:40;0;
2026-08-03T17:42:00.000+01:00,MAR1GSOPEN;EURJPY;A2;08-03 17:40;0;
2026-08-03T17:43:00.000+01:00,MAR1GSOPEN;EURJPY;A1;08-03 17:40;0;
2026-08-03T17:43:00.000+01:00,MAR1GSOPEN;EURJPY;A2;08-03 17:40;0;
2026-08-03T17:44:00.000+01:00,MAR1GSOPEN;EURJPY;A1;08-03 17:40;0;
2026-08-03T17:44:00.000+01:00,MAR1GSOPEN;EURJPY;A2;08-03 17:40;0;
2026-08-03T17:45:00.000+01:00,MAR1GSOPEN;EURJPY;A1;08-03 17:40;0;
2026-08-03T17:45:00.000+01:00,MAR1GSOPEN;EURJPY;A2;08-03 17:40;0;
2026-08-03T17:46:00.000+01:00,MAR1GSOPEN;EURJPY;A1;08-03 17:40;0;
2026-08-03T17:46:00.000+01:00,MAR1GSOPEN;EURJPY;A2;08-03 17:40;0;
2026-08-03T17:47:00.000+01:00,MAR1GSOPEN;EURJPY;A1;08-03 17:40;0;
2026-08-03T17:47:00.000+01:00,MAR1GSOPEN;EURJPY;A2;08-03 17:40;0;
2026-08-03T17:48:00.000+01:00,MAR1GSOPEN;EURJPY;A1;08-03 17:40;0;
2026-08-03T17:48:00.000+01:00,MAR1GSOPEN;EURJPY;A2;08-03 17:40;0;
2026-08-03T17:49:00.000+01:00,MAR1GSCLOSE;EURJPY;A1;08-03 17:49;08-03 17:50;1;short;08-03 17:49
2026-08-03T17:49:00.000+01:00,MAR1GSCLOSE;EURJPY;A2;08-03 17:49;08-03 17:50;1;short;08-03 17:49
2026-08-04T09:56:00.000+01:00,MAR1GSOPEN;EURJPY;B1;08-04 09:56;0;
2026-08-04T09:56:00.000+01:00,MAR1GSOPEN;EURJPY;B2;08-04 09:56;0;
2026-08-04T09:57:00.000+01:00,MAR1GSOPEN;EURJPY;B1;08-04 09:56;0;
2026-08-04T09:57:00.000+01:00,MAR1GSOPEN;EURJPY;B2;08-04 09:56;0;
2026-08-04T09:58:00.000+01:00,MAR1GSOPEN;EURJPY;B1;08-04 09:56;0;
2026-08-04T09:58:00.000+01:00,MAR1GSOPEN;EURJPY;B2;08-04 09:56;0;
2026-08-04T09:59:00.000+01:00,MAR1GSOPEN;EURJPY;B1;08-04 09:56;0;
2026-08-04T09:59:00.000+01:00,MAR1GSOPEN;EURJPY;B2;08-04 09:56;0;
2026-08-04T10:00:00.000+01:00,MAR1GSOPEN;EURJPY;B1;08-04 09:56;0;
2026-08-04T10:00:00.000+01:00,MAR1GSOPEN;EURJPY;B2;08-04 09:56;0;
2026-08-04T10:01:00.000+01:00,MAR1GSOPEN;EURJPY;B1;08-04 09:56;0;
2026-08-04T10:01:00.000+01:00,MAR1GSOPEN;EURJPY;B2;08-04 09:56;0;
2026-08-04T10:02:00.000+01:00,MAR1GSOPEN;EURJPY;B1;08-04 09:56;0;
2026-08-04T10:02:00.000+01:00,MAR1GSOPEN;EURJPY;B2;08-04 09:56;0;
2026-08-04T10:03:00.000+01:00,MAR1GSOPEN;EURJPY;B1;08-04 09:56;0;
2026-08-04T10:03:00.000+01:00,MAR1GSOPEN;EURJPY;B2;08-04 09:56;0;
2026-08-04T10:04:00.000+01:00,MAR1GSOPEN;EURJPY;B1;08-04 09:56;0;
2026-08-04T10:04:00.000+01:00,MAR1GSOPEN;EURJPY;B2;08-04 09:56;0;
2026-08-04T10:05:00.000+01:00,MAR1GSCLOSE;EURJPY;B1;08-04 10:05;08-04 10:06;1;long;08-04 10:05
2026-08-04T10:05:00.000+01:00,MAR1GSCLOSE;EURJPY;B2;08-04 10:05;08-04 10:06;1;long;08-04 10:05
2026-08-04T12:41:00.000+01:00,MAR1GSOPEN;EURJPY;A1;08-04 12:41;0;
2026-08-04T12:41:00.000+01:00,MAR1GSOPEN;EURJPY;A2;08-04 12:41;0;
2026-08-04T12:42:00.000+01:00,MAR1GSOPEN;EURJPY;A1;08-04 12:42;1;08-04 12:42
2026-08-04T12:42:00.000+01:00,MAR1GSOPEN;EURJPY;A2;08-04 12:42;1;08-04 12:42
2026-08-04T12:43:00.000+01:00,MAR1GSOPEN;EURJPY;A1;08-04 12:42;1;08-04 12:42
2026-08-04T12:43:00.000+01:00,MAR1GSOPEN;EURJPY;A2;08-04 12:42;1;08-04 12:42
2026-08-04T12:44:00.000+01:00,MAR1GSOPEN;EURJPY;A1;08-04 12:42;1;08-04 12:42
2026-08-04T12:44:00.000+01:00,MAR1GSOPEN;EURJPY;A2;08-04 12:42;1;08-04 12:42
2026-08-04T12:45:00.000+01:00,MAR1GSOPEN;EURJPY;A1;08-04 12:42;1;08-04 12:42
2026-08-04T12:45:00.000+01:00,MAR1GSOPEN;EURJPY;A2;08-04 12:42;1;08-04 12:42
2026-08-04T12:46:00.000+01:00,MAR1GSOPEN;EURJPY;A1;08-04 12:42;1;08-04 12:42
2026-08-04T12:46:00.000+01:00,MAR1GSOPEN;EURJPY;A2;08-04 12:42;1;08-04 12:42
2026-08-04T12:47:00.000+01:00,MAR1GSOPEN;EURJPY;A1;08-04 12:42;1;08-04 12:42
2026-08-04T12:47:00.000+01:00,MAR1GSOPEN;EURJPY;A2;08-04 12:42;1;08-04 12:42
2026-08-04T12:48:00.000+01:00,MAR1GSOPEN;EURJPY;A1;08-04 12:42;1;08-04 12:42
2026-08-04T12:48:00.000+01:00,MAR1GSOPEN;EURJPY;A2;08-04 12:42;1;08-04 12:42
2026-08-04T12:49:00.000+01:00,MAR1GSOPEN;EURJPY;A1;08-04 12:42;1;08-04 12:42
2026-08-04T12:49:00.000+01:00,MAR1GSOPEN;EURJPY;A2;08-04 12:42;1;08-04 12:42
2026-08-04T12:50:00.000+01:00,MAR1GSOPEN;EURJPY;A1;08-04 12:42;1;08-04 12:42
2026-08-04T12:50:00.000+01:00,MAR1GSOPEN;EURJPY;A2;08-04 12:42;1;08-04 12:42
2026-08-04T12:51:00.000+01:00,MAR1GSOPEN;EURJPY;A1;08-04 12:42;1;08-04 12:42
2026-08-04T12:51:00.000+01:00,MAR1GSOPEN;EURJPY;A2;08-04 12:42;1;08-04 12:42
2026-08-04T12:52:00.000+01:00,MAR1GSOPEN;EURJPY;A1;08-04 12:42;1;08-04 12:42
2026-08-04T12:52:00.000+01:00,MAR1GSOPEN;EURJPY;A2;08-04 12:42;1;08-04 12:42
2026-08-04T12:53:00.000+01:00,MAR1GSOPEN;EURJPY;A1;08-04 12:42;1;08-04 12:42
2026-08-04T12:53:00.000+01:00,MAR1GSOPEN;EURJPY;A2;08-04 12:42;1;08-04 12:42
2026-08-04T12:54:00.000+01:00,MAR1GSOPEN;EURJPY;A1;08-04 12:42;1;08-04 12:42
2026-08-04T12:54:00.000+01:00,MAR1GSOPEN;EURJPY;A2;08-04 12:42;1;08-04 12:42
2026-08-04T12:55:00.000+01:00,MAR1GSOPEN;EURJPY;A1;08-04 12:42;1;08-04 12:42
2026-08-04T12:55:00.000+01:00,MAR1GSOPEN;EURJPY;A2;08-04 12:42;1;08-04 12:42
2026-08-04T12:56:00.000+01:00,MAR1GSOPEN;EURJPY;A1;08-04 12:42;1;08-04 12:42
2026-08-04T12:56:00.000+01:00,MAR1GSOPEN;EURJPY;A2;08-04 12:42;1;08-04 12:42
2026-08-04T12:57:00.000+01:00,MAR1GSOPEN;EURJPY;A1;08-04 12:42;1;08-04 12:42
2026-08-04T12:57:00.000+01:00,MAR1GSOPEN;EURJPY;A2;08-04 12:42;1;08-04 12:42
2026-08-04T12:58:00.000+01:00,MAR1GSOPEN;EURJPY;A1;08-04 12:42;1;08-04 12:42
2026-08-04T12:58:00.000+01:00,MAR1GSOPEN;EURJPY;A2;08-04 12:42;1;08-04 12:42
2026-08-04T12:59:00.000+01:00,MAR1GSOPEN;EURJPY;A1;08-04 12:42;1;08-04 12:42
2026-08-04T12:59:00.000+01:00,MAR1GSOPEN;EURJPY;A2;08-04 12:42;1;08-04 12:42
2026-08-04T13:00:00.000+01:00,MAR1GSOPEN;EURJPY;A1;08-04 12:42;1;08-04 12:42
2026-08-04T13:00:00.000+01:00,MAR1GSOPEN;EURJPY;A2;08-04 12:42;1;08-04 12:42
2026-08-04T13:01:00.000+01:00,MAR1GSOPEN;EURJPY;A1;08-04 12:42;1;08-04 12:42
2026-08-04T13:01:00.000+01:00,MAR1GSOPEN;EURJPY;A2;08-04 12:42;1;08-04 12:42
2026-08-04T13:02:00.000+01:00,"MAR1GSCLOSE;EURJPY;A1;08-04 12:42;08-04 13:03;2;short;08-04 12:42,08-04 13:02"
2026-08-04T13:02:00.000+01:00,"MAR1GSCLOSE;EURJPY;A2;08-04 12:42;08-04 13:03;2;short;08-04 12:42,08-04 13:02"
2026-08-05T09:07:00.000+01:00,MAR1GSOPEN;EURJPY;A1;08-05 09:07;0;
2026-08-05T09:07:00.000+01:00,MAR1GSOPEN;EURJPY;A2;08-05 09:07;0;
2026-08-05T09:08:00.000+01:00,MAR1GSOPEN;EURJPY;A1;08-05 09:07;0;
2026-08-05T09:08:00.000+01:00,MAR1GSOPEN;EURJPY;A2;08-05 09:07;0;
2026-08-05T09:09:00.000+01:00,MAR1GSOPEN;EURJPY;A1;08-05 09:07;0;
2026-08-05T09:09:00.000+01:00,MAR1GSOPEN;EURJPY;A2;08-05 09:07;0;
2026-08-05T09:10:00.000+01:00,MAR1GSOPEN;EURJPY;A1;08-05 09:07;0;
2026-08-05T09:10:00.000+01:00,MAR1GSOPEN;EURJPY;A2;08-05 09:07;0;
2026-08-05T09:11:00.000+01:00,MAR1GSOPEN;EURJPY;A1;08-05 09:07;0;
2026-08-05T09:11:00.000+01:00,MAR1GSOPEN;EURJPY;A2;08-05 09:07;0;
2026-08-05T09:12:00.000+01:00,MAR1GSOPEN;EURJPY;A1;08-05 09:07;0;
2026-08-05T09:12:00.000+01:00,MAR1GSOPEN;EURJPY;A2;08-05 09:07;0;
2026-08-05T09:13:00.000+01:00,MAR1GSOPEN;EURJPY;A1;08-05 09:07;0;
2026-08-05T09:13:00.000+01:00,MAR1GSOPEN;EURJPY;A2;08-05 09:07;0;
2026-08-05T09:14:00.000+01:00,MAR1GSOPEN;EURJPY;A1;08-05 09:07;0;
2026-08-05T09:14:00.000+01:00,MAR1GSOPEN;EURJPY;A2;08-05 09:07;0;
2026-08-05T09:15:00.000+01:00,MAR1GSOPEN;EURJPY;A1;08-05 09:07;0;
2026-08-05T09:15:00.000+01:00,MAR1GSOPEN;EURJPY;A2;08-05 09:07;0;
2026-08-05T09:16:00.000+01:00,MAR1GSOPEN;EURJPY;A1;08-05 09:07;0;
2026-08-05T09:16:00.000+01:00,MAR1GSOPEN;EURJPY;A2;08-05 09:07;0;
2026-08-05T09:17:00.000+01:00,MAR1GSOPEN;EURJPY;A1;08-05 09:07;0;
2026-08-05T09:17:00.000+01:00,MAR1GSOPEN;EURJPY;A2;08-05 09:07;0;
2026-08-05T09:18:00.000+01:00,MAR1GSOPEN;EURJPY;A1;08-05 09:07;0;
2026-08-05T09:18:00.000+01:00,MAR1GSOPEN;EURJPY;A2;08-05 09:07;0;
2026-08-05T09:19:00.000+01:00,MAR1GSOPEN;EURJPY;A1;08-05 09:07;0;
2026-08-05T09:19:00.000+01:00,MAR1GSOPEN;EURJPY;A2;08-05 09:07;0;
2026-08-05T09:20:00.000+01:00,MAR1GSOPEN;EURJPY;A1;08-05 09:20;1;08-05 09:20
2026-08-05T09:20:00.000+01:00,MAR1GSOPEN;EURJPY;A2;08-05 09:20;1;08-05 09:20
2026-08-05T09:21:00.000+01:00,"MAR1GSCLOSE;EURJPY;A1;08-05 09:20;08-05 09:22;2;long;08-05 09:20,08-05 09:21"
2026-08-05T09:21:00.000+01:00,"MAR1GSCLOSE;EURJPY;A2;08-05 09:20;08-05 09:22;2;long;08-05 09:20,08-05 09:21"
2026-08-05T10:51:00.000+01:00,MAR1GSOPEN;EURJPY;A1;08-05 10:51;0;
2026-08-05T10:51:00.000+01:00,MAR1GSOPEN;EURJPY;A2;08-05 10:51;0;
2026-08-05T10:52:00.000+01:00,MAR1GSOPEN;EURJPY;A1;08-05 10:51;0;
2026-08-05T10:52:00.000+01:00,MAR1GSOPEN;EURJPY;A2;08-05 10:51;0;
2026-08-05T10:53:00.000+01:00,MAR1GSOPEN;EURJPY;A1;08-05 10:51;0;
2026-08-05T10:53:00.000+01:00,MAR1GSOPEN;EURJPY;A2;08-05 10:51;0;
2026-08-05T10:54:00.000+01:00,MAR1GSOPEN;EURJPY;A1;08-05 10:51;0;
2026-08-05T10:54:00.000+01:00,MAR1GSOPEN;EURJPY;A2;08-05 10:51;0;
2026-08-05T10:55:00.000+01:00,MAR1GSOPEN;EURJPY;A1;08-05 10:51;0;
2026-08-05T10:55:00.000+01:00,MAR1GSOPEN;EURJPY;A2;08-05 10:51;0;
2026-08-05T10:56:00.000+01:00,MAR1GSOPEN;EURJPY;A1;08-05 10:51;0;
2026-08-05T10:56:00.000+01:00,MAR1GSOPEN;EURJPY;A2;08-05 10:51;0;
2026-08-05T10:57:00.000+01:00,MAR1GSOPEN;EURJPY;A1;08-05 10:51;0;
2026-08-05T10:57:00.000+01:00,MAR1GSOPEN;EURJPY;A2;08-05 10:51;0;
2026-08-05T10:58:00.000+01:00,MAR1GSOPEN;EURJPY;A1;08-05 10:51;0;
2026-08-05T10:58:00.000+01:00,MAR1GSOPEN;EURJPY;A2;08-05 10:51;0;
2026-08-05T10:59:00.000+01:00,MAR1GSOPEN;EURJPY;A1;08-05 10:51;0;
2026-08-05T10:59:00.000+01:00,MAR1GSOPEN;EURJPY;A2;08-05 10:51;0;
2026-08-05T11:00:00.000+01:00,MAR1GSOPEN;EURJPY;A1;08-05 10:51;0;
2026-08-05T11:00:00.000+01:00,MAR1GSOPEN;EURJPY;A2;08-05 10:51;0;
2026-08-05T11:01:00.000+01:00,MAR1GSOPEN;EURJPY;A1;08-05 10:51;0;
2026-08-05T11:01:00.000+01:00,MAR1GSOPEN;EURJPY;A2;08-05 10:51;0;
2026-08-05T11:02:00.000+01:00,MAR1GSOPEN;EURJPY;A1;08-05 10:51;0;
2026-08-05T11:02:00.000+01:00,MAR1GSOPEN;EURJPY;A2;08-05 10:51;0;
2026-08-05T11:03:00.000+01:00,MAR1GSOPEN;EURJPY;A1;08-05 10:51;0;
2026-08-05T11:03:00.000+01:00,MAR1GSOPEN;EURJPY;A2;08-05 10:51;0;
2026-08-05T11:04:00.000+01:00,MAR1GSOPEN;EURJPY;A1;08-05 10:51;0;
2026-08-05T11:04:00.000+01:00,MAR1GSOPEN;EURJPY;A2;08-05 10:51;0;
2026-08-05T11:05:00.000+01:00,MAR1GSOPEN;EURJPY;A1;08-05 10:51;0;
2026-08-05T11:05:00.000+01:00,MAR1GSOPEN;EURJPY;A2;08-05 10:51;0;
2026-08-05T11:06:00.000+01:00,MAR1GSOPEN;EURJPY;A1;08-05 10:51;0;
2026-08-05T11:06:00.000+01:00,MAR1GSOPEN;EURJPY;A2;08-05 10:51;0;
2026-08-05T11:07:00.000+01:00,MAR1GSOPEN;EURJPY;A1;08-05 10:51;0;
2026-08-05T11:07:00.000+01:00,MAR1GSOPEN;EURJPY;A2;08-05 10:51;0;
2026-08-05T11:08:00.000+01:00,MAR1GSOPEN;EURJPY;A1;08-05 10:51;0;
2026-08-05T11:08:00.000+01:00,MAR1GSOPEN;EURJPY;A2;08-05 10:51;0;
2026-08-05T11:09:00.000+01:00,MAR1GSOPEN;EURJPY;A1;08-05 10:51;0;
2026-08-05T11:09:00.000+01:00,MAR1GSOPEN;EURJPY;A2;08-05 10:51;0;
2026-08-05T11:10:00.000+01:00,MAR1GSOPEN;EURJPY;A1;08-05 10:51;0;
2026-08-05T11:10:00.000+01:00,MAR1GSOPEN;EURJPY;A2;08-05 10:51;0;
2026-08-05T11:11:00.000+01:00,MAR1GSOPEN;EURJPY;A1;08-05 10:51;0;
2026-08-05T11:11:00.000+01:00,MAR1GSOPEN;EURJPY;A2;08-05 10:51;0;
2026-08-05T11:12:00.000+01:00,MAR1GSOPEN;EURJPY;A1;08-05 10:51;0;
2026-08-05T11:12:00.000+01:00,MAR1GSOPEN;EURJPY;A2;08-05 10:51;0;
2026-08-05T11:13:00.000+01:00,MAR1GSOPEN;EURJPY;A1;08-05 10:51;0;
2026-08-05T11:13:00.000+01:00,MAR1GSOPEN;EURJPY;A2;08-05 10:51;0;
2026-08-05T11:14:00.000+01:00,MAR1GSOPEN;EURJPY;A1;08-05 10:51;0;
2026-08-05T11:14:00.000+01:00,MAR1GSOPEN;EURJPY;A2;08-05 10:51;0;
2026-08-05T11:15:00.000+01:00,MAR1GSOPEN;EURJPY;A1;08-05 10:51;0;
2026-08-05T11:15:00.000+01:00,MAR1GSOPEN;EURJPY;A2;08-05 10:51;0;
2026-08-05T11:16:00.000+01:00,MAR1GSOPEN;EURJPY;A1;08-05 10:51;0;
2026-08-05T11:16:00.000+01:00,MAR1GSOPEN;EURJPY;A2;08-05 10:51;0;
2026-08-05T11:17:00.000+01:00,MAR1GSOPEN;EURJPY;A1;08-05 10:51;0;
2026-08-05T11:17:00.000+01:00,MAR1GSOPEN;EURJPY;A2;08-05 10:51;0;
2026-08-05T11:18:00.000+01:00,MAR1GSOPEN;EURJPY;A1;08-05 10:51;0;
2026-08-05T11:18:00.000+01:00,MAR1GSOPEN;EURJPY;A2;08-05 10:51;0;
2026-08-05T11:19:00.000+01:00,MAR1GSOPEN;EURJPY;A1;08-05 10:51;0;
2026-08-05T11:19:00.000+01:00,MAR1GSOPEN;EURJPY;A2;08-05 10:51;0;
2026-08-05T11:20:00.000+01:00,MAR1GSOPEN;EURJPY;A1;08-05 10:51;0;
2026-08-05T11:20:00.000+01:00,MAR1GSOPEN;EURJPY;A2;08-05 10:51;0;
2026-08-05T11:21:00.000+01:00,MAR1GSOPEN;EURJPY;A1;08-05 10:51;0;
2026-08-05T11:21:00.000+01:00,MAR1GSOPEN;EURJPY;A2;08-05 10:51;0;
2026-08-05T11:22:00.000+01:00,MAR1GSOPEN;EURJPY;A1;08-05 10:51;0;
2026-08-05T11:22:00.000+01:00,MAR1GSOPEN;EURJPY;A2;08-05 10:51;0;
2026-08-05T11:23:00.000+01:00,MAR1GSOPEN;EURJPY;A1;08-05 10:51;0;
2026-08-05T11:23:00.000+01:00,MAR1GSOPEN;EURJPY;A2;08-05 10:51;0;
2026-08-05T11:24:00.000+01:00,MAR1GSOPEN;EURJPY;A1;08-05 10:51;0;
2026-08-05T11:24:00.000+01:00,MAR1GSOPEN;EURJPY;A2;08-05 10:51;0;
2026-08-05T11:25:00.000+01:00,MAR1GSOPEN;EURJPY;A1;08-05 10:51;0;
2026-08-05T11:25:00.000+01:00,MAR1GSOPEN;EURJPY;A2;08-05 10:51;0;
2026-08-05T11:26:00.000+01:00,MAR1GSOPEN;EURJPY;A1;08-05 10:51;0;
2026-08-05T11:26:00.000+01:00,MAR1GSOPEN;EURJPY;A2;08-05 10:51;0;
2026-08-05T11:27:00.000+01:00,MAR1GSOPEN;EURJPY;A1;08-05 10:51;0;
2026-08-05T11:27:00.000+01:00,MAR1GSOPEN;EURJPY;A2;08-05 10:51;0;
2026-08-05T11:28:00.000+01:00,MAR1GSOPEN;EURJPY;A1;08-05 11:28;1;08-05 11:28
2026-08-05T11:28:00.000+01:00,MAR1GSOPEN;EURJPY;A2;08-05 11:28;1;08-05 11:28
2026-08-05T11:29:00.000+01:00,"MAR1GSOPEN;EURJPY;A1;08-05 11:28;2;08-05 11:28,08-05 11:29"
2026-08-05T11:29:00.000+01:00,"MAR1GSOPEN;EURJPY;A2;08-05 11:28;2;08-05 11:28,08-05 11:29"
2026-08-05T11:30:00.000+01:00,"MAR1GSOPEN;EURJPY;A1;08-05 11:28;2;08-05 11:28,08-05 11:29"
2026-08-05T11:30:00.000+01:00,"MAR1GSOPEN;EURJPY;A2;08-05 11:28;2;08-05 11:28,08-05 11:29"
2026-08-05T11:31:00.000+01:00,"MAR1GSOPEN;EURJPY;A1;08-05 11:28;2;08-05 11:28,08-05 11:29"
2026-08-05T11:31:00.000+01:00,"MAR1GSOPEN;EURJPY;A2;08-05 11:28;2;08-05 11:28,08-05 11:29"
2026-08-05T11:32:00.000+01:00,"MAR1GSOPEN;EURJPY;A1;08-05 11:28;2;08-05 11:28,08-05 11:29"
2026-08-05T11:32:00.000+01:00,"MAR1GSOPEN;EURJPY;A2;08-05 11:28;2;08-05 11:28,08-05 11:29"
2026-08-05T11:33:00.000+01:00,"MAR1GSOPEN;EURJPY;A1;08-05 11:28;2;08-05 11:28,08-05 11:29"
2026-08-05T11:33:00.000+01:00,"MAR1GSOPEN;EURJPY;A2;08-05 11:28;2;08-05 11:28,08-05 11:29"
2026-08-05T11:34:00.000+01:00,"MAR1GSOPEN;EURJPY;A1;08-05 11:28;2;08-05 11:28,08-05 11:29"
2026-08-05T11:34:00.000+01:00,"MAR1GSOPEN;EURJPY;A2;08-05 11:28;2;08-05 11:28,08-05 11:29"
2026-08-05T11:35:00.000+01:00,"MAR1GSOPEN;EURJPY;A1;08-05 11:28;2;08-05 11:28,08-05 11:29"
2026-08-05T11:35:00.000+01:00,"MAR1GSOPEN;EURJPY;A2;08-05 11:28;2;08-05 11:28,08-05 11:29"
2026-08-05T11:36:00.000+01:00,"MAR1GSOPEN;EURJPY;A1;08-05 11:28;2;08-05 11:28,08-05 11:29"
2026-08-05T11:36:00.000+01:00,"MAR1GSOPEN;EURJPY;A2;08-05 11:28;2;08-05 11:28,08-05 11:29"
2026-08-05T11:37:00.000+01:00,"MAR1GSOPEN;EURJPY;A1;08-05 11:28;2;08-05 11:28,08-05 11:29"
2026-08-05T11:37:00.000+01:00,"MAR1GSOPEN;EURJPY;A2;08-05 11:28;2;08-05 11:28,08-05 11:29"
2026-08-05T11:38:00.000+01:00,"MAR1GSOPEN;EURJPY;A1;08-05 11:28;2;08-05 11:28,08-05 11:29"
2026-08-05T11:38:00.000+01:00,"MAR1GSOPEN;EURJPY;A2;08-05 11:28;2;08-05 11:28,08-05 11:29"
2026-08-05T11:39:00.000+01:00,"MAR1GSOPEN;EURJPY;A1;08-05 11:28;2;08-05 11:28,08-05 11:29"
2026-08-05T11:39:00.000+01:00,"MAR1GSOPEN;EURJPY;A2;08-05 11:28;2;08-05 11:28,08-05 11:29"
2026-08-05T11:40:00.000+01:00,"MAR1GSOPEN;EURJPY;A1;08-05 11:28;2;08-05 11:28,08-05 11:29"
2026-08-05T11:40:00.000+01:00,"MAR1GSOPEN;EURJPY;A2;08-05 11:28;2;08-05 11:28,08-05 11:29"
2026-08-05T11:41:00.000+01:00,"MAR1GSOPEN;EURJPY;A1;08-05 11:28;2;08-05 11:28,08-05 11:29"
2026-08-05T11:41:00.000+01:00,"MAR1GSOPEN;EURJPY;A2;08-05 11:28;2;08-05 11:28,08-05 11:29"
2026-08-05T11:42:00.000+01:00,"MAR1GSOPEN;EURJPY;A1;08-05 11:28;2;08-05 11:28,08-05 11:29"
2026-08-05T11:42:00.000+01:00,"MAR1GSOPEN;EURJPY;A2;08-05 11:28;2;08-05 11:28,08-05 11:29"
2026-08-05T11:43:00.000+01:00,"MAR1GSOPEN;EURJPY;A1;08-05 11:28;2;08-05 11:28,08-05 11:29"
2026-08-05T11:43:00.000+01:00,"MAR1GSOPEN;EURJPY;A2;08-05 11:28;2;08-05 11:28,08-05 11:29"
2026-08-05T11:44:00.000+01:00,"MAR1GSOPEN;EURJPY;A1;08-05 11:28;2;08-05 11:28,08-05 11:29"
2026-08-05T11:44:00.000+01:00,"MAR1GSOPEN;EURJPY;A2;08-05 11:28;2;08-05 11:28,08-05 11:29"
2026-08-05T11:45:00.000+01:00,"MAR1GSOPEN;EURJPY;A1;08-05 11:28;2;08-05 11:28,08-05 11:29"
2026-08-05T11:45:00.000+01:00,"MAR1GSOPEN;EURJPY;A2;08-05 11:28;2;08-05 11:28,08-05 11:29"
2026-08-05T11:46:00.000+01:00,"MAR1GSOPEN;EURJPY;A1;08-05 11:28;2;08-05 11:28,08-05 11:29"
2026-08-05T11:46:00.000+01:00,"MAR1GSOPEN;EURJPY;A2;08-05 11:28;2;08-05 11:28,08-05 11:29"
2026-08-05T11:47:00.000+01:00,"MAR1GSOPEN;EURJPY;A1;08-05 11:28;2;08-05 11:28,08-05 11:29"
2026-08-05T11:47:00.000+01:00,"MAR1GSOPEN;EURJPY;A2;08-05 11:28;2;08-05 11:28,08-05 11:29"
2026-08-05T11:48:00.000+01:00,"MAR1GSOPEN;EURJPY;A1;08-05 11:28;2;08-05 11:28,08-05 11:29"
2026-08-05T11:48:00.000+01:00,"MAR1GSOPEN;EURJPY;A2;08-05 11:28;2;08-05 11:28,08-05 11:29"
2026-08-05T11:49:00.000+01:00,"MAR1GSOPEN;EURJPY;A1;08-05 11:28;2;08-05 11:28,08-05 11:29"
2026-08-05T11:49:00.000+01:00,"MAR1GSOPEN;EURJPY;A2;08-05 11:28;2;08-05 11:28,08-05 11:29"
2026-08-05T11:50:00.000+01:00,"MAR1GSOPEN;EURJPY;A1;08-05 11:28;2;08-05 11:28,08-05 11:29"
2026-08-05T11:50:00.000+01:00,"MAR1GSOPEN;EURJPY;A2;08-05 11:28;2;08-05 11:28,08-05 11:29"
2026-08-05T11:51:00.000+01:00,"MAR1GSOPEN;EURJPY;A1;08-05 11:28;2;08-05 11:28,08-05 11:29"
2026-08-05T11:51:00.000+01:00,"MAR1GSOPEN;EURJPY;A2;08-05 11:28;2;08-05 11:28,08-05 11:29"
2026-08-05T11:52:00.000+01:00,"MAR1GSOPEN;EURJPY;A1;08-05 11:28;2;08-05 11:28,08-05 11:29"
2026-08-05T11:52:00.000+01:00,"MAR1GSOPEN;EURJPY;A2;08-05 11:28;2;08-05 11:28,08-05 11:29"
2026-08-05T11:53:00.000+01:00,"MAR1GSOPEN;EURJPY;A1;08-05 11:28;2;08-05 11:28,08-05 11:29"
2026-08-05T11:53:00.000+01:00,"MAR1GSOPEN;EURJPY;A2;08-05 11:28;2;08-05 11:28,08-05 11:29"
2026-08-05T11:54:00.000+01:00,"MAR1GSOPEN;EURJPY;A1;08-05 11:28;2;08-05 11:28,08-05 11:29"
2026-08-05T11:54:00.000+01:00,"MAR1GSOPEN;EURJPY;A2;08-05 11:28;2;08-05 11:28,08-05 11:29"
2026-08-05T11:55:00.000+01:00,"MAR1GSOPEN;EURJPY;A1;08-05 11:28;3;08-05 11:28,08-05 11:29,08-05 11:55"
2026-08-05T11:55:00.000+01:00,"MAR1GSOPEN;EURJPY;A2;08-05 11:28;3;08-05 11:28,08-05 11:29,08-05 11:55"
2026-08-05T11:55:00.000+01:00,MAR1GSOPEN;EURJPY;B1;08-05 11:55;0;
2026-08-05T11:55:00.000+01:00,MAR1GSOPEN;EURJPY;B2;08-05 11:55;0;
2026-08-05T11:55:00.000+01:00,MAR1GSOPEN;EURJPY;D1;08-05 11:55;0;
2026-08-05T11:56:00.000+01:00,"MAR1GSOPEN;EURJPY;A1;08-05 11:28;3;08-05 11:28,08-05 11:29,08-05 11:55"
2026-08-05T11:56:00.000+01:00,"MAR1GSOPEN;EURJPY;A2;08-05 11:28;3;08-05 11:28,08-05 11:29,08-05 11:55"
2026-08-05T11:56:00.000+01:00,MAR1GSOPEN;EURJPY;B1;08-05 11:55;0;
2026-08-05T11:56:00.000+01:00,MAR1GSOPEN;EURJPY;B2;08-05 11:55;0;
2026-08-05T11:56:00.000+01:00,MAR1GSOPEN;EURJPY;D1;08-05 11:55;0;
2026-08-05T11:57:00.000+01:00,"MAR1GSOPEN;EURJPY;A1;08-05 11:28;3;08-05 11:28,08-05 11:29,08-05 11:55"
2026-08-05T11:57:00.000+01:00,"MAR1GSOPEN;EURJPY;A2;08-05 11:28;3;08-05 11:28,08-05 11:29,08-05 11:55"
2026-08-05T11:57:00.000+01:00,MAR1GSOPEN;EURJPY;B1;08-05 11:55;0;
2026-08-05T11:57:00.000+01:00,MAR1GSOPEN;EURJPY;B2;08-05 11:55;0;
2026-08-05T11:57:00.000+01:00,MAR1GSOPEN;EURJPY;D1;08-05 11:55;0;
2026-08-05T11:58:00.000+01:00,"MAR1GSOPEN;EURJPY;A1;08-05 11:28;3;08-05 11:28,08-05 11:29,08-05 11:55"
2026-08-05T11:58:00.000+01:00,"MAR1GSOPEN;EURJPY;A2;08-05 11:28;3;08-05 11:28,08-05 11:29,08-05 11:55"
2026-08-05T11:58:00.000+01:00,MAR1GSOPEN;EURJPY;B1;08-05 11:55;0;
2026-08-05T11:58:00.000+01:00,MAR1GSOPEN;EURJPY;B2;08-05 11:55;0;
2026-08-05T11:58:00.000+01:00,MAR1GSOPEN;EURJPY;D1;08-05 11:55;0;
2026-08-05T11:59:00.000+01:00,"MAR1GSOPEN;EURJPY;A1;08-05 11:28;3;08-05 11:28,08-05 11:29,08-05 11:55"
2026-08-05T11:59:00.000+01:00,"MAR1GSOPEN;EURJPY;A2;08-05 11:28;3;08-05 11:28,08-05 11:29,08-05 11:55"
2026-08-05T11:59:00.000+01:00,MAR1GSOPEN;EURJPY;B1;08-05 11:55;0;
2026-08-05T11:59:00.000+01:00,MAR1GSOPEN;EURJPY;B2;08-05 11:55;0;
2026-08-05T11:59:00.000+01:00,MAR1GSOPEN;EURJPY;D1;08-05 11:55;0;
2026-08-05T12:00:00.000+01:00,"MAR1GSOPEN;EURJPY;A1;08-05 11:28;3;08-05 11:28,08-05 11:29,08-05 11:55"
2026-08-05T12:00:00.000+01:00,"MAR1GSOPEN;EURJPY;A2;08-05 11:28;3;08-05 11:28,08-05 11:29,08-05 11:55"
2026-08-05T12:00:00.000+01:00,MAR1GSOPEN;EURJPY;B1;08-05 11:55;0;
2026-08-05T12:00:00.000+01:00,MAR1GSOPEN;EURJPY;B2;08-05 11:55;0;
2026-08-05T12:00:00.000+01:00,MAR1GSOPEN;EURJPY;D1;08-05 11:55;0;
2026-08-05T12:01:00.000+01:00,"MAR1GSOPEN;EURJPY;A1;08-05 11:28;3;08-05 11:28,08-05 11:29,08-05 11:55"
2026-08-05T12:01:00.000+01:00,"MAR1GSOPEN;EURJPY;A2;08-05 11:28;3;08-05 11:28,08-05 11:29,08-05 11:55"
2026-08-05T12:01:00.000+01:00,MAR1GSOPEN;EURJPY;B1;08-05 11:55;0;
2026-08-05T12:01:00.000+01:00,MAR1GSOPEN;EURJPY;B2;08-05 11:55;0;
2026-08-05T12:01:00.000+01:00,MAR1GSOPEN;EURJPY;D1;08-05 11:55;0;
2026-08-05T12:02:00.000+01:00,"MAR1GSOPEN;EURJPY;A1;08-05 11:28;3;08-05 11:28,08-05 11:29,08-05 11:55"
2026-08-05T12:02:00.000+01:00,"MAR1GSOPEN;EURJPY;A2;08-05 11:28;3;08-05 11:28,08-05 11:29,08-05 11:55"
2026-08-05T12:02:00.000+01:00,MAR1GSOPEN;EURJPY;B1;08-05 11:55;0;
2026-08-05T12:02:00.000+01:00,MAR1GSOPEN;EURJPY;B2;08-05 11:55;0;
2026-08-05T12:02:00.000+01:00,MAR1GSOPEN;EURJPY;D1;08-05 11:55;0;
2026-08-05T12:03:00.000+01:00,"MAR1GSOPEN;EURJPY;A1;08-05 11:28;3;08-05 11:28,08-05 11:29,08-05 11:55"
2026-08-05T12:03:00.000+01:00,"MAR1GSOPEN;EURJPY;A2;08-05 11:28;3;08-05 11:28,08-05 11:29,08-05 11:55"
2026-08-05T12:03:00.000+01:00,MAR1GSOPEN;EURJPY;B1;08-05 11:55;0;
2026-08-05T12:03:00.000+01:00,MAR1GSOPEN;EURJPY;B2;08-05 11:55;0;
2026-08-05T12:03:00.000+01:00,MAR1GSOPEN;EURJPY;D1;08-05 11:55;0;
2026-08-05T12:04:00.000+01:00,"MAR1GSOPEN;EURJPY;A1;08-05 11:28;3;08-05 11:28,08-05 11:29,08-05 11:55"
2026-08-05T12:04:00.000+01:00,"MAR1GSOPEN;EURJPY;A2;08-05 11:28;3;08-05 11:28,08-05 11:29,08-05 11:55"
2026-08-05T12:04:00.000+01:00,MAR1GSOPEN;EURJPY;B1;08-05 11:55;0;
2026-08-05T12:04:00.000+01:00,MAR1GSOPEN;EURJPY;B2;08-05 11:55;0;
2026-08-05T12:04:00.000+01:00,MAR1GSOPEN;EURJPY;D1;08-05 11:55;0;
2026-08-05T12:05:00.000+01:00,"MAR1GSOPEN;EURJPY;A1;08-05 11:28;3;08-05 11:28,08-05 11:29,08-05 11:55"
2026-08-05T12:05:00.000+01:00,"MAR1GSOPEN;EURJPY;A2;08-05 11:28;3;08-05 11:28,08-05 11:29,08-05 11:55"
2026-08-05T12:05:00.000+01:00,MAR1GSOPEN;EURJPY;B1;08-05 11:55;0;
2026-08-05T12:05:00.000+01:00,MAR1GSOPEN;EURJPY;B2;08-05 11:55;0;
2026-08-05T12:05:00.000+01:00,MAR1GSOPEN;EURJPY;D1;08-05 11:55;0;
2026-08-05T12:06:00.000+01:00,"MAR1GSOPEN;EURJPY;A1;08-05 11:28;3;08-05 11:28,08-05 11:29,08-05 11:55"
2026-08-05T12:06:00.000+01:00,"MAR1GSOPEN;EURJPY;A2;08-05 11:28;3;08-05 11:28,08-05 11:29,08-05 11:55"
2026-08-05T12:06:00.000+01:00,MAR1GSOPEN;EURJPY;B1;08-05 11:55;0;
2026-08-05T12:06:00.000+01:00,MAR1GSOPEN;EURJPY;B2;08-05 11:55;0;
2026-08-05T12:06:00.000+01:00,MAR1GSOPEN;EURJPY;D1;08-05 11:55;0;
2026-08-05T12:07:00.000+01:00,"MAR1GSOPEN;EURJPY;A1;08-05 11:28;3;08-05 11:28,08-05 11:29,08-05 11:55"
2026-08-05T12:07:00.000+01:00,"MAR1GSOPEN;EURJPY;A2;08-05 11:28;3;08-05 11:28,08-05 11:29,08-05 11:55"
2026-08-05T12:07:00.000+01:00,MAR1GSOPEN;EURJPY;B1;08-05 11:55;0;
2026-08-05T12:07:00.000+01:00,MAR1GSOPEN;EURJPY;B2;08-05 11:55;0;
2026-08-05T12:07:00.000+01:00,MAR1GSOPEN;EURJPY;D1;08-05 11:55;0;
2026-08-05T12:08:00.000+01:00,"MAR1GSOPEN;EURJPY;A1;08-05 11:28;3;08-05 11:28,08-05 11:29,08-05 11:55"
2026-08-05T12:08:00.000+01:00,"MAR1GSOPEN;EURJPY;A2;08-05 11:28;3;08-05 11:28,08-05 11:29,08-05 11:55"
2026-08-05T12:08:00.000+01:00,MAR1GSOPEN;EURJPY;B1;08-05 11:55;0;
2026-08-05T12:08:00.000+01:00,MAR1GSOPEN;EURJPY;B2;08-05 11:55;0;
2026-08-05T12:08:00.000+01:00,MAR1GSOPEN;EURJPY;D1;08-05 11:55;0;
2026-08-05T12:09:00.000+01:00,"MAR1GSOPEN;EURJPY;A1;08-05 11:28;3;08-05 11:28,08-05 11:29,08-05 11:55"
2026-08-05T12:09:00.000+01:00,"MAR1GSOPEN;EURJPY;A2;08-05 11:28;3;08-05 11:28,08-05 11:29,08-05 11:55"
2026-08-05T12:09:00.000+01:00,MAR1GSOPEN;EURJPY;B1;08-05 11:55;0;
2026-08-05T12:09:00.000+01:00,MAR1GSOPEN;EURJPY;B2;08-05 11:55;0;
2026-08-05T12:09:00.000+01:00,MAR1GSOPEN;EURJPY;D1;08-05 11:55;0;
2026-08-05T12:10:00.000+01:00,"MAR1GSOPEN;EURJPY;A1;08-05 11:28;3;08-05 11:28,08-05 11:29,08-05 11:55"
2026-08-05T12:10:00.000+01:00,"MAR1GSOPEN;EURJPY;A2;08-05 11:28;3;08-05 11:28,08-05 11:29,08-05 11:55"
2026-08-05T12:10:00.000+01:00,MAR1GSOPEN;EURJPY;B1;08-05 11:55;0;
2026-08-05T12:10:00.000+01:00,MAR1GSOPEN;EURJPY;B2;08-05 11:55;0;
2026-08-05T12:10:00.000+01:00,MAR1GSOPEN;EURJPY;D1;08-05 11:55;0;
2026-08-05T12:11:00.000+01:00,"MAR1GSOPEN;EURJPY;A1;08-05 11:28;3;08-05 11:28,08-05 11:29,08-05 11:55"
2026-08-05T12:11:00.000+01:00,"MAR1GSOPEN;EURJPY;A2;08-05 11:28;3;08-05 11:28,08-05 11:29,08-05 11:55"
2026-08-05T12:11:00.000+01:00,MAR1GSOPEN;EURJPY;B1;08-05 11:55;0;
2026-08-05T12:11:00.000+01:00,MAR1GSOPEN;EURJPY;B2;08-05 11:55;0;
2026-08-05T12:11:00.000+01:00,MAR1GSOPEN;EURJPY;D1;08-05 11:55;0;
2026-08-05T12:12:00.000+01:00,"MAR1GSOPEN;EURJPY;A1;08-05 11:28;3;08-05 11:28,08-05 11:29,08-05 11:55"
2026-08-05T12:12:00.000+01:00,"MAR1GSOPEN;EURJPY;A2;08-05 11:28;3;08-05 11:28,08-05 11:29,08-05 11:55"
2026-08-05T12:12:00.000+01:00,MAR1GSOPEN;EURJPY;B1;08-05 11:55;0;
2026-08-05T12:12:00.000+01:00,MAR1GSOPEN;EURJPY;B2;08-05 11:55;0;
2026-08-05T12:12:00.000+01:00,MAR1GSOPEN;EURJPY;D1;08-05 11:55;0;
2026-08-05T12:13:00.000+01:00,"MAR1GSOPEN;EURJPY;A1;08-05 11:28;3;08-05 11:28,08-05 11:29,08-05 11:55"
2026-08-05T12:13:00.000+01:00,"MAR1GSOPEN;EURJPY;A2;08-05 11:28;3;08-05 11:28,08-05 11:29,08-05 11:55"
2026-08-05T12:13:00.000+01:00,MAR1GSOPEN;EURJPY;B1;08-05 11:55;0;
2026-08-05T12:13:00.000+01:00,MAR1GSOPEN;EURJPY;B2;08-05 11:55;0;
2026-08-05T12:13:00.000+01:00,MAR1GSOPEN;EURJPY;D1;08-05 11:55;0;
2026-08-05T12:14:00.000+01:00,"MAR1GSOPEN;EURJPY;A1;08-05 11:28;3;08-05 11:28,08-05 11:29,08-05 11:55"
2026-08-05T12:14:00.000+01:00,"MAR1GSOPEN;EURJPY;A2;08-05 11:28;3;08-05 11:28,08-05 11:29,08-05 11:55"
2026-08-05T12:14:00.000+01:00,MAR1GSOPEN;EURJPY;B1;08-05 11:55;0;
2026-08-05T12:14:00.000+01:00,MAR1GSOPEN;EURJPY;B2;08-05 11:55;0;
2026-08-05T12:14:00.000+01:00,MAR1GSOPEN;EURJPY;D1;08-05 11:55;0;
2026-08-05T12:15:00.000+01:00,"MAR1GSOPEN;EURJPY;A1;08-05 11:28;3;08-05 11:28,08-05 11:29,08-05 11:55"
2026-08-05T12:15:00.000+01:00,"MAR1GSOPEN;EURJPY;A2;08-05 11:28;3;08-05 11:28,08-05 11:29,08-05 11:55"
2026-08-05T12:15:00.000+01:00,MAR1GSOPEN;EURJPY;B1;08-05 11:55;0;
2026-08-05T12:15:00.000+01:00,MAR1GSOPEN;EURJPY;B2;08-05 11:55;0;
2026-08-05T12:15:00.000+01:00,MAR1GSOPEN;EURJPY;D1;08-05 11:55;0;
2026-08-05T12:16:00.000+01:00,"MAR1GSOPEN;EURJPY;A1;08-05 11:28;3;08-05 11:28,08-05 11:29,08-05 11:55"
2026-08-05T12:16:00.000+01:00,"MAR1GSOPEN;EURJPY;A2;08-05 11:28;3;08-05 11:28,08-05 11:29,08-05 11:55"
2026-08-05T12:16:00.000+01:00,MAR1GSOPEN;EURJPY;B1;08-05 11:55;0;
2026-08-05T12:16:00.000+01:00,MAR1GSOPEN;EURJPY;B2;08-05 11:55;0;
2026-08-05T12:16:00.000+01:00,MAR1GSOPEN;EURJPY;D1;08-05 11:55;0;
2026-08-05T12:17:00.000+01:00,"MAR1GSOPEN;EURJPY;A1;08-05 11:28;3;08-05 11:28,08-05 11:29,08-05 11:55"
2026-08-05T12:17:00.000+01:00,"MAR1GSOPEN;EURJPY;A2;08-05 11:28;3;08-05 11:28,08-05 11:29,08-05 11:55"
2026-08-05T12:17:00.000+01:00,MAR1GSOPEN;EURJPY;B1;08-05 11:55;0;
2026-08-05T12:17:00.000+01:00,MAR1GSOPEN;EURJPY;B2;08-05 11:55;0;
2026-08-05T12:17:00.000+01:00,MAR1GSOPEN;EURJPY;D1;08-05 11:55;0;
2026-08-05T12:18:00.000+01:00,"MAR1GSOPEN;EURJPY;A1;08-05 11:28;3;08-05 11:28,08-05 11:29,08-05 11:55"
2026-08-05T12:18:00.000+01:00,"MAR1GSOPEN;EURJPY;A2;08-05 11:28;3;08-05 11:28,08-05 11:29,08-05 11:55"
2026-08-05T12:18:00.000+01:00,MAR1GSOPEN;EURJPY;B1;08-05 11:55;0;
2026-08-05T12:18:00.000+01:00,MAR1GSOPEN;EURJPY;B2;08-05 11:55;0;
2026-08-05T12:18:00.000+01:00,MAR1GSOPEN;EURJPY;D1;08-05 11:55;0;
2026-08-05T12:19:00.000+01:00,"MAR1GSOPEN;EURJPY;A1;08-05 11:28;3;08-05 11:28,08-05 11:29,08-05 11:55"
2026-08-05T12:19:00.000+01:00,"MAR1GSOPEN;EURJPY;A2;08-05 11:28;3;08-05 11:28,08-05 11:29,08-05 11:55"
2026-08-05T12:19:00.000+01:00,MAR1GSOPEN;EURJPY;B1;08-05 11:55;0;
2026-08-05T12:19:00.000+01:00,MAR1GSOPEN;EURJPY;B2;08-05 11:55;0;
2026-08-05T12:19:00.000+01:00,MAR1GSOPEN;EURJPY;D1;08-05 11:55;0;
2026-08-05T12:20:00.000+01:00,"MAR1GSOPEN;EURJPY;A1;08-05 11:28;3;08-05 11:28,08-05 11:29,08-05 11:55"
2026-08-05T12:20:00.000+01:00,"MAR1GSOPEN;EURJPY;A2;08-05 11:28;3;08-05 11:28,08-05 11:29,08-05 11:55"
2026-08-05T12:20:00.000+01:00,MAR1GSOPEN;EURJPY;B1;08-05 11:55;0;
2026-08-05T12:20:00.000+01:00,MAR1GSOPEN;EURJPY;B2;08-05 11:55;0;
2026-08-05T12:20:00.000+01:00,MAR1GSOPEN;EURJPY;D1;08-05 11:55;0;
2026-08-05T12:21:00.000+01:00,"MAR1GSCLOSE;EURJPY;A1;08-05 11:28;08-05 12:22;4;short;08-05 11:28,08-05 11:29,08-05 11:55,08-05 12:21"
2026-08-05T12:21:00.000+01:00,"MAR1GSCLOSE;EURJPY;A2;08-05 11:28;08-05 12:22;4;short;08-05 11:28,08-05 11:29,08-05 11:55,08-05 12:21"
2026-08-05T12:21:00.000+01:00,MAR1GSCLOSE;EURJPY;B1;08-05 12:21;08-05 12:22;1;short;08-05 12:21
2026-08-05T12:21:00.000+01:00,MAR1GSCLOSE;EURJPY;B2;08-05 12:21;08-05 12:22;1;short;08-05 12:21
2026-08-05T12:21:00.000+01:00,MAR1GSCLOSE;EURJPY;D1;08-05 12:21;08-05 12:22;1;short;08-05 12:21
2026-08-05T16:17:00.000+01:00,MAR1GSOPEN;EURJPY;A1;08-05 16:17;0;
2026-08-05T16:17:00.000+01:00,MAR1GSOPEN;EURJPY;A2;08-05 16:17;0;
2026-08-05T16:18:00.000+01:00,MAR1GSOPEN;EURJPY;A1;08-05 16:17;0;
2026-08-05T16:18:00.000+01:00,MAR1GSOPEN;EURJPY;A2;08-05 16:17;0;
2026-08-05T16:19:00.000+01:00,MAR1GSOPEN;EURJPY;A1;08-05 16:17;0;
2026-08-05T16:19:00.000+01:00,MAR1GSOPEN;EURJPY;A2;08-05 16:17;0;
2026-08-05T16:20:00.000+01:00,MAR1GSOPEN;EURJPY;A1;08-05 16:17;0;
2026-08-05T16:20:00.000+01:00,MAR1GSOPEN;EURJPY;A2;08-05 16:17;0;
2026-08-05T16:21:00.000+01:00,MAR1GSOPEN;EURJPY;A1;08-05 16:17;0;
2026-08-05T16:21:00.000+01:00,MAR1GSOPEN;EURJPY;A2;08-05 16:17;0;
2026-08-05T16:22:00.000+01:00,MAR1GSOPEN;EURJPY;A1;08-05 16:17;0;
2026-08-05T16:22:00.000+01:00,MAR1GSOPEN;EURJPY;A2;08-05 16:17;0;
2026-08-05T16:23:00.000+01:00,MAR1GSOPEN;EURJPY;A1;08-05 16:17;0;
2026-08-05T16:23:00.000+01:00,MAR1GSOPEN;EURJPY;A2;08-05 16:17;0;
2026-08-05T16:24:00.000+01:00,MAR1GSOPEN;EURJPY;A1;08-05 16:17;0;
2026-08-05T16:24:00.000+01:00,MAR1GSOPEN;EURJPY;A2;08-05 16:17;0;
2026-08-05T16:25:00.000+01:00,MAR1GSOPEN;EURJPY;A1;08-05 16:17;0;
2026-08-05T16:25:00.000+01:00,MAR1GSOPEN;EURJPY;A2;08-05 16:17;0;
2026-08-05T16:26:00.000+01:00,MAR1GSOPEN;EURJPY;A1;08-05 16:17;0;
2026-08-05T16:26:00.000+01:00,MAR1GSOPEN;EURJPY;A2;08-05 16:17;0;
2026-08-05T16:27:00.000+01:00,MAR1GSOPEN;EURJPY;A1;08-05 16:17;0;
2026-08-05T16:27:00.000+01:00,MAR1GSOPEN;EURJPY;A2;08-05 16:17;0;
2026-08-05T16:28:00.000+01:00,MAR1GSOPEN;EURJPY;A1;08-05 16:17;0;
2026-08-05T16:28:00.000+01:00,MAR1GSOPEN;EURJPY;A2;08-05 16:17;0;
2026-08-05T16:29:00.000+01:00,MAR1GSOPEN;EURJPY;A1;08-05 16:17;0;
2026-08-05T16:29:00.000+01:00,MAR1GSOPEN;EURJPY;A2;08-05 16:17;0;
2026-08-05T16:30:00.000+01:00,MAR1GSOPEN;EURJPY;A1;08-05 16:17;0;
2026-08-05T16:30:00.000+01:00,MAR1GSOPEN;EURJPY;A2;08-05 16:17;0;
2026-08-05T16:31:00.000+01:00,MAR1GSOPEN;EURJPY;A1;08-05 16:17;0;
2026-08-05T16:31:00.000+01:00,MAR1GSOPEN;EURJPY;A2;08-05 16:17;0;
2026-08-05T16:32:00.000+01:00,MAR1GSOPEN;EURJPY;A1;08-05 16:17;0;
2026-08-05T16:32:00.000+01:00,MAR1GSOPEN;EURJPY;A2;08-05 16:17;0;
2026-08-05T16:33:00.000+01:00,MAR1GSOPEN;EURJPY;A1;08-05 16:17;0;
2026-08-05T16:33:00.000+01:00,MAR1GSOPEN;EURJPY;A2;08-05 16:17;0;
2026-08-05T16:34:00.000+01:00,MAR1GSOPEN;EURJPY;A1;08-05 16:17;0;
2026-08-05T16:34:00.000+01:00,MAR1GSOPEN;EURJPY;A2;08-05 16:17;0;
2026-08-05T16:35:00.000+01:00,MAR1GSOPEN;EURJPY;A1;08-05 16:17;0;
2026-08-05T16:35:00.000+01:00,MAR1GSOPEN;EURJPY;A2;08-05 16:17;0;
2026-08-05T16:36:00.000+01:00,MAR1GSOPEN;EURJPY;A1;08-05 16:17;0;
2026-08-05T16:36:00.000+01:00,MAR1GSOPEN;EURJPY;A2;08-05 16:17;0;
2026-08-05T16:37:00.000+01:00,MAR1GSOPEN;EURJPY;A1;08-05 16:17;0;
2026-08-05T16:37:00.000+01:00,MAR1GSOPEN;EURJPY;A2;08-05 16:17;0;
2026-08-05T16:38:00.000+01:00,MAR1GSOPEN;EURJPY;A1;08-05 16:17;0;
2026-08-05T16:38:00.000+01:00,MAR1GSOPEN;EURJPY;A2;08-05 16:17;0;
2026-08-05T16:39:00.000+01:00,MAR1GSOPEN;EURJPY;A1;08-05 16:17;0;
2026-08-05T16:39:00.000+01:00,MAR1GSOPEN;EURJPY;A2;08-05 16:17;0;
2026-08-05T16:40:00.000+01:00,MAR1GSOPEN;EURJPY;A1;08-05 16:17;0;
2026-08-05T16:40:00.000+01:00,MAR1GSOPEN;EURJPY;A2;08-05 16:17;0;
2026-08-05T16:41:00.000+01:00,MAR1GSCLOSE;EURJPY;A1;08-05 16:41;08-05 16:42;1;long;08-05 16:41
2026-08-05T16:41:00.000+01:00,MAR1GSCLOSE;EURJPY;A2;08-05 16:41;08-05 16:42;1;long;08-05 16:41
2026-08-05T17:37:00.000+01:00,MAR1GSOPEN;EURJPY;A1;08-05 17:37;0;
2026-08-05T17:37:00.000+01:00,MAR1GSOPEN;EURJPY;A2;08-05 17:37;0;
2026-08-05T17:38:00.000+01:00,MAR1GSOPEN;EURJPY;A1;08-05 17:37;0;
2026-08-05T17:38:00.000+01:00,MAR1GSOPEN;EURJPY;A2;08-05 17:37;0;
2026-08-05T17:39:00.000+01:00,MAR1GSOPEN;EURJPY;A1;08-05 17:37;0;
2026-08-05T17:39:00.000+01:00,MAR1GSOPEN;EURJPY;A2;08-05 17:37;0;
2026-08-05T17:40:00.000+01:00,MAR1GSOPEN;EURJPY;A1;08-05 17:37;0;
2026-08-05T17:40:00.000+01:00,MAR1GSOPEN;EURJPY;A2;08-05 17:37;0;
2026-08-05T17:41:00.000+01:00,MAR1GSOPEN;EURJPY;A1;08-05 17:37;0;
2026-08-05T17:41:00.000+01:00,MAR1GSOPEN;EURJPY;A2;08-05 17:37;0;
2026-08-05T17:42:00.000+01:00,MAR1GSOPEN;EURJPY;A1;08-05 17:37;0;
2026-08-05T17:42:00.000+01:00,MAR1GSOPEN;EURJPY;A2;08-05 17:37;0;
2026-08-05T17:43:00.000+01:00,MAR1GSOPEN;EURJPY;A1;08-05 17:37;0;
2026-08-05T17:43:00.000+01:00,MAR1GSOPEN;EURJPY;A2;08-05 17:37;0;
2026-08-05T17:44:00.000+01:00,MAR1GSOPEN;EURJPY;A1;08-05 17:37;0;
2026-08-05T17:44:00.000+01:00,MAR1GSOPEN;EURJPY;A2;08-05 17:37;0;
2026-08-05T17:45:00.000+01:00,MAR1GSOPEN;EURJPY;A1;08-05 17:37;0;
2026-08-05T17:45:00.000+01:00,MAR1GSOPEN;EURJPY;A2;08-05 17:37;0;
2026-08-05T17:46:00.000+01:00,MAR1GSOPEN;EURJPY;A1;08-05 17:37;0;
2026-08-05T17:46:00.000+01:00,MAR1GSOPEN;EURJPY;A2;08-05 17:37;0;
2026-08-05T17:47:00.000+01:00,MAR1GSOPEN;EURJPY;A1;08-05 17:37;0;
2026-08-05T17:47:00.000+01:00,MAR1GSOPEN;EURJPY;A2;08-05 17:37;0;
2026-08-05T17:48:00.000+01:00,MAR1GSOPEN;EURJPY;A1;08-05 17:37;0;
2026-08-05T17:48:00.000+01:00,MAR1GSOPEN;EURJPY;A2;08-05 17:37;0;
2026-08-05T17:49:00.000+01:00,MAR1GSOPEN;EURJPY;A1;08-05 17:37;0;
2026-08-05T17:49:00.000+01:00,MAR1GSOPEN;EURJPY;A2;08-05 17:37;0;
2026-08-05T17:50:00.000+01:00,MAR1GSOPEN;EURJPY;A1;08-05 17:37;0;
2026-08-05T17:50:00.000+01:00,MAR1GSOPEN;EURJPY;A2;08-05 17:37;0;
2026-08-05T17:51:00.000+01:00,MAR1GSOPEN;EURJPY;A1;08-05 17:37;0;
2026-08-05T17:51:00.000+01:00,MAR1GSOPEN;EURJPY;A2;08-05 17:37;0;
2026-08-05T17:52:00.000+01:00,MAR1GSOPEN;EURJPY;A1;08-05 17:37;0;
2026-08-05T17:52:00.000+01:00,MAR1GSOPEN;EURJPY;A2;08-05 17:37;0;
2026-08-05T17:53:00.000+01:00,MAR1GSOPEN;EURJPY;A1;08-05 17:37;0;
2026-08-05T17:53:00.000+01:00,MAR1GSOPEN;EURJPY;A2;08-05 17:37;0;
2026-08-05T17:54:00.000+01:00,MAR1GSOPEN;EURJPY;A1;08-05 17:37;0;
2026-08-05T17:54:00.000+01:00,MAR1GSOPEN;EURJPY;A2;08-05 17:37;0;
2026-08-05T17:55:00.000+01:00,MAR1GSOPEN;EURJPY;A1;08-05 17:37;0;
2026-08-05T17:55:00.000+01:00,MAR1GSOPEN;EURJPY;A2;08-05 17:37;0;
2026-08-05T17:56:00.000+01:00,MAR1GSOPEN;EURJPY;A1;08-05 17:37;0;
2026-08-05T17:56:00.000+01:00,MAR1GSOPEN;EURJPY;A2;08-05 17:37;0;
2026-08-05T17:57:00.000+01:00,MAR1GSCLOSE;EURJPY;A1;08-05 17:57;08-05 17:58;1;long;08-05 17:57
2026-08-05T17:57:00.000+01:00,MAR1GSCLOSE;EURJPY;A2;08-05 17:57;08-05 17:58;1;long;08-05 17:57
2026-08-06T10:34:00.000+01:00,MAR1GSOPEN;EURJPY;B1;08-06 10:34;0;
2026-08-06T10:34:00.000+01:00,MAR1GSOPEN;EURJPY;B2;08-06 10:34;0;
2026-08-06T10:35:00.000+01:00,MAR1GSOPEN;EURJPY;B1;08-06 10:34;0;
2026-08-06T10:35:00.000+01:00,MAR1GSOPEN;EURJPY;B2;08-06 10:34;0;
2026-08-06T10:36:00.000+01:00,MAR1GSOPEN;EURJPY;B1;08-06 10:34;0;
2026-08-06T10:36:00.000+01:00,MAR1GSOPEN;EURJPY;B2;08-06 10:34;0;
2026-08-06T10:37:00.000+01:00,MAR1GSOPEN;EURJPY;B1;08-06 10:34;0;
2026-08-06T10:37:00.000+01:00,MAR1GSOPEN;EURJPY;B2;08-06 10:34;0;
2026-08-06T10:38:00.000+01:00,MAR1GSOPEN;EURJPY;B1;08-06 10:34;0;
2026-08-06T10:38:00.000+01:00,MAR1GSOPEN;EURJPY;B2;08-06 10:34;0;
2026-08-06T10:39:00.000+01:00,MAR1GSOPEN;EURJPY;B1;08-06 10:34;0;
2026-08-06T10:39:00.000+01:00,MAR1GSOPEN;EURJPY;B2;08-06 10:34;0;
2026-08-06T10:40:00.000+01:00,MAR1GSOPEN;EURJPY;B1;08-06 10:34;0;
2026-08-06T10:40:00.000+01:00,MAR1GSOPEN;EURJPY;B2;08-06 10:34;0;
2026-08-06T10:41:00.000+01:00,MAR1GSOPEN;EURJPY;B1;08-06 10:34;0;
2026-08-06T10:41:00.000+01:00,MAR1GSOPEN;EURJPY;B2;08-06 10:34;0;
2026-08-06T10:42:00.000+01:00,MAR1GSOPEN;EURJPY;B1;08-06 10:34;0;
2026-08-06T10:42:00.000+01:00,MAR1GSOPEN;EURJPY;B2;08-06 10:34;0;
2026-08-06T10:43:00.000+01:00,MAR1GSOPEN;EURJPY;B1;08-06 10:34;0;
2026-08-06T10:43:00.000+01:00,MAR1GSOPEN;EURJPY;B2;08-06 10:34;0;
2026-08-06T10:44:00.000+01:00,MAR1GSOPEN;EURJPY;B1;08-06 10:34;0;
2026-08-06T10:44:00.000+01:00,MAR1GSOPEN;EURJPY;B2;08-06 10:34;0;
2026-08-06T10:45:00.000+01:00,MAR1GSOPEN;EURJPY;B1;08-06 10:34;0;
2026-08-06T10:45:00.000+01:00,MAR1GSOPEN;EURJPY;B2;08-06 10:34;0;
2026-08-06T10:46:00.000+01:00,MAR1GSOPEN;EURJPY;A1;08-06 10:46;0;
2026-08-06T10:46:00.000+01:00,MAR1GSOPEN;EURJPY;A2;08-06 10:46;0;
2026-08-06T10:46:00.000+01:00,MAR1GSOPEN;EURJPY;B1;08-06 10:46;1;08-06 10:46
2026-08-06T10:46:00.000+01:00,MAR1GSOPEN;EURJPY;B2;08-06 10:46;1;08-06 10:46
2026-08-06T10:46:00.000+01:00,MAR1GSOPEN;EURJPY;C1;08-06 10:46;0;
2026-08-06T10:46:00.000+01:00,MAR1GSOPEN;EURJPY;C2;08-06 10:46;0;
2026-08-06T10:47:00.000+01:00,MAR1GSOPEN;EURJPY;A1;08-06 10:46;0;
2026-08-06T10:47:00.000+01:00,MAR1GSOPEN;EURJPY;A2;08-06 10:46;0;
2026-08-06T10:47:00.000+01:00,MAR1GSOPEN;EURJPY;B1;08-06 10:46;1;08-06 10:46
2026-08-06T10:47:00.000+01:00,MAR1GSOPEN;EURJPY;B2;08-06 10:46;1;08-06 10:46
2026-08-06T10:47:00.000+01:00,MAR1GSOPEN;EURJPY;C1;08-06 10:46;0;
2026-08-06T10:47:00.000+01:00,MAR1GSOPEN;EURJPY;C2;08-06 10:46;0;
2026-08-06T10:48:00.000+01:00,MAR1GSOPEN;EURJPY;A1;08-06 10:46;0;
2026-08-06T10:48:00.000+01:00,MAR1GSOPEN;EURJPY;A2;08-06 10:46;0;
2026-08-06T10:48:00.000+01:00,MAR1GSOPEN;EURJPY;B1;08-06 10:46;1;08-06 10:46
2026-08-06T10:48:00.000+01:00,MAR1GSOPEN;EURJPY;B2;08-06 10:46;1;08-06 10:46
2026-08-06T10:48:00.000+01:00,MAR1GSOPEN;EURJPY;C1;08-06 10:46;0;
2026-08-06T10:48:00.000+01:00,MAR1GSOPEN;EURJPY;C2;08-06 10:46;0;
2026-08-06T10:49:00.000+01:00,MAR1GSOPEN;EURJPY;A1;08-06 10:46;0;
2026-08-06T10:49:00.000+01:00,MAR1GSOPEN;EURJPY;A2;08-06 10:46;0;
2026-08-06T10:49:00.000+01:00,MAR1GSOPEN;EURJPY;B1;08-06 10:46;1;08-06 10:46
2026-08-06T10:49:00.000+01:00,MAR1GSOPEN;EURJPY;B2;08-06 10:46;1;08-06 10:46
2026-08-06T10:49:00.000+01:00,MAR1GSOPEN;EURJPY;C1;08-06 10:46;0;
2026-08-06T10:49:00.000+01:00,MAR1GSOPEN;EURJPY;C2;08-06 10:46;0;
2026-08-06T10:50:00.000+01:00,MAR1GSOPEN;EURJPY;A1;08-06 10:46;0;
2026-08-06T10:50:00.000+01:00,MAR1GSOPEN;EURJPY;A2;08-06 10:46;0;
2026-08-06T10:50:00.000+01:00,MAR1GSOPEN;EURJPY;B1;08-06 10:46;1;08-06 10:46
2026-08-06T10:50:00.000+01:00,MAR1GSOPEN;EURJPY;B2;08-06 10:46;1;08-06 10:46
2026-08-06T10:50:00.000+01:00,MAR1GSOPEN;EURJPY;C1;08-06 10:46;0;
2026-08-06T10:50:00.000+01:00,MAR1GSOPEN;EURJPY;C2;08-06 10:46;0;
2026-08-06T10:51:00.000+01:00,MAR1GSOPEN;EURJPY;A1;08-06 10:46;0;
2026-08-06T10:51:00.000+01:00,MAR1GSOPEN;EURJPY;A2;08-06 10:46;0;
2026-08-06T10:51:00.000+01:00,MAR1GSOPEN;EURJPY;B1;08-06 10:46;1;08-06 10:46
2026-08-06T10:51:00.000+01:00,MAR1GSOPEN;EURJPY;B2;08-06 10:46;1;08-06 10:46
2026-08-06T10:51:00.000+01:00,MAR1GSOPEN;EURJPY;C1;08-06 10:46;0;
2026-08-06T10:51:00.000+01:00,MAR1GSOPEN;EURJPY;C2;08-06 10:46;0;
2026-08-06T10:52:00.000+01:00,MAR1GSOPEN;EURJPY;A1;08-06 10:46;0;
2026-08-06T10:52:00.000+01:00,MAR1GSOPEN;EURJPY;A2;08-06 10:46;0;
2026-08-06T10:52:00.000+01:00,MAR1GSOPEN;EURJPY;B1;08-06 10:46;1;08-06 10:46
2026-08-06T10:52:00.000+01:00,MAR1GSOPEN;EURJPY;B2;08-06 10:46;1;08-06 10:46
2026-08-06T10:52:00.000+01:00,MAR1GSOPEN;EURJPY;C1;08-06 10:46;0;
2026-08-06T10:52:00.000+01:00,MAR1GSOPEN;EURJPY;C2;08-06 10:46;0;
2026-08-06T10:53:00.000+01:00,MAR1GSOPEN;EURJPY;A1;08-06 10:53;1;08-06 10:53
2026-08-06T10:53:00.000+01:00,MAR1GSOPEN;EURJPY;A2;08-06 10:53;1;08-06 10:53
2026-08-06T10:53:00.000+01:00,MAR1GSOPEN;EURJPY;B1;08-06 10:46;1;08-06 10:46
2026-08-06T10:53:00.000+01:00,MAR1GSOPEN;EURJPY;B2;08-06 10:46;1;08-06 10:46
2026-08-06T10:53:00.000+01:00,MAR1GSOPEN;EURJPY;C1;08-06 10:46;0;
2026-08-06T10:53:00.000+01:00,MAR1GSOPEN;EURJPY;C2;08-06 10:46;0;
2026-08-06T10:54:00.000+01:00,"MAR1GSCLOSE;EURJPY;A1;08-06 10:53;08-06 10:55;2;short;08-06 10:53,08-06 10:54"
2026-08-06T10:54:00.000+01:00,"MAR1GSCLOSE;EURJPY;A2;08-06 10:53;08-06 10:55;2;short;08-06 10:53,08-06 10:54"
2026-08-06T10:54:00.000+01:00,MAR1GSOPEN;EURJPY;B1;08-06 10:46;1;08-06 10:46
2026-08-06T10:54:00.000+01:00,MAR1GSOPEN;EURJPY;B2;08-06 10:46;1;08-06 10:46
2026-08-06T10:54:00.000+01:00,MAR1GSOPEN;EURJPY;C1;08-06 10:46;0;
2026-08-06T10:54:00.000+01:00,MAR1GSOPEN;EURJPY;C2;08-06 10:46;0;
2026-08-06T10:55:00.000+01:00,MAR1GSOPEN;EURJPY;B1;08-06 10:46;1;08-06 10:46
2026-08-06T10:55:00.000+01:00,MAR1GSOPEN;EURJPY;B2;08-06 10:46;1;08-06 10:46
2026-08-06T10:55:00.000+01:00,MAR1GSOPEN;EURJPY;C1;08-06 10:46;0;
2026-08-06T10:55:00.000+01:00,MAR1GSOPEN;EURJPY;C2;08-06 10:46;0;
2026-08-06T10:56:00.000+01:00,MAR1GSOPEN;EURJPY;B1;08-06 10:46;1;08-06 10:46
2026-08-06T10:56:00.000+01:00,MAR1GSOPEN;EURJPY;B2;08-06 10:46;1;08-06 10:46
2026-08-06T10:56:00.000+01:00,MAR1GSOPEN;EURJPY;C1;08-06 10:46;0;
2026-08-06T10:56:00.000+01:00,MAR1GSOPEN;EURJPY;C2;08-06 10:46;0;
2026-08-06T10:57:00.000+01:00,MAR1GSOPEN;EURJPY;B1;08-06 10:46;1;08-06 10:46
2026-08-06T10:57:00.000+01:00,MAR1GSOPEN;EURJPY;B2;08-06 10:46;1;08-06 10:46
2026-08-06T10:57:00.000+01:00,MAR1GSOPEN;EURJPY;C1;08-06 10:46;0;
2026-08-06T10:57:00.000+01:00,MAR1GSOPEN;EURJPY;C2;08-06 10:46;0;
2026-08-06T10:58:00.000+01:00,MAR1GSOPEN;EURJPY;B1;08-06 10:46;1;08-06 10:46
2026-08-06T10:58:00.000+01:00,MAR1GSOPEN;EURJPY;B2;08-06 10:46;1;08-06 10:46
2026-08-06T10:58:00.000+01:00,MAR1GSOPEN;EURJPY;C1;08-06 10:46;0;
2026-08-06T10:58:00.000+01:00,MAR1GSOPEN;EURJPY;C2;08-06 10:46;0;
2026-08-06T10:59:00.000+01:00,MAR1GSOPEN;EURJPY;B1;08-06 10:46;1;08-06 10:46
2026-08-06T10:59:00.000+01:00,MAR1GSOPEN;EURJPY;B2;08-06 10:46;1;08-06 10:46
2026-08-06T10:59:00.000+01:00,MAR1GSOPEN;EURJPY;C1;08-06 10:46;0;
2026-08-06T10:59:00.000+01:00,MAR1GSOPEN;EURJPY;C2;08-06 10:46;0;
2026-08-06T11:00:00.000+01:00,MAR1GSOPEN;EURJPY;B1;08-06 10:46;1;08-06 10:46
2026-08-06T11:00:00.000+01:00,MAR1GSOPEN;EURJPY;B2;08-06 10:46;1;08-06 10:46
2026-08-06T11:00:00.000+01:00,MAR1GSOPEN;EURJPY;C1;08-06 10:46;0;
2026-08-06T11:00:00.000+01:00,MAR1GSOPEN;EURJPY;C2;08-06 10:46;0;
2026-08-06T11:01:00.000+01:00,MAR1GSOPEN;EURJPY;B1;08-06 10:46;1;08-06 10:46
2026-08-06T11:01:00.000+01:00,MAR1GSOPEN;EURJPY;B2;08-06 10:46;1;08-06 10:46
2026-08-06T11:01:00.000+01:00,MAR1GSOPEN;EURJPY;C1;08-06 10:46;0;
2026-08-06T11:01:00.000+01:00,MAR1GSOPEN;EURJPY;C2;08-06 10:46;0;
2026-08-06T11:02:00.000+01:00,MAR1GSOPEN;EURJPY;B1;08-06 10:46;1;08-06 10:46
2026-08-06T11:02:00.000+01:00,MAR1GSOPEN;EURJPY;B2;08-06 10:46;1;08-06 10:46
2026-08-06T11:02:00.000+01:00,MAR1GSOPEN;EURJPY;C1;08-06 10:46;0;
2026-08-06T11:02:00.000+01:00,MAR1GSOPEN;EURJPY;C2;08-06 10:46;0;
2026-08-06T11:03:00.000+01:00,MAR1GSOPEN;EURJPY;B1;08-06 10:46;1;08-06 10:46
2026-08-06T11:03:00.000+01:00,MAR1GSOPEN;EURJPY;B2;08-06 10:46;1;08-06 10:46
2026-08-06T11:03:00.000+01:00,MAR1GSOPEN;EURJPY;C1;08-06 10:46;0;
2026-08-06T11:03:00.000+01:00,MAR1GSOPEN;EURJPY;C2;08-06 10:46;0;
2026-08-06T11:04:00.000+01:00,MAR1GSOPEN;EURJPY;B1;08-06 10:46;1;08-06 10:46
2026-08-06T11:04:00.000+01:00,MAR1GSOPEN;EURJPY;B2;08-06 10:46;1;08-06 10:46
2026-08-06T11:04:00.000+01:00,MAR1GSOPEN;EURJPY;C1;08-06 10:46;0;
2026-08-06T11:04:00.000+01:00,MAR1GSOPEN;EURJPY;C2;08-06 10:46;0;
2026-08-06T11:05:00.000+01:00,MAR1GSOPEN;EURJPY;B1;08-06 10:46;1;08-06 10:46
2026-08-06T11:05:00.000+01:00,MAR1GSOPEN;EURJPY;B2;08-06 10:46;1;08-06 10:46
2026-08-06T11:05:00.000+01:00,MAR1GSOPEN;EURJPY;C1;08-06 10:46;0;
2026-08-06T11:05:00.000+01:00,MAR1GSOPEN;EURJPY;C2;08-06 10:46;0;
2026-08-06T11:06:00.000+01:00,MAR1GSOPEN;EURJPY;B1;08-06 10:46;1;08-06 10:46
2026-08-06T11:06:00.000+01:00,MAR1GSOPEN;EURJPY;B2;08-06 10:46;1;08-06 10:46
2026-08-06T11:06:00.000+01:00,MAR1GSOPEN;EURJPY;C1;08-06 10:46;0;
2026-08-06T11:06:00.000+01:00,MAR1GSOPEN;EURJPY;C2;08-06 10:46;0;
2026-08-06T11:07:00.000+01:00,MAR1GSOPEN;EURJPY;B1;08-06 10:46;1;08-06 10:46
2026-08-06T11:07:00.000+01:00,MAR1GSOPEN;EURJPY;B2;08-06 10:46;1;08-06 10:46
2026-08-06T11:07:00.000+01:00,MAR1GSOPEN;EURJPY;C1;08-06 10:46;0;
2026-08-06T11:07:00.000+01:00,MAR1GSOPEN;EURJPY;C2;08-06 10:46;0;
2026-08-06T11:08:00.000+01:00,MAR1GSOPEN;EURJPY;B1;08-06 10:46;1;08-06 10:46
2026-08-06T11:08:00.000+01:00,MAR1GSOPEN;EURJPY;B2;08-06 10:46;1;08-06 10:46
2026-08-06T11:08:00.000+01:00,MAR1GSOPEN;EURJPY;C1;08-06 10:46;0;
2026-08-06T11:08:00.000+01:00,MAR1GSOPEN;EURJPY;C2;08-06 10:46;0;
2026-08-06T11:09:00.000+01:00,MAR1GSOPEN;EURJPY;B1;08-06 10:46;1;08-06 10:46
2026-08-06T11:09:00.000+01:00,MAR1GSOPEN;EURJPY;B2;08-06 10:46;1;08-06 10:46
2026-08-06T11:09:00.000+01:00,MAR1GSOPEN;EURJPY;C1;08-06 10:46;0;
2026-08-06T11:09:00.000+01:00,MAR1GSOPEN;EURJPY;C2;08-06 10:46;0;
2026-08-06T11:10:00.000+01:00,MAR1GSOPEN;EURJPY;B1;08-06 10:46;1;08-06 10:46
2026-08-06T11:10:00.000+01:00,MAR1GSOPEN;EURJPY;B2;08-06 10:46;1;08-06 10:46
2026-08-06T11:10:00.000+01:00,MAR1GSOPEN;EURJPY;C1;08-06 10:46;0;
2026-08-06T11:10:00.000+01:00,MAR1GSOPEN;EURJPY;C2;08-06 10:46;0;
2026-08-06T11:11:00.000+01:00,MAR1GSOPEN;EURJPY;B1;08-06 10:46;1;08-06 10:46
2026-08-06T11:11:00.000+01:00,MAR1GSOPEN;EURJPY;B2;08-06 10:46;1;08-06 10:46
2026-08-06T11:11:00.000+01:00,MAR1GSOPEN;EURJPY;C1;08-06 10:46;0;
2026-08-06T11:11:00.000+01:00,MAR1GSOPEN;EURJPY;C2;08-06 10:46;0;
2026-08-06T11:12:00.000+01:00,MAR1GSOPEN;EURJPY;B1;08-06 10:46;1;08-06 10:46
2026-08-06T11:12:00.000+01:00,MAR1GSOPEN;EURJPY;B2;08-06 10:46;1;08-06 10:46
2026-08-06T11:12:00.000+01:00,MAR1GSOPEN;EURJPY;C1;08-06 10:46;0;
2026-08-06T11:12:00.000+01:00,MAR1GSOPEN;EURJPY;C2;08-06 10:46;0;
2026-08-06T11:13:00.000+01:00,MAR1GSOPEN;EURJPY;B1;08-06 10:46;1;08-06 10:46
2026-08-06T11:13:00.000+01:00,MAR1GSOPEN;EURJPY;B2;08-06 10:46;1;08-06 10:46
2026-08-06T11:13:00.000+01:00,MAR1GSOPEN;EURJPY;C1;08-06 10:46;0;
2026-08-06T11:13:00.000+01:00,MAR1GSOPEN;EURJPY;C2;08-06 10:46;0;
2026-08-06T11:14:00.000+01:00,MAR1GSOPEN;EURJPY;B1;08-06 10:46;1;08-06 10:46
2026-08-06T11:14:00.000+01:00,MAR1GSOPEN;EURJPY;B2;08-06 10:46;1;08-06 10:46
2026-08-06T11:14:00.000+01:00,MAR1GSOPEN;EURJPY;C1;08-06 10:46;0;
2026-08-06T11:14:00.000+01:00,MAR1GSOPEN;EURJPY;C2;08-06 10:46;0;
2026-08-06T11:15:00.000+01:00,MAR1GSOPEN;EURJPY;B1;08-06 10:46;1;08-06 10:46
2026-08-06T11:15:00.000+01:00,MAR1GSOPEN;EURJPY;B2;08-06 10:46;1;08-06 10:46
2026-08-06T11:15:00.000+01:00,MAR1GSOPEN;EURJPY;C1;08-06 10:46;0;
2026-08-06T11:15:00.000+01:00,MAR1GSOPEN;EURJPY;C2;08-06 10:46;0;
2026-08-06T11:16:00.000+01:00,MAR1GSOPEN;EURJPY;B1;08-06 10:46;1;08-06 10:46
2026-08-06T11:16:00.000+01:00,MAR1GSOPEN;EURJPY;B2;08-06 10:46;1;08-06 10:46
2026-08-06T11:16:00.000+01:00,MAR1GSOPEN;EURJPY;C1;08-06 10:46;0;
2026-08-06T11:16:00.000+01:00,MAR1GSOPEN;EURJPY;C2;08-06 10:46;0;
2026-08-06T11:17:00.000+01:00,MAR1GSOPEN;EURJPY;B1;08-06 10:46;1;08-06 10:46
2026-08-06T11:17:00.000+01:00,MAR1GSOPEN;EURJPY;B2;08-06 10:46;1;08-06 10:46
2026-08-06T11:17:00.000+01:00,MAR1GSOPEN;EURJPY;C1;08-06 10:46;0;
2026-08-06T11:17:00.000+01:00,MAR1GSOPEN;EURJPY;C2;08-06 10:46;0;
2026-08-06T11:18:00.000+01:00,MAR1GSOPEN;EURJPY;B1;08-06 10:46;1;08-06 10:46
2026-08-06T11:18:00.000+01:00,MAR1GSOPEN;EURJPY;B2;08-06 10:46;1;08-06 10:46
2026-08-06T11:18:00.000+01:00,MAR1GSOPEN;EURJPY;C1;08-06 10:46;0;
2026-08-06T11:18:00.000+01:00,MAR1GSOPEN;EURJPY;C2;08-06 10:46;0;
2026-08-06T11:19:00.000+01:00,MAR1GSOPEN;EURJPY;B1;08-06 10:46;1;08-06 10:46
2026-08-06T11:19:00.000+01:00,MAR1GSOPEN;EURJPY;B2;08-06 10:46;1;08-06 10:46
2026-08-06T11:19:00.000+01:00,MAR1GSOPEN;EURJPY;C1;08-06 10:46;0;
2026-08-06T11:19:00.000+01:00,MAR1GSOPEN;EURJPY;C2;08-06 10:46;0;
2026-08-06T11:20:00.000+01:00,MAR1GSOPEN;EURJPY;B1;08-06 10:46;1;08-06 10:46
2026-08-06T11:20:00.000+01:00,MAR1GSOPEN;EURJPY;B2;08-06 10:46;1;08-06 10:46
2026-08-06T11:20:00.000+01:00,MAR1GSOPEN;EURJPY;C1;08-06 10:46;0;
2026-08-06T11:20:00.000+01:00,MAR1GSOPEN;EURJPY;C2;08-06 10:46;0;
2026-08-06T11:21:00.000+01:00,MAR1GSOPEN;EURJPY;B1;08-06 10:46;1;08-06 10:46
2026-08-06T11:21:00.000+01:00,MAR1GSOPEN;EURJPY;B2;08-06 10:46;1;08-06 10:46
2026-08-06T11:21:00.000+01:00,MAR1GSOPEN;EURJPY;C1;08-06 10:46;0;
2026-08-06T11:21:00.000+01:00,MAR1GSOPEN;EURJPY;C2;08-06 10:46;0;
2026-08-06T11:22:00.000+01:00,MAR1GSOPEN;EURJPY;B1;08-06 10:46;1;08-06 10:46
2026-08-06T11:22:00.000+01:00,MAR1GSOPEN;EURJPY;B2;08-06 10:46;1;08-06 10:46
2026-08-06T11:22:00.000+01:00,MAR1GSOPEN;EURJPY;C1;08-06 10:46;0;
2026-08-06T11:22:00.000+01:00,MAR1GSOPEN;EURJPY;C2;08-06 10:46;0;
2026-08-06T11:23:00.000+01:00,MAR1GSOPEN;EURJPY;B1;08-06 10:46;1;08-06 10:46
2026-08-06T11:23:00.000+01:00,MAR1GSOPEN;EURJPY;B2;08-06 10:46;1;08-06 10:46
2026-08-06T11:23:00.000+01:00,MAR1GSOPEN;EURJPY;C1;08-06 10:46;0;
2026-08-06T11:23:00.000+01:00,MAR1GSOPEN;EURJPY;C2;08-06 10:46;0;
2026-08-06T11:24:00.000+01:00,MAR1GSOPEN;EURJPY;B1;08-06 10:46;1;08-06 10:46
2026-08-06T11:24:00.000+01:00,MAR1GSOPEN;EURJPY;B2;08-06 10:46;1;08-06 10:46
2026-08-06T11:24:00.000+01:00,MAR1GSOPEN;EURJPY;C1;08-06 10:46;0;
2026-08-06T11:24:00.000+01:00,MAR1GSOPEN;EURJPY;C2;08-06 10:46;0;
2026-08-06T11:25:00.000+01:00,MAR1GSOPEN;EURJPY;B1;08-06 10:46;1;08-06 10:46
2026-08-06T11:25:00.000+01:00,MAR1GSOPEN;EURJPY;B2;08-06 10:46;1;08-06 10:46
2026-08-06T11:25:00.000+01:00,MAR1GSOPEN;EURJPY;C1;08-06 10:46;0;
2026-08-06T11:25:00.000+01:00,MAR1GSOPEN;EURJPY;C2;08-06 10:46;0;
2026-08-06T11:26:00.000+01:00,"MAR1GSCLOSE;EURJPY;B1;08-06 10:46;08-06 11:27;2;long;08-06 10:46,08-06 11:26"
2026-08-06T11:26:00.000+01:00,"MAR1GSCLOSE;EURJPY;B2;08-06 10:46;08-06 11:27;2;long;08-06 10:46,08-06 11:26"
2026-08-06T11:26:00.000+01:00,MAR1GSCLOSE;EURJPY;C1;08-06 11:26;08-06 11:27;1;long;08-06 11:26
2026-08-06T11:26:00.000+01:00,MAR1GSCLOSE;EURJPY;C2;08-06 11:26;08-06 11:27;1;long;08-06 11:26
2026-08-06T13:56:00.000+01:00,MAR1GSOPEN;EURJPY;A1;08-06 13:56;0;
2026-08-06T13:56:00.000+01:00,MAR1GSOPEN;EURJPY;A2;08-06 13:56;0;
2026-08-06T13:57:00.000+01:00,MAR1GSOPEN;EURJPY;A1;08-06 13:56;0;
2026-08-06T13:57:00.000+01:00,MAR1GSOPEN;EURJPY;A2;08-06 13:56;0;
2026-08-06T13:58:00.000+01:00,MAR1GSOPEN;EURJPY;A1;08-06 13:56;0;
2026-08-06T13:58:00.000+01:00,MAR1GSOPEN;EURJPY;A2;08-06 13:56;0;
2026-08-06T13:59:00.000+01:00,MAR1GSOPEN;EURJPY;A1;08-06 13:56;0;
2026-08-06T13:59:00.000+01:00,MAR1GSOPEN;EURJPY;A2;08-06 13:56;0;
2026-08-06T14:00:00.000+01:00,MAR1GSOPEN;EURJPY;A1;08-06 13:56;0;
2026-08-06T14:00:00.000+01:00,MAR1GSOPEN;EURJPY;A2;08-06 13:56;0;
2026-08-06T14:01:00.000+01:00,MAR1GSOPEN;EURJPY;A1;08-06 13:56;0;
2026-08-06T14:01:00.000+01:00,MAR1GSOPEN;EURJPY;A2;08-06 13:56;0;
2026-08-06T14:02:00.000+01:00,MAR1GSOPEN;EURJPY;A1;08-06 13:56;0;
2026-08-06T14:02:00.000+01:00,MAR1GSOPEN;EURJPY;A2;08-06 13:56;0;
2026-08-06T14:03:00.000+01:00,MAR1GSOPEN;EURJPY;A1;08-06 13:56;0;
2026-08-06T14:03:00.000+01:00,MAR1GSOPEN;EURJPY;A2;08-06 13:56;0;
2026-08-06T14:04:00.000+01:00,MAR1GSOPEN;EURJPY;A1;08-06 13:56;0;
2026-08-06T14:04:00.000+01:00,MAR1GSOPEN;EURJPY;A2;08-06 13:56;0;
2026-08-06T14:05:00.000+01:00,MAR1GSOPEN;EURJPY;A1;08-06 13:56;0;
2026-08-06T14:05:00.000+01:00,MAR1GSOPEN;EURJPY;A2;08-06 13:56;0;
2026-08-06T14:06:00.000+01:00,MAR1GSOPEN;EURJPY;A1;08-06 13:56;0;
2026-08-06T14:06:00.000+01:00,MAR1GSOPEN;EURJPY;A2;08-06 13:56;0;
2026-08-06T14:07:00.000+01:00,MAR1GSOPEN;EURJPY;A1;08-06 13:56;0;
2026-08-06T14:07:00.000+01:00,MAR1GSOPEN;EURJPY;A2;08-06 13:56;0;
2026-08-06T14:08:00.000+01:00,MAR1GSOPEN;EURJPY;A1;08-06 13:56;0;
2026-08-06T14:08:00.000+01:00,MAR1GSOPEN;EURJPY;A2;08-06 13:56;0;
2026-08-06T14:09:00.000+01:00,MAR1GSOPEN;EURJPY;A1;08-06 13:56;0;
2026-08-06T14:09:00.000+01:00,MAR1GSOPEN;EURJPY;A2;08-06 13:56;0;
2026-08-06T14:10:00.000+01:00,MAR1GSOPEN;EURJPY;A1;08-06 13:56;0;
2026-08-06T14:10:00.000+01:00,MAR1GSOPEN;EURJPY;A2;08-06 13:56;0;
2026-08-06T14:11:00.000+01:00,MAR1GSOPEN;EURJPY;A1;08-06 13:56;0;
2026-08-06T14:11:00.000+01:00,MAR1GSOPEN;EURJPY;A2;08-06 13:56;0;
2026-08-06T14:12:00.000+01:00,MAR1GSOPEN;EURJPY;A1;08-06 13:56;0;
2026-08-06T14:12:00.000+01:00,MAR1GSOPEN;EURJPY;A2;08-06 13:56;0;
2026-08-06T14:13:00.000+01:00,MAR1GSOPEN;EURJPY;A1;08-06 13:56;0;
2026-08-06T14:13:00.000+01:00,MAR1GSOPEN;EURJPY;A2;08-06 13:56;0;
2026-08-06T14:14:00.000+01:00,MAR1GSOPEN;EURJPY;A1;08-06 13:56;0;
2026-08-06T14:14:00.000+01:00,MAR1GSOPEN;EURJPY;A2;08-06 13:56;0;
2026-08-06T14:15:00.000+01:00,MAR1GSOPEN;EURJPY;A1;08-06 13:56;0;
2026-08-06T14:15:00.000+01:00,MAR1GSOPEN;EURJPY;A2;08-06 13:56;0;
2026-08-06T14:16:00.000+01:00,MAR1GSOPEN;EURJPY;A1;08-06 13:56;0;
2026-08-06T14:16:00.000+01:00,MAR1GSOPEN;EURJPY;A2;08-06 13:56;0;
2026-08-06T14:17:00.000+01:00,MAR1GSOPEN;EURJPY;A1;08-06 13:56;0;
2026-08-06T14:17:00.000+01:00,MAR1GSOPEN;EURJPY;A2;08-06 13:56;0;
2026-08-06T14:18:00.000+01:00,MAR1GSOPEN;EURJPY;A1;08-06 13:56;0;
2026-08-06T14:18:00.000+01:00,MAR1GSOPEN;EURJPY;A2;08-06 13:56;0;
2026-08-06T14:19:00.000+01:00,MAR1GSOPEN;EURJPY;A1;08-06 13:56;0;
2026-08-06T14:19:00.000+01:00,MAR1GSOPEN;EURJPY;A2;08-06 13:56;0;
2026-08-06T14:20:00.000+01:00,MAR1GSOPEN;EURJPY;A1;08-06 13:56;0;
2026-08-06T14:20:00.000+01:00,MAR1GSOPEN;EURJPY;A2;08-06 13:56;0;
2026-08-06T14:21:00.000+01:00,MAR1GSOPEN;EURJPY;A1;08-06 13:56;0;
2026-08-06T14:21:00.000+01:00,MAR1GSOPEN;EURJPY;A2;08-06 13:56;0;
2026-08-06T14:22:00.000+01:00,MAR1GSOPEN;EURJPY;A1;08-06 13:56;0;
2026-08-06T14:22:00.000+01:00,MAR1GSOPEN;EURJPY;A2;08-06 13:56;0;
2026-08-06T14:23:00.000+01:00,MAR1GSOPEN;EURJPY;A1;08-06 13:56;0;
2026-08-06T14:23:00.000+01:00,MAR1GSOPEN;EURJPY;A2;08-06 13:56;0;
2026-08-06T14:24:00.000+01:00,MAR1GSOPEN;EURJPY;A1;08-06 13:56;0;
2026-08-06T14:24:00.000+01:00,MAR1GSOPEN;EURJPY;A2;08-06 13:56;0;
2026-08-06T14:25:00.000+01:00,MAR1GSOPEN;EURJPY;A1;08-06 13:56;0;
2026-08-06T14:25:00.000+01:00,MAR1GSOPEN;EURJPY;A2;08-06 13:56;0;
2026-08-06T14:26:00.000+01:00,MAR1GSOPEN;EURJPY;A1;08-06 13:56;0;
2026-08-06T14:26:00.000+01:00,MAR1GSOPEN;EURJPY;A2;08-06 13:56;0;
2026-08-06T14:27:00.000+01:00,MAR1GSOPEN;EURJPY;A1;08-06 13:56;0;
2026-08-06T14:27:00.000+01:00,MAR1GSOPEN;EURJPY;A2;08-06 13:56;0;
2026-08-06T14:28:00.000+01:00,MAR1GSOPEN;EURJPY;A1;08-06 13:56;0;
2026-08-06T14:28:00.000+01:00,MAR1GSOPEN;EURJPY;A2;08-06 13:56;0;
2026-08-06T14:29:00.000+01:00,MAR1GSOPEN;EURJPY;A1;08-06 13:56;0;
2026-08-06T14:29:00.000+01:00,MAR1GSOPEN;EURJPY;A2;08-06 13:56;0;
2026-08-06T14:30:00.000+01:00,MAR1GSOPEN;EURJPY;A1;08-06 13:56;0;
2026-08-06T14:30:00.000+01:00,MAR1GSOPEN;EURJPY;A2;08-06 13:56;0;
2026-08-06T14:31:00.000+01:00,MAR1GSOPEN;EURJPY;A1;08-06 13:56;0;
2026-08-06T14:31:00.000+01:00,MAR1GSOPEN;EURJPY;A2;08-06 13:56;0;
2026-08-06T14:32:00.000+01:00,MAR1GSOPEN;EURJPY;A1;08-06 13:56;0;
2026-08-06T14:32:00.000+01:00,MAR1GSOPEN;EURJPY;A2;08-06 13:56;0;
2026-08-06T14:33:00.000+01:00,MAR1GSOPEN;EURJPY;A1;08-06 13:56;0;
2026-08-06T14:33:00.000+01:00,MAR1GSOPEN;EURJPY;A2;08-06 13:56;0;
2026-08-06T14:34:00.000+01:00,MAR1GSOPEN;EURJPY;A1;08-06 13:56;0;
2026-08-06T14:34:00.000+01:00,MAR1GSOPEN;EURJPY;A2;08-06 13:56;0;
2026-08-06T14:35:00.000+01:00,MAR1GSOPEN;EURJPY;A1;08-06 13:56;0;
2026-08-06T14:35:00.000+01:00,MAR1GSOPEN;EURJPY;A2;08-06 13:56;0;
2026-08-06T14:36:00.000+01:00,MAR1GSOPEN;EURJPY;A1;08-06 13:56;0;
2026-08-06T14:36:00.000+01:00,MAR1GSOPEN;EURJPY;A2;08-06 13:56;0;
2026-08-06T14:37:00.000+01:00,MAR1GSOPEN;EURJPY;A1;08-06 13:56;0;
2026-08-06T14:37:00.000+01:00,MAR1GSOPEN;EURJPY;A2;08-06 13:56;0;
2026-08-06T14:38:00.000+01:00,MAR1GSOPEN;EURJPY;A1;08-06 13:56;0;
2026-08-06T14:38:00.000+01:00,MAR1GSOPEN;EURJPY;A2;08-06 13:56;0;
2026-08-06T14:39:00.000+01:00,MAR1GSOPEN;EURJPY;A1;08-06 13:56;0;
2026-08-06T14:39:00.000+01:00,MAR1GSOPEN;EURJPY;A2;08-06 13:56;0;
2026-08-06T14:40:00.000+01:00,MAR1GSOPEN;EURJPY;A1;08-06 13:56;0;
2026-08-06T14:40:00.000+01:00,MAR1GSOPEN;EURJPY;A2;08-06 13:56;0;
2026-08-06T14:41:00.000+01:00,MAR1GSOPEN;EURJPY;A1;08-06 13:56;0;
2026-08-06T14:41:00.000+01:00,MAR1GSOPEN;EURJPY;A2;08-06 13:56;0;
2026-08-06T14:42:00.000+01:00,MAR1GSCLOSE;EURJPY;A1;08-06 14:42;08-06 14:43;1;long;08-06 14:42
2026-08-06T14:42:00.000+01:00,MAR1GSCLOSE;EURJPY;A2;08-06 14:42;08-06 14:43;1;long;08-06 14:42
2026-08-06T19:03:00.000+01:00,MAR1GSOPEN;EURJPY;A1;08-06 19:03;0;
2026-08-06T19:03:00.000+01:00,MAR1GSOPEN;EURJPY;A2;08-06 19:03;0;
2026-08-06T19:04:00.000+01:00,MAR1GSOPEN;EURJPY;A1;08-06 19:03;0;
2026-08-06T19:04:00.000+01:00,MAR1GSOPEN;EURJPY;A2;08-06 19:03;0;
2026-08-06T19:05:00.000+01:00,MAR1GSOPEN;EURJPY;A1;08-06 19:03;0;
2026-08-06T19:05:00.000+01:00,MAR1GSOPEN;EURJPY;A2;08-06 19:03;0;
2026-08-06T19:06:00.000+01:00,MAR1GSOPEN;EURJPY;A1;08-06 19:03;0;
2026-08-06T19:06:00.000+01:00,MAR1GSOPEN;EURJPY;A2;08-06 19:03;0;
2026-08-06T19:07:00.000+01:00,MAR1GSOPEN;EURJPY;A1;08-06 19:03;0;
2026-08-06T19:07:00.000+01:00,MAR1GSOPEN;EURJPY;A2;08-06 19:03;0;
2026-08-06T19:08:00.000+01:00,MAR1GSOPEN;EURJPY;A1;08-06 19:03;0;
2026-08-06T19:08:00.000+01:00,MAR1GSOPEN;EURJPY;A2;08-06 19:03;0;
2026-08-06T19:09:00.000+01:00,MAR1GSOPEN;EURJPY;A1;08-06 19:03;0;
2026-08-06T19:09:00.000+01:00,MAR1GSOPEN;EURJPY;A2;08-06 19:03;0;
2026-08-06T19:10:00.000+01:00,MAR1GSOPEN;EURJPY;A1;08-06 19:03;0;
2026-08-06T19:10:00.000+01:00,MAR1GSOPEN;EURJPY;A2;08-06 19:03;0;
2026-08-06T19:11:00.000+01:00,MAR1GSOPEN;EURJPY;A1;08-06 19:03;0;
2026-08-06T19:11:00.000+01:00,MAR1GSOPEN;EURJPY;A2;08-06 19:03;0;
2026-08-06T19:12:00.000+01:00,MAR1GSOPEN;EURJPY;A1;08-06 19:03;0;
2026-08-06T19:12:00.000+01:00,MAR1GSOPEN;EURJPY;A2;08-06 19:03;0;
2026-08-06T19:13:00.000+01:00,MAR1GSOPEN;EURJPY;A1;08-06 19:03;0;
2026-08-06T19:13:00.000+01:00,MAR1GSOPEN;EURJPY;A2;08-06 19:03;0;
2026-08-06T19:14:00.000+01:00,MAR1GSOPEN;EURJPY;A1;08-06 19:03;0;
2026-08-06T19:14:00.000+01:00,MAR1GSOPEN;EURJPY;A2;08-06 19:03;0;
2026-08-06T19:15:00.000+01:00,MAR1GSOPEN;EURJPY;A1;08-06 19:03;0;
2026-08-06T19:15:00.000+01:00,MAR1GSOPEN;EURJPY;A2;08-06 19:03;0;
2026-08-06T19:16:00.000+01:00,MAR1GSOPEN;EURJPY;A1;08-06 19:03;0;
2026-08-06T19:16:00.000+01:00,MAR1GSOPEN;EURJPY;A2;08-06 19:03;0;
2026-08-06T19:17:00.000+01:00,MAR1GSOPEN;EURJPY;A1;08-06 19:03;0;
2026-08-06T19:17:00.000+01:00,MAR1GSOPEN;EURJPY;A2;08-06 19:03;0;
2026-08-06T19:18:00.000+01:00,MAR1GSOPEN;EURJPY;A1;08-06 19:03;0;
2026-08-06T19:18:00.000+01:00,MAR1GSOPEN;EURJPY;A2;08-06 19:03;0;
2026-08-06T19:19:00.000+01:00,MAR1GSOPEN;EURJPY;A1;08-06 19:03;0;
2026-08-06T19:19:00.000+01:00,MAR1GSOPEN;EURJPY;A2;08-06 19:03;0;
2026-08-06T19:20:00.000+01:00,MAR1GSOPEN;EURJPY;A1;08-06 19:03;0;
2026-08-06T19:20:00.000+01:00,MAR1GSOPEN;EURJPY;A2;08-06 19:03;0;
2026-08-06T19:21:00.000+01:00,MAR1GSOPEN;EURJPY;A1;08-06 19:03;0;
2026-08-06T19:21:00.000+01:00,MAR1GSOPEN;EURJPY;A2;08-06 19:03;0;
2026-08-06T19:22:00.000+01:00,MAR1GSOPEN;EURJPY;A1;08-06 19:03;0;
2026-08-06T19:22:00.000+01:00,MAR1GSOPEN;EURJPY;A2;08-06 19:03;0;
2026-08-06T19:23:00.000+01:00,MAR1GSOPEN;EURJPY;A1;08-06 19:03;0;
2026-08-06T19:23:00.000+01:00,MAR1GSOPEN;EURJPY;A2;08-06 19:03;0;
2026-08-06T19:24:00.000+01:00,MAR1GSOPEN;EURJPY;A1;08-06 19:03;0;
2026-08-06T19:24:00.000+01:00,MAR1GSOPEN;EURJPY;A2;08-06 19:03;0;
2026-08-06T19:25:00.000+01:00,MAR1GSOPEN;EURJPY;A1;08-06 19:03;0;
2026-08-06T19:25:00.000+01:00,MAR1GSOPEN;EURJPY;A2;08-06 19:03;0;
2026-08-06T19:26:00.000+01:00,MAR1GSOPEN;EURJPY;A1;08-06 19:03;0;
2026-08-06T19:26:00.000+01:00,MAR1GSOPEN;EURJPY;A2;08-06 19:03;0;
2026-08-06T19:27:00.000+01:00,MAR1GSOPEN;EURJPY;A1;08-06 19:03;0;
2026-08-06T19:27:00.000+01:00,MAR1GSOPEN;EURJPY;A2;08-06 19:03;0;
2026-08-06T19:28:00.000+01:00,MAR1GSOPEN;EURJPY;A1;08-06 19:03;0;
2026-08-06T19:28:00.000+01:00,MAR1GSOPEN;EURJPY;A2;08-06 19:03;0;
2026-08-06T19:29:00.000+01:00,MAR1GSOPEN;EURJPY;A1;08-06 19:03;0;
2026-08-06T19:29:00.000+01:00,MAR1GSOPEN;EURJPY;A2;08-06 19:03;0;
2026-08-06T19:30:00.000+01:00,MAR1GSOPEN;EURJPY;A1;08-06 19:03;0;
2026-08-06T19:30:00.000+01:00,MAR1GSOPEN;EURJPY;A2;08-06 19:03;0;
2026-08-06T19:31:00.000+01:00,MAR1GSOPEN;EURJPY;A1;08-06 19:03;0;
2026-08-06T19:31:00.000+01:00,MAR1GSOPEN;EURJPY;A2;08-06 19:03;0;
2026-08-06T19:32:00.000+01:00,MAR1GSOPEN;EURJPY;A1;08-06 19:03;0;
2026-08-06T19:32:00.000+01:00,MAR1GSOPEN;EURJPY;A2;08-06 19:03;0;
2026-08-06T19:33:00.000+01:00,MAR1GSOPEN;EURJPY;A1;08-06 19:03;0;
2026-08-06T19:33:00.000+01:00,MAR1GSOPEN;EURJPY;A2;08-06 19:03;0;
2026-08-06T19:34:00.000+01:00,MAR1GSOPEN;EURJPY;A1;08-06 19:03;0;
2026-08-06T19:34:00.000+01:00,MAR1GSOPEN;EURJPY;A2;08-06 19:03;0;
2026-08-06T19:35:00.000+01:00,MAR1GSOPEN;EURJPY;A1;08-06 19:03;0;
2026-08-06T19:35:00.000+01:00,MAR1GSOPEN;EURJPY;A2;08-06 19:03;0;
2026-08-06T19:36:00.000+01:00,MAR1GSOPEN;EURJPY;A1;08-06 19:03;0;
2026-08-06T19:36:00.000+01:00,MAR1GSOPEN;EURJPY;A2;08-06 19:03;0;
2026-08-06T19:37:00.000+01:00,MAR1GSOPEN;EURJPY;A1;08-06 19:03;0;
2026-08-06T19:37:00.000+01:00,MAR1GSOPEN;EURJPY;A2;08-06 19:03;0;
2026-08-06T19:38:00.000+01:00,MAR1GSOPEN;EURJPY;A1;08-06 19:03;0;
2026-08-06T19:38:00.000+01:00,MAR1GSOPEN;EURJPY;A2;08-06 19:03;0;
2026-08-06T19:39:00.000+01:00,MAR1GSOPEN;EURJPY;A1;08-06 19:03;0;
2026-08-06T19:39:00.000+01:00,MAR1GSOPEN;EURJPY;A2;08-06 19:03;0;
2026-08-06T19:40:00.000+01:00,MAR1GSOPEN;EURJPY;A1;08-06 19:03;0;
2026-08-06T19:40:00.000+01:00,MAR1GSOPEN;EURJPY;A2;08-06 19:03;0;
2026-08-06T19:41:00.000+01:00,MAR1GSOPEN;EURJPY;A1;08-06 19:03;0;
2026-08-06T19:41:00.000+01:00,MAR1GSOPEN;EURJPY;A2;08-06 19:03;0;
2026-08-06T19:42:00.000+01:00,MAR1GSOPEN;EURJPY;A1;08-06 19:03;0;
2026-08-06T19:42:00.000+01:00,MAR1GSOPEN;EURJPY;A2;08-06 19:03;0;
2026-08-06T19:43:00.000+01:00,MAR1GSOPEN;EURJPY;A1;08-06 19:03;0;
2026-08-06T19:43:00.000+01:00,MAR1GSOPEN;EURJPY;A2;08-06 19:03;0;
2026-08-06T19:44:00.000+01:00,MAR1GSOPEN;EURJPY;A1;08-06 19:03;0;
2026-08-06T19:44:00.000+01:00,MAR1GSOPEN;EURJPY;A2;08-06 19:03;0;
2026-08-06T19:45:00.000+01:00,MAR1GSOPEN;EURJPY;A1;08-06 19:03;0;
2026-08-06T19:45:00.000+01:00,MAR1GSOPEN;EURJPY;A2;08-06 19:03;0;
2026-08-06T19:46:00.000+01:00,MAR1GSOPEN;EURJPY;A1;08-06 19:46;1;08-06 19:46
2026-08-06T19:46:00.000+01:00,MAR1GSOPEN;EURJPY;A2;08-06 19:46;1;08-06 19:46
2026-08-06T19:46:00.000+01:00,MAR1GSOPEN;EURJPY;B1;08-06 19:46;0;
2026-08-06T19:46:00.000+01:00,MAR1GSOPEN;EURJPY;B2;08-06 19:46;0;
2026-08-06T19:47:00.000+01:00,MAR1GSOPEN;EURJPY;A1;08-06 19:46;1;08-06 19:46
2026-08-06T19:47:00.000+01:00,MAR1GSOPEN;EURJPY;A2;08-06 19:46;1;08-06 19:46
2026-08-06T19:47:00.000+01:00,MAR1GSOPEN;EURJPY;B1;08-06 19:46;0;
2026-08-06T19:47:00.000+01:00,MAR1GSOPEN;EURJPY;B2;08-06 19:46;0;
2026-08-06T19:48:00.000+01:00,MAR1GSOPEN;EURJPY;A1;08-06 19:46;1;08-06 19:46
2026-08-06T19:48:00.000+01:00,MAR1GSOPEN;EURJPY;A2;08-06 19:46;1;08-06 19:46
2026-08-06T19:48:00.000+01:00,MAR1GSOPEN;EURJPY;B1;08-06 19:46;0;
2026-08-06T19:48:00.000+01:00,MAR1GSOPEN;EURJPY;B2;08-06 19:46;0;
2026-08-06T19:49:00.000+01:00,MAR1GSOPEN;EURJPY;A1;08-06 19:46;1;08-06 19:46
2026-08-06T19:49:00.000+01:00,MAR1GSOPEN;EURJPY;A2;08-06 19:46;1;08-06 19:46
2026-08-06T19:49:00.000+01:00,MAR1GSOPEN;EURJPY;B1;08-06 19:46;0;
2026-08-06T19:49:00.000+01:00,MAR1GSOPEN;EURJPY;B2;08-06 19:46;0;
2026-08-06T19:50:00.000+01:00,"MAR1GSCLOSE;EURJPY;A1;08-06 19:46;08-06 19:51;2;short;08-06 19:46,08-06 19:50"
2026-08-06T19:50:00.000+01:00,"MAR1GSCLOSE;EURJPY;A2;08-06 19:46;08-06 19:51;2;short;08-06 19:46,08-06 19:50"
2026-08-06T19:50:00.000+01:00,MAR1GSCLOSE;EURJPY;B1;08-06 19:50;08-06 19:51;1;short;08-06 19:50
2026-08-06T19:50:00.000+01:00,MAR1GSCLOSE;EURJPY;B2;08-06 19:50;08-06 19:51;1;short;08-06 19:50
2026-08-07T11:47:00.000+01:00,MAR1GSOPEN;EURJPY;A1;08-07 11:47;0;
2026-08-07T11:47:00.000+01:00,MAR1GSOPEN;EURJPY;A2;08-07 11:47;0;
2026-08-07T11:48:00.000+01:00,MAR1GSOPEN;EURJPY;A1;08-07 11:47;0;
2026-08-07T11:48:00.000+01:00,MAR1GSOPEN;EURJPY;A2;08-07 11:47;0;
2026-08-07T11:49:00.000+01:00,MAR1GSOPEN;EURJPY;A1;08-07 11:47;0;
2026-08-07T11:49:00.000+01:00,MAR1GSOPEN;EURJPY;A2;08-07 11:47;0;
2026-08-07T11:50:00.000+01:00,MAR1GSOPEN;EURJPY;A1;08-07 11:47;0;
2026-08-07T11:50:00.000+01:00,MAR1GSOPEN;EURJPY;A2;08-07 11:47;0;
2026-08-07T11:51:00.000+01:00,MAR1GSOPEN;EURJPY;A1;08-07 11:47;0;
2026-08-07T11:51:00.000+01:00,MAR1GSOPEN;EURJPY;A2;08-07 11:47;0;
2026-08-07T11:52:00.000+01:00,MAR1GSOPEN;EURJPY;A1;08-07 11:47;0;
2026-08-07T11:52:00.000+01:00,MAR1GSOPEN;EURJPY;A2;08-07 11:47;0;
2026-08-07T11:53:00.000+01:00,MAR1GSOPEN;EURJPY;A1;08-07 11:53;1;08-07 11:53
2026-08-07T11:53:00.000+01:00,MAR1GSOPEN;EURJPY;A2;08-07 11:53;1;08-07 11:53
2026-08-07T11:53:00.000+01:00,MAR1GSOPEN;EURJPY;B1;08-07 11:53;0;
2026-08-07T11:53:00.000+01:00,MAR1GSOPEN;EURJPY;B2;08-07 11:53;0;
2026-08-07T11:54:00.000+01:00,MAR1GSOPEN;EURJPY;A1;08-07 11:53;1;08-07 11:53
2026-08-07T11:54:00.000+01:00,MAR1GSOPEN;EURJPY;A2;08-07 11:53;1;08-07 11:53
2026-08-07T11:54:00.000+01:00,MAR1GSOPEN;EURJPY;B1;08-07 11:53;0;
2026-08-07T11:54:00.000+01:00,MAR1GSOPEN;EURJPY;B2;08-07 11:53;0;
2026-08-07T11:55:00.000+01:00,MAR1GSOPEN;EURJPY;A1;08-07 11:53;1;08-07 11:53
2026-08-07T11:55:00.000+01:00,MAR1GSOPEN;EURJPY;A2;08-07 11:53;1;08-07 11:53
2026-08-07T11:55:00.000+01:00,MAR1GSOPEN;EURJPY;B1;08-07 11:53;0;
2026-08-07T11:55:00.000+01:00,MAR1GSOPEN;EURJPY;B2;08-07 11:53;0;
2026-08-07T11:56:00.000+01:00,"MAR1GSCLOSE;EURJPY;A1;08-07 11:53;08-07 11:57;2;short;08-07 11:53,08-07 11:56"
2026-08-07T11:56:00.000+01:00,"MAR1GSCLOSE;EURJPY;A2;08-07 11:53;08-07 11:57;2;short;08-07 11:53,08-07 11:56"
2026-08-07T11:56:00.000+01:00,MAR1GSOPEN;EURJPY;B1;08-07 11:53;0;
2026-08-07T11:56:00.000+01:00,MAR1GSOPEN;EURJPY;B2;08-07 11:53;0;
2026-08-07T11:57:00.000+01:00,MAR1GSOPEN;EURJPY;B1;08-07 11:53;0;
2026-08-07T11:57:00.000+01:00,MAR1GSOPEN;EURJPY;B2;08-07 11:53;0;
2026-08-07T11:58:00.000+01:00,MAR1GSOPEN;EURJPY;B1;08-07 11:53;0;
2026-08-07T11:58:00.000+01:00,MAR1GSOPEN;EURJPY;B2;08-07 11:53;0;
2026-08-07T11:59:00.000+01:00,MAR1GSOPEN;EURJPY;B1;08-07 11:53;0;
2026-08-07T11:59:00.000+01:00,MAR1GSOPEN;EURJPY;B2;08-07 11:53;0;
2026-08-07T12:00:00.000+01:00,MAR1GSOPEN;EURJPY;B1;08-07 11:53;0;
2026-08-07T12:00:00.000+01:00,MAR1GSOPEN;EURJPY;B2;08-07 11:53;0;
2026-08-07T12:01:00.000+01:00,MAR1GSOPEN;EURJPY;B1;08-07 11:53;0;
2026-08-07T12:01:00.000+01:00,MAR1GSOPEN;EURJPY;B2;08-07 11:53;0;
2026-08-07T12:02:00.000+01:00,MAR1GSOPEN;EURJPY;B1;08-07 11:53;0;
2026-08-07T12:02:00.000+01:00,MAR1GSOPEN;EURJPY;B2;08-07 11:53;0;
2026-08-07T12:03:00.000+01:00,MAR1GSOPEN;EURJPY;B1;08-07 11:53;0;
2026-08-07T12:03:00.000+01:00,MAR1GSOPEN;EURJPY;B2;08-07 11:53;0;
2026-08-07T12:04:00.000+01:00,MAR1GSOPEN;EURJPY;B1;08-07 11:53;0;
2026-08-07T12:04:00.000+01:00,MAR1GSOPEN;EURJPY;B2;08-07 11:53;0;
2026-08-07T12:05:00.000+01:00,MAR1GSOPEN;EURJPY;B1;08-07 11:53;0;
2026-08-07T12:05:00.000+01:00,MAR1GSOPEN;EURJPY;B2;08-07 11:53;0;
2026-08-07T12:06:00.000+01:00,MAR1GSOPEN;EURJPY;B1;08-07 11:53;0;
2026-08-07T12:06:00.000+01:00,MAR1GSOPEN;EURJPY;B2;08-07 11:53;0;
2026-08-07T12:07:00.000+01:00,MAR1GSOPEN;EURJPY;B1;08-07 11:53;0;
2026-08-07T12:07:00.000+01:00,MAR1GSOPEN;EURJPY;B2;08-07 11:53;0;
2026-08-07T12:08:00.000+01:00,MAR1GSOPEN;EURJPY;B1;08-07 11:53;0;
2026-08-07T12:08:00.000+01:00,MAR1GSOPEN;EURJPY;B2;08-07 11:53;0;
2026-08-07T12:09:00.000+01:00,MAR1GSOPEN;EURJPY;B1;08-07 11:53;0;
2026-08-07T12:09:00.000+01:00,MAR1GSOPEN;EURJPY;B2;08-07 11:53;0;
2026-08-07T12:10:00.000+01:00,MAR1GSOPEN;EURJPY;B1;08-07 11:53;0;
2026-08-07T12:10:00.000+01:00,MAR1GSOPEN;EURJPY;B2;08-07 11:53;0;
2026-08-07T12:11:00.000+01:00,MAR1GSOPEN;EURJPY;B1;08-07 11:53;0;
2026-08-07T12:11:00.000+01:00,MAR1GSOPEN;EURJPY;B2;08-07 11:53;0;
2026-08-07T12:12:00.000+01:00,MAR1GSOPEN;EURJPY;B1;08-07 11:53;0;
2026-08-07T12:12:00.000+01:00,MAR1GSOPEN;EURJPY;B2;08-07 11:53;0;
2026-08-07T12:13:00.000+01:00,MAR1GSOPEN;EURJPY;B1;08-07 11:53;0;
2026-08-07T12:13:00.000+01:00,MAR1GSOPEN;EURJPY;B2;08-07 11:53;0;
2026-08-07T12:14:00.000+01:00,MAR1GSOPEN;EURJPY;B1;08-07 11:53;0;
2026-08-07T12:14:00.000+01:00,MAR1GSOPEN;EURJPY;B2;08-07 11:53;0;
2026-08-07T12:15:00.000+01:00,MAR1GSOPEN;EURJPY;B1;08-07 11:53;0;
2026-08-07T12:15:00.000+01:00,MAR1GSOPEN;EURJPY;B2;08-07 11:53;0;
2026-08-07T12:16:00.000+01:00,MAR1GSOPEN;EURJPY;B1;08-07 11:53;0;
2026-08-07T12:16:00.000+01:00,MAR1GSOPEN;EURJPY;B2;08-07 11:53;0;
2026-08-07T12:17:00.000+01:00,MAR1GSOPEN;EURJPY;B1;08-07 11:53;0;
2026-08-07T12:17:00.000+01:00,MAR1GSOPEN;EURJPY;B2;08-07 11:53;0;
2026-08-07T12:18:00.000+01:00,MAR1GSOPEN;EURJPY;B1;08-07 11:53;0;
2026-08-07T12:18:00.000+01:00,MAR1GSOPEN;EURJPY;B2;08-07 11:53;0;
2026-08-07T12:19:00.000+01:00,MAR1GSCLOSE;EURJPY;B1;08-07 12:19;08-07 12:20;1;long;08-07 12:19
2026-08-07T12:19:00.000+01:00,MAR1GSCLOSE;EURJPY;B2;08-07 12:19;08-07 12:20;1;long;08-07 12:19
2026-08-10T08:47:00.000+01:00,MAR1GSOPEN;EURJPY;A1;08-10 08:47;0;
2026-08-10T08:47:00.000+01:00,MAR1GSOPEN;EURJPY;A2;08-10 08:47;0;
2026-08-10T08:48:00.000+01:00,MAR1GSOPEN;EURJPY;A1;08-10 08:47;0;
2026-08-10T08:48:00.000+01:00,MAR1GSOPEN;EURJPY;A2;08-10 08:47;0;
2026-08-10T08:49:00.000+01:00,MAR1GSOPEN;EURJPY;A1;08-10 08:47;0;
2026-08-10T08:49:00.000+01:00,MAR1GSOPEN;EURJPY;A2;08-10 08:47;0;
2026-08-10T08:50:00.000+01:00,MAR1GSOPEN;EURJPY;A1;08-10 08:47;0;
2026-08-10T08:50:00.000+01:00,MAR1GSOPEN;EURJPY;A2;08-10 08:47;0;
2026-08-10T08:51:00.000+01:00,MAR1GSOPEN;EURJPY;A1;08-10 08:47;0;
2026-08-10T08:51:00.000+01:00,MAR1GSOPEN;EURJPY;A2;08-10 08:47;0;
2026-08-10T08:52:00.000+01:00,MAR1GSOPEN;EURJPY;A1;08-10 08:47;0;
2026-08-10T08:52:00.000+01:00,MAR1GSOPEN;EURJPY;A2;08-10 08:47;0;
2026-08-10T08:53:00.000+01:00,MAR1GSOPEN;EURJPY;A1;08-10 08:47;0;
2026-08-10T08:53:00.000+01:00,MAR1GSOPEN;EURJPY;A2;08-10 08:47;0;
2026-08-10T08:54:00.000+01:00,MAR1GSOPEN;EURJPY;A1;08-10 08:47;0;
2026-08-10T08:54:00.000+01:00,MAR1GSOPEN;EURJPY;A2;08-10 08:47;0;
2026-08-10T08:55:00.000+01:00,MAR1GSOPEN;EURJPY;A1;08-10 08:47;0;
2026-08-10T08:55:00.000+01:00,MAR1GSOPEN;EURJPY;A2;08-10 08:47;0;
2026-08-10T08:56:00.000+01:00,MAR1GSOPEN;EURJPY;A1;08-10 08:47;0;
2026-08-10T08:56:00.000+01:00,MAR1GSOPEN;EURJPY;A2;08-10 08:47;0;
2026-08-10T08:57:00.000+01:00,MAR1GSOPEN;EURJPY;A1;08-10 08:47;0;
2026-08-10T08:57:00.000+01:00,MAR1GSOPEN;EURJPY;A2;08-10 08:47;0;
2026-08-10T08:58:00.000+01:00,MAR1GSOPEN;EURJPY;A1;08-10 08:47;0;
2026-08-10T08:58:00.000+01:00,MAR1GSOPEN;EURJPY;A2;08-10 08:47;0;
2026-08-10T08:59:00.000+01:00,MAR1GSOPEN;EURJPY;A1;08-10 08:47;0;
2026-08-10T08:59:00.000+01:00,MAR1GSOPEN;EURJPY;A2;08-10 08:47;0;
2026-08-10T09:00:00.000+01:00,MAR1GSOPEN;EURJPY;A1;08-10 08:47;0;
2026-08-10T09:00:00.000+01:00,MAR1GSOPEN;EURJPY;A2;08-10 08:47;0;
2026-08-10T09:01:00.000+01:00,MAR1GSOPEN;EURJPY;A1;08-10 08:47;0;
2026-08-10T09:01:00.000+01:00,MAR1GSOPEN;EURJPY;A2;08-10 08:47;0;
2026-08-10T09:02:00.000+01:00,MAR1GSOPEN;EURJPY;A1;08-10 08:47;0;
2026-08-10T09:02:00.000+01:00,MAR1GSOPEN;EURJPY;A2;08-10 08:47;0;
2026-08-10T09:03:00.000+01:00,MAR1GSOPEN;EURJPY;A1;08-10 08:47;0;
2026-08-10T09:03:00.000+01:00,MAR1GSOPEN;EURJPY;A2;08-10 08:47;0;
2026-08-10T09:04:00.000+01:00,MAR1GSOPEN;EURJPY;A1;08-10 08:47;0;
2026-08-10T09:04:00.000+01:00,MAR1GSOPEN;EURJPY;A2;08-10 08:47;0;
2026-08-10T09:05:00.000+01:00,MAR1GSOPEN;EURJPY;A1;08-10 08:47;0;
2026-08-10T09:05:00.000+01:00,MAR1GSOPEN;EURJPY;A2;08-10 08:47;0;
2026-08-10T09:06:00.000+01:00,MAR1GSOPEN;EURJPY;A1;08-10 08:47;0;
2026-08-10T09:06:00.000+01:00,MAR1GSOPEN;EURJPY;A2;08-10 08:47;0;
2026-08-10T09:07:00.000+01:00,MAR1GSOPEN;EURJPY;A1;08-10 08:47;0;
2026-08-10T09:07:00.000+01:00,MAR1GSOPEN;EURJPY;A2;08-10 08:47;0;
2026-08-10T09:08:00.000+01:00,MAR1GSOPEN;EURJPY;A1;08-10 08:47;0;
2026-08-10T09:08:00.000+01:00,MAR1GSOPEN;EURJPY;A2;08-10 08:47;0;
2026-08-10T09:09:00.000+01:00,MAR1GSOPEN;EURJPY;A1;08-10 08:47;0;
2026-08-10T09:09:00.000+01:00,MAR1GSOPEN;EURJPY;A2;08-10 08:47;0;
2026-08-10T09:10:00.000+01:00,MAR1GSOPEN;EURJPY;A1;08-10 08:47;0;
2026-08-10T09:10:00.000+01:00,MAR1GSOPEN;EURJPY;A2;08-10 08:47;0;
2026-08-10T09:11:00.000+01:00,MAR1GSOPEN;EURJPY;A1;08-10 08:47;0;
2026-08-10T09:11:00.000+01:00,MAR1GSOPEN;EURJPY;A2;08-10 08:47;0;
2026-08-10T09:12:00.000+01:00,MAR1GSOPEN;EURJPY;A1;08-10 08:47;0;
2026-08-10T09:12:00.000+01:00,MAR1GSOPEN;EURJPY;A2;08-10 08:47;0;
2026-08-10T09:13:00.000+01:00,MAR1GSOPEN;EURJPY;A1;08-10 09:13;1;08-10 09:13
2026-08-10T09:13:00.000+01:00,MAR1GSOPEN;EURJPY;A2;08-10 09:13;1;08-10 09:13
2026-08-10T09:13:00.000+01:00,MAR1GSOPEN;EURJPY;B1;08-10 09:13;0;
2026-08-10T09:13:00.000+01:00,MAR1GSOPEN;EURJPY;B2;08-10 09:13;0;
2026-08-10T09:14:00.000+01:00,MAR1GSOPEN;EURJPY;A1;08-10 09:13;1;08-10 09:13
2026-08-10T09:14:00.000+01:00,MAR1GSOPEN;EURJPY;A2;08-10 09:13;1;08-10 09:13
2026-08-10T09:14:00.000+01:00,MAR1GSOPEN;EURJPY;B1;08-10 09:13;0;
2026-08-10T09:14:00.000+01:00,MAR1GSOPEN;EURJPY;B2;08-10 09:13;0;
2026-08-10T09:15:00.000+01:00,MAR1GSOPEN;EURJPY;A1;08-10 09:13;1;08-10 09:13
2026-08-10T09:15:00.000+01:00,MAR1GSOPEN;EURJPY;A2;08-10 09:13;1;08-10 09:13
2026-08-10T09:15:00.000+01:00,MAR1GSOPEN;EURJPY;B1;08-10 09:13;0;
2026-08-10T09:15:00.000+01:00,MAR1GSOPEN;EURJPY;B2;08-10 09:13;0;
2026-08-10T09:16:00.000+01:00,MAR1GSOPEN;EURJPY;A1;08-10 09:13;1;08-10 09:13
2026-08-10T09:16:00.000+01:00,MAR1GSOPEN;EURJPY;A2;08-10 09:13;1;08-10 09:13
2026-08-10T09:16:00.000+01:00,MAR1GSOPEN;EURJPY;B1;08-10 09:13;0;
2026-08-10T09:16:00.000+01:00,MAR1GSOPEN;EURJPY;B2;08-10 09:13;0;
2026-08-10T09:17:00.000+01:00,"MAR1GSOPEN;EURJPY;A1;08-10 09:13;2;08-10 09:13,08-10 09:17"
2026-08-10T09:17:00.000+01:00,"MAR1GSOPEN;EURJPY;A2;08-10 09:13;2;08-10 09:13,08-10 09:17"
2026-08-10T09:17:00.000+01:00,MAR1GSOPEN;EURJPY;B1;08-10 09:17;1;08-10 09:17
2026-08-10T09:17:00.000+01:00,MAR1GSOPEN;EURJPY;B2;08-10 09:17;1;08-10 09:17
2026-08-10T09:17:00.000+01:00,MAR1GSOPEN;EURJPY;C1;08-10 09:17;0;
2026-08-10T09:17:00.000+01:00,MAR1GSOPEN;EURJPY;C2;08-10 09:17;0;
2026-08-10T09:18:00.000+01:00,"MAR1GSOPEN;EURJPY;A1;08-10 09:13;3;08-10 09:13,08-10 09:17,08-10 09:18"
2026-08-10T09:18:00.000+01:00,"MAR1GSOPEN;EURJPY;A2;08-10 09:13;3;08-10 09:13,08-10 09:17,08-10 09:18"
2026-08-10T09:18:00.000+01:00,"MAR1GSOPEN;EURJPY;B1;08-10 09:17;2;08-10 09:17,08-10 09:18"
2026-08-10T09:18:00.000+01:00,"MAR1GSOPEN;EURJPY;B2;08-10 09:17;2;08-10 09:17,08-10 09:18"
2026-08-10T09:18:00.000+01:00,MAR1GSOPEN;EURJPY;C1;08-10 09:18;1;08-10 09:18
2026-08-10T09:18:00.000+01:00,MAR1GSOPEN;EURJPY;C2;08-10 09:18;1;08-10 09:18
2026-08-10T09:18:00.000+01:00,MAR1GSOPEN;EURJPY;D1;08-10 09:18;0;
2026-08-10T09:19:00.000+01:00,"MAR1GSOPEN;EURJPY;A1;08-10 09:13;3;08-10 09:13,08-10 09:17,08-10 09:18"
2026-08-10T09:19:00.000+01:00,"MAR1GSOPEN;EURJPY;A2;08-10 09:13;3;08-10 09:13,08-10 09:17,08-10 09:18"
2026-08-10T09:19:00.000+01:00,"MAR1GSOPEN;EURJPY;B1;08-10 09:17;2;08-10 09:17,08-10 09:18"
2026-08-10T09:19:00.000+01:00,"MAR1GSOPEN;EURJPY;B2;08-10 09:17;2;08-10 09:17,08-10 09:18"
2026-08-10T09:19:00.000+01:00,MAR1GSOPEN;EURJPY;C1;08-10 09:18;1;08-10 09:18
2026-08-10T09:19:00.000+01:00,MAR1GSOPEN;EURJPY;C2;08-10 09:18;1;08-10 09:18
2026-08-10T09:19:00.000+01:00,MAR1GSOPEN;EURJPY;D1;08-10 09:18;0;
2026-08-10T09:20:00.000+01:00,"MAR1GSOPEN;EURJPY;A1;08-10 09:13;3;08-10 09:13,08-10 09:17,08-10 09:18"
2026-08-10T09:20:00.000+01:00,"MAR1GSOPEN;EURJPY;A2;08-10 09:13;3;08-10 09:13,08-10 09:17,08-10 09:18"
2026-08-10T09:20:00.000+01:00,"MAR1GSOPEN;EURJPY;B1;08-10 09:17;2;08-10 09:17,08-10 09:18"
2026-08-10T09:20:00.000+01:00,"MAR1GSOPEN;EURJPY;B2;08-10 09:17;2;08-10 09:17,08-10 09:18"
2026-08-10T09:20:00.000+01:00,MAR1GSOPEN;EURJPY;C1;08-10 09:18;1;08-10 09:18
2026-08-10T09:20:00.000+01:00,MAR1GSOPEN;EURJPY;C2;08-10 09:18;1;08-10 09:18
2026-08-10T09:20:00.000+01:00,MAR1GSOPEN;EURJPY;D1;08-10 09:18;0;
2026-08-10T09:21:00.000+01:00,"MAR1GSOPEN;EURJPY;A1;08-10 09:13;3;08-10 09:13,08-10 09:17,08-10 09:18"
2026-08-10T09:21:00.000+01:00,"MAR1GSOPEN;EURJPY;A2;08-10 09:13;3;08-10 09:13,08-10 09:17,08-10 09:18"
2026-08-10T09:21:00.000+01:00,"MAR1GSOPEN;EURJPY;B1;08-10 09:17;2;08-10 09:17,08-10 09:18"
2026-08-10T09:21:00.000+01:00,"MAR1GSOPEN;EURJPY;B2;08-10 09:17;2;08-10 09:17,08-10 09:18"
2026-08-10T09:21:00.000+01:00,MAR1GSOPEN;EURJPY;C1;08-10 09:18;1;08-10 09:18
2026-08-10T09:21:00.000+01:00,MAR1GSOPEN;EURJPY;C2;08-10 09:18;1;08-10 09:18
2026-08-10T09:21:00.000+01:00,MAR1GSOPEN;EURJPY;D1;08-10 09:18;0;
2026-08-10T09:22:00.000+01:00,"MAR1GSOPEN;EURJPY;A1;08-10 09:13;3;08-10 09:13,08-10 09:17,08-10 09:18"
2026-08-10T09:22:00.000+01:00,"MAR1GSOPEN;EURJPY;A2;08-10 09:13;3;08-10 09:13,08-10 09:17,08-10 09:18"
2026-08-10T09:22:00.000+01:00,"MAR1GSOPEN;EURJPY;B1;08-10 09:17;2;08-10 09:17,08-10 09:18"
2026-08-10T09:22:00.000+01:00,"MAR1GSOPEN;EURJPY;B2;08-10 09:17;2;08-10 09:17,08-10 09:18"
2026-08-10T09:22:00.000+01:00,MAR1GSOPEN;EURJPY;C1;08-10 09:18;1;08-10 09:18
2026-08-10T09:22:00.000+01:00,MAR1GSOPEN;EURJPY;C2;08-10 09:18;1;08-10 09:18
2026-08-10T09:22:00.000+01:00,MAR1GSOPEN;EURJPY;D1;08-10 09:18;0;
2026-08-10T09:23:00.000+01:00,"MAR1GSOPEN;EURJPY;A1;08-10 09:13;3;08-10 09:13,08-10 09:17,08-10 09:18"
2026-08-10T09:23:00.000+01:00,"MAR1GSOPEN;EURJPY;A2;08-10 09:13;3;08-10 09:13,08-10 09:17,08-10 09:18"
2026-08-10T09:23:00.000+01:00,"MAR1GSOPEN;EURJPY;B1;08-10 09:17;2;08-10 09:17,08-10 09:18"
2026-08-10T09:23:00.000+01:00,"MAR1GSOPEN;EURJPY;B2;08-10 09:17;2;08-10 09:17,08-10 09:18"
2026-08-10T09:23:00.000+01:00,MAR1GSOPEN;EURJPY;C1;08-10 09:18;1;08-10 09:18
2026-08-10T09:23:00.000+01:00,MAR1GSOPEN;EURJPY;C2;08-10 09:18;1;08-10 09:18
2026-08-10T09:23:00.000+01:00,MAR1GSOPEN;EURJPY;D1;08-10 09:18;0;
2026-08-10T09:24:00.000+01:00,"MAR1GSOPEN;EURJPY;A1;08-10 09:13;3;08-10 09:13,08-10 09:17,08-10 09:18"
2026-08-10T09:24:00.000+01:00,"MAR1GSOPEN;EURJPY;A2;08-10 09:13;3;08-10 09:13,08-10 09:17,08-10 09:18"
2026-08-10T09:24:00.000+01:00,"MAR1GSOPEN;EURJPY;B1;08-10 09:17;2;08-10 09:17,08-10 09:18"
2026-08-10T09:24:00.000+01:00,"MAR1GSOPEN;EURJPY;B2;08-10 09:17;2;08-10 09:17,08-10 09:18"
2026-08-10T09:24:00.000+01:00,MAR1GSOPEN;EURJPY;C1;08-10 09:18;1;08-10 09:18
2026-08-10T09:24:00.000+01:00,MAR1GSOPEN;EURJPY;C2;08-10 09:18;1;08-10 09:18
2026-08-10T09:24:00.000+01:00,MAR1GSOPEN;EURJPY;D1;08-10 09:18;0;
2026-08-10T09:25:00.000+01:00,"MAR1GSOPEN;EURJPY;A1;08-10 09:13;3;08-10 09:13,08-10 09:17,08-10 09:18"
2026-08-10T09:25:00.000+01:00,"MAR1GSOPEN;EURJPY;A2;08-10 09:13;3;08-10 09:13,08-10 09:17,08-10 09:18"
2026-08-10T09:25:00.000+01:00,"MAR1GSOPEN;EURJPY;B1;08-10 09:17;2;08-10 09:17,08-10 09:18"
2026-08-10T09:25:00.000+01:00,"MAR1GSOPEN;EURJPY;B2;08-10 09:17;2;08-10 09:17,08-10 09:18"
2026-08-10T09:25:00.000+01:00,MAR1GSOPEN;EURJPY;C1;08-10 09:18;1;08-10 09:18
2026-08-10T09:25:00.000+01:00,MAR1GSOPEN;EURJPY;C2;08-10 09:18;1;08-10 09:18
2026-08-10T09:25:00.000+01:00,MAR1GSOPEN;EURJPY;D1;08-10 09:18;0;
2026-08-10T09:26:00.000+01:00,"MAR1GSOPEN;EURJPY;A1;08-10 09:13;3;08-10 09:13,08-10 09:17,08-10 09:18"
2026-08-10T09:26:00.000+01:00,"MAR1GSOPEN;EURJPY;A2;08-10 09:13;3;08-10 09:13,08-10 09:17,08-10 09:18"
2026-08-10T09:26:00.000+01:00,"MAR1GSOPEN;EURJPY;B1;08-10 09:17;2;08-10 09:17,08-10 09:18"
2026-08-10T09:26:00.000+01:00,"MAR1GSOPEN;EURJPY;B2;08-10 09:17;2;08-10 09:17,08-10 09:18"
2026-08-10T09:26:00.000+01:00,MAR1GSOPEN;EURJPY;C1;08-10 09:18;1;08-10 09:18
2026-08-10T09:26:00.000+01:00,MAR1GSOPEN;EURJPY;C2;08-10 09:18;1;08-10 09:18
2026-08-10T09:26:00.000+01:00,MAR1GSOPEN;EURJPY;D1;08-10 09:18;0;
2026-08-10T09:27:00.000+01:00,"MAR1GSOPEN;EURJPY;A1;08-10 09:13;3;08-10 09:13,08-10 09:17,08-10 09:18"
2026-08-10T09:27:00.000+01:00,"MAR1GSOPEN;EURJPY;A2;08-10 09:13;3;08-10 09:13,08-10 09:17,08-10 09:18"
2026-08-10T09:27:00.000+01:00,"MAR1GSOPEN;EURJPY;B1;08-10 09:17;2;08-10 09:17,08-10 09:18"
2026-08-10T09:27:00.000+01:00,"MAR1GSOPEN;EURJPY;B2;08-10 09:17;2;08-10 09:17,08-10 09:18"
2026-08-10T09:27:00.000+01:00,MAR1GSOPEN;EURJPY;C1;08-10 09:18;1;08-10 09:18
2026-08-10T09:27:00.000+01:00,MAR1GSOPEN;EURJPY;C2;08-10 09:18;1;08-10 09:18
2026-08-10T09:27:00.000+01:00,MAR1GSOPEN;EURJPY;D1;08-10 09:18;0;
2026-08-10T09:28:00.000+01:00,"MAR1GSOPEN;EURJPY;A1;08-10 09:13;3;08-10 09:13,08-10 09:17,08-10 09:18"
2026-08-10T09:28:00.000+01:00,"MAR1GSOPEN;EURJPY;A2;08-10 09:13;3;08-10 09:13,08-10 09:17,08-10 09:18"
2026-08-10T09:28:00.000+01:00,"MAR1GSOPEN;EURJPY;B1;08-10 09:17;2;08-10 09:17,08-10 09:18"
2026-08-10T09:28:00.000+01:00,"MAR1GSOPEN;EURJPY;B2;08-10 09:17;2;08-10 09:17,08-10 09:18"
2026-08-10T09:28:00.000+01:00,MAR1GSOPEN;EURJPY;C1;08-10 09:18;1;08-10 09:18
2026-08-10T09:28:00.000+01:00,MAR1GSOPEN;EURJPY;C2;08-10 09:18;1;08-10 09:18
2026-08-10T09:28:00.000+01:00,MAR1GSOPEN;EURJPY;D1;08-10 09:18;0;
2026-08-10T09:29:00.000+01:00,"MAR1GSOPEN;EURJPY;A1;08-10 09:13;3;08-10 09:13,08-10 09:17,08-10 09:18"
2026-08-10T09:29:00.000+01:00,"MAR1GSOPEN;EURJPY;A2;08-10 09:13;3;08-10 09:13,08-10 09:17,08-10 09:18"
2026-08-10T09:29:00.000+01:00,"MAR1GSOPEN;EURJPY;B1;08-10 09:17;2;08-10 09:17,08-10 09:18"
2026-08-10T09:29:00.000+01:00,"MAR1GSOPEN;EURJPY;B2;08-10 09:17;2;08-10 09:17,08-10 09:18"
2026-08-10T09:29:00.000+01:00,MAR1GSOPEN;EURJPY;C1;08-10 09:18;1;08-10 09:18
2026-08-10T09:29:00.000+01:00,MAR1GSOPEN;EURJPY;C2;08-10 09:18;1;08-10 09:18
2026-08-10T09:29:00.000+01:00,MAR1GSOPEN;EURJPY;D1;08-10 09:18;0;
2026-08-10T09:30:00.000+01:00,"MAR1GSOPEN;EURJPY;A1;08-10 09:13;3;08-10 09:13,08-10 09:17,08-10 09:18"
2026-08-10T09:30:00.000+01:00,"MAR1GSOPEN;EURJPY;A2;08-10 09:13;3;08-10 09:13,08-10 09:17,08-10 09:18"
2026-08-10T09:30:00.000+01:00,"MAR1GSOPEN;EURJPY;B1;08-10 09:17;2;08-10 09:17,08-10 09:18"
2026-08-10T09:30:00.000+01:00,"MAR1GSOPEN;EURJPY;B2;08-10 09:17;2;08-10 09:17,08-10 09:18"
2026-08-10T09:30:00.000+01:00,MAR1GSOPEN;EURJPY;C1;08-10 09:18;1;08-10 09:18
2026-08-10T09:30:00.000+01:00,MAR1GSOPEN;EURJPY;C2;08-10 09:18;1;08-10 09:18
2026-08-10T09:30:00.000+01:00,MAR1GSOPEN;EURJPY;D1;08-10 09:18;0;
2026-08-10T09:31:00.000+01:00,"MAR1GSOPEN;EURJPY;A1;08-10 09:13;3;08-10 09:13,08-10 09:17,08-10 09:18"
2026-08-10T09:31:00.000+01:00,"MAR1GSOPEN;EURJPY;A2;08-10 09:13;3;08-10 09:13,08-10 09:17,08-10 09:18"
2026-08-10T09:31:00.000+01:00,"MAR1GSOPEN;EURJPY;B1;08-10 09:17;2;08-10 09:17,08-10 09:18"
2026-08-10T09:31:00.000+01:00,"MAR1GSOPEN;EURJPY;B2;08-10 09:17;2;08-10 09:17,08-10 09:18"
2026-08-10T09:31:00.000+01:00,MAR1GSOPEN;EURJPY;C1;08-10 09:18;1;08-10 09:18
2026-08-10T09:31:00.000+01:00,MAR1GSOPEN;EURJPY;C2;08-10 09:18;1;08-10 09:18
2026-08-10T09:31:00.000+01:00,MAR1GSOPEN;EURJPY;D1;08-10 09:18;0;
2026-08-10T09:32:00.000+01:00,"MAR1GSOPEN;EURJPY;A1;08-10 09:13;3;08-10 09:13,08-10 09:17,08-10 09:18"
2026-08-10T09:32:00.000+01:00,"MAR1GSOPEN;EURJPY;A2;08-10 09:13;3;08-10 09:13,08-10 09:17,08-10 09:18"
2026-08-10T09:32:00.000+01:00,"MAR1GSOPEN;EURJPY;B1;08-10 09:17;2;08-10 09:17,08-10 09:18"
2026-08-10T09:32:00.000+01:00,"MAR1GSOPEN;EURJPY;B2;08-10 09:17;2;08-10 09:17,08-10 09:18"
2026-08-10T09:32:00.000+01:00,MAR1GSOPEN;EURJPY;C1;08-10 09:18;1;08-10 09:18
2026-08-10T09:32:00.000+01:00,MAR1GSOPEN;EURJPY;C2;08-10 09:18;1;08-10 09:18
2026-08-10T09:32:00.000+01:00,MAR1GSOPEN;EURJPY;D1;08-10 09:18;0;
2026-08-10T09:33:00.000+01:00,"MAR1GSCLOSE;EURJPY;A1;08-10 09:13;08-10 09:34;4;long;08-10 09:13,08-10 09:17,08-10 09:18,08-10 09:33"
2026-08-10T09:33:00.000+01:00,"MAR1GSCLOSE;EURJPY;A2;08-10 09:13;08-10 09:34;4;long;08-10 09:13,08-10 09:17,08-10 09:18,08-10 09:33"
2026-08-10T09:33:00.000+01:00,"MAR1GSCLOSE;EURJPY;B1;08-10 09:17;08-10 09:34;3;long;08-10 09:17,08-10 09:18,08-10 09:33"
2026-08-10T09:33:00.000+01:00,"MAR1GSCLOSE;EURJPY;B2;08-10 09:17;08-10 09:34;3;long;08-10 09:17,08-10 09:18,08-10 09:33"
2026-08-10T09:33:00.000+01:00,"MAR1GSCLOSE;EURJPY;C1;08-10 09:18;08-10 09:34;2;long;08-10 09:18,08-10 09:33"
2026-08-10T09:33:00.000+01:00,"MAR1GSCLOSE;EURJPY;C2;08-10 09:18;08-10 09:34;2;long;08-10 09:18,08-10 09:33"
2026-08-10T09:33:00.000+01:00,MAR1GSCLOSE;EURJPY;D1;08-10 09:33;08-10 09:34;1;long;08-10 09:33
2026-08-10T17:59:00.000+01:00,MAR1GSOPEN;EURJPY;B1;08-10 17:59;0;
2026-08-10T17:59:00.000+01:00,MAR1GSOPEN;EURJPY;B2;08-10 17:59;0;
2026-08-10T18:00:00.000+01:00,MAR1GSOPEN;EURJPY;B1;08-10 18:00;1;08-10 18:00
2026-08-10T18:00:00.000+01:00,MAR1GSOPEN;EURJPY;B2;08-10 18:00;1;08-10 18:00
2026-08-10T18:00:00.000+01:00,MAR1GSOPEN;EURJPY;C1;08-10 18:00;0;
2026-08-10T18:00:00.000+01:00,MAR1GSOPEN;EURJPY;C2;08-10 18:00;0;
2026-08-10T18:01:00.000+01:00,MAR1GSOPEN;EURJPY;B1;08-10 18:00;1;08-10 18:00
2026-08-10T18:01:00.000+01:00,MAR1GSOPEN;EURJPY;B2;08-10 18:00;1;08-10 18:00
2026-08-10T18:01:00.000+01:00,MAR1GSOPEN;EURJPY;C1;08-10 18:00;0;
2026-08-10T18:01:00.000+01:00,MAR1GSOPEN;EURJPY;C2;08-10 18:00;0;
2026-08-10T18:02:00.000+01:00,MAR1GSOPEN;EURJPY;B1;08-10 18:00;1;08-10 18:00
2026-08-10T18:02:00.000+01:00,MAR1GSOPEN;EURJPY;B2;08-10 18:00;1;08-10 18:00
2026-08-10T18:02:00.000+01:00,MAR1GSOPEN;EURJPY;C1;08-10 18:00;0;
2026-08-10T18:02:00.000+01:00,MAR1GSOPEN;EURJPY;C2;08-10 18:00;0;
2026-08-10T18:03:00.000+01:00,"MAR1GSOPEN;EURJPY;B1;08-10 18:00;2;08-10 18:00,08-10 18:03"
2026-08-10T18:03:00.000+01:00,"MAR1GSOPEN;EURJPY;B2;08-10 18:00;2;08-10 18:00,08-10 18:03"
2026-08-10T18:03:00.000+01:00,MAR1GSOPEN;EURJPY;C1;08-10 18:03;1;08-10 18:03
2026-08-10T18:03:00.000+01:00,MAR1GSOPEN;EURJPY;C2;08-10 18:03;1;08-10 18:03
2026-08-10T18:04:00.000+01:00,"MAR1GSOPEN;EURJPY;B1;08-10 18:00;2;08-10 18:00,08-10 18:03"
2026-08-10T18:04:00.000+01:00,"MAR1GSOPEN;EURJPY;B2;08-10 18:00;2;08-10 18:00,08-10 18:03"
2026-08-10T18:04:00.000+01:00,MAR1GSOPEN;EURJPY;C1;08-10 18:03;1;08-10 18:03
2026-08-10T18:04:00.000+01:00,MAR1GSOPEN;EURJPY;C2;08-10 18:03;1;08-10 18:03
2026-08-10T18:05:00.000+01:00,"MAR1GSOPEN;EURJPY;B1;08-10 18:00;2;08-10 18:00,08-10 18:03"
2026-08-10T18:05:00.000+01:00,"MAR1GSOPEN;EURJPY;B2;08-10 18:00;2;08-10 18:00,08-10 18:03"
2026-08-10T18:05:00.000+01:00,MAR1GSOPEN;EURJPY;C1;08-10 18:03;1;08-10 18:03
2026-08-10T18:05:00.000+01:00,MAR1GSOPEN;EURJPY;C2;08-10 18:03;1;08-10 18:03
2026-08-10T18:06:00.000+01:00,"MAR1GSOPEN;EURJPY;B1;08-10 18:00;2;08-10 18:00,08-10 18:03"
2026-08-10T18:06:00.000+01:00,"MAR1GSOPEN;EURJPY;B2;08-10 18:00;2;08-10 18:00,08-10 18:03"
2026-08-10T18:06:00.000+01:00,MAR1GSOPEN;EURJPY;C1;08-10 18:03;1;08-10 18:03
2026-08-10T18:06:00.000+01:00,MAR1GSOPEN;EURJPY;C2;08-10 18:03;1;08-10 18:03
2026-08-10T18:07:00.000+01:00,"MAR1GSCLOSE;EURJPY;B1;08-10 18:00;08-10 18:08;3;long;08-10 18:00,08-10 18:03,08-10 18:07"
2026-08-10T18:07:00.000+01:00,"MAR1GSCLOSE;EURJPY;B2;08-10 18:00;08-10 18:08;3;long;08-10 18:00,08-10 18:03,08-10 18:07"
2026-08-10T18:07:00.000+01:00,"MAR1GSCLOSE;EURJPY;C1;08-10 18:03;08-10 18:08;2;long;08-10 18:03,08-10 18:07"
2026-08-10T18:07:00.000+01:00,"MAR1GSCLOSE;EURJPY;C2;08-10 18:03;08-10 18:08;2;long;08-10 18:03,08-10 18:07"
2026-08-10T19:14:00.000+01:00,MAR1GSOPEN;EURJPY;B1;08-10 19:14;0;
2026-08-10T19:14:00.000+01:00,MAR1GSOPEN;EURJPY;B2;08-10 19:14;0;
2026-08-10T19:15:00.000+01:00,MAR1GSOPEN;EURJPY;B1;08-10 19:14;0;
2026-08-10T19:15:00.000+01:00,MAR1GSOPEN;EURJPY;B2;08-10 19:14;0;
2026-08-10T19:16:00.000+01:00,MAR1GSOPEN;EURJPY;B1;08-10 19:14;0;
2026-08-10T19:16:00.000+01:00,MAR1GSOPEN;EURJPY;B2;08-10 19:14;0;
2026-08-10T19:17:00.000+01:00,MAR1GSOPEN;EURJPY;B1;08-10 19:14;0;
2026-08-10T19:17:00.000+01:00,MAR1GSOPEN;EURJPY;B2;08-10 19:14;0;
2026-08-10T19:18:00.000+01:00,MAR1GSOPEN;EURJPY;B1;08-10 19:14;0;
2026-08-10T19:18:00.000+01:00,MAR1GSOPEN;EURJPY;B2;08-10 19:14;0;
2026-08-10T19:19:00.000+01:00,MAR1GSOPEN;EURJPY;B1;08-10 19:14;0;
2026-08-10T19:19:00.000+01:00,MAR1GSOPEN;EURJPY;B2;08-10 19:14;0;
2026-08-10T19:20:00.000+01:00,MAR1GSOPEN;EURJPY;B1;08-10 19:14;0;
2026-08-10T19:20:00.000+01:00,MAR1GSOPEN;EURJPY;B2;08-10 19:14;0;
2026-08-10T19:21:00.000+01:00,MAR1GSOPEN;EURJPY;B1;08-10 19:14;0;
2026-08-10T19:21:00.000+01:00,MAR1GSOPEN;EURJPY;B2;08-10 19:14;0;
2026-08-10T19:22:00.000+01:00,MAR1GSOPEN;EURJPY;A2;08-10 19:22;0;
2026-08-10T19:22:00.000+01:00,MAR1GSOPEN;EURJPY;B1;08-10 19:22;1;08-10 19:22
2026-08-10T19:22:00.000+01:00,MAR1GSOPEN;EURJPY;B2;08-10 19:22;1;08-10 19:22
2026-08-10T19:23:00.000+01:00,MAR1GSOPEN;EURJPY;A2;08-10 19:22;0;
2026-08-10T19:23:00.000+01:00,MAR1GSOPEN;EURJPY;B1;08-10 19:22;1;08-10 19:22
2026-08-10T19:23:00.000+01:00,MAR1GSOPEN;EURJPY;B2;08-10 19:22;1;08-10 19:22
2026-08-10T19:24:00.000+01:00,MAR1GSOPEN;EURJPY;A2;08-10 19:22;0;
2026-08-10T19:24:00.000+01:00,MAR1GSOPEN;EURJPY;B1;08-10 19:22;1;08-10 19:22
2026-08-10T19:24:00.000+01:00,MAR1GSOPEN;EURJPY;B2;08-10 19:22;1;08-10 19:22
2026-08-10T19:25:00.000+01:00,MAR1GSOPEN;EURJPY;A2;08-10 19:22;0;
2026-08-10T19:25:00.000+01:00,MAR1GSOPEN;EURJPY;B1;08-10 19:22;1;08-10 19:22
2026-08-10T19:25:00.000+01:00,MAR1GSOPEN;EURJPY;B2;08-10 19:22;1;08-10 19:22
2026-08-10T19:26:00.000+01:00,MAR1GSOPEN;EURJPY;A2;08-10 19:26;1;08-10 19:26
2026-08-10T19:26:00.000+01:00,"MAR1GSOPEN;EURJPY;B1;08-10 19:22;2;08-10 19:22,08-10 19:26"
2026-08-10T19:26:00.000+01:00,"MAR1GSOPEN;EURJPY;B2;08-10 19:22;2;08-10 19:22,08-10 19:26"
2026-08-10T19:27:00.000+01:00,"MAR1GSCLOSE;EURJPY;A2;08-10 19:26;08-10 19:28;2;long;08-10 19:26,08-10 19:27"
2026-08-10T19:27:00.000+01:00,"MAR1GSCLOSE;EURJPY;B1;08-10 19:22;08-10 19:28;3;long;08-10 19:22,08-10 19:26,08-10 19:27"
2026-08-10T19:27:00.000+01:00,"MAR1GSCLOSE;EURJPY;B2;08-10 19:22;08-10 19:28;3;long;08-10 19:22,08-10 19:26,08-10 19:27"
2026-08-10T19:42:00.000+01:00,MAR1GSOPEN;EURJPY;B1;08-10 19:42;0;
2026-08-10T19:43:00.000+01:00,MAR1GSOPEN;EURJPY;B1;08-10 19:42;0;
2026-08-10T19:44:00.000+01:00,MAR1GSOPEN;EURJPY;B1;08-10 19:42;0;
2026-08-10T19:45:00.000+01:00,MAR1GSOPEN;EURJPY;B1;08-10 19:42;0;
2026-08-10T19:46:00.000+01:00,MAR1GSOPEN;EURJPY;A1;08-10 19:46;0;
2026-08-10T19:46:00.000+01:00,MAR1GSOPEN;EURJPY;A2;08-10 19:46;0;
2026-08-10T19:46:00.000+01:00,MAR1GSOPEN;EURJPY;B1;08-10 19:46;1;08-10 19:46
2026-08-10T19:46:00.000+01:00,MAR1GSOPEN;EURJPY;B2;08-10 19:46;0;
2026-08-10T19:47:00.000+01:00,MAR1GSCLOSE;EURJPY;A1;08-10 19:47;08-10 19:48;1;long;08-10 19:47
2026-08-10T19:47:00.000+01:00,MAR1GSCLOSE;EURJPY;A2;08-10 19:47;08-10 19:48;1;long;08-10 19:47
2026-08-10T19:47:00.000+01:00,"MAR1GSCLOSE;EURJPY;B1;08-10 19:46;08-10 19:48;2;long;08-10 19:46,08-10 19:47"
2026-08-10T19:47:00.000+01:00,MAR1GSCLOSE;EURJPY;B2;08-10 19:47;08-10 19:48;1;long;08-10 19:47
2026-08-11T18:40:00.000+01:00,MAR1GSOPEN;EURJPY;A1;08-11 18:40;0;
2026-08-11T18:40:00.000+01:00,MAR1GSOPEN;EURJPY;A2;08-11 18:40;0;
2026-08-11T18:41:00.000+01:00,MAR1GSOPEN;EURJPY;A1;08-11 18:40;0;
2026-08-11T18:41:00.000+01:00,MAR1GSOPEN;EURJPY;A2;08-11 18:40;0;
2026-08-11T18:42:00.000+01:00,MAR1GSOPEN;EURJPY;A1;08-11 18:40;0;
2026-08-11T18:42:00.000+01:00,MAR1GSOPEN;EURJPY;A2;08-11 18:40;0;
2026-08-11T18:43:00.000+01:00,MAR1GSOPEN;EURJPY;A1;08-11 18:40;0;
2026-08-11T18:43:00.000+01:00,MAR1GSOPEN;EURJPY;A2;08-11 18:40;0;
2026-08-11T18:44:00.000+01:00,MAR1GSOPEN;EURJPY;A1;08-11 18:40;0;
2026-08-11T18:44:00.000+01:00,MAR1GSOPEN;EURJPY;A2;08-11 18:40;0;
2026-08-11T18:45:00.000+01:00,MAR1GSOPEN;EURJPY;A1;08-11 18:40;0;
2026-08-11T18:45:00.000+01:00,MAR1GSOPEN;EURJPY;A2;08-11 18:40;0;
2026-08-11T18:46:00.000+01:00,MAR1GSOPEN;EURJPY;A1;08-11 18:40;0;
2026-08-11T18:46:00.000+01:00,MAR1GSOPEN;EURJPY;A2;08-11 18:40;0;
2026-08-11T18:47:00.000+01:00,MAR1GSOPEN;EURJPY;A1;08-11 18:40;0;
2026-08-11T18:47:00.000+01:00,MAR1GSOPEN;EURJPY;A2;08-11 18:40;0;
2026-08-11T18:48:00.000+01:00,MAR1GSOPEN;EURJPY;A1;08-11 18:40;0;
2026-08-11T18:48:00.000+01:00,MAR1GSOPEN;EURJPY;A2;08-11 18:40;0;
2026-08-11T18:49:00.000+01:00,MAR1GSOPEN;EURJPY;A1;08-11 18:40;0;
2026-08-11T18:49:00.000+01:00,MAR1GSOPEN;EURJPY;A2;08-11 18:40;0;
2026-08-11T18:50:00.000+01:00,MAR1GSOPEN;EURJPY;A1;08-11 18:40;0;
2026-08-11T18:50:00.000+01:00,MAR1GSOPEN;EURJPY;A2;08-11 18:40;0;
2026-08-11T18:51:00.000+01:00,MAR1GSOPEN;EURJPY;A1;08-11 18:40;0;
2026-08-11T18:51:00.000+01:00,MAR1GSOPEN;EURJPY;A2;08-11 18:40;0;
2026-08-11T18:52:00.000+01:00,MAR1GSOPEN;EURJPY;A1;08-11 18:40;0;
2026-08-11T18:52:00.000+01:00,MAR1GSOPEN;EURJPY;A2;08-11 18:40;0;
2026-08-11T18:53:00.000+01:00,MAR1GSOPEN;EURJPY;A1;08-11 18:40;0;
2026-08-11T18:53:00.000+01:00,MAR1GSOPEN;EURJPY;A2;08-11 18:40;0;
2026-08-11T18:54:00.000+01:00,MAR1GSOPEN;EURJPY;A1;08-11 18:40;0;
2026-08-11T18:54:00.000+01:00,MAR1GSOPEN;EURJPY;A2;08-11 18:40;0;
2026-08-11T18:55:00.000+01:00,MAR1GSOPEN;EURJPY;A1;08-11 18:40;0;
2026-08-11T18:55:00.000+01:00,MAR1GSOPEN;EURJPY;A2;08-11 18:40;0;
2026-08-11T18:56:00.000+01:00,MAR1GSOPEN;EURJPY;A1;08-11 18:40;0;
2026-08-11T18:56:00.000+01:00,MAR1GSOPEN;EURJPY;A2;08-11 18:40;0;
2026-08-11T18:57:00.000+01:00,MAR1GSOPEN;EURJPY;A1;08-11 18:40;0;
2026-08-11T18:57:00.000+01:00,MAR1GSOPEN;EURJPY;A2;08-11 18:40;0;
2026-08-11T18:58:00.000+01:00,MAR1GSOPEN;EURJPY;A1;08-11 18:40;0;
2026-08-11T18:58:00.000+01:00,MAR1GSOPEN;EURJPY;A2;08-11 18:40;0;
2026-08-11T18:59:00.000+01:00,MAR1GSOPEN;EURJPY;A1;08-11 18:40;0;
2026-08-11T18:59:00.000+01:00,MAR1GSOPEN;EURJPY;A2;08-11 18:40;0;
2026-08-11T19:00:00.000+01:00,MAR1GSOPEN;EURJPY;A1;08-11 18:40;0;
2026-08-11T19:00:00.000+01:00,MAR1GSOPEN;EURJPY;A2;08-11 18:40;0;
2026-08-11T19:01:00.000+01:00,MAR1GSOPEN;EURJPY;A1;08-11 18:40;0;
2026-08-11T19:01:00.000+01:00,MAR1GSOPEN;EURJPY;A2;08-11 18:40;0;
2026-08-11T19:02:00.000+01:00,MAR1GSOPEN;EURJPY;A1;08-11 18:40;0;
2026-08-11T19:02:00.000+01:00,MAR1GSOPEN;EURJPY;A2;08-11 18:40;0;
2026-08-11T19:03:00.000+01:00,MAR1GSOPEN;EURJPY;A1;08-11 18:40;0;
2026-08-11T19:03:00.000+01:00,MAR1GSOPEN;EURJPY;A2;08-11 18:40;0;
2026-08-11T19:04:00.000+01:00,MAR1GSOPEN;EURJPY;A1;08-11 18:40;0;
2026-08-11T19:04:00.000+01:00,MAR1GSOPEN;EURJPY;A2;08-11 18:40;0;
2026-08-11T19:05:00.000+01:00,MAR1GSOPEN;EURJPY;A1;08-11 18:40;0;
2026-08-11T19:05:00.000+01:00,MAR1GSOPEN;EURJPY;A2;08-11 18:40;0;
2026-08-11T19:06:00.000+01:00,MAR1GSOPEN;EURJPY;A1;08-11 18:40;0;
2026-08-11T19:06:00.000+01:00,MAR1GSOPEN;EURJPY;A2;08-11 18:40;0;
2026-08-11T19:07:00.000+01:00,MAR1GSOPEN;EURJPY;A1;08-11 18:40;0;
2026-08-11T19:07:00.000+01:00,MAR1GSOPEN;EURJPY;A2;08-11 18:40;0;
2026-08-11T19:08:00.000+01:00,MAR1GSOPEN;EURJPY;A1;08-11 18:40;0;
2026-08-11T19:08:00.000+01:00,MAR1GSOPEN;EURJPY;A2;08-11 18:40;0;
2026-08-11T19:09:00.000+01:00,MAR1GSOPEN;EURJPY;A1;08-11 18:40;0;
2026-08-11T19:09:00.000+01:00,MAR1GSOPEN;EURJPY;A2;08-11 18:40;0;
2026-08-11T19:10:00.000+01:00,MAR1GSOPEN;EURJPY;A1;08-11 18:40;0;
2026-08-11T19:10:00.000+01:00,MAR1GSOPEN;EURJPY;A2;08-11 18:40;0;
2026-08-11T19:11:00.000+01:00,MAR1GSOPEN;EURJPY;A1;08-11 18:40;0;
2026-08-11T19:11:00.000+01:00,MAR1GSOPEN;EURJPY;A2;08-11 18:40;0;
2026-08-11T19:12:00.000+01:00,MAR1GSOPEN;EURJPY;A1;08-11 18:40;0;
2026-08-11T19:12:00.000+01:00,MAR1GSOPEN;EURJPY;A2;08-11 18:40;0;
2026-08-11T19:12:00.000+01:00,MAR1GSOPEN;EURJPY;B1;08-11 19:12;0;
2026-08-11T19:12:00.000+01:00,MAR1GSOPEN;EURJPY;B2;08-11 19:12;0;
2026-08-11T19:13:00.000+01:00,MAR1GSOPEN;EURJPY;A1;08-11 18:40;0;
2026-08-11T19:13:00.000+01:00,MAR1GSOPEN;EURJPY;A2;08-11 18:40;0;
2026-08-11T19:13:00.000+01:00,MAR1GSOPEN;EURJPY;B1;08-11 19:12;0;
2026-08-11T19:13:00.000+01:00,MAR1GSOPEN;EURJPY;B2;08-11 19:12;0;
2026-08-11T19:14:00.000+01:00,MAR1GSOPEN;EURJPY;A1;08-11 18:40;0;
2026-08-11T19:14:00.000+01:00,MAR1GSOPEN;EURJPY;A2;08-11 18:40;0;
2026-08-11T19:14:00.000+01:00,MAR1GSOPEN;EURJPY;B1;08-11 19:12;0;
2026-08-11T19:14:00.000+01:00,MAR1GSOPEN;EURJPY;B2;08-11 19:12;0;
2026-08-11T19:15:00.000+01:00,MAR1GSOPEN;EURJPY;A1;08-11 18:40;0;
2026-08-11T19:15:00.000+01:00,MAR1GSOPEN;EURJPY;A2;08-11 18:40;0;
2026-08-11T19:15:00.000+01:00,MAR1GSOPEN;EURJPY;B1;08-11 19:12;0;
2026-08-11T19:15:00.000+01:00,MAR1GSOPEN;EURJPY;B2;08-11 19:12;0;
2026-08-11T19:16:00.000+01:00,MAR1GSOPEN;EURJPY;A1;08-11 18:40;0;
2026-08-11T19:16:00.000+01:00,MAR1GSOPEN;EURJPY;A2;08-11 18:40;0;
2026-08-11T19:16:00.000+01:00,MAR1GSOPEN;EURJPY;B1;08-11 19:12;0;
2026-08-11T19:16:00.000+01:00,MAR1GSOPEN;EURJPY;B2;08-11 19:12;0;
2026-08-11T19:17:00.000+01:00,MAR1GSOPEN;EURJPY;A1;08-11 18:40;0;
2026-08-11T19:17:00.000+01:00,MAR1GSOPEN;EURJPY;A2;08-11 18:40;0;
2026-08-11T19:17:00.000+01:00,MAR1GSOPEN;EURJPY;B1;08-11 19:12;0;
2026-08-11T19:17:00.000+01:00,MAR1GSOPEN;EURJPY;B2;08-11 19:12;0;
2026-08-11T19:18:00.000+01:00,MAR1GSOPEN;EURJPY;A1;08-11 18:40;0;
2026-08-11T19:18:00.000+01:00,MAR1GSOPEN;EURJPY;A2;08-11 18:40;0;
2026-08-11T19:18:00.000+01:00,MAR1GSOPEN;EURJPY;B1;08-11 19:12;0;
2026-08-11T19:18:00.000+01:00,MAR1GSOPEN;EURJPY;B2;08-11 19:12;0;
2026-08-11T19:19:00.000+01:00,MAR1GSOPEN;EURJPY;A1;08-11 18:40;0;
2026-08-11T19:19:00.000+01:00,MAR1GSOPEN;EURJPY;A2;08-11 18:40;0;
2026-08-11T19:19:00.000+01:00,MAR1GSOPEN;EURJPY;B1;08-11 19:12;0;
2026-08-11T19:19:00.000+01:00,MAR1GSOPEN;EURJPY;B2;08-11 19:12;0;
2026-08-11T19:20:00.000+01:00,MAR1GSOPEN;EURJPY;A1;08-11 18:40;0;
2026-08-11T19:20:00.000+01:00,MAR1GSOPEN;EURJPY;A2;08-11 18:40;0;
2026-08-11T19:20:00.000+01:00,MAR1GSOPEN;EURJPY;B1;08-11 19:12;0;
2026-08-11T19:20:00.000+01:00,MAR1GSOPEN;EURJPY;B2;08-11 19:12;0;
2026-08-11T19:21:00.000+01:00,MAR1GSOPEN;EURJPY;A1;08-11 18:40;0;
2026-08-11T19:21:00.000+01:00,MAR1GSOPEN;EURJPY;A2;08-11 18:40;0;
2026-08-11T19:21:00.000+01:00,MAR1GSOPEN;EURJPY;B1;08-11 19:12;0;
2026-08-11T19:21:00.000+01:00,MAR1GSOPEN;EURJPY;B2;08-11 19:12;0;
2026-08-11T19:22:00.000+01:00,MAR1GSOPEN;EURJPY;A1;08-11 18:40;0;
2026-08-11T19:22:00.000+01:00,MAR1GSOPEN;EURJPY;A2;08-11 18:40;0;
2026-08-11T19:22:00.000+01:00,MAR1GSOPEN;EURJPY;B1;08-11 19:12;0;
2026-08-11T19:22:00.000+01:00,MAR1GSOPEN;EURJPY;B2;08-11 19:12;0;
2026-08-11T19:23:00.000+01:00,MAR1GSOPEN;EURJPY;A1;08-11 18:40;0;
2026-08-11T19:23:00.000+01:00,MAR1GSOPEN;EURJPY;A2;08-11 18:40;0;
2026-08-11T19:23:00.000+01:00,MAR1GSOPEN;EURJPY;B1;08-11 19:12;0;
2026-08-11T19:23:00.000+01:00,MAR1GSOPEN;EURJPY;B2;08-11 19:12;0;
2026-08-11T19:24:00.000+01:00,MAR1GSOPEN;EURJPY;A1;08-11 18:40;0;
2026-08-11T19:24:00.000+01:00,MAR1GSOPEN;EURJPY;A2;08-11 18:40;0;
2026-08-11T19:24:00.000+01:00,MAR1GSOPEN;EURJPY;B1;08-11 19:12;0;
2026-08-11T19:24:00.000+01:00,MAR1GSOPEN;EURJPY;B2;08-11 19:12;0;
2026-08-11T19:25:00.000+01:00,MAR1GSOPEN;EURJPY;A1;08-11 18:40;0;
2026-08-11T19:25:00.000+01:00,MAR1GSOPEN;EURJPY;A2;08-11 18:40;0;
2026-08-11T19:25:00.000+01:00,MAR1GSOPEN;EURJPY;B1;08-11 19:12;0;
2026-08-11T19:25:00.000+01:00,MAR1GSOPEN;EURJPY;B2;08-11 19:12;0;
2026-08-11T19:26:00.000+01:00,MAR1GSOPEN;EURJPY;A1;08-11 18:40;0;
2026-08-11T19:26:00.000+01:00,MAR1GSOPEN;EURJPY;A2;08-11 18:40;0;
2026-08-11T19:26:00.000+01:00,MAR1GSOPEN;EURJPY;B1;08-11 19:12;0;
2026-08-11T19:26:00.000+01:00,MAR1GSOPEN;EURJPY;B2;08-11 19:12;0;
2026-08-11T19:27:00.000+01:00,MAR1GSOPEN;EURJPY;A1;08-11 18:40;0;
2026-08-11T19:27:00.000+01:00,MAR1GSOPEN;EURJPY;A2;08-11 18:40;0;
2026-08-11T19:27:00.000+01:00,MAR1GSOPEN;EURJPY;B1;08-11 19:12;0;
2026-08-11T19:27:00.000+01:00,MAR1GSOPEN;EURJPY;B2;08-11 19:12;0;
2026-08-11T19:28:00.000+01:00,MAR1GSOPEN;EURJPY;A1;08-11 18:40;0;
2026-08-11T19:28:00.000+01:00,MAR1GSOPEN;EURJPY;A2;08-11 18:40;0;
2026-08-11T19:28:00.000+01:00,MAR1GSOPEN;EURJPY;B1;08-11 19:12;0;
2026-08-11T19:28:00.000+01:00,MAR1GSOPEN;EURJPY;B2;08-11 19:12;0;
2026-08-11T19:29:00.000+01:00,MAR1GSOPEN;EURJPY;A1;08-11 18:40;0;
2026-08-11T19:29:00.000+01:00,MAR1GSOPEN;EURJPY;A2;08-11 18:40;0;
2026-08-11T19:29:00.000+01:00,MAR1GSOPEN;EURJPY;B1;08-11 19:12;0;
2026-08-11T19:29:00.000+01:00,MAR1GSOPEN;EURJPY;B2;08-11 19:12;0;
2026-08-11T19:30:00.000+01:00,MAR1GSOPEN;EURJPY;A1;08-11 18:40;0;
2026-08-11T19:30:00.000+01:00,MAR1GSOPEN;EURJPY;A2;08-11 18:40;0;
2026-08-11T19:30:00.000+01:00,MAR1GSOPEN;EURJPY;B1;08-11 19:12;0;
2026-08-11T19:30:00.000+01:00,MAR1GSOPEN;EURJPY;B2;08-11 19:12;0;
2026-08-11T19:31:00.000+01:00,MAR1GSOPEN;EURJPY;A1;08-11 18:40;0;
2026-08-11T19:31:00.000+01:00,MAR1GSOPEN;EURJPY;A2;08-11 18:40;0;
2026-08-11T19:31:00.000+01:00,MAR1GSOPEN;EURJPY;B1;08-11 19:12;0;
2026-08-11T19:31:00.000+01:00,MAR1GSOPEN;EURJPY;B2;08-11 19:12;0;
2026-08-11T19:32:00.000+01:00,MAR1GSOPEN;EURJPY;A1;08-11 18:40;0;
2026-08-11T19:32:00.000+01:00,MAR1GSOPEN;EURJPY;A2;08-11 18:40;0;
2026-08-11T19:32:00.000+01:00,MAR1GSOPEN;EURJPY;B1;08-11 19:12;0;
2026-08-11T19:32:00.000+01:00,MAR1GSOPEN;EURJPY;B2;08-11 19:12;0;
2026-08-11T19:33:00.000+01:00,MAR1GSOPEN;EURJPY;A1;08-11 18:40;0;
2026-08-11T19:33:00.000+01:00,MAR1GSOPEN;EURJPY;A2;08-11 18:40;0;
2026-08-11T19:33:00.000+01:00,MAR1GSOPEN;EURJPY;B1;08-11 19:12;0;
2026-08-11T19:33:00.000+01:00,MAR1GSOPEN;EURJPY;B2;08-11 19:12;0;
2026-08-11T19:34:00.000+01:00,MAR1GSOPEN;EURJPY;A1;08-11 18:40;0;
2026-08-11T19:34:00.000+01:00,MAR1GSOPEN;EURJPY;A2;08-11 18:40;0;
2026-08-11T19:34:00.000+01:00,MAR1GSOPEN;EURJPY;B1;08-11 19:12;0;
2026-08-11T19:34:00.000+01:00,MAR1GSOPEN;EURJPY;B2;08-11 19:12;0;
2026-08-11T19:35:00.000+01:00,MAR1GSOPEN;EURJPY;A1;08-11 18:40;0;
2026-08-11T19:35:00.000+01:00,MAR1GSOPEN;EURJPY;A2;08-11 18:40;0;
2026-08-11T19:35:00.000+01:00,MAR1GSOPEN;EURJPY;B1;08-11 19:12;0;
2026-08-11T19:35:00.000+01:00,MAR1GSOPEN;EURJPY;B2;08-11 19:12;0;
2026-08-11T19:36:00.000+01:00,MAR1GSOPEN;EURJPY;A1;08-11 18:40;0;
2026-08-11T19:36:00.000+01:00,MAR1GSOPEN;EURJPY;A2;08-11 18:40;0;
2026-08-11T19:36:00.000+01:00,MAR1GSOPEN;EURJPY;B1;08-11 19:12;0;
2026-08-11T19:36:00.000+01:00,MAR1GSOPEN;EURJPY;B2;08-11 19:12;0;
2026-08-11T19:37:00.000+01:00,MAR1GSOPEN;EURJPY;A1;08-11 18:40;0;
2026-08-11T19:37:00.000+01:00,MAR1GSOPEN;EURJPY;A2;08-11 18:40;0;
2026-08-11T19:37:00.000+01:00,MAR1GSOPEN;EURJPY;B1;08-11 19:12;0;
2026-08-11T19:37:00.000+01:00,MAR1GSOPEN;EURJPY;B2;08-11 19:12;0;
2026-08-11T19:38:00.000+01:00,MAR1GSOPEN;EURJPY;A1;08-11 18:40;0;
2026-08-11T19:38:00.000+01:00,MAR1GSOPEN;EURJPY;A2;08-11 18:40;0;
2026-08-11T19:38:00.000+01:00,MAR1GSOPEN;EURJPY;B1;08-11 19:12;0;
2026-08-11T19:38:00.000+01:00,MAR1GSOPEN;EURJPY;B2;08-11 19:12;0;
2026-08-11T19:39:00.000+01:00,MAR1GSOPEN;EURJPY;A1;08-11 18:40;0;
2026-08-11T19:39:00.000+01:00,MAR1GSOPEN;EURJPY;A2;08-11 18:40;0;
2026-08-11T19:39:00.000+01:00,MAR1GSOPEN;EURJPY;B1;08-11 19:12;0;
2026-08-11T19:39:00.000+01:00,MAR1GSOPEN;EURJPY;B2;08-11 19:12;0;
2026-08-11T19:40:00.000+01:00,MAR1GSOPEN;EURJPY;A1;08-11 18:40;0;
2026-08-11T19:40:00.000+01:00,MAR1GSOPEN;EURJPY;A2;08-11 18:40;0;
2026-08-11T19:40:00.000+01:00,MAR1GSOPEN;EURJPY;B1;08-11 19:12;0;
2026-08-11T19:40:00.000+01:00,MAR1GSOPEN;EURJPY;B2;08-11 19:12;0;
2026-08-11T19:41:00.000+01:00,MAR1GSOPEN;EURJPY;A1;08-11 18:40;0;
2026-08-11T19:41:00.000+01:00,MAR1GSOPEN;EURJPY;A2;08-11 18:40;0;
2026-08-11T19:41:00.000+01:00,MAR1GSOPEN;EURJPY;B1;08-11 19:12;0;
2026-08-11T19:41:00.000+01:00,MAR1GSOPEN;EURJPY;B2;08-11 19:12;0;
2026-08-11T19:42:00.000+01:00,MAR1GSOPEN;EURJPY;A1;08-11 18:40;0;
2026-08-11T19:42:00.000+01:00,MAR1GSOPEN;EURJPY;A2;08-11 18:40;0;
2026-08-11T19:42:00.000+01:00,MAR1GSOPEN;EURJPY;B1;08-11 19:12;0;
2026-08-11T19:42:00.000+01:00,MAR1GSOPEN;EURJPY;B2;08-11 19:12;0;
2026-08-11T19:43:00.000+01:00,MAR1GSOPEN;EURJPY;A1;08-11 18:40;0;
2026-08-11T19:43:00.000+01:00,MAR1GSOPEN;EURJPY;A2;08-11 18:40;0;
2026-08-11T19:43:00.000+01:00,MAR1GSOPEN;EURJPY;B1;08-11 19:12;0;
2026-08-11T19:43:00.000+01:00,MAR1GSOPEN;EURJPY;B2;08-11 19:12;0;
2026-08-11T19:44:00.000+01:00,MAR1GSOPEN;EURJPY;A1;08-11 19:44;1;08-11 19:44
2026-08-11T19:44:00.000+01:00,MAR1GSOPEN;EURJPY;A2;08-11 19:44;1;08-11 19:44
2026-08-11T19:44:00.000+01:00,MAR1GSOPEN;EURJPY;B1;08-11 19:44;1;08-11 19:44
2026-08-11T19:44:00.000+01:00,MAR1GSOPEN;EURJPY;B2;08-11 19:44;1;08-11 19:44
2026-08-11T19:44:00.000+01:00,MAR1GSOPEN;EURJPY;C1;08-11 19:44;0;
2026-08-11T19:44:00.000+01:00,MAR1GSOPEN;EURJPY;C2;08-11 19:44;0;
2026-08-11T19:45:00.000+01:00,"MAR1GSCLOSE;EURJPY;A1;08-11 19:44;08-11 19:46;2;long;08-11 19:44,08-11 19:45"
2026-08-11T19:45:00.000+01:00,"MAR1GSCLOSE;EURJPY;A2;08-11 19:44;08-11 19:46;2;long;08-11 19:44,08-11 19:45"
2026-08-11T19:45:00.000+01:00,"MAR1GSCLOSE;EURJPY;B1;08-11 19:44;08-11 19:46;2;long;08-11 19:44,08-11 19:45"
2026-08-11T19:45:00.000+01:00,"MAR1GSCLOSE;EURJPY;B2;08-11 19:44;08-11 19:46;2;long;08-11 19:44,08-11 19:45"
2026-08-11T19:45:00.000+01:00,MAR1GSCLOSE;EURJPY;C1;08-11 19:45;08-11 19:46;1;long;08-11 19:45
2026-08-11T19:45:00.000+01:00,MAR1GSCLOSE;EURJPY;C2;08-11 19:45;08-11 19:46;1;long;08-11 19:45
2026-08-03T11:12:00.000+01:00,MAR1GSOPEN;EURJPY;A1;08-03 11:12;0;
2026-08-03T11:12:00.000+01:00,MAR1GSOPEN;EURJPY;A2;08-03 11:12;0;
2026-08-03T11:12:00.000+01:00,MAR1GSOPEN;EURJPY;B1;08-03 11:12;0;
2026-08-03T11:12:00.000+01:00,MAR1GSOPEN;EURJPY;B2;08-03 11:12;0;
2026-08-03T11:13:00.000+01:00,MAR1GSOPEN;EURJPY;A1;08-03 11:12;0;
2026-08-03T11:13:00.000+01:00,MAR1GSOPEN;EURJPY;A2;08-03 11:12;0;
2026-08-03T11:13:00.000+01:00,MAR1GSOPEN;EURJPY;B1;08-03 11:12;0;
2026-08-03T11:13:00.000+01:00,MAR1GSOPEN;EURJPY;B2;08-03 11:12;0;
2026-08-03T11:14:00.000+01:00,MAR1GSOPEN;EURJPY;A1;08-03 11:12;0;
2026-08-03T11:14:00.000+01:00,MAR1GSOPEN;EURJPY;A2;08-03 11:12;0;
2026-08-03T11:14:00.000+01:00,MAR1GSOPEN;EURJPY;B1;08-03 11:12;0;
2026-08-03T11:14:00.000+01:00,MAR1GSOPEN;EURJPY;B2;08-03 11:12;0;
2026-08-03T11:15:00.000+01:00,MAR1GSOPEN;EURJPY;A1;08-03 11:15;1;08-03 11:15
2026-08-03T11:15:00.000+01:00,MAR1GSOPEN;EURJPY;A2;08-03 11:15;1;08-03 11:15
2026-08-03T11:15:00.000+01:00,MAR1GSOPEN;EURJPY;B1;08-03 11:15;1;08-03 11:15
2026-08-03T11:15:00.000+01:00,MAR1GSOPEN;EURJPY;B2;08-03 11:15;1;08-03 11:15
2026-08-03T11:15:00.000+01:00,MAR1GSOPEN;EURJPY;D2;08-03 11:15;0;
2026-08-03T11:16:00.000+01:00,"MAR1GSCLOSE;EURJPY;A1;08-03 11:15;08-03 11:17;2;short;08-03 11:15,08-03 11:16"
2026-08-03T11:16:00.000+01:00,"MAR1GSCLOSE;EURJPY;A2;08-03 11:15;08-03 11:17;2;short;08-03 11:15,08-03 11:16"
2026-08-03T11:16:00.000+01:00,"MAR1GSCLOSE;EURJPY;B1;08-03 11:15;08-03 11:17;2;short;08-03 11:15,08-03 11:16"
2026-08-03T11:16:00.000+01:00,"MAR1GSCLOSE;EURJPY;B2;08-03 11:15;08-03 11:17;2;short;08-03 11:15,08-03 11:16"
2026-08-03T11:16:00.000+01:00,MAR1GSCLOSE;EURJPY;D2;08-03 11:16;08-03 11:17;1;short;08-03 11:16
2026-08-03T16:10:00.000+01:00,MAR1GSOPEN;EURJPY;A1;08-03 16:10;0;
2026-08-03T16:10:00.000+01:00,MAR1GSOPEN;EURJPY;A2;08-03 16:10;0;
2026-08-03T16:10:00.000+01:00,MAR1GSOPEN;EURJPY;B1;08-03 16:10;0;
2026-08-03T16:10:00.000+01:00,MAR1GSOPEN;EURJPY;B2;08-03 16:10;0;
2026-08-03T16:11:00.000+01:00,MAR1GSOPEN;EURJPY;A1;08-03 16:11;1;08-03 16:11
2026-08-03T16:11:00.000+01:00,MAR1GSOPEN;EURJPY;A2;08-03 16:11;1;08-03 16:11
2026-08-03T16:11:00.000+01:00,MAR1GSOPEN;EURJPY;B1;08-03 16:11;1;08-03 16:11
2026-08-03T16:11:00.000+01:00,MAR1GSOPEN;EURJPY;B2;08-03 16:11;1;08-03 16:11
2026-08-03T16:11:00.000+01:00,MAR1GSOPEN;EURJPY;C1;08-03 16:11;0;
2026-08-03T16:11:00.000+01:00,MAR1GSOPEN;EURJPY;C2;08-03 16:11;0;
2026-08-03T16:12:00.000+01:00,"MAR1GSOPEN;EURJPY;A1;08-03 16:11;2;08-03 16:11,08-03 16:12"
2026-08-03T16:12:00.000+01:00,"MAR1GSOPEN;EURJPY;A2;08-03 16:11;2;08-03 16:11,08-03 16:12"
2026-08-03T16:12:00.000+01:00,"MAR1GSOPEN;EURJPY;B1;08-03 16:11;2;08-03 16:11,08-03 16:12"
2026-08-03T16:12:00.000+01:00,"MAR1GSOPEN;EURJPY;B2;08-03 16:11;2;08-03 16:11,08-03 16:12"
2026-08-03T16:12:00.000+01:00,MAR1GSOPEN;EURJPY;C1;08-03 16:12;1;08-03 16:12
2026-08-03T16:12:00.000+01:00,MAR1GSOPEN;EURJPY;C2;08-03 16:12;1;08-03 16:12
2026-08-03T16:13:00.000+01:00,"MAR1GSOPEN;EURJPY;A1;08-03 16:11;2;08-03 16:11,08-03 16:12"
2026-08-03T16:13:00.000+01:00,"MAR1GSOPEN;EURJPY;A2;08-03 16:11;2;08-03 16:11,08-03 16:12"
2026-08-03T16:13:00.000+01:00,"MAR1GSOPEN;EURJPY;B1;08-03 16:11;2;08-03 16:11,08-03 16:12"
2026-08-03T16:13:00.000+01:00,"MAR1GSOPEN;EURJPY;B2;08-03 16:11;2;08-03 16:11,08-03 16:12"
2026-08-03T16:13:00.000+01:00,MAR1GSOPEN;EURJPY;C1;08-03 16:12;1;08-03 16:12
2026-08-03T16:13:00.000+01:00,MAR1GSOPEN;EURJPY;C2;08-03 16:12;1;08-03 16:12
2026-08-03T16:14:00.000+01:00,"MAR1GSOPEN;EURJPY;A1;08-03 16:11;2;08-03 16:11,08-03 16:12"
2026-08-03T16:14:00.000+01:00,"MAR1GSOPEN;EURJPY;A2;08-03 16:11;2;08-03 16:11,08-03 16:12"
2026-08-03T16:14:00.000+01:00,"MAR1GSOPEN;EURJPY;B1;08-03 16:11;2;08-03 16:11,08-03 16:12"
2026-08-03T16:14:00.000+01:00,"MAR1GSOPEN;EURJPY;B2;08-03 16:11;2;08-03 16:11,08-03 16:12"
2026-08-03T16:14:00.000+01:00,MAR1GSOPEN;EURJPY;C1;08-03 16:12;1;08-03 16:12
2026-08-03T16:14:00.000+01:00,MAR1GSOPEN;EURJPY;C2;08-03 16:12;1;08-03 16:12
2026-08-03T16:15:00.000+01:00,"MAR1GSOPEN;EURJPY;A1;08-03 16:11;2;08-03 16:11,08-03 16:12"
2026-08-03T16:15:00.000+01:00,"MAR1GSOPEN;EURJPY;A2;08-03 16:11;2;08-03 16:11,08-03 16:12"
2026-08-03T16:15:00.000+01:00,"MAR1GSOPEN;EURJPY;B1;08-03 16:11;2;08-03 16:11,08-03 16:12"
2026-08-03T16:15:00.000+01:00,"MAR1GSOPEN;EURJPY;B2;08-03 16:11;2;08-03 16:11,08-03 16:12"
2026-08-03T16:15:00.000+01:00,MAR1GSOPEN;EURJPY;C1;08-03 16:12;1;08-03 16:12
2026-08-03T16:15:00.000+01:00,MAR1GSOPEN;EURJPY;C2;08-03 16:12;1;08-03 16:12
2026-08-03T16:16:00.000+01:00,"MAR1GSOPEN;EURJPY;A1;08-03 16:11;2;08-03 16:11,08-03 16:12"
2026-08-03T16:16:00.000+01:00,"MAR1GSOPEN;EURJPY;A2;08-03 16:11;2;08-03 16:11,08-03 16:12"
2026-08-03T16:16:00.000+01:00,"MAR1GSOPEN;EURJPY;B1;08-03 16:11;2;08-03 16:11,08-03 16:12"
2026-08-03T16:16:00.000+01:00,"MAR1GSOPEN;EURJPY;B2;08-03 16:11;2;08-03 16:11,08-03 16:12"
2026-08-03T16:16:00.000+01:00,MAR1GSOPEN;EURJPY;C1;08-03 16:12;1;08-03 16:12
2026-08-03T16:16:00.000+01:00,MAR1GSOPEN;EURJPY;C2;08-03 16:12;1;08-03 16:12
2026-08-03T16:17:00.000+01:00,"MAR1GSOPEN;EURJPY;A1;08-03 16:11;2;08-03 16:11,08-03 16:12"
2026-08-03T16:17:00.000+01:00,"MAR1GSOPEN;EURJPY;A2;08-03 16:11;2;08-03 16:11,08-03 16:12"
2026-08-03T16:17:00.000+01:00,"MAR1GSOPEN;EURJPY;B1;08-03 16:11;2;08-03 16:11,08-03 16:12"
2026-08-03T16:17:00.000+01:00,"MAR1GSOPEN;EURJPY;B2;08-03 16:11;2;08-03 16:11,08-03 16:12"
2026-08-03T16:17:00.000+01:00,MAR1GSOPEN;EURJPY;C1;08-03 16:12;1;08-03 16:12
2026-08-03T16:17:00.000+01:00,MAR1GSOPEN;EURJPY;C2;08-03 16:12;1;08-03 16:12
2026-08-03T16:18:00.000+01:00,"MAR1GSOPEN;EURJPY;A1;08-03 16:11;2;08-03 16:11,08-03 16:12"
2026-08-03T16:18:00.000+01:00,"MAR1GSOPEN;EURJPY;A2;08-03 16:11;2;08-03 16:11,08-03 16:12"
2026-08-03T16:18:00.000+01:00,"MAR1GSOPEN;EURJPY;B1;08-03 16:11;2;08-03 16:11,08-03 16:12"
2026-08-03T16:18:00.000+01:00,"MAR1GSOPEN;EURJPY;B2;08-03 16:11;2;08-03 16:11,08-03 16:12"
2026-08-03T16:18:00.000+01:00,MAR1GSOPEN;EURJPY;C1;08-03 16:12;1;08-03 16:12
2026-08-03T16:18:00.000+01:00,MAR1GSOPEN;EURJPY;C2;08-03 16:12;1;08-03 16:12
2026-08-03T16:19:00.000+01:00,"MAR1GSOPEN;EURJPY;A1;08-03 16:11;2;08-03 16:11,08-03 16:12"
2026-08-03T16:19:00.000+01:00,"MAR1GSOPEN;EURJPY;A2;08-03 16:11;2;08-03 16:11,08-03 16:12"
2026-08-03T16:19:00.000+01:00,"MAR1GSOPEN;EURJPY;B1;08-03 16:11;2;08-03 16:11,08-03 16:12"
2026-08-03T16:19:00.000+01:00,"MAR1GSOPEN;EURJPY;B2;08-03 16:11;2;08-03 16:11,08-03 16:12"
2026-08-03T16:19:00.000+01:00,MAR1GSOPEN;EURJPY;C1;08-03 16:12;1;08-03 16:12
2026-08-03T16:19:00.000+01:00,MAR1GSOPEN;EURJPY;C2;08-03 16:12;1;08-03 16:12
2026-08-03T16:20:00.000+01:00,"MAR1GSOPEN;EURJPY;A1;08-03 16:11;2;08-03 16:11,08-03 16:12"
2026-08-03T16:20:00.000+01:00,"MAR1GSOPEN;EURJPY;A2;08-03 16:11;2;08-03 16:11,08-03 16:12"
2026-08-03T16:20:00.000+01:00,"MAR1GSOPEN;EURJPY;B1;08-03 16:11;2;08-03 16:11,08-03 16:12"
2026-08-03T16:20:00.000+01:00,"MAR1GSOPEN;EURJPY;B2;08-03 16:11;2;08-03 16:11,08-03 16:12"
2026-08-03T16:20:00.000+01:00,MAR1GSOPEN;EURJPY;C1;08-03 16:12;1;08-03 16:12
2026-08-03T16:20:00.000+01:00,MAR1GSOPEN;EURJPY;C2;08-03 16:12;1;08-03 16:12
2026-08-03T16:21:00.000+01:00,"MAR1GSOPEN;EURJPY;A1;08-03 16:11;2;08-03 16:11,08-03 16:12"
2026-08-03T16:21:00.000+01:00,"MAR1GSOPEN;EURJPY;A2;08-03 16:11;2;08-03 16:11,08-03 16:12"
2026-08-03T16:21:00.000+01:00,"MAR1GSOPEN;EURJPY;B1;08-03 16:11;2;08-03 16:11,08-03 16:12"
2026-08-03T16:21:00.000+01:00,"MAR1GSOPEN;EURJPY;B2;08-03 16:11;2;08-03 16:11,08-03 16:12"
2026-08-03T16:21:00.000+01:00,MAR1GSOPEN;EURJPY;C1;08-03 16:12;1;08-03 16:12
2026-08-03T16:21:00.000+01:00,MAR1GSOPEN;EURJPY;C2;08-03 16:12;1;08-03 16:12
2026-08-03T16:22:00.000+01:00,"MAR1GSOPEN;EURJPY;A1;08-03 16:11;2;08-03 16:11,08-03 16:12"
2026-08-03T16:22:00.000+01:00,"MAR1GSOPEN;EURJPY;A2;08-03 16:11;2;08-03 16:11,08-03 16:12"
2026-08-03T16:22:00.000+01:00,"MAR1GSOPEN;EURJPY;B1;08-03 16:11;2;08-03 16:11,08-03 16:12"
2026-08-03T16:22:00.000+01:00,"MAR1GSOPEN;EURJPY;B2;08-03 16:11;2;08-03 16:11,08-03 16:12"
2026-08-03T16:22:00.000+01:00,MAR1GSOPEN;EURJPY;C1;08-03 16:12;1;08-03 16:12
2026-08-03T16:22:00.000+01:00,MAR1GSOPEN;EURJPY;C2;08-03 16:12;1;08-03 16:12
2026-08-03T16:23:00.000+01:00,"MAR1GSOPEN;EURJPY;A1;08-03 16:11;2;08-03 16:11,08-03 16:12"
2026-08-03T16:23:00.000+01:00,"MAR1GSOPEN;EURJPY;A2;08-03 16:11;2;08-03 16:11,08-03 16:12"
2026-08-03T16:23:00.000+01:00,"MAR1GSOPEN;EURJPY;B1;08-03 16:11;2;08-03 16:11,08-03 16:12"
2026-08-03T16:23:00.000+01:00,"MAR1GSOPEN;EURJPY;B2;08-03 16:11;2;08-03 16:11,08-03 16:12"
2026-08-03T16:23:00.000+01:00,MAR1GSOPEN;EURJPY;C1;08-03 16:12;1;08-03 16:12
2026-08-03T16:23:00.000+01:00,MAR1GSOPEN;EURJPY;C2;08-03 16:12;1;08-03 16:12
2026-08-03T16:24:00.000+01:00,"MAR1GSOPEN;EURJPY;A1;08-03 16:11;2;08-03 16:11,08-03 16:12"
2026-08-03T16:24:00.000+01:00,"MAR1GSOPEN;EURJPY;A2;08-03 16:11;2;08-03 16:11,08-03 16:12"
2026-08-03T16:24:00.000+01:00,"MAR1GSOPEN;EURJPY;B1;08-03 16:11;2;08-03 16:11,08-03 16:12"
2026-08-03T16:24:00.000+01:00,"MAR1GSOPEN;EURJPY;B2;08-03 16:11;2;08-03 16:11,08-03 16:12"
2026-08-03T16:24:00.000+01:00,MAR1GSOPEN;EURJPY;C1;08-03 16:12;1;08-03 16:12
2026-08-03T16:24:00.000+01:00,MAR1GSOPEN;EURJPY;C2;08-03 16:12;1;08-03 16:12
2026-08-03T16:25:00.000+01:00,"MAR1GSOPEN;EURJPY;A1;08-03 16:11;2;08-03 16:11,08-03 16:12"
2026-08-03T16:25:00.000+01:00,"MAR1GSOPEN;EURJPY;A2;08-03 16:11;2;08-03 16:11,08-03 16:12"
2026-08-03T16:25:00.000+01:00,"MAR1GSOPEN;EURJPY;B1;08-03 16:11;2;08-03 16:11,08-03 16:12"
2026-08-03T16:25:00.000+01:00,"MAR1GSOPEN;EURJPY;B2;08-03 16:11;2;08-03 16:11,08-03 16:12"
2026-08-03T16:25:00.000+01:00,MAR1GSOPEN;EURJPY;C1;08-03 16:12;1;08-03 16:12
2026-08-03T16:25:00.000+01:00,MAR1GSOPEN;EURJPY;C2;08-03 16:12;1;08-03 16:12
2026-08-03T16:26:00.000+01:00,"MAR1GSOPEN;EURJPY;A1;08-03 16:11;3;08-03 16:11,08-03 16:12,08-03 16:26"
2026-08-03T16:26:00.000+01:00,"MAR1GSOPEN;EURJPY;A2;08-03 16:11;3;08-03 16:11,08-03 16:12,08-03 16:26"
2026-08-03T16:26:00.000+01:00,"MAR1GSOPEN;EURJPY;B1;08-03 16:11;3;08-03 16:11,08-03 16:12,08-03 16:26"
2026-08-03T16:26:00.000+01:00,"MAR1GSOPEN;EURJPY;B2;08-03 16:11;3;08-03 16:11,08-03 16:12,08-03 16:26"
2026-08-03T16:26:00.000+01:00,"MAR1GSOPEN;EURJPY;C1;08-03 16:12;2;08-03 16:12,08-03 16:26"
2026-08-03T16:26:00.000+01:00,"MAR1GSOPEN;EURJPY;C2;08-03 16:12;2;08-03 16:12,08-03 16:26"
2026-08-03T16:26:00.000+01:00,MAR1GSOPEN;EURJPY;D1;08-03 16:26;0;
2026-08-03T16:27:00.000+01:00,"MAR1GSOPEN;EURJPY;A1;08-03 16:11;4;08-03 16:11,08-03 16:12,08-03 16:26,08-03 16:27"
2026-08-03T16:27:00.000+01:00,"MAR1GSOPEN;EURJPY;A2;08-03 16:11;4;08-03 16:11,08-03 16:12,08-03 16:26,08-03 16:27"
2026-08-03T16:27:00.000+01:00,"MAR1GSOPEN;EURJPY;B1;08-03 16:11;4;08-03 16:11,08-03 16:12,08-03 16:26,08-03 16:27"
2026-08-03T16:27:00.000+01:00,"MAR1GSOPEN;EURJPY;B2;08-03 16:11;4;08-03 16:11,08-03 16:12,08-03 16:26,08-03 16:27"
2026-08-03T16:27:00.000+01:00,"MAR1GSOPEN;EURJPY;C1;08-03 16:12;3;08-03 16:12,08-03 16:26,08-03 16:27"
2026-08-03T16:27:00.000+01:00,"MAR1GSOPEN;EURJPY;C2;08-03 16:12;3;08-03 16:12,08-03 16:26,08-03 16:27"
2026-08-03T16:27:00.000+01:00,MAR1GSOPEN;EURJPY;D1;08-03 16:27;1;08-03 16:27
2026-08-03T16:28:00.000+01:00,"MAR1GSOPEN;EURJPY;A1;08-03 16:11;4;08-03 16:11,08-03 16:12,08-03 16:26,08-03 16:27"
2026-08-03T16:28:00.000+01:00,"MAR1GSOPEN;EURJPY;A2;08-03 16:11;4;08-03 16:11,08-03 16:12,08-03 16:26,08-03 16:27"
2026-08-03T16:28:00.000+01:00,"MAR1GSOPEN;EURJPY;B1;08-03 16:11;4;08-03 16:11,08-03 16:12,08-03 16:26,08-03 16:27"
2026-08-03T16:28:00.000+01:00,"MAR1GSOPEN;EURJPY;B2;08-03 16:11;4;08-03 16:11,08-03 16:12,08-03 16:26,08-03 16:27"
2026-08-03T16:28:00.000+01:00,"MAR1GSOPEN;EURJPY;C1;08-03 16:12;3;08-03 16:12,08-03 16:26,08-03 16:27"
2026-08-03T16:28:00.000+01:00,"MAR1GSOPEN;EURJPY;C2;08-03 16:12;3;08-03 16:12,08-03 16:26,08-03 16:27"
2026-08-03T16:28:00.000+01:00,MAR1GSOPEN;EURJPY;D1;08-03 16:27;1;08-03 16:27
2026-08-03T16:29:00.000+01:00,"MAR1GSOPEN;EURJPY;A1;08-03 16:11;4;08-03 16:11,08-03 16:12,08-03 16:26,08-03 16:27"
2026-08-03T16:29:00.000+01:00,"MAR1GSOPEN;EURJPY;A2;08-03 16:11;4;08-03 16:11,08-03 16:12,08-03 16:26,08-03 16:27"
2026-08-03T16:29:00.000+01:00,"MAR1GSOPEN;EURJPY;B1;08-03 16:11;4;08-03 16:11,08-03 16:12,08-03 16:26,08-03 16:27"
2026-08-03T16:29:00.000+01:00,"MAR1GSOPEN;EURJPY;B2;08-03 16:11;4;08-03 16:11,08-03 16:12,08-03 16:26,08-03 16:27"
2026-08-03T16:29:00.000+01:00,"MAR1GSOPEN;EURJPY;C1;08-03 16:12;3;08-03 16:12,08-03 16:26,08-03 16:27"
2026-08-03T16:29:00.000+01:00,"MAR1GSOPEN;EURJPY;C2;08-03 16:12;3;08-03 16:12,08-03 16:26,08-03 16:27"
2026-08-03T16:29:00.000+01:00,MAR1GSOPEN;EURJPY;D1;08-03 16:27;1;08-03 16:27
2026-08-03T16:30:00.000+01:00,"MAR1GSOPEN;EURJPY;A1;08-03 16:11;4;08-03 16:11,08-03 16:12,08-03 16:26,08-03 16:27"
2026-08-03T16:30:00.000+01:00,"MAR1GSOPEN;EURJPY;A2;08-03 16:11;4;08-03 16:11,08-03 16:12,08-03 16:26,08-03 16:27"
2026-08-03T16:30:00.000+01:00,"MAR1GSOPEN;EURJPY;B1;08-03 16:11;4;08-03 16:11,08-03 16:12,08-03 16:26,08-03 16:27"
2026-08-03T16:30:00.000+01:00,"MAR1GSOPEN;EURJPY;B2;08-03 16:11;4;08-03 16:11,08-03 16:12,08-03 16:26,08-03 16:27"
2026-08-03T16:30:00.000+01:00,"MAR1GSOPEN;EURJPY;C1;08-03 16:12;3;08-03 16:12,08-03 16:26,08-03 16:27"
2026-08-03T16:30:00.000+01:00,"MAR1GSOPEN;EURJPY;C2;08-03 16:12;3;08-03 16:12,08-03 16:26,08-03 16:27"
2026-08-03T16:30:00.000+01:00,MAR1GSOPEN;EURJPY;D1;08-03 16:27;1;08-03 16:27
2026-08-03T16:31:00.000+01:00,"MAR1GSOPEN;EURJPY;A1;08-03 16:11;4;08-03 16:11,08-03 16:12,08-03 16:26,08-03 16:27"
2026-08-03T16:31:00.000+01:00,"MAR1GSOPEN;EURJPY;A2;08-03 16:11;4;08-03 16:11,08-03 16:12,08-03 16:26,08-03 16:27"
2026-08-03T16:31:00.000+01:00,"MAR1GSOPEN;EURJPY;B1;08-03 16:11;4;08-03 16:11,08-03 16:12,08-03 16:26,08-03 16:27"
2026-08-03T16:31:00.000+01:00,"MAR1GSOPEN;EURJPY;B2;08-03 16:11;4;08-03 16:11,08-03 16:12,08-03 16:26,08-03 16:27"
2026-08-03T16:31:00.000+01:00,"MAR1GSOPEN;EURJPY;C1;08-03 16:12;3;08-03 16:12,08-03 16:26,08-03 16:27"
2026-08-03T16:31:00.000+01:00,"MAR1GSOPEN;EURJPY;C2;08-03 16:12;3;08-03 16:12,08-03 16:26,08-03 16:27"
2026-08-03T16:31:00.000+01:00,MAR1GSOPEN;EURJPY;D1;08-03 16:27;1;08-03 16:27
2026-08-03T16:32:00.000+01:00,"MAR1GSOPEN;EURJPY;A1;08-03 16:11;4;08-03 16:11,08-03 16:12,08-03 16:26,08-03 16:27"
2026-08-03T16:32:00.000+01:00,"MAR1GSOPEN;EURJPY;A2;08-03 16:11;4;08-03 16:11,08-03 16:12,08-03 16:26,08-03 16:27"
2026-08-03T16:32:00.000+01:00,"MAR1GSOPEN;EURJPY;B1;08-03 16:11;4;08-03 16:11,08-03 16:12,08-03 16:26,08-03 16:27"
2026-08-03T16:32:00.000+01:00,"MAR1GSOPEN;EURJPY;B2;08-03 16:11;4;08-03 16:11,08-03 16:12,08-03 16:26,08-03 16:27"
2026-08-03T16:32:00.000+01:00,"MAR1GSOPEN;EURJPY;C1;08-03 16:12;3;08-03 16:12,08-03 16:26,08-03 16:27"
2026-08-03T16:32:00.000+01:00,"MAR1GSOPEN;EURJPY;C2;08-03 16:12;3;08-03 16:12,08-03 16:26,08-03 16:27"
2026-08-03T16:32:00.000+01:00,MAR1GSOPEN;EURJPY;D1;08-03 16:27;1;08-03 16:27
2026-08-03T16:33:00.000+01:00,"MAR1GSOPEN;EURJPY;A1;08-03 16:11;4;08-03 16:11,08-03 16:12,08-03 16:26,08-03 16:27"
2026-08-03T16:33:00.000+01:00,"MAR1GSOPEN;EURJPY;A2;08-03 16:11;4;08-03 16:11,08-03 16:12,08-03 16:26,08-03 16:27"
2026-08-03T16:33:00.000+01:00,"MAR1GSOPEN;EURJPY;B1;08-03 16:11;4;08-03 16:11,08-03 16:12,08-03 16:26,08-03 16:27"
2026-08-03T16:33:00.000+01:00,"MAR1GSOPEN;EURJPY;B2;08-03 16:11;4;08-03 16:11,08-03 16:12,08-03 16:26,08-03 16:27"
2026-08-03T16:33:00.000+01:00,"MAR1GSOPEN;EURJPY;C1;08-03 16:12;3;08-03 16:12,08-03 16:26,08-03 16:27"
2026-08-03T16:33:00.000+01:00,"MAR1GSOPEN;EURJPY;C2;08-03 16:12;3;08-03 16:12,08-03 16:26,08-03 16:27"
2026-08-03T16:33:00.000+01:00,MAR1GSOPEN;EURJPY;D1;08-03 16:27;1;08-03 16:27
2026-08-03T16:34:00.000+01:00,"MAR1GSCLOSE;EURJPY;A1;08-03 16:11;08-03 16:35;5;short;08-03 16:11,08-03 16:12,08-03 16:26,08-03 16:27,08-03 16:34"
2026-08-03T16:34:00.000+01:00,"MAR1GSCLOSE;EURJPY;A2;08-03 16:11;08-03 16:35;5;short;08-03 16:11,08-03 16:12,08-03 16:26,08-03 16:27,08-03 16:34"
2026-08-03T16:34:00.000+01:00,"MAR1GSCLOSE;EURJPY;B1;08-03 16:11;08-03 16:35;5;short;08-03 16:11,08-03 16:12,08-03 16:26,08-03 16:27,08-03 16:34"
2026-08-03T16:34:00.000+01:00,"MAR1GSCLOSE;EURJPY;B2;08-03 16:11;08-03 16:35;5;short;08-03 16:11,08-03 16:12,08-03 16:26,08-03 16:27,08-03 16:34"
2026-08-03T16:34:00.000+01:00,"MAR1GSCLOSE;EURJPY;C1;08-03 16:12;08-03 16:35;4;short;08-03 16:12,08-03 16:26,08-03 16:27,08-03 16:34"
2026-08-03T16:34:00.000+01:00,"MAR1GSCLOSE;EURJPY;C2;08-03 16:12;08-03 16:35;4;short;08-03 16:12,08-03 16:26,08-03 16:27,08-03 16:34"
2026-08-03T16:34:00.000+01:00,"MAR1GSCLOSE;EURJPY;D1;08-03 16:27;08-03 16:35;2;short;08-03 16:27,08-03 16:34"
2026-08-03T17:40:00.000+01:00,MAR1GSOPEN;EURJPY;A1;08-03 17:40;0;
2026-08-03T17:40:00.000+01:00,MAR1GSOPEN;EURJPY;A2;08-03 17:40;0;
2026-08-03T17:41:00.000+01:00,MAR1GSOPEN;EURJPY;A1;08-03 17:40;0;
2026-08-03T17:41:00.000+01:00,MAR1GSOPEN;EURJPY;A2;08-03 17:40;0;
2026-08-03T17:42:00.000+01:00,MAR1GSOPEN;EURJPY;A1;08-03 17:40;0;
2026-08-03T17:42:00.000+01:00,MAR1GSOPEN;EURJPY;A2;08-03 17:40;0;
2026-08-03T17:43:00.000+01:00,MAR1GSOPEN;EURJPY;A1;08-03 17:40;0;
2026-08-03T17:43:00.000+01:00,MAR1GSOPEN;EURJPY;A2;08-03 17:40;0;
2026-08-03T17:44:00.000+01:00,MAR1GSOPEN;EURJPY;A1;08-03 17:40;0;
2026-08-03T17:44:00.000+01:00,MAR1GSOPEN;EURJPY;A2;08-03 17:40;0;
2026-08-03T17:45:00.000+01:00,MAR1GSOPEN;EURJPY;A1;08-03 17:40;0;
2026-08-03T17:45:00.000+01:00,MAR1GSOPEN;EURJPY;A2;08-03 17:40;0;
2026-08-03T17:46:00.000+01:00,MAR1GSOPEN;EURJPY;A1;08-03 17:40;0;
2026-08-03T17:46:00.000+01:00,MAR1GSOPEN;EURJPY;A2;08-03 17:40;0;
2026-08-03T17:47:00.000+01:00,MAR1GSOPEN;EURJPY;A1;08-03 17:40;0;
2026-08-03T17:47:00.000+01:00,MAR1GSOPEN;EURJPY;A2;08-03 17:40;0;
2026-08-03T17:48:00.000+01:00,MAR1GSOPEN;EURJPY;A1;08-03 17:40;0;
2026-08-03T17:48:00.000+01:00,MAR1GSOPEN;EURJPY;A2;08-03 17:40;0;
2026-08-03T17:49:00.000+01:00,MAR1GSCLOSE;EURJPY;A1;08-03 17:49;08-03 17:50;1;short;08-03 17:49
2026-08-03T17:49:00.000+01:00,MAR1GSCLOSE;EURJPY;A2;08-03 17:49;08-03 17:50;1;short;08-03 17:49
2026-08-04T09:56:00.000+01:00,MAR1GSOPEN;EURJPY;B1;08-04 09:56;0;
2026-08-04T09:56:00.000+01:00,MAR1GSOPEN;EURJPY;B2;08-04 09:56;0;
2026-08-04T09:57:00.000+01:00,MAR1GSOPEN;EURJPY;B1;08-04 09:56;0;
2026-08-04T09:57:00.000+01:00,MAR1GSOPEN;EURJPY;B2;08-04 09:56;0;
2026-08-04T09:58:00.000+01:00,MAR1GSOPEN;EURJPY;B1;08-04 09:56;0;
2026-08-04T09:58:00.000+01:00,MAR1GSOPEN;EURJPY;B2;08-04 09:56;0;
2026-08-04T09:59:00.000+01:00,MAR1GSOPEN;EURJPY;B1;08-04 09:56;0;
2026-08-04T09:59:00.000+01:00,MAR1GSOPEN;EURJPY;B2;08-04 09:56;0;
2026-08-04T10:00:00.000+01:00,MAR1GSOPEN;EURJPY;B1;08-04 09:56;0;
2026-08-04T10:00:00.000+01:00,MAR1GSOPEN;EURJPY;B2;08-04 09:56;0;
2026-08-04T10:01:00.000+01:00,MAR1GSOPEN;EURJPY;B1;08-04 09:56;0;
2026-08-04T10:01:00.000+01:00,MAR1GSOPEN;EURJPY;B2;08-04 09:56;0;
2026-08-04T10:02:00.000+01:00,MAR1GSOPEN;EURJPY;B1;08-04 09:56;0;
2026-08-04T10:02:00.000+01:00,MAR1GSOPEN;EURJPY;B2;08-04 09:56;0;
2026-08-04T10:03:00.000+01:00,MAR1GSOPEN;EURJPY;B1;08-04 09:56;0;
2026-08-04T10:03:00.000+01:00,MAR1GSOPEN;EURJPY;B2;08-04 09:56;0;
2026-08-04T10:04:00.000+01:00,MAR1GSOPEN;EURJPY;B1;08-04 09:56;0;
2026-08-04T10:04:00.000+01:00,MAR1GSOPEN;EURJPY;B2;08-04 09:56;0;
2026-08-04T10:05:00.000+01:00,MAR1GSCLOSE;EURJPY;B1;08-04 10:05;08-04 10:06;1;long;08-04 10:05
2026-08-04T10:05:00.000+01:00,MAR1GSCLOSE;EURJPY;B2;08-04 10:05;08-04 10:06;1;long;08-04 10:05
2026-08-04T12:41:00.000+01:00,MAR1GSOPEN;EURJPY;A1;08-04 12:41;0;
2026-08-04T12:41:00.000+01:00,MAR1GSOPEN;EURJPY;A2;08-04 12:41;0;
2026-08-04T12:42:00.000+01:00,MAR1GSOPEN;EURJPY;A1;08-04 12:42;1;08-04 12:42
2026-08-04T12:42:00.000+01:00,MAR1GSOPEN;EURJPY;A2;08-04 12:42;1;08-04 12:42
2026-08-04T12:43:00.000+01:00,MAR1GSOPEN;EURJPY;A1;08-04 12:42;1;08-04 12:42
2026-08-04T12:43:00.000+01:00,MAR1GSOPEN;EURJPY;A2;08-04 12:42;1;08-04 12:42
2026-08-04T12:44:00.000+01:00,MAR1GSOPEN;EURJPY;A1;08-04 12:42;1;08-04 12:42
2026-08-04T12:44:00.000+01:00,MAR1GSOPEN;EURJPY;A2;08-04 12:42;1;08-04 12:42
2026-08-04T12:45:00.000+01:00,MAR1GSOPEN;EURJPY;A1;08-04 12:42;1;08-04 12:42
2026-08-04T12:45:00.000+01:00,MAR1GSOPEN;EURJPY;A2;08-04 12:42;1;08-04 12:42
2026-08-04T12:46:00.000+01:00,MAR1GSOPEN;EURJPY;A1;08-04 12:42;1;08-04 12:42
2026-08-04T12:46:00.000+01:00,MAR1GSOPEN;EURJPY;A2;08-04 12:42;1;08-04 12:42
2026-08-04T12:47:00.000+01:00,MAR1GSOPEN;EURJPY;A1;08-04 12:42;1;08-04 12:42
2026-08-04T12:47:00.000+01:00,MAR1GSOPEN;EURJPY;A2;08-04 12:42;1;08-04 12:42
2026-08-04T12:48:00.000+01:00,MAR1GSOPEN;EURJPY;A1;08-04 12:42;1;08-04 12:42
2026-08-04T12:48:00.000+01:00,MAR1GSOPEN;EURJPY;A2;08-04 12:42;1;08-04 12:42
2026-08-04T12:49:00.000+01:00,MAR1GSOPEN;EURJPY;A1;08-04 12:42;1;08-04 12:42
2026-08-04T12:49:00.000+01:00,MAR1GSOPEN;EURJPY;A2;08-04 12:42;1;08-04 12:42
2026-08-04T12:50:00.000+01:00,MAR1GSOPEN;EURJPY;A1;08-04 12:42;1;08-04 12:42
2026-08-04T12:50:00.000+01:00,MAR1GSOPEN;EURJPY;A2;08-04 12:42;1;08-04 12:42
2026-08-04T12:51:00.000+01:00,MAR1GSOPEN;EURJPY;A1;08-04 12:42;1;08-04 12:42
2026-08-04T12:51:00.000+01:00,MAR1GSOPEN;EURJPY;A2;08-04 12:42;1;08-04 12:42
2026-08-04T12:52:00.000+01:00,MAR1GSOPEN;EURJPY;A1;08-04 12:42;1;08-04 12:42
2026-08-04T12:52:00.000+01:00,MAR1GSOPEN;EURJPY;A2;08-04 12:42;1;08-04 12:42
2026-08-04T12:53:00.000+01:00,MAR1GSOPEN;EURJPY;A1;08-04 12:42;1;08-04 12:42
2026-08-04T12:53:00.000+01:00,MAR1GSOPEN;EURJPY;A2;08-04 12:42;1;08-04 12:42
2026-08-04T12:54:00.000+01:00,MAR1GSOPEN;EURJPY;A1;08-04 12:42;1;08-04 12:42
2026-08-04T12:54:00.000+01:00,MAR1GSOPEN;EURJPY;A2;08-04 12:42;1;08-04 12:42
2026-08-04T12:55:00.000+01:00,MAR1GSOPEN;EURJPY;A1;08-04 12:42;1;08-04 12:42
2026-08-04T12:55:00.000+01:00,MAR1GSOPEN;EURJPY;A2;08-04 12:42;1;08-04 12:42
2026-08-04T12:56:00.000+01:00,MAR1GSOPEN;EURJPY;A1;08-04 12:42;1;08-04 12:42
2026-08-04T12:56:00.000+01:00,MAR1GSOPEN;EURJPY;A2;08-04 12:42;1;08-04 12:42
2026-08-04T12:57:00.000+01:00,MAR1GSOPEN;EURJPY;A1;08-04 12:42;1;08-04 12:42
2026-08-04T12:57:00.000+01:00,MAR1GSOPEN;EURJPY;A2;08-04 12:42;1;08-04 12:42
2026-08-04T12:58:00.000+01:00,MAR1GSOPEN;EURJPY;A1;08-04 12:42;1;08-04 12:42
2026-08-04T12:58:00.000+01:00,MAR1GSOPEN;EURJPY;A2;08-04 12:42;1;08-04 12:42
2026-08-04T12:59:00.000+01:00,MAR1GSOPEN;EURJPY;A1;08-04 12:42;1;08-04 12:42
2026-08-04T12:59:00.000+01:00,MAR1GSOPEN;EURJPY;A2;08-04 12:42;1;08-04 12:42
2026-08-04T13:00:00.000+01:00,MAR1GSOPEN;EURJPY;A1;08-04 12:42;1;08-04 12:42
2026-08-04T13:00:00.000+01:00,MAR1GSOPEN;EURJPY;A2;08-04 12:42;1;08-04 12:42
2026-08-04T13:01:00.000+01:00,MAR1GSOPEN;EURJPY;A1;08-04 12:42;1;08-04 12:42
2026-08-04T13:01:00.000+01:00,MAR1GSOPEN;EURJPY;A2;08-04 12:42;1;08-04 12:42
2026-08-04T13:02:00.000+01:00,"MAR1GSCLOSE;EURJPY;A1;08-04 12:42;08-04 13:03;2;short;08-04 12:42,08-04 13:02"
2026-08-04T13:02:00.000+01:00,"MAR1GSCLOSE;EURJPY;A2;08-04 12:42;08-04 13:03;2;short;08-04 12:42,08-04 13:02"
2026-08-05T09:07:00.000+01:00,MAR1GSOPEN;EURJPY;A1;08-05 09:07;0;
2026-08-05T09:07:00.000+01:00,MAR1GSOPEN;EURJPY;A2;08-05 09:07;0;
2026-08-05T09:08:00.000+01:00,MAR1GSOPEN;EURJPY;A1;08-05 09:07;0;
2026-08-05T09:08:00.000+01:00,MAR1GSOPEN;EURJPY;A2;08-05 09:07;0;
2026-08-05T09:09:00.000+01:00,MAR1GSOPEN;EURJPY;A1;08-05 09:07;0;
2026-08-05T09:09:00.000+01:00,MAR1GSOPEN;EURJPY;A2;08-05 09:07;0;
2026-08-05T09:10:00.000+01:00,MAR1GSOPEN;EURJPY;A1;08-05 09:07;0;
2026-08-05T09:10:00.000+01:00,MAR1GSOPEN;EURJPY;A2;08-05 09:07;0;
2026-08-05T09:11:00.000+01:00,MAR1GSOPEN;EURJPY;A1;08-05 09:07;0;
2026-08-05T09:11:00.000+01:00,MAR1GSOPEN;EURJPY;A2;08-05 09:07;0;
2026-08-05T09:12:00.000+01:00,MAR1GSOPEN;EURJPY;A1;08-05 09:07;0;
2026-08-05T09:12:00.000+01:00,MAR1GSOPEN;EURJPY;A2;08-05 09:07;0;
2026-08-05T09:13:00.000+01:00,MAR1GSOPEN;EURJPY;A1;08-05 09:07;0;
2026-08-05T09:13:00.000+01:00,MAR1GSOPEN;EURJPY;A2;08-05 09:07;0;
2026-08-05T09:14:00.000+01:00,MAR1GSOPEN;EURJPY;A1;08-05 09:07;0;
2026-08-05T09:14:00.000+01:00,MAR1GSOPEN;EURJPY;A2;08-05 09:07;0;
2026-08-05T09:15:00.000+01:00,MAR1GSOPEN;EURJPY;A1;08-05 09:07;0;
2026-08-05T09:15:00.000+01:00,MAR1GSOPEN;EURJPY;A2;08-05 09:07;0;
2026-08-05T09:16:00.000+01:00,MAR1GSOPEN;EURJPY;A1;08-05 09:07;0;
2026-08-05T09:16:00.000+01:00,MAR1GSOPEN;EURJPY;A2;08-05 09:07;0;
2026-08-05T09:17:00.000+01:00,MAR1GSOPEN;EURJPY;A1;08-05 09:07;0;
2026-08-05T09:17:00.000+01:00,MAR1GSOPEN;EURJPY;A2;08-05 09:07;0;
2026-08-05T09:18:00.000+01:00,MAR1GSOPEN;EURJPY;A1;08-05 09:07;0;
2026-08-05T09:18:00.000+01:00,MAR1GSOPEN;EURJPY;A2;08-05 09:07;0;
2026-08-05T09:19:00.000+01:00,MAR1GSOPEN;EURJPY;A1;08-05 09:07;0;
2026-08-05T09:19:00.000+01:00,MAR1GSOPEN;EURJPY;A2;08-05 09:07;0;
2026-08-05T09:20:00.000+01:00,MAR1GSOPEN;EURJPY;A1;08-05 09:20;1;08-05 09:20
2026-08-05T09:20:00.000+01:00,MAR1GSOPEN;EURJPY;A2;08-05 09:20;1;08-05 09:20
2026-08-05T09:21:00.000+01:00,"MAR1GSCLOSE;EURJPY;A1;08-05 09:20;08-05 09:22;2;long;08-05 09:20,08-05 09:21"
2026-08-05T09:21:00.000+01:00,"MAR1GSCLOSE;EURJPY;A2;08-05 09:20;08-05 09:22;2;long;08-05 09:20,08-05 09:21"
2026-08-05T10:51:00.000+01:00,MAR1GSOPEN;EURJPY;A1;08-05 10:51;0;
2026-08-05T10:51:00.000+01:00,MAR1GSOPEN;EURJPY;A2;08-05 10:51;0;
2026-08-05T10:52:00.000+01:00,MAR1GSOPEN;EURJPY;A1;08-05 10:51;0;
2026-08-05T10:52:00.000+01:00,MAR1GSOPEN;EURJPY;A2;08-05 10:51;0;
2026-08-05T10:53:00.000+01:00,MAR1GSOPEN;EURJPY;A1;08-05 10:51;0;
2026-08-05T10:53:00.000+01:00,MAR1GSOPEN;EURJPY;A2;08-05 10:51;0;
2026-08-05T10:54:00.000+01:00,MAR1GSOPEN;EURJPY;A1;08-05 10:51;0;
2026-08-05T10:54:00.000+01:00,MAR1GSOPEN;EURJPY;A2;08-05 10:51;0;
2026-08-05T10:55:00.000+01:00,MAR1GSOPEN;EURJPY;A1;08-05 10:51;0;
2026-08-05T10:55:00.000+01:00,MAR1GSOPEN;EURJPY;A2;08-05 10:51;0;
2026-08-05T10:56:00.000+01:00,MAR1GSOPEN;EURJPY;A1;08-05 10:51;0;
2026-08-05T10:56:00.000+01:00,MAR1GSOPEN;EURJPY;A2;08-05 10:51;0;
2026-08-05T10:57:00.000+01:00,MAR1GSOPEN;EURJPY;A1;08-05 10:51;0;
2026-08-05T10:57:00.000+01:00,MAR1GSOPEN;EURJPY;A2;08-05 10:51;0;
2026-08-05T10:58:00.000+01:00,MAR1GSOPEN;EURJPY;A1;08-05 10:51;0;
2026-08-05T10:58:00.000+01:00,MAR1GSOPEN;EURJPY;A2;08-05 10:51;0;
2026-08-05T10:59:00.000+01:00,MAR1GSOPEN;EURJPY;A1;08-05 10:51;0;
2026-08-05T10:59:00.000+01:00,MAR1GSOPEN;EURJPY;A2;08-05 10:51;0;
2026-08-05T11:00:00.000+01:00,MAR1GSOPEN;EURJPY;A1;08-05 10:51;0;
2026-08-05T11:00:00.000+01:00,MAR1GSOPEN;EURJPY;A2;08-05 10:51;0;
2026-08-05T11:01:00.000+01:00,MAR1GSOPEN;EURJPY;A1;08-05 10:51;0;
2026-08-05T11:01:00.000+01:00,MAR1GSOPEN;EURJPY;A2;08-05 10:51;0;
2026-08-05T11:02:00.000+01:00,MAR1GSOPEN;EURJPY;A1;08-05 10:51;0;
2026-08-05T11:02:00.000+01:00,MAR1GSOPEN;EURJPY;A2;08-05 10:51;0;
2026-08-05T11:03:00.000+01:00,MAR1GSOPEN;EURJPY;A1;08-05 10:51;0;
2026-08-05T11:03:00.000+01:00,MAR1GSOPEN;EURJPY;A2;08-05 10:51;0;
2026-08-05T11:04:00.000+01:00,MAR1GSOPEN;EURJPY;A1;08-05 10:51;0;
2026-08-05T11:04:00.000+01:00,MAR1GSOPEN;EURJPY;A2;08-05 10:51;0;
2026-08-05T11:05:00.000+01:00,MAR1GSOPEN;EURJPY;A1;08-05 10:51;0;
2026-08-05T11:05:00.000+01:00,MAR1GSOPEN;EURJPY;A2;08-05 10:51;0;
2026-08-05T11:06:00.000+01:00,MAR1GSOPEN;EURJPY;A1;08-05 10:51;0;
2026-08-05T11:06:00.000+01:00,MAR1GSOPEN;EURJPY;A2;08-05 10:51;0;
2026-08-05T11:07:00.000+01:00,MAR1GSOPEN;EURJPY;A1;08-05 10:51;0;
2026-08-05T11:07:00.000+01:00,MAR1GSOPEN;EURJPY;A2;08-05 10:51;0;
2026-08-05T11:08:00.000+01:00,MAR1GSOPEN;EURJPY;A1;08-05 10:51;0;
2026-08-05T11:08:00.000+01:00,MAR1GSOPEN;EURJPY;A2;08-05 10:51;0;
2026-08-05T11:09:00.000+01:00,MAR1GSOPEN;EURJPY;A1;08-05 10:51;0;
2026-08-05T11:09:00.000+01:00,MAR1GSOPEN;EURJPY;A2;08-05 10:51;0;
2026-08-05T11:10:00.000+01:00,MAR1GSOPEN;EURJPY;A1;08-05 10:51;0;
2026-08-05T11:10:00.000+01:00,MAR1GSOPEN;EURJPY;A2;08-05 10:51;0;
2026-08-05T11:11:00.000+01:00,MAR1GSOPEN;EURJPY;A1;08-05 10:51;0;
2026-08-05T11:11:00.000+01:00,MAR1GSOPEN;EURJPY;A2;08-05 10:51;0;
2026-08-05T11:12:00.000+01:00,MAR1GSOPEN;EURJPY;A1;08-05 10:51;0;
2026-08-05T11:12:00.000+01:00,MAR1GSOPEN;EURJPY;A2;08-05 10:51;0;
2026-08-05T11:13:00.000+01:00,MAR1GSOPEN;EURJPY;A1;08-05 10:51;0;
2026-08-05T11:13:00.000+01:00,MAR1GSOPEN;EURJPY;A2;08-05 10:51;0;
2026-08-05T11:14:00.000+01:00,MAR1GSOPEN;EURJPY;A1;08-05 10:51;0;
2026-08-05T11:14:00.000+01:00,MAR1GSOPEN;EURJPY;A2;08-05 10:51;0;
2026-08-05T11:15:00.000+01:00,MAR1GSOPEN;EURJPY;A1;08-05 10:51;0;
2026-08-05T11:15:00.000+01:00,MAR1GSOPEN;EURJPY;A2;08-05 10:51;0;
2026-08-05T11:16:00.000+01:00,MAR1GSOPEN;EURJPY;A1;08-05 10:51;0;
2026-08-05T11:16:00.000+01:00,MAR1GSOPEN;EURJPY;A2;08-05 10:51;0;
2026-08-05T11:17:00.000+01:00,MAR1GSOPEN;EURJPY;A1;08-05 10:51;0;
2026-08-05T11:17:00.000+01:00,MAR1GSOPEN;EURJPY;A2;08-05 10:51;0;
2026-08-05T11:18:00.000+01:00,MAR1GSOPEN;EURJPY;A1;08-05 10:51;0;
2026-08-05T11:18:00.000+01:00,MAR1GSOPEN;EURJPY;A2;08-05 10:51;0;
2026-08-05T11:19:00.000+01:00,MAR1GSOPEN;EURJPY;A1;08-05 10:51;0;
2026-08-05T11:19:00.000+01:00,MAR1GSOPEN;EURJPY;A2;08-05 10:51;0;
2026-08-05T11:20:00.000+01:00,MAR1GSOPEN;EURJPY;A1;08-05 10:51;0;
2026-08-05T11:20:00.000+01:00,MAR1GSOPEN;EURJPY;A2;08-05 10:51;0;
2026-08-05T11:21:00.000+01:00,MAR1GSOPEN;EURJPY;A1;08-05 10:51;0;
2026-08-05T11:21:00.000+01:00,MAR1GSOPEN;EURJPY;A2;08-05 10:51;0;
2026-08-05T11:22:00.000+01:00,MAR1GSOPEN;EURJPY;A1;08-05 10:51;0;
2026-08-05T11:22:00.000+01:00,MAR1GSOPEN;EURJPY;A2;08-05 10:51;0;
2026-08-05T11:23:00.000+01:00,MAR1GSOPEN;EURJPY;A1;08-05 10:51;0;
2026-08-05T11:23:00.000+01:00,MAR1GSOPEN;EURJPY;A2;08-05 10:51;0;
2026-08-05T11:24:00.000+01:00,MAR1GSOPEN;EURJPY;A1;08-05 10:51;0;
2026-08-05T11:24:00.000+01:00,MAR1GSOPEN;EURJPY;A2;08-05 10:51;0;
2026-08-05T11:25:00.000+01:00,MAR1GSOPEN;EURJPY;A1;08-05 10:51;0;
2026-08-05T11:25:00.000+01:00,MAR1GSOPEN;EURJPY;A2;08-05 10:51;0;
2026-08-05T11:26:00.000+01:00,MAR1GSOPEN;EURJPY;A1;08-05 10:51;0;
2026-08-05T11:26:00.000+01:00,MAR1GSOPEN;EURJPY;A2;08-05 10:51;0;
2026-08-05T11:27:00.000+01:00,MAR1GSOPEN;EURJPY;A1;08-05 10:51;0;
2026-08-05T11:27:00.000+01:00,MAR1GSOPEN;EURJPY;A2;08-05 10:51;0;
2026-08-05T11:28:00.000+01:00,MAR1GSOPEN;EURJPY;A1;08-05 11:28;1;08-05 11:28
2026-08-05T11:28:00.000+01:00,MAR1GSOPEN;EURJPY;A2;08-05 11:28;1;08-05 11:28
2026-08-05T11:29:00.000+01:00,"MAR1GSOPEN;EURJPY;A1;08-05 11:28;2;08-05 11:28,08-05 11:29"
2026-08-05T11:29:00.000+01:00,"MAR1GSOPEN;EURJPY;A2;08-05 11:28;2;08-05 11:28,08-05 11:29"
2026-08-05T11:30:00.000+01:00,"MAR1GSOPEN;EURJPY;A1;08-05 11:28;2;08-05 11:28,08-05 11:29"
2026-08-05T11:30:00.000+01:00,"MAR1GSOPEN;EURJPY;A2;08-05 11:28;2;08-05 11:28,08-05 11:29"
2026-08-05T11:31:00.000+01:00,"MAR1GSOPEN;EURJPY;A1;08-05 11:28;2;08-05 11:28,08-05 11:29"
2026-08-05T11:31:00.000+01:00,"MAR1GSOPEN;EURJPY;A2;08-05 11:28;2;08-05 11:28,08-05 11:29"
2026-08-05T11:32:00.000+01:00,"MAR1GSOPEN;EURJPY;A1;08-05 11:28;2;08-05 11:28,08-05 11:29"
2026-08-05T11:32:00.000+01:00,"MAR1GSOPEN;EURJPY;A2;08-05 11:28;2;08-05 11:28,08-05 11:29"
2026-08-05T11:33:00.000+01:00,"MAR1GSOPEN;EURJPY;A1;08-05 11:28;2;08-05 11:28,08-05 11:29"
2026-08-05T11:33:00.000+01:00,"MAR1GSOPEN;EURJPY;A2;08-05 11:28;2;08-05 11:28,08-05 11:29"
2026-08-05T11:34:00.000+01:00,"MAR1GSOPEN;EURJPY;A1;08-05 11:28;2;08-05 11:28,08-05 11:29"
2026-08-05T11:34:00.000+01:00,"MAR1GSOPEN;EURJPY;A2;08-05 11:28;2;08-05 11:28,08-05 11:29"
2026-08-05T11:35:00.000+01:00,"MAR1GSOPEN;EURJPY;A1;08-05 11:28;2;08-05 11:28,08-05 11:29"
2026-08-05T11:35:00.000+01:00,"MAR1GSOPEN;EURJPY;A2;08-05 11:28;2;08-05 11:28,08-05 11:29"
2026-08-05T11:36:00.000+01:00,"MAR1GSOPEN;EURJPY;A1;08-05 11:28;2;08-05 11:28,08-05 11:29"
2026-08-05T11:36:00.000+01:00,"MAR1GSOPEN;EURJPY;A2;08-05 11:28;2;08-05 11:28,08-05 11:29"
2026-08-05T11:37:00.000+01:00,"MAR1GSOPEN;EURJPY;A1;08-05 11:28;2;08-05 11:28,08-05 11:29"
2026-08-05T11:37:00.000+01:00,"MAR1GSOPEN;EURJPY;A2;08-05 11:28;2;08-05 11:28,08-05 11:29"
2026-08-05T11:38:00.000+01:00,"MAR1GSOPEN;EURJPY;A1;08-05 11:28;2;08-05 11:28,08-05 11:29"
2026-08-05T11:38:00.000+01:00,"MAR1GSOPEN;EURJPY;A2;08-05 11:28;2;08-05 11:28,08-05 11:29"
2026-08-05T11:39:00.000+01:00,"MAR1GSOPEN;EURJPY;A1;08-05 11:28;2;08-05 11:28,08-05 11:29"
2026-08-05T11:39:00.000+01:00,"MAR1GSOPEN;EURJPY;A2;08-05 11:28;2;08-05 11:28,08-05 11:29"
2026-08-05T11:40:00.000+01:00,"MAR1GSOPEN;EURJPY;A1;08-05 11:28;2;08-05 11:28,08-05 11:29"
2026-08-05T11:40:00.000+01:00,"MAR1GSOPEN;EURJPY;A2;08-05 11:28;2;08-05 11:28,08-05 11:29"
2026-08-05T11:41:00.000+01:00,"MAR1GSOPEN;EURJPY;A1;08-05 11:28;2;08-05 11:28,08-05 11:29"
2026-08-05T11:41:00.000+01:00,"MAR1GSOPEN;EURJPY;A2;08-05 11:28;2;08-05 11:28,08-05 11:29"
2026-08-05T11:42:00.000+01:00,"MAR1GSOPEN;EURJPY;A1;08-05 11:28;2;08-05 11:28,08-05 11:29"
2026-08-05T11:42:00.000+01:00,"MAR1GSOPEN;EURJPY;A2;08-05 11:28;2;08-05 11:28,08-05 11:29"
2026-08-05T11:43:00.000+01:00,"MAR1GSOPEN;EURJPY;A1;08-05 11:28;2;08-05 11:28,08-05 11:29"
2026-08-05T11:43:00.000+01:00,"MAR1GSOPEN;EURJPY;A2;08-05 11:28;2;08-05 11:28,08-05 11:29"
2026-08-05T11:44:00.000+01:00,"MAR1GSOPEN;EURJPY;A1;08-05 11:28;2;08-05 11:28,08-05 11:29"
2026-08-05T11:44:00.000+01:00,"MAR1GSOPEN;EURJPY;A2;08-05 11:28;2;08-05 11:28,08-05 11:29"
2026-08-05T11:45:00.000+01:00,"MAR1GSOPEN;EURJPY;A1;08-05 11:28;2;08-05 11:28,08-05 11:29"
2026-08-05T11:45:00.000+01:00,"MAR1GSOPEN;EURJPY;A2;08-05 11:28;2;08-05 11:28,08-05 11:29"
2026-08-05T11:46:00.000+01:00,"MAR1GSOPEN;EURJPY;A1;08-05 11:28;2;08-05 11:28,08-05 11:29"
2026-08-05T11:46:00.000+01:00,"MAR1GSOPEN;EURJPY;A2;08-05 11:28;2;08-05 11:28,08-05 11:29"
2026-08-05T11:47:00.000+01:00,"MAR1GSOPEN;EURJPY;A1;08-05 11:28;2;08-05 11:28,08-05 11:29"
2026-08-05T11:47:00.000+01:00,"MAR1GSOPEN;EURJPY;A2;08-05 11:28;2;08-05 11:28,08-05 11:29"
2026-08-05T11:48:00.000+01:00,"MAR1GSOPEN;EURJPY;A1;08-05 11:28;2;08-05 11:28,08-05 11:29"
2026-08-05T11:48:00.000+01:00,"MAR1GSOPEN;EURJPY;A2;08-05 11:28;2;08-05 11:28,08-05 11:29"
2026-08-05T11:49:00.000+01:00,"MAR1GSOPEN;EURJPY;A1;08-05 11:28;2;08-05 11:28,08-05 11:29"
2026-08-05T11:49:00.000+01:00,"MAR1GSOPEN;EURJPY;A2;08-05 11:28;2;08-05 11:28,08-05 11:29"
2026-08-05T11:50:00.000+01:00,"MAR1GSOPEN;EURJPY;A1;08-05 11:28;2;08-05 11:28,08-05 11:29"
2026-08-05T11:50:00.000+01:00,"MAR1GSOPEN;EURJPY;A2;08-05 11:28;2;08-05 11:28,08-05 11:29"
2026-08-05T11:51:00.000+01:00,"MAR1GSOPEN;EURJPY;A1;08-05 11:28;2;08-05 11:28,08-05 11:29"
2026-08-05T11:51:00.000+01:00,"MAR1GSOPEN;EURJPY;A2;08-05 11:28;2;08-05 11:28,08-05 11:29"
2026-08-05T11:52:00.000+01:00,"MAR1GSOPEN;EURJPY;A1;08-05 11:28;2;08-05 11:28,08-05 11:29"
2026-08-05T11:52:00.000+01:00,"MAR1GSOPEN;EURJPY;A2;08-05 11:28;2;08-05 11:28,08-05 11:29"
2026-08-05T11:53:00.000+01:00,"MAR1GSOPEN;EURJPY;A1;08-05 11:28;2;08-05 11:28,08-05 11:29"
2026-08-05T11:53:00.000+01:00,"MAR1GSOPEN;EURJPY;A2;08-05 11:28;2;08-05 11:28,08-05 11:29"
2026-08-05T11:54:00.000+01:00,"MAR1GSOPEN;EURJPY;A1;08-05 11:28;2;08-05 11:28,08-05 11:29"
2026-08-05T11:54:00.000+01:00,"MAR1GSOPEN;EURJPY;A2;08-05 11:28;2;08-05 11:28,08-05 11:29"
2026-08-05T11:55:00.000+01:00,"MAR1GSOPEN;EURJPY;A1;08-05 11:28;3;08-05 11:28,08-05 11:29,08-05 11:55"
2026-08-05T11:55:00.000+01:00,"MAR1GSOPEN;EURJPY;A2;08-05 11:28;3;08-05 11:28,08-05 11:29,08-05 11:55"
2026-08-05T11:55:00.000+01:00,MAR1GSOPEN;EURJPY;B1;08-05 11:55;0;
2026-08-05T11:55:00.000+01:00,MAR1GSOPEN;EURJPY;B2;08-05 11:55;0;
2026-08-05T11:55:00.000+01:00,MAR1GSOPEN;EURJPY;D1;08-05 11:55;0;
2026-08-05T11:56:00.000+01:00,"MAR1GSOPEN;EURJPY;A1;08-05 11:28;3;08-05 11:28,08-05 11:29,08-05 11:55"
2026-08-05T11:56:00.000+01:00,"MAR1GSOPEN;EURJPY;A2;08-05 11:28;3;08-05 11:28,08-05 11:29,08-05 11:55"
2026-08-05T11:56:00.000+01:00,MAR1GSOPEN;EURJPY;B1;08-05 11:55;0;
2026-08-05T11:56:00.000+01:00,MAR1GSOPEN;EURJPY;B2;08-05 11:55;0;
2026-08-05T11:56:00.000+01:00,MAR1GSOPEN;EURJPY;D1;08-05 11:55;0;
2026-08-05T11:57:00.000+01:00,"MAR1GSOPEN;EURJPY;A1;08-05 11:28;3;08-05 11:28,08-05 11:29,08-05 11:55"
2026-08-05T11:57:00.000+01:00,"MAR1GSOPEN;EURJPY;A2;08-05 11:28;3;08-05 11:28,08-05 11:29,08-05 11:55"
2026-08-05T11:57:00.000+01:00,MAR1GSOPEN;EURJPY;B1;08-05 11:55;0;
2026-08-05T11:57:00.000+01:00,MAR1GSOPEN;EURJPY;B2;08-05 11:55;0;
2026-08-05T11:57:00.000+01:00,MAR1GSOPEN;EURJPY;D1;08-05 11:55;0;
2026-08-05T11:58:00.000+01:00,"MAR1GSOPEN;EURJPY;A1;08-05 11:28;3;08-05 11:28,08-05 11:29,08-05 11:55"
2026-08-05T11:58:00.000+01:00,"MAR1GSOPEN;EURJPY;A2;08-05 11:28;3;08-05 11:28,08-05 11:29,08-05 11:55"
2026-08-05T11:58:00.000+01:00,MAR1GSOPEN;EURJPY;B1;08-05 11:55;0;
2026-08-05T11:58:00.000+01:00,MAR1GSOPEN;EURJPY;B2;08-05 11:55;0;
2026-08-05T11:58:00.000+01:00,MAR1GSOPEN;EURJPY;D1;08-05 11:55;0;
2026-08-05T11:59:00.000+01:00,"MAR1GSOPEN;EURJPY;A1;08-05 11:28;3;08-05 11:28,08-05 11:29,08-05 11:55"
2026-08-05T11:59:00.000+01:00,"MAR1GSOPEN;EURJPY;A2;08-05 11:28;3;08-05 11:28,08-05 11:29,08-05 11:55"
2026-08-05T11:59:00.000+01:00,MAR1GSOPEN;EURJPY;B1;08-05 11:55;0;
2026-08-05T11:59:00.000+01:00,MAR1GSOPEN;EURJPY;B2;08-05 11:55;0;
2026-08-05T11:59:00.000+01:00,MAR1GSOPEN;EURJPY;D1;08-05 11:55;0;
2026-08-05T12:00:00.000+01:00,"MAR1GSOPEN;EURJPY;A1;08-05 11:28;3;08-05 11:28,08-05 11:29,08-05 11:55"
2026-08-05T12:00:00.000+01:00,"MAR1GSOPEN;EURJPY;A2;08-05 11:28;3;08-05 11:28,08-05 11:29,08-05 11:55"
2026-08-05T12:00:00.000+01:00,MAR1GSOPEN;EURJPY;B1;08-05 11:55;0;
2026-08-05T12:00:00.000+01:00,MAR1GSOPEN;EURJPY;B2;08-05 11:55;0;
2026-08-05T12:00:00.000+01:00,MAR1GSOPEN;EURJPY;D1;08-05 11:55;0;
2026-08-05T12:01:00.000+01:00,"MAR1GSOPEN;EURJPY;A1;08-05 11:28;3;08-05 11:28,08-05 11:29,08-05 11:55"
2026-08-05T12:01:00.000+01:00,"MAR1GSOPEN;EURJPY;A2;08-05 11:28;3;08-05 11:28,08-05 11:29,08-05 11:55"
2026-08-05T12:01:00.000+01:00,MAR1GSOPEN;EURJPY;B1;08-05 11:55;0;
2026-08-05T12:01:00.000+01:00,MAR1GSOPEN;EURJPY;B2;08-05 11:55;0;
2026-08-05T12:01:00.000+01:00,MAR1GSOPEN;EURJPY;D1;08-05 11:55;0;
2026-08-05T12:02:00.000+01:00,"MAR1GSOPEN;EURJPY;A1;08-05 11:28;3;08-05 11:28,08-05 11:29,08-05 11:55"
2026-08-05T12:02:00.000+01:00,"MAR1GSOPEN;EURJPY;A2;08-05 11:28;3;08-05 11:28,08-05 11:29,08-05 11:55"
2026-08-05T12:02:00.000+01:00,MAR1GSOPEN;EURJPY;B1;08-05 11:55;0;
2026-08-05T12:02:00.000+01:00,MAR1GSOPEN;EURJPY;B2;08-05 11:55;0;
2026-08-05T12:02:00.000+01:00,MAR1GSOPEN;EURJPY;D1;08-05 11:55;0;
2026-08-05T12:03:00.000+01:00,"MAR1GSOPEN;EURJPY;A1;08-05 11:28;3;08-05 11:28,08-05 11:29,08-05 11:55"
2026-08-05T12:03:00.000+01:00,"MAR1GSOPEN;EURJPY;A2;08-05 11:28;3;08-05 11:28,08-05 11:29,08-05 11:55"
2026-08-05T12:03:00.000+01:00,MAR1GSOPEN;EURJPY;B1;08-05 11:55;0;
2026-08-05T12:03:00.000+01:00,MAR1GSOPEN;EURJPY;B2;08-05 11:55;0;
2026-08-05T12:03:00.000+01:00,MAR1GSOPEN;EURJPY;D1;08-05 11:55;0;
2026-08-05T12:04:00.000+01:00,"MAR1GSOPEN;EURJPY;A1;08-05 11:28;3;08-05 11:28,08-05 11:29,08-05 11:55"
2026-08-05T12:04:00.000+01:00,"MAR1GSOPEN;EURJPY;A2;08-05 11:28;3;08-05 11:28,08-05 11:29,08-05 11:55"
2026-08-05T12:04:00.000+01:00,MAR1GSOPEN;EURJPY;B1;08-05 11:55;0;
2026-08-05T12:04:00.000+01:00,MAR1GSOPEN;EURJPY;B2;08-05 11:55;0;
2026-08-05T12:04:00.000+01:00,MAR1GSOPEN;EURJPY;D1;08-05 11:55;0;
2026-08-05T12:05:00.000+01:00,"MAR1GSOPEN;EURJPY;A1;08-05 11:28;3;08-05 11:28,08-05 11:29,08-05 11:55"
2026-08-05T12:05:00.000+01:00,"MAR1GSOPEN;EURJPY;A2;08-05 11:28;3;08-05 11:28,08-05 11:29,08-05 11:55"
2026-08-05T12:05:00.000+01:00,MAR1GSOPEN;EURJPY;B1;08-05 11:55;0;
2026-08-05T12:05:00.000+01:00,MAR1GSOPEN;EURJPY;B2;08-05 11:55;0;
2026-08-05T12:05:00.000+01:00,MAR1GSOPEN;EURJPY;D1;08-05 11:55;0;
2026-08-05T12:06:00.000+01:00,"MAR1GSOPEN;EURJPY;A1;08-05 11:28;3;08-05 11:28,08-05 11:29,08-05 11:55"
2026-08-05T12:06:00.000+01:00,"MAR1GSOPEN;EURJPY;A2;08-05 11:28;3;08-05 11:28,08-05 11:29,08-05 11:55"
2026-08-05T12:06:00.000+01:00,MAR1GSOPEN;EURJPY;B1;08-05 11:55;0;
2026-08-05T12:06:00.000+01:00,MAR1GSOPEN;EURJPY;B2;08-05 11:55;0;
2026-08-05T12:06:00.000+01:00,MAR1GSOPEN;EURJPY;D1;08-05 11:55;0;
2026-08-05T12:07:00.000+01:00,"MAR1GSOPEN;EURJPY;A1;08-05 11:28;3;08-05 11:28,08-05 11:29,08-05 11:55"
2026-08-05T12:07:00.000+01:00,"MAR1GSOPEN;EURJPY;A2;08-05 11:28;3;08-05 11:28,08-05 11:29,08-05 11:55"
2026-08-05T12:07:00.000+01:00,MAR1GSOPEN;EURJPY;B1;08-05 11:55;0;
2026-08-05T12:07:00.000+01:00,MAR1GSOPEN;EURJPY;B2;08-05 11:55;0;
2026-08-05T12:07:00.000+01:00,MAR1GSOPEN;EURJPY;D1;08-05 11:55;0;
2026-08-05T12:08:00.000+01:00,"MAR1GSOPEN;EURJPY;A1;08-05 11:28;3;08-05 11:28,08-05 11:29,08-05 11:55"
2026-08-05T12:08:00.000+01:00,"MAR1GSOPEN;EURJPY;A2;08-05 11:28;3;08-05 11:28,08-05 11:29,08-05 11:55"
2026-08-05T12:08:00.000+01:00,MAR1GSOPEN;EURJPY;B1;08-05 11:55;0;
2026-08-05T12:08:00.000+01:00,MAR1GSOPEN;EURJPY;B2;08-05 11:55;0;
2026-08-05T12:08:00.000+01:00,MAR1GSOPEN;EURJPY;D1;08-05 11:55;0;
2026-08-05T12:09:00.000+01:00,"MAR1GSOPEN;EURJPY;A1;08-05 11:28;3;08-05 11:28,08-05 11:29,08-05 11:55"
2026-08-05T12:09:00.000+01:00,"MAR1GSOPEN;EURJPY;A2;08-05 11:28;3;08-05 11:28,08-05 11:29,08-05 11:55"
2026-08-05T12:09:00.000+01:00,MAR1GSOPEN;EURJPY;B1;08-05 11:55;0;
2026-08-05T12:09:00.000+01:00,MAR1GSOPEN;EURJPY;B2;08-05 11:55;0;
2026-08-05T12:09:00.000+01:00,MAR1GSOPEN;EURJPY;D1;08-05 11:55;0;
2026-08-05T12:10:00.000+01:00,"MAR1GSOPEN;EURJPY;A1;08-05 11:28;3;08-05 11:28,08-05 11:29,08-05 11:55"
2026-08-05T12:10:00.000+01:00,"MAR1GSOPEN;EURJPY;A2;08-05 11:28;3;08-05 11:28,08-05 11:29,08-05 11:55"
2026-08-05T12:10:00.000+01:00,MAR1GSOPEN;EURJPY;B1;08-05 11:55;0;
2026-08-05T12:10:00.000+01:00,MAR1GSOPEN;EURJPY;B2;08-05 11:55;0;
2026-08-05T12:10:00.000+01:00,MAR1GSOPEN;EURJPY;D1;08-05 11:55;0;
2026-08-05T12:11:00.000+01:00,"MAR1GSOPEN;EURJPY;A1;08-05 11:28;3;08-05 11:28,08-05 11:29,08-05 11:55"
2026-08-05T12:11:00.000+01:00,"MAR1GSOPEN;EURJPY;A2;08-05 11:28;3;08-05 11:28,08-05 11:29,08-05 11:55"
2026-08-05T12:11:00.000+01:00,MAR1GSOPEN;EURJPY;B1;08-05 11:55;0;
2026-08-05T12:11:00.000+01:00,MAR1GSOPEN;EURJPY;B2;08-05 11:55;0;
2026-08-05T12:11:00.000+01:00,MAR1GSOPEN;EURJPY;D1;08-05 11:55;0;
2026-08-05T12:12:00.000+01:00,"MAR1GSOPEN;EURJPY;A1;08-05 11:28;3;08-05 11:28,08-05 11:29,08-05 11:55"
2026-08-05T12:12:00.000+01:00,"MAR1GSOPEN;EURJPY;A2;08-05 11:28;3;08-05 11:28,08-05 11:29,08-05 11:55"
2026-08-05T12:12:00.000+01:00,MAR1GSOPEN;EURJPY;B1;08-05 11:55;0;
2026-08-05T12:12:00.000+01:00,MAR1GSOPEN;EURJPY;B2;08-05 11:55;0;
2026-08-05T12:12:00.000+01:00,MAR1GSOPEN;EURJPY;D1;08-05 11:55;0;
2026-08-05T12:13:00.000+01:00,"MAR1GSOPEN;EURJPY;A1;08-05 11:28;3;08-05 11:28,08-05 11:29,08-05 11:55"
2026-08-05T12:13:00.000+01:00,"MAR1GSOPEN;EURJPY;A2;08-05 11:28;3;08-05 11:28,08-05 11:29,08-05 11:55"
2026-08-05T12:13:00.000+01:00,MAR1GSOPEN;EURJPY;B1;08-05 11:55;0;
2026-08-05T12:13:00.000+01:00,MAR1GSOPEN;EURJPY;B2;08-05 11:55;0;
2026-08-05T12:13:00.000+01:00,MAR1GSOPEN;EURJPY;D1;08-05 11:55;0;
2026-08-05T12:14:00.000+01:00,"MAR1GSOPEN;EURJPY;A1;08-05 11:28;3;08-05 11:28,08-05 11:29,08-05 11:55"
2026-08-05T12:14:00.000+01:00,"MAR1GSOPEN;EURJPY;A2;08-05 11:28;3;08-05 11:28,08-05 11:29,08-05 11:55"
2026-08-05T12:14:00.000+01:00,MAR1GSOPEN;EURJPY;B1;08-05 11:55;0;
2026-08-05T12:14:00.000+01:00,MAR1GSOPEN;EURJPY;B2;08-05 11:55;0;
2026-08-05T12:14:00.000+01:00,MAR1GSOPEN;EURJPY;D1;08-05 11:55;0;
2026-08-05T12:15:00.000+01:00,"MAR1GSOPEN;EURJPY;A1;08-05 11:28;3;08-05 11:28,08-05 11:29,08-05 11:55"
2026-08-05T12:15:00.000+01:00,"MAR1GSOPEN;EURJPY;A2;08-05 11:28;3;08-05 11:28,08-05 11:29,08-05 11:55"
2026-08-05T12:15:00.000+01:00,MAR1GSOPEN;EURJPY;B1;08-05 11:55;0;
2026-08-05T12:15:00.000+01:00,MAR1GSOPEN;EURJPY;B2;08-05 11:55;0;
2026-08-05T12:15:00.000+01:00,MAR1GSOPEN;EURJPY;D1;08-05 11:55;0;
2026-08-05T12:16:00.000+01:00,"MAR1GSOPEN;EURJPY;A1;08-05 11:28;3;08-05 11:28,08-05 11:29,08-05 11:55"
2026-08-05T12:16:00.000+01:00,"MAR1GSOPEN;EURJPY;A2;08-05 11:28;3;08-05 11:28,08-05 11:29,08-05 11:55"
2026-08-05T12:16:00.000+01:00,MAR1GSOPEN;EURJPY;B1;08-05 11:55;0;
2026-08-05T12:16:00.000+01:00,MAR1GSOPEN;EURJPY;B2;08-05 11:55;0;
2026-08-05T12:16:00.000+01:00,MAR1GSOPEN;EURJPY;D1;08-05 11:55;0;
2026-08-05T12:17:00.000+01:00,"MAR1GSOPEN;EURJPY;A1;08-05 11:28;3;08-05 11:28,08-05 11:29,08-05 11:55"
2026-08-05T12:17:00.000+01:00,"MAR1GSOPEN;EURJPY;A2;08-05 11:28;3;08-05 11:28,08-05 11:29,08-05 11:55"
2026-08-05T12:17:00.000+01:00,MAR1GSOPEN;EURJPY;B1;08-05 11:55;0;
2026-08-05T12:17:00.000+01:00,MAR1GSOPEN;EURJPY;B2;08-05 11:55;0;
2026-08-05T12:17:00.000+01:00,MAR1GSOPEN;EURJPY;D1;08-05 11:55;0;
2026-08-05T12:18:00.000+01:00,"MAR1GSOPEN;EURJPY;A1;08-05 11:28;3;08-05 11:28,08-05 11:29,08-05 11:55"
2026-08-05T12:18:00.000+01:00,"MAR1GSOPEN;EURJPY;A2;08-05 11:28;3;08-05 11:28,08-05 11:29,08-05 11:55"
2026-08-05T12:18:00.000+01:00,MAR1GSOPEN;EURJPY;B1;08-05 11:55;0;
2026-08-05T12:18:00.000+01:00,MAR1GSOPEN;EURJPY;B2;08-05 11:55;0;
2026-08-05T12:18:00.000+01:00,MAR1GSOPEN;EURJPY;D1;08-05 11:55;0;
2026-08-05T12:19:00.000+01:00,"MAR1GSOPEN;EURJPY;A1;08-05 11:28;3;08-05 11:28,08-05 11:29,08-05 11:55"
2026-08-05T12:19:00.000+01:00,"MAR1GSOPEN;EURJPY;A2;08-05 11:28;3;08-05 11:28,08-05 11:29,08-05 11:55"
2026-08-05T12:19:00.000+01:00,MAR1GSOPEN;EURJPY;B1;08-05 11:55;0;
2026-08-05T12:19:00.000+01:00,MAR1GSOPEN;EURJPY;B2;08-05 11:55;0;
2026-08-05T12:19:00.000+01:00,MAR1GSOPEN;EURJPY;D1;08-05 11:55;0;
2026-08-05T12:20:00.000+01:00,"MAR1GSOPEN;EURJPY;A1;08-05 11:28;3;08-05 11:28,08-05 11:29,08-05 11:55"
2026-08-05T12:20:00.000+01:00,"MAR1GSOPEN;EURJPY;A2;08-05 11:28;3;08-05 11:28,08-05 11:29,08-05 11:55"
2026-08-05T12:20:00.000+01:00,MAR1GSOPEN;EURJPY;B1;08-05 11:55;0;
2026-08-05T12:20:00.000+01:00,MAR1GSOPEN;EURJPY;B2;08-05 11:55;0;
2026-08-05T12:20:00.000+01:00,MAR1GSOPEN;EURJPY;D1;08-05 11:55;0;
2026-08-05T12:21:00.000+01:00,"MAR1GSCLOSE;EURJPY;A1;08-05 11:28;08-05 12:22;4;short;08-05 11:28,08-05 11:29,08-05 11:55,08-05 12:21"
2026-08-05T12:21:00.000+01:00,"MAR1GSCLOSE;EURJPY;A2;08-05 11:28;08-05 12:22;4;short;08-05 11:28,08-05 11:29,08-05 11:55,08-05 12:21"
2026-08-05T12:21:00.000+01:00,MAR1GSCLOSE;EURJPY;B1;08-05 12:21;08-05 12:22;1;short;08-05 12:21
2026-08-05T12:21:00.000+01:00,MAR1GSCLOSE;EURJPY;B2;08-05 12:21;08-05 12:22;1;short;08-05 12:21
2026-08-05T12:21:00.000+01:00,MAR1GSCLOSE;EURJPY;D1;08-05 12:21;08-05 12:22;1;short;08-05 12:21
2026-08-05T16:17:00.000+01:00,MAR1GSOPEN;EURJPY;A1;08-05 16:17;0;
2026-08-05T16:17:00.000+01:00,MAR1GSOPEN;EURJPY;A2;08-05 16:17;0;
2026-08-05T16:18:00.000+01:00,MAR1GSOPEN;EURJPY;A1;08-05 16:17;0;
2026-08-05T16:18:00.000+01:00,MAR1GSOPEN;EURJPY;A2;08-05 16:17;0;
2026-08-05T16:19:00.000+01:00,MAR1GSOPEN;EURJPY;A1;08-05 16:17;0;
2026-08-05T16:19:00.000+01:00,MAR1GSOPEN;EURJPY;A2;08-05 16:17;0;
2026-08-05T16:20:00.000+01:00,MAR1GSOPEN;EURJPY;A1;08-05 16:17;0;
2026-08-05T16:20:00.000+01:00,MAR1GSOPEN;EURJPY;A2;08-05 16:17;0;
2026-08-05T16:21:00.000+01:00,MAR1GSOPEN;EURJPY;A1;08-05 16:17;0;
2026-08-05T16:21:00.000+01:00,MAR1GSOPEN;EURJPY;A2;08-05 16:17;0;
2026-08-05T16:22:00.000+01:00,MAR1GSOPEN;EURJPY;A1;08-05 16:17;0;
2026-08-05T16:22:00.000+01:00,MAR1GSOPEN;EURJPY;A2;08-05 16:17;0;
2026-08-05T16:23:00.000+01:00,MAR1GSOPEN;EURJPY;A1;08-05 16:17;0;
2026-08-05T16:23:00.000+01:00,MAR1GSOPEN;EURJPY;A2;08-05 16:17;0;
2026-08-05T16:24:00.000+01:00,MAR1GSOPEN;EURJPY;A1;08-05 16:17;0;
2026-08-05T16:24:00.000+01:00,MAR1GSOPEN;EURJPY;A2;08-05 16:17;0;
2026-08-05T16:25:00.000+01:00,MAR1GSOPEN;EURJPY;A1;08-05 16:17;0;
2026-08-05T16:25:00.000+01:00,MAR1GSOPEN;EURJPY;A2;08-05 16:17;0;
2026-08-05T16:26:00.000+01:00,MAR1GSOPEN;EURJPY;A1;08-05 16:17;0;
2026-08-05T16:26:00.000+01:00,MAR1GSOPEN;EURJPY;A2;08-05 16:17;0;
2026-08-05T16:27:00.000+01:00,MAR1GSOPEN;EURJPY;A1;08-05 16:17;0;
2026-08-05T16:27:00.000+01:00,MAR1GSOPEN;EURJPY;A2;08-05 16:17;0;
2026-08-05T16:28:00.000+01:00,MAR1GSOPEN;EURJPY;A1;08-05 16:17;0;
2026-08-05T16:28:00.000+01:00,MAR1GSOPEN;EURJPY;A2;08-05 16:17;0;
2026-08-05T16:29:00.000+01:00,MAR1GSOPEN;EURJPY;A1;08-05 16:17;0;
2026-08-05T16:29:00.000+01:00,MAR1GSOPEN;EURJPY;A2;08-05 16:17;0;
2026-08-05T16:30:00.000+01:00,MAR1GSOPEN;EURJPY;A1;08-05 16:17;0;
2026-08-05T16:30:00.000+01:00,MAR1GSOPEN;EURJPY;A2;08-05 16:17;0;
2026-08-05T16:31:00.000+01:00,MAR1GSOPEN;EURJPY;A1;08-05 16:17;0;
2026-08-05T16:31:00.000+01:00,MAR1GSOPEN;EURJPY;A2;08-05 16:17;0;
2026-08-05T16:32:00.000+01:00,MAR1GSOPEN;EURJPY;A1;08-05 16:17;0;
2026-08-05T16:32:00.000+01:00,MAR1GSOPEN;EURJPY;A2;08-05 16:17;0;
2026-08-05T16:33:00.000+01:00,MAR1GSOPEN;EURJPY;A1;08-05 16:17;0;
2026-08-05T16:33:00.000+01:00,MAR1GSOPEN;EURJPY;A2;08-05 16:17;0;
2026-08-05T16:34:00.000+01:00,MAR1GSOPEN;EURJPY;A1;08-05 16:17;0;
2026-08-05T16:34:00.000+01:00,MAR1GSOPEN;EURJPY;A2;08-05 16:17;0;
2026-08-05T16:35:00.000+01:00,MAR1GSOPEN;EURJPY;A1;08-05 16:17;0;
2026-08-05T16:35:00.000+01:00,MAR1GSOPEN;EURJPY;A2;08-05 16:17;0;
2026-08-05T16:36:00.000+01:00,MAR1GSOPEN;EURJPY;A1;08-05 16:17;0;
2026-08-05T16:36:00.000+01:00,MAR1GSOPEN;EURJPY;A2;08-05 16:17;0;
2026-08-05T16:37:00.000+01:00,MAR1GSOPEN;EURJPY;A1;08-05 16:17;0;
2026-08-05T16:37:00.000+01:00,MAR1GSOPEN;EURJPY;A2;08-05 16:17;0;
2026-08-05T16:38:00.000+01:00,MAR1GSOPEN;EURJPY;A1;08-05 16:17;0;
2026-08-05T16:38:00.000+01:00,MAR1GSOPEN;EURJPY;A2;08-05 16:17;0;
2026-08-05T16:39:00.000+01:00,MAR1GSOPEN;EURJPY;A1;08-05 16:17;0;
2026-08-05T16:39:00.000+01:00,MAR1GSOPEN;EURJPY;A2;08-05 16:17;0;
2026-08-05T16:40:00.000+01:00,MAR1GSOPEN;EURJPY;A1;08-05 16:17;0;
2026-08-05T16:40:00.000+01:00,MAR1GSOPEN;EURJPY;A2;08-05 16:17;0;
2026-08-05T16:41:00.000+01:00,MAR1GSCLOSE;EURJPY;A1;08-05 16:41;08-05 16:42;1;long;08-05 16:41
2026-08-05T16:41:00.000+01:00,MAR1GSCLOSE;EURJPY;A2;08-05 16:41;08-05 16:42;1;long;08-05 16:41
2026-08-05T17:37:00.000+01:00,MAR1GSOPEN;EURJPY;A1;08-05 17:37;0;
2026-08-05T17:37:00.000+01:00,MAR1GSOPEN;EURJPY;A2;08-05 17:37;0;
2026-08-05T17:38:00.000+01:00,MAR1GSOPEN;EURJPY;A1;08-05 17:37;0;
2026-08-05T17:38:00.000+01:00,MAR1GSOPEN;EURJPY;A2;08-05 17:37;0;
2026-08-05T17:39:00.000+01:00,MAR1GSOPEN;EURJPY;A1;08-05 17:37;0;
2026-08-05T17:39:00.000+01:00,MAR1GSOPEN;EURJPY;A2;08-05 17:37;0;
2026-08-05T17:40:00.000+01:00,MAR1GSOPEN;EURJPY;A1;08-05 17:37;0;
2026-08-05T17:40:00.000+01:00,MAR1GSOPEN;EURJPY;A2;08-05 17:37;0;
2026-08-05T17:41:00.000+01:00,MAR1GSOPEN;EURJPY;A1;08-05 17:37;0;
2026-08-05T17:41:00.000+01:00,MAR1GSOPEN;EURJPY;A2;08-05 17:37;0;
2026-08-05T17:42:00.000+01:00,MAR1GSOPEN;EURJPY;A1;08-05 17:37;0;
2026-08-05T17:42:00.000+01:00,MAR1GSOPEN;EURJPY;A2;08-05 17:37;0;
2026-08-05T17:43:00.000+01:00,MAR1GSOPEN;EURJPY;A1;08-05 17:37;0;
2026-08-05T17:43:00.000+01:00,MAR1GSOPEN;EURJPY;A2;08-05 17:37;0;
2026-08-05T17:44:00.000+01:00,MAR1GSOPEN;EURJPY;A1;08-05 17:37;0;
2026-08-05T17:44:00.000+01:00,MAR1GSOPEN;EURJPY;A2;08-05 17:37;0;
2026-08-05T17:45:00.000+01:00,MAR1GSOPEN;EURJPY;A1;08-05 17:37;0;
2026-08-05T17:45:00.000+01:00,MAR1GSOPEN;EURJPY;A2;08-05 17:37;0;
2026-08-05T17:46:00.000+01:00,MAR1GSOPEN;EURJPY;A1;08-05 17:37;0;
2026-08-05T17:46:00.000+01:00,MAR1GSOPEN;EURJPY;A2;08-05 17:37;0;
2026-08-05T17:47:00.000+01:00,MAR1GSOPEN;EURJPY;A1;08-05 17:37;0;
2026-08-05T17:47:00.000+01:00,MAR1GSOPEN;EURJPY;A2;08-05 17:37;0;
2026-08-05T17:48:00.000+01:00,MAR1GSOPEN;EURJPY;A1;08-05 17:37;0;
2026-08-05T17:48:00.000+01:00,MAR1GSOPEN;EURJPY;A2;08-05 17:37;0;
2026-08-05T17:49:00.000+01:00,MAR1GSOPEN;EURJPY;A1;08-05 17:37;0;
2026-08-05T17:49:00.000+01:00,MAR1GSOPEN;EURJPY;A2;08-05 17:37;0;
2026-08-05T17:50:00.000+01:00,MAR1GSOPEN;EURJPY;A1;08-05 17:37;0;
2026-08-05T17:50:00.000+01:00,MAR1GSOPEN;EURJPY;A2;08-05 17:37;0;
2026-08-05T17:51:00.000+01:00,MAR1GSOPEN;EURJPY;A1;08-05 17:37;0;
2026-08-05T17:51:00.000+01:00,MAR1GSOPEN;EURJPY;A2;08-05 17:37;0;
2026-08-05T17:52:00.000+01:00,MAR1GSOPEN;EURJPY;A1;08-05 17:37;0;
2026-08-05T17:52:00.000+01:00,MAR1GSOPEN;EURJPY;A2;08-05 17:37;0;
2026-08-05T17:53:00.000+01:00,MAR1GSOPEN;EURJPY;A1;08-05 17:37;0;
2026-08-05T17:53:00.000+01:00,MAR1GSOPEN;EURJPY;A2;08-05 17:37;0;
2026-08-05T17:54:00.000+01:00,MAR1GSOPEN;EURJPY;A1;08-05 17:37;0;
2026-08-05T17:54:00.000+01:00,MAR1GSOPEN;EURJPY;A2;08-05 17:37;0;
2026-08-05T17:55:00.000+01:00,MAR1GSOPEN;EURJPY;A1;08-05 17:37;0;
2026-08-05T17:55:00.000+01:00,MAR1GSOPEN;EURJPY;A2;08-05 17:37;0;
2026-08-05T17:56:00.000+01:00,MAR1GSOPEN;EURJPY;A1;08-05 17:37;0;
2026-08-05T17:56:00.000+01:00,MAR1GSOPEN;EURJPY;A2;08-05 17:37;0;
2026-08-05T17:57:00.000+01:00,MAR1GSCLOSE;EURJPY;A1;08-05 17:57;08-05 17:58;1;long;08-05 17:57
2026-08-05T17:57:00.000+01:00,MAR1GSCLOSE;EURJPY;A2;08-05 17:57;08-05 17:58;1;long;08-05 17:57
2026-08-06T10:34:00.000+01:00,MAR1GSOPEN;EURJPY;B1;08-06 10:34;0;
2026-08-06T10:34:00.000+01:00,MAR1GSOPEN;EURJPY;B2;08-06 10:34;0;
2026-08-06T10:35:00.000+01:00,MAR1GSOPEN;EURJPY;B1;08-06 10:34;0;
2026-08-06T10:35:00.000+01:00,MAR1GSOPEN;EURJPY;B2;08-06 10:34;0;
2026-08-06T10:36:00.000+01:00,MAR1GSOPEN;EURJPY;B1;08-06 10:34;0;
2026-08-06T10:36:00.000+01:00,MAR1GSOPEN;EURJPY;B2;08-06 10:34;0;
2026-08-06T10:37:00.000+01:00,MAR1GSOPEN;EURJPY;B1;08-06 10:34;0;
2026-08-06T10:37:00.000+01:00,MAR1GSOPEN;EURJPY;B2;08-06 10:34;0;
2026-08-06T10:38:00.000+01:00,MAR1GSOPEN;EURJPY;B1;08-06 10:34;0;
2026-08-06T10:38:00.000+01:00,MAR1GSOPEN;EURJPY;B2;08-06 10:34;0;
2026-08-06T10:39:00.000+01:00,MAR1GSOPEN;EURJPY;B1;08-06 10:34;0;
2026-08-06T10:39:00.000+01:00,MAR1GSOPEN;EURJPY;B2;08-06 10:34;0;
2026-08-06T10:40:00.000+01:00,MAR1GSOPEN;EURJPY;B1;08-06 10:34;0;
2026-08-06T10:40:00.000+01:00,MAR1GSOPEN;EURJPY;B2;08-06 10:34;0;
2026-08-06T10:41:00.000+01:00,MAR1GSOPEN;EURJPY;B1;08-06 10:34;0;
2026-08-06T10:41:00.000+01:00,MAR1GSOPEN;EURJPY;B2;08-06 10:34;0;
2026-08-06T10:42:00.000+01:00,MAR1GSOPEN;EURJPY;B1;08-06 10:34;0;
2026-08-06T10:42:00.000+01:00,MAR1GSOPEN;EURJPY;B2;08-06 10:34;0;
2026-08-06T10:43:00.000+01:00,MAR1GSOPEN;EURJPY;B1;08-06 10:34;0;
2026-08-06T10:43:00.000+01:00,MAR1GSOPEN;EURJPY;B2;08-06 10:34;0;
2026-08-06T10:44:00.000+01:00,MAR1GSOPEN;EURJPY;B1;08-06 10:34;0;
2026-08-06T10:44:00.000+01:00,MAR1GSOPEN;EURJPY;B2;08-06 10:34;0;
2026-08-06T10:45:00.000+01:00,MAR1GSOPEN;EURJPY;B1;08-06 10:34;0;
2026-08-06T10:45:00.000+01:00,MAR1GSOPEN;EURJPY;B2;08-06 10:34;0;
2026-08-06T10:46:00.000+01:00,MAR1GSOPEN;EURJPY;A1;08-06 10:46;0;
2026-08-06T10:46:00.000+01:00,MAR1GSOPEN;EURJPY;A2;08-06 10:46;0;
2026-08-06T10:46:00.000+01:00,MAR1GSOPEN;EURJPY;B1;08-06 10:46;1;08-06 10:46
2026-08-06T10:46:00.000+01:00,MAR1GSOPEN;EURJPY;B2;08-06 10:46;1;08-06 10:46
2026-08-06T10:46:00.000+01:00,MAR1GSOPEN;EURJPY;C1;08-06 10:46;0;
2026-08-06T10:46:00.000+01:00,MAR1GSOPEN;EURJPY;C2;08-06 10:46;0;
2026-08-06T10:47:00.000+01:00,MAR1GSOPEN;EURJPY;A1;08-06 10:46;0;
2026-08-06T10:47:00.000+01:00,MAR1GSOPEN;EURJPY;A2;08-06 10:46;0;
2026-08-06T10:47:00.000+01:00,MAR1GSOPEN;EURJPY;B1;08-06 10:46;1;08-06 10:46
2026-08-06T10:47:00.000+01:00,MAR1GSOPEN;EURJPY;B2;08-06 10:46;1;08-06 10:46
2026-08-06T10:47:00.000+01:00,MAR1GSOPEN;EURJPY;C1;08-06 10:46;0;
2026-08-06T10:47:00.000+01:00,MAR1GSOPEN;EURJPY;C2;08-06 10:46;0;
2026-08-06T10:48:00.000+01:00,MAR1GSOPEN;EURJPY;A1;08-06 10:46;0;
2026-08-06T10:48:00.000+01:00,MAR1GSOPEN;EURJPY;A2;08-06 10:46;0;
2026-08-06T10:48:00.000+01:00,MAR1GSOPEN;EURJPY;B1;08-06 10:46;1;08-06 10:46
2026-08-06T10:48:00.000+01:00,MAR1GSOPEN;EURJPY;B2;08-06 10:46;1;08-06 10:46
2026-08-06T10:48:00.000+01:00,MAR1GSOPEN;EURJPY;C1;08-06 10:46;0;
2026-08-06T10:48:00.000+01:00,MAR1GSOPEN;EURJPY;C2;08-06 10:46;0;
2026-08-06T10:49:00.000+01:00,MAR1GSOPEN;EURJPY;A1;08-06 10:46;0;
2026-08-06T10:49:00.000+01:00,MAR1GSOPEN;EURJPY;A2;08-06 10:46;0;
2026-08-06T10:49:00.000+01:00,MAR1GSOPEN;EURJPY;B1;08-06 10:46;1;08-06 10:46
2026-08-06T10:49:00.000+01:00,MAR1GSOPEN;EURJPY;B2;08-06 10:46;1;08-06 10:46
2026-08-06T10:49:00.000+01:00,MAR1GSOPEN;EURJPY;C1;08-06 10:46;0;
2026-08-06T10:49:00.000+01:00,MAR1GSOPEN;EURJPY;C2;08-06 10:46;0;
2026-08-06T10:50:00.000+01:00,MAR1GSOPEN;EURJPY;A1;08-06 10:46;0;
2026-08-06T10:50:00.000+01:00,MAR1GSOPEN;EURJPY;A2;08-06 10:46;0;
2026-08-06T10:50:00.000+01:00,MAR1GSOPEN;EURJPY;B1;08-06 10:46;1;08-06 10:46
2026-08-06T10:50:00.000+01:00,MAR1GSOPEN;EURJPY;B2;08-06 10:46;1;08-06 10:46
2026-08-06T10:50:00.000+01:00,MAR1GSOPEN;EURJPY;C1;08-06 10:46;0;
2026-08-06T10:50:00.000+01:00,MAR1GSOPEN;EURJPY;C2;08-06 10:46;0;
2026-08-06T10:51:00.000+01:00,MAR1GSOPEN;EURJPY;A1;08-06 10:46;0;
2026-08-06T10:51:00.000+01:00,MAR1GSOPEN;EURJPY;A2;08-06 10:46;0;
2026-08-06T10:51:00.000+01:00,MAR1GSOPEN;EURJPY;B1;08-06 10:46;1;08-06 10:46
2026-08-06T10:51:00.000+01:00,MAR1GSOPEN;EURJPY;B2;08-06 10:46;1;08-06 10:46
2026-08-06T10:51:00.000+01:00,MAR1GSOPEN;EURJPY;C1;08-06 10:46;0;
2026-08-06T10:51:00.000+01:00,MAR1GSOPEN;EURJPY;C2;08-06 10:46;0;
2026-08-06T10:52:00.000+01:00,MAR1GSOPEN;EURJPY;A1;08-06 10:46;0;
2026-08-06T10:52:00.000+01:00,MAR1GSOPEN;EURJPY;A2;08-06 10:46;0;
2026-08-06T10:52:00.000+01:00,MAR1GSOPEN;EURJPY;B1;08-06 10:46;1;08-06 10:46
2026-08-06T10:52:00.000+01:00,MAR1GSOPEN;EURJPY;B2;08-06 10:46;1;08-06 10:46
2026-08-06T10:52:00.000+01:00,MAR1GSOPEN;EURJPY;C1;08-06 10:46;0;
2026-08-06T10:52:00.000+01:00,MAR1GSOPEN;EURJPY;C2;08-06 10:46;0;
2026-08-06T10:53:00.000+01:00,MAR1GSOPEN;EURJPY;A1;08-06 10:53;1;08-06 10:53
2026-08-06T10:53:00.000+01:00,MAR1GSOPEN;EURJPY;A2;08-06 10:53;1;08-06 10:53
2026-08-06T10:53:00.000+01:00,MAR1GSOPEN;EURJPY;B1;08-06 10:46;1;08-06 10:46
2026-08-06T10:53:00.000+01:00,MAR1GSOPEN;EURJPY;B2;08-06 10:46;1;08-06 10:46
2026-08-06T10:53:00.000+01:00,MAR1GSOPEN;EURJPY;C1;08-06 10:46;0;
2026-08-06T10:53:00.000+01:00,MAR1GSOPEN;EURJPY;C2;08-06 10:46;0;
2026-08-06T10:54:00.000+01:00,"MAR1GSCLOSE;EURJPY;A1;08-06 10:53;08-06 10:55;2;short;08-06 10:53,08-06 10:54"
2026-08-06T10:54:00.000+01:00,"MAR1GSCLOSE;EURJPY;A2;08-06 10:53;08-06 10:55;2;short;08-06 10:53,08-06 10:54"
2026-08-06T10:54:00.000+01:00,MAR1GSOPEN;EURJPY;B1;08-06 10:46;1;08-06 10:46
2026-08-06T10:54:00.000+01:00,MAR1GSOPEN;EURJPY;B2;08-06 10:46;1;08-06 10:46
2026-08-06T10:54:00.000+01:00,MAR1GSOPEN;EURJPY;C1;08-06 10:46;0;
2026-08-06T10:54:00.000+01:00,MAR1GSOPEN;EURJPY;C2;08-06 10:46;0;
2026-08-06T10:55:00.000+01:00,MAR1GSOPEN;EURJPY;B1;08-06 10:46;1;08-06 10:46
2026-08-06T10:55:00.000+01:00,MAR1GSOPEN;EURJPY;B2;08-06 10:46;1;08-06 10:46
2026-08-06T10:55:00.000+01:00,MAR1GSOPEN;EURJPY;C1;08-06 10:46;0;
2026-08-06T10:55:00.000+01:00,MAR1GSOPEN;EURJPY;C2;08-06 10:46;0;
2026-08-06T10:56:00.000+01:00,MAR1GSOPEN;EURJPY;B1;08-06 10:46;1;08-06 10:46
2026-08-06T10:56:00.000+01:00,MAR1GSOPEN;EURJPY;B2;08-06 10:46;1;08-06 10:46
2026-08-06T10:56:00.000+01:00,MAR1GSOPEN;EURJPY;C1;08-06 10:46;0;
2026-08-06T10:56:00.000+01:00,MAR1GSOPEN;EURJPY;C2;08-06 10:46;0;
2026-08-06T10:57:00.000+01:00,MAR1GSOPEN;EURJPY;B1;08-06 10:46;1;08-06 10:46
2026-08-06T10:57:00.000+01:00,MAR1GSOPEN;EURJPY;B2;08-06 10:46;1;08-06 10:46
2026-08-06T10:57:00.000+01:00,MAR1GSOPEN;EURJPY;C1;08-06 10:46;0;
2026-08-06T10:57:00.000+01:00,MAR1GSOPEN;EURJPY;C2;08-06 10:46;0;
2026-08-06T10:58:00.000+01:00,MAR1GSOPEN;EURJPY;B1;08-06 10:46;1;08-06 10:46
2026-08-06T10:58:00.000+01:00,MAR1GSOPEN;EURJPY;B2;08-06 10:46;1;08-06 10:46
2026-08-06T10:58:00.000+01:00,MAR1GSOPEN;EURJPY;C1;08-06 10:46;0;
2026-08-06T10:58:00.000+01:00,MAR1GSOPEN;EURJPY;C2;08-06 10:46;0;
2026-08-06T10:59:00.000+01:00,MAR1GSOPEN;EURJPY;B1;08-06 10:46;1;08-06 10:46
2026-08-06T10:59:00.000+01:00,MAR1GSOPEN;EURJPY;B2;08-06 10:46;1;08-06 10:46
2026-08-06T10:59:00.000+01:00,MAR1GSOPEN;EURJPY;C1;08-06 10:46;0;
2026-08-06T10:59:00.000+01:00,MAR1GSOPEN;EURJPY;C2;08-06 10:46;0;
2026-08-06T11:00:00.000+01:00,MAR1GSOPEN;EURJPY;B1;08-06 10:46;1;08-06 10:46
2026-08-06T11:00:00.000+01:00,MAR1GSOPEN;EURJPY;B2;08-06 10:46;1;08-06 10:46
2026-08-06T11:00:00.000+01:00,MAR1GSOPEN;EURJPY;C1;08-06 10:46;0;
2026-08-06T11:00:00.000+01:00,MAR1GSOPEN;EURJPY;C2;08-06 10:46;0;
2026-08-06T11:01:00.000+01:00,MAR1GSOPEN;EURJPY;B1;08-06 10:46;1;08-06 10:46
2026-08-06T11:01:00.000+01:00,MAR1GSOPEN;EURJPY;B2;08-06 10:46;1;08-06 10:46
2026-08-06T11:01:00.000+01:00,MAR1GSOPEN;EURJPY;C1;08-06 10:46;0;
2026-08-06T11:01:00.000+01:00,MAR1GSOPEN;EURJPY;C2;08-06 10:46;0;
2026-08-06T11:02:00.000+01:00,MAR1GSOPEN;EURJPY;B1;08-06 10:46;1;08-06 10:46
2026-08-06T11:02:00.000+01:00,MAR1GSOPEN;EURJPY;B2;08-06 10:46;1;08-06 10:46
2026-08-06T11:02:00.000+01:00,MAR1GSOPEN;EURJPY;C1;08-06 10:46;0;
2026-08-06T11:02:00.000+01:00,MAR1GSOPEN;EURJPY;C2;08-06 10:46;0;
2026-08-06T11:03:00.000+01:00,MAR1GSOPEN;EURJPY;B1;08-06 10:46;1;08-06 10:46
2026-08-06T11:03:00.000+01:00,MAR1GSOPEN;EURJPY;B2;08-06 10:46;1;08-06 10:46
2026-08-06T11:03:00.000+01:00,MAR1GSOPEN;EURJPY;C1;08-06 10:46;0;
2026-08-06T11:03:00.000+01:00,MAR1GSOPEN;EURJPY;C2;08-06 10:46;0;
2026-08-06T11:04:00.000+01:00,MAR1GSOPEN;EURJPY;B1;08-06 10:46;1;08-06 10:46
2026-08-06T11:04:00.000+01:00,MAR1GSOPEN;EURJPY;B2;08-06 10:46;1;08-06 10:46
2026-08-06T11:04:00.000+01:00,MAR1GSOPEN;EURJPY;C1;08-06 10:46;0;
2026-08-06T11:04:00.000+01:00,MAR1GSOPEN;EURJPY;C2;08-06 10:46;0;
2026-08-06T11:05:00.000+01:00,MAR1GSOPEN;EURJPY;B1;08-06 10:46;1;08-06 10:46
2026-08-06T11:05:00.000+01:00,MAR1GSOPEN;EURJPY;B2;08-06 10:46;1;08-06 10:46
2026-08-06T11:05:00.000+01:00,MAR1GSOPEN;EURJPY;C1;08-06 10:46;0;
2026-08-06T11:05:00.000+01:00,MAR1GSOPEN;EURJPY;C2;08-06 10:46;0;
2026-08-06T11:06:00.000+01:00,MAR1GSOPEN;EURJPY;B1;08-06 10:46;1;08-06 10:46
2026-08-06T11:06:00.000+01:00,MAR1GSOPEN;EURJPY;B2;08-06 10:46;1;08-06 10:46
2026-08-06T11:06:00.000+01:00,MAR1GSOPEN;EURJPY;C1;08-06 10:46;0;
2026-08-06T11:06:00.000+01:00,MAR1GSOPEN;EURJPY;C2;08-06 10:46;0;
2026-08-06T11:07:00.000+01:00,MAR1GSOPEN;EURJPY;B1;08-06 10:46;1;08-06 10:46
2026-08-06T11:07:00.000+01:00,MAR1GSOPEN;EURJPY;B2;08-06 10:46;1;08-06 10:46
2026-08-06T11:07:00.000+01:00,MAR1GSOPEN;EURJPY;C1;08-06 10:46;0;
2026-08-06T11:07:00.000+01:00,MAR1GSOPEN;EURJPY;C2;08-06 10:46;0;
2026-08-06T11:08:00.000+01:00,MAR1GSOPEN;EURJPY;B1;08-06 10:46;1;08-06 10:46
2026-08-06T11:08:00.000+01:00,MAR1GSOPEN;EURJPY;B2;08-06 10:46;1;08-06 10:46
2026-08-06T11:08:00.000+01:00,MAR1GSOPEN;EURJPY;C1;08-06 10:46;0;
2026-08-06T11:08:00.000+01:00,MAR1GSOPEN;EURJPY;C2;08-06 10:46;0;
2026-08-06T11:09:00.000+01:00,MAR1GSOPEN;EURJPY;B1;08-06 10:46;1;08-06 10:46
2026-08-06T11:09:00.000+01:00,MAR1GSOPEN;EURJPY;B2;08-06 10:46;1;08-06 10:46
2026-08-06T11:09:00.000+01:00,MAR1GSOPEN;EURJPY;C1;08-06 10:46;0;
2026-08-06T11:09:00.000+01:00,MAR1GSOPEN;EURJPY;C2;08-06 10:46;0;
2026-08-06T11:10:00.000+01:00,MAR1GSOPEN;EURJPY;B1;08-06 10:46;1;08-06 10:46
2026-08-06T11:10:00.000+01:00,MAR1GSOPEN;EURJPY;B2;08-06 10:46;1;08-06 10:46
2026-08-06T11:10:00.000+01:00,MAR1GSOPEN;EURJPY;C1;08-06 10:46;0;
2026-08-06T11:10:00.000+01:00,MAR1GSOPEN;EURJPY;C2;08-06 10:46;0;
2026-08-06T11:11:00.000+01:00,MAR1GSOPEN;EURJPY;B1;08-06 10:46;1;08-06 10:46
2026-08-06T11:11:00.000+01:00,MAR1GSOPEN;EURJPY;B2;08-06 10:46;1;08-06 10:46
2026-08-06T11:11:00.000+01:00,MAR1GSOPEN;EURJPY;C1;08-06 10:46;0;
2026-08-06T11:11:00.000+01:00,MAR1GSOPEN;EURJPY;C2;08-06 10:46;0;
2026-08-06T11:12:00.000+01:00,MAR1GSOPEN;EURJPY;B1;08-06 10:46;1;08-06 10:46
2026-08-06T11:12:00.000+01:00,MAR1GSOPEN;EURJPY;B2;08-06 10:46;1;08-06 10:46
2026-08-06T11:12:00.000+01:00,MAR1GSOPEN;EURJPY;C1;08-06 10:46;0;
2026-08-06T11:12:00.000+01:00,MAR1GSOPEN;EURJPY;C2;08-06 10:46;0;
2026-08-06T11:13:00.000+01:00,MAR1GSOPEN;EURJPY;B1;08-06 10:46;1;08-06 10:46
2026-08-06T11:13:00.000+01:00,MAR1GSOPEN;EURJPY;B2;08-06 10:46;1;08-06 10:46
2026-08-06T11:13:00.000+01:00,MAR1GSOPEN;EURJPY;C1;08-06 10:46;0;
2026-08-06T11:13:00.000+01:00,MAR1GSOPEN;EURJPY;C2;08-06 10:46;0;
2026-08-06T11:14:00.000+01:00,MAR1GSOPEN;EURJPY;B1;08-06 10:46;1;08-06 10:46
2026-08-06T11:14:00.000+01:00,MAR1GSOPEN;EURJPY;B2;08-06 10:46;1;08-06 10:46
2026-08-06T11:14:00.000+01:00,MAR1GSOPEN;EURJPY;C1;08-06 10:46;0;
2026-08-06T11:14:00.000+01:00,MAR1GSOPEN;EURJPY;C2;08-06 10:46;0;
2026-08-06T11:15:00.000+01:00,MAR1GSOPEN;EURJPY;B1;08-06 10:46;1;08-06 10:46
2026-08-06T11:15:00.000+01:00,MAR1GSOPEN;EURJPY;B2;08-06 10:46;1;08-06 10:46
2026-08-06T11:15:00.000+01:00,MAR1GSOPEN;EURJPY;C1;08-06 10:46;0;
2026-08-06T11:15:00.000+01:00,MAR1GSOPEN;EURJPY;C2;08-06 10:46;0;
2026-08-06T11:16:00.000+01:00,MAR1GSOPEN;EURJPY;B1;08-06 10:46;1;08-06 10:46
2026-08-06T11:16:00.000+01:00,MAR1GSOPEN;EURJPY;B2;08-06 10:46;1;08-06 10:46
2026-08-06T11:16:00.000+01:00,MAR1GSOPEN;EURJPY;C1;08-06 10:46;0;
2026-08-06T11:16:00.000+01:00,MAR1GSOPEN;EURJPY;C2;08-06 10:46;0;
2026-08-06T11:17:00.000+01:00,MAR1GSOPEN;EURJPY;B1;08-06 10:46;1;08-06 10:46
2026-08-06T11:17:00.000+01:00,MAR1GSOPEN;EURJPY;B2;08-06 10:46;1;08-06 10:46
2026-08-06T11:17:00.000+01:00,MAR1GSOPEN;EURJPY;C1;08-06 10:46;0;
2026-08-06T11:17:00.000+01:00,MAR1GSOPEN;EURJPY;C2;08-06 10:46;0;
2026-08-06T11:18:00.000+01:00,MAR1GSOPEN;EURJPY;B1;08-06 10:46;1;08-06 10:46
2026-08-06T11:18:00.000+01:00,MAR1GSOPEN;EURJPY;B2;08-06 10:46;1;08-06 10:46
2026-08-06T11:18:00.000+01:00,MAR1GSOPEN;EURJPY;C1;08-06 10:46;0;
2026-08-06T11:18:00.000+01:00,MAR1GSOPEN;EURJPY;C2;08-06 10:46;0;
2026-08-06T11:19:00.000+01:00,MAR1GSOPEN;EURJPY;B1;08-06 10:46;1;08-06 10:46
2026-08-06T11:19:00.000+01:00,MAR1GSOPEN;EURJPY;B2;08-06 10:46;1;08-06 10:46
2026-08-06T11:19:00.000+01:00,MAR1GSOPEN;EURJPY;C1;08-06 10:46;0;
2026-08-06T11:19:00.000+01:00,MAR1GSOPEN;EURJPY;C2;08-06 10:46;0;
2026-08-06T11:20:00.000+01:00,MAR1GSOPEN;EURJPY;B1;08-06 10:46;1;08-06 10:46
2026-08-06T11:20:00.000+01:00,MAR1GSOPEN;EURJPY;B2;08-06 10:46;1;08-06 10:46
2026-08-06T11:20:00.000+01:00,MAR1GSOPEN;EURJPY;C1;08-06 10:46;0;
2026-08-06T11:20:00.000+01:00,MAR1GSOPEN;EURJPY;C2;08-06 10:46;0;
2026-08-06T11:21:00.000+01:00,MAR1GSOPEN;EURJPY;B1;08-06 10:46;1;08-06 10:46
2026-08-06T11:21:00.000+01:00,MAR1GSOPEN;EURJPY;B2;08-06 10:46;1;08-06 10:46
2026-08-06T11:21:00.000+01:00,MAR1GSOPEN;EURJPY;C1;08-06 10:46;0;
2026-08-06T11:21:00.000+01:00,MAR1GSOPEN;EURJPY;C2;08-06 10:46;0;
2026-08-06T11:22:00.000+01:00,MAR1GSOPEN;EURJPY;B1;08-06 10:46;1;08-06 10:46
2026-08-06T11:22:00.000+01:00,MAR1GSOPEN;EURJPY;B2;08-06 10:46;1;08-06 10:46
2026-08-06T11:22:00.000+01:00,MAR1GSOPEN;EURJPY;C1;08-06 10:46;0;
2026-08-06T11:22:00.000+01:00,MAR1GSOPEN;EURJPY;C2;08-06 10:46;0;
2026-08-06T11:23:00.000+01:00,MAR1GSOPEN;EURJPY;B1;08-06 10:46;1;08-06 10:46
2026-08-06T11:23:00.000+01:00,MAR1GSOPEN;EURJPY;B2;08-06 10:46;1;08-06 10:46
2026-08-06T11:23:00.000+01:00,MAR1GSOPEN;EURJPY;C1;08-06 10:46;0;
2026-08-06T11:23:00.000+01:00,MAR1GSOPEN;EURJPY;C2;08-06 10:46;0;
2026-08-06T11:24:00.000+01:00,MAR1GSOPEN;EURJPY;B1;08-06 10:46;1;08-06 10:46
2026-08-06T11:24:00.000+01:00,MAR1GSOPEN;EURJPY;B2;08-06 10:46;1;08-06 10:46
2026-08-06T11:24:00.000+01:00,MAR1GSOPEN;EURJPY;C1;08-06 10:46;0;
2026-08-06T11:24:00.000+01:00,MAR1GSOPEN;EURJPY;C2;08-06 10:46;0;
2026-08-06T11:25:00.000+01:00,MAR1GSOPEN;EURJPY;B1;08-06 10:46;1;08-06 10:46
2026-08-06T11:25:00.000+01:00,MAR1GSOPEN;EURJPY;B2;08-06 10:46;1;08-06 10:46
2026-08-06T11:25:00.000+01:00,MAR1GSOPEN;EURJPY;C1;08-06 10:46;0;
2026-08-06T11:25:00.000+01:00,MAR1GSOPEN;EURJPY;C2;08-06 10:46;0;
2026-08-06T11:26:00.000+01:00,"MAR1GSCLOSE;EURJPY;B1;08-06 10:46;08-06 11:27;2;long;08-06 10:46,08-06 11:26"
2026-08-06T11:26:00.000+01:00,"MAR1GSCLOSE;EURJPY;B2;08-06 10:46;08-06 11:27;2;long;08-06 10:46,08-06 11:26"
2026-08-06T11:26:00.000+01:00,MAR1GSCLOSE;EURJPY;C1;08-06 11:26;08-06 11:27;1;long;08-06 11:26
2026-08-06T11:26:00.000+01:00,MAR1GSCLOSE;EURJPY;C2;08-06 11:26;08-06 11:27;1;long;08-06 11:26
2026-08-06T13:56:00.000+01:00,MAR1GSOPEN;EURJPY;A1;08-06 13:56;0;
2026-08-06T13:56:00.000+01:00,MAR1GSOPEN;EURJPY;A2;08-06 13:56;0;
2026-08-06T13:57:00.000+01:00,MAR1GSOPEN;EURJPY;A1;08-06 13:56;0;
2026-08-06T13:57:00.000+01:00,MAR1GSOPEN;EURJPY;A2;08-06 13:56;0;
2026-08-06T13:58:00.000+01:00,MAR1GSOPEN;EURJPY;A1;08-06 13:56;0;
2026-08-06T13:58:00.000+01:00,MAR1GSOPEN;EURJPY;A2;08-06 13:56;0;
2026-08-06T13:59:00.000+01:00,MAR1GSOPEN;EURJPY;A1;08-06 13:56;0;
2026-08-06T13:59:00.000+01:00,MAR1GSOPEN;EURJPY;A2;08-06 13:56;0;
2026-08-06T14:00:00.000+01:00,MAR1GSOPEN;EURJPY;A1;08-06 13:56;0;
2026-08-06T14:00:00.000+01:00,MAR1GSOPEN;EURJPY;A2;08-06 13:56;0;
2026-08-06T14:01:00.000+01:00,MAR1GSOPEN;EURJPY;A1;08-06 13:56;0;
2026-08-06T14:01:00.000+01:00,MAR1GSOPEN;EURJPY;A2;08-06 13:56;0;
2026-08-06T14:02:00.000+01:00,MAR1GSOPEN;EURJPY;A1;08-06 13:56;0;
2026-08-06T14:02:00.000+01:00,MAR1GSOPEN;EURJPY;A2;08-06 13:56;0;
2026-08-06T14:03:00.000+01:00,MAR1GSOPEN;EURJPY;A1;08-06 13:56;0;
2026-08-06T14:03:00.000+01:00,MAR1GSOPEN;EURJPY;A2;08-06 13:56;0;
2026-08-06T14:04:00.000+01:00,MAR1GSOPEN;EURJPY;A1;08-06 13:56;0;
2026-08-06T14:04:00.000+01:00,MAR1GSOPEN;EURJPY;A2;08-06 13:56;0;
2026-08-06T14:05:00.000+01:00,MAR1GSOPEN;EURJPY;A1;08-06 13:56;0;
2026-08-06T14:05:00.000+01:00,MAR1GSOPEN;EURJPY;A2;08-06 13:56;0;
2026-08-06T14:06:00.000+01:00,MAR1GSOPEN;EURJPY;A1;08-06 13:56;0;
2026-08-06T14:06:00.000+01:00,MAR1GSOPEN;EURJPY;A2;08-06 13:56;0;
2026-08-06T14:07:00.000+01:00,MAR1GSOPEN;EURJPY;A1;08-06 13:56;0;
2026-08-06T14:07:00.000+01:00,MAR1GSOPEN;EURJPY;A2;08-06 13:56;0;
2026-08-06T14:08:00.000+01:00,MAR1GSOPEN;EURJPY;A1;08-06 13:56;0;
2026-08-06T14:08:00.000+01:00,MAR1GSOPEN;EURJPY;A2;08-06 13:56;0;
2026-08-06T14:09:00.000+01:00,MAR1GSOPEN;EURJPY;A1;08-06 13:56;0;
2026-08-06T14:09:00.000+01:00,MAR1GSOPEN;EURJPY;A2;08-06 13:56;0;
2026-08-06T14:10:00.000+01:00,MAR1GSOPEN;EURJPY;A1;08-06 13:56;0;
2026-08-06T14:10:00.000+01:00,MAR1GSOPEN;EURJPY;A2;08-06 13:56;0;
2026-08-06T14:11:00.000+01:00,MAR1GSOPEN;EURJPY;A1;08-06 13:56;0;
2026-08-06T14:11:00.000+01:00,MAR1GSOPEN;EURJPY;A2;08-06 13:56;0;
2026-08-06T14:12:00.000+01:00,MAR1GSOPEN;EURJPY;A1;08-06 13:56;0;
2026-08-06T14:12:00.000+01:00,MAR1GSOPEN;EURJPY;A2;08-06 13:56;0;
2026-08-06T14:13:00.000+01:00,MAR1GSOPEN;EURJPY;A1;08-06 13:56;0;
2026-08-06T14:13:00.000+01:00,MAR1GSOPEN;EURJPY;A2;08-06 13:56;0;
2026-08-06T14:14:00.000+01:00,MAR1GSOPEN;EURJPY;A1;08-06 13:56;0;
2026-08-06T14:14:00.000+01:00,MAR1GSOPEN;EURJPY;A2;08-06 13:56;0;
2026-08-06T14:15:00.000+01:00,MAR1GSOPEN;EURJPY;A1;08-06 13:56;0;
2026-08-06T14:15:00.000+01:00,MAR1GSOPEN;EURJPY;A2;08-06 13:56;0;
2026-08-06T14:16:00.000+01:00,MAR1GSOPEN;EURJPY;A1;08-06 13:56;0;
2026-08-06T14:16:00.000+01:00,MAR1GSOPEN;EURJPY;A2;08-06 13:56;0;
2026-08-06T14:17:00.000+01:00,MAR1GSOPEN;EURJPY;A1;08-06 13:56;0;
2026-08-06T14:17:00.000+01:00,MAR1GSOPEN;EURJPY;A2;08-06 13:56;0;
2026-08-06T14:18:00.000+01:00,MAR1GSOPEN;EURJPY;A1;08-06 13:56;0;
2026-08-06T14:18:00.000+01:00,MAR1GSOPEN;EURJPY;A2;08-06 13:56;0;
2026-08-06T14:19:00.000+01:00,MAR1GSOPEN;EURJPY;A1;08-06 13:56;0;
2026-08-06T14:19:00.000+01:00,MAR1GSOPEN;EURJPY;A2;08-06 13:56;0;
2026-08-06T14:20:00.000+01:00,MAR1GSOPEN;EURJPY;A1;08-06 13:56;0;
2026-08-06T14:20:00.000+01:00,MAR1GSOPEN;EURJPY;A2;08-06 13:56;0;
2026-08-06T14:21:00.000+01:00,MAR1GSOPEN;EURJPY;A1;08-06 13:56;0;
2026-08-06T14:21:00.000+01:00,MAR1GSOPEN;EURJPY;A2;08-06 13:56;0;
2026-08-06T14:22:00.000+01:00,MAR1GSOPEN;EURJPY;A1;08-06 13:56;0;
2026-08-06T14:22:00.000+01:00,MAR1GSOPEN;EURJPY;A2;08-06 13:56;0;
2026-08-06T14:23:00.000+01:00,MAR1GSOPEN;EURJPY;A1;08-06 13:56;0;
2026-08-06T14:23:00.000+01:00,MAR1GSOPEN;EURJPY;A2;08-06 13:56;0;
2026-08-06T14:24:00.000+01:00,MAR1GSOPEN;EURJPY;A1;08-06 13:56;0;
2026-08-06T14:24:00.000+01:00,MAR1GSOPEN;EURJPY;A2;08-06 13:56;0;
2026-08-06T14:25:00.000+01:00,MAR1GSOPEN;EURJPY;A1;08-06 13:56;0;
2026-08-06T14:25:00.000+01:00,MAR1GSOPEN;EURJPY;A2;08-06 13:56;0;
2026-08-06T14:26:00.000+01:00,MAR1GSOPEN;EURJPY;A1;08-06 13:56;0;
2026-08-06T14:26:00.000+01:00,MAR1GSOPEN;EURJPY;A2;08-06 13:56;0;
2026-08-06T14:27:00.000+01:00,MAR1GSOPEN;EURJPY;A1;08-06 13:56;0;
2026-08-06T14:27:00.000+01:00,MAR1GSOPEN;EURJPY;A2;08-06 13:56;0;
2026-08-06T14:28:00.000+01:00,MAR1GSOPEN;EURJPY;A1;08-06 13:56;0;
2026-08-06T14:28:00.000+01:00,MAR1GSOPEN;EURJPY;A2;08-06 13:56;0;
2026-08-06T14:29:00.000+01:00,MAR1GSOPEN;EURJPY;A1;08-06 13:56;0;
2026-08-06T14:29:00.000+01:00,MAR1GSOPEN;EURJPY;A2;08-06 13:56;0;
2026-08-06T14:30:00.000+01:00,MAR1GSOPEN;EURJPY;A1;08-06 13:56;0;
2026-08-06T14:30:00.000+01:00,MAR1GSOPEN;EURJPY;A2;08-06 13:56;0;
2026-08-06T14:31:00.000+01:00,MAR1GSOPEN;EURJPY;A1;08-06 13:56;0;
2026-08-06T14:31:00.000+01:00,MAR1GSOPEN;EURJPY;A2;08-06 13:56;0;
2026-08-06T14:32:00.000+01:00,MAR1GSOPEN;EURJPY;A1;08-06 13:56;0;
2026-08-06T14:32:00.000+01:00,MAR1GSOPEN;EURJPY;A2;08-06 13:56;0;
2026-08-06T14:33:00.000+01:00,MAR1GSOPEN;EURJPY;A1;08-06 13:56;0;
2026-08-06T14:33:00.000+01:00,MAR1GSOPEN;EURJPY;A2;08-06 13:56;0;
2026-08-06T14:34:00.000+01:00,MAR1GSOPEN;EURJPY;A1;08-06 13:56;0;
2026-08-06T14:34:00.000+01:00,MAR1GSOPEN;EURJPY;A2;08-06 13:56;0;
2026-08-06T14:35:00.000+01:00,MAR1GSOPEN;EURJPY;A1;08-06 13:56;0;
2026-08-06T14:35:00.000+01:00,MAR1GSOPEN;EURJPY;A2;08-06 13:56;0;
2026-08-06T14:36:00.000+01:00,MAR1GSOPEN;EURJPY;A1;08-06 13:56;0;
2026-08-06T14:36:00.000+01:00,MAR1GSOPEN;EURJPY;A2;08-06 13:56;0;
2026-08-06T14:37:00.000+01:00,MAR1GSOPEN;EURJPY;A1;08-06 13:56;0;
2026-08-06T14:37:00.000+01:00,MAR1GSOPEN;EURJPY;A2;08-06 13:56;0;
2026-08-06T14:38:00.000+01:00,MAR1GSOPEN;EURJPY;A1;08-06 13:56;0;
2026-08-06T14:38:00.000+01:00,MAR1GSOPEN;EURJPY;A2;08-06 13:56;0;
2026-08-06T14:39:00.000+01:00,MAR1GSOPEN;EURJPY;A1;08-06 13:56;0;
2026-08-06T14:39:00.000+01:00,MAR1GSOPEN;EURJPY;A2;08-06 13:56;0;
2026-08-06T14:40:00.000+01:00,MAR1GSOPEN;EURJPY;A1;08-06 13:56;0;
2026-08-06T14:40:00.000+01:00,MAR1GSOPEN;EURJPY;A2;08-06 13:56;0;
2026-08-06T14:41:00.000+01:00,MAR1GSOPEN;EURJPY;A1;08-06 13:56;0;
2026-08-06T14:41:00.000+01:00,MAR1GSOPEN;EURJPY;A2;08-06 13:56;0;
2026-08-06T14:42:00.000+01:00,MAR1GSCLOSE;EURJPY;A1;08-06 14:42;08-06 14:43;1;long;08-06 14:42
2026-08-06T14:42:00.000+01:00,MAR1GSCLOSE;EURJPY;A2;08-06 14:42;08-06 14:43;1;long;08-06 14:42
2026-08-06T19:03:00.000+01:00,MAR1GSOPEN;EURJPY;A1;08-06 19:03;0;
2026-08-06T19:03:00.000+01:00,MAR1GSOPEN;EURJPY;A2;08-06 19:03;0;
2026-08-06T19:04:00.000+01:00,MAR1GSOPEN;EURJPY;A1;08-06 19:03;0;
2026-08-06T19:04:00.000+01:00,MAR1GSOPEN;EURJPY;A2;08-06 19:03;0;
2026-08-06T19:05:00.000+01:00,MAR1GSOPEN;EURJPY;A1;08-06 19:03;0;
2026-08-06T19:05:00.000+01:00,MAR1GSOPEN;EURJPY;A2;08-06 19:03;0;
2026-08-06T19:06:00.000+01:00,MAR1GSOPEN;EURJPY;A1;08-06 19:03;0;
2026-08-06T19:06:00.000+01:00,MAR1GSOPEN;EURJPY;A2;08-06 19:03;0;
2026-08-06T19:07:00.000+01:00,MAR1GSOPEN;EURJPY;A1;08-06 19:03;0;
2026-08-06T19:07:00.000+01:00,MAR1GSOPEN;EURJPY;A2;08-06 19:03;0;
2026-08-06T19:08:00.000+01:00,MAR1GSOPEN;EURJPY;A1;08-06 19:03;0;
2026-08-06T19:08:00.000+01:00,MAR1GSOPEN;EURJPY;A2;08-06 19:03;0;
2026-08-06T19:09:00.000+01:00,MAR1GSOPEN;EURJPY;A1;08-06 19:03;0;
2026-08-06T19:09:00.000+01:00,MAR1GSOPEN;EURJPY;A2;08-06 19:03;0;
2026-08-06T19:10:00.000+01:00,MAR1GSOPEN;EURJPY;A1;08-06 19:03;0;
2026-08-06T19:10:00.000+01:00,MAR1GSOPEN;EURJPY;A2;08-06 19:03;0;
2026-08-06T19:11:00.000+01:00,MAR1GSOPEN;EURJPY;A1;08-06 19:03;0;
2026-08-06T19:11:00.000+01:00,MAR1GSOPEN;EURJPY;A2;08-06 19:03;0;
2026-08-06T19:12:00.000+01:00,MAR1GSOPEN;EURJPY;A1;08-06 19:03;0;
2026-08-06T19:12:00.000+01:00,MAR1GSOPEN;EURJPY;A2;08-06 19:03;0;
2026-08-06T19:13:00.000+01:00,MAR1GSOPEN;EURJPY;A1;08-06 19:03;0;
2026-08-06T19:13:00.000+01:00,MAR1GSOPEN;EURJPY;A2;08-06 19:03;0;
2026-08-06T19:14:00.000+01:00,MAR1GSOPEN;EURJPY;A1;08-06 19:03;0;
2026-08-06T19:14:00.000+01:00,MAR1GSOPEN;EURJPY;A2;08-06 19:03;0;
2026-08-06T19:15:00.000+01:00,MAR1GSOPEN;EURJPY;A1;08-06 19:03;0;
2026-08-06T19:15:00.000+01:00,MAR1GSOPEN;EURJPY;A2;08-06 19:03;0;
2026-08-06T19:16:00.000+01:00,MAR1GSOPEN;EURJPY;A1;08-06 19:03;0;
2026-08-06T19:16:00.000+01:00,MAR1GSOPEN;EURJPY;A2;08-06 19:03;0;
2026-08-06T19:17:00.000+01:00,MAR1GSOPEN;EURJPY;A1;08-06 19:03;0;
2026-08-06T19:17:00.000+01:00,MAR1GSOPEN;EURJPY;A2;08-06 19:03;0;
2026-08-06T19:18:00.000+01:00,MAR1GSOPEN;EURJPY;A1;08-06 19:03;0;
2026-08-06T19:18:00.000+01:00,MAR1GSOPEN;EURJPY;A2;08-06 19:03;0;
2026-08-06T19:19:00.000+01:00,MAR1GSOPEN;EURJPY;A1;08-06 19:03;0;
2026-08-06T19:19:00.000+01:00,MAR1GSOPEN;EURJPY;A2;08-06 19:03;0;
2026-08-06T19:20:00.000+01:00,MAR1GSOPEN;EURJPY;A1;08-06 19:03;0;
2026-08-06T19:20:00.000+01:00,MAR1GSOPEN;EURJPY;A2;08-06 19:03;0;
2026-08-06T19:21:00.000+01:00,MAR1GSOPEN;EURJPY;A1;08-06 19:03;0;
2026-08-06T19:21:00.000+01:00,MAR1GSOPEN;EURJPY;A2;08-06 19:03;0;
2026-08-06T19:22:00.000+01:00,MAR1GSOPEN;EURJPY;A1;08-06 19:03;0;
2026-08-06T19:22:00.000+01:00,MAR1GSOPEN;EURJPY;A2;08-06 19:03;0;
2026-08-06T19:23:00.000+01:00,MAR1GSOPEN;EURJPY;A1;08-06 19:03;0;
2026-08-06T19:23:00.000+01:00,MAR1GSOPEN;EURJPY;A2;08-06 19:03;0;
2026-08-06T19:24:00.000+01:00,MAR1GSOPEN;EURJPY;A1;08-06 19:03;0;
2026-08-06T19:24:00.000+01:00,MAR1GSOPEN;EURJPY;A2;08-06 19:03;0;
2026-08-06T19:25:00.000+01:00,MAR1GSOPEN;EURJPY;A1;08-06 19:03;0;
2026-08-06T19:25:00.000+01:00,MAR1GSOPEN;EURJPY;A2;08-06 19:03;0;
2026-08-06T19:26:00.000+01:00,MAR1GSOPEN;EURJPY;A1;08-06 19:03;0;
2026-08-06T19:26:00.000+01:00,MAR1GSOPEN;EURJPY;A2;08-06 19:03;0;
2026-08-06T19:27:00.000+01:00,MAR1GSOPEN;EURJPY;A1;08-06 19:03;0;
2026-08-06T19:27:00.000+01:00,MAR1GSOPEN;EURJPY;A2;08-06 19:03;0;
2026-08-06T19:28:00.000+01:00,MAR1GSOPEN;EURJPY;A1;08-06 19:03;0;
2026-08-06T19:28:00.000+01:00,MAR1GSOPEN;EURJPY;A2;08-06 19:03;0;
2026-08-06T19:29:00.000+01:00,MAR1GSOPEN;EURJPY;A1;08-06 19:03;0;
2026-08-06T19:29:00.000+01:00,MAR1GSOPEN;EURJPY;A2;08-06 19:03;0;
2026-08-06T19:30:00.000+01:00,MAR1GSOPEN;EURJPY;A1;08-06 19:03;0;
2026-08-06T19:30:00.000+01:00,MAR1GSOPEN;EURJPY;A2;08-06 19:03;0;
2026-08-06T19:31:00.000+01:00,MAR1GSOPEN;EURJPY;A1;08-06 19:03;0;
2026-08-06T19:31:00.000+01:00,MAR1GSOPEN;EURJPY;A2;08-06 19:03;0;
2026-08-06T19:32:00.000+01:00,MAR1GSOPEN;EURJPY;A1;08-06 19:03;0;
2026-08-06T19:32:00.000+01:00,MAR1GSOPEN;EURJPY;A2;08-06 19:03;0;
2026-08-06T19:33:00.000+01:00,MAR1GSOPEN;EURJPY;A1;08-06 19:03;0;
2026-08-06T19:33:00.000+01:00,MAR1GSOPEN;EURJPY;A2;08-06 19:03;0;
2026-08-06T19:34:00.000+01:00,MAR1GSOPEN;EURJPY;A1;08-06 19:03;0;
2026-08-06T19:34:00.000+01:00,MAR1GSOPEN;EURJPY;A2;08-06 19:03;0;
2026-08-06T19:35:00.000+01:00,MAR1GSOPEN;EURJPY;A1;08-06 19:03;0;
2026-08-06T19:35:00.000+01:00,MAR1GSOPEN;EURJPY;A2;08-06 19:03;0;
2026-08-06T19:36:00.000+01:00,MAR1GSOPEN;EURJPY;A1;08-06 19:03;0;
2026-08-06T19:36:00.000+01:00,MAR1GSOPEN;EURJPY;A2;08-06 19:03;0;
2026-08-06T19:37:00.000+01:00,MAR1GSOPEN;EURJPY;A1;08-06 19:03;0;
2026-08-06T19:37:00.000+01:00,MAR1GSOPEN;EURJPY;A2;08-06 19:03;0;
2026-08-06T19:38:00.000+01:00,MAR1GSOPEN;EURJPY;A1;08-06 19:03;0;
2026-08-06T19:38:00.000+01:00,MAR1GSOPEN;EURJPY;A2;08-06 19:03;0;
2026-08-06T19:39:00.000+01:00,MAR1GSOPEN;EURJPY;A1;08-06 19:03;0;
2026-08-06T19:39:00.000+01:00,MAR1GSOPEN;EURJPY;A2;08-06 19:03;0;
2026-08-06T19:40:00.000+01:00,MAR1GSOPEN;EURJPY;A1;08-06 19:03;0;
2026-08-06T19:40:00.000+01:00,MAR1GSOPEN;EURJPY;A2;08-06 19:03;0;
2026-08-06T19:41:00.000+01:00,MAR1GSOPEN;EURJPY;A1;08-06 19:03;0;
2026-08-06T19:41:00.000+01:00,MAR1GSOPEN;EURJPY;A2;08-06 19:03;0;
2026-08-06T19:42:00.000+01:00,MAR1GSOPEN;EURJPY;A1;08-06 19:03;0;
2026-08-06T19:42:00.000+01:00,MAR1GSOPEN;EURJPY;A2;08-06 19:03;0;
2026-08-06T19:43:00.000+01:00,MAR1GSOPEN;EURJPY;A1;08-06 19:03;0;
2026-08-06T19:43:00.000+01:00,MAR1GSOPEN;EURJPY;A2;08-06 19:03;0;
2026-08-06T19:44:00.000+01:00,MAR1GSOPEN;EURJPY;A1;08-06 19:03;0;
2026-08-06T19:44:00.000+01:00,MAR1GSOPEN;EURJPY;A2;08-06 19:03;0;
2026-08-06T19:45:00.000+01:00,MAR1GSOPEN;EURJPY;A1;08-06 19:03;0;
2026-08-06T19:45:00.000+01:00,MAR1GSOPEN;EURJPY;A2;08-06 19:03;0;
2026-08-06T19:46:00.000+01:00,MAR1GSOPEN;EURJPY;A1;08-06 19:46;1;08-06 19:46
2026-08-06T19:46:00.000+01:00,MAR1GSOPEN;EURJPY;A2;08-06 19:46;1;08-06 19:46
2026-08-06T19:46:00.000+01:00,MAR1GSOPEN;EURJPY;B1;08-06 19:46;0;
2026-08-06T19:46:00.000+01:00,MAR1GSOPEN;EURJPY;B2;08-06 19:46;0;
2026-08-06T19:47:00.000+01:00,MAR1GSOPEN;EURJPY;A1;08-06 19:46;1;08-06 19:46
2026-08-06T19:47:00.000+01:00,MAR1GSOPEN;EURJPY;A2;08-06 19:46;1;08-06 19:46
2026-08-06T19:47:00.000+01:00,MAR1GSOPEN;EURJPY;B1;08-06 19:46;0;
2026-08-06T19:47:00.000+01:00,MAR1GSOPEN;EURJPY;B2;08-06 19:46;0;
2026-08-06T19:48:00.000+01:00,MAR1GSOPEN;EURJPY;A1;08-06 19:46;1;08-06 19:46
2026-08-06T19:48:00.000+01:00,MAR1GSOPEN;EURJPY;A2;08-06 19:46;1;08-06 19:46
2026-08-06T19:48:00.000+01:00,MAR1GSOPEN;EURJPY;B1;08-06 19:46;0;
2026-08-06T19:48:00.000+01:00,MAR1GSOPEN;EURJPY;B2;08-06 19:46;0;
2026-08-06T19:49:00.000+01:00,MAR1GSOPEN;EURJPY;A1;08-06 19:46;1;08-06 19:46
2026-08-06T19:49:00.000+01:00,MAR1GSOPEN;EURJPY;A2;08-06 19:46;1;08-06 19:46
2026-08-06T19:49:00.000+01:00,MAR1GSOPEN;EURJPY;B1;08-06 19:46;0;
2026-08-06T19:49:00.000+01:00,MAR1GSOPEN;EURJPY;B2;08-06 19:46;0;
2026-08-06T19:50:00.000+01:00,"MAR1GSCLOSE;EURJPY;A1;08-06 19:46;08-06 19:51;2;short;08-06 19:46,08-06 19:50"
2026-08-06T19:50:00.000+01:00,"MAR1GSCLOSE;EURJPY;A2;08-06 19:46;08-06 19:51;2;short;08-06 19:46,08-06 19:50"
2026-08-06T19:50:00.000+01:00,MAR1GSCLOSE;EURJPY;B1;08-06 19:50;08-06 19:51;1;short;08-06 19:50
2026-08-06T19:50:00.000+01:00,MAR1GSCLOSE;EURJPY;B2;08-06 19:50;08-06 19:51;1;short;08-06 19:50
2026-08-07T11:47:00.000+01:00,MAR1GSOPEN;EURJPY;A1;08-07 11:47;0;
2026-08-07T11:47:00.000+01:00,MAR1GSOPEN;EURJPY;A2;08-07 11:47;0;
2026-08-07T11:48:00.000+01:00,MAR1GSOPEN;EURJPY;A1;08-07 11:47;0;
2026-08-07T11:48:00.000+01:00,MAR1GSOPEN;EURJPY;A2;08-07 11:47;0;
2026-08-07T11:49:00.000+01:00,MAR1GSOPEN;EURJPY;A1;08-07 11:47;0;
2026-08-07T11:49:00.000+01:00,MAR1GSOPEN;EURJPY;A2;08-07 11:47;0;
2026-08-07T11:50:00.000+01:00,MAR1GSOPEN;EURJPY;A1;08-07 11:47;0;
2026-08-07T11:50:00.000+01:00,MAR1GSOPEN;EURJPY;A2;08-07 11:47;0;
2026-08-07T11:51:00.000+01:00,MAR1GSOPEN;EURJPY;A1;08-07 11:47;0;
2026-08-07T11:51:00.000+01:00,MAR1GSOPEN;EURJPY;A2;08-07 11:47;0;
2026-08-07T11:52:00.000+01:00,MAR1GSOPEN;EURJPY;A1;08-07 11:47;0;
2026-08-07T11:52:00.000+01:00,MAR1GSOPEN;EURJPY;A2;08-07 11:47;0;
2026-08-07T11:53:00.000+01:00,MAR1GSOPEN;EURJPY;A1;08-07 11:53;1;08-07 11:53
2026-08-07T11:53:00.000+01:00,MAR1GSOPEN;EURJPY;A2;08-07 11:53;1;08-07 11:53
2026-08-07T11:53:00.000+01:00,MAR1GSOPEN;EURJPY;B1;08-07 11:53;0;
2026-08-07T11:53:00.000+01:00,MAR1GSOPEN;EURJPY;B2;08-07 11:53;0;
2026-08-07T11:54:00.000+01:00,MAR1GSOPEN;EURJPY;A1;08-07 11:53;1;08-07 11:53
2026-08-07T11:54:00.000+01:00,MAR1GSOPEN;EURJPY;A2;08-07 11:53;1;08-07 11:53
2026-08-07T11:54:00.000+01:00,MAR1GSOPEN;EURJPY;B1;08-07 11:53;0;
2026-08-07T11:54:00.000+01:00,MAR1GSOPEN;EURJPY;B2;08-07 11:53;0;
2026-08-07T11:55:00.000+01:00,MAR1GSOPEN;EURJPY;A1;08-07 11:53;1;08-07 11:53
2026-08-07T11:55:00.000+01:00,MAR1GSOPEN;EURJPY;A2;08-07 11:53;1;08-07 11:53
2026-08-07T11:55:00.000+01:00,MAR1GSOPEN;EURJPY;B1;08-07 11:53;0;
2026-08-07T11:55:00.000+01:00,MAR1GSOPEN;EURJPY;B2;08-07 11:53;0;
2026-08-07T11:56:00.000+01:00,"MAR1GSCLOSE;EURJPY;A1;08-07 11:53;08-07 11:57;2;short;08-07 11:53,08-07 11:56"
2026-08-07T11:56:00.000+01:00,"MAR1GSCLOSE;EURJPY;A2;08-07 11:53;08-07 11:57;2;short;08-07 11:53,08-07 11:56"
2026-08-07T11:56:00.000+01:00,MAR1GSOPEN;EURJPY;B1;08-07 11:53;0;
2026-08-07T11:56:00.000+01:00,MAR1GSOPEN;EURJPY;B2;08-07 11:53;0;
2026-08-07T11:57:00.000+01:00,MAR1GSOPEN;EURJPY;B1;08-07 11:53;0;
2026-08-07T11:57:00.000+01:00,MAR1GSOPEN;EURJPY;B2;08-07 11:53;0;
2026-08-07T11:58:00.000+01:00,MAR1GSOPEN;EURJPY;B1;08-07 11:53;0;
2026-08-07T11:58:00.000+01:00,MAR1GSOPEN;EURJPY;B2;08-07 11:53;0;
2026-08-07T11:59:00.000+01:00,MAR1GSOPEN;EURJPY;B1;08-07 11:53;0;
2026-08-07T11:59:00.000+01:00,MAR1GSOPEN;EURJPY;B2;08-07 11:53;0;
2026-08-07T12:00:00.000+01:00,MAR1GSOPEN;EURJPY;B1;08-07 11:53;0;
2026-08-07T12:00:00.000+01:00,MAR1GSOPEN;EURJPY;B2;08-07 11:53;0;
2026-08-07T12:01:00.000+01:00,MAR1GSOPEN;EURJPY;B1;08-07 11:53;0;
2026-08-07T12:01:00.000+01:00,MAR1GSOPEN;EURJPY;B2;08-07 11:53;0;
2026-08-07T12:02:00.000+01:00,MAR1GSOPEN;EURJPY;B1;08-07 11:53;0;
2026-08-07T12:02:00.000+01:00,MAR1GSOPEN;EURJPY;B2;08-07 11:53;0;
2026-08-07T12:03:00.000+01:00,MAR1GSOPEN;EURJPY;B1;08-07 11:53;0;
2026-08-07T12:03:00.000+01:00,MAR1GSOPEN;EURJPY;B2;08-07 11:53;0;
2026-08-07T12:04:00.000+01:00,MAR1GSOPEN;EURJPY;B1;08-07 11:53;0;
2026-08-07T12:04:00.000+01:00,MAR1GSOPEN;EURJPY;B2;08-07 11:53;0;
2026-08-07T12:05:00.000+01:00,MAR1GSOPEN;EURJPY;B1;08-07 11:53;0;
2026-08-07T12:05:00.000+01:00,MAR1GSOPEN;EURJPY;B2;08-07 11:53;0;
2026-08-07T12:06:00.000+01:00,MAR1GSOPEN;EURJPY;B1;08-07 11:53;0;
2026-08-07T12:06:00.000+01:00,MAR1GSOPEN;EURJPY;B2;08-07 11:53;0;
2026-08-07T12:07:00.000+01:00,MAR1GSOPEN;EURJPY;B1;08-07 11:53;0;
2026-08-07T12:07:00.000+01:00,MAR1GSOPEN;EURJPY;B2;08-07 11:53;0;
2026-08-07T12:08:00.000+01:00,MAR1GSOPEN;EURJPY;B1;08-07 11:53;0;
2026-08-07T12:08:00.000+01:00,MAR1GSOPEN;EURJPY;B2;08-07 11:53;0;
2026-08-07T12:09:00.000+01:00,MAR1GSOPEN;EURJPY;B1;08-07 11:53;0;
2026-08-07T12:09:00.000+01:00,MAR1GSOPEN;EURJPY;B2;08-07 11:53;0;
2026-08-07T12:10:00.000+01:00,MAR1GSOPEN;EURJPY;B1;08-07 11:53;0;
2026-08-07T12:10:00.000+01:00,MAR1GSOPEN;EURJPY;B2;08-07 11:53;0;
2026-08-07T12:11:00.000+01:00,MAR1GSOPEN;EURJPY;B1;08-07 11:53;0;
2026-08-07T12:11:00.000+01:00,MAR1GSOPEN;EURJPY;B2;08-07 11:53;0;
2026-08-07T12:12:00.000+01:00,MAR1GSOPEN;EURJPY;B1;08-07 11:53;0;
2026-08-07T12:12:00.000+01:00,MAR1GSOPEN;EURJPY;B2;08-07 11:53;0;
2026-08-07T12:13:00.000+01:00,MAR1GSOPEN;EURJPY;B1;08-07 11:53;0;
2026-08-07T12:13:00.000+01:00,MAR1GSOPEN;EURJPY;B2;08-07 11:53;0;
2026-08-07T12:14:00.000+01:00,MAR1GSOPEN;EURJPY;B1;08-07 11:53;0;
2026-08-07T12:14:00.000+01:00,MAR1GSOPEN;EURJPY;B2;08-07 11:53;0;
2026-08-07T12:15:00.000+01:00,MAR1GSOPEN;EURJPY;B1;08-07 11:53;0;
2026-08-07T12:15:00.000+01:00,MAR1GSOPEN;EURJPY;B2;08-07 11:53;0;
2026-08-07T12:16:00.000+01:00,MAR1GSOPEN;EURJPY;B1;08-07 11:53;0;
2026-08-07T12:16:00.000+01:00,MAR1GSOPEN;EURJPY;B2;08-07 11:53;0;
2026-08-07T12:17:00.000+01:00,MAR1GSOPEN;EURJPY;B1;08-07 11:53;0;
2026-08-07T12:17:00.000+01:00,MAR1GSOPEN;EURJPY;B2;08-07 11:53;0;
2026-08-07T12:18:00.000+01:00,MAR1GSOPEN;EURJPY;B1;08-07 11:53;0;
2026-08-07T12:18:00.000+01:00,MAR1GSOPEN;EURJPY;B2;08-07 11:53;0;
2026-08-07T12:19:00.000+01:00,MAR1GSCLOSE;EURJPY;B1;08-07 12:19;08-07 12:20;1;long;08-07 12:19
2026-08-07T12:19:00.000+01:00,MAR1GSCLOSE;EURJPY;B2;08-07 12:19;08-07 12:20;1;long;08-07 12:19
2026-08-10T08:47:00.000+01:00,MAR1GSOPEN;EURJPY;A1;08-10 08:47;0;
2026-08-10T08:47:00.000+01:00,MAR1GSOPEN;EURJPY;A2;08-10 08:47;0;
2026-08-10T08:48:00.000+01:00,MAR1GSOPEN;EURJPY;A1;08-10 08:47;0;
2026-08-10T08:48:00.000+01:00,MAR1GSOPEN;EURJPY;A2;08-10 08:47;0;
2026-08-10T08:49:00.000+01:00,MAR1GSOPEN;EURJPY;A1;08-10 08:47;0;
2026-08-10T08:49:00.000+01:00,MAR1GSOPEN;EURJPY;A2;08-10 08:47;0;
2026-08-10T08:50:00.000+01:00,MAR1GSOPEN;EURJPY;A1;08-10 08:47;0;
2026-08-10T08:50:00.000+01:00,MAR1GSOPEN;EURJPY;A2;08-10 08:47;0;
2026-08-10T08:51:00.000+01:00,MAR1GSOPEN;EURJPY;A1;08-10 08:47;0;
2026-08-10T08:51:00.000+01:00,MAR1GSOPEN;EURJPY;A2;08-10 08:47;0;
2026-08-10T08:52:00.000+01:00,MAR1GSOPEN;EURJPY;A1;08-10 08:47;0;
2026-08-10T08:52:00.000+01:00,MAR1GSOPEN;EURJPY;A2;08-10 08:47;0;
2026-08-10T08:53:00.000+01:00,MAR1GSOPEN;EURJPY;A1;08-10 08:47;0;
2026-08-10T08:53:00.000+01:00,MAR1GSOPEN;EURJPY;A2;08-10 08:47;0;
2026-08-10T08:54:00.000+01:00,MAR1GSOPEN;EURJPY;A1;08-10 08:47;0;
2026-08-10T08:54:00.000+01:00,MAR1GSOPEN;EURJPY;A2;08-10 08:47;0;
2026-08-10T08:55:00.000+01:00,MAR1GSOPEN;EURJPY;A1;08-10 08:47;0;
2026-08-10T08:55:00.000+01:00,MAR1GSOPEN;EURJPY;A2;08-10 08:47;0;
2026-08-10T08:56:00.000+01:00,MAR1GSOPEN;EURJPY;A1;08-10 08:47;0;
2026-08-10T08:56:00.000+01:00,MAR1GSOPEN;EURJPY;A2;08-10 08:47;0;
2026-08-10T08:57:00.000+01:00,MAR1GSOPEN;EURJPY;A1;08-10 08:47;0;
2026-08-10T08:57:00.000+01:00,MAR1GSOPEN;EURJPY;A2;08-10 08:47;0;
2026-08-10T08:58:00.000+01:00,MAR1GSOPEN;EURJPY;A1;08-10 08:47;0;
2026-08-10T08:58:00.000+01:00,MAR1GSOPEN;EURJPY;A2;08-10 08:47;0;
2026-08-10T08:59:00.000+01:00,MAR1GSOPEN;EURJPY;A1;08-10 08:47;0;
2026-08-10T08:59:00.000+01:00,MAR1GSOPEN;EURJPY;A2;08-10 08:47;0;
2026-08-10T09:00:00.000+01:00,MAR1GSOPEN;EURJPY;A1;08-10 08:47;0;
2026-08-10T09:00:00.000+01:00,MAR1GSOPEN;EURJPY;A2;08-10 08:47;0;
2026-08-10T09:01:00.000+01:00,MAR1GSOPEN;EURJPY;A1;08-10 08:47;0;
2026-08-10T09:01:00.000+01:00,MAR1GSOPEN;EURJPY;A2;08-10 08:47;0;
2026-08-10T09:02:00.000+01:00,MAR1GSOPEN;EURJPY;A1;08-10 08:47;0;
2026-08-10T09:02:00.000+01:00,MAR1GSOPEN;EURJPY;A2;08-10 08:47;0;
2026-08-10T09:03:00.000+01:00,MAR1GSOPEN;EURJPY;A1;08-10 08:47;0;
2026-08-10T09:03:00.000+01:00,MAR1GSOPEN;EURJPY;A2;08-10 08:47;0;
2026-08-10T09:04:00.000+01:00,MAR1GSOPEN;EURJPY;A1;08-10 08:47;0;
2026-08-10T09:04:00.000+01:00,MAR1GSOPEN;EURJPY;A2;08-10 08:47;0;
2026-08-10T09:05:00.000+01:00,MAR1GSOPEN;EURJPY;A1;08-10 08:47;0;
2026-08-10T09:05:00.000+01:00,MAR1GSOPEN;EURJPY;A2;08-10 08:47;0;
2026-08-10T09:06:00.000+01:00,MAR1GSOPEN;EURJPY;A1;08-10 08:47;0;
2026-08-10T09:06:00.000+01:00,MAR1GSOPEN;EURJPY;A2;08-10 08:47;0;
2026-08-10T09:07:00.000+01:00,MAR1GSOPEN;EURJPY;A1;08-10 08:47;0;
2026-08-10T09:07:00.000+01:00,MAR1GSOPEN;EURJPY;A2;08-10 08:47;0;
2026-08-10T09:08:00.000+01:00,MAR1GSOPEN;EURJPY;A1;08-10 08:47;0;
2026-08-10T09:08:00.000+01:00,MAR1GSOPEN;EURJPY;A2;08-10 08:47;0;
2026-08-10T09:09:00.000+01:00,MAR1GSOPEN;EURJPY;A1;08-10 08:47;0;
2026-08-10T09:09:00.000+01:00,MAR1GSOPEN;EURJPY;A2;08-10 08:47;0;
2026-08-10T09:10:00.000+01:00,MAR1GSOPEN;EURJPY;A1;08-10 08:47;0;
2026-08-10T09:10:00.000+01:00,MAR1GSOPEN;EURJPY;A2;08-10 08:47;0;
2026-08-10T09:11:00.000+01:00,MAR1GSOPEN;EURJPY;A1;08-10 08:47;0;
2026-08-10T09:11:00.000+01:00,MAR1GSOPEN;EURJPY;A2;08-10 08:47;0;
2026-08-10T09:12:00.000+01:00,MAR1GSOPEN;EURJPY;A1;08-10 08:47;0;
2026-08-10T09:12:00.000+01:00,MAR1GSOPEN;EURJPY;A2;08-10 08:47;0;
2026-08-10T09:13:00.000+01:00,MAR1GSOPEN;EURJPY;A1;08-10 09:13;1;08-10 09:13
2026-08-10T09:13:00.000+01:00,MAR1GSOPEN;EURJPY;A2;08-10 09:13;1;08-10 09:13
2026-08-10T09:13:00.000+01:00,MAR1GSOPEN;EURJPY;B1;08-10 09:13;0;
2026-08-10T09:13:00.000+01:00,MAR1GSOPEN;EURJPY;B2;08-10 09:13;0;
2026-08-10T09:14:00.000+01:00,MAR1GSOPEN;EURJPY;A1;08-10 09:13;1;08-10 09:13
2026-08-10T09:14:00.000+01:00,MAR1GSOPEN;EURJPY;A2;08-10 09:13;1;08-10 09:13
2026-08-10T09:14:00.000+01:00,MAR1GSOPEN;EURJPY;B1;08-10 09:13;0;
2026-08-10T09:14:00.000+01:00,MAR1GSOPEN;EURJPY;B2;08-10 09:13;0;
2026-08-10T09:15:00.000+01:00,MAR1GSOPEN;EURJPY;A1;08-10 09:13;1;08-10 09:13
2026-08-10T09:15:00.000+01:00,MAR1GSOPEN;EURJPY;A2;08-10 09:13;1;08-10 09:13
2026-08-10T09:15:00.000+01:00,MAR1GSOPEN;EURJPY;B1;08-10 09:13;0;
2026-08-10T09:15:00.000+01:00,MAR1GSOPEN;EURJPY;B2;08-10 09:13;0;
2026-08-10T09:16:00.000+01:00,MAR1GSOPEN;EURJPY;A1;08-10 09:13;1;08-10 09:13
2026-08-10T09:16:00.000+01:00,MAR1GSOPEN;EURJPY;A2;08-10 09:13;1;08-10 09:13
2026-08-10T09:16:00.000+01:00,MAR1GSOPEN;EURJPY;B1;08-10 09:13;0;
2026-08-10T09:16:00.000+01:00,MAR1GSOPEN;EURJPY;B2;08-10 09:13;0;
2026-08-10T09:17:00.000+01:00,"MAR1GSOPEN;EURJPY;A1;08-10 09:13;2;08-10 09:13,08-10 09:17"
2026-08-10T09:17:00.000+01:00,"MAR1GSOPEN;EURJPY;A2;08-10 09:13;2;08-10 09:13,08-10 09:17"
2026-08-10T09:17:00.000+01:00,MAR1GSOPEN;EURJPY;B1;08-10 09:17;1;08-10 09:17
2026-08-10T09:17:00.000+01:00,MAR1GSOPEN;EURJPY;B2;08-10 09:17;1;08-10 09:17
2026-08-10T09:17:00.000+01:00,MAR1GSOPEN;EURJPY;C1;08-10 09:17;0;
2026-08-10T09:17:00.000+01:00,MAR1GSOPEN;EURJPY;C2;08-10 09:17;0;
2026-08-10T09:18:00.000+01:00,"MAR1GSOPEN;EURJPY;A1;08-10 09:13;3;08-10 09:13,08-10 09:17,08-10 09:18"
2026-08-10T09:18:00.000+01:00,"MAR1GSOPEN;EURJPY;A2;08-10 09:13;3;08-10 09:13,08-10 09:17,08-10 09:18"
2026-08-10T09:18:00.000+01:00,"MAR1GSOPEN;EURJPY;B1;08-10 09:17;2;08-10 09:17,08-10 09:18"
2026-08-10T09:18:00.000+01:00,"MAR1GSOPEN;EURJPY;B2;08-10 09:17;2;08-10 09:17,08-10 09:18"
2026-08-10T09:18:00.000+01:00,MAR1GSOPEN;EURJPY;C1;08-10 09:18;1;08-10 09:18
2026-08-10T09:18:00.000+01:00,MAR1GSOPEN;EURJPY;C2;08-10 09:18;1;08-10 09:18
2026-08-10T09:18:00.000+01:00,MAR1GSOPEN;EURJPY;D1;08-10 09:18;0;
2026-08-10T09:19:00.000+01:00,"MAR1GSOPEN;EURJPY;A1;08-10 09:13;3;08-10 09:13,08-10 09:17,08-10 09:18"
2026-08-10T09:19:00.000+01:00,"MAR1GSOPEN;EURJPY;A2;08-10 09:13;3;08-10 09:13,08-10 09:17,08-10 09:18"
2026-08-10T09:19:00.000+01:00,"MAR1GSOPEN;EURJPY;B1;08-10 09:17;2;08-10 09:17,08-10 09:18"
2026-08-10T09:19:00.000+01:00,"MAR1GSOPEN;EURJPY;B2;08-10 09:17;2;08-10 09:17,08-10 09:18"
2026-08-10T09:19:00.000+01:00,MAR1GSOPEN;EURJPY;C1;08-10 09:18;1;08-10 09:18
2026-08-10T09:19:00.000+01:00,MAR1GSOPEN;EURJPY;C2;08-10 09:18;1;08-10 09:18
2026-08-10T09:19:00.000+01:00,MAR1GSOPEN;EURJPY;D1;08-10 09:18;0;
2026-08-10T09:20:00.000+01:00,"MAR1GSOPEN;EURJPY;A1;08-10 09:13;3;08-10 09:13,08-10 09:17,08-10 09:18"
2026-08-10T09:20:00.000+01:00,"MAR1GSOPEN;EURJPY;A2;08-10 09:13;3;08-10 09:13,08-10 09:17,08-10 09:18"
2026-08-10T09:20:00.000+01:00,"MAR1GSOPEN;EURJPY;B1;08-10 09:17;2;08-10 09:17,08-10 09:18"
2026-08-10T09:20:00.000+01:00,"MAR1GSOPEN;EURJPY;B2;08-10 09:17;2;08-10 09:17,08-10 09:18"
2026-08-10T09:20:00.000+01:00,MAR1GSOPEN;EURJPY;C1;08-10 09:18;1;08-10 09:18
2026-08-10T09:20:00.000+01:00,MAR1GSOPEN;EURJPY;C2;08-10 09:18;1;08-10 09:18
2026-08-10T09:20:00.000+01:00,MAR1GSOPEN;EURJPY;D1;08-10 09:18;0;
2026-08-10T09:21:00.000+01:00,"MAR1GSOPEN;EURJPY;A1;08-10 09:13;3;08-10 09:13,08-10 09:17,08-10 09:18"
2026-08-10T09:21:00.000+01:00,"MAR1GSOPEN;EURJPY;A2;08-10 09:13;3;08-10 09:13,08-10 09:17,08-10 09:18"
2026-08-10T09:21:00.000+01:00,"MAR1GSOPEN;EURJPY;B1;08-10 09:17;2;08-10 09:17,08-10 09:18"
2026-08-10T09:21:00.000+01:00,"MAR1GSOPEN;EURJPY;B2;08-10 09:17;2;08-10 09:17,08-10 09:18"
2026-08-10T09:21:00.000+01:00,MAR1GSOPEN;EURJPY;C1;08-10 09:18;1;08-10 09:18
2026-08-10T09:21:00.000+01:00,MAR1GSOPEN;EURJPY;C2;08-10 09:18;1;08-10 09:18
2026-08-10T09:21:00.000+01:00,MAR1GSOPEN;EURJPY;D1;08-10 09:18;0;
2026-08-10T09:22:00.000+01:00,"MAR1GSOPEN;EURJPY;A1;08-10 09:13;3;08-10 09:13,08-10 09:17,08-10 09:18"
2026-08-10T09:22:00.000+01:00,"MAR1GSOPEN;EURJPY;A2;08-10 09:13;3;08-10 09:13,08-10 09:17,08-10 09:18"
2026-08-10T09:22:00.000+01:00,"MAR1GSOPEN;EURJPY;B1;08-10 09:17;2;08-10 09:17,08-10 09:18"
2026-08-10T09:22:00.000+01:00,"MAR1GSOPEN;EURJPY;B2;08-10 09:17;2;08-10 09:17,08-10 09:18"
2026-08-10T09:22:00.000+01:00,MAR1GSOPEN;EURJPY;C1;08-10 09:18;1;08-10 09:18
2026-08-10T09:22:00.000+01:00,MAR1GSOPEN;EURJPY;C2;08-10 09:18;1;08-10 09:18
2026-08-10T09:22:00.000+01:00,MAR1GSOPEN;EURJPY;D1;08-10 09:18;0;
2026-08-10T09:23:00.000+01:00,"MAR1GSOPEN;EURJPY;A1;08-10 09:13;3;08-10 09:13,08-10 09:17,08-10 09:18"
2026-08-10T09:23:00.000+01:00,"MAR1GSOPEN;EURJPY;A2;08-10 09:13;3;08-10 09:13,08-10 09:17,08-10 09:18"
2026-08-10T09:23:00.000+01:00,"MAR1GSOPEN;EURJPY;B1;08-10 09:17;2;08-10 09:17,08-10 09:18"
2026-08-10T09:23:00.000+01:00,"MAR1GSOPEN;EURJPY;B2;08-10 09:17;2;08-10 09:17,08-10 09:18"
2026-08-10T09:23:00.000+01:00,MAR1GSOPEN;EURJPY;C1;08-10 09:18;1;08-10 09:18
2026-08-10T09:23:00.000+01:00,MAR1GSOPEN;EURJPY;C2;08-10 09:18;1;08-10 09:18
2026-08-10T09:23:00.000+01:00,MAR1GSOPEN;EURJPY;D1;08-10 09:18;0;
2026-08-10T09:24:00.000+01:00,"MAR1GSOPEN;EURJPY;A1;08-10 09:13;3;08-10 09:13,08-10 09:17,08-10 09:18"
2026-08-10T09:24:00.000+01:00,"MAR1GSOPEN;EURJPY;A2;08-10 09:13;3;08-10 09:13,08-10 09:17,08-10 09:18"
2026-08-10T09:24:00.000+01:00,"MAR1GSOPEN;EURJPY;B1;08-10 09:17;2;08-10 09:17,08-10 09:18"
2026-08-10T09:24:00.000+01:00,"MAR1GSOPEN;EURJPY;B2;08-10 09:17;2;08-10 09:17,08-10 09:18"
2026-08-10T09:24:00.000+01:00,MAR1GSOPEN;EURJPY;C1;08-10 09:18;1;08-10 09:18
2026-08-10T09:24:00.000+01:00,MAR1GSOPEN;EURJPY;C2;08-10 09:18;1;08-10 09:18
2026-08-10T09:24:00.000+01:00,MAR1GSOPEN;EURJPY;D1;08-10 09:18;0;
2026-08-10T09:25:00.000+01:00,"MAR1GSOPEN;EURJPY;A1;08-10 09:13;3;08-10 09:13,08-10 09:17,08-10 09:18"
2026-08-10T09:25:00.000+01:00,"MAR1GSOPEN;EURJPY;A2;08-10 09:13;3;08-10 09:13,08-10 09:17,08-10 09:18"
2026-08-10T09:25:00.000+01:00,"MAR1GSOPEN;EURJPY;B1;08-10 09:17;2;08-10 09:17,08-10 09:18"
2026-08-10T09:25:00.000+01:00,"MAR1GSOPEN;EURJPY;B2;08-10 09:17;2;08-10 09:17,08-10 09:18"
2026-08-10T09:25:00.000+01:00,MAR1GSOPEN;EURJPY;C1;08-10 09:18;1;08-10 09:18
2026-08-10T09:25:00.000+01:00,MAR1GSOPEN;EURJPY;C2;08-10 09:18;1;08-10 09:18
2026-08-10T09:25:00.000+01:00,MAR1GSOPEN;EURJPY;D1;08-10 09:18;0;
2026-08-10T09:26:00.000+01:00,"MAR1GSOPEN;EURJPY;A1;08-10 09:13;3;08-10 09:13,08-10 09:17,08-10 09:18"
2026-08-10T09:26:00.000+01:00,"MAR1GSOPEN;EURJPY;A2;08-10 09:13;3;08-10 09:13,08-10 09:17,08-10 09:18"
2026-08-10T09:26:00.000+01:00,"MAR1GSOPEN;EURJPY;B1;08-10 09:17;2;08-10 09:17,08-10 09:18"
2026-08-10T09:26:00.000+01:00,"MAR1GSOPEN;EURJPY;B2;08-10 09:17;2;08-10 09:17,08-10 09:18"
2026-08-10T09:26:00.000+01:00,MAR1GSOPEN;EURJPY;C1;08-10 09:18;1;08-10 09:18
2026-08-10T09:26:00.000+01:00,MAR1GSOPEN;EURJPY;C2;08-10 09:18;1;08-10 09:18
2026-08-10T09:26:00.000+01:00,MAR1GSOPEN;EURJPY;D1;08-10 09:18;0;
2026-08-10T09:27:00.000+01:00,"MAR1GSOPEN;EURJPY;A1;08-10 09:13;3;08-10 09:13,08-10 09:17,08-10 09:18"
2026-08-10T09:27:00.000+01:00,"MAR1GSOPEN;EURJPY;A2;08-10 09:13;3;08-10 09:13,08-10 09:17,08-10 09:18"
2026-08-10T09:27:00.000+01:00,"MAR1GSOPEN;EURJPY;B1;08-10 09:17;2;08-10 09:17,08-10 09:18"
2026-08-10T09:27:00.000+01:00,"MAR1GSOPEN;EURJPY;B2;08-10 09:17;2;08-10 09:17,08-10 09:18"
2026-08-10T09:27:00.000+01:00,MAR1GSOPEN;EURJPY;C1;08-10 09:18;1;08-10 09:18
2026-08-10T09:27:00.000+01:00,MAR1GSOPEN;EURJPY;C2;08-10 09:18;1;08-10 09:18
2026-08-10T09:27:00.000+01:00,MAR1GSOPEN;EURJPY;D1;08-10 09:18;0;
2026-08-10T09:28:00.000+01:00,"MAR1GSOPEN;EURJPY;A1;08-10 09:13;3;08-10 09:13,08-10 09:17,08-10 09:18"
2026-08-10T09:28:00.000+01:00,"MAR1GSOPEN;EURJPY;A2;08-10 09:13;3;08-10 09:13,08-10 09:17,08-10 09:18"
2026-08-10T09:28:00.000+01:00,"MAR1GSOPEN;EURJPY;B1;08-10 09:17;2;08-10 09:17,08-10 09:18"
2026-08-10T09:28:00.000+01:00,"MAR1GSOPEN;EURJPY;B2;08-10 09:17;2;08-10 09:17,08-10 09:18"
2026-08-10T09:28:00.000+01:00,MAR1GSOPEN;EURJPY;C1;08-10 09:18;1;08-10 09:18
2026-08-10T09:28:00.000+01:00,MAR1GSOPEN;EURJPY;C2;08-10 09:18;1;08-10 09:18
2026-08-10T09:28:00.000+01:00,MAR1GSOPEN;EURJPY;D1;08-10 09:18;0;
2026-08-10T09:29:00.000+01:00,"MAR1GSOPEN;EURJPY;A1;08-10 09:13;3;08-10 09:13,08-10 09:17,08-10 09:18"
2026-08-10T09:29:00.000+01:00,"MAR1GSOPEN;EURJPY;A2;08-10 09:13;3;08-10 09:13,08-10 09:17,08-10 09:18"
2026-08-10T09:29:00.000+01:00,"MAR1GSOPEN;EURJPY;B1;08-10 09:17;2;08-10 09:17,08-10 09:18"
2026-08-10T09:29:00.000+01:00,"MAR1GSOPEN;EURJPY;B2;08-10 09:17;2;08-10 09:17,08-10 09:18"
2026-08-10T09:29:00.000+01:00,MAR1GSOPEN;EURJPY;C1;08-10 09:18;1;08-10 09:18
2026-08-10T09:29:00.000+01:00,MAR1GSOPEN;EURJPY;C2;08-10 09:18;1;08-10 09:18
2026-08-10T09:29:00.000+01:00,MAR1GSOPEN;EURJPY;D1;08-10 09:18;0;
2026-08-10T09:30:00.000+01:00,"MAR1GSOPEN;EURJPY;A1;08-10 09:13;3;08-10 09:13,08-10 09:17,08-10 09:18"
2026-08-10T09:30:00.000+01:00,"MAR1GSOPEN;EURJPY;A2;08-10 09:13;3;08-10 09:13,08-10 09:17,08-10 09:18"
2026-08-10T09:30:00.000+01:00,"MAR1GSOPEN;EURJPY;B1;08-10 09:17;2;08-10 09:17,08-10 09:18"
2026-08-10T09:30:00.000+01:00,"MAR1GSOPEN;EURJPY;B2;08-10 09:17;2;08-10 09:17,08-10 09:18"
2026-08-10T09:30:00.000+01:00,MAR1GSOPEN;EURJPY;C1;08-10 09:18;1;08-10 09:18
2026-08-10T09:30:00.000+01:00,MAR1GSOPEN;EURJPY;C2;08-10 09:18;1;08-10 09:18
2026-08-10T09:30:00.000+01:00,MAR1GSOPEN;EURJPY;D1;08-10 09:18;0;
2026-08-10T09:31:00.000+01:00,"MAR1GSOPEN;EURJPY;A1;08-10 09:13;3;08-10 09:13,08-10 09:17,08-10 09:18"
2026-08-10T09:31:00.000+01:00,"MAR1GSOPEN;EURJPY;A2;08-10 09:13;3;08-10 09:13,08-10 09:17,08-10 09:18"
2026-08-10T09:31:00.000+01:00,"MAR1GSOPEN;EURJPY;B1;08-10 09:17;2;08-10 09:17,08-10 09:18"
2026-08-10T09:31:00.000+01:00,"MAR1GSOPEN;EURJPY;B2;08-10 09:17;2;08-10 09:17,08-10 09:18"
2026-08-10T09:31:00.000+01:00,MAR1GSOPEN;EURJPY;C1;08-10 09:18;1;08-10 09:18
2026-08-10T09:31:00.000+01:00,MAR1GSOPEN;EURJPY;C2;08-10 09:18;1;08-10 09:18
2026-08-10T09:31:00.000+01:00,MAR1GSOPEN;EURJPY;D1;08-10 09:18;0;
2026-08-10T09:32:00.000+01:00,"MAR1GSOPEN;EURJPY;A1;08-10 09:13;3;08-10 09:13,08-10 09:17,08-10 09:18"
2026-08-10T09:32:00.000+01:00,"MAR1GSOPEN;EURJPY;A2;08-10 09:13;3;08-10 09:13,08-10 09:17,08-10 09:18"
2026-08-10T09:32:00.000+01:00,"MAR1GSOPEN;EURJPY;B1;08-10 09:17;2;08-10 09:17,08-10 09:18"
2026-08-10T09:32:00.000+01:00,"MAR1GSOPEN;EURJPY;B2;08-10 09:17;2;08-10 09:17,08-10 09:18"
2026-08-10T09:32:00.000+01:00,MAR1GSOPEN;EURJPY;C1;08-10 09:18;1;08-10 09:18
2026-08-10T09:32:00.000+01:00,MAR1GSOPEN;EURJPY;C2;08-10 09:18;1;08-10 09:18
2026-08-10T09:32:00.000+01:00,MAR1GSOPEN;EURJPY;D1;08-10 09:18;0;
2026-08-10T09:33:00.000+01:00,"MAR1GSCLOSE;EURJPY;A1;08-10 09:13;08-10 09:34;4;long;08-10 09:13,08-10 09:17,08-10 09:18,08-10 09:33"
2026-08-10T09:33:00.000+01:00,"MAR1GSCLOSE;EURJPY;A2;08-10 09:13;08-10 09:34;4;long;08-10 09:13,08-10 09:17,08-10 09:18,08-10 09:33"
2026-08-10T09:33:00.000+01:00,"MAR1GSCLOSE;EURJPY;B1;08-10 09:17;08-10 09:34;3;long;08-10 09:17,08-10 09:18,08-10 09:33"
2026-08-10T09:33:00.000+01:00,"MAR1GSCLOSE;EURJPY;B2;08-10 09:17;08-10 09:34;3;long;08-10 09:17,08-10 09:18,08-10 09:33"
2026-08-10T09:33:00.000+01:00,"MAR1GSCLOSE;EURJPY;C1;08-10 09:18;08-10 09:34;2;long;08-10 09:18,08-10 09:33"
2026-08-10T09:33:00.000+01:00,"MAR1GSCLOSE;EURJPY;C2;08-10 09:18;08-10 09:34;2;long;08-10 09:18,08-10 09:33"
2026-08-10T09:33:00.000+01:00,MAR1GSCLOSE;EURJPY;D1;08-10 09:33;08-10 09:34;1;long;08-10 09:33
2026-08-10T17:59:00.000+01:00,MAR1GSOPEN;EURJPY;B1;08-10 17:59;0;
2026-08-10T17:59:00.000+01:00,MAR1GSOPEN;EURJPY;B2;08-10 17:59;0;
2026-08-10T18:00:00.000+01:00,MAR1GSOPEN;EURJPY;B1;08-10 18:00;1;08-10 18:00
2026-08-10T18:00:00.000+01:00,MAR1GSOPEN;EURJPY;B2;08-10 18:00;1;08-10 18:00
2026-08-10T18:00:00.000+01:00,MAR1GSOPEN;EURJPY;C1;08-10 18:00;0;
2026-08-10T18:00:00.000+01:00,MAR1GSOPEN;EURJPY;C2;08-10 18:00;0;
2026-08-10T18:01:00.000+01:00,MAR1GSOPEN;EURJPY;B1;08-10 18:00;1;08-10 18:00
2026-08-10T18:01:00.000+01:00,MAR1GSOPEN;EURJPY;B2;08-10 18:00;1;08-10 18:00
2026-08-10T18:01:00.000+01:00,MAR1GSOPEN;EURJPY;C1;08-10 18:00;0;
2026-08-10T18:01:00.000+01:00,MAR1GSOPEN;EURJPY;C2;08-10 18:00;0;
2026-08-10T18:02:00.000+01:00,MAR1GSOPEN;EURJPY;B1;08-10 18:00;1;08-10 18:00
2026-08-10T18:02:00.000+01:00,MAR1GSOPEN;EURJPY;B2;08-10 18:00;1;08-10 18:00
2026-08-10T18:02:00.000+01:00,MAR1GSOPEN;EURJPY;C1;08-10 18:00;0;
2026-08-10T18:02:00.000+01:00,MAR1GSOPEN;EURJPY;C2;08-10 18:00;0;
2026-08-10T18:03:00.000+01:00,"MAR1GSOPEN;EURJPY;B1;08-10 18:00;2;08-10 18:00,08-10 18:03"
2026-08-10T18:03:00.000+01:00,"MAR1GSOPEN;EURJPY;B2;08-10 18:00;2;08-10 18:00,08-10 18:03"
2026-08-10T18:03:00.000+01:00,MAR1GSOPEN;EURJPY;C1;08-10 18:03;1;08-10 18:03
2026-08-10T18:03:00.000+01:00,MAR1GSOPEN;EURJPY;C2;08-10 18:03;1;08-10 18:03
2026-08-10T18:04:00.000+01:00,"MAR1GSOPEN;EURJPY;B1;08-10 18:00;2;08-10 18:00,08-10 18:03"
2026-08-10T18:04:00.000+01:00,"MAR1GSOPEN;EURJPY;B2;08-10 18:00;2;08-10 18:00,08-10 18:03"
2026-08-10T18:04:00.000+01:00,MAR1GSOPEN;EURJPY;C1;08-10 18:03;1;08-10 18:03
2026-08-10T18:04:00.000+01:00,MAR1GSOPEN;EURJPY;C2;08-10 18:03;1;08-10 18:03
2026-08-10T18:05:00.000+01:00,"MAR1GSOPEN;EURJPY;B1;08-10 18:00;2;08-10 18:00,08-10 18:03"
2026-08-10T18:05:00.000+01:00,"MAR1GSOPEN;EURJPY;B2;08-10 18:00;2;08-10 18:00,08-10 18:03"
2026-08-10T18:05:00.000+01:00,MAR1GSOPEN;EURJPY;C1;08-10 18:03;1;08-10 18:03
2026-08-10T18:05:00.000+01:00,MAR1GSOPEN;EURJPY;C2;08-10 18:03;1;08-10 18:03
2026-08-10T18:06:00.000+01:00,"MAR1GSOPEN;EURJPY;B1;08-10 18:00;2;08-10 18:00,08-10 18:03"
2026-08-10T18:06:00.000+01:00,"MAR1GSOPEN;EURJPY;B2;08-10 18:00;2;08-10 18:00,08-10 18:03"
2026-08-10T18:06:00.000+01:00,MAR1GSOPEN;EURJPY;C1;08-10 18:03;1;08-10 18:03
2026-08-10T18:06:00.000+01:00,MAR1GSOPEN;EURJPY;C2;08-10 18:03;1;08-10 18:03
2026-08-10T18:07:00.000+01:00,"MAR1GSCLOSE;EURJPY;B1;08-10 18:00;08-10 18:08;3;long;08-10 18:00,08-10 18:03,08-10 18:07"
2026-08-10T18:07:00.000+01:00,"MAR1GSCLOSE;EURJPY;B2;08-10 18:00;08-10 18:08;3;long;08-10 18:00,08-10 18:03,08-10 18:07"
2026-08-10T18:07:00.000+01:00,"MAR1GSCLOSE;EURJPY;C1;08-10 18:03;08-10 18:08;2;long;08-10 18:03,08-10 18:07"
2026-08-10T18:07:00.000+01:00,"MAR1GSCLOSE;EURJPY;C2;08-10 18:03;08-10 18:08;2;long;08-10 18:03,08-10 18:07"
2026-08-10T19:14:00.000+01:00,MAR1GSOPEN;EURJPY;B1;08-10 19:14;0;
2026-08-10T19:14:00.000+01:00,MAR1GSOPEN;EURJPY;B2;08-10 19:14;0;
2026-08-10T19:15:00.000+01:00,MAR1GSOPEN;EURJPY;B1;08-10 19:14;0;
2026-08-10T19:15:00.000+01:00,MAR1GSOPEN;EURJPY;B2;08-10 19:14;0;
2026-08-10T19:16:00.000+01:00,MAR1GSOPEN;EURJPY;B1;08-10 19:14;0;
2026-08-10T19:16:00.000+01:00,MAR1GSOPEN;EURJPY;B2;08-10 19:14;0;
2026-08-10T19:17:00.000+01:00,MAR1GSOPEN;EURJPY;B1;08-10 19:14;0;
2026-08-10T19:17:00.000+01:00,MAR1GSOPEN;EURJPY;B2;08-10 19:14;0;
2026-08-10T19:18:00.000+01:00,MAR1GSOPEN;EURJPY;B1;08-10 19:14;0;
2026-08-10T19:18:00.000+01:00,MAR1GSOPEN;EURJPY;B2;08-10 19:14;0;
2026-08-10T19:19:00.000+01:00,MAR1GSOPEN;EURJPY;B1;08-10 19:14;0;
2026-08-10T19:19:00.000+01:00,MAR1GSOPEN;EURJPY;B2;08-10 19:14;0;
2026-08-10T19:20:00.000+01:00,MAR1GSOPEN;EURJPY;B1;08-10 19:14;0;
2026-08-10T19:20:00.000+01:00,MAR1GSOPEN;EURJPY;B2;08-10 19:14;0;
2026-08-10T19:21:00.000+01:00,MAR1GSOPEN;EURJPY;B1;08-10 19:14;0;
2026-08-10T19:21:00.000+01:00,MAR1GSOPEN;EURJPY;B2;08-10 19:14;0;
2026-08-10T19:22:00.000+01:00,MAR1GSOPEN;EURJPY;A2;08-10 19:22;0;
2026-08-10T19:22:00.000+01:00,MAR1GSOPEN;EURJPY;B1;08-10 19:22;1;08-10 19:22
2026-08-10T19:22:00.000+01:00,MAR1GSOPEN;EURJPY;B2;08-10 19:22;1;08-10 19:22
2026-08-10T19:23:00.000+01:00,MAR1GSOPEN;EURJPY;A2;08-10 19:22;0;
2026-08-10T19:23:00.000+01:00,MAR1GSOPEN;EURJPY;B1;08-10 19:22;1;08-10 19:22
2026-08-10T19:23:00.000+01:00,MAR1GSOPEN;EURJPY;B2;08-10 19:22;1;08-10 19:22
2026-08-10T19:24:00.000+01:00,MAR1GSOPEN;EURJPY;A2;08-10 19:22;0;
2026-08-10T19:24:00.000+01:00,MAR1GSOPEN;EURJPY;B1;08-10 19:22;1;08-10 19:22
2026-08-10T19:24:00.000+01:00,MAR1GSOPEN;EURJPY;B2;08-10 19:22;1;08-10 19:22
2026-08-10T19:25:00.000+01:00,MAR1GSOPEN;EURJPY;A2;08-10 19:22;0;
2026-08-10T19:25:00.000+01:00,MAR1GSOPEN;EURJPY;B1;08-10 19:22;1;08-10 19:22
2026-08-10T19:25:00.000+01:00,MAR1GSOPEN;EURJPY;B2;08-10 19:22;1;08-10 19:22
2026-08-10T19:26:00.000+01:00,MAR1GSOPEN;EURJPY;A2;08-10 19:26;1;08-10 19:26
2026-08-10T19:26:00.000+01:00,"MAR1GSOPEN;EURJPY;B1;08-10 19:22;2;08-10 19:22,08-10 19:26"
2026-08-10T19:26:00.000+01:00,"MAR1GSOPEN;EURJPY;B2;08-10 19:22;2;08-10 19:22,08-10 19:26"
2026-08-10T19:27:00.000+01:00,"MAR1GSCLOSE;EURJPY;A2;08-10 19:26;08-10 19:28;2;long;08-10 19:26,08-10 19:27"
2026-08-10T19:27:00.000+01:00,"MAR1GSCLOSE;EURJPY;B1;08-10 19:22;08-10 19:28;3;long;08-10 19:22,08-10 19:26,08-10 19:27"
2026-08-10T19:27:00.000+01:00,"MAR1GSCLOSE;EURJPY;B2;08-10 19:22;08-10 19:28;3;long;08-10 19:22,08-10 19:26,08-10 19:27"
2026-08-10T19:42:00.000+01:00,MAR1GSOPEN;EURJPY;B1;08-10 19:42;0;
2026-08-10T19:43:00.000+01:00,MAR1GSOPEN;EURJPY;B1;08-10 19:42;0;
2026-08-10T19:44:00.000+01:00,MAR1GSOPEN;EURJPY;B1;08-10 19:42;0;
2026-08-10T19:45:00.000+01:00,MAR1GSOPEN;EURJPY;B1;08-10 19:42;0;
2026-08-10T19:46:00.000+01:00,MAR1GSOPEN;EURJPY;A1;08-10 19:46;0;
2026-08-10T19:46:00.000+01:00,MAR1GSOPEN;EURJPY;A2;08-10 19:46;0;
2026-08-10T19:46:00.000+01:00,MAR1GSOPEN;EURJPY;B1;08-10 19:46;1;08-10 19:46
2026-08-10T19:46:00.000+01:00,MAR1GSOPEN;EURJPY;B2;08-10 19:46;0;
2026-08-10T19:47:00.000+01:00,MAR1GSCLOSE;EURJPY;A1;08-10 19:47;08-10 19:48;1;long;08-10 19:47
2026-08-10T19:47:00.000+01:00,MAR1GSCLOSE;EURJPY;A2;08-10 19:47;08-10 19:48;1;long;08-10 19:47
2026-08-10T19:47:00.000+01:00,"MAR1GSCLOSE;EURJPY;B1;08-10 19:46;08-10 19:48;2;long;08-10 19:46,08-10 19:47"
2026-08-10T19:47:00.000+01:00,MAR1GSCLOSE;EURJPY;B2;08-10 19:47;08-10 19:48;1;long;08-10 19:47
2026-08-11T18:40:00.000+01:00,MAR1GSOPEN;EURJPY;A1;08-11 18:40;0;
2026-08-11T18:40:00.000+01:00,MAR1GSOPEN;EURJPY;A2;08-11 18:40;0;
2026-08-11T18:41:00.000+01:00,MAR1GSOPEN;EURJPY;A1;08-11 18:40;0;
2026-08-11T18:41:00.000+01:00,MAR1GSOPEN;EURJPY;A2;08-11 18:40;0;
2026-08-11T18:42:00.000+01:00,MAR1GSOPEN;EURJPY;A1;08-11 18:40;0;
2026-08-11T18:42:00.000+01:00,MAR1GSOPEN;EURJPY;A2;08-11 18:40;0;
2026-08-11T18:43:00.000+01:00,MAR1GSOPEN;EURJPY;A1;08-11 18:40;0;
2026-08-11T18:43:00.000+01:00,MAR1GSOPEN;EURJPY;A2;08-11 18:40;0;
2026-08-11T18:44:00.000+01:00,MAR1GSOPEN;EURJPY;A1;08-11 18:40;0;
2026-08-11T18:44:00.000+01:00,MAR1GSOPEN;EURJPY;A2;08-11 18:40;0;
2026-08-11T18:45:00.000+01:00,MAR1GSOPEN;EURJPY;A1;08-11 18:40;0;
2026-08-11T18:45:00.000+01:00,MAR1GSOPEN;EURJPY;A2;08-11 18:40;0;
2026-08-11T18:46:00.000+01:00,MAR1GSOPEN;EURJPY;A1;08-11 18:40;0;
2026-08-11T18:46:00.000+01:00,MAR1GSOPEN;EURJPY;A2;08-11 18:40;0;
2026-08-11T18:47:00.000+01:00,MAR1GSOPEN;EURJPY;A1;08-11 18:40;0;
2026-08-11T18:47:00.000+01:00,MAR1GSOPEN;EURJPY;A2;08-11 18:40;0;
2026-08-11T18:48:00.000+01:00,MAR1GSOPEN;EURJPY;A1;08-11 18:40;0;
2026-08-11T18:48:00.000+01:00,MAR1GSOPEN;EURJPY;A2;08-11 18:40;0;
2026-08-11T18:49:00.000+01:00,MAR1GSOPEN;EURJPY;A1;08-11 18:40;0;
2026-08-11T18:49:00.000+01:00,MAR1GSOPEN;EURJPY;A2;08-11 18:40;0;
2026-08-11T18:50:00.000+01:00,MAR1GSOPEN;EURJPY;A1;08-11 18:40;0;
2026-08-11T18:50:00.000+01:00,MAR1GSOPEN;EURJPY;A2;08-11 18:40;0;
2026-08-11T18:51:00.000+01:00,MAR1GSOPEN;EURJPY;A1;08-11 18:40;0;
2026-08-11T18:51:00.000+01:00,MAR1GSOPEN;EURJPY;A2;08-11 18:40;0;
2026-08-11T18:52:00.000+01:00,MAR1GSOPEN;EURJPY;A1;08-11 18:40;0;
2026-08-11T18:52:00.000+01:00,MAR1GSOPEN;EURJPY;A2;08-11 18:40;0;
2026-08-11T18:53:00.000+01:00,MAR1GSOPEN;EURJPY;A1;08-11 18:40;0;
2026-08-11T18:53:00.000+01:00,MAR1GSOPEN;EURJPY;A2;08-11 18:40;0;
2026-08-11T18:54:00.000+01:00,MAR1GSOPEN;EURJPY;A1;08-11 18:40;0;
2026-08-11T18:54:00.000+01:00,MAR1GSOPEN;EURJPY;A2;08-11 18:40;0;
2026-08-11T18:55:00.000+01:00,MAR1GSOPEN;EURJPY;A1;08-11 18:40;0;
2026-08-11T18:55:00.000+01:00,MAR1GSOPEN;EURJPY;A2;08-11 18:40;0;
2026-08-11T18:56:00.000+01:00,MAR1GSOPEN;EURJPY;A1;08-11 18:40;0;
2026-08-11T18:56:00.000+01:00,MAR1GSOPEN;EURJPY;A2;08-11 18:40;0;
2026-08-11T18:57:00.000+01:00,MAR1GSOPEN;EURJPY;A1;08-11 18:40;0;
2026-08-11T18:57:00.000+01:00,MAR1GSOPEN;EURJPY;A2;08-11 18:40;0;
2026-08-11T18:58:00.000+01:00,MAR1GSOPEN;EURJPY;A1;08-11 18:40;0;
2026-08-11T18:58:00.000+01:00,MAR1GSOPEN;EURJPY;A2;08-11 18:40;0;
2026-08-11T18:59:00.000+01:00,MAR1GSOPEN;EURJPY;A1;08-11 18:40;0;
2026-08-11T18:59:00.000+01:00,MAR1GSOPEN;EURJPY;A2;08-11 18:40;0;
2026-08-11T19:00:00.000+01:00,MAR1GSOPEN;EURJPY;A1;08-11 18:40;0;
2026-08-11T19:00:00.000+01:00,MAR1GSOPEN;EURJPY;A2;08-11 18:40;0;
2026-08-11T19:01:00.000+01:00,MAR1GSOPEN;EURJPY;A1;08-11 18:40;0;
2026-08-11T19:01:00.000+01:00,MAR1GSOPEN;EURJPY;A2;08-11 18:40;0;
2026-08-11T19:02:00.000+01:00,MAR1GSOPEN;EURJPY;A1;08-11 18:40;0;
2026-08-11T19:02:00.000+01:00,MAR1GSOPEN;EURJPY;A2;08-11 18:40;0;
2026-08-11T19:03:00.000+01:00,MAR1GSOPEN;EURJPY;A1;08-11 18:40;0;
2026-08-11T19:03:00.000+01:00,MAR1GSOPEN;EURJPY;A2;08-11 18:40;0;
2026-08-11T19:04:00.000+01:00,MAR1GSOPEN;EURJPY;A1;08-11 18:40;0;
2026-08-11T19:04:00.000+01:00,MAR1GSOPEN;EURJPY;A2;08-11 18:40;0;
2026-08-11T19:05:00.000+01:00,MAR1GSOPEN;EURJPY;A1;08-11 18:40;0;
2026-08-11T19:05:00.000+01:00,MAR1GSOPEN;EURJPY;A2;08-11 18:40;0;
2026-08-11T19:06:00.000+01:00,MAR1GSOPEN;EURJPY;A1;08-11 18:40;0;
2026-08-11T19:06:00.000+01:00,MAR1GSOPEN;EURJPY;A2;08-11 18:40;0;
2026-08-11T19:07:00.000+01:00,MAR1GSOPEN;EURJPY;A1;08-11 18:40;0;
2026-08-11T19:07:00.000+01:00,MAR1GSOPEN;EURJPY;A2;08-11 18:40;0;
2026-08-11T19:08:00.000+01:00,MAR1GSOPEN;EURJPY;A1;08-11 18:40;0;
2026-08-11T19:08:00.000+01:00,MAR1GSOPEN;EURJPY;A2;08-11 18:40;0;
2026-08-11T19:09:00.000+01:00,MAR1GSOPEN;EURJPY;A1;08-11 18:40;0;
2026-08-11T19:09:00.000+01:00,MAR1GSOPEN;EURJPY;A2;08-11 18:40;0;
2026-08-11T19:10:00.000+01:00,MAR1GSOPEN;EURJPY;A1;08-11 18:40;0;
2026-08-11T19:10:00.000+01:00,MAR1GSOPEN;EURJPY;A2;08-11 18:40;0;
2026-08-11T19:11:00.000+01:00,MAR1GSOPEN;EURJPY;A1;08-11 18:40;0;
2026-08-11T19:11:00.000+01:00,MAR1GSOPEN;EURJPY;A2;08-11 18:40;0;
2026-08-11T19:12:00.000+01:00,MAR1GSOPEN;EURJPY;A1;08-11 18:40;0;
2026-08-11T19:12:00.000+01:00,MAR1GSOPEN;EURJPY;A2;08-11 18:40;0;
2026-08-11T19:12:00.000+01:00,MAR1GSOPEN;EURJPY;B1;08-11 19:12;0;
2026-08-11T19:12:00.000+01:00,MAR1GSOPEN;EURJPY;B2;08-11 19:12;0;
2026-08-11T19:13:00.000+01:00,MAR1GSOPEN;EURJPY;A1;08-11 18:40;0;
2026-08-11T19:13:00.000+01:00,MAR1GSOPEN;EURJPY;A2;08-11 18:40;0;
2026-08-11T19:13:00.000+01:00,MAR1GSOPEN;EURJPY;B1;08-11 19:12;0;
2026-08-11T19:13:00.000+01:00,MAR1GSOPEN;EURJPY;B2;08-11 19:12;0;
2026-08-11T19:14:00.000+01:00,MAR1GSOPEN;EURJPY;A1;08-11 18:40;0;
2026-08-11T19:14:00.000+01:00,MAR1GSOPEN;EURJPY;A2;08-11 18:40;0;
2026-08-11T19:14:00.000+01:00,MAR1GSOPEN;EURJPY;B1;08-11 19:12;0;
2026-08-11T19:14:00.000+01:00,MAR1GSOPEN;EURJPY;B2;08-11 19:12;0;
2026-08-11T19:15:00.000+01:00,MAR1GSOPEN;EURJPY;A1;08-11 18:40;0;
2026-08-11T19:15:00.000+01:00,MAR1GSOPEN;EURJPY;A2;08-11 18:40;0;
2026-08-11T19:15:00.000+01:00,MAR1GSOPEN;EURJPY;B1;08-11 19:12;0;
2026-08-11T19:15:00.000+01:00,MAR1GSOPEN;EURJPY;B2;08-11 19:12;0;
2026-08-11T19:16:00.000+01:00,MAR1GSOPEN;EURJPY;A1;08-11 18:40;0;
2026-08-11T19:16:00.000+01:00,MAR1GSOPEN;EURJPY;A2;08-11 18:40;0;
2026-08-11T19:16:00.000+01:00,MAR1GSOPEN;EURJPY;B1;08-11 19:12;0;
2026-08-11T19:16:00.000+01:00,MAR1GSOPEN;EURJPY;B2;08-11 19:12;0;
2026-08-11T19:17:00.000+01:00,MAR1GSOPEN;EURJPY;A1;08-11 18:40;0;
2026-08-11T19:17:00.000+01:00,MAR1GSOPEN;EURJPY;A2;08-11 18:40;0;
2026-08-11T19:17:00.000+01:00,MAR1GSOPEN;EURJPY;B1;08-11 19:12;0;
2026-08-11T19:17:00.000+01:00,MAR1GSOPEN;EURJPY;B2;08-11 19:12;0;
2026-08-11T19:18:00.000+01:00,MAR1GSOPEN;EURJPY;A1;08-11 18:40;0;
2026-08-11T19:18:00.000+01:00,MAR1GSOPEN;EURJPY;A2;08-11 18:40;0;
2026-08-11T19:18:00.000+01:00,MAR1GSOPEN;EURJPY;B1;08-11 19:12;0;
2026-08-11T19:18:00.000+01:00,MAR1GSOPEN;EURJPY;B2;08-11 19:12;0;
2026-08-11T19:19:00.000+01:00,MAR1GSOPEN;EURJPY;A1;08-11 18:40;0;
2026-08-11T19:19:00.000+01:00,MAR1GSOPEN;EURJPY;A2;08-11 18:40;0;
2026-08-11T19:19:00.000+01:00,MAR1GSOPEN;EURJPY;B1;08-11 19:12;0;
2026-08-11T19:19:00.000+01:00,MAR1GSOPEN;EURJPY;B2;08-11 19:12;0;
2026-08-11T19:20:00.000+01:00,MAR1GSOPEN;EURJPY;A1;08-11 18:40;0;
2026-08-11T19:20:00.000+01:00,MAR1GSOPEN;EURJPY;A2;08-11 18:40;0;
2026-08-11T19:20:00.000+01:00,MAR1GSOPEN;EURJPY;B1;08-11 19:12;0;
2026-08-11T19:20:00.000+01:00,MAR1GSOPEN;EURJPY;B2;08-11 19:12;0;
2026-08-11T19:21:00.000+01:00,MAR1GSOPEN;EURJPY;A1;08-11 18:40;0;
2026-08-11T19:21:00.000+01:00,MAR1GSOPEN;EURJPY;A2;08-11 18:40;0;
2026-08-11T19:21:00.000+01:00,MAR1GSOPEN;EURJPY;B1;08-11 19:12;0;
2026-08-11T19:21:00.000+01:00,MAR1GSOPEN;EURJPY;B2;08-11 19:12;0;
2026-08-11T19:22:00.000+01:00,MAR1GSOPEN;EURJPY;A1;08-11 18:40;0;
2026-08-11T19:22:00.000+01:00,MAR1GSOPEN;EURJPY;A2;08-11 18:40;0;
2026-08-11T19:22:00.000+01:00,MAR1GSOPEN;EURJPY;B1;08-11 19:12;0;
2026-08-11T19:22:00.000+01:00,MAR1GSOPEN;EURJPY;B2;08-11 19:12;0;
2026-08-11T19:23:00.000+01:00,MAR1GSOPEN;EURJPY;A1;08-11 18:40;0;
2026-08-11T19:23:00.000+01:00,MAR1GSOPEN;EURJPY;A2;08-11 18:40;0;
2026-08-11T19:23:00.000+01:00,MAR1GSOPEN;EURJPY;B1;08-11 19:12;0;
2026-08-11T19:23:00.000+01:00,MAR1GSOPEN;EURJPY;B2;08-11 19:12;0;
2026-08-11T19:24:00.000+01:00,MAR1GSOPEN;EURJPY;A1;08-11 18:40;0;
2026-08-11T19:24:00.000+01:00,MAR1GSOPEN;EURJPY;A2;08-11 18:40;0;
2026-08-11T19:24:00.000+01:00,MAR1GSOPEN;EURJPY;B1;08-11 19:12;0;
2026-08-11T19:24:00.000+01:00,MAR1GSOPEN;EURJPY;B2;08-11 19:12;0;
2026-08-11T19:25:00.000+01:00,MAR1GSOPEN;EURJPY;A1;08-11 18:40;0;
2026-08-11T19:25:00.000+01:00,MAR1GSOPEN;EURJPY;A2;08-11 18:40;0;
2026-08-11T19:25:00.000+01:00,MAR1GSOPEN;EURJPY;B1;08-11 19:12;0;
2026-08-11T19:25:00.000+01:00,MAR1GSOPEN;EURJPY;B2;08-11 19:12;0;
2026-08-11T19:26:00.000+01:00,MAR1GSOPEN;EURJPY;A1;08-11 18:40;0;
2026-08-11T19:26:00.000+01:00,MAR1GSOPEN;EURJPY;A2;08-11 18:40;0;
2026-08-11T19:26:00.000+01:00,MAR1GSOPEN;EURJPY;B1;08-11 19:12;0;
2026-08-11T19:26:00.000+01:00,MAR1GSOPEN;EURJPY;B2;08-11 19:12;0;
2026-08-11T19:27:00.000+01:00,MAR1GSOPEN;EURJPY;A1;08-11 18:40;0;
2026-08-11T19:27:00.000+01:00,MAR1GSOPEN;EURJPY;A2;08-11 18:40;0;
2026-08-11T19:27:00.000+01:00,MAR1GSOPEN;EURJPY;B1;08-11 19:12;0;
2026-08-11T19:27:00.000+01:00,MAR1GSOPEN;EURJPY;B2;08-11 19:12;0;
2026-08-11T19:28:00.000+01:00,MAR1GSOPEN;EURJPY;A1;08-11 18:40;0;
2026-08-11T19:28:00.000+01:00,MAR1GSOPEN;EURJPY;A2;08-11 18:40;0;
2026-08-11T19:28:00.000+01:00,MAR1GSOPEN;EURJPY;B1;08-11 19:12;0;
2026-08-11T19:28:00.000+01:00,MAR1GSOPEN;EURJPY;B2;08-11 19:12;0;
2026-08-11T19:29:00.000+01:00,MAR1GSOPEN;EURJPY;A1;08-11 18:40;0;
2026-08-11T19:29:00.000+01:00,MAR1GSOPEN;EURJPY;A2;08-11 18:40;0;
2026-08-11T19:29:00.000+01:00,MAR1GSOPEN;EURJPY;B1;08-11 19:12;0;
2026-08-11T19:29:00.000+01:00,MAR1GSOPEN;EURJPY;B2;08-11 19:12;0;
2026-08-11T19:30:00.000+01:00,MAR1GSOPEN;EURJPY;A1;08-11 18:40;0;
2026-08-11T19:30:00.000+01:00,MAR1GSOPEN;EURJPY;A2;08-11 18:40;0;
2026-08-11T19:30:00.000+01:00,MAR1GSOPEN;EURJPY;B1;08-11 19:12;0;
2026-08-11T19:30:00.000+01:00,MAR1GSOPEN;EURJPY;B2;08-11 19:12;0;
2026-08-11T19:31:00.000+01:00,MAR1GSOPEN;EURJPY;A1;08-11 18:40;0;
2026-08-11T19:31:00.000+01:00,MAR1GSOPEN;EURJPY;A2;08-11 18:40;0;
2026-08-11T19:31:00.000+01:00,MAR1GSOPEN;EURJPY;B1;08-11 19:12;0;
2026-08-11T19:31:00.000+01:00,MAR1GSOPEN;EURJPY;B2;08-11 19:12;0;
2026-08-11T19:32:00.000+01:00,MAR1GSOPEN;EURJPY;A1;08-11 18:40;0;
2026-08-11T19:32:00.000+01:00,MAR1GSOPEN;EURJPY;A2;08-11 18:40;0;
2026-08-11T19:32:00.000+01:00,MAR1GSOPEN;EURJPY;B1;08-11 19:12;0;
2026-08-11T19:32:00.000+01:00,MAR1GSOPEN;EURJPY;B2;08-11 19:12;0;
2026-08-11T19:33:00.000+01:00,MAR1GSOPEN;EURJPY;A1;08-11 18:40;0;
2026-08-11T19:33:00.000+01:00,MAR1GSOPEN;EURJPY;A2;08-11 18:40;0;
2026-08-11T19:33:00.000+01:00,MAR1GSOPEN;EURJPY;B1;08-11 19:12;0;
2026-08-11T19:33:00.000+01:00,MAR1GSOPEN;EURJPY;B2;08-11 19:12;0;
2026-08-11T19:34:00.000+01:00,MAR1GSOPEN;EURJPY;A1;08-11 18:40;0;
2026-08-11T19:34:00.000+01:00,MAR1GSOPEN;EURJPY;A2;08-11 18:40;0;
2026-08-11T19:34:00.000+01:00,MAR1GSOPEN;EURJPY;B1;08-11 19:12;0;
2026-08-11T19:34:00.000+01:00,MAR1GSOPEN;EURJPY;B2;08-11 19:12;0;
2026-08-11T19:35:00.000+01:00,MAR1GSOPEN;EURJPY;A1;08-11 18:40;0;
2026-08-11T19:35:00.000+01:00,MAR1GSOPEN;EURJPY;A2;08-11 18:40;0;
2026-08-11T19:35:00.000+01:00,MAR1GSOPEN;EURJPY;B1;08-11 19:12;0;
2026-08-11T19:35:00.000+01:00,MAR1GSOPEN;EURJPY;B2;08-11 19:12;0;
2026-08-11T19:36:00.000+01:00,MAR1GSOPEN;EURJPY;A1;08-11 18:40;0;
2026-08-11T19:36:00.000+01:00,MAR1GSOPEN;EURJPY;A2;08-11 18:40;0;
2026-08-11T19:36:00.000+01:00,MAR1GSOPEN;EURJPY;B1;08-11 19:12;0;
2026-08-11T19:36:00.000+01:00,MAR1GSOPEN;EURJPY;B2;08-11 19:12;0;
2026-08-11T19:37:00.000+01:00,MAR1GSOPEN;EURJPY;A1;08-11 18:40;0;
2026-08-11T19:37:00.000+01:00,MAR1GSOPEN;EURJPY;A2;08-11 18:40;0;
2026-08-11T19:37:00.000+01:00,MAR1GSOPEN;EURJPY;B1;08-11 19:12;0;
2026-08-11T19:37:00.000+01:00,MAR1GSOPEN;EURJPY;B2;08-11 19:12;0;
2026-08-11T19:38:00.000+01:00,MAR1GSOPEN;EURJPY;A1;08-11 18:40;0;
2026-08-11T19:38:00.000+01:00,MAR1GSOPEN;EURJPY;A2;08-11 18:40;0;
2026-08-11T19:38:00.000+01:00,MAR1GSOPEN;EURJPY;B1;08-11 19:12;0;
2026-08-11T19:38:00.000+01:00,MAR1GSOPEN;EURJPY;B2;08-11 19:12;0;
2026-08-11T19:39:00.000+01:00,MAR1GSOPEN;EURJPY;A1;08-11 18:40;0;
2026-08-11T19:39:00.000+01:00,MAR1GSOPEN;EURJPY;A2;08-11 18:40;0;
2026-08-11T19:39:00.000+01:00,MAR1GSOPEN;EURJPY;B1;08-11 19:12;0;
2026-08-11T19:39:00.000+01:00,MAR1GSOPEN;EURJPY;B2;08-11 19:12;0;
2026-08-11T19:40:00.000+01:00,MAR1GSOPEN;EURJPY;A1;08-11 18:40;0;
2026-08-11T19:40:00.000+01:00,MAR1GSOPEN;EURJPY;A2;08-11 18:40;0;
2026-08-11T19:40:00.000+01:00,MAR1GSOPEN;EURJPY;B1;08-11 19:12;0;
2026-08-11T19:40:00.000+01:00,MAR1GSOPEN;EURJPY;B2;08-11 19:12;0;
2026-08-11T19:41:00.000+01:00,MAR1GSOPEN;EURJPY;A1;08-11 18:40;0;
2026-08-11T19:41:00.000+01:00,MAR1GSOPEN;EURJPY;A2;08-11 18:40;0;
2026-08-11T19:41:00.000+01:00,MAR1GSOPEN;EURJPY;B1;08-11 19:12;0;
2026-08-11T19:41:00.000+01:00,MAR1GSOPEN;EURJPY;B2;08-11 19:12;0;
2026-08-11T19:42:00.000+01:00,MAR1GSOPEN;EURJPY;A1;08-11 18:40;0;
2026-08-11T19:42:00.000+01:00,MAR1GSOPEN;EURJPY;A2;08-11 18:40;0;
2026-08-11T19:42:00.000+01:00,MAR1GSOPEN;EURJPY;B1;08-11 19:12;0;
2026-08-11T19:42:00.000+01:00,MAR1GSOPEN;EURJPY;B2;08-11 19:12;0;
2026-08-11T19:43:00.000+01:00,MAR1GSOPEN;EURJPY;A1;08-11 18:40;0;
2026-08-11T19:43:00.000+01:00,MAR1GSOPEN;EURJPY;A2;08-11 18:40;0;
2026-08-11T19:43:00.000+01:00,MAR1GSOPEN;EURJPY;B1;08-11 19:12;0;
2026-08-11T19:43:00.000+01:00,MAR1GSOPEN;EURJPY;B2;08-11 19:12;0;
2026-08-11T19:44:00.000+01:00,MAR1GSOPEN;EURJPY;A1;08-11 19:44;1;08-11 19:44
2026-08-11T19:44:00.000+01:00,MAR1GSOPEN;EURJPY;A2;08-11 19:44;1;08-11 19:44
2026-08-11T19:44:00.000+01:00,MAR1GSOPEN;EURJPY;B1;08-11 19:44;1;08-11 19:44
2026-08-11T19:44:00.000+01:00,MAR1GSOPEN;EURJPY;B2;08-11 19:44;1;08-11 19:44
2026-08-11T19:44:00.000+01:00,MAR1GSOPEN;EURJPY;C1;08-11 19:44;0;
2026-08-11T19:44:00.000+01:00,MAR1GSOPEN;EURJPY;C2;08-11 19:44;0;
2026-08-11T19:45:00.000+01:00,"MAR1GSCLOSE;EURJPY;A1;08-11 19:44;08-11 19:46;2;long;08-11 19:44,08-11 19:45"
2026-08-11T19:45:00.000+01:00,"MAR1GSCLOSE;EURJPY;A2;08-11 19:44;08-11 19:46;2;long;08-11 19:44,08-11 19:45"
2026-08-11T19:45:00.000+01:00,"MAR1GSCLOSE;EURJPY;B1;08-11 19:44;08-11 19:46;2;long;08-11 19:44,08-11 19:45"
2026-08-11T19:45:00.000+01:00,"MAR1GSCLOSE;EURJPY;B2;08-11 19:44;08-11 19:46;2;long;08-11 19:44,08-11 19:45"
2026-08-11T19:45:00.000+01:00,MAR1GSCLOSE;EURJPY;C1;08-11 19:45;08-11 19:46;1;long;08-11 19:45
2026-08-11T19:45:00.000+01:00,MAR1GSCLOSE;EURJPY;C2;08-11 19:45;08-11 19:46;1;long;08-11 19:45
2026-08-03T11:12:00.000+01:00,MAR1GSOPEN;EURJPY;A1;08-03 11:12;0;
2026-08-03T11:12:00.000+01:00,MAR1GSOPEN;EURJPY;A2;08-03 11:12;0;
2026-08-03T11:12:00.000+01:00,MAR1GSOPEN;EURJPY;B1;08-03 11:12;0;
2026-08-03T11:12:00.000+01:00,MAR1GSOPEN;EURJPY;B2;08-03 11:12;0;
2026-08-03T11:13:00.000+01:00,MAR1GSOPEN;EURJPY;A1;08-03 11:12;0;
2026-08-03T11:13:00.000+01:00,MAR1GSOPEN;EURJPY;A2;08-03 11:12;0;
2026-08-03T11:13:00.000+01:00,MAR1GSOPEN;EURJPY;B1;08-03 11:12;0;
2026-08-03T11:13:00.000+01:00,MAR1GSOPEN;EURJPY;B2;08-03 11:12;0;
2026-08-03T11:14:00.000+01:00,MAR1GSOPEN;EURJPY;A1;08-03 11:12;0;
2026-08-03T11:14:00.000+01:00,MAR1GSOPEN;EURJPY;A2;08-03 11:12;0;
2026-08-03T11:14:00.000+01:00,MAR1GSOPEN;EURJPY;B1;08-03 11:12;0;
2026-08-03T11:14:00.000+01:00,MAR1GSOPEN;EURJPY;B2;08-03 11:12;0;
2026-08-03T11:15:00.000+01:00,MAR1GSOPEN;EURJPY;A1;08-03 11:15;1;08-03 11:15
2026-08-03T11:15:00.000+01:00,MAR1GSOPEN;EURJPY;A2;08-03 11:15;1;08-03 11:15
2026-08-03T11:15:00.000+01:00,MAR1GSOPEN;EURJPY;B1;08-03 11:15;1;08-03 11:15
2026-08-03T11:15:00.000+01:00,MAR1GSOPEN;EURJPY;B2;08-03 11:15;1;08-03 11:15
2026-08-03T11:15:00.000+01:00,MAR1GSOPEN;EURJPY;D2;08-03 11:15;0;
2026-08-03T11:16:00.000+01:00,"MAR1GSCLOSE;EURJPY;A1;08-03 11:15;08-03 11:17;2;short;08-03 11:15,08-03 11:16"
2026-08-03T11:16:00.000+01:00,"MAR1GSCLOSE;EURJPY;A2;08-03 11:15;08-03 11:17;2;short;08-03 11:15,08-03 11:16"
2026-08-03T11:16:00.000+01:00,"MAR1GSCLOSE;EURJPY;B1;08-03 11:15;08-03 11:17;2;short;08-03 11:15,08-03 11:16"
2026-08-03T11:16:00.000+01:00,"MAR1GSCLOSE;EURJPY;B2;08-03 11:15;08-03 11:17;2;short;08-03 11:15,08-03 11:16"
2026-08-03T11:16:00.000+01:00,MAR1GSCLOSE;EURJPY;D2;08-03 11:16;08-03 11:17;1;short;08-03 11:16
2026-08-03T16:10:00.000+01:00,MAR1GSOPEN;EURJPY;A1;08-03 16:10;0;
2026-08-03T16:10:00.000+01:00,MAR1GSOPEN;EURJPY;A2;08-03 16:10;0;
2026-08-03T16:10:00.000+01:00,MAR1GSOPEN;EURJPY;B1;08-03 16:10;0;
2026-08-03T16:10:00.000+01:00,MAR1GSOPEN;EURJPY;B2;08-03 16:10;0;
2026-08-03T16:11:00.000+01:00,MAR1GSOPEN;EURJPY;A1;08-03 16:11;1;08-03 16:11
2026-08-03T16:11:00.000+01:00,MAR1GSOPEN;EURJPY;A2;08-03 16:11;1;08-03 16:11
2026-08-03T16:11:00.000+01:00,MAR1GSOPEN;EURJPY;B1;08-03 16:11;1;08-03 16:11
2026-08-03T16:11:00.000+01:00,MAR1GSOPEN;EURJPY;B2;08-03 16:11;1;08-03 16:11
2026-08-03T16:11:00.000+01:00,MAR1GSOPEN;EURJPY;C1;08-03 16:11;0;
2026-08-03T16:11:00.000+01:00,MAR1GSOPEN;EURJPY;C2;08-03 16:11;0;
2026-08-03T16:12:00.000+01:00,"MAR1GSOPEN;EURJPY;A1;08-03 16:11;2;08-03 16:11,08-03 16:12"
2026-08-03T16:12:00.000+01:00,"MAR1GSOPEN;EURJPY;A2;08-03 16:11;2;08-03 16:11,08-03 16:12"
2026-08-03T16:12:00.000+01:00,"MAR1GSOPEN;EURJPY;B1;08-03 16:11;2;08-03 16:11,08-03 16:12"
2026-08-03T16:12:00.000+01:00,"MAR1GSOPEN;EURJPY;B2;08-03 16:11;2;08-03 16:11,08-03 16:12"
2026-08-03T16:12:00.000+01:00,MAR1GSOPEN;EURJPY;C1;08-03 16:12;1;08-03 16:12
2026-08-03T16:12:00.000+01:00,MAR1GSOPEN;EURJPY;C2;08-03 16:12;1;08-03 16:12
2026-08-03T16:13:00.000+01:00,"MAR1GSOPEN;EURJPY;A1;08-03 16:11;2;08-03 16:11,08-03 16:12"
2026-08-03T16:13:00.000+01:00,"MAR1GSOPEN;EURJPY;A2;08-03 16:11;2;08-03 16:11,08-03 16:12"
2026-08-03T16:13:00.000+01:00,"MAR1GSOPEN;EURJPY;B1;08-03 16:11;2;08-03 16:11,08-03 16:12"
2026-08-03T16:13:00.000+01:00,"MAR1GSOPEN;EURJPY;B2;08-03 16:11;2;08-03 16:11,08-03 16:12"
2026-08-03T16:13:00.000+01:00,MAR1GSOPEN;EURJPY;C1;08-03 16:12;1;08-03 16:12
2026-08-03T16:13:00.000+01:00,MAR1GSOPEN;EURJPY;C2;08-03 16:12;1;08-03 16:12
2026-08-03T16:14:00.000+01:00,"MAR1GSOPEN;EURJPY;A1;08-03 16:11;2;08-03 16:11,08-03 16:12"
2026-08-03T16:14:00.000+01:00,"MAR1GSOPEN;EURJPY;A2;08-03 16:11;2;08-03 16:11,08-03 16:12"
2026-08-03T16:14:00.000+01:00,"MAR1GSOPEN;EURJPY;B1;08-03 16:11;2;08-03 16:11,08-03 16:12"
2026-08-03T16:14:00.000+01:00,"MAR1GSOPEN;EURJPY;B2;08-03 16:11;2;08-03 16:11,08-03 16:12"
2026-08-03T16:14:00.000+01:00,MAR1GSOPEN;EURJPY;C1;08-03 16:12;1;08-03 16:12
2026-08-03T16:14:00.000+01:00,MAR1GSOPEN;EURJPY;C2;08-03 16:12;1;08-03 16:12
2026-08-03T16:15:00.000+01:00,"MAR1GSOPEN;EURJPY;A1;08-03 16:11;2;08-03 16:11,08-03 16:12"
2026-08-03T16:15:00.000+01:00,"MAR1GSOPEN;EURJPY;A2;08-03 16:11;2;08-03 16:11,08-03 16:12"
2026-08-03T16:15:00.000+01:00,"MAR1GSOPEN;EURJPY;B1;08-03 16:11;2;08-03 16:11,08-03 16:12"
2026-08-03T16:15:00.000+01:00,"MAR1GSOPEN;EURJPY;B2;08-03 16:11;2;08-03 16:11,08-03 16:12"
2026-08-03T16:15:00.000+01:00,MAR1GSOPEN;EURJPY;C1;08-03 16:12;1;08-03 16:12
2026-08-03T16:15:00.000+01:00,MAR1GSOPEN;EURJPY;C2;08-03 16:12;1;08-03 16:12
2026-08-03T16:16:00.000+01:00,"MAR1GSOPEN;EURJPY;A1;08-03 16:11;2;08-03 16:11,08-03 16:12"
2026-08-03T16:16:00.000+01:00,"MAR1GSOPEN;EURJPY;A2;08-03 16:11;2;08-03 16:11,08-03 16:12"
2026-08-03T16:16:00.000+01:00,"MAR1GSOPEN;EURJPY;B1;08-03 16:11;2;08-03 16:11,08-03 16:12"
2026-08-03T16:16:00.000+01:00,"MAR1GSOPEN;EURJPY;B2;08-03 16:11;2;08-03 16:11,08-03 16:12"
2026-08-03T16:16:00.000+01:00,MAR1GSOPEN;EURJPY;C1;08-03 16:12;1;08-03 16:12
2026-08-03T16:16:00.000+01:00,MAR1GSOPEN;EURJPY;C2;08-03 16:12;1;08-03 16:12
2026-08-03T16:17:00.000+01:00,"MAR1GSOPEN;EURJPY;A1;08-03 16:11;2;08-03 16:11,08-03 16:12"
2026-08-03T16:17:00.000+01:00,"MAR1GSOPEN;EURJPY;A2;08-03 16:11;2;08-03 16:11,08-03 16:12"
2026-08-03T16:17:00.000+01:00,"MAR1GSOPEN;EURJPY;B1;08-03 16:11;2;08-03 16:11,08-03 16:12"
2026-08-03T16:17:00.000+01:00,"MAR1GSOPEN;EURJPY;B2;08-03 16:11;2;08-03 16:11,08-03 16:12"
2026-08-03T16:17:00.000+01:00,MAR1GSOPEN;EURJPY;C1;08-03 16:12;1;08-03 16:12
2026-08-03T16:17:00.000+01:00,MAR1GSOPEN;EURJPY;C2;08-03 16:12;1;08-03 16:12
2026-08-03T16:18:00.000+01:00,"MAR1GSOPEN;EURJPY;A1;08-03 16:11;2;08-03 16:11,08-03 16:12"
2026-08-03T16:18:00.000+01:00,"MAR1GSOPEN;EURJPY;A2;08-03 16:11;2;08-03 16:11,08-03 16:12"
2026-08-03T16:18:00.000+01:00,"MAR1GSOPEN;EURJPY;B1;08-03 16:11;2;08-03 16:11,08-03 16:12"
2026-08-03T16:18:00.000+01:00,"MAR1GSOPEN;EURJPY;B2;08-03 16:11;2;08-03 16:11,08-03 16:12"
2026-08-03T16:18:00.000+01:00,MAR1GSOPEN;EURJPY;C1;08-03 16:12;1;08-03 16:12
2026-08-03T16:18:00.000+01:00,MAR1GSOPEN;EURJPY;C2;08-03 16:12;1;08-03 16:12
2026-08-03T16:19:00.000+01:00,"MAR1GSOPEN;EURJPY;A1;08-03 16:11;2;08-03 16:11,08-03 16:12"
2026-08-03T16:19:00.000+01:00,"MAR1GSOPEN;EURJPY;A2;08-03 16:11;2;08-03 16:11,08-03 16:12"
2026-08-03T16:19:00.000+01:00,"MAR1GSOPEN;EURJPY;B1;08-03 16:11;2;08-03 16:11,08-03 16:12"
2026-08-03T16:19:00.000+01:00,"MAR1GSOPEN;EURJPY;B2;08-03 16:11;2;08-03 16:11,08-03 16:12"
2026-08-03T16:19:00.000+01:00,MAR1GSOPEN;EURJPY;C1;08-03 16:12;1;08-03 16:12
2026-08-03T16:19:00.000+01:00,MAR1GSOPEN;EURJPY;C2;08-03 16:12;1;08-03 16:12
2026-08-03T16:20:00.000+01:00,"MAR1GSOPEN;EURJPY;A1;08-03 16:11;2;08-03 16:11,08-03 16:12"
2026-08-03T16:20:00.000+01:00,"MAR1GSOPEN;EURJPY;A2;08-03 16:11;2;08-03 16:11,08-03 16:12"
2026-08-03T16:20:00.000+01:00,"MAR1GSOPEN;EURJPY;B1;08-03 16:11;2;08-03 16:11,08-03 16:12"
2026-08-03T16:20:00.000+01:00,"MAR1GSOPEN;EURJPY;B2;08-03 16:11;2;08-03 16:11,08-03 16:12"
2026-08-03T16:20:00.000+01:00,MAR1GSOPEN;EURJPY;C1;08-03 16:12;1;08-03 16:12
2026-08-03T16:20:00.000+01:00,MAR1GSOPEN;EURJPY;C2;08-03 16:12;1;08-03 16:12
2026-08-03T16:21:00.000+01:00,"MAR1GSOPEN;EURJPY;A1;08-03 16:11;2;08-03 16:11,08-03 16:12"
2026-08-03T16:21:00.000+01:00,"MAR1GSOPEN;EURJPY;A2;08-03 16:11;2;08-03 16:11,08-03 16:12"
2026-08-03T16:21:00.000+01:00,"MAR1GSOPEN;EURJPY;B1;08-03 16:11;2;08-03 16:11,08-03 16:12"
2026-08-03T16:21:00.000+01:00,"MAR1GSOPEN;EURJPY;B2;08-03 16:11;2;08-03 16:11,08-03 16:12"
2026-08-03T16:21:00.000+01:00,MAR1GSOPEN;EURJPY;C1;08-03 16:12;1;08-03 16:12
2026-08-03T16:21:00.000+01:00,MAR1GSOPEN;EURJPY;C2;08-03 16:12;1;08-03 16:12
2026-08-03T16:22:00.000+01:00,"MAR1GSOPEN;EURJPY;A1;08-03 16:11;2;08-03 16:11,08-03 16:12"
2026-08-03T16:22:00.000+01:00,"MAR1GSOPEN;EURJPY;A2;08-03 16:11;2;08-03 16:11,08-03 16:12"
2026-08-03T16:22:00.000+01:00,"MAR1GSOPEN;EURJPY;B1;08-03 16:11;2;08-03 16:11,08-03 16:12"
2026-08-03T16:22:00.000+01:00,"MAR1GSOPEN;EURJPY;B2;08-03 16:11;2;08-03 16:11,08-03 16:12"
2026-08-03T16:22:00.000+01:00,MAR1GSOPEN;EURJPY;C1;08-03 16:12;1;08-03 16:12
2026-08-03T16:22:00.000+01:00,MAR1GSOPEN;EURJPY;C2;08-03 16:12;1;08-03 16:12
2026-08-03T16:23:00.000+01:00,"MAR1GSOPEN;EURJPY;A1;08-03 16:11;2;08-03 16:11,08-03 16:12"
2026-08-03T16:23:00.000+01:00,"MAR1GSOPEN;EURJPY;A2;08-03 16:11;2;08-03 16:11,08-03 16:12"
2026-08-03T16:23:00.000+01:00,"MAR1GSOPEN;EURJPY;B1;08-03 16:11;2;08-03 16:11,08-03 16:12"
2026-08-03T16:23:00.000+01:00,"MAR1GSOPEN;EURJPY;B2;08-03 16:11;2;08-03 16:11,08-03 16:12"
2026-08-03T16:23:00.000+01:00,MAR1GSOPEN;EURJPY;C1;08-03 16:12;1;08-03 16:12
2026-08-03T16:23:00.000+01:00,MAR1GSOPEN;EURJPY;C2;08-03 16:12;1;08-03 16:12
2026-08-03T16:24:00.000+01:00,"MAR1GSOPEN;EURJPY;A1;08-03 16:11;2;08-03 16:11,08-03 16:12"
2026-08-03T16:24:00.000+01:00,"MAR1GSOPEN;EURJPY;A2;08-03 16:11;2;08-03 16:11,08-03 16:12"
2026-08-03T16:24:00.000+01:00,"MAR1GSOPEN;EURJPY;B1;08-03 16:11;2;08-03 16:11,08-03 16:12"
2026-08-03T16:24:00.000+01:00,"MAR1GSOPEN;EURJPY;B2;08-03 16:11;2;08-03 16:11,08-03 16:12"
2026-08-03T16:24:00.000+01:00,MAR1GSOPEN;EURJPY;C1;08-03 16:12;1;08-03 16:12
2026-08-03T16:24:00.000+01:00,MAR1GSOPEN;EURJPY;C2;08-03 16:12;1;08-03 16:12
2026-08-03T16:25:00.000+01:00,"MAR1GSOPEN;EURJPY;A1;08-03 16:11;2;08-03 16:11,08-03 16:12"
2026-08-03T16:25:00.000+01:00,"MAR1GSOPEN;EURJPY;A2;08-03 16:11;2;08-03 16:11,08-03 16:12"
2026-08-03T16:25:00.000+01:00,"MAR1GSOPEN;EURJPY;B1;08-03 16:11;2;08-03 16:11,08-03 16:12"
2026-08-03T16:25:00.000+01:00,"MAR1GSOPEN;EURJPY;B2;08-03 16:11;2;08-03 16:11,08-03 16:12"
2026-08-03T16:25:00.000+01:00,MAR1GSOPEN;EURJPY;C1;08-03 16:12;1;08-03 16:12
2026-08-03T16:25:00.000+01:00,MAR1GSOPEN;EURJPY;C2;08-03 16:12;1;08-03 16:12
2026-08-03T16:26:00.000+01:00,"MAR1GSOPEN;EURJPY;A1;08-03 16:11;3;08-03 16:11,08-03 16:12,08-03 16:26"
2026-08-03T16:26:00.000+01:00,"MAR1GSOPEN;EURJPY;A2;08-03 16:11;3;08-03 16:11,08-03 16:12,08-03 16:26"
2026-08-03T16:26:00.000+01:00,"MAR1GSOPEN;EURJPY;B1;08-03 16:11;3;08-03 16:11,08-03 16:12,08-03 16:26"
2026-08-03T16:26:00.000+01:00,"MAR1GSOPEN;EURJPY;B2;08-03 16:11;3;08-03 16:11,08-03 16:12,08-03 16:26"
2026-08-03T16:26:00.000+01:00,"MAR1GSOPEN;EURJPY;C1;08-03 16:12;2;08-03 16:12,08-03 16:26"
2026-08-03T16:26:00.000+01:00,"MAR1GSOPEN;EURJPY;C2;08-03 16:12;2;08-03 16:12,08-03 16:26"
2026-08-03T16:26:00.000+01:00,MAR1GSOPEN;EURJPY;D1;08-03 16:26;0;
2026-08-03T16:27:00.000+01:00,"MAR1GSOPEN;EURJPY;A1;08-03 16:11;4;08-03 16:11,08-03 16:12,08-03 16:26,08-03 16:27"
2026-08-03T16:27:00.000+01:00,"MAR1GSOPEN;EURJPY;A2;08-03 16:11;4;08-03 16:11,08-03 16:12,08-03 16:26,08-03 16:27"
2026-08-03T16:27:00.000+01:00,"MAR1GSOPEN;EURJPY;B1;08-03 16:11;4;08-03 16:11,08-03 16:12,08-03 16:26,08-03 16:27"
2026-08-03T16:27:00.000+01:00,"MAR1GSOPEN;EURJPY;B2;08-03 16:11;4;08-03 16:11,08-03 16:12,08-03 16:26,08-03 16:27"
2026-08-03T16:27:00.000+01:00,"MAR1GSOPEN;EURJPY;C1;08-03 16:12;3;08-03 16:12,08-03 16:26,08-03 16:27"
2026-08-03T16:27:00.000+01:00,"MAR1GSOPEN;EURJPY;C2;08-03 16:12;3;08-03 16:12,08-03 16:26,08-03 16:27"
2026-08-03T16:27:00.000+01:00,MAR1GSOPEN;EURJPY;D1;08-03 16:27;1;08-03 16:27
2026-08-03T16:28:00.000+01:00,"MAR1GSOPEN;EURJPY;A1;08-03 16:11;4;08-03 16:11,08-03 16:12,08-03 16:26,08-03 16:27"
2026-08-03T16:28:00.000+01:00,"MAR1GSOPEN;EURJPY;A2;08-03 16:11;4;08-03 16:11,08-03 16:12,08-03 16:26,08-03 16:27"
2026-08-03T16:28:00.000+01:00,"MAR1GSOPEN;EURJPY;B1;08-03 16:11;4;08-03 16:11,08-03 16:12,08-03 16:26,08-03 16:27"
2026-08-03T16:28:00.000+01:00,"MAR1GSOPEN;EURJPY;B2;08-03 16:11;4;08-03 16:11,08-03 16:12,08-03 16:26,08-03 16:27"
2026-08-03T16:28:00.000+01:00,"MAR1GSOPEN;EURJPY;C1;08-03 16:12;3;08-03 16:12,08-03 16:26,08-03 16:27"
2026-08-03T16:28:00.000+01:00,"MAR1GSOPEN;EURJPY;C2;08-03 16:12;3;08-03 16:12,08-03 16:26,08-03 16:27"
2026-08-03T16:28:00.000+01:00,MAR1GSOPEN;EURJPY;D1;08-03 16:27;1;08-03 16:27
2026-08-03T16:29:00.000+01:00,"MAR1GSOPEN;EURJPY;A1;08-03 16:11;4;08-03 16:11,08-03 16:12,08-03 16:26,08-03 16:27"
2026-08-03T16:29:00.000+01:00,"MAR1GSOPEN;EURJPY;A2;08-03 16:11;4;08-03 16:11,08-03 16:12,08-03 16:26,08-03 16:27"
2026-08-03T16:29:00.000+01:00,"MAR1GSOPEN;EURJPY;B1;08-03 16:11;4;08-03 16:11,08-03 16:12,08-03 16:26,08-03 16:27"
2026-08-03T16:29:00.000+01:00,"MAR1GSOPEN;EURJPY;B2;08-03 16:11;4;08-03 16:11,08-03 16:12,08-03 16:26,08-03 16:27"
2026-08-03T16:29:00.000+01:00,"MAR1GSOPEN;EURJPY;C1;08-03 16:12;3;08-03 16:12,08-03 16:26,08-03 16:27"
2026-08-03T16:29:00.000+01:00,"MAR1GSOPEN;EURJPY;C2;08-03 16:12;3;08-03 16:12,08-03 16:26,08-03 16:27"
2026-08-03T16:29:00.000+01:00,MAR1GSOPEN;EURJPY;D1;08-03 16:27;1;08-03 16:27
2026-08-03T16:30:00.000+01:00,"MAR1GSOPEN;EURJPY;A1;08-03 16:11;4;08-03 16:11,08-03 16:12,08-03 16:26,08-03 16:27"
2026-08-03T16:30:00.000+01:00,"MAR1GSOPEN;EURJPY;A2;08-03 16:11;4;08-03 16:11,08-03 16:12,08-03 16:26,08-03 16:27"
2026-08-03T16:30:00.000+01:00,"MAR1GSOPEN;EURJPY;B1;08-03 16:11;4;08-03 16:11,08-03 16:12,08-03 16:26,08-03 16:27"
2026-08-03T16:30:00.000+01:00,"MAR1GSOPEN;EURJPY;B2;08-03 16:11;4;08-03 16:11,08-03 16:12,08-03 16:26,08-03 16:27"
2026-08-03T16:30:00.000+01:00,"MAR1GSOPEN;EURJPY;C1;08-03 16:12;3;08-03 16:12,08-03 16:26,08-03 16:27"
2026-08-03T16:30:00.000+01:00,"MAR1GSOPEN;EURJPY;C2;08-03 16:12;3;08-03 16:12,08-03 16:26,08-03 16:27"
2026-08-03T16:30:00.000+01:00,MAR1GSOPEN;EURJPY;D1;08-03 16:27;1;08-03 16:27
2026-08-03T16:31:00.000+01:00,"MAR1GSOPEN;EURJPY;A1;08-03 16:11;4;08-03 16:11,08-03 16:12,08-03 16:26,08-03 16:27"
2026-08-03T16:31:00.000+01:00,"MAR1GSOPEN;EURJPY;A2;08-03 16:11;4;08-03 16:11,08-03 16:12,08-03 16:26,08-03 16:27"
2026-08-03T16:31:00.000+01:00,"MAR1GSOPEN;EURJPY;B1;08-03 16:11;4;08-03 16:11,08-03 16:12,08-03 16:26,08-03 16:27"
2026-08-03T16:31:00.000+01:00,"MAR1GSOPEN;EURJPY;B2;08-03 16:11;4;08-03 16:11,08-03 16:12,08-03 16:26,08-03 16:27"
2026-08-03T16:31:00.000+01:00,"MAR1GSOPEN;EURJPY;C1;08-03 16:12;3;08-03 16:12,08-03 16:26,08-03 16:27"
2026-08-03T16:31:00.000+01:00,"MAR1GSOPEN;EURJPY;C2;08-03 16:12;3;08-03 16:12,08-03 16:26,08-03 16:27"
2026-08-03T16:31:00.000+01:00,MAR1GSOPEN;EURJPY;D1;08-03 16:27;1;08-03 16:27
2026-08-03T16:32:00.000+01:00,"MAR1GSOPEN;EURJPY;A1;08-03 16:11;4;08-03 16:11,08-03 16:12,08-03 16:26,08-03 16:27"
2026-08-03T16:32:00.000+01:00,"MAR1GSOPEN;EURJPY;A2;08-03 16:11;4;08-03 16:11,08-03 16:12,08-03 16:26,08-03 16:27"
2026-08-03T16:32:00.000+01:00,"MAR1GSOPEN;EURJPY;B1;08-03 16:11;4;08-03 16:11,08-03 16:12,08-03 16:26,08-03 16:27"
2026-08-03T16:32:00.000+01:00,"MAR1GSOPEN;EURJPY;B2;08-03 16:11;4;08-03 16:11,08-03 16:12,08-03 16:26,08-03 16:27"
2026-08-03T16:32:00.000+01:00,"MAR1GSOPEN;EURJPY;C1;08-03 16:12;3;08-03 16:12,08-03 16:26,08-03 16:27"
2026-08-03T16:32:00.000+01:00,"MAR1GSOPEN;EURJPY;C2;08-03 16:12;3;08-03 16:12,08-03 16:26,08-03 16:27"
2026-08-03T16:32:00.000+01:00,MAR1GSOPEN;EURJPY;D1;08-03 16:27;1;08-03 16:27
2026-08-03T16:33:00.000+01:00,"MAR1GSOPEN;EURJPY;A1;08-03 16:11;4;08-03 16:11,08-03 16:12,08-03 16:26,08-03 16:27"
2026-08-03T16:33:00.000+01:00,"MAR1GSOPEN;EURJPY;A2;08-03 16:11;4;08-03 16:11,08-03 16:12,08-03 16:26,08-03 16:27"
2026-08-03T16:33:00.000+01:00,"MAR1GSOPEN;EURJPY;B1;08-03 16:11;4;08-03 16:11,08-03 16:12,08-03 16:26,08-03 16:27"
2026-08-03T16:33:00.000+01:00,"MAR1GSOPEN;EURJPY;B2;08-03 16:11;4;08-03 16:11,08-03 16:12,08-03 16:26,08-03 16:27"
2026-08-03T16:33:00.000+01:00,"MAR1GSOPEN;EURJPY;C1;08-03 16:12;3;08-03 16:12,08-03 16:26,08-03 16:27"
2026-08-03T16:33:00.000+01:00,"MAR1GSOPEN;EURJPY;C2;08-03 16:12;3;08-03 16:12,08-03 16:26,08-03 16:27"
2026-08-03T16:33:00.000+01:00,MAR1GSOPEN;EURJPY;D1;08-03 16:27;1;08-03 16:27
2026-08-03T16:34:00.000+01:00,"MAR1GSCLOSE;EURJPY;A1;08-03 16:11;08-03 16:35;5;short;08-03 16:11,08-03 16:12,08-03 16:26,08-03 16:27,08-03 16:34"
2026-08-03T16:34:00.000+01:00,"MAR1GSCLOSE;EURJPY;A2;08-03 16:11;08-03 16:35;5;short;08-03 16:11,08-03 16:12,08-03 16:26,08-03 16:27,08-03 16:34"
2026-08-03T16:34:00.000+01:00,"MAR1GSCLOSE;EURJPY;B1;08-03 16:11;08-03 16:35;5;short;08-03 16:11,08-03 16:12,08-03 16:26,08-03 16:27,08-03 16:34"
2026-08-03T16:34:00.000+01:00,"MAR1GSCLOSE;EURJPY;B2;08-03 16:11;08-03 16:35;5;short;08-03 16:11,08-03 16:12,08-03 16:26,08-03 16:27,08-03 16:34"
2026-08-03T16:34:00.000+01:00,"MAR1GSCLOSE;EURJPY;C1;08-03 16:12;08-03 16:35;4;short;08-03 16:12,08-03 16:26,08-03 16:27,08-03 16:34"
2026-08-03T16:34:00.000+01:00,"MAR1GSCLOSE;EURJPY;C2;08-03 16:12;08-03 16:35;4;short;08-03 16:12,08-03 16:26,08-03 16:27,08-03 16:34"
2026-08-03T16:34:00.000+01:00,"MAR1GSCLOSE;EURJPY;D1;08-03 16:27;08-03 16:35;2;short;08-03 16:27,08-03 16:34"
2026-08-03T17:40:00.000+01:00,MAR1GSOPEN;EURJPY;A1;08-03 17:40;0;
2026-08-03T17:40:00.000+01:00,MAR1GSOPEN;EURJPY;A2;08-03 17:40;0;
2026-08-03T17:41:00.000+01:00,MAR1GSOPEN;EURJPY;A1;08-03 17:40;0;
2026-08-03T17:41:00.000+01:00,MAR1GSOPEN;EURJPY;A2;08-03 17:40;0;
2026-08-03T17:42:00.000+01:00,MAR1GSOPEN;EURJPY;A1;08-03 17:40;0;
2026-08-03T17:42:00.000+01:00,MAR1GSOPEN;EURJPY;A2;08-03 17:40;0;
2026-08-03T17:43:00.000+01:00,MAR1GSOPEN;EURJPY;A1;08-03 17:40;0;
2026-08-03T17:43:00.000+01:00,MAR1GSOPEN;EURJPY;A2;08-03 17:40;0;
2026-08-03T17:44:00.000+01:00,MAR1GSOPEN;EURJPY;A1;08-03 17:40;0;
2026-08-03T17:44:00.000+01:00,MAR1GSOPEN;EURJPY;A2;08-03 17:40;0;
2026-08-03T17:45:00.000+01:00,MAR1GSOPEN;EURJPY;A1;08-03 17:40;0;
2026-08-03T17:45:00.000+01:00,MAR1GSOPEN;EURJPY;A2;08-03 17:40;0;
2026-08-03T17:46:00.000+01:00,MAR1GSOPEN;EURJPY;A1;08-03 17:40;0;
2026-08-03T17:46:00.000+01:00,MAR1GSOPEN;EURJPY;A2;08-03 17:40;0;
2026-08-03T17:47:00.000+01:00,MAR1GSOPEN;EURJPY;A1;08-03 17:40;0;
2026-08-03T17:47:00.000+01:00,MAR1GSOPEN;EURJPY;A2;08-03 17:40;0;
2026-08-03T17:48:00.000+01:00,MAR1GSOPEN;EURJPY;A1;08-03 17:40;0;
2026-08-03T17:48:00.000+01:00,MAR1GSOPEN;EURJPY;A2;08-03 17:40;0;
2026-08-03T17:49:00.000+01:00,MAR1GSCLOSE;EURJPY;A1;08-03 17:49;08-03 17:50;1;short;08-03 17:49
2026-08-03T17:49:00.000+01:00,MAR1GSCLOSE;EURJPY;A2;08-03 17:49;08-03 17:50;1;short;08-03 17:49
2026-08-04T09:56:00.000+01:00,MAR1GSOPEN;EURJPY;B1;08-04 09:56;0;
2026-08-04T09:56:00.000+01:00,MAR1GSOPEN;EURJPY;B2;08-04 09:56;0;
2026-08-04T09:57:00.000+01:00,MAR1GSOPEN;EURJPY;B1;08-04 09:56;0;
2026-08-04T09:57:00.000+01:00,MAR1GSOPEN;EURJPY;B2;08-04 09:56;0;
2026-08-04T09:58:00.000+01:00,MAR1GSOPEN;EURJPY;B1;08-04 09:56;0;
2026-08-04T09:58:00.000+01:00,MAR1GSOPEN;EURJPY;B2;08-04 09:56;0;
2026-08-04T09:59:00.000+01:00,MAR1GSOPEN;EURJPY;B1;08-04 09:56;0;
2026-08-04T09:59:00.000+01:00,MAR1GSOPEN;EURJPY;B2;08-04 09:56;0;
2026-08-04T10:00:00.000+01:00,MAR1GSOPEN;EURJPY;B1;08-04 09:56;0;
2026-08-04T10:00:00.000+01:00,MAR1GSOPEN;EURJPY;B2;08-04 09:56;0;
2026-08-04T10:01:00.000+01:00,MAR1GSOPEN;EURJPY;B1;08-04 09:56;0;
2026-08-04T10:01:00.000+01:00,MAR1GSOPEN;EURJPY;B2;08-04 09:56;0;
2026-08-04T10:02:00.000+01:00,MAR1GSOPEN;EURJPY;B1;08-04 09:56;0;
2026-08-04T10:02:00.000+01:00,MAR1GSOPEN;EURJPY;B2;08-04 09:56;0;
2026-08-04T10:03:00.000+01:00,MAR1GSOPEN;EURJPY;B1;08-04 09:56;0;
2026-08-04T10:03:00.000+01:00,MAR1GSOPEN;EURJPY;B2;08-04 09:56;0;
2026-08-04T10:04:00.000+01:00,MAR1GSOPEN;EURJPY;B1;08-04 09:56;0;
2026-08-04T10:04:00.000+01:00,MAR1GSOPEN;EURJPY;B2;08-04 09:56;0;
2026-08-04T10:05:00.000+01:00,MAR1GSCLOSE;EURJPY;B1;08-04 10:05;08-04 10:06;1;long;08-04 10:05
2026-08-04T10:05:00.000+01:00,MAR1GSCLOSE;EURJPY;B2;08-04 10:05;08-04 10:06;1;long;08-04 10:05
2026-08-04T12:41:00.000+01:00,MAR1GSOPEN;EURJPY;A1;08-04 12:41;0;
2026-08-04T12:41:00.000+01:00,MAR1GSOPEN;EURJPY;A2;08-04 12:41;0;
2026-08-04T12:42:00.000+01:00,MAR1GSOPEN;EURJPY;A1;08-04 12:42;1;08-04 12:42
2026-08-04T12:42:00.000+01:00,MAR1GSOPEN;EURJPY;A2;08-04 12:42;1;08-04 12:42
2026-08-04T12:43:00.000+01:00,MAR1GSOPEN;EURJPY;A1;08-04 12:42;1;08-04 12:42
2026-08-04T12:43:00.000+01:00,MAR1GSOPEN;EURJPY;A2;08-04 12:42;1;08-04 12:42
2026-08-04T12:44:00.000+01:00,MAR1GSOPEN;EURJPY;A1;08-04 12:42;1;08-04 12:42
2026-08-04T12:44:00.000+01:00,MAR1GSOPEN;EURJPY;A2;08-04 12:42;1;08-04 12:42
2026-08-04T12:45:00.000+01:00,MAR1GSOPEN;EURJPY;A1;08-04 12:42;1;08-04 12:42
2026-08-04T12:45:00.000+01:00,MAR1GSOPEN;EURJPY;A2;08-04 12:42;1;08-04 12:42
2026-08-04T12:46:00.000+01:00,MAR1GSOPEN;EURJPY;A1;08-04 12:42;1;08-04 12:42
2026-08-04T12:46:00.000+01:00,MAR1GSOPEN;EURJPY;A2;08-04 12:42;1;08-04 12:42
2026-08-04T12:47:00.000+01:00,MAR1GSOPEN;EURJPY;A1;08-04 12:42;1;08-04 12:42
2026-08-04T12:47:00.000+01:00,MAR1GSOPEN;EURJPY;A2;08-04 12:42;1;08-04 12:42
2026-08-04T12:48:00.000+01:00,MAR1GSOPEN;EURJPY;A1;08-04 12:42;1;08-04 12:42
2026-08-04T12:48:00.000+01:00,MAR1GSOPEN;EURJPY;A2;08-04 12:42;1;08-04 12:42
2026-08-04T12:49:00.000+01:00,MAR1GSOPEN;EURJPY;A1;08-04 12:42;1;08-04 12:42
2026-08-04T12:49:00.000+01:00,MAR1GSOPEN;EURJPY;A2;08-04 12:42;1;08-04 12:42
2026-08-04T12:50:00.000+01:00,MAR1GSOPEN;EURJPY;A1;08-04 12:42;1;08-04 12:42
2026-08-04T12:50:00.000+01:00,MAR1GSOPEN;EURJPY;A2;08-04 12:42;1;08-04 12:42
2026-08-04T12:51:00.000+01:00,MAR1GSOPEN;EURJPY;A1;08-04 12:42;1;08-04 12:42
2026-08-04T12:51:00.000+01:00,MAR1GSOPEN;EURJPY;A2;08-04 12:42;1;08-04 12:42
2026-08-04T12:52:00.000+01:00,MAR1GSOPEN;EURJPY;A1;08-04 12:42;1;08-04 12:42
2026-08-04T12:52:00.000+01:00,MAR1GSOPEN;EURJPY;A2;08-04 12:42;1;08-04 12:42
2026-08-04T12:53:00.000+01:00,MAR1GSOPEN;EURJPY;A1;08-04 12:42;1;08-04 12:42
2026-08-04T12:53:00.000+01:00,MAR1GSOPEN;EURJPY;A2;08-04 12:42;1;08-04 12:42
2026-08-04T12:54:00.000+01:00,MAR1GSOPEN;EURJPY;A1;08-04 12:42;1;08-04 12:42
2026-08-04T12:54:00.000+01:00,MAR1GSOPEN;EURJPY;A2;08-04 12:42;1;08-04 12:42
2026-08-04T12:55:00.000+01:00,MAR1GSOPEN;EURJPY;A1;08-04 12:42;1;08-04 12:42
2026-08-04T12:55:00.000+01:00,MAR1GSOPEN;EURJPY;A2;08-04 12:42;1;08-04 12:42
2026-08-04T12:56:00.000+01:00,MAR1GSOPEN;EURJPY;A1;08-04 12:42;1;08-04 12:42
2026-08-04T12:56:00.000+01:00,MAR1GSOPEN;EURJPY;A2;08-04 12:42;1;08-04 12:42
2026-08-04T12:57:00.000+01:00,MAR1GSOPEN;EURJPY;A1;08-04 12:42;1;08-04 12:42
2026-08-04T12:57:00.000+01:00,MAR1GSOPEN;EURJPY;A2;08-04 12:42;1;08-04 12:42
2026-08-04T12:58:00.000+01:00,MAR1GSOPEN;EURJPY;A1;08-04 12:42;1;08-04 12:42
2026-08-04T12:58:00.000+01:00,MAR1GSOPEN;EURJPY;A2;08-04 12:42;1;08-04 12:42
2026-08-04T12:59:00.000+01:00,MAR1GSOPEN;EURJPY;A1;08-04 12:42;1;08-04 12:42
2026-08-04T12:59:00.000+01:00,MAR1GSOPEN;EURJPY;A2;08-04 12:42;1;08-04 12:42
2026-08-04T13:00:00.000+01:00,MAR1GSOPEN;EURJPY;A1;08-04 12:42;1;08-04 12:42
2026-08-04T13:00:00.000+01:00,MAR1GSOPEN;EURJPY;A2;08-04 12:42;1;08-04 12:42
2026-08-04T13:01:00.000+01:00,MAR1GSOPEN;EURJPY;A1;08-04 12:42;1;08-04 12:42
2026-08-04T13:01:00.000+01:00,MAR1GSOPEN;EURJPY;A2;08-04 12:42;1;08-04 12:42
2026-08-04T13:02:00.000+01:00,"MAR1GSCLOSE;EURJPY;A1;08-04 12:42;08-04 13:03;2;short;08-04 12:42,08-04 13:02"
2026-08-04T13:02:00.000+01:00,"MAR1GSCLOSE;EURJPY;A2;08-04 12:42;08-04 13:03;2;short;08-04 12:42,08-04 13:02"
2026-08-05T09:07:00.000+01:00,MAR1GSOPEN;EURJPY;A1;08-05 09:07;0;
2026-08-05T09:07:00.000+01:00,MAR1GSOPEN;EURJPY;A2;08-05 09:07;0;
2026-08-05T09:08:00.000+01:00,MAR1GSOPEN;EURJPY;A1;08-05 09:07;0;
2026-08-05T09:08:00.000+01:00,MAR1GSOPEN;EURJPY;A2;08-05 09:07;0;
2026-08-05T09:09:00.000+01:00,MAR1GSOPEN;EURJPY;A1;08-05 09:07;0;
2026-08-05T09:09:00.000+01:00,MAR1GSOPEN;EURJPY;A2;08-05 09:07;0;
2026-08-05T09:10:00.000+01:00,MAR1GSOPEN;EURJPY;A1;08-05 09:07;0;
2026-08-05T09:10:00.000+01:00,MAR1GSOPEN;EURJPY;A2;08-05 09:07;0;
2026-08-05T09:11:00.000+01:00,MAR1GSOPEN;EURJPY;A1;08-05 09:07;0;
2026-08-05T09:11:00.000+01:00,MAR1GSOPEN;EURJPY;A2;08-05 09:07;0;
2026-08-05T09:12:00.000+01:00,MAR1GSOPEN;EURJPY;A1;08-05 09:07;0;
2026-08-05T09:12:00.000+01:00,MAR1GSOPEN;EURJPY;A2;08-05 09:07;0;
2026-08-05T09:13:00.000+01:00,MAR1GSOPEN;EURJPY;A1;08-05 09:07;0;
2026-08-05T09:13:00.000+01:00,MAR1GSOPEN;EURJPY;A2;08-05 09:07;0;
2026-08-05T09:14:00.000+01:00,MAR1GSOPEN;EURJPY;A1;08-05 09:07;0;
2026-08-05T09:14:00.000+01:00,MAR1GSOPEN;EURJPY;A2;08-05 09:07;0;
2026-08-05T09:15:00.000+01:00,MAR1GSOPEN;EURJPY;A1;08-05 09:07;0;
2026-08-05T09:15:00.000+01:00,MAR1GSOPEN;EURJPY;A2;08-05 09:07;0;
2026-08-05T09:16:00.000+01:00,MAR1GSOPEN;EURJPY;A1;08-05 09:07;0;
2026-08-05T09:16:00.000+01:00,MAR1GSOPEN;EURJPY;A2;08-05 09:07;0;
2026-08-05T09:17:00.000+01:00,MAR1GSOPEN;EURJPY;A1;08-05 09:07;0;
2026-08-05T09:17:00.000+01:00,MAR1GSOPEN;EURJPY;A2;08-05 09:07;0;
2026-08-05T09:18:00.000+01:00,MAR1GSOPEN;EURJPY;A1;08-05 09:07;0;
2026-08-05T09:18:00.000+01:00,MAR1GSOPEN;EURJPY;A2;08-05 09:07;0;
2026-08-05T09:19:00.000+01:00,MAR1GSOPEN;EURJPY;A1;08-05 09:07;0;
2026-08-05T09:19:00.000+01:00,MAR1GSOPEN;EURJPY;A2;08-05 09:07;0;
2026-08-05T09:20:00.000+01:00,MAR1GSOPEN;EURJPY;A1;08-05 09:20;1;08-05 09:20
2026-08-05T09:20:00.000+01:00,MAR1GSOPEN;EURJPY;A2;08-05 09:20;1;08-05 09:20
2026-08-05T09:21:00.000+01:00,"MAR1GSCLOSE;EURJPY;A1;08-05 09:20;08-05 09:22;2;long;08-05 09:20,08-05 09:21"
2026-08-05T09:21:00.000+01:00,"MAR1GSCLOSE;EURJPY;A2;08-05 09:20;08-05 09:22;2;long;08-05 09:20,08-05 09:21"
2026-08-05T10:51:00.000+01:00,MAR1GSOPEN;EURJPY;A1;08-05 10:51;0;
2026-08-05T10:51:00.000+01:00,MAR1GSOPEN;EURJPY;A2;08-05 10:51;0;
2026-08-05T10:52:00.000+01:00,MAR1GSOPEN;EURJPY;A1;08-05 10:51;0;
2026-08-05T10:52:00.000+01:00,MAR1GSOPEN;EURJPY;A2;08-05 10:51;0;
2026-08-05T10:53:00.000+01:00,MAR1GSOPEN;EURJPY;A1;08-05 10:51;0;
2026-08-05T10:53:00.000+01:00,MAR1GSOPEN;EURJPY;A2;08-05 10:51;0;
2026-08-05T10:54:00.000+01:00,MAR1GSOPEN;EURJPY;A1;08-05 10:51;0;
2026-08-05T10:54:00.000+01:00,MAR1GSOPEN;EURJPY;A2;08-05 10:51;0;
2026-08-05T10:55:00.000+01:00,MAR1GSOPEN;EURJPY;A1;08-05 10:51;0;
2026-08-05T10:55:00.000+01:00,MAR1GSOPEN;EURJPY;A2;08-05 10:51;0;
2026-08-05T10:56:00.000+01:00,MAR1GSOPEN;EURJPY;A1;08-05 10:51;0;
2026-08-05T10:56:00.000+01:00,MAR1GSOPEN;EURJPY;A2;08-05 10:51;0;
2026-08-05T10:57:00.000+01:00,MAR1GSOPEN;EURJPY;A1;08-05 10:51;0;
2026-08-05T10:57:00.000+01:00,MAR1GSOPEN;EURJPY;A2;08-05 10:51;0;
2026-08-05T10:58:00.000+01:00,MAR1GSOPEN;EURJPY;A1;08-05 10:51;0;
2026-08-05T10:58:00.000+01:00,MAR1GSOPEN;EURJPY;A2;08-05 10:51;0;
2026-08-05T10:59:00.000+01:00,MAR1GSOPEN;EURJPY;A1;08-05 10:51;0;
2026-08-05T10:59:00.000+01:00,MAR1GSOPEN;EURJPY;A2;08-05 10:51;0;
2026-08-05T11:00:00.000+01:00,MAR1GSOPEN;EURJPY;A1;08-05 10:51;0;
2026-08-05T11:00:00.000+01:00,MAR1GSOPEN;EURJPY;A2;08-05 10:51;0;
2026-08-05T11:01:00.000+01:00,MAR1GSOPEN;EURJPY;A1;08-05 10:51;0;
2026-08-05T11:01:00.000+01:00,MAR1GSOPEN;EURJPY;A2;08-05 10:51;0;
2026-08-05T11:02:00.000+01:00,MAR1GSOPEN;EURJPY;A1;08-05 10:51;0;
2026-08-05T11:02:00.000+01:00,MAR1GSOPEN;EURJPY;A2;08-05 10:51;0;
2026-08-05T11:03:00.000+01:00,MAR1GSOPEN;EURJPY;A1;08-05 10:51;0;
2026-08-05T11:03:00.000+01:00,MAR1GSOPEN;EURJPY;A2;08-05 10:51;0;
2026-08-05T11:04:00.000+01:00,MAR1GSOPEN;EURJPY;A1;08-05 10:51;0;
2026-08-05T11:04:00.000+01:00,MAR1GSOPEN;EURJPY;A2;08-05 10:51;0;
2026-08-05T11:05:00.000+01:00,MAR1GSOPEN;EURJPY;A1;08-05 10:51;0;
2026-08-05T11:05:00.000+01:00,MAR1GSOPEN;EURJPY;A2;08-05 10:51;0;
2026-08-05T11:06:00.000+01:00,MAR1GSOPEN;EURJPY;A1;08-05 10:51;0;
2026-08-05T11:06:00.000+01:00,MAR1GSOPEN;EURJPY;A2;08-05 10:51;0;
2026-08-05T11:07:00.000+01:00,MAR1GSOPEN;EURJPY;A1;08-05 10:51;0;
2026-08-05T11:07:00.000+01:00,MAR1GSOPEN;EURJPY;A2;08-05 10:51;0;
2026-08-05T11:08:00.000+01:00,MAR1GSOPEN;EURJPY;A1;08-05 10:51;0;
2026-08-05T11:08:00.000+01:00,MAR1GSOPEN;EURJPY;A2;08-05 10:51;0;
2026-08-05T11:09:00.000+01:00,MAR1GSOPEN;EURJPY;A1;08-05 10:51;0;
2026-08-05T11:09:00.000+01:00,MAR1GSOPEN;EURJPY;A2;08-05 10:51;0;
2026-08-05T11:10:00.000+01:00,MAR1GSOPEN;EURJPY;A1;08-05 10:51;0;
2026-08-05T11:10:00.000+01:00,MAR1GSOPEN;EURJPY;A2;08-05 10:51;0;
2026-08-05T11:11:00.000+01:00,MAR1GSOPEN;EURJPY;A1;08-05 10:51;0;
2026-08-05T11:11:00.000+01:00,MAR1GSOPEN;EURJPY;A2;08-05 10:51;0;
2026-08-05T11:12:00.000+01:00,MAR1GSOPEN;EURJPY;A1;08-05 10:51;0;
2026-08-05T11:12:00.000+01:00,MAR1GSOPEN;EURJPY;A2;08-05 10:51;0;
2026-08-05T11:13:00.000+01:00,MAR1GSOPEN;EURJPY;A1;08-05 10:51;0;
2026-08-05T11:13:00.000+01:00,MAR1GSOPEN;EURJPY;A2;08-05 10:51;0;
2026-08-05T11:14:00.000+01:00,MAR1GSOPEN;EURJPY;A1;08-05 10:51;0;
2026-08-05T11:14:00.000+01:00,MAR1GSOPEN;EURJPY;A2;08-05 10:51;0;
2026-08-05T11:15:00.000+01:00,MAR1GSOPEN;EURJPY;A1;08-05 10:51;0;
2026-08-05T11:15:00.000+01:00,MAR1GSOPEN;EURJPY;A2;08-05 10:51;0;
2026-08-05T11:16:00.000+01:00,MAR1GSOPEN;EURJPY;A1;08-05 10:51;0;
2026-08-05T11:16:00.000+01:00,MAR1GSOPEN;EURJPY;A2;08-05 10:51;0;
2026-08-05T11:17:00.000+01:00,MAR1GSOPEN;EURJPY;A1;08-05 10:51;0;
2026-08-05T11:17:00.000+01:00,MAR1GSOPEN;EURJPY;A2;08-05 10:51;0;
2026-08-05T11:18:00.000+01:00,MAR1GSOPEN;EURJPY;A1;08-05 10:51;0;
2026-08-05T11:18:00.000+01:00,MAR1GSOPEN;EURJPY;A2;08-05 10:51;0;
2026-08-05T11:19:00.000+01:00,MAR1GSOPEN;EURJPY;A1;08-05 10:51;0;
2026-08-05T11:19:00.000+01:00,MAR1GSOPEN;EURJPY;A2;08-05 10:51;0;
2026-08-05T11:20:00.000+01:00,MAR1GSOPEN;EURJPY;A1;08-05 10:51;0;
2026-08-05T11:20:00.000+01:00,MAR1GSOPEN;EURJPY;A2;08-05 10:51;0;
2026-08-05T11:21:00.000+01:00,MAR1GSOPEN;EURJPY;A1;08-05 10:51;0;
2026-08-05T11:21:00.000+01:00,MAR1GSOPEN;EURJPY;A2;08-05 10:51;0;
2026-08-05T11:22:00.000+01:00,MAR1GSOPEN;EURJPY;A1;08-05 10:51;0;
2026-08-05T11:22:00.000+01:00,MAR1GSOPEN;EURJPY;A2;08-05 10:51;0;
2026-08-05T11:23:00.000+01:00,MAR1GSOPEN;EURJPY;A1;08-05 10:51;0;
2026-08-05T11:23:00.000+01:00,MAR1GSOPEN;EURJPY;A2;08-05 10:51;0;
2026-08-05T11:24:00.000+01:00,MAR1GSOPEN;EURJPY;A1;08-05 10:51;0;
2026-08-05T11:24:00.000+01:00,MAR1GSOPEN;EURJPY;A2;08-05 10:51;0;
2026-08-05T11:25:00.000+01:00,MAR1GSOPEN;EURJPY;A1;08-05 10:51;0;
2026-08-05T11:25:00.000+01:00,MAR1GSOPEN;EURJPY;A2;08-05 10:51;0;
2026-08-05T11:26:00.000+01:00,MAR1GSOPEN;EURJPY;A1;08-05 10:51;0;
2026-08-05T11:26:00.000+01:00,MAR1GSOPEN;EURJPY;A2;08-05 10:51;0;
2026-08-05T11:27:00.000+01:00,MAR1GSOPEN;EURJPY;A1;08-05 10:51;0;
2026-08-05T11:27:00.000+01:00,MAR1GSOPEN;EURJPY;A2;08-05 10:51;0;
2026-08-05T11:28:00.000+01:00,MAR1GSOPEN;EURJPY;A1;08-05 11:28;1;08-05 11:28
2026-08-05T11:28:00.000+01:00,MAR1GSOPEN;EURJPY;A2;08-05 11:28;1;08-05 11:28
2026-08-05T11:29:00.000+01:00,"MAR1GSOPEN;EURJPY;A1;08-05 11:28;2;08-05 11:28,08-05 11:29"
2026-08-05T11:29:00.000+01:00,"MAR1GSOPEN;EURJPY;A2;08-05 11:28;2;08-05 11:28,08-05 11:29"
2026-08-05T11:30:00.000+01:00,"MAR1GSOPEN;EURJPY;A1;08-05 11:28;2;08-05 11:28,08-05 11:29"
2026-08-05T11:30:00.000+01:00,"MAR1GSOPEN;EURJPY;A2;08-05 11:28;2;08-05 11:28,08-05 11:29"
2026-08-05T11:31:00.000+01:00,"MAR1GSOPEN;EURJPY;A1;08-05 11:28;2;08-05 11:28,08-05 11:29"
2026-08-05T11:31:00.000+01:00,"MAR1GSOPEN;EURJPY;A2;08-05 11:28;2;08-05 11:28,08-05 11:29"
2026-08-05T11:32:00.000+01:00,"MAR1GSOPEN;EURJPY;A1;08-05 11:28;2;08-05 11:28,08-05 11:29"
2026-08-05T11:32:00.000+01:00,"MAR1GSOPEN;EURJPY;A2;08-05 11:28;2;08-05 11:28,08-05 11:29"
2026-08-05T11:33:00.000+01:00,"MAR1GSOPEN;EURJPY;A1;08-05 11:28;2;08-05 11:28,08-05 11:29"
2026-08-05T11:33:00.000+01:00,"MAR1GSOPEN;EURJPY;A2;08-05 11:28;2;08-05 11:28,08-05 11:29"
2026-08-05T11:34:00.000+01:00,"MAR1GSOPEN;EURJPY;A1;08-05 11:28;2;08-05 11:28,08-05 11:29"
2026-08-05T11:34:00.000+01:00,"MAR1GSOPEN;EURJPY;A2;08-05 11:28;2;08-05 11:28,08-05 11:29"
2026-08-05T11:35:00.000+01:00,"MAR1GSOPEN;EURJPY;A1;08-05 11:28;2;08-05 11:28,08-05 11:29"
2026-08-05T11:35:00.000+01:00,"MAR1GSOPEN;EURJPY;A2;08-05 11:28;2;08-05 11:28,08-05 11:29"
2026-08-05T11:36:00.000+01:00,"MAR1GSOPEN;EURJPY;A1;08-05 11:28;2;08-05 11:28,08-05 11:29"
2026-08-05T11:36:00.000+01:00,"MAR1GSOPEN;EURJPY;A2;08-05 11:28;2;08-05 11:28,08-05 11:29"
2026-08-05T11:37:00.000+01:00,"MAR1GSOPEN;EURJPY;A1;08-05 11:28;2;08-05 11:28,08-05 11:29"
2026-08-05T11:37:00.000+01:00,"MAR1GSOPEN;EURJPY;A2;08-05 11:28;2;08-05 11:28,08-05 11:29"
2026-08-05T11:38:00.000+01:00,"MAR1GSOPEN;EURJPY;A1;08-05 11:28;2;08-05 11:28,08-05 11:29"
2026-08-05T11:38:00.000+01:00,"MAR1GSOPEN;EURJPY;A2;08-05 11:28;2;08-05 11:28,08-05 11:29"
2026-08-05T11:39:00.000+01:00,"MAR1GSOPEN;EURJPY;A1;08-05 11:28;2;08-05 11:28,08-05 11:29"
2026-08-05T11:39:00.000+01:00,"MAR1GSOPEN;EURJPY;A2;08-05 11:28;2;08-05 11:28,08-05 11:29"
2026-08-05T11:40:00.000+01:00,"MAR1GSOPEN;EURJPY;A1;08-05 11:28;2;08-05 11:28,08-05 11:29"
2026-08-05T11:40:00.000+01:00,"MAR1GSOPEN;EURJPY;A2;08-05 11:28;2;08-05 11:28,08-05 11:29"
2026-08-05T11:41:00.000+01:00,"MAR1GSOPEN;EURJPY;A1;08-05 11:28;2;08-05 11:28,08-05 11:29"
2026-08-05T11:41:00.000+01:00,"MAR1GSOPEN;EURJPY;A2;08-05 11:28;2;08-05 11:28,08-05 11:29"
2026-08-05T11:42:00.000+01:00,"MAR1GSOPEN;EURJPY;A1;08-05 11:28;2;08-05 11:28,08-05 11:29"
2026-08-05T11:42:00.000+01:00,"MAR1GSOPEN;EURJPY;A2;08-05 11:28;2;08-05 11:28,08-05 11:29"
2026-08-05T11:43:00.000+01:00,"MAR1GSOPEN;EURJPY;A1;08-05 11:28;2;08-05 11:28,08-05 11:29"
2026-08-05T11:43:00.000+01:00,"MAR1GSOPEN;EURJPY;A2;08-05 11:28;2;08-05 11:28,08-05 11:29"
2026-08-05T11:44:00.000+01:00,"MAR1GSOPEN;EURJPY;A1;08-05 11:28;2;08-05 11:28,08-05 11:29"
2026-08-05T11:44:00.000+01:00,"MAR1GSOPEN;EURJPY;A2;08-05 11:28;2;08-05 11:28,08-05 11:29"
2026-08-05T11:45:00.000+01:00,"MAR1GSOPEN;EURJPY;A1;08-05 11:28;2;08-05 11:28,08-05 11:29"
2026-08-05T11:45:00.000+01:00,"MAR1GSOPEN;EURJPY;A2;08-05 11:28;2;08-05 11:28,08-05 11:29"
2026-08-05T11:46:00.000+01:00,"MAR1GSOPEN;EURJPY;A1;08-05 11:28;2;08-05 11:28,08-05 11:29"
2026-08-05T11:46:00.000+01:00,"MAR1GSOPEN;EURJPY;A2;08-05 11:28;2;08-05 11:28,08-05 11:29"
2026-08-05T11:47:00.000+01:00,"MAR1GSOPEN;EURJPY;A1;08-05 11:28;2;08-05 11:28,08-05 11:29"
2026-08-05T11:47:00.000+01:00,"MAR1GSOPEN;EURJPY;A2;08-05 11:28;2;08-05 11:28,08-05 11:29"
2026-08-05T11:48:00.000+01:00,"MAR1GSOPEN;EURJPY;A1;08-05 11:28;2;08-05 11:28,08-05 11:29"
2026-08-05T11:48:00.000+01:00,"MAR1GSOPEN;EURJPY;A2;08-05 11:28;2;08-05 11:28,08-05 11:29"
2026-08-05T11:49:00.000+01:00,"MAR1GSOPEN;EURJPY;A1;08-05 11:28;2;08-05 11:28,08-05 11:29"
2026-08-05T11:49:00.000+01:00,"MAR1GSOPEN;EURJPY;A2;08-05 11:28;2;08-05 11:28,08-05 11:29"
2026-08-05T11:50:00.000+01:00,"MAR1GSOPEN;EURJPY;A1;08-05 11:28;2;08-05 11:28,08-05 11:29"
2026-08-05T11:50:00.000+01:00,"MAR1GSOPEN;EURJPY;A2;08-05 11:28;2;08-05 11:28,08-05 11:29"
2026-08-05T11:51:00.000+01:00,"MAR1GSOPEN;EURJPY;A1;08-05 11:28;2;08-05 11:28,08-05 11:29"
2026-08-05T11:51:00.000+01:00,"MAR1GSOPEN;EURJPY;A2;08-05 11:28;2;08-05 11:28,08-05 11:29"
2026-08-05T11:52:00.000+01:00,"MAR1GSOPEN;EURJPY;A1;08-05 11:28;2;08-05 11:28,08-05 11:29"
2026-08-05T11:52:00.000+01:00,"MAR1GSOPEN;EURJPY;A2;08-05 11:28;2;08-05 11:28,08-05 11:29"
2026-08-05T11:53:00.000+01:00,"MAR1GSOPEN;EURJPY;A1;08-05 11:28;2;08-05 11:28,08-05 11:29"
2026-08-05T11:53:00.000+01:00,"MAR1GSOPEN;EURJPY;A2;08-05 11:28;2;08-05 11:28,08-05 11:29"
2026-08-05T11:54:00.000+01:00,"MAR1GSOPEN;EURJPY;A1;08-05 11:28;2;08-05 11:28,08-05 11:29"
2026-08-05T11:54:00.000+01:00,"MAR1GSOPEN;EURJPY;A2;08-05 11:28;2;08-05 11:28,08-05 11:29"
2026-08-05T11:55:00.000+01:00,"MAR1GSOPEN;EURJPY;A1;08-05 11:28;3;08-05 11:28,08-05 11:29,08-05 11:55"
2026-08-05T11:55:00.000+01:00,"MAR1GSOPEN;EURJPY;A2;08-05 11:28;3;08-05 11:28,08-05 11:29,08-05 11:55"
2026-08-05T11:55:00.000+01:00,MAR1GSOPEN;EURJPY;B1;08-05 11:55;0;
2026-08-05T11:55:00.000+01:00,MAR1GSOPEN;EURJPY;B2;08-05 11:55;0;
2026-08-05T11:55:00.000+01:00,MAR1GSOPEN;EURJPY;D1;08-05 11:55;0;
2026-08-05T11:56:00.000+01:00,"MAR1GSOPEN;EURJPY;A1;08-05 11:28;3;08-05 11:28,08-05 11:29,08-05 11:55"
2026-08-05T11:56:00.000+01:00,"MAR1GSOPEN;EURJPY;A2;08-05 11:28;3;08-05 11:28,08-05 11:29,08-05 11:55"
2026-08-05T11:56:00.000+01:00,MAR1GSOPEN;EURJPY;B1;08-05 11:55;0;
2026-08-05T11:56:00.000+01:00,MAR1GSOPEN;EURJPY;B2;08-05 11:55;0;
2026-08-05T11:56:00.000+01:00,MAR1GSOPEN;EURJPY;D1;08-05 11:55;0;
2026-08-05T11:57:00.000+01:00,"MAR1GSOPEN;EURJPY;A1;08-05 11:28;3;08-05 11:28,08-05 11:29,08-05 11:55"
2026-08-05T11:57:00.000+01:00,"MAR1GSOPEN;EURJPY;A2;08-05 11:28;3;08-05 11:28,08-05 11:29,08-05 11:55"
2026-08-05T11:57:00.000+01:00,MAR1GSOPEN;EURJPY;B1;08-05 11:55;0;
2026-08-05T11:57:00.000+01:00,MAR1GSOPEN;EURJPY;B2;08-05 11:55;0;
2026-08-05T11:57:00.000+01:00,MAR1GSOPEN;EURJPY;D1;08-05 11:55;0;
2026-08-05T11:58:00.000+01:00,"MAR1GSOPEN;EURJPY;A1;08-05 11:28;3;08-05 11:28,08-05 11:29,08-05 11:55"
2026-08-05T11:58:00.000+01:00,"MAR1GSOPEN;EURJPY;A2;08-05 11:28;3;08-05 11:28,08-05 11:29,08-05 11:55"
2026-08-05T11:58:00.000+01:00,MAR1GSOPEN;EURJPY;B1;08-05 11:55;0;
2026-08-05T11:58:00.000+01:00,MAR1GSOPEN;EURJPY;B2;08-05 11:55;0;
2026-08-05T11:58:00.000+01:00,MAR1GSOPEN;EURJPY;D1;08-05 11:55;0;
2026-08-05T11:59:00.000+01:00,"MAR1GSOPEN;EURJPY;A1;08-05 11:28;3;08-05 11:28,08-05 11:29,08-05 11:55"
2026-08-05T11:59:00.000+01:00,"MAR1GSOPEN;EURJPY;A2;08-05 11:28;3;08-05 11:28,08-05 11:29,08-05 11:55"
2026-08-05T11:59:00.000+01:00,MAR1GSOPEN;EURJPY;B1;08-05 11:55;0;
2026-08-05T11:59:00.000+01:00,MAR1GSOPEN;EURJPY;B2;08-05 11:55;0;
2026-08-05T11:59:00.000+01:00,MAR1GSOPEN;EURJPY;D1;08-05 11:55;0;
2026-08-05T12:00:00.000+01:00,"MAR1GSOPEN;EURJPY;A1;08-05 11:28;3;08-05 11:28,08-05 11:29,08-05 11:55"
2026-08-05T12:00:00.000+01:00,"MAR1GSOPEN;EURJPY;A2;08-05 11:28;3;08-05 11:28,08-05 11:29,08-05 11:55"
2026-08-05T12:00:00.000+01:00,MAR1GSOPEN;EURJPY;B1;08-05 11:55;0;
2026-08-05T12:00:00.000+01:00,MAR1GSOPEN;EURJPY;B2;08-05 11:55;0;
2026-08-05T12:00:00.000+01:00,MAR1GSOPEN;EURJPY;D1;08-05 11:55;0;
2026-08-05T12:01:00.000+01:00,"MAR1GSOPEN;EURJPY;A1;08-05 11:28;3;08-05 11:28,08-05 11:29,08-05 11:55"
2026-08-05T12:01:00.000+01:00,"MAR1GSOPEN;EURJPY;A2;08-05 11:28;3;08-05 11:28,08-05 11:29,08-05 11:55"
2026-08-05T12:01:00.000+01:00,MAR1GSOPEN;EURJPY;B1;08-05 11:55;0;
2026-08-05T12:01:00.000+01:00,MAR1GSOPEN;EURJPY;B2;08-05 11:55;0;
2026-08-05T12:01:00.000+01:00,MAR1GSOPEN;EURJPY;D1;08-05 11:55;0;
2026-08-05T12:02:00.000+01:00,"MAR1GSOPEN;EURJPY;A1;08-05 11:28;3;08-05 11:28,08-05 11:29,08-05 11:55"
2026-08-05T12:02:00.000+01:00,"MAR1GSOPEN;EURJPY;A2;08-05 11:28;3;08-05 11:28,08-05 11:29,08-05 11:55"
2026-08-05T12:02:00.000+01:00,MAR1GSOPEN;EURJPY;B1;08-05 11:55;0;
2026-08-05T12:02:00.000+01:00,MAR1GSOPEN;EURJPY;B2;08-05 11:55;0;
2026-08-05T12:02:00.000+01:00,MAR1GSOPEN;EURJPY;D1;08-05 11:55;0;
2026-08-05T12:03:00.000+01:00,"MAR1GSOPEN;EURJPY;A1;08-05 11:28;3;08-05 11:28,08-05 11:29,08-05 11:55"
2026-08-05T12:03:00.000+01:00,"MAR1GSOPEN;EURJPY;A2;08-05 11:28;3;08-05 11:28,08-05 11:29,08-05 11:55"
2026-08-05T12:03:00.000+01:00,MAR1GSOPEN;EURJPY;B1;08-05 11:55;0;
2026-08-05T12:03:00.000+01:00,MAR1GSOPEN;EURJPY;B2;08-05 11:55;0;
2026-08-05T12:03:00.000+01:00,MAR1GSOPEN;EURJPY;D1;08-05 11:55;0;
2026-08-05T12:04:00.000+01:00,"MAR1GSOPEN;EURJPY;A1;08-05 11:28;3;08-05 11:28,08-05 11:29,08-05 11:55"
2026-08-05T12:04:00.000+01:00,"MAR1GSOPEN;EURJPY;A2;08-05 11:28;3;08-05 11:28,08-05 11:29,08-05 11:55"
2026-08-05T12:04:00.000+01:00,MAR1GSOPEN;EURJPY;B1;08-05 11:55;0;
2026-08-05T12:04:00.000+01:00,MAR1GSOPEN;EURJPY;B2;08-05 11:55;0;
2026-08-05T12:04:00.000+01:00,MAR1GSOPEN;EURJPY;D1;08-05 11:55;0;
2026-08-05T12:05:00.000+01:00,"MAR1GSOPEN;EURJPY;A1;08-05 11:28;3;08-05 11:28,08-05 11:29,08-05 11:55"
2026-08-05T12:05:00.000+01:00,"MAR1GSOPEN;EURJPY;A2;08-05 11:28;3;08-05 11:28,08-05 11:29,08-05 11:55"
2026-08-05T12:05:00.000+01:00,MAR1GSOPEN;EURJPY;B1;08-05 11:55;0;
2026-08-05T12:05:00.000+01:00,MAR1GSOPEN;EURJPY;B2;08-05 11:55;0;
2026-08-05T12:05:00.000+01:00,MAR1GSOPEN;EURJPY;D1;08-05 11:55;0;
2026-08-05T12:06:00.000+01:00,"MAR1GSOPEN;EURJPY;A1;08-05 11:28;3;08-05 11:28,08-05 11:29,08-05 11:55"
2026-08-05T12:06:00.000+01:00,"MAR1GSOPEN;EURJPY;A2;08-05 11:28;3;08-05 11:28,08-05 11:29,08-05 11:55"
2026-08-05T12:06:00.000+01:00,MAR1GSOPEN;EURJPY;B1;08-05 11:55;0;
2026-08-05T12:06:00.000+01:00,MAR1GSOPEN;EURJPY;B2;08-05 11:55;0;
2026-08-05T12:06:00.000+01:00,MAR1GSOPEN;EURJPY;D1;08-05 11:55;0;
2026-08-05T12:07:00.000+01:00,"MAR1GSOPEN;EURJPY;A1;08-05 11:28;3;08-05 11:28,08-05 11:29,08-05 11:55"
2026-08-05T12:07:00.000+01:00,"MAR1GSOPEN;EURJPY;A2;08-05 11:28;3;08-05 11:28,08-05 11:29,08-05 11:55"
2026-08-05T12:07:00.000+01:00,MAR1GSOPEN;EURJPY;B1;08-05 11:55;0;
2026-08-05T12:07:00.000+01:00,MAR1GSOPEN;EURJPY;B2;08-05 11:55;0;
2026-08-05T12:07:00.000+01:00,MAR1GSOPEN;EURJPY;D1;08-05 11:55;0;
2026-08-05T12:08:00.000+01:00,"MAR1GSOPEN;EURJPY;A1;08-05 11:28;3;08-05 11:28,08-05 11:29,08-05 11:55"
2026-08-05T12:08:00.000+01:00,"MAR1GSOPEN;EURJPY;A2;08-05 11:28;3;08-05 11:28,08-05 11:29,08-05 11:55"
2026-08-05T12:08:00.000+01:00,MAR1GSOPEN;EURJPY;B1;08-05 11:55;0;
2026-08-05T12:08:00.000+01:00,MAR1GSOPEN;EURJPY;B2;08-05 11:55;0;
2026-08-05T12:08:00.000+01:00,MAR1GSOPEN;EURJPY;D1;08-05 11:55;0;
2026-08-05T12:09:00.000+01:00,"MAR1GSOPEN;EURJPY;A1;08-05 11:28;3;08-05 11:28,08-05 11:29,08-05 11:55"
2026-08-05T12:09:00.000+01:00,"MAR1GSOPEN;EURJPY;A2;08-05 11:28;3;08-05 11:28,08-05 11:29,08-05 11:55"
2026-08-05T12:09:00.000+01:00,MAR1GSOPEN;EURJPY;B1;08-05 11:55;0;
2026-08-05T12:09:00.000+01:00,MAR1GSOPEN;EURJPY;B2;08-05 11:55;0;
2026-08-05T12:09:00.000+01:00,MAR1GSOPEN;EURJPY;D1;08-05 11:55;0;
2026-08-05T12:10:00.000+01:00,"MAR1GSOPEN;EURJPY;A1;08-05 11:28;3;08-05 11:28,08-05 11:29,08-05 11:55"
2026-08-05T12:10:00.000+01:00,"MAR1GSOPEN;EURJPY;A2;08-05 11:28;3;08-05 11:28,08-05 11:29,08-05 11:55"
2026-08-05T12:10:00.000+01:00,MAR1GSOPEN;EURJPY;B1;08-05 11:55;0;
2026-08-05T12:10:00.000+01:00,MAR1GSOPEN;EURJPY;B2;08-05 11:55;0;
2026-08-05T12:10:00.000+01:00,MAR1GSOPEN;EURJPY;D1;08-05 11:55;0;
2026-08-05T12:11:00.000+01:00,"MAR1GSOPEN;EURJPY;A1;08-05 11:28;3;08-05 11:28,08-05 11:29,08-05 11:55"
2026-08-05T12:11:00.000+01:00,"MAR1GSOPEN;EURJPY;A2;08-05 11:28;3;08-05 11:28,08-05 11:29,08-05 11:55"
2026-08-05T12:11:00.000+01:00,MAR1GSOPEN;EURJPY;B1;08-05 11:55;0;
2026-08-05T12:11:00.000+01:00,MAR1GSOPEN;EURJPY;B2;08-05 11:55;0;
2026-08-05T12:11:00.000+01:00,MAR1GSOPEN;EURJPY;D1;08-05 11:55;0;
2026-08-05T12:12:00.000+01:00,"MAR1GSOPEN;EURJPY;A1;08-05 11:28;3;08-05 11:28,08-05 11:29,08-05 11:55"
2026-08-05T12:12:00.000+01:00,"MAR1GSOPEN;EURJPY;A2;08-05 11:28;3;08-05 11:28,08-05 11:29,08-05 11:55"
2026-08-05T12:12:00.000+01:00,MAR1GSOPEN;EURJPY;B1;08-05 11:55;0;
2026-08-05T12:12:00.000+01:00,MAR1GSOPEN;EURJPY;B2;08-05 11:55;0;
2026-08-05T12:12:00.000+01:00,MAR1GSOPEN;EURJPY;D1;08-05 11:55;0;
2026-08-05T12:13:00.000+01:00,"MAR1GSOPEN;EURJPY;A1;08-05 11:28;3;08-05 11:28,08-05 11:29,08-05 11:55"
2026-08-05T12:13:00.000+01:00,"MAR1GSOPEN;EURJPY;A2;08-05 11:28;3;08-05 11:28,08-05 11:29,08-05 11:55"
2026-08-05T12:13:00.000+01:00,MAR1GSOPEN;EURJPY;B1;08-05 11:55;0;
2026-08-05T12:13:00.000+01:00,MAR1GSOPEN;EURJPY;B2;08-05 11:55;0;
2026-08-05T12:13:00.000+01:00,MAR1GSOPEN;EURJPY;D1;08-05 11:55;0;
2026-08-05T12:14:00.000+01:00,"MAR1GSOPEN;EURJPY;A1;08-05 11:28;3;08-05 11:28,08-05 11:29,08-05 11:55"
2026-08-05T12:14:00.000+01:00,"MAR1GSOPEN;EURJPY;A2;08-05 11:28;3;08-05 11:28,08-05 11:29,08-05 11:55"
2026-08-05T12:14:00.000+01:00,MAR1GSOPEN;EURJPY;B1;08-05 11:55;0;
2026-08-05T12:14:00.000+01:00,MAR1GSOPEN;EURJPY;B2;08-05 11:55;0;
2026-08-05T12:14:00.000+01:00,MAR1GSOPEN;EURJPY;D1;08-05 11:55;0;
2026-08-05T12:15:00.000+01:00,"MAR1GSOPEN;EURJPY;A1;08-05 11:28;3;08-05 11:28,08-05 11:29,08-05 11:55"
2026-08-05T12:15:00.000+01:00,"MAR1GSOPEN;EURJPY;A2;08-05 11:28;3;08-05 11:28,08-05 11:29,08-05 11:55"
2026-08-05T12:15:00.000+01:00,MAR1GSOPEN;EURJPY;B1;08-05 11:55;0;
2026-08-05T12:15:00.000+01:00,MAR1GSOPEN;EURJPY;B2;08-05 11:55;0;
2026-08-05T12:15:00.000+01:00,MAR1GSOPEN;EURJPY;D1;08-05 11:55;0;
2026-08-05T12:16:00.000+01:00,"MAR1GSOPEN;EURJPY;A1;08-05 11:28;3;08-05 11:28,08-05 11:29,08-05 11:55"
2026-08-05T12:16:00.000+01:00,"MAR1GSOPEN;EURJPY;A2;08-05 11:28;3;08-05 11:28,08-05 11:29,08-05 11:55"
2026-08-05T12:16:00.000+01:00,MAR1GSOPEN;EURJPY;B1;08-05 11:55;0;
2026-08-05T12:16:00.000+01:00,MAR1GSOPEN;EURJPY;B2;08-05 11:55;0;
2026-08-05T12:16:00.000+01:00,MAR1GSOPEN;EURJPY;D1;08-05 11:55;0;
2026-08-05T12:17:00.000+01:00,"MAR1GSOPEN;EURJPY;A1;08-05 11:28;3;08-05 11:28,08-05 11:29,08-05 11:55"
2026-08-05T12:17:00.000+01:00,"MAR1GSOPEN;EURJPY;A2;08-05 11:28;3;08-05 11:28,08-05 11:29,08-05 11:55"
2026-08-05T12:17:00.000+01:00,MAR1GSOPEN;EURJPY;B1;08-05 11:55;0;
2026-08-05T12:17:00.000+01:00,MAR1GSOPEN;EURJPY;B2;08-05 11:55;0;
2026-08-05T12:17:00.000+01:00,MAR1GSOPEN;EURJPY;D1;08-05 11:55;0;
2026-08-05T12:18:00.000+01:00,"MAR1GSOPEN;EURJPY;A1;08-05 11:28;3;08-05 11:28,08-05 11:29,08-05 11:55"
2026-08-05T12:18:00.000+01:00,"MAR1GSOPEN;EURJPY;A2;08-05 11:28;3;08-05 11:28,08-05 11:29,08-05 11:55"
2026-08-05T12:18:00.000+01:00,MAR1GSOPEN;EURJPY;B1;08-05 11:55;0;
2026-08-05T12:18:00.000+01:00,MAR1GSOPEN;EURJPY;B2;08-05 11:55;0;
2026-08-05T12:18:00.000+01:00,MAR1GSOPEN;EURJPY;D1;08-05 11:55;0;
2026-08-05T12:19:00.000+01:00,"MAR1GSOPEN;EURJPY;A1;08-05 11:28;3;08-05 11:28,08-05 11:29,08-05 11:55"
2026-08-05T12:19:00.000+01:00,"MAR1GSOPEN;EURJPY;A2;08-05 11:28;3;08-05 11:28,08-05 11:29,08-05 11:55"
2026-08-05T12:19:00.000+01:00,MAR1GSOPEN;EURJPY;B1;08-05 11:55;0;
2026-08-05T12:19:00.000+01:00,MAR1GSOPEN;EURJPY;B2;08-05 11:55;0;
2026-08-05T12:19:00.000+01:00,MAR1GSOPEN;EURJPY;D1;08-05 11:55;0;
2026-08-05T12:20:00.000+01:00,"MAR1GSOPEN;EURJPY;A1;08-05 11:28;3;08-05 11:28,08-05 11:29,08-05 11:55"
2026-08-05T12:20:00.000+01:00,"MAR1GSOPEN;EURJPY;A2;08-05 11:28;3;08-05 11:28,08-05 11:29,08-05 11:55"
2026-08-05T12:20:00.000+01:00,MAR1GSOPEN;EURJPY;B1;08-05 11:55;0;
2026-08-05T12:20:00.000+01:00,MAR1GSOPEN;EURJPY;B2;08-05 11:55;0;
2026-08-05T12:20:00.000+01:00,MAR1GSOPEN;EURJPY;D1;08-05 11:55;0;
2026-08-05T12:21:00.000+01:00,"MAR1GSCLOSE;EURJPY;A1;08-05 11:28;08-05 12:22;4;short;08-05 11:28,08-05 11:29,08-05 11:55,08-05 12:21"
2026-08-05T12:21:00.000+01:00,"MAR1GSCLOSE;EURJPY;A2;08-05 11:28;08-05 12:22;4;short;08-05 11:28,08-05 11:29,08-05 11:55,08-05 12:21"
2026-08-05T12:21:00.000+01:00,MAR1GSCLOSE;EURJPY;B1;08-05 12:21;08-05 12:22;1;short;08-05 12:21
2026-08-05T12:21:00.000+01:00,MAR1GSCLOSE;EURJPY;B2;08-05 12:21;08-05 12:22;1;short;08-05 12:21
2026-08-05T12:21:00.000+01:00,MAR1GSCLOSE;EURJPY;D1;08-05 12:21;08-05 12:22;1;short;08-05 12:21
2026-08-05T16:17:00.000+01:00,MAR1GSOPEN;EURJPY;A1;08-05 16:17;0;
2026-08-05T16:17:00.000+01:00,MAR1GSOPEN;EURJPY;A2;08-05 16:17;0;
2026-08-05T16:18:00.000+01:00,MAR1GSOPEN;EURJPY;A1;08-05 16:17;0;
2026-08-05T16:18:00.000+01:00,MAR1GSOPEN;EURJPY;A2;08-05 16:17;0;
2026-08-05T16:19:00.000+01:00,MAR1GSOPEN;EURJPY;A1;08-05 16:17;0;
2026-08-05T16:19:00.000+01:00,MAR1GSOPEN;EURJPY;A2;08-05 16:17;0;
2026-08-05T16:20:00.000+01:00,MAR1GSOPEN;EURJPY;A1;08-05 16:17;0;
2026-08-05T16:20:00.000+01:00,MAR1GSOPEN;EURJPY;A2;08-05 16:17;0;
2026-08-05T16:21:00.000+01:00,MAR1GSOPEN;EURJPY;A1;08-05 16:17;0;
2026-08-05T16:21:00.000+01:00,MAR1GSOPEN;EURJPY;A2;08-05 16:17;0;
2026-08-05T16:22:00.000+01:00,MAR1GSOPEN;EURJPY;A1;08-05 16:17;0;
2026-08-05T16:22:00.000+01:00,MAR1GSOPEN;EURJPY;A2;08-05 16:17;0;
2026-08-05T16:23:00.000+01:00,MAR1GSOPEN;EURJPY;A1;08-05 16:17;0;
2026-08-05T16:23:00.000+01:00,MAR1GSOPEN;EURJPY;A2;08-05 16:17;0;
2026-08-05T16:24:00.000+01:00,MAR1GSOPEN;EURJPY;A1;08-05 16:17;0;
2026-08-05T16:24:00.000+01:00,MAR1GSOPEN;EURJPY;A2;08-05 16:17;0;
2026-08-05T16:25:00.000+01:00,MAR1GSOPEN;EURJPY;A1;08-05 16:17;0;
2026-08-05T16:25:00.000+01:00,MAR1GSOPEN;EURJPY;A2;08-05 16:17;0;
2026-08-05T16:26:00.000+01:00,MAR1GSOPEN;EURJPY;A1;08-05 16:17;0;
2026-08-05T16:26:00.000+01:00,MAR1GSOPEN;EURJPY;A2;08-05 16:17;0;
2026-08-05T16:27:00.000+01:00,MAR1GSOPEN;EURJPY;A1;08-05 16:17;0;
2026-08-05T16:27:00.000+01:00,MAR1GSOPEN;EURJPY;A2;08-05 16:17;0;
2026-08-05T16:28:00.000+01:00,MAR1GSOPEN;EURJPY;A1;08-05 16:17;0;
2026-08-05T16:28:00.000+01:00,MAR1GSOPEN;EURJPY;A2;08-05 16:17;0;
2026-08-05T16:29:00.000+01:00,MAR1GSOPEN;EURJPY;A1;08-05 16:17;0;
2026-08-05T16:29:00.000+01:00,MAR1GSOPEN;EURJPY;A2;08-05 16:17;0;
2026-08-05T16:30:00.000+01:00,MAR1GSOPEN;EURJPY;A1;08-05 16:17;0;
2026-08-05T16:30:00.000+01:00,MAR1GSOPEN;EURJPY;A2;08-05 16:17;0;
2026-08-05T16:31:00.000+01:00,MAR1GSOPEN;EURJPY;A1;08-05 16:17;0;
2026-08-05T16:31:00.000+01:00,MAR1GSOPEN;EURJPY;A2;08-05 16:17;0;
2026-08-05T16:32:00.000+01:00,MAR1GSOPEN;EURJPY;A1;08-05 16:17;0;
2026-08-05T16:32:00.000+01:00,MAR1GSOPEN;EURJPY;A2;08-05 16:17;0;
2026-08-05T16:33:00.000+01:00,MAR1GSOPEN;EURJPY;A1;08-05 16:17;0;
2026-08-05T16:33:00.000+01:00,MAR1GSOPEN;EURJPY;A2;08-05 16:17;0;
2026-08-05T16:34:00.000+01:00,MAR1GSOPEN;EURJPY;A1;08-05 16:17;0;
2026-08-05T16:34:00.000+01:00,MAR1GSOPEN;EURJPY;A2;08-05 16:17;0;
2026-08-05T16:35:00.000+01:00,MAR1GSOPEN;EURJPY;A1;08-05 16:17;0;
2026-08-05T16:35:00.000+01:00,MAR1GSOPEN;EURJPY;A2;08-05 16:17;0;
2026-08-05T16:36:00.000+01:00,MAR1GSOPEN;EURJPY;A1;08-05 16:17;0;
2026-08-05T16:36:00.000+01:00,MAR1GSOPEN;EURJPY;A2;08-05 16:17;0;
2026-08-05T16:37:00.000+01:00,MAR1GSOPEN;EURJPY;A1;08-05 16:17;0;
2026-08-05T16:37:00.000+01:00,MAR1GSOPEN;EURJPY;A2;08-05 16:17;0;
2026-08-05T16:38:00.000+01:00,MAR1GSOPEN;EURJPY;A1;08-05 16:17;0;
2026-08-05T16:38:00.000+01:00,MAR1GSOPEN;EURJPY;A2;08-05 16:17;0;
2026-08-05T16:39:00.000+01:00,MAR1GSOPEN;EURJPY;A1;08-05 16:17;0;
2026-08-05T16:39:00.000+01:00,MAR1GSOPEN;EURJPY;A2;08-05 16:17;0;
2026-08-05T16:40:00.000+01:00,MAR1GSOPEN;EURJPY;A1;08-05 16:17;0;
2026-08-05T16:40:00.000+01:00,MAR1GSOPEN;EURJPY;A2;08-05 16:17;0;
2026-08-05T16:41:00.000+01:00,MAR1GSCLOSE;EURJPY;A1;08-05 16:41;08-05 16:42;1;long;08-05 16:41
2026-08-05T16:41:00.000+01:00,MAR1GSCLOSE;EURJPY;A2;08-05 16:41;08-05 16:42;1;long;08-05 16:41
2026-08-05T17:37:00.000+01:00,MAR1GSOPEN;EURJPY;A1;08-05 17:37;0;
2026-08-05T17:37:00.000+01:00,MAR1GSOPEN;EURJPY;A2;08-05 17:37;0;
2026-08-05T17:38:00.000+01:00,MAR1GSOPEN;EURJPY;A1;08-05 17:37;0;
2026-08-05T17:38:00.000+01:00,MAR1GSOPEN;EURJPY;A2;08-05 17:37;0;
2026-08-05T17:39:00.000+01:00,MAR1GSOPEN;EURJPY;A1;08-05 17:37;0;
2026-08-05T17:39:00.000+01:00,MAR1GSOPEN;EURJPY;A2;08-05 17:37;0;
2026-08-05T17:40:00.000+01:00,MAR1GSOPEN;EURJPY;A1;08-05 17:37;0;
2026-08-05T17:40:00.000+01:00,MAR1GSOPEN;EURJPY;A2;08-05 17:37;0;
2026-08-05T17:41:00.000+01:00,MAR1GSOPEN;EURJPY;A1;08-05 17:37;0;
2026-08-05T17:41:00.000+01:00,MAR1GSOPEN;EURJPY;A2;08-05 17:37;0;
2026-08-05T17:42:00.000+01:00,MAR1GSOPEN;EURJPY;A1;08-05 17:37;0;
2026-08-05T17:42:00.000+01:00,MAR1GSOPEN;EURJPY;A2;08-05 17:37;0;
2026-08-05T17:43:00.000+01:00,MAR1GSOPEN;EURJPY;A1;08-05 17:37;0;
2026-08-05T17:43:00.000+01:00,MAR1GSOPEN;EURJPY;A2;08-05 17:37;0;
2026-08-05T17:44:00.000+01:00,MAR1GSOPEN;EURJPY;A1;08-05 17:37;0;
2026-08-05T17:44:00.000+01:00,MAR1GSOPEN;EURJPY;A2;08-05 17:37;0;
2026-08-05T17:45:00.000+01:00,MAR1GSOPEN;EURJPY;A1;08-05 17:37;0;
2026-08-05T17:45:00.000+01:00,MAR1GSOPEN;EURJPY;A2;08-05 17:37;0;
2026-08-05T17:46:00.000+01:00,MAR1GSOPEN;EURJPY;A1;08-05 17:37;0;
2026-08-05T17:46:00.000+01:00,MAR1GSOPEN;EURJPY;A2;08-05 17:37;0;
2026-08-05T17:47:00.000+01:00,MAR1GSOPEN;EURJPY;A1;08-05 17:37;0;
2026-08-05T17:47:00.000+01:00,MAR1GSOPEN;EURJPY;A2;08-05 17:37;0;
2026-08-05T17:48:00.000+01:00,MAR1GSOPEN;EURJPY;A1;08-05 17:37;0;
2026-08-05T17:48:00.000+01:00,MAR1GSOPEN;EURJPY;A2;08-05 17:37;0;
2026-08-05T17:49:00.000+01:00,MAR1GSOPEN;EURJPY;A1;08-05 17:37;0;
2026-08-05T17:49:00.000+01:00,MAR1GSOPEN;EURJPY;A2;08-05 17:37;0;
2026-08-05T17:50:00.000+01:00,MAR1GSOPEN;EURJPY;A1;08-05 17:37;0;
2026-08-05T17:50:00.000+01:00,MAR1GSOPEN;EURJPY;A2;08-05 17:37;0;
2026-08-05T17:51:00.000+01:00,MAR1GSOPEN;EURJPY;A1;08-05 17:37;0;
2026-08-05T17:51:00.000+01:00,MAR1GSOPEN;EURJPY;A2;08-05 17:37;0;
2026-08-05T17:52:00.000+01:00,MAR1GSOPEN;EURJPY;A1;08-05 17:37;0;
2026-08-05T17:52:00.000+01:00,MAR1GSOPEN;EURJPY;A2;08-05 17:37;0;
2026-08-05T17:53:00.000+01:00,MAR1GSOPEN;EURJPY;A1;08-05 17:37;0;
2026-08-05T17:53:00.000+01:00,MAR1GSOPEN;EURJPY;A2;08-05 17:37;0;
2026-08-05T17:54:00.000+01:00,MAR1GSOPEN;EURJPY;A1;08-05 17:37;0;
2026-08-05T17:54:00.000+01:00,MAR1GSOPEN;EURJPY;A2;08-05 17:37;0;
2026-08-05T17:55:00.000+01:00,MAR1GSOPEN;EURJPY;A1;08-05 17:37;0;
2026-08-05T17:55:00.000+01:00,MAR1GSOPEN;EURJPY;A2;08-05 17:37;0;
2026-08-05T17:56:00.000+01:00,MAR1GSOPEN;EURJPY;A1;08-05 17:37;0;
2026-08-05T17:56:00.000+01:00,MAR1GSOPEN;EURJPY;A2;08-05 17:37;0;
2026-08-05T17:57:00.000+01:00,MAR1GSCLOSE;EURJPY;A1;08-05 17:57;08-05 17:58;1;long;08-05 17:57
2026-08-05T17:57:00.000+01:00,MAR1GSCLOSE;EURJPY;A2;08-05 17:57;08-05 17:58;1;long;08-05 17:57
2026-08-06T10:34:00.000+01:00,MAR1GSOPEN;EURJPY;B1;08-06 10:34;0;
2026-08-06T10:34:00.000+01:00,MAR1GSOPEN;EURJPY;B2;08-06 10:34;0;
2026-08-06T10:35:00.000+01:00,MAR1GSOPEN;EURJPY;B1;08-06 10:34;0;
2026-08-06T10:35:00.000+01:00,MAR1GSOPEN;EURJPY;B2;08-06 10:34;0;
2026-08-06T10:36:00.000+01:00,MAR1GSOPEN;EURJPY;B1;08-06 10:34;0;
2026-08-06T10:36:00.000+01:00,MAR1GSOPEN;EURJPY;B2;08-06 10:34;0;
2026-08-06T10:37:00.000+01:00,MAR1GSOPEN;EURJPY;B1;08-06 10:34;0;
2026-08-06T10:37:00.000+01:00,MAR1GSOPEN;EURJPY;B2;08-06 10:34;0;
2026-08-06T10:38:00.000+01:00,MAR1GSOPEN;EURJPY;B1;08-06 10:34;0;
2026-08-06T10:38:00.000+01:00,MAR1GSOPEN;EURJPY;B2;08-06 10:34;0;
2026-08-06T10:39:00.000+01:00,MAR1GSOPEN;EURJPY;B1;08-06 10:34;0;
2026-08-06T10:39:00.000+01:00,MAR1GSOPEN;EURJPY;B2;08-06 10:34;0;
2026-08-06T10:40:00.000+01:00,MAR1GSOPEN;EURJPY;B1;08-06 10:34;0;
2026-08-06T10:40:00.000+01:00,MAR1GSOPEN;EURJPY;B2;08-06 10:34;0;
2026-08-06T10:41:00.000+01:00,MAR1GSOPEN;EURJPY;B1;08-06 10:34;0;
2026-08-06T10:41:00.000+01:00,MAR1GSOPEN;EURJPY;B2;08-06 10:34;0;
2026-08-06T10:42:00.000+01:00,MAR1GSOPEN;EURJPY;B1;08-06 10:34;0;
2026-08-06T10:42:00.000+01:00,MAR1GSOPEN;EURJPY;B2;08-06 10:34;0;
2026-08-06T10:43:00.000+01:00,MAR1GSOPEN;EURJPY;B1;08-06 10:34;0;
2026-08-06T10:43:00.000+01:00,MAR1GSOPEN;EURJPY;B2;08-06 10:34;0;
2026-08-06T10:44:00.000+01:00,MAR1GSOPEN;EURJPY;B1;08-06 10:34;0;
2026-08-06T10:44:00.000+01:00,MAR1GSOPEN;EURJPY;B2;08-06 10:34;0;
2026-08-06T10:45:00.000+01:00,MAR1GSOPEN;EURJPY;B1;08-06 10:34;0;
2026-08-06T10:45:00.000+01:00,MAR1GSOPEN;EURJPY;B2;08-06 10:34;0;
2026-08-06T10:46:00.000+01:00,MAR1GSOPEN;EURJPY;A1;08-06 10:46;0;
2026-08-06T10:46:00.000+01:00,MAR1GSOPEN;EURJPY;A2;08-06 10:46;0;
2026-08-06T10:46:00.000+01:00,MAR1GSOPEN;EURJPY;B1;08-06 10:46;1;08-06 10:46
2026-08-06T10:46:00.000+01:00,MAR1GSOPEN;EURJPY;B2;08-06 10:46;1;08-06 10:46
2026-08-06T10:46:00.000+01:00,MAR1GSOPEN;EURJPY;C1;08-06 10:46;0;
2026-08-06T10:46:00.000+01:00,MAR1GSOPEN;EURJPY;C2;08-06 10:46;0;
2026-08-06T10:47:00.000+01:00,MAR1GSOPEN;EURJPY;A1;08-06 10:46;0;
2026-08-06T10:47:00.000+01:00,MAR1GSOPEN;EURJPY;A2;08-06 10:46;0;
2026-08-06T10:47:00.000+01:00,MAR1GSOPEN;EURJPY;B1;08-06 10:46;1;08-06 10:46
2026-08-06T10:47:00.000+01:00,MAR1GSOPEN;EURJPY;B2;08-06 10:46;1;08-06 10:46
2026-08-06T10:47:00.000+01:00,MAR1GSOPEN;EURJPY;C1;08-06 10:46;0;
2026-08-06T10:47:00.000+01:00,MAR1GSOPEN;EURJPY;C2;08-06 10:46;0;
2026-08-06T10:48:00.000+01:00,MAR1GSOPEN;EURJPY;A1;08-06 10:46;0;
2026-08-06T10:48:00.000+01:00,MAR1GSOPEN;EURJPY;A2;08-06 10:46;0;
2026-08-06T10:48:00.000+01:00,MAR1GSOPEN;EURJPY;B1;08-06 10:46;1;08-06 10:46
2026-08-06T10:48:00.000+01:00,MAR1GSOPEN;EURJPY;B2;08-06 10:46;1;08-06 10:46
2026-08-06T10:48:00.000+01:00,MAR1GSOPEN;EURJPY;C1;08-06 10:46;0;
2026-08-06T10:48:00.000+01:00,MAR1GSOPEN;EURJPY;C2;08-06 10:46;0;
2026-08-06T10:49:00.000+01:00,MAR1GSOPEN;EURJPY;A1;08-06 10:46;0;
2026-08-06T10:49:00.000+01:00,MAR1GSOPEN;EURJPY;A2;08-06 10:46;0;
2026-08-06T10:49:00.000+01:00,MAR1GSOPEN;EURJPY;B1;08-06 10:46;1;08-06 10:46
2026-08-06T10:49:00.000+01:00,MAR1GSOPEN;EURJPY;B2;08-06 10:46;1;08-06 10:46
2026-08-06T10:49:00.000+01:00,MAR1GSOPEN;EURJPY;C1;08-06 10:46;0;
2026-08-06T10:49:00.000+01:00,MAR1GSOPEN;EURJPY;C2;08-06 10:46;0;
2026-08-06T10:50:00.000+01:00,MAR1GSOPEN;EURJPY;A1;08-06 10:46;0;
2026-08-06T10:50:00.000+01:00,MAR1GSOPEN;EURJPY;A2;08-06 10:46;0;
2026-08-06T10:50:00.000+01:00,MAR1GSOPEN;EURJPY;B1;08-06 10:46;1;08-06 10:46
2026-08-06T10:50:00.000+01:00,MAR1GSOPEN;EURJPY;B2;08-06 10:46;1;08-06 10:46
2026-08-06T10:50:00.000+01:00,MAR1GSOPEN;EURJPY;C1;08-06 10:46;0;
2026-08-06T10:50:00.000+01:00,MAR1GSOPEN;EURJPY;C2;08-06 10:46;0;
2026-08-06T10:51:00.000+01:00,MAR1GSOPEN;EURJPY;A1;08-06 10:46;0;
2026-08-06T10:51:00.000+01:00,MAR1GSOPEN;EURJPY;A2;08-06 10:46;0;
2026-08-06T10:51:00.000+01:00,MAR1GSOPEN;EURJPY;B1;08-06 10:46;1;08-06 10:46
2026-08-06T10:51:00.000+01:00,MAR1GSOPEN;EURJPY;B2;08-06 10:46;1;08-06 10:46
2026-08-06T10:51:00.000+01:00,MAR1GSOPEN;EURJPY;C1;08-06 10:46;0;
2026-08-06T10:51:00.000+01:00,MAR1GSOPEN;EURJPY;C2;08-06 10:46;0;
2026-08-06T10:52:00.000+01:00,MAR1GSOPEN;EURJPY;A1;08-06 10:46;0;
2026-08-06T10:52:00.000+01:00,MAR1GSOPEN;EURJPY;A2;08-06 10:46;0;
2026-08-06T10:52:00.000+01:00,MAR1GSOPEN;EURJPY;B1;08-06 10:46;1;08-06 10:46
2026-08-06T10:52:00.000+01:00,MAR1GSOPEN;EURJPY;B2;08-06 10:46;1;08-06 10:46
2026-08-06T10:52:00.000+01:00,MAR1GSOPEN;EURJPY;C1;08-06 10:46;0;
2026-08-06T10:52:00.000+01:00,MAR1GSOPEN;EURJPY;C2;08-06 10:46;0;
2026-08-06T10:53:00.000+01:00,MAR1GSOPEN;EURJPY;A1;08-06 10:53;1;08-06 10:53
2026-08-06T10:53:00.000+01:00,MAR1GSOPEN;EURJPY;A2;08-06 10:53;1;08-06 10:53
2026-08-06T10:53:00.000+01:00,MAR1GSOPEN;EURJPY;B1;08-06 10:46;1;08-06 10:46
2026-08-06T10:53:00.000+01:00,MAR1GSOPEN;EURJPY;B2;08-06 10:46;1;08-06 10:46
2026-08-06T10:53:00.000+01:00,MAR1GSOPEN;EURJPY;C1;08-06 10:46;0;
2026-08-06T10:53:00.000+01:00,MAR1GSOPEN;EURJPY;C2;08-06 10:46;0;
2026-08-06T10:54:00.000+01:00,"MAR1GSCLOSE;EURJPY;A1;08-06 10:53;08-06 10:55;2;short;08-06 10:53,08-06 10:54"
2026-08-06T10:54:00.000+01:00,"MAR1GSCLOSE;EURJPY;A2;08-06 10:53;08-06 10:55;2;short;08-06 10:53,08-06 10:54"
2026-08-06T10:54:00.000+01:00,MAR1GSOPEN;EURJPY;B1;08-06 10:46;1;08-06 10:46
2026-08-06T10:54:00.000+01:00,MAR1GSOPEN;EURJPY;B2;08-06 10:46;1;08-06 10:46
2026-08-06T10:54:00.000+01:00,MAR1GSOPEN;EURJPY;C1;08-06 10:46;0;
2026-08-06T10:54:00.000+01:00,MAR1GSOPEN;EURJPY;C2;08-06 10:46;0;
2026-08-06T10:55:00.000+01:00,MAR1GSOPEN;EURJPY;B1;08-06 10:46;1;08-06 10:46
2026-08-06T10:55:00.000+01:00,MAR1GSOPEN;EURJPY;B2;08-06 10:46;1;08-06 10:46
2026-08-06T10:55:00.000+01:00,MAR1GSOPEN;EURJPY;C1;08-06 10:46;0;
2026-08-06T10:55:00.000+01:00,MAR1GSOPEN;EURJPY;C2;08-06 10:46;0;
2026-08-06T10:56:00.000+01:00,MAR1GSOPEN;EURJPY;B1;08-06 10:46;1;08-06 10:46
2026-08-06T10:56:00.000+01:00,MAR1GSOPEN;EURJPY;B2;08-06 10:46;1;08-06 10:46
2026-08-06T10:56:00.000+01:00,MAR1GSOPEN;EURJPY;C1;08-06 10:46;0;
2026-08-06T10:56:00.000+01:00,MAR1GSOPEN;EURJPY;C2;08-06 10:46;0;
2026-08-06T10:57:00.000+01:00,MAR1GSOPEN;EURJPY;B1;08-06 10:46;1;08-06 10:46
2026-08-06T10:57:00.000+01:00,MAR1GSOPEN;EURJPY;B2;08-06 10:46;1;08-06 10:46
2026-08-06T10:57:00.000+01:00,MAR1GSOPEN;EURJPY;C1;08-06 10:46;0;
2026-08-06T10:57:00.000+01:00,MAR1GSOPEN;EURJPY;C2;08-06 10:46;0;
2026-08-06T10:58:00.000+01:00,MAR1GSOPEN;EURJPY;B1;08-06 10:46;1;08-06 10:46
2026-08-06T10:58:00.000+01:00,MAR1GSOPEN;EURJPY;B2;08-06 10:46;1;08-06 10:46
2026-08-06T10:58:00.000+01:00,MAR1GSOPEN;EURJPY;C1;08-06 10:46;0;
2026-08-06T10:58:00.000+01:00,MAR1GSOPEN;EURJPY;C2;08-06 10:46;0;
2026-08-06T10:59:00.000+01:00,MAR1GSOPEN;EURJPY;B1;08-06 10:46;1;08-06 10:46
2026-08-06T10:59:00.000+01:00,MAR1GSOPEN;EURJPY;B2;08-06 10:46;1;08-06 10:46
2026-08-06T10:59:00.000+01:00,MAR1GSOPEN;EURJPY;C1;08-06 10:46;0;
2026-08-06T10:59:00.000+01:00,MAR1GSOPEN;EURJPY;C2;08-06 10:46;0;
2026-08-06T11:00:00.000+01:00,MAR1GSOPEN;EURJPY;B1;08-06 10:46;1;08-06 10:46
2026-08-06T11:00:00.000+01:00,MAR1GSOPEN;EURJPY;B2;08-06 10:46;1;08-06 10:46
2026-08-06T11:00:00.000+01:00,MAR1GSOPEN;EURJPY;C1;08-06 10:46;0;
2026-08-06T11:00:00.000+01:00,MAR1GSOPEN;EURJPY;C2;08-06 10:46;0;
2026-08-06T11:01:00.000+01:00,MAR1GSOPEN;EURJPY;B1;08-06 10:46;1;08-06 10:46
2026-08-06T11:01:00.000+01:00,MAR1GSOPEN;EURJPY;B2;08-06 10:46;1;08-06 10:46
2026-08-06T11:01:00.000+01:00,MAR1GSOPEN;EURJPY;C1;08-06 10:46;0;
2026-08-06T11:01:00.000+01:00,MAR1GSOPEN;EURJPY;C2;08-06 10:46;0;
2026-08-06T11:02:00.000+01:00,MAR1GSOPEN;EURJPY;B1;08-06 10:46;1;08-06 10:46
2026-08-06T11:02:00.000+01:00,MAR1GSOPEN;EURJPY;B2;08-06 10:46;1;08-06 10:46
2026-08-06T11:02:00.000+01:00,MAR1GSOPEN;EURJPY;C1;08-06 10:46;0;
2026-08-06T11:02:00.000+01:00,MAR1GSOPEN;EURJPY;C2;08-06 10:46;0;
2026-08-06T11:03:00.000+01:00,MAR1GSOPEN;EURJPY;B1;08-06 10:46;1;08-06 10:46
2026-08-06T11:03:00.000+01:00,MAR1GSOPEN;EURJPY;B2;08-06 10:46;1;08-06 10:46
2026-08-06T11:03:00.000+01:00,MAR1GSOPEN;EURJPY;C1;08-06 10:46;0;
2026-08-06T11:03:00.000+01:00,MAR1GSOPEN;EURJPY;C2;08-06 10:46;0;
2026-08-06T11:04:00.000+01:00,MAR1GSOPEN;EURJPY;B1;08-06 10:46;1;08-06 10:46
2026-08-06T11:04:00.000+01:00,MAR1GSOPEN;EURJPY;B2;08-06 10:46;1;08-06 10:46
2026-08-06T11:04:00.000+01:00,MAR1GSOPEN;EURJPY;C1;08-06 10:46;0;
2026-08-06T11:04:00.000+01:00,MAR1GSOPEN;EURJPY;C2;08-06 10:46;0;
2026-08-06T11:05:00.000+01:00,MAR1GSOPEN;EURJPY;B1;08-06 10:46;1;08-06 10:46
2026-08-06T11:05:00.000+01:00,MAR1GSOPEN;EURJPY;B2;08-06 10:46;1;08-06 10:46
2026-08-06T11:05:00.000+01:00,MAR1GSOPEN;EURJPY;C1;08-06 10:46;0;
2026-08-06T11:05:00.000+01:00,MAR1GSOPEN;EURJPY;C2;08-06 10:46;0;
2026-08-06T11:06:00.000+01:00,MAR1GSOPEN;EURJPY;B1;08-06 10:46;1;08-06 10:46
2026-08-06T11:06:00.000+01:00,MAR1GSOPEN;EURJPY;B2;08-06 10:46;1;08-06 10:46
2026-08-06T11:06:00.000+01:00,MAR1GSOPEN;EURJPY;C1;08-06 10:46;0;
2026-08-06T11:06:00.000+01:00,MAR1GSOPEN;EURJPY;C2;08-06 10:46;0;
2026-08-06T11:07:00.000+01:00,MAR1GSOPEN;EURJPY;B1;08-06 10:46;1;08-06 10:46
2026-08-06T11:07:00.000+01:00,MAR1GSOPEN;EURJPY;B2;08-06 10:46;1;08-06 10:46
2026-08-06T11:07:00.000+01:00,MAR1GSOPEN;EURJPY;C1;08-06 10:46;0;
2026-08-06T11:07:00.000+01:00,MAR1GSOPEN;EURJPY;C2;08-06 10:46;0;
2026-08-06T11:08:00.000+01:00,MAR1GSOPEN;EURJPY;B1;08-06 10:46;1;08-06 10:46
2026-08-06T11:08:00.000+01:00,MAR1GSOPEN;EURJPY;B2;08-06 10:46;1;08-06 10:46
2026-08-06T11:08:00.000+01:00,MAR1GSOPEN;EURJPY;C1;08-06 10:46;0;
2026-08-06T11:08:00.000+01:00,MAR1GSOPEN;EURJPY;C2;08-06 10:46;0;
2026-08-06T11:09:00.000+01:00,MAR1GSOPEN;EURJPY;B1;08-06 10:46;1;08-06 10:46
2026-08-06T11:09:00.000+01:00,MAR1GSOPEN;EURJPY;B2;08-06 10:46;1;08-06 10:46
2026-08-06T11:09:00.000+01:00,MAR1GSOPEN;EURJPY;C1;08-06 10:46;0;
2026-08-06T11:09:00.000+01:00,MAR1GSOPEN;EURJPY;C2;08-06 10:46;0;
2026-08-06T11:10:00.000+01:00,MAR1GSOPEN;EURJPY;B1;08-06 10:46;1;08-06 10:46
2026-08-06T11:10:00.000+01:00,MAR1GSOPEN;EURJPY;B2;08-06 10:46;1;08-06 10:46
2026-08-06T11:10:00.000+01:00,MAR1GSOPEN;EURJPY;C1;08-06 10:46;0;
2026-08-06T11:10:00.000+01:00,MAR1GSOPEN;EURJPY;C2;08-06 10:46;0;
2026-08-06T11:11:00.000+01:00,MAR1GSOPEN;EURJPY;B1;08-06 10:46;1;08-06 10:46
2026-08-06T11:11:00.000+01:00,MAR1GSOPEN;EURJPY;B2;08-06 10:46;1;08-06 10:46
2026-08-06T11:11:00.000+01:00,MAR1GSOPEN;EURJPY;C1;08-06 10:46;0;
2026-08-06T11:11:00.000+01:00,MAR1GSOPEN;EURJPY;C2;08-06 10:46;0;
2026-08-06T11:12:00.000+01:00,MAR1GSOPEN;EURJPY;B1;08-06 10:46;1;08-06 10:46
2026-08-06T11:12:00.000+01:00,MAR1GSOPEN;EURJPY;B2;08-06 10:46;1;08-06 10:46
2026-08-06T11:12:00.000+01:00,MAR1GSOPEN;EURJPY;C1;08-06 10:46;0;
2026-08-06T11:12:00.000+01:00,MAR1GSOPEN;EURJPY;C2;08-06 10:46;0;
2026-08-06T11:13:00.000+01:00,MAR1GSOPEN;EURJPY;B1;08-06 10:46;1;08-06 10:46
2026-08-06T11:13:00.000+01:00,MAR1GSOPEN;EURJPY;B2;08-06 10:46;1;08-06 10:46
2026-08-06T11:13:00.000+01:00,MAR1GSOPEN;EURJPY;C1;08-06 10:46;0;
2026-08-06T11:13:00.000+01:00,MAR1GSOPEN;EURJPY;C2;08-06 10:46;0;
2026-08-06T11:14:00.000+01:00,MAR1GSOPEN;EURJPY;B1;08-06 10:46;1;08-06 10:46
2026-08-06T11:14:00.000+01:00,MAR1GSOPEN;EURJPY;B2;08-06 10:46;1;08-06 10:46
2026-08-06T11:14:00.000+01:00,MAR1GSOPEN;EURJPY;C1;08-06 10:46;0;
2026-08-06T11:14:00.000+01:00,MAR1GSOPEN;EURJPY;C2;08-06 10:46;0;
2026-08-06T11:15:00.000+01:00,MAR1GSOPEN;EURJPY;B1;08-06 10:46;1;08-06 10:46
2026-08-06T11:15:00.000+01:00,MAR1GSOPEN;EURJPY;B2;08-06 10:46;1;08-06 10:46
2026-08-06T11:15:00.000+01:00,MAR1GSOPEN;EURJPY;C1;08-06 10:46;0;
2026-08-06T11:15:00.000+01:00,MAR1GSOPEN;EURJPY;C2;08-06 10:46;0;
2026-08-06T11:16:00.000+01:00,MAR1GSOPEN;EURJPY;B1;08-06 10:46;1;08-06 10:46
2026-08-06T11:16:00.000+01:00,MAR1GSOPEN;EURJPY;B2;08-06 10:46;1;08-06 10:46
2026-08-06T11:16:00.000+01:00,MAR1GSOPEN;EURJPY;C1;08-06 10:46;0;
2026-08-06T11:16:00.000+01:00,MAR1GSOPEN;EURJPY;C2;08-06 10:46;0;
2026-08-06T11:17:00.000+01:00,MAR1GSOPEN;EURJPY;B1;08-06 10:46;1;08-06 10:46
2026-08-06T11:17:00.000+01:00,MAR1GSOPEN;EURJPY;B2;08-06 10:46;1;08-06 10:46
2026-08-06T11:17:00.000+01:00,MAR1GSOPEN;EURJPY;C1;08-06 10:46;0;
2026-08-06T11:17:00.000+01:00,MAR1GSOPEN;EURJPY;C2;08-06 10:46;0;
2026-08-06T11:18:00.000+01:00,MAR1GSOPEN;EURJPY;B1;08-06 10:46;1;08-06 10:46
2026-08-06T11:18:00.000+01:00,MAR1GSOPEN;EURJPY;B2;08-06 10:46;1;08-06 10:46
2026-08-06T11:18:00.000+01:00,MAR1GSOPEN;EURJPY;C1;08-06 10:46;0;
2026-08-06T11:18:00.000+01:00,MAR1GSOPEN;EURJPY;C2;08-06 10:46;0;
2026-08-06T11:19:00.000+01:00,MAR1GSOPEN;EURJPY;B1;08-06 10:46;1;08-06 10:46
2026-08-06T11:19:00.000+01:00,MAR1GSOPEN;EURJPY;B2;08-06 10:46;1;08-06 10:46
2026-08-06T11:19:00.000+01:00,MAR1GSOPEN;EURJPY;C1;08-06 10:46;0;
2026-08-06T11:19:00.000+01:00,MAR1GSOPEN;EURJPY;C2;08-06 10:46;0;
2026-08-06T11:20:00.000+01:00,MAR1GSOPEN;EURJPY;B1;08-06 10:46;1;08-06 10:46
2026-08-06T11:20:00.000+01:00,MAR1GSOPEN;EURJPY;B2;08-06 10:46;1;08-06 10:46
2026-08-06T11:20:00.000+01:00,MAR1GSOPEN;EURJPY;C1;08-06 10:46;0;
2026-08-06T11:20:00.000+01:00,MAR1GSOPEN;EURJPY;C2;08-06 10:46;0;
2026-08-06T11:21:00.000+01:00,MAR1GSOPEN;EURJPY;B1;08-06 10:46;1;08-06 10:46
2026-08-06T11:21:00.000+01:00,MAR1GSOPEN;EURJPY;B2;08-06 10:46;1;08-06 10:46
2026-08-06T11:21:00.000+01:00,MAR1GSOPEN;EURJPY;C1;08-06 10:46;0;
2026-08-06T11:21:00.000+01:00,MAR1GSOPEN;EURJPY;C2;08-06 10:46;0;
2026-08-06T11:22:00.000+01:00,MAR1GSOPEN;EURJPY;B1;08-06 10:46;1;08-06 10:46
2026-08-06T11:22:00.000+01:00,MAR1GSOPEN;EURJPY;B2;08-06 10:46;1;08-06 10:46
2026-08-06T11:22:00.000+01:00,MAR1GSOPEN;EURJPY;C1;08-06 10:46;0;
2026-08-06T11:22:00.000+01:00,MAR1GSOPEN;EURJPY;C2;08-06 10:46;0;
2026-08-06T11:23:00.000+01:00,MAR1GSOPEN;EURJPY;B1;08-06 10:46;1;08-06 10:46
2026-08-06T11:23:00.000+01:00,MAR1GSOPEN;EURJPY;B2;08-06 10:46;1;08-06 10:46
2026-08-06T11:23:00.000+01:00,MAR1GSOPEN;EURJPY;C1;08-06 10:46;0;
2026-08-06T11:23:00.000+01:00,MAR1GSOPEN;EURJPY;C2;08-06 10:46;0;
2026-08-06T11:24:00.000+01:00,MAR1GSOPEN;EURJPY;B1;08-06 10:46;1;08-06 10:46
2026-08-06T11:24:00.000+01:00,MAR1GSOPEN;EURJPY;B2;08-06 10:46;1;08-06 10:46
2026-08-06T11:24:00.000+01:00,MAR1GSOPEN;EURJPY;C1;08-06 10:46;0;
2026-08-06T11:24:00.000+01:00,MAR1GSOPEN;EURJPY;C2;08-06 10:46;0;
2026-08-06T11:25:00.000+01:00,MAR1GSOPEN;EURJPY;B1;08-06 10:46;1;08-06 10:46
2026-08-06T11:25:00.000+01:00,MAR1GSOPEN;EURJPY;B2;08-06 10:46;1;08-06 10:46
2026-08-06T11:25:00.000+01:00,MAR1GSOPEN;EURJPY;C1;08-06 10:46;0;
2026-08-06T11:25:00.000+01:00,MAR1GSOPEN;EURJPY;C2;08-06 10:46;0;
2026-08-06T11:26:00.000+01:00,"MAR1GSCLOSE;EURJPY;B1;08-06 10:46;08-06 11:27;2;long;08-06 10:46,08-06 11:26"
2026-08-06T11:26:00.000+01:00,"MAR1GSCLOSE;EURJPY;B2;08-06 10:46;08-06 11:27;2;long;08-06 10:46,08-06 11:26"
2026-08-06T11:26:00.000+01:00,MAR1GSCLOSE;EURJPY;C1;08-06 11:26;08-06 11:27;1;long;08-06 11:26
2026-08-06T11:26:00.000+01:00,MAR1GSCLOSE;EURJPY;C2;08-06 11:26;08-06 11:27;1;long;08-06 11:26
2026-08-06T13:56:00.000+01:00,MAR1GSOPEN;EURJPY;A1;08-06 13:56;0;
2026-08-06T13:56:00.000+01:00,MAR1GSOPEN;EURJPY;A2;08-06 13:56;0;
2026-08-06T13:57:00.000+01:00,MAR1GSOPEN;EURJPY;A1;08-06 13:56;0;
2026-08-06T13:57:00.000+01:00,MAR1GSOPEN;EURJPY;A2;08-06 13:56;0;
2026-08-06T13:58:00.000+01:00,MAR1GSOPEN;EURJPY;A1;08-06 13:56;0;
2026-08-06T13:58:00.000+01:00,MAR1GSOPEN;EURJPY;A2;08-06 13:56;0;
2026-08-06T13:59:00.000+01:00,MAR1GSOPEN;EURJPY;A1;08-06 13:56;0;
2026-08-06T13:59:00.000+01:00,MAR1GSOPEN;EURJPY;A2;08-06 13:56;0;
2026-08-06T14:00:00.000+01:00,MAR1GSOPEN;EURJPY;A1;08-06 13:56;0;
2026-08-06T14:00:00.000+01:00,MAR1GSOPEN;EURJPY;A2;08-06 13:56;0;
2026-08-06T14:01:00.000+01:00,MAR1GSOPEN;EURJPY;A1;08-06 13:56;0;
2026-08-06T14:01:00.000+01:00,MAR1GSOPEN;EURJPY;A2;08-06 13:56;0;
2026-08-06T14:02:00.000+01:00,MAR1GSOPEN;EURJPY;A1;08-06 13:56;0;
2026-08-06T14:02:00.000+01:00,MAR1GSOPEN;EURJPY;A2;08-06 13:56;0;
2026-08-06T14:03:00.000+01:00,MAR1GSOPEN;EURJPY;A1;08-06 13:56;0;
2026-08-06T14:03:00.000+01:00,MAR1GSOPEN;EURJPY;A2;08-06 13:56;0;
2026-08-06T14:04:00.000+01:00,MAR1GSOPEN;EURJPY;A1;08-06 13:56;0;
2026-08-06T14:04:00.000+01:00,MAR1GSOPEN;EURJPY;A2;08-06 13:56;0;
2026-08-06T14:05:00.000+01:00,MAR1GSOPEN;EURJPY;A1;08-06 13:56;0;
2026-08-06T14:05:00.000+01:00,MAR1GSOPEN;EURJPY;A2;08-06 13:56;0;
2026-08-06T14:06:00.000+01:00,MAR1GSOPEN;EURJPY;A1;08-06 13:56;0;
2026-08-06T14:06:00.000+01:00,MAR1GSOPEN;EURJPY;A2;08-06 13:56;0;
2026-08-06T14:07:00.000+01:00,MAR1GSOPEN;EURJPY;A1;08-06 13:56;0;
2026-08-06T14:07:00.000+01:00,MAR1GSOPEN;EURJPY;A2;08-06 13:56;0;
2026-08-06T14:08:00.000+01:00,MAR1GSOPEN;EURJPY;A1;08-06 13:56;0;
2026-08-06T14:08:00.000+01:00,MAR1GSOPEN;EURJPY;A2;08-06 13:56;0;
2026-08-06T14:09:00.000+01:00,MAR1GSOPEN;EURJPY;A1;08-06 13:56;0;
2026-08-06T14:09:00.000+01:00,MAR1GSOPEN;EURJPY;A2;08-06 13:56;0;
2026-08-06T14:10:00.000+01:00,MAR1GSOPEN;EURJPY;A1;08-06 13:56;0;
2026-08-06T14:10:00.000+01:00,MAR1GSOPEN;EURJPY;A2;08-06 13:56;0;
2026-08-06T14:11:00.000+01:00,MAR1GSOPEN;EURJPY;A1;08-06 13:56;0;
2026-08-06T14:11:00.000+01:00,MAR1GSOPEN;EURJPY;A2;08-06 13:56;0;
2026-08-06T14:12:00.000+01:00,MAR1GSOPEN;EURJPY;A1;08-06 13:56;0;
2026-08-06T14:12:00.000+01:00,MAR1GSOPEN;EURJPY;A2;08-06 13:56;0;
2026-08-06T14:13:00.000+01:00,MAR1GSOPEN;EURJPY;A1;08-06 13:56;0;
2026-08-06T14:13:00.000+01:00,MAR1GSOPEN;EURJPY;A2;08-06 13:56;0;
2026-08-06T14:14:00.000+01:00,MAR1GSOPEN;EURJPY;A1;08-06 13:56;0;
2026-08-06T14:14:00.000+01:00,MAR1GSOPEN;EURJPY;A2;08-06 13:56;0;
2026-08-06T14:15:00.000+01:00,MAR1GSOPEN;EURJPY;A1;08-06 13:56;0;
2026-08-06T14:15:00.000+01:00,MAR1GSOPEN;EURJPY;A2;08-06 13:56;0;
2026-08-06T14:16:00.000+01:00,MAR1GSOPEN;EURJPY;A1;08-06 13:56;0;
2026-08-06T14:16:00.000+01:00,MAR1GSOPEN;EURJPY;A2;08-06 13:56;0;
2026-08-06T14:17:00.000+01:00,MAR1GSOPEN;EURJPY;A1;08-06 13:56;0;
2026-08-06T14:17:00.000+01:00,MAR1GSOPEN;EURJPY;A2;08-06 13:56;0;
2026-08-06T14:18:00.000+01:00,MAR1GSOPEN;EURJPY;A1;08-06 13:56;0;
2026-08-06T14:18:00.000+01:00,MAR1GSOPEN;EURJPY;A2;08-06 13:56;0;
2026-08-06T14:19:00.000+01:00,MAR1GSOPEN;EURJPY;A1;08-06 13:56;0;
2026-08-06T14:19:00.000+01:00,MAR1GSOPEN;EURJPY;A2;08-06 13:56;0;
2026-08-06T14:20:00.000+01:00,MAR1GSOPEN;EURJPY;A1;08-06 13:56;0;
2026-08-06T14:20:00.000+01:00,MAR1GSOPEN;EURJPY;A2;08-06 13:56;0;
2026-08-06T14:21:00.000+01:00,MAR1GSOPEN;EURJPY;A1;08-06 13:56;0;
2026-08-06T14:21:00.000+01:00,MAR1GSOPEN;EURJPY;A2;08-06 13:56;0;
2026-08-06T14:22:00.000+01:00,MAR1GSOPEN;EURJPY;A1;08-06 13:56;0;
2026-08-06T14:22:00.000+01:00,MAR1GSOPEN;EURJPY;A2;08-06 13:56;0;
2026-08-06T14:23:00.000+01:00,MAR1GSOPEN;EURJPY;A1;08-06 13:56;0;
2026-08-06T14:23:00.000+01:00,MAR1GSOPEN;EURJPY;A2;08-06 13:56;0;
2026-08-06T14:24:00.000+01:00,MAR1GSOPEN;EURJPY;A1;08-06 13:56;0;
2026-08-06T14:24:00.000+01:00,MAR1GSOPEN;EURJPY;A2;08-06 13:56;0;
2026-08-06T14:25:00.000+01:00,MAR1GSOPEN;EURJPY;A1;08-06 13:56;0;
2026-08-06T14:25:00.000+01:00,MAR1GSOPEN;EURJPY;A2;08-06 13:56;0;
2026-08-06T14:26:00.000+01:00,MAR1GSOPEN;EURJPY;A1;08-06 13:56;0;
2026-08-06T14:26:00.000+01:00,MAR1GSOPEN;EURJPY;A2;08-06 13:56;0;
2026-08-06T14:27:00.000+01:00,MAR1GSOPEN;EURJPY;A1;08-06 13:56;0;
2026-08-06T14:27:00.000+01:00,MAR1GSOPEN;EURJPY;A2;08-06 13:56;0;
2026-08-06T14:28:00.000+01:00,MAR1GSOPEN;EURJPY;A1;08-06 13:56;0;
2026-08-06T14:28:00.000+01:00,MAR1GSOPEN;EURJPY;A2;08-06 13:56;0;
2026-08-06T14:29:00.000+01:00,MAR1GSOPEN;EURJPY;A1;08-06 13:56;0;
2026-08-06T14:29:00.000+01:00,MAR1GSOPEN;EURJPY;A2;08-06 13:56;0;
2026-08-06T14:30:00.000+01:00,MAR1GSOPEN;EURJPY;A1;08-06 13:56;0;
2026-08-06T14:30:00.000+01:00,MAR1GSOPEN;EURJPY;A2;08-06 13:56;0;
2026-08-06T14:31:00.000+01:00,MAR1GSOPEN;EURJPY;A1;08-06 13:56;0;
2026-08-06T14:31:00.000+01:00,MAR1GSOPEN;EURJPY;A2;08-06 13:56;0;
2026-08-06T14:32:00.000+01:00,MAR1GSOPEN;EURJPY;A1;08-06 13:56;0;
2026-08-06T14:32:00.000+01:00,MAR1GSOPEN;EURJPY;A2;08-06 13:56;0;
2026-08-06T14:33:00.000+01:00,MAR1GSOPEN;EURJPY;A1;08-06 13:56;0;
2026-08-06T14:33:00.000+01:00,MAR1GSOPEN;EURJPY;A2;08-06 13:56;0;
2026-08-06T14:34:00.000+01:00,MAR1GSOPEN;EURJPY;A1;08-06 13:56;0;
2026-08-06T14:34:00.000+01:00,MAR1GSOPEN;EURJPY;A2;08-06 13:56;0;
2026-08-06T14:35:00.000+01:00,MAR1GSOPEN;EURJPY;A1;08-06 13:56;0;
2026-08-06T14:35:00.000+01:00,MAR1GSOPEN;EURJPY;A2;08-06 13:56;0;
2026-08-06T14:36:00.000+01:00,MAR1GSOPEN;EURJPY;A1;08-06 13:56;0;
2026-08-06T14:36:00.000+01:00,MAR1GSOPEN;EURJPY;A2;08-06 13:56;0;
2026-08-06T14:37:00.000+01:00,MAR1GSOPEN;EURJPY;A1;08-06 13:56;0;
2026-08-06T14:37:00.000+01:00,MAR1GSOPEN;EURJPY;A2;08-06 13:56;0;
2026-08-06T14:38:00.000+01:00,MAR1GSOPEN;EURJPY;A1;08-06 13:56;0;
2026-08-06T14:38:00.000+01:00,MAR1GSOPEN;EURJPY;A2;08-06 13:56;0;
2026-08-06T14:39:00.000+01:00,MAR1GSOPEN;EURJPY;A1;08-06 13:56;0;
2026-08-06T14:39:00.000+01:00,MAR1GSOPEN;EURJPY;A2;08-06 13:56;0;
2026-08-06T14:40:00.000+01:00,MAR1GSOPEN;EURJPY;A1;08-06 13:56;0;
2026-08-06T14:40:00.000+01:00,MAR1GSOPEN;EURJPY;A2;08-06 13:56;0;
2026-08-06T14:41:00.000+01:00,MAR1GSOPEN;EURJPY;A1;08-06 13:56;0;
2026-08-06T14:41:00.000+01:00,MAR1GSOPEN;EURJPY;A2;08-06 13:56;0;
2026-08-06T14:42:00.000+01:00,MAR1GSCLOSE;EURJPY;A1;08-06 14:42;08-06 14:43;1;long;08-06 14:42
2026-08-06T14:42:00.000+01:00,MAR1GSCLOSE;EURJPY;A2;08-06 14:42;08-06 14:43;1;long;08-06 14:42
2026-08-06T19:03:00.000+01:00,MAR1GSOPEN;EURJPY;A1;08-06 19:03;0;
2026-08-06T19:03:00.000+01:00,MAR1GSOPEN;EURJPY;A2;08-06 19:03;0;
2026-08-06T19:04:00.000+01:00,MAR1GSOPEN;EURJPY;A1;08-06 19:03;0;
2026-08-06T19:04:00.000+01:00,MAR1GSOPEN;EURJPY;A2;08-06 19:03;0;
2026-08-06T19:05:00.000+01:00,MAR1GSOPEN;EURJPY;A1;08-06 19:03;0;
2026-08-06T19:05:00.000+01:00,MAR1GSOPEN;EURJPY;A2;08-06 19:03;0;
2026-08-06T19:06:00.000+01:00,MAR1GSOPEN;EURJPY;A1;08-06 19:03;0;
2026-08-06T19:06:00.000+01:00,MAR1GSOPEN;EURJPY;A2;08-06 19:03;0;
2026-08-06T19:07:00.000+01:00,MAR1GSOPEN;EURJPY;A1;08-06 19:03;0;
2026-08-06T19:07:00.000+01:00,MAR1GSOPEN;EURJPY;A2;08-06 19:03;0;
2026-08-06T19:08:00.000+01:00,MAR1GSOPEN;EURJPY;A1;08-06 19:03;0;
2026-08-06T19:08:00.000+01:00,MAR1GSOPEN;EURJPY;A2;08-06 19:03;0;
2026-08-06T19:09:00.000+01:00,MAR1GSOPEN;EURJPY;A1;08-06 19:03;0;
2026-08-06T19:09:00.000+01:00,MAR1GSOPEN;EURJPY;A2;08-06 19:03;0;
2026-08-06T19:10:00.000+01:00,MAR1GSOPEN;EURJPY;A1;08-06 19:03;0;
2026-08-06T19:10:00.000+01:00,MAR1GSOPEN;EURJPY;A2;08-06 19:03;0;
2026-08-06T19:11:00.000+01:00,MAR1GSOPEN;EURJPY;A1;08-06 19:03;0;
2026-08-06T19:11:00.000+01:00,MAR1GSOPEN;EURJPY;A2;08-06 19:03;0;
2026-08-06T19:12:00.000+01:00,MAR1GSOPEN;EURJPY;A1;08-06 19:03;0;
2026-08-06T19:12:00.000+01:00,MAR1GSOPEN;EURJPY;A2;08-06 19:03;0;
2026-08-06T19:13:00.000+01:00,MAR1GSOPEN;EURJPY;A1;08-06 19:03;0;
2026-08-06T19:13:00.000+01:00,MAR1GSOPEN;EURJPY;A2;08-06 19:03;0;
2026-08-06T19:14:00.000+01:00,MAR1GSOPEN;EURJPY;A1;08-06 19:03;0;
2026-08-06T19:14:00.000+01:00,MAR1GSOPEN;EURJPY;A2;08-06 19:03;0;
2026-08-06T19:15:00.000+01:00,MAR1GSOPEN;EURJPY;A1;08-06 19:03;0;
2026-08-06T19:15:00.000+01:00,MAR1GSOPEN;EURJPY;A2;08-06 19:03;0;
2026-08-06T19:16:00.000+01:00,MAR1GSOPEN;EURJPY;A1;08-06 19:03;0;
2026-08-06T19:16:00.000+01:00,MAR1GSOPEN;EURJPY;A2;08-06 19:03;0;
2026-08-06T19:17:00.000+01:00,MAR1GSOPEN;EURJPY;A1;08-06 19:03;0;
2026-08-06T19:17:00.000+01:00,MAR1GSOPEN;EURJPY;A2;08-06 19:03;0;
2026-08-06T19:18:00.000+01:00,MAR1GSOPEN;EURJPY;A1;08-06 19:03;0;
2026-08-06T19:18:00.000+01:00,MAR1GSOPEN;EURJPY;A2;08-06 19:03;0;
2026-08-06T19:19:00.000+01:00,MAR1GSOPEN;EURJPY;A1;08-06 19:03;0;
2026-08-06T19:19:00.000+01:00,MAR1GSOPEN;EURJPY;A2;08-06 19:03;0;
2026-08-06T19:20:00.000+01:00,MAR1GSOPEN;EURJPY;A1;08-06 19:03;0;
2026-08-06T19:20:00.000+01:00,MAR1GSOPEN;EURJPY;A2;08-06 19:03;0;
2026-08-06T19:21:00.000+01:00,MAR1GSOPEN;EURJPY;A1;08-06 19:03;0;
2026-08-06T19:21:00.000+01:00,MAR1GSOPEN;EURJPY;A2;08-06 19:03;0;
2026-08-06T19:22:00.000+01:00,MAR1GSOPEN;EURJPY;A1;08-06 19:03;0;
2026-08-06T19:22:00.000+01:00,MAR1GSOPEN;EURJPY;A2;08-06 19:03;0;
2026-08-06T19:23:00.000+01:00,MAR1GSOPEN;EURJPY;A1;08-06 19:03;0;
2026-08-06T19:23:00.000+01:00,MAR1GSOPEN;EURJPY;A2;08-06 19:03;0;
2026-08-06T19:24:00.000+01:00,MAR1GSOPEN;EURJPY;A1;08-06 19:03;0;
2026-08-06T19:24:00.000+01:00,MAR1GSOPEN;EURJPY;A2;08-06 19:03;0;
2026-08-06T19:25:00.000+01:00,MAR1GSOPEN;EURJPY;A1;08-06 19:03;0;
2026-08-06T19:25:00.000+01:00,MAR1GSOPEN;EURJPY;A2;08-06 19:03;0;
2026-08-06T19:26:00.000+01:00,MAR1GSOPEN;EURJPY;A1;08-06 19:03;0;
2026-08-06T19:26:00.000+01:00,MAR1GSOPEN;EURJPY;A2;08-06 19:03;0;
2026-08-06T19:27:00.000+01:00,MAR1GSOPEN;EURJPY;A1;08-06 19:03;0;
2026-08-06T19:27:00.000+01:00,MAR1GSOPEN;EURJPY;A2;08-06 19:03;0;
2026-08-06T19:28:00.000+01:00,MAR1GSOPEN;EURJPY;A1;08-06 19:03;0;
2026-08-06T19:28:00.000+01:00,MAR1GSOPEN;EURJPY;A2;08-06 19:03;0;
2026-08-06T19:29:00.000+01:00,MAR1GSOPEN;EURJPY;A1;08-06 19:03;0;
2026-08-06T19:29:00.000+01:00,MAR1GSOPEN;EURJPY;A2;08-06 19:03;0;
2026-08-06T19:30:00.000+01:00,MAR1GSOPEN;EURJPY;A1;08-06 19:03;0;
2026-08-06T19:30:00.000+01:00,MAR1GSOPEN;EURJPY;A2;08-06 19:03;0;
2026-08-06T19:31:00.000+01:00,MAR1GSOPEN;EURJPY;A1;08-06 19:03;0;
2026-08-06T19:31:00.000+01:00,MAR1GSOPEN;EURJPY;A2;08-06 19:03;0;
2026-08-06T19:32:00.000+01:00,MAR1GSOPEN;EURJPY;A1;08-06 19:03;0;
2026-08-06T19:32:00.000+01:00,MAR1GSOPEN;EURJPY;A2;08-06 19:03;0;
2026-08-06T19:33:00.000+01:00,MAR1GSOPEN;EURJPY;A1;08-06 19:03;0;
2026-08-06T19:33:00.000+01:00,MAR1GSOPEN;EURJPY;A2;08-06 19:03;0;
2026-08-06T19:34:00.000+01:00,MAR1GSOPEN;EURJPY;A1;08-06 19:03;0;
2026-08-06T19:34:00.000+01:00,MAR1GSOPEN;EURJPY;A2;08-06 19:03;0;
2026-08-06T19:35:00.000+01:00,MAR1GSOPEN;EURJPY;A1;08-06 19:03;0;
2026-08-06T19:35:00.000+01:00,MAR1GSOPEN;EURJPY;A2;08-06 19:03;0;
2026-08-06T19:36:00.000+01:00,MAR1GSOPEN;EURJPY;A1;08-06 19:03;0;
2026-08-06T19:36:00.000+01:00,MAR1GSOPEN;EURJPY;A2;08-06 19:03;0;
2026-08-06T19:37:00.000+01:00,MAR1GSOPEN;EURJPY;A1;08-06 19:03;0;
2026-08-06T19:37:00.000+01:00,MAR1GSOPEN;EURJPY;A2;08-06 19:03;0;
2026-08-06T19:38:00.000+01:00,MAR1GSOPEN;EURJPY;A1;08-06 19:03;0;
2026-08-06T19:38:00.000+01:00,MAR1GSOPEN;EURJPY;A2;08-06 19:03;0;
2026-08-06T19:39:00.000+01:00,MAR1GSOPEN;EURJPY;A1;08-06 19:03;0;
2026-08-06T19:39:00.000+01:00,MAR1GSOPEN;EURJPY;A2;08-06 19:03;0;
2026-08-06T19:40:00.000+01:00,MAR1GSOPEN;EURJPY;A1;08-06 19:03;0;
2026-08-06T19:40:00.000+01:00,MAR1GSOPEN;EURJPY;A2;08-06 19:03;0;
2026-08-06T19:41:00.000+01:00,MAR1GSOPEN;EURJPY;A1;08-06 19:03;0;
2026-08-06T19:41:00.000+01:00,MAR1GSOPEN;EURJPY;A2;08-06 19:03;0;
2026-08-06T19:42:00.000+01:00,MAR1GSOPEN;EURJPY;A1;08-06 19:03;0;
2026-08-06T19:42:00.000+01:00,MAR1GSOPEN;EURJPY;A2;08-06 19:03;0;
2026-08-06T19:43:00.000+01:00,MAR1GSOPEN;EURJPY;A1;08-06 19:03;0;
2026-08-06T19:43:00.000+01:00,MAR1GSOPEN;EURJPY;A2;08-06 19:03;0;
2026-08-06T19:44:00.000+01:00,MAR1GSOPEN;EURJPY;A1;08-06 19:03;0;
2026-08-06T19:44:00.000+01:00,MAR1GSOPEN;EURJPY;A2;08-06 19:03;0;
2026-08-06T19:45:00.000+01:00,MAR1GSOPEN;EURJPY;A1;08-06 19:03;0;
2026-08-06T19:45:00.000+01:00,MAR1GSOPEN;EURJPY;A2;08-06 19:03;0;
2026-08-06T19:46:00.000+01:00,MAR1GSOPEN;EURJPY;A1;08-06 19:46;1;08-06 19:46
2026-08-06T19:46:00.000+01:00,MAR1GSOPEN;EURJPY;A2;08-06 19:46;1;08-06 19:46
2026-08-06T19:46:00.000+01:00,MAR1GSOPEN;EURJPY;B1;08-06 19:46;0;
2026-08-06T19:46:00.000+01:00,MAR1GSOPEN;EURJPY;B2;08-06 19:46;0;
2026-08-06T19:47:00.000+01:00,MAR1GSOPEN;EURJPY;A1;08-06 19:46;1;08-06 19:46
2026-08-06T19:47:00.000+01:00,MAR1GSOPEN;EURJPY;A2;08-06 19:46;1;08-06 19:46
2026-08-06T19:47:00.000+01:00,MAR1GSOPEN;EURJPY;B1;08-06 19:46;0;
2026-08-06T19:47:00.000+01:00,MAR1GSOPEN;EURJPY;B2;08-06 19:46;0;
2026-08-06T19:48:00.000+01:00,MAR1GSOPEN;EURJPY;A1;08-06 19:46;1;08-06 19:46
2026-08-06T19:48:00.000+01:00,MAR1GSOPEN;EURJPY;A2;08-06 19:46;1;08-06 19:46
2026-08-06T19:48:00.000+01:00,MAR1GSOPEN;EURJPY;B1;08-06 19:46;0;
2026-08-06T19:48:00.000+01:00,MAR1GSOPEN;EURJPY;B2;08-06 19:46;0;
2026-08-06T19:49:00.000+01:00,MAR1GSOPEN;EURJPY;A1;08-06 19:46;1;08-06 19:46
2026-08-06T19:49:00.000+01:00,MAR1GSOPEN;EURJPY;A2;08-06 19:46;1;08-06 19:46
2026-08-06T19:49:00.000+01:00,MAR1GSOPEN;EURJPY;B1;08-06 19:46;0;
2026-08-06T19:49:00.000+01:00,MAR1GSOPEN;EURJPY;B2;08-06 19:46;0;
2026-08-06T19:50:00.000+01:00,"MAR1GSCLOSE;EURJPY;A1;08-06 19:46;08-06 19:51;2;short;08-06 19:46,08-06 19:50"
2026-08-06T19:50:00.000+01:00,"MAR1GSCLOSE;EURJPY;A2;08-06 19:46;08-06 19:51;2;short;08-06 19:46,08-06 19:50"
2026-08-06T19:50:00.000+01:00,MAR1GSCLOSE;EURJPY;B1;08-06 19:50;08-06 19:51;1;short;08-06 19:50
2026-08-06T19:50:00.000+01:00,MAR1GSCLOSE;EURJPY;B2;08-06 19:50;08-06 19:51;1;short;08-06 19:50
2026-08-07T11:47:00.000+01:00,MAR1GSOPEN;EURJPY;A1;08-07 11:47;0;
2026-08-07T11:47:00.000+01:00,MAR1GSOPEN;EURJPY;A2;08-07 11:47;0;
2026-08-07T11:48:00.000+01:00,MAR1GSOPEN;EURJPY;A1;08-07 11:47;0;
2026-08-07T11:48:00.000+01:00,MAR1GSOPEN;EURJPY;A2;08-07 11:47;0;
2026-08-07T11:49:00.000+01:00,MAR1GSOPEN;EURJPY;A1;08-07 11:47;0;
2026-08-07T11:49:00.000+01:00,MAR1GSOPEN;EURJPY;A2;08-07 11:47;0;
2026-08-07T11:50:00.000+01:00,MAR1GSOPEN;EURJPY;A1;08-07 11:47;0;
2026-08-07T11:50:00.000+01:00,MAR1GSOPEN;EURJPY;A2;08-07 11:47;0;
2026-08-07T11:51:00.000+01:00,MAR1GSOPEN;EURJPY;A1;08-07 11:47;0;
2026-08-07T11:51:00.000+01:00,MAR1GSOPEN;EURJPY;A2;08-07 11:47;0;
2026-08-07T11:52:00.000+01:00,MAR1GSOPEN;EURJPY;A1;08-07 11:47;0;
2026-08-07T11:52:00.000+01:00,MAR1GSOPEN;EURJPY;A2;08-07 11:47;0;
2026-08-07T11:53:00.000+01:00,MAR1GSOPEN;EURJPY;A1;08-07 11:53;1;08-07 11:53
2026-08-07T11:53:00.000+01:00,MAR1GSOPEN;EURJPY;A2;08-07 11:53;1;08-07 11:53
2026-08-07T11:53:00.000+01:00,MAR1GSOPEN;EURJPY;B1;08-07 11:53;0;
2026-08-07T11:53:00.000+01:00,MAR1GSOPEN;EURJPY;B2;08-07 11:53;0;
2026-08-07T11:54:00.000+01:00,MAR1GSOPEN;EURJPY;A1;08-07 11:53;1;08-07 11:53
2026-08-07T11:54:00.000+01:00,MAR1GSOPEN;EURJPY;A2;08-07 11:53;1;08-07 11:53
2026-08-07T11:54:00.000+01:00,MAR1GSOPEN;EURJPY;B1;08-07 11:53;0;
2026-08-07T11:54:00.000+01:00,MAR1GSOPEN;EURJPY;B2;08-07 11:53;0;
2026-08-07T11:55:00.000+01:00,MAR1GSOPEN;EURJPY;A1;08-07 11:53;1;08-07 11:53
2026-08-07T11:55:00.000+01:00,MAR1GSOPEN;EURJPY;A2;08-07 11:53;1;08-07 11:53
2026-08-07T11:55:00.000+01:00,MAR1GSOPEN;EURJPY;B1;08-07 11:53;0;
2026-08-07T11:55:00.000+01:00,MAR1GSOPEN;EURJPY;B2;08-07 11:53;0;
2026-08-07T11:56:00.000+01:00,"MAR1GSCLOSE;EURJPY;A1;08-07 11:53;08-07 11:57;2;short;08-07 11:53,08-07 11:56"
2026-08-07T11:56:00.000+01:00,"MAR1GSCLOSE;EURJPY;A2;08-07 11:53;08-07 11:57;2;short;08-07 11:53,08-07 11:56"
2026-08-07T11:56:00.000+01:00,MAR1GSOPEN;EURJPY;B1;08-07 11:53;0;
2026-08-07T11:56:00.000+01:00,MAR1GSOPEN;EURJPY;B2;08-07 11:53;0;
2026-08-07T11:57:00.000+01:00,MAR1GSOPEN;EURJPY;B1;08-07 11:53;0;
2026-08-07T11:57:00.000+01:00,MAR1GSOPEN;EURJPY;B2;08-07 11:53;0;
2026-08-07T11:58:00.000+01:00,MAR1GSOPEN;EURJPY;B1;08-07 11:53;0;
2026-08-07T11:58:00.000+01:00,MAR1GSOPEN;EURJPY;B2;08-07 11:53;0;
2026-08-07T11:59:00.000+01:00,MAR1GSOPEN;EURJPY;B1;08-07 11:53;0;
2026-08-07T11:59:00.000+01:00,MAR1GSOPEN;EURJPY;B2;08-07 11:53;0;
2026-08-07T12:00:00.000+01:00,MAR1GSOPEN;EURJPY;B1;08-07 11:53;0;
2026-08-07T12:00:00.000+01:00,MAR1GSOPEN;EURJPY;B2;08-07 11:53;0;
2026-08-07T12:01:00.000+01:00,MAR1GSOPEN;EURJPY;B1;08-07 11:53;0;
2026-08-07T12:01:00.000+01:00,MAR1GSOPEN;EURJPY;B2;08-07 11:53;0;
2026-08-07T12:02:00.000+01:00,MAR1GSOPEN;EURJPY;B1;08-07 11:53;0;
2026-08-07T12:02:00.000+01:00,MAR1GSOPEN;EURJPY;B2;08-07 11:53;0;
2026-08-07T12:03:00.000+01:00,MAR1GSOPEN;EURJPY;B1;08-07 11:53;0;
2026-08-07T12:03:00.000+01:00,MAR1GSOPEN;EURJPY;B2;08-07 11:53;0;
2026-08-07T12:04:00.000+01:00,MAR1GSOPEN;EURJPY;B1;08-07 11:53;0;
2026-08-07T12:04:00.000+01:00,MAR1GSOPEN;EURJPY;B2;08-07 11:53;0;
2026-08-07T12:05:00.000+01:00,MAR1GSOPEN;EURJPY;B1;08-07 11:53;0;
2026-08-07T12:05:00.000+01:00,MAR1GSOPEN;EURJPY;B2;08-07 11:53;0;
2026-08-07T12:06:00.000+01:00,MAR1GSOPEN;EURJPY;B1;08-07 11:53;0;
2026-08-07T12:06:00.000+01:00,MAR1GSOPEN;EURJPY;B2;08-07 11:53;0;
2026-08-07T12:07:00.000+01:00,MAR1GSOPEN;EURJPY;B1;08-07 11:53;0;
2026-08-07T12:07:00.000+01:00,MAR1GSOPEN;EURJPY;B2;08-07 11:53;0;
2026-08-07T12:08:00.000+01:00,MAR1GSOPEN;EURJPY;B1;08-07 11:53;0;
2026-08-07T12:08:00.000+01:00,MAR1GSOPEN;EURJPY;B2;08-07 11:53;0;
2026-08-07T12:09:00.000+01:00,MAR1GSOPEN;EURJPY;B1;08-07 11:53;0;
2026-08-07T12:09:00.000+01:00,MAR1GSOPEN;EURJPY;B2;08-07 11:53;0;
2026-08-07T12:10:00.000+01:00,MAR1GSOPEN;EURJPY;B1;08-07 11:53;0;
2026-08-07T12:10:00.000+01:00,MAR1GSOPEN;EURJPY;B2;08-07 11:53;0;
2026-08-07T12:11:00.000+01:00,MAR1GSOPEN;EURJPY;B1;08-07 11:53;0;
2026-08-07T12:11:00.000+01:00,MAR1GSOPEN;EURJPY;B2;08-07 11:53;0;
2026-08-07T12:12:00.000+01:00,MAR1GSOPEN;EURJPY;B1;08-07 11:53;0;
2026-08-07T12:12:00.000+01:00,MAR1GSOPEN;EURJPY;B2;08-07 11:53;0;
2026-08-07T12:13:00.000+01:00,MAR1GSOPEN;EURJPY;B1;08-07 11:53;0;
2026-08-07T12:13:00.000+01:00,MAR1GSOPEN;EURJPY;B2;08-07 11:53;0;
2026-08-07T12:14:00.000+01:00,MAR1GSOPEN;EURJPY;B1;08-07 11:53;0;
2026-08-07T12:14:00.000+01:00,MAR1GSOPEN;EURJPY;B2;08-07 11:53;0;
2026-08-07T12:15:00.000+01:00,MAR1GSOPEN;EURJPY;B1;08-07 11:53;0;
2026-08-07T12:15:00.000+01:00,MAR1GSOPEN;EURJPY;B2;08-07 11:53;0;
2026-08-07T12:16:00.000+01:00,MAR1GSOPEN;EURJPY;B1;08-07 11:53;0;
2026-08-07T12:16:00.000+01:00,MAR1GSOPEN;EURJPY;B2;08-07 11:53;0;
2026-08-07T12:17:00.000+01:00,MAR1GSOPEN;EURJPY;B1;08-07 11:53;0;
2026-08-07T12:17:00.000+01:00,MAR1GSOPEN;EURJPY;B2;08-07 11:53;0;
2026-08-07T12:18:00.000+01:00,MAR1GSOPEN;EURJPY;B1;08-07 11:53;0;
2026-08-07T12:18:00.000+01:00,MAR1GSOPEN;EURJPY;B2;08-07 11:53;0;
2026-08-07T12:19:00.000+01:00,MAR1GSCLOSE;EURJPY;B1;08-07 12:19;08-07 12:20;1;long;08-07 12:19
2026-08-07T12:19:00.000+01:00,MAR1GSCLOSE;EURJPY;B2;08-07 12:19;08-07 12:20;1;long;08-07 12:19
2026-08-10T08:47:00.000+01:00,MAR1GSOPEN;EURJPY;A1;08-10 08:47;0;
2026-08-10T08:47:00.000+01:00,MAR1GSOPEN;EURJPY;A2;08-10 08:47;0;
2026-08-10T08:48:00.000+01:00,MAR1GSOPEN;EURJPY;A1;08-10 08:47;0;
2026-08-10T08:48:00.000+01:00,MAR1GSOPEN;EURJPY;A2;08-10 08:47;0;
2026-08-10T08:49:00.000+01:00,MAR1GSOPEN;EURJPY;A1;08-10 08:47;0;
2026-08-10T08:49:00.000+01:00,MAR1GSOPEN;EURJPY;A2;08-10 08:47;0;
2026-08-10T08:50:00.000+01:00,MAR1GSOPEN;EURJPY;A1;08-10 08:47;0;
2026-08-10T08:50:00.000+01:00,MAR1GSOPEN;EURJPY;A2;08-10 08:47;0;
2026-08-10T08:51:00.000+01:00,MAR1GSOPEN;EURJPY;A1;08-10 08:47;0;
2026-08-10T08:51:00.000+01:00,MAR1GSOPEN;EURJPY;A2;08-10 08:47;0;
2026-08-10T08:52:00.000+01:00,MAR1GSOPEN;EURJPY;A1;08-10 08:47;0;
2026-08-10T08:52:00.000+01:00,MAR1GSOPEN;EURJPY;A2;08-10 08:47;0;
2026-08-10T08:53:00.000+01:00,MAR1GSOPEN;EURJPY;A1;08-10 08:47;0;
2026-08-10T08:53:00.000+01:00,MAR1GSOPEN;EURJPY;A2;08-10 08:47;0;
2026-08-10T08:54:00.000+01:00,MAR1GSOPEN;EURJPY;A1;08-10 08:47;0;
2026-08-10T08:54:00.000+01:00,MAR1GSOPEN;EURJPY;A2;08-10 08:47;0;
2026-08-10T08:55:00.000+01:00,MAR1GSOPEN;EURJPY;A1;08-10 08:47;0;
2026-08-10T08:55:00.000+01:00,MAR1GSOPEN;EURJPY;A2;08-10 08:47;0;
2026-08-10T08:56:00.000+01:00,MAR1GSOPEN;EURJPY;A1;08-10 08:47;0;
2026-08-10T08:56:00.000+01:00,MAR1GSOPEN;EURJPY;A2;08-10 08:47;0;
2026-08-10T08:57:00.000+01:00,MAR1GSOPEN;EURJPY;A1;08-10 08:47;0;
2026-08-10T08:57:00.000+01:00,MAR1GSOPEN;EURJPY;A2;08-10 08:47;0;
2026-08-10T08:58:00.000+01:00,MAR1GSOPEN;EURJPY;A1;08-10 08:47;0;
2026-08-10T08:58:00.000+01:00,MAR1GSOPEN;EURJPY;A2;08-10 08:47;0;
2026-08-10T08:59:00.000+01:00,MAR1GSOPEN;EURJPY;A1;08-10 08:47;0;
2026-08-10T08:59:00.000+01:00,MAR1GSOPEN;EURJPY;A2;08-10 08:47;0;
2026-08-10T09:00:00.000+01:00,MAR1GSOPEN;EURJPY;A1;08-10 08:47;0;
2026-08-10T09:00:00.000+01:00,MAR1GSOPEN;EURJPY;A2;08-10 08:47;0;
2026-08-10T09:01:00.000+01:00,MAR1GSOPEN;EURJPY;A1;08-10 08:47;0;
2026-08-10T09:01:00.000+01:00,MAR1GSOPEN;EURJPY;A2;08-10 08:47;0;
2026-08-10T09:02:00.000+01:00,MAR1GSOPEN;EURJPY;A1;08-10 08:47;0;
2026-08-10T09:02:00.000+01:00,MAR1GSOPEN;EURJPY;A2;08-10 08:47;0;
2026-08-10T09:03:00.000+01:00,MAR1GSOPEN;EURJPY;A1;08-10 08:47;0;
2026-08-10T09:03:00.000+01:00,MAR1GSOPEN;EURJPY;A2;08-10 08:47;0;
2026-08-10T09:04:00.000+01:00,MAR1GSOPEN;EURJPY;A1;08-10 08:47;0;
2026-08-10T09:04:00.000+01:00,MAR1GSOPEN;EURJPY;A2;08-10 08:47;0;
2026-08-10T09:05:00.000+01:00,MAR1GSOPEN;EURJPY;A1;08-10 08:47;0;
2026-08-10T09:05:00.000+01:00,MAR1GSOPEN;EURJPY;A2;08-10 08:47;0;
2026-08-10T09:06:00.000+01:00,MAR1GSOPEN;EURJPY;A1;08-10 08:47;0;
2026-08-10T09:06:00.000+01:00,MAR1GSOPEN;EURJPY;A2;08-10 08:47;0;
2026-08-10T09:07:00.000+01:00,MAR1GSOPEN;EURJPY;A1;08-10 08:47;0;
2026-08-10T09:07:00.000+01:00,MAR1GSOPEN;EURJPY;A2;08-10 08:47;0;
2026-08-10T09:08:00.000+01:00,MAR1GSOPEN;EURJPY;A1;08-10 08:47;0;
2026-08-10T09:08:00.000+01:00,MAR1GSOPEN;EURJPY;A2;08-10 08:47;0;
2026-08-10T09:09:00.000+01:00,MAR1GSOPEN;EURJPY;A1;08-10 08:47;0;
2026-08-10T09:09:00.000+01:00,MAR1GSOPEN;EURJPY;A2;08-10 08:47;0;
2026-08-10T09:10:00.000+01:00,MAR1GSOPEN;EURJPY;A1;08-10 08:47;0;
2026-08-10T09:10:00.000+01:00,MAR1GSOPEN;EURJPY;A2;08-10 08:47;0;
2026-08-10T09:11:00.000+01:00,MAR1GSOPEN;EURJPY;A1;08-10 08:47;0;
2026-08-10T09:11:00.000+01:00,MAR1GSOPEN;EURJPY;A2;08-10 08:47;0;
2026-08-10T09:12:00.000+01:00,MAR1GSOPEN;EURJPY;A1;08-10 08:47;0;
2026-08-10T09:12:00.000+01:00,MAR1GSOPEN;EURJPY;A2;08-10 08:47;0;
2026-08-10T09:13:00.000+01:00,MAR1GSOPEN;EURJPY;A1;08-10 09:13;1;08-10 09:13
2026-08-10T09:13:00.000+01:00,MAR1GSOPEN;EURJPY;A2;08-10 09:13;1;08-10 09:13
2026-08-10T09:13:00.000+01:00,MAR1GSOPEN;EURJPY;B1;08-10 09:13;0;
2026-08-10T09:13:00.000+01:00,MAR1GSOPEN;EURJPY;B2;08-10 09:13;0;
2026-08-10T09:14:00.000+01:00,MAR1GSOPEN;EURJPY;A1;08-10 09:13;1;08-10 09:13
2026-08-10T09:14:00.000+01:00,MAR1GSOPEN;EURJPY;A2;08-10 09:13;1;08-10 09:13
2026-08-10T09:14:00.000+01:00,MAR1GSOPEN;EURJPY;B1;08-10 09:13;0;
2026-08-10T09:14:00.000+01:00,MAR1GSOPEN;EURJPY;B2;08-10 09:13;0;
2026-08-10T09:15:00.000+01:00,MAR1GSOPEN;EURJPY;A1;08-10 09:13;1;08-10 09:13
2026-08-10T09:15:00.000+01:00,MAR1GSOPEN;EURJPY;A2;08-10 09:13;1;08-10 09:13
2026-08-10T09:15:00.000+01:00,MAR1GSOPEN;EURJPY;B1;08-10 09:13;0;
2026-08-10T09:15:00.000+01:00,MAR1GSOPEN;EURJPY;B2;08-10 09:13;0;
2026-08-10T09:16:00.000+01:00,MAR1GSOPEN;EURJPY;A1;08-10 09:13;1;08-10 09:13
2026-08-10T09:16:00.000+01:00,MAR1GSOPEN;EURJPY;A2;08-10 09:13;1;08-10 09:13
2026-08-10T09:16:00.000+01:00,MAR1GSOPEN;EURJPY;B1;08-10 09:13;0;
2026-08-10T09:16:00.000+01:00,MAR1GSOPEN;EURJPY;B2;08-10 09:13;0;
2026-08-10T09:17:00.000+01:00,"MAR1GSOPEN;EURJPY;A1;08-10 09:13;2;08-10 09:13,08-10 09:17"
2026-08-10T09:17:00.000+01:00,"MAR1GSOPEN;EURJPY;A2;08-10 09:13;2;08-10 09:13,08-10 09:17"
2026-08-10T09:17:00.000+01:00,MAR1GSOPEN;EURJPY;B1;08-10 09:17;1;08-10 09:17
2026-08-10T09:17:00.000+01:00,MAR1GSOPEN;EURJPY;B2;08-10 09:17;1;08-10 09:17
2026-08-10T09:17:00.000+01:00,MAR1GSOPEN;EURJPY;C1;08-10 09:17;0;
2026-08-10T09:17:00.000+01:00,MAR1GSOPEN;EURJPY;C2;08-10 09:17;0;
2026-08-10T09:18:00.000+01:00,"MAR1GSOPEN;EURJPY;A1;08-10 09:13;3;08-10 09:13,08-10 09:17,08-10 09:18"
2026-08-10T09:18:00.000+01:00,"MAR1GSOPEN;EURJPY;A2;08-10 09:13;3;08-10 09:13,08-10 09:17,08-10 09:18"
2026-08-10T09:18:00.000+01:00,"MAR1GSOPEN;EURJPY;B1;08-10 09:17;2;08-10 09:17,08-10 09:18"
2026-08-10T09:18:00.000+01:00,"MAR1GSOPEN;EURJPY;B2;08-10 09:17;2;08-10 09:17,08-10 09:18"
2026-08-10T09:18:00.000+01:00,MAR1GSOPEN;EURJPY;C1;08-10 09:18;1;08-10 09:18
2026-08-10T09:18:00.000+01:00,MAR1GSOPEN;EURJPY;C2;08-10 09:18;1;08-10 09:18
2026-08-10T09:18:00.000+01:00,MAR1GSOPEN;EURJPY;D1;08-10 09:18;0;
2026-08-10T09:19:00.000+01:00,"MAR1GSOPEN;EURJPY;A1;08-10 09:13;3;08-10 09:13,08-10 09:17,08-10 09:18"
2026-08-10T09:19:00.000+01:00,"MAR1GSOPEN;EURJPY;A2;08-10 09:13;3;08-10 09:13,08-10 09:17,08-10 09:18"
2026-08-10T09:19:00.000+01:00,"MAR1GSOPEN;EURJPY;B1;08-10 09:17;2;08-10 09:17,08-10 09:18"
2026-08-10T09:19:00.000+01:00,"MAR1GSOPEN;EURJPY;B2;08-10 09:17;2;08-10 09:17,08-10 09:18"
2026-08-10T09:19:00.000+01:00,MAR1GSOPEN;EURJPY;C1;08-10 09:18;1;08-10 09:18
2026-08-10T09:19:00.000+01:00,MAR1GSOPEN;EURJPY;C2;08-10 09:18;1;08-10 09:18
2026-08-10T09:19:00.000+01:00,MAR1GSOPEN;EURJPY;D1;08-10 09:18;0;
2026-08-10T09:20:00.000+01:00,"MAR1GSOPEN;EURJPY;A1;08-10 09:13;3;08-10 09:13,08-10 09:17,08-10 09:18"
2026-08-10T09:20:00.000+01:00,"MAR1GSOPEN;EURJPY;A2;08-10 09:13;3;08-10 09:13,08-10 09:17,08-10 09:18"
2026-08-10T09:20:00.000+01:00,"MAR1GSOPEN;EURJPY;B1;08-10 09:17;2;08-10 09:17,08-10 09:18"
2026-08-10T09:20:00.000+01:00,"MAR1GSOPEN;EURJPY;B2;08-10 09:17;2;08-10 09:17,08-10 09:18"
2026-08-10T09:20:00.000+01:00,MAR1GSOPEN;EURJPY;C1;08-10 09:18;1;08-10 09:18
2026-08-10T09:20:00.000+01:00,MAR1GSOPEN;EURJPY;C2;08-10 09:18;1;08-10 09:18
2026-08-10T09:20:00.000+01:00,MAR1GSOPEN;EURJPY;D1;08-10 09:18;0;
2026-08-10T09:21:00.000+01:00,"MAR1GSOPEN;EURJPY;A1;08-10 09:13;3;08-10 09:13,08-10 09:17,08-10 09:18"
2026-08-10T09:21:00.000+01:00,"MAR1GSOPEN;EURJPY;A2;08-10 09:13;3;08-10 09:13,08-10 09:17,08-10 09:18"
2026-08-10T09:21:00.000+01:00,"MAR1GSOPEN;EURJPY;B1;08-10 09:17;2;08-10 09:17,08-10 09:18"
2026-08-10T09:21:00.000+01:00,"MAR1GSOPEN;EURJPY;B2;08-10 09:17;2;08-10 09:17,08-10 09:18"
2026-08-10T09:21:00.000+01:00,MAR1GSOPEN;EURJPY;C1;08-10 09:18;1;08-10 09:18
2026-08-10T09:21:00.000+01:00,MAR1GSOPEN;EURJPY;C2;08-10 09:18;1;08-10 09:18
2026-08-10T09:21:00.000+01:00,MAR1GSOPEN;EURJPY;D1;08-10 09:18;0;
2026-08-10T09:22:00.000+01:00,"MAR1GSOPEN;EURJPY;A1;08-10 09:13;3;08-10 09:13,08-10 09:17,08-10 09:18"
2026-08-10T09:22:00.000+01:00,"MAR1GSOPEN;EURJPY;A2;08-10 09:13;3;08-10 09:13,08-10 09:17,08-10 09:18"
2026-08-10T09:22:00.000+01:00,"MAR1GSOPEN;EURJPY;B1;08-10 09:17;2;08-10 09:17,08-10 09:18"
2026-08-10T09:22:00.000+01:00,"MAR1GSOPEN;EURJPY;B2;08-10 09:17;2;08-10 09:17,08-10 09:18"
2026-08-10T09:22:00.000+01:00,MAR1GSOPEN;EURJPY;C1;08-10 09:18;1;08-10 09:18
2026-08-10T09:22:00.000+01:00,MAR1GSOPEN;EURJPY;C2;08-10 09:18;1;08-10 09:18
2026-08-10T09:22:00.000+01:00,MAR1GSOPEN;EURJPY;D1;08-10 09:18;0;
2026-08-10T09:23:00.000+01:00,"MAR1GSOPEN;EURJPY;A1;08-10 09:13;3;08-10 09:13,08-10 09:17,08-10 09:18"
2026-08-10T09:23:00.000+01:00,"MAR1GSOPEN;EURJPY;A2;08-10 09:13;3;08-10 09:13,08-10 09:17,08-10 09:18"
2026-08-10T09:23:00.000+01:00,"MAR1GSOPEN;EURJPY;B1;08-10 09:17;2;08-10 09:17,08-10 09:18"
2026-08-10T09:23:00.000+01:00,"MAR1GSOPEN;EURJPY;B2;08-10 09:17;2;08-10 09:17,08-10 09:18"
2026-08-10T09:23:00.000+01:00,MAR1GSOPEN;EURJPY;C1;08-10 09:18;1;08-10 09:18
2026-08-10T09:23:00.000+01:00,MAR1GSOPEN;EURJPY;C2;08-10 09:18;1;08-10 09:18
2026-08-10T09:23:00.000+01:00,MAR1GSOPEN;EURJPY;D1;08-10 09:18;0;
2026-08-10T09:24:00.000+01:00,"MAR1GSOPEN;EURJPY;A1;08-10 09:13;3;08-10 09:13,08-10 09:17,08-10 09:18"
2026-08-10T09:24:00.000+01:00,"MAR1GSOPEN;EURJPY;A2;08-10 09:13;3;08-10 09:13,08-10 09:17,08-10 09:18"
2026-08-10T09:24:00.000+01:00,"MAR1GSOPEN;EURJPY;B1;08-10 09:17;2;08-10 09:17,08-10 09:18"
2026-08-10T09:24:00.000+01:00,"MAR1GSOPEN;EURJPY;B2;08-10 09:17;2;08-10 09:17,08-10 09:18"
2026-08-10T09:24:00.000+01:00,MAR1GSOPEN;EURJPY;C1;08-10 09:18;1;08-10 09:18
2026-08-10T09:24:00.000+01:00,MAR1GSOPEN;EURJPY;C2;08-10 09:18;1;08-10 09:18
2026-08-10T09:24:00.000+01:00,MAR1GSOPEN;EURJPY;D1;08-10 09:18;0;
2026-08-10T09:25:00.000+01:00,"MAR1GSOPEN;EURJPY;A1;08-10 09:13;3;08-10 09:13,08-10 09:17,08-10 09:18"
2026-08-10T09:25:00.000+01:00,"MAR1GSOPEN;EURJPY;A2;08-10 09:13;3;08-10 09:13,08-10 09:17,08-10 09:18"
2026-08-10T09:25:00.000+01:00,"MAR1GSOPEN;EURJPY;B1;08-10 09:17;2;08-10 09:17,08-10 09:18"
2026-08-10T09:25:00.000+01:00,"MAR1GSOPEN;EURJPY;B2;08-10 09:17;2;08-10 09:17,08-10 09:18"
2026-08-10T09:25:00.000+01:00,MAR1GSOPEN;EURJPY;C1;08-10 09:18;1;08-10 09:18
2026-08-10T09:25:00.000+01:00,MAR1GSOPEN;EURJPY;C2;08-10 09:18;1;08-10 09:18
2026-08-10T09:25:00.000+01:00,MAR1GSOPEN;EURJPY;D1;08-10 09:18;0;
2026-08-10T09:26:00.000+01:00,"MAR1GSOPEN;EURJPY;A1;08-10 09:13;3;08-10 09:13,08-10 09:17,08-10 09:18"
2026-08-10T09:26:00.000+01:00,"MAR1GSOPEN;EURJPY;A2;08-10 09:13;3;08-10 09:13,08-10 09:17,08-10 09:18"
2026-08-10T09:26:00.000+01:00,"MAR1GSOPEN;EURJPY;B1;08-10 09:17;2;08-10 09:17,08-10 09:18"
2026-08-10T09:26:00.000+01:00,"MAR1GSOPEN;EURJPY;B2;08-10 09:17;2;08-10 09:17,08-10 09:18"
2026-08-10T09:26:00.000+01:00,MAR1GSOPEN;EURJPY;C1;08-10 09:18;1;08-10 09:18
2026-08-10T09:26:00.000+01:00,MAR1GSOPEN;EURJPY;C2;08-10 09:18;1;08-10 09:18
2026-08-10T09:26:00.000+01:00,MAR1GSOPEN;EURJPY;D1;08-10 09:18;0;
2026-08-10T09:27:00.000+01:00,"MAR1GSOPEN;EURJPY;A1;08-10 09:13;3;08-10 09:13,08-10 09:17,08-10 09:18"
2026-08-10T09:27:00.000+01:00,"MAR1GSOPEN;EURJPY;A2;08-10 09:13;3;08-10 09:13,08-10 09:17,08-10 09:18"
2026-08-10T09:27:00.000+01:00,"MAR1GSOPEN;EURJPY;B1;08-10 09:17;2;08-10 09:17,08-10 09:18"
2026-08-10T09:27:00.000+01:00,"MAR1GSOPEN;EURJPY;B2;08-10 09:17;2;08-10 09:17,08-10 09:18"
2026-08-10T09:27:00.000+01:00,MAR1GSOPEN;EURJPY;C1;08-10 09:18;1;08-10 09:18
2026-08-10T09:27:00.000+01:00,MAR1GSOPEN;EURJPY;C2;08-10 09:18;1;08-10 09:18
2026-08-10T09:27:00.000+01:00,MAR1GSOPEN;EURJPY;D1;08-10 09:18;0;
2026-08-10T09:28:00.000+01:00,"MAR1GSOPEN;EURJPY;A1;08-10 09:13;3;08-10 09:13,08-10 09:17,08-10 09:18"
2026-08-10T09:28:00.000+01:00,"MAR1GSOPEN;EURJPY;A2;08-10 09:13;3;08-10 09:13,08-10 09:17,08-10 09:18"
2026-08-10T09:28:00.000+01:00,"MAR1GSOPEN;EURJPY;B1;08-10 09:17;2;08-10 09:17,08-10 09:18"
2026-08-10T09:28:00.000+01:00,"MAR1GSOPEN;EURJPY;B2;08-10 09:17;2;08-10 09:17,08-10 09:18"
2026-08-10T09:28:00.000+01:00,MAR1GSOPEN;EURJPY;C1;08-10 09:18;1;08-10 09:18
2026-08-10T09:28:00.000+01:00,MAR1GSOPEN;EURJPY;C2;08-10 09:18;1;08-10 09:18
2026-08-10T09:28:00.000+01:00,MAR1GSOPEN;EURJPY;D1;08-10 09:18;0;
2026-08-10T09:29:00.000+01:00,"MAR1GSOPEN;EURJPY;A1;08-10 09:13;3;08-10 09:13,08-10 09:17,08-10 09:18"
2026-08-10T09:29:00.000+01:00,"MAR1GSOPEN;EURJPY;A2;08-10 09:13;3;08-10 09:13,08-10 09:17,08-10 09:18"
2026-08-10T09:29:00.000+01:00,"MAR1GSOPEN;EURJPY;B1;08-10 09:17;2;08-10 09:17,08-10 09:18"
2026-08-10T09:29:00.000+01:00,"MAR1GSOPEN;EURJPY;B2;08-10 09:17;2;08-10 09:17,08-10 09:18"
2026-08-10T09:29:00.000+01:00,MAR1GSOPEN;EURJPY;C1;08-10 09:18;1;08-10 09:18
2026-08-10T09:29:00.000+01:00,MAR1GSOPEN;EURJPY;C2;08-10 09:18;1;08-10 09:18
2026-08-10T09:29:00.000+01:00,MAR1GSOPEN;EURJPY;D1;08-10 09:18;0;
2026-08-10T09:30:00.000+01:00,"MAR1GSOPEN;EURJPY;A1;08-10 09:13;3;08-10 09:13,08-10 09:17,08-10 09:18"
2026-08-10T09:30:00.000+01:00,"MAR1GSOPEN;EURJPY;A2;08-10 09:13;3;08-10 09:13,08-10 09:17,08-10 09:18"
2026-08-10T09:30:00.000+01:00,"MAR1GSOPEN;EURJPY;B1;08-10 09:17;2;08-10 09:17,08-10 09:18"
2026-08-10T09:30:00.000+01:00,"MAR1GSOPEN;EURJPY;B2;08-10 09:17;2;08-10 09:17,08-10 09:18"
2026-08-10T09:30:00.000+01:00,MAR1GSOPEN;EURJPY;C1;08-10 09:18;1;08-10 09:18
2026-08-10T09:30:00.000+01:00,MAR1GSOPEN;EURJPY;C2;08-10 09:18;1;08-10 09:18
2026-08-10T09:30:00.000+01:00,MAR1GSOPEN;EURJPY;D1;08-10 09:18;0;
2026-08-10T09:31:00.000+01:00,"MAR1GSOPEN;EURJPY;A1;08-10 09:13;3;08-10 09:13,08-10 09:17,08-10 09:18"
2026-08-10T09:31:00.000+01:00,"MAR1GSOPEN;EURJPY;A2;08-10 09:13;3;08-10 09:13,08-10 09:17,08-10 09:18"
2026-08-10T09:31:00.000+01:00,"MAR1GSOPEN;EURJPY;B1;08-10 09:17;2;08-10 09:17,08-10 09:18"
2026-08-10T09:31:00.000+01:00,"MAR1GSOPEN;EURJPY;B2;08-10 09:17;2;08-10 09:17,08-10 09:18"
2026-08-10T09:31:00.000+01:00,MAR1GSOPEN;EURJPY;C1;08-10 09:18;1;08-10 09:18
2026-08-10T09:31:00.000+01:00,MAR1GSOPEN;EURJPY;C2;08-10 09:18;1;08-10 09:18
2026-08-10T09:31:00.000+01:00,MAR1GSOPEN;EURJPY;D1;08-10 09:18;0;
2026-08-10T09:32:00.000+01:00,"MAR1GSOPEN;EURJPY;A1;08-10 09:13;3;08-10 09:13,08-10 09:17,08-10 09:18"
2026-08-10T09:32:00.000+01:00,"MAR1GSOPEN;EURJPY;A2;08-10 09:13;3;08-10 09:13,08-10 09:17,08-10 09:18"
2026-08-10T09:32:00.000+01:00,"MAR1GSOPEN;EURJPY;B1;08-10 09:17;2;08-10 09:17,08-10 09:18"
2026-08-10T09:32:00.000+01:00,"MAR1GSOPEN;EURJPY;B2;08-10 09:17;2;08-10 09:17,08-10 09:18"
2026-08-10T09:32:00.000+01:00,MAR1GSOPEN;EURJPY;C1;08-10 09:18;1;08-10 09:18
2026-08-10T09:32:00.000+01:00,MAR1GSOPEN;EURJPY;C2;08-10 09:18;1;08-10 09:18
2026-08-10T09:32:00.000+01:00,MAR1GSOPEN;EURJPY;D1;08-10 09:18;0;
2026-08-10T09:33:00.000+01:00,"MAR1GSCLOSE;EURJPY;A1;08-10 09:13;08-10 09:34;4;long;08-10 09:13,08-10 09:17,08-10 09:18,08-10 09:33"
2026-08-10T09:33:00.000+01:00,"MAR1GSCLOSE;EURJPY;A2;08-10 09:13;08-10 09:34;4;long;08-10 09:13,08-10 09:17,08-10 09:18,08-10 09:33"
2026-08-10T09:33:00.000+01:00,"MAR1GSCLOSE;EURJPY;B1;08-10 09:17;08-10 09:34;3;long;08-10 09:17,08-10 09:18,08-10 09:33"
2026-08-10T09:33:00.000+01:00,"MAR1GSCLOSE;EURJPY;B2;08-10 09:17;08-10 09:34;3;long;08-10 09:17,08-10 09:18,08-10 09:33"
2026-08-10T09:33:00.000+01:00,"MAR1GSCLOSE;EURJPY;C1;08-10 09:18;08-10 09:34;2;long;08-10 09:18,08-10 09:33"
2026-08-10T09:33:00.000+01:00,"MAR1GSCLOSE;EURJPY;C2;08-10 09:18;08-10 09:34;2;long;08-10 09:18,08-10 09:33"
2026-08-10T09:33:00.000+01:00,MAR1GSCLOSE;EURJPY;D1;08-10 09:33;08-10 09:34;1;long;08-10 09:33
2026-08-10T17:59:00.000+01:00,MAR1GSOPEN;EURJPY;B1;08-10 17:59;0;
2026-08-10T17:59:00.000+01:00,MAR1GSOPEN;EURJPY;B2;08-10 17:59;0;
2026-08-10T18:00:00.000+01:00,MAR1GSOPEN;EURJPY;B1;08-10 18:00;1;08-10 18:00
2026-08-10T18:00:00.000+01:00,MAR1GSOPEN;EURJPY;B2;08-10 18:00;1;08-10 18:00
2026-08-10T18:00:00.000+01:00,MAR1GSOPEN;EURJPY;C1;08-10 18:00;0;
2026-08-10T18:00:00.000+01:00,MAR1GSOPEN;EURJPY;C2;08-10 18:00;0;
2026-08-10T18:01:00.000+01:00,MAR1GSOPEN;EURJPY;B1;08-10 18:00;1;08-10 18:00
2026-08-10T18:01:00.000+01:00,MAR1GSOPEN;EURJPY;B2;08-10 18:00;1;08-10 18:00
2026-08-10T18:01:00.000+01:00,MAR1GSOPEN;EURJPY;C1;08-10 18:00;0;
2026-08-10T18:01:00.000+01:00,MAR1GSOPEN;EURJPY;C2;08-10 18:00;0;
2026-08-10T18:02:00.000+01:00,MAR1GSOPEN;EURJPY;B1;08-10 18:00;1;08-10 18:00
2026-08-10T18:02:00.000+01:00,MAR1GSOPEN;EURJPY;B2;08-10 18:00;1;08-10 18:00
2026-08-10T18:02:00.000+01:00,MAR1GSOPEN;EURJPY;C1;08-10 18:00;0;
2026-08-10T18:02:00.000+01:00,MAR1GSOPEN;EURJPY;C2;08-10 18:00;0;
2026-08-10T18:03:00.000+01:00,"MAR1GSOPEN;EURJPY;B1;08-10 18:00;2;08-10 18:00,08-10 18:03"
2026-08-10T18:03:00.000+01:00,"MAR1GSOPEN;EURJPY;B2;08-10 18:00;2;08-10 18:00,08-10 18:03"
2026-08-10T18:03:00.000+01:00,MAR1GSOPEN;EURJPY;C1;08-10 18:03;1;08-10 18:03
2026-08-10T18:03:00.000+01:00,MAR1GSOPEN;EURJPY;C2;08-10 18:03;1;08-10 18:03
2026-08-10T18:04:00.000+01:00,"MAR1GSOPEN;EURJPY;B1;08-10 18:00;2;08-10 18:00,08-10 18:03"
2026-08-10T18:04:00.000+01:00,"MAR1GSOPEN;EURJPY;B2;08-10 18:00;2;08-10 18:00,08-10 18:03"
2026-08-10T18:04:00.000+01:00,MAR1GSOPEN;EURJPY;C1;08-10 18:03;1;08-10 18:03
2026-08-10T18:04:00.000+01:00,MAR1GSOPEN;EURJPY;C2;08-10 18:03;1;08-10 18:03
2026-08-10T18:05:00.000+01:00,"MAR1GSOPEN;EURJPY;B1;08-10 18:00;2;08-10 18:00,08-10 18:03"
2026-08-10T18:05:00.000+01:00,"MAR1GSOPEN;EURJPY;B2;08-10 18:00;2;08-10 18:00,08-10 18:03"
2026-08-10T18:05:00.000+01:00,MAR1GSOPEN;EURJPY;C1;08-10 18:03;1;08-10 18:03
2026-08-10T18:05:00.000+01:00,MAR1GSOPEN;EURJPY;C2;08-10 18:03;1;08-10 18:03
2026-08-10T18:06:00.000+01:00,"MAR1GSOPEN;EURJPY;B1;08-10 18:00;2;08-10 18:00,08-10 18:03"
2026-08-10T18:06:00.000+01:00,"MAR1GSOPEN;EURJPY;B2;08-10 18:00;2;08-10 18:00,08-10 18:03"
2026-08-10T18:06:00.000+01:00,MAR1GSOPEN;EURJPY;C1;08-10 18:03;1;08-10 18:03
2026-08-10T18:06:00.000+01:00,MAR1GSOPEN;EURJPY;C2;08-10 18:03;1;08-10 18:03
2026-08-10T18:07:00.000+01:00,"MAR1GSCLOSE;EURJPY;B1;08-10 18:00;08-10 18:08;3;long;08-10 18:00,08-10 18:03,08-10 18:07"
2026-08-10T18:07:00.000+01:00,"MAR1GSCLOSE;EURJPY;B2;08-10 18:00;08-10 18:08;3;long;08-10 18:00,08-10 18:03,08-10 18:07"
2026-08-10T18:07:00.000+01:00,"MAR1GSCLOSE;EURJPY;C1;08-10 18:03;08-10 18:08;2;long;08-10 18:03,08-10 18:07"
2026-08-10T18:07:00.000+01:00,"MAR1GSCLOSE;EURJPY;C2;08-10 18:03;08-10 18:08;2;long;08-10 18:03,08-10 18:07"
2026-08-10T19:14:00.000+01:00,MAR1GSOPEN;EURJPY;B1;08-10 19:14;0;
2026-08-10T19:14:00.000+01:00,MAR1GSOPEN;EURJPY;B2;08-10 19:14;0;
2026-08-10T19:15:00.000+01:00,MAR1GSOPEN;EURJPY;B1;08-10 19:14;0;
2026-08-10T19:15:00.000+01:00,MAR1GSOPEN;EURJPY;B2;08-10 19:14;0;
2026-08-10T19:16:00.000+01:00,MAR1GSOPEN;EURJPY;B1;08-10 19:14;0;
2026-08-10T19:16:00.000+01:00,MAR1GSOPEN;EURJPY;B2;08-10 19:14;0;
2026-08-10T19:17:00.000+01:00,MAR1GSOPEN;EURJPY;B1;08-10 19:14;0;
2026-08-10T19:17:00.000+01:00,MAR1GSOPEN;EURJPY;B2;08-10 19:14;0;
2026-08-10T19:18:00.000+01:00,MAR1GSOPEN;EURJPY;B1;08-10 19:14;0;
2026-08-10T19:18:00.000+01:00,MAR1GSOPEN;EURJPY;B2;08-10 19:14;0;
2026-08-10T19:19:00.000+01:00,MAR1GSOPEN;EURJPY;B1;08-10 19:14;0;
2026-08-10T19:19:00.000+01:00,MAR1GSOPEN;EURJPY;B2;08-10 19:14;0;
2026-08-10T19:20:00.000+01:00,MAR1GSOPEN;EURJPY;B1;08-10 19:14;0;
2026-08-10T19:20:00.000+01:00,MAR1GSOPEN;EURJPY;B2;08-10 19:14;0;
2026-08-10T19:21:00.000+01:00,MAR1GSOPEN;EURJPY;B1;08-10 19:14;0;
2026-08-10T19:21:00.000+01:00,MAR1GSOPEN;EURJPY;B2;08-10 19:14;0;
2026-08-10T19:22:00.000+01:00,MAR1GSOPEN;EURJPY;A2;08-10 19:22;0;
2026-08-10T19:22:00.000+01:00,MAR1GSOPEN;EURJPY;B1;08-10 19:22;1;08-10 19:22
2026-08-10T19:22:00.000+01:00,MAR1GSOPEN;EURJPY;B2;08-10 19:22;1;08-10 19:22
2026-08-10T19:23:00.000+01:00,MAR1GSOPEN;EURJPY;A2;08-10 19:22;0;
2026-08-10T19:23:00.000+01:00,MAR1GSOPEN;EURJPY;B1;08-10 19:22;1;08-10 19:22
2026-08-10T19:23:00.000+01:00,MAR1GSOPEN;EURJPY;B2;08-10 19:22;1;08-10 19:22
2026-08-10T19:24:00.000+01:00,MAR1GSOPEN;EURJPY;A2;08-10 19:22;0;
2026-08-10T19:24:00.000+01:00,MAR1GSOPEN;EURJPY;B1;08-10 19:22;1;08-10 19:22
2026-08-10T19:24:00.000+01:00,MAR1GSOPEN;EURJPY;B2;08-10 19:22;1;08-10 19:22
2026-08-10T19:25:00.000+01:00,MAR1GSOPEN;EURJPY;A2;08-10 19:22;0;
2026-08-10T19:25:00.000+01:00,MAR1GSOPEN;EURJPY;B1;08-10 19:22;1;08-10 19:22
2026-08-10T19:25:00.000+01:00,MAR1GSOPEN;EURJPY;B2;08-10 19:22;1;08-10 19:22
2026-08-10T19:26:00.000+01:00,MAR1GSOPEN;EURJPY;A2;08-10 19:26;1;08-10 19:26
2026-08-10T19:26:00.000+01:00,"MAR1GSOPEN;EURJPY;B1;08-10 19:22;2;08-10 19:22,08-10 19:26"
2026-08-10T19:26:00.000+01:00,"MAR1GSOPEN;EURJPY;B2;08-10 19:22;2;08-10 19:22,08-10 19:26"
2026-08-10T19:27:00.000+01:00,"MAR1GSCLOSE;EURJPY;A2;08-10 19:26;08-10 19:28;2;long;08-10 19:26,08-10 19:27"
2026-08-10T19:27:00.000+01:00,"MAR1GSCLOSE;EURJPY;B1;08-10 19:22;08-10 19:28;3;long;08-10 19:22,08-10 19:26,08-10 19:27"
2026-08-10T19:27:00.000+01:00,"MAR1GSCLOSE;EURJPY;B2;08-10 19:22;08-10 19:28;3;long;08-10 19:22,08-10 19:26,08-10 19:27"
2026-08-10T19:42:00.000+01:00,MAR1GSOPEN;EURJPY;B1;08-10 19:42;0;
2026-08-10T19:43:00.000+01:00,MAR1GSOPEN;EURJPY;B1;08-10 19:42;0;
2026-08-10T19:44:00.000+01:00,MAR1GSOPEN;EURJPY;B1;08-10 19:42;0;
2026-08-10T19:45:00.000+01:00,MAR1GSOPEN;EURJPY;B1;08-10 19:42;0;
2026-08-10T19:46:00.000+01:00,MAR1GSOPEN;EURJPY;A1;08-10 19:46;0;
2026-08-10T19:46:00.000+01:00,MAR1GSOPEN;EURJPY;A2;08-10 19:46;0;
2026-08-10T19:46:00.000+01:00,MAR1GSOPEN;EURJPY;B1;08-10 19:46;1;08-10 19:46
2026-08-10T19:46:00.000+01:00,MAR1GSOPEN;EURJPY;B2;08-10 19:46;0;
2026-08-10T19:47:00.000+01:00,MAR1GSCLOSE;EURJPY;A1;08-10 19:47;08-10 19:48;1;long;08-10 19:47
2026-08-10T19:47:00.000+01:00,MAR1GSCLOSE;EURJPY;A2;08-10 19:47;08-10 19:48;1;long;08-10 19:47
2026-08-10T19:47:00.000+01:00,"MAR1GSCLOSE;EURJPY;B1;08-10 19:46;08-10 19:48;2;long;08-10 19:46,08-10 19:47"
2026-08-10T19:47:00.000+01:00,MAR1GSCLOSE;EURJPY;B2;08-10 19:47;08-10 19:48;1;long;08-10 19:47
2026-08-11T18:40:00.000+01:00,MAR1GSOPEN;EURJPY;A1;08-11 18:40;0;
2026-08-11T18:40:00.000+01:00,MAR1GSOPEN;EURJPY;A2;08-11 18:40;0;
2026-08-11T18:41:00.000+01:00,MAR1GSOPEN;EURJPY;A1;08-11 18:40;0;
2026-08-11T18:41:00.000+01:00,MAR1GSOPEN;EURJPY;A2;08-11 18:40;0;
2026-08-11T18:42:00.000+01:00,MAR1GSOPEN;EURJPY;A1;08-11 18:40;0;
2026-08-11T18:42:00.000+01:00,MAR1GSOPEN;EURJPY;A2;08-11 18:40;0;
2026-08-11T18:43:00.000+01:00,MAR1GSOPEN;EURJPY;A1;08-11 18:40;0;
2026-08-11T18:43:00.000+01:00,MAR1GSOPEN;EURJPY;A2;08-11 18:40;0;
2026-08-11T18:44:00.000+01:00,MAR1GSOPEN;EURJPY;A1;08-11 18:40;0;
2026-08-11T18:44:00.000+01:00,MAR1GSOPEN;EURJPY;A2;08-11 18:40;0;
2026-08-11T18:45:00.000+01:00,MAR1GSOPEN;EURJPY;A1;08-11 18:40;0;
2026-08-11T18:45:00.000+01:00,MAR1GSOPEN;EURJPY;A2;08-11 18:40;0;
2026-08-11T18:46:00.000+01:00,MAR1GSOPEN;EURJPY;A1;08-11 18:40;0;
2026-08-11T18:46:00.000+01:00,MAR1GSOPEN;EURJPY;A2;08-11 18:40;0;
2026-08-11T18:47:00.000+01:00,MAR1GSOPEN;EURJPY;A1;08-11 18:40;0;
2026-08-11T18:47:00.000+01:00,MAR1GSOPEN;EURJPY;A2;08-11 18:40;0;
2026-08-11T18:48:00.000+01:00,MAR1GSOPEN;EURJPY;A1;08-11 18:40;0;
2026-08-11T18:48:00.000+01:00,MAR1GSOPEN;EURJPY;A2;08-11 18:40;0;
2026-08-11T18:49:00.000+01:00,MAR1GSOPEN;EURJPY;A1;08-11 18:40;0;
2026-08-11T18:49:00.000+01:00,MAR1GSOPEN;EURJPY;A2;08-11 18:40;0;
2026-08-11T18:50:00.000+01:00,MAR1GSOPEN;EURJPY;A1;08-11 18:40;0;
2026-08-11T18:50:00.000+01:00,MAR1GSOPEN;EURJPY;A2;08-11 18:40;0;
2026-08-11T18:51:00.000+01:00,MAR1GSOPEN;EURJPY;A1;08-11 18:40;0;
2026-08-11T18:51:00.000+01:00,MAR1GSOPEN;EURJPY;A2;08-11 18:40;0;
2026-08-11T18:52:00.000+01:00,MAR1GSOPEN;EURJPY;A1;08-11 18:40;0;
2026-08-11T18:52:00.000+01:00,MAR1GSOPEN;EURJPY;A2;08-11 18:40;0;
2026-08-11T18:53:00.000+01:00,MAR1GSOPEN;EURJPY;A1;08-11 18:40;0;
2026-08-11T18:53:00.000+01:00,MAR1GSOPEN;EURJPY;A2;08-11 18:40;0;
2026-08-11T18:54:00.000+01:00,MAR1GSOPEN;EURJPY;A1;08-11 18:40;0;
2026-08-11T18:54:00.000+01:00,MAR1GSOPEN;EURJPY;A2;08-11 18:40;0;
2026-08-11T18:55:00.000+01:00,MAR1GSOPEN;EURJPY;A1;08-11 18:40;0;
2026-08-11T18:55:00.000+01:00,MAR1GSOPEN;EURJPY;A2;08-11 18:40;0;
2026-08-11T18:56:00.000+01:00,MAR1GSOPEN;EURJPY;A1;08-11 18:40;0;
2026-08-11T18:56:00.000+01:00,MAR1GSOPEN;EURJPY;A2;08-11 18:40;0;
2026-08-11T18:57:00.000+01:00,MAR1GSOPEN;EURJPY;A1;08-11 18:40;0;
2026-08-11T18:57:00.000+01:00,MAR1GSOPEN;EURJPY;A2;08-11 18:40;0;
2026-08-11T18:58:00.000+01:00,MAR1GSOPEN;EURJPY;A1;08-11 18:40;0;
2026-08-11T18:58:00.000+01:00,MAR1GSOPEN;EURJPY;A2;08-11 18:40;0;
2026-08-11T18:59:00.000+01:00,MAR1GSOPEN;EURJPY;A1;08-11 18:40;0;
2026-08-11T18:59:00.000+01:00,MAR1GSOPEN;EURJPY;A2;08-11 18:40;0;
2026-08-11T19:00:00.000+01:00,MAR1GSOPEN;EURJPY;A1;08-11 18:40;0;
2026-08-11T19:00:00.000+01:00,MAR1GSOPEN;EURJPY;A2;08-11 18:40;0;
2026-08-11T19:01:00.000+01:00,MAR1GSOPEN;EURJPY;A1;08-11 18:40;0;
2026-08-11T19:01:00.000+01:00,MAR1GSOPEN;EURJPY;A2;08-11 18:40;0;
2026-08-11T19:02:00.000+01:00,MAR1GSOPEN;EURJPY;A1;08-11 18:40;0;
2026-08-11T19:02:00.000+01:00,MAR1GSOPEN;EURJPY;A2;08-11 18:40;0;
2026-08-11T19:03:00.000+01:00,MAR1GSOPEN;EURJPY;A1;08-11 18:40;0;
2026-08-11T19:03:00.000+01:00,MAR1GSOPEN;EURJPY;A2;08-11 18:40;0;
2026-08-11T19:04:00.000+01:00,MAR1GSOPEN;EURJPY;A1;08-11 18:40;0;
2026-08-11T19:04:00.000+01:00,MAR1GSOPEN;EURJPY;A2;08-11 18:40;0;
2026-08-11T19:05:00.000+01:00,MAR1GSOPEN;EURJPY;A1;08-11 18:40;0;
2026-08-11T19:05:00.000+01:00,MAR1GSOPEN;EURJPY;A2;08-11 18:40;0;
2026-08-11T19:06:00.000+01:00,MAR1GSOPEN;EURJPY;A1;08-11 18:40;0;
2026-08-11T19:06:00.000+01:00,MAR1GSOPEN;EURJPY;A2;08-11 18:40;0;
2026-08-11T19:07:00.000+01:00,MAR1GSOPEN;EURJPY;A1;08-11 18:40;0;
2026-08-11T19:07:00.000+01:00,MAR1GSOPEN;EURJPY;A2;08-11 18:40;0;
2026-08-11T19:08:00.000+01:00,MAR1GSOPEN;EURJPY;A1;08-11 18:40;0;
2026-08-11T19:08:00.000+01:00,MAR1GSOPEN;EURJPY;A2;08-11 18:40;0;
2026-08-11T19:09:00.000+01:00,MAR1GSOPEN;EURJPY;A1;08-11 18:40;0;
2026-08-11T19:09:00.000+01:00,MAR1GSOPEN;EURJPY;A2;08-11 18:40;0;
2026-08-11T19:10:00.000+01:00,MAR1GSOPEN;EURJPY;A1;08-11 18:40;0;
2026-08-11T19:10:00.000+01:00,MAR1GSOPEN;EURJPY;A2;08-11 18:40;0;
2026-08-11T19:11:00.000+01:00,MAR1GSOPEN;EURJPY;A1;08-11 18:40;0;
2026-08-11T19:11:00.000+01:00,MAR1GSOPEN;EURJPY;A2;08-11 18:40;0;
2026-08-11T19:12:00.000+01:00,MAR1GSOPEN;EURJPY;A1;08-11 18:40;0;
2026-08-11T19:12:00.000+01:00,MAR1GSOPEN;EURJPY;A2;08-11 18:40;0;
2026-08-11T19:12:00.000+01:00,MAR1GSOPEN;EURJPY;B1;08-11 19:12;0;
2026-08-11T19:12:00.000+01:00,MAR1GSOPEN;EURJPY;B2;08-11 19:12;0;
2026-08-11T19:13:00.000+01:00,MAR1GSOPEN;EURJPY;A1;08-11 18:40;0;
2026-08-11T19:13:00.000+01:00,MAR1GSOPEN;EURJPY;A2;08-11 18:40;0;
2026-08-11T19:13:00.000+01:00,MAR1GSOPEN;EURJPY;B1;08-11 19:12;0;
2026-08-11T19:13:00.000+01:00,MAR1GSOPEN;EURJPY;B2;08-11 19:12;0;
2026-08-11T19:14:00.000+01:00,MAR1GSOPEN;EURJPY;A1;08-11 18:40;0;
2026-08-11T19:14:00.000+01:00,MAR1GSOPEN;EURJPY;A2;08-11 18:40;0;
2026-08-11T19:14:00.000+01:00,MAR1GSOPEN;EURJPY;B1;08-11 19:12;0;
2026-08-11T19:14:00.000+01:00,MAR1GSOPEN;EURJPY;B2;08-11 19:12;0;
2026-08-11T19:15:00.000+01:00,MAR1GSOPEN;EURJPY;A1;08-11 18:40;0;
2026-08-11T19:15:00.000+01:00,MAR1GSOPEN;EURJPY;A2;08-11 18:40;0;
2026-08-11T19:15:00.000+01:00,MAR1GSOPEN;EURJPY;B1;08-11 19:12;0;
2026-08-11T19:15:00.000+01:00,MAR1GSOPEN;EURJPY;B2;08-11 19:12;0;
2026-08-11T19:16:00.000+01:00,MAR1GSOPEN;EURJPY;A1;08-11 18:40;0;
2026-08-11T19:16:00.000+01:00,MAR1GSOPEN;EURJPY;A2;08-11 18:40;0;
2026-08-11T19:16:00.000+01:00,MAR1GSOPEN;EURJPY;B1;08-11 19:12;0;
2026-08-11T19:16:00.000+01:00,MAR1GSOPEN;EURJPY;B2;08-11 19:12;0;
2026-08-11T19:17:00.000+01:00,MAR1GSOPEN;EURJPY;A1;08-11 18:40;0;
2026-08-11T19:17:00.000+01:00,MAR1GSOPEN;EURJPY;A2;08-11 18:40;0;
2026-08-11T19:17:00.000+01:00,MAR1GSOPEN;EURJPY;B1;08-11 19:12;0;
2026-08-11T19:17:00.000+01:00,MAR1GSOPEN;EURJPY;B2;08-11 19:12;0;
2026-08-11T19:18:00.000+01:00,MAR1GSOPEN;EURJPY;A1;08-11 18:40;0;
2026-08-11T19:18:00.000+01:00,MAR1GSOPEN;EURJPY;A2;08-11 18:40;0;
2026-08-11T19:18:00.000+01:00,MAR1GSOPEN;EURJPY;B1;08-11 19:12;0;
2026-08-11T19:18:00.000+01:00,MAR1GSOPEN;EURJPY;B2;08-11 19:12;0;
2026-08-11T19:19:00.000+01:00,MAR1GSOPEN;EURJPY;A1;08-11 18:40;0;
2026-08-11T19:19:00.000+01:00,MAR1GSOPEN;EURJPY;A2;08-11 18:40;0;
2026-08-11T19:19:00.000+01:00,MAR1GSOPEN;EURJPY;B1;08-11 19:12;0;
2026-08-11T19:19:00.000+01:00,MAR1GSOPEN;EURJPY;B2;08-11 19:12;0;
2026-08-11T19:20:00.000+01:00,MAR1GSOPEN;EURJPY;A1;08-11 18:40;0;
2026-08-11T19:20:00.000+01:00,MAR1GSOPEN;EURJPY;A2;08-11 18:40;0;
2026-08-11T19:20:00.000+01:00,MAR1GSOPEN;EURJPY;B1;08-11 19:12;0;
2026-08-11T19:20:00.000+01:00,MAR1GSOPEN;EURJPY;B2;08-11 19:12;0;
2026-08-11T19:21:00.000+01:00,MAR1GSOPEN;EURJPY;A1;08-11 18:40;0;
2026-08-11T19:21:00.000+01:00,MAR1GSOPEN;EURJPY;A2;08-11 18:40;0;
2026-08-11T19:21:00.000+01:00,MAR1GSOPEN;EURJPY;B1;08-11 19:12;0;
2026-08-11T19:21:00.000+01:00,MAR1GSOPEN;EURJPY;B2;08-11 19:12;0;
2026-08-11T19:22:00.000+01:00,MAR1GSOPEN;EURJPY;A1;08-11 18:40;0;
2026-08-11T19:22:00.000+01:00,MAR1GSOPEN;EURJPY;A2;08-11 18:40;0;
2026-08-11T19:22:00.000+01:00,MAR1GSOPEN;EURJPY;B1;08-11 19:12;0;
2026-08-11T19:22:00.000+01:00,MAR1GSOPEN;EURJPY;B2;08-11 19:12;0;
2026-08-11T19:23:00.000+01:00,MAR1GSOPEN;EURJPY;A1;08-11 18:40;0;
2026-08-11T19:23:00.000+01:00,MAR1GSOPEN;EURJPY;A2;08-11 18:40;0;
2026-08-11T19:23:00.000+01:00,MAR1GSOPEN;EURJPY;B1;08-11 19:12;0;
2026-08-11T19:23:00.000+01:00,MAR1GSOPEN;EURJPY;B2;08-11 19:12;0;
2026-08-11T19:24:00.000+01:00,MAR1GSOPEN;EURJPY;A1;08-11 18:40;0;
2026-08-11T19:24:00.000+01:00,MAR1GSOPEN;EURJPY;A2;08-11 18:40;0;
2026-08-11T19:24:00.000+01:00,MAR1GSOPEN;EURJPY;B1;08-11 19:12;0;
2026-08-11T19:24:00.000+01:00,MAR1GSOPEN;EURJPY;B2;08-11 19:12;0;
2026-08-11T19:25:00.000+01:00,MAR1GSOPEN;EURJPY;A1;08-11 18:40;0;
2026-08-11T19:25:00.000+01:00,MAR1GSOPEN;EURJPY;A2;08-11 18:40;0;
2026-08-11T19:25:00.000+01:00,MAR1GSOPEN;EURJPY;B1;08-11 19:12;0;
2026-08-11T19:25:00.000+01:00,MAR1GSOPEN;EURJPY;B2;08-11 19:12;0;
2026-08-11T19:26:00.000+01:00,MAR1GSOPEN;EURJPY;A1;08-11 18:40;0;
2026-08-11T19:26:00.000+01:00,MAR1GSOPEN;EURJPY;A2;08-11 18:40;0;
2026-08-11T19:26:00.000+01:00,MAR1GSOPEN;EURJPY;B1;08-11 19:12;0;
2026-08-11T19:26:00.000+01:00,MAR1GSOPEN;EURJPY;B2;08-11 19:12;0;
2026-08-11T19:27:00.000+01:00,MAR1GSOPEN;EURJPY;A1;08-11 18:40;0;
2026-08-11T19:27:00.000+01:00,MAR1GSOPEN;EURJPY;A2;08-11 18:40;0;
2026-08-11T19:27:00.000+01:00,MAR1GSOPEN;EURJPY;B1;08-11 19:12;0;
2026-08-11T19:27:00.000+01:00,MAR1GSOPEN;EURJPY;B2;08-11 19:12;0;
2026-08-11T19:28:00.000+01:00,MAR1GSOPEN;EURJPY;A1;08-11 18:40;0;
2026-08-11T19:28:00.000+01:00,MAR1GSOPEN;EURJPY;A2;08-11 18:40;0;
2026-08-11T19:28:00.000+01:00,MAR1GSOPEN;EURJPY;B1;08-11 19:12;0;
2026-08-11T19:28:00.000+01:00,MAR1GSOPEN;EURJPY;B2;08-11 19:12;0;
2026-08-11T19:29:00.000+01:00,MAR1GSOPEN;EURJPY;A1;08-11 18:40;0;
2026-08-11T19:29:00.000+01:00,MAR1GSOPEN;EURJPY;A2;08-11 18:40;0;
2026-08-11T19:29:00.000+01:00,MAR1GSOPEN;EURJPY;B1;08-11 19:12;0;
2026-08-11T19:29:00.000+01:00,MAR1GSOPEN;EURJPY;B2;08-11 19:12;0;
2026-08-11T19:30:00.000+01:00,MAR1GSOPEN;EURJPY;A1;08-11 18:40;0;
2026-08-11T19:30:00.000+01:00,MAR1GSOPEN;EURJPY;A2;08-11 18:40;0;
2026-08-11T19:30:00.000+01:00,MAR1GSOPEN;EURJPY;B1;08-11 19:12;0;
2026-08-11T19:30:00.000+01:00,MAR1GSOPEN;EURJPY;B2;08-11 19:12;0;
2026-08-11T19:31:00.000+01:00,MAR1GSOPEN;EURJPY;A1;08-11 18:40;0;
2026-08-11T19:31:00.000+01:00,MAR1GSOPEN;EURJPY;A2;08-11 18:40;0;
2026-08-11T19:31:00.000+01:00,MAR1GSOPEN;EURJPY;B1;08-11 19:12;0;
2026-08-11T19:31:00.000+01:00,MAR1GSOPEN;EURJPY;B2;08-11 19:12;0;
2026-08-11T19:32:00.000+01:00,MAR1GSOPEN;EURJPY;A1;08-11 18:40;0;
2026-08-11T19:32:00.000+01:00,MAR1GSOPEN;EURJPY;A2;08-11 18:40;0;
2026-08-11T19:32:00.000+01:00,MAR1GSOPEN;EURJPY;B1;08-11 19:12;0;
2026-08-11T19:32:00.000+01:00,MAR1GSOPEN;EURJPY;B2;08-11 19:12;0;
2026-08-11T19:33:00.000+01:00,MAR1GSOPEN;EURJPY;A1;08-11 18:40;0;
2026-08-11T19:33:00.000+01:00,MAR1GSOPEN;EURJPY;A2;08-11 18:40;0;
2026-08-11T19:33:00.000+01:00,MAR1GSOPEN;EURJPY;B1;08-11 19:12;0;
2026-08-11T19:33:00.000+01:00,MAR1GSOPEN;EURJPY;B2;08-11 19:12;0;
2026-08-11T19:34:00.000+01:00,MAR1GSOPEN;EURJPY;A1;08-11 18:40;0;
2026-08-11T19:34:00.000+01:00,MAR1GSOPEN;EURJPY;A2;08-11 18:40;0;
2026-08-11T19:34:00.000+01:00,MAR1GSOPEN;EURJPY;B1;08-11 19:12;0;
2026-08-11T19:34:00.000+01:00,MAR1GSOPEN;EURJPY;B2;08-11 19:12;0;
2026-08-11T19:35:00.000+01:00,MAR1GSOPEN;EURJPY;A1;08-11 18:40;0;
2026-08-11T19:35:00.000+01:00,MAR1GSOPEN;EURJPY;A2;08-11 18:40;0;
2026-08-11T19:35:00.000+01:00,MAR1GSOPEN;EURJPY;B1;08-11 19:12;0;
2026-08-11T19:35:00.000+01:00,MAR1GSOPEN;EURJPY;B2;08-11 19:12;0;
2026-08-11T19:36:00.000+01:00,MAR1GSOPEN;EURJPY;A1;08-11 18:40;0;
2026-08-11T19:36:00.000+01:00,MAR1GSOPEN;EURJPY;A2;08-11 18:40;0;
2026-08-11T19:36:00.000+01:00,MAR1GSOPEN;EURJPY;B1;08-11 19:12;0;
2026-08-11T19:36:00.000+01:00,MAR1GSOPEN;EURJPY;B2;08-11 19:12;0;
2026-08-11T19:37:00.000+01:00,MAR1GSOPEN;EURJPY;A1;08-11 18:40;0;
2026-08-11T19:37:00.000+01:00,MAR1GSOPEN;EURJPY;A2;08-11 18:40;0;
2026-08-11T19:37:00.000+01:00,MAR1GSOPEN;EURJPY;B1;08-11 19:12;0;
2026-08-11T19:37:00.000+01:00,MAR1GSOPEN;EURJPY;B2;08-11 19:12;0;
2026-08-11T19:38:00.000+01:00,MAR1GSOPEN;EURJPY;A1;08-11 18:40;0;
2026-08-11T19:38:00.000+01:00,MAR1GSOPEN;EURJPY;A2;08-11 18:40;0;
2026-08-11T19:38:00.000+01:00,MAR1GSOPEN;EURJPY;B1;08-11 19:12;0;
2026-08-11T19:38:00.000+01:00,MAR1GSOPEN;EURJPY;B2;08-11 19:12;0;
2026-08-11T19:39:00.000+01:00,MAR1GSOPEN;EURJPY;A1;08-11 18:40;0;
2026-08-11T19:39:00.000+01:00,MAR1GSOPEN;EURJPY;A2;08-11 18:40;0;
2026-08-11T19:39:00.000+01:00,MAR1GSOPEN;EURJPY;B1;08-11 19:12;0;
2026-08-11T19:39:00.000+01:00,MAR1GSOPEN;EURJPY;B2;08-11 19:12;0;
2026-08-11T19:40:00.000+01:00,MAR1GSOPEN;EURJPY;A1;08-11 18:40;0;
2026-08-11T19:40:00.000+01:00,MAR1GSOPEN;EURJPY;A2;08-11 18:40;0;
2026-08-11T19:40:00.000+01:00,MAR1GSOPEN;EURJPY;B1;08-11 19:12;0;
2026-08-11T19:40:00.000+01:00,MAR1GSOPEN;EURJPY;B2;08-11 19:12;0;
2026-08-11T19:41:00.000+01:00,MAR1GSOPEN;EURJPY;A1;08-11 18:40;0;
2026-08-11T19:41:00.000+01:00,MAR1GSOPEN;EURJPY;A2;08-11 18:40;0;
2026-08-11T19:41:00.000+01:00,MAR1GSOPEN;EURJPY;B1;08-11 19:12;0;
2026-08-11T19:41:00.000+01:00,MAR1GSOPEN;EURJPY;B2;08-11 19:12;0;
2026-08-11T19:42:00.000+01:00,MAR1GSOPEN;EURJPY;A1;08-11 18:40;0;
2026-08-11T19:42:00.000+01:00,MAR1GSOPEN;EURJPY;A2;08-11 18:40;0;
2026-08-11T19:42:00.000+01:00,MAR1GSOPEN;EURJPY;B1;08-11 19:12;0;
2026-08-11T19:42:00.000+01:00,MAR1GSOPEN;EURJPY;B2;08-11 19:12;0;
2026-08-11T19:43:00.000+01:00,MAR1GSOPEN;EURJPY;A1;08-11 18:40;0;
2026-08-11T19:43:00.000+01:00,MAR1GSOPEN;EURJPY;A2;08-11 18:40;0;
2026-08-11T19:43:00.000+01:00,MAR1GSOPEN;EURJPY;B1;08-11 19:12;0;
2026-08-11T19:43:00.000+01:00,MAR1GSOPEN;EURJPY;B2;08-11 19:12;0;
2026-08-11T19:44:00.000+01:00,MAR1GSOPEN;EURJPY;A1;08-11 19:44;1;08-11 19:44
2026-08-11T19:44:00.000+01:00,MAR1GSOPEN;EURJPY;A2;08-11 19:44;1;08-11 19:44
2026-08-11T19:44:00.000+01:00,MAR1GSOPEN;EURJPY;B1;08-11 19:44;1;08-11 19:44
2026-08-11T19:44:00.000+01:00,MAR1GSOPEN;EURJPY;B2;08-11 19:44;1;08-11 19:44
2026-08-11T19:44:00.000+01:00,MAR1GSOPEN;EURJPY;C1;08-11 19:44;0;
2026-08-11T19:44:00.000+01:00,MAR1GSOPEN;EURJPY;C2;08-11 19:44;0;
2026-08-11T19:45:00.000+01:00,"MAR1GSCLOSE;EURJPY;A1;08-11 19:44;08-11 19:46;2;long;08-11 19:44,08-11 19:45"
2026-08-11T19:45:00.000+01:00,"MAR1GSCLOSE;EURJPY;A2;08-11 19:44;08-11 19:46;2;long;08-11 19:44,08-11 19:45"
2026-08-11T19:45:00.000+01:00,"MAR1GSCLOSE;EURJPY;B1;08-11 19:44;08-11 19:46;2;long;08-11 19:44,08-11 19:45"
2026-08-11T19:45:00.000+01:00,"MAR1GSCLOSE;EURJPY;B2;08-11 19:44;08-11 19:46;2;long;08-11 19:44,08-11 19:45"
2026-08-11T19:45:00.000+01:00,MAR1GSCLOSE;EURJPY;C1;08-11 19:45;08-11 19:46;1;long;08-11 19:45
2026-08-11T19:45:00.000+01:00,MAR1GSCLOSE;EURJPY;C2;08-11 19:45;08-11 19:46;1;long;08-11 19:45
2026-08-03T11:12:00.000+01:00,MAR1GSOPEN;EURJPY;A1;08-03 11:12;0;
2026-08-03T11:12:00.000+01:00,MAR1GSOPEN;EURJPY;A2;08-03 11:12;0;
2026-08-03T11:12:00.000+01:00,MAR1GSOPEN;EURJPY;B1;08-03 11:12;0;
2026-08-03T11:12:00.000+01:00,MAR1GSOPEN;EURJPY;B2;08-03 11:12;0;
2026-08-03T11:13:00.000+01:00,MAR1GSOPEN;EURJPY;A1;08-03 11:12;0;
2026-08-03T11:13:00.000+01:00,MAR1GSOPEN;EURJPY;A2;08-03 11:12;0;
2026-08-03T11:13:00.000+01:00,MAR1GSOPEN;EURJPY;B1;08-03 11:12;0;
2026-08-03T11:13:00.000+01:00,MAR1GSOPEN;EURJPY;B2;08-03 11:12;0;
2026-08-03T11:14:00.000+01:00,MAR1GSOPEN;EURJPY;A1;08-03 11:12;0;
2026-08-03T11:14:00.000+01:00,MAR1GSOPEN;EURJPY;A2;08-03 11:12;0;
2026-08-03T11:14:00.000+01:00,MAR1GSOPEN;EURJPY;B1;08-03 11:12;0;
2026-08-03T11:14:00.000+01:00,MAR1GSOPEN;EURJPY;B2;08-03 11:12;0;
2026-08-03T11:15:00.000+01:00,MAR1GSOPEN;EURJPY;A1;08-03 11:15;1;08-03 11:15
2026-08-03T11:15:00.000+01:00,MAR1GSOPEN;EURJPY;A2;08-03 11:15;1;08-03 11:15
2026-08-03T11:15:00.000+01:00,MAR1GSOPEN;EURJPY;B1;08-03 11:15;1;08-03 11:15
2026-08-03T11:15:00.000+01:00,MAR1GSOPEN;EURJPY;B2;08-03 11:15;1;08-03 11:15
2026-08-03T11:15:00.000+01:00,MAR1GSOPEN;EURJPY;D2;08-03 11:15;0;
2026-08-03T11:16:00.000+01:00,"MAR1GSCLOSE;EURJPY;A1;08-03 11:15;08-03 11:17;2;short;08-03 11:15,08-03 11:16"
2026-08-03T11:16:00.000+01:00,"MAR1GSCLOSE;EURJPY;A2;08-03 11:15;08-03 11:17;2;short;08-03 11:15,08-03 11:16"
2026-08-03T11:16:00.000+01:00,"MAR1GSCLOSE;EURJPY;B1;08-03 11:15;08-03 11:17;2;short;08-03 11:15,08-03 11:16"
2026-08-03T11:16:00.000+01:00,"MAR1GSCLOSE;EURJPY;B2;08-03 11:15;08-03 11:17;2;short;08-03 11:15,08-03 11:16"
2026-08-03T11:16:00.000+01:00,MAR1GSCLOSE;EURJPY;D2;08-03 11:16;08-03 11:17;1;short;08-03 11:16
2026-08-03T16:10:00.000+01:00,MAR1GSOPEN;EURJPY;A1;08-03 16:10;0;
2026-08-03T16:10:00.000+01:00,MAR1GSOPEN;EURJPY;A2;08-03 16:10;0;
2026-08-03T16:10:00.000+01:00,MAR1GSOPEN;EURJPY;B1;08-03 16:10;0;
2026-08-03T16:10:00.000+01:00,MAR1GSOPEN;EURJPY;B2;08-03 16:10;0;
2026-08-03T16:11:00.000+01:00,MAR1GSOPEN;EURJPY;A1;08-03 16:11;1;08-03 16:11
2026-08-03T16:11:00.000+01:00,MAR1GSOPEN;EURJPY;A2;08-03 16:11;1;08-03 16:11
2026-08-03T16:11:00.000+01:00,MAR1GSOPEN;EURJPY;B1;08-03 16:11;1;08-03 16:11
2026-08-03T16:11:00.000+01:00,MAR1GSOPEN;EURJPY;B2;08-03 16:11;1;08-03 16:11
2026-08-03T16:11:00.000+01:00,MAR1GSOPEN;EURJPY;C1;08-03 16:11;0;
2026-08-03T16:11:00.000+01:00,MAR1GSOPEN;EURJPY;C2;08-03 16:11;0;
2026-08-03T16:12:00.000+01:00,"MAR1GSOPEN;EURJPY;A1;08-03 16:11;2;08-03 16:11,08-03 16:12"
2026-08-03T16:12:00.000+01:00,"MAR1GSOPEN;EURJPY;A2;08-03 16:11;2;08-03 16:11,08-03 16:12"
2026-08-03T16:12:00.000+01:00,"MAR1GSOPEN;EURJPY;B1;08-03 16:11;2;08-03 16:11,08-03 16:12"
2026-08-03T16:12:00.000+01:00,"MAR1GSOPEN;EURJPY;B2;08-03 16:11;2;08-03 16:11,08-03 16:12"
2026-08-03T16:12:00.000+01:00,MAR1GSOPEN;EURJPY;C1;08-03 16:12;1;08-03 16:12
2026-08-03T16:12:00.000+01:00,MAR1GSOPEN;EURJPY;C2;08-03 16:12;1;08-03 16:12
2026-08-03T16:13:00.000+01:00,"MAR1GSOPEN;EURJPY;A1;08-03 16:11;2;08-03 16:11,08-03 16:12"
2026-08-03T16:13:00.000+01:00,"MAR1GSOPEN;EURJPY;A2;08-03 16:11;2;08-03 16:11,08-03 16:12"
2026-08-03T16:13:00.000+01:00,"MAR1GSOPEN;EURJPY;B1;08-03 16:11;2;08-03 16:11,08-03 16:12"
2026-08-03T16:13:00.000+01:00,"MAR1GSOPEN;EURJPY;B2;08-03 16:11;2;08-03 16:11,08-03 16:12"
2026-08-03T16:13:00.000+01:00,MAR1GSOPEN;EURJPY;C1;08-03 16:12;1;08-03 16:12
2026-08-03T16:13:00.000+01:00,MAR1GSOPEN;EURJPY;C2;08-03 16:12;1;08-03 16:12
2026-08-03T16:14:00.000+01:00,"MAR1GSOPEN;EURJPY;A1;08-03 16:11;2;08-03 16:11,08-03 16:12"
2026-08-03T16:14:00.000+01:00,"MAR1GSOPEN;EURJPY;A2;08-03 16:11;2;08-03 16:11,08-03 16:12"
2026-08-03T16:14:00.000+01:00,"MAR1GSOPEN;EURJPY;B1;08-03 16:11;2;08-03 16:11,08-03 16:12"
2026-08-03T16:14:00.000+01:00,"MAR1GSOPEN;EURJPY;B2;08-03 16:11;2;08-03 16:11,08-03 16:12"
2026-08-03T16:14:00.000+01:00,MAR1GSOPEN;EURJPY;C1;08-03 16:12;1;08-03 16:12
2026-08-03T16:14:00.000+01:00,MAR1GSOPEN;EURJPY;C2;08-03 16:12;1;08-03 16:12
2026-08-03T16:15:00.000+01:00,"MAR1GSOPEN;EURJPY;A1;08-03 16:11;2;08-03 16:11,08-03 16:12"
2026-08-03T16:15:00.000+01:00,"MAR1GSOPEN;EURJPY;A2;08-03 16:11;2;08-03 16:11,08-03 16:12"
2026-08-03T16:15:00.000+01:00,"MAR1GSOPEN;EURJPY;B1;08-03 16:11;2;08-03 16:11,08-03 16:12"
2026-08-03T16:15:00.000+01:00,"MAR1GSOPEN;EURJPY;B2;08-03 16:11;2;08-03 16:11,08-03 16:12"
2026-08-03T16:15:00.000+01:00,MAR1GSOPEN;EURJPY;C1;08-03 16:12;1;08-03 16:12
2026-08-03T16:15:00.000+01:00,MAR1GSOPEN;EURJPY;C2;08-03 16:12;1;08-03 16:12
2026-08-03T16:16:00.000+01:00,"MAR1GSOPEN;EURJPY;A1;08-03 16:11;2;08-03 16:11,08-03 16:12"
2026-08-03T16:16:00.000+01:00,"MAR1GSOPEN;EURJPY;A2;08-03 16:11;2;08-03 16:11,08-03 16:12"
2026-08-03T16:16:00.000+01:00,"MAR1GSOPEN;EURJPY;B1;08-03 16:11;2;08-03 16:11,08-03 16:12"
2026-08-03T16:16:00.000+01:00,"MAR1GSOPEN;EURJPY;B2;08-03 16:11;2;08-03 16:11,08-03 16:12"
2026-08-03T16:16:00.000+01:00,MAR1GSOPEN;EURJPY;C1;08-03 16:12;1;08-03 16:12
2026-08-03T16:16:00.000+01:00,MAR1GSOPEN;EURJPY;C2;08-03 16:12;1;08-03 16:12
2026-08-03T16:17:00.000+01:00,"MAR1GSOPEN;EURJPY;A1;08-03 16:11;2;08-03 16:11,08-03 16:12"
2026-08-03T16:17:00.000+01:00,"MAR1GSOPEN;EURJPY;A2;08-03 16:11;2;08-03 16:11,08-03 16:12"
2026-08-03T16:17:00.000+01:00,"MAR1GSOPEN;EURJPY;B1;08-03 16:11;2;08-03 16:11,08-03 16:12"
2026-08-03T16:17:00.000+01:00,"MAR1GSOPEN;EURJPY;B2;08-03 16:11;2;08-03 16:11,08-03 16:12"
2026-08-03T16:17:00.000+01:00,MAR1GSOPEN;EURJPY;C1;08-03 16:12;1;08-03 16:12
2026-08-03T16:17:00.000+01:00,MAR1GSOPEN;EURJPY;C2;08-03 16:12;1;08-03 16:12
2026-08-03T16:18:00.000+01:00,"MAR1GSOPEN;EURJPY;A1;08-03 16:11;2;08-03 16:11,08-03 16:12"
2026-08-03T16:18:00.000+01:00,"MAR1GSOPEN;EURJPY;A2;08-03 16:11;2;08-03 16:11,08-03 16:12"
2026-08-03T16:18:00.000+01:00,"MAR1GSOPEN;EURJPY;B1;08-03 16:11;2;08-03 16:11,08-03 16:12"
2026-08-03T16:18:00.000+01:00,"MAR1GSOPEN;EURJPY;B2;08-03 16:11;2;08-03 16:11,08-03 16:12"
2026-08-03T16:18:00.000+01:00,MAR1GSOPEN;EURJPY;C1;08-03 16:12;1;08-03 16:12
2026-08-03T16:18:00.000+01:00,MAR1GSOPEN;EURJPY;C2;08-03 16:12;1;08-03 16:12
2026-08-03T16:19:00.000+01:00,"MAR1GSOPEN;EURJPY;A1;08-03 16:11;2;08-03 16:11,08-03 16:12"
2026-08-03T16:19:00.000+01:00,"MAR1GSOPEN;EURJPY;A2;08-03 16:11;2;08-03 16:11,08-03 16:12"
2026-08-03T16:19:00.000+01:00,"MAR1GSOPEN;EURJPY;B1;08-03 16:11;2;08-03 16:11,08-03 16:12"
2026-08-03T16:19:00.000+01:00,"MAR1GSOPEN;EURJPY;B2;08-03 16:11;2;08-03 16:11,08-03 16:12"
2026-08-03T16:19:00.000+01:00,MAR1GSOPEN;EURJPY;C1;08-03 16:12;1;08-03 16:12
2026-08-03T16:19:00.000+01:00,MAR1GSOPEN;EURJPY;C2;08-03 16:12;1;08-03 16:12
2026-08-03T16:20:00.000+01:00,"MAR1GSOPEN;EURJPY;A1;08-03 16:11;2;08-03 16:11,08-03 16:12"
2026-08-03T16:20:00.000+01:00,"MAR1GSOPEN;EURJPY;A2;08-03 16:11;2;08-03 16:11,08-03 16:12"
2026-08-03T16:20:00.000+01:00,"MAR1GSOPEN;EURJPY;B1;08-03 16:11;2;08-03 16:11,08-03 16:12"
2026-08-03T16:20:00.000+01:00,"MAR1GSOPEN;EURJPY;B2;08-03 16:11;2;08-03 16:11,08-03 16:12"
2026-08-03T16:20:00.000+01:00,MAR1GSOPEN;EURJPY;C1;08-03 16:12;1;08-03 16:12
2026-08-03T16:20:00.000+01:00,MAR1GSOPEN;EURJPY;C2;08-03 16:12;1;08-03 16:12
2026-08-03T16:21:00.000+01:00,"MAR1GSOPEN;EURJPY;A1;08-03 16:11;2;08-03 16:11,08-03 16:12"
2026-08-03T16:21:00.000+01:00,"MAR1GSOPEN;EURJPY;A2;08-03 16:11;2;08-03 16:11,08-03 16:12"
2026-08-03T16:21:00.000+01:00,"MAR1GSOPEN;EURJPY;B1;08-03 16:11;2;08-03 16:11,08-03 16:12"
2026-08-03T16:21:00.000+01:00,"MAR1GSOPEN;EURJPY;B2;08-03 16:11;2;08-03 16:11,08-03 16:12"
2026-08-03T16:21:00.000+01:00,MAR1GSOPEN;EURJPY;C1;08-03 16:12;1;08-03 16:12
2026-08-03T16:21:00.000+01:00,MAR1GSOPEN;EURJPY;C2;08-03 16:12;1;08-03 16:12
2026-08-03T16:22:00.000+01:00,"MAR1GSOPEN;EURJPY;A1;08-03 16:11;2;08-03 16:11,08-03 16:12"
2026-08-03T16:22:00.000+01:00,"MAR1GSOPEN;EURJPY;A2;08-03 16:11;2;08-03 16:11,08-03 16:12"
2026-08-03T16:22:00.000+01:00,"MAR1GSOPEN;EURJPY;B1;08-03 16:11;2;08-03 16:11,08-03 16:12"
2026-08-03T16:22:00.000+01:00,"MAR1GSOPEN;EURJPY;B2;08-03 16:11;2;08-03 16:11,08-03 16:12"
2026-08-03T16:22:00.000+01:00,MAR1GSOPEN;EURJPY;C1;08-03 16:12;1;08-03 16:12
2026-08-03T16:22:00.000+01:00,MAR1GSOPEN;EURJPY;C2;08-03 16:12;1;08-03 16:12
2026-08-03T16:23:00.000+01:00,"MAR1GSOPEN;EURJPY;A1;08-03 16:11;2;08-03 16:11,08-03 16:12"
2026-08-03T16:23:00.000+01:00,"MAR1GSOPEN;EURJPY;A2;08-03 16:11;2;08-03 16:11,08-03 16:12"
2026-08-03T16:23:00.000+01:00,"MAR1GSOPEN;EURJPY;B1;08-03 16:11;2;08-03 16:11,08-03 16:12"
2026-08-03T16:23:00.000+01:00,"MAR1GSOPEN;EURJPY;B2;08-03 16:11;2;08-03 16:11,08-03 16:12"
2026-08-03T16:23:00.000+01:00,MAR1GSOPEN;EURJPY;C1;08-03 16:12;1;08-03 16:12
2026-08-03T16:23:00.000+01:00,MAR1GSOPEN;EURJPY;C2;08-03 16:12;1;08-03 16:12
2026-08-03T16:24:00.000+01:00,"MAR1GSOPEN;EURJPY;A1;08-03 16:11;2;08-03 16:11,08-03 16:12"
2026-08-03T16:24:00.000+01:00,"MAR1GSOPEN;EURJPY;A2;08-03 16:11;2;08-03 16:11,08-03 16:12"
2026-08-03T16:24:00.000+01:00,"MAR1GSOPEN;EURJPY;B1;08-03 16:11;2;08-03 16:11,08-03 16:12"
2026-08-03T16:24:00.000+01:00,"MAR1GSOPEN;EURJPY;B2;08-03 16:11;2;08-03 16:11,08-03 16:12"
2026-08-03T16:24:00.000+01:00,MAR1GSOPEN;EURJPY;C1;08-03 16:12;1;08-03 16:12
2026-08-03T16:24:00.000+01:00,MAR1GSOPEN;EURJPY;C2;08-03 16:12;1;08-03 16:12
2026-08-03T16:25:00.000+01:00,"MAR1GSOPEN;EURJPY;A1;08-03 16:11;2;08-03 16:11,08-03 16:12"
2026-08-03T16:25:00.000+01:00,"MAR1GSOPEN;EURJPY;A2;08-03 16:11;2;08-03 16:11,08-03 16:12"
2026-08-03T16:25:00.000+01:00,"MAR1GSOPEN;EURJPY;B1;08-03 16:11;2;08-03 16:11,08-03 16:12"
2026-08-03T16:25:00.000+01:00,"MAR1GSOPEN;EURJPY;B2;08-03 16:11;2;08-03 16:11,08-03 16:12"
2026-08-03T16:25:00.000+01:00,MAR1GSOPEN;EURJPY;C1;08-03 16:12;1;08-03 16:12
2026-08-03T16:25:00.000+01:00,MAR1GSOPEN;EURJPY;C2;08-03 16:12;1;08-03 16:12
2026-08-03T16:26:00.000+01:00,"MAR1GSOPEN;EURJPY;A1;08-03 16:11;3;08-03 16:11,08-03 16:12,08-03 16:26"
2026-08-03T16:26:00.000+01:00,"MAR1GSOPEN;EURJPY;A2;08-03 16:11;3;08-03 16:11,08-03 16:12,08-03 16:26"
2026-08-03T16:26:00.000+01:00,"MAR1GSOPEN;EURJPY;B1;08-03 16:11;3;08-03 16:11,08-03 16:12,08-03 16:26"
2026-08-03T16:26:00.000+01:00,"MAR1GSOPEN;EURJPY;B2;08-03 16:11;3;08-03 16:11,08-03 16:12,08-03 16:26"
2026-08-03T16:26:00.000+01:00,"MAR1GSOPEN;EURJPY;C1;08-03 16:12;2;08-03 16:12,08-03 16:26"
2026-08-03T16:26:00.000+01:00,"MAR1GSOPEN;EURJPY;C2;08-03 16:12;2;08-03 16:12,08-03 16:26"
2026-08-03T16:26:00.000+01:00,MAR1GSOPEN;EURJPY;D1;08-03 16:26;0;
2026-08-03T16:27:00.000+01:00,"MAR1GSOPEN;EURJPY;A1;08-03 16:11;4;08-03 16:11,08-03 16:12,08-03 16:26,08-03 16:27"
2026-08-03T16:27:00.000+01:00,"MAR1GSOPEN;EURJPY;A2;08-03 16:11;4;08-03 16:11,08-03 16:12,08-03 16:26,08-03 16:27"
2026-08-03T16:27:00.000+01:00,"MAR1GSOPEN;EURJPY;B1;08-03 16:11;4;08-03 16:11,08-03 16:12,08-03 16:26,08-03 16:27"
2026-08-03T16:27:00.000+01:00,"MAR1GSOPEN;EURJPY;B2;08-03 16:11;4;08-03 16:11,08-03 16:12,08-03 16:26,08-03 16:27"
2026-08-03T16:27:00.000+01:00,"MAR1GSOPEN;EURJPY;C1;08-03 16:12;3;08-03 16:12,08-03 16:26,08-03 16:27"
2026-08-03T16:27:00.000+01:00,"MAR1GSOPEN;EURJPY;C2;08-03 16:12;3;08-03 16:12,08-03 16:26,08-03 16:27"
2026-08-03T16:27:00.000+01:00,MAR1GSOPEN;EURJPY;D1;08-03 16:27;1;08-03 16:27
2026-08-03T16:28:00.000+01:00,"MAR1GSOPEN;EURJPY;A1;08-03 16:11;4;08-03 16:11,08-03 16:12,08-03 16:26,08-03 16:27"
2026-08-03T16:28:00.000+01:00,"MAR1GSOPEN;EURJPY;A2;08-03 16:11;4;08-03 16:11,08-03 16:12,08-03 16:26,08-03 16:27"
2026-08-03T16:28:00.000+01:00,"MAR1GSOPEN;EURJPY;B1;08-03 16:11;4;08-03 16:11,08-03 16:12,08-03 16:26,08-03 16:27"
2026-08-03T16:28:00.000+01:00,"MAR1GSOPEN;EURJPY;B2;08-03 16:11;4;08-03 16:11,08-03 16:12,08-03 16:26,08-03 16:27"
2026-08-03T16:28:00.000+01:00,"MAR1GSOPEN;EURJPY;C1;08-03 16:12;3;08-03 16:12,08-03 16:26,08-03 16:27"
2026-08-03T16:28:00.000+01:00,"MAR1GSOPEN;EURJPY;C2;08-03 16:12;3;08-03 16:12,08-03 16:26,08-03 16:27"
2026-08-03T16:28:00.000+01:00,MAR1GSOPEN;EURJPY;D1;08-03 16:27;1;08-03 16:27
2026-08-03T16:29:00.000+01:00,"MAR1GSOPEN;EURJPY;A1;08-03 16:11;4;08-03 16:11,08-03 16:12,08-03 16:26,08-03 16:27"
2026-08-03T16:29:00.000+01:00,"MAR1GSOPEN;EURJPY;A2;08-03 16:11;4;08-03 16:11,08-03 16:12,08-03 16:26,08-03 16:27"
2026-08-03T16:29:00.000+01:00,"MAR1GSOPEN;EURJPY;B1;08-03 16:11;4;08-03 16:11,08-03 16:12,08-03 16:26,08-03 16:27"
2026-08-03T16:29:00.000+01:00,"MAR1GSOPEN;EURJPY;B2;08-03 16:11;4;08-03 16:11,08-03 16:12,08-03 16:26,08-03 16:27"
2026-08-03T16:29:00.000+01:00,"MAR1GSOPEN;EURJPY;C1;08-03 16:12;3;08-03 16:12,08-03 16:26,08-03 16:27"
2026-08-03T16:29:00.000+01:00,"MAR1GSOPEN;EURJPY;C2;08-03 16:12;3;08-03 16:12,08-03 16:26,08-03 16:27"
2026-08-03T16:29:00.000+01:00,MAR1GSOPEN;EURJPY;D1;08-03 16:27;1;08-03 16:27
2026-08-03T16:30:00.000+01:00,"MAR1GSOPEN;EURJPY;A1;08-03 16:11;4;08-03 16:11,08-03 16:12,08-03 16:26,08-03 16:27"
2026-08-03T16:30:00.000+01:00,"MAR1GSOPEN;EURJPY;A2;08-03 16:11;4;08-03 16:11,08-03 16:12,08-03 16:26,08-03 16:27"
2026-08-03T16:30:00.000+01:00,"MAR1GSOPEN;EURJPY;B1;08-03 16:11;4;08-03 16:11,08-03 16:12,08-03 16:26,08-03 16:27"
2026-08-03T16:30:00.000+01:00,"MAR1GSOPEN;EURJPY;B2;08-03 16:11;4;08-03 16:11,08-03 16:12,08-03 16:26,08-03 16:27"
2026-08-03T16:30:00.000+01:00,"MAR1GSOPEN;EURJPY;C1;08-03 16:12;3;08-03 16:12,08-03 16:26,08-03 16:27"
2026-08-03T16:30:00.000+01:00,"MAR1GSOPEN;EURJPY;C2;08-03 16:12;3;08-03 16:12,08-03 16:26,08-03 16:27"
2026-08-03T16:30:00.000+01:00,MAR1GSOPEN;EURJPY;D1;08-03 16:27;1;08-03 16:27
2026-08-03T16:31:00.000+01:00,"MAR1GSOPEN;EURJPY;A1;08-03 16:11;4;08-03 16:11,08-03 16:12,08-03 16:26,08-03 16:27"
2026-08-03T16:31:00.000+01:00,"MAR1GSOPEN;EURJPY;A2;08-03 16:11;4;08-03 16:11,08-03 16:12,08-03 16:26,08-03 16:27"
2026-08-03T16:31:00.000+01:00,"MAR1GSOPEN;EURJPY;B1;08-03 16:11;4;08-03 16:11,08-03 16:12,08-03 16:26,08-03 16:27"
2026-08-03T16:31:00.000+01:00,"MAR1GSOPEN;EURJPY;B2;08-03 16:11;4;08-03 16:11,08-03 16:12,08-03 16:26,08-03 16:27"
2026-08-03T16:31:00.000+01:00,"MAR1GSOPEN;EURJPY;C1;08-03 16:12;3;08-03 16:12,08-03 16:26,08-03 16:27"
2026-08-03T16:31:00.000+01:00,"MAR1GSOPEN;EURJPY;C2;08-03 16:12;3;08-03 16:12,08-03 16:26,08-03 16:27"
2026-08-03T16:31:00.000+01:00,MAR1GSOPEN;EURJPY;D1;08-03 16:27;1;08-03 16:27
2026-08-03T16:32:00.000+01:00,"MAR1GSOPEN;EURJPY;A1;08-03 16:11;4;08-03 16:11,08-03 16:12,08-03 16:26,08-03 16:27"
2026-08-03T16:32:00.000+01:00,"MAR1GSOPEN;EURJPY;A2;08-03 16:11;4;08-03 16:11,08-03 16:12,08-03 16:26,08-03 16:27"
2026-08-03T16:32:00.000+01:00,"MAR1GSOPEN;EURJPY;B1;08-03 16:11;4;08-03 16:11,08-03 16:12,08-03 16:26,08-03 16:27"
2026-08-03T16:32:00.000+01:00,"MAR1GSOPEN;EURJPY;B2;08-03 16:11;4;08-03 16:11,08-03 16:12,08-03 16:26,08-03 16:27"
2026-08-03T16:32:00.000+01:00,"MAR1GSOPEN;EURJPY;C1;08-03 16:12;3;08-03 16:12,08-03 16:26,08-03 16:27"
2026-08-03T16:32:00.000+01:00,"MAR1GSOPEN;EURJPY;C2;08-03 16:12;3;08-03 16:12,08-03 16:26,08-03 16:27"
2026-08-03T16:32:00.000+01:00,MAR1GSOPEN;EURJPY;D1;08-03 16:27;1;08-03 16:27
2026-08-03T16:33:00.000+01:00,"MAR1GSOPEN;EURJPY;A1;08-03 16:11;4;08-03 16:11,08-03 16:12,08-03 16:26,08-03 16:27"
2026-08-03T16:33:00.000+01:00,"MAR1GSOPEN;EURJPY;A2;08-03 16:11;4;08-03 16:11,08-03 16:12,08-03 16:26,08-03 16:27"
2026-08-03T16:33:00.000+01:00,"MAR1GSOPEN;EURJPY;B1;08-03 16:11;4;08-03 16:11,08-03 16:12,08-03 16:26,08-03 16:27"
2026-08-03T16:33:00.000+01:00,"MAR1GSOPEN;EURJPY;B2;08-03 16:11;4;08-03 16:11,08-03 16:12,08-03 16:26,08-03 16:27"
2026-08-03T16:33:00.000+01:00,"MAR1GSOPEN;EURJPY;C1;08-03 16:12;3;08-03 16:12,08-03 16:26,08-03 16:27"
2026-08-03T16:33:00.000+01:00,"MAR1GSOPEN;EURJPY;C2;08-03 16:12;3;08-03 16:12,08-03 16:26,08-03 16:27"
2026-08-03T16:33:00.000+01:00,MAR1GSOPEN;EURJPY;D1;08-03 16:27;1;08-03 16:27
2026-08-03T16:34:00.000+01:00,"MAR1GSCLOSE;EURJPY;A1;08-03 16:11;08-03 16:35;5;short;08-03 16:11,08-03 16:12,08-03 16:26,08-03 16:27,08-03 16:34"
2026-08-03T16:34:00.000+01:00,"MAR1GSCLOSE;EURJPY;A2;08-03 16:11;08-03 16:35;5;short;08-03 16:11,08-03 16:12,08-03 16:26,08-03 16:27,08-03 16:34"
2026-08-03T16:34:00.000+01:00,"MAR1GSCLOSE;EURJPY;B1;08-03 16:11;08-03 16:35;5;short;08-03 16:11,08-03 16:12,08-03 16:26,08-03 16:27,08-03 16:34"
2026-08-03T16:34:00.000+01:00,"MAR1GSCLOSE;EURJPY;B2;08-03 16:11;08-03 16:35;5;short;08-03 16:11,08-03 16:12,08-03 16:26,08-03 16:27,08-03 16:34"
2026-08-03T16:34:00.000+01:00,"MAR1GSCLOSE;EURJPY;C1;08-03 16:12;08-03 16:35;4;short;08-03 16:12,08-03 16:26,08-03 16:27,08-03 16:34"
2026-08-03T16:34:00.000+01:00,"MAR1GSCLOSE;EURJPY;C2;08-03 16:12;08-03 16:35;4;short;08-03 16:12,08-03 16:26,08-03 16:27,08-03 16:34"
2026-08-03T16:34:00.000+01:00,"MAR1GSCLOSE;EURJPY;D1;08-03 16:27;08-03 16:35;2;short;08-03 16:27,08-03 16:34"
2026-08-03T17:40:00.000+01:00,MAR1GSOPEN;EURJPY;A1;08-03 17:40;0;
2026-08-03T17:40:00.000+01:00,MAR1GSOPEN;EURJPY;A2;08-03 17:40;0;
2026-08-03T17:41:00.000+01:00,MAR1GSOPEN;EURJPY;A1;08-03 17:40;0;
2026-08-03T17:41:00.000+01:00,MAR1GSOPEN;EURJPY;A2;08-03 17:40;0;
2026-08-03T17:42:00.000+01:00,MAR1GSOPEN;EURJPY;A1;08-03 17:40;0;
2026-08-03T17:42:00.000+01:00,MAR1GSOPEN;EURJPY;A2;08-03 17:40;0;
2026-08-03T17:43:00.000+01:00,MAR1GSOPEN;EURJPY;A1;08-03 17:40;0;
2026-08-03T17:43:00.000+01:00,MAR1GSOPEN;EURJPY;A2;08-03 17:40;0;
2026-08-03T17:44:00.000+01:00,MAR1GSOPEN;EURJPY;A1;08-03 17:40;0;
2026-08-03T17:44:00.000+01:00,MAR1GSOPEN;EURJPY;A2;08-03 17:40;0;
2026-08-03T17:45:00.000+01:00,MAR1GSOPEN;EURJPY;A1;08-03 17:40;0;
2026-08-03T17:45:00.000+01:00,MAR1GSOPEN;EURJPY;A2;08-03 17:40;0;
2026-08-03T17:46:00.000+01:00,MAR1GSOPEN;EURJPY;A1;08-03 17:40;0;
2026-08-03T17:46:00.000+01:00,MAR1GSOPEN;EURJPY;A2;08-03 17:40;0;
2026-08-03T17:47:00.000+01:00,MAR1GSOPEN;EURJPY;A1;08-03 17:40;0;
2026-08-03T17:47:00.000+01:00,MAR1GSOPEN;EURJPY;A2;08-03 17:40;0;
2026-08-03T17:48:00.000+01:00,MAR1GSOPEN;EURJPY;A1;08-03 17:40;0;
2026-08-03T17:48:00.000+01:00,MAR1GSOPEN;EURJPY;A2;08-03 17:40;0;
2026-08-03T17:49:00.000+01:00,MAR1GSCLOSE;EURJPY;A1;08-03 17:49;08-03 17:50;1;short;08-03 17:49
2026-08-03T17:49:00.000+01:00,MAR1GSCLOSE;EURJPY;A2;08-03 17:49;08-03 17:50;1;short;08-03 17:49
2026-08-04T09:56:00.000+01:00,MAR1GSOPEN;EURJPY;B1;08-04 09:56;0;
2026-08-04T09:56:00.000+01:00,MAR1GSOPEN;EURJPY;B2;08-04 09:56;0;
2026-08-04T09:57:00.000+01:00,MAR1GSOPEN;EURJPY;B1;08-04 09:56;0;
2026-08-04T09:57:00.000+01:00,MAR1GSOPEN;EURJPY;B2;08-04 09:56;0;
2026-08-04T09:58:00.000+01:00,MAR1GSOPEN;EURJPY;B1;08-04 09:56;0;
2026-08-04T09:58:00.000+01:00,MAR1GSOPEN;EURJPY;B2;08-04 09:56;0;
2026-08-04T09:59:00.000+01:00,MAR1GSOPEN;EURJPY;B1;08-04 09:56;0;
2026-08-04T09:59:00.000+01:00,MAR1GSOPEN;EURJPY;B2;08-04 09:56;0;
2026-08-04T10:00:00.000+01:00,MAR1GSOPEN;EURJPY;B1;08-04 09:56;0;
2026-08-04T10:00:00.000+01:00,MAR1GSOPEN;EURJPY;B2;08-04 09:56;0;
2026-08-04T10:01:00.000+01:00,MAR1GSOPEN;EURJPY;B1;08-04 09:56;0;
2026-08-04T10:01:00.000+01:00,MAR1GSOPEN;EURJPY;B2;08-04 09:56;0;
2026-08-04T10:02:00.000+01:00,MAR1GSOPEN;EURJPY;B1;08-04 09:56;0;
2026-08-04T10:02:00.000+01:00,MAR1GSOPEN;EURJPY;B2;08-04 09:56;0;
2026-08-04T10:03:00.000+01:00,MAR1GSOPEN;EURJPY;B1;08-04 09:56;0;
2026-08-04T10:03:00.000+01:00,MAR1GSOPEN;EURJPY;B2;08-04 09:56;0;
2026-08-04T10:04:00.000+01:00,MAR1GSOPEN;EURJPY;B1;08-04 09:56;0;
2026-08-04T10:04:00.000+01:00,MAR1GSOPEN;EURJPY;B2;08-04 09:56;0;
2026-08-04T10:05:00.000+01:00,MAR1GSCLOSE;EURJPY;B1;08-04 10:05;08-04 10:06;1;long;08-04 10:05
2026-08-04T10:05:00.000+01:00,MAR1GSCLOSE;EURJPY;B2;08-04 10:05;08-04 10:06;1;long;08-04 10:05
2026-08-04T12:41:00.000+01:00,MAR1GSOPEN;EURJPY;A1;08-04 12:41;0;
2026-08-04T12:41:00.000+01:00,MAR1GSOPEN;EURJPY;A2;08-04 12:41;0;
2026-08-04T12:42:00.000+01:00,MAR1GSOPEN;EURJPY;A1;08-04 12:42;1;08-04 12:42
2026-08-04T12:42:00.000+01:00,MAR1GSOPEN;EURJPY;A2;08-04 12:42;1;08-04 12:42
2026-08-04T12:43:00.000+01:00,MAR1GSOPEN;EURJPY;A1;08-04 12:42;1;08-04 12:42
2026-08-04T12:43:00.000+01:00,MAR1GSOPEN;EURJPY;A2;08-04 12:42;1;08-04 12:42
2026-08-04T12:44:00.000+01:00,MAR1GSOPEN;EURJPY;A1;08-04 12:42;1;08-04 12:42
2026-08-04T12:44:00.000+01:00,MAR1GSOPEN;EURJPY;A2;08-04 12:42;1;08-04 12:42
2026-08-04T12:45:00.000+01:00,MAR1GSOPEN;EURJPY;A1;08-04 12:42;1;08-04 12:42
2026-08-04T12:45:00.000+01:00,MAR1GSOPEN;EURJPY;A2;08-04 12:42;1;08-04 12:42
2026-08-04T12:46:00.000+01:00,MAR1GSOPEN;EURJPY;A1;08-04 12:42;1;08-04 12:42
2026-08-04T12:46:00.000+01:00,MAR1GSOPEN;EURJPY;A2;08-04 12:42;1;08-04 12:42
2026-08-04T12:47:00.000+01:00,MAR1GSOPEN;EURJPY;A1;08-04 12:42;1;08-04 12:42
2026-08-04T12:47:00.000+01:00,MAR1GSOPEN;EURJPY;A2;08-04 12:42;1;08-04 12:42
2026-08-04T12:48:00.000+01:00,MAR1GSOPEN;EURJPY;A1;08-04 12:42;1;08-04 12:42
2026-08-04T12:48:00.000+01:00,MAR1GSOPEN;EURJPY;A2;08-04 12:42;1;08-04 12:42
2026-08-04T12:49:00.000+01:00,MAR1GSOPEN;EURJPY;A1;08-04 12:42;1;08-04 12:42
2026-08-04T12:49:00.000+01:00,MAR1GSOPEN;EURJPY;A2;08-04 12:42;1;08-04 12:42
2026-08-04T12:50:00.000+01:00,MAR1GSOPEN;EURJPY;A1;08-04 12:42;1;08-04 12:42
2026-08-04T12:50:00.000+01:00,MAR1GSOPEN;EURJPY;A2;08-04 12:42;1;08-04 12:42
2026-08-04T12:51:00.000+01:00,MAR1GSOPEN;EURJPY;A1;08-04 12:42;1;08-04 12:42
2026-08-04T12:51:00.000+01:00,MAR1GSOPEN;EURJPY;A2;08-04 12:42;1;08-04 12:42
2026-08-04T12:52:00.000+01:00,MAR1GSOPEN;EURJPY;A1;08-04 12:42;1;08-04 12:42
2026-08-04T12:52:00.000+01:00,MAR1GSOPEN;EURJPY;A2;08-04 12:42;1;08-04 12:42
2026-08-04T12:53:00.000+01:00,MAR1GSOPEN;EURJPY;A1;08-04 12:42;1;08-04 12:42
2026-08-04T12:53:00.000+01:00,MAR1GSOPEN;EURJPY;A2;08-04 12:42;1;08-04 12:42
2026-08-04T12:54:00.000+01:00,MAR1GSOPEN;EURJPY;A1;08-04 12:42;1;08-04 12:42
2026-08-04T12:54:00.000+01:00,MAR1GSOPEN;EURJPY;A2;08-04 12:42;1;08-04 12:42
2026-08-04T12:55:00.000+01:00,MAR1GSOPEN;EURJPY;A1;08-04 12:42;1;08-04 12:42
2026-08-04T12:55:00.000+01:00,MAR1GSOPEN;EURJPY;A2;08-04 12:42;1;08-04 12:42
2026-08-04T12:56:00.000+01:00,MAR1GSOPEN;EURJPY;A1;08-04 12:42;1;08-04 12:42
2026-08-04T12:56:00.000+01:00,MAR1GSOPEN;EURJPY;A2;08-04 12:42;1;08-04 12:42
2026-08-04T12:57:00.000+01:00,MAR1GSOPEN;EURJPY;A1;08-04 12:42;1;08-04 12:42
2026-08-04T12:57:00.000+01:00,MAR1GSOPEN;EURJPY;A2;08-04 12:42;1;08-04 12:42
2026-08-04T12:58:00.000+01:00,MAR1GSOPEN;EURJPY;A1;08-04 12:42;1;08-04 12:42
2026-08-04T12:58:00.000+01:00,MAR1GSOPEN;EURJPY;A2;08-04 12:42;1;08-04 12:42
2026-08-04T12:59:00.000+01:00,MAR1GSOPEN;EURJPY;A1;08-04 12:42;1;08-04 12:42
2026-08-04T12:59:00.000+01:00,MAR1GSOPEN;EURJPY;A2;08-04 12:42;1;08-04 12:42
2026-08-04T13:00:00.000+01:00,MAR1GSOPEN;EURJPY;A1;08-04 12:42;1;08-04 12:42
2026-08-04T13:00:00.000+01:00,MAR1GSOPEN;EURJPY;A2;08-04 12:42;1;08-04 12:42
2026-08-04T13:01:00.000+01:00,MAR1GSOPEN;EURJPY;A1;08-04 12:42;1;08-04 12:42
2026-08-04T13:01:00.000+01:00,MAR1GSOPEN;EURJPY;A2;08-04 12:42;1;08-04 12:42
2026-08-04T13:02:00.000+01:00,"MAR1GSCLOSE;EURJPY;A1;08-04 12:42;08-04 13:03;2;short;08-04 12:42,08-04 13:02"
2026-08-04T13:02:00.000+01:00,"MAR1GSCLOSE;EURJPY;A2;08-04 12:42;08-04 13:03;2;short;08-04 12:42,08-04 13:02"
2026-08-05T09:07:00.000+01:00,MAR1GSOPEN;EURJPY;A1;08-05 09:07;0;
2026-08-05T09:07:00.000+01:00,MAR1GSOPEN;EURJPY;A2;08-05 09:07;0;
2026-08-05T09:08:00.000+01:00,MAR1GSOPEN;EURJPY;A1;08-05 09:07;0;
2026-08-05T09:08:00.000+01:00,MAR1GSOPEN;EURJPY;A2;08-05 09:07;0;
2026-08-05T09:09:00.000+01:00,MAR1GSOPEN;EURJPY;A1;08-05 09:07;0;
2026-08-05T09:09:00.000+01:00,MAR1GSOPEN;EURJPY;A2;08-05 09:07;0;
2026-08-05T09:10:00.000+01:00,MAR1GSOPEN;EURJPY;A1;08-05 09:07;0;
2026-08-05T09:10:00.000+01:00,MAR1GSOPEN;EURJPY;A2;08-05 09:07;0;
2026-08-05T09:11:00.000+01:00,MAR1GSOPEN;EURJPY;A1;08-05 09:07;0;
2026-08-05T09:11:00.000+01:00,MAR1GSOPEN;EURJPY;A2;08-05 09:07;0;
2026-08-05T09:12:00.000+01:00,MAR1GSOPEN;EURJPY;A1;08-05 09:07;0;
2026-08-05T09:12:00.000+01:00,MAR1GSOPEN;EURJPY;A2;08-05 09:07;0;
2026-08-05T09:13:00.000+01:00,MAR1GSOPEN;EURJPY;A1;08-05 09:07;0;
2026-08-05T09:13:00.000+01:00,MAR1GSOPEN;EURJPY;A2;08-05 09:07;0;
2026-08-05T09:14:00.000+01:00,MAR1GSOPEN;EURJPY;A1;08-05 09:07;0;
2026-08-05T09:14:00.000+01:00,MAR1GSOPEN;EURJPY;A2;08-05 09:07;0;
2026-08-05T09:15:00.000+01:00,MAR1GSOPEN;EURJPY;A1;08-05 09:07;0;
2026-08-05T09:15:00.000+01:00,MAR1GSOPEN;EURJPY;A2;08-05 09:07;0;
2026-08-05T09:16:00.000+01:00,MAR1GSOPEN;EURJPY;A1;08-05 09:07;0;
2026-08-05T09:16:00.000+01:00,MAR1GSOPEN;EURJPY;A2;08-05 09:07;0;
2026-08-05T09:17:00.000+01:00,MAR1GSOPEN;EURJPY;A1;08-05 09:07;0;
2026-08-05T09:17:00.000+01:00,MAR1GSOPEN;EURJPY;A2;08-05 09:07;0;
2026-08-05T09:18:00.000+01:00,MAR1GSOPEN;EURJPY;A1;08-05 09:07;0;
2026-08-05T09:18:00.000+01:00,MAR1GSOPEN;EURJPY;A2;08-05 09:07;0;
2026-08-05T09:19:00.000+01:00,MAR1GSOPEN;EURJPY;A1;08-05 09:07;0;
2026-08-05T09:19:00.000+01:00,MAR1GSOPEN;EURJPY;A2;08-05 09:07;0;
2026-08-05T09:20:00.000+01:00,MAR1GSOPEN;EURJPY;A1;08-05 09:20;1;08-05 09:20
2026-08-05T09:20:00.000+01:00,MAR1GSOPEN;EURJPY;A2;08-05 09:20;1;08-05 09:20
2026-08-05T09:21:00.000+01:00,"MAR1GSCLOSE;EURJPY;A1;08-05 09:20;08-05 09:22;2;long;08-05 09:20,08-05 09:21"
2026-08-05T09:21:00.000+01:00,"MAR1GSCLOSE;EURJPY;A2;08-05 09:20;08-05 09:22;2;long;08-05 09:20,08-05 09:21"
2026-08-05T10:51:00.000+01:00,MAR1GSOPEN;EURJPY;A1;08-05 10:51;0;
2026-08-05T10:51:00.000+01:00,MAR1GSOPEN;EURJPY;A2;08-05 10:51;0;
2026-08-05T10:52:00.000+01:00,MAR1GSOPEN;EURJPY;A1;08-05 10:51;0;
2026-08-05T10:52:00.000+01:00,MAR1GSOPEN;EURJPY;A2;08-05 10:51;0;
2026-08-05T10:53:00.000+01:00,MAR1GSOPEN;EURJPY;A1;08-05 10:51;0;
2026-08-05T10:53:00.000+01:00,MAR1GSOPEN;EURJPY;A2;08-05 10:51;0;
2026-08-05T10:54:00.000+01:00,MAR1GSOPEN;EURJPY;A1;08-05 10:51;0;
2026-08-05T10:54:00.000+01:00,MAR1GSOPEN;EURJPY;A2;08-05 10:51;0;
2026-08-05T10:55:00.000+01:00,MAR1GSOPEN;EURJPY;A1;08-05 10:51;0;
2026-08-05T10:55:00.000+01:00,MAR1GSOPEN;EURJPY;A2;08-05 10:51;0;
2026-08-05T10:56:00.000+01:00,MAR1GSOPEN;EURJPY;A1;08-05 10:51;0;
2026-08-05T10:56:00.000+01:00,MAR1GSOPEN;EURJPY;A2;08-05 10:51;0;
2026-08-05T10:57:00.000+01:00,MAR1GSOPEN;EURJPY;A1;08-05 10:51;0;
2026-08-05T10:57:00.000+01:00,MAR1GSOPEN;EURJPY;A2;08-05 10:51;0;
2026-08-05T10:58:00.000+01:00,MAR1GSOPEN;EURJPY;A1;08-05 10:51;0;
2026-08-05T10:58:00.000+01:00,MAR1GSOPEN;EURJPY;A2;08-05 10:51;0;
2026-08-05T10:59:00.000+01:00,MAR1GSOPEN;EURJPY;A1;08-05 10:51;0;
2026-08-05T10:59:00.000+01:00,MAR1GSOPEN;EURJPY;A2;08-05 10:51;0;
2026-08-05T11:00:00.000+01:00,MAR1GSOPEN;EURJPY;A1;08-05 10:51;0;
2026-08-05T11:00:00.000+01:00,MAR1GSOPEN;EURJPY;A2;08-05 10:51;0;
2026-08-05T11:01:00.000+01:00,MAR1GSOPEN;EURJPY;A1;08-05 10:51;0;
2026-08-05T11:01:00.000+01:00,MAR1GSOPEN;EURJPY;A2;08-05 10:51;0;
2026-08-05T11:02:00.000+01:00,MAR1GSOPEN;EURJPY;A1;08-05 10:51;0;
2026-08-05T11:02:00.000+01:00,MAR1GSOPEN;EURJPY;A2;08-05 10:51;0;
2026-08-05T11:03:00.000+01:00,MAR1GSOPEN;EURJPY;A1;08-05 10:51;0;
2026-08-05T11:03:00.000+01:00,MAR1GSOPEN;EURJPY;A2;08-05 10:51;0;
2026-08-05T11:04:00.000+01:00,MAR1GSOPEN;EURJPY;A1;08-05 10:51;0;
2026-08-05T11:04:00.000+01:00,MAR1GSOPEN;EURJPY;A2;08-05 10:51;0;
2026-08-05T11:05:00.000+01:00,MAR1GSOPEN;EURJPY;A1;08-05 10:51;0;
2026-08-05T11:05:00.000+01:00,MAR1GSOPEN;EURJPY;A2;08-05 10:51;0;
2026-08-05T11:06:00.000+01:00,MAR1GSOPEN;EURJPY;A1;08-05 10:51;0;
2026-08-05T11:06:00.000+01:00,MAR1GSOPEN;EURJPY;A2;08-05 10:51;0;
2026-08-05T11:07:00.000+01:00,MAR1GSOPEN;EURJPY;A1;08-05 10:51;0;
2026-08-05T11:07:00.000+01:00,MAR1GSOPEN;EURJPY;A2;08-05 10:51;0;
2026-08-05T11:08:00.000+01:00,MAR1GSOPEN;EURJPY;A1;08-05 10:51;0;
2026-08-05T11:08:00.000+01:00,MAR1GSOPEN;EURJPY;A2;08-05 10:51;0;
2026-08-05T11:09:00.000+01:00,MAR1GSOPEN;EURJPY;A1;08-05 10:51;0;
2026-08-05T11:09:00.000+01:00,MAR1GSOPEN;EURJPY;A2;08-05 10:51;0;
2026-08-05T11:10:00.000+01:00,MAR1GSOPEN;EURJPY;A1;08-05 10:51;0;
2026-08-05T11:10:00.000+01:00,MAR1GSOPEN;EURJPY;A2;08-05 10:51;0;
2026-08-05T11:11:00.000+01:00,MAR1GSOPEN;EURJPY;A1;08-05 10:51;0;
2026-08-05T11:11:00.000+01:00,MAR1GSOPEN;EURJPY;A2;08-05 10:51;0;
2026-08-05T11:12:00.000+01:00,MAR1GSOPEN;EURJPY;A1;08-05 10:51;0;
2026-08-05T11:12:00.000+01:00,MAR1GSOPEN;EURJPY;A2;08-05 10:51;0;
2026-08-05T11:13:00.000+01:00,MAR1GSOPEN;EURJPY;A1;08-05 10:51;0;
2026-08-05T11:13:00.000+01:00,MAR1GSOPEN;EURJPY;A2;08-05 10:51;0;
2026-08-05T11:14:00.000+01:00,MAR1GSOPEN;EURJPY;A1;08-05 10:51;0;
2026-08-05T11:14:00.000+01:00,MAR1GSOPEN;EURJPY;A2;08-05 10:51;0;
2026-08-05T11:15:00.000+01:00,MAR1GSOPEN;EURJPY;A1;08-05 10:51;0;
2026-08-05T11:15:00.000+01:00,MAR1GSOPEN;EURJPY;A2;08-05 10:51;0;
2026-08-05T11:16:00.000+01:00,MAR1GSOPEN;EURJPY;A1;08-05 10:51;0;
2026-08-05T11:16:00.000+01:00,MAR1GSOPEN;EURJPY;A2;08-05 10:51;0;
2026-08-05T11:17:00.000+01:00,MAR1GSOPEN;EURJPY;A1;08-05 10:51;0;
2026-08-05T11:17:00.000+01:00,MAR1GSOPEN;EURJPY;A2;08-05 10:51;0;
2026-08-05T11:18:00.000+01:00,MAR1GSOPEN;EURJPY;A1;08-05 10:51;0;
2026-08-05T11:18:00.000+01:00,MAR1GSOPEN;EURJPY;A2;08-05 10:51;0;
2026-08-05T11:19:00.000+01:00,MAR1GSOPEN;EURJPY;A1;08-05 10:51;0;
2026-08-05T11:19:00.000+01:00,MAR1GSOPEN;EURJPY;A2;08-05 10:51;0;
2026-08-05T11:20:00.000+01:00,MAR1GSOPEN;EURJPY;A1;08-05 10:51;0;
2026-08-05T11:20:00.000+01:00,MAR1GSOPEN;EURJPY;A2;08-05 10:51;0;
2026-08-05T11:21:00.000+01:00,MAR1GSOPEN;EURJPY;A1;08-05 10:51;0;
2026-08-05T11:21:00.000+01:00,MAR1GSOPEN;EURJPY;A2;08-05 10:51;0;
2026-08-05T11:22:00.000+01:00,MAR1GSOPEN;EURJPY;A1;08-05 10:51;0;
2026-08-05T11:22:00.000+01:00,MAR1GSOPEN;EURJPY;A2;08-05 10:51;0;
2026-08-05T11:23:00.000+01:00,MAR1GSOPEN;EURJPY;A1;08-05 10:51;0;
2026-08-05T11:23:00.000+01:00,MAR1GSOPEN;EURJPY;A2;08-05 10:51;0;
2026-08-05T11:24:00.000+01:00,MAR1GSOPEN;EURJPY;A1;08-05 10:51;0;
2026-08-05T11:24:00.000+01:00,MAR1GSOPEN;EURJPY;A2;08-05 10:51;0;
2026-08-05T11:25:00.000+01:00,MAR1GSOPEN;EURJPY;A1;08-05 10:51;0;
2026-08-05T11:25:00.000+01:00,MAR1GSOPEN;EURJPY;A2;08-05 10:51;0;
2026-08-05T11:26:00.000+01:00,MAR1GSOPEN;EURJPY;A1;08-05 10:51;0;
2026-08-05T11:26:00.000+01:00,MAR1GSOPEN;EURJPY;A2;08-05 10:51;0;
2026-08-05T11:27:00.000+01:00,MAR1GSOPEN;EURJPY;A1;08-05 10:51;0;
2026-08-05T11:27:00.000+01:00,MAR1GSOPEN;EURJPY;A2;08-05 10:51;0;
2026-08-05T11:28:00.000+01:00,MAR1GSOPEN;EURJPY;A1;08-05 11:28;1;08-05 11:28
2026-08-05T11:28:00.000+01:00,MAR1GSOPEN;EURJPY;A2;08-05 11:28;1;08-05 11:28
2026-08-05T11:29:00.000+01:00,"MAR1GSOPEN;EURJPY;A1;08-05 11:28;2;08-05 11:28,08-05 11:29"
2026-08-05T11:29:00.000+01:00,"MAR1GSOPEN;EURJPY;A2;08-05 11:28;2;08-05 11:28,08-05 11:29"
2026-08-05T11:30:00.000+01:00,"MAR1GSOPEN;EURJPY;A1;08-05 11:28;2;08-05 11:28,08-05 11:29"
2026-08-05T11:30:00.000+01:00,"MAR1GSOPEN;EURJPY;A2;08-05 11:28;2;08-05 11:28,08-05 11:29"
2026-08-05T11:31:00.000+01:00,"MAR1GSOPEN;EURJPY;A1;08-05 11:28;2;08-05 11:28,08-05 11:29"
2026-08-05T11:31:00.000+01:00,"MAR1GSOPEN;EURJPY;A2;08-05 11:28;2;08-05 11:28,08-05 11:29"
2026-08-05T11:32:00.000+01:00,"MAR1GSOPEN;EURJPY;A1;08-05 11:28;2;08-05 11:28,08-05 11:29"
2026-08-05T11:32:00.000+01:00,"MAR1GSOPEN;EURJPY;A2;08-05 11:28;2;08-05 11:28,08-05 11:29"
2026-08-05T11:33:00.000+01:00,"MAR1GSOPEN;EURJPY;A1;08-05 11:28;2;08-05 11:28,08-05 11:29"
2026-08-05T11:33:00.000+01:00,"MAR1GSOPEN;EURJPY;A2;08-05 11:28;2;08-05 11:28,08-05 11:29"
2026-08-05T11:34:00.000+01:00,"MAR1GSOPEN;EURJPY;A1;08-05 11:28;2;08-05 11:28,08-05 11:29"
2026-08-05T11:34:00.000+01:00,"MAR1GSOPEN;EURJPY;A2;08-05 11:28;2;08-05 11:28,08-05 11:29"
2026-08-05T11:35:00.000+01:00,"MAR1GSOPEN;EURJPY;A1;08-05 11:28;2;08-05 11:28,08-05 11:29"
2026-08-05T11:35:00.000+01:00,"MAR1GSOPEN;EURJPY;A2;08-05 11:28;2;08-05 11:28,08-05 11:29"
2026-08-05T11:36:00.000+01:00,"MAR1GSOPEN;EURJPY;A1;08-05 11:28;2;08-05 11:28,08-05 11:29"
2026-08-05T11:36:00.000+01:00,"MAR1GSOPEN;EURJPY;A2;08-05 11:28;2;08-05 11:28,08-05 11:29"
2026-08-05T11:37:00.000+01:00,"MAR1GSOPEN;EURJPY;A1;08-05 11:28;2;08-05 11:28,08-05 11:29"
2026-08-05T11:37:00.000+01:00,"MAR1GSOPEN;EURJPY;A2;08-05 11:28;2;08-05 11:28,08-05 11:29"
2026-08-05T11:38:00.000+01:00,"MAR1GSOPEN;EURJPY;A1;08-05 11:28;2;08-05 11:28,08-05 11:29"
2026-08-05T11:38:00.000+01:00,"MAR1GSOPEN;EURJPY;A2;08-05 11:28;2;08-05 11:28,08-05 11:29"
2026-08-05T11:39:00.000+01:00,"MAR1GSOPEN;EURJPY;A1;08-05 11:28;2;08-05 11:28,08-05 11:29"
2026-08-05T11:39:00.000+01:00,"MAR1GSOPEN;EURJPY;A2;08-05 11:28;2;08-05 11:28,08-05 11:29"
2026-08-05T11:40:00.000+01:00,"MAR1GSOPEN;EURJPY;A1;08-05 11:28;2;08-05 11:28,08-05 11:29"
2026-08-05T11:40:00.000+01:00,"MAR1GSOPEN;EURJPY;A2;08-05 11:28;2;08-05 11:28,08-05 11:29"
2026-08-05T11:41:00.000+01:00,"MAR1GSOPEN;EURJPY;A1;08-05 11:28;2;08-05 11:28,08-05 11:29"
2026-08-05T11:41:00.000+01:00,"MAR1GSOPEN;EURJPY;A2;08-05 11:28;2;08-05 11:28,08-05 11:29"
2026-08-05T11:42:00.000+01:00,"MAR1GSOPEN;EURJPY;A1;08-05 11:28;2;08-05 11:28,08-05 11:29"
2026-08-05T11:42:00.000+01:00,"MAR1GSOPEN;EURJPY;A2;08-05 11:28;2;08-05 11:28,08-05 11:29"
2026-08-05T11:43:00.000+01:00,"MAR1GSOPEN;EURJPY;A1;08-05 11:28;2;08-05 11:28,08-05 11:29"
2026-08-05T11:43:00.000+01:00,"MAR1GSOPEN;EURJPY;A2;08-05 11:28;2;08-05 11:28,08-05 11:29"
2026-08-05T11:44:00.000+01:00,"MAR1GSOPEN;EURJPY;A1;08-05 11:28;2;08-05 11:28,08-05 11:29"
2026-08-05T11:44:00.000+01:00,"MAR1GSOPEN;EURJPY;A2;08-05 11:28;2;08-05 11:28,08-05 11:29"
2026-08-05T11:45:00.000+01:00,"MAR1GSOPEN;EURJPY;A1;08-05 11:28;2;08-05 11:28,08-05 11:29"
2026-08-05T11:45:00.000+01:00,"MAR1GSOPEN;EURJPY;A2;08-05 11:28;2;08-05 11:28,08-05 11:29"
2026-08-05T11:46:00.000+01:00,"MAR1GSOPEN;EURJPY;A1;08-05 11:28;2;08-05 11:28,08-05 11:29"
2026-08-05T11:46:00.000+01:00,"MAR1GSOPEN;EURJPY;A2;08-05 11:28;2;08-05 11:28,08-05 11:29"
2026-08-05T11:47:00.000+01:00,"MAR1GSOPEN;EURJPY;A1;08-05 11:28;2;08-05 11:28,08-05 11:29"
2026-08-05T11:47:00.000+01:00,"MAR1GSOPEN;EURJPY;A2;08-05 11:28;2;08-05 11:28,08-05 11:29"
2026-08-05T11:48:00.000+01:00,"MAR1GSOPEN;EURJPY;A1;08-05 11:28;2;08-05 11:28,08-05 11:29"
2026-08-05T11:48:00.000+01:00,"MAR1GSOPEN;EURJPY;A2;08-05 11:28;2;08-05 11:28,08-05 11:29"
2026-08-05T11:49:00.000+01:00,"MAR1GSOPEN;EURJPY;A1;08-05 11:28;2;08-05 11:28,08-05 11:29"
2026-08-05T11:49:00.000+01:00,"MAR1GSOPEN;EURJPY;A2;08-05 11:28;2;08-05 11:28,08-05 11:29"
2026-08-05T11:50:00.000+01:00,"MAR1GSOPEN;EURJPY;A1;08-05 11:28;2;08-05 11:28,08-05 11:29"
2026-08-05T11:50:00.000+01:00,"MAR1GSOPEN;EURJPY;A2;08-05 11:28;2;08-05 11:28,08-05 11:29"
2026-08-05T11:51:00.000+01:00,"MAR1GSOPEN;EURJPY;A1;08-05 11:28;2;08-05 11:28,08-05 11:29"
2026-08-05T11:51:00.000+01:00,"MAR1GSOPEN;EURJPY;A2;08-05 11:28;2;08-05 11:28,08-05 11:29"
2026-08-05T11:52:00.000+01:00,"MAR1GSOPEN;EURJPY;A1;08-05 11:28;2;08-05 11:28,08-05 11:29"
2026-08-05T11:52:00.000+01:00,"MAR1GSOPEN;EURJPY;A2;08-05 11:28;2;08-05 11:28,08-05 11:29"
2026-08-05T11:53:00.000+01:00,"MAR1GSOPEN;EURJPY;A1;08-05 11:28;2;08-05 11:28,08-05 11:29"
2026-08-05T11:53:00.000+01:00,"MAR1GSOPEN;EURJPY;A2;08-05 11:28;2;08-05 11:28,08-05 11:29"
2026-08-05T11:54:00.000+01:00,"MAR1GSOPEN;EURJPY;A1;08-05 11:28;2;08-05 11:28,08-05 11:29"
2026-08-05T11:54:00.000+01:00,"MAR1GSOPEN;EURJPY;A2;08-05 11:28;2;08-05 11:28,08-05 11:29"
2026-08-05T11:55:00.000+01:00,"MAR1GSOPEN;EURJPY;A1;08-05 11:28;3;08-05 11:28,08-05 11:29,08-05 11:55"
2026-08-05T11:55:00.000+01:00,"MAR1GSOPEN;EURJPY;A2;08-05 11:28;3;08-05 11:28,08-05 11:29,08-05 11:55"
2026-08-05T11:55:00.000+01:00,MAR1GSOPEN;EURJPY;B1;08-05 11:55;0;
2026-08-05T11:55:00.000+01:00,MAR1GSOPEN;EURJPY;B2;08-05 11:55;0;
2026-08-05T11:55:00.000+01:00,MAR1GSOPEN;EURJPY;D1;08-05 11:55;0;
2026-08-05T11:56:00.000+01:00,"MAR1GSOPEN;EURJPY;A1;08-05 11:28;3;08-05 11:28,08-05 11:29,08-05 11:55"
2026-08-05T11:56:00.000+01:00,"MAR1GSOPEN;EURJPY;A2;08-05 11:28;3;08-05 11:28,08-05 11:29,08-05 11:55"
2026-08-05T11:56:00.000+01:00,MAR1GSOPEN;EURJPY;B1;08-05 11:55;0;
2026-08-05T11:56:00.000+01:00,MAR1GSOPEN;EURJPY;B2;08-05 11:55;0;
2026-08-05T11:56:00.000+01:00,MAR1GSOPEN;EURJPY;D1;08-05 11:55;0;
2026-08-05T11:57:00.000+01:00,"MAR1GSOPEN;EURJPY;A1;08-05 11:28;3;08-05 11:28,08-05 11:29,08-05 11:55"
2026-08-05T11:57:00.000+01:00,"MAR1GSOPEN;EURJPY;A2;08-05 11:28;3;08-05 11:28,08-05 11:29,08-05 11:55"
2026-08-05T11:57:00.000+01:00,MAR1GSOPEN;EURJPY;B1;08-05 11:55;0;
2026-08-05T11:57:00.000+01:00,MAR1GSOPEN;EURJPY;B2;08-05 11:55;0;
2026-08-05T11:57:00.000+01:00,MAR1GSOPEN;EURJPY;D1;08-05 11:55;0;
2026-08-05T11:58:00.000+01:00,"MAR1GSOPEN;EURJPY;A1;08-05 11:28;3;08-05 11:28,08-05 11:29,08-05 11:55"
2026-08-05T11:58:00.000+01:00,"MAR1GSOPEN;EURJPY;A2;08-05 11:28;3;08-05 11:28,08-05 11:29,08-05 11:55"
2026-08-05T11:58:00.000+01:00,MAR1GSOPEN;EURJPY;B1;08-05 11:55;0;
2026-08-05T11:58:00.000+01:00,MAR1GSOPEN;EURJPY;B2;08-05 11:55;0;
2026-08-05T11:58:00.000+01:00,MAR1GSOPEN;EURJPY;D1;08-05 11:55;0;
2026-08-05T11:59:00.000+01:00,"MAR1GSOPEN;EURJPY;A1;08-05 11:28;3;08-05 11:28,08-05 11:29,08-05 11:55"
2026-08-05T11:59:00.000+01:00,"MAR1GSOPEN;EURJPY;A2;08-05 11:28;3;08-05 11:28,08-05 11:29,08-05 11:55"
2026-08-05T11:59:00.000+01:00,MAR1GSOPEN;EURJPY;B1;08-05 11:55;0;
2026-08-05T11:59:00.000+01:00,MAR1GSOPEN;EURJPY;B2;08-05 11:55;0;
2026-08-05T11:59:00.000+01:00,MAR1GSOPEN;EURJPY;D1;08-05 11:55;0;
2026-08-05T12:00:00.000+01:00,"MAR1GSOPEN;EURJPY;A1;08-05 11:28;3;08-05 11:28,08-05 11:29,08-05 11:55"
2026-08-05T12:00:00.000+01:00,"MAR1GSOPEN;EURJPY;A2;08-05 11:28;3;08-05 11:28,08-05 11:29,08-05 11:55"
2026-08-05T12:00:00.000+01:00,MAR1GSOPEN;EURJPY;B1;08-05 11:55;0;
2026-08-05T12:00:00.000+01:00,MAR1GSOPEN;EURJPY;B2;08-05 11:55;0;
2026-08-05T12:00:00.000+01:00,MAR1GSOPEN;EURJPY;D1;08-05 11:55;0;
2026-08-05T12:01:00.000+01:00,"MAR1GSOPEN;EURJPY;A1;08-05 11:28;3;08-05 11:28,08-05 11:29,08-05 11:55"
2026-08-05T12:01:00.000+01:00,"MAR1GSOPEN;EURJPY;A2;08-05 11:28;3;08-05 11:28,08-05 11:29,08-05 11:55"
2026-08-05T12:01:00.000+01:00,MAR1GSOPEN;EURJPY;B1;08-05 11:55;0;
2026-08-05T12:01:00.000+01:00,MAR1GSOPEN;EURJPY;B2;08-05 11:55;0;
2026-08-05T12:01:00.000+01:00,MAR1GSOPEN;EURJPY;D1;08-05 11:55;0;
2026-08-05T12:02:00.000+01:00,"MAR1GSOPEN;EURJPY;A1;08-05 11:28;3;08-05 11:28,08-05 11:29,08-05 11:55"
2026-08-05T12:02:00.000+01:00,"MAR1GSOPEN;EURJPY;A2;08-05 11:28;3;08-05 11:28,08-05 11:29,08-05 11:55"
2026-08-05T12:02:00.000+01:00,MAR1GSOPEN;EURJPY;B1;08-05 11:55;0;
2026-08-05T12:02:00.000+01:00,MAR1GSOPEN;EURJPY;B2;08-05 11:55;0;
2026-08-05T12:02:00.000+01:00,MAR1GSOPEN;EURJPY;D1;08-05 11:55;0;
2026-08-05T12:03:00.000+01:00,"MAR1GSOPEN;EURJPY;A1;08-05 11:28;3;08-05 11:28,08-05 11:29,08-05 11:55"
2026-08-05T12:03:00.000+01:00,"MAR1GSOPEN;EURJPY;A2;08-05 11:28;3;08-05 11:28,08-05 11:29,08-05 11:55"
2026-08-05T12:03:00.000+01:00,MAR1GSOPEN;EURJPY;B1;08-05 11:55;0;
2026-08-05T12:03:00.000+01:00,MAR1GSOPEN;EURJPY;B2;08-05 11:55;0;
2026-08-05T12:03:00.000+01:00,MAR1GSOPEN;EURJPY;D1;08-05 11:55;0;
2026-08-05T12:04:00.000+01:00,"MAR1GSOPEN;EURJPY;A1;08-05 11:28;3;08-05 11:28,08-05 11:29,08-05 11:55"
2026-08-05T12:04:00.000+01:00,"MAR1GSOPEN;EURJPY;A2;08-05 11:28;3;08-05 11:28,08-05 11:29,08-05 11:55"
2026-08-05T12:04:00.000+01:00,MAR1GSOPEN;EURJPY;B1;08-05 11:55;0;
2026-08-05T12:04:00.000+01:00,MAR1GSOPEN;EURJPY;B2;08-05 11:55;0;
2026-08-05T12:04:00.000+01:00,MAR1GSOPEN;EURJPY;D1;08-05 11:55;0;
2026-08-05T12:05:00.000+01:00,"MAR1GSOPEN;EURJPY;A1;08-05 11:28;3;08-05 11:28,08-05 11:29,08-05 11:55"
2026-08-05T12:05:00.000+01:00,"MAR1GSOPEN;EURJPY;A2;08-05 11:28;3;08-05 11:28,08-05 11:29,08-05 11:55"
2026-08-05T12:05:00.000+01:00,MAR1GSOPEN;EURJPY;B1;08-05 11:55;0;
2026-08-05T12:05:00.000+01:00,MAR1GSOPEN;EURJPY;B2;08-05 11:55;0;
2026-08-05T12:05:00.000+01:00,MAR1GSOPEN;EURJPY;D1;08-05 11:55;0;
2026-08-05T12:06:00.000+01:00,"MAR1GSOPEN;EURJPY;A1;08-05 11:28;3;08-05 11:28,08-05 11:29,08-05 11:55"
2026-08-05T12:06:00.000+01:00,"MAR1GSOPEN;EURJPY;A2;08-05 11:28;3;08-05 11:28,08-05 11:29,08-05 11:55"
2026-08-05T12:06:00.000+01:00,MAR1GSOPEN;EURJPY;B1;08-05 11:55;0;
2026-08-05T12:06:00.000+01:00,MAR1GSOPEN;EURJPY;B2;08-05 11:55;0;
2026-08-05T12:06:00.000+01:00,MAR1GSOPEN;EURJPY;D1;08-05 11:55;0;
2026-08-05T12:07:00.000+01:00,"MAR1GSOPEN;EURJPY;A1;08-05 11:28;3;08-05 11:28,08-05 11:29,08-05 11:55"
2026-08-05T12:07:00.000+01:00,"MAR1GSOPEN;EURJPY;A2;08-05 11:28;3;08-05 11:28,08-05 11:29,08-05 11:55"
2026-08-05T12:07:00.000+01:00,MAR1GSOPEN;EURJPY;B1;08-05 11:55;0;
2026-08-05T12:07:00.000+01:00,MAR1GSOPEN;EURJPY;B2;08-05 11:55;0;
2026-08-05T12:07:00.000+01:00,MAR1GSOPEN;EURJPY;D1;08-05 11:55;0;
2026-08-05T12:08:00.000+01:00,"MAR1GSOPEN;EURJPY;A1;08-05 11:28;3;08-05 11:28,08-05 11:29,08-05 11:55"
2026-08-05T12:08:00.000+01:00,"MAR1GSOPEN;EURJPY;A2;08-05 11:28;3;08-05 11:28,08-05 11:29,08-05 11:55"
2026-08-05T12:08:00.000+01:00,MAR1GSOPEN;EURJPY;B1;08-05 11:55;0;
2026-08-05T12:08:00.000+01:00,MAR1GSOPEN;EURJPY;B2;08-05 11:55;0;
2026-08-05T12:08:00.000+01:00,MAR1GSOPEN;EURJPY;D1;08-05 11:55;0;
2026-08-05T12:09:00.000+01:00,"MAR1GSOPEN;EURJPY;A1;08-05 11:28;3;08-05 11:28,08-05 11:29,08-05 11:55"
2026-08-05T12:09:00.000+01:00,"MAR1GSOPEN;EURJPY;A2;08-05 11:28;3;08-05 11:28,08-05 11:29,08-05 11:55"
2026-08-05T12:09:00.000+01:00,MAR1GSOPEN;EURJPY;B1;08-05 11:55;0;
2026-08-05T12:09:00.000+01:00,MAR1GSOPEN;EURJPY;B2;08-05 11:55;0;
2026-08-05T12:09:00.000+01:00,MAR1GSOPEN;EURJPY;D1;08-05 11:55;0;
2026-08-05T12:10:00.000+01:00,"MAR1GSOPEN;EURJPY;A1;08-05 11:28;3;08-05 11:28,08-05 11:29,08-05 11:55"
2026-08-05T12:10:00.000+01:00,"MAR1GSOPEN;EURJPY;A2;08-05 11:28;3;08-05 11:28,08-05 11:29,08-05 11:55"
2026-08-05T12:10:00.000+01:00,MAR1GSOPEN;EURJPY;B1;08-05 11:55;0;
2026-08-05T12:10:00.000+01:00,MAR1GSOPEN;EURJPY;B2;08-05 11:55;0;
2026-08-05T12:10:00.000+01:00,MAR1GSOPEN;EURJPY;D1;08-05 11:55;0;
2026-08-05T12:11:00.000+01:00,"MAR1GSOPEN;EURJPY;A1;08-05 11:28;3;08-05 11:28,08-05 11:29,08-05 11:55"
2026-08-05T12:11:00.000+01:00,"MAR1GSOPEN;EURJPY;A2;08-05 11:28;3;08-05 11:28,08-05 11:29,08-05 11:55"
2026-08-05T12:11:00.000+01:00,MAR1GSOPEN;EURJPY;B1;08-05 11:55;0;
2026-08-05T12:11:00.000+01:00,MAR1GSOPEN;EURJPY;B2;08-05 11:55;0;
2026-08-05T12:11:00.000+01:00,MAR1GSOPEN;EURJPY;D1;08-05 11:55;0;
2026-08-05T12:12:00.000+01:00,"MAR1GSOPEN;EURJPY;A1;08-05 11:28;3;08-05 11:28,08-05 11:29,08-05 11:55"
2026-08-05T12:12:00.000+01:00,"MAR1GSOPEN;EURJPY;A2;08-05 11:28;3;08-05 11:28,08-05 11:29,08-05 11:55"
2026-08-05T12:12:00.000+01:00,MAR1GSOPEN;EURJPY;B1;08-05 11:55;0;
2026-08-05T12:12:00.000+01:00,MAR1GSOPEN;EURJPY;B2;08-05 11:55;0;
2026-08-05T12:12:00.000+01:00,MAR1GSOPEN;EURJPY;D1;08-05 11:55;0;
2026-08-05T12:13:00.000+01:00,"MAR1GSOPEN;EURJPY;A1;08-05 11:28;3;08-05 11:28,08-05 11:29,08-05 11:55"
2026-08-05T12:13:00.000+01:00,"MAR1GSOPEN;EURJPY;A2;08-05 11:28;3;08-05 11:28,08-05 11:29,08-05 11:55"
2026-08-05T12:13:00.000+01:00,MAR1GSOPEN;EURJPY;B1;08-05 11:55;0;
2026-08-05T12:13:00.000+01:00,MAR1GSOPEN;EURJPY;B2;08-05 11:55;0;
2026-08-05T12:13:00.000+01:00,MAR1GSOPEN;EURJPY;D1;08-05 11:55;0;
2026-08-05T12:14:00.000+01:00,"MAR1GSOPEN;EURJPY;A1;08-05 11:28;3;08-05 11:28,08-05 11:29,08-05 11:55"
2026-08-05T12:14:00.000+01:00,"MAR1GSOPEN;EURJPY;A2;08-05 11:28;3;08-05 11:28,08-05 11:29,08-05 11:55"
2026-08-05T12:14:00.000+01:00,MAR1GSOPEN;EURJPY;B1;08-05 11:55;0;
2026-08-05T12:14:00.000+01:00,MAR1GSOPEN;EURJPY;B2;08-05 11:55;0;
2026-08-05T12:14:00.000+01:00,MAR1GSOPEN;EURJPY;D1;08-05 11:55;0;
2026-08-05T12:15:00.000+01:00,"MAR1GSOPEN;EURJPY;A1;08-05 11:28;3;08-05 11:28,08-05 11:29,08-05 11:55"
2026-08-05T12:15:00.000+01:00,"MAR1GSOPEN;EURJPY;A2;08-05 11:28;3;08-05 11:28,08-05 11:29,08-05 11:55"
2026-08-05T12:15:00.000+01:00,MAR1GSOPEN;EURJPY;B1;08-05 11:55;0;
2026-08-05T12:15:00.000+01:00,MAR1GSOPEN;EURJPY;B2;08-05 11:55;0;
2026-08-05T12:15:00.000+01:00,MAR1GSOPEN;EURJPY;D1;08-05 11:55;0;
2026-08-05T12:16:00.000+01:00,"MAR1GSOPEN;EURJPY;A1;08-05 11:28;3;08-05 11:28,08-05 11:29,08-05 11:55"
2026-08-05T12:16:00.000+01:00,"MAR1GSOPEN;EURJPY;A2;08-05 11:28;3;08-05 11:28,08-05 11:29,08-05 11:55"
2026-08-05T12:16:00.000+01:00,MAR1GSOPEN;EURJPY;B1;08-05 11:55;0;
2026-08-05T12:16:00.000+01:00,MAR1GSOPEN;EURJPY;B2;08-05 11:55;0;
2026-08-05T12:16:00.000+01:00,MAR1GSOPEN;EURJPY;D1;08-05 11:55;0;
2026-08-05T12:17:00.000+01:00,"MAR1GSOPEN;EURJPY;A1;08-05 11:28;3;08-05 11:28,08-05 11:29,08-05 11:55"
2026-08-05T12:17:00.000+01:00,"MAR1GSOPEN;EURJPY;A2;08-05 11:28;3;08-05 11:28,08-05 11:29,08-05 11:55"
2026-08-05T12:17:00.000+01:00,MAR1GSOPEN;EURJPY;B1;08-05 11:55;0;
2026-08-05T12:17:00.000+01:00,MAR1GSOPEN;EURJPY;B2;08-05 11:55;0;
2026-08-05T12:17:00.000+01:00,MAR1GSOPEN;EURJPY;D1;08-05 11:55;0;
2026-08-05T12:18:00.000+01:00,"MAR1GSOPEN;EURJPY;A1;08-05 11:28;3;08-05 11:28,08-05 11:29,08-05 11:55"
2026-08-05T12:18:00.000+01:00,"MAR1GSOPEN;EURJPY;A2;08-05 11:28;3;08-05 11:28,08-05 11:29,08-05 11:55"
2026-08-05T12:18:00.000+01:00,MAR1GSOPEN;EURJPY;B1;08-05 11:55;0;
2026-08-05T12:18:00.000+01:00,MAR1GSOPEN;EURJPY;B2;08-05 11:55;0;
2026-08-05T12:18:00.000+01:00,MAR1GSOPEN;EURJPY;D1;08-05 11:55;0;
2026-08-05T12:19:00.000+01:00,"MAR1GSOPEN;EURJPY;A1;08-05 11:28;3;08-05 11:28,08-05 11:29,08-05 11:55"
2026-08-05T12:19:00.000+01:00,"MAR1GSOPEN;EURJPY;A2;08-05 11:28;3;08-05 11:28,08-05 11:29,08-05 11:55"
2026-08-05T12:19:00.000+01:00,MAR1GSOPEN;EURJPY;B1;08-05 11:55;0;
2026-08-05T12:19:00.000+01:00,MAR1GSOPEN;EURJPY;B2;08-05 11:55;0;
2026-08-05T12:19:00.000+01:00,MAR1GSOPEN;EURJPY;D1;08-05 11:55;0;
2026-08-05T12:20:00.000+01:00,"MAR1GSOPEN;EURJPY;A1;08-05 11:28;3;08-05 11:28,08-05 11:29,08-05 11:55"
2026-08-05T12:20:00.000+01:00,"MAR1GSOPEN;EURJPY;A2;08-05 11:28;3;08-05 11:28,08-05 11:29,08-05 11:55"
2026-08-05T12:20:00.000+01:00,MAR1GSOPEN;EURJPY;B1;08-05 11:55;0;
2026-08-05T12:20:00.000+01:00,MAR1GSOPEN;EURJPY;B2;08-05 11:55;0;
2026-08-05T12:20:00.000+01:00,MAR1GSOPEN;EURJPY;D1;08-05 11:55;0;
2026-08-05T12:21:00.000+01:00,"MAR1GSCLOSE;EURJPY;A1;08-05 11:28;08-05 12:22;4;short;08-05 11:28,08-05 11:29,08-05 11:55,08-05 12:21"
2026-08-05T12:21:00.000+01:00,"MAR1GSCLOSE;EURJPY;A2;08-05 11:28;08-05 12:22;4;short;08-05 11:28,08-05 11:29,08-05 11:55,08-05 12:21"
2026-08-05T12:21:00.000+01:00,MAR1GSCLOSE;EURJPY;B1;08-05 12:21;08-05 12:22;1;short;08-05 12:21
2026-08-05T12:21:00.000+01:00,MAR1GSCLOSE;EURJPY;B2;08-05 12:21;08-05 12:22;1;short;08-05 12:21
2026-08-05T12:21:00.000+01:00,MAR1GSCLOSE;EURJPY;D1;08-05 12:21;08-05 12:22;1;short;08-05 12:21
2026-08-05T16:17:00.000+01:00,MAR1GSOPEN;EURJPY;A1;08-05 16:17;0;
2026-08-05T16:17:00.000+01:00,MAR1GSOPEN;EURJPY;A2;08-05 16:17;0;
2026-08-05T16:18:00.000+01:00,MAR1GSOPEN;EURJPY;A1;08-05 16:17;0;
2026-08-05T16:18:00.000+01:00,MAR1GSOPEN;EURJPY;A2;08-05 16:17;0;
2026-08-05T16:19:00.000+01:00,MAR1GSOPEN;EURJPY;A1;08-05 16:17;0;
2026-08-05T16:19:00.000+01:00,MAR1GSOPEN;EURJPY;A2;08-05 16:17;0;
2026-08-05T16:20:00.000+01:00,MAR1GSOPEN;EURJPY;A1;08-05 16:17;0;
2026-08-05T16:20:00.000+01:00,MAR1GSOPEN;EURJPY;A2;08-05 16:17;0;
2026-08-05T16:21:00.000+01:00,MAR1GSOPEN;EURJPY;A1;08-05 16:17;0;
2026-08-05T16:21:00.000+01:00,MAR1GSOPEN;EURJPY;A2;08-05 16:17;0;
2026-08-05T16:22:00.000+01:00,MAR1GSOPEN;EURJPY;A1;08-05 16:17;0;
2026-08-05T16:22:00.000+01:00,MAR1GSOPEN;EURJPY;A2;08-05 16:17;0;
2026-08-05T16:23:00.000+01:00,MAR1GSOPEN;EURJPY;A1;08-05 16:17;0;
2026-08-05T16:23:00.000+01:00,MAR1GSOPEN;EURJPY;A2;08-05 16:17;0;
2026-08-05T16:24:00.000+01:00,MAR1GSOPEN;EURJPY;A1;08-05 16:17;0;
2026-08-05T16:24:00.000+01:00,MAR1GSOPEN;EURJPY;A2;08-05 16:17;0;
2026-08-05T16:25:00.000+01:00,MAR1GSOPEN;EURJPY;A1;08-05 16:17;0;
2026-08-05T16:25:00.000+01:00,MAR1GSOPEN;EURJPY;A2;08-05 16:17;0;
2026-08-05T16:26:00.000+01:00,MAR1GSOPEN;EURJPY;A1;08-05 16:17;0;
2026-08-05T16:26:00.000+01:00,MAR1GSOPEN;EURJPY;A2;08-05 16:17;0;
2026-08-05T16:27:00.000+01:00,MAR1GSOPEN;EURJPY;A1;08-05 16:17;0;
2026-08-05T16:27:00.000+01:00,MAR1GSOPEN;EURJPY;A2;08-05 16:17;0;
2026-08-05T16:28:00.000+01:00,MAR1GSOPEN;EURJPY;A1;08-05 16:17;0;
2026-08-05T16:28:00.000+01:00,MAR1GSOPEN;EURJPY;A2;08-05 16:17;0;
2026-08-05T16:29:00.000+01:00,MAR1GSOPEN;EURJPY;A1;08-05 16:17;0;
2026-08-05T16:29:00.000+01:00,MAR1GSOPEN;EURJPY;A2;08-05 16:17;0;
2026-08-05T16:30:00.000+01:00,MAR1GSOPEN;EURJPY;A1;08-05 16:17;0;
2026-08-05T16:30:00.000+01:00,MAR1GSOPEN;EURJPY;A2;08-05 16:17;0;
2026-08-05T16:31:00.000+01:00,MAR1GSOPEN;EURJPY;A1;08-05 16:17;0;
2026-08-05T16:31:00.000+01:00,MAR1GSOPEN;EURJPY;A2;08-05 16:17;0;
2026-08-05T16:32:00.000+01:00,MAR1GSOPEN;EURJPY;A1;08-05 16:17;0;
2026-08-05T16:32:00.000+01:00,MAR1GSOPEN;EURJPY;A2;08-05 16:17;0;
2026-08-05T16:33:00.000+01:00,MAR1GSOPEN;EURJPY;A1;08-05 16:17;0;
2026-08-05T16:33:00.000+01:00,MAR1GSOPEN;EURJPY;A2;08-05 16:17;0;
2026-08-05T16:34:00.000+01:00,MAR1GSOPEN;EURJPY;A1;08-05 16:17;0;
2026-08-05T16:34:00.000+01:00,MAR1GSOPEN;EURJPY;A2;08-05 16:17;0;
2026-08-05T16:35:00.000+01:00,MAR1GSOPEN;EURJPY;A1;08-05 16:17;0;
2026-08-05T16:35:00.000+01:00,MAR1GSOPEN;EURJPY;A2;08-05 16:17;0;
2026-08-05T16:36:00.000+01:00,MAR1GSOPEN;EURJPY;A1;08-05 16:17;0;
2026-08-05T16:36:00.000+01:00,MAR1GSOPEN;EURJPY;A2;08-05 16:17;0;
2026-08-05T16:37:00.000+01:00,MAR1GSOPEN;EURJPY;A1;08-05 16:17;0;
2026-08-05T16:37:00.000+01:00,MAR1GSOPEN;EURJPY;A2;08-05 16:17;0;
2026-08-05T16:38:00.000+01:00,MAR1GSOPEN;EURJPY;A1;08-05 16:17;0;
2026-08-05T16:38:00.000+01:00,MAR1GSOPEN;EURJPY;A2;08-05 16:17;0;
2026-08-05T16:39:00.000+01:00,MAR1GSOPEN;EURJPY;A1;08-05 16:17;0;
2026-08-05T16:39:00.000+01:00,MAR1GSOPEN;EURJPY;A2;08-05 16:17;0;
2026-08-05T16:40:00.000+01:00,MAR1GSOPEN;EURJPY;A1;08-05 16:17;0;
2026-08-05T16:40:00.000+01:00,MAR1GSOPEN;EURJPY;A2;08-05 16:17;0;
2026-08-05T16:41:00.000+01:00,MAR1GSCLOSE;EURJPY;A1;08-05 16:41;08-05 16:42;1;long;08-05 16:41
2026-08-05T16:41:00.000+01:00,MAR1GSCLOSE;EURJPY;A2;08-05 16:41;08-05 16:42;1;long;08-05 16:41
2026-08-05T17:37:00.000+01:00,MAR1GSOPEN;EURJPY;A1;08-05 17:37;0;
2026-08-05T17:37:00.000+01:00,MAR1GSOPEN;EURJPY;A2;08-05 17:37;0;
2026-08-05T17:38:00.000+01:00,MAR1GSOPEN;EURJPY;A1;08-05 17:37;0;
2026-08-05T17:38:00.000+01:00,MAR1GSOPEN;EURJPY;A2;08-05 17:37;0;
2026-08-05T17:39:00.000+01:00,MAR1GSOPEN;EURJPY;A1;08-05 17:37;0;
2026-08-05T17:39:00.000+01:00,MAR1GSOPEN;EURJPY;A2;08-05 17:37;0;
2026-08-05T17:40:00.000+01:00,MAR1GSOPEN;EURJPY;A1;08-05 17:37;0;
2026-08-05T17:40:00.000+01:00,MAR1GSOPEN;EURJPY;A2;08-05 17:37;0;
2026-08-05T17:41:00.000+01:00,MAR1GSOPEN;EURJPY;A1;08-05 17:37;0;
2026-08-05T17:41:00.000+01:00,MAR1GSOPEN;EURJPY;A2;08-05 17:37;0;
2026-08-05T17:42:00.000+01:00,MAR1GSOPEN;EURJPY;A1;08-05 17:37;0;
2026-08-05T17:42:00.000+01:00,MAR1GSOPEN;EURJPY;A2;08-05 17:37;0;
2026-08-05T17:43:00.000+01:00,MAR1GSOPEN;EURJPY;A1;08-05 17:37;0;
2026-08-05T17:43:00.000+01:00,MAR1GSOPEN;EURJPY;A2;08-05 17:37;0;
2026-08-05T17:44:00.000+01:00,MAR1GSOPEN;EURJPY;A1;08-05 17:37;0;
2026-08-05T17:44:00.000+01:00,MAR1GSOPEN;EURJPY;A2;08-05 17:37;0;
2026-08-05T17:45:00.000+01:00,MAR1GSOPEN;EURJPY;A1;08-05 17:37;0;
2026-08-05T17:45:00.000+01:00,MAR1GSOPEN;EURJPY;A2;08-05 17:37;0;
2026-08-05T17:46:00.000+01:00,MAR1GSOPEN;EURJPY;A1;08-05 17:37;0;
2026-08-05T17:46:00.000+01:00,MAR1GSOPEN;EURJPY;A2;08-05 17:37;0;
2026-08-05T17:47:00.000+01:00,MAR1GSOPEN;EURJPY;A1;08-05 17:37;0;
2026-08-05T17:47:00.000+01:00,MAR1GSOPEN;EURJPY;A2;08-05 17:37;0;
2026-08-05T17:48:00.000+01:00,MAR1GSOPEN;EURJPY;A1;08-05 17:37;0;
2026-08-05T17:48:00.000+01:00,MAR1GSOPEN;EURJPY;A2;08-05 17:37;0;
2026-08-05T17:49:00.000+01:00,MAR1GSOPEN;EURJPY;A1;08-05 17:37;0;
2026-08-05T17:49:00.000+01:00,MAR1GSOPEN;EURJPY;A2;08-05 17:37;0;
2026-08-05T17:50:00.000+01:00,MAR1GSOPEN;EURJPY;A1;08-05 17:37;0;
2026-08-05T17:50:00.000+01:00,MAR1GSOPEN;EURJPY;A2;08-05 17:37;0;
2026-08-05T17:51:00.000+01:00,MAR1GSOPEN;EURJPY;A1;08-05 17:37;0;
2026-08-05T17:51:00.000+01:00,MAR1GSOPEN;EURJPY;A2;08-05 17:37;0;
2026-08-05T17:52:00.000+01:00,MAR1GSOPEN;EURJPY;A1;08-05 17:37;0;
2026-08-05T17:52:00.000+01:00,MAR1GSOPEN;EURJPY;A2;08-05 17:37;0;
2026-08-05T17:53:00.000+01:00,MAR1GSOPEN;EURJPY;A1;08-05 17:37;0;
2026-08-05T17:53:00.000+01:00,MAR1GSOPEN;EURJPY;A2;08-05 17:37;0;
2026-08-05T17:54:00.000+01:00,MAR1GSOPEN;EURJPY;A1;08-05 17:37;0;
2026-08-05T17:54:00.000+01:00,MAR1GSOPEN;EURJPY;A2;08-05 17:37;0;
2026-08-05T17:55:00.000+01:00,MAR1GSOPEN;EURJPY;A1;08-05 17:37;0;
2026-08-05T17:55:00.000+01:00,MAR1GSOPEN;EURJPY;A2;08-05 17:37;0;
2026-08-05T17:56:00.000+01:00,MAR1GSOPEN;EURJPY;A1;08-05 17:37;0;
2026-08-05T17:56:00.000+01:00,MAR1GSOPEN;EURJPY;A2;08-05 17:37;0;
2026-08-05T17:57:00.000+01:00,MAR1GSCLOSE;EURJPY;A1;08-05 17:57;08-05 17:58;1;long;08-05 17:57
2026-08-05T17:57:00.000+01:00,MAR1GSCLOSE;EURJPY;A2;08-05 17:57;08-05 17:58;1;long;08-05 17:57
2026-08-06T10:34:00.000+01:00,MAR1GSOPEN;EURJPY;B1;08-06 10:34;0;
2026-08-06T10:34:00.000+01:00,MAR1GSOPEN;EURJPY;B2;08-06 10:34;0;
2026-08-06T10:35:00.000+01:00,MAR1GSOPEN;EURJPY;B1;08-06 10:34;0;
2026-08-06T10:35:00.000+01:00,MAR1GSOPEN;EURJPY;B2;08-06 10:34;0;
2026-08-06T10:36:00.000+01:00,MAR1GSOPEN;EURJPY;B1;08-06 10:34;0;
2026-08-06T10:36:00.000+01:00,MAR1GSOPEN;EURJPY;B2;08-06 10:34;0;
2026-08-06T10:37:00.000+01:00,MAR1GSOPEN;EURJPY;B1;08-06 10:34;0;
2026-08-06T10:37:00.000+01:00,MAR1GSOPEN;EURJPY;B2;08-06 10:34;0;
2026-08-06T10:38:00.000+01:00,MAR1GSOPEN;EURJPY;B1;08-06 10:34;0;
2026-08-06T10:38:00.000+01:00,MAR1GSOPEN;EURJPY;B2;08-06 10:34;0;
2026-08-06T10:39:00.000+01:00,MAR1GSOPEN;EURJPY;B1;08-06 10:34;0;
2026-08-06T10:39:00.000+01:00,MAR1GSOPEN;EURJPY;B2;08-06 10:34;0;
2026-08-06T10:40:00.000+01:00,MAR1GSOPEN;EURJPY;B1;08-06 10:34;0;
2026-08-06T10:40:00.000+01:00,MAR1GSOPEN;EURJPY;B2;08-06 10:34;0;
2026-08-06T10:41:00.000+01:00,MAR1GSOPEN;EURJPY;B1;08-06 10:34;0;
2026-08-06T10:41:00.000+01:00,MAR1GSOPEN;EURJPY;B2;08-06 10:34;0;
2026-08-06T10:42:00.000+01:00,MAR1GSOPEN;EURJPY;B1;08-06 10:34;0;
2026-08-06T10:42:00.000+01:00,MAR1GSOPEN;EURJPY;B2;08-06 10:34;0;
2026-08-06T10:43:00.000+01:00,MAR1GSOPEN;EURJPY;B1;08-06 10:34;0;
2026-08-06T10:43:00.000+01:00,MAR1GSOPEN;EURJPY;B2;08-06 10:34;0;
2026-08-06T10:44:00.000+01:00,MAR1GSOPEN;EURJPY;B1;08-06 10:34;0;
2026-08-06T10:44:00.000+01:00,MAR1GSOPEN;EURJPY;B2;08-06 10:34;0;
2026-08-06T10:45:00.000+01:00,MAR1GSOPEN;EURJPY;B1;08-06 10:34;0;
2026-08-06T10:45:00.000+01:00,MAR1GSOPEN;EURJPY;B2;08-06 10:34;0;
2026-08-06T10:46:00.000+01:00,MAR1GSOPEN;EURJPY;A1;08-06 10:46;0;
2026-08-06T10:46:00.000+01:00,MAR1GSOPEN;EURJPY;A2;08-06 10:46;0;
2026-08-06T10:46:00.000+01:00,MAR1GSOPEN;EURJPY;B1;08-06 10:46;1;08-06 10:46
2026-08-06T10:46:00.000+01:00,MAR1GSOPEN;EURJPY;B2;08-06 10:46;1;08-06 10:46
2026-08-06T10:46:00.000+01:00,MAR1GSOPEN;EURJPY;C1;08-06 10:46;0;
2026-08-06T10:46:00.000+01:00,MAR1GSOPEN;EURJPY;C2;08-06 10:46;0;
2026-08-06T10:47:00.000+01:00,MAR1GSOPEN;EURJPY;A1;08-06 10:46;0;
2026-08-06T10:47:00.000+01:00,MAR1GSOPEN;EURJPY;A2;08-06 10:46;0;
2026-08-06T10:47:00.000+01:00,MAR1GSOPEN;EURJPY;B1;08-06 10:46;1;08-06 10:46
2026-08-06T10:47:00.000+01:00,MAR1GSOPEN;EURJPY;B2;08-06 10:46;1;08-06 10:46
2026-08-06T10:47:00.000+01:00,MAR1GSOPEN;EURJPY;C1;08-06 10:46;0;
2026-08-06T10:47:00.000+01:00,MAR1GSOPEN;EURJPY;C2;08-06 10:46;0;
2026-08-06T10:48:00.000+01:00,MAR1GSOPEN;EURJPY;A1;08-06 10:46;0;
2026-08-06T10:48:00.000+01:00,MAR1GSOPEN;EURJPY;A2;08-06 10:46;0;
2026-08-06T10:48:00.000+01:00,MAR1GSOPEN;EURJPY;B1;08-06 10:46;1;08-06 10:46
2026-08-06T10:48:00.000+01:00,MAR1GSOPEN;EURJPY;B2;08-06 10:46;1;08-06 10:46
2026-08-06T10:48:00.000+01:00,MAR1GSOPEN;EURJPY;C1;08-06 10:46;0;
2026-08-06T10:48:00.000+01:00,MAR1GSOPEN;EURJPY;C2;08-06 10:46;0;
2026-08-06T10:49:00.000+01:00,MAR1GSOPEN;EURJPY;A1;08-06 10:46;0;
2026-08-06T10:49:00.000+01:00,MAR1GSOPEN;EURJPY;A2;08-06 10:46;0;
2026-08-06T10:49:00.000+01:00,MAR1GSOPEN;EURJPY;B1;08-06 10:46;1;08-06 10:46
2026-08-06T10:49:00.000+01:00,MAR1GSOPEN;EURJPY;B2;08-06 10:46;1;08-06 10:46
2026-08-06T10:49:00.000+01:00,MAR1GSOPEN;EURJPY;C1;08-06 10:46;0;
2026-08-06T10:49:00.000+01:00,MAR1GSOPEN;EURJPY;C2;08-06 10:46;0;
2026-08-06T10:50:00.000+01:00,MAR1GSOPEN;EURJPY;A1;08-06 10:46;0;
2026-08-06T10:50:00.000+01:00,MAR1GSOPEN;EURJPY;A2;08-06 10:46;0;
2026-08-06T10:50:00.000+01:00,MAR1GSOPEN;EURJPY;B1;08-06 10:46;1;08-06 10:46
2026-08-06T10:50:00.000+01:00,MAR1GSOPEN;EURJPY;B2;08-06 10:46;1;08-06 10:46
2026-08-06T10:50:00.000+01:00,MAR1GSOPEN;EURJPY;C1;08-06 10:46;0;
2026-08-06T10:50:00.000+01:00,MAR1GSOPEN;EURJPY;C2;08-06 10:46;0;
2026-08-06T10:51:00.000+01:00,MAR1GSOPEN;EURJPY;A1;08-06 10:46;0;
2026-08-06T10:51:00.000+01:00,MAR1GSOPEN;EURJPY;A2;08-06 10:46;0;
2026-08-06T10:51:00.000+01:00,MAR1GSOPEN;EURJPY;B1;08-06 10:46;1;08-06 10:46
2026-08-06T10:51:00.000+01:00,MAR1GSOPEN;EURJPY;B2;08-06 10:46;1;08-06 10:46
2026-08-06T10:51:00.000+01:00,MAR1GSOPEN;EURJPY;C1;08-06 10:46;0;
2026-08-06T10:51:00.000+01:00,MAR1GSOPEN;EURJPY;C2;08-06 10:46;0;
2026-08-06T10:52:00.000+01:00,MAR1GSOPEN;EURJPY;A1;08-06 10:46;0;
2026-08-06T10:52:00.000+01:00,MAR1GSOPEN;EURJPY;A2;08-06 10:46;0;
2026-08-06T10:52:00.000+01:00,MAR1GSOPEN;EURJPY;B1;08-06 10:46;1;08-06 10:46
2026-08-06T10:52:00.000+01:00,MAR1GSOPEN;EURJPY;B2;08-06 10:46;1;08-06 10:46
2026-08-06T10:52:00.000+01:00,MAR1GSOPEN;EURJPY;C1;08-06 10:46;0;
2026-08-06T10:52:00.000+01:00,MAR1GSOPEN;EURJPY;C2;08-06 10:46;0;
2026-08-06T10:53:00.000+01:00,MAR1GSOPEN;EURJPY;A1;08-06 10:53;1;08-06 10:53
2026-08-06T10:53:00.000+01:00,MAR1GSOPEN;EURJPY;A2;08-06 10:53;1;08-06 10:53
2026-08-06T10:53:00.000+01:00,MAR1GSOPEN;EURJPY;B1;08-06 10:46;1;08-06 10:46
2026-08-06T10:53:00.000+01:00,MAR1GSOPEN;EURJPY;B2;08-06 10:46;1;08-06 10:46
2026-08-06T10:53:00.000+01:00,MAR1GSOPEN;EURJPY;C1;08-06 10:46;0;
2026-08-06T10:53:00.000+01:00,MAR1GSOPEN;EURJPY;C2;08-06 10:46;0;
2026-08-06T10:54:00.000+01:00,"MAR1GSCLOSE;EURJPY;A1;08-06 10:53;08-06 10:55;2;short;08-06 10:53,08-06 10:54"
2026-08-06T10:54:00.000+01:00,"MAR1GSCLOSE;EURJPY;A2;08-06 10:53;08-06 10:55;2;short;08-06 10:53,08-06 10:54"
2026-08-06T10:54:00.000+01:00,MAR1GSOPEN;EURJPY;B1;08-06 10:46;1;08-06 10:46
2026-08-06T10:54:00.000+01:00,MAR1GSOPEN;EURJPY;B2;08-06 10:46;1;08-06 10:46
2026-08-06T10:54:00.000+01:00,MAR1GSOPEN;EURJPY;C1;08-06 10:46;0;
2026-08-06T10:54:00.000+01:00,MAR1GSOPEN;EURJPY;C2;08-06 10:46;0;
2026-08-06T10:55:00.000+01:00,MAR1GSOPEN;EURJPY;B1;08-06 10:46;1;08-06 10:46
2026-08-06T10:55:00.000+01:00,MAR1GSOPEN;EURJPY;B2;08-06 10:46;1;08-06 10:46
2026-08-06T10:55:00.000+01:00,MAR1GSOPEN;EURJPY;C1;08-06 10:46;0;
2026-08-06T10:55:00.000+01:00,MAR1GSOPEN;EURJPY;C2;08-06 10:46;0;
2026-08-06T10:56:00.000+01:00,MAR1GSOPEN;EURJPY;B1;08-06 10:46;1;08-06 10:46
2026-08-06T10:56:00.000+01:00,MAR1GSOPEN;EURJPY;B2;08-06 10:46;1;08-06 10:46
2026-08-06T10:56:00.000+01:00,MAR1GSOPEN;EURJPY;C1;08-06 10:46;0;
2026-08-06T10:56:00.000+01:00,MAR1GSOPEN;EURJPY;C2;08-06 10:46;0;
2026-08-06T10:57:00.000+01:00,MAR1GSOPEN;EURJPY;B1;08-06 10:46;1;08-06 10:46
2026-08-06T10:57:00.000+01:00,MAR1GSOPEN;EURJPY;B2;08-06 10:46;1;08-06 10:46
2026-08-06T10:57:00.000+01:00,MAR1GSOPEN;EURJPY;C1;08-06 10:46;0;
2026-08-06T10:57:00.000+01:00,MAR1GSOPEN;EURJPY;C2;08-06 10:46;0;
2026-08-06T10:58:00.000+01:00,MAR1GSOPEN;EURJPY;B1;08-06 10:46;1;08-06 10:46
2026-08-06T10:58:00.000+01:00,MAR1GSOPEN;EURJPY;B2;08-06 10:46;1;08-06 10:46
2026-08-06T10:58:00.000+01:00,MAR1GSOPEN;EURJPY;C1;08-06 10:46;0;
2026-08-06T10:58:00.000+01:00,MAR1GSOPEN;EURJPY;C2;08-06 10:46;0;
2026-08-06T10:59:00.000+01:00,MAR1GSOPEN;EURJPY;B1;08-06 10:46;1;08-06 10:46
2026-08-06T10:59:00.000+01:00,MAR1GSOPEN;EURJPY;B2;08-06 10:46;1;08-06 10:46
2026-08-06T10:59:00.000+01:00,MAR1GSOPEN;EURJPY;C1;08-06 10:46;0;
2026-08-06T10:59:00.000+01:00,MAR1GSOPEN;EURJPY;C2;08-06 10:46;0;
2026-08-06T11:00:00.000+01:00,MAR1GSOPEN;EURJPY;B1;08-06 10:46;1;08-06 10:46
2026-08-06T11:00:00.000+01:00,MAR1GSOPEN;EURJPY;B2;08-06 10:46;1;08-06 10:46
2026-08-06T11:00:00.000+01:00,MAR1GSOPEN;EURJPY;C1;08-06 10:46;0;
2026-08-06T11:00:00.000+01:00,MAR1GSOPEN;EURJPY;C2;08-06 10:46;0;
2026-08-06T11:01:00.000+01:00,MAR1GSOPEN;EURJPY;B1;08-06 10:46;1;08-06 10:46
2026-08-06T11:01:00.000+01:00,MAR1GSOPEN;EURJPY;B2;08-06 10:46;1;08-06 10:46
2026-08-06T11:01:00.000+01:00,MAR1GSOPEN;EURJPY;C1;08-06 10:46;0;
2026-08-06T11:01:00.000+01:00,MAR1GSOPEN;EURJPY;C2;08-06 10:46;0;
2026-08-06T11:02:00.000+01:00,MAR1GSOPEN;EURJPY;B1;08-06 10:46;1;08-06 10:46
2026-08-06T11:02:00.000+01:00,MAR1GSOPEN;EURJPY;B2;08-06 10:46;1;08-06 10:46
2026-08-06T11:02:00.000+01:00,MAR1GSOPEN;EURJPY;C1;08-06 10:46;0;
2026-08-06T11:02:00.000+01:00,MAR1GSOPEN;EURJPY;C2;08-06 10:46;0;
2026-08-06T11:03:00.000+01:00,MAR1GSOPEN;EURJPY;B1;08-06 10:46;1;08-06 10:46
2026-08-06T11:03:00.000+01:00,MAR1GSOPEN;EURJPY;B2;08-06 10:46;1;08-06 10:46
2026-08-06T11:03:00.000+01:00,MAR1GSOPEN;EURJPY;C1;08-06 10:46;0;
2026-08-06T11:03:00.000+01:00,MAR1GSOPEN;EURJPY;C2;08-06 10:46;0;
2026-08-06T11:04:00.000+01:00,MAR1GSOPEN;EURJPY;B1;08-06 10:46;1;08-06 10:46
2026-08-06T11:04:00.000+01:00,MAR1GSOPEN;EURJPY;B2;08-06 10:46;1;08-06 10:46
2026-08-06T11:04:00.000+01:00,MAR1GSOPEN;EURJPY;C1;08-06 10:46;0;
2026-08-06T11:04:00.000+01:00,MAR1GSOPEN;EURJPY;C2;08-06 10:46;0;
2026-08-06T11:05:00.000+01:00,MAR1GSOPEN;EURJPY;B1;08-06 10:46;1;08-06 10:46
2026-08-06T11:05:00.000+01:00,MAR1GSOPEN;EURJPY;B2;08-06 10:46;1;08-06 10:46
2026-08-06T11:05:00.000+01:00,MAR1GSOPEN;EURJPY;C1;08-06 10:46;0;
2026-08-06T11:05:00.000+01:00,MAR1GSOPEN;EURJPY;C2;08-06 10:46;0;
2026-08-06T11:06:00.000+01:00,MAR1GSOPEN;EURJPY;B1;08-06 10:46;1;08-06 10:46
2026-08-06T11:06:00.000+01:00,MAR1GSOPEN;EURJPY;B2;08-06 10:46;1;08-06 10:46
2026-08-06T11:06:00.000+01:00,MAR1GSOPEN;EURJPY;C1;08-06 10:46;0;
2026-08-06T11:06:00.000+01:00,MAR1GSOPEN;EURJPY;C2;08-06 10:46;0;
2026-08-06T11:07:00.000+01:00,MAR1GSOPEN;EURJPY;B1;08-06 10:46;1;08-06 10:46
2026-08-06T11:07:00.000+01:00,MAR1GSOPEN;EURJPY;B2;08-06 10:46;1;08-06 10:46
2026-08-06T11:07:00.000+01:00,MAR1GSOPEN;EURJPY;C1;08-06 10:46;0;
2026-08-06T11:07:00.000+01:00,MAR1GSOPEN;EURJPY;C2;08-06 10:46;0;
2026-08-06T11:08:00.000+01:00,MAR1GSOPEN;EURJPY;B1;08-06 10:46;1;08-06 10:46
2026-08-06T11:08:00.000+01:00,MAR1GSOPEN;EURJPY;B2;08-06 10:46;1;08-06 10:46
2026-08-06T11:08:00.000+01:00,MAR1GSOPEN;EURJPY;C1;08-06 10:46;0;
2026-08-06T11:08:00.000+01:00,MAR1GSOPEN;EURJPY;C2;08-06 10:46;0;
2026-08-06T11:09:00.000+01:00,MAR1GSOPEN;EURJPY;B1;08-06 10:46;1;08-06 10:46
2026-08-06T11:09:00.000+01:00,MAR1GSOPEN;EURJPY;B2;08-06 10:46;1;08-06 10:46
2026-08-06T11:09:00.000+01:00,MAR1GSOPEN;EURJPY;C1;08-06 10:46;0;
2026-08-06T11:09:00.000+01:00,MAR1GSOPEN;EURJPY;C2;08-06 10:46;0;
2026-08-06T11:10:00.000+01:00,MAR1GSOPEN;EURJPY;B1;08-06 10:46;1;08-06 10:46
2026-08-06T11:10:00.000+01:00,MAR1GSOPEN;EURJPY;B2;08-06 10:46;1;08-06 10:46
2026-08-06T11:10:00.000+01:00,MAR1GSOPEN;EURJPY;C1;08-06 10:46;0;
2026-08-06T11:10:00.000+01:00,MAR1GSOPEN;EURJPY;C2;08-06 10:46;0;
2026-08-06T11:11:00.000+01:00,MAR1GSOPEN;EURJPY;B1;08-06 10:46;1;08-06 10:46
2026-08-06T11:11:00.000+01:00,MAR1GSOPEN;EURJPY;B2;08-06 10:46;1;08-06 10:46
2026-08-06T11:11:00.000+01:00,MAR1GSOPEN;EURJPY;C1;08-06 10:46;0;
2026-08-06T11:11:00.000+01:00,MAR1GSOPEN;EURJPY;C2;08-06 10:46;0;
2026-08-06T11:12:00.000+01:00,MAR1GSOPEN;EURJPY;B1;08-06 10:46;1;08-06 10:46
2026-08-06T11:12:00.000+01:00,MAR1GSOPEN;EURJPY;B2;08-06 10:46;1;08-06 10:46
2026-08-06T11:12:00.000+01:00,MAR1GSOPEN;EURJPY;C1;08-06 10:46;0;
2026-08-06T11:12:00.000+01:00,MAR1GSOPEN;EURJPY;C2;08-06 10:46;0;
2026-08-06T11:13:00.000+01:00,MAR1GSOPEN;EURJPY;B1;08-06 10:46;1;08-06 10:46
2026-08-06T11:13:00.000+01:00,MAR1GSOPEN;EURJPY;B2;08-06 10:46;1;08-06 10:46
2026-08-06T11:13:00.000+01:00,MAR1GSOPEN;EURJPY;C1;08-06 10:46;0;
2026-08-06T11:13:00.000+01:00,MAR1GSOPEN;EURJPY;C2;08-06 10:46;0;
2026-08-06T11:14:00.000+01:00,MAR1GSOPEN;EURJPY;B1;08-06 10:46;1;08-06 10:46
2026-08-06T11:14:00.000+01:00,MAR1GSOPEN;EURJPY;B2;08-06 10:46;1;08-06 10:46
2026-08-06T11:14:00.000+01:00,MAR1GSOPEN;EURJPY;C1;08-06 10:46;0;
2026-08-06T11:14:00.000+01:00,MAR1GSOPEN;EURJPY;C2;08-06 10:46;0;
2026-08-06T11:15:00.000+01:00,MAR1GSOPEN;EURJPY;B1;08-06 10:46;1;08-06 10:46
2026-08-06T11:15:00.000+01:00,MAR1GSOPEN;EURJPY;B2;08-06 10:46;1;08-06 10:46
2026-08-06T11:15:00.000+01:00,MAR1GSOPEN;EURJPY;C1;08-06 10:46;0;
2026-08-06T11:15:00.000+01:00,MAR1GSOPEN;EURJPY;C2;08-06 10:46;0;
2026-08-06T11:16:00.000+01:00,MAR1GSOPEN;EURJPY;B1;08-06 10:46;1;08-06 10:46
2026-08-06T11:16:00.000+01:00,MAR1GSOPEN;EURJPY;B2;08-06 10:46;1;08-06 10:46
2026-08-06T11:16:00.000+01:00,MAR1GSOPEN;EURJPY;C1;08-06 10:46;0;
2026-08-06T11:16:00.000+01:00,MAR1GSOPEN;EURJPY;C2;08-06 10:46;0;
2026-08-06T11:17:00.000+01:00,MAR1GSOPEN;EURJPY;B1;08-06 10:46;1;08-06 10:46
2026-08-06T11:17:00.000+01:00,MAR1GSOPEN;EURJPY;B2;08-06 10:46;1;08-06 10:46
2026-08-06T11:17:00.000+01:00,MAR1GSOPEN;EURJPY;C1;08-06 10:46;0;
2026-08-06T11:17:00.000+01:00,MAR1GSOPEN;EURJPY;C2;08-06 10:46;0;
2026-08-06T11:18:00.000+01:00,MAR1GSOPEN;EURJPY;B1;08-06 10:46;1;08-06 10:46
2026-08-06T11:18:00.000+01:00,MAR1GSOPEN;EURJPY;B2;08-06 10:46;1;08-06 10:46
2026-08-06T11:18:00.000+01:00,MAR1GSOPEN;EURJPY;C1;08-06 10:46;0;
2026-08-06T11:18:00.000+01:00,MAR1GSOPEN;EURJPY;C2;08-06 10:46;0;
2026-08-06T11:19:00.000+01:00,MAR1GSOPEN;EURJPY;B1;08-06 10:46;1;08-06 10:46
2026-08-06T11:19:00.000+01:00,MAR1GSOPEN;EURJPY;B2;08-06 10:46;1;08-06 10:46
2026-08-06T11:19:00.000+01:00,MAR1GSOPEN;EURJPY;C1;08-06 10:46;0;
2026-08-06T11:19:00.000+01:00,MAR1GSOPEN;EURJPY;C2;08-06 10:46;0;
2026-08-06T11:20:00.000+01:00,MAR1GSOPEN;EURJPY;B1;08-06 10:46;1;08-06 10:46
2026-08-06T11:20:00.000+01:00,MAR1GSOPEN;EURJPY;B2;08-06 10:46;1;08-06 10:46
2026-08-06T11:20:00.000+01:00,MAR1GSOPEN;EURJPY;C1;08-06 10:46;0;
2026-08-06T11:20:00.000+01:00,MAR1GSOPEN;EURJPY;C2;08-06 10:46;0;
2026-08-06T11:21:00.000+01:00,MAR1GSOPEN;EURJPY;B1;08-06 10:46;1;08-06 10:46
2026-08-06T11:21:00.000+01:00,MAR1GSOPEN;EURJPY;B2;08-06 10:46;1;08-06 10:46
2026-08-06T11:21:00.000+01:00,MAR1GSOPEN;EURJPY;C1;08-06 10:46;0;
2026-08-06T11:21:00.000+01:00,MAR1GSOPEN;EURJPY;C2;08-06 10:46;0;
2026-08-06T11:22:00.000+01:00,MAR1GSOPEN;EURJPY;B1;08-06 10:46;1;08-06 10:46
2026-08-06T11:22:00.000+01:00,MAR1GSOPEN;EURJPY;B2;08-06 10:46;1;08-06 10:46
2026-08-06T11:22:00.000+01:00,MAR1GSOPEN;EURJPY;C1;08-06 10:46;0;
2026-08-06T11:22:00.000+01:00,MAR1GSOPEN;EURJPY;C2;08-06 10:46;0;
2026-08-06T11:23:00.000+01:00,MAR1GSOPEN;EURJPY;B1;08-06 10:46;1;08-06 10:46
2026-08-06T11:23:00.000+01:00,MAR1GSOPEN;EURJPY;B2;08-06 10:46;1;08-06 10:46
2026-08-06T11:23:00.000+01:00,MAR1GSOPEN;EURJPY;C1;08-06 10:46;0;
2026-08-06T11:23:00.000+01:00,MAR1GSOPEN;EURJPY;C2;08-06 10:46;0;
2026-08-06T11:24:00.000+01:00,MAR1GSOPEN;EURJPY;B1;08-06 10:46;1;08-06 10:46
2026-08-06T11:24:00.000+01:00,MAR1GSOPEN;EURJPY;B2;08-06 10:46;1;08-06 10:46
2026-08-06T11:24:00.000+01:00,MAR1GSOPEN;EURJPY;C1;08-06 10:46;0;
2026-08-06T11:24:00.000+01:00,MAR1GSOPEN;EURJPY;C2;08-06 10:46;0;
2026-08-06T11:25:00.000+01:00,MAR1GSOPEN;EURJPY;B1;08-06 10:46;1;08-06 10:46
2026-08-06T11:25:00.000+01:00,MAR1GSOPEN;EURJPY;B2;08-06 10:46;1;08-06 10:46
2026-08-06T11:25:00.000+01:00,MAR1GSOPEN;EURJPY;C1;08-06 10:46;0;
2026-08-06T11:25:00.000+01:00,MAR1GSOPEN;EURJPY;C2;08-06 10:46;0;
2026-08-06T11:26:00.000+01:00,"MAR1GSCLOSE;EURJPY;B1;08-06 10:46;08-06 11:27;2;long;08-06 10:46,08-06 11:26"
2026-08-06T11:26:00.000+01:00,"MAR1GSCLOSE;EURJPY;B2;08-06 10:46;08-06 11:27;2;long;08-06 10:46,08-06 11:26"
2026-08-06T11:26:00.000+01:00,MAR1GSCLOSE;EURJPY;C1;08-06 11:26;08-06 11:27;1;long;08-06 11:26
2026-08-06T11:26:00.000+01:00,MAR1GSCLOSE;EURJPY;C2;08-06 11:26;08-06 11:27;1;long;08-06 11:26
2026-08-06T13:56:00.000+01:00,MAR1GSOPEN;EURJPY;A1;08-06 13:56;0;
2026-08-06T13:56:00.000+01:00,MAR1GSOPEN;EURJPY;A2;08-06 13:56;0;
2026-08-06T13:57:00.000+01:00,MAR1GSOPEN;EURJPY;A1;08-06 13:56;0;
2026-08-06T13:57:00.000+01:00,MAR1GSOPEN;EURJPY;A2;08-06 13:56;0;
2026-08-06T13:58:00.000+01:00,MAR1GSOPEN;EURJPY;A1;08-06 13:56;0;
2026-08-06T13:58:00.000+01:00,MAR1GSOPEN;EURJPY;A2;08-06 13:56;0;
2026-08-06T13:59:00.000+01:00,MAR1GSOPEN;EURJPY;A1;08-06 13:56;0;
2026-08-06T13:59:00.000+01:00,MAR1GSOPEN;EURJPY;A2;08-06 13:56;0;
2026-08-06T14:00:00.000+01:00,MAR1GSOPEN;EURJPY;A1;08-06 13:56;0;
2026-08-06T14:00:00.000+01:00,MAR1GSOPEN;EURJPY;A2;08-06 13:56;0;
2026-08-06T14:01:00.000+01:00,MAR1GSOPEN;EURJPY;A1;08-06 13:56;0;
2026-08-06T14:01:00.000+01:00,MAR1GSOPEN;EURJPY;A2;08-06 13:56;0;
2026-08-06T14:02:00.000+01:00,MAR1GSOPEN;EURJPY;A1;08-06 13:56;0;
2026-08-06T14:02:00.000+01:00,MAR1GSOPEN;EURJPY;A2;08-06 13:56;0;
2026-08-06T14:03:00.000+01:00,MAR1GSOPEN;EURJPY;A1;08-06 13:56;0;
2026-08-06T14:03:00.000+01:00,MAR1GSOPEN;EURJPY;A2;08-06 13:56;0;
2026-08-06T14:04:00.000+01:00,MAR1GSOPEN;EURJPY;A1;08-06 13:56;0;
2026-08-06T14:04:00.000+01:00,MAR1GSOPEN;EURJPY;A2;08-06 13:56;0;
2026-08-06T14:05:00.000+01:00,MAR1GSOPEN;EURJPY;A1;08-06 13:56;0;
2026-08-06T14:05:00.000+01:00,MAR1GSOPEN;EURJPY;A2;08-06 13:56;0;
2026-08-06T14:06:00.000+01:00,MAR1GSOPEN;EURJPY;A1;08-06 13:56;0;
2026-08-06T14:06:00.000+01:00,MAR1GSOPEN;EURJPY;A2;08-06 13:56;0;
2026-08-06T14:07:00.000+01:00,MAR1GSOPEN;EURJPY;A1;08-06 13:56;0;
2026-08-06T14:07:00.000+01:00,MAR1GSOPEN;EURJPY;A2;08-06 13:56;0;
2026-08-06T14:08:00.000+01:00,MAR1GSOPEN;EURJPY;A1;08-06 13:56;0;
2026-08-06T14:08:00.000+01:00,MAR1GSOPEN;EURJPY;A2;08-06 13:56;0;
2026-08-06T14:09:00.000+01:00,MAR1GSOPEN;EURJPY;A1;08-06 13:56;0;
2026-08-06T14:09:00.000+01:00,MAR1GSOPEN;EURJPY;A2;08-06 13:56;0;
2026-08-06T14:10:00.000+01:00,MAR1GSOPEN;EURJPY;A1;08-06 13:56;0;
2026-08-06T14:10:00.000+01:00,MAR1GSOPEN;EURJPY;A2;08-06 13:56;0;
2026-08-06T14:11:00.000+01:00,MAR1GSOPEN;EURJPY;A1;08-06 13:56;0;
2026-08-06T14:11:00.000+01:00,MAR1GSOPEN;EURJPY;A2;08-06 13:56;0;
2026-08-06T14:12:00.000+01:00,MAR1GSOPEN;EURJPY;A1;08-06 13:56;0;
2026-08-06T14:12:00.000+01:00,MAR1GSOPEN;EURJPY;A2;08-06 13:56;0;
2026-08-06T14:13:00.000+01:00,MAR1GSOPEN;EURJPY;A1;08-06 13:56;0;
2026-08-06T14:13:00.000+01:00,MAR1GSOPEN;EURJPY;A2;08-06 13:56;0;
2026-08-06T14:14:00.000+01:00,MAR1GSOPEN;EURJPY;A1;08-06 13:56;0;
2026-08-06T14:14:00.000+01:00,MAR1GSOPEN;EURJPY;A2;08-06 13:56;0;
2026-08-06T14:15:00.000+01:00,MAR1GSOPEN;EURJPY;A1;08-06 13:56;0;
2026-08-06T14:15:00.000+01:00,MAR1GSOPEN;EURJPY;A2;08-06 13:56;0;
2026-08-06T14:16:00.000+01:00,MAR1GSOPEN;EURJPY;A1;08-06 13:56;0;
2026-08-06T14:16:00.000+01:00,MAR1GSOPEN;EURJPY;A2;08-06 13:56;0;
2026-08-06T14:17:00.000+01:00,MAR1GSOPEN;EURJPY;A1;08-06 13:56;0;
2026-08-06T14:17:00.000+01:00,MAR1GSOPEN;EURJPY;A2;08-06 13:56;0;
2026-08-06T14:18:00.000+01:00,MAR1GSOPEN;EURJPY;A1;08-06 13:56;0;
2026-08-06T14:18:00.000+01:00,MAR1GSOPEN;EURJPY;A2;08-06 13:56;0;
2026-08-06T14:19:00.000+01:00,MAR1GSOPEN;EURJPY;A1;08-06 13:56;0;
2026-08-06T14:19:00.000+01:00,MAR1GSOPEN;EURJPY;A2;08-06 13:56;0;
2026-08-06T14:20:00.000+01:00,MAR1GSOPEN;EURJPY;A1;08-06 13:56;0;
2026-08-06T14:20:00.000+01:00,MAR1GSOPEN;EURJPY;A2;08-06 13:56;0;
2026-08-06T14:21:00.000+01:00,MAR1GSOPEN;EURJPY;A1;08-06 13:56;0;
2026-08-06T14:21:00.000+01:00,MAR1GSOPEN;EURJPY;A2;08-06 13:56;0;
2026-08-06T14:22:00.000+01:00,MAR1GSOPEN;EURJPY;A1;08-06 13:56;0;
2026-08-06T14:22:00.000+01:00,MAR1GSOPEN;EURJPY;A2;08-06 13:56;0;
2026-08-06T14:23:00.000+01:00,MAR1GSOPEN;EURJPY;A1;08-06 13:56;0;
2026-08-06T14:23:00.000+01:00,MAR1GSOPEN;EURJPY;A2;08-06 13:56;0;
2026-08-06T14:24:00.000+01:00,MAR1GSOPEN;EURJPY;A1;08-06 13:56;0;
2026-08-06T14:24:00.000+01:00,MAR1GSOPEN;EURJPY;A2;08-06 13:56;0;
2026-08-06T14:25:00.000+01:00,MAR1GSOPEN;EURJPY;A1;08-06 13:56;0;
2026-08-06T14:25:00.000+01:00,MAR1GSOPEN;EURJPY;A2;08-06 13:56;0;
2026-08-06T14:26:00.000+01:00,MAR1GSOPEN;EURJPY;A1;08-06 13:56;0;
2026-08-06T14:26:00.000+01:00,MAR1GSOPEN;EURJPY;A2;08-06 13:56;0;
2026-08-06T14:27:00.000+01:00,MAR1GSOPEN;EURJPY;A1;08-06 13:56;0;
2026-08-06T14:27:00.000+01:00,MAR1GSOPEN;EURJPY;A2;08-06 13:56;0;
2026-08-06T14:28:00.000+01:00,MAR1GSOPEN;EURJPY;A1;08-06 13:56;0;
2026-08-06T14:28:00.000+01:00,MAR1GSOPEN;EURJPY;A2;08-06 13:56;0;
2026-08-06T14:29:00.000+01:00,MAR1GSOPEN;EURJPY;A1;08-06 13:56;0;
2026-08-06T14:29:00.000+01:00,MAR1GSOPEN;EURJPY;A2;08-06 13:56;0;
2026-08-06T14:30:00.000+01:00,MAR1GSOPEN;EURJPY;A1;08-06 13:56;0;
2026-08-06T14:30:00.000+01:00,MAR1GSOPEN;EURJPY;A2;08-06 13:56;0;
2026-08-06T14:31:00.000+01:00,MAR1GSOPEN;EURJPY;A1;08-06 13:56;0;
2026-08-06T14:31:00.000+01:00,MAR1GSOPEN;EURJPY;A2;08-06 13:56;0;
2026-08-06T14:32:00.000+01:00,MAR1GSOPEN;EURJPY;A1;08-06 13:56;0;
2026-08-06T14:32:00.000+01:00,MAR1GSOPEN;EURJPY;A2;08-06 13:56;0;
2026-08-06T14:33:00.000+01:00,MAR1GSOPEN;EURJPY;A1;08-06 13:56;0;
2026-08-06T14:33:00.000+01:00,MAR1GSOPEN;EURJPY;A2;08-06 13:56;0;
2026-08-06T14:34:00.000+01:00,MAR1GSOPEN;EURJPY;A1;08-06 13:56;0;
2026-08-06T14:34:00.000+01:00,MAR1GSOPEN;EURJPY;A2;08-06 13:56;0;
2026-08-06T14:35:00.000+01:00,MAR1GSOPEN;EURJPY;A1;08-06 13:56;0;
2026-08-06T14:35:00.000+01:00,MAR1GSOPEN;EURJPY;A2;08-06 13:56;0;
2026-08-06T14:36:00.000+01:00,MAR1GSOPEN;EURJPY;A1;08-06 13:56;0;
2026-08-06T14:36:00.000+01:00,MAR1GSOPEN;EURJPY;A2;08-06 13:56;0;
2026-08-06T14:37:00.000+01:00,MAR1GSOPEN;EURJPY;A1;08-06 13:56;0;
2026-08-06T14:37:00.000+01:00,MAR1GSOPEN;EURJPY;A2;08-06 13:56;0;
2026-08-06T14:38:00.000+01:00,MAR1GSOPEN;EURJPY;A1;08-06 13:56;0;
2026-08-06T14:38:00.000+01:00,MAR1GSOPEN;EURJPY;A2;08-06 13:56;0;
2026-08-06T14:39:00.000+01:00,MAR1GSOPEN;EURJPY;A1;08-06 13:56;0;
2026-08-06T14:39:00.000+01:00,MAR1GSOPEN;EURJPY;A2;08-06 13:56;0;
2026-08-06T14:40:00.000+01:00,MAR1GSOPEN;EURJPY;A1;08-06 13:56;0;
2026-08-06T14:40:00.000+01:00,MAR1GSOPEN;EURJPY;A2;08-06 13:56;0;
2026-08-06T14:41:00.000+01:00,MAR1GSOPEN;EURJPY;A1;08-06 13:56;0;
2026-08-06T14:41:00.000+01:00,MAR1GSOPEN;EURJPY;A2;08-06 13:56;0;
2026-08-06T14:42:00.000+01:00,MAR1GSCLOSE;EURJPY;A1;08-06 14:42;08-06 14:43;1;long;08-06 14:42
2026-08-06T14:42:00.000+01:00,MAR1GSCLOSE;EURJPY;A2;08-06 14:42;08-06 14:43;1;long;08-06 14:42
2026-08-06T19:03:00.000+01:00,MAR1GSOPEN;EURJPY;A1;08-06 19:03;0;
2026-08-06T19:03:00.000+01:00,MAR1GSOPEN;EURJPY;A2;08-06 19:03;0;
2026-08-06T19:04:00.000+01:00,MAR1GSOPEN;EURJPY;A1;08-06 19:03;0;
2026-08-06T19:04:00.000+01:00,MAR1GSOPEN;EURJPY;A2;08-06 19:03;0;
2026-08-06T19:05:00.000+01:00,MAR1GSOPEN;EURJPY;A1;08-06 19:03;0;
2026-08-06T19:05:00.000+01:00,MAR1GSOPEN;EURJPY;A2;08-06 19:03;0;
2026-08-06T19:06:00.000+01:00,MAR1GSOPEN;EURJPY;A1;08-06 19:03;0;
2026-08-06T19:06:00.000+01:00,MAR1GSOPEN;EURJPY;A2;08-06 19:03;0;
2026-08-06T19:07:00.000+01:00,MAR1GSOPEN;EURJPY;A1;08-06 19:03;0;
2026-08-06T19:07:00.000+01:00,MAR1GSOPEN;EURJPY;A2;08-06 19:03;0;
2026-08-06T19:08:00.000+01:00,MAR1GSOPEN;EURJPY;A1;08-06 19:03;0;
2026-08-06T19:08:00.000+01:00,MAR1GSOPEN;EURJPY;A2;08-06 19:03;0;
2026-08-06T19:09:00.000+01:00,MAR1GSOPEN;EURJPY;A1;08-06 19:03;0;
2026-08-06T19:09:00.000+01:00,MAR1GSOPEN;EURJPY;A2;08-06 19:03;0;
2026-08-06T19:10:00.000+01:00,MAR1GSOPEN;EURJPY;A1;08-06 19:03;0;
2026-08-06T19:10:00.000+01:00,MAR1GSOPEN;EURJPY;A2;08-06 19:03;0;
2026-08-06T19:11:00.000+01:00,MAR1GSOPEN;EURJPY;A1;08-06 19:03;0;
2026-08-06T19:11:00.000+01:00,MAR1GSOPEN;EURJPY;A2;08-06 19:03;0;
2026-08-06T19:12:00.000+01:00,MAR1GSOPEN;EURJPY;A1;08-06 19:03;0;
2026-08-06T19:12:00.000+01:00,MAR1GSOPEN;EURJPY;A2;08-06 19:03;0;
2026-08-06T19:13:00.000+01:00,MAR1GSOPEN;EURJPY;A1;08-06 19:03;0;
2026-08-06T19:13:00.000+01:00,MAR1GSOPEN;EURJPY;A2;08-06 19:03;0;
2026-08-06T19:14:00.000+01:00,MAR1GSOPEN;EURJPY;A1;08-06 19:03;0;
2026-08-06T19:14:00.000+01:00,MAR1GSOPEN;EURJPY;A2;08-06 19:03;0;
2026-08-06T19:15:00.000+01:00,MAR1GSOPEN;EURJPY;A1;08-06 19:03;0;
2026-08-06T19:15:00.000+01:00,MAR1GSOPEN;EURJPY;A2;08-06 19:03;0;
2026-08-06T19:16:00.000+01:00,MAR1GSOPEN;EURJPY;A1;08-06 19:03;0;
2026-08-06T19:16:00.000+01:00,MAR1GSOPEN;EURJPY;A2;08-06 19:03;0;
2026-08-06T19:17:00.000+01:00,MAR1GSOPEN;EURJPY;A1;08-06 19:03;0;
2026-08-06T19:17:00.000+01:00,MAR1GSOPEN;EURJPY;A2;08-06 19:03;0;
2026-08-06T19:18:00.000+01:00,MAR1GSOPEN;EURJPY;A1;08-06 19:03;0;
2026-08-06T19:18:00.000+01:00,MAR1GSOPEN;EURJPY;A2;08-06 19:03;0;
2026-08-06T19:19:00.000+01:00,MAR1GSOPEN;EURJPY;A1;08-06 19:03;0;
2026-08-06T19:19:00.000+01:00,MAR1GSOPEN;EURJPY;A2;08-06 19:03;0;
2026-08-06T19:20:00.000+01:00,MAR1GSOPEN;EURJPY;A1;08-06 19:03;0;
2026-08-06T19:20:00.000+01:00,MAR1GSOPEN;EURJPY;A2;08-06 19:03;0;
2026-08-06T19:21:00.000+01:00,MAR1GSOPEN;EURJPY;A1;08-06 19:03;0;
2026-08-06T19:21:00.000+01:00,MAR1GSOPEN;EURJPY;A2;08-06 19:03;0;
2026-08-06T19:22:00.000+01:00,MAR1GSOPEN;EURJPY;A1;08-06 19:03;0;
2026-08-06T19:22:00.000+01:00,MAR1GSOPEN;EURJPY;A2;08-06 19:03;0;
2026-08-06T19:23:00.000+01:00,MAR1GSOPEN;EURJPY;A1;08-06 19:03;0;
2026-08-06T19:23:00.000+01:00,MAR1GSOPEN;EURJPY;A2;08-06 19:03;0;
2026-08-06T19:24:00.000+01:00,MAR1GSOPEN;EURJPY;A1;08-06 19:03;0;
2026-08-06T19:24:00.000+01:00,MAR1GSOPEN;EURJPY;A2;08-06 19:03;0;
2026-08-06T19:25:00.000+01:00,MAR1GSOPEN;EURJPY;A1;08-06 19:03;0;
2026-08-06T19:25:00.000+01:00,MAR1GSOPEN;EURJPY;A2;08-06 19:03;0;
2026-08-06T19:26:00.000+01:00,MAR1GSOPEN;EURJPY;A1;08-06 19:03;0;
2026-08-06T19:26:00.000+01:00,MAR1GSOPEN;EURJPY;A2;08-06 19:03;0;
2026-08-06T19:27:00.000+01:00,MAR1GSOPEN;EURJPY;A1;08-06 19:03;0;
2026-08-06T19:27:00.000+01:00,MAR1GSOPEN;EURJPY;A2;08-06 19:03;0;
2026-08-06T19:28:00.000+01:00,MAR1GSOPEN;EURJPY;A1;08-06 19:03;0;
2026-08-06T19:28:00.000+01:00,MAR1GSOPEN;EURJPY;A2;08-06 19:03;0;
2026-08-06T19:29:00.000+01:00,MAR1GSOPEN;EURJPY;A1;08-06 19:03;0;
2026-08-06T19:29:00.000+01:00,MAR1GSOPEN;EURJPY;A2;08-06 19:03;0;
2026-08-06T19:30:00.000+01:00,MAR1GSOPEN;EURJPY;A1;08-06 19:03;0;
2026-08-06T19:30:00.000+01:00,MAR1GSOPEN;EURJPY;A2;08-06 19:03;0;
2026-08-06T19:31:00.000+01:00,MAR1GSOPEN;EURJPY;A1;08-06 19:03;0;
2026-08-06T19:31:00.000+01:00,MAR1GSOPEN;EURJPY;A2;08-06 19:03;0;
2026-08-06T19:32:00.000+01:00,MAR1GSOPEN;EURJPY;A1;08-06 19:03;0;
2026-08-06T19:32:00.000+01:00,MAR1GSOPEN;EURJPY;A2;08-06 19:03;0;
2026-08-06T19:33:00.000+01:00,MAR1GSOPEN;EURJPY;A1;08-06 19:03;0;
2026-08-06T19:33:00.000+01:00,MAR1GSOPEN;EURJPY;A2;08-06 19:03;0;
2026-08-06T19:34:00.000+01:00,MAR1GSOPEN;EURJPY;A1;08-06 19:03;0;
2026-08-06T19:34:00.000+01:00,MAR1GSOPEN;EURJPY;A2;08-06 19:03;0;
2026-08-06T19:35:00.000+01:00,MAR1GSOPEN;EURJPY;A1;08-06 19:03;0;
2026-08-06T19:35:00.000+01:00,MAR1GSOPEN;EURJPY;A2;08-06 19:03;0;
2026-08-06T19:36:00.000+01:00,MAR1GSOPEN;EURJPY;A1;08-06 19:03;0;
2026-08-06T19:36:00.000+01:00,MAR1GSOPEN;EURJPY;A2;08-06 19:03;0;
2026-08-06T19:37:00.000+01:00,MAR1GSOPEN;EURJPY;A1;08-06 19:03;0;
2026-08-06T19:37:00.000+01:00,MAR1GSOPEN;EURJPY;A2;08-06 19:03;0;
2026-08-06T19:38:00.000+01:00,MAR1GSOPEN;EURJPY;A1;08-06 19:03;0;
2026-08-06T19:38:00.000+01:00,MAR1GSOPEN;EURJPY;A2;08-06 19:03;0;
2026-08-06T19:39:00.000+01:00,MAR1GSOPEN;EURJPY;A1;08-06 19:03;0;
2026-08-06T19:39:00.000+01:00,MAR1GSOPEN;EURJPY;A2;08-06 19:03;0;
2026-08-06T19:40:00.000+01:00,MAR1GSOPEN;EURJPY;A1;08-06 19:03;0;
2026-08-06T19:40:00.000+01:00,MAR1GSOPEN;EURJPY;A2;08-06 19:03;0;
2026-08-06T19:41:00.000+01:00,MAR1GSOPEN;EURJPY;A1;08-06 19:03;0;
2026-08-06T19:41:00.000+01:00,MAR1GSOPEN;EURJPY;A2;08-06 19:03;0;
2026-08-06T19:42:00.000+01:00,MAR1GSOPEN;EURJPY;A1;08-06 19:03;0;
2026-08-06T19:42:00.000+01:00,MAR1GSOPEN;EURJPY;A2;08-06 19:03;0;
2026-08-06T19:43:00.000+01:00,MAR1GSOPEN;EURJPY;A1;08-06 19:03;0;
2026-08-06T19:43:00.000+01:00,MAR1GSOPEN;EURJPY;A2;08-06 19:03;0;
2026-08-06T19:44:00.000+01:00,MAR1GSOPEN;EURJPY;A1;08-06 19:03;0;
2026-08-06T19:44:00.000+01:00,MAR1GSOPEN;EURJPY;A2;08-06 19:03;0;
2026-08-06T19:45:00.000+01:00,MAR1GSOPEN;EURJPY;A1;08-06 19:03;0;
2026-08-06T19:45:00.000+01:00,MAR1GSOPEN;EURJPY;A2;08-06 19:03;0;
2026-08-06T19:46:00.000+01:00,MAR1GSOPEN;EURJPY;A1;08-06 19:46;1;08-06 19:46
2026-08-06T19:46:00.000+01:00,MAR1GSOPEN;EURJPY;A2;08-06 19:46;1;08-06 19:46
2026-08-06T19:46:00.000+01:00,MAR1GSOPEN;EURJPY;B1;08-06 19:46;0;
2026-08-06T19:46:00.000+01:00,MAR1GSOPEN;EURJPY;B2;08-06 19:46;0;
2026-08-06T19:47:00.000+01:00,MAR1GSOPEN;EURJPY;A1;08-06 19:46;1;08-06 19:46
2026-08-06T19:47:00.000+01:00,MAR1GSOPEN;EURJPY;A2;08-06 19:46;1;08-06 19:46
2026-08-06T19:47:00.000+01:00,MAR1GSOPEN;EURJPY;B1;08-06 19:46;0;
2026-08-06T19:47:00.000+01:00,MAR1GSOPEN;EURJPY;B2;08-06 19:46;0;
2026-08-06T19:48:00.000+01:00,MAR1GSOPEN;EURJPY;A1;08-06 19:46;1;08-06 19:46
2026-08-06T19:48:00.000+01:00,MAR1GSOPEN;EURJPY;A2;08-06 19:46;1;08-06 19:46
2026-08-06T19:48:00.000+01:00,MAR1GSOPEN;EURJPY;B1;08-06 19:46;0;
2026-08-06T19:48:00.000+01:00,MAR1GSOPEN;EURJPY;B2;08-06 19:46;0;
2026-08-06T19:49:00.000+01:00,MAR1GSOPEN;EURJPY;A1;08-06 19:46;1;08-06 19:46
2026-08-06T19:49:00.000+01:00,MAR1GSOPEN;EURJPY;A2;08-06 19:46;1;08-06 19:46
2026-08-06T19:49:00.000+01:00,MAR1GSOPEN;EURJPY;B1;08-06 19:46;0;
2026-08-06T19:49:00.000+01:00,MAR1GSOPEN;EURJPY;B2;08-06 19:46;0;
2026-08-06T19:50:00.000+01:00,"MAR1GSCLOSE;EURJPY;A1;08-06 19:46;08-06 19:51;2;short;08-06 19:46,08-06 19:50"
2026-08-06T19:50:00.000+01:00,"MAR1GSCLOSE;EURJPY;A2;08-06 19:46;08-06 19:51;2;short;08-06 19:46,08-06 19:50"
2026-08-06T19:50:00.000+01:00,MAR1GSCLOSE;EURJPY;B1;08-06 19:50;08-06 19:51;1;short;08-06 19:50
2026-08-06T19:50:00.000+01:00,MAR1GSCLOSE;EURJPY;B2;08-06 19:50;08-06 19:51;1;short;08-06 19:50
2026-08-07T11:47:00.000+01:00,MAR1GSOPEN;EURJPY;A1;08-07 11:47;0;
2026-08-07T11:47:00.000+01:00,MAR1GSOPEN;EURJPY;A2;08-07 11:47;0;
2026-08-07T11:48:00.000+01:00,MAR1GSOPEN;EURJPY;A1;08-07 11:47;0;
2026-08-07T11:48:00.000+01:00,MAR1GSOPEN;EURJPY;A2;08-07 11:47;0;
2026-08-07T11:49:00.000+01:00,MAR1GSOPEN;EURJPY;A1;08-07 11:47;0;
2026-08-07T11:49:00.000+01:00,MAR1GSOPEN;EURJPY;A2;08-07 11:47;0;
2026-08-07T11:50:00.000+01:00,MAR1GSOPEN;EURJPY;A1;08-07 11:47;0;
2026-08-07T11:50:00.000+01:00,MAR1GSOPEN;EURJPY;A2;08-07 11:47;0;
2026-08-07T11:51:00.000+01:00,MAR1GSOPEN;EURJPY;A1;08-07 11:47;0;
2026-08-07T11:51:00.000+01:00,MAR1GSOPEN;EURJPY;A2;08-07 11:47;0;
2026-08-07T11:52:00.000+01:00,MAR1GSOPEN;EURJPY;A1;08-07 11:47;0;
2026-08-07T11:52:00.000+01:00,MAR1GSOPEN;EURJPY;A2;08-07 11:47;0;
2026-08-07T11:53:00.000+01:00,MAR1GSOPEN;EURJPY;A1;08-07 11:53;1;08-07 11:53
2026-08-07T11:53:00.000+01:00,MAR1GSOPEN;EURJPY;A2;08-07 11:53;1;08-07 11:53
2026-08-07T11:53:00.000+01:00,MAR1GSOPEN;EURJPY;B1;08-07 11:53;0;
2026-08-07T11:53:00.000+01:00,MAR1GSOPEN;EURJPY;B2;08-07 11:53;0;
2026-08-07T11:54:00.000+01:00,MAR1GSOPEN;EURJPY;A1;08-07 11:53;1;08-07 11:53
2026-08-07T11:54:00.000+01:00,MAR1GSOPEN;EURJPY;A2;08-07 11:53;1;08-07 11:53
2026-08-07T11:54:00.000+01:00,MAR1GSOPEN;EURJPY;B1;08-07 11:53;0;
2026-08-07T11:54:00.000+01:00,MAR1GSOPEN;EURJPY;B2;08-07 11:53;0;
2026-08-07T11:55:00.000+01:00,MAR1GSOPEN;EURJPY;A1;08-07 11:53;1;08-07 11:53
2026-08-07T11:55:00.000+01:00,MAR1GSOPEN;EURJPY;A2;08-07 11:53;1;08-07 11:53
2026-08-07T11:55:00.000+01:00,MAR1GSOPEN;EURJPY;B1;08-07 11:53;0;
2026-08-07T11:55:00.000+01:00,MAR1GSOPEN;EURJPY;B2;08-07 11:53;0;
2026-08-07T11:56:00.000+01:00,"MAR1GSCLOSE;EURJPY;A1;08-07 11:53;08-07 11:57;2;short;08-07 11:53,08-07 11:56"
2026-08-07T11:56:00.000+01:00,"MAR1GSCLOSE;EURJPY;A2;08-07 11:53;08-07 11:57;2;short;08-07 11:53,08-07 11:56"
2026-08-07T11:56:00.000+01:00,MAR1GSOPEN;EURJPY;B1;08-07 11:53;0;
2026-08-07T11:56:00.000+01:00,MAR1GSOPEN;EURJPY;B2;08-07 11:53;0;
2026-08-07T11:57:00.000+01:00,MAR1GSOPEN;EURJPY;B1;08-07 11:53;0;
2026-08-07T11:57:00.000+01:00,MAR1GSOPEN;EURJPY;B2;08-07 11:53;0;
2026-08-07T11:58:00.000+01:00,MAR1GSOPEN;EURJPY;B1;08-07 11:53;0;
2026-08-07T11:58:00.000+01:00,MAR1GSOPEN;EURJPY;B2;08-07 11:53;0;
2026-08-07T11:59:00.000+01:00,MAR1GSOPEN;EURJPY;B1;08-07 11:53;0;
2026-08-07T11:59:00.000+01:00,MAR1GSOPEN;EURJPY;B2;08-07 11:53;0;
2026-08-07T12:00:00.000+01:00,MAR1GSOPEN;EURJPY;B1;08-07 11:53;0;
2026-08-07T12:00:00.000+01:00,MAR1GSOPEN;EURJPY;B2;08-07 11:53;0;
2026-08-07T12:01:00.000+01:00,MAR1GSOPEN;EURJPY;B1;08-07 11:53;0;
2026-08-07T12:01:00.000+01:00,MAR1GSOPEN;EURJPY;B2;08-07 11:53;0;
2026-08-07T12:02:00.000+01:00,MAR1GSOPEN;EURJPY;B1;08-07 11:53;0;
2026-08-07T12:02:00.000+01:00,MAR1GSOPEN;EURJPY;B2;08-07 11:53;0;
2026-08-07T12:03:00.000+01:00,MAR1GSOPEN;EURJPY;B1;08-07 11:53;0;
2026-08-07T12:03:00.000+01:00,MAR1GSOPEN;EURJPY;B2;08-07 11:53;0;
2026-08-07T12:04:00.000+01:00,MAR1GSOPEN;EURJPY;B1;08-07 11:53;0;
2026-08-07T12:04:00.000+01:00,MAR1GSOPEN;EURJPY;B2;08-07 11:53;0;
2026-08-07T12:05:00.000+01:00,MAR1GSOPEN;EURJPY;B1;08-07 11:53;0;
2026-08-07T12:05:00.000+01:00,MAR1GSOPEN;EURJPY;B2;08-07 11:53;0;
2026-08-07T12:06:00.000+01:00,MAR1GSOPEN;EURJPY;B1;08-07 11:53;0;
2026-08-07T12:06:00.000+01:00,MAR1GSOPEN;EURJPY;B2;08-07 11:53;0;
2026-08-07T12:07:00.000+01:00,MAR1GSOPEN;EURJPY;B1;08-07 11:53;0;
2026-08-07T12:07:00.000+01:00,MAR1GSOPEN;EURJPY;B2;08-07 11:53;0;
2026-08-07T12:08:00.000+01:00,MAR1GSOPEN;EURJPY;B1;08-07 11:53;0;
2026-08-07T12:08:00.000+01:00,MAR1GSOPEN;EURJPY;B2;08-07 11:53;0;
2026-08-07T12:09:00.000+01:00,MAR1GSOPEN;EURJPY;B1;08-07 11:53;0;
2026-08-07T12:09:00.000+01:00,MAR1GSOPEN;EURJPY;B2;08-07 11:53;0;
2026-08-07T12:10:00.000+01:00,MAR1GSOPEN;EURJPY;B1;08-07 11:53;0;
2026-08-07T12:10:00.000+01:00,MAR1GSOPEN;EURJPY;B2;08-07 11:53;0;
2026-08-07T12:11:00.000+01:00,MAR1GSOPEN;EURJPY;B1;08-07 11:53;0;
2026-08-07T12:11:00.000+01:00,MAR1GSOPEN;EURJPY;B2;08-07 11:53;0;
2026-08-07T12:12:00.000+01:00,MAR1GSOPEN;EURJPY;B1;08-07 11:53;0;
2026-08-07T12:12:00.000+01:00,MAR1GSOPEN;EURJPY;B2;08-07 11:53;0;
2026-08-07T12:13:00.000+01:00,MAR1GSOPEN;EURJPY;B1;08-07 11:53;0;
2026-08-07T12:13:00.000+01:00,MAR1GSOPEN;EURJPY;B2;08-07 11:53;0;
2026-08-07T12:14:00.000+01:00,MAR1GSOPEN;EURJPY;B1;08-07 11:53;0;
2026-08-07T12:14:00.000+01:00,MAR1GSOPEN;EURJPY;B2;08-07 11:53;0;
2026-08-07T12:15:00.000+01:00,MAR1GSOPEN;EURJPY;B1;08-07 11:53;0;
2026-08-07T12:15:00.000+01:00,MAR1GSOPEN;EURJPY;B2;08-07 11:53;0;
2026-08-07T12:16:00.000+01:00,MAR1GSOPEN;EURJPY;B1;08-07 11:53;0;
2026-08-07T12:16:00.000+01:00,MAR1GSOPEN;EURJPY;B2;08-07 11:53;0;
2026-08-07T12:17:00.000+01:00,MAR1GSOPEN;EURJPY;B1;08-07 11:53;0;
2026-08-07T12:17:00.000+01:00,MAR1GSOPEN;EURJPY;B2;08-07 11:53;0;
2026-08-07T12:18:00.000+01:00,MAR1GSOPEN;EURJPY;B1;08-07 11:53;0;
2026-08-07T12:18:00.000+01:00,MAR1GSOPEN;EURJPY;B2;08-07 11:53;0;
2026-08-07T12:19:00.000+01:00,MAR1GSCLOSE;EURJPY;B1;08-07 12:19;08-07 12:20;1;long;08-07 12:19
2026-08-07T12:19:00.000+01:00,MAR1GSCLOSE;EURJPY;B2;08-07 12:19;08-07 12:20;1;long;08-07 12:19
2026-08-10T08:47:00.000+01:00,MAR1GSOPEN;EURJPY;A1;08-10 08:47;0;
2026-08-10T08:47:00.000+01:00,MAR1GSOPEN;EURJPY;A2;08-10 08:47;0;
2026-08-10T08:48:00.000+01:00,MAR1GSOPEN;EURJPY;A1;08-10 08:47;0;
2026-08-10T08:48:00.000+01:00,MAR1GSOPEN;EURJPY;A2;08-10 08:47;0;
2026-08-10T08:49:00.000+01:00,MAR1GSOPEN;EURJPY;A1;08-10 08:47;0;
2026-08-10T08:49:00.000+01:00,MAR1GSOPEN;EURJPY;A2;08-10 08:47;0;
2026-08-10T08:50:00.000+01:00,MAR1GSOPEN;EURJPY;A1;08-10 08:47;0;
2026-08-10T08:50:00.000+01:00,MAR1GSOPEN;EURJPY;A2;08-10 08:47;0;
2026-08-10T08:51:00.000+01:00,MAR1GSOPEN;EURJPY;A1;08-10 08:47;0;
2026-08-10T08:51:00.000+01:00,MAR1GSOPEN;EURJPY;A2;08-10 08:47;0;
2026-08-10T08:52:00.000+01:00,MAR1GSOPEN;EURJPY;A1;08-10 08:47;0;
2026-08-10T08:52:00.000+01:00,MAR1GSOPEN;EURJPY;A2;08-10 08:47;0;
2026-08-10T08:53:00.000+01:00,MAR1GSOPEN;EURJPY;A1;08-10 08:47;0;
2026-08-10T08:53:00.000+01:00,MAR1GSOPEN;EURJPY;A2;08-10 08:47;0;
2026-08-10T08:54:00.000+01:00,MAR1GSOPEN;EURJPY;A1;08-10 08:47;0;
2026-08-10T08:54:00.000+01:00,MAR1GSOPEN;EURJPY;A2;08-10 08:47;0;
2026-08-10T08:55:00.000+01:00,MAR1GSOPEN;EURJPY;A1;08-10 08:47;0;
2026-08-10T08:55:00.000+01:00,MAR1GSOPEN;EURJPY;A2;08-10 08:47;0;
2026-08-10T08:56:00.000+01:00,MAR1GSOPEN;EURJPY;A1;08-10 08:47;0;
2026-08-10T08:56:00.000+01:00,MAR1GSOPEN;EURJPY;A2;08-10 08:47;0;
2026-08-10T08:57:00.000+01:00,MAR1GSOPEN;EURJPY;A1;08-10 08:47;0;
2026-08-10T08:57:00.000+01:00,MAR1GSOPEN;EURJPY;A2;08-10 08:47;0;
2026-08-10T08:58:00.000+01:00,MAR1GSOPEN;EURJPY;A1;08-10 08:47;0;
2026-08-10T08:58:00.000+01:00,MAR1GSOPEN;EURJPY;A2;08-10 08:47;0;
2026-08-10T08:59:00.000+01:00,MAR1GSOPEN;EURJPY;A1;08-10 08:47;0;
2026-08-10T08:59:00.000+01:00,MAR1GSOPEN;EURJPY;A2;08-10 08:47;0;
2026-08-10T09:00:00.000+01:00,MAR1GSOPEN;EURJPY;A1;08-10 08:47;0;
2026-08-10T09:00:00.000+01:00,MAR1GSOPEN;EURJPY;A2;08-10 08:47;0;
2026-08-10T09:01:00.000+01:00,MAR1GSOPEN;EURJPY;A1;08-10 08:47;0;
2026-08-10T09:01:00.000+01:00,MAR1GSOPEN;EURJPY;A2;08-10 08:47;0;
2026-08-10T09:02:00.000+01:00,MAR1GSOPEN;EURJPY;A1;08-10 08:47;0;
2026-08-10T09:02:00.000+01:00,MAR1GSOPEN;EURJPY;A2;08-10 08:47;0;
2026-08-10T09:03:00.000+01:00,MAR1GSOPEN;EURJPY;A1;08-10 08:47;0;
2026-08-10T09:03:00.000+01:00,MAR1GSOPEN;EURJPY;A2;08-10 08:47;0;
2026-08-10T09:04:00.000+01:00,MAR1GSOPEN;EURJPY;A1;08-10 08:47;0;
2026-08-10T09:04:00.000+01:00,MAR1GSOPEN;EURJPY;A2;08-10 08:47;0;
2026-08-10T09:05:00.000+01:00,MAR1GSOPEN;EURJPY;A1;08-10 08:47;0;
2026-08-10T09:05:00.000+01:00,MAR1GSOPEN;EURJPY;A2;08-10 08:47;0;
2026-08-10T09:06:00.000+01:00,MAR1GSOPEN;EURJPY;A1;08-10 08:47;0;
2026-08-10T09:06:00.000+01:00,MAR1GSOPEN;EURJPY;A2;08-10 08:47;0;
2026-08-10T09:07:00.000+01:00,MAR1GSOPEN;EURJPY;A1;08-10 08:47;0;
2026-08-10T09:07:00.000+01:00,MAR1GSOPEN;EURJPY;A2;08-10 08:47;0;
2026-08-10T09:08:00.000+01:00,MAR1GSOPEN;EURJPY;A1;08-10 08:47;0;
2026-08-10T09:08:00.000+01:00,MAR1GSOPEN;EURJPY;A2;08-10 08:47;0;
2026-08-10T09:09:00.000+01:00,MAR1GSOPEN;EURJPY;A1;08-10 08:47;0;
2026-08-10T09:09:00.000+01:00,MAR1GSOPEN;EURJPY;A2;08-10 08:47;0;
2026-08-10T09:10:00.000+01:00,MAR1GSOPEN;EURJPY;A1;08-10 08:47;0;
2026-08-10T09:10:00.000+01:00,MAR1GSOPEN;EURJPY;A2;08-10 08:47;0;
2026-08-10T09:11:00.000+01:00,MAR1GSOPEN;EURJPY;A1;08-10 08:47;0;
2026-08-10T09:11:00.000+01:00,MAR1GSOPEN;EURJPY;A2;08-10 08:47;0;
2026-08-10T09:12:00.000+01:00,MAR1GSOPEN;EURJPY;A1;08-10 08:47;0;
2026-08-10T09:12:00.000+01:00,MAR1GSOPEN;EURJPY;A2;08-10 08:47;0;
2026-08-10T09:13:00.000+01:00,MAR1GSOPEN;EURJPY;A1;08-10 09:13;1;08-10 09:13
2026-08-10T09:13:00.000+01:00,MAR1GSOPEN;EURJPY;A2;08-10 09:13;1;08-10 09:13
2026-08-10T09:13:00.000+01:00,MAR1GSOPEN;EURJPY;B1;08-10 09:13;0;
2026-08-10T09:13:00.000+01:00,MAR1GSOPEN;EURJPY;B2;08-10 09:13;0;
2026-08-10T09:14:00.000+01:00,MAR1GSOPEN;EURJPY;A1;08-10 09:13;1;08-10 09:13
2026-08-10T09:14:00.000+01:00,MAR1GSOPEN;EURJPY;A2;08-10 09:13;1;08-10 09:13
2026-08-10T09:14:00.000+01:00,MAR1GSOPEN;EURJPY;B1;08-10 09:13;0;
2026-08-10T09:14:00.000+01:00,MAR1GSOPEN;EURJPY;B2;08-10 09:13;0;
2026-08-10T09:15:00.000+01:00,MAR1GSOPEN;EURJPY;A1;08-10 09:13;1;08-10 09:13
2026-08-10T09:15:00.000+01:00,MAR1GSOPEN;EURJPY;A2;08-10 09:13;1;08-10 09:13
2026-08-10T09:15:00.000+01:00,MAR1GSOPEN;EURJPY;B1;08-10 09:13;0;
2026-08-10T09:15:00.000+01:00,MAR1GSOPEN;EURJPY;B2;08-10 09:13;0;
2026-08-10T09:16:00.000+01:00,MAR1GSOPEN;EURJPY;A1;08-10 09:13;1;08-10 09:13
2026-08-10T09:16:00.000+01:00,MAR1GSOPEN;EURJPY;A2;08-10 09:13;1;08-10 09:13
2026-08-10T09:16:00.000+01:00,MAR1GSOPEN;EURJPY;B1;08-10 09:13;0;
2026-08-10T09:16:00.000+01:00,MAR1GSOPEN;EURJPY;B2;08-10 09:13;0;
2026-08-10T09:17:00.000+01:00,"MAR1GSOPEN;EURJPY;A1;08-10 09:13;2;08-10 09:13,08-10 09:17"
2026-08-10T09:17:00.000+01:00,"MAR1GSOPEN;EURJPY;A2;08-10 09:13;2;08-10 09:13,08-10 09:17"
2026-08-10T09:17:00.000+01:00,MAR1GSOPEN;EURJPY;B1;08-10 09:17;1;08-10 09:17
2026-08-10T09:17:00.000+01:00,MAR1GSOPEN;EURJPY;B2;08-10 09:17;1;08-10 09:17
2026-08-10T09:17:00.000+01:00,MAR1GSOPEN;EURJPY;C1;08-10 09:17;0;
2026-08-10T09:17:00.000+01:00,MAR1GSOPEN;EURJPY;C2;08-10 09:17;0;
2026-08-10T09:18:00.000+01:00,"MAR1GSOPEN;EURJPY;A1;08-10 09:13;3;08-10 09:13,08-10 09:17,08-10 09:18"
2026-08-10T09:18:00.000+01:00,"MAR1GSOPEN;EURJPY;A2;08-10 09:13;3;08-10 09:13,08-10 09:17,08-10 09:18"
2026-08-10T09:18:00.000+01:00,"MAR1GSOPEN;EURJPY;B1;08-10 09:17;2;08-10 09:17,08-10 09:18"
2026-08-10T09:18:00.000+01:00,"MAR1GSOPEN;EURJPY;B2;08-10 09:17;2;08-10 09:17,08-10 09:18"
2026-08-10T09:18:00.000+01:00,MAR1GSOPEN;EURJPY;C1;08-10 09:18;1;08-10 09:18
2026-08-10T09:18:00.000+01:00,MAR1GSOPEN;EURJPY;C2;08-10 09:18;1;08-10 09:18
2026-08-10T09:18:00.000+01:00,MAR1GSOPEN;EURJPY;D1;08-10 09:18;0;
2026-08-10T09:19:00.000+01:00,"MAR1GSOPEN;EURJPY;A1;08-10 09:13;3;08-10 09:13,08-10 09:17,08-10 09:18"
2026-08-10T09:19:00.000+01:00,"MAR1GSOPEN;EURJPY;A2;08-10 09:13;3;08-10 09:13,08-10 09:17,08-10 09:18"
2026-08-10T09:19:00.000+01:00,"MAR1GSOPEN;EURJPY;B1;08-10 09:17;2;08-10 09:17,08-10 09:18"
2026-08-10T09:19:00.000+01:00,"MAR1GSOPEN;EURJPY;B2;08-10 09:17;2;08-10 09:17,08-10 09:18"
2026-08-10T09:19:00.000+01:00,MAR1GSOPEN;EURJPY;C1;08-10 09:18;1;08-10 09:18
2026-08-10T09:19:00.000+01:00,MAR1GSOPEN;EURJPY;C2;08-10 09:18;1;08-10 09:18
2026-08-10T09:19:00.000+01:00,MAR1GSOPEN;EURJPY;D1;08-10 09:18;0;
2026-08-10T09:20:00.000+01:00,"MAR1GSOPEN;EURJPY;A1;08-10 09:13;3;08-10 09:13,08-10 09:17,08-10 09:18"
2026-08-10T09:20:00.000+01:00,"MAR1GSOPEN;EURJPY;A2;08-10 09:13;3;08-10 09:13,08-10 09:17,08-10 09:18"
2026-08-10T09:20:00.000+01:00,"MAR1GSOPEN;EURJPY;B1;08-10 09:17;2;08-10 09:17,08-10 09:18"
2026-08-10T09:20:00.000+01:00,"MAR1GSOPEN;EURJPY;B2;08-10 09:17;2;08-10 09:17,08-10 09:18"
2026-08-10T09:20:00.000+01:00,MAR1GSOPEN;EURJPY;C1;08-10 09:18;1;08-10 09:18
2026-08-10T09:20:00.000+01:00,MAR1GSOPEN;EURJPY;C2;08-10 09:18;1;08-10 09:18
2026-08-10T09:20:00.000+01:00,MAR1GSOPEN;EURJPY;D1;08-10 09:18;0;
2026-08-10T09:21:00.000+01:00,"MAR1GSOPEN;EURJPY;A1;08-10 09:13;3;08-10 09:13,08-10 09:17,08-10 09:18"
2026-08-10T09:21:00.000+01:00,"MAR1GSOPEN;EURJPY;A2;08-10 09:13;3;08-10 09:13,08-10 09:17,08-10 09:18"
2026-08-10T09:21:00.000+01:00,"MAR1GSOPEN;EURJPY;B1;08-10 09:17;2;08-10 09:17,08-10 09:18"
2026-08-10T09:21:00.000+01:00,"MAR1GSOPEN;EURJPY;B2;08-10 09:17;2;08-10 09:17,08-10 09:18"
2026-08-10T09:21:00.000+01:00,MAR1GSOPEN;EURJPY;C1;08-10 09:18;1;08-10 09:18
2026-08-10T09:21:00.000+01:00,MAR1GSOPEN;EURJPY;C2;08-10 09:18;1;08-10 09:18
2026-08-10T09:21:00.000+01:00,MAR1GSOPEN;EURJPY;D1;08-10 09:18;0;
2026-08-10T09:22:00.000+01:00,"MAR1GSOPEN;EURJPY;A1;08-10 09:13;3;08-10 09:13,08-10 09:17,08-10 09:18"
2026-08-10T09:22:00.000+01:00,"MAR1GSOPEN;EURJPY;A2;08-10 09:13;3;08-10 09:13,08-10 09:17,08-10 09:18"
2026-08-10T09:22:00.000+01:00,"MAR1GSOPEN;EURJPY;B1;08-10 09:17;2;08-10 09:17,08-10 09:18"
2026-08-10T09:22:00.000+01:00,"MAR1GSOPEN;EURJPY;B2;08-10 09:17;2;08-10 09:17,08-10 09:18"
2026-08-10T09:22:00.000+01:00,MAR1GSOPEN;EURJPY;C1;08-10 09:18;1;08-10 09:18
2026-08-10T09:22:00.000+01:00,MAR1GSOPEN;EURJPY;C2;08-10 09:18;1;08-10 09:18
2026-08-10T09:22:00.000+01:00,MAR1GSOPEN;EURJPY;D1;08-10 09:18;0;
2026-08-10T09:23:00.000+01:00,"MAR1GSOPEN;EURJPY;A1;08-10 09:13;3;08-10 09:13,08-10 09:17,08-10 09:18"
2026-08-10T09:23:00.000+01:00,"MAR1GSOPEN;EURJPY;A2;08-10 09:13;3;08-10 09:13,08-10 09:17,08-10 09:18"
2026-08-10T09:23:00.000+01:00,"MAR1GSOPEN;EURJPY;B1;08-10 09:17;2;08-10 09:17,08-10 09:18"
2026-08-10T09:23:00.000+01:00,"MAR1GSOPEN;EURJPY;B2;08-10 09:17;2;08-10 09:17,08-10 09:18"
2026-08-10T09:23:00.000+01:00,MAR1GSOPEN;EURJPY;C1;08-10 09:18;1;08-10 09:18
2026-08-10T09:23:00.000+01:00,MAR1GSOPEN;EURJPY;C2;08-10 09:18;1;08-10 09:18
2026-08-10T09:23:00.000+01:00,MAR1GSOPEN;EURJPY;D1;08-10 09:18;0;
2026-08-10T09:24:00.000+01:00,"MAR1GSOPEN;EURJPY;A1;08-10 09:13;3;08-10 09:13,08-10 09:17,08-10 09:18"
2026-08-10T09:24:00.000+01:00,"MAR1GSOPEN;EURJPY;A2;08-10 09:13;3;08-10 09:13,08-10 09:17,08-10 09:18"
2026-08-10T09:24:00.000+01:00,"MAR1GSOPEN;EURJPY;B1;08-10 09:17;2;08-10 09:17,08-10 09:18"
2026-08-10T09:24:00.000+01:00,"MAR1GSOPEN;EURJPY;B2;08-10 09:17;2;08-10 09:17,08-10 09:18"
2026-08-10T09:24:00.000+01:00,MAR1GSOPEN;EURJPY;C1;08-10 09:18;1;08-10 09:18
2026-08-10T09:24:00.000+01:00,MAR1GSOPEN;EURJPY;C2;08-10 09:18;1;08-10 09:18
2026-08-10T09:24:00.000+01:00,MAR1GSOPEN;EURJPY;D1;08-10 09:18;0;
2026-08-10T09:25:00.000+01:00,"MAR1GSOPEN;EURJPY;A1;08-10 09:13;3;08-10 09:13,08-10 09:17,08-10 09:18"
2026-08-10T09:25:00.000+01:00,"MAR1GSOPEN;EURJPY;A2;08-10 09:13;3;08-10 09:13,08-10 09:17,08-10 09:18"
2026-08-10T09:25:00.000+01:00,"MAR1GSOPEN;EURJPY;B1;08-10 09:17;2;08-10 09:17,08-10 09:18"
2026-08-10T09:25:00.000+01:00,"MAR1GSOPEN;EURJPY;B2;08-10 09:17;2;08-10 09:17,08-10 09:18"
2026-08-10T09:25:00.000+01:00,MAR1GSOPEN;EURJPY;C1;08-10 09:18;1;08-10 09:18
2026-08-10T09:25:00.000+01:00,MAR1GSOPEN;EURJPY;C2;08-10 09:18;1;08-10 09:18
2026-08-10T09:25:00.000+01:00,MAR1GSOPEN;EURJPY;D1;08-10 09:18;0;
2026-08-10T09:26:00.000+01:00,"MAR1GSOPEN;EURJPY;A1;08-10 09:13;3;08-10 09:13,08-10 09:17,08-10 09:18"
2026-08-10T09:26:00.000+01:00,"MAR1GSOPEN;EURJPY;A2;08-10 09:13;3;08-10 09:13,08-10 09:17,08-10 09:18"
2026-08-10T09:26:00.000+01:00,"MAR1GSOPEN;EURJPY;B1;08-10 09:17;2;08-10 09:17,08-10 09:18"
2026-08-10T09:26:00.000+01:00,"MAR1GSOPEN;EURJPY;B2;08-10 09:17;2;08-10 09:17,08-10 09:18"
2026-08-10T09:26:00.000+01:00,MAR1GSOPEN;EURJPY;C1;08-10 09:18;1;08-10 09:18
2026-08-10T09:26:00.000+01:00,MAR1GSOPEN;EURJPY;C2;08-10 09:18;1;08-10 09:18
2026-08-10T09:26:00.000+01:00,MAR1GSOPEN;EURJPY;D1;08-10 09:18;0;
2026-08-10T09:27:00.000+01:00,"MAR1GSOPEN;EURJPY;A1;08-10 09:13;3;08-10 09:13,08-10 09:17,08-10 09:18"
2026-08-10T09:27:00.000+01:00,"MAR1GSOPEN;EURJPY;A2;08-10 09:13;3;08-10 09:13,08-10 09:17,08-10 09:18"
2026-08-10T09:27:00.000+01:00,"MAR1GSOPEN;EURJPY;B1;08-10 09:17;2;08-10 09:17,08-10 09:18"
2026-08-10T09:27:00.000+01:00,"MAR1GSOPEN;EURJPY;B2;08-10 09:17;2;08-10 09:17,08-10 09:18"
2026-08-10T09:27:00.000+01:00,MAR1GSOPEN;EURJPY;C1;08-10 09:18;1;08-10 09:18
2026-08-10T09:27:00.000+01:00,MAR1GSOPEN;EURJPY;C2;08-10 09:18;1;08-10 09:18
2026-08-10T09:27:00.000+01:00,MAR1GSOPEN;EURJPY;D1;08-10 09:18;0;
2026-08-10T09:28:00.000+01:00,"MAR1GSOPEN;EURJPY;A1;08-10 09:13;3;08-10 09:13,08-10 09:17,08-10 09:18"
2026-08-10T09:28:00.000+01:00,"MAR1GSOPEN;EURJPY;A2;08-10 09:13;3;08-10 09:13,08-10 09:17,08-10 09:18"
2026-08-10T09:28:00.000+01:00,"MAR1GSOPEN;EURJPY;B1;08-10 09:17;2;08-10 09:17,08-10 09:18"
2026-08-10T09:28:00.000+01:00,"MAR1GSOPEN;EURJPY;B2;08-10 09:17;2;08-10 09:17,08-10 09:18"
2026-08-10T09:28:00.000+01:00,MAR1GSOPEN;EURJPY;C1;08-10 09:18;1;08-10 09:18
2026-08-10T09:28:00.000+01:00,MAR1GSOPEN;EURJPY;C2;08-10 09:18;1;08-10 09:18
2026-08-10T09:28:00.000+01:00,MAR1GSOPEN;EURJPY;D1;08-10 09:18;0;
2026-08-10T09:29:00.000+01:00,"MAR1GSOPEN;EURJPY;A1;08-10 09:13;3;08-10 09:13,08-10 09:17,08-10 09:18"
2026-08-10T09:29:00.000+01:00,"MAR1GSOPEN;EURJPY;A2;08-10 09:13;3;08-10 09:13,08-10 09:17,08-10 09:18"
2026-08-10T09:29:00.000+01:00,"MAR1GSOPEN;EURJPY;B1;08-10 09:17;2;08-10 09:17,08-10 09:18"
2026-08-10T09:29:00.000+01:00,"MAR1GSOPEN;EURJPY;B2;08-10 09:17;2;08-10 09:17,08-10 09:18"
2026-08-10T09:29:00.000+01:00,MAR1GSOPEN;EURJPY;C1;08-10 09:18;1;08-10 09:18
2026-08-10T09:29:00.000+01:00,MAR1GSOPEN;EURJPY;C2;08-10 09:18;1;08-10 09:18
2026-08-10T09:29:00.000+01:00,MAR1GSOPEN;EURJPY;D1;08-10 09:18;0;
2026-08-10T09:30:00.000+01:00,"MAR1GSOPEN;EURJPY;A1;08-10 09:13;3;08-10 09:13,08-10 09:17,08-10 09:18"
2026-08-10T09:30:00.000+01:00,"MAR1GSOPEN;EURJPY;A2;08-10 09:13;3;08-10 09:13,08-10 09:17,08-10 09:18"
2026-08-10T09:30:00.000+01:00,"MAR1GSOPEN;EURJPY;B1;08-10 09:17;2;08-10 09:17,08-10 09:18"
2026-08-10T09:30:00.000+01:00,"MAR1GSOPEN;EURJPY;B2;08-10 09:17;2;08-10 09:17,08-10 09:18"
2026-08-10T09:30:00.000+01:00,MAR1GSOPEN;EURJPY;C1;08-10 09:18;1;08-10 09:18
2026-08-10T09:30:00.000+01:00,MAR1GSOPEN;EURJPY;C2;08-10 09:18;1;08-10 09:18
2026-08-10T09:30:00.000+01:00,MAR1GSOPEN;EURJPY;D1;08-10 09:18;0;
2026-08-10T09:31:00.000+01:00,"MAR1GSOPEN;EURJPY;A1;08-10 09:13;3;08-10 09:13,08-10 09:17,08-10 09:18"
2026-08-10T09:31:00.000+01:00,"MAR1GSOPEN;EURJPY;A2;08-10 09:13;3;08-10 09:13,08-10 09:17,08-10 09:18"
2026-08-10T09:31:00.000+01:00,"MAR1GSOPEN;EURJPY;B1;08-10 09:17;2;08-10 09:17,08-10 09:18"
2026-08-10T09:31:00.000+01:00,"MAR1GSOPEN;EURJPY;B2;08-10 09:17;2;08-10 09:17,08-10 09:18"
2026-08-10T09:31:00.000+01:00,MAR1GSOPEN;EURJPY;C1;08-10 09:18;1;08-10 09:18
2026-08-10T09:31:00.000+01:00,MAR1GSOPEN;EURJPY;C2;08-10 09:18;1;08-10 09:18
2026-08-10T09:31:00.000+01:00,MAR1GSOPEN;EURJPY;D1;08-10 09:18;0;
2026-08-10T09:32:00.000+01:00,"MAR1GSOPEN;EURJPY;A1;08-10 09:13;3;08-10 09:13,08-10 09:17,08-10 09:18"
2026-08-10T09:32:00.000+01:00,"MAR1GSOPEN;EURJPY;A2;08-10 09:13;3;08-10 09:13,08-10 09:17,08-10 09:18"
2026-08-10T09:32:00.000+01:00,"MAR1GSOPEN;EURJPY;B1;08-10 09:17;2;08-10 09:17,08-10 09:18"
2026-08-10T09:32:00.000+01:00,"MAR1GSOPEN;EURJPY;B2;08-10 09:17;2;08-10 09:17,08-10 09:18"
2026-08-10T09:32:00.000+01:00,MAR1GSOPEN;EURJPY;C1;08-10 09:18;1;08-10 09:18
2026-08-10T09:32:00.000+01:00,MAR1GSOPEN;EURJPY;C2;08-10 09:18;1;08-10 09:18
2026-08-10T09:32:00.000+01:00,MAR1GSOPEN;EURJPY;D1;08-10 09:18;0;
2026-08-10T09:33:00.000+01:00,"MAR1GSCLOSE;EURJPY;A1;08-10 09:13;08-10 09:34;4;long;08-10 09:13,08-10 09:17,08-10 09:18,08-10 09:33"
2026-08-10T09:33:00.000+01:00,"MAR1GSCLOSE;EURJPY;A2;08-10 09:13;08-10 09:34;4;long;08-10 09:13,08-10 09:17,08-10 09:18,08-10 09:33"
2026-08-10T09:33:00.000+01:00,"MAR1GSCLOSE;EURJPY;B1;08-10 09:17;08-10 09:34;3;long;08-10 09:17,08-10 09:18,08-10 09:33"
2026-08-10T09:33:00.000+01:00,"MAR1GSCLOSE;EURJPY;B2;08-10 09:17;08-10 09:34;3;long;08-10 09:17,08-10 09:18,08-10 09:33"
2026-08-10T09:33:00.000+01:00,"MAR1GSCLOSE;EURJPY;C1;08-10 09:18;08-10 09:34;2;long;08-10 09:18,08-10 09:33"
2026-08-10T09:33:00.000+01:00,"MAR1GSCLOSE;EURJPY;C2;08-10 09:18;08-10 09:34;2;long;08-10 09:18,08-10 09:33"
2026-08-10T09:33:00.000+01:00,MAR1GSCLOSE;EURJPY;D1;08-10 09:33;08-10 09:34;1;long;08-10 09:33
2026-08-10T17:59:00.000+01:00,MAR1GSOPEN;EURJPY;B1;08-10 17:59;0;
2026-08-10T17:59:00.000+01:00,MAR1GSOPEN;EURJPY;B2;08-10 17:59;0;
2026-08-10T18:00:00.000+01:00,MAR1GSOPEN;EURJPY;B1;08-10 18:00;1;08-10 18:00
2026-08-10T18:00:00.000+01:00,MAR1GSOPEN;EURJPY;B2;08-10 18:00;1;08-10 18:00
2026-08-10T18:00:00.000+01:00,MAR1GSOPEN;EURJPY;C1;08-10 18:00;0;
2026-08-10T18:00:00.000+01:00,MAR1GSOPEN;EURJPY;C2;08-10 18:00;0;
2026-08-10T18:01:00.000+01:00,MAR1GSOPEN;EURJPY;B1;08-10 18:00;1;08-10 18:00
2026-08-10T18:01:00.000+01:00,MAR1GSOPEN;EURJPY;B2;08-10 18:00;1;08-10 18:00
2026-08-10T18:01:00.000+01:00,MAR1GSOPEN;EURJPY;C1;08-10 18:00;0;
2026-08-10T18:01:00.000+01:00,MAR1GSOPEN;EURJPY;C2;08-10 18:00;0;
2026-08-10T18:02:00.000+01:00,MAR1GSOPEN;EURJPY;B1;08-10 18:00;1;08-10 18:00
2026-08-10T18:02:00.000+01:00,MAR1GSOPEN;EURJPY;B2;08-10 18:00;1;08-10 18:00
2026-08-10T18:02:00.000+01:00,MAR1GSOPEN;EURJPY;C1;08-10 18:00;0;
2026-08-10T18:02:00.000+01:00,MAR1GSOPEN;EURJPY;C2;08-10 18:00;0;
2026-08-10T18:03:00.000+01:00,"MAR1GSOPEN;EURJPY;B1;08-10 18:00;2;08-10 18:00,08-10 18:03"
2026-08-10T18:03:00.000+01:00,"MAR1GSOPEN;EURJPY;B2;08-10 18:00;2;08-10 18:00,08-10 18:03"
2026-08-10T18:03:00.000+01:00,MAR1GSOPEN;EURJPY;C1;08-10 18:03;1;08-10 18:03
2026-08-10T18:03:00.000+01:00,MAR1GSOPEN;EURJPY;C2;08-10 18:03;1;08-10 18:03
2026-08-10T18:04:00.000+01:00,"MAR1GSOPEN;EURJPY;B1;08-10 18:00;2;08-10 18:00,08-10 18:03"
2026-08-10T18:04:00.000+01:00,"MAR1GSOPEN;EURJPY;B2;08-10 18:00;2;08-10 18:00,08-10 18:03"
2026-08-10T18:04:00.000+01:00,MAR1GSOPEN;EURJPY;C1;08-10 18:03;1;08-10 18:03
2026-08-10T18:04:00.000+01:00,MAR1GSOPEN;EURJPY;C2;08-10 18:03;1;08-10 18:03
2026-08-10T18:05:00.000+01:00,"MAR1GSOPEN;EURJPY;B1;08-10 18:00;2;08-10 18:00,08-10 18:03"
2026-08-10T18:05:00.000+01:00,"MAR1GSOPEN;EURJPY;B2;08-10 18:00;2;08-10 18:00,08-10 18:03"
2026-08-10T18:05:00.000+01:00,MAR1GSOPEN;EURJPY;C1;08-10 18:03;1;08-10 18:03
2026-08-10T18:05:00.000+01:00,MAR1GSOPEN;EURJPY;C2;08-10 18:03;1;08-10 18:03
2026-08-10T18:06:00.000+01:00,"MAR1GSOPEN;EURJPY;B1;08-10 18:00;2;08-10 18:00,08-10 18:03"
2026-08-10T18:06:00.000+01:00,"MAR1GSOPEN;EURJPY;B2;08-10 18:00;2;08-10 18:00,08-10 18:03"
2026-08-10T18:06:00.000+01:00,MAR1GSOPEN;EURJPY;C1;08-10 18:03;1;08-10 18:03
2026-08-10T18:06:00.000+01:00,MAR1GSOPEN;EURJPY;C2;08-10 18:03;1;08-10 18:03
2026-08-10T18:07:00.000+01:00,"MAR1GSCLOSE;EURJPY;B1;08-10 18:00;08-10 18:08;3;long;08-10 18:00,08-10 18:03,08-10 18:07"
2026-08-10T18:07:00.000+01:00,"MAR1GSCLOSE;EURJPY;B2;08-10 18:00;08-10 18:08;3;long;08-10 18:00,08-10 18:03,08-10 18:07"
2026-08-10T18:07:00.000+01:00,"MAR1GSCLOSE;EURJPY;C1;08-10 18:03;08-10 18:08;2;long;08-10 18:03,08-10 18:07"
2026-08-10T18:07:00.000+01:00,"MAR1GSCLOSE;EURJPY;C2;08-10 18:03;08-10 18:08;2;long;08-10 18:03,08-10 18:07"
2026-08-10T19:14:00.000+01:00,MAR1GSOPEN;EURJPY;B1;08-10 19:14;0;
2026-08-10T19:14:00.000+01:00,MAR1GSOPEN;EURJPY;B2;08-10 19:14;0;
2026-08-10T19:15:00.000+01:00,MAR1GSOPEN;EURJPY;B1;08-10 19:14;0;
2026-08-10T19:15:00.000+01:00,MAR1GSOPEN;EURJPY;B2;08-10 19:14;0;
2026-08-10T19:16:00.000+01:00,MAR1GSOPEN;EURJPY;B1;08-10 19:14;0;
2026-08-10T19:16:00.000+01:00,MAR1GSOPEN;EURJPY;B2;08-10 19:14;0;
2026-08-10T19:17:00.000+01:00,MAR1GSOPEN;EURJPY;B1;08-10 19:14;0;
2026-08-10T19:17:00.000+01:00,MAR1GSOPEN;EURJPY;B2;08-10 19:14;0;
2026-08-10T19:18:00.000+01:00,MAR1GSOPEN;EURJPY;B1;08-10 19:14;0;
2026-08-10T19:18:00.000+01:00,MAR1GSOPEN;EURJPY;B2;08-10 19:14;0;
2026-08-10T19:19:00.000+01:00,MAR1GSOPEN;EURJPY;B1;08-10 19:14;0;
2026-08-10T19:19:00.000+01:00,MAR1GSOPEN;EURJPY;B2;08-10 19:14;0;
2026-08-10T19:20:00.000+01:00,MAR1GSOPEN;EURJPY;B1;08-10 19:14;0;
2026-08-10T19:20:00.000+01:00,MAR1GSOPEN;EURJPY;B2;08-10 19:14;0;
2026-08-10T19:21:00.000+01:00,MAR1GSOPEN;EURJPY;B1;08-10 19:14;0;
2026-08-10T19:21:00.000+01:00,MAR1GSOPEN;EURJPY;B2;08-10 19:14;0;
2026-08-10T19:22:00.000+01:00,MAR1GSOPEN;EURJPY;A2;08-10 19:22;0;
2026-08-10T19:22:00.000+01:00,MAR1GSOPEN;EURJPY;B1;08-10 19:22;1;08-10 19:22
2026-08-10T19:22:00.000+01:00,MAR1GSOPEN;EURJPY;B2;08-10 19:22;1;08-10 19:22
2026-08-10T19:23:00.000+01:00,MAR1GSOPEN;EURJPY;A2;08-10 19:22;0;
2026-08-10T19:23:00.000+01:00,MAR1GSOPEN;EURJPY;B1;08-10 19:22;1;08-10 19:22
2026-08-10T19:23:00.000+01:00,MAR1GSOPEN;EURJPY;B2;08-10 19:22;1;08-10 19:22
2026-08-10T19:24:00.000+01:00,MAR1GSOPEN;EURJPY;A2;08-10 19:22;0;
2026-08-10T19:24:00.000+01:00,MAR1GSOPEN;EURJPY;B1;08-10 19:22;1;08-10 19:22
2026-08-10T19:24:00.000+01:00,MAR1GSOPEN;EURJPY;B2;08-10 19:22;1;08-10 19:22
2026-08-10T19:25:00.000+01:00,MAR1GSOPEN;EURJPY;A2;08-10 19:22;0;
2026-08-10T19:25:00.000+01:00,MAR1GSOPEN;EURJPY;B1;08-10 19:22;1;08-10 19:22
2026-08-10T19:25:00.000+01:00,MAR1GSOPEN;EURJPY;B2;08-10 19:22;1;08-10 19:22
2026-08-10T19:26:00.000+01:00,MAR1GSOPEN;EURJPY;A2;08-10 19:26;1;08-10 19:26
2026-08-10T19:26:00.000+01:00,"MAR1GSOPEN;EURJPY;B1;08-10 19:22;2;08-10 19:22,08-10 19:26"
2026-08-10T19:26:00.000+01:00,"MAR1GSOPEN;EURJPY;B2;08-10 19:22;2;08-10 19:22,08-10 19:26"
2026-08-10T19:27:00.000+01:00,"MAR1GSCLOSE;EURJPY;A2;08-10 19:26;08-10 19:28;2;long;08-10 19:26,08-10 19:27"
2026-08-10T19:27:00.000+01:00,"MAR1GSCLOSE;EURJPY;B1;08-10 19:22;08-10 19:28;3;long;08-10 19:22,08-10 19:26,08-10 19:27"
2026-08-10T19:27:00.000+01:00,"MAR1GSCLOSE;EURJPY;B2;08-10 19:22;08-10 19:28;3;long;08-10 19:22,08-10 19:26,08-10 19:27"
2026-08-10T19:42:00.000+01:00,MAR1GSOPEN;EURJPY;B1;08-10 19:42;0;
2026-08-10T19:43:00.000+01:00,MAR1GSOPEN;EURJPY;B1;08-10 19:42;0;
2026-08-10T19:44:00.000+01:00,MAR1GSOPEN;EURJPY;B1;08-10 19:42;0;
2026-08-10T19:45:00.000+01:00,MAR1GSOPEN;EURJPY;B1;08-10 19:42;0;
2026-08-10T19:46:00.000+01:00,MAR1GSOPEN;EURJPY;A1;08-10 19:46;0;
2026-08-10T19:46:00.000+01:00,MAR1GSOPEN;EURJPY;A2;08-10 19:46;0;
2026-08-10T19:46:00.000+01:00,MAR1GSOPEN;EURJPY;B1;08-10 19:46;1;08-10 19:46
2026-08-10T19:46:00.000+01:00,MAR1GSOPEN;EURJPY;B2;08-10 19:46;0;
2026-08-10T19:47:00.000+01:00,MAR1GSCLOSE;EURJPY;A1;08-10 19:47;08-10 19:48;1;long;08-10 19:47
2026-08-10T19:47:00.000+01:00,MAR1GSCLOSE;EURJPY;A2;08-10 19:47;08-10 19:48;1;long;08-10 19:47
2026-08-10T19:47:00.000+01:00,"MAR1GSCLOSE;EURJPY;B1;08-10 19:46;08-10 19:48;2;long;08-10 19:46,08-10 19:47"
2026-08-10T19:47:00.000+01:00,MAR1GSCLOSE;EURJPY;B2;08-10 19:47;08-10 19:48;1;long;08-10 19:47
2026-08-11T18:40:00.000+01:00,MAR1GSOPEN;EURJPY;A1;08-11 18:40;0;
2026-08-11T18:40:00.000+01:00,MAR1GSOPEN;EURJPY;A2;08-11 18:40;0;
2026-08-11T18:41:00.000+01:00,MAR1GSOPEN;EURJPY;A1;08-11 18:40;0;
2026-08-11T18:41:00.000+01:00,MAR1GSOPEN;EURJPY;A2;08-11 18:40;0;
2026-08-11T18:42:00.000+01:00,MAR1GSOPEN;EURJPY;A1;08-11 18:40;0;
2026-08-11T18:42:00.000+01:00,MAR1GSOPEN;EURJPY;A2;08-11 18:40;0;
2026-08-11T18:43:00.000+01:00,MAR1GSOPEN;EURJPY;A1;08-11 18:40;0;
2026-08-11T18:43:00.000+01:00,MAR1GSOPEN;EURJPY;A2;08-11 18:40;0;
2026-08-11T18:44:00.000+01:00,MAR1GSOPEN;EURJPY;A1;08-11 18:40;0;
2026-08-11T18:44:00.000+01:00,MAR1GSOPEN;EURJPY;A2;08-11 18:40;0;
2026-08-11T18:45:00.000+01:00,MAR1GSOPEN;EURJPY;A1;08-11 18:40;0;
2026-08-11T18:45:00.000+01:00,MAR1GSOPEN;EURJPY;A2;08-11 18:40;0;
2026-08-11T18:46:00.000+01:00,MAR1GSOPEN;EURJPY;A1;08-11 18:40;0;
2026-08-11T18:46:00.000+01:00,MAR1GSOPEN;EURJPY;A2;08-11 18:40;0;
2026-08-11T18:47:00.000+01:00,MAR1GSOPEN;EURJPY;A1;08-11 18:40;0;
2026-08-11T18:47:00.000+01:00,MAR1GSOPEN;EURJPY;A2;08-11 18:40;0;
2026-08-11T18:48:00.000+01:00,MAR1GSOPEN;EURJPY;A1;08-11 18:40;0;
2026-08-11T18:48:00.000+01:00,MAR1GSOPEN;EURJPY;A2;08-11 18:40;0;
2026-08-11T18:49:00.000+01:00,MAR1GSOPEN;EURJPY;A1;08-11 18:40;0;
2026-08-11T18:49:00.000+01:00,MAR1GSOPEN;EURJPY;A2;08-11 18:40;0;
2026-08-11T18:50:00.000+01:00,MAR1GSOPEN;EURJPY;A1;08-11 18:40;0;
2026-08-11T18:50:00.000+01:00,MAR1GSOPEN;EURJPY;A2;08-11 18:40;0;
2026-08-11T18:51:00.000+01:00,MAR1GSOPEN;EURJPY;A1;08-11 18:40;0;
2026-08-11T18:51:00.000+01:00,MAR1GSOPEN;EURJPY;A2;08-11 18:40;0;
2026-08-11T18:52:00.000+01:00,MAR1GSOPEN;EURJPY;A1;08-11 18:40;0;
2026-08-11T18:52:00.000+01:00,MAR1GSOPEN;EURJPY;A2;08-11 18:40;0;
2026-08-11T18:53:00.000+01:00,MAR1GSOPEN;EURJPY;A1;08-11 18:40;0;
2026-08-11T18:53:00.000+01:00,MAR1GSOPEN;EURJPY;A2;08-11 18:40;0;
2026-08-11T18:54:00.000+01:00,MAR1GSOPEN;EURJPY;A1;08-11 18:40;0;
2026-08-11T18:54:00.000+01:00,MAR1GSOPEN;EURJPY;A2;08-11 18:40;0;
2026-08-11T18:55:00.000+01:00,MAR1GSOPEN;EURJPY;A1;08-11 18:40;0;
2026-08-11T18:55:00.000+01:00,MAR1GSOPEN;EURJPY;A2;08-11 18:40;0;
2026-08-11T18:56:00.000+01:00,MAR1GSOPEN;EURJPY;A1;08-11 18:40;0;
2026-08-11T18:56:00.000+01:00,MAR1GSOPEN;EURJPY;A2;08-11 18:40;0;
2026-08-11T18:57:00.000+01:00,MAR1GSOPEN;EURJPY;A1;08-11 18:40;0;
2026-08-11T18:57:00.000+01:00,MAR1GSOPEN;EURJPY;A2;08-11 18:40;0;
2026-08-11T18:58:00.000+01:00,MAR1GSOPEN;EURJPY;A1;08-11 18:40;0;
2026-08-11T18:58:00.000+01:00,MAR1GSOPEN;EURJPY;A2;08-11 18:40;0;
2026-08-11T18:59:00.000+01:00,MAR1GSOPEN;EURJPY;A1;08-11 18:40;0;
2026-08-11T18:59:00.000+01:00,MAR1GSOPEN;EURJPY;A2;08-11 18:40;0;
2026-08-11T19:00:00.000+01:00,MAR1GSOPEN;EURJPY;A1;08-11 18:40;0;
2026-08-11T19:00:00.000+01:00,MAR1GSOPEN;EURJPY;A2;08-11 18:40;0;
2026-08-11T19:01:00.000+01:00,MAR1GSOPEN;EURJPY;A1;08-11 18:40;0;
2026-08-11T19:01:00.000+01:00,MAR1GSOPEN;EURJPY;A2;08-11 18:40;0;
2026-08-11T19:02:00.000+01:00,MAR1GSOPEN;EURJPY;A1;08-11 18:40;0;
2026-08-11T19:02:00.000+01:00,MAR1GSOPEN;EURJPY;A2;08-11 18:40;0;
2026-08-11T19:03:00.000+01:00,MAR1GSOPEN;EURJPY;A1;08-11 18:40;0;
2026-08-11T19:03:00.000+01:00,MAR1GSOPEN;EURJPY;A2;08-11 18:40;0;
2026-08-11T19:04:00.000+01:00,MAR1GSOPEN;EURJPY;A1;08-11 18:40;0;
2026-08-11T19:04:00.000+01:00,MAR1GSOPEN;EURJPY;A2;08-11 18:40;0;
2026-08-11T19:05:00.000+01:00,MAR1GSOPEN;EURJPY;A1;08-11 18:40;0;
2026-08-11T19:05:00.000+01:00,MAR1GSOPEN;EURJPY;A2;08-11 18:40;0;
2026-08-11T19:06:00.000+01:00,MAR1GSOPEN;EURJPY;A1;08-11 18:40;0;
2026-08-11T19:06:00.000+01:00,MAR1GSOPEN;EURJPY;A2;08-11 18:40;0;
2026-08-11T19:07:00.000+01:00,MAR1GSOPEN;EURJPY;A1;08-11 18:40;0;
2026-08-11T19:07:00.000+01:00,MAR1GSOPEN;EURJPY;A2;08-11 18:40;0;
2026-08-11T19:08:00.000+01:00,MAR1GSOPEN;EURJPY;A1;08-11 18:40;0;
2026-08-11T19:08:00.000+01:00,MAR1GSOPEN;EURJPY;A2;08-11 18:40;0;
2026-08-11T19:09:00.000+01:00,MAR1GSOPEN;EURJPY;A1;08-11 18:40;0;
2026-08-11T19:09:00.000+01:00,MAR1GSOPEN;EURJPY;A2;08-11 18:40;0;
2026-08-11T19:10:00.000+01:00,MAR1GSOPEN;EURJPY;A1;08-11 18:40;0;
2026-08-11T19:10:00.000+01:00,MAR1GSOPEN;EURJPY;A2;08-11 18:40;0;
2026-08-11T19:11:00.000+01:00,MAR1GSOPEN;EURJPY;A1;08-11 18:40;0;
2026-08-11T19:11:00.000+01:00,MAR1GSOPEN;EURJPY;A2;08-11 18:40;0;
2026-08-11T19:12:00.000+01:00,MAR1GSOPEN;EURJPY;A1;08-11 18:40;0;
2026-08-11T19:12:00.000+01:00,MAR1GSOPEN;EURJPY;A2;08-11 18:40;0;
2026-08-11T19:12:00.000+01:00,MAR1GSOPEN;EURJPY;B1;08-11 19:12;0;
2026-08-11T19:12:00.000+01:00,MAR1GSOPEN;EURJPY;B2;08-11 19:12;0;
2026-08-11T19:13:00.000+01:00,MAR1GSOPEN;EURJPY;A1;08-11 18:40;0;
2026-08-11T19:13:00.000+01:00,MAR1GSOPEN;EURJPY;A2;08-11 18:40;0;
2026-08-11T19:13:00.000+01:00,MAR1GSOPEN;EURJPY;B1;08-11 19:12;0;
2026-08-11T19:13:00.000+01:00,MAR1GSOPEN;EURJPY;B2;08-11 19:12;0;
2026-08-11T19:14:00.000+01:00,MAR1GSOPEN;EURJPY;A1;08-11 18:40;0;
2026-08-11T19:14:00.000+01:00,MAR1GSOPEN;EURJPY;A2;08-11 18:40;0;
2026-08-11T19:14:00.000+01:00,MAR1GSOPEN;EURJPY;B1;08-11 19:12;0;
2026-08-11T19:14:00.000+01:00,MAR1GSOPEN;EURJPY;B2;08-11 19:12;0;
2026-08-11T19:15:00.000+01:00,MAR1GSOPEN;EURJPY;A1;08-11 18:40;0;
2026-08-11T19:15:00.000+01:00,MAR1GSOPEN;EURJPY;A2;08-11 18:40;0;
2026-08-11T19:15:00.000+01:00,MAR1GSOPEN;EURJPY;B1;08-11 19:12;0;
2026-08-11T19:15:00.000+01:00,MAR1GSOPEN;EURJPY;B2;08-11 19:12;0;
2026-08-11T19:16:00.000+01:00,MAR1GSOPEN;EURJPY;A1;08-11 18:40;0;
2026-08-11T19:16:00.000+01:00,MAR1GSOPEN;EURJPY;A2;08-11 18:40;0;
2026-08-11T19:16:00.000+01:00,MAR1GSOPEN;EURJPY;B1;08-11 19:12;0;
2026-08-11T19:16:00.000+01:00,MAR1GSOPEN;EURJPY;B2;08-11 19:12;0;
2026-08-11T19:17:00.000+01:00,MAR1GSOPEN;EURJPY;A1;08-11 18:40;0;
2026-08-11T19:17:00.000+01:00,MAR1GSOPEN;EURJPY;A2;08-11 18:40;0;
2026-08-11T19:17:00.000+01:00,MAR1GSOPEN;EURJPY;B1;08-11 19:12;0;
2026-08-11T19:17:00.000+01:00,MAR1GSOPEN;EURJPY;B2;08-11 19:12;0;
2026-08-11T19:18:00.000+01:00,MAR1GSOPEN;EURJPY;A1;08-11 18:40;0;
2026-08-11T19:18:00.000+01:00,MAR1GSOPEN;EURJPY;A2;08-11 18:40;0;
2026-08-11T19:18:00.000+01:00,MAR1GSOPEN;EURJPY;B1;08-11 19:12;0;
2026-08-11T19:18:00.000+01:00,MAR1GSOPEN;EURJPY;B2;08-11 19:12;0;
2026-08-11T19:19:00.000+01:00,MAR1GSOPEN;EURJPY;A1;08-11 18:40;0;
2026-08-11T19:19:00.000+01:00,MAR1GSOPEN;EURJPY;A2;08-11 18:40;0;
2026-08-11T19:19:00.000+01:00,MAR1GSOPEN;EURJPY;B1;08-11 19:12;0;
2026-08-11T19:19:00.000+01:00,MAR1GSOPEN;EURJPY;B2;08-11 19:12;0;
2026-08-11T19:20:00.000+01:00,MAR1GSOPEN;EURJPY;A1;08-11 18:40;0;
2026-08-11T19:20:00.000+01:00,MAR1GSOPEN;EURJPY;A2;08-11 18:40;0;
2026-08-11T19:20:00.000+01:00,MAR1GSOPEN;EURJPY;B1;08-11 19:12;0;
2026-08-11T19:20:00.000+01:00,MAR1GSOPEN;EURJPY;B2;08-11 19:12;0;
2026-08-11T19:21:00.000+01:00,MAR1GSOPEN;EURJPY;A1;08-11 18:40;0;
2026-08-11T19:21:00.000+01:00,MAR1GSOPEN;EURJPY;A2;08-11 18:40;0;
2026-08-11T19:21:00.000+01:00,MAR1GSOPEN;EURJPY;B1;08-11 19:12;0;
2026-08-11T19:21:00.000+01:00,MAR1GSOPEN;EURJPY;B2;08-11 19:12;0;
2026-08-11T19:22:00.000+01:00,MAR1GSOPEN;EURJPY;A1;08-11 18:40;0;
2026-08-11T19:22:00.000+01:00,MAR1GSOPEN;EURJPY;A2;08-11 18:40;0;
2026-08-11T19:22:00.000+01:00,MAR1GSOPEN;EURJPY;B1;08-11 19:12;0;
2026-08-11T19:22:00.000+01:00,MAR1GSOPEN;EURJPY;B2;08-11 19:12;0;
2026-08-11T19:23:00.000+01:00,MAR1GSOPEN;EURJPY;A1;08-11 18:40;0;
2026-08-11T19:23:00.000+01:00,MAR1GSOPEN;EURJPY;A2;08-11 18:40;0;
2026-08-11T19:23:00.000+01:00,MAR1GSOPEN;EURJPY;B1;08-11 19:12;0;
2026-08-11T19:23:00.000+01:00,MAR1GSOPEN;EURJPY;B2;08-11 19:12;0;
2026-08-11T19:24:00.000+01:00,MAR1GSOPEN;EURJPY;A1;08-11 18:40;0;
2026-08-11T19:24:00.000+01:00,MAR1GSOPEN;EURJPY;A2;08-11 18:40;0;
2026-08-11T19:24:00.000+01:00,MAR1GSOPEN;EURJPY;B1;08-11 19:12;0;
2026-08-11T19:24:00.000+01:00,MAR1GSOPEN;EURJPY;B2;08-11 19:12;0;
2026-08-11T19:25:00.000+01:00,MAR1GSOPEN;EURJPY;A1;08-11 18:40;0;
2026-08-11T19:25:00.000+01:00,MAR1GSOPEN;EURJPY;A2;08-11 18:40;0;
2026-08-11T19:25:00.000+01:00,MAR1GSOPEN;EURJPY;B1;08-11 19:12;0;
2026-08-11T19:25:00.000+01:00,MAR1GSOPEN;EURJPY;B2;08-11 19:12;0;
2026-08-11T19:26:00.000+01:00,MAR1GSOPEN;EURJPY;A1;08-11 18:40;0;
2026-08-11T19:26:00.000+01:00,MAR1GSOPEN;EURJPY;A2;08-11 18:40;0;
2026-08-11T19:26:00.000+01:00,MAR1GSOPEN;EURJPY;B1;08-11 19:12;0;
2026-08-11T19:26:00.000+01:00,MAR1GSOPEN;EURJPY;B2;08-11 19:12;0;
2026-08-11T19:27:00.000+01:00,MAR1GSOPEN;EURJPY;A1;08-11 18:40;0;
2026-08-11T19:27:00.000+01:00,MAR1GSOPEN;EURJPY;A2;08-11 18:40;0;
2026-08-11T19:27:00.000+01:00,MAR1GSOPEN;EURJPY;B1;08-11 19:12;0;
2026-08-11T19:27:00.000+01:00,MAR1GSOPEN;EURJPY;B2;08-11 19:12;0;
2026-08-11T19:28:00.000+01:00,MAR1GSOPEN;EURJPY;A1;08-11 18:40;0;
2026-08-11T19:28:00.000+01:00,MAR1GSOPEN;EURJPY;A2;08-11 18:40;0;
2026-08-11T19:28:00.000+01:00,MAR1GSOPEN;EURJPY;B1;08-11 19:12;0;
2026-08-11T19:28:00.000+01:00,MAR1GSOPEN;EURJPY;B2;08-11 19:12;0;
2026-08-11T19:29:00.000+01:00,MAR1GSOPEN;EURJPY;A1;08-11 18:40;0;
2026-08-11T19:29:00.000+01:00,MAR1GSOPEN;EURJPY;A2;08-11 18:40;0;
2026-08-11T19:29:00.000+01:00,MAR1GSOPEN;EURJPY;B1;08-11 19:12;0;
2026-08-11T19:29:00.000+01:00,MAR1GSOPEN;EURJPY;B2;08-11 19:12;0;
2026-08-11T19:30:00.000+01:00,MAR1GSOPEN;EURJPY;A1;08-11 18:40;0;
2026-08-11T19:30:00.000+01:00,MAR1GSOPEN;EURJPY;A2;08-11 18:40;0;
2026-08-11T19:30:00.000+01:00,MAR1GSOPEN;EURJPY;B1;08-11 19:12;0;
2026-08-11T19:30:00.000+01:00,MAR1GSOPEN;EURJPY;B2;08-11 19:12;0;
2026-08-11T19:31:00.000+01:00,MAR1GSOPEN;EURJPY;A1;08-11 18:40;0;
2026-08-11T19:31:00.000+01:00,MAR1GSOPEN;EURJPY;A2;08-11 18:40;0;
2026-08-11T19:31:00.000+01:00,MAR1GSOPEN;EURJPY;B1;08-11 19:12;0;
2026-08-11T19:31:00.000+01:00,MAR1GSOPEN;EURJPY;B2;08-11 19:12;0;
2026-08-11T19:32:00.000+01:00,MAR1GSOPEN;EURJPY;A1;08-11 18:40;0;
2026-08-11T19:32:00.000+01:00,MAR1GSOPEN;EURJPY;A2;08-11 18:40;0;
2026-08-11T19:32:00.000+01:00,MAR1GSOPEN;EURJPY;B1;08-11 19:12;0;
2026-08-11T19:32:00.000+01:00,MAR1GSOPEN;EURJPY;B2;08-11 19:12;0;
2026-08-11T19:33:00.000+01:00,MAR1GSOPEN;EURJPY;A1;08-11 18:40;0;
2026-08-11T19:33:00.000+01:00,MAR1GSOPEN;EURJPY;A2;08-11 18:40;0;
2026-08-11T19:33:00.000+01:00,MAR1GSOPEN;EURJPY;B1;08-11 19:12;0;
2026-08-11T19:33:00.000+01:00,MAR1GSOPEN;EURJPY;B2;08-11 19:12;0;
2026-08-11T19:34:00.000+01:00,MAR1GSOPEN;EURJPY;A1;08-11 18:40;0;
2026-08-11T19:34:00.000+01:00,MAR1GSOPEN;EURJPY;A2;08-11 18:40;0;
2026-08-11T19:34:00.000+01:00,MAR1GSOPEN;EURJPY;B1;08-11 19:12;0;
2026-08-11T19:34:00.000+01:00,MAR1GSOPEN;EURJPY;B2;08-11 19:12;0;
2026-08-11T19:35:00.000+01:00,MAR1GSOPEN;EURJPY;A1;08-11 18:40;0;
2026-08-11T19:35:00.000+01:00,MAR1GSOPEN;EURJPY;A2;08-11 18:40;0;
2026-08-11T19:35:00.000+01:00,MAR1GSOPEN;EURJPY;B1;08-11 19:12;0;
2026-08-11T19:35:00.000+01:00,MAR1GSOPEN;EURJPY;B2;08-11 19:12;0;
2026-08-11T19:36:00.000+01:00,MAR1GSOPEN;EURJPY;A1;08-11 18:40;0;
2026-08-11T19:36:00.000+01:00,MAR1GSOPEN;EURJPY;A2;08-11 18:40;0;
2026-08-11T19:36:00.000+01:00,MAR1GSOPEN;EURJPY;B1;08-11 19:12;0;
2026-08-11T19:36:00.000+01:00,MAR1GSOPEN;EURJPY;B2;08-11 19:12;0;
2026-08-11T19:37:00.000+01:00,MAR1GSOPEN;EURJPY;A1;08-11 18:40;0;
2026-08-11T19:37:00.000+01:00,MAR1GSOPEN;EURJPY;A2;08-11 18:40;0;
2026-08-11T19:37:00.000+01:00,MAR1GSOPEN;EURJPY;B1;08-11 19:12;0;
2026-08-11T19:37:00.000+01:00,MAR1GSOPEN;EURJPY;B2;08-11 19:12;0;
2026-08-11T19:38:00.000+01:00,MAR1GSOPEN;EURJPY;A1;08-11 18:40;0;
2026-08-11T19:38:00.000+01:00,MAR1GSOPEN;EURJPY;A2;08-11 18:40;0;
2026-08-11T19:38:00.000+01:00,MAR1GSOPEN;EURJPY;B1;08-11 19:12;0;
2026-08-11T19:38:00.000+01:00,MAR1GSOPEN;EURJPY;B2;08-11 19:12;0;
2026-08-11T19:39:00.000+01:00,MAR1GSOPEN;EURJPY;A1;08-11 18:40;0;
2026-08-11T19:39:00.000+01:00,MAR1GSOPEN;EURJPY;A2;08-11 18:40;0;
2026-08-11T19:39:00.000+01:00,MAR1GSOPEN;EURJPY;B1;08-11 19:12;0;
2026-08-11T19:39:00.000+01:00,MAR1GSOPEN;EURJPY;B2;08-11 19:12;0;
2026-08-11T19:40:00.000+01:00,MAR1GSOPEN;EURJPY;A1;08-11 18:40;0;
2026-08-11T19:40:00.000+01:00,MAR1GSOPEN;EURJPY;A2;08-11 18:40;0;
2026-08-11T19:40:00.000+01:00,MAR1GSOPEN;EURJPY;B1;08-11 19:12;0;
2026-08-11T19:40:00.000+01:00,MAR1GSOPEN;EURJPY;B2;08-11 19:12;0;
2026-08-11T19:41:00.000+01:00,MAR1GSOPEN;EURJPY;A1;08-11 18:40;0;
2026-08-11T19:41:00.000+01:00,MAR1GSOPEN;EURJPY;A2;08-11 18:40;0;
2026-08-11T19:41:00.000+01:00,MAR1GSOPEN;EURJPY;B1;08-11 19:12;0;
2026-08-11T19:41:00.000+01:00,MAR1GSOPEN;EURJPY;B2;08-11 19:12;0;
2026-08-11T19:42:00.000+01:00,MAR1GSOPEN;EURJPY;A1;08-11 18:40;0;
2026-08-11T19:42:00.000+01:00,MAR1GSOPEN;EURJPY;A2;08-11 18:40;0;
2026-08-11T19:42:00.000+01:00,MAR1GSOPEN;EURJPY;B1;08-11 19:12;0;
2026-08-11T19:42:00.000+01:00,MAR1GSOPEN;EURJPY;B2;08-11 19:12;0;
2026-08-11T19:43:00.000+01:00,MAR1GSOPEN;EURJPY;A1;08-11 18:40;0;
2026-08-11T19:43:00.000+01:00,MAR1GSOPEN;EURJPY;A2;08-11 18:40;0;
2026-08-11T19:43:00.000+01:00,MAR1GSOPEN;EURJPY;B1;08-11 19:12;0;
2026-08-11T19:43:00.000+01:00,MAR1GSOPEN;EURJPY;B2;08-11 19:12;0;
2026-08-11T19:44:00.000+01:00,MAR1GSOPEN;EURJPY;A1;08-11 19:44;1;08-11 19:44
2026-08-11T19:44:00.000+01:00,MAR1GSOPEN;EURJPY;A2;08-11 19:44;1;08-11 19:44
2026-08-11T19:44:00.000+01:00,MAR1GSOPEN;EURJPY;B1;08-11 19:44;1;08-11 19:44
2026-08-11T19:44:00.000+01:00,MAR1GSOPEN;EURJPY;B2;08-11 19:44;1;08-11 19:44
2026-08-11T19:44:00.000+01:00,MAR1GSOPEN;EURJPY;C1;08-11 19:44;0;
2026-08-11T19:44:00.000+01:00,MAR1GSOPEN;EURJPY;C2;08-11 19:44;0;
2026-08-11T19:45:00.000+01:00,"MAR1GSCLOSE;EURJPY;A1;08-11 19:44;08-11 19:46;2;long;08-11 19:44,08-11 19:45"
2026-08-11T19:45:00.000+01:00,"MAR1GSCLOSE;EURJPY;A2;08-11 19:44;08-11 19:46;2;long;08-11 19:44,08-11 19:45"
2026-08-11T19:45:00.000+01:00,"MAR1GSCLOSE;EURJPY;B1;08-11 19:44;08-11 19:46;2;long;08-11 19:44,08-11 19:45"
2026-08-11T19:45:00.000+01:00,"MAR1GSCLOSE;EURJPY;B2;08-11 19:44;08-11 19:46;2;long;08-11 19:44,08-11 19:45"
2026-08-11T19:45:00.000+01:00,MAR1GSCLOSE;EURJPY;C1;08-11 19:45;08-11 19:46;1;long;08-11 19:45
2026-08-11T19:45:00.000+01:00,MAR1GSCLOSE;EURJPY;C2;08-11 19:45;08-11 19:46;1;long;08-11 19:45
2026-08-02T22:00:00.000+01:00,DIAG-CLOSE;USDJPY;s=0;prev=-1;c=0;firstObs=true;slotOn=true;inWindow=false;time_close=08-02 22:01
2026-08-02T22:00:00.000+01:00,DIAG-CLOSE;USDJPY;s=1;prev=-1;c=0;firstObs=true;slotOn=true;inWindow=false;time_close=08-02 22:01
2026-08-02T22:00:00.000+01:00,DIAG-CLOSE;USDJPY;s=2;prev=-1;c=0;firstObs=true;slotOn=true;inWindow=false;time_close=08-02 22:01
2026-08-02T22:00:00.000+01:00,DIAG-CLOSE;USDJPY;s=3;prev=-1;c=0;firstObs=true;slotOn=true;inWindow=false;time_close=08-02 22:01
2026-08-02T22:00:00.000+01:00,DIAG-CLOSE;USDJPY;s=4;prev=-1;c=0;firstObs=true;slotOn=true;inWindow=false;time_close=08-02 22:01
2026-08-02T22:00:00.000+01:00,DIAG-CLOSE;USDJPY;s=5;prev=-1;c=0;firstObs=true;slotOn=true;inWindow=false;time_close=08-02 22:01
2026-08-02T22:00:00.000+01:00,DIAG-CLOSE;USDJPY;s=6;prev=-1;c=0;firstObs=true;slotOn=true;inWindow=false;time_close=08-02 22:01
2026-08-02T22:00:00.000+01:00,DIAG-CLOSE;USDJPY;s=7;prev=-1;c=0;firstObs=true;slotOn=true;inWindow=false;time_close=08-02 22:01
2026-08-02T22:00:00.000+01:00,DIAG-CLOSE;EURJPY;s=0;prev=-1;c=0;firstObs=true;slotOn=true;inWindow=false;time_close=08-02 22:01
2026-08-02T22:00:00.000+01:00,DIAG-CLOSE;EURJPY;s=1;prev=-1;c=0;firstObs=true;slotOn=true;inWindow=false;time_close=08-02 22:01
2026-08-02T22:00:00.000+01:00,DIAG-CLOSE;EURJPY;s=2;prev=-1;c=0;firstObs=true;slotOn=true;inWindow=false;time_close=08-02 22:01
2026-08-02T22:00:00.000+01:00,DIAG-CLOSE;EURJPY;s=3;prev=-1;c=0;firstObs=true;slotOn=true;inWindow=false;time_close=08-02 22:01
2026-08-02T22:00:00.000+01:00,DIAG-CLOSE;EURJPY;s=4;prev=-1;c=0;firstObs=true;slotOn=true;inWindow=false;time_close=08-02 22:01
2026-08-02T22:00:00.000+01:00,DIAG-CLOSE;EURJPY;s=5;prev=-1;c=0;firstObs=true;slotOn=true;inWindow=false;time_close=08-02 22:01
2026-08-02T22:00:00.000+01:00,DIAG-CLOSE;EURJPY;s=6;prev=-1;c=0;firstObs=true;slotOn=true;inWindow=false;time_close=08-02 22:01
2026-08-02T22:00:00.000+01:00,DIAG-CLOSE;EURJPY;s=7;prev=-1;c=0;firstObs=true;slotOn=true;inWindow=false;time_close=08-02 22:01
2026-08-02T22:01:00.000+01:00,DIAG-CLOSE;GBPUSD;s=0;prev=-1;c=0;firstObs=true;slotOn=true;inWindow=false;time_close=08-02 22:02
2026-08-02T22:01:00.000+01:00,DIAG-CLOSE;GBPUSD;s=1;prev=-1;c=0;firstObs=true;slotOn=true;inWindow=false;time_close=08-02 22:02
2026-08-02T22:01:00.000+01:00,DIAG-CLOSE;GBPUSD;s=2;prev=-1;c=0;firstObs=true;slotOn=true;inWindow=false;time_close=08-02 22:02
2026-08-02T22:01:00.000+01:00,DIAG-CLOSE;GBPUSD;s=3;prev=-1;c=0;firstObs=true;slotOn=true;inWindow=false;time_close=08-02 22:02
2026-08-02T22:01:00.000+01:00,DIAG-CLOSE;GBPUSD;s=4;prev=-1;c=0;firstObs=true;slotOn=true;inWindow=false;time_close=08-02 22:02
2026-08-02T22:01:00.000+01:00,DIAG-CLOSE;GBPUSD;s=5;prev=-1;c=0;firstObs=true;slotOn=true;inWindow=false;time_close=08-02 22:02
2026-08-02T22:01:00.000+01:00,DIAG-CLOSE;GBPUSD;s=6;prev=-1;c=0;firstObs=true;slotOn=true;inWindow=false;time_close=08-02 22:02
2026-08-02T22:01:00.000+01:00,DIAG-CLOSE;GBPUSD;s=7;prev=-1;c=0;firstObs=true;slotOn=true;inWindow=false;time_close=08-02 22:02
2026-08-02T22:01:00.000+01:00,DIAG-CLOSE;EURGBP;s=0;prev=-1;c=0;firstObs=true;slotOn=true;inWindow=false;time_close=08-02 22:02
2026-08-02T22:01:00.000+01:00,DIAG-CLOSE;EURGBP;s=1;prev=-1;c=0;firstObs=true;slotOn=true;inWindow=false;time_close=08-02 22:02
2026-08-02T22:01:00.000+01:00,DIAG-CLOSE;EURGBP;s=2;prev=-1;c=0;firstObs=true;slotOn=true;inWindow=false;time_close=08-02 22:02
2026-08-02T22:01:00.000+01:00,DIAG-CLOSE;EURGBP;s=3;prev=-1;c=0;firstObs=true;slotOn=true;inWindow=false;time_close=08-02 22:02
2026-08-02T22:01:00.000+01:00,DIAG-CLOSE;EURGBP;s=4;prev=-1;c=0;firstObs=true;slotOn=true;inWindow=false;time_close=08-02 22:02
2026-08-02T22:01:00.000+01:00,DIAG-CLOSE;EURGBP;s=5;prev=-1;c=0;firstObs=true;slotOn=true;inWindow=false;time_close=08-02 22:02
2026-08-02T22:01:00.000+01:00,DIAG-CLOSE;EURGBP;s=6;prev=-1;c=0;firstObs=true;slotOn=true;inWindow=false;time_close=08-02 22:02
2026-08-02T22:01:00.000+01:00,DIAG-CLOSE;EURGBP;s=7;prev=-1;c=0;firstObs=true;slotOn=true;inWindow=false;time_close=08-02 22:02
2026-08-02T22:03:00.000+01:00,DIAG-CLOSE;EURUSD;s=0;prev=-1;c=0;firstObs=true;slotOn=true;inWindow=false;time_close=08-02 22:04
2026-08-02T22:03:00.000+01:00,DIAG-CLOSE;EURUSD;s=1;prev=-1;c=0;firstObs=true;slotOn=true;inWindow=false;time_close=08-02 22:04
2026-08-02T22:03:00.000+01:00,DIAG-CLOSE;EURUSD;s=2;prev=-1;c=0;firstObs=true;slotOn=true;inWindow=false;time_close=08-02 22:04
2026-08-02T22:03:00.000+01:00,DIAG-CLOSE;EURUSD;s=3;prev=-1;c=0;firstObs=true;slotOn=true;inWindow=false;time_close=08-02 22:04
2026-08-02T22:03:00.000+01:00,DIAG-CLOSE;EURUSD;s=4;prev=-1;c=0;firstObs=true;slotOn=true;inWindow=false;time_close=08-02 22:04
2026-08-02T22:03:00.000+01:00,DIAG-CLOSE;EURUSD;s=5;prev=-1;c=0;firstObs=true;slotOn=true;inWindow=false;time_close=08-02 22:04
2026-08-02T22:03:00.000+01:00,DIAG-CLOSE;EURUSD;s=6;prev=-1;c=0;firstObs=true;slotOn=true;inWindow=false;time_close=08-02 22:04
2026-08-02T22:03:00.000+01:00,DIAG-CLOSE;EURUSD;s=7;prev=-1;c=0;firstObs=true;slotOn=true;inWindow=false;time_close=08-02 22:04
2026-08-02T22:03:00.000+01:00,DIAG-CLOSE;EURAUD;s=0;prev=-1;c=0;firstObs=true;slotOn=true;inWindow=false;time_close=08-02 22:04
2026-08-02T22:03:00.000+01:00,DIAG-CLOSE;EURAUD;s=1;prev=-1;c=0;firstObs=true;slotOn=true;inWindow=false;time_close=08-02 22:04
2026-08-02T22:03:00.000+01:00,DIAG-CLOSE;EURAUD;s=2;prev=-1;c=0;firstObs=true;slotOn=true;inWindow=false;time_close=08-02 22:04
2026-08-02T22:03:00.000+01:00,DIAG-CLOSE;EURAUD;s=3;prev=-1;c=0;firstObs=true;slotOn=true;inWindow=false;time_close=08-02 22:04
2026-08-02T22:03:00.000+01:00,DIAG-CLOSE;EURAUD;s=4;prev=-1;c=0;firstObs=true;slotOn=true;inWindow=false;time_close=08-02 22:04
2026-08-02T22:03:00.000+01:00,DIAG-CLOSE;EURAUD;s=5;prev=-1;c=0;firstObs=true;slotOn=true;inWindow=false;time_close=08-02 22:04
2026-08-02T22:03:00.000+01:00,DIAG-CLOSE;EURAUD;s=6;prev=-1;c=0;firstObs=true;slotOn=true;inWindow=false;time_close=08-02 22:04
2026-08-02T22:03:00.000+01:00,DIAG-CLOSE;EURAUD;s=7;prev=-1;c=0;firstObs=true;slotOn=true;inWindow=false;time_close=08-02 22:04
2026-08-02T22:03:00.000+01:00,DIAG-CLOSE;EURCAD;s=0;prev=-1;c=0;firstObs=true;slotOn=true;inWindow=false;time_close=08-02 22:04
2026-08-02T22:03:00.000+01:00,DIAG-CLOSE;EURCAD;s=1;prev=-1;c=0;firstObs=true;slotOn=true;inWindow=false;time_close=08-02 22:04
2026-08-02T22:03:00.000+01:00,DIAG-CLOSE;EURCAD;s=2;prev=-1;c=0;firstObs=true;slotOn=true;inWindow=false;time_close=08-02 22:04
2026-08-02T22:03:00.000+01:00,DIAG-CLOSE;EURCAD;s=3;prev=-1;c=0;firstObs=true;slotOn=true;inWindow=false;time_close=08-02 22:04
2026-08-02T22:03:00.000+01:00,DIAG-CLOSE;EURCAD;s=4;prev=-1;c=0;firstObs=true;slotOn=true;inWindow=false;time_close=08-02 22:04
2026-08-02T22:03:00.000+01:00,DIAG-CLOSE;EURCAD;s=5;prev=-1;c=0;firstObs=true;slotOn=true;inWindow=false;time_close=08-02 22:04
2026-08-02T22:03:00.000+01:00,DIAG-CLOSE;EURCAD;s=6;prev=-1;c=0;firstObs=true;slotOn=true;inWindow=false;time_close=08-02 22:04
2026-08-02T22:03:00.000+01:00,DIAG-CLOSE;EURCAD;s=7;prev=-1;c=0;firstObs=true;slotOn=true;inWindow=false;time_close=08-02 22:04
2026-08-02T22:03:00.000+01:00,DIAG-CLOSE;GBPAUD;s=0;prev=-1;c=0;firstObs=true;slotOn=true;inWindow=false;time_close=08-02 22:04
2026-08-02T22:03:00.000+01:00,DIAG-CLOSE;GBPAUD;s=1;prev=-1;c=0;firstObs=true;slotOn=true;inWindow=false;time_close=08-02 22:04
2026-08-02T22:03:00.000+01:00,DIAG-CLOSE;GBPAUD;s=2;prev=-1;c=0;firstObs=true;slotOn=true;inWindow=false;time_close=08-02 22:04
2026-08-02T22:03:00.000+01:00,DIAG-CLOSE;GBPAUD;s=3;prev=-1;c=0;firstObs=true;slotOn=true;inWindow=false;time_close=08-02 22:04
2026-08-02T22:03:00.000+01:00,DIAG-CLOSE;GBPAUD;s=4;prev=-1;c=0;firstObs=true;slotOn=true;inWindow=false;time_close=08-02 22:04
2026-08-02T22:03:00.000+01:00,DIAG-CLOSE;GBPAUD;s=5;prev=-1;c=0;firstObs=true;slotOn=true;inWindow=false;time_close=08-02 22:04
2026-08-02T22:03:00.000+01:00,DIAG-CLOSE;GBPAUD;s=6;prev=-1;c=0;firstObs=true;slotOn=true;inWindow=false;time_close=08-02 22:04
2026-08-02T22:03:00.000+01:00,DIAG-CLOSE;GBPAUD;s=7;prev=-1;c=0;firstObs=true;slotOn=true;inWindow=false;time_close=08-02 22:04
2026-08-02T22:03:00.000+01:00,DIAG-CLOSE;GBPJPY;s=0;prev=-1;c=0;firstObs=true;slotOn=true;inWindow=false;time_close=08-02 22:04
2026-08-02T22:03:00.000+01:00,DIAG-CLOSE;GBPJPY;s=1;prev=-1;c=0;firstObs=true;slotOn=true;inWindow=false;time_close=08-02 22:04
2026-08-02T22:03:00.000+01:00,DIAG-CLOSE;GBPJPY;s=2;prev=-1;c=0;firstObs=true;slotOn=true;inWindow=false;time_close=08-02 22:04
2026-08-02T22:03:00.000+01:00,DIAG-CLOSE;GBPJPY;s=3;prev=-1;c=0;firstObs=true;slotOn=true;inWindow=false;time_close=08-02 22:04
2026-08-02T22:03:00.000+01:00,DIAG-CLOSE;GBPJPY;s=4;prev=-1;c=0;firstObs=true;slotOn=true;inWindow=false;time_close=08-02 22:04
2026-08-02T22:03:00.000+01:00,DIAG-CLOSE;GBPJPY;s=5;prev=-1;c=0;firstObs=true;slotOn=true;inWindow=false;time_close=08-02 22:04
2026-08-02T22:03:00.000+01:00,DIAG-CLOSE;GBPJPY;s=6;prev=-1;c=0;firstObs=true;slotOn=true;inWindow=false;time_close=08-02 22:04
2026-08-02T22:03:00.000+01:00,DIAG-CLOSE;GBPJPY;s=7;prev=-1;c=0;firstObs=true;slotOn=true;inWindow=false;time_close=08-02 22:04
2026-08-02T22:03:00.000+01:00,DIAG-CLOSE;GBPCAD;s=0;prev=-1;c=0;firstObs=true;slotOn=true;inWindow=false;time_close=08-02 22:04
2026-08-02T22:03:00.000+01:00,DIAG-CLOSE;GBPCAD;s=1;prev=-1;c=0;firstObs=true;slotOn=true;inWindow=false;time_close=08-02 22:04
2026-08-02T22:03:00.000+01:00,DIAG-CLOSE;GBPCAD;s=2;prev=-1;c=0;firstObs=true;slotOn=true;inWindow=false;time_close=08-02 22:04
2026-08-02T22:03:00.000+01:00,DIAG-CLOSE;GBPCAD;s=3;prev=-1;c=0;firstObs=true;slotOn=true;inWindow=false;time_close=08-02 22:04
2026-08-02T22:03:00.000+01:00,DIAG-CLOSE;GBPCAD;s=4;prev=-1;c=0;firstObs=true;slotOn=true;inWindow=false;time_close=08-02 22:04
2026-08-02T22:03:00.000+01:00,DIAG-CLOSE;GBPCAD;s=5;prev=-1;c=0;firstObs=true;slotOn=true;inWindow=false;time_close=08-02 22:04
2026-08-02T22:03:00.000+01:00,DIAG-CLOSE;GBPCAD;s=6;prev=-1;c=0;firstObs=true;slotOn=true;inWindow=false;time_close=08-02 22:04
2026-08-02T22:03:00.000+01:00,DIAG-CLOSE;GBPCAD;s=7;prev=-1;c=0;firstObs=true;slotOn=true;inWindow=false;time_close=08-02 22:04
2026-08-02T22:03:00.000+01:00,DIAG-CLOSE;CADJPY;s=0;prev=-1;c=0;firstObs=true;slotOn=true;inWindow=false;time_close=08-02 22:04
2026-08-02T22:03:00.000+01:00,DIAG-CLOSE;CADJPY;s=1;prev=-1;c=0;firstObs=true;slotOn=true;inWindow=false;time_close=08-02 22:04
2026-08-02T22:03:00.000+01:00,DIAG-CLOSE;CADJPY;s=2;prev=-1;c=0;firstObs=true;slotOn=true;inWindow=false;time_close=08-02 22:04
2026-08-02T22:03:00.000+01:00,DIAG-CLOSE;CADJPY;s=3;prev=-1;c=0;firstObs=true;slotOn=true;inWindow=false;time_close=08-02 22:04
2026-08-02T22:03:00.000+01:00,DIAG-CLOSE;CADJPY;s=4;prev=-1;c=0;firstObs=true;slotOn=true;inWindow=false;time_close=08-02 22:04
2026-08-02T22:03:00.000+01:00,DIAG-CLOSE;CADJPY;s=5;prev=-1;c=0;firstObs=true;slotOn=true;inWindow=false;time_close=08-02 22:04
2026-08-02T22:03:00.000+01:00,DIAG-CLOSE;CADJPY;s=6;prev=-1;c=0;firstObs=true;slotOn=true;inWindow=false;time_close=08-02 22:04
2026-08-02T22:03:00.000+01:00,DIAG-CLOSE;CADJPY;s=7;prev=-1;c=0;firstObs=true;slotOn=true;inWindow=false;time_close=08-02 22:04
2026-08-02T22:05:00.000+01:00,DIAG-CLOSE;GBPCHF;s=0;prev=-1;c=0;firstObs=true;slotOn=true;inWindow=false;time_close=08-02 22:06
2026-08-02T22:05:00.000+01:00,DIAG-CLOSE;GBPCHF;s=1;prev=-1;c=0;firstObs=true;slotOn=true;inWindow=false;time_close=08-02 22:06
2026-08-02T22:05:00.000+01:00,DIAG-CLOSE;GBPCHF;s=2;prev=-1;c=0;firstObs=true;slotOn=true;inWindow=false;time_close=08-02 22:06
2026-08-02T22:05:00.000+01:00,DIAG-CLOSE;GBPCHF;s=3;prev=-1;c=0;firstObs=true;slotOn=true;inWindow=false;time_close=08-02 22:06
2026-08-02T22:05:00.000+01:00,DIAG-CLOSE;GBPCHF;s=4;prev=-1;c=0;firstObs=true;slotOn=true;inWindow=false;time_close=08-02 22:06
2026-08-02T22:05:00.000+01:00,DIAG-CLOSE;GBPCHF;s=5;prev=-1;c=0;firstObs=true;slotOn=true;inWindow=false;time_close=08-02 22:06
2026-08-02T22:05:00.000+01:00,DIAG-CLOSE;GBPCHF;s=6;prev=-1;c=0;firstObs=true;slotOn=true;inWindow=false;time_close=08-02 22:06
2026-08-02T22:05:00.000+01:00,DIAG-CLOSE;GBPCHF;s=7;prev=-1;c=0;firstObs=true;slotOn=true;inWindow=false;time_close=08-02 22:06
2026-08-02T22:05:00.000+01:00,DIAG-CLOSE;CADCHF;s=0;prev=-1;c=0;firstObs=true;slotOn=true;inWindow=false;time_close=08-02 22:06
2026-08-02T22:05:00.000+01:00,DIAG-CLOSE;CADCHF;s=1;prev=-1;c=0;firstObs=true;slotOn=true;inWindow=false;time_close=08-02 22:06
2026-08-02T22:05:00.000+01:00,DIAG-CLOSE;CADCHF;s=2;prev=-1;c=0;firstObs=true;slotOn=true;inWindow=false;time_close=08-02 22:06
2026-08-02T22:05:00.000+01:00,DIAG-CLOSE;CADCHF;s=3;prev=-1;c=0;firstObs=true;slotOn=true;inWindow=false;time_close=08-02 22:06
2026-08-02T22:05:00.000+01:00,DIAG-CLOSE;CADCHF;s=4;prev=-1;c=0;firstObs=true;slotOn=true;inWindow=false;time_close=08-02 22:06
2026-08-02T22:05:00.000+01:00,DIAG-CLOSE;CADCHF;s=5;prev=-1;c=0;firstObs=true;slotOn=true;inWindow=false;time_close=08-02 22:06
2026-08-02T22:05:00.000+01:00,DIAG-CLOSE;CADCHF;s=6;prev=-1;c=0;firstObs=true;slotOn=true;inWindow=false;time_close=08-02 22:06
2026-08-02T22:05:00.000+01:00,DIAG-CLOSE;CADCHF;s=7;prev=-1;c=0;firstObs=true;slotOn=true;inWindow=false;time_close=08-02 22:06
2026-08-02T22:06:00.000+01:00,DIAG-CLOSE;USDCAD;s=0;prev=-1;c=0;firstObs=true;slotOn=true;inWindow=false;time_close=08-02 22:07
2026-08-02T22:06:00.000+01:00,DIAG-CLOSE;USDCAD;s=1;prev=-1;c=0;firstObs=true;slotOn=true;inWindow=false;time_close=08-02 22:07
2026-08-02T22:06:00.000+01:00,DIAG-CLOSE;USDCAD;s=2;prev=-1;c=0;firstObs=true;slotOn=true;inWindow=false;time_close=08-02 22:07
2026-08-02T22:06:00.000+01:00,DIAG-CLOSE;USDCAD;s=3;prev=-1;c=0;firstObs=true;slotOn=true;inWindow=false;time_close=08-02 22:07
2026-08-02T22:06:00.000+01:00,DIAG-CLOSE;USDCAD;s=4;prev=-1;c=0;firstObs=true;slotOn=true;inWindow=false;time_close=08-02 22:07
2026-08-02T22:06:00.000+01:00,DIAG-CLOSE;USDCAD;s=5;prev=-1;c=0;firstObs=true;slotOn=true;inWindow=false;time_close=08-02 22:07
2026-08-02T22:06:00.000+01:00,DIAG-CLOSE;USDCAD;s=6;prev=-1;c=0;firstObs=true;slotOn=true;inWindow=false;time_close=08-02 22:07
2026-08-02T22:06:00.000+01:00,DIAG-CLOSE;USDCAD;s=7;prev=-1;c=0;firstObs=true;slotOn=true;inWindow=false;time_close=08-02 22:07
2026-08-02T22:12:00.000+01:00,DIAG-CLOSE;AUDUSD;s=0;prev=-1;c=0;firstObs=true;slotOn=true;inWindow=false;time_close=08-02 22:13
2026-08-02T22:12:00.000+01:00,DIAG-CLOSE;AUDUSD;s=1;prev=-1;c=0;firstObs=true;slotOn=true;inWindow=false;time_close=08-02 22:13
2026-08-02T22:12:00.000+01:00,DIAG-CLOSE;AUDUSD;s=2;prev=-1;c=0;firstObs=true;slotOn=true;inWindow=false;time_close=08-02 22:13
2026-08-02T22:12:00.000+01:00,DIAG-CLOSE;AUDUSD;s=3;prev=-1;c=0;firstObs=true;slotOn=true;inWindow=false;time_close=08-02 22:13
2026-08-02T22:12:00.000+01:00,DIAG-CLOSE;AUDUSD;s=4;prev=-1;c=0;firstObs=true;slotOn=true;inWindow=false;time_close=08-02 22:13
2026-08-02T22:12:00.000+01:00,DIAG-CLOSE;AUDUSD;s=5;prev=-1;c=0;firstObs=true;slotOn=true;inWindow=false;time_close=08-02 22:13
2026-08-02T22:12:00.000+01:00,DIAG-CLOSE;AUDUSD;s=6;prev=-1;c=0;firstObs=true;slotOn=true;inWindow=false;time_close=08-02 22:13
2026-08-02T22:12:00.000+01:00,DIAG-CLOSE;AUDUSD;s=7;prev=-1;c=0;firstObs=true;slotOn=true;inWindow=false;time_close=08-02 22:13
2026-08-02T22:12:00.000+01:00,DIAG-CLOSE;AUDJPY;s=0;prev=-1;c=0;firstObs=true;slotOn=true;inWindow=false;time_close=08-02 22:13
2026-08-02T22:12:00.000+01:00,DIAG-CLOSE;AUDJPY;s=1;prev=-1;c=0;firstObs=true;slotOn=true;inWindow=false;time_close=08-02 22:13
2026-08-02T22:12:00.000+01:00,DIAG-CLOSE;AUDJPY;s=2;prev=-1;c=0;firstObs=true;slotOn=true;inWindow=false;time_close=08-02 22:13
2026-08-02T22:12:00.000+01:00,DIAG-CLOSE;AUDJPY;s=3;prev=-1;c=0;firstObs=true;slotOn=true;inWindow=false;time_close=08-02 22:13
2026-08-02T22:12:00.000+01:00,DIAG-CLOSE;AUDJPY;s=4;prev=-1;c=0;firstObs=true;slotOn=true;inWindow=false;time_close=08-02 22:13
2026-08-02T22:12:00.000+01:00,DIAG-CLOSE;AUDJPY;s=5;prev=-1;c=0;firstObs=true;slotOn=true;inWindow=false;time_close=08-02 22:13
2026-08-02T22:12:00.000+01:00,DIAG-CLOSE;AUDJPY;s=6;prev=-1;c=0;firstObs=true;slotOn=true;inWindow=false;time_close=08-02 22:13
2026-08-02T22:12:00.000+01:00,DIAG-CLOSE;AUDJPY;s=7;prev=-1;c=0;firstObs=true;slotOn=true;inWindow=false;time_close=08-02 22:13
2026-08-02T22:12:00.000+01:00,DIAG-CLOSE;AUDCAD;s=0;prev=-1;c=0;firstObs=true;slotOn=true;inWindow=false;time_close=08-02 22:13
2026-08-02T22:12:00.000+01:00,DIAG-CLOSE;AUDCAD;s=1;prev=-1;c=0;firstObs=true;slotOn=true;inWindow=false;time_close=08-02 22:13
2026-08-02T22:12:00.000+01:00,DIAG-CLOSE;AUDCAD;s=2;prev=-1;c=0;firstObs=true;slotOn=true;inWindow=false;time_close=08-02 22:13
2026-08-02T22:12:00.000+01:00,DIAG-CLOSE;AUDCAD;s=3;prev=-1;c=0;firstObs=true;slotOn=true;inWindow=false;time_close=08-02 22:13
2026-08-02T22:12:00.000+01:00,DIAG-CLOSE;AUDCAD;s=4;prev=-1;c=0;firstObs=true;slotOn=true;inWindow=false;time_close=08-02 22:13
2026-08-02T22:12:00.000+01:00,DIAG-CLOSE;AUDCAD;s=5;prev=-1;c=0;firstObs=true;slotOn=true;inWindow=false;time_close=08-02 22:13
2026-08-02T22:12:00.000+01:00,DIAG-CLOSE;AUDCAD;s=6;prev=-1;c=0;firstObs=true;slotOn=true;inWindow=false;time_close=08-02 22:13
2026-08-02T22:12:00.000+01:00,DIAG-CLOSE;AUDCAD;s=7;prev=-1;c=0;firstObs=true;slotOn=true;inWindow=false;time_close=08-02 22:13
2026-08-02T23:00:00.000+01:00,DIAG-CLOSE;USDCHF;s=0;prev=-1;c=0;firstObs=true;slotOn=true;inWindow=false;time_close=08-02 23:01
2026-08-02T23:00:00.000+01:00,DIAG-CLOSE;USDCHF;s=1;prev=-1;c=0;firstObs=true;slotOn=true;inWindow=false;time_close=08-02 23:01
2026-08-02T23:00:00.000+01:00,DIAG-CLOSE;USDCHF;s=2;prev=-1;c=0;firstObs=true;slotOn=true;inWindow=false;time_close=08-02 23:01
2026-08-02T23:00:00.000+01:00,DIAG-CLOSE;USDCHF;s=3;prev=-1;c=0;firstObs=true;slotOn=true;inWindow=false;time_close=08-02 23:01
2026-08-02T23:00:00.000+01:00,DIAG-CLOSE;USDCHF;s=4;prev=-1;c=0;firstObs=true;slotOn=true;inWindow=false;time_close=08-02 23:01
2026-08-02T23:00:00.000+01:00,DIAG-CLOSE;USDCHF;s=5;prev=-1;c=0;firstObs=true;slotOn=true;inWindow=false;time_close=08-02 23:01
2026-08-02T23:00:00.000+01:00,DIAG-CLOSE;USDCHF;s=6;prev=-1;c=0;firstObs=true;slotOn=true;inWindow=false;time_close=08-02 23:01
2026-08-02T23:00:00.000+01:00,DIAG-CLOSE;USDCHF;s=7;prev=-1;c=0;firstObs=true;slotOn=true;inWindow=false;time_close=08-02 23:01
2026-08-02T23:00:00.000+01:00,DIAG-CLOSE;EURCHF;s=0;prev=-1;c=0;firstObs=true;slotOn=true;inWindow=false;time_close=08-02 23:01
2026-08-02T23:00:00.000+01:00,DIAG-CLOSE;EURCHF;s=1;prev=-1;c=0;firstObs=true;slotOn=true;inWindow=false;time_close=08-02 23:01
2026-08-02T23:00:00.000+01:00,DIAG-CLOSE;EURCHF;s=2;prev=-1;c=0;firstObs=true;slotOn=true;inWindow=false;time_close=08-02 23:01
2026-08-02T23:00:00.000+01:00,DIAG-CLOSE;EURCHF;s=3;prev=-1;c=0;firstObs=true;slotOn=true;inWindow=false;time_close=08-02 23:01
2026-08-02T23:00:00.000+01:00,DIAG-CLOSE;EURCHF;s=4;prev=-1;c=0;firstObs=true;slotOn=true;inWindow=false;time_close=08-02 23:01
2026-08-02T23:00:00.000+01:00,DIAG-CLOSE;EURCHF;s=5;prev=-1;c=0;firstObs=true;slotOn=true;inWindow=false;time_close=08-02 23:01
2026-08-02T23:00:00.000+01:00,DIAG-CLOSE;EURCHF;s=6;prev=-1;c=0;firstObs=true;slotOn=true;inWindow=false;time_close=08-02 23:01
2026-08-02T23:00:00.000+01:00,DIAG-CLOSE;EURCHF;s=7;prev=-1;c=0;firstObs=true;slotOn=true;inWindow=false;time_close=08-02 23:01
2026-08-02T23:00:00.000+01:00,DIAG-CLOSE;CHFJPY;s=0;prev=-1;c=0;firstObs=true;slotOn=true;inWindow=false;time_close=08-02 23:01
2026-08-02T23:00:00.000+01:00,DIAG-CLOSE;CHFJPY;s=1;prev=-1;c=0;firstObs=true;slotOn=true;inWindow=false;time_close=08-02 23:01
2026-08-02T23:00:00.000+01:00,DIAG-CLOSE;CHFJPY;s=2;prev=-1;c=0;firstObs=true;slotOn=true;inWindow=false;time_close=08-02 23:01
2026-08-02T23:00:00.000+01:00,DIAG-CLOSE;CHFJPY;s=3;prev=-1;c=0;firstObs=true;slotOn=true;inWindow=false;time_close=08-02 23:01
2026-08-02T23:00:00.000+01:00,DIAG-CLOSE;CHFJPY;s=4;prev=-1;c=0;firstObs=true;slotOn=true;inWindow=false;time_close=08-02 23:01
2026-08-02T23:00:00.000+01:00,DIAG-CLOSE;CHFJPY;s=5;prev=-1;c=0;firstObs=true;slotOn=true;inWindow=false;time_close=08-02 23:01
2026-08-02T23:00:00.000+01:00,DIAG-CLOSE;CHFJPY;s=6;prev=-1;c=0;firstObs=true;slotOn=true;inWindow=false;time_close=08-02 23:01
2026-08-02T23:00:00.000+01:00,DIAG-CLOSE;CHFJPY;s=7;prev=-1;c=0;firstObs=true;slotOn=true;inWindow=false;time_close=08-02 23:01
2026-08-02T23:00:00.000+01:00,DIAG-CLOSE;AUDCHF;s=0;prev=-1;c=0;firstObs=true;slotOn=true;inWindow=false;time_close=08-02 23:01
2026-08-02T23:00:00.000+01:00,DIAG-CLOSE;AUDCHF;s=1;prev=-1;c=0;firstObs=true;slotOn=true;inWindow=false;time_close=08-02 23:01
2026-08-02T23:00:00.000+01:00,DIAG-CLOSE;AUDCHF;s=2;prev=-1;c=0;firstObs=true;slotOn=true;inWindow=false;time_close=08-02 23:01
2026-08-02T23:00:00.000+01:00,DIAG-CLOSE;AUDCHF;s=3;prev=-1;c=0;firstObs=true;slotOn=true;inWindow=false;time_close=08-02 23:01
2026-08-02T23:00:00.000+01:00,DIAG-CLOSE;AUDCHF;s=4;prev=-1;c=0;firstObs=true;slotOn=true;inWindow=false;time_close=08-02 23:01
2026-08-02T23:00:00.000+01:00,DIAG-CLOSE;AUDCHF;s=5;prev=-1;c=0;firstObs=true;slotOn=true;inWindow=false;time_close=08-02 23:01
2026-08-02T23:00:00.000+01:00,DIAG-CLOSE;AUDCHF;s=6;prev=-1;c=0;firstObs=true;slotOn=true;inWindow=false;time_close=08-02 23:01
2026-08-02T23:00:00.000+01:00,DIAG-CLOSE;AUDCHF;s=7;prev=-1;c=0;firstObs=true;slotOn=true;inWindow=false;time_close=08-02 23:01
2026-08-03T08:40:00.000+01:00,DIAG-CLOSE;AUDUSD;s=0;prev=0;c=1;firstObs=false;slotOn=true;inWindow=false;time_close=08-03 08:41
2026-08-03T08:40:00.000+01:00,DIAG-CLOSE;AUDUSD;s=1;prev=0;c=1;firstObs=false;slotOn=true;inWindow=false;time_close=08-03 08:41
2026-08-03T09:29:00.000+01:00,DIAG-CLOSE;EURCHF;s=2;prev=0;c=1;firstObs=false;slotOn=true;inWindow=false;time_close=08-03 09:30
2026-08-03T09:29:00.000+01:00,DIAG-CLOSE;EURCHF;s=3;prev=0;c=1;firstObs=false;slotOn=true;inWindow=false;time_close=08-03 09:30
2026-08-03T09:33:00.000+01:00,DIAG-CLOSE;EURCHF;s=0;prev=0;c=1;firstObs=false;slotOn=true;inWindow=false;time_close=08-03 09:34
2026-08-03T09:33:00.000+01:00,DIAG-CLOSE;EURCHF;s=1;prev=0;c=1;firstObs=false;slotOn=true;inWindow=false;time_close=08-03 09:34
2026-08-03T09:47:00.000+01:00,DIAG-CLOSE;GBPAUD;s=0;prev=0;c=1;firstObs=false;slotOn=true;inWindow=false;time_close=08-03 09:48
2026-08-03T09:47:00.000+01:00,DIAG-CLOSE;GBPAUD;s=1;prev=0;c=1;firstObs=false;slotOn=true;inWindow=false;time_close=08-03 09:48
2026-08-03T09:47:00.000+01:00,DIAG-CLOSE;GBPAUD;s=7;prev=0;c=1;firstObs=false;slotOn=true;inWindow=false;time_close=08-03 09:48
2026-08-03T10:34:00.000+01:00,DIAG-CLOSE;USDJPY;s=0;prev=0;c=1;firstObs=false;slotOn=true;inWindow=false;time_close=08-03 10:35
2026-08-03T10:34:00.000+01:00,DIAG-CLOSE;USDJPY;s=1;prev=0;c=1;firstObs=false;slotOn=true;inWindow=false;time_close=08-03 10:35
2026-08-03T10:34:00.000+01:00,DIAG-CLOSE;CADJPY;s=0;prev=0;c=1;firstObs=false;slotOn=true;inWindow=false;time_close=08-03 10:35
2026-08-03T10:34:00.000+01:00,DIAG-CLOSE;CADJPY;s=1;prev=0;c=1;firstObs=false;slotOn=true;inWindow=false;time_close=08-03 10:35
2026-08-03T10:37:00.000+01:00,DIAG-CLOSE;EURGBP;s=0;prev=0;c=1;firstObs=false;slotOn=true;inWindow=false;time_close=08-03 10:38
2026-08-03T10:37:00.000+01:00,DIAG-CLOSE;EURGBP;s=1;prev=0;c=1;firstObs=false;slotOn=true;inWindow=false;time_close=08-03 10:38
2026-08-03T10:37:00.000+01:00,DIAG-CLOSE;EURGBP;s=2;prev=0;c=1;firstObs=false;slotOn=true;inWindow=false;time_close=08-03 10:38
2026-08-03T10:37:00.000+01:00,DIAG-CLOSE;EURGBP;s=3;prev=0;c=1;firstObs=false;slotOn=true;inWindow=false;time_close=08-03 10:38
2026-08-03T10:38:00.000+01:00,DIAG-CLOSE;EURUSD;s=0;prev=0;c=1;firstObs=false;slotOn=true;inWindow=false;time_close=08-03 10:39
2026-08-03T10:38:00.000+01:00,DIAG-CLOSE;EURUSD;s=1;prev=0;c=1;firstObs=false;slotOn=true;inWindow=false;time_close=08-03 10:39
2026-08-03T10:38:00.000+01:00,DIAG-CLOSE;EURCAD;s=0;prev=0;c=1;firstObs=false;slotOn=true;inWindow=false;time_close=08-03 10:39
2026-08-03T10:38:00.000+01:00,DIAG-CLOSE;EURCAD;s=1;prev=0;c=1;firstObs=false;slotOn=true;inWindow=false;time_close=08-03 10:39
2026-08-03T10:48:00.000+01:00,DIAG-CLOSE;USDCHF;s=0;prev=0;c=1;firstObs=false;slotOn=true;inWindow=false;time_close=08-03 10:49
2026-08-03T10:48:00.000+01:00,DIAG-CLOSE;USDCHF;s=1;prev=0;c=1;firstObs=false;slotOn=true;inWindow=false;time_close=08-03 10:49
2026-08-03T10:48:00.000+01:00,DIAG-CLOSE;USDCHF;s=2;prev=0;c=1;firstObs=false;slotOn=true;inWindow=false;time_close=08-03 10:49
2026-08-03T10:48:00.000+01:00,DIAG-CLOSE;USDCHF;s=3;prev=0;c=1;firstObs=false;slotOn=true;inWindow=false;time_close=08-03 10:49
2026-08-03T10:48:00.000+01:00,DIAG-CLOSE;USDCHF;s=4;prev=0;c=1;firstObs=false;slotOn=true;inWindow=false;time_close=08-03 10:49
2026-08-03T10:48:00.000+01:00,DIAG-CLOSE;USDCHF;s=5;prev=0;c=1;firstObs=false;slotOn=true;inWindow=false;time_close=08-03 10:49
2026-08-03T10:48:00.000+01:00,DIAG-CLOSE;USDCHF;s=6;prev=0;c=1;firstObs=false;slotOn=true;inWindow=false;time_close=08-03 10:49
2026-08-03T10:48:00.000+01:00,DIAG-CLOSE;USDCHF;s=7;prev=0;c=1;firstObs=false;slotOn=true;inWindow=false;time_close=08-03 10:49
2026-08-03T10:51:00.000+01:00,DIAG-CLOSE;CADCHF;s=0;prev=0;c=1;firstObs=false;slotOn=true;inWindow=false;time_close=08-03 10:52
2026-08-03T11:16:00.000+01:00,DIAG-CLOSE;EURJPY;s=0;prev=0;c=1;firstObs=false;slotOn=true;inWindow=false;time_close=08-03 11:17
2026-08-03T11:16:00.000+01:00,DIAG-CLOSE;EURJPY;s=1;prev=0;c=1;firstObs=false;slotOn=true;inWindow=false;time_close=08-03 11:17
2026-08-03T11:16:00.000+01:00,DIAG-CLOSE;EURJPY;s=2;prev=0;c=1;firstObs=false;slotOn=true;inWindow=false;time_close=08-03 11:17
2026-08-03T11:16:00.000+01:00,DIAG-CLOSE;EURJPY;s=3;prev=0;c=1;firstObs=false;slotOn=true;inWindow=false;time_close=08-03 11:17
2026-08-03T11:16:00.000+01:00,DIAG-CLOSE;EURJPY;s=7;prev=0;c=1;firstObs=false;slotOn=true;inWindow=false;time_close=08-03 11:17
2026-08-03T11:16:00.000+01:00,DIAG-CLOSE;CADJPY;s=2;prev=0;c=1;firstObs=false;slotOn=true;inWindow=false;time_close=08-03 11:17
2026-08-03T11:16:00.000+01:00,DIAG-CLOSE;CADJPY;s=3;prev=0;c=1;firstObs=false;slotOn=true;inWindow=false;time_close=08-03 11:17
2026-08-03T11:19:00.000+01:00,DIAG-CLOSE;AUDJPY;s=0;prev=0;c=1;firstObs=false;slotOn=true;inWindow=false;time_close=08-03 11:20
2026-08-03T11:19:00.000+01:00,DIAG-CLOSE;AUDJPY;s=1;prev=0;c=1;firstObs=false;slotOn=true;inWindow=false;time_close=08-03 11:20
2026-08-03T11:19:00.000+01:00,DIAG-CLOSE;AUDJPY;s=2;prev=0;c=1;firstObs=false;slotOn=true;inWindow=false;time_close=08-03 11:20
2026-08-03T11:19:00.000+01:00,DIAG-CLOSE;AUDJPY;s=3;prev=0;c=1;firstObs=false;slotOn=true;inWindow=false;time_close=08-03 11:20
2026-08-03T11:19:00.000+01:00,DIAG-CLOSE;AUDJPY;s=4;prev=0;c=1;firstObs=false;slotOn=true;inWindow=false;time_close=08-03 11:20
2026-08-03T11:19:00.000+01:00,DIAG-CLOSE;AUDJPY;s=5;prev=0;c=1;firstObs=false;slotOn=true;inWindow=false;time_close=08-03 11:20
2026-08-03T11:36:00.000+01:00,DIAG-CLOSE;GBPUSD;s=0;prev=0;c=1;firstObs=false;slotOn=true;inWindow=false;time_close=08-03 11:37
2026-08-03T11:36:00.000+01:00,DIAG-CLOSE;GBPUSD;s=1;prev=0;c=1;firstObs=false;slotOn=true;inWindow=false;time_close=08-03 11:37
2026-08-03T11:36:00.000+01:00,DIAG-CLOSE;GBPCAD;s=0;prev=0;c=1;firstObs=false;slotOn=true;inWindow=false;time_close=08-03 11:37
2026-08-03T11:36:00.000+01:00,DIAG-CLOSE;GBPCAD;s=1;prev=0;c=1;firstObs=false;slotOn=true;inWindow=false;time_close=08-03 11:37
2026-08-03T12:00:00.000+01:00,DIAG-CLOSE;AUDCAD;s=2;prev=0;c=1;firstObs=false;slotOn=true;inWindow=false;time_close=08-03 12:01
2026-08-03T12:00:00.000+01:00,DIAG-CLOSE;AUDCAD;s=3;prev=0;c=1;firstObs=false;slotOn=true;inWindow=false;time_close=08-03 12:01
2026-08-03T12:08:00.000+01:00,DIAG-CLOSE;AUDCAD;s=4;prev=0;c=1;firstObs=false;slotOn=true;inWindow=false;time_close=08-03 12:09
2026-08-03T12:24:00.000+01:00,DIAG-CLOSE;USDCAD;s=2;prev=0;c=1;firstObs=false;slotOn=true;inWindow=false;time_close=08-03 12:25
2026-08-03T12:24:00.000+01:00,DIAG-CLOSE;USDCAD;s=3;prev=0;c=1;firstObs=false;slotOn=true;inWindow=false;time_close=08-03 12:25
2026-08-03T12:24:00.000+01:00,DIAG-CLOSE;USDCAD;s=4;prev=0;c=1;firstObs=false;slotOn=true;inWindow=false;time_close=08-03 12:25
2026-08-03T12:24:00.000+01:00,DIAG-CLOSE;USDCAD;s=5;prev=0;c=1;firstObs=false;slotOn=true;inWindow=false;time_close=08-03 12:25
2026-08-03T12:37:00.000+01:00,DIAG-CLOSE;EURUSD;s=0;prev=1;c=2;firstObs=false;slotOn=true;inWindow=false;time_close=08-03 12:38
2026-08-03T12:37:00.000+01:00,DIAG-CLOSE;EURUSD;s=1;prev=1;c=2;firstObs=false;slotOn=true;inWindow=false;time_close=08-03 12:38
2026-08-03T12:40:00.000+01:00,DIAG-CLOSE;USDCAD;s=0;prev=0;c=1;firstObs=false;slotOn=true;inWindow=false;time_close=08-03 12:41
2026-08-03T12:40:00.000+01:00,DIAG-CLOSE;USDCAD;s=1;prev=0;c=1;firstObs=false;slotOn=true;inWindow=false;time_close=08-03 12:41
2026-08-03T12:40:00.000+01:00,DIAG-CLOSE;USDCAD;s=6;prev=0;c=1;firstObs=false;slotOn=true;inWindow=false;time_close=08-03 12:41
2026-08-03T12:53:00.000+01:00,DIAG-CLOSE;GBPUSD;s=0;prev=1;c=2;firstObs=false;slotOn=true;inWindow=false;time_close=08-03 12:54
2026-08-03T12:53:00.000+01:00,DIAG-CLOSE;GBPUSD;s=1;prev=1;c=2;firstObs=false;slotOn=true;inWindow=false;time_close=08-03 12:54
2026-08-03T12:53:00.000+01:00,DIAG-CLOSE;USDCHF;s=0;prev=1;c=2;firstObs=false;slotOn=true;inWindow=false;time_close=08-03 12:54
2026-08-03T12:53:00.000+01:00,DIAG-CLOSE;USDCHF;s=1;prev=1;c=2;firstObs=false;slotOn=true;inWindow=false;time_close=08-03 12:54
2026-08-03T13:07:00.000+01:00,DIAG-CLOSE;CADCHF;s=0;prev=1;c=2;firstObs=false;slotOn=true;inWindow=false;time_close=08-03 13:08
2026-08-03T13:07:00.000+01:00,DIAG-CLOSE;CADCHF;s=1;prev=0;c=1;firstObs=false;slotOn=true;inWindow=false;time_close=08-03 13:08
2026-08-03T13:12:00.000+01:00,DIAG-CLOSE;EURCHF;s=0;prev=1;c=2;firstObs=false;slotOn=true;inWindow=false;time_close=08-03 13:13
2026-08-03T13:12:00.000+01:00,DIAG-CLOSE;EURCHF;s=1;prev=1;c=2;firstObs=false;slotOn=true;inWindow=false;time_close=08-03 13:13
2026-08-03T13:12:00.000+01:00,DIAG-CLOSE;EURCHF;s=2;prev=1;c=2;firstObs=false;slotOn=true;inWindow=false;time_close=08-03 13:13
2026-08-03T13:12:00.000+01:00,DIAG-CLOSE;EURCHF;s=3;prev=1;c=2;firstObs=false;slotOn=true;inWindow=false;time_close=08-03 13:13
2026-08-03T13:12:00.000+01:00,DIAG-CLOSE;EURCHF;s=4;prev=0;c=1;firstObs=false;slotOn=true;inWindow=false;time_close=08-03 13:13
2026-08-03T13:12:00.000+01:00,DIAG-CLOSE;EURCHF;s=5;prev=0;c=1;firstObs=false;slotOn=true;inWindow=false;time_close=08-03 13:13
2026-08-03T13:40:00.000+01:00,DIAG-CLOSE;USDJPY;s=0;prev=1;c=2;firstObs=false;slotOn=true;inWindow=false;time_close=08-03 13:41
2026-08-03T13:40:00.000+01:00,DIAG-CLOSE;USDJPY;s=1;prev=1;c=2;firstObs=false;slotOn=true;inWindow=false;time_close=08-03 13:41
2026-08-03T14:04:00.000+01:00,DIAG-CLOSE;AUDCHF;s=0;prev=0;c=1;firstObs=false;slotOn=true;inWindow=false;time_close=08-03 14:05
2026-08-03T14:04:00.000+01:00,DIAG-CLOSE;AUDCHF;s=1;prev=0;c=1;firstObs=false;slotOn=true;inWindow=false;time_close=08-03 14:05
2026-08-03T14:04:00.000+01:00,DIAG-CLOSE;AUDCHF;s=2;prev=0;c=1;firstObs=false;slotOn=true;inWindow=false;time_close=08-03 14:05
2026-08-03T14:04:00.000+01:00,DIAG-CLOSE;AUDCHF;s=3;prev=0;c=1;firstObs=false;slotOn=true;inWindow=false;time_close=08-03 14:05
2026-08-03T14:04:00.000+01:00,DIAG-CLOSE;AUDCHF;s=4;prev=0;c=1;firstObs=false;slotOn=true;inWindow=false;time_close=08-03 14:05
2026-08-03T14:04:00.000+01:00,DIAG-CLOSE;AUDCHF;s=5;prev=0;c=1;firstObs=false;slotOn=true;inWindow=false;time_close=08-03 14:05
2026-08-03T14:22:00.000+01:00,DIAG-CLOSE;CADJPY;s=0;prev=1;c=2;firstObs=false;slotOn=true;inWindow=false;time_close=08-03 14:23
2026-08-03T14:22:00.000+01:00,DIAG-CLOSE;CADJPY;s=1;prev=1;c=2;firstObs=false;slotOn=true;inWindow=false;time_close=08-03 14:23
2026-08-03T14:22:00.000+01:00,DIAG-CLOSE;CADJPY;s=2;prev=1;c=2;firstObs=false;slotOn=true;inWindow=false;time_close=08-03 14:23
2026-08-03T14:22:00.000+01:00,DIAG-CLOSE;CADJPY;s=3;prev=1;c=2;firstObs=false;slotOn=true;inWindow=false;time_close=08-03 14:23
2026-08-03T14:25:00.000+01:00,DIAG-CLOSE;EURUSD;s=0;prev=2;c=3;firstObs=false;slotOn=true;inWindow=false;time_close=08-03 14:26
2026-08-03T14:25:00.000+01:00,DIAG-CLOSE;EURUSD;s=1;prev=2;c=3;firstObs=false;slotOn=true;inWindow=false;time_close=08-03 14:26
2026-08-03T14:28:00.000+01:00,DIAG-CLOSE;USDJPY;s=0;prev=2;c=3;firstObs=false;slotOn=true;inWindow=false;time_close=08-03 14:29
2026-08-03T14:28:00.000+01:00,DIAG-CLOSE;USDJPY;s=1;prev=2;c=3;firstObs=false;slotOn=true;inWindow=false;time_close=08-03 14:29
2026-08-03T14:40:00.000+01:00,DIAG-CLOSE;GBPJPY;s=0;prev=0;c=1;firstObs=false;slotOn=true;inWindow=false;time_close=08-03 14:41
2026-08-03T14:40:00.000+01:00,DIAG-CLOSE;GBPJPY;s=1;prev=0;c=1;firstObs=false;slotOn=true;inWindow=false;time_close=08-03 14:41
2026-08-03T14:44:00.000+01:00,DIAG-CLOSE;EURUSD;s=0;prev=3;c=4;firstObs=false;slotOn=true;inWindow=false;time_close=08-03 14:45
2026-08-03T14:44:00.000+01:00,DIAG-CLOSE;EURUSD;s=1;prev=3;c=4;firstObs=false;slotOn=true;inWindow=false;time_close=08-03 14:45
2026-08-03T14:44:00.000+01:00,DIAG-CLOSE;EURUSD;s=2;prev=0;c=1;firstObs=false;slotOn=true;inWindow=false;time_close=08-03 14:45
2026-08-03T14:44:00.000+01:00,DIAG-CLOSE;EURUSD;s=3;prev=0;c=1;firstObs=false;slotOn=true;inWindow=false;time_close=08-03 14:45
2026-08-03T14:55:00.000+01:00,DIAG-CLOSE;GBPUSD;s=0;prev=2;c=3;firstObs=false;slotOn=true;inWindow=false;time_close=08-03 14:56
2026-08-03T14:55:00.000+01:00,DIAG-CLOSE;GBPUSD;s=1;prev=2;c=3;firstObs=false;slotOn=true;inWindow=false;time_close=08-03 14:56
2026-08-03T15:11:00.000+01:00,DIAG-CLOSE;EURGBP;s=0;prev=1;c=2;firstObs=false;slotOn=true;inWindow=false;time_close=08-03 15:12
2026-08-03T15:11:00.000+01:00,DIAG-CLOSE;EURGBP;s=1;prev=1;c=2;firstObs=false;slotOn=true;inWindow=false;time_close=08-03 15:12
2026-08-03T15:11:00.000+01:00,DIAG-CLOSE;EURGBP;s=2;prev=1;c=2;firstObs=false;slotOn=true;inWindow=false;time_close=08-03 15:12
2026-08-03T15:11:00.000+01:00,DIAG-CLOSE;EURGBP;s=3;prev=1;c=2;firstObs=false;slotOn=true;inWindow=false;time_close=08-03 15:12
2026-08-03T15:11:00.000+01:00,DIAG-CLOSE;EURGBP;s=4;prev=0;c=1;firstObs=false;slotOn=true;inWindow=false;time_close=08-03 15:12
2026-08-03T15:11:00.000+01:00,DIAG-CLOSE;EURGBP;s=5;prev=0;c=1;firstObs=false;slotOn=true;inWindow=false;time_close=08-03 15:12
2026-08-03T15:11:00.000+01:00,DIAG-CLOSE;CADCHF;s=0;prev=2;c=3;firstObs=false;slotOn=true;inWindow=false;time_close=08-03 15:12
2026-08-03T15:11:00.000+01:00,DIAG-CLOSE;CADCHF;s=1;prev=1;c=2;firstObs=false;slotOn=true;inWindow=false;time_close=08-03 15:12
2026-08-03T15:19:00.000+01:00,DIAG-CLOSE;USDCHF;s=1;prev=2;c=3;firstObs=false;slotOn=true;inWindow=false;time_close=08-03 15:20
2026-08-03T15:42:00.000+01:00,DIAG-CLOSE;GBPJPY;s=2;prev=0;c=1;firstObs=false;slotOn=true;inWindow=false;time_close=08-03 15:43
2026-08-03T15:42:00.000+01:00,DIAG-CLOSE;GBPJPY;s=3;prev=0;c=1;firstObs=false;slotOn=true;inWindow=false;time_close=08-03 15:43
2026-08-03T15:42:00.000+01:00,DIAG-CLOSE;AUDJPY;s=0;prev=1;c=2;firstObs=false;slotOn=true;inWindow=false;time_close=08-03 15:43
2026-08-03T15:42:00.000+01:00,DIAG-CLOSE;AUDJPY;s=1;prev=1;c=2;firstObs=false;slotOn=true;inWindow=false;time_close=08-03 15:43
2026-08-03T15:46:00.000+01:00,DIAG-CLOSE;CHFJPY;s=2;prev=0;c=1;firstObs=false;slotOn=true;inWindow=false;time_close=08-03 15:47
2026-08-03T15:46:00.000+01:00,DIAG-CLOSE;CHFJPY;s=3;prev=0;c=1;firstObs=false;slotOn=true;inWindow=false;time_close=08-03 15:47
2026-08-03T15:51:00.000+01:00,DIAG-CLOSE;AUDCAD;s=0;prev=0;c=1;firstObs=false;slotOn=true;inWindow=false;time_close=08-03 15:52
2026-08-03T15:51:00.000+01:00,DIAG-CLOSE;AUDCAD;s=1;prev=0;c=1;firstObs=false;slotOn=true;inWindow=false;time_close=08-03 15:52
2026-08-03T15:56:00.000+01:00,DIAG-CLOSE;CHFJPY;s=0;prev=0;c=1;firstObs=false;slotOn=true;inWindow=false;time_close=08-03 15:57
2026-08-03T15:56:00.000+01:00,DIAG-CLOSE;CHFJPY;s=1;prev=0;c=1;firstObs=false;slotOn=true;inWindow=false;time_close=08-03 15:57
2026-08-03T16:06:00.000+01:00,DIAG-CLOSE;GBPCAD;s=0;prev=1;c=2;firstObs=false;slotOn=true;inWindow=false;time_close=08-03 16:07
2026-08-03T16:06:00.000+01:00,DIAG-CLOSE;GBPCAD;s=1;prev=1;c=2;firstObs=false;slotOn=true;inWindow=false;time_close=08-03 16:07
2026-08-03T16:11:00.000+01:00,DIAG-CLOSE;USDCAD;s=0;prev=1;c=2;firstObs=false;slotOn=true;inWindow=false;time_close=08-03 16:12
2026-08-03T16:11:00.000+01:00,DIAG-CLOSE;USDCAD;s=1;prev=1;c=2;firstObs=false;slotOn=true;inWindow=false;time_close=08-03 16:12
2026-08-03T16:11:00.000+01:00,DIAG-CLOSE;USDCAD;s=2;prev=1;c=2;firstObs=false;slotOn=true;inWindow=false;time_close=08-03 16:12
2026-08-03T16:11:00.000+01:00,DIAG-CLOSE;USDCAD;s=3;prev=1;c=2;firstObs=false;slotOn=true;inWindow=false;time_close=08-03 16:12
2026-08-03T16:11:00.000+01:00,DIAG-CLOSE;USDCAD;s=4;prev=1;c=2;firstObs=false;slotOn=true;inWindow=false;time_close=08-03 16:12
2026-08-03T16:11:00.000+01:00,DIAG-CLOSE;USDCAD;s=5;prev=1;c=2;firstObs=false;slotOn=true;inWindow=false;time_close=08-03 16:12
2026-08-03T16:17:00.000+01:00,DIAG-CLOSE;USDJPY;s=0;prev=3;c=4;firstObs=false;slotOn=true;inWindow=false;time_close=08-03 16:18
2026-08-03T16:17:00.000+01:00,DIAG-CLOSE;USDJPY;s=1;prev=3;c=4;firstObs=false;slotOn=true;inWindow=false;time_close=08-03 16:18
2026-08-03T16:34:00.000+01:00,DIAG-CLOSE;EURJPY;s=0;prev=1;c=2;firstObs=false;slotOn=true;inWindow=false;time_close=08-03 16:35
2026-08-03T16:34:00.000+01:00,DIAG-CLOSE;EURJPY;s=1;prev=1;c=2;firstObs=false;slotOn=true;inWindow=false;time_close=08-03 16:35
2026-08-03T16:34:00.000+01:00,DIAG-CLOSE;EURJPY;s=2;prev=1;c=2;firstObs=false;slotOn=true;inWindow=false;time_close=08-03 16:35
2026-08-03T16:34:00.000+01:00,DIAG-CLOSE;EURJPY;s=3;prev=1;c=2;firstObs=false;slotOn=true;inWindow=false;time_close=08-03 16:35
2026-08-03T16:34:00.000+01:00,DIAG-CLOSE;EURJPY;s=4;prev=0;c=1;firstObs=false;slotOn=true;inWindow=false;time_close=08-03 16:35
2026-08-03T16:34:00.000+01:00,DIAG-CLOSE;EURJPY;s=5;prev=0;c=1;firstObs=false;slotOn=true;inWindow=false;time_close=08-03 16:35
2026-08-03T16:34:00.000+01:00,DIAG-CLOSE;EURJPY;s=6;prev=0;c=1;firstObs=false;slotOn=true;inWindow=false;time_close=08-03 16:35
2026-08-03T16:51:00.000+01:00,DIAG-CLOSE;USDCHF;s=0;prev=2;c=3;firstObs=false;slotOn=true;inWindow=false;time_close=08-03 16:52
2026-08-03T16:51:00.000+01:00,DIAG-CLOSE;USDCHF;s=1;prev=3;c=4;firstObs=false;slotOn=true;inWindow=false;time_close=08-03 16:52
2026-08-03T16:53:00.000+01:00,DIAG-CLOSE;USDCHF;s=2;prev=1;c=2;firstObs=false;slotOn=true;inWindow=false;time_close=08-03 16:54
2026-08-03T17:13:00.000+01:00,DIAG-CLOSE;GBPCAD;s=2;prev=0;c=1;firstObs=false;slotOn=true;inWindow=false;time_close=08-03 17:14
2026-08-03T17:13:00.000+01:00,DIAG-CLOSE;GBPCAD;s=3;prev=0;c=1;firstObs=false;slotOn=true;inWindow=false;time_close=08-03 17:14
2026-08-03T17:16:00.000+01:00,DIAG-CLOSE;EURGBP;s=2;prev=2;c=3;firstObs=false;slotOn=true;inWindow=false;time_close=08-03 17:17
2026-08-03T17:16:00.000+01:00,DIAG-CLOSE;EURGBP;s=3;prev=2;c=3;firstObs=false;slotOn=true;inWindow=false;time_close=08-03 17:17
2026-08-03T17:20:00.000+01:00,DIAG-CLOSE;GBPAUD;s=2;prev=0;c=1;firstObs=false;slotOn=true;inWindow=false;time_close=08-03 17:21
2026-08-03T17:20:00.000+01:00,DIAG-CLOSE;GBPAUD;s=3;prev=0;c=1;firstObs=false;slotOn=true;inWindow=false;time_close=08-03 17:21
2026-08-03T17:48:00.000+01:00,DIAG-CLOSE;GBPJPY;s=0;prev=1;c=2;firstObs=false;slotOn=true;inWindow=false;time_close=08-03 17:49
2026-08-03T17:48:00.000+01:00,DIAG-CLOSE;GBPJPY;s=1;prev=1;c=2;firstObs=false;slotOn=true;inWindow=false;time_close=08-03 17:49
2026-08-03T17:48:00.000+01:00,DIAG-CLOSE;GBPJPY;s=4;prev=0;c=1;firstObs=false;slotOn=true;inWindow=false;time_close=08-03 17:49
2026-08-03T17:48:00.000+01:00,DIAG-CLOSE;GBPJPY;s=5;prev=0;c=1;firstObs=false;slotOn=true;inWindow=false;time_close=08-03 17:49
2026-08-03T17:48:00.000+01:00,DIAG-CLOSE;GBPJPY;s=6;prev=0;c=1;firstObs=false;slotOn=true;inWindow=false;time_close=08-03 17:49
2026-08-03T17:49:00.000+01:00,DIAG-CLOSE;EURJPY;s=0;prev=2;c=3;firstObs=false;slotOn=true;inWindow=false;time_close=08-03 17:50
2026-08-03T17:49:00.000+01:00,DIAG-CLOSE;EURJPY;s=1;prev=2;c=3;firstObs=false;slotOn=true;inWindow=false;time_close=08-03 17:50
2026-08-03T18:07:00.000+01:00,DIAG-CLOSE;USDJPY;s=2;prev=0;c=1;firstObs=false;slotOn=true;inWindow=false;time_close=08-03 18:08
2026-08-03T18:07:00.000+01:00,DIAG-CLOSE;USDJPY;s=3;prev=0;c=1;firstObs=false;slotOn=true;inWindow=false;time_close=08-03 18:08
2026-08-03T18:07:00.000+01:00,DIAG-CLOSE;USDJPY;s=4;prev=0;c=1;firstObs=false;slotOn=true;inWindow=false;time_close=08-03 18:08
2026-08-03T18:07:00.000+01:00,DIAG-CLOSE;USDJPY;s=5;prev=0;c=1;firstObs=false;slotOn=true;inWindow=false;time_close=08-03 18:08
2026-08-03T18:11:00.000+01:00,DIAG-CLOSE;GBPCAD;s=0;prev=2;c=3;firstObs=false;slotOn=true;inWindow=false;time_close=08-03 18:12
2026-08-03T18:11:00.000+01:00,DIAG-CLOSE;GBPCAD;s=1;prev=2;c=3;firstObs=false;slotOn=true;inWindow=false;time_close=08-03 18:12
2026-08-03T18:12:00.000+01:00,DIAG-CLOSE;AUDCHF;s=0;prev=1;c=2;firstObs=false;slotOn=true;inWindow=false;time_close=08-03 18:13
2026-08-03T18:12:00.000+01:00,DIAG-CLOSE;AUDCHF;s=1;prev=1;c=2;firstObs=false;slotOn=true;inWindow=false;time_close=08-03 18:13
2026-08-03T18:13:00.000+01:00,DIAG-CLOSE;AUDUSD;s=0;prev=1;c=2;firstObs=false;slotOn=true;inWindow=false;time_close=08-03 18:14
2026-08-03T18:13:00.000+01:00,DIAG-CLOSE;AUDUSD;s=1;prev=1;c=2;firstObs=false;slotOn=true;inWindow=false;time_close=08-03 18:14
2026-08-03T18:13:00.000+01:00,DIAG-CLOSE;AUDUSD;s=2;prev=0;c=1;firstObs=false;slotOn=true;inWindow=false;time_close=08-03 18:14
2026-08-03T18:13:00.000+01:00,DIAG-CLOSE;AUDUSD;s=3;prev=0;c=1;firstObs=false;slotOn=true;inWindow=false;time_close=08-03 18:14
2026-08-03T18:13:00.000+01:00,DIAG-CLOSE;AUDUSD;s=6;prev=0;c=1;firstObs=false;slotOn=true;inWindow=false;time_close=08-03 18:14
2026-08-03T18:20:00.000+01:00,DIAG-CLOSE;GBPAUD;s=1;prev=1;c=2;firstObs=false;slotOn=true;inWindow=false;time_close=08-03 18:21
2026-08-03T19:01:00.000+01:00,DIAG-CLOSE;GBPUSD;s=0;prev=3;c=4;firstObs=false;slotOn=true;inWindow=false;time_close=08-03 19:02
2026-08-03T19:01:00.000+01:00,DIAG-CLOSE;GBPUSD;s=1;prev=3;c=4;firstObs=false;slotOn=true;inWindow=false;time_close=08-03 19:02
2026-08-03T19:06:00.000+01:00,DIAG-CLOSE;AUDCAD;s=0;prev=1;c=2;firstObs=false;slotOn=true;inWindow=false;time_close=08-03 19:07
2026-08-03T19:06:00.000+01:00,DIAG-CLOSE;AUDCAD;s=1;prev=1;c=2;firstObs=false;slotOn=true;inWindow=false;time_close=08-03 19:07
2026-08-03T19:12:00.000+01:00,DIAG-CLOSE;EURUSD;s=0;prev=4;c=5;firstObs=false;slotOn=true;inWindow=false;time_close=08-03 19:13
2026-08-03T19:12:00.000+01:00,DIAG-CLOSE;EURUSD;s=1;prev=4;c=5;firstObs=false;slotOn=true;inWindow=false;time_close=08-03 19:13
2026-08-03T19:12:00.000+01:00,DIAG-CLOSE;EURUSD;s=2;prev=1;c=2;firstObs=false;slotOn=true;inWindow=false;time_close=08-03 19:13
2026-08-03T19:12:00.000+01:00,DIAG-CLOSE;EURUSD;s=3;prev=1;c=2;firstObs=false;slotOn=true;inWindow=false;time_close=08-03 19:13
2026-08-03T19:20:00.000+01:00,DIAG-CLOSE;EURCAD;s=0;prev=1;c=2;firstObs=false;slotOn=true;inWindow=false;time_close=08-03 19:21
2026-08-03T19:20:00.000+01:00,DIAG-CLOSE;EURCAD;s=1;prev=1;c=2;firstObs=false;slotOn=true;inWindow=false;time_close=08-03 19:21
2026-08-03T19:20:00.000+01:00,DIAG-CLOSE;EURCAD;s=2;prev=0;c=1;firstObs=false;slotOn=true;inWindow=false;time_close=08-03 19:21
2026-08-03T19:20:00.000+01:00,DIAG-CLOSE;EURCAD;s=3;prev=0;c=1;firstObs=false;slotOn=true;inWindow=false;time_close=08-03 19:21
2026-08-03T19:20:00.000+01:00,DIAG-CLOSE;EURCAD;s=6;prev=0;c=1;firstObs=false;slotOn=true;inWindow=false;time_close=08-03 19:21
2026-08-03T19:51:00.000+01:00,DIAG-CLOSE;AUDUSD;s=0;prev=2;c=3;firstObs=false;slotOn=true;inWindow=false;time_close=08-03 19:52
2026-08-03T19:51:00.000+01:00,DIAG-CLOSE;AUDUSD;s=1;prev=2;c=3;firstObs=false;slotOn=true;inWindow=false;time_close=08-03 19:52
2026-08-03T19:51:00.000+01:00,DIAG-CLOSE;AUDUSD;s=2;prev=1;c=2;firstObs=false;slotOn=true;inWindow=false;time_close=08-03 19:52
2026-08-03T19:51:00.000+01:00,DIAG-CLOSE;AUDUSD;s=3;prev=1;c=2;firstObs=false;slotOn=true;inWindow=false;time_close=08-03 19:52
2026-08-03T19:51:00.000+01:00,DIAG-CLOSE;AUDUSD;s=5;prev=0;c=1;firstObs=false;slotOn=true;inWindow=false;time_close=08-03 19:52
2026-08-04T08:07:00.000+01:00,DIAG-CLOSE;GBPAUD;s=0;prev=1;c=2;firstObs=false;slotOn=true;inWindow=false;time_close=08-04 08:08
2026-08-04T08:07:00.000+01:00,DIAG-CLOSE;GBPAUD;s=1;prev=2;c=3;firstObs=false;slotOn=true;inWindow=false;time_close=08-04 08:08
2026-08-04T08:18:00.000+01:00,DIAG-CLOSE;EURUSD;s=0;prev=5;c=6;firstObs=false;slotOn=true;inWindow=false;time_close=08-04 08:19
2026-08-04T08:18:00.000+01:00,DIAG-CLOSE;EURUSD;s=1;prev=5;c=6;firstObs=false;slotOn=true;inWindow=false;time_close=08-04 08:19
2026-08-04T08:46:00.000+01:00,DIAG-CLOSE;USDCHF;s=1;prev=4;c=5;firstObs=false;slotOn=true;inWindow=false;time_close=08-04 08:47
2026-08-04T08:46:00.000+01:00,DIAG-CLOSE;USDCHF;s=2;prev=2;c=3;firstObs=false;slotOn=true;inWindow=false;time_close=08-04 08:47
2026-08-04T08:46:00.000+01:00,DIAG-CLOSE;USDCHF;s=3;prev=1;c=2;firstObs=false;slotOn=true;inWindow=false;time_close=08-04 08:47
2026-08-04T08:46:00.000+01:00,DIAG-CLOSE;AUDCAD;s=0;prev=2;c=3;firstObs=false;slotOn=true;inWindow=false;time_close=08-04 08:47
2026-08-04T08:46:00.000+01:00,DIAG-CLOSE;AUDCAD;s=1;prev=2;c=3;firstObs=false;slotOn=true;inWindow=false;time_close=08-04 08:47
2026-08-04T08:46:00.000+01:00,DIAG-CLOSE;AUDCAD;s=2;prev=1;c=2;firstObs=false;slotOn=true;inWindow=false;time_close=08-04 08:47
2026-08-04T08:46:00.000+01:00,DIAG-CLOSE;AUDCAD;s=3;prev=1;c=2;firstObs=false;slotOn=true;inWindow=false;time_close=08-04 08:47
2026-08-04T08:47:00.000+01:00,DIAG-CLOSE;AUDJPY;s=0;prev=2;c=3;firstObs=false;slotOn=true;inWindow=false;time_close=08-04 08:48
2026-08-04T08:47:00.000+01:00,DIAG-CLOSE;AUDJPY;s=1;prev=2;c=3;firstObs=false;slotOn=true;inWindow=false;time_close=08-04 08:48
2026-08-04T08:47:00.000+01:00,DIAG-CLOSE;AUDJPY;s=2;prev=1;c=2;firstObs=false;slotOn=true;inWindow=false;time_close=08-04 08:48
2026-08-04T08:47:00.000+01:00,DIAG-CLOSE;AUDJPY;s=3;prev=1;c=2;firstObs=false;slotOn=true;inWindow=false;time_close=08-04 08:48
2026-08-04T09:05:00.000+01:00,DIAG-CLOSE;CHFJPY;s=0;prev=1;c=2;firstObs=false;slotOn=true;inWindow=false;time_close=08-04 09:06
2026-08-04T09:05:00.000+01:00,DIAG-CLOSE;CHFJPY;s=1;prev=1;c=2;firstObs=false;slotOn=true;inWindow=false;time_close=08-04 09:06
2026-08-04T09:09:00.000+01:00,DIAG-CLOSE;EURAUD;s=0;prev=0;c=1;firstObs=false;slotOn=true;inWindow=false;time_close=08-04 09:10
2026-08-04T09:09:00.000+01:00,DIAG-CLOSE;EURAUD;s=1;prev=0;c=1;firstObs=false;slotOn=true;inWindow=false;time_close=08-04 09:10
2026-08-04T09:09:00.000+01:00,DIAG-CLOSE;EURAUD;s=7;prev=0;c=1;firstObs=false;slotOn=true;inWindow=false;time_close=08-04 09:10
2026-08-04T09:11:00.000+01:00,DIAG-CLOSE;GBPCAD;s=2;prev=1;c=2;firstObs=false;slotOn=true;inWindow=false;time_close=08-04 09:12
2026-08-04T10:05:00.000+01:00,DIAG-CLOSE;EURJPY;s=2;prev=2;c=3;firstObs=false;slotOn=true;inWindow=false;time_close=08-04 10:06
2026-08-04T10:05:00.000+01:00,DIAG-CLOSE;EURJPY;s=3;prev=2;c=3;firstObs=false;slotOn=true;inWindow=false;time_close=08-04 10:06
2026-08-04T10:06:00.000+01:00,DIAG-CLOSE;EURCHF;s=0;prev=2;c=3;firstObs=false;slotOn=true;inWindow=false;time_close=08-04 10:07
2026-08-04T10:06:00.000+01:00,DIAG-CLOSE;EURCHF;s=1;prev=2;c=3;firstObs=false;slotOn=true;inWindow=false;time_close=08-04 10:07
2026-08-04T10:23:00.000+01:00,DIAG-CLOSE;USDCHF;s=0;prev=3;c=4;firstObs=false;slotOn=true;inWindow=false;time_close=08-04 10:24
2026-08-04T10:23:00.000+01:00,DIAG-CLOSE;USDCHF;s=1;prev=5;c=6;firstObs=false;slotOn=true;inWindow=false;time_close=08-04 10:24
2026-08-04T10:28:00.000+01:00,DIAG-CLOSE;AUDCHF;s=0;prev=2;c=3;firstObs=false;slotOn=true;inWindow=false;time_close=08-04 10:29
2026-08-04T10:28:00.000+01:00,DIAG-CLOSE;AUDCHF;s=1;prev=2;c=3;firstObs=false;slotOn=true;inWindow=false;time_close=08-04 10:29
2026-08-04T10:57:00.000+01:00,DIAG-CLOSE;GBPAUD;s=0;prev=2;c=3;firstObs=false;slotOn=true;inWindow=false;time_close=08-04 10:58
2026-08-04T10:57:00.000+01:00,DIAG-CLOSE;GBPAUD;s=1;prev=3;c=4;firstObs=false;slotOn=true;inWindow=false;time_close=08-04 10:58
2026-08-04T10:58:00.000+01:00,DIAG-CLOSE;EURCHF;s=3;prev=2;c=3;firstObs=false;slotOn=true;inWindow=false;time_close=08-04 10:59
2026-08-04T11:04:00.000+01:00,DIAG-CLOSE;GBPAUD;s=2;prev=1;c=2;firstObs=false;slotOn=true;inWindow=false;time_close=08-04 11:05
2026-08-04T11:04:00.000+01:00,DIAG-CLOSE;GBPAUD;s=3;prev=1;c=2;firstObs=false;slotOn=true;inWindow=false;time_close=08-04 11:05
2026-08-04T11:15:00.000+01:00,DIAG-CLOSE;EURCHF;s=0;prev=3;c=4;firstObs=false;slotOn=true;inWindow=false;time_close=08-04 11:16
2026-08-04T11:15:00.000+01:00,DIAG-CLOSE;EURCHF;s=1;prev=3;c=4;firstObs=false;slotOn=true;inWindow=false;time_close=08-04 11:16
2026-08-04T11:15:00.000+01:00,DIAG-CLOSE;EURCHF;s=2;prev=2;c=3;firstObs=false;slotOn=true;inWindow=false;time_close=08-04 11:16
2026-08-04T11:52:00.000+01:00,DIAG-CLOSE;GBPUSD;s=0;prev=4;c=5;firstObs=false;slotOn=true;inWindow=false;time_close=08-04 11:53
2026-08-04T11:52:00.000+01:00,DIAG-CLOSE;GBPUSD;s=1;prev=4;c=5;firstObs=false;slotOn=true;inWindow=false;time_close=08-04 11:53
2026-08-04T11:52:00.000+01:00,DIAG-CLOSE;GBPUSD;s=3;prev=0;c=1;firstObs=false;slotOn=true;inWindow=false;time_close=08-04 11:53
2026-08-04T11:52:00.000+01:00,DIAG-CLOSE;GBPUSD;s=5;prev=0;c=1;firstObs=false;slotOn=true;inWindow=false;time_close=08-04 11:53
2026-08-04T11:54:00.000+01:00,DIAG-CLOSE;AUDUSD;s=0;prev=3;c=4;firstObs=false;slotOn=true;inWindow=false;time_close=08-04 11:55
2026-08-04T11:54:00.000+01:00,DIAG-CLOSE;AUDUSD;s=1;prev=3;c=4;firstObs=false;slotOn=true;inWindow=false;time_close=08-04 11:55
2026-08-04T11:54:00.000+01:00,DIAG-CLOSE;AUDUSD;s=2;prev=2;c=3;firstObs=false;slotOn=true;inWindow=false;time_close=08-04 11:55
2026-08-04T11:54:00.000+01:00,DIAG-CLOSE;AUDUSD;s=3;prev=2;c=3;firstObs=false;slotOn=true;inWindow=false;time_close=08-04 11:55
2026-08-04T11:54:00.000+01:00,DIAG-CLOSE;AUDUSD;s=5;prev=1;c=2;firstObs=false;slotOn=true;inWindow=false;time_close=08-04 11:55
2026-08-04T12:15:00.000+01:00,DIAG-CLOSE;GBPUSD;s=2;prev=0;c=1;firstObs=false;slotOn=true;inWindow=false;time_close=08-04 12:16
2026-08-04T12:15:00.000+01:00,DIAG-CLOSE;GBPUSD;s=7;prev=0;c=1;firstObs=false;slotOn=true;inWindow=false;time_close=08-04 12:16
2026-08-04T13:02:00.000+01:00,DIAG-CLOSE;EURJPY;s=0;prev=3;c=4;firstObs=false;slotOn=true;inWindow=false;time_close=08-04 13:03
2026-08-04T13:02:00.000+01:00,DIAG-CLOSE;EURJPY;s=1;prev=3;c=4;firstObs=false;slotOn=true;inWindow=false;time_close=08-04 13:03
2026-08-04T13:13:00.000+01:00,DIAG-CLOSE;GBPAUD;s=0;prev=3;c=4;firstObs=false;slotOn=true;inWindow=false;time_close=08-04 13:14
2026-08-04T13:13:00.000+01:00,DIAG-CLOSE;GBPAUD;s=1;prev=4;c=5;firstObs=false;slotOn=true;inWindow=false;time_close=08-04 13:14
2026-08-04T13:17:00.000+01:00,DIAG-CLOSE;GBPCHF;s=2;prev=0;c=1;firstObs=false;slotOn=true;inWindow=false;time_close=08-04 13:18
2026-08-04T13:17:00.000+01:00,DIAG-CLOSE;GBPCHF;s=3;prev=0;c=1;firstObs=false;slotOn=true;inWindow=false;time_close=08-04 13:18
2026-08-04T13:22:00.000+01:00,DIAG-CLOSE;GBPCHF;s=0;prev=0;c=1;firstObs=false;slotOn=true;inWindow=false;time_close=08-04 13:23
2026-08-04T13:27:00.000+01:00,DIAG-CLOSE;CHFJPY;s=0;prev=2;c=3;firstObs=false;slotOn=true;inWindow=false;time_close=08-04 13:28
2026-08-04T13:27:00.000+01:00,DIAG-CLOSE;CHFJPY;s=1;prev=2;c=3;firstObs=false;slotOn=true;inWindow=false;time_close=08-04 13:28
2026-08-04T13:28:00.000+01:00,DIAG-CLOSE;USDCAD;s=0;prev=2;c=3;firstObs=false;slotOn=true;inWindow=false;time_close=08-04 13:29
2026-08-04T13:28:00.000+01:00,DIAG-CLOSE;USDCAD;s=1;prev=2;c=3;firstObs=false;slotOn=true;inWindow=false;time_close=08-04 13:29
2026-08-04T13:40:00.000+01:00,DIAG-CLOSE;GBPCHF;s=1;prev=0;c=1;firstObs=false;slotOn=true;inWindow=false;time_close=08-04 13:41
2026-08-04T13:40:00.000+01:00,DIAG-CLOSE;GBPCHF;s=4;prev=0;c=1;firstObs=false;slotOn=true;inWindow=false;time_close=08-04 13:41
2026-08-04T13:40:00.000+01:00,DIAG-CLOSE;GBPCHF;s=5;prev=0;c=1;firstObs=false;slotOn=true;inWindow=false;time_close=08-04 13:41
2026-08-04T13:43:00.000+01:00,DIAG-CLOSE;EURGBP;s=0;prev=2;c=3;firstObs=false;slotOn=true;inWindow=false;time_close=08-04 13:44
2026-08-04T13:43:00.000+01:00,DIAG-CLOSE;EURGBP;s=1;prev=2;c=3;firstObs=false;slotOn=true;inWindow=false;time_close=08-04 13:44
2026-08-04T13:53:00.000+01:00,DIAG-CLOSE;GBPCAD;s=2;prev=2;c=3;firstObs=false;slotOn=true;inWindow=false;time_close=08-04 13:54
2026-08-04T13:53:00.000+01:00,DIAG-CLOSE;GBPCAD;s=3;prev=1;c=2;firstObs=false;slotOn=true;inWindow=false;time_close=08-04 13:54
2026-08-04T13:53:00.000+01:00,DIAG-CLOSE;GBPCAD;s=4;prev=0;c=1;firstObs=false;slotOn=true;inWindow=false;time_close=08-04 13:54
2026-08-04T13:53:00.000+01:00,DIAG-CLOSE;GBPCAD;s=5;prev=0;c=1;firstObs=false;slotOn=true;inWindow=false;time_close=08-04 13:54
2026-08-04T13:57:00.000+01:00,DIAG-CLOSE;USDCAD;s=2;prev=2;c=3;firstObs=false;slotOn=true;inWindow=false;time_close=08-04 13:58
2026-08-04T13:57:00.000+01:00,DIAG-CLOSE;USDCAD;s=3;prev=2;c=3;firstObs=false;slotOn=true;inWindow=false;time_close=08-04 13:58
2026-08-04T14:16:00.000+01:00,DIAG-CLOSE;CHFJPY;s=0;prev=3;c=4;firstObs=false;slotOn=true;inWindow=false;time_close=08-04 14:17
2026-08-04T14:16:00.000+01:00,DIAG-CLOSE;CHFJPY;s=1;prev=3;c=4;firstObs=false;slotOn=true;inWindow=false;time_close=08-04 14:17
2026-08-04T14:16:00.000+01:00,DIAG-CLOSE;CHFJPY;s=2;prev=1;c=2;firstObs=false;slotOn=true;inWindow=false;time_close=08-04 14:17
2026-08-04T14:16:00.000+01:00,DIAG-CLOSE;CHFJPY;s=3;prev=1;c=2;firstObs=false;slotOn=true;inWindow=false;time_close=08-04 14:17
2026-08-04T14:16:00.000+01:00,DIAG-CLOSE;CHFJPY;s=4;prev=0;c=1;firstObs=false;slotOn=true;inWindow=false;time_close=08-04 14:17
2026-08-04T14:16:00.000+01:00,DIAG-CLOSE;CHFJPY;s=5;prev=0;c=1;firstObs=false;slotOn=true;inWindow=false;time_close=08-04 14:17
2026-08-04T14:16:00.000+01:00,DIAG-CLOSE;CHFJPY;s=6;prev=0;c=1;firstObs=false;slotOn=true;inWindow=false;time_close=08-04 14:17
2026-08-04T14:16:00.000+01:00,DIAG-CLOSE;CHFJPY;s=7;prev=0;c=1;firstObs=false;slotOn=true;inWindow=false;time_close=08-04 14:17
2026-08-04T14:18:00.000+01:00,DIAG-CLOSE;GBPCAD;s=0;prev=3;c=4;firstObs=false;slotOn=true;inWindow=false;time_close=08-04 14:19
2026-08-04T14:18:00.000+01:00,DIAG-CLOSE;GBPCAD;s=1;prev=3;c=4;firstObs=false;slotOn=true;inWindow=false;time_close=08-04 14:19
2026-08-04T14:18:00.000+01:00,DIAG-CLOSE;GBPCAD;s=6;prev=0;c=1;firstObs=false;slotOn=true;inWindow=false;time_close=08-04 14:19
2026-08-04T14:20:00.000+01:00,DIAG-CLOSE;CADJPY;s=0;prev=2;c=3;firstObs=false;slotOn=true;inWindow=false;time_close=08-04 14:21
2026-08-04T14:20:00.000+01:00,DIAG-CLOSE;CADJPY;s=1;prev=2;c=3;firstObs=false;slotOn=true;inWindow=false;time_close=08-04 14:21
2026-08-04T14:39:00.000+01:00,DIAG-CLOSE;EURUSD;s=0;prev=6;c=7;firstObs=false;slotOn=true;inWindow=false;time_close=08-04 14:40
2026-08-04T14:39:00.000+01:00,DIAG-CLOSE;EURUSD;s=1;prev=6;c=7;firstObs=false;slotOn=true;inWindow=false;time_close=08-04 14:40
2026-08-04T14:43:00.000+01:00,DIAG-CLOSE;USDCAD;s=0;prev=3;c=4;firstObs=false;slotOn=true;inWindow=false;time_close=08-04 14:44
2026-08-04T14:43:00.000+01:00,DIAG-CLOSE;USDCAD;s=1;prev=3;c=4;firstObs=false;slotOn=true;inWindow=false;time_close=08-04 14:44
2026-08-04T15:28:00.000+01:00,DIAG-CLOSE;GBPJPY;s=0;prev=2;c=3;firstObs=false;slotOn=true;inWindow=false;time_close=08-04 15:29
2026-08-04T15:28:00.000+01:00,DIAG-CLOSE;GBPJPY;s=1;prev=2;c=3;firstObs=false;slotOn=true;inWindow=false;time_close=08-04 15:29
2026-08-04T15:28:00.000+01:00,DIAG-CLOSE;GBPJPY;s=2;prev=1;c=2;firstObs=false;slotOn=true;inWindow=false;time_close=08-04 15:29
2026-08-04T15:28:00.000+01:00,DIAG-CLOSE;GBPJPY;s=3;prev=1;c=2;firstObs=false;slotOn=true;inWindow=false;time_close=08-04 15:29
2026-08-04T15:28:00.000+01:00,DIAG-CLOSE;GBPJPY;s=7;prev=0;c=1;firstObs=false;slotOn=true;inWindow=false;time_close=08-04 15:29
2026-08-04T15:46:00.000+01:00,DIAG-CLOSE;EURGBP;s=0;prev=3;c=4;firstObs=false;slotOn=true;inWindow=false;time_close=08-04 15:47
2026-08-04T15:46:00.000+01:00,DIAG-CLOSE;EURGBP;s=1;prev=3;c=4;firstObs=false;slotOn=true;inWindow=false;time_close=08-04 15:47
2026-08-04T15:50:00.000+01:00,DIAG-CLOSE;EURUSD;s=0;prev=7;c=8;firstObs=false;slotOn=true;inWindow=false;time_close=08-04 15:51
2026-08-04T15:50:00.000+01:00,DIAG-CLOSE;EURUSD;s=1;prev=7;c=8;firstObs=false;slotOn=true;inWindow=false;time_close=08-04 15:51
2026-08-04T16:08:00.000+01:00,DIAG-CLOSE;GBPCHF;s=0;prev=1;c=2;firstObs=false;slotOn=true;inWindow=false;time_close=08-04 16:09
2026-08-04T16:08:00.000+01:00,DIAG-CLOSE;GBPCHF;s=1;prev=1;c=2;firstObs=false;slotOn=true;inWindow=false;time_close=08-04 16:09
2026-08-04T16:08:00.000+01:00,DIAG-CLOSE;GBPCHF;s=2;prev=1;c=2;firstObs=false;slotOn=true;inWindow=false;time_close=08-04 16:09
2026-08-04T16:08:00.000+01:00,DIAG-CLOSE;GBPCHF;s=3;prev=1;c=2;firstObs=false;slotOn=true;inWindow=false;time_close=08-04 16:09
2026-08-04T16:08:00.000+01:00,DIAG-CLOSE;GBPCHF;s=4;prev=1;c=2;firstObs=false;slotOn=true;inWindow=false;time_close=08-04 16:09
2026-08-04T16:08:00.000+01:00,DIAG-CLOSE;GBPCHF;s=5;prev=1;c=2;firstObs=false;slotOn=true;inWindow=false;time_close=08-04 16:09
2026-08-04T16:13:00.000+01:00,DIAG-CLOSE;CHFJPY;s=0;prev=4;c=5;firstObs=false;slotOn=true;inWindow=false;time_close=08-04 16:14
2026-08-04T16:13:00.000+01:00,DIAG-CLOSE;CHFJPY;s=1;prev=4;c=5;firstObs=false;slotOn=true;inWindow=false;time_close=08-04 16:14
2026-08-04T16:13:00.000+01:00,DIAG-CLOSE;CHFJPY;s=2;prev=2;c=3;firstObs=false;slotOn=true;inWindow=false;time_close=08-04 16:14
2026-08-04T16:13:00.000+01:00,DIAG-CLOSE;CHFJPY;s=3;prev=2;c=3;firstObs=false;slotOn=true;inWindow=false;time_close=08-04 16:14
2026-08-04T16:13:00.000+01:00,DIAG-CLOSE;CHFJPY;s=4;prev=1;c=2;firstObs=false;slotOn=true;inWindow=false;time_close=08-04 16:14
2026-08-04T16:13:00.000+01:00,DIAG-CLOSE;CHFJPY;s=5;prev=1;c=2;firstObs=false;slotOn=true;inWindow=false;time_close=08-04 16:14
2026-08-04T16:13:00.000+01:00,DIAG-CLOSE;CHFJPY;s=6;prev=1;c=2;firstObs=false;slotOn=true;inWindow=false;time_close=08-04 16:14
2026-08-04T16:14:00.000+01:00,DIAG-CLOSE;GBPCAD;s=2;prev=3;c=4;firstObs=false;slotOn=true;inWindow=false;time_close=08-04 16:15
2026-08-04T16:14:00.000+01:00,DIAG-CLOSE;GBPCAD;s=3;prev=2;c=3;firstObs=false;slotOn=true;inWindow=false;time_close=08-04 16:15
2026-08-04T16:16:00.000+01:00,DIAG-CLOSE;GBPAUD;s=0;prev=4;c=5;firstObs=false;slotOn=true;inWindow=false;time_close=08-04 16:17
2026-08-04T16:16:00.000+01:00,DIAG-CLOSE;GBPAUD;s=1;prev=5;c=6;firstObs=false;slotOn=true;inWindow=false;time_close=08-04 16:17
2026-08-04T16:16:00.000+01:00,DIAG-CLOSE;GBPAUD;s=2;prev=2;c=3;firstObs=false;slotOn=true;inWindow=false;time_close=08-04 16:17
2026-08-04T16:16:00.000+01:00,DIAG-CLOSE;GBPAUD;s=3;prev=2;c=3;firstObs=false;slotOn=true;inWindow=false;time_close=08-04 16:17
2026-08-04T16:16:00.000+01:00,DIAG-CLOSE;GBPAUD;s=4;prev=0;c=1;firstObs=false;slotOn=true;inWindow=false;time_close=08-04 16:17
2026-08-04T16:16:00.000+01:00,DIAG-CLOSE;GBPAUD;s=5;prev=0;c=1;firstObs=false;slotOn=true;inWindow=false;time_close=08-04 16:17
2026-08-04T16:16:00.000+01:00,DIAG-CLOSE;GBPAUD;s=6;prev=0;c=1;firstObs=false;slotOn=true;inWindow=false;time_close=08-04 16:17
2026-08-04T16:16:00.000+01:00,DIAG-CLOSE;GBPAUD;s=7;prev=1;c=2;firstObs=false;slotOn=true;inWindow=false;time_close=08-04 16:17
2026-08-04T16:21:00.000+01:00,DIAG-CLOSE;GBPCAD;s=0;prev=4;c=5;firstObs=false;slotOn=true;inWindow=false;time_close=08-04 16:22
2026-08-04T16:21:00.000+01:00,DIAG-CLOSE;GBPCAD;s=1;prev=4;c=5;firstObs=false;slotOn=true;inWindow=false;time_close=08-04 16:22
2026-08-04T16:21:00.000+01:00,DIAG-CLOSE;GBPCAD;s=6;prev=1;c=2;firstObs=false;slotOn=true;inWindow=false;time_close=08-04 16:22
2026-08-04T16:25:00.000+01:00,DIAG-CLOSE;CADCHF;s=2;prev=0;c=1;firstObs=false;slotOn=true;inWindow=false;time_close=08-04 16:26
2026-08-04T16:25:00.000+01:00,DIAG-CLOSE;CADCHF;s=3;prev=0;c=1;firstObs=false;slotOn=true;inWindow=false;time_close=08-04 16:26
2026-08-04T16:25:00.000+01:00,DIAG-CLOSE;CADCHF;s=4;prev=0;c=1;firstObs=false;slotOn=true;inWindow=false;time_close=08-04 16:26
2026-08-04T16:25:00.000+01:00,DIAG-CLOSE;CADCHF;s=5;prev=0;c=1;firstObs=false;slotOn=true;inWindow=false;time_close=08-04 16:26
2026-08-04T16:48:00.000+01:00,DIAG-CLOSE;CADCHF;s=0;prev=3;c=4;firstObs=false;slotOn=true;inWindow=false;time_close=08-04 16:49
2026-08-04T16:48:00.000+01:00,DIAG-CLOSE;CADCHF;s=1;prev=2;c=3;firstObs=false;slotOn=true;inWindow=false;time_close=08-04 16:49
2026-08-04T16:57:00.000+01:00,DIAG-CLOSE;AUDCHF;s=0;prev=3;c=4;firstObs=false;slotOn=true;inWindow=false;time_close=08-04 16:58
2026-08-04T16:57:00.000+01:00,DIAG-CLOSE;AUDCHF;s=1;prev=3;c=4;firstObs=false;slotOn=true;inWindow=false;time_close=08-04 16:58
2026-08-04T17:34:00.000+01:00,DIAG-CLOSE;AUDCAD;s=0;prev=3;c=4;firstObs=false;slotOn=true;inWindow=false;time_close=08-04 17:35
2026-08-04T17:34:00.000+01:00,DIAG-CLOSE;AUDCAD;s=1;prev=3;c=4;firstObs=false;slotOn=true;inWindow=false;time_close=08-04 17:35
2026-08-04T17:52:00.000+01:00,DIAG-CLOSE;USDJPY;s=0;prev=4;c=5;firstObs=false;slotOn=true;inWindow=false;time_close=08-04 17:53
2026-08-04T17:52:00.000+01:00,DIAG-CLOSE;USDJPY;s=1;prev=4;c=5;firstObs=false;slotOn=true;inWindow=false;time_close=08-04 17:53
2026-08-04T18:08:00.000+01:00,DIAG-CLOSE;GBPCHF;s=0;prev=2;c=3;firstObs=false;slotOn=true;inWindow=false;time_close=08-04 18:09
2026-08-04T18:08:00.000+01:00,DIAG-CLOSE;GBPCHF;s=1;prev=2;c=3;firstObs=false;slotOn=true;inWindow=false;time_close=08-04 18:09
2026-08-04T18:12:00.000+01:00,DIAG-CLOSE;GBPCAD;s=0;prev=5;c=6;firstObs=false;slotOn=true;inWindow=false;time_close=08-04 18:13
2026-08-04T18:12:00.000+01:00,DIAG-CLOSE;GBPCAD;s=1;prev=5;c=6;firstObs=false;slotOn=true;inWindow=false;time_close=08-04 18:13
2026-08-04T18:25:00.000+01:00,DIAG-CLOSE;AUDCHF;s=0;prev=4;c=5;firstObs=false;slotOn=true;inWindow=false;time_close=08-04 18:26
2026-08-04T18:25:00.000+01:00,DIAG-CLOSE;AUDCHF;s=1;prev=4;c=5;firstObs=false;slotOn=true;inWindow=false;time_close=08-04 18:26
2026-08-04T19:08:00.000+01:00,DIAG-CLOSE;USDJPY;s=2;prev=1;c=2;firstObs=false;slotOn=true;inWindow=false;time_close=08-04 19:09
2026-08-04T19:08:00.000+01:00,DIAG-CLOSE;USDJPY;s=3;prev=1;c=2;firstObs=false;slotOn=true;inWindow=false;time_close=08-04 19:09
2026-08-04T19:13:00.000+01:00,DIAG-CLOSE;USDJPY;s=0;prev=5;c=6;firstObs=false;slotOn=true;inWindow=false;time_close=08-04 19:14
2026-08-04T19:13:00.000+01:00,DIAG-CLOSE;USDJPY;s=1;prev=5;c=6;firstObs=false;slotOn=true;inWindow=false;time_close=08-04 19:14
2026-08-04T19:47:00.000+01:00,DIAG-CLOSE;GBPUSD;s=0;prev=5;c=6;firstObs=false;slotOn=true;inWindow=false;time_close=08-04 19:48
2026-08-04T19:47:00.000+01:00,DIAG-CLOSE;GBPUSD;s=1;prev=5;c=6;firstObs=false;slotOn=true;inWindow=false;time_close=08-04 19:48
2026-08-04T19:47:00.000+01:00,DIAG-CLOSE;GBPUSD;s=2;prev=1;c=2;firstObs=false;slotOn=true;inWindow=false;time_close=08-04 19:48
2026-08-04T19:47:00.000+01:00,DIAG-CLOSE;GBPUSD;s=3;prev=1;c=2;firstObs=false;slotOn=true;inWindow=false;time_close=08-04 19:48
2026-08-04T19:47:00.000+01:00,DIAG-CLOSE;GBPUSD;s=4;prev=0;c=1;firstObs=false;slotOn=true;inWindow=false;time_close=08-04 19:48
2026-08-04T19:47:00.000+01:00,DIAG-CLOSE;GBPUSD;s=5;prev=1;c=2;firstObs=false;slotOn=true;inWindow=false;time_close=08-04 19:48
2026-08-04T19:47:00.000+01:00,DIAG-CLOSE;GBPUSD;s=6;prev=0;c=1;firstObs=false;slotOn=true;inWindow=false;time_close=08-04 19:48
2026-08-04T19:47:00.000+01:00,DIAG-CLOSE;GBPUSD;s=7;prev=1;c=2;firstObs=false;slotOn=true;inWindow=false;time_close=08-04 19:48
2026-08-04T19:51:00.000+01:00,DIAG-CLOSE;GBPJPY;s=0;prev=3;c=4;firstObs=false;slotOn=true;inWindow=false;time_close=08-04 19:52
2026-08-04T19:51:00.000+01:00,DIAG-CLOSE;GBPJPY;s=1;prev=3;c=4;firstObs=false;slotOn=true;inWindow=false;time_close=08-04 19:52
2026-08-04T19:51:00.000+01:00,DIAG-CLOSE;GBPJPY;s=2;prev=2;c=3;firstObs=false;slotOn=true;inWindow=false;time_close=08-04 19:52
2026-08-04T19:51:00.000+01:00,DIAG-CLOSE;GBPJPY;s=3;prev=2;c=3;firstObs=false;slotOn=true;inWindow=false;time_close=08-04 19:52
2026-08-04T19:55:00.000+01:00,DIAG-CLOSE;EURUSD;s=0;prev=8;c=9;firstObs=false;slotOn=true;inWindow=false;time_close=08-04 19:56
2026-08-04T19:55:00.000+01:00,DIAG-CLOSE;EURUSD;s=1;prev=8;c=9;firstObs=false;slotOn=true;inWindow=false;time_close=08-04 19:56
2026-08-04T19:55:00.000+01:00,DIAG-CLOSE;EURUSD;s=2;prev=2;c=3;firstObs=false;slotOn=true;inWindow=false;time_close=08-04 19:56
2026-08-04T19:55:00.000+01:00,DIAG-CLOSE;EURUSD;s=3;prev=2;c=3;firstObs=false;slotOn=true;inWindow=false;time_close=08-04 19:56
2026-08-05T08:00:00.000+01:00,DIAG-CLOSE;CADCHF;s=0;prev=4;c=5;firstObs=false;slotOn=true;inWindow=false;time_close=08-05 08:01
2026-08-05T08:00:00.000+01:00,DIAG-CLOSE;CADCHF;s=1;prev=3;c=4;firstObs=false;slotOn=true;inWindow=false;time_close=08-05 08:01
2026-08-05T08:00:00.000+01:00,DIAG-CLOSE;CADCHF;s=2;prev=1;c=2;firstObs=false;slotOn=true;inWindow=false;time_close=08-05 08:01
2026-08-05T08:00:00.000+01:00,DIAG-CLOSE;CADCHF;s=3;prev=1;c=2;firstObs=false;slotOn=true;inWindow=false;time_close=08-05 08:01
2026-08-05T08:00:00.000+01:00,DIAG-CLOSE;CADCHF;s=4;prev=1;c=2;firstObs=false;slotOn=true;inWindow=false;time_close=08-05 08:01
2026-08-05T08:00:00.000+01:00,DIAG-CLOSE;CADCHF;s=5;prev=1;c=2;firstObs=false;slotOn=true;inWindow=false;time_close=08-05 08:01
2026-08-05T08:00:00.000+01:00,DIAG-CLOSE;CADCHF;s=7;prev=0;c=1;firstObs=false;slotOn=true;inWindow=false;time_close=08-05 08:01
2026-08-05T08:48:00.000+01:00,DIAG-CLOSE;AUDUSD;s=0;prev=4;c=5;firstObs=false;slotOn=true;inWindow=false;time_close=08-05 08:49
2026-08-05T08:48:00.000+01:00,DIAG-CLOSE;AUDUSD;s=1;prev=4;c=5;firstObs=false;slotOn=true;inWindow=false;time_close=08-05 08:49
2026-08-05T09:14:00.000+01:00,DIAG-CLOSE;GBPCAD;s=0;prev=6;c=7;firstObs=false;slotOn=true;inWindow=false;time_close=08-05 09:15
2026-08-05T09:14:00.000+01:00,DIAG-CLOSE;GBPCAD;s=1;prev=6;c=7;firstObs=false;slotOn=true;inWindow=false;time_close=08-05 09:15
2026-08-05T09:14:00.000+01:00,DIAG-CLOSE;GBPCAD;s=2;prev=4;c=5;firstObs=false;slotOn=true;inWindow=false;time_close=08-05 09:15
2026-08-05T09:14:00.000+01:00,DIAG-CLOSE;GBPCAD;s=3;prev=3;c=4;firstObs=false;slotOn=true;inWindow=false;time_close=08-05 09:15
2026-08-05T09:21:00.000+01:00,DIAG-CLOSE;EURJPY;s=0;prev=4;c=5;firstObs=false;slotOn=true;inWindow=false;time_close=08-05 09:22
2026-08-05T09:21:00.000+01:00,DIAG-CLOSE;EURJPY;s=1;prev=4;c=5;firstObs=false;slotOn=true;inWindow=false;time_close=08-05 09:22
2026-08-05T09:23:00.000+01:00,DIAG-CLOSE;CHFJPY;s=0;prev=5;c=6;firstObs=false;slotOn=true;inWindow=false;time_close=08-05 09:24
2026-08-05T09:23:00.000+01:00,DIAG-CLOSE;CHFJPY;s=1;prev=5;c=6;firstObs=false;slotOn=true;inWindow=false;time_close=08-05 09:24
2026-08-05T09:23:00.000+01:00,DIAG-CLOSE;CHFJPY;s=2;prev=3;c=4;firstObs=false;slotOn=true;inWindow=false;time_close=08-05 09:24
2026-08-05T09:23:00.000+01:00,DIAG-CLOSE;CHFJPY;s=3;prev=3;c=4;firstObs=false;slotOn=true;inWindow=false;time_close=08-05 09:24
2026-08-05T09:23:00.000+01:00,DIAG-CLOSE;CHFJPY;s=4;prev=2;c=3;firstObs=false;slotOn=true;inWindow=false;time_close=08-05 09:24
2026-08-05T09:23:00.000+01:00,DIAG-CLOSE;CHFJPY;s=5;prev=2;c=3;firstObs=false;slotOn=true;inWindow=false;time_close=08-05 09:24
2026-08-05T09:48:00.000+01:00,DIAG-CLOSE;GBPUSD;s=0;prev=6;c=7;firstObs=false;slotOn=true;inWindow=false;time_close=08-05 09:49
2026-08-05T09:48:00.000+01:00,DIAG-CLOSE;GBPUSD;s=1;prev=6;c=7;firstObs=false;slotOn=true;inWindow=false;time_close=08-05 09:49
2026-08-05T09:50:00.000+01:00,DIAG-CLOSE;AUDUSD;s=0;prev=5;c=6;firstObs=false;slotOn=true;inWindow=false;time_close=08-05 09:51
2026-08-05T09:50:00.000+01:00,DIAG-CLOSE;AUDUSD;s=1;prev=5;c=6;firstObs=false;slotOn=true;inWindow=false;time_close=08-05 09:51
2026-08-05T09:50:00.000+01:00,DIAG-CLOSE;AUDUSD;s=4;prev=0;c=1;firstObs=false;slotOn=true;inWindow=false;time_close=08-05 09:51
2026-08-05T09:50:00.000+01:00,DIAG-CLOSE;AUDUSD;s=5;prev=2;c=3;firstObs=false;slotOn=true;inWindow=false;time_close=08-05 09:51
2026-08-05T10:26:00.000+01:00,DIAG-CLOSE;USDJPY;s=0;prev=6;c=7;firstObs=false;slotOn=true;inWindow=false;time_close=08-05 10:27
2026-08-05T10:26:00.000+01:00,DIAG-CLOSE;USDJPY;s=1;prev=6;c=7;firstObs=false;slotOn=true;inWindow=false;time_close=08-05 10:27
2026-08-05T10:32:00.000+01:00,DIAG-CLOSE;EURGBP;s=2;prev=3;c=4;firstObs=false;slotOn=true;inWindow=false;time_close=08-05 10:33
2026-08-05T10:32:00.000+01:00,DIAG-CLOSE;EURGBP;s=3;prev=3;c=4;firstObs=false;slotOn=true;inWindow=false;time_close=08-05 10:33
2026-08-05T10:32:00.000+01:00,DIAG-CLOSE;EURGBP;s=4;prev=1;c=2;firstObs=false;slotOn=true;inWindow=false;time_close=08-05 10:33
2026-08-05T10:32:00.000+01:00,DIAG-CLOSE;EURGBP;s=5;prev=1;c=2;firstObs=false;slotOn=true;inWindow=false;time_close=08-05 10:33
2026-08-05T11:02:00.000+01:00,DIAG-CLOSE;EURGBP;s=0;prev=4;c=5;firstObs=false;slotOn=true;inWindow=false;time_close=08-05 11:03
2026-08-05T11:02:00.000+01:00,DIAG-CLOSE;EURGBP;s=1;prev=4;c=5;firstObs=false;slotOn=true;inWindow=false;time_close=08-05 11:03
2026-08-05T11:27:00.000+01:00,DIAG-CLOSE;EURAUD;s=0;prev=1;c=2;firstObs=false;slotOn=true;inWindow=false;time_close=08-05 11:28
2026-08-05T11:27:00.000+01:00,DIAG-CLOSE;EURAUD;s=1;prev=1;c=2;firstObs=false;slotOn=true;inWindow=false;time_close=08-05 11:28
2026-08-05T11:28:00.000+01:00,DIAG-CLOSE;CHFJPY;s=0;prev=6;c=7;firstObs=false;slotOn=true;inWindow=false;time_close=08-05 11:29
2026-08-05T11:28:00.000+01:00,DIAG-CLOSE;CHFJPY;s=1;prev=6;c=7;firstObs=false;slotOn=true;inWindow=false;time_close=08-05 11:29
2026-08-05T11:28:00.000+01:00,DIAG-CLOSE;CHFJPY;s=2;prev=4;c=5;firstObs=false;slotOn=true;inWindow=false;time_close=08-05 11:29
2026-08-05T11:28:00.000+01:00,DIAG-CLOSE;CHFJPY;s=3;prev=4;c=5;firstObs=false;slotOn=true;inWindow=false;time_close=08-05 11:29
2026-08-05T11:28:00.000+01:00,DIAG-CLOSE;CHFJPY;s=4;prev=3;c=4;firstObs=false;slotOn=true;inWindow=false;time_close=08-05 11:29
2026-08-05T11:28:00.000+01:00,DIAG-CLOSE;CHFJPY;s=5;prev=3;c=4;firstObs=false;slotOn=true;inWindow=false;time_close=08-05 11:29
2026-08-05T11:28:00.000+01:00,DIAG-CLOSE;CHFJPY;s=6;prev=2;c=3;firstObs=false;slotOn=true;inWindow=false;time_close=08-05 11:29
2026-08-05T11:28:00.000+01:00,DIAG-CLOSE;CADJPY;s=0;prev=3;c=4;firstObs=false;slotOn=true;inWindow=false;time_close=08-05 11:29
2026-08-05T11:28:00.000+01:00,DIAG-CLOSE;CADJPY;s=1;prev=3;c=4;firstObs=false;slotOn=true;inWindow=false;time_close=08-05 11:29
2026-08-05T11:31:00.000+01:00,DIAG-CLOSE;USDCHF;s=0;prev=4;c=5;firstObs=false;slotOn=true;inWindow=false;time_close=08-05 11:32
2026-08-05T11:31:00.000+01:00,DIAG-CLOSE;USDCHF;s=1;prev=6;c=7;firstObs=false;slotOn=true;inWindow=false;time_close=08-05 11:32
2026-08-05T11:50:00.000+01:00,DIAG-CLOSE;USDCAD;s=0;prev=4;c=5;firstObs=false;slotOn=true;inWindow=false;time_close=08-05 11:51
2026-08-05T11:50:00.000+01:00,DIAG-CLOSE;USDCAD;s=1;prev=4;c=5;firstObs=false;slotOn=true;inWindow=false;time_close=08-05 11:51
2026-08-05T12:21:00.000+01:00,DIAG-CLOSE;EURJPY;s=0;prev=5;c=6;firstObs=false;slotOn=true;inWindow=false;time_close=08-05 12:22
2026-08-05T12:21:00.000+01:00,DIAG-CLOSE;EURJPY;s=1;prev=5;c=6;firstObs=false;slotOn=true;inWindow=false;time_close=08-05 12:22
2026-08-05T12:21:00.000+01:00,DIAG-CLOSE;EURJPY;s=2;prev=3;c=4;firstObs=false;slotOn=true;inWindow=false;time_close=08-05 12:22
2026-08-05T12:21:00.000+01:00,DIAG-CLOSE;EURJPY;s=3;prev=3;c=4;firstObs=false;slotOn=true;inWindow=false;time_close=08-05 12:22
2026-08-05T12:21:00.000+01:00,DIAG-CLOSE;EURJPY;s=6;prev=1;c=2;firstObs=false;slotOn=true;inWindow=false;time_close=08-05 12:22
2026-08-05T12:46:00.000+01:00,DIAG-CLOSE;AUDJPY;s=0;prev=3;c=4;firstObs=false;slotOn=true;inWindow=false;time_close=08-05 12:47
2026-08-05T12:46:00.000+01:00,DIAG-CLOSE;AUDJPY;s=1;prev=3;c=4;firstObs=false;slotOn=true;inWindow=false;time_close=08-05 12:47
2026-08-05T12:53:00.000+01:00,DIAG-CLOSE;EURCAD;s=1;prev=2;c=3;firstObs=false;slotOn=true;inWindow=false;time_close=08-05 12:54
2026-08-05T12:56:00.000+01:00,DIAG-CLOSE;EURCAD;s=0;prev=2;c=3;firstObs=false;slotOn=true;inWindow=false;time_close=08-05 12:57
2026-08-05T13:02:00.000+01:00,DIAG-CLOSE;EURAUD;s=0;prev=2;c=3;firstObs=false;slotOn=true;inWindow=false;time_close=08-05 13:03
2026-08-05T13:02:00.000+01:00,DIAG-CLOSE;EURAUD;s=1;prev=2;c=3;firstObs=false;slotOn=true;inWindow=false;time_close=08-05 13:03
2026-08-05T13:02:00.000+01:00,DIAG-CLOSE;EURAUD;s=3;prev=0;c=1;firstObs=false;slotOn=true;inWindow=false;time_close=08-05 13:03
2026-08-05T13:03:00.000+01:00,DIAG-CLOSE;EURUSD;s=0;prev=9;c=10;firstObs=false;slotOn=true;inWindow=false;time_close=08-05 13:04
2026-08-05T13:03:00.000+01:00,DIAG-CLOSE;EURUSD;s=1;prev=9;c=10;firstObs=false;slotOn=true;inWindow=false;time_close=08-05 13:04
2026-08-05T13:08:00.000+01:00,DIAG-CLOSE;GBPCAD;s=0;prev=7;c=8;firstObs=false;slotOn=true;inWindow=false;time_close=08-05 13:09
2026-08-05T13:08:00.000+01:00,DIAG-CLOSE;GBPCAD;s=1;prev=7;c=8;firstObs=false;slotOn=true;inWindow=false;time_close=08-05 13:09
2026-08-05T13:14:00.000+01:00,DIAG-CLOSE;GBPUSD;s=0;prev=7;c=8;firstObs=false;slotOn=true;inWindow=false;time_close=08-05 13:15
2026-08-05T13:14:00.000+01:00,DIAG-CLOSE;GBPUSD;s=1;prev=7;c=8;firstObs=false;slotOn=true;inWindow=false;time_close=08-05 13:15
2026-08-05T13:51:00.000+01:00,DIAG-CLOSE;USDJPY;s=2;prev=2;c=3;firstObs=false;slotOn=true;inWindow=false;time_close=08-05 13:52
2026-08-05T13:51:00.000+01:00,DIAG-CLOSE;USDJPY;s=3;prev=2;c=3;firstObs=false;slotOn=true;inWindow=false;time_close=08-05 13:52
2026-08-05T13:51:00.000+01:00,DIAG-CLOSE;USDJPY;s=7;prev=0;c=1;firstObs=false;slotOn=true;inWindow=false;time_close=08-05 13:52
2026-08-05T14:01:00.000+01:00,DIAG-CLOSE;USDCHF;s=0;prev=5;c=6;firstObs=false;slotOn=true;inWindow=false;time_close=08-05 14:02
2026-08-05T14:01:00.000+01:00,DIAG-CLOSE;USDCHF;s=1;prev=7;c=8;firstObs=false;slotOn=true;inWindow=false;time_close=08-05 14:02
2026-08-05T14:01:00.000+01:00,DIAG-CLOSE;AUDUSD;s=0;prev=6;c=7;firstObs=false;slotOn=true;inWindow=false;time_close=08-05 14:02
2026-08-05T14:01:00.000+01:00,DIAG-CLOSE;AUDUSD;s=1;prev=6;c=7;firstObs=false;slotOn=true;inWindow=false;time_close=08-05 14:02
2026-08-05T14:01:00.000+01:00,DIAG-CLOSE;AUDUSD;s=2;prev=3;c=4;firstObs=false;slotOn=true;inWindow=false;time_close=08-05 14:02
2026-08-05T14:01:00.000+01:00,DIAG-CLOSE;AUDUSD;s=3;prev=3;c=4;firstObs=false;slotOn=true;inWindow=false;time_close=08-05 14:02
2026-08-05T14:01:00.000+01:00,DIAG-CLOSE;AUDUSD;s=4;prev=1;c=2;firstObs=false;slotOn=true;inWindow=false;time_close=08-05 14:02
2026-08-05T14:01:00.000+01:00,DIAG-CLOSE;AUDUSD;s=5;prev=3;c=4;firstObs=false;slotOn=true;inWindow=false;time_close=08-05 14:02
2026-08-05T14:01:00.000+01:00,DIAG-CLOSE;AUDUSD;s=6;prev=1;c=2;firstObs=false;slotOn=true;inWindow=false;time_close=08-05 14:02
2026-08-05T14:01:00.000+01:00,DIAG-CLOSE;AUDUSD;s=7;prev=0;c=1;firstObs=false;slotOn=true;inWindow=false;time_close=08-05 14:02
2026-08-05T14:07:00.000+01:00,DIAG-CLOSE;CADCHF;s=2;prev=2;c=3;firstObs=false;slotOn=true;inWindow=false;time_close=08-05 14:08
2026-08-05T14:07:00.000+01:00,DIAG-CLOSE;CADCHF;s=3;prev=2;c=3;firstObs=false;slotOn=true;inWindow=false;time_close=08-05 14:08
2026-08-05T14:12:00.000+01:00,DIAG-CLOSE;USDJPY;s=0;prev=7;c=8;firstObs=false;slotOn=true;inWindow=false;time_close=08-05 14:13
2026-08-05T14:12:00.000+01:00,DIAG-CLOSE;USDJPY;s=1;prev=7;c=8;firstObs=false;slotOn=true;inWindow=false;time_close=08-05 14:13
2026-08-05T14:12:00.000+01:00,DIAG-CLOSE;USDJPY;s=2;prev=3;c=4;firstObs=false;slotOn=true;inWindow=false;time_close=08-05 14:13
2026-08-05T14:12:00.000+01:00,DIAG-CLOSE;USDJPY;s=3;prev=3;c=4;firstObs=false;slotOn=true;inWindow=false;time_close=08-05 14:13
2026-08-05T14:12:00.000+01:00,DIAG-CLOSE;USDJPY;s=4;prev=1;c=2;firstObs=false;slotOn=true;inWindow=false;time_close=08-05 14:13
2026-08-05T14:12:00.000+01:00,DIAG-CLOSE;USDJPY;s=5;prev=1;c=2;firstObs=false;slotOn=true;inWindow=false;time_close=08-05 14:13
2026-08-05T14:12:00.000+01:00,DIAG-CLOSE;USDJPY;s=6;prev=0;c=1;firstObs=false;slotOn=true;inWindow=false;time_close=08-05 14:13
2026-08-05T14:17:00.000+01:00,DIAG-CLOSE;CADCHF;s=0;prev=5;c=6;firstObs=false;slotOn=true;inWindow=false;time_close=08-05 14:18
2026-08-05T14:17:00.000+01:00,DIAG-CLOSE;CADCHF;s=1;prev=4;c=5;firstObs=false;slotOn=true;inWindow=false;time_close=08-05 14:18
2026-08-05T14:17:00.000+01:00,DIAG-CLOSE;CADCHF;s=6;prev=0;c=1;firstObs=false;slotOn=true;inWindow=false;time_close=08-05 14:18
2026-08-05T14:20:00.000+01:00,DIAG-CLOSE;USDCHF;s=0;prev=6;c=7;firstObs=false;slotOn=true;inWindow=false;time_close=08-05 14:21
2026-08-05T14:20:00.000+01:00,DIAG-CLOSE;USDCHF;s=1;prev=8;c=9;firstObs=false;slotOn=true;inWindow=false;time_close=08-05 14:21
2026-08-05T14:41:00.000+01:00,DIAG-CLOSE;GBPJPY;s=0;prev=4;c=5;firstObs=false;slotOn=true;inWindow=false;time_close=08-05 14:42
2026-08-05T14:41:00.000+01:00,DIAG-CLOSE;GBPJPY;s=1;prev=4;c=5;firstObs=false;slotOn=true;inWindow=false;time_close=08-05 14:42
2026-08-05T14:41:00.000+01:00,DIAG-CLOSE;GBPJPY;s=2;prev=3;c=4;firstObs=false;slotOn=true;inWindow=false;time_close=08-05 14:42
2026-08-05T14:41:00.000+01:00,DIAG-CLOSE;GBPJPY;s=3;prev=3;c=4;firstObs=false;slotOn=true;inWindow=false;time_close=08-05 14:42
2026-08-05T14:41:00.000+01:00,DIAG-CLOSE;GBPJPY;s=4;prev=1;c=2;firstObs=false;slotOn=true;inWindow=false;time_close=08-05 14:42
2026-08-05T14:57:00.000+01:00,DIAG-CLOSE;AUDCHF;s=0;prev=5;c=6;firstObs=false;slotOn=true;inWindow=false;time_close=08-05 14:58
2026-08-05T14:57:00.000+01:00,DIAG-CLOSE;AUDCHF;s=1;prev=5;c=6;firstObs=false;slotOn=true;inWindow=false;time_close=08-05 14:58
2026-08-05T15:09:00.000+01:00,DIAG-CLOSE;USDCHF;s=0;prev=7;c=8;firstObs=false;slotOn=true;inWindow=false;time_close=08-05 15:10
2026-08-05T15:09:00.000+01:00,DIAG-CLOSE;USDCHF;s=1;prev=9;c=10;firstObs=false;slotOn=true;inWindow=false;time_close=08-05 15:10
2026-08-05T15:17:00.000+01:00,DIAG-CLOSE;EURAUD;s=0;prev=3;c=4;firstObs=false;slotOn=true;inWindow=false;time_close=08-05 15:18
2026-08-05T15:17:00.000+01:00,DIAG-CLOSE;EURAUD;s=1;prev=3;c=4;firstObs=false;slotOn=true;inWindow=false;time_close=08-05 15:18
2026-08-05T15:29:00.000+01:00,DIAG-CLOSE;EURGBP;s=0;prev=5;c=6;firstObs=false;slotOn=true;inWindow=false;time_close=08-05 15:30
2026-08-05T15:29:00.000+01:00,DIAG-CLOSE;EURGBP;s=1;prev=5;c=6;firstObs=false;slotOn=true;inWindow=false;time_close=08-05 15:30
2026-08-05T15:29:00.000+01:00,DIAG-CLOSE;EURGBP;s=2;prev=4;c=5;firstObs=false;slotOn=true;inWindow=false;time_close=08-05 15:30
2026-08-05T15:29:00.000+01:00,DIAG-CLOSE;EURGBP;s=3;prev=4;c=5;firstObs=false;slotOn=true;inWindow=false;time_close=08-05 15:30
2026-08-05T15:39:00.000+01:00,DIAG-CLOSE;CADCHF;s=2;prev=3;c=4;firstObs=false;slotOn=true;inWindow=false;time_close=08-05 15:40
2026-08-05T15:39:00.000+01:00,DIAG-CLOSE;CADCHF;s=3;prev=3;c=4;firstObs=false;slotOn=true;inWindow=false;time_close=08-05 15:40
2026-08-05T15:39:00.000+01:00,DIAG-CLOSE;CADCHF;s=4;prev=2;c=3;firstObs=false;slotOn=true;inWindow=false;time_close=08-05 15:40
2026-08-05T15:39:00.000+01:00,DIAG-CLOSE;CADCHF;s=5;prev=2;c=3;firstObs=false;slotOn=true;inWindow=false;time_close=08-05 15:40
2026-08-05T15:43:00.000+01:00,DIAG-CLOSE;CADCHF;s=0;prev=6;c=7;firstObs=false;slotOn=true;inWindow=false;time_close=08-05 15:44
2026-08-05T15:43:00.000+01:00,DIAG-CLOSE;CADCHF;s=1;prev=5;c=6;firstObs=false;slotOn=true;inWindow=false;time_close=08-05 15:44
2026-08-05T15:49:00.000+01:00,DIAG-CLOSE;AUDJPY;s=0;prev=4;c=5;firstObs=false;slotOn=true;inWindow=false;time_close=08-05 15:50
2026-08-05T15:49:00.000+01:00,DIAG-CLOSE;AUDJPY;s=1;prev=4;c=5;firstObs=false;slotOn=true;inWindow=false;time_close=08-05 15:50
2026-08-05T15:49:00.000+01:00,DIAG-CLOSE;AUDJPY;s=2;prev=2;c=3;firstObs=false;slotOn=true;inWindow=false;time_close=08-05 15:50
2026-08-05T15:49:00.000+01:00,DIAG-CLOSE;AUDJPY;s=3;prev=2;c=3;firstObs=false;slotOn=true;inWindow=false;time_close=08-05 15:50
2026-08-05T15:49:00.000+01:00,DIAG-CLOSE;AUDJPY;s=4;prev=1;c=2;firstObs=false;slotOn=true;inWindow=false;time_close=08-05 15:50
2026-08-05T15:49:00.000+01:00,DIAG-CLOSE;AUDJPY;s=5;prev=1;c=2;firstObs=false;slotOn=true;inWindow=false;time_close=08-05 15:50
2026-08-05T15:49:00.000+01:00,DIAG-CLOSE;AUDJPY;s=6;prev=0;c=1;firstObs=false;slotOn=true;inWindow=false;time_close=08-05 15:50
2026-08-05T15:59:00.000+01:00,DIAG-CLOSE;GBPAUD;s=0;prev=5;c=6;firstObs=false;slotOn=true;inWindow=false;time_close=08-05 16:00
2026-08-05T15:59:00.000+01:00,DIAG-CLOSE;GBPAUD;s=1;prev=6;c=7;firstObs=false;slotOn=true;inWindow=false;time_close=08-05 16:00
2026-08-05T15:59:00.000+01:00,DIAG-CLOSE;GBPAUD;s=2;prev=3;c=4;firstObs=false;slotOn=true;inWindow=false;time_close=08-05 16:00
2026-08-05T15:59:00.000+01:00,DIAG-CLOSE;GBPAUD;s=3;prev=3;c=4;firstObs=false;slotOn=true;inWindow=false;time_close=08-05 16:00
2026-08-05T15:59:00.000+01:00,DIAG-CLOSE;GBPAUD;s=4;prev=1;c=2;firstObs=false;slotOn=true;inWindow=false;time_close=08-05 16:00
2026-08-05T15:59:00.000+01:00,DIAG-CLOSE;GBPAUD;s=5;prev=1;c=2;firstObs=false;slotOn=true;inWindow=false;time_close=08-05 16:00
2026-08-05T15:59:00.000+01:00,DIAG-CLOSE;GBPAUD;s=6;prev=1;c=2;firstObs=false;slotOn=true;inWindow=false;time_close=08-05 16:00
2026-08-05T15:59:00.000+01:00,DIAG-CLOSE;GBPAUD;s=7;prev=2;c=3;firstObs=false;slotOn=true;inWindow=false;time_close=08-05 16:00
2026-08-05T16:20:00.000+01:00,DIAG-CLOSE;GBPUSD;s=0;prev=8;c=9;firstObs=false;slotOn=true;inWindow=false;time_close=08-05 16:21
2026-08-05T16:20:00.000+01:00,DIAG-CLOSE;GBPUSD;s=1;prev=8;c=9;firstObs=false;slotOn=true;inWindow=false;time_close=08-05 16:21
2026-08-05T16:29:00.000+01:00,DIAG-CLOSE;EURCHF;s=1;prev=4;c=5;firstObs=false;slotOn=true;inWindow=false;time_close=08-05 16:30
2026-08-05T16:41:00.000+01:00,DIAG-CLOSE;EURJPY;s=0;prev=6;c=7;firstObs=false;slotOn=true;inWindow=false;time_close=08-05 16:42
2026-08-05T16:41:00.000+01:00,DIAG-CLOSE;EURJPY;s=1;prev=6;c=7;firstObs=false;slotOn=true;inWindow=false;time_close=08-05 16:42
2026-08-05T16:44:00.000+01:00,DIAG-CLOSE;CHFJPY;s=2;prev=5;c=6;firstObs=false;slotOn=true;inWindow=false;time_close=08-05 16:45
2026-08-05T16:44:00.000+01:00,DIAG-CLOSE;CHFJPY;s=3;prev=5;c=6;firstObs=false;slotOn=true;inWindow=false;time_close=08-05 16:45
2026-08-05T16:44:00.000+01:00,DIAG-CLOSE;CHFJPY;s=4;prev=4;c=5;firstObs=false;slotOn=true;inWindow=false;time_close=08-05 16:45
2026-08-05T16:44:00.000+01:00,DIAG-CLOSE;CHFJPY;s=5;prev=4;c=5;firstObs=false;slotOn=true;inWindow=false;time_close=08-05 16:45
2026-08-05T16:46:00.000+01:00,DIAG-CLOSE;CHFJPY;s=7;prev=1;c=2;firstObs=false;slotOn=true;inWindow=false;time_close=08-05 16:47
2026-08-05T17:18:00.000+01:00,DIAG-CLOSE;AUDJPY;s=0;prev=5;c=6;firstObs=false;slotOn=true;inWindow=false;time_close=08-05 17:19
2026-08-05T17:18:00.000+01:00,DIAG-CLOSE;AUDJPY;s=1;prev=5;c=6;firstObs=false;slotOn=true;inWindow=false;time_close=08-05 17:19
2026-08-05T17:47:00.000+01:00,DIAG-CLOSE;EURCAD;s=0;prev=3;c=4;firstObs=false;slotOn=true;inWindow=false;time_close=08-05 17:48
2026-08-05T17:47:00.000+01:00,DIAG-CLOSE;EURCAD;s=1;prev=3;c=4;firstObs=false;slotOn=true;inWindow=false;time_close=08-05 17:48
2026-08-05T17:47:00.000+01:00,DIAG-CLOSE;CADCHF;s=0;prev=7;c=8;firstObs=false;slotOn=true;inWindow=false;time_close=08-05 17:48
2026-08-05T17:47:00.000+01:00,DIAG-CLOSE;CADCHF;s=1;prev=6;c=7;firstObs=false;slotOn=true;inWindow=false;time_close=08-05 17:48
2026-08-05T17:47:00.000+01:00,DIAG-CLOSE;CADCHF;s=2;prev=4;c=5;firstObs=false;slotOn=true;inWindow=false;time_close=08-05 17:48
2026-08-05T17:47:00.000+01:00,DIAG-CLOSE;CADCHF;s=3;prev=4;c=5;firstObs=false;slotOn=true;inWindow=false;time_close=08-05 17:48
2026-08-05T17:47:00.000+01:00,DIAG-CLOSE;CADCHF;s=4;prev=3;c=4;firstObs=false;slotOn=true;inWindow=false;time_close=08-05 17:48
2026-08-05T17:47:00.000+01:00,DIAG-CLOSE;CADCHF;s=5;prev=3;c=4;firstObs=false;slotOn=true;inWindow=false;time_close=08-05 17:48
2026-08-05T17:47:00.000+01:00,DIAG-CLOSE;CADCHF;s=6;prev=1;c=2;firstObs=false;slotOn=true;inWindow=false;time_close=08-05 17:48
2026-08-05T17:47:00.000+01:00,DIAG-CLOSE;CADCHF;s=7;prev=1;c=2;firstObs=false;slotOn=true;inWindow=false;time_close=08-05 17:48
2026-08-05T17:54:00.000+01:00,DIAG-CLOSE;AUDCHF;s=0;prev=6;c=7;firstObs=false;slotOn=true;inWindow=false;time_close=08-05 17:55
2026-08-05T17:54:00.000+01:00,DIAG-CLOSE;AUDCHF;s=1;prev=6;c=7;firstObs=false;slotOn=true;inWindow=false;time_close=08-05 17:55
2026-08-05T17:54:00.000+01:00,DIAG-CLOSE;AUDCHF;s=7;prev=0;c=1;firstObs=false;slotOn=true;inWindow=false;time_close=08-05 17:55
2026-08-05T17:57:00.000+01:00,DIAG-CLOSE;EURJPY;s=0;prev=7;c=8;firstObs=false;slotOn=true;inWindow=false;time_close=08-05 17:58
2026-08-05T17:57:00.000+01:00,DIAG-CLOSE;EURJPY;s=1;prev=7;c=8;firstObs=false;slotOn=true;inWindow=false;time_close=08-05 17:58
2026-08-05T18:08:00.000+01:00,DIAG-CLOSE;EURGBP;s=0;prev=6;c=7;firstObs=false;slotOn=true;inWindow=false;time_close=08-05 18:09
2026-08-05T18:08:00.000+01:00,DIAG-CLOSE;EURGBP;s=1;prev=6;c=7;firstObs=false;slotOn=true;inWindow=false;time_close=08-05 18:09
2026-08-05T18:09:00.000+01:00,DIAG-CLOSE;EURCHF;s=0;prev=4;c=5;firstObs=false;slotOn=true;inWindow=false;time_close=08-05 18:10
2026-08-05T18:09:00.000+01:00,DIAG-CLOSE;EURCHF;s=1;prev=5;c=6;firstObs=false;slotOn=true;inWindow=false;time_close=08-05 18:10
2026-08-05T18:09:00.000+01:00,DIAG-CLOSE;EURCHF;s=2;prev=3;c=4;firstObs=false;slotOn=true;inWindow=false;time_close=08-05 18:10
2026-08-05T18:44:00.000+01:00,DIAG-CLOSE;EURUSD;s=0;prev=10;c=11;firstObs=false;slotOn=true;inWindow=false;time_close=08-05 18:45
2026-08-05T18:44:00.000+01:00,DIAG-CLOSE;EURUSD;s=1;prev=10;c=11;firstObs=false;slotOn=true;inWindow=false;time_close=08-05 18:45
2026-08-05T18:44:00.000+01:00,DIAG-CLOSE;EURUSD;s=2;prev=3;c=4;firstObs=false;slotOn=true;inWindow=false;time_close=08-05 18:45
2026-08-05T18:44:00.000+01:00,DIAG-CLOSE;EURUSD;s=3;prev=3;c=4;firstObs=false;slotOn=true;inWindow=false;time_close=08-05 18:45
2026-08-05T18:53:00.000+01:00,DIAG-CLOSE;AUDCAD;s=7;prev=0;c=1;firstObs=false;slotOn=true;inWindow=false;time_close=08-05 18:54
2026-08-05T18:56:00.000+01:00,DIAG-CLOSE;AUDCAD;s=2;prev=2;c=3;firstObs=false;slotOn=true;inWindow=false;time_close=08-05 18:57
2026-08-05T18:56:00.000+01:00,DIAG-CLOSE;AUDCAD;s=3;prev=2;c=3;firstObs=false;slotOn=true;inWindow=false;time_close=08-05 18:57
2026-08-05T19:04:00.000+01:00,DIAG-CLOSE;GBPAUD;s=0;prev=6;c=7;firstObs=false;slotOn=true;inWindow=false;time_close=08-05 19:05
2026-08-05T19:04:00.000+01:00,DIAG-CLOSE;GBPAUD;s=1;prev=7;c=8;firstObs=false;slotOn=true;inWindow=false;time_close=08-05 19:05
2026-08-05T19:04:00.000+01:00,DIAG-CLOSE;GBPAUD;s=2;prev=4;c=5;firstObs=false;slotOn=true;inWindow=false;time_close=08-05 19:05
2026-08-05T19:04:00.000+01:00,DIAG-CLOSE;GBPAUD;s=3;prev=4;c=5;firstObs=false;slotOn=true;inWindow=false;time_close=08-05 19:05
2026-08-05T19:04:00.000+01:00,DIAG-CLOSE;GBPAUD;s=4;prev=2;c=3;firstObs=false;slotOn=true;inWindow=false;time_close=08-05 19:05
2026-08-05T19:04:00.000+01:00,DIAG-CLOSE;GBPAUD;s=5;prev=2;c=3;firstObs=false;slotOn=true;inWindow=false;time_close=08-05 19:05
2026-08-05T19:43:00.000+01:00,DIAG-CLOSE;USDCAD;s=2;prev=3;c=4;firstObs=false;slotOn=true;inWindow=false;time_close=08-05 19:44
2026-08-05T19:43:00.000+01:00,DIAG-CLOSE;USDCAD;s=3;prev=3;c=4;firstObs=false;slotOn=true;inWindow=false;time_close=08-05 19:44
2026-08-05T19:55:00.000+01:00,DIAG-CLOSE;AUDUSD;s=0;prev=7;c=8;firstObs=false;slotOn=true;inWindow=false;time_close=08-05 19:56
2026-08-05T19:55:00.000+01:00,DIAG-CLOSE;AUDUSD;s=1;prev=7;c=8;firstObs=false;slotOn=true;inWindow=false;time_close=08-05 19:56
2026-08-06T08:04:00.000+01:00,DIAG-CLOSE;AUDCAD;s=4;prev=1;c=2;firstObs=false;slotOn=true;inWindow=false;time_close=08-06 08:05
2026-08-06T08:04:00.000+01:00,DIAG-CLOSE;AUDCAD;s=5;prev=0;c=1;firstObs=false;slotOn=true;inWindow=false;time_close=08-06 08:05
2026-08-06T08:10:00.000+01:00,DIAG-CLOSE;AUDCAD;s=0;prev=4;c=5;firstObs=false;slotOn=true;inWindow=false;time_close=08-06 08:11
2026-08-06T08:10:00.000+01:00,DIAG-CLOSE;AUDCAD;s=1;prev=4;c=5;firstObs=false;slotOn=true;inWindow=false;time_close=08-06 08:11
2026-08-06T08:10:00.000+01:00,DIAG-CLOSE;AUDCAD;s=6;prev=0;c=1;firstObs=false;slotOn=true;inWindow=false;time_close=08-06 08:11
2026-08-06T08:11:00.000+01:00,DIAG-CLOSE;USDJPY;s=0;prev=8;c=9;firstObs=false;slotOn=true;inWindow=false;time_close=08-06 08:12
2026-08-06T08:11:00.000+01:00,DIAG-CLOSE;USDJPY;s=1;prev=8;c=9;firstObs=false;slotOn=true;inWindow=false;time_close=08-06 08:12
2026-08-06T08:11:00.000+01:00,DIAG-CLOSE;USDJPY;s=2;prev=4;c=5;firstObs=false;slotOn=true;inWindow=false;time_close=08-06 08:12
2026-08-06T08:11:00.000+01:00,DIAG-CLOSE;USDJPY;s=3;prev=4;c=5;firstObs=false;slotOn=true;inWindow=false;time_close=08-06 08:12
2026-08-06T08:11:00.000+01:00,DIAG-CLOSE;USDJPY;s=4;prev=2;c=3;firstObs=false;slotOn=true;inWindow=false;time_close=08-06 08:12
2026-08-06T08:11:00.000+01:00,DIAG-CLOSE;USDJPY;s=5;prev=2;c=3;firstObs=false;slotOn=true;inWindow=false;time_close=08-06 08:12
2026-08-06T08:11:00.000+01:00,DIAG-CLOSE;USDJPY;s=7;prev=1;c=2;firstObs=false;slotOn=true;inWindow=false;time_close=08-06 08:12
2026-08-06T08:11:00.000+01:00,DIAG-CLOSE;GBPJPY;s=0;prev=5;c=6;firstObs=false;slotOn=true;inWindow=false;time_close=08-06 08:12
2026-08-06T08:11:00.000+01:00,DIAG-CLOSE;GBPJPY;s=1;prev=5;c=6;firstObs=false;slotOn=true;inWindow=false;time_close=08-06 08:12
2026-08-06T08:20:00.000+01:00,DIAG-CLOSE;GBPAUD;s=0;prev=7;c=8;firstObs=false;slotOn=true;inWindow=false;time_close=08-06 08:21
2026-08-06T08:20:00.000+01:00,DIAG-CLOSE;GBPAUD;s=1;prev=8;c=9;firstObs=false;slotOn=true;inWindow=false;time_close=08-06 08:21
2026-08-06T08:20:00.000+01:00,DIAG-CLOSE;GBPAUD;s=2;prev=5;c=6;firstObs=false;slotOn=true;inWindow=false;time_close=08-06 08:21
2026-08-06T08:20:00.000+01:00,DIAG-CLOSE;GBPAUD;s=3;prev=5;c=6;firstObs=false;slotOn=true;inWindow=false;time_close=08-06 08:21
2026-08-06T08:20:00.000+01:00,DIAG-CLOSE;GBPAUD;s=4;prev=3;c=4;firstObs=false;slotOn=true;inWindow=false;time_close=08-06 08:21
2026-08-06T08:20:00.000+01:00,DIAG-CLOSE;GBPAUD;s=5;prev=3;c=4;firstObs=false;slotOn=true;inWindow=false;time_close=08-06 08:21
2026-08-06T08:27:00.000+01:00,DIAG-CLOSE;EURUSD;s=0;prev=11;c=12;firstObs=false;slotOn=true;inWindow=false;time_close=08-06 08:28
2026-08-06T08:27:00.000+01:00,DIAG-CLOSE;EURUSD;s=1;prev=11;c=12;firstObs=false;slotOn=true;inWindow=false;time_close=08-06 08:28
2026-08-06T08:32:00.000+01:00,DIAG-CLOSE;EURCHF;s=0;prev=5;c=6;firstObs=false;slotOn=true;inWindow=false;time_close=08-06 08:33
2026-08-06T08:32:00.000+01:00,DIAG-CLOSE;EURCHF;s=1;prev=6;c=7;firstObs=false;slotOn=true;inWindow=false;time_close=08-06 08:33
2026-08-06T08:57:00.000+01:00,DIAG-CLOSE;GBPUSD;s=1;prev=9;c=10;firstObs=false;slotOn=true;inWindow=false;time_close=08-06 08:58
2026-08-06T09:00:00.000+01:00,DIAG-CLOSE;GBPUSD;s=0;prev=9;c=10;firstObs=false;slotOn=true;inWindow=false;time_close=08-06 09:01
2026-08-06T09:18:00.000+01:00,DIAG-CLOSE;CADCHF;s=0;prev=8;c=9;firstObs=false;slotOn=true;inWindow=false;time_close=08-06 09:19
2026-08-06T09:18:00.000+01:00,DIAG-CLOSE;CADCHF;s=1;prev=7;c=8;firstObs=false;slotOn=true;inWindow=false;time_close=08-06 09:19
2026-08-06T09:18:00.000+01:00,DIAG-CLOSE;CADCHF;s=2;prev=5;c=6;firstObs=false;slotOn=true;inWindow=false;time_close=08-06 09:19
2026-08-06T09:18:00.000+01:00,DIAG-CLOSE;CADCHF;s=3;prev=5;c=6;firstObs=false;slotOn=true;inWindow=false;time_close=08-06 09:19
2026-08-06T09:18:00.000+01:00,DIAG-CLOSE;CADCHF;s=4;prev=4;c=5;firstObs=false;slotOn=true;inWindow=false;time_close=08-06 09:19
2026-08-06T09:18:00.000+01:00,DIAG-CLOSE;CADCHF;s=5;prev=4;c=5;firstObs=false;slotOn=true;inWindow=false;time_close=08-06 09:19
2026-08-06T09:18:00.000+01:00,DIAG-CLOSE;CADCHF;s=7;prev=2;c=3;firstObs=false;slotOn=true;inWindow=false;time_close=08-06 09:19
2026-08-06T09:38:00.000+01:00,DIAG-CLOSE;USDCAD;s=0;prev=5;c=6;firstObs=false;slotOn=true;inWindow=false;time_close=08-06 09:39
2026-08-06T09:38:00.000+01:00,DIAG-CLOSE;USDCAD;s=1;prev=5;c=6;firstObs=false;slotOn=true;inWindow=false;time_close=08-06 09:39
2026-08-06T09:56:00.000+01:00,DIAG-CLOSE;EURAUD;s=0;prev=4;c=5;firstObs=false;slotOn=true;inWindow=false;time_close=08-06 09:57
2026-08-06T09:56:00.000+01:00,DIAG-CLOSE;EURAUD;s=1;prev=4;c=5;firstObs=false;slotOn=true;inWindow=false;time_close=08-06 09:57
2026-08-06T09:56:00.000+01:00,DIAG-CLOSE;EURAUD;s=2;prev=0;c=1;firstObs=false;slotOn=true;inWindow=false;time_close=08-06 09:57
2026-08-06T09:56:00.000+01:00,DIAG-CLOSE;EURAUD;s=3;prev=1;c=2;firstObs=false;slotOn=true;inWindow=false;time_close=08-06 09:57
2026-08-06T10:13:00.000+01:00,DIAG-CLOSE;GBPCHF;s=0;prev=3;c=4;firstObs=false;slotOn=true;inWindow=false;time_close=08-06 10:14
2026-08-06T10:13:00.000+01:00,DIAG-CLOSE;GBPCHF;s=1;prev=3;c=4;firstObs=false;slotOn=true;inWindow=false;time_close=08-06 10:14
2026-08-06T10:20:00.000+01:00,DIAG-CLOSE;GBPCHF;s=7;prev=0;c=1;firstObs=false;slotOn=true;inWindow=false;time_close=08-06 10:21
2026-08-06T10:40:00.000+01:00,DIAG-CLOSE;EURUSD;s=2;prev=4;c=5;firstObs=false;slotOn=true;inWindow=false;time_close=08-06 10:41
2026-08-06T10:40:00.000+01:00,DIAG-CLOSE;EURUSD;s=3;prev=4;c=5;firstObs=false;slotOn=true;inWindow=false;time_close=08-06 10:41
2026-08-06T10:40:00.000+01:00,DIAG-CLOSE;USDCHF;s=0;prev=8;c=9;firstObs=false;slotOn=true;inWindow=false;time_close=08-06 10:41
2026-08-06T10:40:00.000+01:00,DIAG-CLOSE;USDCHF;s=1;prev=10;c=11;firstObs=false;slotOn=true;inWindow=false;time_close=08-06 10:41
2026-08-06T10:40:00.000+01:00,DIAG-CLOSE;USDCHF;s=2;prev=3;c=4;firstObs=false;slotOn=true;inWindow=false;time_close=08-06 10:41
2026-08-06T10:40:00.000+01:00,DIAG-CLOSE;USDCHF;s=3;prev=2;c=3;firstObs=false;slotOn=true;inWindow=false;time_close=08-06 10:41
2026-08-06T10:40:00.000+01:00,DIAG-CLOSE;USDCHF;s=4;prev=1;c=2;firstObs=false;slotOn=true;inWindow=false;time_close=08-06 10:41
2026-08-06T10:40:00.000+01:00,DIAG-CLOSE;USDCHF;s=5;prev=1;c=2;firstObs=false;slotOn=true;inWindow=false;time_close=08-06 10:41
2026-08-06T10:47:00.000+01:00,DIAG-CLOSE;EURCAD;s=0;prev=4;c=5;firstObs=false;slotOn=true;inWindow=false;time_close=08-06 10:48
2026-08-06T10:47:00.000+01:00,DIAG-CLOSE;EURCAD;s=1;prev=4;c=5;firstObs=false;slotOn=true;inWindow=false;time_close=08-06 10:48
2026-08-06T10:53:00.000+01:00,DIAG-CLOSE;AUDJPY;s=0;prev=6;c=7;firstObs=false;slotOn=true;inWindow=false;time_close=08-06 10:54
2026-08-06T10:53:00.000+01:00,DIAG-CLOSE;AUDJPY;s=1;prev=6;c=7;firstObs=false;slotOn=true;inWindow=false;time_close=08-06 10:54
2026-08-06T10:53:00.000+01:00,DIAG-CLOSE;AUDJPY;s=2;prev=3;c=4;firstObs=false;slotOn=true;inWindow=false;time_close=08-06 10:54
2026-08-06T10:53:00.000+01:00,DIAG-CLOSE;AUDJPY;s=3;prev=3;c=4;firstObs=false;slotOn=true;inWindow=false;time_close=08-06 10:54
2026-08-06T10:54:00.000+01:00,DIAG-CLOSE;EURJPY;s=0;prev=8;c=9;firstObs=false;slotOn=true;inWindow=false;time_close=08-06 10:55
2026-08-06T10:54:00.000+01:00,DIAG-CLOSE;EURJPY;s=1;prev=8;c=9;firstObs=false;slotOn=true;inWindow=false;time_close=08-06 10:55
2026-08-06T11:10:00.000+01:00,DIAG-CLOSE;AUDCAD;s=0;prev=5;c=6;firstObs=false;slotOn=true;inWindow=false;time_close=08-06 11:11
2026-08-06T11:10:00.000+01:00,DIAG-CLOSE;AUDCAD;s=1;prev=5;c=6;firstObs=false;slotOn=true;inWindow=false;time_close=08-06 11:11
2026-08-06T11:10:00.000+01:00,DIAG-CLOSE;AUDCAD;s=2;prev=3;c=4;firstObs=false;slotOn=true;inWindow=false;time_close=08-06 11:11
2026-08-06T11:10:00.000+01:00,DIAG-CLOSE;AUDCAD;s=3;prev=3;c=4;firstObs=false;slotOn=true;inWindow=false;time_close=08-06 11:11
2026-08-06T11:10:00.000+01:00,DIAG-CLOSE;AUDCAD;s=4;prev=2;c=3;firstObs=false;slotOn=true;inWindow=false;time_close=08-06 11:11
2026-08-06T11:10:00.000+01:00,DIAG-CLOSE;AUDCAD;s=5;prev=1;c=2;firstObs=false;slotOn=true;inWindow=false;time_close=08-06 11:11
2026-08-06T11:10:00.000+01:00,DIAG-CLOSE;AUDCAD;s=7;prev=1;c=2;firstObs=false;slotOn=true;inWindow=false;time_close=08-06 11:11
2026-08-06T11:17:00.000+01:00,DIAG-CLOSE;CADJPY;s=0;prev=4;c=5;firstObs=false;slotOn=true;inWindow=false;time_close=08-06 11:18
2026-08-06T11:17:00.000+01:00,DIAG-CLOSE;CADJPY;s=1;prev=4;c=5;firstObs=false;slotOn=true;inWindow=false;time_close=08-06 11:18
2026-08-06T11:26:00.000+01:00,DIAG-CLOSE;USDCAD;s=0;prev=6;c=7;firstObs=false;slotOn=true;inWindow=false;time_close=08-06 11:27
2026-08-06T11:26:00.000+01:00,DIAG-CLOSE;USDCAD;s=1;prev=6;c=7;firstObs=false;slotOn=true;inWindow=false;time_close=08-06 11:27
2026-08-06T11:26:00.000+01:00,DIAG-CLOSE;USDCAD;s=2;prev=4;c=5;firstObs=false;slotOn=true;inWindow=false;time_close=08-06 11:27
2026-08-06T11:26:00.000+01:00,DIAG-CLOSE;USDCAD;s=3;prev=4;c=5;firstObs=false;slotOn=true;inWindow=false;time_close=08-06 11:27
2026-08-06T11:26:00.000+01:00,DIAG-CLOSE;USDCAD;s=4;prev=2;c=3;firstObs=false;slotOn=true;inWindow=false;time_close=08-06 11:27
2026-08-06T11:26:00.000+01:00,DIAG-CLOSE;USDCAD;s=5;prev=2;c=3;firstObs=false;slotOn=true;inWindow=false;time_close=08-06 11:27
2026-08-06T11:26:00.000+01:00,DIAG-CLOSE;USDCAD;s=6;prev=1;c=2;firstObs=false;slotOn=true;inWindow=false;time_close=08-06 11:27
2026-08-06T11:26:00.000+01:00,DIAG-CLOSE;USDCAD;s=7;prev=0;c=1;firstObs=false;slotOn=true;inWindow=false;time_close=08-06 11:27
2026-08-06T11:26:00.000+01:00,DIAG-CLOSE;EURJPY;s=2;prev=4;c=5;firstObs=false;slotOn=true;inWindow=false;time_close=08-06 11:27
2026-08-06T11:26:00.000+01:00,DIAG-CLOSE;EURJPY;s=3;prev=4;c=5;firstObs=false;slotOn=true;inWindow=false;time_close=08-06 11:27
2026-08-06T11:26:00.000+01:00,DIAG-CLOSE;EURJPY;s=4;prev=1;c=2;firstObs=false;slotOn=true;inWindow=false;time_close=08-06 11:27
2026-08-06T11:26:00.000+01:00,DIAG-CLOSE;EURJPY;s=5;prev=1;c=2;firstObs=false;slotOn=true;inWindow=false;time_close=08-06 11:27
2026-08-06T11:28:00.000+01:00,DIAG-CLOSE;AUDUSD;s=0;prev=8;c=9;firstObs=false;slotOn=true;inWindow=false;time_close=08-06 11:29
2026-08-06T11:28:00.000+01:00,DIAG-CLOSE;AUDUSD;s=1;prev=8;c=9;firstObs=false;slotOn=true;inWindow=false;time_close=08-06 11:29
2026-08-06T11:31:00.000+01:00,DIAG-CLOSE;AUDUSD;s=2;prev=4;c=5;firstObs=false;slotOn=true;inWindow=false;time_close=08-06 11:32
2026-08-06T11:31:00.000+01:00,DIAG-CLOSE;AUDUSD;s=3;prev=4;c=5;firstObs=false;slotOn=true;inWindow=false;time_close=08-06 11:32
2026-08-06T11:32:00.000+01:00,DIAG-CLOSE;GBPCAD;s=2;prev=5;c=6;firstObs=false;slotOn=true;inWindow=false;time_close=08-06 11:33
2026-08-06T11:32:00.000+01:00,DIAG-CLOSE;GBPCAD;s=3;prev=4;c=5;firstObs=false;slotOn=true;inWindow=false;time_close=08-06 11:33
2026-08-06T11:34:00.000+01:00,DIAG-CLOSE;GBPCHF;s=0;prev=4;c=5;firstObs=false;slotOn=true;inWindow=false;time_close=08-06 11:35
2026-08-06T11:34:00.000+01:00,DIAG-CLOSE;GBPCHF;s=6;prev=0;c=1;firstObs=false;slotOn=true;inWindow=false;time_close=08-06 11:35
2026-08-06T11:43:00.000+01:00,DIAG-CLOSE;EURCAD;s=0;prev=5;c=6;firstObs=false;slotOn=true;inWindow=false;time_close=08-06 11:44
2026-08-06T11:43:00.000+01:00,DIAG-CLOSE;EURCAD;s=1;prev=5;c=6;firstObs=false;slotOn=true;inWindow=false;time_close=08-06 11:44
2026-08-06T12:07:00.000+01:00,DIAG-CLOSE;CHFJPY;s=0;prev=7;c=8;firstObs=false;slotOn=true;inWindow=false;time_close=08-06 12:08
2026-08-06T12:07:00.000+01:00,DIAG-CLOSE;CHFJPY;s=1;prev=7;c=8;firstObs=false;slotOn=true;inWindow=false;time_close=08-06 12:08
2026-08-06T12:07:00.000+01:00,DIAG-CLOSE;CHFJPY;s=2;prev=6;c=7;firstObs=false;slotOn=true;inWindow=false;time_close=08-06 12:08
2026-08-06T12:07:00.000+01:00,DIAG-CLOSE;CHFJPY;s=3;prev=6;c=7;firstObs=false;slotOn=true;inWindow=false;time_close=08-06 12:08
2026-08-06T12:16:00.000+01:00,DIAG-CLOSE;GBPCHF;s=0;prev=5;c=6;firstObs=false;slotOn=true;inWindow=false;time_close=08-06 12:17
2026-08-06T12:16:00.000+01:00,DIAG-CLOSE;GBPCHF;s=1;prev=4;c=5;firstObs=false;slotOn=true;inWindow=false;time_close=08-06 12:17
2026-08-06T12:16:00.000+01:00,DIAG-CLOSE;GBPCHF;s=2;prev=2;c=3;firstObs=false;slotOn=true;inWindow=false;time_close=08-06 12:17
2026-08-06T12:16:00.000+01:00,DIAG-CLOSE;GBPCHF;s=3;prev=2;c=3;firstObs=false;slotOn=true;inWindow=false;time_close=08-06 12:17
2026-08-06T12:16:00.000+01:00,DIAG-CLOSE;GBPCHF;s=4;prev=2;c=3;firstObs=false;slotOn=true;inWindow=false;time_close=08-06 12:17
2026-08-06T12:34:00.000+01:00,DIAG-CLOSE;EURGBP;s=7;prev=0;c=1;firstObs=false;slotOn=true;inWindow=false;time_close=08-06 12:35
2026-08-06T12:40:00.000+01:00,DIAG-CLOSE;EURGBP;s=2;prev=5;c=6;firstObs=false;slotOn=true;inWindow=false;time_close=08-06 12:41
2026-08-06T12:42:00.000+01:00,DIAG-CLOSE;EURGBP;s=0;prev=7;c=8;firstObs=false;slotOn=true;inWindow=false;time_close=08-06 12:43
2026-08-06T12:42:00.000+01:00,DIAG-CLOSE;EURGBP;s=1;prev=7;c=8;firstObs=false;slotOn=true;inWindow=false;time_close=08-06 12:43
2026-08-06T12:46:00.000+01:00,DIAG-CLOSE;AUDCHF;s=2;prev=1;c=2;firstObs=false;slotOn=true;inWindow=false;time_close=08-06 12:47
2026-08-06T12:46:00.000+01:00,DIAG-CLOSE;AUDCHF;s=3;prev=1;c=2;firstObs=false;slotOn=true;inWindow=false;time_close=08-06 12:47
2026-08-06T12:48:00.000+01:00,DIAG-CLOSE;AUDCHF;s=0;prev=7;c=8;firstObs=false;slotOn=true;inWindow=false;time_close=08-06 12:49
2026-08-06T12:48:00.000+01:00,DIAG-CLOSE;AUDCHF;s=1;prev=7;c=8;firstObs=false;slotOn=true;inWindow=false;time_close=08-06 12:49
2026-08-06T13:01:00.000+01:00,DIAG-CLOSE;USDJPY;s=1;prev=9;c=10;firstObs=false;slotOn=true;inWindow=false;time_close=08-06 13:02
2026-08-06T13:31:00.000+01:00,DIAG-CLOSE;CADCHF;s=0;prev=9;c=10;firstObs=false;slotOn=true;inWindow=false;time_close=08-06 13:32
2026-08-06T13:31:00.000+01:00,DIAG-CLOSE;CADCHF;s=1;prev=8;c=9;firstObs=false;slotOn=true;inWindow=false;time_close=08-06 13:32
2026-08-06T13:31:00.000+01:00,DIAG-CLOSE;CADCHF;s=2;prev=6;c=7;firstObs=false;slotOn=true;inWindow=false;time_close=08-06 13:32
2026-08-06T13:31:00.000+01:00,DIAG-CLOSE;CADCHF;s=3;prev=6;c=7;firstObs=false;slotOn=true;inWindow=false;time_close=08-06 13:32
2026-08-06T13:44:00.000+01:00,DIAG-CLOSE;GBPCHF;s=2;prev=3;c=4;firstObs=false;slotOn=true;inWindow=false;time_close=08-06 13:45
2026-08-06T13:44:00.000+01:00,DIAG-CLOSE;GBPCHF;s=7;prev=1;c=2;firstObs=false;slotOn=true;inWindow=false;time_close=08-06 13:45
2026-08-06T13:52:00.000+01:00,DIAG-CLOSE;EURCHF;s=0;prev=6;c=7;firstObs=false;slotOn=true;inWindow=false;time_close=08-06 13:53
2026-08-06T13:52:00.000+01:00,DIAG-CLOSE;EURCHF;s=1;prev=7;c=8;firstObs=false;slotOn=true;inWindow=false;time_close=08-06 13:53
2026-08-06T13:52:00.000+01:00,DIAG-CLOSE;EURCHF;s=2;prev=4;c=5;firstObs=false;slotOn=true;inWindow=false;time_close=08-06 13:53
2026-08-06T13:52:00.000+01:00,DIAG-CLOSE;EURCHF;s=3;prev=3;c=4;firstObs=false;slotOn=true;inWindow=false;time_close=08-06 13:53
2026-08-06T13:53:00.000+01:00,DIAG-CLOSE;CADJPY;s=0;prev=5;c=6;firstObs=false;slotOn=true;inWindow=false;time_close=08-06 13:54
2026-08-06T13:53:00.000+01:00,DIAG-CLOSE;CADJPY;s=1;prev=5;c=6;firstObs=false;slotOn=true;inWindow=false;time_close=08-06 13:54
2026-08-06T14:13:00.000+01:00,DIAG-CLOSE;AUDUSD;s=0;prev=9;c=10;firstObs=false;slotOn=true;inWindow=false;time_close=08-06 14:14
2026-08-06T14:13:00.000+01:00,DIAG-CLOSE;AUDUSD;s=1;prev=9;c=10;firstObs=false;slotOn=true;inWindow=false;time_close=08-06 14:14
2026-08-06T14:36:00.000+01:00,DIAG-CLOSE;GBPCAD;s=0;prev=8;c=9;firstObs=false;slotOn=true;inWindow=false;time_close=08-06 14:37
2026-08-06T14:36:00.000+01:00,DIAG-CLOSE;GBPCAD;s=1;prev=8;c=9;firstObs=false;slotOn=true;inWindow=false;time_close=08-06 14:37
2026-08-06T14:38:00.000+01:00,DIAG-CLOSE;GBPUSD;s=0;prev=10;c=11;firstObs=false;slotOn=true;inWindow=false;time_close=08-06 14:39
2026-08-06T14:38:00.000+01:00,DIAG-CLOSE;GBPUSD;s=1;prev=10;c=11;firstObs=false;slotOn=true;inWindow=false;time_close=08-06 14:39
2026-08-06T14:42:00.000+01:00,DIAG-CLOSE;EURJPY;s=0;prev=9;c=10;firstObs=false;slotOn=true;inWindow=false;time_close=08-06 14:43
2026-08-06T14:42:00.000+01:00,DIAG-CLOSE;EURJPY;s=1;prev=9;c=10;firstObs=false;slotOn=true;inWindow=false;time_close=08-06 14:43
2026-08-06T15:01:00.000+01:00,DIAG-CLOSE;GBPAUD;s=0;prev=8;c=9;firstObs=false;slotOn=true;inWindow=false;time_close=08-06 15:02
2026-08-06T15:01:00.000+01:00,DIAG-CLOSE;GBPAUD;s=1;prev=9;c=10;firstObs=false;slotOn=true;inWindow=false;time_close=08-06 15:02
2026-08-06T15:02:00.000+01:00,DIAG-CLOSE;CHFJPY;s=0;prev=8;c=9;firstObs=false;slotOn=true;inWindow=false;time_close=08-06 15:03
2026-08-06T15:02:00.000+01:00,DIAG-CLOSE;CHFJPY;s=1;prev=8;c=9;firstObs=false;slotOn=true;inWindow=false;time_close=08-06 15:03
2026-08-06T15:02:00.000+01:00,DIAG-CLOSE;CHFJPY;s=2;prev=7;c=8;firstObs=false;slotOn=true;inWindow=false;time_close=08-06 15:03
2026-08-06T15:02:00.000+01:00,DIAG-CLOSE;CHFJPY;s=3;prev=7;c=8;firstObs=false;slotOn=true;inWindow=false;time_close=08-06 15:03
2026-08-06T15:02:00.000+01:00,DIAG-CLOSE;CHFJPY;s=4;prev=5;c=6;firstObs=false;slotOn=true;inWindow=false;time_close=08-06 15:03
2026-08-06T15:02:00.000+01:00,DIAG-CLOSE;CHFJPY;s=5;prev=5;c=6;firstObs=false;slotOn=true;inWindow=false;time_close=08-06 15:03
2026-08-06T15:09:00.000+01:00,DIAG-CLOSE;USDJPY;s=0;prev=9;c=10;firstObs=false;slotOn=true;inWindow=false;time_close=08-06 15:10
2026-08-06T15:09:00.000+01:00,DIAG-CLOSE;USDJPY;s=1;prev=10;c=11;firstObs=false;slotOn=true;inWindow=false;time_close=08-06 15:10
2026-08-06T15:09:00.000+01:00,DIAG-CLOSE;USDJPY;s=2;prev=5;c=6;firstObs=false;slotOn=true;inWindow=false;time_close=08-06 15:10
2026-08-06T15:09:00.000+01:00,DIAG-CLOSE;USDJPY;s=3;prev=5;c=6;firstObs=false;slotOn=true;inWindow=false;time_close=08-06 15:10
2026-08-06T15:09:00.000+01:00,DIAG-CLOSE;USDJPY;s=4;prev=3;c=4;firstObs=false;slotOn=true;inWindow=false;time_close=08-06 15:10
2026-08-06T15:09:00.000+01:00,DIAG-CLOSE;USDJPY;s=5;prev=3;c=4;firstObs=false;slotOn=true;inWindow=false;time_close=08-06 15:10
2026-08-06T15:11:00.000+01:00,DIAG-CLOSE;GBPCHF;s=0;prev=6;c=7;firstObs=false;slotOn=true;inWindow=false;time_close=08-06 15:12
2026-08-06T15:11:00.000+01:00,DIAG-CLOSE;GBPCHF;s=1;prev=5;c=6;firstObs=false;slotOn=true;inWindow=false;time_close=08-06 15:12
2026-08-06T15:11:00.000+01:00,DIAG-CLOSE;GBPCHF;s=3;prev=3;c=4;firstObs=false;slotOn=true;inWindow=false;time_close=08-06 15:12
2026-08-06T15:11:00.000+01:00,DIAG-CLOSE;GBPCHF;s=4;prev=3;c=4;firstObs=false;slotOn=true;inWindow=false;time_close=08-06 15:12
2026-08-06T15:11:00.000+01:00,DIAG-CLOSE;GBPCHF;s=5;prev=2;c=3;firstObs=false;slotOn=true;inWindow=false;time_close=08-06 15:12
2026-08-06T15:53:00.000+01:00,DIAG-CLOSE;GBPCHF;s=2;prev=4;c=5;firstObs=false;slotOn=true;inWindow=false;time_close=08-06 15:54
2026-08-06T15:57:00.000+01:00,DIAG-CLOSE;CADCHF;s=0;prev=10;c=11;firstObs=false;slotOn=true;inWindow=false;time_close=08-06 15:58
2026-08-06T15:57:00.000+01:00,DIAG-CLOSE;CADCHF;s=1;prev=9;c=10;firstObs=false;slotOn=true;inWindow=false;time_close=08-06 15:58
2026-08-06T15:57:00.000+01:00,DIAG-CLOSE;CADCHF;s=6;prev=2;c=3;firstObs=false;slotOn=true;inWindow=false;time_close=08-06 15:58
2026-08-06T16:01:00.000+01:00,DIAG-CLOSE;CHFJPY;s=0;prev=9;c=10;firstObs=false;slotOn=true;inWindow=false;time_close=08-06 16:02
2026-08-06T16:01:00.000+01:00,DIAG-CLOSE;CHFJPY;s=1;prev=9;c=10;firstObs=false;slotOn=true;inWindow=false;time_close=08-06 16:02
2026-08-06T16:01:00.000+01:00,DIAG-CLOSE;CHFJPY;s=2;prev=8;c=9;firstObs=false;slotOn=true;inWindow=false;time_close=08-06 16:02
2026-08-06T16:01:00.000+01:00,DIAG-CLOSE;CHFJPY;s=3;prev=8;c=9;firstObs=false;slotOn=true;inWindow=false;time_close=08-06 16:02
2026-08-06T16:01:00.000+01:00,DIAG-CLOSE;CHFJPY;s=4;prev=6;c=7;firstObs=false;slotOn=true;inWindow=false;time_close=08-06 16:02
2026-08-06T16:01:00.000+01:00,DIAG-CLOSE;CHFJPY;s=5;prev=6;c=7;firstObs=false;slotOn=true;inWindow=false;time_close=08-06 16:02
2026-08-06T16:01:00.000+01:00,DIAG-CLOSE;CHFJPY;s=6;prev=3;c=4;firstObs=false;slotOn=true;inWindow=false;time_close=08-06 16:02
2026-08-06T16:22:00.000+01:00,DIAG-CLOSE;AUDUSD;s=0;prev=10;c=11;firstObs=false;slotOn=true;inWindow=false;time_close=08-06 16:23
2026-08-06T16:22:00.000+01:00,DIAG-CLOSE;AUDUSD;s=1;prev=10;c=11;firstObs=false;slotOn=true;inWindow=false;time_close=08-06 16:23
2026-08-06T16:22:00.000+01:00,DIAG-CLOSE;AUDUSD;s=2;prev=5;c=6;firstObs=false;slotOn=true;inWindow=false;time_close=08-06 16:23
2026-08-06T16:22:00.000+01:00,DIAG-CLOSE;AUDUSD;s=3;prev=5;c=6;firstObs=false;slotOn=true;inWindow=false;time_close=08-06 16:23
2026-08-06T16:22:00.000+01:00,DIAG-CLOSE;AUDUSD;s=4;prev=2;c=3;firstObs=false;slotOn=true;inWindow=false;time_close=08-06 16:23
2026-08-06T16:22:00.000+01:00,DIAG-CLOSE;AUDUSD;s=5;prev=4;c=5;firstObs=false;slotOn=true;inWindow=false;time_close=08-06 16:23
2026-08-06T16:22:00.000+01:00,DIAG-CLOSE;AUDUSD;s=7;prev=1;c=2;firstObs=false;slotOn=true;inWindow=false;time_close=08-06 16:23
2026-08-06T16:23:00.000+01:00,DIAG-CLOSE;EURCHF;s=0;prev=7;c=8;firstObs=false;slotOn=true;inWindow=false;time_close=08-06 16:24
2026-08-06T16:23:00.000+01:00,DIAG-CLOSE;EURCHF;s=1;prev=8;c=9;firstObs=false;slotOn=true;inWindow=false;time_close=08-06 16:24
2026-08-06T16:23:00.000+01:00,DIAG-CLOSE;EURCHF;s=2;prev=5;c=6;firstObs=false;slotOn=true;inWindow=false;time_close=08-06 16:24
2026-08-06T16:23:00.000+01:00,DIAG-CLOSE;EURCHF;s=3;prev=4;c=5;firstObs=false;slotOn=true;inWindow=false;time_close=08-06 16:24
2026-08-06T16:23:00.000+01:00,DIAG-CLOSE;EURCHF;s=4;prev=1;c=2;firstObs=false;slotOn=true;inWindow=false;time_close=08-06 16:24
2026-08-06T16:23:00.000+01:00,DIAG-CLOSE;EURCHF;s=5;prev=1;c=2;firstObs=false;slotOn=true;inWindow=false;time_close=08-06 16:24
2026-08-06T16:26:00.000+01:00,DIAG-CLOSE;GBPJPY;s=0;prev=6;c=7;firstObs=false;slotOn=true;inWindow=false;time_close=08-06 16:27
2026-08-06T16:26:00.000+01:00,DIAG-CLOSE;GBPJPY;s=1;prev=6;c=7;firstObs=false;slotOn=true;inWindow=false;time_close=08-06 16:27
2026-08-06T16:36:00.000+01:00,DIAG-CLOSE;USDCAD;s=0;prev=7;c=8;firstObs=false;slotOn=true;inWindow=false;time_close=08-06 16:37
2026-08-06T16:36:00.000+01:00,DIAG-CLOSE;USDCAD;s=1;prev=7;c=8;firstObs=false;slotOn=true;inWindow=false;time_close=08-06 16:37
2026-08-06T16:40:00.000+01:00,DIAG-CLOSE;CADJPY;s=0;prev=6;c=7;firstObs=false;slotOn=true;inWindow=false;time_close=08-06 16:41
2026-08-06T16:40:00.000+01:00,DIAG-CLOSE;CADJPY;s=1;prev=6;c=7;firstObs=false;slotOn=true;inWindow=false;time_close=08-06 16:41
2026-08-06T16:41:00.000+01:00,DIAG-CLOSE;EURAUD;s=0;prev=5;c=6;firstObs=false;slotOn=true;inWindow=false;time_close=08-06 16:42
2026-08-06T16:41:00.000+01:00,DIAG-CLOSE;EURAUD;s=1;prev=5;c=6;firstObs=false;slotOn=true;inWindow=false;time_close=08-06 16:42
2026-08-06T16:41:00.000+01:00,DIAG-CLOSE;EURAUD;s=2;prev=1;c=2;firstObs=false;slotOn=true;inWindow=false;time_close=08-06 16:42
2026-08-06T16:41:00.000+01:00,DIAG-CLOSE;EURAUD;s=3;prev=2;c=3;firstObs=false;slotOn=true;inWindow=false;time_close=08-06 16:42
2026-08-06T16:41:00.000+01:00,DIAG-CLOSE;EURAUD;s=4;prev=0;c=1;firstObs=false;slotOn=true;inWindow=false;time_close=08-06 16:42
2026-08-06T16:41:00.000+01:00,DIAG-CLOSE;EURAUD;s=5;prev=0;c=1;firstObs=false;slotOn=true;inWindow=false;time_close=08-06 16:42
2026-08-06T16:41:00.000+01:00,DIAG-CLOSE;EURAUD;s=6;prev=0;c=1;firstObs=false;slotOn=true;inWindow=false;time_close=08-06 16:42
2026-08-06T16:41:00.000+01:00,DIAG-CLOSE;GBPAUD;s=2;prev=6;c=7;firstObs=false;slotOn=true;inWindow=false;time_close=08-06 16:42
2026-08-06T16:41:00.000+01:00,DIAG-CLOSE;GBPAUD;s=3;prev=6;c=7;firstObs=false;slotOn=true;inWindow=false;time_close=08-06 16:42
2026-08-06T16:43:00.000+01:00,DIAG-CLOSE;GBPJPY;s=2;prev=4;c=5;firstObs=false;slotOn=true;inWindow=false;time_close=08-06 16:44
2026-08-06T16:43:00.000+01:00,DIAG-CLOSE;GBPJPY;s=3;prev=4;c=5;firstObs=false;slotOn=true;inWindow=false;time_close=08-06 16:44
2026-08-06T16:43:00.000+01:00,DIAG-CLOSE;GBPJPY;s=4;prev=2;c=3;firstObs=false;slotOn=true;inWindow=false;time_close=08-06 16:44
2026-08-06T16:43:00.000+01:00,DIAG-CLOSE;GBPJPY;s=5;prev=1;c=2;firstObs=false;slotOn=true;inWindow=false;time_close=08-06 16:44
2026-08-06T16:59:00.000+01:00,DIAG-CLOSE;GBPAUD;s=0;prev=9;c=10;firstObs=false;slotOn=true;inWindow=false;time_close=08-06 17:00
2026-08-06T16:59:00.000+01:00,DIAG-CLOSE;GBPAUD;s=1;prev=10;c=11;firstObs=false;slotOn=true;inWindow=false;time_close=08-06 17:00
2026-08-06T16:59:00.000+01:00,DIAG-CLOSE;GBPAUD;s=4;prev=4;c=5;firstObs=false;slotOn=true;inWindow=false;time_close=08-06 17:00
2026-08-06T16:59:00.000+01:00,DIAG-CLOSE;GBPAUD;s=5;prev=4;c=5;firstObs=false;slotOn=true;inWindow=false;time_close=08-06 17:00
2026-08-06T16:59:00.000+01:00,DIAG-CLOSE;GBPAUD;s=6;prev=2;c=3;firstObs=false;slotOn=true;inWindow=false;time_close=08-06 17:00
2026-08-06T17:06:00.000+01:00,DIAG-CLOSE;CHFJPY;s=1;prev=10;c=11;firstObs=false;slotOn=true;inWindow=false;time_close=08-06 17:07
2026-08-06T17:10:00.000+01:00,DIAG-CLOSE;CHFJPY;s=0;prev=10;c=11;firstObs=false;slotOn=true;inWindow=false;time_close=08-06 17:11
2026-08-06T17:20:00.000+01:00,DIAG-CLOSE;AUDJPY;s=0;prev=7;c=8;firstObs=false;slotOn=true;inWindow=false;time_close=08-06 17:21
2026-08-06T17:20:00.000+01:00,DIAG-CLOSE;AUDJPY;s=1;prev=7;c=8;firstObs=false;slotOn=true;inWindow=false;time_close=08-06 17:21
2026-08-06T17:57:00.000+01:00,DIAG-CLOSE;AUDUSD;s=0;prev=11;c=12;firstObs=false;slotOn=true;inWindow=false;time_close=08-06 17:58
2026-08-06T17:57:00.000+01:00,DIAG-CLOSE;AUDUSD;s=1;prev=11;c=12;firstObs=false;slotOn=true;inWindow=false;time_close=08-06 17:58
2026-08-06T17:57:00.000+01:00,DIAG-CLOSE;AUDCAD;s=0;prev=6;c=7;firstObs=false;slotOn=true;inWindow=false;time_close=08-06 17:58
2026-08-06T17:57:00.000+01:00,DIAG-CLOSE;AUDCAD;s=1;prev=6;c=7;firstObs=false;slotOn=true;inWindow=false;time_close=08-06 17:58
2026-08-06T18:02:00.000+01:00,DIAG-CLOSE;USDCHF;s=0;prev=9;c=10;firstObs=false;slotOn=true;inWindow=false;time_close=08-06 18:03
2026-08-06T18:02:00.000+01:00,DIAG-CLOSE;USDCHF;s=1;prev=11;c=12;firstObs=false;slotOn=true;inWindow=false;time_close=08-06 18:03
2026-08-06T18:04:00.000+01:00,DIAG-CLOSE;GBPUSD;s=2;prev=2;c=3;firstObs=false;slotOn=true;inWindow=false;time_close=08-06 18:05
2026-08-06T18:04:00.000+01:00,DIAG-CLOSE;GBPUSD;s=3;prev=2;c=3;firstObs=false;slotOn=true;inWindow=false;time_close=08-06 18:05
2026-08-06T18:06:00.000+01:00,DIAG-CLOSE;AUDCAD;s=2;prev=4;c=5;firstObs=false;slotOn=true;inWindow=false;time_close=08-06 18:07
2026-08-06T18:06:00.000+01:00,DIAG-CLOSE;AUDCAD;s=3;prev=4;c=5;firstObs=false;slotOn=true;inWindow=false;time_close=08-06 18:07
2026-08-06T18:06:00.000+01:00,DIAG-CLOSE;AUDCAD;s=4;prev=3;c=4;firstObs=false;slotOn=true;inWindow=false;time_close=08-06 18:07
2026-08-06T18:06:00.000+01:00,DIAG-CLOSE;AUDCAD;s=5;prev=2;c=3;firstObs=false;slotOn=true;inWindow=false;time_close=08-06 18:07
2026-08-06T18:11:00.000+01:00,DIAG-CLOSE;GBPCHF;s=7;prev=2;c=3;firstObs=false;slotOn=true;inWindow=false;time_close=08-06 18:12
2026-08-06T18:32:00.000+01:00,DIAG-CLOSE;USDCAD;s=0;prev=8;c=9;firstObs=false;slotOn=true;inWindow=false;time_close=08-06 18:33
2026-08-06T18:32:00.000+01:00,DIAG-CLOSE;USDCAD;s=1;prev=8;c=9;firstObs=false;slotOn=true;inWindow=false;time_close=08-06 18:33
2026-08-06T18:36:00.000+01:00,DIAG-CLOSE;GBPCHF;s=0;prev=7;c=8;firstObs=false;slotOn=true;inWindow=false;time_close=08-06 18:37
2026-08-06T18:36:00.000+01:00,DIAG-CLOSE;GBPCHF;s=1;prev=6;c=7;firstObs=false;slotOn=true;inWindow=false;time_close=08-06 18:37
2026-08-06T18:45:00.000+01:00,DIAG-CLOSE;EURCAD;s=0;prev=6;c=7;firstObs=false;slotOn=true;inWindow=false;time_close=08-06 18:46
2026-08-06T18:45:00.000+01:00,DIAG-CLOSE;EURCAD;s=1;prev=6;c=7;firstObs=false;slotOn=true;inWindow=false;time_close=08-06 18:46
2026-08-06T18:45:00.000+01:00,DIAG-CLOSE;GBPCAD;s=0;prev=9;c=10;firstObs=false;slotOn=true;inWindow=false;time_close=08-06 18:46
2026-08-06T18:45:00.000+01:00,DIAG-CLOSE;GBPCAD;s=1;prev=9;c=10;firstObs=false;slotOn=true;inWindow=false;time_close=08-06 18:46
2026-08-06T18:45:00.000+01:00,DIAG-CLOSE;GBPCAD;s=2;prev=6;c=7;firstObs=false;slotOn=true;inWindow=false;time_close=08-06 18:46
2026-08-06T18:45:00.000+01:00,DIAG-CLOSE;GBPCAD;s=3;prev=5;c=6;firstObs=false;slotOn=true;inWindow=false;time_close=08-06 18:46
2026-08-06T18:49:00.000+01:00,DIAG-CLOSE;USDJPY;s=0;prev=10;c=11;firstObs=false;slotOn=true;inWindow=false;time_close=08-06 18:50
2026-08-06T18:49:00.000+01:00,DIAG-CLOSE;USDJPY;s=1;prev=11;c=12;firstObs=false;slotOn=true;inWindow=false;time_close=08-06 18:50
2026-08-06T19:33:00.000+01:00,DIAG-CLOSE;AUDCHF;s=0;prev=8;c=9;firstObs=false;slotOn=true;inWindow=false;time_close=08-06 19:34
2026-08-06T19:33:00.000+01:00,DIAG-CLOSE;AUDCHF;s=1;prev=8;c=9;firstObs=false;slotOn=true;inWindow=false;time_close=08-06 19:34
2026-08-06T19:33:00.000+01:00,DIAG-CLOSE;AUDCHF;s=2;prev=2;c=3;firstObs=false;slotOn=true;inWindow=false;time_close=08-06 19:34
2026-08-06T19:33:00.000+01:00,DIAG-CLOSE;AUDCHF;s=3;prev=2;c=3;firstObs=false;slotOn=true;inWindow=false;time_close=08-06 19:34
2026-08-06T19:33:00.000+01:00,DIAG-CLOSE;AUDCHF;s=4;prev=1;c=2;firstObs=false;slotOn=true;inWindow=false;time_close=08-06 19:34
2026-08-06T19:33:00.000+01:00,DIAG-CLOSE;AUDCHF;s=5;prev=1;c=2;firstObs=false;slotOn=true;inWindow=false;time_close=08-06 19:34
2026-08-06T19:50:00.000+01:00,DIAG-CLOSE;EURJPY;s=0;prev=10;c=11;firstObs=false;slotOn=true;inWindow=false;time_close=08-06 19:51
2026-08-06T19:50:00.000+01:00,DIAG-CLOSE;EURJPY;s=1;prev=10;c=11;firstObs=false;slotOn=true;inWindow=false;time_close=08-06 19:51
2026-08-06T19:50:00.000+01:00,DIAG-CLOSE;EURJPY;s=2;prev=5;c=6;firstObs=false;slotOn=true;inWindow=false;time_close=08-06 19:51
2026-08-06T19:50:00.000+01:00,DIAG-CLOSE;EURJPY;s=3;prev=5;c=6;firstObs=false;slotOn=true;inWindow=false;time_close=08-06 19:51
2026-08-06T19:53:00.000+01:00,DIAG-CLOSE;AUDJPY;s=0;prev=8;c=9;firstObs=false;slotOn=true;inWindow=false;time_close=08-06 19:54
2026-08-06T19:53:00.000+01:00,DIAG-CLOSE;AUDJPY;s=1;prev=8;c=9;firstObs=false;slotOn=true;inWindow=false;time_close=08-06 19:54
2026-08-07T08:11:00.000+01:00,DIAG-CLOSE;GBPCAD;s=0;prev=10;c=11;firstObs=false;slotOn=true;inWindow=false;time_close=08-07 08:12
2026-08-07T08:11:00.000+01:00,DIAG-CLOSE;GBPCAD;s=1;prev=10;c=11;firstObs=false;slotOn=true;inWindow=false;time_close=08-07 08:12
2026-08-07T08:34:00.000+01:00,DIAG-CLOSE;EURAUD;s=0;prev=6;c=7;firstObs=false;slotOn=true;inWindow=false;time_close=08-07 08:35
2026-08-07T08:34:00.000+01:00,DIAG-CLOSE;EURAUD;s=1;prev=6;c=7;firstObs=false;slotOn=true;inWindow=false;time_close=08-07 08:35
2026-08-07T08:37:00.000+01:00,DIAG-CLOSE;AUDCAD;s=0;prev=7;c=8;firstObs=false;slotOn=true;inWindow=false;time_close=08-07 08:38
2026-08-07T08:37:00.000+01:00,DIAG-CLOSE;AUDCAD;s=1;prev=7;c=8;firstObs=false;slotOn=true;inWindow=false;time_close=08-07 08:38
2026-08-07T08:37:00.000+01:00,DIAG-CLOSE;AUDCAD;s=2;prev=5;c=6;firstObs=false;slotOn=true;inWindow=false;time_close=08-07 08:38
2026-08-07T08:37:00.000+01:00,DIAG-CLOSE;AUDCAD;s=3;prev=5;c=6;firstObs=false;slotOn=true;inWindow=false;time_close=08-07 08:38
2026-08-07T08:37:00.000+01:00,DIAG-CLOSE;AUDCAD;s=4;prev=4;c=5;firstObs=false;slotOn=true;inWindow=false;time_close=08-07 08:38
2026-08-07T08:37:00.000+01:00,DIAG-CLOSE;AUDCAD;s=5;prev=3;c=4;firstObs=false;slotOn=true;inWindow=false;time_close=08-07 08:38
2026-08-07T08:37:00.000+01:00,DIAG-CLOSE;AUDCAD;s=7;prev=2;c=3;firstObs=false;slotOn=true;inWindow=false;time_close=08-07 08:38
2026-08-07T08:41:00.000+01:00,DIAG-CLOSE;USDCAD;s=0;prev=9;c=10;firstObs=false;slotOn=true;inWindow=false;time_close=08-07 08:42
2026-08-07T08:41:00.000+01:00,DIAG-CLOSE;USDCAD;s=1;prev=9;c=10;firstObs=false;slotOn=true;inWindow=false;time_close=08-07 08:42
2026-08-07T08:54:00.000+01:00,DIAG-CLOSE;CADCHF;s=0;prev=11;c=12;firstObs=false;slotOn=true;inWindow=false;time_close=08-07 08:55
2026-08-07T08:54:00.000+01:00,DIAG-CLOSE;CADCHF;s=1;prev=10;c=11;firstObs=false;slotOn=true;inWindow=false;time_close=08-07 08:55
2026-08-07T09:07:00.000+01:00,DIAG-CLOSE;USDCAD;s=2;prev=5;c=6;firstObs=false;slotOn=true;inWindow=false;time_close=08-07 09:08
2026-08-07T09:08:00.000+01:00,DIAG-CLOSE;GBPCHF;s=0;prev=8;c=9;firstObs=false;slotOn=true;inWindow=false;time_close=08-07 09:09
2026-08-07T09:18:00.000+01:00,DIAG-CLOSE;CADJPY;s=2;prev=2;c=3;firstObs=false;slotOn=true;inWindow=false;time_close=08-07 09:19
2026-08-07T09:18:00.000+01:00,DIAG-CLOSE;CADJPY;s=7;prev=0;c=1;firstObs=false;slotOn=true;inWindow=false;time_close=08-07 09:19
2026-08-07T09:27:00.000+01:00,DIAG-CLOSE;USDJPY;s=0;prev=11;c=12;firstObs=false;slotOn=true;inWindow=false;time_close=08-07 09:28
2026-08-07T09:27:00.000+01:00,DIAG-CLOSE;USDJPY;s=1;prev=12;c=13;firstObs=false;slotOn=true;inWindow=false;time_close=08-07 09:28
2026-08-07T09:27:00.000+01:00,DIAG-CLOSE;USDJPY;s=2;prev=6;c=7;firstObs=false;slotOn=true;inWindow=false;time_close=08-07 09:28
2026-08-07T09:27:00.000+01:00,DIAG-CLOSE;USDJPY;s=3;prev=6;c=7;firstObs=false;slotOn=true;inWindow=false;time_close=08-07 09:28
2026-08-07T09:27:00.000+01:00,DIAG-CLOSE;USDJPY;s=4;prev=4;c=5;firstObs=false;slotOn=true;inWindow=false;time_close=08-07 09:28
2026-08-07T09:27:00.000+01:00,DIAG-CLOSE;USDJPY;s=5;prev=4;c=5;firstObs=false;slotOn=true;inWindow=false;time_close=08-07 09:28
2026-08-07T09:27:00.000+01:00,DIAG-CLOSE;USDJPY;s=6;prev=1;c=2;firstObs=false;slotOn=true;inWindow=false;time_close=08-07 09:28
2026-08-07T09:48:00.000+01:00,DIAG-CLOSE;USDJPY;s=7;prev=2;c=3;firstObs=false;slotOn=true;inWindow=false;time_close=08-07 09:49
2026-08-07T09:49:00.000+01:00,DIAG-CLOSE;AUDUSD;s=0;prev=12;c=13;firstObs=false;slotOn=true;inWindow=false;time_close=08-07 09:50
2026-08-07T09:49:00.000+01:00,DIAG-CLOSE;AUDUSD;s=1;prev=12;c=13;firstObs=false;slotOn=true;inWindow=false;time_close=08-07 09:50
2026-08-07T09:52:00.000+01:00,DIAG-CLOSE;GBPCAD;s=0;prev=11;c=12;firstObs=false;slotOn=true;inWindow=false;time_close=08-07 09:53
2026-08-07T09:52:00.000+01:00,DIAG-CLOSE;GBPCAD;s=1;prev=11;c=12;firstObs=false;slotOn=true;inWindow=false;time_close=08-07 09:53
2026-08-07T09:58:00.000+01:00,DIAG-CLOSE;EURGBP;s=0;prev=8;c=9;firstObs=false;slotOn=true;inWindow=false;time_close=08-07 09:59
2026-08-07T09:58:00.000+01:00,DIAG-CLOSE;EURGBP;s=1;prev=8;c=9;firstObs=false;slotOn=true;inWindow=false;time_close=08-07 09:59
2026-08-07T10:17:00.000+01:00,DIAG-CLOSE;CHFJPY;s=0;prev=11;c=12;firstObs=false;slotOn=true;inWindow=false;time_close=08-07 10:18
2026-08-07T10:17:00.000+01:00,DIAG-CLOSE;CHFJPY;s=1;prev=11;c=12;firstObs=false;slotOn=true;inWindow=false;time_close=08-07 10:18
2026-08-07T10:18:00.000+01:00,DIAG-CLOSE;EURAUD;s=0;prev=7;c=8;firstObs=false;slotOn=true;inWindow=false;time_close=08-07 10:19
2026-08-07T10:18:00.000+01:00,DIAG-CLOSE;EURAUD;s=1;prev=7;c=8;firstObs=false;slotOn=true;inWindow=false;time_close=08-07 10:19
2026-08-07T11:19:00.000+01:00,DIAG-CLOSE;EURAUD;s=0;prev=8;c=9;firstObs=false;slotOn=true;inWindow=false;time_close=08-07 11:20
2026-08-07T11:19:00.000+01:00,DIAG-CLOSE;EURAUD;s=1;prev=8;c=9;firstObs=false;slotOn=true;inWindow=false;time_close=08-07 11:20
2026-08-07T11:19:00.000+01:00,DIAG-CLOSE;EURAUD;s=2;prev=2;c=3;firstObs=false;slotOn=true;inWindow=false;time_close=08-07 11:20
2026-08-07T11:39:00.000+01:00,DIAG-CLOSE;CADJPY;s=0;prev=7;c=8;firstObs=false;slotOn=true;inWindow=false;time_close=08-07 11:40
2026-08-07T11:39:00.000+01:00,DIAG-CLOSE;CADJPY;s=1;prev=7;c=8;firstObs=false;slotOn=true;inWindow=false;time_close=08-07 11:40
2026-08-07T11:39:00.000+01:00,DIAG-CLOSE;AUDJPY;s=0;prev=9;c=10;firstObs=false;slotOn=true;inWindow=false;time_close=08-07 11:40
2026-08-07T11:39:00.000+01:00,DIAG-CLOSE;AUDJPY;s=1;prev=9;c=10;firstObs=false;slotOn=true;inWindow=false;time_close=08-07 11:40
2026-08-07T11:39:00.000+01:00,DIAG-CLOSE;AUDJPY;s=2;prev=4;c=5;firstObs=false;slotOn=true;inWindow=false;time_close=08-07 11:40
2026-08-07T11:39:00.000+01:00,DIAG-CLOSE;AUDJPY;s=3;prev=4;c=5;firstObs=false;slotOn=true;inWindow=false;time_close=08-07 11:40
2026-08-07T11:48:00.000+01:00,DIAG-CLOSE;USDJPY;s=0;prev=12;c=13;firstObs=false;slotOn=true;inWindow=false;time_close=08-07 11:49
2026-08-07T11:48:00.000+01:00,DIAG-CLOSE;USDJPY;s=1;prev=13;c=14;firstObs=false;slotOn=true;inWindow=false;time_close=08-07 11:49
2026-08-07T11:48:00.000+01:00,DIAG-CLOSE;USDJPY;s=2;prev=7;c=8;firstObs=false;slotOn=true;inWindow=false;time_close=08-07 11:49
2026-08-07T11:48:00.000+01:00,DIAG-CLOSE;USDJPY;s=3;prev=7;c=8;firstObs=false;slotOn=true;inWindow=false;time_close=08-07 11:49
2026-08-07T11:54:00.000+01:00,DIAG-CLOSE;CHFJPY;s=0;prev=12;c=13;firstObs=false;slotOn=true;inWindow=false;time_close=08-07 11:55
2026-08-07T11:54:00.000+01:00,DIAG-CLOSE;CHFJPY;s=1;prev=12;c=13;firstObs=false;slotOn=true;inWindow=false;time_close=08-07 11:55
2026-08-07T11:54:00.000+01:00,DIAG-CLOSE;CHFJPY;s=4;prev=7;c=8;firstObs=false;slotOn=true;inWindow=false;time_close=08-07 11:55
2026-08-07T11:56:00.000+01:00,DIAG-CLOSE;EURJPY;s=0;prev=11;c=12;firstObs=false;slotOn=true;inWindow=false;time_close=08-07 11:57
2026-08-07T11:56:00.000+01:00,DIAG-CLOSE;EURJPY;s=1;prev=11;c=12;firstObs=false;slotOn=true;inWindow=false;time_close=08-07 11:57
2026-08-07T12:19:00.000+01:00,DIAG-CLOSE;EURJPY;s=2;prev=6;c=7;firstObs=false;slotOn=true;inWindow=false;time_close=08-07 12:20
2026-08-07T12:19:00.000+01:00,DIAG-CLOSE;EURJPY;s=3;prev=6;c=7;firstObs=false;slotOn=true;inWindow=false;time_close=08-07 12:20
2026-08-07T12:20:00.000+01:00,DIAG-CLOSE;AUDCAD;s=0;prev=8;c=9;firstObs=false;slotOn=true;inWindow=false;time_close=08-07 12:21
2026-08-07T12:20:00.000+01:00,DIAG-CLOSE;AUDCAD;s=1;prev=8;c=9;firstObs=false;slotOn=true;inWindow=false;time_close=08-07 12:21
2026-08-07T12:20:00.000+01:00,DIAG-CLOSE;AUDCAD;s=2;prev=6;c=7;firstObs=false;slotOn=true;inWindow=false;time_close=08-07 12:21
2026-08-07T12:20:00.000+01:00,DIAG-CLOSE;AUDCAD;s=3;prev=6;c=7;firstObs=false;slotOn=true;inWindow=false;time_close=08-07 12:21
2026-08-07T12:20:00.000+01:00,DIAG-CLOSE;AUDCAD;s=4;prev=5;c=6;firstObs=false;slotOn=true;inWindow=false;time_close=08-07 12:21
2026-08-07T12:20:00.000+01:00,DIAG-CLOSE;AUDCAD;s=5;prev=4;c=5;firstObs=false;slotOn=true;inWindow=false;time_close=08-07 12:21
2026-08-07T12:20:00.000+01:00,DIAG-CLOSE;AUDCAD;s=6;prev=1;c=2;firstObs=false;slotOn=true;inWindow=false;time_close=08-07 12:21
2026-08-07T12:20:00.000+01:00,DIAG-CLOSE;AUDCAD;s=7;prev=3;c=4;firstObs=false;slotOn=true;inWindow=false;time_close=08-07 12:21
2026-08-07T12:42:00.000+01:00,DIAG-CLOSE;CHFJPY;s=2;prev=9;c=10;firstObs=false;slotOn=true;inWindow=false;time_close=08-07 12:43
2026-08-07T12:42:00.000+01:00,DIAG-CLOSE;CHFJPY;s=3;prev=9;c=10;firstObs=false;slotOn=true;inWindow=false;time_close=08-07 12:43
2026-08-07T12:55:00.000+01:00,DIAG-CLOSE;GBPCHF;s=0;prev=9;c=10;firstObs=false;slotOn=true;inWindow=false;time_close=08-07 12:56
2026-08-07T12:55:00.000+01:00,DIAG-CLOSE;GBPCHF;s=1;prev=7;c=8;firstObs=false;slotOn=true;inWindow=false;time_close=08-07 12:56
2026-08-07T13:15:00.000+01:00,DIAG-CLOSE;USDCAD;s=0;prev=10;c=11;firstObs=false;slotOn=true;inWindow=false;time_close=08-07 13:16
2026-08-07T13:15:00.000+01:00,DIAG-CLOSE;USDCAD;s=1;prev=10;c=11;firstObs=false;slotOn=true;inWindow=false;time_close=08-07 13:16
2026-08-07T13:15:00.000+01:00,DIAG-CLOSE;USDCAD;s=2;prev=6;c=7;firstObs=false;slotOn=true;inWindow=false;time_close=08-07 13:16
2026-08-07T13:15:00.000+01:00,DIAG-CLOSE;USDCAD;s=3;prev=5;c=6;firstObs=false;slotOn=true;inWindow=false;time_close=08-07 13:16
2026-08-07T13:15:00.000+01:00,DIAG-CLOSE;USDCAD;s=7;prev=1;c=2;firstObs=false;slotOn=true;inWindow=false;time_close=08-07 13:16
2026-08-07T13:16:00.000+01:00,DIAG-CLOSE;AUDCHF;s=0;prev=9;c=10;firstObs=false;slotOn=true;inWindow=false;time_close=08-07 13:17
2026-08-07T13:16:00.000+01:00,DIAG-CLOSE;AUDCHF;s=1;prev=9;c=10;firstObs=false;slotOn=true;inWindow=false;time_close=08-07 13:17
2026-08-07T13:16:00.000+01:00,DIAG-CLOSE;AUDCHF;s=4;prev=2;c=3;firstObs=false;slotOn=true;inWindow=false;time_close=08-07 13:17
2026-08-07T13:31:00.000+01:00,DIAG-CLOSE;AUDJPY;s=0;prev=10;c=11;firstObs=false;slotOn=true;inWindow=false;time_close=08-07 13:32
2026-08-07T13:31:00.000+01:00,DIAG-CLOSE;AUDJPY;s=1;prev=10;c=11;firstObs=false;slotOn=true;inWindow=false;time_close=08-07 13:32
2026-08-07T13:31:00.000+01:00,DIAG-CLOSE;AUDJPY;s=2;prev=5;c=6;firstObs=false;slotOn=true;inWindow=false;time_close=08-07 13:32
2026-08-07T13:31:00.000+01:00,DIAG-CLOSE;AUDJPY;s=3;prev=5;c=6;firstObs=false;slotOn=true;inWindow=false;time_close=08-07 13:32
2026-08-07T13:35:00.000+01:00,DIAG-CLOSE;GBPAUD;s=0;prev=10;c=11;firstObs=false;slotOn=true;inWindow=false;time_close=08-07 13:36
2026-08-07T13:35:00.000+01:00,DIAG-CLOSE;GBPAUD;s=1;prev=11;c=12;firstObs=false;slotOn=true;inWindow=false;time_close=08-07 13:36
2026-08-07T13:35:00.000+01:00,DIAG-CLOSE;GBPAUD;s=2;prev=7;c=8;firstObs=false;slotOn=true;inWindow=false;time_close=08-07 13:36
2026-08-07T13:35:00.000+01:00,DIAG-CLOSE;GBPAUD;s=3;prev=7;c=8;firstObs=false;slotOn=true;inWindow=false;time_close=08-07 13:36
2026-08-07T13:35:00.000+01:00,DIAG-CLOSE;GBPAUD;s=4;prev=5;c=6;firstObs=false;slotOn=true;inWindow=false;time_close=08-07 13:36
2026-08-07T13:35:00.000+01:00,DIAG-CLOSE;GBPAUD;s=5;prev=5;c=6;firstObs=false;slotOn=true;inWindow=false;time_close=08-07 13:36
2026-08-07T13:35:00.000+01:00,DIAG-CLOSE;GBPAUD;s=6;prev=3;c=4;firstObs=false;slotOn=true;inWindow=false;time_close=08-07 13:36
2026-08-07T13:35:00.000+01:00,DIAG-CLOSE;GBPAUD;s=7;prev=3;c=4;firstObs=false;slotOn=true;inWindow=false;time_close=08-07 13:36
2026-08-07T13:36:00.000+01:00,DIAG-CLOSE;GBPJPY;s=0;prev=7;c=8;firstObs=false;slotOn=true;inWindow=false;time_close=08-07 13:37
2026-08-07T13:36:00.000+01:00,DIAG-CLOSE;GBPJPY;s=1;prev=7;c=8;firstObs=false;slotOn=true;inWindow=false;time_close=08-07 13:37
2026-08-07T13:36:00.000+01:00,DIAG-CLOSE;GBPJPY;s=2;prev=5;c=6;firstObs=false;slotOn=true;inWindow=false;time_close=08-07 13:37
2026-08-07T13:36:00.000+01:00,DIAG-CLOSE;GBPJPY;s=3;prev=5;c=6;firstObs=false;slotOn=true;inWindow=false;time_close=08-07 13:37
2026-08-07T13:36:00.000+01:00,DIAG-CLOSE;CADJPY;s=0;prev=8;c=9;firstObs=false;slotOn=true;inWindow=false;time_close=08-07 13:37
2026-08-07T13:36:00.000+01:00,DIAG-CLOSE;CADJPY;s=1;prev=8;c=9;firstObs=false;slotOn=true;inWindow=false;time_close=08-07 13:37
2026-08-07T13:36:00.000+01:00,DIAG-CLOSE;CADJPY;s=6;prev=0;c=1;firstObs=false;slotOn=true;inWindow=false;time_close=08-07 13:37
2026-08-07T13:38:00.000+01:00,DIAG-CLOSE;EURCHF;s=0;prev=8;c=9;firstObs=false;slotOn=true;inWindow=false;time_close=08-07 13:39
2026-08-07T13:38:00.000+01:00,DIAG-CLOSE;EURCHF;s=1;prev=9;c=10;firstObs=false;slotOn=true;inWindow=false;time_close=08-07 13:39
2026-08-07T13:42:00.000+01:00,DIAG-CLOSE;USDJPY;s=0;prev=13;c=14;firstObs=false;slotOn=true;inWindow=false;time_close=08-07 13:43
2026-08-07T13:42:00.000+01:00,DIAG-CLOSE;USDJPY;s=1;prev=14;c=15;firstObs=false;slotOn=true;inWindow=false;time_close=08-07 13:43
2026-08-07T13:42:00.000+01:00,DIAG-CLOSE;USDJPY;s=2;prev=8;c=9;firstObs=false;slotOn=true;inWindow=false;time_close=08-07 13:43
2026-08-07T13:42:00.000+01:00,DIAG-CLOSE;USDJPY;s=3;prev=8;c=9;firstObs=false;slotOn=true;inWindow=false;time_close=08-07 13:43
2026-08-07T13:42:00.000+01:00,DIAG-CLOSE;USDJPY;s=4;prev=5;c=6;firstObs=false;slotOn=true;inWindow=false;time_close=08-07 13:43
2026-08-07T13:42:00.000+01:00,DIAG-CLOSE;USDJPY;s=5;prev=5;c=6;firstObs=false;slotOn=true;inWindow=false;time_close=08-07 13:43
2026-08-07T13:42:00.000+01:00,DIAG-CLOSE;USDJPY;s=6;prev=2;c=3;firstObs=false;slotOn=true;inWindow=false;time_close=08-07 13:43
2026-08-07T13:42:00.000+01:00,DIAG-CLOSE;USDJPY;s=7;prev=3;c=4;firstObs=false;slotOn=true;inWindow=false;time_close=08-07 13:43
2026-08-07T14:02:00.000+01:00,DIAG-CLOSE;CADCHF;s=0;prev=12;c=13;firstObs=false;slotOn=true;inWindow=false;time_close=08-07 14:03
2026-08-07T14:02:00.000+01:00,DIAG-CLOSE;CADCHF;s=1;prev=11;c=12;firstObs=false;slotOn=true;inWindow=false;time_close=08-07 14:03
2026-08-07T14:30:00.000+01:00,DIAG-CLOSE;EURCHF;s=0;prev=9;c=10;firstObs=false;slotOn=true;inWindow=false;time_close=08-07 14:31
2026-08-07T14:30:00.000+01:00,DIAG-CLOSE;EURCHF;s=1;prev=10;c=11;firstObs=false;slotOn=true;inWindow=false;time_close=08-07 14:31
2026-08-07T14:37:00.000+01:00,DIAG-CLOSE;USDJPY;s=0;prev=14;c=15;firstObs=false;slotOn=true;inWindow=false;time_close=08-07 14:38
2026-08-07T14:37:00.000+01:00,DIAG-CLOSE;USDJPY;s=1;prev=15;c=16;firstObs=false;slotOn=true;inWindow=false;time_close=08-07 14:38
2026-08-07T14:38:00.000+01:00,DIAG-CLOSE;EURAUD;s=0;prev=9;c=10;firstObs=false;slotOn=true;inWindow=false;time_close=08-07 14:39
2026-08-07T14:38:00.000+01:00,DIAG-CLOSE;EURAUD;s=1;prev=9;c=10;firstObs=false;slotOn=true;inWindow=false;time_close=08-07 14:39
2026-08-07T14:53:00.000+01:00,DIAG-CLOSE;EURUSD;s=0;prev=12;c=13;firstObs=false;slotOn=true;inWindow=false;time_close=08-07 14:54
2026-08-07T14:53:00.000+01:00,DIAG-CLOSE;EURUSD;s=1;prev=12;c=13;firstObs=false;slotOn=true;inWindow=false;time_close=08-07 14:54
2026-08-07T14:53:00.000+01:00,DIAG-CLOSE;EURUSD;s=2;prev=5;c=6;firstObs=false;slotOn=true;inWindow=false;time_close=08-07 14:54
2026-08-07T14:53:00.000+01:00,DIAG-CLOSE;EURUSD;s=3;prev=5;c=6;firstObs=false;slotOn=true;inWindow=false;time_close=08-07 14:54
2026-08-07T14:53:00.000+01:00,DIAG-CLOSE;EURUSD;s=4;prev=0;c=1;firstObs=false;slotOn=true;inWindow=false;time_close=08-07 14:54
2026-08-07T14:53:00.000+01:00,DIAG-CLOSE;EURUSD;s=5;prev=0;c=1;firstObs=false;slotOn=true;inWindow=false;time_close=08-07 14:54
2026-08-07T14:53:00.000+01:00,DIAG-CLOSE;GBPUSD;s=0;prev=11;c=12;firstObs=false;slotOn=true;inWindow=false;time_close=08-07 14:54
2026-08-07T14:53:00.000+01:00,DIAG-CLOSE;GBPUSD;s=1;prev=11;c=12;firstObs=false;slotOn=true;inWindow=false;time_close=08-07 14:54
2026-08-07T14:53:00.000+01:00,DIAG-CLOSE;GBPUSD;s=2;prev=3;c=4;firstObs=false;slotOn=true;inWindow=false;time_close=08-07 14:54
2026-08-07T14:53:00.000+01:00,DIAG-CLOSE;GBPUSD;s=3;prev=3;c=4;firstObs=false;slotOn=true;inWindow=false;time_close=08-07 14:54
2026-08-07T14:53:00.000+01:00,DIAG-CLOSE;GBPUSD;s=4;prev=1;c=2;firstObs=false;slotOn=true;inWindow=false;time_close=08-07 14:54
2026-08-07T14:53:00.000+01:00,DIAG-CLOSE;GBPUSD;s=5;prev=2;c=3;firstObs=false;slotOn=true;inWindow=false;time_close=08-07 14:54
2026-08-07T14:53:00.000+01:00,DIAG-CLOSE;GBPUSD;s=7;prev=2;c=3;firstObs=false;slotOn=true;inWindow=false;time_close=08-07 14:54
2026-08-07T15:21:00.000+01:00,DIAG-CLOSE;AUDUSD;s=0;prev=13;c=14;firstObs=false;slotOn=true;inWindow=false;time_close=08-07 15:22
2026-08-07T15:21:00.000+01:00,DIAG-CLOSE;AUDUSD;s=1;prev=13;c=14;firstObs=false;slotOn=true;inWindow=false;time_close=08-07 15:22
2026-08-07T15:21:00.000+01:00,DIAG-CLOSE;AUDUSD;s=6;prev=2;c=3;firstObs=false;slotOn=true;inWindow=false;time_close=08-07 15:22
2026-08-07T15:46:00.000+01:00,DIAG-CLOSE;EURUSD;s=0;prev=13;c=14;firstObs=false;slotOn=true;inWindow=false;time_close=08-07 15:47
2026-08-07T15:46:00.000+01:00,DIAG-CLOSE;EURUSD;s=1;prev=13;c=14;firstObs=false;slotOn=true;inWindow=false;time_close=08-07 15:47
2026-08-07T15:46:00.000+01:00,DIAG-CLOSE;EURUSD;s=2;prev=6;c=7;firstObs=false;slotOn=true;inWindow=false;time_close=08-07 15:47
2026-08-07T15:46:00.000+01:00,DIAG-CLOSE;EURUSD;s=3;prev=6;c=7;firstObs=false;slotOn=true;inWindow=false;time_close=08-07 15:47
2026-08-07T15:46:00.000+01:00,DIAG-CLOSE;EURUSD;s=4;prev=1;c=2;firstObs=false;slotOn=true;inWindow=false;time_close=08-07 15:47
2026-08-07T15:46:00.000+01:00,DIAG-CLOSE;EURUSD;s=5;prev=1;c=2;firstObs=false;slotOn=true;inWindow=false;time_close=08-07 15:47
2026-08-07T15:51:00.000+01:00,DIAG-CLOSE;AUDUSD;s=0;prev=14;c=15;firstObs=false;slotOn=true;inWindow=false;time_close=08-07 15:52
2026-08-07T15:51:00.000+01:00,DIAG-CLOSE;AUDUSD;s=1;prev=14;c=15;firstObs=false;slotOn=true;inWindow=false;time_close=08-07 15:52
2026-08-07T15:51:00.000+01:00,DIAG-CLOSE;AUDCAD;s=0;prev=9;c=10;firstObs=false;slotOn=true;inWindow=false;time_close=08-07 15:52
2026-08-07T15:51:00.000+01:00,DIAG-CLOSE;AUDCAD;s=1;prev=9;c=10;firstObs=false;slotOn=true;inWindow=false;time_close=08-07 15:52
2026-08-07T15:51:00.000+01:00,DIAG-CLOSE;AUDCAD;s=4;prev=6;c=7;firstObs=false;slotOn=true;inWindow=false;time_close=08-07 15:52
2026-08-07T16:01:00.000+01:00,DIAG-CLOSE;EURCHF;s=0;prev=10;c=11;firstObs=false;slotOn=true;inWindow=false;time_close=08-07 16:02
2026-08-07T16:01:00.000+01:00,DIAG-CLOSE;EURCHF;s=1;prev=11;c=12;firstObs=false;slotOn=true;inWindow=false;time_close=08-07 16:02
2026-08-07T16:25:00.000+01:00,DIAG-CLOSE;EURGBP;s=0;prev=9;c=10;firstObs=false;slotOn=true;inWindow=false;time_close=08-07 16:26
2026-08-07T16:25:00.000+01:00,DIAG-CLOSE;EURGBP;s=1;prev=9;c=10;firstObs=false;slotOn=true;inWindow=false;time_close=08-07 16:26
2026-08-07T16:25:00.000+01:00,DIAG-CLOSE;EURGBP;s=2;prev=6;c=7;firstObs=false;slotOn=true;inWindow=false;time_close=08-07 16:26
2026-08-07T16:25:00.000+01:00,DIAG-CLOSE;EURGBP;s=3;prev=5;c=6;firstObs=false;slotOn=true;inWindow=false;time_close=08-07 16:26
2026-08-07T16:31:00.000+01:00,DIAG-CLOSE;EURAUD;s=4;prev=1;c=2;firstObs=false;slotOn=true;inWindow=false;time_close=08-07 16:32
2026-08-07T17:06:00.000+01:00,DIAG-CLOSE;AUDCAD;s=0;prev=10;c=11;firstObs=false;slotOn=true;inWindow=false;time_close=08-07 17:07
2026-08-07T17:06:00.000+01:00,DIAG-CLOSE;AUDCAD;s=1;prev=10;c=11;firstObs=false;slotOn=true;inWindow=false;time_close=08-07 17:07
2026-08-07T17:06:00.000+01:00,DIAG-CLOSE;AUDCAD;s=2;prev=7;c=8;firstObs=false;slotOn=true;inWindow=false;time_close=08-07 17:07
2026-08-07T17:06:00.000+01:00,DIAG-CLOSE;AUDCAD;s=3;prev=7;c=8;firstObs=false;slotOn=true;inWindow=false;time_close=08-07 17:07
2026-08-07T17:06:00.000+01:00,DIAG-CLOSE;AUDCAD;s=7;prev=4;c=5;firstObs=false;slotOn=true;inWindow=false;time_close=08-07 17:07
2026-08-07T17:13:00.000+01:00,DIAG-CLOSE;USDCAD;s=2;prev=7;c=8;firstObs=false;slotOn=true;inWindow=false;time_close=08-07 17:14
2026-08-07T17:13:00.000+01:00,DIAG-CLOSE;USDCAD;s=3;prev=6;c=7;firstObs=false;slotOn=true;inWindow=false;time_close=08-07 17:14
2026-08-07T17:13:00.000+01:00,DIAG-CLOSE;USDCAD;s=4;prev=3;c=4;firstObs=false;slotOn=true;inWindow=false;time_close=08-07 17:14
2026-08-07T17:13:00.000+01:00,DIAG-CLOSE;USDCAD;s=5;prev=3;c=4;firstObs=false;slotOn=true;inWindow=false;time_close=08-07 17:14
2026-08-07T17:15:00.000+01:00,DIAG-CLOSE;GBPCHF;s=0;prev=10;c=11;firstObs=false;slotOn=true;inWindow=false;time_close=08-07 17:16
2026-08-07T17:15:00.000+01:00,DIAG-CLOSE;GBPCHF;s=1;prev=8;c=9;firstObs=false;slotOn=true;inWindow=false;time_close=08-07 17:16
2026-08-07T17:15:00.000+01:00,DIAG-CLOSE;GBPCHF;s=2;prev=5;c=6;firstObs=false;slotOn=true;inWindow=false;time_close=08-07 17:16
2026-08-07T17:15:00.000+01:00,DIAG-CLOSE;GBPCHF;s=3;prev=4;c=5;firstObs=false;slotOn=true;inWindow=false;time_close=08-07 17:16
2026-08-07T17:21:00.000+01:00,DIAG-CLOSE;CADJPY;s=7;prev=1;c=2;firstObs=false;slotOn=true;inWindow=false;time_close=08-07 17:22
2026-08-07T17:30:00.000+01:00,DIAG-CLOSE;GBPCAD;s=0;prev=12;c=13;firstObs=false;slotOn=true;inWindow=false;time_close=08-07 17:31
2026-08-07T17:30:00.000+01:00,DIAG-CLOSE;GBPCAD;s=1;prev=12;c=13;firstObs=false;slotOn=true;inWindow=false;time_close=08-07 17:31
2026-08-07T17:30:00.000+01:00,DIAG-CLOSE;GBPCAD;s=2;prev=7;c=8;firstObs=false;slotOn=true;inWindow=false;time_close=08-07 17:31
2026-08-07T17:30:00.000+01:00,DIAG-CLOSE;GBPCAD;s=3;prev=6;c=7;firstObs=false;slotOn=true;inWindow=false;time_close=08-07 17:31
2026-08-07T17:33:00.000+01:00,DIAG-CLOSE;EURCAD;s=0;prev=7;c=8;firstObs=false;slotOn=true;inWindow=false;time_close=08-07 17:34
2026-08-07T17:33:00.000+01:00,DIAG-CLOSE;EURCAD;s=1;prev=7;c=8;firstObs=false;slotOn=true;inWindow=false;time_close=08-07 17:34
2026-08-07T17:38:00.000+01:00,DIAG-CLOSE;EURGBP;s=0;prev=10;c=11;firstObs=false;slotOn=true;inWindow=false;time_close=08-07 17:39
2026-08-07T17:38:00.000+01:00,DIAG-CLOSE;EURGBP;s=1;prev=10;c=11;firstObs=false;slotOn=true;inWindow=false;time_close=08-07 17:39
2026-08-07T17:38:00.000+01:00,DIAG-CLOSE;EURGBP;s=2;prev=7;c=8;firstObs=false;slotOn=true;inWindow=false;time_close=08-07 17:39
2026-08-07T17:38:00.000+01:00,DIAG-CLOSE;EURGBP;s=3;prev=6;c=7;firstObs=false;slotOn=true;inWindow=false;time_close=08-07 17:39
2026-08-07T17:38:00.000+01:00,DIAG-CLOSE;EURGBP;s=4;prev=2;c=3;firstObs=false;slotOn=true;inWindow=false;time_close=08-07 17:39
2026-08-07T17:38:00.000+01:00,DIAG-CLOSE;EURGBP;s=5;prev=2;c=3;firstObs=false;slotOn=true;inWindow=false;time_close=08-07 17:39
2026-08-07T17:38:00.000+01:00,DIAG-CLOSE;GBPAUD;s=0;prev=11;c=12;firstObs=false;slotOn=true;inWindow=false;time_close=08-07 17:39
2026-08-07T17:38:00.000+01:00,DIAG-CLOSE;GBPAUD;s=1;prev=12;c=13;firstObs=false;slotOn=true;inWindow=false;time_close=08-07 17:39
2026-08-07T17:57:00.000+01:00,DIAG-CLOSE;CADCHF;s=0;prev=13;c=14;firstObs=false;slotOn=true;inWindow=false;time_close=08-07 17:58
2026-08-07T17:57:00.000+01:00,DIAG-CLOSE;CADCHF;s=1;prev=12;c=13;firstObs=false;slotOn=true;inWindow=false;time_close=08-07 17:58
2026-08-07T19:02:00.000+01:00,DIAG-CLOSE;USDCAD;s=0;prev=11;c=12;firstObs=false;slotOn=true;inWindow=false;time_close=08-07 19:03
2026-08-07T19:02:00.000+01:00,DIAG-CLOSE;USDCAD;s=1;prev=11;c=12;firstObs=false;slotOn=true;inWindow=false;time_close=08-07 19:03
2026-08-07T19:02:00.000+01:00,DIAG-CLOSE;USDCAD;s=6;prev=2;c=3;firstObs=false;slotOn=true;inWindow=false;time_close=08-07 19:03
2026-08-07T19:20:00.000+01:00,DIAG-CLOSE;USDJPY;s=0;prev=15;c=16;firstObs=false;slotOn=true;inWindow=false;time_close=08-07 19:21
2026-08-07T19:20:00.000+01:00,DIAG-CLOSE;USDJPY;s=1;prev=16;c=17;firstObs=false;slotOn=true;inWindow=false;time_close=08-07 19:21
2026-08-07T19:20:00.000+01:00,DIAG-CLOSE;USDJPY;s=2;prev=9;c=10;firstObs=false;slotOn=true;inWindow=false;time_close=08-07 19:21
2026-08-07T19:20:00.000+01:00,DIAG-CLOSE;USDJPY;s=3;prev=9;c=10;firstObs=false;slotOn=true;inWindow=false;time_close=08-07 19:21
2026-08-07T19:20:00.000+01:00,DIAG-CLOSE;USDJPY;s=4;prev=6;c=7;firstObs=false;slotOn=true;inWindow=false;time_close=08-07 19:21
2026-08-07T19:20:00.000+01:00,DIAG-CLOSE;USDJPY;s=5;prev=6;c=7;firstObs=false;slotOn=true;inWindow=false;time_close=08-07 19:21
2026-08-07T19:34:00.000+01:00,DIAG-CLOSE;EURUSD;s=0;prev=14;c=15;firstObs=false;slotOn=true;inWindow=false;time_close=08-07 19:35
2026-08-07T19:34:00.000+01:00,DIAG-CLOSE;EURUSD;s=1;prev=14;c=15;firstObs=false;slotOn=true;inWindow=false;time_close=08-07 19:35
2026-08-07T19:40:00.000+01:00,DIAG-CLOSE;AUDUSD;s=0;prev=15;c=16;firstObs=false;slotOn=true;inWindow=false;time_close=08-07 19:41
2026-08-07T19:40:00.000+01:00,DIAG-CLOSE;AUDUSD;s=1;prev=15;c=16;firstObs=false;slotOn=true;inWindow=false;time_close=08-07 19:41
2026-08-07T19:40:00.000+01:00,DIAG-CLOSE;AUDUSD;s=2;prev=6;c=7;firstObs=false;slotOn=true;inWindow=false;time_close=08-07 19:41
2026-08-07T19:40:00.000+01:00,DIAG-CLOSE;AUDUSD;s=3;prev=6;c=7;firstObs=false;slotOn=true;inWindow=false;time_close=08-07 19:41
2026-08-07T19:40:00.000+01:00,DIAG-CLOSE;AUDUSD;s=4;prev=3;c=4;firstObs=false;slotOn=true;inWindow=false;time_close=08-07 19:41
2026-08-07T19:40:00.000+01:00,DIAG-CLOSE;AUDUSD;s=5;prev=5;c=6;firstObs=false;slotOn=true;inWindow=false;time_close=08-07 19:41
2026-08-07T19:40:00.000+01:00,DIAG-CLOSE;AUDUSD;s=6;prev=3;c=4;firstObs=false;slotOn=true;inWindow=false;time_close=08-07 19:41
2026-08-07T19:40:00.000+01:00,DIAG-CLOSE;AUDUSD;s=7;prev=2;c=3;firstObs=false;slotOn=true;inWindow=false;time_close=08-07 19:41
2026-08-07T19:50:00.000+01:00,DIAG-CLOSE;CADJPY;s=2;prev=3;c=4;firstObs=false;slotOn=true;inWindow=false;time_close=08-07 19:51
2026-08-07T19:50:00.000+01:00,DIAG-CLOSE;CADJPY;s=3;prev=2;c=3;firstObs=false;slotOn=true;inWindow=false;time_close=08-07 19:51
2026-08-10T08:09:00.000+01:00,DIAG-CLOSE;CADJPY;s=0;prev=9;c=10;firstObs=false;slotOn=true;inWindow=false;time_close=08-10 08:10
2026-08-10T08:09:00.000+01:00,DIAG-CLOSE;CADJPY;s=1;prev=9;c=10;firstObs=false;slotOn=true;inWindow=false;time_close=08-10 08:10
2026-08-10T08:13:00.000+01:00,DIAG-CLOSE;EURAUD;s=0;prev=10;c=11;firstObs=false;slotOn=true;inWindow=false;time_close=08-10 08:14
2026-08-10T08:13:00.000+01:00,DIAG-CLOSE;EURAUD;s=1;prev=10;c=11;firstObs=false;slotOn=true;inWindow=false;time_close=08-10 08:14
2026-08-10T08:13:00.000+01:00,DIAG-CLOSE;EURAUD;s=2;prev=3;c=4;firstObs=false;slotOn=true;inWindow=false;time_close=08-10 08:14
2026-08-10T08:13:00.000+01:00,DIAG-CLOSE;EURAUD;s=3;prev=3;c=4;firstObs=false;slotOn=true;inWindow=false;time_close=08-10 08:14
2026-08-10T08:14:00.000+01:00,DIAG-CLOSE;GBPAUD;s=7;prev=4;c=5;firstObs=false;slotOn=true;inWindow=false;time_close=08-10 08:15
2026-08-10T08:22:00.000+01:00,DIAG-CLOSE;GBPAUD;s=2;prev=8;c=9;firstObs=false;slotOn=true;inWindow=false;time_close=08-10 08:23
2026-08-10T08:23:00.000+01:00,DIAG-CLOSE;EURGBP;s=0;prev=11;c=12;firstObs=false;slotOn=true;inWindow=false;time_close=08-10 08:24
2026-08-10T08:23:00.000+01:00,DIAG-CLOSE;EURGBP;s=1;prev=11;c=12;firstObs=false;slotOn=true;inWindow=false;time_close=08-10 08:24
2026-08-10T08:23:00.000+01:00,DIAG-CLOSE;EURGBP;s=2;prev=8;c=9;firstObs=false;slotOn=true;inWindow=false;time_close=08-10 08:24
2026-08-10T08:23:00.000+01:00,DIAG-CLOSE;EURGBP;s=3;prev=7;c=8;firstObs=false;slotOn=true;inWindow=false;time_close=08-10 08:24
2026-08-10T08:38:00.000+01:00,DIAG-CLOSE;GBPAUD;s=0;prev=12;c=13;firstObs=false;slotOn=true;inWindow=false;time_close=08-10 08:39
2026-08-10T08:38:00.000+01:00,DIAG-CLOSE;GBPAUD;s=1;prev=13;c=14;firstObs=false;slotOn=true;inWindow=false;time_close=08-10 08:39
2026-08-10T08:38:00.000+01:00,DIAG-CLOSE;GBPAUD;s=3;prev=8;c=9;firstObs=false;slotOn=true;inWindow=false;time_close=08-10 08:39
2026-08-10T08:38:00.000+01:00,DIAG-CLOSE;GBPAUD;s=4;prev=6;c=7;firstObs=false;slotOn=true;inWindow=false;time_close=08-10 08:39
2026-08-10T08:38:00.000+01:00,DIAG-CLOSE;GBPAUD;s=5;prev=6;c=7;firstObs=false;slotOn=true;inWindow=false;time_close=08-10 08:39
2026-08-10T08:38:00.000+01:00,DIAG-CLOSE;GBPAUD;s=6;prev=4;c=5;firstObs=false;slotOn=true;inWindow=false;time_close=08-10 08:39
2026-08-10T08:40:00.000+01:00,DIAG-CLOSE;EURUSD;s=0;prev=15;c=16;firstObs=false;slotOn=true;inWindow=false;time_close=08-10 08:41
2026-08-10T08:40:00.000+01:00,DIAG-CLOSE;EURUSD;s=1;prev=15;c=16;firstObs=false;slotOn=true;inWindow=false;time_close=08-10 08:41
2026-08-10T08:40:00.000+01:00,DIAG-CLOSE;EURUSD;s=2;prev=7;c=8;firstObs=false;slotOn=true;inWindow=false;time_close=08-10 08:41
2026-08-10T08:40:00.000+01:00,DIAG-CLOSE;EURUSD;s=3;prev=7;c=8;firstObs=false;slotOn=true;inWindow=false;time_close=08-10 08:41
2026-08-10T09:09:00.000+01:00,DIAG-CLOSE;AUDUSD;s=0;prev=16;c=17;firstObs=false;slotOn=true;inWindow=false;time_close=08-10 09:10
2026-08-10T09:09:00.000+01:00,DIAG-CLOSE;AUDUSD;s=1;prev=16;c=17;firstObs=false;slotOn=true;inWindow=false;time_close=08-10 09:10
2026-08-10T09:09:00.000+01:00,DIAG-CLOSE;AUDUSD;s=2;prev=7;c=8;firstObs=false;slotOn=true;inWindow=false;time_close=08-10 09:10
2026-08-10T09:09:00.000+01:00,DIAG-CLOSE;AUDUSD;s=3;prev=7;c=8;firstObs=false;slotOn=true;inWindow=false;time_close=08-10 09:10
2026-08-10T09:19:00.000+01:00,DIAG-CLOSE;CADJPY;s=0;prev=10;c=11;firstObs=false;slotOn=true;inWindow=false;time_close=08-10 09:20
2026-08-10T09:19:00.000+01:00,DIAG-CLOSE;CADJPY;s=1;prev=10;c=11;firstObs=false;slotOn=true;inWindow=false;time_close=08-10 09:20
2026-08-10T09:19:00.000+01:00,DIAG-CLOSE;CADJPY;s=2;prev=4;c=5;firstObs=false;slotOn=true;inWindow=false;time_close=08-10 09:20
2026-08-10T09:19:00.000+01:00,DIAG-CLOSE;CADJPY;s=3;prev=3;c=4;firstObs=false;slotOn=true;inWindow=false;time_close=08-10 09:20
2026-08-10T09:30:00.000+01:00,DIAG-CLOSE;AUDCHF;s=0;prev=10;c=11;firstObs=false;slotOn=true;inWindow=false;time_close=08-10 09:31
2026-08-10T09:30:00.000+01:00,DIAG-CLOSE;AUDCHF;s=1;prev=10;c=11;firstObs=false;slotOn=true;inWindow=false;time_close=08-10 09:31
2026-08-10T09:33:00.000+01:00,DIAG-CLOSE;EURJPY;s=0;prev=12;c=13;firstObs=false;slotOn=true;inWindow=false;time_close=08-10 09:34
2026-08-10T09:33:00.000+01:00,DIAG-CLOSE;EURJPY;s=1;prev=12;c=13;firstObs=false;slotOn=true;inWindow=false;time_close=08-10 09:34
2026-08-10T09:33:00.000+01:00,DIAG-CLOSE;EURJPY;s=2;prev=7;c=8;firstObs=false;slotOn=true;inWindow=false;time_close=08-10 09:34
2026-08-10T09:33:00.000+01:00,DIAG-CLOSE;EURJPY;s=3;prev=7;c=8;firstObs=false;slotOn=true;inWindow=false;time_close=08-10 09:34
2026-08-10T09:33:00.000+01:00,DIAG-CLOSE;EURJPY;s=4;prev=2;c=3;firstObs=false;slotOn=true;inWindow=false;time_close=08-10 09:34
2026-08-10T09:33:00.000+01:00,DIAG-CLOSE;EURJPY;s=5;prev=2;c=3;firstObs=false;slotOn=true;inWindow=false;time_close=08-10 09:34
2026-08-10T09:33:00.000+01:00,DIAG-CLOSE;EURJPY;s=6;prev=2;c=3;firstObs=false;slotOn=true;inWindow=false;time_close=08-10 09:34
2026-08-10T10:03:00.000+01:00,DIAG-CLOSE;EURAUD;s=0;prev=11;c=12;firstObs=false;slotOn=true;inWindow=false;time_close=08-10 10:04
2026-08-10T10:03:00.000+01:00,DIAG-CLOSE;EURAUD;s=1;prev=11;c=12;firstObs=false;slotOn=true;inWindow=false;time_close=08-10 10:04
2026-08-10T10:03:00.000+01:00,DIAG-CLOSE;EURAUD;s=2;prev=4;c=5;firstObs=false;slotOn=true;inWindow=false;time_close=08-10 10:04
2026-08-10T10:03:00.000+01:00,DIAG-CLOSE;EURAUD;s=3;prev=4;c=5;firstObs=false;slotOn=true;inWindow=false;time_close=08-10 10:04
2026-08-10T10:03:00.000+01:00,DIAG-CLOSE;EURAUD;s=4;prev=2;c=3;firstObs=false;slotOn=true;inWindow=false;time_close=08-10 10:04
2026-08-10T10:03:00.000+01:00,DIAG-CLOSE;EURAUD;s=5;prev=1;c=2;firstObs=false;slotOn=true;inWindow=false;time_close=08-10 10:04
2026-08-10T10:03:00.000+01:00,DIAG-CLOSE;EURAUD;s=6;prev=1;c=2;firstObs=false;slotOn=true;inWindow=false;time_close=08-10 10:04
2026-08-10T10:14:00.000+01:00,DIAG-CLOSE;EURCAD;s=0;prev=8;c=9;firstObs=false;slotOn=true;inWindow=false;time_close=08-10 10:15
2026-08-10T10:14:00.000+01:00,DIAG-CLOSE;EURCAD;s=1;prev=8;c=9;firstObs=false;slotOn=true;inWindow=false;time_close=08-10 10:15
2026-08-10T10:38:00.000+01:00,DIAG-CLOSE;USDCAD;s=0;prev=12;c=13;firstObs=false;slotOn=true;inWindow=false;time_close=08-10 10:39
2026-08-10T10:38:00.000+01:00,DIAG-CLOSE;USDCAD;s=2;prev=8;c=9;firstObs=false;slotOn=true;inWindow=false;time_close=08-10 10:39
2026-08-10T10:38:00.000+01:00,DIAG-CLOSE;USDCAD;s=3;prev=7;c=8;firstObs=false;slotOn=true;inWindow=false;time_close=08-10 10:39
2026-08-10T10:38:00.000+01:00,DIAG-CLOSE;EURAUD;s=0;prev=12;c=13;firstObs=false;slotOn=true;inWindow=false;time_close=08-10 10:39
2026-08-10T10:38:00.000+01:00,DIAG-CLOSE;EURAUD;s=1;prev=12;c=13;firstObs=false;slotOn=true;inWindow=false;time_close=08-10 10:39
2026-08-10T11:43:00.000+01:00,DIAG-CLOSE;EURAUD;s=0;prev=13;c=14;firstObs=false;slotOn=true;inWindow=false;time_close=08-10 11:44
2026-08-10T11:43:00.000+01:00,DIAG-CLOSE;EURAUD;s=1;prev=13;c=14;firstObs=false;slotOn=true;inWindow=false;time_close=08-10 11:44
2026-08-10T12:22:00.000+01:00,DIAG-CLOSE;EURCHF;s=0;prev=11;c=12;firstObs=false;slotOn=true;inWindow=false;time_close=08-10 12:23
2026-08-10T12:22:00.000+01:00,DIAG-CLOSE;EURCHF;s=1;prev=12;c=13;firstObs=false;slotOn=true;inWindow=false;time_close=08-10 12:23
2026-08-10T12:22:00.000+01:00,DIAG-CLOSE;EURCHF;s=2;prev=6;c=7;firstObs=false;slotOn=true;inWindow=false;time_close=08-10 12:23
2026-08-10T12:22:00.000+01:00,DIAG-CLOSE;EURCHF;s=3;prev=5;c=6;firstObs=false;slotOn=true;inWindow=false;time_close=08-10 12:23
2026-08-10T12:22:00.000+01:00,DIAG-CLOSE;GBPAUD;s=0;prev=13;c=14;firstObs=false;slotOn=true;inWindow=false;time_close=08-10 12:23
2026-08-10T12:22:00.000+01:00,DIAG-CLOSE;GBPAUD;s=1;prev=14;c=15;firstObs=false;slotOn=true;inWindow=false;time_close=08-10 12:23
2026-08-10T12:22:00.000+01:00,DIAG-CLOSE;GBPAUD;s=2;prev=9;c=10;firstObs=false;slotOn=true;inWindow=false;time_close=08-10 12:23
2026-08-10T12:22:00.000+01:00,DIAG-CLOSE;GBPAUD;s=3;prev=9;c=10;firstObs=false;slotOn=true;inWindow=false;time_close=08-10 12:23
2026-08-10T12:33:00.000+01:00,DIAG-CLOSE;EURGBP;s=0;prev=12;c=13;firstObs=false;slotOn=true;inWindow=false;time_close=08-10 12:34
2026-08-10T12:33:00.000+01:00,DIAG-CLOSE;EURGBP;s=1;prev=12;c=13;firstObs=false;slotOn=true;inWindow=false;time_close=08-10 12:34
2026-08-10T12:36:00.000+01:00,DIAG-CLOSE;GBPCAD;s=0;prev=13;c=14;firstObs=false;slotOn=true;inWindow=false;time_close=08-10 12:37
2026-08-10T12:36:00.000+01:00,DIAG-CLOSE;GBPCAD;s=1;prev=13;c=14;firstObs=false;slotOn=true;inWindow=false;time_close=08-10 12:37
2026-08-10T12:36:00.000+01:00,DIAG-CLOSE;GBPCAD;s=2;prev=8;c=9;firstObs=false;slotOn=true;inWindow=false;time_close=08-10 12:37
2026-08-10T12:36:00.000+01:00,DIAG-CLOSE;GBPCAD;s=3;prev=7;c=8;firstObs=false;slotOn=true;inWindow=false;time_close=08-10 12:37
2026-08-10T12:40:00.000+01:00,DIAG-CLOSE;CADJPY;s=0;prev=11;c=12;firstObs=false;slotOn=true;inWindow=false;time_close=08-10 12:41
2026-08-10T12:40:00.000+01:00,DIAG-CLOSE;CADJPY;s=1;prev=11;c=12;firstObs=false;slotOn=true;inWindow=false;time_close=08-10 12:41
2026-08-10T12:42:00.000+01:00,DIAG-CLOSE;EURGBP;s=2;prev=9;c=10;firstObs=false;slotOn=true;inWindow=false;time_close=08-10 12:43
2026-08-10T12:42:00.000+01:00,DIAG-CLOSE;EURGBP;s=3;prev=8;c=9;firstObs=false;slotOn=true;inWindow=false;time_close=08-10 12:43
2026-08-10T12:42:00.000+01:00,DIAG-CLOSE;EURGBP;s=4;prev=3;c=4;firstObs=false;slotOn=true;inWindow=false;time_close=08-10 12:43
2026-08-10T12:42:00.000+01:00,DIAG-CLOSE;EURGBP;s=5;prev=3;c=4;firstObs=false;slotOn=true;inWindow=false;time_close=08-10 12:43
2026-08-10T12:42:00.000+01:00,DIAG-CLOSE;EURGBP;s=7;prev=1;c=2;firstObs=false;slotOn=true;inWindow=false;time_close=08-10 12:43
2026-08-10T12:53:00.000+01:00,DIAG-CLOSE;USDJPY;s=0;prev=16;c=17;firstObs=false;slotOn=true;inWindow=false;time_close=08-10 12:54
2026-08-10T12:53:00.000+01:00,DIAG-CLOSE;USDJPY;s=1;prev=17;c=18;firstObs=false;slotOn=true;inWindow=false;time_close=08-10 12:54
2026-08-10T12:53:00.000+01:00,DIAG-CLOSE;USDJPY;s=2;prev=10;c=11;firstObs=false;slotOn=true;inWindow=false;time_close=08-10 12:54
2026-08-10T12:53:00.000+01:00,DIAG-CLOSE;USDJPY;s=3;prev=10;c=11;firstObs=false;slotOn=true;inWindow=false;time_close=08-10 12:54
2026-08-10T12:53:00.000+01:00,DIAG-CLOSE;USDJPY;s=4;prev=7;c=8;firstObs=false;slotOn=true;inWindow=false;time_close=08-10 12:54
2026-08-10T12:53:00.000+01:00,DIAG-CLOSE;USDJPY;s=5;prev=7;c=8;firstObs=false;slotOn=true;inWindow=false;time_close=08-10 12:54
2026-08-10T12:53:00.000+01:00,DIAG-CLOSE;USDJPY;s=6;prev=3;c=4;firstObs=false;slotOn=true;inWindow=false;time_close=08-10 12:54
2026-08-10T13:03:00.000+01:00,DIAG-CLOSE;GBPCHF;s=7;prev=3;c=4;firstObs=false;slotOn=true;inWindow=false;time_close=08-10 13:04
2026-08-10T13:03:00.000+01:00,DIAG-CLOSE;AUDCHF;s=0;prev=11;c=12;firstObs=false;slotOn=true;inWindow=false;time_close=08-10 13:04
2026-08-10T13:10:00.000+01:00,DIAG-CLOSE;GBPJPY;s=0;prev=8;c=9;firstObs=false;slotOn=true;inWindow=false;time_close=08-10 13:11
2026-08-10T13:10:00.000+01:00,DIAG-CLOSE;GBPJPY;s=1;prev=8;c=9;firstObs=false;slotOn=true;inWindow=false;time_close=08-10 13:11
2026-08-10T13:10:00.000+01:00,DIAG-CLOSE;CHFJPY;s=0;prev=13;c=14;firstObs=false;slotOn=true;inWindow=false;time_close=08-10 13:11
2026-08-10T13:10:00.000+01:00,DIAG-CLOSE;CHFJPY;s=1;prev=13;c=14;firstObs=false;slotOn=true;inWindow=false;time_close=08-10 13:11
2026-08-10T13:10:00.000+01:00,DIAG-CLOSE;CHFJPY;s=2;prev=10;c=11;firstObs=false;slotOn=true;inWindow=false;time_close=08-10 13:11
2026-08-10T13:10:00.000+01:00,DIAG-CLOSE;CHFJPY;s=3;prev=10;c=11;firstObs=false;slotOn=true;inWindow=false;time_close=08-10 13:11
2026-08-10T13:10:00.000+01:00,DIAG-CLOSE;CHFJPY;s=4;prev=8;c=9;firstObs=false;slotOn=true;inWindow=false;time_close=08-10 13:11
2026-08-10T13:10:00.000+01:00,DIAG-CLOSE;CHFJPY;s=5;prev=7;c=8;firstObs=false;slotOn=true;inWindow=false;time_close=08-10 13:11
2026-08-10T13:10:00.000+01:00,DIAG-CLOSE;AUDJPY;s=0;prev=11;c=12;firstObs=false;slotOn=true;inWindow=false;time_close=08-10 13:11
2026-08-10T13:10:00.000+01:00,DIAG-CLOSE;AUDJPY;s=1;prev=11;c=12;firstObs=false;slotOn=true;inWindow=false;time_close=08-10 13:11
2026-08-10T13:21:00.000+01:00,DIAG-CLOSE;GBPUSD;s=0;prev=12;c=13;firstObs=false;slotOn=true;inWindow=false;time_close=08-10 13:22
2026-08-10T13:21:00.000+01:00,DIAG-CLOSE;GBPUSD;s=1;prev=12;c=13;firstObs=false;slotOn=true;inWindow=false;time_close=08-10 13:22
2026-08-10T13:21:00.000+01:00,DIAG-CLOSE;GBPUSD;s=2;prev=4;c=5;firstObs=false;slotOn=true;inWindow=false;time_close=08-10 13:22
2026-08-10T13:21:00.000+01:00,DIAG-CLOSE;GBPUSD;s=3;prev=4;c=5;firstObs=false;slotOn=true;inWindow=false;time_close=08-10 13:22
2026-08-10T13:21:00.000+01:00,DIAG-CLOSE;AUDUSD;s=0;prev=17;c=18;firstObs=false;slotOn=true;inWindow=false;time_close=08-10 13:22
2026-08-10T13:21:00.000+01:00,DIAG-CLOSE;AUDUSD;s=1;prev=17;c=18;firstObs=false;slotOn=true;inWindow=false;time_close=08-10 13:22
2026-08-10T14:03:00.000+01:00,DIAG-CLOSE;EURAUD;s=0;prev=14;c=15;firstObs=false;slotOn=true;inWindow=false;time_close=08-10 14:04
2026-08-10T14:03:00.000+01:00,DIAG-CLOSE;EURAUD;s=1;prev=14;c=15;firstObs=false;slotOn=true;inWindow=false;time_close=08-10 14:04
2026-08-10T14:22:00.000+01:00,DIAG-CLOSE;EURAUD;s=2;prev=5;c=6;firstObs=false;slotOn=true;inWindow=false;time_close=08-10 14:23
2026-08-10T14:22:00.000+01:00,DIAG-CLOSE;EURAUD;s=3;prev=5;c=6;firstObs=false;slotOn=true;inWindow=false;time_close=08-10 14:23
2026-08-10T14:42:00.000+01:00,DIAG-CLOSE;GBPJPY;s=0;prev=9;c=10;firstObs=false;slotOn=true;inWindow=false;time_close=08-10 14:43
2026-08-10T14:42:00.000+01:00,DIAG-CLOSE;GBPJPY;s=1;prev=9;c=10;firstObs=false;slotOn=true;inWindow=false;time_close=08-10 14:43
2026-08-10T14:42:00.000+01:00,DIAG-CLOSE;GBPJPY;s=2;prev=6;c=7;firstObs=false;slotOn=true;inWindow=false;time_close=08-10 14:43
2026-08-10T14:42:00.000+01:00,DIAG-CLOSE;GBPJPY;s=3;prev=6;c=7;firstObs=false;slotOn=true;inWindow=false;time_close=08-10 14:43
2026-08-10T15:04:00.000+01:00,DIAG-CLOSE;AUDUSD;s=2;prev=8;c=9;firstObs=false;slotOn=true;inWindow=false;time_close=08-10 15:05
2026-08-10T15:10:00.000+01:00,DIAG-CLOSE;GBPCHF;s=0;prev=11;c=12;firstObs=false;slotOn=true;inWindow=false;time_close=08-10 15:11
2026-08-10T15:10:00.000+01:00,DIAG-CLOSE;GBPCHF;s=1;prev=9;c=10;firstObs=false;slotOn=true;inWindow=false;time_close=08-10 15:11
2026-08-10T15:25:00.000+01:00,DIAG-CLOSE;CADCHF;s=0;prev=14;c=15;firstObs=false;slotOn=true;inWindow=false;time_close=08-10 15:26
2026-08-10T15:25:00.000+01:00,DIAG-CLOSE;CADCHF;s=1;prev=13;c=14;firstObs=false;slotOn=true;inWindow=false;time_close=08-10 15:26
2026-08-10T15:25:00.000+01:00,DIAG-CLOSE;CADCHF;s=2;prev=7;c=8;firstObs=false;slotOn=true;inWindow=false;time_close=08-10 15:26
2026-08-10T15:25:00.000+01:00,DIAG-CLOSE;CADCHF;s=3;prev=7;c=8;firstObs=false;slotOn=true;inWindow=false;time_close=08-10 15:26
2026-08-10T15:25:00.000+01:00,DIAG-CLOSE;CADCHF;s=4;prev=5;c=6;firstObs=false;slotOn=true;inWindow=false;time_close=08-10 15:26
2026-08-10T15:25:00.000+01:00,DIAG-CLOSE;CADCHF;s=5;prev=5;c=6;firstObs=false;slotOn=true;inWindow=false;time_close=08-10 15:26
2026-08-10T15:25:00.000+01:00,DIAG-CLOSE;CADCHF;s=6;prev=3;c=4;firstObs=false;slotOn=true;inWindow=false;time_close=08-10 15:26
2026-08-10T15:40:00.000+01:00,DIAG-CLOSE;GBPCAD;s=0;prev=14;c=15;firstObs=false;slotOn=true;inWindow=false;time_close=08-10 15:41
2026-08-10T15:40:00.000+01:00,DIAG-CLOSE;GBPCAD;s=1;prev=14;c=15;firstObs=false;slotOn=true;inWindow=false;time_close=08-10 15:41
2026-08-10T16:26:00.000+01:00,DIAG-CLOSE;CHFJPY;s=1;prev=14;c=15;firstObs=false;slotOn=true;inWindow=false;time_close=08-10 16:27
2026-08-10T16:28:00.000+01:00,DIAG-CLOSE;EURGBP;s=7;prev=2;c=3;firstObs=false;slotOn=true;inWindow=false;time_close=08-10 16:29
2026-08-10T16:29:00.000+01:00,DIAG-CLOSE;CHFJPY;s=0;prev=14;c=15;firstObs=false;slotOn=true;inWindow=false;time_close=08-10 16:30
2026-08-10T16:43:00.000+01:00,DIAG-CLOSE;AUDCHF;s=0;prev=12;c=13;firstObs=false;slotOn=true;inWindow=false;time_close=08-10 16:44
2026-08-10T16:43:00.000+01:00,DIAG-CLOSE;AUDCHF;s=1;prev=11;c=12;firstObs=false;slotOn=true;inWindow=false;time_close=08-10 16:44
2026-08-10T17:30:00.000+01:00,DIAG-CLOSE;CADJPY;s=2;prev=5;c=6;firstObs=false;slotOn=true;inWindow=false;time_close=08-10 17:31
2026-08-10T17:48:00.000+01:00,DIAG-CLOSE;USDJPY;s=0;prev=17;c=18;firstObs=false;slotOn=true;inWindow=false;time_close=08-10 17:49
2026-08-10T17:48:00.000+01:00,DIAG-CLOSE;USDJPY;s=1;prev=18;c=19;firstObs=false;slotOn=true;inWindow=false;time_close=08-10 17:49
2026-08-10T17:48:00.000+01:00,DIAG-CLOSE;USDJPY;s=2;prev=11;c=12;firstObs=false;slotOn=true;inWindow=false;time_close=08-10 17:49
2026-08-10T17:48:00.000+01:00,DIAG-CLOSE;USDJPY;s=3;prev=11;c=12;firstObs=false;slotOn=true;inWindow=false;time_close=08-10 17:49
2026-08-10T17:48:00.000+01:00,DIAG-CLOSE;USDJPY;s=4;prev=8;c=9;firstObs=false;slotOn=true;inWindow=false;time_close=08-10 17:49
2026-08-10T17:48:00.000+01:00,DIAG-CLOSE;USDJPY;s=5;prev=8;c=9;firstObs=false;slotOn=true;inWindow=false;time_close=08-10 17:49
2026-08-10T17:48:00.000+01:00,DIAG-CLOSE;USDJPY;s=6;prev=4;c=5;firstObs=false;slotOn=true;inWindow=false;time_close=08-10 17:49
2026-08-10T17:50:00.000+01:00,DIAG-CLOSE;AUDCAD;s=0;prev=11;c=12;firstObs=false;slotOn=true;inWindow=false;time_close=08-10 17:51
2026-08-10T17:50:00.000+01:00,DIAG-CLOSE;AUDCAD;s=1;prev=11;c=12;firstObs=false;slotOn=true;inWindow=false;time_close=08-10 17:51
2026-08-10T18:07:00.000+01:00,DIAG-CLOSE;EURJPY;s=2;prev=8;c=9;firstObs=false;slotOn=true;inWindow=false;time_close=08-10 18:08
2026-08-10T18:07:00.000+01:00,DIAG-CLOSE;EURJPY;s=3;prev=8;c=9;firstObs=false;slotOn=true;inWindow=false;time_close=08-10 18:08
2026-08-10T18:07:00.000+01:00,DIAG-CLOSE;EURJPY;s=4;prev=3;c=4;firstObs=false;slotOn=true;inWindow=false;time_close=08-10 18:08
2026-08-10T18:07:00.000+01:00,DIAG-CLOSE;EURJPY;s=5;prev=3;c=4;firstObs=false;slotOn=true;inWindow=false;time_close=08-10 18:08
2026-08-10T18:13:00.000+01:00,DIAG-CLOSE;EURCAD;s=7;prev=0;c=1;firstObs=false;slotOn=true;inWindow=false;time_close=08-10 18:14
2026-08-10T18:13:00.000+01:00,DIAG-CLOSE;AUDCAD;s=7;prev=5;c=6;firstObs=false;slotOn=true;inWindow=false;time_close=08-10 18:14
2026-08-10T18:20:00.000+01:00,DIAG-CLOSE;EURUSD;s=0;prev=16;c=17;firstObs=false;slotOn=true;inWindow=false;time_close=08-10 18:21
2026-08-10T18:20:00.000+01:00,DIAG-CLOSE;EURUSD;s=1;prev=16;c=17;firstObs=false;slotOn=true;inWindow=false;time_close=08-10 18:21
2026-08-10T18:30:00.000+01:00,DIAG-CLOSE;EURCAD;s=0;prev=9;c=10;firstObs=false;slotOn=true;inWindow=false;time_close=08-10 18:31
2026-08-10T18:30:00.000+01:00,DIAG-CLOSE;EURCAD;s=1;prev=9;c=10;firstObs=false;slotOn=true;inWindow=false;time_close=08-10 18:31
2026-08-10T18:30:00.000+01:00,DIAG-CLOSE;EURCAD;s=2;prev=1;c=2;firstObs=false;slotOn=true;inWindow=false;time_close=08-10 18:31
2026-08-10T18:30:00.000+01:00,DIAG-CLOSE;EURCAD;s=3;prev=1;c=2;firstObs=false;slotOn=true;inWindow=false;time_close=08-10 18:31
2026-08-10T18:30:00.000+01:00,DIAG-CLOSE;EURCAD;s=4;prev=0;c=1;firstObs=false;slotOn=true;inWindow=false;time_close=08-10 18:31
2026-08-10T18:30:00.000+01:00,DIAG-CLOSE;EURCAD;s=5;prev=0;c=1;firstObs=false;slotOn=true;inWindow=false;time_close=08-10 18:31
2026-08-10T18:30:00.000+01:00,DIAG-CLOSE;EURCAD;s=6;prev=1;c=2;firstObs=false;slotOn=true;inWindow=false;time_close=08-10 18:31
2026-08-10T18:45:00.000+01:00,DIAG-CLOSE;CHFJPY;s=0;prev=15;c=16;firstObs=false;slotOn=true;inWindow=false;time_close=08-10 18:46
2026-08-10T18:45:00.000+01:00,DIAG-CLOSE;CHFJPY;s=1;prev=15;c=16;firstObs=false;slotOn=true;inWindow=false;time_close=08-10 18:46
2026-08-10T18:55:00.000+01:00,DIAG-CLOSE;USDCHF;s=1;prev=12;c=13;firstObs=false;slotOn=true;inWindow=false;time_close=08-10 18:56
2026-08-10T18:55:00.000+01:00,DIAG-CLOSE;USDCHF;s=2;prev=4;c=5;firstObs=false;slotOn=true;inWindow=false;time_close=08-10 18:56
2026-08-10T18:55:00.000+01:00,DIAG-CLOSE;USDCHF;s=3;prev=3;c=4;firstObs=false;slotOn=true;inWindow=false;time_close=08-10 18:56
2026-08-10T19:21:00.000+01:00,DIAG-CLOSE;EURUSD;s=0;prev=17;c=18;firstObs=false;slotOn=true;inWindow=false;time_close=08-10 19:22
2026-08-10T19:21:00.000+01:00,DIAG-CLOSE;EURUSD;s=1;prev=17;c=18;firstObs=false;slotOn=true;inWindow=false;time_close=08-10 19:22
2026-08-10T19:26:00.000+01:00,DIAG-CLOSE;EURGBP;s=7;prev=3;c=4;firstObs=false;slotOn=true;inWindow=false;time_close=08-10 19:27
2026-08-10T19:27:00.000+01:00,DIAG-CLOSE;EURJPY;s=1;prev=13;c=14;firstObs=false;slotOn=true;inWindow=false;time_close=08-10 19:28
2026-08-10T19:27:00.000+01:00,DIAG-CLOSE;EURJPY;s=2;prev=9;c=10;firstObs=false;slotOn=true;inWindow=false;time_close=08-10 19:28
2026-08-10T19:27:00.000+01:00,DIAG-CLOSE;EURJPY;s=3;prev=9;c=10;firstObs=false;slotOn=true;inWindow=false;time_close=08-10 19:28
2026-08-10T19:38:00.000+01:00,DIAG-CLOSE;USDCAD;s=0;prev=13;c=14;firstObs=false;slotOn=true;inWindow=false;time_close=08-10 19:39
2026-08-10T19:38:00.000+01:00,DIAG-CLOSE;USDCAD;s=1;prev=12;c=13;firstObs=false;slotOn=true;inWindow=false;time_close=08-10 19:39
2026-08-10T19:38:00.000+01:00,DIAG-CLOSE;USDCAD;s=2;prev=9;c=10;firstObs=false;slotOn=true;inWindow=false;time_close=08-10 19:39
2026-08-10T19:38:00.000+01:00,DIAG-CLOSE;USDCAD;s=3;prev=8;c=9;firstObs=false;slotOn=true;inWindow=false;time_close=08-10 19:39
2026-08-10T19:38:00.000+01:00,DIAG-CLOSE;USDCAD;s=4;prev=4;c=5;firstObs=false;slotOn=true;inWindow=false;time_close=08-10 19:39
2026-08-10T19:38:00.000+01:00,DIAG-CLOSE;USDCAD;s=5;prev=4;c=5;firstObs=false;slotOn=true;inWindow=false;time_close=08-10 19:39
2026-08-10T19:40:00.000+01:00,DIAG-CLOSE;AUDUSD;s=7;prev=3;c=4;firstObs=false;slotOn=true;inWindow=false;time_close=08-10 19:41
2026-08-10T19:41:00.000+01:00,DIAG-CLOSE;CADJPY;s=0;prev=12;c=13;firstObs=false;slotOn=true;inWindow=false;time_close=08-10 19:42
2026-08-10T19:41:00.000+01:00,DIAG-CLOSE;CADJPY;s=1;prev=12;c=13;firstObs=false;slotOn=true;inWindow=false;time_close=08-10 19:42
2026-08-10T19:43:00.000+01:00,DIAG-CLOSE;CHFJPY;s=0;prev=16;c=17;firstObs=false;slotOn=true;inWindow=false;time_close=08-10 19:44
2026-08-10T19:43:00.000+01:00,DIAG-CLOSE;CHFJPY;s=1;prev=16;c=17;firstObs=false;slotOn=true;inWindow=false;time_close=08-10 19:44
2026-08-10T19:44:00.000+01:00,DIAG-CLOSE;AUDUSD;s=0;prev=18;c=19;firstObs=false;slotOn=true;inWindow=false;time_close=08-10 19:45
2026-08-10T19:44:00.000+01:00,DIAG-CLOSE;AUDUSD;s=1;prev=18;c=19;firstObs=false;slotOn=true;inWindow=false;time_close=08-10 19:45
2026-08-10T19:44:00.000+01:00,DIAG-CLOSE;AUDUSD;s=2;prev=9;c=10;firstObs=false;slotOn=true;inWindow=false;time_close=08-10 19:45
2026-08-10T19:44:00.000+01:00,DIAG-CLOSE;AUDUSD;s=3;prev=8;c=9;firstObs=false;slotOn=true;inWindow=false;time_close=08-10 19:45
2026-08-10T19:44:00.000+01:00,DIAG-CLOSE;AUDUSD;s=4;prev=4;c=5;firstObs=false;slotOn=true;inWindow=false;time_close=08-10 19:45
2026-08-10T19:44:00.000+01:00,DIAG-CLOSE;AUDUSD;s=5;prev=6;c=7;firstObs=false;slotOn=true;inWindow=false;time_close=08-10 19:45
2026-08-10T19:44:00.000+01:00,DIAG-CLOSE;AUDUSD;s=6;prev=4;c=5;firstObs=false;slotOn=true;inWindow=false;time_close=08-10 19:45
2026-08-10T19:47:00.000+01:00,DIAG-CLOSE;EURJPY;s=0;prev=13;c=14;firstObs=false;slotOn=true;inWindow=false;time_close=08-10 19:48
2026-08-10T19:47:00.000+01:00,DIAG-CLOSE;EURJPY;s=1;prev=14;c=15;firstObs=false;slotOn=true;inWindow=false;time_close=08-10 19:48
2026-08-10T19:47:00.000+01:00,DIAG-CLOSE;EURJPY;s=2;prev=10;c=11;firstObs=false;slotOn=true;inWindow=false;time_close=08-10 19:48
2026-08-10T19:47:00.000+01:00,DIAG-CLOSE;EURJPY;s=3;prev=10;c=11;firstObs=false;slotOn=true;inWindow=false;time_close=08-10 19:48
2026-08-10T19:55:00.000+01:00,DIAG-CLOSE;GBPAUD;s=0;prev=14;c=15;firstObs=false;slotOn=true;inWindow=false;time_close=08-10 19:56
2026-08-10T19:55:00.000+01:00,DIAG-CLOSE;GBPAUD;s=1;prev=15;c=16;firstObs=false;slotOn=true;inWindow=false;time_close=08-10 19:56
2026-08-10T19:55:00.000+01:00,DIAG-CLOSE;GBPAUD;s=3;prev=10;c=11;firstObs=false;slotOn=true;inWindow=false;time_close=08-10 19:56
2026-08-10T19:56:00.000+01:00,DIAG-CLOSE;EURGBP;s=0;prev=13;c=14;firstObs=false;slotOn=true;inWindow=false;time_close=08-10 19:57
2026-08-10T19:56:00.000+01:00,DIAG-CLOSE;EURGBP;s=1;prev=13;c=14;firstObs=false;slotOn=true;inWindow=false;time_close=08-10 19:57
2026-08-10T19:56:00.000+01:00,DIAG-CLOSE;EURGBP;s=2;prev=10;c=11;firstObs=false;slotOn=true;inWindow=false;time_close=08-10 19:57
2026-08-10T19:56:00.000+01:00,DIAG-CLOSE;EURGBP;s=3;prev=9;c=10;firstObs=false;slotOn=true;inWindow=false;time_close=08-10 19:57
2026-08-10T19:56:00.000+01:00,DIAG-CLOSE;EURGBP;s=4;prev=4;c=5;firstObs=false;slotOn=true;inWindow=false;time_close=08-10 19:57
2026-08-10T19:56:00.000+01:00,DIAG-CLOSE;EURGBP;s=5;prev=4;c=5;firstObs=false;slotOn=true;inWindow=false;time_close=08-10 19:57
2026-08-11T08:03:00.000+01:00,DIAG-CLOSE;EURCHF;s=0;prev=12;c=13;firstObs=false;slotOn=true;inWindow=true;time_close=08-11 08:04
2026-08-11T08:03:00.000+01:00,DIAG-DEDUP;EURCHF;s=0;wOpened=08-11 08:02;nd=0;bestStored=none;bestStoredSlot=-1;newWins=true
2026-08-11T08:03:00.000+01:00,DIAG-CLOSE;EURCHF;s=1;prev=13;c=14;firstObs=false;slotOn=true;inWindow=true;time_close=08-11 08:04
2026-08-11T08:03:00.000+01:00,DIAG-DEDUP;EURCHF;s=1;wOpened=08-11 08:02;nd=1;bestStored=08-11 08:02;bestStoredSlot=0;newWins=true
2026-08-11T08:03:00.000+01:00,DIAG-CLOSE;EURCHF;s=2;prev=7;c=8;firstObs=false;slotOn=true;inWindow=true;time_close=08-11 08:04
2026-08-11T08:03:00.000+01:00,DIAG-DEDUP;EURCHF;s=2;wOpened=08-11 08:02;nd=1;bestStored=08-11 08:02;bestStoredSlot=1;newWins=true
2026-08-11T08:03:00.000+01:00,DIAG-CLOSE;EURCHF;s=3;prev=6;c=7;firstObs=false;slotOn=true;inWindow=true;time_close=08-11 08:04
2026-08-11T08:03:00.000+01:00,DIAG-DEDUP;EURCHF;s=3;wOpened=08-11 08:02;nd=1;bestStored=08-11 08:02;bestStoredSlot=2;newWins=true
2026-08-11T08:07:00.000+01:00,DIAG-CLOSE;AUDCAD;s=0;prev=12;c=13;firstObs=false;slotOn=true;inWindow=true;time_close=08-11 08:08
2026-08-11T08:07:00.000+01:00,DIAG-DEDUP;AUDCAD;s=0;wOpened=08-11 08:06;nd=0;bestStored=none;bestStoredSlot=-1;newWins=true
2026-08-11T08:07:00.000+01:00,DIAG-CLOSE;AUDCAD;s=1;prev=12;c=13;firstObs=false;slotOn=true;inWindow=true;time_close=08-11 08:08
2026-08-11T08:07:00.000+01:00,DIAG-DEDUP;AUDCAD;s=1;wOpened=08-11 08:06;nd=1;bestStored=08-11 08:06;bestStoredSlot=0;newWins=true
2026-08-11T08:29:00.000+01:00,DIAG-CLOSE;GBPUSD;s=2;prev=5;c=6;firstObs=false;slotOn=true;inWindow=true;time_close=08-11 08:30
2026-08-11T08:29:00.000+01:00,DIAG-DEDUP;GBPUSD;s=2;wOpened=08-11 08:25;nd=0;bestStored=none;bestStoredSlot=-1;newWins=true
2026-08-11T08:29:00.000+01:00,DIAG-CLOSE;GBPUSD;s=3;prev=5;c=6;firstObs=false;slotOn=true;inWindow=true;time_close=08-11 08:30
2026-08-11T08:29:00.000+01:00,DIAG-DEDUP;GBPUSD;s=3;wOpened=08-11 08:25;nd=1;bestStored=08-11 08:25;bestStoredSlot=2;newWins=true
2026-08-11T09:02:00.000+01:00,DIAG-CLOSE;EURUSD;s=0;prev=18;c=19;firstObs=false;slotOn=true;inWindow=true;time_close=08-11 09:03
2026-08-11T09:02:00.000+01:00,DIAG-DEDUP;EURUSD;s=0;wOpened=08-11 08:47;nd=0;bestStored=none;bestStoredSlot=-1;newWins=true
2026-08-11T09:02:00.000+01:00,DIAG-CLOSE;EURUSD;s=1;prev=18;c=19;firstObs=false;slotOn=true;inWindow=true;time_close=08-11 09:03
2026-08-11T09:02:00.000+01:00,DIAG-DEDUP;EURUSD;s=1;wOpened=08-11 08:47;nd=1;bestStored=08-11 08:47;bestStoredSlot=0;newWins=true
2026-08-11T09:02:00.000+01:00,DIAG-CLOSE;EURUSD;s=2;prev=8;c=9;firstObs=false;slotOn=true;inWindow=true;time_close=08-11 09:03
2026-08-11T09:02:00.000+01:00,DIAG-DEDUP;EURUSD;s=2;wOpened=08-11 09:01;nd=1;bestStored=08-11 08:47;bestStoredSlot=1;newWins=false
2026-08-11T09:02:00.000+01:00,DIAG-CLOSE;EURUSD;s=3;prev=8;c=9;firstObs=false;slotOn=true;inWindow=true;time_close=08-11 09:03
2026-08-11T09:02:00.000+01:00,DIAG-DEDUP;EURUSD;s=3;wOpened=08-11 09:01;nd=1;bestStored=08-11 08:47;bestStoredSlot=1;newWins=false
2026-08-11T09:02:00.000+01:00,DIAG-CLOSE;EURUSD;s=7;prev=0;c=1;firstObs=false;slotOn=true;inWindow=true;time_close=08-11 09:03
2026-08-11T09:02:00.000+01:00,DIAG-DEDUP;EURUSD;s=7;wOpened=08-11 09:01;nd=1;bestStored=08-11 08:47;bestStoredSlot=1;newWins=false
2026-08-11T09:07:00.000+01:00,DIAG-CLOSE;AUDCAD;s=0;prev=13;c=14;firstObs=false;slotOn=true;inWindow=true;time_close=08-11 09:08
2026-08-11T09:07:00.000+01:00,DIAG-DEDUP;AUDCAD;s=0;wOpened=08-11 09:06;nd=0;bestStored=none;bestStoredSlot=-1;newWins=true
2026-08-11T09:07:00.000+01:00,DIAG-CLOSE;AUDCAD;s=1;prev=13;c=14;firstObs=false;slotOn=true;inWindow=true;time_close=08-11 09:08
2026-08-11T09:07:00.000+01:00,DIAG-DEDUP;AUDCAD;s=1;wOpened=08-11 09:06;nd=1;bestStored=08-11 09:06;bestStoredSlot=0;newWins=true
2026-08-11T09:22:00.000+01:00,DIAG-CLOSE;EURAUD;s=0;prev=15;c=16;firstObs=false;slotOn=true;inWindow=true;time_close=08-11 09:23
2026-08-11T09:22:00.000+01:00,DIAG-DEDUP;EURAUD;s=0;wOpened=08-11 09:10;nd=0;bestStored=none;bestStoredSlot=-1;newWins=true
2026-08-11T09:22:00.000+01:00,DIAG-CLOSE;EURAUD;s=1;prev=15;c=16;firstObs=false;slotOn=true;inWindow=true;time_close=08-11 09:23
2026-08-11T09:22:00.000+01:00,DIAG-DEDUP;EURAUD;s=1;wOpened=08-11 09:10;nd=1;bestStored=08-11 09:10;bestStoredSlot=0;newWins=true
2026-08-11T09:27:00.000+01:00,DIAG-CLOSE;USDJPY;s=0;prev=18;c=19;firstObs=false;slotOn=true;inWindow=true;time_close=08-11 09:28
2026-08-11T09:27:00.000+01:00,DIAG-DEDUP;USDJPY;s=0;wOpened=08-11 09:01;nd=0;bestStored=none;bestStoredSlot=-1;newWins=true
2026-08-11T09:27:00.000+01:00,DIAG-CLOSE;USDJPY;s=1;prev=19;c=20;firstObs=false;slotOn=true;inWindow=true;time_close=08-11 09:28
2026-08-11T09:27:00.000+01:00,DIAG-DEDUP;USDJPY;s=1;wOpened=08-11 09:01;nd=1;bestStored=08-11 09:01;bestStoredSlot=0;newWins=true
2026-08-11T09:27:00.000+01:00,DIAG-CLOSE;USDJPY;s=2;prev=12;c=13;firstObs=false;slotOn=true;inWindow=true;time_close=08-11 09:28
2026-08-11T09:27:00.000+01:00,DIAG-DEDUP;USDJPY;s=2;wOpened=08-11 09:03;nd=1;bestStored=08-11 09:01;bestStoredSlot=1;newWins=false
2026-08-11T09:27:00.000+01:00,DIAG-CLOSE;USDJPY;s=3;prev=12;c=13;firstObs=false;slotOn=true;inWindow=true;time_close=08-11 09:28
2026-08-11T09:27:00.000+01:00,DIAG-DEDUP;USDJPY;s=3;wOpened=08-11 09:03;nd=1;bestStored=08-11 09:01;bestStoredSlot=1;newWins=false
2026-08-11T09:27:00.000+01:00,DIAG-CLOSE;USDJPY;s=4;prev=9;c=10;firstObs=false;slotOn=true;inWindow=true;time_close=08-11 09:28
2026-08-11T09:27:00.000+01:00,DIAG-DEDUP;USDJPY;s=4;wOpened=08-11 09:26;nd=1;bestStored=08-11 09:01;bestStoredSlot=1;newWins=false
2026-08-11T09:27:00.000+01:00,DIAG-CLOSE;USDJPY;s=5;prev=9;c=10;firstObs=false;slotOn=true;inWindow=true;time_close=08-11 09:28
2026-08-11T09:27:00.000+01:00,DIAG-DEDUP;USDJPY;s=5;wOpened=08-11 09:26;nd=1;bestStored=08-11 09:01;bestStoredSlot=1;newWins=false
2026-08-11T09:44:00.000+01:00,DIAG-CLOSE;CADJPY;s=0;prev=13;c=14;firstObs=false;slotOn=true;inWindow=true;time_close=08-11 09:45
2026-08-11T09:44:00.000+01:00,DIAG-DEDUP;CADJPY;s=0;wOpened=08-11 09:33;nd=0;bestStored=none;bestStoredSlot=-1;newWins=true
2026-08-11T09:44:00.000+01:00,DIAG-CLOSE;CADJPY;s=1;prev=13;c=14;firstObs=false;slotOn=true;inWindow=true;time_close=08-11 09:45
2026-08-11T09:44:00.000+01:00,DIAG-DEDUP;CADJPY;s=1;wOpened=08-11 09:33;nd=1;bestStored=08-11 09:33;bestStoredSlot=0;newWins=true
2026-08-11T09:48:00.000+01:00,DIAG-CLOSE;AUDJPY;s=0;prev=12;c=13;firstObs=false;slotOn=true;inWindow=true;time_close=08-11 09:49
2026-08-11T09:48:00.000+01:00,DIAG-DEDUP;AUDJPY;s=0;wOpened=08-11 09:19;nd=0;bestStored=none;bestStoredSlot=-1;newWins=true
2026-08-11T09:48:00.000+01:00,DIAG-CLOSE;AUDJPY;s=1;prev=12;c=13;firstObs=false;slotOn=true;inWindow=true;time_close=08-11 09:49
2026-08-11T09:48:00.000+01:00,DIAG-DEDUP;AUDJPY;s=1;wOpened=08-11 09:19;nd=1;bestStored=08-11 09:19;bestStoredSlot=0;newWins=true
2026-08-11T09:48:00.000+01:00,DIAG-CLOSE;AUDJPY;s=2;prev=6;c=7;firstObs=false;slotOn=true;inWindow=true;time_close=08-11 09:49
2026-08-11T09:48:00.000+01:00,DIAG-DEDUP;AUDJPY;s=2;wOpened=08-11 09:43;nd=1;bestStored=08-11 09:19;bestStoredSlot=1;newWins=false
2026-08-11T09:48:00.000+01:00,DIAG-CLOSE;AUDJPY;s=3;prev=6;c=7;firstObs=false;slotOn=true;inWindow=true;time_close=08-11 09:49
2026-08-11T09:48:00.000+01:00,DIAG-DEDUP;AUDJPY;s=3;wOpened=08-11 09:43;nd=1;bestStored=08-11 09:19;bestStoredSlot=1;newWins=false
2026-08-11T10:14:00.000+01:00,DIAG-CLOSE;EURCHF;s=0;prev=13;c=14;firstObs=false;slotOn=true;inWindow=true;time_close=08-11 10:15
2026-08-11T10:14:00.000+01:00,DIAG-DEDUP;EURCHF;s=0;wOpened=08-11 09:49;nd=0;bestStored=none;bestStoredSlot=-1;newWins=true
2026-08-11T10:14:00.000+01:00,DIAG-CLOSE;EURCHF;s=1;prev=14;c=15;firstObs=false;slotOn=true;inWindow=true;time_close=08-11 10:15
2026-08-11T10:14:00.000+01:00,DIAG-DEDUP;EURCHF;s=1;wOpened=08-11 09:49;nd=1;bestStored=08-11 09:49;bestStoredSlot=0;newWins=true
2026-08-11T10:14:00.000+01:00,DIAG-CLOSE;EURCHF;s=2;prev=8;c=9;firstObs=false;slotOn=true;inWindow=true;time_close=08-11 10:15
2026-08-11T10:14:00.000+01:00,DIAG-DEDUP;EURCHF;s=2;wOpened=08-11 09:36;nd=1;bestStored=08-11 09:49;bestStoredSlot=1;newWins=true
2026-08-11T10:14:00.000+01:00,DIAG-CLOSE;EURCHF;s=3;prev=7;c=8;firstObs=false;slotOn=true;inWindow=true;time_close=08-11 10:15
2026-08-11T10:14:00.000+01:00,DIAG-DEDUP;EURCHF;s=3;wOpened=08-11 09:49;nd=1;bestStored=08-11 09:36;bestStoredSlot=2;newWins=false
2026-08-11T10:16:00.000+01:00,DIAG-CLOSE;GBPUSD;s=2;prev=6;c=7;firstObs=false;slotOn=true;inWindow=true;time_close=08-11 10:17
2026-08-11T10:16:00.000+01:00,DIAG-DEDUP;GBPUSD;s=2;wOpened=08-11 10:11;nd=0;bestStored=none;bestStoredSlot=-1;newWins=true
2026-08-11T10:27:00.000+01:00,DIAG-CLOSE;GBPCHF;s=0;prev=12;c=13;firstObs=false;slotOn=true;inWindow=true;time_close=08-11 10:28
2026-08-11T10:27:00.000+01:00,DIAG-DEDUP;GBPCHF;s=0;wOpened=08-11 09:36;nd=0;bestStored=none;bestStoredSlot=-1;newWins=true
2026-08-11T10:27:00.000+01:00,DIAG-CLOSE;GBPCHF;s=1;prev=10;c=11;firstObs=false;slotOn=true;inWindow=true;time_close=08-11 10:28
2026-08-11T10:27:00.000+01:00,DIAG-DEDUP;GBPCHF;s=1;wOpened=08-11 09:36;nd=1;bestStored=08-11 09:36;bestStoredSlot=0;newWins=true
2026-08-11T10:27:00.000+01:00,DIAG-CLOSE;GBPCHF;s=2;prev=6;c=7;firstObs=false;slotOn=true;inWindow=true;time_close=08-11 10:28
2026-08-11T10:27:00.000+01:00,DIAG-DEDUP;GBPCHF;s=2;wOpened=08-11 10:18;nd=1;bestStored=08-11 09:36;bestStoredSlot=1;newWins=false
2026-08-11T10:27:00.000+01:00,DIAG-CLOSE;GBPCHF;s=3;prev=5;c=6;firstObs=false;slotOn=true;inWindow=true;time_close=08-11 10:28
2026-08-11T10:27:00.000+01:00,DIAG-DEDUP;GBPCHF;s=3;wOpened=08-11 10:18;nd=1;bestStored=08-11 09:36;bestStoredSlot=1;newWins=false
2026-08-11T10:29:00.000+01:00,DIAG-CLOSE;USDCHF;s=0;prev=10;c=11;firstObs=false;slotOn=true;inWindow=true;time_close=08-11 10:30
2026-08-11T10:29:00.000+01:00,DIAG-DEDUP;USDCHF;s=0;wOpened=08-11 10:16;nd=0;bestStored=none;bestStoredSlot=-1;newWins=true
2026-08-11T10:29:00.000+01:00,DIAG-CLOSE;USDCHF;s=1;prev=13;c=14;firstObs=false;slotOn=true;inWindow=true;time_close=08-11 10:30
2026-08-11T10:29:00.000+01:00,DIAG-DEDUP;USDCHF;s=1;wOpened=08-11 10:16;nd=1;bestStored=08-11 10:16;bestStoredSlot=0;newWins=true
2026-08-11T10:57:00.000+01:00,DIAG-CLOSE;EURCHF;s=1;prev=15;c=16;firstObs=false;slotOn=true;inWindow=true;time_close=08-11 10:58
2026-08-11T10:57:00.000+01:00,DIAG-DEDUP;EURCHF;s=1;wOpened=08-11 10:56;nd=0;bestStored=none;bestStoredSlot=-1;newWins=true
2026-08-11T11:00:00.000+01:00,DIAG-CLOSE;EURCHF;s=2;prev=9;c=10;firstObs=false;slotOn=true;inWindow=true;time_close=08-11 11:01
2026-08-11T11:00:00.000+01:00,DIAG-DEDUP;EURCHF;s=2;wOpened=08-11 10:56;nd=1;bestStored=08-11 10:56;bestStoredSlot=1;newWins=true
2026-08-11T11:00:00.000+01:00,DIAG-CLOSE;EURCHF;s=3;prev=8;c=9;firstObs=false;slotOn=true;inWindow=true;time_close=08-11 11:01
2026-08-11T11:00:00.000+01:00,DIAG-DEDUP;EURCHF;s=3;wOpened=08-11 10:56;nd=1;bestStored=08-11 10:56;bestStoredSlot=2;newWins=true
2026-08-11T11:23:00.000+01:00,DIAG-CLOSE;GBPJPY;s=0;prev=10;c=11;firstObs=false;slotOn=true;inWindow=true;time_close=08-11 11:24
2026-08-11T11:23:00.000+01:00,DIAG-DEDUP;GBPJPY;s=0;wOpened=08-11 10:19;nd=0;bestStored=none;bestStoredSlot=-1;newWins=true
2026-08-11T11:23:00.000+01:00,DIAG-CLOSE;GBPJPY;s=1;prev=10;c=11;firstObs=false;slotOn=true;inWindow=true;time_close=08-11 11:24
2026-08-11T11:23:00.000+01:00,DIAG-DEDUP;GBPJPY;s=1;wOpened=08-11 10:19;nd=1;bestStored=08-11 10:19;bestStoredSlot=0;newWins=true
2026-08-11T11:23:00.000+01:00,DIAG-CLOSE;GBPJPY;s=2;prev=7;c=8;firstObs=false;slotOn=true;inWindow=true;time_close=08-11 11:24
2026-08-11T11:23:00.000+01:00,DIAG-DEDUP;GBPJPY;s=2;wOpened=08-11 10:20;nd=1;bestStored=08-11 10:19;bestStoredSlot=1;newWins=false
2026-08-11T11:23:00.000+01:00,DIAG-CLOSE;GBPJPY;s=3;prev=7;c=8;firstObs=false;slotOn=true;inWindow=true;time_close=08-11 11:24
2026-08-11T11:23:00.000+01:00,DIAG-DEDUP;GBPJPY;s=3;wOpened=08-11 10:20;nd=1;bestStored=08-11 10:19;bestStoredSlot=1;newWins=false
2026-08-11T11:47:00.000+01:00,DIAG-CLOSE;GBPAUD;s=0;prev=15;c=16;firstObs=false;slotOn=true;inWindow=true;time_close=08-11 11:48
2026-08-11T11:47:00.000+01:00,DIAG-DEDUP;GBPAUD;s=0;wOpened=08-11 11:46;nd=0;bestStored=none;bestStoredSlot=-1;newWins=true
2026-08-11T11:47:00.000+01:00,DIAG-CLOSE;GBPAUD;s=1;prev=16;c=17;firstObs=false;slotOn=true;inWindow=true;time_close=08-11 11:48
2026-08-11T11:47:00.000+01:00,DIAG-DEDUP;GBPAUD;s=1;wOpened=08-11 11:46;nd=1;bestStored=08-11 11:46;bestStoredSlot=0;newWins=true
2026-08-11T12:00:00.000+01:00,DIAG-CLOSE;CHFJPY;s=0;prev=17;c=18;firstObs=false;slotOn=true;inWindow=true;time_close=08-11 12:01
2026-08-11T12:00:00.000+01:00,DIAG-DEDUP;CHFJPY;s=0;wOpened=08-11 11:50;nd=0;bestStored=none;bestStoredSlot=-1;newWins=true
2026-08-11T12:00:00.000+01:00,DIAG-CLOSE;CHFJPY;s=1;prev=17;c=18;firstObs=false;slotOn=true;inWindow=true;time_close=08-11 12:01
2026-08-11T12:00:00.000+01:00,DIAG-DEDUP;CHFJPY;s=1;wOpened=08-11 11:50;nd=1;bestStored=08-11 11:50;bestStoredSlot=0;newWins=true
2026-08-11T12:13:00.000+01:00,DIAG-CLOSE;GBPUSD;s=0;prev=13;c=14;firstObs=false;slotOn=true;inWindow=true;time_close=08-11 12:14
2026-08-11T12:13:00.000+01:00,DIAG-DEDUP;GBPUSD;s=0;wOpened=08-11 12:07;nd=0;bestStored=none;bestStoredSlot=-1;newWins=true
2026-08-11T12:13:00.000+01:00,DIAG-CLOSE;GBPUSD;s=1;prev=13;c=14;firstObs=false;slotOn=true;inWindow=true;time_close=08-11 12:14
2026-08-11T12:13:00.000+01:00,DIAG-DEDUP;GBPUSD;s=1;wOpened=08-11 12:07;nd=1;bestStored=08-11 12:07;bestStoredSlot=0;newWins=true
2026-08-11T12:54:00.000+01:00,DIAG-CLOSE;GBPUSD;s=4;prev=2;c=3;firstObs=false;slotOn=true;inWindow=true;time_close=08-11 12:55
2026-08-11T12:54:00.000+01:00,DIAG-DEDUP;GBPUSD;s=4;wOpened=08-11 12:51;nd=0;bestStored=none;bestStoredSlot=-1;newWins=true
2026-08-11T12:54:00.000+01:00,DIAG-CLOSE;GBPUSD;s=5;prev=3;c=4;firstObs=false;slotOn=true;inWindow=true;time_close=08-11 12:55
2026-08-11T12:54:00.000+01:00,DIAG-DEDUP;GBPUSD;s=5;wOpened=08-11 12:42;nd=1;bestStored=08-11 12:51;bestStoredSlot=4;newWins=true
2026-08-11T12:57:00.000+01:00,DIAG-CLOSE;AUDCAD;s=1;prev=14;c=15;firstObs=false;slotOn=true;inWindow=true;time_close=08-11 12:58
2026-08-11T12:57:00.000+01:00,DIAG-DEDUP;AUDCAD;s=1;wOpened=08-11 12:56;nd=0;bestStored=none;bestStoredSlot=-1;newWins=true
2026-08-11T13:34:00.000+01:00,DIAG-CLOSE;AUDUSD;s=0;prev=19;c=20;firstObs=false;slotOn=true;inWindow=true;time_close=08-11 13:35
2026-08-11T13:34:00.000+01:00,DIAG-DEDUP;AUDUSD;s=0;wOpened=08-11 13:12;nd=0;bestStored=none;bestStoredSlot=-1;newWins=true
2026-08-11T13:34:00.000+01:00,DIAG-CLOSE;AUDUSD;s=1;prev=19;c=20;firstObs=false;slotOn=true;inWindow=true;time_close=08-11 13:35
2026-08-11T13:34:00.000+01:00,DIAG-DEDUP;AUDUSD;s=1;wOpened=08-11 13:12;nd=1;bestStored=08-11 13:12;bestStoredSlot=0;newWins=true
2026-08-11T13:38:00.000+01:00,DIAG-CLOSE;USDCAD;s=7;prev=2;c=3;firstObs=false;slotOn=true;inWindow=true;time_close=08-11 13:39
2026-08-11T13:38:00.000+01:00,DIAG-DEDUP;USDCAD;s=7;wOpened=08-11 13:34;nd=0;bestStored=none;bestStoredSlot=-1;newWins=true
2026-08-11T13:41:00.000+01:00,DIAG-CLOSE;EURGBP;s=0;prev=14;c=15;firstObs=false;slotOn=true;inWindow=true;time_close=08-11 13:42
2026-08-11T13:41:00.000+01:00,DIAG-DEDUP;EURGBP;s=0;wOpened=08-11 13:27;nd=0;bestStored=none;bestStoredSlot=-1;newWins=true
2026-08-11T13:41:00.000+01:00,DIAG-CLOSE;EURGBP;s=1;prev=14;c=15;firstObs=false;slotOn=true;inWindow=true;time_close=08-11 13:42
2026-08-11T13:41:00.000+01:00,DIAG-DEDUP;EURGBP;s=1;wOpened=08-11 13:27;nd=1;bestStored=08-11 13:27;bestStoredSlot=0;newWins=true
2026-08-11T13:41:00.000+01:00,DIAG-CLOSE;EURGBP;s=4;prev=5;c=6;firstObs=false;slotOn=true;inWindow=true;time_close=08-11 13:42
2026-08-11T13:41:00.000+01:00,DIAG-DEDUP;EURGBP;s=4;wOpened=08-11 13:30;nd=1;bestStored=08-11 13:27;bestStoredSlot=1;newWins=false
2026-08-11T13:41:00.000+01:00,DIAG-CLOSE;EURGBP;s=5;prev=5;c=6;firstObs=false;slotOn=true;inWindow=true;time_close=08-11 13:42
2026-08-11T13:41:00.000+01:00,DIAG-DEDUP;EURGBP;s=5;wOpened=08-11 13:30;nd=1;bestStored=08-11 13:27;bestStoredSlot=1;newWins=false
2026-08-11T13:44:00.000+01:00,DIAG-CLOSE;USDCAD;s=0;prev=14;c=15;firstObs=false;slotOn=true;inWindow=true;time_close=08-11 13:45
2026-08-11T13:44:00.000+01:00,DIAG-DEDUP;USDCAD;s=0;wOpened=08-11 13:20;nd=1;bestStored=08-11 13:34;bestStoredSlot=7;newWins=true
2026-08-11T13:44:00.000+01:00,DIAG-CLOSE;USDCAD;s=1;prev=13;c=14;firstObs=false;slotOn=true;inWindow=true;time_close=08-11 13:45
2026-08-11T13:44:00.000+01:00,DIAG-DEDUP;USDCAD;s=1;wOpened=08-11 13:20;nd=1;bestStored=08-11 13:20;bestStoredSlot=0;newWins=true
2026-08-11T13:48:00.000+01:00,DIAG-CLOSE;CADJPY;s=0;prev=14;c=15;firstObs=false;slotOn=true;inWindow=true;time_close=08-11 13:49
2026-08-11T13:48:00.000+01:00,DIAG-DEDUP;CADJPY;s=0;wOpened=08-11 13:47;nd=0;bestStored=none;bestStoredSlot=-1;newWins=true
2026-08-11T13:48:00.000+01:00,DIAG-CLOSE;CADJPY;s=1;prev=14;c=15;firstObs=false;slotOn=true;inWindow=true;time_close=08-11 13:49
2026-08-11T13:48:00.000+01:00,DIAG-DEDUP;CADJPY;s=1;wOpened=08-11 13:47;nd=1;bestStored=08-11 13:47;bestStoredSlot=0;newWins=true
2026-08-11T14:29:00.000+01:00,DIAG-CLOSE;AUDCAD;s=2;prev=8;c=9;firstObs=false;slotOn=true;inWindow=true;time_close=08-11 14:30
2026-08-11T14:29:00.000+01:00,DIAG-DEDUP;AUDCAD;s=2;wOpened=08-11 13:52;nd=0;bestStored=none;bestStoredSlot=-1;newWins=true
2026-08-11T14:29:00.000+01:00,DIAG-CLOSE;AUDCAD;s=3;prev=8;c=9;firstObs=false;slotOn=true;inWindow=true;time_close=08-11 14:30
2026-08-11T14:29:00.000+01:00,DIAG-DEDUP;AUDCAD;s=3;wOpened=08-11 13:52;nd=1;bestStored=08-11 13:52;bestStoredSlot=2;newWins=true
2026-08-11T14:29:00.000+01:00,DIAG-CLOSE;AUDCAD;s=4;prev=7;c=8;firstObs=false;slotOn=true;inWindow=true;time_close=08-11 14:30
2026-08-11T14:29:00.000+01:00,DIAG-DEDUP;AUDCAD;s=4;wOpened=08-11 14:07;nd=1;bestStored=08-11 13:52;bestStoredSlot=3;newWins=false
2026-08-11T14:29:00.000+01:00,DIAG-CLOSE;AUDCAD;s=5;prev=5;c=6;firstObs=false;slotOn=true;inWindow=true;time_close=08-11 14:30
2026-08-11T14:29:00.000+01:00,DIAG-DEDUP;AUDCAD;s=5;wOpened=08-11 14:07;nd=1;bestStored=08-11 13:52;bestStoredSlot=3;newWins=false
2026-08-11T14:31:00.000+01:00,DIAG-CLOSE;AUDCHF;s=0;prev=13;c=14;firstObs=false;slotOn=true;inWindow=true;time_close=08-11 14:32
2026-08-11T14:31:00.000+01:00,DIAG-DEDUP;AUDCHF;s=0;wOpened=08-11 13:49;nd=0;bestStored=none;bestStoredSlot=-1;newWins=true
2026-08-11T14:31:00.000+01:00,DIAG-CLOSE;AUDCHF;s=1;prev=12;c=13;firstObs=false;slotOn=true;inWindow=true;time_close=08-11 14:32
2026-08-11T14:31:00.000+01:00,DIAG-DEDUP;AUDCHF;s=1;wOpened=08-11 13:49;nd=1;bestStored=08-11 13:49;bestStoredSlot=0;newWins=true
2026-08-11T14:42:00.000+01:00,DIAG-CLOSE;EURUSD;s=0;prev=19;c=20;firstObs=false;slotOn=true;inWindow=true;time_close=08-11 14:43
2026-08-11T14:42:00.000+01:00,DIAG-DEDUP;EURUSD;s=0;wOpened=08-11 13:34;nd=0;bestStored=none;bestStoredSlot=-1;newWins=true
2026-08-11T14:42:00.000+01:00,DIAG-CLOSE;EURUSD;s=1;prev=19;c=20;firstObs=false;slotOn=true;inWindow=true;time_close=08-11 14:43
2026-08-11T14:42:00.000+01:00,DIAG-DEDUP;EURUSD;s=1;wOpened=08-11 13:34;nd=1;bestStored=08-11 13:34;bestStoredSlot=0;newWins=true
2026-08-11T14:42:00.000+01:00,DIAG-CLOSE;EURUSD;s=2;prev=9;c=10;firstObs=false;slotOn=true;inWindow=true;time_close=08-11 14:43
2026-08-11T14:42:00.000+01:00,DIAG-DEDUP;EURUSD;s=2;wOpened=08-11 13:59;nd=1;bestStored=08-11 13:34;bestStoredSlot=1;newWins=false
2026-08-11T14:42:00.000+01:00,DIAG-CLOSE;EURUSD;s=3;prev=9;c=10;firstObs=false;slotOn=true;inWindow=true;time_close=08-11 14:43
2026-08-11T14:42:00.000+01:00,DIAG-DEDUP;EURUSD;s=3;wOpened=08-11 13:59;nd=1;bestStored=08-11 13:34;bestStoredSlot=1;newWins=false
2026-08-11T14:42:00.000+01:00,DIAG-CLOSE;EURUSD;s=4;prev=2;c=3;firstObs=false;slotOn=true;inWindow=true;time_close=08-11 14:43
2026-08-11T14:42:00.000+01:00,DIAG-DEDUP;EURUSD;s=4;wOpened=08-11 14:33;nd=1;bestStored=08-11 13:34;bestStoredSlot=1;newWins=false
2026-08-11T14:42:00.000+01:00,DIAG-CLOSE;EURUSD;s=5;prev=2;c=3;firstObs=false;slotOn=true;inWindow=true;time_close=08-11 14:43
2026-08-11T14:42:00.000+01:00,DIAG-DEDUP;EURUSD;s=5;wOpened=08-11 14:33;nd=1;bestStored=08-11 13:34;bestStoredSlot=1;newWins=false
2026-08-11T14:49:00.000+01:00,DIAG-CLOSE;GBPUSD;s=0;prev=14;c=15;firstObs=false;slotOn=true;inWindow=true;time_close=08-11 14:50
2026-08-11T14:49:00.000+01:00,DIAG-DEDUP;GBPUSD;s=0;wOpened=08-11 13:12;nd=0;bestStored=none;bestStoredSlot=-1;newWins=true
2026-08-11T14:49:00.000+01:00,DIAG-CLOSE;GBPUSD;s=1;prev=14;c=15;firstObs=false;slotOn=true;inWindow=true;time_close=08-11 14:50
2026-08-11T14:49:00.000+01:00,DIAG-DEDUP;GBPUSD;s=1;wOpened=08-11 13:12;nd=1;bestStored=08-11 13:12;bestStoredSlot=0;newWins=true
2026-08-11T14:49:00.000+01:00,DIAG-CLOSE;CHFJPY;s=0;prev=18;c=19;firstObs=false;slotOn=true;inWindow=true;time_close=08-11 14:50
2026-08-11T14:49:00.000+01:00,DIAG-DEDUP;CHFJPY;s=0;wOpened=08-11 14:33;nd=0;bestStored=none;bestStoredSlot=-1;newWins=true
2026-08-11T14:49:00.000+01:00,DIAG-CLOSE;CHFJPY;s=1;prev=18;c=19;firstObs=false;slotOn=true;inWindow=true;time_close=08-11 14:50
2026-08-11T14:49:00.000+01:00,DIAG-DEDUP;CHFJPY;s=1;wOpened=08-11 14:33;nd=1;bestStored=08-11 14:33;bestStoredSlot=0;newWins=true
2026-08-11T14:49:00.000+01:00,DIAG-CLOSE;CHFJPY;s=2;prev=11;c=12;firstObs=false;slotOn=true;inWindow=true;time_close=08-11 14:50
2026-08-11T14:49:00.000+01:00,DIAG-DEDUP;CHFJPY;s=2;wOpened=08-11 14:33;nd=1;bestStored=08-11 14:33;bestStoredSlot=1;newWins=true
2026-08-11T14:49:00.000+01:00,DIAG-CLOSE;CHFJPY;s=3;prev=11;c=12;firstObs=false;slotOn=true;inWindow=true;time_close=08-11 14:50
2026-08-11T14:49:00.000+01:00,DIAG-DEDUP;CHFJPY;s=3;wOpened=08-11 14:33;nd=1;bestStored=08-11 14:33;bestStoredSlot=2;newWins=true
2026-08-11T14:49:00.000+01:00,DIAG-CLOSE;CHFJPY;s=7;prev=2;c=3;firstObs=false;slotOn=true;inWindow=true;time_close=08-11 14:50
2026-08-11T14:49:00.000+01:00,DIAG-DEDUP;CHFJPY;s=7;wOpened=08-11 14:33;nd=1;bestStored=08-11 14:33;bestStoredSlot=3;newWins=true
2026-08-11T14:49:00.000+01:00,DIAG-CLOSE;CADCHF;s=0;prev=15;c=16;firstObs=false;slotOn=true;inWindow=true;time_close=08-11 14:50
2026-08-11T14:49:00.000+01:00,DIAG-DEDUP;CADCHF;s=0;wOpened=08-11 14:32;nd=0;bestStored=none;bestStoredSlot=-1;newWins=true
2026-08-11T14:49:00.000+01:00,DIAG-CLOSE;CADCHF;s=1;prev=14;c=15;firstObs=false;slotOn=true;inWindow=true;time_close=08-11 14:50
2026-08-11T14:49:00.000+01:00,DIAG-DEDUP;CADCHF;s=1;wOpened=08-11 14:35;nd=1;bestStored=08-11 14:32;bestStoredSlot=0;newWins=false
2026-08-11T14:49:00.000+01:00,DIAG-CLOSE;CADCHF;s=2;prev=8;c=9;firstObs=false;slotOn=true;inWindow=true;time_close=08-11 14:50
2026-08-11T14:49:00.000+01:00,DIAG-DEDUP;CADCHF;s=2;wOpened=08-11 14:48;nd=1;bestStored=08-11 14:32;bestStoredSlot=0;newWins=false
2026-08-11T14:49:00.000+01:00,DIAG-CLOSE;CADCHF;s=3;prev=8;c=9;firstObs=false;slotOn=true;inWindow=true;time_close=08-11 14:50
2026-08-11T14:49:00.000+01:00,DIAG-DEDUP;CADCHF;s=3;wOpened=08-11 14:48;nd=1;bestStored=08-11 14:32;bestStoredSlot=0;newWins=false
2026-08-11T14:49:00.000+01:00,DIAG-CLOSE;CADCHF;s=6;prev=4;c=5;firstObs=false;slotOn=true;inWindow=true;time_close=08-11 14:50
2026-08-11T14:49:00.000+01:00,DIAG-DEDUP;CADCHF;s=6;wOpened=08-11 14:48;nd=1;bestStored=08-11 14:32;bestStoredSlot=0;newWins=false
2026-08-11T14:50:00.000+01:00,DIAG-CLOSE;USDCAD;s=4;prev=5;c=6;firstObs=false;slotOn=true;inWindow=true;time_close=08-11 14:51
2026-08-11T14:50:00.000+01:00,DIAG-DEDUP;USDCAD;s=4;wOpened=08-11 14:21;nd=0;bestStored=none;bestStoredSlot=-1;newWins=true
2026-08-11T14:50:00.000+01:00,DIAG-CLOSE;USDCAD;s=5;prev=5;c=6;firstObs=false;slotOn=true;inWindow=true;time_close=08-11 14:51
2026-08-11T14:50:00.000+01:00,DIAG-DEDUP;USDCAD;s=5;wOpened=08-11 14:21;nd=1;bestStored=08-11 14:21;bestStoredSlot=4;newWins=true
2026-08-11T14:52:00.000+01:00,DIAG-CLOSE;EURAUD;s=0;prev=16;c=17;firstObs=false;slotOn=true;inWindow=true;time_close=08-11 14:53
2026-08-11T14:52:00.000+01:00,DIAG-DEDUP;EURAUD;s=0;wOpened=08-11 14:51;nd=0;bestStored=none;bestStoredSlot=-1;newWins=true
2026-08-11T14:52:00.000+01:00,DIAG-CLOSE;EURAUD;s=1;prev=16;c=17;firstObs=false;slotOn=true;inWindow=true;time_close=08-11 14:53
2026-08-11T14:52:00.000+01:00,DIAG-DEDUP;EURAUD;s=1;wOpened=08-11 14:51;nd=1;bestStored=08-11 14:51;bestStoredSlot=0;newWins=true
2026-08-11T15:11:00.000+01:00,DIAG-CLOSE;EURGBP;s=0;prev=15;c=16;firstObs=false;slotOn=true;inWindow=true;time_close=08-11 15:12
2026-08-11T15:11:00.000+01:00,DIAG-DEDUP;EURGBP;s=0;wOpened=08-11 15:07;nd=0;bestStored=none;bestStoredSlot=-1;newWins=true
2026-08-11T15:19:00.000+01:00,DIAG-CLOSE;USDCAD;s=2;prev=10;c=11;firstObs=false;slotOn=true;inWindow=true;time_close=08-11 15:20
2026-08-11T15:19:00.000+01:00,DIAG-DEDUP;USDCAD;s=2;wOpened=08-11 13:20;nd=2;bestStored=08-11 13:20;bestStoredSlot=1;newWins=true
2026-08-11T15:19:00.000+01:00,DIAG-CLOSE;USDCAD;s=3;prev=9;c=10;firstObs=false;slotOn=true;inWindow=true;time_close=08-11 15:20
2026-08-11T15:19:00.000+01:00,DIAG-DEDUP;USDCAD;s=3;wOpened=08-11 13:20;nd=1;bestStored=08-11 13:20;bestStoredSlot=2;newWins=true
2026-08-11T15:24:00.000+01:00,DIAG-CLOSE;GBPUSD;s=0;prev=15;c=16;firstObs=false;slotOn=true;inWindow=true;time_close=08-11 15:25
2026-08-11T15:24:00.000+01:00,DIAG-DEDUP;GBPUSD;s=0;wOpened=08-11 15:21;nd=0;bestStored=none;bestStoredSlot=-1;newWins=true
2026-08-11T15:24:00.000+01:00,DIAG-CLOSE;GBPUSD;s=1;prev=15;c=16;firstObs=false;slotOn=true;inWindow=true;time_close=08-11 15:25
2026-08-11T15:24:00.000+01:00,DIAG-DEDUP;GBPUSD;s=1;wOpened=08-11 15:21;nd=1;bestStored=08-11 15:21;bestStoredSlot=0;newWins=true
2026-08-11T15:24:00.000+01:00,DIAG-CLOSE;GBPUSD;s=2;prev=7;c=8;firstObs=false;slotOn=true;inWindow=true;time_close=08-11 15:25
2026-08-11T15:24:00.000+01:00,DIAG-DEDUP;GBPUSD;s=2;wOpened=08-11 15:21;nd=1;bestStored=08-11 15:21;bestStoredSlot=1;newWins=true
2026-08-11T15:24:00.000+01:00,DIAG-CLOSE;GBPUSD;s=3;prev=6;c=7;firstObs=false;slotOn=true;inWindow=true;time_close=08-11 15:25
2026-08-11T15:24:00.000+01:00,DIAG-DEDUP;GBPUSD;s=3;wOpened=08-11 15:21;nd=1;bestStored=08-11 15:21;bestStoredSlot=2;newWins=true
2026-08-11T15:52:00.000+01:00,DIAG-CLOSE;GBPCHF;s=0;prev=13;c=14;firstObs=false;slotOn=true;inWindow=true;time_close=08-11 15:53
2026-08-11T15:52:00.000+01:00,DIAG-DEDUP;GBPCHF;s=0;wOpened=08-11 15:38;nd=0;bestStored=none;bestStoredSlot=-1;newWins=true
2026-08-11T15:52:00.000+01:00,DIAG-CLOSE;GBPCHF;s=1;prev=11;c=12;firstObs=false;slotOn=true;inWindow=true;time_close=08-11 15:53
2026-08-11T15:52:00.000+01:00,DIAG-DEDUP;GBPCHF;s=1;wOpened=08-11 15:38;nd=1;bestStored=08-11 15:38;bestStoredSlot=0;newWins=true
2026-08-11T15:52:00.000+01:00,DIAG-CLOSE;GBPCHF;s=2;prev=7;c=8;firstObs=false;slotOn=true;inWindow=true;time_close=08-11 15:53
2026-08-11T15:52:00.000+01:00,DIAG-DEDUP;GBPCHF;s=2;wOpened=08-11 15:49;nd=1;bestStored=08-11 15:38;bestStoredSlot=1;newWins=false
2026-08-11T15:52:00.000+01:00,DIAG-CLOSE;GBPCHF;s=3;prev=6;c=7;firstObs=false;slotOn=true;inWindow=true;time_close=08-11 15:53
2026-08-11T15:52:00.000+01:00,DIAG-DEDUP;GBPCHF;s=3;wOpened=08-11 15:49;nd=1;bestStored=08-11 15:38;bestStoredSlot=1;newWins=false
2026-08-11T15:57:00.000+01:00,DIAG-CLOSE;AUDCHF;s=2;prev=3;c=4;firstObs=false;slotOn=true;inWindow=true;time_close=08-11 15:58
2026-08-11T15:57:00.000+01:00,DIAG-DEDUP;AUDCHF;s=2;wOpened=08-11 15:36;nd=0;bestStored=none;bestStoredSlot=-1;newWins=true
2026-08-11T15:57:00.000+01:00,DIAG-CLOSE;AUDCHF;s=3;prev=3;c=4;firstObs=false;slotOn=true;inWindow=true;time_close=08-11 15:58
2026-08-11T15:57:00.000+01:00,DIAG-DEDUP;AUDCHF;s=3;wOpened=08-11 15:36;nd=1;bestStored=08-11 15:36;bestStoredSlot=2;newWins=true
2026-08-11T16:01:00.000+01:00,DIAG-CLOSE;AUDCHF;s=0;prev=14;c=15;firstObs=false;slotOn=true;inWindow=true;time_close=08-11 16:02
2026-08-11T16:01:00.000+01:00,DIAG-DEDUP;AUDCHF;s=0;wOpened=08-11 15:36;nd=1;bestStored=08-11 15:36;bestStoredSlot=3;newWins=false
2026-08-11T16:01:00.000+01:00,DIAG-CLOSE;AUDCHF;s=1;prev=13;c=14;firstObs=false;slotOn=true;inWindow=true;time_close=08-11 16:02
2026-08-11T16:01:00.000+01:00,DIAG-DEDUP;AUDCHF;s=1;wOpened=08-11 15:36;nd=1;bestStored=08-11 15:36;bestStoredSlot=3;newWins=false
2026-08-11T16:34:00.000+01:00,DIAG-CLOSE;USDJPY;s=0;prev=19;c=20;firstObs=false;slotOn=true;inWindow=true;time_close=08-11 16:35
2026-08-11T16:34:00.000+01:00,DIAG-DEDUP;USDJPY;s=0;wOpened=08-11 16:06;nd=0;bestStored=none;bestStoredSlot=-1;newWins=true
2026-08-11T16:34:00.000+01:00,DIAG-CLOSE;USDJPY;s=1;prev=20;c=21;firstObs=false;slotOn=true;inWindow=true;time_close=08-11 16:35
2026-08-11T16:34:00.000+01:00,DIAG-DEDUP;USDJPY;s=1;wOpened=08-11 16:06;nd=1;bestStored=08-11 16:06;bestStoredSlot=0;newWins=true
2026-08-11T16:34:00.000+01:00,DIAG-CLOSE;USDJPY;s=2;prev=13;c=14;firstObs=false;slotOn=true;inWindow=true;time_close=08-11 16:35
2026-08-11T16:34:00.000+01:00,DIAG-DEDUP;USDJPY;s=2;wOpened=08-11 16:22;nd=1;bestStored=08-11 16:06;bestStoredSlot=1;newWins=false
2026-08-11T16:34:00.000+01:00,DIAG-CLOSE;USDJPY;s=3;prev=13;c=14;firstObs=false;slotOn=true;inWindow=true;time_close=08-11 16:35
2026-08-11T16:34:00.000+01:00,DIAG-DEDUP;USDJPY;s=3;wOpened=08-11 16:22;nd=1;bestStored=08-11 16:06;bestStoredSlot=1;newWins=false
2026-08-11T16:34:00.000+01:00,DIAG-CLOSE;USDJPY;s=4;prev=10;c=11;firstObs=false;slotOn=true;inWindow=true;time_close=08-11 16:35
2026-08-11T16:34:00.000+01:00,DIAG-DEDUP;USDJPY;s=4;wOpened=08-11 16:22;nd=1;bestStored=08-11 16:06;bestStoredSlot=1;newWins=false
2026-08-11T16:34:00.000+01:00,DIAG-CLOSE;USDJPY;s=5;prev=10;c=11;firstObs=false;slotOn=true;inWindow=true;time_close=08-11 16:35
2026-08-11T16:34:00.000+01:00,DIAG-DEDUP;USDJPY;s=5;wOpened=08-11 16:22;nd=1;bestStored=08-11 16:06;bestStoredSlot=1;newWins=false
2026-08-11T16:35:00.000+01:00,DIAG-CLOSE;USDCAD;s=0;prev=15;c=16;firstObs=false;slotOn=true;inWindow=true;time_close=08-11 16:36
2026-08-11T16:35:00.000+01:00,DIAG-DEDUP;USDCAD;s=0;wOpened=08-11 16:19;nd=0;bestStored=none;bestStoredSlot=-1;newWins=true
2026-08-11T16:35:00.000+01:00,DIAG-CLOSE;USDCAD;s=1;prev=14;c=15;firstObs=false;slotOn=true;inWindow=true;time_close=08-11 16:36
2026-08-11T16:35:00.000+01:00,DIAG-DEDUP;USDCAD;s=1;wOpened=08-11 16:19;nd=1;bestStored=08-11 16:19;bestStoredSlot=0;newWins=true
2026-08-11T17:08:00.000+01:00,DIAG-CLOSE;EURCHF;s=0;prev=14;c=15;firstObs=false;slotOn=true;inWindow=true;time_close=08-11 17:09
2026-08-11T17:08:00.000+01:00,DIAG-DEDUP;EURCHF;s=0;wOpened=08-11 17:05;nd=0;bestStored=none;bestStoredSlot=-1;newWins=true
2026-08-11T17:08:00.000+01:00,DIAG-CLOSE;EURCHF;s=1;prev=16;c=17;firstObs=false;slotOn=true;inWindow=true;time_close=08-11 17:09
2026-08-11T17:08:00.000+01:00,DIAG-DEDUP;EURCHF;s=1;wOpened=08-11 17:04;nd=1;bestStored=08-11 17:05;bestStoredSlot=0;newWins=true
2026-08-11T17:12:00.000+01:00,DIAG-CLOSE;GBPAUD;s=0;prev=16;c=17;firstObs=false;slotOn=true;inWindow=true;time_close=08-11 17:13
2026-08-11T17:12:00.000+01:00,DIAG-DEDUP;GBPAUD;s=0;wOpened=08-11 17:11;nd=0;bestStored=none;bestStoredSlot=-1;newWins=true
2026-08-11T17:12:00.000+01:00,DIAG-CLOSE;GBPAUD;s=1;prev=17;c=18;firstObs=false;slotOn=true;inWindow=true;time_close=08-11 17:13
2026-08-11T17:12:00.000+01:00,DIAG-DEDUP;GBPAUD;s=1;wOpened=08-11 17:11;nd=1;bestStored=08-11 17:11;bestStoredSlot=0;newWins=true
2026-08-11T17:12:00.000+01:00,DIAG-CLOSE;GBPAUD;s=2;prev=10;c=11;firstObs=false;slotOn=true;inWindow=true;time_close=08-11 17:13
2026-08-11T17:12:00.000+01:00,DIAG-DEDUP;GBPAUD;s=2;wOpened=08-11 17:11;nd=1;bestStored=08-11 17:11;bestStoredSlot=1;newWins=true
2026-08-11T17:12:00.000+01:00,DIAG-CLOSE;GBPAUD;s=3;prev=11;c=12;firstObs=false;slotOn=true;inWindow=true;time_close=08-11 17:13
2026-08-11T17:12:00.000+01:00,DIAG-DEDUP;GBPAUD;s=3;wOpened=08-11 17:11;nd=1;bestStored=08-11 17:11;bestStoredSlot=2;newWins=true
2026-08-11T17:20:00.000+01:00,DIAG-CLOSE;GBPCHF;s=0;prev=14;c=15;firstObs=false;slotOn=true;inWindow=true;time_close=08-11 17:21
2026-08-11T17:20:00.000+01:00,DIAG-DEDUP;GBPCHF;s=0;wOpened=08-11 17:16;nd=0;bestStored=none;bestStoredSlot=-1;newWins=true
2026-08-11T17:20:00.000+01:00,DIAG-CLOSE;GBPCHF;s=1;prev=12;c=13;firstObs=false;slotOn=true;inWindow=true;time_close=08-11 17:21
2026-08-11T17:20:00.000+01:00,DIAG-DEDUP;GBPCHF;s=1;wOpened=08-11 17:16;nd=1;bestStored=08-11 17:16;bestStoredSlot=0;newWins=true
2026-08-11T17:28:00.000+01:00,DIAG-CLOSE;CADCHF;s=0;prev=16;c=17;firstObs=false;slotOn=true;inWindow=true;time_close=08-11 17:29
2026-08-11T17:28:00.000+01:00,DIAG-DEDUP;CADCHF;s=0;wOpened=08-11 17:17;nd=0;bestStored=none;bestStoredSlot=-1;newWins=true
2026-08-11T17:28:00.000+01:00,DIAG-CLOSE;CADCHF;s=1;prev=15;c=16;firstObs=false;slotOn=true;inWindow=true;time_close=08-11 17:29
2026-08-11T17:28:00.000+01:00,DIAG-DEDUP;CADCHF;s=1;wOpened=08-11 17:17;nd=1;bestStored=08-11 17:17;bestStoredSlot=0;newWins=true
2026-08-11T17:28:00.000+01:00,DIAG-CLOSE;CADCHF;s=2;prev=9;c=10;firstObs=false;slotOn=true;inWindow=true;time_close=08-11 17:29
2026-08-11T17:28:00.000+01:00,DIAG-DEDUP;CADCHF;s=2;wOpened=08-11 17:04;nd=1;bestStored=08-11 17:17;bestStoredSlot=1;newWins=true
2026-08-11T17:28:00.000+01:00,DIAG-CLOSE;CADCHF;s=3;prev=9;c=10;firstObs=false;slotOn=true;inWindow=true;time_close=08-11 17:29
2026-08-11T17:28:00.000+01:00,DIAG-DEDUP;CADCHF;s=3;wOpened=08-11 17:04;nd=1;bestStored=08-11 17:04;bestStoredSlot=2;newWins=true
2026-08-11T17:28:00.000+01:00,DIAG-CLOSE;CADCHF;s=4;prev=6;c=7;firstObs=false;slotOn=true;inWindow=true;time_close=08-11 17:29
2026-08-11T17:28:00.000+01:00,DIAG-DEDUP;CADCHF;s=4;wOpened=08-11 17:05;nd=1;bestStored=08-11 17:04;bestStoredSlot=3;newWins=false
2026-08-11T17:28:00.000+01:00,DIAG-CLOSE;CADCHF;s=5;prev=6;c=7;firstObs=false;slotOn=true;inWindow=true;time_close=08-11 17:29
2026-08-11T17:28:00.000+01:00,DIAG-DEDUP;CADCHF;s=5;wOpened=08-11 17:05;nd=1;bestStored=08-11 17:04;bestStoredSlot=3;newWins=false
2026-08-11T17:28:00.000+01:00,DIAG-CLOSE;CADCHF;s=7;prev=3;c=4;firstObs=false;slotOn=true;inWindow=true;time_close=08-11 17:29
2026-08-11T17:28:00.000+01:00,DIAG-DEDUP;CADCHF;s=7;wOpened=08-11 17:21;nd=1;bestStored=08-11 17:04;bestStoredSlot=3;newWins=false
2026-08-11T17:30:00.000+01:00,DIAG-CLOSE;EURGBP;s=0;prev=16;c=17;firstObs=false;slotOn=true;inWindow=true;time_close=08-11 17:31
2026-08-11T17:30:00.000+01:00,DIAG-DEDUP;EURGBP;s=0;wOpened=08-11 17:17;nd=0;bestStored=none;bestStoredSlot=-1;newWins=true
2026-08-11T17:30:00.000+01:00,DIAG-CLOSE;EURGBP;s=1;prev=15;c=16;firstObs=false;slotOn=true;inWindow=true;time_close=08-11 17:31
2026-08-11T17:30:00.000+01:00,DIAG-DEDUP;EURGBP;s=1;wOpened=08-11 17:17;nd=1;bestStored=08-11 17:17;bestStoredSlot=0;newWins=true
2026-08-11T17:30:00.000+01:00,DIAG-CLOSE;EURGBP;s=2;prev=11;c=12;firstObs=false;slotOn=true;inWindow=true;time_close=08-11 17:31
2026-08-11T17:30:00.000+01:00,DIAG-DEDUP;EURGBP;s=2;wOpened=08-11 17:17;nd=1;bestStored=08-11 17:17;bestStoredSlot=1;newWins=true
2026-08-11T17:30:00.000+01:00,DIAG-CLOSE;EURGBP;s=3;prev=10;c=11;firstObs=false;slotOn=true;inWindow=true;time_close=08-11 17:31
2026-08-11T17:30:00.000+01:00,DIAG-DEDUP;EURGBP;s=3;wOpened=08-11 17:17;nd=1;bestStored=08-11 17:17;bestStoredSlot=2;newWins=true
2026-08-11T17:40:00.000+01:00,DIAG-CLOSE;USDCAD;s=0;prev=16;c=17;firstObs=false;slotOn=true;inWindow=true;time_close=08-11 17:41
2026-08-11T17:40:00.000+01:00,DIAG-DEDUP;USDCAD;s=0;wOpened=08-11 17:19;nd=0;bestStored=none;bestStoredSlot=-1;newWins=true
2026-08-11T17:40:00.000+01:00,DIAG-CLOSE;USDCAD;s=1;prev=15;c=16;firstObs=false;slotOn=true;inWindow=true;time_close=08-11 17:41
2026-08-11T17:40:00.000+01:00,DIAG-DEDUP;USDCAD;s=1;wOpened=08-11 17:19;nd=1;bestStored=08-11 17:19;bestStoredSlot=0;newWins=true
2026-08-11T17:40:00.000+01:00,DIAG-CLOSE;USDCAD;s=2;prev=11;c=12;firstObs=false;slotOn=true;inWindow=true;time_close=08-11 17:41
2026-08-11T17:40:00.000+01:00,DIAG-DEDUP;USDCAD;s=2;wOpened=08-11 17:30;nd=1;bestStored=08-11 17:19;bestStoredSlot=1;newWins=false
2026-08-11T17:40:00.000+01:00,DIAG-CLOSE;USDCAD;s=3;prev=10;c=11;firstObs=false;slotOn=true;inWindow=true;time_close=08-11 17:41
2026-08-11T17:40:00.000+01:00,DIAG-DEDUP;USDCAD;s=3;wOpened=08-11 17:30;nd=1;bestStored=08-11 17:19;bestStoredSlot=1;newWins=false
2026-08-11T17:53:00.000+01:00,DIAG-CLOSE;CADJPY;s=0;prev=15;c=16;firstObs=false;slotOn=true;inWindow=true;time_close=08-11 17:54
2026-08-11T17:53:00.000+01:00,DIAG-DEDUP;CADJPY;s=0;wOpened=08-11 16:38;nd=0;bestStored=none;bestStoredSlot=-1;newWins=true
2026-08-11T17:53:00.000+01:00,DIAG-CLOSE;CADJPY;s=1;prev=15;c=16;firstObs=false;slotOn=true;inWindow=true;time_close=08-11 17:54
2026-08-11T17:53:00.000+01:00,DIAG-DEDUP;CADJPY;s=1;wOpened=08-11 16:38;nd=1;bestStored=08-11 16:38;bestStoredSlot=0;newWins=true
2026-08-11T17:53:00.000+01:00,DIAG-CLOSE;CADJPY;s=2;prev=6;c=7;firstObs=false;slotOn=true;inWindow=true;time_close=08-11 17:54
2026-08-11T17:53:00.000+01:00,DIAG-DEDUP;CADJPY;s=2;wOpened=08-11 16:10;nd=1;bestStored=08-11 16:38;bestStoredSlot=1;newWins=true
2026-08-11T17:53:00.000+01:00,DIAG-CLOSE;CADJPY;s=3;prev=4;c=5;firstObs=false;slotOn=true;inWindow=true;time_close=08-11 17:54
2026-08-11T17:53:00.000+01:00,DIAG-DEDUP;CADJPY;s=3;wOpened=08-11 16:18;nd=1;bestStored=08-11 16:10;bestStoredSlot=2;newWins=false
2026-08-11T17:53:00.000+01:00,DIAG-CLOSE;CADJPY;s=4;prev=0;c=1;firstObs=false;slotOn=true;inWindow=true;time_close=08-11 17:54
2026-08-11T17:53:00.000+01:00,DIAG-DEDUP;CADJPY;s=4;wOpened=08-11 16:38;nd=1;bestStored=08-11 16:10;bestStoredSlot=2;newWins=false
2026-08-11T17:53:00.000+01:00,DIAG-CLOSE;CADJPY;s=5;prev=0;c=1;firstObs=false;slotOn=true;inWindow=true;time_close=08-11 17:54
2026-08-11T17:53:00.000+01:00,DIAG-DEDUP;CADJPY;s=5;wOpened=08-11 16:38;nd=1;bestStored=08-11 16:10;bestStoredSlot=2;newWins=false
2026-08-11T17:53:00.000+01:00,DIAG-CLOSE;CADJPY;s=6;prev=1;c=2;firstObs=false;slotOn=true;inWindow=true;time_close=08-11 17:54
2026-08-11T17:53:00.000+01:00,DIAG-DEDUP;CADJPY;s=6;wOpened=08-11 17:52;nd=1;bestStored=08-11 16:10;bestStoredSlot=2;newWins=false
2026-08-11T17:53:00.000+01:00,DIAG-CLOSE;CADJPY;s=7;prev=2;c=3;firstObs=false;slotOn=true;inWindow=true;time_close=08-11 17:54
2026-08-11T17:53:00.000+01:00,DIAG-DEDUP;CADJPY;s=7;wOpened=08-11 16:38;nd=1;bestStored=08-11 16:10;bestStoredSlot=2;newWins=false
2026-08-11T17:54:00.000+01:00,DIAG-CLOSE;USDCHF;s=0;prev=11;c=12;firstObs=false;slotOn=true;inWindow=true;time_close=08-11 17:55
2026-08-11T17:54:00.000+01:00,DIAG-DEDUP;USDCHF;s=0;wOpened=08-11 17:44;nd=0;bestStored=none;bestStoredSlot=-1;newWins=true
2026-08-11T17:54:00.000+01:00,DIAG-CLOSE;USDCHF;s=1;prev=14;c=15;firstObs=false;slotOn=true;inWindow=true;time_close=08-11 17:55
2026-08-11T17:54:00.000+01:00,DIAG-DEDUP;USDCHF;s=1;wOpened=08-11 17:44;nd=1;bestStored=08-11 17:44;bestStoredSlot=0;newWins=true
2026-08-11T18:14:00.000+01:00,DIAG-CLOSE;GBPJPY;s=0;prev=11;c=12;firstObs=false;slotOn=true;inWindow=true;time_close=08-11 18:15
2026-08-11T18:14:00.000+01:00,DIAG-DEDUP;GBPJPY;s=0;wOpened=08-11 18:13;nd=0;bestStored=none;bestStoredSlot=-1;newWins=true
2026-08-11T18:14:00.000+01:00,DIAG-CLOSE;GBPJPY;s=1;prev=11;c=12;firstObs=false;slotOn=true;inWindow=true;time_close=08-11 18:15
2026-08-11T18:14:00.000+01:00,DIAG-DEDUP;GBPJPY;s=1;wOpened=08-11 18:13;nd=1;bestStored=08-11 18:13;bestStoredSlot=0;newWins=true
2026-08-11T18:30:00.000+01:00,DIAG-CLOSE;USDCAD;s=7;prev=3;c=4;firstObs=false;slotOn=true;inWindow=true;time_close=08-11 18:31
2026-08-11T18:30:00.000+01:00,DIAG-DEDUP;USDCAD;s=7;wOpened=08-11 18:12;nd=0;bestStored=none;bestStoredSlot=-1;newWins=true
2026-08-11T18:45:00.000+01:00,DIAG-CLOSE;EURUSD;s=0;prev=20;c=21;firstObs=false;slotOn=true;inWindow=true;time_close=08-11 18:46
2026-08-11T18:45:00.000+01:00,DIAG-DEDUP;EURUSD;s=0;wOpened=08-11 18:32;nd=0;bestStored=none;bestStoredSlot=-1;newWins=true
2026-08-11T18:45:00.000+01:00,DIAG-CLOSE;EURUSD;s=1;prev=20;c=21;firstObs=false;slotOn=true;inWindow=true;time_close=08-11 18:46
2026-08-11T18:45:00.000+01:00,DIAG-DEDUP;EURUSD;s=1;wOpened=08-11 18:32;nd=1;bestStored=08-11 18:32;bestStoredSlot=0;newWins=true
2026-08-11T18:46:00.000+01:00,DIAG-CLOSE;AUDUSD;s=2;prev=10;c=11;firstObs=false;slotOn=true;inWindow=true;time_close=08-11 18:47
2026-08-11T18:46:00.000+01:00,DIAG-DEDUP;AUDUSD;s=2;wOpened=08-11 18:29;nd=0;bestStored=none;bestStoredSlot=-1;newWins=true
2026-08-11T18:46:00.000+01:00,DIAG-CLOSE;AUDUSD;s=3;prev=9;c=10;firstObs=false;slotOn=true;inWindow=true;time_close=08-11 18:47
2026-08-11T18:46:00.000+01:00,DIAG-DEDUP;AUDUSD;s=3;wOpened=08-11 18:29;nd=1;bestStored=08-11 18:29;bestStoredSlot=2;newWins=true
2026-08-11T18:46:00.000+01:00,DIAG-CLOSE;AUDUSD;s=7;prev=4;c=5;firstObs=false;slotOn=true;inWindow=true;time_close=08-11 18:47
2026-08-11T18:46:00.000+01:00,DIAG-DEDUP;AUDUSD;s=7;wOpened=08-11 18:33;nd=1;bestStored=08-11 18:29;bestStoredSlot=3;newWins=false
2026-08-11T19:00:00.000+01:00,DIAG-CLOSE;AUDUSD;s=1;prev=20;c=21;firstObs=false;slotOn=true;inWindow=true;time_close=08-11 19:01
2026-08-11T19:00:00.000+01:00,DIAG-DEDUP;AUDUSD;s=1;wOpened=08-11 18:18;nd=1;bestStored=08-11 18:29;bestStoredSlot=3;newWins=true
2026-08-11T19:02:00.000+01:00,DIAG-CLOSE;AUDUSD;s=0;prev=20;c=21;firstObs=false;slotOn=true;inWindow=true;time_close=08-11 19:03
2026-08-11T19:02:00.000+01:00,DIAG-DEDUP;AUDUSD;s=0;wOpened=08-11 18:18;nd=1;bestStored=08-11 18:18;bestStoredSlot=1;newWins=false
2026-08-11T19:08:00.000+01:00,DIAG-CLOSE;GBPUSD;s=0;prev=16;c=17;firstObs=false;slotOn=true;inWindow=true;time_close=08-11 19:09
2026-08-11T19:08:00.000+01:00,DIAG-DEDUP;GBPUSD;s=0;wOpened=08-11 18:50;nd=0;bestStored=none;bestStoredSlot=-1;newWins=true
2026-08-11T19:08:00.000+01:00,DIAG-CLOSE;GBPUSD;s=1;prev=16;c=17;firstObs=false;slotOn=true;inWindow=true;time_close=08-11 19:09
2026-08-11T19:08:00.000+01:00,DIAG-DEDUP;GBPUSD;s=1;wOpened=08-11 18:50;nd=1;bestStored=08-11 18:50;bestStoredSlot=0;newWins=true
2026-08-11T19:19:00.000+01:00,DIAG-CLOSE;USDCAD;s=0;prev=17;c=18;firstObs=false;slotOn=true;inWindow=true;time_close=08-11 19:20
2026-08-11T19:19:00.000+01:00,DIAG-DEDUP;USDCAD;s=0;wOpened=08-11 19:00;nd=0;bestStored=none;bestStoredSlot=-1;newWins=true
2026-08-11T19:19:00.000+01:00,DIAG-CLOSE;USDCAD;s=1;prev=16;c=17;firstObs=false;slotOn=true;inWindow=true;time_close=08-11 19:20
2026-08-11T19:19:00.000+01:00,DIAG-DEDUP;USDCAD;s=1;wOpened=08-11 19:00;nd=1;bestStored=08-11 19:00;bestStoredSlot=0;newWins=true
2026-08-11T19:19:00.000+01:00,DIAG-CLOSE;USDCAD;s=2;prev=12;c=13;firstObs=false;slotOn=true;inWindow=true;time_close=08-11 19:20
2026-08-11T19:19:00.000+01:00,DIAG-DEDUP;USDCAD;s=2;wOpened=08-11 19:01;nd=1;bestStored=08-11 19:00;bestStoredSlot=1;newWins=false
2026-08-11T19:19:00.000+01:00,DIAG-CLOSE;USDCAD;s=3;prev=11;c=12;firstObs=false;slotOn=true;inWindow=true;time_close=08-11 19:20
2026-08-11T19:19:00.000+01:00,DIAG-DEDUP;USDCAD;s=3;wOpened=08-11 19:01;nd=1;bestStored=08-11 19:00;bestStoredSlot=1;newWins=false
2026-08-11T19:25:00.000+01:00,DIAG-CLOSE;GBPCAD;s=0;prev=15;c=16;firstObs=false;slotOn=true;inWindow=true;time_close=08-11 19:26
2026-08-11T19:25:00.000+01:00,DIAG-DEDUP;GBPCAD;s=0;wOpened=08-11 19:10;nd=0;bestStored=none;bestStoredSlot=-1;newWins=true
2026-08-11T19:30:00.000+01:00,DIAG-CLOSE;CADJPY;s=7;prev=3;c=4;firstObs=false;slotOn=true;inWindow=true;time_close=08-11 19:31
2026-08-11T19:30:00.000+01:00,DIAG-DEDUP;CADJPY;s=7;wOpened=08-11 19:29;nd=0;bestStored=none;bestStoredSlot=-1;newWins=true
2026-08-11T19:38:00.000+01:00,DIAG-CLOSE;CADCHF;s=2;prev=10;c=11;firstObs=false;slotOn=true;inWindow=true;time_close=08-11 19:39
2026-08-11T19:38:00.000+01:00,DIAG-DEDUP;CADCHF;s=2;wOpened=08-11 19:37;nd=0;bestStored=none;bestStoredSlot=-1;newWins=true
2026-08-11T19:38:00.000+01:00,DIAG-CLOSE;CADCHF;s=3;prev=10;c=11;firstObs=false;slotOn=true;inWindow=true;time_close=08-11 19:39
2026-08-11T19:38:00.000+01:00,DIAG-DEDUP;CADCHF;s=3;wOpened=08-11 19:37;nd=1;bestStored=08-11 19:37;bestStoredSlot=2;newWins=true
2026-08-11T19:38:00.000+01:00,DIAG-CLOSE;CADCHF;s=7;prev=4;c=5;firstObs=false;slotOn=true;inWindow=true;time_close=08-11 19:39
2026-08-11T19:38:00.000+01:00,DIAG-DEDUP;CADCHF;s=7;wOpened=08-11 19:37;nd=1;bestStored=08-11 19:37;bestStoredSlot=3;newWins=true
2026-08-11T19:42:00.000+01:00,DIAG-CLOSE;AUDCHF;s=0;prev=15;c=16;firstObs=false;slotOn=true;inWindow=true;time_close=08-11 19:43
2026-08-11T19:42:00.000+01:00,DIAG-DEDUP;AUDCHF;s=0;wOpened=08-11 19:37;nd=0;bestStored=none;bestStoredSlot=-1;newWins=true
2026-08-11T19:42:00.000+01:00,DIAG-CLOSE;AUDCHF;s=1;prev=14;c=15;firstObs=false;slotOn=true;inWindow=true;time_close=08-11 19:43
2026-08-11T19:42:00.000+01:00,DIAG-DEDUP;AUDCHF;s=1;wOpened=08-11 19:37;nd=1;bestStored=08-11 19:37;bestStoredSlot=0;newWins=true
2026-08-11T19:45:00.000+01:00,DIAG-CLOSE;EURJPY;s=0;prev=14;c=15;firstObs=false;slotOn=true;inWindow=true;time_close=08-11 19:46
2026-08-11T19:45:00.000+01:00,DIAG-DEDUP;EURJPY;s=0;wOpened=08-11 18:40;nd=0;bestStored=none;bestStoredSlot=-1;newWins=true
2026-08-11T19:45:00.000+01:00,DIAG-CLOSE;EURJPY;s=1;prev=15;c=16;firstObs=false;slotOn=true;inWindow=true;time_close=08-11 19:46
2026-08-11T19:45:00.000+01:00,DIAG-DEDUP;EURJPY;s=1;wOpened=08-11 18:40;nd=1;bestStored=08-11 18:40;bestStoredSlot=0;newWins=true
2026-08-11T19:45:00.000+01:00,DIAG-CLOSE;EURJPY;s=2;prev=11;c=12;firstObs=false;slotOn=true;inWindow=true;time_close=08-11 19:46
2026-08-11T19:45:00.000+01:00,DIAG-DEDUP;EURJPY;s=2;wOpened=08-11 19:12;nd=1;bestStored=08-11 18:40;bestStoredSlot=1;newWins=false
2026-08-11T19:45:00.000+01:00,DIAG-CLOSE;EURJPY;s=3;prev=11;c=12;firstObs=false;slotOn=true;inWindow=true;time_close=08-11 19:46
2026-08-11T19:45:00.000+01:00,DIAG-DEDUP;EURJPY;s=3;wOpened=08-11 19:12;nd=1;bestStored=08-11 18:40;bestStoredSlot=1;newWins=false
2026-08-11T19:45:00.000+01:00,DIAG-CLOSE;EURJPY;s=4;prev=4;c=5;firstObs=false;slotOn=true;inWindow=true;time_close=08-11 19:46
2026-08-11T19:45:00.000+01:00,DIAG-DEDUP;EURJPY;s=4;wOpened=08-11 19:44;nd=1;bestStored=08-11 18:40;bestStoredSlot=1;newWins=false
2026-08-11T19:45:00.000+01:00,DIAG-CLOSE;EURJPY;s=5;prev=4;c=5;firstObs=false;slotOn=true;inWindow=true;time_close=08-11 19:46
2026-08-11T19:45:00.000+01:00,DIAG-DEDUP;EURJPY;s=5;wOpened=08-11 19:44;nd=1;bestStored=08-11 18:40;bestStoredSlot=1;newWins=false
2026-08-12T03:26:00.000+01:00,GCLOSEHDR;2026-08-11 08:00;2026-08-12 00:00;56;94;8
2026-08-12T03:26:00.000+01:00,GCLOSE;1;EURCHF;B2:26;2026-08-11 08:03;2026-08-11 08:04;1;short;2026-08-11 08:02
2026-08-12T03:26:00.000+01:00,GCLOSE;2;AUDCAD;A2:48;2026-08-11 08:07;2026-08-11 08:08;1;long;2026-08-11 08:06
2026-08-12T03:26:00.000+01:00,GCLOSE;3;GBPUSD;B2:26;2026-08-11 08:26;2026-08-11 08:30;2;short;2026-08-11 08:25
2026-08-12T03:26:00.000+01:00,GCLOSE;4;EURUSD;A2:48;2026-08-11 09:01;2026-08-11 09:03;2;short;2026-08-11 08:47
2026-08-12T03:26:00.000+01:00,GCLOSE;5;AUDCAD;A2:48;2026-08-11 09:07;2026-08-11 09:08;1;long;2026-08-11 09:06
2026-08-12T03:26:00.000+01:00,GCLOSE;6;EURAUD;A2:48;2026-08-11 09:22;2026-08-11 09:23;1;short;2026-08-11 09:10
2026-08-12T03:26:00.000+01:00,GCLOSE;7;USDJPY;A2:48;2026-08-11 09:27;2026-08-11 09:28;1;short;2026-08-11 09:01
2026-08-12T03:26:00.000+01:00,GCLOSE;8;CADJPY;A2:48;2026-08-11 09:34;2026-08-11 09:45;2;long;2026-08-11 09:33
2026-08-12T03:26:00.000+01:00,GCLOSE;9;AUDJPY;A2:48;2026-08-11 09:43;2026-08-11 09:49;2;long;2026-08-11 09:19
2026-08-12T03:26:00.000+01:00,GCLOSE;10;EURCHF;B1:25;2026-08-11 09:49;2026-08-11 10:15;2;long;2026-08-11 09:36
2026-08-12T03:26:00.000+01:00,GCLOSE;11;GBPUSD;B1:25;2026-08-11 10:16;2026-08-11 10:17;1;short;2026-08-11 10:11
2026-08-12T03:26:00.000+01:00,GCLOSE;12;GBPCHF;A2:48;2026-08-11 10:27;2026-08-11 10:28;1;long;2026-08-11 09:36
2026-08-12T03:26:00.000+01:00,GCLOSE;13;USDCHF;A2:48;2026-08-11 10:29;2026-08-11 10:30;1;long;2026-08-11 10:16
2026-08-12T03:26:00.000+01:00,GCLOSE;14;EURCHF;B2:26;2026-08-11 11:00;2026-08-11 11:01;1;short;2026-08-11 10:56
2026-08-12T03:26:00.000+01:00,GCLOSE;15;GBPJPY;A2:48;2026-08-11 10:20;2026-08-11 11:24;2;short;2026-08-11 10:19
2026-08-12T03:26:00.000+01:00,GCLOSE;16;GBPAUD;A2:48;2026-08-11 11:47;2026-08-11 11:48;1;short;2026-08-11 11:46
2026-08-12T03:26:00.000+01:00,GCLOSE;17;CHFJPY;A2:48;2026-08-11 12:00;2026-08-11 12:01;1;short;2026-08-11 11:50
2026-08-12T03:26:00.000+01:00,GCLOSE;18;GBPUSD;A2:48;2026-08-11 12:13;2026-08-11 12:14;1;short;2026-08-11 12:07
2026-08-12T03:26:00.000+01:00,GCLOSE;19;GBPUSD;C2:29;2026-08-11 12:51;2026-08-11 12:55;2;short;2026-08-11 12:42
2026-08-12T03:26:00.000+01:00,GCLOSE;20;AUDCAD;A2:48;2026-08-11 12:57;2026-08-11 12:58;1;long;2026-08-11 12:56
2026-08-12T03:26:00.000+01:00,GCLOSE;21;AUDUSD;A2:48;2026-08-11 13:34;2026-08-11 13:35;1;long;2026-08-11 13:12
2026-08-12T03:26:00.000+01:00,GCLOSE;22;EURGBP;A2:48;2026-08-11 13:28;2026-08-11 13:42;3;long;2026-08-11 13:27
2026-08-12T03:26:00.000+01:00,GCLOSE;23;CADJPY;A2:48;2026-08-11 13:48;2026-08-11 13:49;1;long;2026-08-11 13:47
2026-08-12T03:26:00.000+01:00,GCLOSE;24;AUDCAD;B2:26;2026-08-11 14:07;2026-08-11 14:30;2;long;2026-08-11 13:52
2026-08-12T03:26:00.000+01:00,GCLOSE;25;AUDCHF;A2:48;2026-08-11 14:31;2026-08-11 14:32;1;long;2026-08-11 13:49
2026-08-12T03:26:00.000+01:00,GCLOSE;26;EURUSD;A2:48;2026-08-11 13:59;2026-08-11 14:43;3;long;2026-08-11 13:34
2026-08-12T03:26:00.000+01:00,GCLOSE;27;GBPUSD;A2:48;2026-08-11 14:49;2026-08-11 14:50;1;long;2026-08-11 13:12
2026-08-12T03:26:00.000+01:00,GCLOSE;28;CHFJPY;D2:13;2026-08-11 14:49;2026-08-11 14:50;1;long;2026-08-11 14:33
2026-08-12T03:26:00.000+01:00,GCLOSE;29;CADCHF;A1:49;2026-08-11 14:35;2026-08-11 14:50;4;short;2026-08-11 14:32
2026-08-12T03:26:00.000+01:00,GCLOSE;30;EURAUD;A2:48;2026-08-11 14:52;2026-08-11 14:53;1;long;2026-08-11 14:51
2026-08-12T03:26:00.000+01:00,GCLOSE;31;EURGBP;A1:49;2026-08-11 15:11;2026-08-11 15:12;1;short;2026-08-11 15:07
2026-08-12T03:26:00.000+01:00,GCLOSE;32;USDCAD;B2:26;2026-08-11 13:34;2026-08-11 15:20;4;short;2026-08-11 13:20
2026-08-12T03:26:00.000+01:00,GCLOSE;33;GBPUSD;B2:26;2026-08-11 15:24;2026-08-11 15:25;1;long;2026-08-11 15:21
2026-08-12T03:26:00.000+01:00,GCLOSE;34;GBPCHF;A2:48;2026-08-11 15:49;2026-08-11 15:53;2;long;2026-08-11 15:38
2026-08-12T03:26:00.000+01:00,GCLOSE;35;AUDCHF;B2:26;2026-08-11 15:57;2026-08-11 15:58;1;short;2026-08-11 15:36
2026-08-12T03:26:00.000+01:00,GCLOSE;36;USDJPY;A2:48;2026-08-11 16:20;2026-08-11 16:35;2;long;2026-08-11 16:06
2026-08-12T03:26:00.000+01:00,GCLOSE;37;USDCAD;A2:48;2026-08-11 16:35;2026-08-11 16:36;1;short;2026-08-11 16:19
2026-08-12T03:26:00.000+01:00,GCLOSE;38;EURCHF;A2:48;2026-08-11 17:05;2026-08-11 17:09;2;short;2026-08-11 17:04
2026-08-12T03:26:00.000+01:00,GCLOSE;39;GBPAUD;B2:26;2026-08-11 17:12;2026-08-11 17:13;1;short;2026-08-11 17:11
2026-08-12T03:26:00.000+01:00,GCLOSE;40;GBPCHF;A2:48;2026-08-11 17:20;2026-08-11 17:21;1;short;2026-08-11 17:16
2026-08-12T03:26:00.000+01:00,GCLOSE;41;CADCHF;B2:26;2026-08-11 17:05;2026-08-11 17:29;4;long;2026-08-11 17:04
2026-08-12T03:26:00.000+01:00,GCLOSE;42;EURGBP;B2:26;2026-08-11 17:30;2026-08-11 17:31;1;long;2026-08-11 17:17
2026-08-12T03:26:00.000+01:00,GCLOSE;43;USDCAD;A2:48;2026-08-11 17:30;2026-08-11 17:41;2;short;2026-08-11 17:19
2026-08-12T03:26:00.000+01:00,GCLOSE;44;CADJPY;B1:25;2026-08-11 16:18;2026-08-11 17:54;7;long;2026-08-11 16:10
2026-08-12T03:26:00.000+01:00,GCLOSE;45;USDCHF;A2:48;2026-08-11 17:54;2026-08-11 17:55;1;long;2026-08-11 17:44
2026-08-12T03:26:00.000+01:00,GCLOSE;46;GBPJPY;A2:48;2026-08-11 18:14;2026-08-11 18:15;1;short;2026-08-11 18:13
2026-08-12T03:26:00.000+01:00,GCLOSE;47;USDCAD;D2:13;2026-08-11 18:17;2026-08-11 18:31;4;long;2026-08-11 18:12
2026-08-12T03:26:00.000+01:00,GCLOSE;48;EURUSD;A2:48;2026-08-11 18:45;2026-08-11 18:46;1;long;2026-08-11 18:32
2026-08-12T03:26:00.000+01:00,GCLOSE;49;AUDUSD;A2:48;2026-08-11 18:29;2026-08-11 19:01;3;short;2026-08-11 18:18
2026-08-12T03:26:00.000+01:00,GCLOSE;50;GBPUSD;A2:48;2026-08-11 19:08;2026-08-11 19:09;1;short;2026-08-11 18:50
2026-08-12T03:26:00.000+01:00,GCLOSE;51;USDCAD;A2:48;2026-08-11 19:01;2026-08-11 19:20;2;long;2026-08-11 19:00
2026-08-12T03:26:00.000+01:00,GCLOSE;52;GBPCAD;A1:49;2026-08-11 19:25;2026-08-11 19:26;1;short;2026-08-11 19:10
2026-08-12T03:26:00.000+01:00,GCLOSE;53;CADJPY;D2:13;2026-08-11 19:30;2026-08-11 19:31;1;long;2026-08-11 19:29
2026-08-12T03:26:00.000+01:00,GCLOSE;54;CADCHF;D2:13;2026-08-11 19:38;2026-08-11 19:39;1;short;2026-08-11 19:37
2026-08-12T03:26:00.000+01:00,GCLOSE;55;AUDCHF;A2:48;2026-08-11 19:42;2026-08-11 19:43;1;short;2026-08-11 19:37
2026-08-12T03:26:00.000+01:00,GCLOSE;56;EURJPY;A2:48;2026-08-11 19:44;2026-08-11 19:46;2;long;2026-08-11 18:40
