Date,Message
2026-08-02T22:03:00.000+01:00,DIAG-CLOSE;EURUSD;s=0;prev=-1;c=0;firstObs=true;slotOn=true;inWindow=true;time_close=08-02 22:04
2026-08-02T22:03:00.000+01:00,DIAG-CLOSE;EURUSD;s=1;prev=-1;c=0;firstObs=true;slotOn=true;inWindow=true;time_close=08-02 22:04
2026-08-02T22:03:00.000+01:00,DIAG-CLOSE;EURUSD;s=2;prev=-1;c=0;firstObs=true;slotOn=true;inWindow=true;time_close=08-02 22:04
2026-08-02T22:03:00.000+01:00,DIAG-CLOSE;EURUSD;s=3;prev=-1;c=0;firstObs=true;slotOn=true;inWindow=true;time_close=08-02 22:04
2026-08-02T22:03:00.000+01:00,DIAG-CLOSE;EURUSD;s=4;prev=-1;c=0;firstObs=true;slotOn=true;inWindow=true;time_close=08-02 22:04
2026-08-02T22:03:00.000+01:00,DIAG-CLOSE;EURUSD;s=5;prev=-1;c=0;firstObs=true;slotOn=true;inWindow=true;time_close=08-02 22:04
2026-08-02T22:03:00.000+01:00,DIAG-CLOSE;EURUSD;s=6;prev=-1;c=0;firstObs=true;slotOn=true;inWindow=true;time_close=08-02 22:04
2026-08-02T22:03:00.000+01:00,DIAG-CLOSE;EURUSD;s=7;prev=-1;c=0;firstObs=true;slotOn=true;inWindow=true;time_close=08-02 22:04
2026-08-02T22:03:00.000+01:00,DIAG-CLOSE;GBPUSD;s=0;prev=-1;c=0;firstObs=true;slotOn=true;inWindow=true;time_close=08-02 22:04
2026-08-02T22:03:00.000+01:00,DIAG-CLOSE;GBPUSD;s=1;prev=-1;c=0;firstObs=true;slotOn=true;inWindow=true;time_close=08-02 22:04
2026-08-02T22:03:00.000+01:00,DIAG-CLOSE;GBPUSD;s=2;prev=-1;c=0;firstObs=true;slotOn=true;inWindow=true;time_close=08-02 22:04
2026-08-02T22:03:00.000+01:00,DIAG-CLOSE;GBPUSD;s=3;prev=-1;c=0;firstObs=true;slotOn=true;inWindow=true;time_close=08-02 22:04
2026-08-02T22:03:00.000+01:00,DIAG-CLOSE;GBPUSD;s=4;prev=-1;c=0;firstObs=true;slotOn=true;inWindow=true;time_close=08-02 22:04
2026-08-02T22:03:00.000+01:00,DIAG-CLOSE;GBPUSD;s=5;prev=-1;c=0;firstObs=true;slotOn=true;inWindow=true;time_close=08-02 22:04
2026-08-02T22:03:00.000+01:00,DIAG-CLOSE;GBPUSD;s=6;prev=-1;c=0;firstObs=true;slotOn=true;inWindow=true;time_close=08-02 22:04
2026-08-02T22:03:00.000+01:00,DIAG-CLOSE;GBPUSD;s=7;prev=-1;c=0;firstObs=true;slotOn=true;inWindow=true;time_close=08-02 22:04
2026-08-02T22:03:00.000+01:00,DIAG-CLOSE;USDJPY;s=0;prev=-1;c=0;firstObs=true;slotOn=true;inWindow=true;time_close=08-02 22:04
2026-08-02T22:03:00.000+01:00,DIAG-CLOSE;USDJPY;s=1;prev=-1;c=0;firstObs=true;slotOn=true;inWindow=true;time_close=08-02 22:04
2026-08-02T22:03:00.000+01:00,DIAG-CLOSE;USDJPY;s=2;prev=-1;c=0;firstObs=true;slotOn=true;inWindow=true;time_close=08-02 22:04
2026-08-02T22:03:00.000+01:00,DIAG-CLOSE;USDJPY;s=3;prev=-1;c=0;firstObs=true;slotOn=true;inWindow=true;time_close=08-02 22:04
2026-08-02T22:03:00.000+01:00,DIAG-CLOSE;USDJPY;s=4;prev=-1;c=0;firstObs=true;slotOn=true;inWindow=true;time_close=08-02 22:04
2026-08-02T22:03:00.000+01:00,DIAG-CLOSE;USDJPY;s=5;prev=-1;c=0;firstObs=true;slotOn=true;inWindow=true;time_close=08-02 22:04
2026-08-02T22:03:00.000+01:00,DIAG-CLOSE;USDJPY;s=6;prev=-1;c=0;firstObs=true;slotOn=true;inWindow=true;time_close=08-02 22:04
2026-08-02T22:03:00.000+01:00,DIAG-CLOSE;USDJPY;s=7;prev=-1;c=0;firstObs=true;slotOn=true;inWindow=true;time_close=08-02 22:04
2026-08-02T22:03:00.000+01:00,DIAG-CLOSE;EURGBP;s=0;prev=-1;c=0;firstObs=true;slotOn=true;inWindow=true;time_close=08-02 22:04
2026-08-02T22:03:00.000+01:00,DIAG-CLOSE;EURGBP;s=1;prev=-1;c=0;firstObs=true;slotOn=true;inWindow=true;time_close=08-02 22:04
2026-08-02T22:03:00.000+01:00,DIAG-CLOSE;EURGBP;s=2;prev=-1;c=0;firstObs=true;slotOn=true;inWindow=true;time_close=08-02 22:04
2026-08-02T22:03:00.000+01:00,DIAG-CLOSE;EURGBP;s=3;prev=-1;c=0;firstObs=true;slotOn=true;inWindow=true;time_close=08-02 22:04
2026-08-02T22:03:00.000+01:00,DIAG-CLOSE;EURGBP;s=4;prev=-1;c=0;firstObs=true;slotOn=true;inWindow=true;time_close=08-02 22:04
2026-08-02T22:03:00.000+01:00,DIAG-CLOSE;EURGBP;s=5;prev=-1;c=0;firstObs=true;slotOn=true;inWindow=true;time_close=08-02 22:04
2026-08-02T22:03:00.000+01:00,DIAG-CLOSE;EURGBP;s=6;prev=-1;c=0;firstObs=true;slotOn=true;inWindow=true;time_close=08-02 22:04
2026-08-02T22:03:00.000+01:00,DIAG-CLOSE;EURGBP;s=7;prev=-1;c=0;firstObs=true;slotOn=true;inWindow=true;time_close=08-02 22:04
2026-08-02T22:03:00.000+01:00,DIAG-CLOSE;EURJPY;s=0;prev=-1;c=0;firstObs=true;slotOn=true;inWindow=true;time_close=08-02 22:04
2026-08-02T22:03:00.000+01:00,DIAG-CLOSE;EURJPY;s=1;prev=-1;c=0;firstObs=true;slotOn=true;inWindow=true;time_close=08-02 22:04
2026-08-02T22:03:00.000+01:00,DIAG-CLOSE;EURJPY;s=2;prev=-1;c=0;firstObs=true;slotOn=true;inWindow=true;time_close=08-02 22:04
2026-08-02T22:03:00.000+01:00,DIAG-CLOSE;EURJPY;s=3;prev=-1;c=0;firstObs=true;slotOn=true;inWindow=true;time_close=08-02 22:04
2026-08-02T22:03:00.000+01:00,DIAG-CLOSE;EURJPY;s=4;prev=-1;c=0;firstObs=true;slotOn=true;inWindow=true;time_close=08-02 22:04
2026-08-02T22:03:00.000+01:00,DIAG-CLOSE;EURJPY;s=5;prev=-1;c=0;firstObs=true;slotOn=true;inWindow=true;time_close=08-02 22:04
2026-08-02T22:03:00.000+01:00,DIAG-CLOSE;EURJPY;s=6;prev=-1;c=0;firstObs=true;slotOn=true;inWindow=true;time_close=08-02 22:04
2026-08-02T22:03:00.000+01:00,DIAG-CLOSE;EURJPY;s=7;prev=-1;c=0;firstObs=true;slotOn=true;inWindow=true;time_close=08-02 22:04
2026-08-02T22:03:00.000+01:00,DIAG-CLOSE;EURAUD;s=0;prev=-1;c=0;firstObs=true;slotOn=true;inWindow=true;time_close=08-02 22:04
2026-08-02T22:03:00.000+01:00,DIAG-CLOSE;EURAUD;s=1;prev=-1;c=0;firstObs=true;slotOn=true;inWindow=true;time_close=08-02 22:04
2026-08-02T22:03:00.000+01:00,DIAG-CLOSE;EURAUD;s=2;prev=-1;c=0;firstObs=true;slotOn=true;inWindow=true;time_close=08-02 22:04
2026-08-02T22:03:00.000+01:00,DIAG-CLOSE;EURAUD;s=3;prev=-1;c=0;firstObs=true;slotOn=true;inWindow=true;time_close=08-02 22:04
2026-08-02T22:03:00.000+01:00,DIAG-CLOSE;EURAUD;s=4;prev=-1;c=0;firstObs=true;slotOn=true;inWindow=true;time_close=08-02 22:04
2026-08-02T22:03:00.000+01:00,DIAG-CLOSE;EURAUD;s=5;prev=-1;c=0;firstObs=true;slotOn=true;inWindow=true;time_close=08-02 22:04
2026-08-02T22:03:00.000+01:00,DIAG-CLOSE;EURAUD;s=6;prev=-1;c=0;firstObs=true;slotOn=true;inWindow=true;time_close=08-02 22:04
2026-08-02T22:03:00.000+01:00,DIAG-CLOSE;EURAUD;s=7;prev=-1;c=0;firstObs=true;slotOn=true;inWindow=true;time_close=08-02 22:04
2026-08-02T22:03:00.000+01:00,DIAG-CLOSE;EURCAD;s=0;prev=-1;c=0;firstObs=true;slotOn=true;inWindow=true;time_close=08-02 22:04
2026-08-02T22:03:00.000+01:00,DIAG-CLOSE;EURCAD;s=1;prev=-1;c=0;firstObs=true;slotOn=true;inWindow=true;time_close=08-02 22:04
2026-08-02T22:03:00.000+01:00,DIAG-CLOSE;EURCAD;s=2;prev=-1;c=0;firstObs=true;slotOn=true;inWindow=true;time_close=08-02 22:04
2026-08-02T22:03:00.000+01:00,DIAG-CLOSE;EURCAD;s=3;prev=-1;c=0;firstObs=true;slotOn=true;inWindow=true;time_close=08-02 22:04
2026-08-02T22:03:00.000+01:00,DIAG-CLOSE;EURCAD;s=4;prev=-1;c=0;firstObs=true;slotOn=true;inWindow=true;time_close=08-02 22:04
2026-08-02T22:03:00.000+01:00,DIAG-CLOSE;EURCAD;s=5;prev=-1;c=0;firstObs=true;slotOn=true;inWindow=true;time_close=08-02 22:04
2026-08-02T22:03:00.000+01:00,DIAG-CLOSE;EURCAD;s=6;prev=-1;c=0;firstObs=true;slotOn=true;inWindow=true;time_close=08-02 22:04
2026-08-02T22:03:00.000+01:00,DIAG-CLOSE;EURCAD;s=7;prev=-1;c=0;firstObs=true;slotOn=true;inWindow=true;time_close=08-02 22:04
2026-08-02T22:03:00.000+01:00,DIAG-CLOSE;GBPAUD;s=0;prev=-1;c=0;firstObs=true;slotOn=true;inWindow=true;time_close=08-02 22:04
2026-08-02T22:03:00.000+01:00,DIAG-CLOSE;GBPAUD;s=1;prev=-1;c=0;firstObs=true;slotOn=true;inWindow=true;time_close=08-02 22:04
2026-08-02T22:03:00.000+01:00,DIAG-CLOSE;GBPAUD;s=2;prev=-1;c=0;firstObs=true;slotOn=true;inWindow=true;time_close=08-02 22:04
2026-08-02T22:03:00.000+01:00,DIAG-CLOSE;GBPAUD;s=3;prev=-1;c=0;firstObs=true;slotOn=true;inWindow=true;time_close=08-02 22:04
2026-08-02T22:03:00.000+01:00,DIAG-CLOSE;GBPAUD;s=4;prev=-1;c=0;firstObs=true;slotOn=true;inWindow=true;time_close=08-02 22:04
2026-08-02T22:03:00.000+01:00,DIAG-CLOSE;GBPAUD;s=5;prev=-1;c=0;firstObs=true;slotOn=true;inWindow=true;time_close=08-02 22:04
2026-08-02T22:03:00.000+01:00,DIAG-CLOSE;GBPAUD;s=6;prev=-1;c=0;firstObs=true;slotOn=true;inWindow=true;time_close=08-02 22:04
2026-08-02T22:03:00.000+01:00,DIAG-CLOSE;GBPAUD;s=7;prev=-1;c=0;firstObs=true;slotOn=true;inWindow=true;time_close=08-02 22:04
2026-08-02T22:03:00.000+01:00,DIAG-CLOSE;GBPJPY;s=0;prev=-1;c=0;firstObs=true;slotOn=true;inWindow=true;time_close=08-02 22:04
2026-08-02T22:03:00.000+01:00,DIAG-CLOSE;GBPJPY;s=1;prev=-1;c=0;firstObs=true;slotOn=true;inWindow=true;time_close=08-02 22:04
2026-08-02T22:03:00.000+01:00,DIAG-CLOSE;GBPJPY;s=2;prev=-1;c=0;firstObs=true;slotOn=true;inWindow=true;time_close=08-02 22:04
2026-08-02T22:03:00.000+01:00,DIAG-CLOSE;GBPJPY;s=3;prev=-1;c=0;firstObs=true;slotOn=true;inWindow=true;time_close=08-02 22:04
2026-08-02T22:03:00.000+01:00,DIAG-CLOSE;GBPJPY;s=4;prev=-1;c=0;firstObs=true;slotOn=true;inWindow=true;time_close=08-02 22:04
2026-08-02T22:03:00.000+01:00,DIAG-CLOSE;GBPJPY;s=5;prev=-1;c=0;firstObs=true;slotOn=true;inWindow=true;time_close=08-02 22:04
2026-08-02T22:03:00.000+01:00,DIAG-CLOSE;GBPJPY;s=6;prev=-1;c=0;firstObs=true;slotOn=true;inWindow=true;time_close=08-02 22:04
2026-08-02T22:03:00.000+01:00,DIAG-CLOSE;GBPJPY;s=7;prev=-1;c=0;firstObs=true;slotOn=true;inWindow=true;time_close=08-02 22:04
2026-08-02T22:03:00.000+01:00,DIAG-CLOSE;GBPCAD;s=0;prev=-1;c=0;firstObs=true;slotOn=true;inWindow=true;time_close=08-02 22:04
2026-08-02T22:03:00.000+01:00,DIAG-CLOSE;GBPCAD;s=1;prev=-1;c=0;firstObs=true;slotOn=true;inWindow=true;time_close=08-02 22:04
2026-08-02T22:03:00.000+01:00,DIAG-CLOSE;GBPCAD;s=2;prev=-1;c=0;firstObs=true;slotOn=true;inWindow=true;time_close=08-02 22:04
2026-08-02T22:03:00.000+01:00,DIAG-CLOSE;GBPCAD;s=3;prev=-1;c=0;firstObs=true;slotOn=true;inWindow=true;time_close=08-02 22:04
2026-08-02T22:03:00.000+01:00,DIAG-CLOSE;GBPCAD;s=4;prev=-1;c=0;firstObs=true;slotOn=true;inWindow=true;time_close=08-02 22:04
2026-08-02T22:03:00.000+01:00,DIAG-CLOSE;GBPCAD;s=5;prev=-1;c=0;firstObs=true;slotOn=true;inWindow=true;time_close=08-02 22:04
2026-08-02T22:03:00.000+01:00,DIAG-CLOSE;GBPCAD;s=6;prev=-1;c=0;firstObs=true;slotOn=true;inWindow=true;time_close=08-02 22:04
2026-08-02T22:03:00.000+01:00,DIAG-CLOSE;GBPCAD;s=7;prev=-1;c=0;firstObs=true;slotOn=true;inWindow=true;time_close=08-02 22:04
2026-08-02T22:03:00.000+01:00,DIAG-CLOSE;CADJPY;s=0;prev=-1;c=0;firstObs=true;slotOn=true;inWindow=true;time_close=08-02 22:04
2026-08-02T22:03:00.000+01:00,DIAG-CLOSE;CADJPY;s=1;prev=-1;c=0;firstObs=true;slotOn=true;inWindow=true;time_close=08-02 22:04
2026-08-02T22:03:00.000+01:00,DIAG-CLOSE;CADJPY;s=2;prev=-1;c=0;firstObs=true;slotOn=true;inWindow=true;time_close=08-02 22:04
2026-08-02T22:03:00.000+01:00,DIAG-CLOSE;CADJPY;s=3;prev=-1;c=0;firstObs=true;slotOn=true;inWindow=true;time_close=08-02 22:04
2026-08-02T22:03:00.000+01:00,DIAG-CLOSE;CADJPY;s=4;prev=-1;c=0;firstObs=true;slotOn=true;inWindow=true;time_close=08-02 22:04
2026-08-02T22:03:00.000+01:00,DIAG-CLOSE;CADJPY;s=5;prev=-1;c=0;firstObs=true;slotOn=true;inWindow=true;time_close=08-02 22:04
2026-08-02T22:03:00.000+01:00,DIAG-CLOSE;CADJPY;s=6;prev=-1;c=0;firstObs=true;slotOn=true;inWindow=true;time_close=08-02 22:04
2026-08-02T22:03:00.000+01:00,DIAG-CLOSE;CADJPY;s=7;prev=-1;c=0;firstObs=true;slotOn=true;inWindow=true;time_close=08-02 22:04
2026-08-02T22:12:00.000+01:00,DIAG-CLOSE;USDCAD;s=0;prev=-1;c=0;firstObs=true;slotOn=true;inWindow=true;time_close=08-02 22:13
2026-08-02T22:12:00.000+01:00,DIAG-CLOSE;USDCAD;s=1;prev=-1;c=0;firstObs=true;slotOn=true;inWindow=true;time_close=08-02 22:13
2026-08-02T22:12:00.000+01:00,DIAG-CLOSE;USDCAD;s=2;prev=-1;c=0;firstObs=true;slotOn=true;inWindow=true;time_close=08-02 22:13
2026-08-02T22:12:00.000+01:00,DIAG-CLOSE;USDCAD;s=3;prev=-1;c=0;firstObs=true;slotOn=true;inWindow=true;time_close=08-02 22:13
2026-08-02T22:12:00.000+01:00,DIAG-CLOSE;USDCAD;s=4;prev=-1;c=0;firstObs=true;slotOn=true;inWindow=true;time_close=08-02 22:13
2026-08-02T22:12:00.000+01:00,DIAG-CLOSE;USDCAD;s=5;prev=-1;c=0;firstObs=true;slotOn=true;inWindow=true;time_close=08-02 22:13
2026-08-02T22:12:00.000+01:00,DIAG-CLOSE;USDCAD;s=6;prev=-1;c=0;firstObs=true;slotOn=true;inWindow=true;time_close=08-02 22:13
2026-08-02T22:12:00.000+01:00,DIAG-CLOSE;USDCAD;s=7;prev=-1;c=0;firstObs=true;slotOn=true;inWindow=true;time_close=08-02 22:13
2026-08-02T22:12:00.000+01:00,DIAG-CLOSE;AUDUSD;s=0;prev=-1;c=0;firstObs=true;slotOn=true;inWindow=true;time_close=08-02 22:13
2026-08-02T22:12:00.000+01:00,DIAG-CLOSE;AUDUSD;s=1;prev=-1;c=0;firstObs=true;slotOn=true;inWindow=true;time_close=08-02 22:13
2026-08-02T22:12:00.000+01:00,DIAG-CLOSE;AUDUSD;s=2;prev=-1;c=0;firstObs=true;slotOn=true;inWindow=true;time_close=08-02 22:13
2026-08-02T22:12:00.000+01:00,DIAG-CLOSE;AUDUSD;s=3;prev=-1;c=0;firstObs=true;slotOn=true;inWindow=true;time_close=08-02 22:13
2026-08-02T22:12:00.000+01:00,DIAG-CLOSE;AUDUSD;s=4;prev=-1;c=0;firstObs=true;slotOn=true;inWindow=true;time_close=08-02 22:13
2026-08-02T22:12:00.000+01:00,DIAG-CLOSE;AUDUSD;s=5;prev=-1;c=0;firstObs=true;slotOn=true;inWindow=true;time_close=08-02 22:13
2026-08-02T22:12:00.000+01:00,DIAG-CLOSE;AUDUSD;s=6;prev=-1;c=0;firstObs=true;slotOn=true;inWindow=true;time_close=08-02 22:13
2026-08-02T22:12:00.000+01:00,DIAG-CLOSE;AUDUSD;s=7;prev=-1;c=0;firstObs=true;slotOn=true;inWindow=true;time_close=08-02 22:13
2026-08-02T22:12:00.000+01:00,DIAG-CLOSE;GBPCHF;s=0;prev=-1;c=0;firstObs=true;slotOn=true;inWindow=true;time_close=08-02 22:13
2026-08-02T22:12:00.000+01:00,DIAG-CLOSE;GBPCHF;s=1;prev=-1;c=0;firstObs=true;slotOn=true;inWindow=true;time_close=08-02 22:13
2026-08-02T22:12:00.000+01:00,DIAG-CLOSE;GBPCHF;s=2;prev=-1;c=0;firstObs=true;slotOn=true;inWindow=true;time_close=08-02 22:13
2026-08-02T22:12:00.000+01:00,DIAG-CLOSE;GBPCHF;s=3;prev=-1;c=0;firstObs=true;slotOn=true;inWindow=true;time_close=08-02 22:13
2026-08-02T22:12:00.000+01:00,DIAG-CLOSE;GBPCHF;s=4;prev=-1;c=0;firstObs=true;slotOn=true;inWindow=true;time_close=08-02 22:13
2026-08-02T22:12:00.000+01:00,DIAG-CLOSE;GBPCHF;s=5;prev=-1;c=0;firstObs=true;slotOn=true;inWindow=true;time_close=08-02 22:13
2026-08-02T22:12:00.000+01:00,DIAG-CLOSE;GBPCHF;s=6;prev=-1;c=0;firstObs=true;slotOn=true;inWindow=true;time_close=08-02 22:13
2026-08-02T22:12:00.000+01:00,DIAG-CLOSE;GBPCHF;s=7;prev=-1;c=0;firstObs=true;slotOn=true;inWindow=true;time_close=08-02 22:13
2026-08-02T22:12:00.000+01:00,DIAG-CLOSE;CADCHF;s=0;prev=-1;c=0;firstObs=true;slotOn=true;inWindow=true;time_close=08-02 22:13
2026-08-02T22:12:00.000+01:00,DIAG-CLOSE;CADCHF;s=1;prev=-1;c=0;firstObs=true;slotOn=true;inWindow=true;time_close=08-02 22:13
2026-08-02T22:12:00.000+01:00,DIAG-CLOSE;CADCHF;s=2;prev=-1;c=0;firstObs=true;slotOn=true;inWindow=true;time_close=08-02 22:13
2026-08-02T22:12:00.000+01:00,DIAG-CLOSE;CADCHF;s=3;prev=-1;c=0;firstObs=true;slotOn=true;inWindow=true;time_close=08-02 22:13
2026-08-02T22:12:00.000+01:00,DIAG-CLOSE;CADCHF;s=4;prev=-1;c=0;firstObs=true;slotOn=true;inWindow=true;time_close=08-02 22:13
2026-08-02T22:12:00.000+01:00,DIAG-CLOSE;CADCHF;s=5;prev=-1;c=0;firstObs=true;slotOn=true;inWindow=true;time_close=08-02 22:13
2026-08-02T22:12:00.000+01:00,DIAG-CLOSE;CADCHF;s=6;prev=-1;c=0;firstObs=true;slotOn=true;inWindow=true;time_close=08-02 22:13
2026-08-02T22:12:00.000+01:00,DIAG-CLOSE;CADCHF;s=7;prev=-1;c=0;firstObs=true;slotOn=true;inWindow=true;time_close=08-02 22:13
2026-08-02T22:12:00.000+01:00,DIAG-CLOSE;AUDJPY;s=0;prev=-1;c=0;firstObs=true;slotOn=true;inWindow=true;time_close=08-02 22:13
2026-08-02T22:12:00.000+01:00,DIAG-CLOSE;AUDJPY;s=1;prev=-1;c=0;firstObs=true;slotOn=true;inWindow=true;time_close=08-02 22:13
2026-08-02T22:12:00.000+01:00,DIAG-CLOSE;AUDJPY;s=2;prev=-1;c=0;firstObs=true;slotOn=true;inWindow=true;time_close=08-02 22:13
2026-08-02T22:12:00.000+01:00,DIAG-CLOSE;AUDJPY;s=3;prev=-1;c=0;firstObs=true;slotOn=true;inWindow=true;time_close=08-02 22:13
2026-08-02T22:12:00.000+01:00,DIAG-CLOSE;AUDJPY;s=4;prev=-1;c=0;firstObs=true;slotOn=true;inWindow=true;time_close=08-02 22:13
2026-08-02T22:12:00.000+01:00,DIAG-CLOSE;AUDJPY;s=5;prev=-1;c=0;firstObs=true;slotOn=true;inWindow=true;time_close=08-02 22:13
2026-08-02T22:12:00.000+01:00,DIAG-CLOSE;AUDJPY;s=6;prev=-1;c=0;firstObs=true;slotOn=true;inWindow=true;time_close=08-02 22:13
2026-08-02T22:12:00.000+01:00,DIAG-CLOSE;AUDJPY;s=7;prev=-1;c=0;firstObs=true;slotOn=true;inWindow=true;time_close=08-02 22:13
2026-08-02T22:12:00.000+01:00,DIAG-CLOSE;AUDCAD;s=0;prev=-1;c=0;firstObs=true;slotOn=true;inWindow=true;time_close=08-02 22:13
2026-08-02T22:12:00.000+01:00,DIAG-CLOSE;AUDCAD;s=1;prev=-1;c=0;firstObs=true;slotOn=true;inWindow=true;time_close=08-02 22:13
2026-08-02T22:12:00.000+01:00,DIAG-CLOSE;AUDCAD;s=2;prev=-1;c=0;firstObs=true;slotOn=true;inWindow=true;time_close=08-02 22:13
2026-08-02T22:12:00.000+01:00,DIAG-CLOSE;AUDCAD;s=3;prev=-1;c=0;firstObs=true;slotOn=true;inWindow=true;time_close=08-02 22:13
2026-08-02T22:12:00.000+01:00,DIAG-CLOSE;AUDCAD;s=4;prev=-1;c=0;firstObs=true;slotOn=true;inWindow=true;time_close=08-02 22:13
2026-08-02T22:12:00.000+01:00,DIAG-CLOSE;AUDCAD;s=5;prev=-1;c=0;firstObs=true;slotOn=true;inWindow=true;time_close=08-02 22:13
2026-08-02T22:12:00.000+01:00,DIAG-CLOSE;AUDCAD;s=6;prev=-1;c=0;firstObs=true;slotOn=true;inWindow=true;time_close=08-02 22:13
2026-08-02T22:12:00.000+01:00,DIAG-CLOSE;AUDCAD;s=7;prev=-1;c=0;firstObs=true;slotOn=true;inWindow=true;time_close=08-02 22:13
2026-08-02T23:00:00.000+01:00,DIAG-CLOSE;USDCHF;s=0;prev=-1;c=0;firstObs=true;slotOn=true;inWindow=true;time_close=08-02 23:01
2026-08-02T23:00:00.000+01:00,DIAG-CLOSE;USDCHF;s=1;prev=-1;c=0;firstObs=true;slotOn=true;inWindow=true;time_close=08-02 23:01
2026-08-02T23:00:00.000+01:00,DIAG-CLOSE;USDCHF;s=2;prev=-1;c=0;firstObs=true;slotOn=true;inWindow=true;time_close=08-02 23:01
2026-08-02T23:00:00.000+01:00,DIAG-CLOSE;USDCHF;s=3;prev=-1;c=0;firstObs=true;slotOn=true;inWindow=true;time_close=08-02 23:01
2026-08-02T23:00:00.000+01:00,DIAG-CLOSE;USDCHF;s=4;prev=-1;c=0;firstObs=true;slotOn=true;inWindow=true;time_close=08-02 23:01
2026-08-02T23:00:00.000+01:00,DIAG-CLOSE;USDCHF;s=5;prev=-1;c=0;firstObs=true;slotOn=true;inWindow=true;time_close=08-02 23:01
2026-08-02T23:00:00.000+01:00,DIAG-CLOSE;USDCHF;s=6;prev=-1;c=0;firstObs=true;slotOn=true;inWindow=true;time_close=08-02 23:01
2026-08-02T23:00:00.000+01:00,DIAG-CLOSE;USDCHF;s=7;prev=-1;c=0;firstObs=true;slotOn=true;inWindow=true;time_close=08-02 23:01
2026-08-02T23:00:00.000+01:00,DIAG-CLOSE;EURCHF;s=0;prev=-1;c=0;firstObs=true;slotOn=true;inWindow=true;time_close=08-02 23:01
2026-08-02T23:00:00.000+01:00,DIAG-CLOSE;EURCHF;s=1;prev=-1;c=0;firstObs=true;slotOn=true;inWindow=true;time_close=08-02 23:01
2026-08-02T23:00:00.000+01:00,DIAG-CLOSE;EURCHF;s=2;prev=-1;c=0;firstObs=true;slotOn=true;inWindow=true;time_close=08-02 23:01
2026-08-02T23:00:00.000+01:00,DIAG-CLOSE;EURCHF;s=3;prev=-1;c=0;firstObs=true;slotOn=true;inWindow=true;time_close=08-02 23:01
2026-08-02T23:00:00.000+01:00,DIAG-CLOSE;EURCHF;s=4;prev=-1;c=0;firstObs=true;slotOn=true;inWindow=true;time_close=08-02 23:01
2026-08-02T23:00:00.000+01:00,DIAG-CLOSE;EURCHF;s=5;prev=-1;c=0;firstObs=true;slotOn=true;inWindow=true;time_close=08-02 23:01
2026-08-02T23:00:00.000+01:00,DIAG-CLOSE;EURCHF;s=6;prev=-1;c=0;firstObs=true;slotOn=true;inWindow=true;time_close=08-02 23:01
2026-08-02T23:00:00.000+01:00,DIAG-CLOSE;EURCHF;s=7;prev=-1;c=0;firstObs=true;slotOn=true;inWindow=true;time_close=08-02 23:01
2026-08-02T23:00:00.000+01:00,DIAG-CLOSE;CHFJPY;s=0;prev=-1;c=0;firstObs=true;slotOn=true;inWindow=true;time_close=08-02 23:01
2026-08-02T23:00:00.000+01:00,DIAG-CLOSE;CHFJPY;s=1;prev=-1;c=0;firstObs=true;slotOn=true;inWindow=true;time_close=08-02 23:01
2026-08-02T23:00:00.000+01:00,DIAG-CLOSE;CHFJPY;s=2;prev=-1;c=0;firstObs=true;slotOn=true;inWindow=true;time_close=08-02 23:01
2026-08-02T23:00:00.000+01:00,DIAG-CLOSE;CHFJPY;s=3;prev=-1;c=0;firstObs=true;slotOn=true;inWindow=true;time_close=08-02 23:01
2026-08-02T23:00:00.000+01:00,DIAG-CLOSE;CHFJPY;s=4;prev=-1;c=0;firstObs=true;slotOn=true;inWindow=true;time_close=08-02 23:01
2026-08-02T23:00:00.000+01:00,DIAG-CLOSE;CHFJPY;s=5;prev=-1;c=0;firstObs=true;slotOn=true;inWindow=true;time_close=08-02 23:01
2026-08-02T23:00:00.000+01:00,DIAG-CLOSE;CHFJPY;s=6;prev=-1;c=0;firstObs=true;slotOn=true;inWindow=true;time_close=08-02 23:01
2026-08-02T23:00:00.000+01:00,DIAG-CLOSE;CHFJPY;s=7;prev=-1;c=0;firstObs=true;slotOn=true;inWindow=true;time_close=08-02 23:01
2026-08-02T23:00:00.000+01:00,DIAG-CLOSE;AUDCHF;s=0;prev=-1;c=0;firstObs=true;slotOn=true;inWindow=true;time_close=08-02 23:01
2026-08-02T23:00:00.000+01:00,DIAG-CLOSE;AUDCHF;s=1;prev=-1;c=0;firstObs=true;slotOn=true;inWindow=true;time_close=08-02 23:01
2026-08-02T23:00:00.000+01:00,DIAG-CLOSE;AUDCHF;s=2;prev=-1;c=0;firstObs=true;slotOn=true;inWindow=true;time_close=08-02 23:01
2026-08-02T23:00:00.000+01:00,DIAG-CLOSE;AUDCHF;s=3;prev=-1;c=0;firstObs=true;slotOn=true;inWindow=true;time_close=08-02 23:01
2026-08-02T23:00:00.000+01:00,DIAG-CLOSE;AUDCHF;s=4;prev=-1;c=0;firstObs=true;slotOn=true;inWindow=true;time_close=08-02 23:01
2026-08-02T23:00:00.000+01:00,DIAG-CLOSE;AUDCHF;s=5;prev=-1;c=0;firstObs=true;slotOn=true;inWindow=true;time_close=08-02 23:01
2026-08-02T23:00:00.000+01:00,DIAG-CLOSE;AUDCHF;s=6;prev=-1;c=0;firstObs=true;slotOn=true;inWindow=true;time_close=08-02 23:01
2026-08-02T23:00:00.000+01:00,DIAG-CLOSE;AUDCHF;s=7;prev=-1;c=0;firstObs=true;slotOn=true;inWindow=true;time_close=08-02 23:01
2026-08-03T03:11:00.000+01:00,DIAG-CLOSE;GBPAUD;s=0;prev=0;c=1;firstObs=false;slotOn=true;inWindow=true;time_close=08-03 03:12
2026-08-03T03:11:00.000+01:00,DIAG-DEDUP;GBPAUD;s=0;wOpened=08-03 02:43;nd=0;bestStored=none;bestStoredSlot=-1;newWins=true
2026-08-03T03:11:00.000+01:00,DIAG-CLOSE;GBPAUD;s=1;prev=0;c=1;firstObs=false;slotOn=true;inWindow=true;time_close=08-03 03:12
2026-08-03T03:11:00.000+01:00,DIAG-DEDUP;GBPAUD;s=1;wOpened=08-03 02:43;nd=1;bestStored=08-03 02:43;bestStoredSlot=0;newWins=true
2026-08-03T03:11:00.000+01:00,DIAG-CLOSE;GBPAUD;s=2;prev=0;c=1;firstObs=false;slotOn=true;inWindow=true;time_close=08-03 03:12
2026-08-03T03:11:00.000+01:00,DIAG-DEDUP;GBPAUD;s=2;wOpened=08-03 02:43;nd=1;bestStored=08-03 02:43;bestStoredSlot=1;newWins=true
2026-08-03T03:11:00.000+01:00,DIAG-CLOSE;GBPAUD;s=3;prev=0;c=1;firstObs=false;slotOn=true;inWindow=true;time_close=08-03 03:12
2026-08-03T03:11:00.000+01:00,DIAG-DEDUP;GBPAUD;s=3;wOpened=08-03 03:03;nd=1;bestStored=08-03 02:43;bestStoredSlot=2;newWins=false
2026-08-03T03:11:00.000+01:00,DIAG-CLOSE;GBPAUD;s=4;prev=0;c=1;firstObs=false;slotOn=true;inWindow=true;time_close=08-03 03:12
2026-08-03T03:11:00.000+01:00,DIAG-DEDUP;GBPAUD;s=4;wOpened=08-03 03:03;nd=1;bestStored=08-03 02:43;bestStoredSlot=2;newWins=false
2026-08-03T03:11:00.000+01:00,DIAG-CLOSE;GBPAUD;s=5;prev=0;c=1;firstObs=false;slotOn=true;inWindow=true;time_close=08-03 03:12
2026-08-03T03:11:00.000+01:00,DIAG-DEDUP;GBPAUD;s=5;wOpened=08-03 02:43;nd=1;bestStored=08-03 02:43;bestStoredSlot=2;newWins=true
2026-08-03T03:11:00.000+01:00,DIAG-CLOSE;GBPAUD;s=6;prev=0;c=1;firstObs=false;slotOn=true;inWindow=true;time_close=08-03 03:12
2026-08-03T03:11:00.000+01:00,DIAG-DEDUP;GBPAUD;s=6;wOpened=08-03 02:57;nd=1;bestStored=08-03 02:43;bestStoredSlot=5;newWins=false
2026-08-03T03:11:00.000+01:00,DIAG-CLOSE;AUDCAD;s=5;prev=0;c=1;firstObs=false;slotOn=true;inWindow=true;time_close=08-03 03:12
2026-08-03T03:11:00.000+01:00,DIAG-DEDUP;AUDCAD;s=5;wOpened=08-03 02:44;nd=0;bestStored=none;bestStoredSlot=-1;newWins=true
2026-08-03T03:17:00.000+01:00,DIAG-CLOSE;EURAUD;s=5;prev=0;c=1;firstObs=false;slotOn=true;inWindow=true;time_close=08-03 03:18
2026-08-03T03:17:00.000+01:00,DIAG-DEDUP;EURAUD;s=5;wOpened=08-03 02:57;nd=0;bestStored=none;bestStoredSlot=-1;newWins=true
2026-08-03T03:27:00.000+01:00,DIAG-CLOSE;AUDCHF;s=0;prev=0;c=1;firstObs=false;slotOn=true;inWindow=true;time_close=08-03 03:28
2026-08-03T03:27:00.000+01:00,DIAG-DEDUP;AUDCHF;s=0;wOpened=08-03 03:16;nd=0;bestStored=none;bestStoredSlot=-1;newWins=true
2026-08-03T03:27:00.000+01:00,DIAG-CLOSE;AUDCHF;s=1;prev=0;c=1;firstObs=false;slotOn=true;inWindow=true;time_close=08-03 03:28
2026-08-03T03:27:00.000+01:00,DIAG-DEDUP;AUDCHF;s=1;wOpened=08-03 03:16;nd=1;bestStored=08-03 03:16;bestStoredSlot=0;newWins=true
2026-08-03T03:54:00.000+01:00,DIAG-CLOSE;EURGBP;s=0;prev=0;c=1;firstObs=false;slotOn=true;inWindow=true;time_close=08-03 03:55
2026-08-03T03:54:00.000+01:00,DIAG-DEDUP;EURGBP;s=0;wOpened=08-03 03:33;nd=0;bestStored=none;bestStoredSlot=-1;newWins=true
2026-08-03T03:54:00.000+01:00,DIAG-CLOSE;EURGBP;s=1;prev=0;c=1;firstObs=false;slotOn=true;inWindow=true;time_close=08-03 03:55
2026-08-03T03:54:00.000+01:00,DIAG-DEDUP;EURGBP;s=1;wOpened=08-03 03:33;nd=1;bestStored=08-03 03:33;bestStoredSlot=0;newWins=true
2026-08-03T03:54:00.000+01:00,DIAG-CLOSE;GBPCAD;s=0;prev=0;c=1;firstObs=false;slotOn=true;inWindow=true;time_close=08-03 03:55
2026-08-03T03:54:00.000+01:00,DIAG-DEDUP;GBPCAD;s=0;wOpened=08-03 03:44;nd=0;bestStored=none;bestStoredSlot=-1;newWins=true
2026-08-03T03:54:00.000+01:00,DIAG-CLOSE;GBPCAD;s=1;prev=0;c=1;firstObs=false;slotOn=true;inWindow=true;time_close=08-03 03:55
2026-08-03T03:54:00.000+01:00,DIAG-DEDUP;GBPCAD;s=1;wOpened=08-03 03:15;nd=1;bestStored=08-03 03:44;bestStoredSlot=0;newWins=true
2026-08-03T03:54:00.000+01:00,DIAG-CLOSE;GBPCAD;s=2;prev=0;c=1;firstObs=false;slotOn=true;inWindow=true;time_close=08-03 03:55
2026-08-03T03:54:00.000+01:00,DIAG-DEDUP;GBPCAD;s=2;wOpened=08-03 03:44;nd=1;bestStored=08-03 03:15;bestStoredSlot=1;newWins=false
2026-08-03T04:47:00.000+01:00,DIAG-CLOSE;EURAUD;s=0;prev=0;c=1;firstObs=false;slotOn=true;inWindow=true;time_close=08-03 04:48
2026-08-03T04:47:00.000+01:00,DIAG-DEDUP;EURAUD;s=0;wOpened=08-03 03:54;nd=0;bestStored=none;bestStoredSlot=-1;newWins=true
2026-08-03T04:55:00.000+01:00,DIAG-CLOSE;EURCAD;s=0;prev=0;c=1;firstObs=false;slotOn=true;inWindow=true;time_close=08-03 04:56
2026-08-03T04:55:00.000+01:00,DIAG-DEDUP;EURCAD;s=0;wOpened=08-03 04:53;nd=0;bestStored=none;bestStoredSlot=-1;newWins=true
2026-08-03T04:55:00.000+01:00,DIAG-CLOSE;EURCAD;s=1;prev=0;c=1;firstObs=false;slotOn=true;inWindow=true;time_close=08-03 04:56
2026-08-03T04:55:00.000+01:00,DIAG-DEDUP;EURCAD;s=1;wOpened=08-03 04:53;nd=1;bestStored=08-03 04:53;bestStoredSlot=0;newWins=true
2026-08-03T05:01:00.000+01:00,DIAG-CLOSE;EURCAD;s=5;prev=0;c=1;firstObs=false;slotOn=true;inWindow=true;time_close=08-03 05:02
2026-08-03T05:01:00.000+01:00,DIAG-DEDUP;EURCAD;s=5;wOpened=08-03 05:00;nd=0;bestStored=none;bestStoredSlot=-1;newWins=true
2026-08-03T05:01:00.000+01:00,DIAG-CLOSE;EURCAD;s=6;prev=0;c=1;firstObs=false;slotOn=true;inWindow=true;time_close=08-03 05:02
2026-08-03T05:01:00.000+01:00,DIAG-DEDUP;EURCAD;s=6;wOpened=08-03 05:00;nd=1;bestStored=08-03 05:00;bestStoredSlot=5;newWins=true
2026-08-03T05:07:00.000+01:00,DIAG-CLOSE;USDJPY;s=0;prev=0;c=1;firstObs=false;slotOn=true;inWindow=true;time_close=08-03 05:08
2026-08-03T05:07:00.000+01:00,DIAG-DEDUP;USDJPY;s=0;wOpened=08-03 04:34;nd=0;bestStored=none;bestStoredSlot=-1;newWins=true
2026-08-03T05:07:00.000+01:00,DIAG-CLOSE;USDJPY;s=1;prev=0;c=1;firstObs=false;slotOn=true;inWindow=true;time_close=08-03 05:08
2026-08-03T05:07:00.000+01:00,DIAG-DEDUP;USDJPY;s=1;wOpened=08-03 04:34;nd=1;bestStored=08-03 04:34;bestStoredSlot=0;newWins=true
2026-08-03T05:07:00.000+01:00,DIAG-CLOSE;USDJPY;s=2;prev=0;c=1;firstObs=false;slotOn=true;inWindow=true;time_close=08-03 05:08
2026-08-03T05:07:00.000+01:00,DIAG-DEDUP;USDJPY;s=2;wOpened=08-03 05:06;nd=1;bestStored=08-03 04:34;bestStoredSlot=1;newWins=false
2026-08-03T05:07:00.000+01:00,DIAG-CLOSE;USDJPY;s=3;prev=0;c=1;firstObs=false;slotOn=true;inWindow=true;time_close=08-03 05:08
2026-08-03T05:07:00.000+01:00,DIAG-DEDUP;USDJPY;s=3;wOpened=08-03 05:06;nd=1;bestStored=08-03 04:34;bestStoredSlot=1;newWins=false
2026-08-03T05:07:00.000+01:00,DIAG-CLOSE;GBPJPY;s=0;prev=0;c=1;firstObs=false;slotOn=true;inWindow=true;time_close=08-03 05:08
2026-08-03T05:07:00.000+01:00,DIAG-DEDUP;GBPJPY;s=0;wOpened=08-03 04:22;nd=0;bestStored=none;bestStoredSlot=-1;newWins=true
2026-08-03T05:07:00.000+01:00,DIAG-CLOSE;GBPJPY;s=1;prev=0;c=1;firstObs=false;slotOn=true;inWindow=true;time_close=08-03 05:08
2026-08-03T05:07:00.000+01:00,DIAG-DEDUP;GBPJPY;s=1;wOpened=08-03 04:22;nd=1;bestStored=08-03 04:22;bestStoredSlot=0;newWins=true
2026-08-03T05:07:00.000+01:00,DIAG-CLOSE;GBPJPY;s=2;prev=0;c=1;firstObs=false;slotOn=true;inWindow=true;time_close=08-03 05:08
2026-08-03T05:07:00.000+01:00,DIAG-DEDUP;GBPJPY;s=2;wOpened=08-03 04:25;nd=1;bestStored=08-03 04:22;bestStoredSlot=1;newWins=false
2026-08-03T05:07:00.000+01:00,DIAG-CLOSE;GBPJPY;s=3;prev=0;c=1;firstObs=false;slotOn=true;inWindow=true;time_close=08-03 05:08
2026-08-03T05:07:00.000+01:00,DIAG-DEDUP;GBPJPY;s=3;wOpened=08-03 04:25;nd=1;bestStored=08-03 04:22;bestStoredSlot=1;newWins=false
2026-08-03T05:07:00.000+01:00,DIAG-CLOSE;GBPJPY;s=4;prev=0;c=1;firstObs=false;slotOn=true;inWindow=true;time_close=08-03 05:08
2026-08-03T05:07:00.000+01:00,DIAG-DEDUP;GBPJPY;s=4;wOpened=08-03 04:33;nd=1;bestStored=08-03 04:22;bestStoredSlot=1;newWins=false
2026-08-03T05:07:00.000+01:00,DIAG-CLOSE;GBPJPY;s=5;prev=0;c=1;firstObs=false;slotOn=true;inWindow=true;time_close=08-03 05:08
2026-08-03T05:07:00.000+01:00,DIAG-DEDUP;GBPJPY;s=5;wOpened=08-03 04:33;nd=1;bestStored=08-03 04:22;bestStoredSlot=1;newWins=false
2026-08-03T05:07:00.000+01:00,DIAG-CLOSE;GBPJPY;s=6;prev=0;c=1;firstObs=false;slotOn=true;inWindow=true;time_close=08-03 05:08
2026-08-03T05:07:00.000+01:00,DIAG-DEDUP;GBPJPY;s=6;wOpened=08-03 04:33;nd=1;bestStored=08-03 04:22;bestStoredSlot=1;newWins=false
2026-08-03T05:54:00.000+01:00,DIAG-CLOSE;GBPJPY;s=0;prev=1;c=2;firstObs=false;slotOn=true;inWindow=true;time_close=08-03 05:55
2026-08-03T05:54:00.000+01:00,DIAG-DEDUP;GBPJPY;s=0;wOpened=08-03 05:32;nd=0;bestStored=none;bestStoredSlot=-1;newWins=true
2026-08-03T05:54:00.000+01:00,DIAG-CLOSE;GBPJPY;s=1;prev=1;c=2;firstObs=false;slotOn=true;inWindow=true;time_close=08-03 05:55
2026-08-03T05:54:00.000+01:00,DIAG-DEDUP;GBPJPY;s=1;wOpened=08-03 05:32;nd=1;bestStored=08-03 05:32;bestStoredSlot=0;newWins=true
2026-08-03T05:54:00.000+01:00,DIAG-CLOSE;GBPJPY;s=2;prev=1;c=2;firstObs=false;slotOn=true;inWindow=true;time_close=08-03 05:55
2026-08-03T05:54:00.000+01:00,DIAG-DEDUP;GBPJPY;s=2;wOpened=08-03 05:41;nd=1;bestStored=08-03 05:32;bestStoredSlot=1;newWins=false
2026-08-03T05:54:00.000+01:00,DIAG-CLOSE;GBPJPY;s=3;prev=1;c=2;firstObs=false;slotOn=true;inWindow=true;time_close=08-03 05:55
2026-08-03T05:54:00.000+01:00,DIAG-DEDUP;GBPJPY;s=3;wOpened=08-03 05:41;nd=1;bestStored=08-03 05:32;bestStoredSlot=1;newWins=false
2026-08-03T05:54:00.000+01:00,DIAG-CLOSE;GBPJPY;s=4;prev=1;c=2;firstObs=false;slotOn=true;inWindow=true;time_close=08-03 05:55
2026-08-03T05:54:00.000+01:00,DIAG-DEDUP;GBPJPY;s=4;wOpened=08-03 05:47;nd=1;bestStored=08-03 05:32;bestStoredSlot=1;newWins=false
2026-08-03T05:54:00.000+01:00,DIAG-CLOSE;GBPJPY;s=5;prev=1;c=2;firstObs=false;slotOn=true;inWindow=true;time_close=08-03 05:55
2026-08-03T05:54:00.000+01:00,DIAG-DEDUP;GBPJPY;s=5;wOpened=08-03 05:47;nd=1;bestStored=08-03 05:32;bestStoredSlot=1;newWins=false
2026-08-03T05:54:00.000+01:00,DIAG-CLOSE;CHFJPY;s=0;prev=0;c=1;firstObs=false;slotOn=true;inWindow=true;time_close=08-03 05:55
2026-08-03T05:54:00.000+01:00,DIAG-DEDUP;CHFJPY;s=0;wOpened=08-03 05:53;nd=0;bestStored=none;bestStoredSlot=-1;newWins=true
2026-08-03T05:54:00.000+01:00,DIAG-CLOSE;CHFJPY;s=1;prev=0;c=1;firstObs=false;slotOn=true;inWindow=true;time_close=08-03 05:55
2026-08-03T05:54:00.000+01:00,DIAG-DEDUP;CHFJPY;s=1;wOpened=08-03 05:53;nd=1;bestStored=08-03 05:53;bestStoredSlot=0;newWins=true
2026-08-03T05:58:00.000+01:00,DIAG-CLOSE;AUDUSD;s=0;prev=0;c=1;firstObs=false;slotOn=true;inWindow=true;time_close=08-03 05:59
2026-08-03T05:58:00.000+01:00,DIAG-DEDUP;AUDUSD;s=0;wOpened=08-03 05:50;nd=0;bestStored=none;bestStoredSlot=-1;newWins=true
2026-08-03T05:58:00.000+01:00,DIAG-CLOSE;AUDUSD;s=1;prev=0;c=1;firstObs=false;slotOn=true;inWindow=true;time_close=08-03 05:59
2026-08-03T05:58:00.000+01:00,DIAG-DEDUP;AUDUSD;s=1;wOpened=08-03 05:50;nd=1;bestStored=08-03 05:50;bestStoredSlot=0;newWins=true
2026-08-03T05:58:00.000+01:00,DIAG-CLOSE;AUDUSD;s=2;prev=0;c=1;firstObs=false;slotOn=true;inWindow=true;time_close=08-03 05:59
2026-08-03T05:58:00.000+01:00,DIAG-DEDUP;AUDUSD;s=2;wOpened=08-03 05:57;nd=1;bestStored=08-03 05:50;bestStoredSlot=1;newWins=false
2026-08-03T05:58:00.000+01:00,DIAG-CLOSE;AUDUSD;s=3;prev=0;c=1;firstObs=false;slotOn=true;inWindow=true;time_close=08-03 05:59
2026-08-03T05:58:00.000+01:00,DIAG-DEDUP;AUDUSD;s=3;wOpened=08-03 05:57;nd=1;bestStored=08-03 05:50;bestStoredSlot=1;newWins=false
2026-08-03T05:58:00.000+01:00,DIAG-CLOSE;AUDUSD;s=5;prev=0;c=1;firstObs=false;slotOn=true;inWindow=true;time_close=08-03 05:59
2026-08-03T05:58:00.000+01:00,DIAG-DEDUP;AUDUSD;s=5;wOpened=08-03 05:57;nd=1;bestStored=08-03 05:50;bestStoredSlot=1;newWins=false
2026-08-03T06:07:00.000+01:00,DIAG-CLOSE;EURJPY;s=0;prev=0;c=1;firstObs=false;slotOn=true;inWindow=true;time_close=08-03 06:08
2026-08-03T06:07:00.000+01:00,DIAG-DEDUP;EURJPY;s=0;wOpened=08-03 05:41;nd=0;bestStored=none;bestStoredSlot=-1;newWins=true
2026-08-03T06:07:00.000+01:00,DIAG-CLOSE;EURJPY;s=1;prev=0;c=1;firstObs=false;slotOn=true;inWindow=true;time_close=08-03 06:08
2026-08-03T06:07:00.000+01:00,DIAG-DEDUP;EURJPY;s=1;wOpened=08-03 05:41;nd=1;bestStored=08-03 05:41;bestStoredSlot=0;newWins=true
2026-08-03T06:07:00.000+01:00,DIAG-CLOSE;EURJPY;s=2;prev=0;c=1;firstObs=false;slotOn=true;inWindow=true;time_close=08-03 06:08
2026-08-03T06:07:00.000+01:00,DIAG-DEDUP;EURJPY;s=2;wOpened=08-03 05:47;nd=1;bestStored=08-03 05:41;bestStoredSlot=1;newWins=false
2026-08-03T06:07:00.000+01:00,DIAG-CLOSE;EURJPY;s=3;prev=0;c=1;firstObs=false;slotOn=true;inWindow=true;time_close=08-03 06:08
2026-08-03T06:07:00.000+01:00,DIAG-DEDUP;EURJPY;s=3;wOpened=08-03 05:47;nd=1;bestStored=08-03 05:41;bestStoredSlot=1;newWins=false
2026-08-03T06:07:00.000+01:00,DIAG-CLOSE;EURJPY;s=4;prev=0;c=1;firstObs=false;slotOn=true;inWindow=true;time_close=08-03 06:08
2026-08-03T06:07:00.000+01:00,DIAG-DEDUP;EURJPY;s=4;wOpened=08-03 05:56;nd=1;bestStored=08-03 05:41;bestStoredSlot=1;newWins=false
2026-08-03T06:07:00.000+01:00,DIAG-CLOSE;EURJPY;s=5;prev=0;c=1;firstObs=false;slotOn=true;inWindow=true;time_close=08-03 06:08
2026-08-03T06:07:00.000+01:00,DIAG-DEDUP;EURJPY;s=5;wOpened=08-03 05:56;nd=1;bestStored=08-03 05:41;bestStoredSlot=1;newWins=false
2026-08-03T06:07:00.000+01:00,DIAG-CLOSE;EURJPY;s=6;prev=0;c=1;firstObs=false;slotOn=true;inWindow=true;time_close=08-03 06:08
2026-08-03T06:07:00.000+01:00,DIAG-DEDUP;EURJPY;s=6;wOpened=08-03 05:56;nd=1;bestStored=08-03 05:41;bestStoredSlot=1;newWins=false
2026-08-03T06:32:00.000+01:00,DIAG-CLOSE;USDCHF;s=0;prev=0;c=1;firstObs=false;slotOn=true;inWindow=true;time_close=08-03 06:33
2026-08-03T06:32:00.000+01:00,DIAG-DEDUP;USDCHF;s=0;wOpened=08-03 06:04;nd=0;bestStored=none;bestStoredSlot=-1;newWins=true
2026-08-03T06:32:00.000+01:00,DIAG-CLOSE;USDCHF;s=1;prev=0;c=1;firstObs=false;slotOn=true;inWindow=true;time_close=08-03 06:33
2026-08-03T06:32:00.000+01:00,DIAG-DEDUP;USDCHF;s=1;wOpened=08-03 06:04;nd=1;bestStored=08-03 06:04;bestStoredSlot=0;newWins=true
2026-08-03T06:32:00.000+01:00,DIAG-CLOSE;USDCHF;s=2;prev=0;c=1;firstObs=false;slotOn=true;inWindow=true;time_close=08-03 06:33
2026-08-03T06:32:00.000+01:00,DIAG-DEDUP;USDCHF;s=2;wOpened=08-03 06:12;nd=1;bestStored=08-03 06:04;bestStoredSlot=1;newWins=false
2026-08-03T06:32:00.000+01:00,DIAG-CLOSE;USDCHF;s=3;prev=0;c=1;firstObs=false;slotOn=true;inWindow=true;time_close=08-03 06:33
2026-08-03T06:32:00.000+01:00,DIAG-DEDUP;USDCHF;s=3;wOpened=08-03 06:12;nd=1;bestStored=08-03 06:04;bestStoredSlot=1;newWins=false
2026-08-03T06:32:00.000+01:00,DIAG-CLOSE;USDCHF;s=4;prev=0;c=1;firstObs=false;slotOn=true;inWindow=true;time_close=08-03 06:33
2026-08-03T06:32:00.000+01:00,DIAG-DEDUP;USDCHF;s=4;wOpened=08-03 06:23;nd=1;bestStored=08-03 06:04;bestStoredSlot=1;newWins=false
2026-08-03T06:32:00.000+01:00,DIAG-CLOSE;USDCHF;s=5;prev=0;c=1;firstObs=false;slotOn=true;inWindow=true;time_close=08-03 06:33
2026-08-03T06:32:00.000+01:00,DIAG-DEDUP;USDCHF;s=5;wOpened=08-03 06:23;nd=1;bestStored=08-03 06:04;bestStoredSlot=1;newWins=false
2026-08-03T06:36:00.000+01:00,DIAG-CLOSE;EURUSD;s=0;prev=0;c=1;firstObs=false;slotOn=true;inWindow=true;time_close=08-03 06:37
2026-08-03T06:36:00.000+01:00,DIAG-DEDUP;EURUSD;s=0;wOpened=08-03 06:13;nd=0;bestStored=none;bestStoredSlot=-1;newWins=true
2026-08-03T06:36:00.000+01:00,DIAG-CLOSE;EURUSD;s=1;prev=0;c=1;firstObs=false;slotOn=true;inWindow=true;time_close=08-03 06:37
2026-08-03T06:36:00.000+01:00,DIAG-DEDUP;EURUSD;s=1;wOpened=08-03 06:13;nd=1;bestStored=08-03 06:13;bestStoredSlot=0;newWins=true
2026-08-03T06:36:00.000+01:00,DIAG-CLOSE;EURUSD;s=2;prev=0;c=1;firstObs=false;slotOn=true;inWindow=true;time_close=08-03 06:37
2026-08-03T06:36:00.000+01:00,DIAG-DEDUP;EURUSD;s=2;wOpened=08-03 06:23;nd=1;bestStored=08-03 06:13;bestStoredSlot=1;newWins=false
2026-08-03T06:36:00.000+01:00,DIAG-CLOSE;EURUSD;s=3;prev=0;c=1;firstObs=false;slotOn=true;inWindow=true;time_close=08-03 06:37
2026-08-03T06:36:00.000+01:00,DIAG-DEDUP;EURUSD;s=3;wOpened=08-03 06:23;nd=1;bestStored=08-03 06:13;bestStoredSlot=1;newWins=false
2026-08-03T06:36:00.000+01:00,DIAG-CLOSE;EURCHF;s=0;prev=0;c=1;firstObs=false;slotOn=true;inWindow=true;time_close=08-03 06:37
2026-08-03T06:36:00.000+01:00,DIAG-DEDUP;EURCHF;s=0;wOpened=08-03 06:09;nd=0;bestStored=none;bestStoredSlot=-1;newWins=true
2026-08-03T06:36:00.000+01:00,DIAG-CLOSE;EURCHF;s=1;prev=0;c=1;firstObs=false;slotOn=true;inWindow=true;time_close=08-03 06:37
2026-08-03T06:36:00.000+01:00,DIAG-DEDUP;EURCHF;s=1;wOpened=08-03 06:09;nd=1;bestStored=08-03 06:09;bestStoredSlot=0;newWins=true
2026-08-03T06:36:00.000+01:00,DIAG-CLOSE;EURCHF;s=2;prev=0;c=1;firstObs=false;slotOn=true;inWindow=true;time_close=08-03 06:37
2026-08-03T06:36:00.000+01:00,DIAG-DEDUP;EURCHF;s=2;wOpened=08-03 06:35;nd=1;bestStored=08-03 06:09;bestStoredSlot=1;newWins=false
2026-08-03T06:36:00.000+01:00,DIAG-CLOSE;EURCHF;s=3;prev=0;c=1;firstObs=false;slotOn=true;inWindow=true;time_close=08-03 06:37
2026-08-03T06:36:00.000+01:00,DIAG-DEDUP;EURCHF;s=3;wOpened=08-03 06:35;nd=1;bestStored=08-03 06:09;bestStoredSlot=1;newWins=false
2026-08-03T06:36:00.000+01:00,DIAG-CLOSE;AUDJPY;s=0;prev=0;c=1;firstObs=false;slotOn=true;inWindow=true;time_close=08-03 06:37
2026-08-03T06:36:00.000+01:00,DIAG-DEDUP;AUDJPY;s=0;wOpened=08-03 06:09;nd=0;bestStored=none;bestStoredSlot=-1;newWins=true
2026-08-03T06:36:00.000+01:00,DIAG-CLOSE;AUDJPY;s=1;prev=0;c=1;firstObs=false;slotOn=true;inWindow=true;time_close=08-03 06:37
2026-08-03T06:36:00.000+01:00,DIAG-DEDUP;AUDJPY;s=1;wOpened=08-03 06:09;nd=1;bestStored=08-03 06:09;bestStoredSlot=0;newWins=true
2026-08-03T06:36:00.000+01:00,DIAG-CLOSE;AUDJPY;s=2;prev=0;c=1;firstObs=false;slotOn=true;inWindow=true;time_close=08-03 06:37
2026-08-03T06:36:00.000+01:00,DIAG-DEDUP;AUDJPY;s=2;wOpened=08-03 06:14;nd=1;bestStored=08-03 06:09;bestStoredSlot=1;newWins=false
2026-08-03T06:36:00.000+01:00,DIAG-CLOSE;AUDJPY;s=3;prev=0;c=1;firstObs=false;slotOn=true;inWindow=true;time_close=08-03 06:37
2026-08-03T06:36:00.000+01:00,DIAG-DEDUP;AUDJPY;s=3;wOpened=08-03 06:14;nd=1;bestStored=08-03 06:09;bestStoredSlot=1;newWins=false
2026-08-03T06:37:00.000+01:00,DIAG-CLOSE;GBPCHF;s=6;prev=0;c=1;firstObs=false;slotOn=true;inWindow=true;time_close=08-03 06:38
2026-08-03T06:37:00.000+01:00,DIAG-DEDUP;GBPCHF;s=6;wOpened=08-03 06:24;nd=0;bestStored=none;bestStoredSlot=-1;newWins=true
2026-08-03T06:48:00.000+01:00,DIAG-CLOSE;GBPAUD;s=0;prev=1;c=2;firstObs=false;slotOn=true;inWindow=true;time_close=08-03 06:49
2026-08-03T06:48:00.000+01:00,DIAG-DEDUP;GBPAUD;s=0;wOpened=08-03 06:42;nd=0;bestStored=none;bestStoredSlot=-1;newWins=true
2026-08-03T06:48:00.000+01:00,DIAG-CLOSE;GBPAUD;s=1;prev=1;c=2;firstObs=false;slotOn=true;inWindow=true;time_close=08-03 06:49
2026-08-03T06:48:00.000+01:00,DIAG-DEDUP;GBPAUD;s=1;wOpened=08-03 06:42;nd=1;bestStored=08-03 06:42;bestStoredSlot=0;newWins=true
2026-08-03T06:50:00.000+01:00,DIAG-CLOSE;CADJPY;s=0;prev=0;c=1;firstObs=false;slotOn=true;inWindow=true;time_close=08-03 06:51
2026-08-03T06:50:00.000+01:00,DIAG-DEDUP;CADJPY;s=0;wOpened=08-03 05:41;nd=0;bestStored=none;bestStoredSlot=-1;newWins=true
2026-08-03T06:50:00.000+01:00,DIAG-CLOSE;CADJPY;s=1;prev=0;c=1;firstObs=false;slotOn=true;inWindow=true;time_close=08-03 06:51
2026-08-03T06:50:00.000+01:00,DIAG-DEDUP;CADJPY;s=1;wOpened=08-03 05:41;nd=1;bestStored=08-03 05:41;bestStoredSlot=0;newWins=true
2026-08-03T06:50:00.000+01:00,DIAG-CLOSE;CADJPY;s=2;prev=0;c=1;firstObs=false;slotOn=true;inWindow=true;time_close=08-03 06:51
2026-08-03T06:50:00.000+01:00,DIAG-DEDUP;CADJPY;s=2;wOpened=08-03 05:47;nd=1;bestStored=08-03 05:41;bestStoredSlot=1;newWins=false
2026-08-03T06:50:00.000+01:00,DIAG-CLOSE;CADJPY;s=3;prev=0;c=1;firstObs=false;slotOn=true;inWindow=true;time_close=08-03 06:51
2026-08-03T06:50:00.000+01:00,DIAG-DEDUP;CADJPY;s=3;wOpened=08-03 05:47;nd=1;bestStored=08-03 05:41;bestStoredSlot=1;newWins=false
2026-08-03T06:50:00.000+01:00,DIAG-CLOSE;CADJPY;s=4;prev=0;c=1;firstObs=false;slotOn=true;inWindow=true;time_close=08-03 06:51
2026-08-03T06:50:00.000+01:00,DIAG-DEDUP;CADJPY;s=4;wOpened=08-03 05:56;nd=1;bestStored=08-03 05:41;bestStoredSlot=1;newWins=false
2026-08-03T06:50:00.000+01:00,DIAG-CLOSE;CADJPY;s=5;prev=0;c=1;firstObs=false;slotOn=true;inWindow=true;time_close=08-03 06:51
2026-08-03T06:50:00.000+01:00,DIAG-DEDUP;CADJPY;s=5;wOpened=08-03 05:47;nd=1;bestStored=08-03 05:41;bestStoredSlot=1;newWins=false
2026-08-03T06:50:00.000+01:00,DIAG-CLOSE;CADJPY;s=6;prev=0;c=1;firstObs=false;slotOn=true;inWindow=true;time_close=08-03 06:51
2026-08-03T06:50:00.000+01:00,DIAG-DEDUP;CADJPY;s=6;wOpened=08-03 05:56;nd=1;bestStored=08-03 05:41;bestStoredSlot=1;newWins=false
2026-08-03T06:50:00.000+01:00,DIAG-CLOSE;CADJPY;s=7;prev=0;c=1;firstObs=false;slotOn=true;inWindow=true;time_close=08-03 06:51
2026-08-03T06:50:00.000+01:00,DIAG-DEDUP;CADJPY;s=7;wOpened=08-03 06:09;nd=1;bestStored=08-03 05:41;bestStoredSlot=1;newWins=false
2026-08-03T06:57:00.000+01:00,DIAG-CLOSE;GBPCHF;s=7;prev=0;c=1;firstObs=false;slotOn=true;inWindow=true;time_close=08-03 06:58
2026-08-03T06:57:00.000+01:00,DIAG-DEDUP;GBPCHF;s=7;wOpened=08-03 06:24;nd=1;bestStored=08-03 06:24;bestStoredSlot=6;newWins=true
2026-08-03T07:00:00.000+01:00,DIAG-CLOSE;EURAUD;s=0;prev=1;c=2;firstObs=false;slotOn=true;inWindow=true;time_close=08-03 07:01
2026-08-03T07:00:00.000+01:00,DIAG-DEDUP;EURAUD;s=0;wOpened=08-03 06:48;nd=0;bestStored=none;bestStoredSlot=-1;newWins=true
2026-08-03T07:00:00.000+01:00,DIAG-CLOSE;EURAUD;s=1;prev=0;c=1;firstObs=false;slotOn=true;inWindow=true;time_close=08-03 07:01
2026-08-03T07:00:00.000+01:00,DIAG-DEDUP;EURAUD;s=1;wOpened=08-03 06:41;nd=1;bestStored=08-03 06:48;bestStoredSlot=0;newWins=true
2026-08-03T07:00:00.000+01:00,DIAG-CLOSE;EURAUD;s=2;prev=0;c=1;firstObs=false;slotOn=true;inWindow=true;time_close=08-03 07:01
2026-08-03T07:00:00.000+01:00,DIAG-DEDUP;EURAUD;s=2;wOpened=08-03 06:41;nd=1;bestStored=08-03 06:41;bestStoredSlot=1;newWins=true
2026-08-03T07:00:00.000+01:00,DIAG-CLOSE;EURAUD;s=3;prev=0;c=1;firstObs=false;slotOn=true;inWindow=true;time_close=08-03 07:01
2026-08-03T07:00:00.000+01:00,DIAG-DEDUP;EURAUD;s=3;wOpened=08-03 06:49;nd=1;bestStored=08-03 06:41;bestStoredSlot=2;newWins=false
2026-08-03T07:00:00.000+01:00,DIAG-CLOSE;EURAUD;s=4;prev=0;c=1;firstObs=false;slotOn=true;inWindow=true;time_close=08-03 07:01
2026-08-03T07:00:00.000+01:00,DIAG-DEDUP;EURAUD;s=4;wOpened=08-03 06:48;nd=1;bestStored=08-03 06:41;bestStoredSlot=2;newWins=false
2026-08-03T07:00:00.000+01:00,DIAG-CLOSE;EURAUD;s=5;prev=1;c=2;firstObs=false;slotOn=true;inWindow=true;time_close=08-03 07:01
2026-08-03T07:00:00.000+01:00,DIAG-DEDUP;EURAUD;s=5;wOpened=08-03 06:48;nd=1;bestStored=08-03 06:41;bestStoredSlot=2;newWins=false
2026-08-03T07:01:00.000+01:00,DIAG-CLOSE;AUDCAD;s=0;prev=0;c=1;firstObs=false;slotOn=true;inWindow=true;time_close=08-03 07:02
2026-08-03T07:01:00.000+01:00,DIAG-DEDUP;AUDCAD;s=0;wOpened=08-03 06:36;nd=0;bestStored=none;bestStoredSlot=-1;newWins=true
2026-08-03T07:01:00.000+01:00,DIAG-CLOSE;AUDCAD;s=1;prev=0;c=1;firstObs=false;slotOn=true;inWindow=true;time_close=08-03 07:02
2026-08-03T07:01:00.000+01:00,DIAG-DEDUP;AUDCAD;s=1;wOpened=08-03 06:36;nd=1;bestStored=08-03 06:36;bestStoredSlot=0;newWins=true
2026-08-03T07:08:00.000+01:00,DIAG-CLOSE;GBPCHF;s=0;prev=0;c=1;firstObs=false;slotOn=true;inWindow=true;time_close=08-03 07:09
2026-08-03T07:08:00.000+01:00,DIAG-DEDUP;GBPCHF;s=0;wOpened=08-03 05:07;nd=1;bestStored=08-03 06:24;bestStoredSlot=7;newWins=true
2026-08-03T07:08:00.000+01:00,DIAG-CLOSE;GBPCHF;s=1;prev=0;c=1;firstObs=false;slotOn=true;inWindow=true;time_close=08-03 07:09
2026-08-03T07:08:00.000+01:00,DIAG-DEDUP;GBPCHF;s=1;wOpened=08-03 05:07;nd=1;bestStored=08-03 05:07;bestStoredSlot=0;newWins=true
2026-08-03T07:08:00.000+01:00,DIAG-CLOSE;GBPCHF;s=2;prev=0;c=1;firstObs=false;slotOn=true;inWindow=true;time_close=08-03 07:09
2026-08-03T07:08:00.000+01:00,DIAG-DEDUP;GBPCHF;s=2;wOpened=08-03 05:22;nd=1;bestStored=08-03 05:07;bestStoredSlot=1;newWins=false
2026-08-03T07:08:00.000+01:00,DIAG-CLOSE;GBPCHF;s=3;prev=0;c=1;firstObs=false;slotOn=true;inWindow=true;time_close=08-03 07:09
2026-08-03T07:08:00.000+01:00,DIAG-DEDUP;GBPCHF;s=3;wOpened=08-03 05:22;nd=1;bestStored=08-03 05:07;bestStoredSlot=1;newWins=false
2026-08-03T07:08:00.000+01:00,DIAG-CLOSE;GBPCHF;s=4;prev=0;c=1;firstObs=false;slotOn=true;inWindow=true;time_close=08-03 07:09
2026-08-03T07:08:00.000+01:00,DIAG-DEDUP;GBPCHF;s=4;wOpened=08-03 05:23;nd=1;bestStored=08-03 05:07;bestStoredSlot=1;newWins=false
2026-08-03T07:08:00.000+01:00,DIAG-CLOSE;GBPCHF;s=5;prev=0;c=1;firstObs=false;slotOn=true;inWindow=true;time_close=08-03 07:09
2026-08-03T07:08:00.000+01:00,DIAG-DEDUP;GBPCHF;s=5;wOpened=08-03 06:23;nd=1;bestStored=08-03 05:07;bestStoredSlot=1;newWins=false
2026-08-03T07:24:00.000+01:00,DIAG-CLOSE;AUDJPY;s=0;prev=1;c=2;firstObs=false;slotOn=true;inWindow=true;time_close=08-03 07:25
2026-08-03T07:24:00.000+01:00,DIAG-DEDUP;AUDJPY;s=0;wOpened=08-03 07:03;nd=0;bestStored=none;bestStoredSlot=-1;newWins=true
2026-08-03T07:24:00.000+01:00,DIAG-CLOSE;AUDJPY;s=1;prev=1;c=2;firstObs=false;slotOn=true;inWindow=true;time_close=08-03 07:25
2026-08-03T07:24:00.000+01:00,DIAG-DEDUP;AUDJPY;s=1;wOpened=08-03 07:03;nd=1;bestStored=08-03 07:03;bestStoredSlot=0;newWins=true
2026-08-03T07:25:00.000+01:00,DIAG-CLOSE;GBPUSD;s=0;prev=0;c=1;firstObs=false;slotOn=true;inWindow=true;time_close=08-03 07:26
2026-08-03T07:25:00.000+01:00,DIAG-DEDUP;GBPUSD;s=0;wOpened=08-03 06:35;nd=0;bestStored=none;bestStoredSlot=-1;newWins=true
2026-08-03T07:25:00.000+01:00,DIAG-CLOSE;GBPUSD;s=1;prev=0;c=1;firstObs=false;slotOn=true;inWindow=true;time_close=08-03 07:26
2026-08-03T07:25:00.000+01:00,DIAG-DEDUP;GBPUSD;s=1;wOpened=08-03 06:35;nd=1;bestStored=08-03 06:35;bestStoredSlot=0;newWins=true
2026-08-03T07:25:00.000+01:00,DIAG-CLOSE;GBPUSD;s=2;prev=0;c=1;firstObs=false;slotOn=true;inWindow=true;time_close=08-03 07:26
2026-08-03T07:25:00.000+01:00,DIAG-DEDUP;GBPUSD;s=2;wOpened=08-03 06:36;nd=1;bestStored=08-03 06:35;bestStoredSlot=1;newWins=false
2026-08-03T07:25:00.000+01:00,DIAG-CLOSE;GBPUSD;s=3;prev=0;c=1;firstObs=false;slotOn=true;inWindow=true;time_close=08-03 07:26
2026-08-03T07:25:00.000+01:00,DIAG-DEDUP;GBPUSD;s=3;wOpened=08-03 06:36;nd=1;bestStored=08-03 06:35;bestStoredSlot=1;newWins=false
2026-08-03T07:25:00.000+01:00,DIAG-CLOSE;GBPUSD;s=4;prev=0;c=1;firstObs=false;slotOn=true;inWindow=true;time_close=08-03 07:26
2026-08-03T07:25:00.000+01:00,DIAG-DEDUP;GBPUSD;s=4;wOpened=08-03 06:40;nd=1;bestStored=08-03 06:35;bestStoredSlot=1;newWins=false
2026-08-03T07:25:00.000+01:00,DIAG-CLOSE;GBPUSD;s=5;prev=0;c=1;firstObs=false;slotOn=true;inWindow=true;time_close=08-03 07:26
2026-08-03T07:25:00.000+01:00,DIAG-DEDUP;GBPUSD;s=5;wOpened=08-03 06:40;nd=1;bestStored=08-03 06:35;bestStoredSlot=1;newWins=false
2026-08-03T07:29:00.000+01:00,DIAG-CLOSE;EURGBP;s=1;prev=1;c=2;firstObs=false;slotOn=true;inWindow=true;time_close=08-03 07:30
2026-08-03T07:29:00.000+01:00,DIAG-DEDUP;EURGBP;s=1;wOpened=08-03 07:28;nd=0;bestStored=none;bestStoredSlot=-1;newWins=true
2026-08-03T07:31:00.000+01:00,DIAG-CLOSE;CHFJPY;s=0;prev=1;c=2;firstObs=false;slotOn=true;inWindow=true;time_close=08-03 07:32
2026-08-03T07:31:00.000+01:00,DIAG-DEDUP;CHFJPY;s=0;wOpened=08-03 07:28;nd=0;bestStored=none;bestStoredSlot=-1;newWins=true
2026-08-03T07:31:00.000+01:00,DIAG-CLOSE;CHFJPY;s=1;prev=1;c=2;firstObs=false;slotOn=true;inWindow=true;time_close=08-03 07:32
2026-08-03T07:31:00.000+01:00,DIAG-DEDUP;CHFJPY;s=1;wOpened=08-03 07:28;nd=1;bestStored=08-03 07:28;bestStoredSlot=0;newWins=true
2026-08-03T07:38:00.000+01:00,DIAG-CLOSE;EURCAD;s=0;prev=1;c=2;firstObs=false;slotOn=true;inWindow=true;time_close=08-03 07:39
2026-08-03T07:38:00.000+01:00,DIAG-DEDUP;EURCAD;s=0;wOpened=08-03 07:11;nd=0;bestStored=none;bestStoredSlot=-1;newWins=true
2026-08-03T07:38:00.000+01:00,DIAG-CLOSE;EURCAD;s=1;prev=1;c=2;firstObs=false;slotOn=true;inWindow=true;time_close=08-03 07:39
2026-08-03T07:38:00.000+01:00,DIAG-DEDUP;EURCAD;s=1;wOpened=08-03 07:11;nd=1;bestStored=08-03 07:11;bestStoredSlot=0;newWins=true
2026-08-03T07:38:00.000+01:00,DIAG-CLOSE;EURCAD;s=2;prev=0;c=1;firstObs=false;slotOn=true;inWindow=true;time_close=08-03 07:39
2026-08-03T07:38:00.000+01:00,DIAG-DEDUP;EURCAD;s=2;wOpened=08-03 07:11;nd=1;bestStored=08-03 07:11;bestStoredSlot=1;newWins=true
2026-08-03T07:47:00.000+01:00,DIAG-CLOSE;USDCAD;s=0;prev=0;c=1;firstObs=false;slotOn=true;inWindow=true;time_close=08-03 07:48
2026-08-03T07:47:00.000+01:00,DIAG-DEDUP;USDCAD;s=0;wOpened=08-03 07:28;nd=0;bestStored=none;bestStoredSlot=-1;newWins=true
2026-08-03T07:47:00.000+01:00,DIAG-CLOSE;USDCAD;s=1;prev=0;c=1;firstObs=false;slotOn=true;inWindow=true;time_close=08-03 07:48
2026-08-03T07:47:00.000+01:00,DIAG-DEDUP;USDCAD;s=1;wOpened=08-03 07:28;nd=1;bestStored=08-03 07:28;bestStoredSlot=0;newWins=true
2026-08-03T07:51:00.000+01:00,DIAG-CLOSE;GBPAUD;s=1;prev=2;c=3;firstObs=false;slotOn=true;inWindow=true;time_close=08-03 07:52
2026-08-03T07:51:00.000+01:00,DIAG-DEDUP;GBPAUD;s=1;wOpened=08-03 07:50;nd=0;bestStored=none;bestStoredSlot=-1;newWins=true
2026-08-03T07:52:00.000+01:00,DIAG-CLOSE;EURGBP;s=2;prev=0;c=1;firstObs=false;slotOn=true;inWindow=true;time_close=08-03 07:53
2026-08-03T07:52:00.000+01:00,DIAG-DEDUP;EURGBP;s=2;wOpened=08-03 07:36;nd=0;bestStored=none;bestStoredSlot=-1;newWins=true
2026-08-03T07:52:00.000+01:00,DIAG-CLOSE;EURGBP;s=4;prev=0;c=1;firstObs=false;slotOn=true;inWindow=true;time_close=08-03 07:53
2026-08-03T07:52:00.000+01:00,DIAG-DEDUP;EURGBP;s=4;wOpened=08-03 07:39;nd=1;bestStored=08-03 07:36;bestStoredSlot=2;newWins=false
2026-08-03T07:56:00.000+01:00,DIAG-CLOSE;AUDCHF;s=0;prev=1;c=2;firstObs=false;slotOn=true;inWindow=true;time_close=08-03 07:57
2026-08-03T07:56:00.000+01:00,DIAG-DEDUP;AUDCHF;s=0;wOpened=08-03 07:37;nd=0;bestStored=none;bestStoredSlot=-1;newWins=true
2026-08-03T07:56:00.000+01:00,DIAG-CLOSE;AUDCHF;s=1;prev=1;c=2;firstObs=false;slotOn=true;inWindow=true;time_close=08-03 07:57
2026-08-03T07:56:00.000+01:00,DIAG-DEDUP;AUDCHF;s=1;wOpened=08-03 07:37;nd=1;bestStored=08-03 07:37;bestStoredSlot=0;newWins=true
2026-08-03T07:56:00.000+01:00,DIAG-CLOSE;AUDCHF;s=2;prev=0;c=1;firstObs=false;slotOn=true;inWindow=true;time_close=08-03 07:57
2026-08-03T07:56:00.000+01:00,DIAG-DEDUP;AUDCHF;s=2;wOpened=08-03 07:55;nd=1;bestStored=08-03 07:37;bestStoredSlot=1;newWins=false
2026-08-03T07:56:00.000+01:00,DIAG-CLOSE;AUDCHF;s=3;prev=0;c=1;firstObs=false;slotOn=true;inWindow=true;time_close=08-03 07:57
2026-08-03T07:56:00.000+01:00,DIAG-DEDUP;AUDCHF;s=3;wOpened=08-03 07:53;nd=1;bestStored=08-03 07:37;bestStoredSlot=1;newWins=false
2026-08-03T07:56:00.000+01:00,DIAG-CLOSE;AUDCHF;s=7;prev=0;c=1;firstObs=false;slotOn=true;inWindow=true;time_close=08-03 07:57
2026-08-03T07:56:00.000+01:00,DIAG-DEDUP;AUDCHF;s=7;wOpened=08-03 07:55;nd=1;bestStored=08-03 07:37;bestStoredSlot=1;newWins=false
2026-08-03T08:12:00.000+01:00,DIAG-CLOSE;CADJPY;s=0;prev=1;c=2;firstObs=false;slotOn=true;inWindow=true;time_close=08-03 08:13
2026-08-03T08:12:00.000+01:00,DIAG-DEDUP;CADJPY;s=0;wOpened=08-03 08:05;nd=0;bestStored=none;bestStoredSlot=-1;newWins=true
2026-08-03T08:12:00.000+01:00,DIAG-CLOSE;CADJPY;s=1;prev=1;c=2;firstObs=false;slotOn=true;inWindow=true;time_close=08-03 08:13
2026-08-03T08:12:00.000+01:00,DIAG-DEDUP;CADJPY;s=1;wOpened=08-03 08:05;nd=1;bestStored=08-03 08:05;bestStoredSlot=0;newWins=true
2026-08-03T08:12:00.000+01:00,DIAG-CLOSE;CADJPY;s=2;prev=1;c=2;firstObs=false;slotOn=true;inWindow=true;time_close=08-03 08:13
2026-08-03T08:12:00.000+01:00,DIAG-DEDUP;CADJPY;s=2;wOpened=08-03 08:06;nd=1;bestStored=08-03 08:05;bestStoredSlot=1;newWins=false
2026-08-03T08:12:00.000+01:00,DIAG-CLOSE;CADJPY;s=3;prev=1;c=2;firstObs=false;slotOn=true;inWindow=true;time_close=08-03 08:13
2026-08-03T08:12:00.000+01:00,DIAG-DEDUP;CADJPY;s=3;wOpened=08-03 08:06;nd=1;bestStored=08-03 08:05;bestStoredSlot=1;newWins=false
2026-08-03T08:12:00.000+01:00,DIAG-CLOSE;AUDJPY;s=0;prev=2;c=3;firstObs=false;slotOn=true;inWindow=true;time_close=08-03 08:13
2026-08-03T08:12:00.000+01:00,DIAG-DEDUP;AUDJPY;s=0;wOpened=08-03 08:06;nd=0;bestStored=none;bestStoredSlot=-1;newWins=true
2026-08-03T08:12:00.000+01:00,DIAG-CLOSE;AUDJPY;s=1;prev=2;c=3;firstObs=false;slotOn=true;inWindow=true;time_close=08-03 08:13
2026-08-03T08:12:00.000+01:00,DIAG-DEDUP;AUDJPY;s=1;wOpened=08-03 08:06;nd=1;bestStored=08-03 08:06;bestStoredSlot=0;newWins=true
2026-08-03T08:12:00.000+01:00,DIAG-CLOSE;AUDJPY;s=2;prev=1;c=2;firstObs=false;slotOn=true;inWindow=true;time_close=08-03 08:13
2026-08-03T08:12:00.000+01:00,DIAG-DEDUP;AUDJPY;s=2;wOpened=08-03 08:11;nd=1;bestStored=08-03 08:06;bestStoredSlot=1;newWins=false
2026-08-03T08:12:00.000+01:00,DIAG-CLOSE;AUDJPY;s=3;prev=1;c=2;firstObs=false;slotOn=true;inWindow=true;time_close=08-03 08:13
2026-08-03T08:12:00.000+01:00,DIAG-DEDUP;AUDJPY;s=3;wOpened=08-03 08:11;nd=1;bestStored=08-03 08:06;bestStoredSlot=1;newWins=false
2026-08-03T08:18:00.000+01:00,DIAG-CLOSE;GBPJPY;s=0;prev=2;c=3;firstObs=false;slotOn=true;inWindow=true;time_close=08-03 08:19
2026-08-03T08:18:00.000+01:00,DIAG-DEDUP;GBPJPY;s=0;wOpened=08-03 08:17;nd=0;bestStored=none;bestStoredSlot=-1;newWins=true
2026-08-03T08:18:00.000+01:00,DIAG-CLOSE;GBPJPY;s=1;prev=2;c=3;firstObs=false;slotOn=true;inWindow=true;time_close=08-03 08:19
2026-08-03T08:18:00.000+01:00,DIAG-DEDUP;GBPJPY;s=1;wOpened=08-03 08:17;nd=1;bestStored=08-03 08:17;bestStoredSlot=0;newWins=true
2026-08-03T08:30:00.000+01:00,DIAG-CLOSE;GBPCAD;s=0;prev=1;c=2;firstObs=false;slotOn=true;inWindow=true;time_close=08-03 08:31
2026-08-03T08:30:00.000+01:00,DIAG-DEDUP;GBPCAD;s=0;wOpened=08-03 08:21;nd=0;bestStored=none;bestStoredSlot=-1;newWins=true
2026-08-03T08:30:00.000+01:00,DIAG-CLOSE;GBPCAD;s=1;prev=1;c=2;firstObs=false;slotOn=true;inWindow=true;time_close=08-03 08:31
2026-08-03T08:30:00.000+01:00,DIAG-DEDUP;GBPCAD;s=1;wOpened=08-03 08:21;nd=1;bestStored=08-03 08:21;bestStoredSlot=0;newWins=true
2026-08-03T09:17:00.000+01:00,DIAG-CLOSE;GBPCAD;s=1;prev=2;c=3;firstObs=false;slotOn=true;inWindow=true;time_close=08-03 09:18
2026-08-03T09:17:00.000+01:00,DIAG-DEDUP;GBPCAD;s=1;wOpened=08-03 09:06;nd=0;bestStored=none;bestStoredSlot=-1;newWins=true
2026-08-03T09:29:00.000+01:00,DIAG-CLOSE;EURCHF;s=0;prev=1;c=2;firstObs=false;slotOn=true;inWindow=true;time_close=08-03 09:30
2026-08-03T09:29:00.000+01:00,DIAG-DEDUP;EURCHF;s=0;wOpened=08-03 08:32;nd=0;bestStored=none;bestStoredSlot=-1;newWins=true
2026-08-03T09:29:00.000+01:00,DIAG-CLOSE;EURCHF;s=1;prev=1;c=2;firstObs=false;slotOn=true;inWindow=true;time_close=08-03 09:30
2026-08-03T09:29:00.000+01:00,DIAG-DEDUP;EURCHF;s=1;wOpened=08-03 08:42;nd=1;bestStored=08-03 08:32;bestStoredSlot=0;newWins=false
2026-08-03T09:29:00.000+01:00,DIAG-CLOSE;EURCHF;s=3;prev=1;c=2;firstObs=false;slotOn=true;inWindow=true;time_close=08-03 09:30
2026-08-03T09:29:00.000+01:00,DIAG-DEDUP;EURCHF;s=3;wOpened=08-03 08:42;nd=1;bestStored=08-03 08:32;bestStoredSlot=0;newWins=false
2026-08-03T09:47:00.000+01:00,DIAG-CLOSE;GBPAUD;s=0;prev=2;c=3;firstObs=false;slotOn=true;inWindow=true;time_close=08-03 09:48
2026-08-03T09:47:00.000+01:00,DIAG-DEDUP;GBPAUD;s=0;wOpened=08-03 09:34;nd=0;bestStored=none;bestStoredSlot=-1;newWins=true
2026-08-03T09:47:00.000+01:00,DIAG-CLOSE;GBPAUD;s=1;prev=3;c=4;firstObs=false;slotOn=true;inWindow=true;time_close=08-03 09:48
2026-08-03T09:47:00.000+01:00,DIAG-DEDUP;GBPAUD;s=1;wOpened=08-03 09:34;nd=1;bestStored=08-03 09:34;bestStoredSlot=0;newWins=true
2026-08-03T09:47:00.000+01:00,DIAG-CLOSE;GBPAUD;s=5;prev=1;c=2;firstObs=false;slotOn=true;inWindow=true;time_close=08-03 09:48
2026-08-03T09:47:00.000+01:00,DIAG-DEDUP;GBPAUD;s=5;wOpened=08-03 09:35;nd=1;bestStored=08-03 09:34;bestStoredSlot=1;newWins=false
2026-08-03T10:37:00.000+01:00,DIAG-CLOSE;EURGBP;s=0;prev=1;c=2;firstObs=false;slotOn=true;inWindow=true;time_close=08-03 10:38
2026-08-03T10:37:00.000+01:00,DIAG-DEDUP;EURGBP;s=0;wOpened=08-03 09:32;nd=0;bestStored=none;bestStoredSlot=-1;newWins=true
2026-08-03T10:37:00.000+01:00,DIAG-CLOSE;EURGBP;s=1;prev=2;c=3;firstObs=false;slotOn=true;inWindow=true;time_close=08-03 10:38
2026-08-03T10:37:00.000+01:00,DIAG-DEDUP;EURGBP;s=1;wOpened=08-03 09:32;nd=1;bestStored=08-03 09:32;bestStoredSlot=0;newWins=true
2026-08-03T10:37:00.000+01:00,DIAG-CLOSE;EURGBP;s=2;prev=1;c=2;firstObs=false;slotOn=true;inWindow=true;time_close=08-03 10:38
2026-08-03T10:37:00.000+01:00,DIAG-DEDUP;EURGBP;s=2;wOpened=08-03 10:07;nd=1;bestStored=08-03 09:32;bestStoredSlot=1;newWins=false
2026-08-03T10:37:00.000+01:00,DIAG-CLOSE;EURGBP;s=3;prev=0;c=1;firstObs=false;slotOn=true;inWindow=true;time_close=08-03 10:38
2026-08-03T10:37:00.000+01:00,DIAG-DEDUP;EURGBP;s=3;wOpened=08-03 10:07;nd=1;bestStored=08-03 09:32;bestStoredSlot=1;newWins=false
2026-08-03T10:37:00.000+01:00,DIAG-CLOSE;EURGBP;s=4;prev=1;c=2;firstObs=false;slotOn=true;inWindow=true;time_close=08-03 10:38
2026-08-03T10:37:00.000+01:00,DIAG-DEDUP;EURGBP;s=4;wOpened=08-03 10:20;nd=1;bestStored=08-03 09:32;bestStoredSlot=1;newWins=false
2026-08-03T10:37:00.000+01:00,DIAG-CLOSE;EURGBP;s=5;prev=0;c=1;firstObs=false;slotOn=true;inWindow=true;time_close=08-03 10:38
2026-08-03T10:37:00.000+01:00,DIAG-DEDUP;EURGBP;s=5;wOpened=08-03 10:20;nd=1;bestStored=08-03 09:32;bestStoredSlot=1;newWins=false
2026-08-03T10:38:00.000+01:00,DIAG-CLOSE;EURUSD;s=0;prev=1;c=2;firstObs=false;slotOn=true;inWindow=true;time_close=08-03 10:39
2026-08-03T10:38:00.000+01:00,DIAG-DEDUP;EURUSD;s=0;wOpened=08-03 09:55;nd=0;bestStored=none;bestStoredSlot=-1;newWins=true
2026-08-03T10:38:00.000+01:00,DIAG-CLOSE;EURUSD;s=1;prev=1;c=2;firstObs=false;slotOn=true;inWindow=true;time_close=08-03 10:39
2026-08-03T10:38:00.000+01:00,DIAG-DEDUP;EURUSD;s=1;wOpened=08-03 09:55;nd=1;bestStored=08-03 09:55;bestStoredSlot=0;newWins=true
2026-08-03T10:48:00.000+01:00,DIAG-CLOSE;USDCHF;s=0;prev=1;c=2;firstObs=false;slotOn=true;inWindow=true;time_close=08-03 10:49
2026-08-03T10:48:00.000+01:00,DIAG-DEDUP;USDCHF;s=0;wOpened=08-03 09:47;nd=0;bestStored=none;bestStoredSlot=-1;newWins=true
2026-08-03T10:48:00.000+01:00,DIAG-CLOSE;USDCHF;s=1;prev=1;c=2;firstObs=false;slotOn=true;inWindow=true;time_close=08-03 10:49
2026-08-03T10:48:00.000+01:00,DIAG-DEDUP;USDCHF;s=1;wOpened=08-03 09:47;nd=1;bestStored=08-03 09:47;bestStoredSlot=0;newWins=true
2026-08-03T10:48:00.000+01:00,DIAG-CLOSE;USDCHF;s=2;prev=1;c=2;firstObs=false;slotOn=true;inWindow=true;time_close=08-03 10:49
2026-08-03T10:48:00.000+01:00,DIAG-DEDUP;USDCHF;s=2;wOpened=08-03 09:54;nd=1;bestStored=08-03 09:47;bestStoredSlot=1;newWins=false
2026-08-03T10:48:00.000+01:00,DIAG-CLOSE;USDCHF;s=3;prev=1;c=2;firstObs=false;slotOn=true;inWindow=true;time_close=08-03 10:49
2026-08-03T10:48:00.000+01:00,DIAG-DEDUP;USDCHF;s=3;wOpened=08-03 09:54;nd=1;bestStored=08-03 09:47;bestStoredSlot=1;newWins=false
2026-08-03T10:48:00.000+01:00,DIAG-CLOSE;USDCHF;s=4;prev=1;c=2;firstObs=false;slotOn=true;inWindow=true;time_close=08-03 10:49
2026-08-03T10:48:00.000+01:00,DIAG-DEDUP;USDCHF;s=4;wOpened=08-03 10:04;nd=1;bestStored=08-03 09:47;bestStoredSlot=1;newWins=false
2026-08-03T10:48:00.000+01:00,DIAG-CLOSE;USDCHF;s=5;prev=1;c=2;firstObs=false;slotOn=true;inWindow=true;time_close=08-03 10:49
2026-08-03T10:48:00.000+01:00,DIAG-DEDUP;USDCHF;s=5;wOpened=08-03 09:47;nd=1;bestStored=08-03 09:47;bestStoredSlot=1;newWins=true
2026-08-03T10:48:00.000+01:00,DIAG-CLOSE;USDCHF;s=6;prev=0;c=1;firstObs=false;slotOn=true;inWindow=true;time_close=08-03 10:49
2026-08-03T10:48:00.000+01:00,DIAG-DEDUP;USDCHF;s=6;wOpened=08-03 09:54;nd=1;bestStored=08-03 09:47;bestStoredSlot=5;newWins=false
2026-08-03T10:48:00.000+01:00,DIAG-CLOSE;USDCHF;s=7;prev=0;c=1;firstObs=false;slotOn=true;inWindow=true;time_close=08-03 10:49
2026-08-03T10:48:00.000+01:00,DIAG-DEDUP;USDCHF;s=7;wOpened=08-03 10:15;nd=1;bestStored=08-03 09:47;bestStoredSlot=5;newWins=false
2026-08-03T11:16:00.000+01:00,DIAG-CLOSE;EURJPY;s=0;prev=1;c=2;firstObs=false;slotOn=true;inWindow=true;time_close=08-03 11:17
2026-08-03T11:16:00.000+01:00,DIAG-DEDUP;EURJPY;s=0;wOpened=08-03 11:11;nd=0;bestStored=none;bestStoredSlot=-1;newWins=true
2026-08-03T11:16:00.000+01:00,DIAG-CLOSE;EURJPY;s=1;prev=1;c=2;firstObs=false;slotOn=true;inWindow=true;time_close=08-03 11:17
2026-08-03T11:16:00.000+01:00,DIAG-DEDUP;EURJPY;s=1;wOpened=08-03 11:11;nd=1;bestStored=08-03 11:11;bestStoredSlot=0;newWins=true
2026-08-03T11:16:00.000+01:00,DIAG-CLOSE;EURJPY;s=2;prev=1;c=2;firstObs=false;slotOn=true;inWindow=true;time_close=08-03 11:17
2026-08-03T11:16:00.000+01:00,DIAG-DEDUP;EURJPY;s=2;wOpened=08-03 11:12;nd=1;bestStored=08-03 11:11;bestStoredSlot=1;newWins=false
2026-08-03T11:16:00.000+01:00,DIAG-CLOSE;EURJPY;s=3;prev=1;c=2;firstObs=false;slotOn=true;inWindow=true;time_close=08-03 11:17
2026-08-03T11:16:00.000+01:00,DIAG-DEDUP;EURJPY;s=3;wOpened=08-03 11:12;nd=1;bestStored=08-03 11:11;bestStoredSlot=1;newWins=false
2026-08-03T11:16:00.000+01:00,DIAG-CLOSE;EURJPY;s=4;prev=1;c=2;firstObs=false;slotOn=true;inWindow=true;time_close=08-03 11:17
2026-08-03T11:16:00.000+01:00,DIAG-DEDUP;EURJPY;s=4;wOpened=08-03 11:15;nd=1;bestStored=08-03 11:11;bestStoredSlot=1;newWins=false
2026-08-03T11:16:00.000+01:00,DIAG-CLOSE;EURJPY;s=5;prev=1;c=2;firstObs=false;slotOn=true;inWindow=true;time_close=08-03 11:17
2026-08-03T11:16:00.000+01:00,DIAG-DEDUP;EURJPY;s=5;wOpened=08-03 11:14;nd=1;bestStored=08-03 11:11;bestStoredSlot=1;newWins=false
2026-08-03T11:16:00.000+01:00,DIAG-CLOSE;EURJPY;s=6;prev=1;c=2;firstObs=false;slotOn=true;inWindow=true;time_close=08-03 11:17
2026-08-03T11:16:00.000+01:00,DIAG-DEDUP;EURJPY;s=6;wOpened=08-03 11:15;nd=1;bestStored=08-03 11:11;bestStoredSlot=1;newWins=false
2026-08-03T11:16:00.000+01:00,DIAG-CLOSE;CADJPY;s=0;prev=2;c=3;firstObs=false;slotOn=true;inWindow=true;time_close=08-03 11:17
2026-08-03T11:16:00.000+01:00,DIAG-DEDUP;CADJPY;s=0;wOpened=08-03 11:11;nd=0;bestStored=none;bestStoredSlot=-1;newWins=true
2026-08-03T11:16:00.000+01:00,DIAG-CLOSE;CADJPY;s=1;prev=2;c=3;firstObs=false;slotOn=true;inWindow=true;time_close=08-03 11:17
2026-08-03T11:16:00.000+01:00,DIAG-DEDUP;CADJPY;s=1;wOpened=08-03 11:11;nd=1;bestStored=08-03 11:11;bestStoredSlot=0;newWins=true
2026-08-03T11:16:00.000+01:00,DIAG-CLOSE;CADJPY;s=2;prev=2;c=3;firstObs=false;slotOn=true;inWindow=true;time_close=08-03 11:17
2026-08-03T11:16:00.000+01:00,DIAG-DEDUP;CADJPY;s=2;wOpened=08-03 11:12;nd=1;bestStored=08-03 11:11;bestStoredSlot=1;newWins=false
2026-08-03T11:16:00.000+01:00,DIAG-CLOSE;CADJPY;s=3;prev=2;c=3;firstObs=false;slotOn=true;inWindow=true;time_close=08-03 11:17
2026-08-03T11:16:00.000+01:00,DIAG-DEDUP;CADJPY;s=3;wOpened=08-03 11:12;nd=1;bestStored=08-03 11:11;bestStoredSlot=1;newWins=false
2026-08-03T11:17:00.000+01:00,DIAG-CLOSE;AUDJPY;s=5;prev=0;c=1;firstObs=false;slotOn=true;inWindow=true;time_close=08-03 11:18
2026-08-03T11:17:00.000+01:00,DIAG-DEDUP;AUDJPY;s=5;wOpened=08-03 11:15;nd=0;bestStored=none;bestStoredSlot=-1;newWins=true
2026-08-03T11:19:00.000+01:00,DIAG-CLOSE;CHFJPY;s=0;prev=2;c=3;firstObs=false;slotOn=true;inWindow=true;time_close=08-03 11:20
2026-08-03T11:19:00.000+01:00,DIAG-DEDUP;CHFJPY;s=0;wOpened=08-03 11:12;nd=0;bestStored=none;bestStoredSlot=-1;newWins=true
2026-08-03T11:19:00.000+01:00,DIAG-CLOSE;CHFJPY;s=1;prev=2;c=3;firstObs=false;slotOn=true;inWindow=true;time_close=08-03 11:20
2026-08-03T11:19:00.000+01:00,DIAG-DEDUP;CHFJPY;s=1;wOpened=08-03 11:12;nd=1;bestStored=08-03 11:12;bestStoredSlot=0;newWins=true
2026-08-03T11:19:00.000+01:00,DIAG-CLOSE;CHFJPY;s=2;prev=0;c=1;firstObs=false;slotOn=true;inWindow=true;time_close=08-03 11:20
2026-08-03T11:19:00.000+01:00,DIAG-DEDUP;CHFJPY;s=2;wOpened=08-03 11:12;nd=1;bestStored=08-03 11:12;bestStoredSlot=1;newWins=true
2026-08-03T11:19:00.000+01:00,DIAG-CLOSE;AUDJPY;s=0;prev=3;c=4;firstObs=false;slotOn=true;inWindow=true;time_close=08-03 11:20
2026-08-03T11:19:00.000+01:00,DIAG-DEDUP;AUDJPY;s=0;wOpened=08-03 11:11;nd=1;bestStored=08-03 11:15;bestStoredSlot=5;newWins=true
2026-08-03T11:19:00.000+01:00,DIAG-CLOSE;AUDJPY;s=1;prev=3;c=4;firstObs=false;slotOn=true;inWindow=true;time_close=08-03 11:20
2026-08-03T11:19:00.000+01:00,DIAG-DEDUP;AUDJPY;s=1;wOpened=08-03 11:11;nd=1;bestStored=08-03 11:11;bestStoredSlot=0;newWins=true
2026-08-03T11:19:00.000+01:00,DIAG-CLOSE;AUDJPY;s=2;prev=2;c=3;firstObs=false;slotOn=true;inWindow=true;time_close=08-03 11:20
2026-08-03T11:19:00.000+01:00,DIAG-DEDUP;AUDJPY;s=2;wOpened=08-03 11:12;nd=1;bestStored=08-03 11:11;bestStoredSlot=1;newWins=false
2026-08-03T11:19:00.000+01:00,DIAG-CLOSE;AUDJPY;s=3;prev=2;c=3;firstObs=false;slotOn=true;inWindow=true;time_close=08-03 11:20
2026-08-03T11:19:00.000+01:00,DIAG-DEDUP;AUDJPY;s=3;wOpened=08-03 11:12;nd=1;bestStored=08-03 11:11;bestStoredSlot=1;newWins=false
2026-08-03T11:19:00.000+01:00,DIAG-CLOSE;AUDJPY;s=4;prev=0;c=1;firstObs=false;slotOn=true;inWindow=true;time_close=08-03 11:20
2026-08-03T11:19:00.000+01:00,DIAG-DEDUP;AUDJPY;s=4;wOpened=08-03 11:15;nd=1;bestStored=08-03 11:11;bestStoredSlot=1;newWins=false
2026-08-03T11:36:00.000+01:00,DIAG-CLOSE;GBPUSD;s=6;prev=0;c=1;firstObs=false;slotOn=true;inWindow=true;time_close=08-03 11:37
2026-08-03T11:36:00.000+01:00,DIAG-DEDUP;GBPUSD;s=6;wOpened=08-03 11:03;nd=0;bestStored=none;bestStoredSlot=-1;newWins=true
2026-08-03T12:00:00.000+01:00,DIAG-CLOSE;AUDCAD;s=0;prev=1;c=2;firstObs=false;slotOn=true;inWindow=true;time_close=08-03 12:01
2026-08-03T12:00:00.000+01:00,DIAG-DEDUP;AUDCAD;s=0;wOpened=08-03 11:52;nd=0;bestStored=none;bestStoredSlot=-1;newWins=true
2026-08-03T12:00:00.000+01:00,DIAG-CLOSE;AUDCAD;s=1;prev=1;c=2;firstObs=false;slotOn=true;inWindow=true;time_close=08-03 12:01
2026-08-03T12:00:00.000+01:00,DIAG-DEDUP;AUDCAD;s=1;wOpened=08-03 11:52;nd=1;bestStored=08-03 11:52;bestStoredSlot=0;newWins=true
2026-08-03T12:00:00.000+01:00,DIAG-CLOSE;AUDCAD;s=2;prev=0;c=1;firstObs=false;slotOn=true;inWindow=true;time_close=08-03 12:01
2026-08-03T12:00:00.000+01:00,DIAG-DEDUP;AUDCAD;s=2;wOpened=08-03 11:59;nd=1;bestStored=08-03 11:52;bestStoredSlot=1;newWins=false
2026-08-03T12:00:00.000+01:00,DIAG-CLOSE;AUDCAD;s=3;prev=0;c=1;firstObs=false;slotOn=true;inWindow=true;time_close=08-03 12:01
2026-08-03T12:00:00.000+01:00,DIAG-DEDUP;AUDCAD;s=3;wOpened=08-03 11:59;nd=1;bestStored=08-03 11:52;bestStoredSlot=1;newWins=false
2026-08-03T12:24:00.000+01:00,DIAG-CLOSE;GBPUSD;s=0;prev=1;c=2;firstObs=false;slotOn=true;inWindow=true;time_close=08-03 12:25
2026-08-03T12:24:00.000+01:00,DIAG-DEDUP;GBPUSD;s=0;wOpened=08-03 11:57;nd=0;bestStored=none;bestStoredSlot=-1;newWins=true
2026-08-03T12:24:00.000+01:00,DIAG-CLOSE;GBPUSD;s=1;prev=1;c=2;firstObs=false;slotOn=true;inWindow=true;time_close=08-03 12:25
2026-08-03T12:24:00.000+01:00,DIAG-DEDUP;GBPUSD;s=1;wOpened=08-03 11:57;nd=1;bestStored=08-03 11:57;bestStoredSlot=0;newWins=true
2026-08-03T12:24:00.000+01:00,DIAG-CLOSE;GBPUSD;s=2;prev=1;c=2;firstObs=false;slotOn=true;inWindow=true;time_close=08-03 12:25
2026-08-03T12:24:00.000+01:00,DIAG-DEDUP;GBPUSD;s=2;wOpened=08-03 11:58;nd=1;bestStored=08-03 11:57;bestStoredSlot=1;newWins=false
2026-08-03T12:24:00.000+01:00,DIAG-CLOSE;GBPUSD;s=3;prev=1;c=2;firstObs=false;slotOn=true;inWindow=true;time_close=08-03 12:25
2026-08-03T12:24:00.000+01:00,DIAG-DEDUP;GBPUSD;s=3;wOpened=08-03 11:58;nd=1;bestStored=08-03 11:57;bestStoredSlot=1;newWins=false
2026-08-03T12:24:00.000+01:00,DIAG-CLOSE;GBPUSD;s=4;prev=1;c=2;firstObs=false;slotOn=true;inWindow=true;time_close=08-03 12:25
2026-08-03T12:24:00.000+01:00,DIAG-DEDUP;GBPUSD;s=4;wOpened=08-03 11:59;nd=1;bestStored=08-03 11:57;bestStoredSlot=1;newWins=false
2026-08-03T12:24:00.000+01:00,DIAG-CLOSE;USDCAD;s=0;prev=1;c=2;firstObs=false;slotOn=true;inWindow=true;time_close=08-03 12:25
2026-08-03T12:24:00.000+01:00,DIAG-DEDUP;USDCAD;s=0;wOpened=08-03 11:03;nd=0;bestStored=none;bestStoredSlot=-1;newWins=true
2026-08-03T12:24:00.000+01:00,DIAG-CLOSE;USDCAD;s=1;prev=1;c=2;firstObs=false;slotOn=true;inWindow=true;time_close=08-03 12:25
2026-08-03T12:24:00.000+01:00,DIAG-DEDUP;USDCAD;s=1;wOpened=08-03 11:03;nd=1;bestStored=08-03 11:03;bestStoredSlot=0;newWins=true
2026-08-03T12:24:00.000+01:00,DIAG-CLOSE;USDCAD;s=2;prev=0;c=1;firstObs=false;slotOn=true;inWindow=true;time_close=08-03 12:25
2026-08-03T12:24:00.000+01:00,DIAG-DEDUP;USDCAD;s=2;wOpened=08-03 11:05;nd=1;bestStored=08-03 11:03;bestStoredSlot=1;newWins=false
2026-08-03T12:24:00.000+01:00,DIAG-CLOSE;USDCAD;s=3;prev=0;c=1;firstObs=false;slotOn=true;inWindow=true;time_close=08-03 12:25
2026-08-03T12:24:00.000+01:00,DIAG-DEDUP;USDCAD;s=3;wOpened=08-03 11:05;nd=1;bestStored=08-03 11:03;bestStoredSlot=1;newWins=false
2026-08-03T12:24:00.000+01:00,DIAG-CLOSE;USDCAD;s=4;prev=0;c=1;firstObs=false;slotOn=true;inWindow=true;time_close=08-03 12:25
2026-08-03T12:24:00.000+01:00,DIAG-DEDUP;USDCAD;s=4;wOpened=08-03 11:49;nd=1;bestStored=08-03 11:03;bestStoredSlot=1;newWins=false
2026-08-03T12:37:00.000+01:00,DIAG-CLOSE;EURUSD;s=0;prev=2;c=3;firstObs=false;slotOn=true;inWindow=true;time_close=08-03 12:38
2026-08-03T12:37:00.000+01:00,DIAG-DEDUP;EURUSD;s=0;wOpened=08-03 12:36;nd=0;bestStored=none;bestStoredSlot=-1;newWins=true
2026-08-03T12:37:00.000+01:00,DIAG-CLOSE;EURUSD;s=1;prev=2;c=3;firstObs=false;slotOn=true;inWindow=true;time_close=08-03 12:38
2026-08-03T12:37:00.000+01:00,DIAG-DEDUP;EURUSD;s=1;wOpened=08-03 12:36;nd=1;bestStored=08-03 12:36;bestStoredSlot=0;newWins=true
2026-08-03T12:40:00.000+01:00,DIAG-CLOSE;USDCAD;s=7;prev=0;c=1;firstObs=false;slotOn=true;inWindow=true;time_close=08-03 12:41
2026-08-03T12:40:00.000+01:00,DIAG-DEDUP;USDCAD;s=7;wOpened=08-03 11:52;nd=1;bestStored=08-03 11:03;bestStoredSlot=1;newWins=false
2026-08-03T12:41:00.000+01:00,DIAG-CLOSE;USDCHF;s=0;prev=2;c=3;firstObs=false;slotOn=true;inWindow=true;time_close=08-03 12:42
2026-08-03T12:41:00.000+01:00,DIAG-DEDUP;USDCHF;s=0;wOpened=08-03 12:30;nd=0;bestStored=none;bestStoredSlot=-1;newWins=true
2026-08-03T12:41:00.000+01:00,DIAG-CLOSE;USDCHF;s=1;prev=2;c=3;firstObs=false;slotOn=true;inWindow=true;time_close=08-03 12:42
2026-08-03T12:41:00.000+01:00,DIAG-DEDUP;USDCHF;s=1;wOpened=08-03 12:30;nd=1;bestStored=08-03 12:30;bestStoredSlot=0;newWins=true
2026-08-03T12:53:00.000+01:00,DIAG-CLOSE;GBPUSD;s=7;prev=0;c=1;firstObs=false;slotOn=true;inWindow=true;time_close=08-03 12:54
2026-08-03T12:53:00.000+01:00,DIAG-DEDUP;GBPUSD;s=7;wOpened=08-03 12:52;nd=0;bestStored=none;bestStoredSlot=-1;newWins=true
2026-08-03T13:12:00.000+01:00,DIAG-CLOSE;EURCHF;s=0;prev=2;c=3;firstObs=false;slotOn=true;inWindow=true;time_close=08-03 13:13
2026-08-03T13:12:00.000+01:00,DIAG-DEDUP;EURCHF;s=0;wOpened=08-03 13:02;nd=0;bestStored=none;bestStoredSlot=-1;newWins=true
2026-08-03T13:12:00.000+01:00,DIAG-CLOSE;EURCHF;s=3;prev=2;c=3;firstObs=false;slotOn=true;inWindow=true;time_close=08-03 13:13
2026-08-03T13:12:00.000+01:00,DIAG-DEDUP;EURCHF;s=3;wOpened=08-03 13:07;nd=1;bestStored=08-03 13:02;bestStoredSlot=0;newWins=false
2026-08-03T13:28:00.000+01:00,DIAG-CLOSE;EURCHF;s=1;prev=2;c=3;firstObs=false;slotOn=true;inWindow=true;time_close=08-03 13:29
2026-08-03T13:28:00.000+01:00,DIAG-DEDUP;EURCHF;s=1;wOpened=08-03 13:02;nd=1;bestStored=08-03 13:02;bestStoredSlot=0;newWins=true
2026-08-03T13:28:00.000+01:00,DIAG-CLOSE;EURCHF;s=2;prev=1;c=2;firstObs=false;slotOn=true;inWindow=true;time_close=08-03 13:29
2026-08-03T13:28:00.000+01:00,DIAG-DEDUP;EURCHF;s=2;wOpened=08-03 13:07;nd=1;bestStored=08-03 13:02;bestStoredSlot=1;newWins=false
2026-08-03T13:40:00.000+01:00,DIAG-CLOSE;USDJPY;s=0;prev=1;c=2;firstObs=false;slotOn=true;inWindow=true;time_close=08-03 13:41
2026-08-03T13:40:00.000+01:00,DIAG-DEDUP;USDJPY;s=0;wOpened=08-03 13:06;nd=0;bestStored=none;bestStoredSlot=-1;newWins=true
2026-08-03T13:40:00.000+01:00,DIAG-CLOSE;USDJPY;s=1;prev=1;c=2;firstObs=false;slotOn=true;inWindow=true;time_close=08-03 13:41
2026-08-03T13:40:00.000+01:00,DIAG-DEDUP;USDJPY;s=1;wOpened=08-03 13:06;nd=1;bestStored=08-03 13:06;bestStoredSlot=0;newWins=true
2026-08-03T14:04:00.000+01:00,DIAG-CLOSE;CADCHF;s=0;prev=0;c=1;firstObs=false;slotOn=true;inWindow=true;time_close=08-03 14:05
2026-08-03T14:04:00.000+01:00,DIAG-DEDUP;CADCHF;s=0;wOpened=08-03 13:51;nd=0;bestStored=none;bestStoredSlot=-1;newWins=true
2026-08-03T14:04:00.000+01:00,DIAG-CLOSE;CADCHF;s=1;prev=0;c=1;firstObs=false;slotOn=true;inWindow=true;time_close=08-03 14:05
2026-08-03T14:04:00.000+01:00,DIAG-DEDUP;CADCHF;s=1;wOpened=08-03 13:51;nd=1;bestStored=08-03 13:51;bestStoredSlot=0;newWins=true
2026-08-03T14:04:00.000+01:00,DIAG-CLOSE;AUDCHF;s=0;prev=2;c=3;firstObs=false;slotOn=true;inWindow=true;time_close=08-03 14:05
2026-08-03T14:04:00.000+01:00,DIAG-DEDUP;AUDCHF;s=0;wOpened=08-03 13:38;nd=0;bestStored=none;bestStoredSlot=-1;newWins=true
2026-08-03T14:04:00.000+01:00,DIAG-CLOSE;AUDCHF;s=1;prev=2;c=3;firstObs=false;slotOn=true;inWindow=true;time_close=08-03 14:05
2026-08-03T14:04:00.000+01:00,DIAG-DEDUP;AUDCHF;s=1;wOpened=08-03 13:38;nd=1;bestStored=08-03 13:38;bestStoredSlot=0;newWins=true
2026-08-03T14:04:00.000+01:00,DIAG-CLOSE;AUDCHF;s=2;prev=1;c=2;firstObs=false;slotOn=true;inWindow=true;time_close=08-03 14:05
2026-08-03T14:04:00.000+01:00,DIAG-DEDUP;AUDCHF;s=2;wOpened=08-03 13:55;nd=1;bestStored=08-03 13:38;bestStoredSlot=1;newWins=false
2026-08-03T14:04:00.000+01:00,DIAG-CLOSE;AUDCHF;s=3;prev=1;c=2;firstObs=false;slotOn=true;inWindow=true;time_close=08-03 14:05
2026-08-03T14:04:00.000+01:00,DIAG-DEDUP;AUDCHF;s=3;wOpened=08-03 13:55;nd=1;bestStored=08-03 13:38;bestStoredSlot=1;newWins=false
2026-08-03T14:04:00.000+01:00,DIAG-CLOSE;AUDCHF;s=6;prev=0;c=1;firstObs=false;slotOn=true;inWindow=true;time_close=08-03 14:05
2026-08-03T14:04:00.000+01:00,DIAG-DEDUP;AUDCHF;s=6;wOpened=08-03 13:15;nd=1;bestStored=08-03 13:38;bestStoredSlot=1;newWins=true
2026-08-03T14:22:00.000+01:00,DIAG-CLOSE;CADJPY;s=0;prev=3;c=4;firstObs=false;slotOn=true;inWindow=true;time_close=08-03 14:23
2026-08-03T14:22:00.000+01:00,DIAG-DEDUP;CADJPY;s=0;wOpened=08-03 13:50;nd=0;bestStored=none;bestStoredSlot=-1;newWins=true
2026-08-03T14:22:00.000+01:00,DIAG-CLOSE;CADJPY;s=1;prev=3;c=4;firstObs=false;slotOn=true;inWindow=true;time_close=08-03 14:23
2026-08-03T14:22:00.000+01:00,DIAG-DEDUP;CADJPY;s=1;wOpened=08-03 13:50;nd=1;bestStored=08-03 13:50;bestStoredSlot=0;newWins=true
2026-08-03T14:22:00.000+01:00,DIAG-CLOSE;CADJPY;s=2;prev=3;c=4;firstObs=false;slotOn=true;inWindow=true;time_close=08-03 14:23
2026-08-03T14:22:00.000+01:00,DIAG-DEDUP;CADJPY;s=2;wOpened=08-03 13:59;nd=1;bestStored=08-03 13:50;bestStoredSlot=1;newWins=false
2026-08-03T14:22:00.000+01:00,DIAG-CLOSE;CADJPY;s=3;prev=3;c=4;firstObs=false;slotOn=true;inWindow=true;time_close=08-03 14:23
2026-08-03T14:22:00.000+01:00,DIAG-DEDUP;CADJPY;s=3;wOpened=08-03 13:59;nd=1;bestStored=08-03 13:50;bestStoredSlot=1;newWins=false
2026-08-03T14:25:00.000+01:00,DIAG-CLOSE;EURUSD;s=0;prev=3;c=4;firstObs=false;slotOn=true;inWindow=true;time_close=08-03 14:26
2026-08-03T14:25:00.000+01:00,DIAG-DEDUP;EURUSD;s=0;wOpened=08-03 14:07;nd=0;bestStored=none;bestStoredSlot=-1;newWins=true
2026-08-03T14:25:00.000+01:00,DIAG-CLOSE;EURUSD;s=1;prev=3;c=4;firstObs=false;slotOn=true;inWindow=true;time_close=08-03 14:26
2026-08-03T14:25:00.000+01:00,DIAG-DEDUP;EURUSD;s=1;wOpened=08-03 14:07;nd=1;bestStored=08-03 14:07;bestStoredSlot=0;newWins=true
2026-08-03T14:28:00.000+01:00,DIAG-CLOSE;USDJPY;s=0;prev=2;c=3;firstObs=false;slotOn=true;inWindow=true;time_close=08-03 14:29
2026-08-03T14:28:00.000+01:00,DIAG-DEDUP;USDJPY;s=0;wOpened=08-03 14:23;nd=0;bestStored=none;bestStoredSlot=-1;newWins=true
2026-08-03T14:28:00.000+01:00,DIAG-CLOSE;USDJPY;s=1;prev=2;c=3;firstObs=false;slotOn=true;inWindow=true;time_close=08-03 14:29
2026-08-03T14:28:00.000+01:00,DIAG-DEDUP;USDJPY;s=1;wOpened=08-03 14:23;nd=1;bestStored=08-03 14:23;bestStoredSlot=0;newWins=true
2026-08-03T14:40:00.000+01:00,DIAG-CLOSE;GBPJPY;s=0;prev=3;c=4;firstObs=false;slotOn=true;inWindow=true;time_close=08-03 14:41
2026-08-03T14:40:00.000+01:00,DIAG-DEDUP;GBPJPY;s=0;wOpened=08-03 14:39;nd=0;bestStored=none;bestStoredSlot=-1;newWins=true
2026-08-03T14:40:00.000+01:00,DIAG-CLOSE;GBPJPY;s=1;prev=3;c=4;firstObs=false;slotOn=true;inWindow=true;time_close=08-03 14:41
2026-08-03T14:40:00.000+01:00,DIAG-DEDUP;GBPJPY;s=1;wOpened=08-03 14:39;nd=1;bestStored=08-03 14:39;bestStoredSlot=0;newWins=true
2026-08-03T14:44:00.000+01:00,DIAG-CLOSE;EURUSD;s=0;prev=4;c=5;firstObs=false;slotOn=true;inWindow=true;time_close=08-03 14:45
2026-08-03T14:44:00.000+01:00,DIAG-DEDUP;EURUSD;s=0;wOpened=08-03 14:35;nd=0;bestStored=none;bestStoredSlot=-1;newWins=true
2026-08-03T14:44:00.000+01:00,DIAG-CLOSE;EURUSD;s=1;prev=4;c=5;firstObs=false;slotOn=true;inWindow=true;time_close=08-03 14:45
2026-08-03T14:44:00.000+01:00,DIAG-DEDUP;EURUSD;s=1;wOpened=08-03 14:35;nd=1;bestStored=08-03 14:35;bestStoredSlot=0;newWins=true
2026-08-03T14:44:00.000+01:00,DIAG-CLOSE;EURUSD;s=2;prev=1;c=2;firstObs=false;slotOn=true;inWindow=true;time_close=08-03 14:45
2026-08-03T14:44:00.000+01:00,DIAG-DEDUP;EURUSD;s=2;wOpened=08-03 14:43;nd=1;bestStored=08-03 14:35;bestStoredSlot=1;newWins=false
2026-08-03T14:44:00.000+01:00,DIAG-CLOSE;EURUSD;s=3;prev=1;c=2;firstObs=false;slotOn=true;inWindow=true;time_close=08-03 14:45
2026-08-03T14:44:00.000+01:00,DIAG-DEDUP;EURUSD;s=3;wOpened=08-03 14:43;nd=1;bestStored=08-03 14:35;bestStoredSlot=1;newWins=false
2026-08-03T15:01:00.000+01:00,DIAG-CLOSE;GBPCHF;s=0;prev=1;c=2;firstObs=false;slotOn=true;inWindow=true;time_close=08-03 15:02
2026-08-03T15:01:00.000+01:00,DIAG-DEDUP;GBPCHF;s=0;wOpened=08-03 14:39;nd=0;bestStored=none;bestStoredSlot=-1;newWins=true
2026-08-03T15:01:00.000+01:00,DIAG-CLOSE;GBPCHF;s=1;prev=1;c=2;firstObs=false;slotOn=true;inWindow=true;time_close=08-03 15:02
2026-08-03T15:01:00.000+01:00,DIAG-DEDUP;GBPCHF;s=1;wOpened=08-03 14:39;nd=1;bestStored=08-03 14:39;bestStoredSlot=0;newWins=true
2026-08-03T15:01:00.000+01:00,DIAG-CLOSE;GBPCHF;s=3;prev=1;c=2;firstObs=false;slotOn=true;inWindow=true;time_close=08-03 15:02
2026-08-03T15:01:00.000+01:00,DIAG-DEDUP;GBPCHF;s=3;wOpened=08-03 14:54;nd=1;bestStored=08-03 14:39;bestStoredSlot=1;newWins=false
2026-08-03T15:11:00.000+01:00,DIAG-CLOSE;EURGBP;s=0;prev=2;c=3;firstObs=false;slotOn=true;inWindow=true;time_close=08-03 15:12
2026-08-03T15:11:00.000+01:00,DIAG-DEDUP;EURGBP;s=0;wOpened=08-03 14:55;nd=0;bestStored=none;bestStoredSlot=-1;newWins=true
2026-08-03T15:11:00.000+01:00,DIAG-CLOSE;EURGBP;s=1;prev=3;c=4;firstObs=false;slotOn=true;inWindow=true;time_close=08-03 15:12
2026-08-03T15:11:00.000+01:00,DIAG-DEDUP;EURGBP;s=1;wOpened=08-03 14:55;nd=1;bestStored=08-03 14:55;bestStoredSlot=0;newWins=true
2026-08-03T15:11:00.000+01:00,DIAG-CLOSE;EURGBP;s=2;prev=2;c=3;firstObs=false;slotOn=true;inWindow=true;time_close=08-03 15:12
2026-08-03T15:11:00.000+01:00,DIAG-DEDUP;EURGBP;s=2;wOpened=08-03 15:06;nd=1;bestStored=08-03 14:55;bestStoredSlot=1;newWins=false
2026-08-03T15:11:00.000+01:00,DIAG-CLOSE;EURGBP;s=3;prev=1;c=2;firstObs=false;slotOn=true;inWindow=true;time_close=08-03 15:12
2026-08-03T15:11:00.000+01:00,DIAG-DEDUP;EURGBP;s=3;wOpened=08-03 15:06;nd=1;bestStored=08-03 14:55;bestStoredSlot=1;newWins=false
2026-08-03T15:11:00.000+01:00,DIAG-CLOSE;EURGBP;s=7;prev=0;c=1;firstObs=false;slotOn=true;inWindow=true;time_close=08-03 15:12
2026-08-03T15:11:00.000+01:00,DIAG-DEDUP;EURGBP;s=7;wOpened=08-03 15:06;nd=1;bestStored=08-03 14:55;bestStoredSlot=1;newWins=false
2026-08-03T15:38:00.000+01:00,DIAG-CLOSE;USDCHF;s=0;prev=3;c=4;firstObs=false;slotOn=true;inWindow=true;time_close=08-03 15:39
2026-08-03T15:38:00.000+01:00,DIAG-DEDUP;USDCHF;s=0;wOpened=08-03 14:42;nd=0;bestStored=none;bestStoredSlot=-1;newWins=true
2026-08-03T15:38:00.000+01:00,DIAG-CLOSE;USDCHF;s=1;prev=3;c=4;firstObs=false;slotOn=true;inWindow=true;time_close=08-03 15:39
2026-08-03T15:38:00.000+01:00,DIAG-DEDUP;USDCHF;s=1;wOpened=08-03 14:43;nd=1;bestStored=08-03 14:42;bestStoredSlot=0;newWins=false
2026-08-03T15:42:00.000+01:00,DIAG-CLOSE;GBPJPY;s=0;prev=4;c=5;firstObs=false;slotOn=true;inWindow=true;time_close=08-03 15:43
2026-08-03T15:42:00.000+01:00,DIAG-DEDUP;GBPJPY;s=0;wOpened=08-03 15:23;nd=0;bestStored=none;bestStoredSlot=-1;newWins=true
2026-08-03T15:42:00.000+01:00,DIAG-CLOSE;GBPJPY;s=1;prev=4;c=5;firstObs=false;slotOn=true;inWindow=true;time_close=08-03 15:43
2026-08-03T15:42:00.000+01:00,DIAG-DEDUP;GBPJPY;s=1;wOpened=08-03 15:23;nd=1;bestStored=08-03 15:23;bestStoredSlot=0;newWins=true
2026-08-03T15:42:00.000+01:00,DIAG-CLOSE;GBPJPY;s=2;prev=2;c=3;firstObs=false;slotOn=true;inWindow=true;time_close=08-03 15:43
2026-08-03T15:42:00.000+01:00,DIAG-DEDUP;GBPJPY;s=2;wOpened=08-03 15:29;nd=1;bestStored=08-03 15:23;bestStoredSlot=1;newWins=false
2026-08-03T15:42:00.000+01:00,DIAG-CLOSE;GBPJPY;s=3;prev=2;c=3;firstObs=false;slotOn=true;inWindow=true;time_close=08-03 15:43
2026-08-03T15:42:00.000+01:00,DIAG-DEDUP;GBPJPY;s=3;wOpened=08-03 15:29;nd=1;bestStored=08-03 15:23;bestStoredSlot=1;newWins=false
2026-08-03T15:42:00.000+01:00,DIAG-CLOSE;GBPJPY;s=4;prev=2;c=3;firstObs=false;slotOn=true;inWindow=true;time_close=08-03 15:43
2026-08-03T15:42:00.000+01:00,DIAG-DEDUP;GBPJPY;s=4;wOpened=08-03 15:30;nd=1;bestStored=08-03 15:23;bestStoredSlot=1;newWins=false
2026-08-03T15:42:00.000+01:00,DIAG-CLOSE;AUDJPY;s=0;prev=4;c=5;firstObs=false;slotOn=true;inWindow=true;time_close=08-03 15:43
2026-08-03T15:42:00.000+01:00,DIAG-DEDUP;AUDJPY;s=0;wOpened=08-03 15:30;nd=0;bestStored=none;bestStoredSlot=-1;newWins=true
2026-08-03T15:42:00.000+01:00,DIAG-CLOSE;AUDJPY;s=1;prev=4;c=5;firstObs=false;slotOn=true;inWindow=true;time_close=08-03 15:43
2026-08-03T15:42:00.000+01:00,DIAG-DEDUP;AUDJPY;s=1;wOpened=08-03 15:30;nd=1;bestStored=08-03 15:30;bestStoredSlot=0;newWins=true
2026-08-03T15:46:00.000+01:00,DIAG-CLOSE;CHFJPY;s=0;prev=3;c=4;firstObs=false;slotOn=true;inWindow=true;time_close=08-03 15:47
2026-08-03T15:46:00.000+01:00,DIAG-DEDUP;CHFJPY;s=0;wOpened=08-03 15:29;nd=0;bestStored=none;bestStoredSlot=-1;newWins=true
2026-08-03T15:46:00.000+01:00,DIAG-CLOSE;CHFJPY;s=1;prev=3;c=4;firstObs=false;slotOn=true;inWindow=true;time_close=08-03 15:47
2026-08-03T15:46:00.000+01:00,DIAG-DEDUP;CHFJPY;s=1;wOpened=08-03 15:29;nd=1;bestStored=08-03 15:29;bestStoredSlot=0;newWins=true
2026-08-03T15:46:00.000+01:00,DIAG-CLOSE;CHFJPY;s=3;prev=0;c=1;firstObs=false;slotOn=true;inWindow=true;time_close=08-03 15:47
2026-08-03T15:46:00.000+01:00,DIAG-DEDUP;CHFJPY;s=3;wOpened=08-03 15:37;nd=1;bestStored=08-03 15:29;bestStoredSlot=1;newWins=false
2026-08-03T15:58:00.000+01:00,DIAG-CLOSE;EURCHF;s=0;prev=3;c=4;firstObs=false;slotOn=true;inWindow=true;time_close=08-03 15:59
2026-08-03T15:58:00.000+01:00,DIAG-DEDUP;EURCHF;s=0;wOpened=08-03 15:50;nd=0;bestStored=none;bestStoredSlot=-1;newWins=true
2026-08-03T15:58:00.000+01:00,DIAG-CLOSE;EURCHF;s=1;prev=3;c=4;firstObs=false;slotOn=true;inWindow=true;time_close=08-03 15:59
2026-08-03T15:58:00.000+01:00,DIAG-DEDUP;EURCHF;s=1;wOpened=08-03 15:50;nd=1;bestStored=08-03 15:50;bestStoredSlot=0;newWins=true
2026-08-03T16:01:00.000+01:00,DIAG-CLOSE;EURJPY;s=6;prev=2;c=3;firstObs=false;slotOn=true;inWindow=true;time_close=08-03 16:02
2026-08-03T16:01:00.000+01:00,DIAG-DEDUP;EURJPY;s=6;wOpened=08-03 15:49;nd=0;bestStored=none;bestStoredSlot=-1;newWins=true
2026-08-03T16:06:00.000+01:00,DIAG-CLOSE;GBPCAD;s=0;prev=2;c=3;firstObs=false;slotOn=true;inWindow=true;time_close=08-03 16:07
2026-08-03T16:06:00.000+01:00,DIAG-DEDUP;GBPCAD;s=0;wOpened=08-03 16:02;nd=0;bestStored=none;bestStoredSlot=-1;newWins=true
2026-08-03T16:06:00.000+01:00,DIAG-CLOSE;GBPCAD;s=1;prev=3;c=4;firstObs=false;slotOn=true;inWindow=true;time_close=08-03 16:07
2026-08-03T16:06:00.000+01:00,DIAG-DEDUP;GBPCAD;s=1;wOpened=08-03 16:02;nd=1;bestStored=08-03 16:02;bestStoredSlot=0;newWins=true
2026-08-03T16:11:00.000+01:00,DIAG-CLOSE;USDCAD;s=0;prev=2;c=3;firstObs=false;slotOn=true;inWindow=true;time_close=08-03 16:12
2026-08-03T16:11:00.000+01:00,DIAG-DEDUP;USDCAD;s=0;wOpened=08-03 14:27;nd=0;bestStored=none;bestStoredSlot=-1;newWins=true
2026-08-03T16:11:00.000+01:00,DIAG-CLOSE;USDCAD;s=1;prev=2;c=3;firstObs=false;slotOn=true;inWindow=true;time_close=08-03 16:12
2026-08-03T16:11:00.000+01:00,DIAG-DEDUP;USDCAD;s=1;wOpened=08-03 14:27;nd=1;bestStored=08-03 14:27;bestStoredSlot=0;newWins=true
2026-08-03T16:11:00.000+01:00,DIAG-CLOSE;USDCAD;s=2;prev=1;c=2;firstObs=false;slotOn=true;inWindow=true;time_close=08-03 16:12
2026-08-03T16:11:00.000+01:00,DIAG-DEDUP;USDCAD;s=2;wOpened=08-03 14:33;nd=1;bestStored=08-03 14:27;bestStoredSlot=1;newWins=false
2026-08-03T16:11:00.000+01:00,DIAG-CLOSE;USDCAD;s=3;prev=1;c=2;firstObs=false;slotOn=true;inWindow=true;time_close=08-03 16:12
2026-08-03T16:11:00.000+01:00,DIAG-DEDUP;USDCAD;s=3;wOpened=08-03 14:33;nd=1;bestStored=08-03 14:27;bestStoredSlot=1;newWins=false
2026-08-03T16:11:00.000+01:00,DIAG-CLOSE;USDCAD;s=4;prev=1;c=2;firstObs=false;slotOn=true;inWindow=true;time_close=08-03 16:12
2026-08-03T16:11:00.000+01:00,DIAG-DEDUP;USDCAD;s=4;wOpened=08-03 14:40;nd=1;bestStored=08-03 14:27;bestStoredSlot=1;newWins=false
2026-08-03T16:17:00.000+01:00,DIAG-CLOSE;USDJPY;s=1;prev=3;c=4;firstObs=false;slotOn=true;inWindow=true;time_close=08-03 16:18
2026-08-03T16:17:00.000+01:00,DIAG-DEDUP;USDJPY;s=1;wOpened=08-03 16:16;nd=0;bestStored=none;bestStoredSlot=-1;newWins=true
2026-08-03T16:34:00.000+01:00,DIAG-CLOSE;EURJPY;s=0;prev=2;c=3;firstObs=false;slotOn=true;inWindow=true;time_close=08-03 16:35
2026-08-03T16:34:00.000+01:00,DIAG-DEDUP;EURJPY;s=0;wOpened=08-03 15:49;nd=1;bestStored=08-03 15:49;bestStoredSlot=6;newWins=false
2026-08-03T16:34:00.000+01:00,DIAG-CLOSE;EURJPY;s=1;prev=2;c=3;firstObs=false;slotOn=true;inWindow=true;time_close=08-03 16:35
2026-08-03T16:34:00.000+01:00,DIAG-DEDUP;EURJPY;s=1;wOpened=08-03 15:49;nd=1;bestStored=08-03 15:49;bestStoredSlot=6;newWins=false
2026-08-03T16:34:00.000+01:00,DIAG-CLOSE;EURJPY;s=2;prev=2;c=3;firstObs=false;slotOn=true;inWindow=true;time_close=08-03 16:35
2026-08-03T16:34:00.000+01:00,DIAG-DEDUP;EURJPY;s=2;wOpened=08-03 16:10;nd=0;bestStored=none;bestStoredSlot=-1;newWins=true
2026-08-03T16:34:00.000+01:00,DIAG-CLOSE;EURJPY;s=3;prev=2;c=3;firstObs=false;slotOn=true;inWindow=true;time_close=08-03 16:35
2026-08-03T16:34:00.000+01:00,DIAG-DEDUP;EURJPY;s=3;wOpened=08-03 16:10;nd=1;bestStored=08-03 16:10;bestStoredSlot=2;newWins=true
2026-08-03T16:34:00.000+01:00,DIAG-CLOSE;EURJPY;s=4;prev=2;c=3;firstObs=false;slotOn=true;inWindow=true;time_close=08-03 16:35
2026-08-03T16:34:00.000+01:00,DIAG-DEDUP;EURJPY;s=4;wOpened=08-03 16:11;nd=1;bestStored=08-03 16:10;bestStoredSlot=3;newWins=false
2026-08-03T16:34:00.000+01:00,DIAG-CLOSE;EURJPY;s=5;prev=2;c=3;firstObs=false;slotOn=true;inWindow=true;time_close=08-03 16:35
2026-08-03T16:34:00.000+01:00,DIAG-DEDUP;EURJPY;s=5;wOpened=08-03 16:10;nd=1;bestStored=08-03 16:10;bestStoredSlot=3;newWins=true
2026-08-03T16:34:00.000+01:00,DIAG-CLOSE;EURJPY;s=7;prev=0;c=1;firstObs=false;slotOn=true;inWindow=true;time_close=08-03 16:35
2026-08-03T16:34:00.000+01:00,DIAG-DEDUP;EURJPY;s=7;wOpened=08-03 16:12;nd=1;bestStored=08-03 16:10;bestStoredSlot=5;newWins=false
2026-08-03T16:50:00.000+01:00,DIAG-CLOSE;GBPJPY;s=0;prev=5;c=6;firstObs=false;slotOn=true;inWindow=true;time_close=08-03 16:51
2026-08-03T16:50:00.000+01:00,DIAG-DEDUP;GBPJPY;s=0;wOpened=08-03 16:27;nd=0;bestStored=none;bestStoredSlot=-1;newWins=true
2026-08-03T16:50:00.000+01:00,DIAG-CLOSE;GBPJPY;s=1;prev=5;c=6;firstObs=false;slotOn=true;inWindow=true;time_close=08-03 16:51
2026-08-03T16:50:00.000+01:00,DIAG-DEDUP;GBPJPY;s=1;wOpened=08-03 16:27;nd=1;bestStored=08-03 16:27;bestStoredSlot=0;newWins=true
2026-08-03T16:53:00.000+01:00,DIAG-CLOSE;USDCHF;s=0;prev=4;c=5;firstObs=false;slotOn=true;inWindow=true;time_close=08-03 16:54
2026-08-03T16:53:00.000+01:00,DIAG-DEDUP;USDCHF;s=0;wOpened=08-03 16:49;nd=0;bestStored=none;bestStoredSlot=-1;newWins=true
2026-08-03T16:53:00.000+01:00,DIAG-CLOSE;USDCHF;s=1;prev=4;c=5;firstObs=false;slotOn=true;inWindow=true;time_close=08-03 16:54
2026-08-03T16:53:00.000+01:00,DIAG-DEDUP;USDCHF;s=1;wOpened=08-03 16:49;nd=1;bestStored=08-03 16:49;bestStoredSlot=0;newWins=true
2026-08-03T16:53:00.000+01:00,DIAG-CLOSE;USDCHF;s=2;prev=2;c=3;firstObs=false;slotOn=true;inWindow=true;time_close=08-03 16:54
2026-08-03T16:53:00.000+01:00,DIAG-DEDUP;USDCHF;s=2;wOpened=08-03 16:50;nd=1;bestStored=08-03 16:49;bestStoredSlot=1;newWins=false
2026-08-03T16:53:00.000+01:00,DIAG-CLOSE;USDCHF;s=3;prev=2;c=3;firstObs=false;slotOn=true;inWindow=true;time_close=08-03 16:54
2026-08-03T16:53:00.000+01:00,DIAG-DEDUP;USDCHF;s=3;wOpened=08-03 16:50;nd=1;bestStored=08-03 16:49;bestStoredSlot=1;newWins=false
2026-08-03T17:13:00.000+01:00,DIAG-CLOSE;GBPCAD;s=0;prev=3;c=4;firstObs=false;slotOn=true;inWindow=true;time_close=08-03 17:14
2026-08-03T17:13:00.000+01:00,DIAG-DEDUP;GBPCAD;s=0;wOpened=08-03 17:04;nd=0;bestStored=none;bestStoredSlot=-1;newWins=true
2026-08-03T17:13:00.000+01:00,DIAG-CLOSE;GBPCAD;s=1;prev=4;c=5;firstObs=false;slotOn=true;inWindow=true;time_close=08-03 17:14
2026-08-03T17:13:00.000+01:00,DIAG-DEDUP;GBPCAD;s=1;wOpened=08-03 17:04;nd=1;bestStored=08-03 17:04;bestStoredSlot=0;newWins=true
2026-08-03T17:13:00.000+01:00,DIAG-CLOSE;GBPCAD;s=2;prev=1;c=2;firstObs=false;slotOn=true;inWindow=true;time_close=08-03 17:14
2026-08-03T17:13:00.000+01:00,DIAG-DEDUP;GBPCAD;s=2;wOpened=08-03 17:05;nd=1;bestStored=08-03 17:04;bestStoredSlot=1;newWins=false
2026-08-03T17:13:00.000+01:00,DIAG-CLOSE;GBPCAD;s=3;prev=0;c=1;firstObs=false;slotOn=true;inWindow=true;time_close=08-03 17:14
2026-08-03T17:13:00.000+01:00,DIAG-DEDUP;GBPCAD;s=3;wOpened=08-03 17:05;nd=1;bestStored=08-03 17:04;bestStoredSlot=1;newWins=false
2026-08-03T17:16:00.000+01:00,DIAG-CLOSE;EURGBP;s=0;prev=3;c=4;firstObs=false;slotOn=true;inWindow=true;time_close=08-03 17:17
2026-08-03T17:16:00.000+01:00,DIAG-DEDUP;EURGBP;s=0;wOpened=08-03 17:06;nd=0;bestStored=none;bestStoredSlot=-1;newWins=true
2026-08-03T17:16:00.000+01:00,DIAG-CLOSE;EURGBP;s=1;prev=4;c=5;firstObs=false;slotOn=true;inWindow=true;time_close=08-03 17:17
2026-08-03T17:16:00.000+01:00,DIAG-DEDUP;EURGBP;s=1;wOpened=08-03 17:06;nd=1;bestStored=08-03 17:06;bestStoredSlot=0;newWins=true
2026-08-03T17:16:00.000+01:00,DIAG-CLOSE;EURGBP;s=2;prev=3;c=4;firstObs=false;slotOn=true;inWindow=true;time_close=08-03 17:17
2026-08-03T17:16:00.000+01:00,DIAG-DEDUP;EURGBP;s=2;wOpened=08-03 17:15;nd=1;bestStored=08-03 17:06;bestStoredSlot=1;newWins=false
2026-08-03T17:16:00.000+01:00,DIAG-CLOSE;EURGBP;s=3;prev=2;c=3;firstObs=false;slotOn=true;inWindow=true;time_close=08-03 17:17
2026-08-03T17:16:00.000+01:00,DIAG-DEDUP;EURGBP;s=3;wOpened=08-03 17:15;nd=1;bestStored=08-03 17:06;bestStoredSlot=1;newWins=false
2026-08-03T17:20:00.000+01:00,DIAG-CLOSE;GBPAUD;s=0;prev=3;c=4;firstObs=false;slotOn=true;inWindow=true;time_close=08-03 17:21
2026-08-03T17:20:00.000+01:00,DIAG-DEDUP;GBPAUD;s=0;wOpened=08-03 17:04;nd=0;bestStored=none;bestStoredSlot=-1;newWins=true
2026-08-03T17:20:00.000+01:00,DIAG-CLOSE;GBPAUD;s=1;prev=4;c=5;firstObs=false;slotOn=true;inWindow=true;time_close=08-03 17:21
2026-08-03T17:20:00.000+01:00,DIAG-DEDUP;GBPAUD;s=1;wOpened=08-03 17:04;nd=1;bestStored=08-03 17:04;bestStoredSlot=0;newWins=true
2026-08-03T17:20:00.000+01:00,DIAG-CLOSE;GBPAUD;s=2;prev=1;c=2;firstObs=false;slotOn=true;inWindow=true;time_close=08-03 17:21
2026-08-03T17:20:00.000+01:00,DIAG-DEDUP;GBPAUD;s=2;wOpened=08-03 17:07;nd=1;bestStored=08-03 17:04;bestStoredSlot=1;newWins=false
2026-08-03T17:20:00.000+01:00,DIAG-CLOSE;GBPAUD;s=3;prev=1;c=2;firstObs=false;slotOn=true;inWindow=true;time_close=08-03 17:21
2026-08-03T17:20:00.000+01:00,DIAG-DEDUP;GBPAUD;s=3;wOpened=08-03 17:07;nd=1;bestStored=08-03 17:04;bestStoredSlot=1;newWins=false
2026-08-03T17:20:00.000+01:00,DIAG-CLOSE;GBPAUD;s=4;prev=1;c=2;firstObs=false;slotOn=true;inWindow=true;time_close=08-03 17:21
2026-08-03T17:20:00.000+01:00,DIAG-DEDUP;GBPAUD;s=4;wOpened=08-03 17:19;nd=1;bestStored=08-03 17:04;bestStoredSlot=1;newWins=false
2026-08-03T17:48:00.000+01:00,DIAG-CLOSE;GBPJPY;s=0;prev=6;c=7;firstObs=false;slotOn=true;inWindow=true;time_close=08-03 17:49
2026-08-03T17:48:00.000+01:00,DIAG-DEDUP;GBPJPY;s=0;wOpened=08-03 17:40;nd=0;bestStored=none;bestStoredSlot=-1;newWins=true
2026-08-03T17:48:00.000+01:00,DIAG-CLOSE;GBPJPY;s=1;prev=6;c=7;firstObs=false;slotOn=true;inWindow=true;time_close=08-03 17:49
2026-08-03T17:48:00.000+01:00,DIAG-DEDUP;GBPJPY;s=1;wOpened=08-03 17:40;nd=1;bestStored=08-03 17:40;bestStoredSlot=0;newWins=true
2026-08-03T17:48:00.000+01:00,DIAG-CLOSE;GBPJPY;s=7;prev=0;c=1;firstObs=false;slotOn=true;inWindow=true;time_close=08-03 17:49
2026-08-03T17:48:00.000+01:00,DIAG-DEDUP;GBPJPY;s=7;wOpened=08-03 17:40;nd=1;bestStored=08-03 17:40;bestStoredSlot=1;newWins=true
2026-08-03T17:49:00.000+01:00,DIAG-CLOSE;EURJPY;s=0;prev=3;c=4;firstObs=false;slotOn=true;inWindow=true;time_close=08-03 17:50
2026-08-03T17:49:00.000+01:00,DIAG-DEDUP;EURJPY;s=0;wOpened=08-03 17:48;nd=0;bestStored=none;bestStoredSlot=-1;newWins=true
2026-08-03T17:49:00.000+01:00,DIAG-CLOSE;EURJPY;s=1;prev=3;c=4;firstObs=false;slotOn=true;inWindow=true;time_close=08-03 17:50
2026-08-03T17:49:00.000+01:00,DIAG-DEDUP;EURJPY;s=1;wOpened=08-03 17:40;nd=1;bestStored=08-03 17:48;bestStoredSlot=0;newWins=true
2026-08-03T18:07:00.000+01:00,DIAG-CLOSE;USDJPY;s=0;prev=3;c=4;firstObs=false;slotOn=true;inWindow=true;time_close=08-03 18:08
2026-08-03T18:07:00.000+01:00,DIAG-DEDUP;USDJPY;s=0;wOpened=08-03 17:19;nd=0;bestStored=none;bestStoredSlot=-1;newWins=true
2026-08-03T18:07:00.000+01:00,DIAG-CLOSE;USDJPY;s=1;prev=4;c=5;firstObs=false;slotOn=true;inWindow=true;time_close=08-03 18:08
2026-08-03T18:07:00.000+01:00,DIAG-DEDUP;USDJPY;s=1;wOpened=08-03 17:39;nd=1;bestStored=08-03 17:19;bestStoredSlot=0;newWins=false
2026-08-03T18:07:00.000+01:00,DIAG-CLOSE;USDJPY;s=3;prev=1;c=2;firstObs=false;slotOn=true;inWindow=true;time_close=08-03 18:08
2026-08-03T18:07:00.000+01:00,DIAG-DEDUP;USDJPY;s=3;wOpened=08-03 17:20;nd=1;bestStored=08-03 17:19;bestStoredSlot=0;newWins=false
2026-08-03T18:12:00.000+01:00,DIAG-CLOSE;AUDCHF;s=0;prev=3;c=4;firstObs=false;slotOn=true;inWindow=true;time_close=08-03 18:13
2026-08-03T18:12:00.000+01:00,DIAG-DEDUP;AUDCHF;s=0;wOpened=08-03 17:52;nd=0;bestStored=none;bestStoredSlot=-1;newWins=true
2026-08-03T18:12:00.000+01:00,DIAG-CLOSE;AUDCHF;s=1;prev=3;c=4;firstObs=false;slotOn=true;inWindow=true;time_close=08-03 18:13
2026-08-03T18:12:00.000+01:00,DIAG-DEDUP;AUDCHF;s=1;wOpened=08-03 17:52;nd=1;bestStored=08-03 17:52;bestStoredSlot=0;newWins=true
2026-08-03T18:13:00.000+01:00,DIAG-CLOSE;AUDUSD;s=0;prev=1;c=2;firstObs=false;slotOn=true;inWindow=true;time_close=08-03 18:14
2026-08-03T18:13:00.000+01:00,DIAG-DEDUP;AUDUSD;s=0;wOpened=08-03 18:09;nd=0;bestStored=none;bestStoredSlot=-1;newWins=true
2026-08-03T18:13:00.000+01:00,DIAG-CLOSE;AUDUSD;s=1;prev=1;c=2;firstObs=false;slotOn=true;inWindow=true;time_close=08-03 18:14
2026-08-03T18:13:00.000+01:00,DIAG-DEDUP;AUDUSD;s=1;wOpened=08-03 18:09;nd=1;bestStored=08-03 18:09;bestStoredSlot=0;newWins=true
2026-08-03T18:48:00.000+01:00,DIAG-CLOSE;AUDCAD;s=0;prev=2;c=3;firstObs=false;slotOn=true;inWindow=true;time_close=08-03 18:49
2026-08-03T18:48:00.000+01:00,DIAG-DEDUP;AUDCAD;s=0;wOpened=08-03 18:41;nd=0;bestStored=none;bestStoredSlot=-1;newWins=true
2026-08-03T18:48:00.000+01:00,DIAG-CLOSE;AUDCAD;s=1;prev=2;c=3;firstObs=false;slotOn=true;inWindow=true;time_close=08-03 18:49
2026-08-03T18:48:00.000+01:00,DIAG-DEDUP;AUDCAD;s=1;wOpened=08-03 18:41;nd=1;bestStored=08-03 18:41;bestStoredSlot=0;newWins=true
2026-08-03T19:12:00.000+01:00,DIAG-CLOSE;EURUSD;s=0;prev=5;c=6;firstObs=false;slotOn=true;inWindow=true;time_close=08-03 19:13
2026-08-03T19:12:00.000+01:00,DIAG-DEDUP;EURUSD;s=0;wOpened=08-03 19:01;nd=0;bestStored=none;bestStoredSlot=-1;newWins=true
2026-08-03T19:12:00.000+01:00,DIAG-CLOSE;EURUSD;s=1;prev=5;c=6;firstObs=false;slotOn=true;inWindow=true;time_close=08-03 19:13
2026-08-03T19:12:00.000+01:00,DIAG-DEDUP;EURUSD;s=1;wOpened=08-03 19:01;nd=1;bestStored=08-03 19:01;bestStoredSlot=0;newWins=true
2026-08-03T19:12:00.000+01:00,DIAG-CLOSE;EURUSD;s=2;prev=2;c=3;firstObs=false;slotOn=true;inWindow=true;time_close=08-03 19:13
2026-08-03T19:12:00.000+01:00,DIAG-DEDUP;EURUSD;s=2;wOpened=08-03 19:11;nd=1;bestStored=08-03 19:01;bestStoredSlot=1;newWins=false
2026-08-03T19:12:00.000+01:00,DIAG-CLOSE;EURUSD;s=3;prev=2;c=3;firstObs=false;slotOn=true;inWindow=true;time_close=08-03 19:13
2026-08-03T19:12:00.000+01:00,DIAG-DEDUP;EURUSD;s=3;wOpened=08-03 19:11;nd=1;bestStored=08-03 19:01;bestStoredSlot=1;newWins=false
2026-08-03T19:12:00.000+01:00,DIAG-CLOSE;EURUSD;s=5;prev=0;c=1;firstObs=false;slotOn=true;inWindow=true;time_close=08-03 19:13
2026-08-03T19:12:00.000+01:00,DIAG-DEDUP;EURUSD;s=5;wOpened=08-03 19:11;nd=1;bestStored=08-03 19:01;bestStoredSlot=1;newWins=false
2026-08-03T19:20:00.000+01:00,DIAG-CLOSE;EURCAD;s=0;prev=2;c=3;firstObs=false;slotOn=true;inWindow=true;time_close=08-03 19:21
2026-08-03T19:20:00.000+01:00,DIAG-DEDUP;EURCAD;s=0;wOpened=08-03 19:07;nd=0;bestStored=none;bestStoredSlot=-1;newWins=true
2026-08-03T19:20:00.000+01:00,DIAG-CLOSE;EURCAD;s=1;prev=2;c=3;firstObs=false;slotOn=true;inWindow=true;time_close=08-03 19:21
2026-08-03T19:20:00.000+01:00,DIAG-DEDUP;EURCAD;s=1;wOpened=08-03 19:07;nd=1;bestStored=08-03 19:07;bestStoredSlot=0;newWins=true
2026-08-03T19:20:00.000+01:00,DIAG-CLOSE;EURCAD;s=2;prev=1;c=2;firstObs=false;slotOn=true;inWindow=true;time_close=08-03 19:21
2026-08-03T19:20:00.000+01:00,DIAG-DEDUP;EURCAD;s=2;wOpened=08-03 19:07;nd=1;bestStored=08-03 19:07;bestStoredSlot=1;newWins=true
2026-08-03T19:20:00.000+01:00,DIAG-CLOSE;EURCAD;s=3;prev=0;c=1;firstObs=false;slotOn=true;inWindow=true;time_close=08-03 19:21
2026-08-03T19:20:00.000+01:00,DIAG-DEDUP;EURCAD;s=3;wOpened=08-03 19:10;nd=1;bestStored=08-03 19:07;bestStoredSlot=2;newWins=false
2026-08-03T19:20:00.000+01:00,DIAG-CLOSE;EURCAD;s=4;prev=0;c=1;firstObs=false;slotOn=true;inWindow=true;time_close=08-03 19:21
2026-08-03T19:20:00.000+01:00,DIAG-DEDUP;EURCAD;s=4;wOpened=08-03 19:10;nd=1;bestStored=08-03 19:07;bestStoredSlot=2;newWins=false
2026-08-03T19:20:00.000+01:00,DIAG-CLOSE;EURCAD;s=7;prev=0;c=1;firstObs=false;slotOn=true;inWindow=true;time_close=08-03 19:21
2026-08-03T19:20:00.000+01:00,DIAG-DEDUP;EURCAD;s=7;wOpened=08-03 19:10;nd=1;bestStored=08-03 19:07;bestStoredSlot=2;newWins=false
2026-08-03T19:51:00.000+01:00,DIAG-CLOSE;AUDUSD;s=0;prev=2;c=3;firstObs=false;slotOn=true;inWindow=true;time_close=08-03 19:52
2026-08-03T19:51:00.000+01:00,DIAG-DEDUP;AUDUSD;s=0;wOpened=08-03 19:12;nd=0;bestStored=none;bestStoredSlot=-1;newWins=true
2026-08-03T19:51:00.000+01:00,DIAG-CLOSE;AUDUSD;s=1;prev=2;c=3;firstObs=false;slotOn=true;inWindow=true;time_close=08-03 19:52
2026-08-03T19:51:00.000+01:00,DIAG-DEDUP;AUDUSD;s=1;wOpened=08-03 19:12;nd=1;bestStored=08-03 19:12;bestStoredSlot=0;newWins=true
2026-08-03T19:51:00.000+01:00,DIAG-CLOSE;AUDUSD;s=2;prev=1;c=2;firstObs=false;slotOn=true;inWindow=true;time_close=08-03 19:52
2026-08-03T19:51:00.000+01:00,DIAG-DEDUP;AUDUSD;s=2;wOpened=08-03 19:23;nd=1;bestStored=08-03 19:12;bestStoredSlot=1;newWins=false
2026-08-03T19:51:00.000+01:00,DIAG-CLOSE;AUDUSD;s=3;prev=1;c=2;firstObs=false;slotOn=true;inWindow=true;time_close=08-03 19:52
2026-08-03T19:51:00.000+01:00,DIAG-DEDUP;AUDUSD;s=3;wOpened=08-03 19:23;nd=1;bestStored=08-03 19:12;bestStoredSlot=1;newWins=false
2026-08-03T19:51:00.000+01:00,DIAG-CLOSE;AUDUSD;s=4;prev=0;c=1;firstObs=false;slotOn=true;inWindow=true;time_close=08-03 19:52
2026-08-03T19:51:00.000+01:00,DIAG-DEDUP;AUDUSD;s=4;wOpened=08-03 19:28;nd=1;bestStored=08-03 19:12;bestStoredSlot=1;newWins=false
2026-08-03T19:51:00.000+01:00,DIAG-CLOSE;AUDUSD;s=5;prev=1;c=2;firstObs=false;slotOn=true;inWindow=true;time_close=08-03 19:52
2026-08-03T19:51:00.000+01:00,DIAG-DEDUP;AUDUSD;s=5;wOpened=08-03 19:11;nd=1;bestStored=08-03 19:12;bestStoredSlot=1;newWins=true
2026-08-03T20:15:00.000+01:00,DIAG-CLOSE;EURJPY;s=0;prev=4;c=5;firstObs=false;slotOn=true;inWindow=true;time_close=08-03 20:16
2026-08-03T20:15:00.000+01:00,DIAG-DEDUP;EURJPY;s=0;wOpened=08-03 20:00;nd=0;bestStored=none;bestStoredSlot=-1;newWins=true
2026-08-03T20:15:00.000+01:00,DIAG-CLOSE;EURJPY;s=1;prev=4;c=5;firstObs=false;slotOn=true;inWindow=true;time_close=08-03 20:16
2026-08-03T20:15:00.000+01:00,DIAG-DEDUP;EURJPY;s=1;wOpened=08-03 20:00;nd=1;bestStored=08-03 20:00;bestStoredSlot=0;newWins=true
2026-08-03T20:15:00.000+01:00,DIAG-CLOSE;GBPAUD;s=0;prev=4;c=5;firstObs=false;slotOn=true;inWindow=true;time_close=08-03 20:16
2026-08-03T20:15:00.000+01:00,DIAG-DEDUP;GBPAUD;s=0;wOpened=08-03 19:26;nd=0;bestStored=none;bestStoredSlot=-1;newWins=true
2026-08-03T20:15:00.000+01:00,DIAG-CLOSE;GBPAUD;s=1;prev=5;c=6;firstObs=false;slotOn=true;inWindow=true;time_close=08-03 20:16
2026-08-03T20:15:00.000+01:00,DIAG-DEDUP;GBPAUD;s=1;wOpened=08-03 19:26;nd=1;bestStored=08-03 19:26;bestStoredSlot=0;newWins=true
2026-08-03T20:15:00.000+01:00,DIAG-CLOSE;GBPAUD;s=2;prev=2;c=3;firstObs=false;slotOn=true;inWindow=true;time_close=08-03 20:16
2026-08-03T20:15:00.000+01:00,DIAG-DEDUP;GBPAUD;s=2;wOpened=08-03 20:04;nd=1;bestStored=08-03 19:26;bestStoredSlot=1;newWins=false
2026-08-03T20:15:00.000+01:00,DIAG-CLOSE;GBPAUD;s=3;prev=2;c=3;firstObs=false;slotOn=true;inWindow=true;time_close=08-03 20:16
2026-08-03T20:15:00.000+01:00,DIAG-DEDUP;GBPAUD;s=3;wOpened=08-03 20:04;nd=1;bestStored=08-03 19:26;bestStoredSlot=1;newWins=false
2026-08-03T20:15:00.000+01:00,DIAG-CLOSE;GBPAUD;s=4;prev=2;c=3;firstObs=false;slotOn=true;inWindow=true;time_close=08-03 20:16
2026-08-03T20:15:00.000+01:00,DIAG-DEDUP;GBPAUD;s=4;wOpened=08-03 20:05;nd=1;bestStored=08-03 19:26;bestStoredSlot=1;newWins=false
2026-08-03T20:40:00.000+01:00,DIAG-CLOSE;GBPCAD;s=6;prev=0;c=1;firstObs=false;slotOn=true;inWindow=true;time_close=08-03 20:41
2026-08-03T20:40:00.000+01:00,DIAG-DEDUP;GBPCAD;s=6;wOpened=08-03 19:31;nd=0;bestStored=none;bestStoredSlot=-1;newWins=true
2026-08-03T20:42:00.000+01:00,DIAG-CLOSE;AUDUSD;s=0;prev=3;c=4;firstObs=false;slotOn=true;inWindow=true;time_close=08-03 20:43
2026-08-03T20:42:00.000+01:00,DIAG-DEDUP;AUDUSD;s=0;wOpened=08-03 20:21;nd=0;bestStored=none;bestStoredSlot=-1;newWins=true
2026-08-03T20:45:00.000+01:00,DIAG-CLOSE;EURAUD;s=0;prev=2;c=3;firstObs=false;slotOn=true;inWindow=true;time_close=08-03 20:46
2026-08-03T20:45:00.000+01:00,DIAG-DEDUP;EURAUD;s=0;wOpened=08-03 20:32;nd=0;bestStored=none;bestStoredSlot=-1;newWins=true
2026-08-03T20:45:00.000+01:00,DIAG-CLOSE;EURAUD;s=1;prev=1;c=2;firstObs=false;slotOn=true;inWindow=true;time_close=08-03 20:46
2026-08-03T20:45:00.000+01:00,DIAG-DEDUP;EURAUD;s=1;wOpened=08-03 20:44;nd=1;bestStored=08-03 20:32;bestStoredSlot=0;newWins=false
2026-08-03T20:45:00.000+01:00,DIAG-CLOSE;EURAUD;s=3;prev=1;c=2;firstObs=false;slotOn=true;inWindow=true;time_close=08-03 20:46
2026-08-03T20:45:00.000+01:00,DIAG-DEDUP;EURAUD;s=3;wOpened=08-03 20:44;nd=1;bestStored=08-03 20:32;bestStoredSlot=0;newWins=false
2026-08-03T20:56:00.000+01:00,DIAG-CLOSE;GBPCAD;s=0;prev=4;c=5;firstObs=false;slotOn=true;inWindow=true;time_close=08-03 20:57
2026-08-03T20:56:00.000+01:00,DIAG-DEDUP;GBPCAD;s=0;wOpened=08-03 19:56;nd=1;bestStored=08-03 19:31;bestStoredSlot=6;newWins=false
2026-08-03T20:56:00.000+01:00,DIAG-CLOSE;GBPCAD;s=1;prev=5;c=6;firstObs=false;slotOn=true;inWindow=true;time_close=08-03 20:57
2026-08-03T20:56:00.000+01:00,DIAG-DEDUP;GBPCAD;s=1;wOpened=08-03 19:23;nd=1;bestStored=08-03 19:31;bestStoredSlot=6;newWins=true
2026-08-03T20:56:00.000+01:00,DIAG-CLOSE;GBPCAD;s=2;prev=2;c=3;firstObs=false;slotOn=true;inWindow=true;time_close=08-03 20:57
2026-08-03T20:56:00.000+01:00,DIAG-DEDUP;GBPCAD;s=2;wOpened=08-03 19:56;nd=1;bestStored=08-03 19:23;bestStoredSlot=1;newWins=false
2026-08-03T20:56:00.000+01:00,DIAG-CLOSE;GBPCAD;s=3;prev=1;c=2;firstObs=false;slotOn=true;inWindow=true;time_close=08-03 20:57
2026-08-03T20:56:00.000+01:00,DIAG-DEDUP;GBPCAD;s=3;wOpened=08-03 20:08;nd=1;bestStored=08-03 19:23;bestStoredSlot=1;newWins=false
2026-08-03T20:56:00.000+01:00,DIAG-CLOSE;GBPCAD;s=4;prev=0;c=1;firstObs=false;slotOn=true;inWindow=true;time_close=08-03 20:57
2026-08-03T20:56:00.000+01:00,DIAG-DEDUP;GBPCAD;s=4;wOpened=08-03 20:08;nd=1;bestStored=08-03 19:23;bestStoredSlot=1;newWins=false
2026-08-03T20:56:00.000+01:00,DIAG-CLOSE;AUDCAD;s=0;prev=3;c=4;firstObs=false;slotOn=true;inWindow=true;time_close=08-03 20:57
2026-08-03T20:56:00.000+01:00,DIAG-DEDUP;AUDCAD;s=0;wOpened=08-03 20:52;nd=0;bestStored=none;bestStoredSlot=-1;newWins=true
2026-08-03T20:56:00.000+01:00,DIAG-CLOSE;AUDCAD;s=1;prev=3;c=4;firstObs=false;slotOn=true;inWindow=true;time_close=08-03 20:57
2026-08-03T20:56:00.000+01:00,DIAG-DEDUP;AUDCAD;s=1;wOpened=08-03 20:52;nd=1;bestStored=08-03 20:52;bestStoredSlot=0;newWins=true
2026-08-03T20:56:00.000+01:00,DIAG-CLOSE;AUDCAD;s=2;prev=1;c=2;firstObs=false;slotOn=true;inWindow=true;time_close=08-03 20:57
2026-08-03T20:56:00.000+01:00,DIAG-DEDUP;AUDCAD;s=2;wOpened=08-03 20:55;nd=1;bestStored=08-03 20:52;bestStoredSlot=1;newWins=false
2026-08-03T20:56:00.000+01:00,DIAG-CLOSE;AUDCAD;s=3;prev=1;c=2;firstObs=false;slotOn=true;inWindow=true;time_close=08-03 20:57
2026-08-03T20:56:00.000+01:00,DIAG-DEDUP;AUDCAD;s=3;wOpened=08-03 20:55;nd=1;bestStored=08-03 20:52;bestStoredSlot=1;newWins=false
2026-08-03T21:40:00.000+01:00,DIAG-CLOSE;AUDCAD;s=7;prev=0;c=1;firstObs=false;slotOn=true;inWindow=true;time_close=08-03 21:41
2026-08-03T21:40:00.000+01:00,DIAG-DEDUP;AUDCAD;s=7;wOpened=08-03 21:39;nd=0;bestStored=none;bestStoredSlot=-1;newWins=true
2026-08-03T21:52:00.000+01:00,DIAG-CLOSE;GBPAUD;s=0;prev=5;c=6;firstObs=false;slotOn=true;inWindow=true;time_close=08-03 21:53
2026-08-03T21:52:00.000+01:00,DIAG-DEDUP;GBPAUD;s=0;wOpened=08-03 21:39;nd=0;bestStored=none;bestStoredSlot=-1;newWins=true
2026-08-03T21:52:00.000+01:00,DIAG-CLOSE;GBPAUD;s=1;prev=6;c=7;firstObs=false;slotOn=true;inWindow=true;time_close=08-03 21:53
2026-08-03T21:52:00.000+01:00,DIAG-DEDUP;GBPAUD;s=1;wOpened=08-03 21:39;nd=1;bestStored=08-03 21:39;bestStoredSlot=0;newWins=true
2026-08-03T21:52:00.000+01:00,DIAG-CLOSE;GBPAUD;s=2;prev=3;c=4;firstObs=false;slotOn=true;inWindow=true;time_close=08-03 21:53
2026-08-03T21:52:00.000+01:00,DIAG-DEDUP;GBPAUD;s=2;wOpened=08-03 21:40;nd=1;bestStored=08-03 21:39;bestStoredSlot=1;newWins=false
2026-08-03T21:52:00.000+01:00,DIAG-CLOSE;GBPAUD;s=3;prev=3;c=4;firstObs=false;slotOn=true;inWindow=true;time_close=08-03 21:53
2026-08-03T21:52:00.000+01:00,DIAG-DEDUP;GBPAUD;s=3;wOpened=08-03 21:40;nd=1;bestStored=08-03 21:39;bestStoredSlot=1;newWins=false
2026-08-03T21:55:00.000+01:00,DIAG-CLOSE;EURAUD;s=0;prev=3;c=4;firstObs=false;slotOn=true;inWindow=true;time_close=08-03 21:56
2026-08-03T21:55:00.000+01:00,DIAG-DEDUP;EURAUD;s=0;wOpened=08-03 21:54;nd=0;bestStored=none;bestStoredSlot=-1;newWins=true
2026-08-03T21:55:00.000+01:00,DIAG-CLOSE;EURAUD;s=1;prev=2;c=3;firstObs=false;slotOn=true;inWindow=true;time_close=08-03 21:56
2026-08-03T21:55:00.000+01:00,DIAG-DEDUP;EURAUD;s=1;wOpened=08-03 21:54;nd=1;bestStored=08-03 21:54;bestStoredSlot=0;newWins=true
2026-08-03T22:05:00.000+01:00,DIAG-CLOSE;EURGBP;s=0;prev=4;c=5;firstObs=false;slotOn=true;inWindow=true;time_close=08-03 22:06
2026-08-03T22:05:00.000+01:00,DIAG-DEDUP;EURGBP;s=0;wOpened=08-03 22:02;nd=0;bestStored=none;bestStoredSlot=-1;newWins=true
2026-08-03T22:05:00.000+01:00,DIAG-CLOSE;EURGBP;s=1;prev=5;c=6;firstObs=false;slotOn=true;inWindow=true;time_close=08-03 22:06
2026-08-03T22:05:00.000+01:00,DIAG-DEDUP;EURGBP;s=1;wOpened=08-03 22:02;nd=1;bestStored=08-03 22:02;bestStoredSlot=0;newWins=true
2026-08-03T22:05:00.000+01:00,DIAG-CLOSE;EURGBP;s=2;prev=4;c=5;firstObs=false;slotOn=true;inWindow=true;time_close=08-03 22:06
2026-08-03T22:05:00.000+01:00,DIAG-DEDUP;EURGBP;s=2;wOpened=08-03 22:03;nd=1;bestStored=08-03 22:02;bestStoredSlot=1;newWins=false
2026-08-03T22:05:00.000+01:00,DIAG-CLOSE;EURGBP;s=3;prev=3;c=4;firstObs=false;slotOn=true;inWindow=true;time_close=08-03 22:06
2026-08-03T22:05:00.000+01:00,DIAG-DEDUP;EURGBP;s=3;wOpened=08-03 22:03;nd=1;bestStored=08-03 22:02;bestStoredSlot=1;newWins=false
2026-08-03T22:10:00.000+01:00,DIAG-CLOSE;USDCHF;s=0;prev=5;c=6;firstObs=false;slotOn=true;inWindow=true;time_close=08-03 22:11
2026-08-03T22:10:00.000+01:00,DIAG-DEDUP;USDCHF;s=0;wOpened=08-03 22:06;nd=0;bestStored=none;bestStoredSlot=-1;newWins=true
2026-08-03T22:10:00.000+01:00,DIAG-CLOSE;USDCHF;s=1;prev=5;c=6;firstObs=false;slotOn=true;inWindow=true;time_close=08-03 22:11
2026-08-03T22:10:00.000+01:00,DIAG-DEDUP;USDCHF;s=1;wOpened=08-03 22:06;nd=1;bestStored=08-03 22:06;bestStoredSlot=0;newWins=true
2026-08-03T22:10:00.000+01:00,DIAG-CLOSE;AUDCHF;s=0;prev=4;c=5;firstObs=false;slotOn=true;inWindow=true;time_close=08-03 22:11
2026-08-03T22:10:00.000+01:00,DIAG-DEDUP;AUDCHF;s=0;wOpened=08-03 22:07;nd=0;bestStored=none;bestStoredSlot=-1;newWins=true
2026-08-03T22:10:00.000+01:00,DIAG-CLOSE;AUDCHF;s=1;prev=4;c=5;firstObs=false;slotOn=true;inWindow=true;time_close=08-03 22:11
2026-08-03T22:10:00.000+01:00,DIAG-DEDUP;AUDCHF;s=1;wOpened=08-03 22:07;nd=1;bestStored=08-03 22:07;bestStoredSlot=0;newWins=true
2026-08-03T22:29:00.000+01:00,DIAG-CLOSE;CADCHF;s=5;prev=0;c=1;firstObs=false;slotOn=true;inWindow=true;time_close=08-03 22:30
2026-08-03T22:29:00.000+01:00,DIAG-DEDUP;CADCHF;s=5;wOpened=08-03 22:28;nd=0;bestStored=none;bestStoredSlot=-1;newWins=true
2026-08-03T22:31:00.000+01:00,DIAG-CLOSE;EURCHF;s=0;prev=4;c=5;firstObs=false;slotOn=true;inWindow=true;time_close=08-03 22:32
2026-08-03T22:31:00.000+01:00,DIAG-DEDUP;EURCHF;s=0;wOpened=08-03 21:55;nd=0;bestStored=none;bestStoredSlot=-1;newWins=true
2026-08-03T22:31:00.000+01:00,DIAG-CLOSE;EURCHF;s=1;prev=4;c=5;firstObs=false;slotOn=true;inWindow=true;time_close=08-03 22:32
2026-08-03T22:31:00.000+01:00,DIAG-DEDUP;EURCHF;s=1;wOpened=08-03 21:55;nd=1;bestStored=08-03 21:55;bestStoredSlot=0;newWins=true
2026-08-03T22:31:00.000+01:00,DIAG-CLOSE;EURCHF;s=2;prev=2;c=3;firstObs=false;slotOn=true;inWindow=true;time_close=08-03 22:32
2026-08-03T22:31:00.000+01:00,DIAG-DEDUP;EURCHF;s=2;wOpened=08-03 21:59;nd=1;bestStored=08-03 21:55;bestStoredSlot=1;newWins=false
2026-08-03T22:31:00.000+01:00,DIAG-CLOSE;EURCHF;s=3;prev=3;c=4;firstObs=false;slotOn=true;inWindow=true;time_close=08-03 22:32
2026-08-03T22:31:00.000+01:00,DIAG-DEDUP;EURCHF;s=3;wOpened=08-03 21:59;nd=1;bestStored=08-03 21:55;bestStoredSlot=1;newWins=false
2026-08-03T22:31:00.000+01:00,DIAG-CLOSE;EURCHF;s=4;prev=0;c=1;firstObs=false;slotOn=true;inWindow=true;time_close=08-03 22:32
2026-08-03T22:31:00.000+01:00,DIAG-DEDUP;EURCHF;s=4;wOpened=08-03 22:06;nd=1;bestStored=08-03 21:55;bestStoredSlot=1;newWins=false
2026-08-03T22:34:00.000+01:00,DIAG-CLOSE;EURGBP;s=5;prev=1;c=2;firstObs=false;slotOn=true;inWindow=true;time_close=08-03 22:35
2026-08-03T22:34:00.000+01:00,DIAG-DEDUP;EURGBP;s=5;wOpened=08-03 22:33;nd=0;bestStored=none;bestStoredSlot=-1;newWins=true
2026-08-03T22:48:00.000+01:00,DIAG-CLOSE;EURCHF;s=5;prev=0;c=1;firstObs=false;slotOn=true;inWindow=true;time_close=08-03 22:49
2026-08-03T22:48:00.000+01:00,DIAG-DEDUP;EURCHF;s=5;wOpened=08-03 21:59;nd=1;bestStored=08-03 21:55;bestStoredSlot=1;newWins=false
2026-08-03T22:48:00.000+01:00,DIAG-CLOSE;CADCHF;s=0;prev=1;c=2;firstObs=false;slotOn=true;inWindow=true;time_close=08-03 22:49
2026-08-03T22:48:00.000+01:00,DIAG-DEDUP;CADCHF;s=0;wOpened=08-03 22:16;nd=1;bestStored=08-03 22:28;bestStoredSlot=5;newWins=true
2026-08-03T22:48:00.000+01:00,DIAG-CLOSE;CADCHF;s=1;prev=1;c=2;firstObs=false;slotOn=true;inWindow=true;time_close=08-03 22:49
2026-08-03T22:48:00.000+01:00,DIAG-DEDUP;CADCHF;s=1;wOpened=08-03 22:16;nd=1;bestStored=08-03 22:16;bestStoredSlot=0;newWins=true
2026-08-03T22:48:00.000+01:00,DIAG-CLOSE;CADCHF;s=2;prev=0;c=1;firstObs=false;slotOn=true;inWindow=true;time_close=08-03 22:49
2026-08-03T22:48:00.000+01:00,DIAG-DEDUP;CADCHF;s=2;wOpened=08-03 22:45;nd=1;bestStored=08-03 22:16;bestStoredSlot=1;newWins=false
2026-08-03T22:48:00.000+01:00,DIAG-CLOSE;CADCHF;s=3;prev=0;c=1;firstObs=false;slotOn=true;inWindow=true;time_close=08-03 22:49
2026-08-03T22:48:00.000+01:00,DIAG-DEDUP;CADCHF;s=3;wOpened=08-03 22:45;nd=1;bestStored=08-03 22:16;bestStoredSlot=1;newWins=false
2026-08-03T23:04:00.000+01:00,DIAG-CLOSE;AUDCAD;s=0;prev=4;c=5;firstObs=false;slotOn=true;inWindow=true;time_close=08-03 23:05
2026-08-03T23:04:00.000+01:00,DIAG-DEDUP;AUDCAD;s=0;wOpened=08-03 22:44;nd=0;bestStored=none;bestStoredSlot=-1;newWins=true
2026-08-03T23:04:00.000+01:00,DIAG-CLOSE;AUDCAD;s=1;prev=4;c=5;firstObs=false;slotOn=true;inWindow=true;time_close=08-03 23:05
2026-08-03T23:04:00.000+01:00,DIAG-DEDUP;AUDCAD;s=1;wOpened=08-03 22:44;nd=1;bestStored=08-03 22:44;bestStoredSlot=0;newWins=true
2026-08-03T23:04:00.000+01:00,DIAG-CLOSE;AUDCAD;s=2;prev=2;c=3;firstObs=false;slotOn=true;inWindow=true;time_close=08-03 23:05
2026-08-03T23:04:00.000+01:00,DIAG-DEDUP;AUDCAD;s=2;wOpened=08-03 22:52;nd=1;bestStored=08-03 22:44;bestStoredSlot=1;newWins=false
2026-08-03T23:04:00.000+01:00,DIAG-CLOSE;AUDCAD;s=3;prev=2;c=3;firstObs=false;slotOn=true;inWindow=true;time_close=08-03 23:05
2026-08-03T23:04:00.000+01:00,DIAG-DEDUP;AUDCAD;s=3;wOpened=08-03 22:45;nd=1;bestStored=08-03 22:44;bestStoredSlot=1;newWins=false
2026-08-03T23:04:00.000+01:00,DIAG-CLOSE;AUDCAD;s=4;prev=0;c=1;firstObs=false;slotOn=true;inWindow=true;time_close=08-03 23:05
2026-08-03T23:04:00.000+01:00,DIAG-DEDUP;AUDCAD;s=4;wOpened=08-03 22:53;nd=1;bestStored=08-03 22:44;bestStoredSlot=1;newWins=false
2026-08-03T23:04:00.000+01:00,DIAG-CLOSE;AUDCAD;s=5;prev=1;c=2;firstObs=false;slotOn=true;inWindow=true;time_close=08-03 23:05
2026-08-03T23:04:00.000+01:00,DIAG-DEDUP;AUDCAD;s=5;wOpened=08-03 22:52;nd=1;bestStored=08-03 22:44;bestStoredSlot=1;newWins=false
2026-08-03T23:49:00.000+01:00,DIAG-CLOSE;EURUSD;s=0;prev=6;c=7;firstObs=false;slotOn=true;inWindow=true;time_close=08-03 23:50
2026-08-03T23:49:00.000+01:00,DIAG-DEDUP;EURUSD;s=0;wOpened=08-03 23:02;nd=0;bestStored=none;bestStoredSlot=-1;newWins=true
2026-08-03T23:49:00.000+01:00,DIAG-CLOSE;EURUSD;s=1;prev=6;c=7;firstObs=false;slotOn=true;inWindow=true;time_close=08-03 23:50
2026-08-03T23:49:00.000+01:00,DIAG-DEDUP;EURUSD;s=1;wOpened=08-03 23:02;nd=1;bestStored=08-03 23:02;bestStoredSlot=0;newWins=true
2026-08-03T23:49:00.000+01:00,DIAG-CLOSE;EURUSD;s=2;prev=3;c=4;firstObs=false;slotOn=true;inWindow=true;time_close=08-03 23:50
2026-08-03T23:49:00.000+01:00,DIAG-DEDUP;EURUSD;s=2;wOpened=08-03 23:30;nd=1;bestStored=08-03 23:02;bestStoredSlot=1;newWins=false
2026-08-03T23:49:00.000+01:00,DIAG-CLOSE;EURUSD;s=3;prev=3;c=4;firstObs=false;slotOn=true;inWindow=true;time_close=08-03 23:50
2026-08-03T23:49:00.000+01:00,DIAG-DEDUP;EURUSD;s=3;wOpened=08-03 23:30;nd=1;bestStored=08-03 23:02;bestStoredSlot=1;newWins=false
2026-08-03T23:49:00.000+01:00,DIAG-CLOSE;EURUSD;s=5;prev=1;c=2;firstObs=false;slotOn=true;inWindow=true;time_close=08-03 23:50
2026-08-03T23:49:00.000+01:00,DIAG-DEDUP;EURUSD;s=5;wOpened=08-03 23:02;nd=1;bestStored=08-03 23:02;bestStoredSlot=1;newWins=true
2026-08-03T23:49:00.000+01:00,DIAG-CLOSE;EURUSD;s=6;prev=0;c=1;firstObs=false;slotOn=true;inWindow=true;time_close=08-03 23:50
2026-08-03T23:49:00.000+01:00,DIAG-DEDUP;EURUSD;s=6;wOpened=08-03 23:02;nd=1;bestStored=08-03 23:02;bestStoredSlot=5;newWins=true
2026-08-03T23:50:00.000+01:00,DIAG-CLOSE;USDCAD;s=0;prev=3;c=4;firstObs=false;slotOn=true;inWindow=true;time_close=08-03 23:51
2026-08-03T23:50:00.000+01:00,DIAG-DEDUP;USDCAD;s=0;wOpened=08-03 23:49;nd=0;bestStored=none;bestStoredSlot=-1;newWins=true
2026-08-03T23:50:00.000+01:00,DIAG-CLOSE;USDCAD;s=1;prev=3;c=4;firstObs=false;slotOn=true;inWindow=true;time_close=08-03 23:51
2026-08-03T23:50:00.000+01:00,DIAG-DEDUP;USDCAD;s=1;wOpened=08-03 23:49;nd=1;bestStored=08-03 23:49;bestStoredSlot=0;newWins=true
2026-08-03T23:52:00.000+01:00,DIAG-CLOSE;EURAUD;s=0;prev=4;c=5;firstObs=false;slotOn=true;inWindow=true;time_close=08-03 23:53
2026-08-03T23:52:00.000+01:00,DIAG-DEDUP;EURAUD;s=0;wOpened=08-03 23:47;nd=0;bestStored=none;bestStoredSlot=-1;newWins=true
2026-08-03T23:52:00.000+01:00,DIAG-CLOSE;EURAUD;s=1;prev=3;c=4;firstObs=false;slotOn=true;inWindow=true;time_close=08-03 23:53
2026-08-03T23:52:00.000+01:00,DIAG-DEDUP;EURAUD;s=1;wOpened=08-03 23:51;nd=1;bestStored=08-03 23:47;bestStoredSlot=0;newWins=false
2026-08-03T23:52:00.000+01:00,DIAG-CLOSE;EURAUD;s=3;prev=2;c=3;firstObs=false;slotOn=true;inWindow=true;time_close=08-03 23:53
2026-08-03T23:52:00.000+01:00,DIAG-DEDUP;EURAUD;s=3;wOpened=08-03 23:51;nd=1;bestStored=08-03 23:47;bestStoredSlot=0;newWins=false
2026-08-04T00:28:00.000+01:00,DIAG-CLOSE;CADJPY;s=0;prev=4;c=5;firstObs=false;slotOn=true;inWindow=true;time_close=08-04 00:29
2026-08-04T00:28:00.000+01:00,DIAG-DEDUP;CADJPY;s=0;wOpened=08-03 23:46;nd=0;bestStored=none;bestStoredSlot=-1;newWins=true
2026-08-04T00:30:00.000+01:00,DIAG-CLOSE;EURGBP;s=5;prev=2;c=3;firstObs=false;slotOn=true;inWindow=true;time_close=08-04 00:31
2026-08-04T00:30:00.000+01:00,DIAG-DEDUP;EURGBP;s=5;wOpened=08-04 00:29;nd=0;bestStored=none;bestStoredSlot=-1;newWins=true
2026-08-04T00:38:00.000+01:00,DIAG-CLOSE;GBPUSD;s=0;prev=2;c=3;firstObs=false;slotOn=true;inWindow=true;time_close=08-04 00:39
2026-08-04T00:38:00.000+01:00,DIAG-DEDUP;GBPUSD;s=0;wOpened=08-03 23:03;nd=0;bestStored=none;bestStoredSlot=-1;newWins=true
2026-08-04T00:38:00.000+01:00,DIAG-CLOSE;GBPUSD;s=1;prev=2;c=3;firstObs=false;slotOn=true;inWindow=true;time_close=08-04 00:39
2026-08-04T00:38:00.000+01:00,DIAG-DEDUP;GBPUSD;s=1;wOpened=08-03 23:03;nd=1;bestStored=08-03 23:03;bestStoredSlot=0;newWins=true
2026-08-04T00:38:00.000+01:00,DIAG-CLOSE;GBPUSD;s=2;prev=2;c=3;firstObs=false;slotOn=true;inWindow=true;time_close=08-04 00:39
2026-08-04T00:38:00.000+01:00,DIAG-DEDUP;GBPUSD;s=2;wOpened=08-03 23:55;nd=1;bestStored=08-03 23:03;bestStoredSlot=1;newWins=false
2026-08-04T00:38:00.000+01:00,DIAG-CLOSE;GBPUSD;s=3;prev=2;c=3;firstObs=false;slotOn=true;inWindow=true;time_close=08-04 00:39
2026-08-04T00:38:00.000+01:00,DIAG-DEDUP;GBPUSD;s=3;wOpened=08-03 23:55;nd=1;bestStored=08-03 23:03;bestStoredSlot=1;newWins=false
2026-08-04T00:42:00.000+01:00,DIAG-CLOSE;GBPJPY;s=0;prev=7;c=8;firstObs=false;slotOn=true;inWindow=true;time_close=08-04 00:43
2026-08-04T00:42:00.000+01:00,DIAG-DEDUP;GBPJPY;s=0;wOpened=08-03 23:46;nd=0;bestStored=none;bestStoredSlot=-1;newWins=true
2026-08-04T00:42:00.000+01:00,DIAG-CLOSE;GBPJPY;s=1;prev=7;c=8;firstObs=false;slotOn=true;inWindow=true;time_close=08-04 00:43
2026-08-04T00:42:00.000+01:00,DIAG-DEDUP;GBPJPY;s=1;wOpened=08-03 23:46;nd=1;bestStored=08-03 23:46;bestStoredSlot=0;newWins=true
2026-08-04T00:42:00.000+01:00,DIAG-CLOSE;GBPJPY;s=2;prev=3;c=4;firstObs=false;slotOn=true;inWindow=true;time_close=08-04 00:43
2026-08-04T00:42:00.000+01:00,DIAG-DEDUP;GBPJPY;s=2;wOpened=08-04 00:33;nd=1;bestStored=08-03 23:46;bestStoredSlot=1;newWins=false
2026-08-04T00:42:00.000+01:00,DIAG-CLOSE;GBPJPY;s=3;prev=3;c=4;firstObs=false;slotOn=true;inWindow=true;time_close=08-04 00:43
2026-08-04T00:42:00.000+01:00,DIAG-DEDUP;GBPJPY;s=3;wOpened=08-04 00:33;nd=1;bestStored=08-03 23:46;bestStoredSlot=1;newWins=false
2026-08-04T00:42:00.000+01:00,DIAG-CLOSE;GBPJPY;s=4;prev=3;c=4;firstObs=false;slotOn=true;inWindow=true;time_close=08-04 00:43
2026-08-04T00:42:00.000+01:00,DIAG-DEDUP;GBPJPY;s=4;wOpened=08-04 00:34;nd=1;bestStored=08-03 23:46;bestStoredSlot=1;newWins=false
2026-08-04T00:42:00.000+01:00,DIAG-CLOSE;GBPJPY;s=5;prev=2;c=3;firstObs=false;slotOn=true;inWindow=true;time_close=08-04 00:43
2026-08-04T00:42:00.000+01:00,DIAG-DEDUP;GBPJPY;s=5;wOpened=08-04 00:34;nd=1;bestStored=08-03 23:46;bestStoredSlot=1;newWins=false
2026-08-04T00:42:00.000+01:00,DIAG-CLOSE;GBPJPY;s=6;prev=1;c=2;firstObs=false;slotOn=true;inWindow=true;time_close=08-04 00:43
2026-08-04T00:42:00.000+01:00,DIAG-DEDUP;GBPJPY;s=6;wOpened=08-04 00:34;nd=1;bestStored=08-03 23:46;bestStoredSlot=1;newWins=false
2026-08-04T00:45:00.000+01:00,DIAG-CLOSE;EURGBP;s=0;prev=5;c=6;firstObs=false;slotOn=true;inWindow=true;time_close=08-04 00:46
2026-08-04T00:45:00.000+01:00,DIAG-DEDUP;EURGBP;s=0;wOpened=08-04 00:33;nd=0;bestStored=none;bestStoredSlot=-1;newWins=true
2026-08-04T00:45:00.000+01:00,DIAG-CLOSE;EURGBP;s=1;prev=6;c=7;firstObs=false;slotOn=true;inWindow=true;time_close=08-04 00:46
2026-08-04T00:45:00.000+01:00,DIAG-DEDUP;EURGBP;s=1;wOpened=08-03 23:55;nd=2;bestStored=08-04 00:29;bestStoredSlot=5;newWins=true
2026-08-04T00:45:00.000+01:00,DIAG-CLOSE;EURGBP;s=2;prev=5;c=6;firstObs=false;slotOn=true;inWindow=true;time_close=08-04 00:46
2026-08-04T00:45:00.000+01:00,DIAG-DEDUP;EURGBP;s=2;wOpened=08-04 00:15;nd=1;bestStored=08-03 23:55;bestStoredSlot=1;newWins=false
2026-08-04T00:45:00.000+01:00,DIAG-CLOSE;EURGBP;s=4;prev=2;c=3;firstObs=false;slotOn=true;inWindow=true;time_close=08-04 00:46
2026-08-04T00:45:00.000+01:00,DIAG-DEDUP;EURGBP;s=4;wOpened=08-04 00:16;nd=1;bestStored=08-03 23:55;bestStoredSlot=1;newWins=false
2026-08-04T00:50:00.000+01:00,DIAG-CLOSE;EURUSD;s=5;prev=2;c=3;firstObs=false;slotOn=true;inWindow=true;time_close=08-04 00:51
2026-08-04T00:50:00.000+01:00,DIAG-DEDUP;EURUSD;s=5;wOpened=08-04 00:49;nd=0;bestStored=none;bestStoredSlot=-1;newWins=true
2026-08-04T00:51:00.000+01:00,DIAG-CLOSE;EURUSD;s=0;prev=7;c=8;firstObs=false;slotOn=true;inWindow=true;time_close=08-04 00:52
2026-08-04T00:51:00.000+01:00,DIAG-DEDUP;EURUSD;s=0;wOpened=08-04 00:48;nd=1;bestStored=08-04 00:49;bestStoredSlot=5;newWins=true
2026-08-04T00:51:00.000+01:00,DIAG-CLOSE;EURUSD;s=1;prev=7;c=8;firstObs=false;slotOn=true;inWindow=true;time_close=08-04 00:52
2026-08-04T00:51:00.000+01:00,DIAG-DEDUP;EURUSD;s=1;wOpened=08-04 00:48;nd=1;bestStored=08-04 00:48;bestStoredSlot=0;newWins=true
2026-08-04T01:06:00.000+01:00,DIAG-CLOSE;EURJPY;s=0;prev=5;c=6;firstObs=false;slotOn=true;inWindow=true;time_close=08-04 01:07
2026-08-04T01:06:00.000+01:00,DIAG-DEDUP;EURJPY;s=0;wOpened=08-04 00:56;nd=0;bestStored=none;bestStoredSlot=-1;newWins=true
2026-08-04T01:06:00.000+01:00,DIAG-CLOSE;EURJPY;s=1;prev=5;c=6;firstObs=false;slotOn=true;inWindow=true;time_close=08-04 01:07
2026-08-04T01:06:00.000+01:00,DIAG-DEDUP;EURJPY;s=1;wOpened=08-04 00:56;nd=1;bestStored=08-04 00:56;bestStoredSlot=0;newWins=true
2026-08-04T01:06:00.000+01:00,DIAG-CLOSE;EURJPY;s=2;prev=3;c=4;firstObs=false;slotOn=true;inWindow=true;time_close=08-04 01:07
2026-08-04T01:06:00.000+01:00,DIAG-DEDUP;EURJPY;s=2;wOpened=08-04 01:05;nd=1;bestStored=08-04 00:56;bestStoredSlot=1;newWins=false
2026-08-04T01:06:00.000+01:00,DIAG-CLOSE;EURJPY;s=3;prev=3;c=4;firstObs=false;slotOn=true;inWindow=true;time_close=08-04 01:07
2026-08-04T01:06:00.000+01:00,DIAG-DEDUP;EURJPY;s=3;wOpened=08-04 01:05;nd=1;bestStored=08-04 00:56;bestStoredSlot=1;newWins=false
2026-08-04T01:10:00.000+01:00,DIAG-CLOSE;EURGBP;s=7;prev=1;c=2;firstObs=false;slotOn=true;inWindow=true;time_close=08-04 01:11
2026-08-04T01:10:00.000+01:00,DIAG-DEDUP;EURGBP;s=7;wOpened=08-04 00:33;nd=1;bestStored=08-03 23:55;bestStoredSlot=1;newWins=false
2026-08-04T01:22:00.000+01:00,DIAG-CLOSE;EURCAD;s=1;prev=3;c=4;firstObs=false;slotOn=true;inWindow=true;time_close=08-04 01:23
2026-08-04T01:22:00.000+01:00,DIAG-DEDUP;EURCAD;s=1;wOpened=08-04 01:21;nd=0;bestStored=none;bestStoredSlot=-1;newWins=true
2026-08-04T01:22:00.000+01:00,DIAG-CLOSE;EURCAD;s=2;prev=2;c=3;firstObs=false;slotOn=true;inWindow=true;time_close=08-04 01:23
2026-08-04T01:22:00.000+01:00,DIAG-DEDUP;EURCAD;s=2;wOpened=08-04 01:21;nd=1;bestStored=08-04 01:21;bestStoredSlot=1;newWins=true
2026-08-04T01:22:00.000+01:00,DIAG-CLOSE;EURCAD;s=5;prev=1;c=2;firstObs=false;slotOn=true;inWindow=true;time_close=08-04 01:23
2026-08-04T01:22:00.000+01:00,DIAG-DEDUP;EURCAD;s=5;wOpened=08-04 01:21;nd=1;bestStored=08-04 01:21;bestStoredSlot=2;newWins=true
2026-08-04T01:23:00.000+01:00,DIAG-CLOSE;EURJPY;s=7;prev=1;c=2;firstObs=false;slotOn=true;inWindow=true;time_close=08-04 01:24
2026-08-04T01:23:00.000+01:00,DIAG-DEDUP;EURJPY;s=7;wOpened=08-04 01:05;nd=1;bestStored=08-04 00:56;bestStoredSlot=1;newWins=false
2026-08-04T01:28:00.000+01:00,DIAG-CLOSE;AUDUSD;s=0;prev=4;c=5;firstObs=false;slotOn=true;inWindow=true;time_close=08-04 01:29
2026-08-04T01:28:00.000+01:00,DIAG-DEDUP;AUDUSD;s=0;wOpened=08-04 01:11;nd=0;bestStored=none;bestStoredSlot=-1;newWins=true
2026-08-04T01:28:00.000+01:00,DIAG-CLOSE;AUDUSD;s=1;prev=3;c=4;firstObs=false;slotOn=true;inWindow=true;time_close=08-04 01:29
2026-08-04T01:28:00.000+01:00,DIAG-DEDUP;AUDUSD;s=1;wOpened=08-04 01:11;nd=1;bestStored=08-04 01:11;bestStoredSlot=0;newWins=true
2026-08-04T01:28:00.000+01:00,DIAG-CLOSE;AUDUSD;s=2;prev=2;c=3;firstObs=false;slotOn=true;inWindow=true;time_close=08-04 01:29
2026-08-04T01:28:00.000+01:00,DIAG-DEDUP;AUDUSD;s=2;wOpened=08-04 01:12;nd=1;bestStored=08-04 01:11;bestStoredSlot=1;newWins=false
2026-08-04T01:28:00.000+01:00,DIAG-CLOSE;AUDUSD;s=3;prev=2;c=3;firstObs=false;slotOn=true;inWindow=true;time_close=08-04 01:29
2026-08-04T01:28:00.000+01:00,DIAG-DEDUP;AUDUSD;s=3;wOpened=08-04 01:12;nd=1;bestStored=08-04 01:11;bestStoredSlot=1;newWins=false
2026-08-04T01:41:00.000+01:00,DIAG-CLOSE;GBPUSD;s=0;prev=3;c=4;firstObs=false;slotOn=true;inWindow=true;time_close=08-04 01:42
2026-08-04T01:41:00.000+01:00,DIAG-DEDUP;GBPUSD;s=0;wOpened=08-04 01:11;nd=0;bestStored=none;bestStoredSlot=-1;newWins=true
2026-08-04T01:56:00.000+01:00,DIAG-CLOSE;CADCHF;s=0;prev=2;c=3;firstObs=false;slotOn=true;inWindow=true;time_close=08-04 01:57
2026-08-04T01:56:00.000+01:00,DIAG-DEDUP;CADCHF;s=0;wOpened=08-04 01:53;nd=0;bestStored=none;bestStoredSlot=-1;newWins=true
2026-08-04T01:56:00.000+01:00,DIAG-CLOSE;CADCHF;s=1;prev=2;c=3;firstObs=false;slotOn=true;inWindow=true;time_close=08-04 01:57
2026-08-04T01:56:00.000+01:00,DIAG-DEDUP;CADCHF;s=1;wOpened=08-04 01:53;nd=1;bestStored=08-04 01:53;bestStoredSlot=0;newWins=true
2026-08-04T02:03:00.000+01:00,DIAG-CLOSE;GBPCAD;s=0;prev=5;c=6;firstObs=false;slotOn=true;inWindow=true;time_close=08-04 02:04
2026-08-04T02:03:00.000+01:00,DIAG-DEDUP;GBPCAD;s=0;wOpened=08-04 02:02;nd=0;bestStored=none;bestStoredSlot=-1;newWins=true
2026-08-04T02:03:00.000+01:00,DIAG-CLOSE;GBPCAD;s=1;prev=6;c=7;firstObs=false;slotOn=true;inWindow=true;time_close=08-04 02:04
2026-08-04T02:03:00.000+01:00,DIAG-DEDUP;GBPCAD;s=1;wOpened=08-04 02:02;nd=1;bestStored=08-04 02:02;bestStoredSlot=0;newWins=true
2026-08-04T02:28:00.000+01:00,DIAG-CLOSE;EURUSD;s=0;prev=8;c=9;firstObs=false;slotOn=true;inWindow=true;time_close=08-04 02:29
2026-08-04T02:28:00.000+01:00,DIAG-DEDUP;EURUSD;s=0;wOpened=08-04 02:27;nd=0;bestStored=none;bestStoredSlot=-1;newWins=true
2026-08-04T02:28:00.000+01:00,DIAG-CLOSE;EURUSD;s=1;prev=8;c=9;firstObs=false;slotOn=true;inWindow=true;time_close=08-04 02:29
2026-08-04T02:28:00.000+01:00,DIAG-DEDUP;EURUSD;s=1;wOpened=08-04 02:27;nd=1;bestStored=08-04 02:27;bestStoredSlot=0;newWins=true
2026-08-04T02:28:00.000+01:00,DIAG-CLOSE;USDCHF;s=0;prev=6;c=7;firstObs=false;slotOn=true;inWindow=true;time_close=08-04 02:29
2026-08-04T02:28:00.000+01:00,DIAG-DEDUP;USDCHF;s=0;wOpened=08-04 02:27;nd=0;bestStored=none;bestStoredSlot=-1;newWins=true
2026-08-04T02:28:00.000+01:00,DIAG-CLOSE;USDCHF;s=1;prev=6;c=7;firstObs=false;slotOn=true;inWindow=true;time_close=08-04 02:29
2026-08-04T02:28:00.000+01:00,DIAG-DEDUP;USDCHF;s=1;wOpened=08-04 02:27;nd=1;bestStored=08-04 02:27;bestStoredSlot=0;newWins=true
2026-08-04T02:37:00.000+01:00,DIAG-CLOSE;EURGBP;s=0;prev=6;c=7;firstObs=false;slotOn=true;inWindow=true;time_close=08-04 02:38
2026-08-04T02:37:00.000+01:00,DIAG-DEDUP;EURGBP;s=0;wOpened=08-04 02:23;nd=0;bestStored=none;bestStoredSlot=-1;newWins=true
2026-08-04T02:37:00.000+01:00,DIAG-CLOSE;EURGBP;s=1;prev=7;c=8;firstObs=false;slotOn=true;inWindow=true;time_close=08-04 02:38
2026-08-04T02:37:00.000+01:00,DIAG-DEDUP;EURGBP;s=1;wOpened=08-04 02:23;nd=1;bestStored=08-04 02:23;bestStoredSlot=0;newWins=true
2026-08-04T02:43:00.000+01:00,DIAG-CLOSE;AUDCHF;s=0;prev=5;c=6;firstObs=false;slotOn=true;inWindow=true;time_close=08-04 02:44
2026-08-04T02:43:00.000+01:00,DIAG-DEDUP;AUDCHF;s=0;wOpened=08-04 02:38;nd=0;bestStored=none;bestStoredSlot=-1;newWins=true
2026-08-04T02:43:00.000+01:00,DIAG-CLOSE;AUDCHF;s=1;prev=5;c=6;firstObs=false;slotOn=true;inWindow=true;time_close=08-04 02:44
2026-08-04T02:43:00.000+01:00,DIAG-DEDUP;AUDCHF;s=1;wOpened=08-04 02:38;nd=1;bestStored=08-04 02:38;bestStoredSlot=0;newWins=true
2026-08-04T02:43:00.000+01:00,DIAG-CLOSE;AUDCHF;s=2;prev=2;c=3;firstObs=false;slotOn=true;inWindow=true;time_close=08-04 02:44
2026-08-04T02:43:00.000+01:00,DIAG-DEDUP;AUDCHF;s=2;wOpened=08-04 02:38;nd=1;bestStored=08-04 02:38;bestStoredSlot=1;newWins=true
2026-08-04T02:43:00.000+01:00,DIAG-CLOSE;AUDCHF;s=5;prev=0;c=1;firstObs=false;slotOn=true;inWindow=true;time_close=08-04 02:44
2026-08-04T02:43:00.000+01:00,DIAG-DEDUP;AUDCHF;s=5;wOpened=08-04 02:38;nd=1;bestStored=08-04 02:38;bestStoredSlot=2;newWins=true
2026-08-04T02:52:00.000+01:00,DIAG-CLOSE;USDJPY;s=0;prev=4;c=5;firstObs=false;slotOn=true;inWindow=true;time_close=08-04 02:53
2026-08-04T02:52:00.000+01:00,DIAG-DEDUP;USDJPY;s=0;wOpened=08-04 02:21;nd=0;bestStored=none;bestStoredSlot=-1;newWins=true
2026-08-04T02:52:00.000+01:00,DIAG-CLOSE;USDJPY;s=1;prev=5;c=6;firstObs=false;slotOn=true;inWindow=true;time_close=08-04 02:53
2026-08-04T02:52:00.000+01:00,DIAG-DEDUP;USDJPY;s=1;wOpened=08-04 02:21;nd=1;bestStored=08-04 02:21;bestStoredSlot=0;newWins=true
2026-08-04T02:56:00.000+01:00,DIAG-CLOSE;CADJPY;s=1;prev=4;c=5;firstObs=false;slotOn=true;inWindow=true;time_close=08-04 02:57
2026-08-04T02:56:00.000+01:00,DIAG-DEDUP;CADJPY;s=1;wOpened=08-04 02:21;nd=0;bestStored=none;bestStoredSlot=-1;newWins=true
2026-08-04T02:59:00.000+01:00,DIAG-CLOSE;CHFJPY;s=0;prev=4;c=5;firstObs=false;slotOn=true;inWindow=true;time_close=08-04 03:00
2026-08-04T02:59:00.000+01:00,DIAG-DEDUP;CHFJPY;s=0;wOpened=08-04 02:56;nd=0;bestStored=none;bestStoredSlot=-1;newWins=true
2026-08-04T02:59:00.000+01:00,DIAG-CLOSE;CHFJPY;s=1;prev=4;c=5;firstObs=false;slotOn=true;inWindow=true;time_close=08-04 03:00
2026-08-04T02:59:00.000+01:00,DIAG-DEDUP;CHFJPY;s=1;wOpened=08-04 02:56;nd=1;bestStored=08-04 02:56;bestStoredSlot=0;newWins=true
2026-08-04T02:59:00.000+01:00,DIAG-CLOSE;CHFJPY;s=5;prev=0;c=1;firstObs=false;slotOn=true;inWindow=true;time_close=08-04 03:00
2026-08-04T02:59:00.000+01:00,DIAG-DEDUP;CHFJPY;s=5;wOpened=08-04 02:56;nd=1;bestStored=08-04 02:56;bestStoredSlot=1;newWins=true
2026-08-04T03:04:00.000+01:00,DIAG-CLOSE;CADJPY;s=0;prev=5;c=6;firstObs=false;slotOn=true;inWindow=true;time_close=08-04 03:05
2026-08-04T03:04:00.000+01:00,DIAG-DEDUP;CADJPY;s=0;wOpened=08-04 02:21;nd=1;bestStored=08-04 02:21;bestStoredSlot=1;newWins=false
2026-08-04T03:04:00.000+01:00,DIAG-CLOSE;CADJPY;s=3;prev=4;c=5;firstObs=false;slotOn=true;inWindow=true;time_close=08-04 03:05
2026-08-04T03:04:00.000+01:00,DIAG-DEDUP;CADJPY;s=3;wOpened=08-04 03:03;nd=0;bestStored=none;bestStoredSlot=-1;newWins=true
2026-08-04T03:15:00.000+01:00,DIAG-CLOSE;GBPUSD;s=0;prev=4;c=5;firstObs=false;slotOn=true;inWindow=true;time_close=08-04 03:16
2026-08-04T03:15:00.000+01:00,DIAG-DEDUP;GBPUSD;s=0;wOpened=08-04 02:22;nd=0;bestStored=none;bestStoredSlot=-1;newWins=true
2026-08-04T03:15:00.000+01:00,DIAG-CLOSE;GBPUSD;s=1;prev=3;c=4;firstObs=false;slotOn=true;inWindow=true;time_close=08-04 03:16
2026-08-04T03:15:00.000+01:00,DIAG-DEDUP;GBPUSD;s=1;wOpened=08-04 02:22;nd=1;bestStored=08-04 02:22;bestStoredSlot=0;newWins=true
2026-08-04T03:15:00.000+01:00,DIAG-CLOSE;GBPUSD;s=2;prev=3;c=4;firstObs=false;slotOn=true;inWindow=true;time_close=08-04 03:16
2026-08-04T03:15:00.000+01:00,DIAG-DEDUP;GBPUSD;s=2;wOpened=08-04 02:27;nd=1;bestStored=08-04 02:22;bestStoredSlot=1;newWins=false
2026-08-04T03:15:00.000+01:00,DIAG-CLOSE;GBPUSD;s=3;prev=3;c=4;firstObs=false;slotOn=true;inWindow=true;time_close=08-04 03:16
2026-08-04T03:15:00.000+01:00,DIAG-DEDUP;GBPUSD;s=3;wOpened=08-04 02:27;nd=1;bestStored=08-04 02:22;bestStoredSlot=1;newWins=false
2026-08-04T03:15:00.000+01:00,DIAG-CLOSE;GBPUSD;s=4;prev=2;c=3;firstObs=false;slotOn=true;inWindow=true;time_close=08-04 03:16
2026-08-04T03:15:00.000+01:00,DIAG-DEDUP;GBPUSD;s=4;wOpened=08-04 02:46;nd=1;bestStored=08-04 02:22;bestStoredSlot=1;newWins=false
2026-08-04T03:15:00.000+01:00,DIAG-CLOSE;GBPUSD;s=5;prev=1;c=2;firstObs=false;slotOn=true;inWindow=true;time_close=08-04 03:16
2026-08-04T03:15:00.000+01:00,DIAG-DEDUP;GBPUSD;s=5;wOpened=08-04 02:46;nd=1;bestStored=08-04 02:22;bestStoredSlot=1;newWins=false
2026-08-04T03:15:00.000+01:00,DIAG-CLOSE;GBPUSD;s=6;prev=1;c=2;firstObs=false;slotOn=true;inWindow=true;time_close=08-04 03:16
2026-08-04T03:15:00.000+01:00,DIAG-DEDUP;GBPUSD;s=6;wOpened=08-04 02:46;nd=1;bestStored=08-04 02:22;bestStoredSlot=1;newWins=false
2026-08-04T03:29:00.000+01:00,DIAG-CLOSE;GBPAUD;s=0;prev=6;c=7;firstObs=false;slotOn=true;inWindow=true;time_close=08-04 03:30
2026-08-04T03:29:00.000+01:00,DIAG-DEDUP;GBPAUD;s=0;wOpened=08-04 03:16;nd=0;bestStored=none;bestStoredSlot=-1;newWins=true
2026-08-04T03:29:00.000+01:00,DIAG-CLOSE;GBPAUD;s=1;prev=7;c=8;firstObs=false;slotOn=true;inWindow=true;time_close=08-04 03:30
2026-08-04T03:29:00.000+01:00,DIAG-DEDUP;GBPAUD;s=1;wOpened=08-04 03:16;nd=1;bestStored=08-04 03:16;bestStoredSlot=0;newWins=true
2026-08-04T03:29:00.000+01:00,DIAG-CLOSE;GBPAUD;s=2;prev=4;c=5;firstObs=false;slotOn=true;inWindow=true;time_close=08-04 03:30
2026-08-04T03:29:00.000+01:00,DIAG-DEDUP;GBPAUD;s=2;wOpened=08-04 03:28;nd=1;bestStored=08-04 03:16;bestStoredSlot=1;newWins=false
2026-08-04T03:29:00.000+01:00,DIAG-CLOSE;GBPAUD;s=3;prev=4;c=5;firstObs=false;slotOn=true;inWindow=true;time_close=08-04 03:30
2026-08-04T03:29:00.000+01:00,DIAG-DEDUP;GBPAUD;s=3;wOpened=08-04 03:28;nd=1;bestStored=08-04 03:16;bestStoredSlot=1;newWins=false
2026-08-04T03:29:00.000+01:00,DIAG-CLOSE;GBPAUD;s=5;prev=2;c=3;firstObs=false;slotOn=true;inWindow=true;time_close=08-04 03:30
2026-08-04T03:29:00.000+01:00,DIAG-DEDUP;GBPAUD;s=5;wOpened=08-04 03:28;nd=1;bestStored=08-04 03:16;bestStoredSlot=1;newWins=false
2026-08-04T03:37:00.000+01:00,DIAG-CLOSE;EURCHF;s=0;prev=5;c=6;firstObs=false;slotOn=true;inWindow=true;time_close=08-04 03:38
2026-08-04T03:37:00.000+01:00,DIAG-DEDUP;EURCHF;s=0;wOpened=08-04 03:19;nd=0;bestStored=none;bestStoredSlot=-1;newWins=true
2026-08-04T03:37:00.000+01:00,DIAG-CLOSE;EURCHF;s=1;prev=5;c=6;firstObs=false;slotOn=true;inWindow=true;time_close=08-04 03:38
2026-08-04T03:37:00.000+01:00,DIAG-DEDUP;EURCHF;s=1;wOpened=08-04 03:19;nd=1;bestStored=08-04 03:19;bestStoredSlot=0;newWins=true
2026-08-04T03:37:00.000+01:00,DIAG-CLOSE;CADCHF;s=0;prev=3;c=4;firstObs=false;slotOn=true;inWindow=true;time_close=08-04 03:38
2026-08-04T03:37:00.000+01:00,DIAG-DEDUP;CADCHF;s=0;wOpened=08-04 03:30;nd=0;bestStored=none;bestStoredSlot=-1;newWins=true
2026-08-04T03:37:00.000+01:00,DIAG-CLOSE;CADCHF;s=1;prev=3;c=4;firstObs=false;slotOn=true;inWindow=true;time_close=08-04 03:38
2026-08-04T03:37:00.000+01:00,DIAG-DEDUP;CADCHF;s=1;wOpened=08-04 03:30;nd=1;bestStored=08-04 03:30;bestStoredSlot=0;newWins=true
2026-08-04T03:37:00.000+01:00,DIAG-CLOSE;CADCHF;s=2;prev=1;c=2;firstObs=false;slotOn=true;inWindow=true;time_close=08-04 03:38
2026-08-04T03:37:00.000+01:00,DIAG-DEDUP;CADCHF;s=2;wOpened=08-04 03:31;nd=1;bestStored=08-04 03:30;bestStoredSlot=1;newWins=false
2026-08-04T03:37:00.000+01:00,DIAG-CLOSE;CADCHF;s=3;prev=1;c=2;firstObs=false;slotOn=true;inWindow=true;time_close=08-04 03:38
2026-08-04T03:37:00.000+01:00,DIAG-DEDUP;CADCHF;s=3;wOpened=08-04 03:31;nd=1;bestStored=08-04 03:30;bestStoredSlot=1;newWins=false
2026-08-04T04:04:00.000+01:00,DIAG-CLOSE;EURJPY;s=0;prev=6;c=7;firstObs=false;slotOn=true;inWindow=true;time_close=08-04 04:05
2026-08-04T04:04:00.000+01:00,DIAG-DEDUP;EURJPY;s=0;wOpened=08-04 03:57;nd=0;bestStored=none;bestStoredSlot=-1;newWins=true
2026-08-04T04:04:00.000+01:00,DIAG-CLOSE;EURJPY;s=1;prev=6;c=7;firstObs=false;slotOn=true;inWindow=true;time_close=08-04 04:05
2026-08-04T04:04:00.000+01:00,DIAG-DEDUP;EURJPY;s=1;wOpened=08-04 03:57;nd=1;bestStored=08-04 03:57;bestStoredSlot=0;newWins=true
2026-08-04T04:04:00.000+01:00,DIAG-CLOSE;EURJPY;s=2;prev=4;c=5;firstObs=false;slotOn=true;inWindow=true;time_close=08-04 04:05
2026-08-04T04:04:00.000+01:00,DIAG-DEDUP;EURJPY;s=2;wOpened=08-04 03:58;nd=1;bestStored=08-04 03:57;bestStoredSlot=1;newWins=false
2026-08-04T04:04:00.000+01:00,DIAG-CLOSE;EURJPY;s=3;prev=4;c=5;firstObs=false;slotOn=true;inWindow=true;time_close=08-04 04:05
2026-08-04T04:04:00.000+01:00,DIAG-DEDUP;EURJPY;s=3;wOpened=08-04 03:58;nd=1;bestStored=08-04 03:57;bestStoredSlot=1;newWins=false
2026-08-04T04:04:00.000+01:00,DIAG-CLOSE;EURJPY;s=4;prev=3;c=4;firstObs=false;slotOn=true;inWindow=true;time_close=08-04 04:05
2026-08-04T04:04:00.000+01:00,DIAG-DEDUP;EURJPY;s=4;wOpened=08-04 04:03;nd=1;bestStored=08-04 03:57;bestStoredSlot=1;newWins=false
2026-08-04T04:04:00.000+01:00,DIAG-CLOSE;CHFJPY;s=0;prev=5;c=6;firstObs=false;slotOn=true;inWindow=true;time_close=08-04 04:05
2026-08-04T04:04:00.000+01:00,DIAG-DEDUP;CHFJPY;s=0;wOpened=08-04 03:53;nd=0;bestStored=none;bestStoredSlot=-1;newWins=true
2026-08-04T04:04:00.000+01:00,DIAG-CLOSE;CHFJPY;s=1;prev=5;c=6;firstObs=false;slotOn=true;inWindow=true;time_close=08-04 04:05
2026-08-04T04:04:00.000+01:00,DIAG-DEDUP;CHFJPY;s=1;wOpened=08-04 03:53;nd=1;bestStored=08-04 03:53;bestStoredSlot=0;newWins=true
2026-08-04T04:04:00.000+01:00,DIAG-CLOSE;CHFJPY;s=2;prev=1;c=2;firstObs=false;slotOn=true;inWindow=true;time_close=08-04 04:05
2026-08-04T04:04:00.000+01:00,DIAG-DEDUP;CHFJPY;s=2;wOpened=08-04 03:58;nd=1;bestStored=08-04 03:53;bestStoredSlot=1;newWins=false
2026-08-04T04:15:00.000+01:00,DIAG-CLOSE;AUDJPY;s=0;prev=5;c=6;firstObs=false;slotOn=true;inWindow=true;time_close=08-04 04:16
2026-08-04T04:15:00.000+01:00,DIAG-DEDUP;AUDJPY;s=0;wOpened=08-04 03:58;nd=0;bestStored=none;bestStoredSlot=-1;newWins=true
2026-08-04T04:18:00.000+01:00,DIAG-CLOSE;AUDJPY;s=1;prev=5;c=6;firstObs=false;slotOn=true;inWindow=true;time_close=08-04 04:19
2026-08-04T04:18:00.000+01:00,DIAG-DEDUP;AUDJPY;s=1;wOpened=08-04 03:58;nd=1;bestStored=08-04 03:58;bestStoredSlot=0;newWins=true
2026-08-04T04:20:00.000+01:00,DIAG-CLOSE;USDJPY;s=0;prev=5;c=6;firstObs=false;slotOn=true;inWindow=true;time_close=08-04 04:21
2026-08-04T04:20:00.000+01:00,DIAG-DEDUP;USDJPY;s=0;wOpened=08-04 03:29;nd=0;bestStored=none;bestStoredSlot=-1;newWins=true
2026-08-04T04:20:00.000+01:00,DIAG-CLOSE;USDJPY;s=1;prev=6;c=7;firstObs=false;slotOn=true;inWindow=true;time_close=08-04 04:21
2026-08-04T04:20:00.000+01:00,DIAG-DEDUP;USDJPY;s=1;wOpened=08-04 03:29;nd=1;bestStored=08-04 03:29;bestStoredSlot=0;newWins=true
2026-08-04T04:20:00.000+01:00,DIAG-CLOSE;USDJPY;s=2;prev=1;c=2;firstObs=false;slotOn=true;inWindow=true;time_close=08-04 04:21
2026-08-04T04:20:00.000+01:00,DIAG-DEDUP;USDJPY;s=2;wOpened=08-04 03:30;nd=1;bestStored=08-04 03:29;bestStoredSlot=1;newWins=false
2026-08-04T04:20:00.000+01:00,DIAG-CLOSE;USDJPY;s=3;prev=2;c=3;firstObs=false;slotOn=true;inWindow=true;time_close=08-04 04:21
2026-08-04T04:20:00.000+01:00,DIAG-DEDUP;USDJPY;s=3;wOpened=08-04 03:30;nd=1;bestStored=08-04 03:29;bestStoredSlot=1;newWins=false
2026-08-04T04:20:00.000+01:00,DIAG-CLOSE;USDJPY;s=4;prev=0;c=1;firstObs=false;slotOn=true;inWindow=true;time_close=08-04 04:21
2026-08-04T04:20:00.000+01:00,DIAG-DEDUP;USDJPY;s=4;wOpened=08-04 03:48;nd=1;bestStored=08-04 03:29;bestStoredSlot=1;newWins=false
2026-08-04T04:20:00.000+01:00,DIAG-CLOSE;USDJPY;s=5;prev=0;c=1;firstObs=false;slotOn=true;inWindow=true;time_close=08-04 04:21
2026-08-04T04:20:00.000+01:00,DIAG-DEDUP;USDJPY;s=5;wOpened=08-04 03:48;nd=1;bestStored=08-04 03:29;bestStoredSlot=1;newWins=false
2026-08-04T04:25:00.000+01:00,DIAG-CLOSE;GBPCHF;s=0;prev=2;c=3;firstObs=false;slotOn=true;inWindow=true;time_close=08-04 04:26
2026-08-04T04:25:00.000+01:00,DIAG-DEDUP;GBPCHF;s=0;wOpened=08-04 04:24;nd=0;bestStored=none;bestStoredSlot=-1;newWins=true
2026-08-04T04:25:00.000+01:00,DIAG-CLOSE;GBPCHF;s=1;prev=2;c=3;firstObs=false;slotOn=true;inWindow=true;time_close=08-04 04:26
2026-08-04T04:25:00.000+01:00,DIAG-DEDUP;GBPCHF;s=1;wOpened=08-04 04:24;nd=1;bestStored=08-04 04:24;bestStoredSlot=0;newWins=true
2026-08-04T04:30:00.000+01:00,DIAG-CLOSE;EURUSD;s=0;prev=9;c=10;firstObs=false;slotOn=true;inWindow=true;time_close=08-04 04:31
2026-08-04T04:30:00.000+01:00,DIAG-DEDUP;EURUSD;s=0;wOpened=08-04 03:42;nd=0;bestStored=none;bestStoredSlot=-1;newWins=true
2026-08-04T04:30:00.000+01:00,DIAG-CLOSE;EURUSD;s=1;prev=9;c=10;firstObs=false;slotOn=true;inWindow=true;time_close=08-04 04:31
2026-08-04T04:30:00.000+01:00,DIAG-DEDUP;EURUSD;s=1;wOpened=08-04 03:42;nd=1;bestStored=08-04 03:42;bestStoredSlot=0;newWins=true
2026-08-04T04:30:00.000+01:00,DIAG-CLOSE;EURUSD;s=2;prev=4;c=5;firstObs=false;slotOn=true;inWindow=true;time_close=08-04 04:31
2026-08-04T04:30:00.000+01:00,DIAG-DEDUP;EURUSD;s=2;wOpened=08-04 03:43;nd=1;bestStored=08-04 03:42;bestStoredSlot=1;newWins=false
2026-08-04T04:30:00.000+01:00,DIAG-CLOSE;EURUSD;s=3;prev=4;c=5;firstObs=false;slotOn=true;inWindow=true;time_close=08-04 04:31
2026-08-04T04:30:00.000+01:00,DIAG-DEDUP;EURUSD;s=3;wOpened=08-04 03:48;nd=1;bestStored=08-04 03:42;bestStoredSlot=1;newWins=false
2026-08-04T04:30:00.000+01:00,DIAG-CLOSE;EURUSD;s=4;prev=0;c=1;firstObs=false;slotOn=true;inWindow=true;time_close=08-04 04:31
2026-08-04T04:30:00.000+01:00,DIAG-DEDUP;EURUSD;s=4;wOpened=08-04 03:48;nd=1;bestStored=08-04 03:42;bestStoredSlot=1;newWins=false
2026-08-04T04:42:00.000+01:00,DIAG-CLOSE;EURJPY;s=7;prev=2;c=3;firstObs=false;slotOn=true;inWindow=true;time_close=08-04 04:43
2026-08-04T04:42:00.000+01:00,DIAG-DEDUP;EURJPY;s=7;wOpened=08-04 04:13;nd=0;bestStored=none;bestStoredSlot=-1;newWins=true
2026-08-04T04:42:00.000+01:00,DIAG-CLOSE;GBPJPY;s=5;prev=3;c=4;firstObs=false;slotOn=true;inWindow=true;time_close=08-04 04:43
2026-08-04T04:42:00.000+01:00,DIAG-DEDUP;GBPJPY;s=5;wOpened=08-04 04:21;nd=0;bestStored=none;bestStoredSlot=-1;newWins=true
2026-08-04T04:42:00.000+01:00,DIAG-CLOSE;GBPJPY;s=6;prev=2;c=3;firstObs=false;slotOn=true;inWindow=true;time_close=08-04 04:43
2026-08-04T04:42:00.000+01:00,DIAG-DEDUP;GBPJPY;s=6;wOpened=08-04 04:41;nd=1;bestStored=08-04 04:21;bestStoredSlot=5;newWins=false
2026-08-04T04:44:00.000+01:00,DIAG-CLOSE;GBPCAD;s=6;prev=1;c=2;firstObs=false;slotOn=true;inWindow=true;time_close=08-04 04:45
2026-08-04T04:44:00.000+01:00,DIAG-DEDUP;GBPCAD;s=6;wOpened=08-04 04:23;nd=0;bestStored=none;bestStoredSlot=-1;newWins=true
2026-08-04T06:00:00.000+01:00,DIAG-CLOSE;USDJPY;s=0;prev=6;c=7;firstObs=false;slotOn=true;inWindow=true;time_close=08-04 06:01
2026-08-04T06:00:00.000+01:00,DIAG-DEDUP;USDJPY;s=0;wOpened=08-04 05:56;nd=0;bestStored=none;bestStoredSlot=-1;newWins=true
2026-08-04T06:00:00.000+01:00,DIAG-CLOSE;GBPCAD;s=2;prev=3;c=4;firstObs=false;slotOn=true;inWindow=true;time_close=08-04 06:01
2026-08-04T06:00:00.000+01:00,DIAG-DEDUP;GBPCAD;s=2;wOpened=08-04 04:23;nd=1;bestStored=08-04 04:23;bestStoredSlot=6;newWins=false
2026-08-04T06:00:00.000+01:00,DIAG-CLOSE;GBPCAD;s=4;prev=1;c=2;firstObs=false;slotOn=true;inWindow=true;time_close=08-04 06:01
2026-08-04T06:00:00.000+01:00,DIAG-DEDUP;GBPCAD;s=4;wOpened=08-04 04:28;nd=1;bestStored=08-04 04:23;bestStoredSlot=6;newWins=false
2026-08-04T06:00:00.000+01:00,DIAG-CLOSE;GBPCAD;s=5;prev=0;c=1;firstObs=false;slotOn=true;inWindow=true;time_close=08-04 06:01
2026-08-04T06:00:00.000+01:00,DIAG-DEDUP;GBPCAD;s=5;wOpened=08-04 04:23;nd=1;bestStored=08-04 04:23;bestStoredSlot=6;newWins=false
2026-08-04T06:00:00.000+01:00,DIAG-CLOSE;GBPCAD;s=6;prev=2;c=3;firstObs=false;slotOn=true;inWindow=true;time_close=08-04 06:01
2026-08-04T06:00:00.000+01:00,DIAG-DEDUP;GBPCAD;s=6;wOpened=08-04 05:59;nd=0;bestStored=none;bestStoredSlot=-1;newWins=true
2026-08-04T06:06:00.000+01:00,DIAG-CLOSE;AUDCHF;s=1;prev=6;c=7;firstObs=false;slotOn=true;inWindow=true;time_close=08-04 06:07
2026-08-04T06:06:00.000+01:00,DIAG-DEDUP;AUDCHF;s=1;wOpened=08-04 05:59;nd=0;bestStored=none;bestStoredSlot=-1;newWins=true
2026-08-04T06:06:00.000+01:00,DIAG-CLOSE;AUDCHF;s=2;prev=3;c=4;firstObs=false;slotOn=true;inWindow=true;time_close=08-04 06:07
2026-08-04T06:06:00.000+01:00,DIAG-DEDUP;AUDCHF;s=2;wOpened=08-04 05:59;nd=1;bestStored=08-04 05:59;bestStoredSlot=1;newWins=true
2026-08-04T06:15:00.000+01:00,DIAG-CLOSE;EURCHF;s=0;prev=6;c=7;firstObs=false;slotOn=true;inWindow=true;time_close=08-04 06:16
2026-08-04T06:15:00.000+01:00,DIAG-DEDUP;EURCHF;s=0;wOpened=08-04 05:57;nd=0;bestStored=none;bestStoredSlot=-1;newWins=true
2026-08-04T06:15:00.000+01:00,DIAG-CLOSE;EURCHF;s=1;prev=6;c=7;firstObs=false;slotOn=true;inWindow=true;time_close=08-04 06:16
2026-08-04T06:15:00.000+01:00,DIAG-DEDUP;EURCHF;s=1;wOpened=08-04 05:57;nd=1;bestStored=08-04 05:57;bestStoredSlot=0;newWins=true
2026-08-04T06:15:00.000+01:00,DIAG-CLOSE;EURCHF;s=2;prev=3;c=4;firstObs=false;slotOn=true;inWindow=true;time_close=08-04 06:16
2026-08-04T06:15:00.000+01:00,DIAG-DEDUP;EURCHF;s=2;wOpened=08-04 06:07;nd=1;bestStored=08-04 05:57;bestStoredSlot=1;newWins=false
2026-08-04T06:15:00.000+01:00,DIAG-CLOSE;EURCHF;s=3;prev=4;c=5;firstObs=false;slotOn=true;inWindow=true;time_close=08-04 06:16
2026-08-04T06:15:00.000+01:00,DIAG-DEDUP;EURCHF;s=3;wOpened=08-04 06:07;nd=1;bestStored=08-04 05:57;bestStoredSlot=1;newWins=false
2026-08-04T06:15:00.000+01:00,DIAG-CLOSE;EURCHF;s=5;prev=1;c=2;firstObs=false;slotOn=true;inWindow=true;time_close=08-04 06:16
2026-08-04T06:15:00.000+01:00,DIAG-DEDUP;EURCHF;s=5;wOpened=08-04 06:07;nd=1;bestStored=08-04 05:57;bestStoredSlot=1;newWins=false
2026-08-04T06:17:00.000+01:00,DIAG-CLOSE;USDJPY;s=1;prev=7;c=8;firstObs=false;slotOn=true;inWindow=true;time_close=08-04 06:18
2026-08-04T06:17:00.000+01:00,DIAG-DEDUP;USDJPY;s=1;wOpened=08-04 05:56;nd=1;bestStored=08-04 05:56;bestStoredSlot=0;newWins=true
2026-08-04T06:17:00.000+01:00,DIAG-CLOSE;USDJPY;s=2;prev=2;c=3;firstObs=false;slotOn=true;inWindow=true;time_close=08-04 06:18
2026-08-04T06:17:00.000+01:00,DIAG-DEDUP;USDJPY;s=2;wOpened=08-04 06:16;nd=1;bestStored=08-04 05:56;bestStoredSlot=1;newWins=false
2026-08-04T06:17:00.000+01:00,DIAG-CLOSE;USDJPY;s=5;prev=1;c=2;firstObs=false;slotOn=true;inWindow=true;time_close=08-04 06:18
2026-08-04T06:17:00.000+01:00,DIAG-DEDUP;USDJPY;s=5;wOpened=08-04 06:06;nd=1;bestStored=08-04 05:56;bestStoredSlot=1;newWins=false
2026-08-04T06:28:00.000+01:00,DIAG-CLOSE;GBPCAD;s=0;prev=6;c=7;firstObs=false;slotOn=true;inWindow=true;time_close=08-04 06:29
2026-08-04T06:28:00.000+01:00,DIAG-DEDUP;GBPCAD;s=0;wOpened=08-04 03:53;nd=2;bestStored=08-04 04:23;bestStoredSlot=6;newWins=true
2026-08-04T06:28:00.000+01:00,DIAG-CLOSE;GBPCAD;s=1;prev=7;c=8;firstObs=false;slotOn=true;inWindow=true;time_close=08-04 06:29
2026-08-04T06:28:00.000+01:00,DIAG-DEDUP;GBPCAD;s=1;wOpened=08-04 03:53;nd=1;bestStored=08-04 03:53;bestStoredSlot=0;newWins=true
2026-08-04T06:28:00.000+01:00,DIAG-CLOSE;GBPCAD;s=3;prev=2;c=3;firstObs=false;slotOn=true;inWindow=true;time_close=08-04 06:29
2026-08-04T06:28:00.000+01:00,DIAG-DEDUP;GBPCAD;s=3;wOpened=08-04 04:23;nd=1;bestStored=08-04 03:53;bestStoredSlot=1;newWins=false
2026-08-04T06:28:00.000+01:00,DIAG-CLOSE;GBPCAD;s=7;prev=0;c=1;firstObs=false;slotOn=true;inWindow=true;time_close=08-04 06:29
2026-08-04T06:28:00.000+01:00,DIAG-DEDUP;GBPCAD;s=7;wOpened=08-04 04:28;nd=1;bestStored=08-04 03:53;bestStoredSlot=1;newWins=false
2026-08-04T06:29:00.000+01:00,DIAG-CLOSE;EURGBP;s=0;prev=7;c=8;firstObs=false;slotOn=true;inWindow=true;time_close=08-04 06:30
2026-08-04T06:29:00.000+01:00,DIAG-DEDUP;EURGBP;s=0;wOpened=08-04 06:27;nd=0;bestStored=none;bestStoredSlot=-1;newWins=true
2026-08-04T06:29:00.000+01:00,DIAG-CLOSE;EURGBP;s=1;prev=8;c=9;firstObs=false;slotOn=true;inWindow=true;time_close=08-04 06:30
2026-08-04T06:29:00.000+01:00,DIAG-DEDUP;EURGBP;s=1;wOpened=08-04 06:28;nd=1;bestStored=08-04 06:27;bestStoredSlot=0;newWins=false
2026-08-04T06:29:00.000+01:00,DIAG-CLOSE;EURGBP;s=3;prev=4;c=5;firstObs=false;slotOn=true;inWindow=true;time_close=08-04 06:30
2026-08-04T06:29:00.000+01:00,DIAG-DEDUP;EURGBP;s=3;wOpened=08-04 06:28;nd=1;bestStored=08-04 06:27;bestStoredSlot=0;newWins=false
2026-08-04T06:29:00.000+01:00,DIAG-CLOSE;AUDCAD;s=6;prev=0;c=1;firstObs=false;slotOn=true;inWindow=true;time_close=08-04 06:30
2026-08-04T06:29:00.000+01:00,DIAG-DEDUP;AUDCAD;s=6;wOpened=08-04 06:28;nd=0;bestStored=none;bestStoredSlot=-1;newWins=true
2026-08-04T06:45:00.000+01:00,DIAG-CLOSE;AUDCAD;s=1;prev=5;c=6;firstObs=false;slotOn=true;inWindow=true;time_close=08-04 06:46
2026-08-04T06:45:00.000+01:00,DIAG-DEDUP;AUDCAD;s=1;wOpened=08-04 06:00;nd=1;bestStored=08-04 06:28;bestStoredSlot=6;newWins=true
2026-08-04T06:45:00.000+01:00,DIAG-CLOSE;AUDCAD;s=2;prev=3;c=4;firstObs=false;slotOn=true;inWindow=true;time_close=08-04 06:46
2026-08-04T06:45:00.000+01:00,DIAG-DEDUP;AUDCAD;s=2;wOpened=08-04 06:12;nd=1;bestStored=08-04 06:00;bestStoredSlot=1;newWins=false
2026-08-04T06:45:00.000+01:00,DIAG-CLOSE;AUDCAD;s=4;prev=1;c=2;firstObs=false;slotOn=true;inWindow=true;time_close=08-04 06:46
2026-08-04T06:45:00.000+01:00,DIAG-DEDUP;AUDCAD;s=4;wOpened=08-04 06:13;nd=1;bestStored=08-04 06:00;bestStoredSlot=1;newWins=false
2026-08-04T06:48:00.000+01:00,DIAG-CLOSE;CADJPY;s=0;prev=6;c=7;firstObs=false;slotOn=true;inWindow=true;time_close=08-04 06:49
2026-08-04T06:48:00.000+01:00,DIAG-DEDUP;CADJPY;s=0;wOpened=08-04 06:16;nd=0;bestStored=none;bestStoredSlot=-1;newWins=true
2026-08-04T06:48:00.000+01:00,DIAG-CLOSE;CADJPY;s=1;prev=5;c=6;firstObs=false;slotOn=true;inWindow=true;time_close=08-04 06:49
2026-08-04T06:48:00.000+01:00,DIAG-DEDUP;CADJPY;s=1;wOpened=08-04 06:16;nd=1;bestStored=08-04 06:16;bestStoredSlot=0;newWins=true
2026-08-04T06:57:00.000+01:00,DIAG-CLOSE;GBPCAD;s=0;prev=7;c=8;firstObs=false;slotOn=true;inWindow=true;time_close=08-04 06:58
2026-08-04T06:57:00.000+01:00,DIAG-DEDUP;GBPCAD;s=0;wOpened=08-04 06:45;nd=0;bestStored=none;bestStoredSlot=-1;newWins=true
2026-08-04T06:57:00.000+01:00,DIAG-CLOSE;GBPCAD;s=1;prev=8;c=9;firstObs=false;slotOn=true;inWindow=true;time_close=08-04 06:58
2026-08-04T06:57:00.000+01:00,DIAG-DEDUP;GBPCAD;s=1;wOpened=08-04 06:45;nd=1;bestStored=08-04 06:45;bestStoredSlot=0;newWins=true
2026-08-04T06:59:00.000+01:00,DIAG-CLOSE;AUDCAD;s=0;prev=5;c=6;firstObs=false;slotOn=true;inWindow=true;time_close=08-04 07:00
2026-08-04T06:59:00.000+01:00,DIAG-DEDUP;AUDCAD;s=0;wOpened=08-04 06:00;nd=1;bestStored=08-04 06:00;bestStoredSlot=1;newWins=false
2026-08-04T06:59:00.000+01:00,DIAG-CLOSE;AUDCAD;s=3;prev=3;c=4;firstObs=false;slotOn=true;inWindow=true;time_close=08-04 07:00
2026-08-04T06:59:00.000+01:00,DIAG-DEDUP;AUDCAD;s=3;wOpened=08-04 06:12;nd=1;bestStored=08-04 06:00;bestStoredSlot=1;newWins=false
2026-08-04T06:59:00.000+01:00,DIAG-CLOSE;AUDCAD;s=7;prev=1;c=2;firstObs=false;slotOn=true;inWindow=true;time_close=08-04 07:00
2026-08-04T06:59:00.000+01:00,DIAG-DEDUP;AUDCAD;s=7;wOpened=08-04 06:32;nd=1;bestStored=08-04 06:00;bestStoredSlot=1;newWins=false
2026-08-04T07:25:00.000+01:00,DIAG-CLOSE;EURCHF;s=0;prev=7;c=8;firstObs=false;slotOn=true;inWindow=true;time_close=08-04 07:26
2026-08-04T07:25:00.000+01:00,DIAG-DEDUP;EURCHF;s=0;wOpened=08-04 06:47;nd=0;bestStored=none;bestStoredSlot=-1;newWins=true
2026-08-04T07:25:00.000+01:00,DIAG-CLOSE;EURCHF;s=1;prev=7;c=8;firstObs=false;slotOn=true;inWindow=true;time_close=08-04 07:26
2026-08-04T07:25:00.000+01:00,DIAG-DEDUP;EURCHF;s=1;wOpened=08-04 06:47;nd=1;bestStored=08-04 06:47;bestStoredSlot=0;newWins=true
2026-08-04T07:25:00.000+01:00,DIAG-CLOSE;EURCHF;s=2;prev=4;c=5;firstObs=false;slotOn=true;inWindow=true;time_close=08-04 07:26
2026-08-04T07:25:00.000+01:00,DIAG-DEDUP;EURCHF;s=2;wOpened=08-04 06:47;nd=1;bestStored=08-04 06:47;bestStoredSlot=1;newWins=true
2026-08-04T07:25:00.000+01:00,DIAG-CLOSE;EURCHF;s=3;prev=5;c=6;firstObs=false;slotOn=true;inWindow=true;time_close=08-04 07:26
2026-08-04T07:25:00.000+01:00,DIAG-DEDUP;EURCHF;s=3;wOpened=08-04 06:53;nd=1;bestStored=08-04 06:47;bestStoredSlot=2;newWins=false
2026-08-04T07:25:00.000+01:00,DIAG-CLOSE;EURCHF;s=4;prev=1;c=2;firstObs=false;slotOn=true;inWindow=true;time_close=08-04 07:26
2026-08-04T07:25:00.000+01:00,DIAG-DEDUP;EURCHF;s=4;wOpened=08-04 06:53;nd=1;bestStored=08-04 06:47;bestStoredSlot=2;newWins=false
2026-08-04T07:45:00.000+01:00,DIAG-CLOSE;GBPJPY;s=0;prev=8;c=9;firstObs=false;slotOn=true;inWindow=true;time_close=08-04 07:46
2026-08-04T07:45:00.000+01:00,DIAG-DEDUP;GBPJPY;s=0;wOpened=08-04 07:13;nd=0;bestStored=none;bestStoredSlot=-1;newWins=true
2026-08-04T07:45:00.000+01:00,DIAG-CLOSE;GBPJPY;s=1;prev=8;c=9;firstObs=false;slotOn=true;inWindow=true;time_close=08-04 07:46
2026-08-04T07:45:00.000+01:00,DIAG-DEDUP;GBPJPY;s=1;wOpened=08-04 07:13;nd=1;bestStored=08-04 07:13;bestStoredSlot=0;newWins=true
2026-08-04T08:01:00.000+01:00,DIAG-CLOSE;AUDJPY;s=0;prev=6;c=7;firstObs=false;slotOn=true;inWindow=true;time_close=08-04 08:02
2026-08-04T08:01:00.000+01:00,DIAG-DEDUP;AUDJPY;s=0;wOpened=08-04 06:07;nd=0;bestStored=none;bestStoredSlot=-1;newWins=true
2026-08-04T08:01:00.000+01:00,DIAG-CLOSE;AUDJPY;s=1;prev=6;c=7;firstObs=false;slotOn=true;inWindow=true;time_close=08-04 08:02
2026-08-04T08:01:00.000+01:00,DIAG-DEDUP;AUDJPY;s=1;wOpened=08-04 06:07;nd=1;bestStored=08-04 06:07;bestStoredSlot=0;newWins=true
2026-08-04T08:01:00.000+01:00,DIAG-CLOSE;AUDJPY;s=2;prev=3;c=4;firstObs=false;slotOn=true;inWindow=true;time_close=08-04 08:02
2026-08-04T08:01:00.000+01:00,DIAG-DEDUP;AUDJPY;s=2;wOpened=08-04 06:07;nd=1;bestStored=08-04 06:07;bestStoredSlot=1;newWins=true
2026-08-04T08:01:00.000+01:00,DIAG-CLOSE;AUDJPY;s=3;prev=3;c=4;firstObs=false;slotOn=true;inWindow=true;time_close=08-04 08:02
2026-08-04T08:01:00.000+01:00,DIAG-DEDUP;AUDJPY;s=3;wOpened=08-04 06:13;nd=1;bestStored=08-04 06:07;bestStoredSlot=2;newWins=false
2026-08-04T08:01:00.000+01:00,DIAG-CLOSE;AUDJPY;s=4;prev=1;c=2;firstObs=false;slotOn=true;inWindow=true;time_close=08-04 08:02
2026-08-04T08:01:00.000+01:00,DIAG-DEDUP;AUDJPY;s=4;wOpened=08-04 06:13;nd=1;bestStored=08-04 06:07;bestStoredSlot=2;newWins=false
2026-08-04T08:05:00.000+01:00,DIAG-CLOSE;AUDJPY;s=5;prev=1;c=2;firstObs=false;slotOn=true;inWindow=true;time_close=08-04 08:06
2026-08-04T08:05:00.000+01:00,DIAG-DEDUP;AUDJPY;s=5;wOpened=08-04 07:01;nd=1;bestStored=08-04 06:07;bestStoredSlot=2;newWins=false
2026-08-04T08:05:00.000+01:00,DIAG-CLOSE;AUDJPY;s=6;prev=0;c=1;firstObs=false;slotOn=true;inWindow=true;time_close=08-04 08:06
2026-08-04T08:05:00.000+01:00,DIAG-DEDUP;AUDJPY;s=6;wOpened=08-04 07:42;nd=1;bestStored=08-04 06:07;bestStoredSlot=2;newWins=false
2026-08-04T08:46:00.000+01:00,DIAG-CLOSE;USDCHF;s=0;prev=7;c=8;firstObs=false;slotOn=true;inWindow=true;time_close=08-04 08:47
2026-08-04T08:46:00.000+01:00,DIAG-DEDUP;USDCHF;s=0;wOpened=08-04 08:27;nd=0;bestStored=none;bestStoredSlot=-1;newWins=true
2026-08-04T08:46:00.000+01:00,DIAG-CLOSE;USDCHF;s=1;prev=7;c=8;firstObs=false;slotOn=true;inWindow=true;time_close=08-04 08:47
2026-08-04T08:46:00.000+01:00,DIAG-DEDUP;USDCHF;s=1;wOpened=08-04 08:27;nd=1;bestStored=08-04 08:27;bestStoredSlot=0;newWins=true
2026-08-04T08:46:00.000+01:00,DIAG-CLOSE;USDCHF;s=2;prev=3;c=4;firstObs=false;slotOn=true;inWindow=true;time_close=08-04 08:47
2026-08-04T08:46:00.000+01:00,DIAG-DEDUP;USDCHF;s=2;wOpened=08-04 08:45;nd=1;bestStored=08-04 08:27;bestStoredSlot=1;newWins=false
2026-08-04T08:46:00.000+01:00,DIAG-CLOSE;USDCHF;s=3;prev=3;c=4;firstObs=false;slotOn=true;inWindow=true;time_close=08-04 08:47
2026-08-04T08:46:00.000+01:00,DIAG-DEDUP;USDCHF;s=3;wOpened=08-04 08:45;nd=1;bestStored=08-04 08:27;bestStoredSlot=1;newWins=false
2026-08-04T08:46:00.000+01:00,DIAG-CLOSE;AUDCAD;s=0;prev=6;c=7;firstObs=false;slotOn=true;inWindow=true;time_close=08-04 08:47
2026-08-04T08:46:00.000+01:00,DIAG-DEDUP;AUDCAD;s=0;wOpened=08-04 08:41;nd=0;bestStored=none;bestStoredSlot=-1;newWins=true
2026-08-04T08:46:00.000+01:00,DIAG-CLOSE;AUDCAD;s=1;prev=6;c=7;firstObs=false;slotOn=true;inWindow=true;time_close=08-04 08:47
2026-08-04T08:46:00.000+01:00,DIAG-DEDUP;AUDCAD;s=1;wOpened=08-04 08:41;nd=1;bestStored=08-04 08:41;bestStoredSlot=0;newWins=true
2026-08-04T08:46:00.000+01:00,DIAG-CLOSE;AUDCAD;s=2;prev=4;c=5;firstObs=false;slotOn=true;inWindow=true;time_close=08-04 08:47
2026-08-04T08:46:00.000+01:00,DIAG-DEDUP;AUDCAD;s=2;wOpened=08-04 08:45;nd=1;bestStored=08-04 08:41;bestStoredSlot=1;newWins=false
2026-08-04T08:46:00.000+01:00,DIAG-CLOSE;AUDCAD;s=3;prev=4;c=5;firstObs=false;slotOn=true;inWindow=true;time_close=08-04 08:47
2026-08-04T08:46:00.000+01:00,DIAG-DEDUP;AUDCAD;s=3;wOpened=08-04 08:45;nd=1;bestStored=08-04 08:41;bestStoredSlot=1;newWins=false
2026-08-04T08:46:00.000+01:00,DIAG-CLOSE;AUDCAD;s=7;prev=2;c=3;firstObs=false;slotOn=true;inWindow=true;time_close=08-04 08:47
2026-08-04T08:46:00.000+01:00,DIAG-DEDUP;AUDCAD;s=7;wOpened=08-04 08:41;nd=1;bestStored=08-04 08:41;bestStoredSlot=1;newWins=true
2026-08-04T08:47:00.000+01:00,DIAG-CLOSE;AUDJPY;s=0;prev=7;c=8;firstObs=false;slotOn=true;inWindow=true;time_close=08-04 08:48
2026-08-04T08:47:00.000+01:00,DIAG-DEDUP;AUDJPY;s=0;wOpened=08-04 08:34;nd=0;bestStored=none;bestStoredSlot=-1;newWins=true
2026-08-04T08:47:00.000+01:00,DIAG-CLOSE;AUDJPY;s=1;prev=7;c=8;firstObs=false;slotOn=true;inWindow=true;time_close=08-04 08:48
2026-08-04T08:47:00.000+01:00,DIAG-DEDUP;AUDJPY;s=1;wOpened=08-04 08:34;nd=1;bestStored=08-04 08:34;bestStoredSlot=0;newWins=true
2026-08-04T08:47:00.000+01:00,DIAG-CLOSE;AUDJPY;s=2;prev=4;c=5;firstObs=false;slotOn=true;inWindow=true;time_close=08-04 08:48
2026-08-04T08:47:00.000+01:00,DIAG-DEDUP;AUDJPY;s=2;wOpened=08-04 08:43;nd=1;bestStored=08-04 08:34;bestStoredSlot=1;newWins=false
2026-08-04T08:47:00.000+01:00,DIAG-CLOSE;AUDJPY;s=3;prev=4;c=5;firstObs=false;slotOn=true;inWindow=true;time_close=08-04 08:48
2026-08-04T08:47:00.000+01:00,DIAG-DEDUP;AUDJPY;s=3;wOpened=08-04 08:43;nd=1;bestStored=08-04 08:34;bestStoredSlot=1;newWins=false
2026-08-04T08:47:00.000+01:00,DIAG-CLOSE;AUDJPY;s=4;prev=2;c=3;firstObs=false;slotOn=true;inWindow=true;time_close=08-04 08:48
2026-08-04T08:47:00.000+01:00,DIAG-DEDUP;AUDJPY;s=4;wOpened=08-04 08:44;nd=1;bestStored=08-04 08:34;bestStoredSlot=1;newWins=false
2026-08-04T08:47:00.000+01:00,DIAG-CLOSE;AUDJPY;s=5;prev=2;c=3;firstObs=false;slotOn=true;inWindow=true;time_close=08-04 08:48
2026-08-04T08:47:00.000+01:00,DIAG-DEDUP;AUDJPY;s=5;wOpened=08-04 08:44;nd=1;bestStored=08-04 08:34;bestStoredSlot=1;newWins=false
2026-08-04T08:47:00.000+01:00,DIAG-CLOSE;AUDJPY;s=6;prev=1;c=2;firstObs=false;slotOn=true;inWindow=true;time_close=08-04 08:48
2026-08-04T08:47:00.000+01:00,DIAG-DEDUP;AUDJPY;s=6;wOpened=08-04 08:44;nd=1;bestStored=08-04 08:34;bestStoredSlot=1;newWins=false
2026-08-04T09:09:00.000+01:00,DIAG-CLOSE;EURAUD;s=0;prev=5;c=6;firstObs=false;slotOn=true;inWindow=true;time_close=08-04 09:10
2026-08-04T09:09:00.000+01:00,DIAG-DEDUP;EURAUD;s=0;wOpened=08-04 09:01;nd=0;bestStored=none;bestStoredSlot=-1;newWins=true
2026-08-04T09:09:00.000+01:00,DIAG-CLOSE;EURAUD;s=1;prev=4;c=5;firstObs=false;slotOn=true;inWindow=true;time_close=08-04 09:10
2026-08-04T09:09:00.000+01:00,DIAG-DEDUP;EURAUD;s=1;wOpened=08-04 08:38;nd=1;bestStored=08-04 09:01;bestStoredSlot=0;newWins=true
2026-08-04T09:09:00.000+01:00,DIAG-CLOSE;EURAUD;s=2;prev=1;c=2;firstObs=false;slotOn=true;inWindow=true;time_close=08-04 09:10
2026-08-04T09:09:00.000+01:00,DIAG-DEDUP;EURAUD;s=2;wOpened=08-04 08:51;nd=1;bestStored=08-04 08:38;bestStoredSlot=1;newWins=false
2026-08-04T09:09:00.000+01:00,DIAG-CLOSE;EURAUD;s=4;prev=1;c=2;firstObs=false;slotOn=true;inWindow=true;time_close=08-04 09:10
2026-08-04T09:09:00.000+01:00,DIAG-DEDUP;EURAUD;s=4;wOpened=08-04 09:01;nd=1;bestStored=08-04 08:38;bestStoredSlot=1;newWins=false
2026-08-04T09:09:00.000+01:00,DIAG-CLOSE;EURAUD;s=5;prev=2;c=3;firstObs=false;slotOn=true;inWindow=true;time_close=08-04 09:10
2026-08-04T09:09:00.000+01:00,DIAG-DEDUP;EURAUD;s=5;wOpened=08-04 09:01;nd=1;bestStored=08-04 08:38;bestStoredSlot=1;newWins=false
2026-08-04T09:09:00.000+01:00,DIAG-CLOSE;EURAUD;s=6;prev=0;c=1;firstObs=false;slotOn=true;inWindow=true;time_close=08-04 09:10
2026-08-04T09:09:00.000+01:00,DIAG-DEDUP;EURAUD;s=6;wOpened=08-04 09:01;nd=1;bestStored=08-04 08:38;bestStoredSlot=1;newWins=false
2026-08-04T09:59:00.000+01:00,DIAG-CLOSE;EURCAD;s=0;prev=3;c=4;firstObs=false;slotOn=true;inWindow=true;time_close=08-04 10:00
2026-08-04T09:59:00.000+01:00,DIAG-DEDUP;EURCAD;s=0;wOpened=08-04 09:55;nd=0;bestStored=none;bestStoredSlot=-1;newWins=true
2026-08-04T09:59:00.000+01:00,DIAG-CLOSE;EURCAD;s=1;prev=4;c=5;firstObs=false;slotOn=true;inWindow=true;time_close=08-04 10:00
2026-08-04T09:59:00.000+01:00,DIAG-DEDUP;EURCAD;s=1;wOpened=08-04 09:55;nd=1;bestStored=08-04 09:55;bestStoredSlot=0;newWins=true
2026-08-04T10:05:00.000+01:00,DIAG-CLOSE;EURJPY;s=0;prev=7;c=8;firstObs=false;slotOn=true;inWindow=true;time_close=08-04 10:06
2026-08-04T10:05:00.000+01:00,DIAG-DEDUP;EURJPY;s=0;wOpened=08-04 09:42;nd=0;bestStored=none;bestStoredSlot=-1;newWins=true
2026-08-04T10:05:00.000+01:00,DIAG-CLOSE;EURJPY;s=1;prev=7;c=8;firstObs=false;slotOn=true;inWindow=true;time_close=08-04 10:06
2026-08-04T10:05:00.000+01:00,DIAG-DEDUP;EURJPY;s=1;wOpened=08-04 09:42;nd=1;bestStored=08-04 09:42;bestStoredSlot=0;newWins=true
2026-08-04T10:05:00.000+01:00,DIAG-CLOSE;EURJPY;s=2;prev=5;c=6;firstObs=false;slotOn=true;inWindow=true;time_close=08-04 10:06
2026-08-04T10:05:00.000+01:00,DIAG-DEDUP;EURJPY;s=2;wOpened=08-04 09:52;nd=1;bestStored=08-04 09:42;bestStoredSlot=1;newWins=false
2026-08-04T10:05:00.000+01:00,DIAG-CLOSE;EURJPY;s=3;prev=5;c=6;firstObs=false;slotOn=true;inWindow=true;time_close=08-04 10:06
2026-08-04T10:05:00.000+01:00,DIAG-DEDUP;EURJPY;s=3;wOpened=08-04 09:56;nd=1;bestStored=08-04 09:42;bestStoredSlot=1;newWins=false
2026-08-04T10:05:00.000+01:00,DIAG-CLOSE;EURJPY;s=4;prev=4;c=5;firstObs=false;slotOn=true;inWindow=true;time_close=08-04 10:06
2026-08-04T10:05:00.000+01:00,DIAG-DEDUP;EURJPY;s=4;wOpened=08-04 09:56;nd=1;bestStored=08-04 09:42;bestStoredSlot=1;newWins=false
2026-08-04T10:23:00.000+01:00,DIAG-CLOSE;USDCHF;s=0;prev=8;c=9;firstObs=false;slotOn=true;inWindow=true;time_close=08-04 10:24
2026-08-04T10:23:00.000+01:00,DIAG-DEDUP;USDCHF;s=0;wOpened=08-04 10:22;nd=0;bestStored=none;bestStoredSlot=-1;newWins=true
2026-08-04T10:23:00.000+01:00,DIAG-CLOSE;USDCHF;s=1;prev=8;c=9;firstObs=false;slotOn=true;inWindow=true;time_close=08-04 10:24
2026-08-04T10:23:00.000+01:00,DIAG-DEDUP;USDCHF;s=1;wOpened=08-04 10:22;nd=1;bestStored=08-04 10:22;bestStoredSlot=0;newWins=true
2026-08-04T10:28:00.000+01:00,DIAG-CLOSE;AUDCHF;s=0;prev=6;c=7;firstObs=false;slotOn=true;inWindow=true;time_close=08-04 10:29
2026-08-04T10:28:00.000+01:00,DIAG-DEDUP;AUDCHF;s=0;wOpened=08-04 10:22;nd=0;bestStored=none;bestStoredSlot=-1;newWins=true
2026-08-04T10:28:00.000+01:00,DIAG-CLOSE;AUDCHF;s=1;prev=7;c=8;firstObs=false;slotOn=true;inWindow=true;time_close=08-04 10:29
2026-08-04T10:28:00.000+01:00,DIAG-DEDUP;AUDCHF;s=1;wOpened=08-04 10:22;nd=1;bestStored=08-04 10:22;bestStoredSlot=0;newWins=true
2026-08-04T11:05:00.000+01:00,DIAG-CLOSE;EURUSD;s=1;prev=10;c=11;firstObs=false;slotOn=true;inWindow=true;time_close=08-04 11:06
2026-08-04T11:05:00.000+01:00,DIAG-DEDUP;EURUSD;s=1;wOpened=08-04 10:55;nd=0;bestStored=none;bestStoredSlot=-1;newWins=true
2026-08-04T11:05:00.000+01:00,DIAG-CLOSE;USDCHF;s=0;prev=9;c=10;firstObs=false;slotOn=true;inWindow=true;time_close=08-04 11:06
2026-08-04T11:05:00.000+01:00,DIAG-DEDUP;USDCHF;s=0;wOpened=08-04 11:04;nd=0;bestStored=none;bestStoredSlot=-1;newWins=true
2026-08-04T11:05:00.000+01:00,DIAG-CLOSE;USDCHF;s=1;prev=9;c=10;firstObs=false;slotOn=true;inWindow=true;time_close=08-04 11:06
2026-08-04T11:05:00.000+01:00,DIAG-DEDUP;USDCHF;s=1;wOpened=08-04 11:04;nd=1;bestStored=08-04 11:04;bestStoredSlot=0;newWins=true
2026-08-04T11:09:00.000+01:00,DIAG-CLOSE;CHFJPY;s=1;prev=6;c=7;firstObs=false;slotOn=true;inWindow=true;time_close=08-04 11:10
2026-08-04T11:09:00.000+01:00,DIAG-DEDUP;CHFJPY;s=1;wOpened=08-04 10:52;nd=0;bestStored=none;bestStoredSlot=-1;newWins=true
2026-08-04T11:15:00.000+01:00,DIAG-CLOSE;EURCHF;s=0;prev=8;c=9;firstObs=false;slotOn=true;inWindow=true;time_close=08-04 11:16
2026-08-04T11:15:00.000+01:00,DIAG-DEDUP;EURCHF;s=0;wOpened=08-04 10:49;nd=0;bestStored=none;bestStoredSlot=-1;newWins=true
2026-08-04T11:15:00.000+01:00,DIAG-CLOSE;EURCHF;s=1;prev=8;c=9;firstObs=false;slotOn=true;inWindow=true;time_close=08-04 11:16
2026-08-04T11:15:00.000+01:00,DIAG-DEDUP;EURCHF;s=1;wOpened=08-04 10:49;nd=1;bestStored=08-04 10:49;bestStoredSlot=0;newWins=true
2026-08-04T11:15:00.000+01:00,DIAG-CLOSE;EURCHF;s=2;prev=5;c=6;firstObs=false;slotOn=true;inWindow=true;time_close=08-04 11:16
2026-08-04T11:15:00.000+01:00,DIAG-DEDUP;EURCHF;s=2;wOpened=08-04 10:52;nd=1;bestStored=08-04 10:49;bestStoredSlot=1;newWins=false
2026-08-04T11:15:00.000+01:00,DIAG-CLOSE;EURCHF;s=3;prev=6;c=7;firstObs=false;slotOn=true;inWindow=true;time_close=08-04 11:16
2026-08-04T11:15:00.000+01:00,DIAG-DEDUP;EURCHF;s=3;wOpened=08-04 10:52;nd=1;bestStored=08-04 10:49;bestStoredSlot=1;newWins=false
2026-08-04T11:52:00.000+01:00,DIAG-CLOSE;CADCHF;s=0;prev=4;c=5;firstObs=false;slotOn=true;inWindow=true;time_close=08-04 11:53
2026-08-04T11:52:00.000+01:00,DIAG-DEDUP;CADCHF;s=0;wOpened=08-04 11:51;nd=0;bestStored=none;bestStoredSlot=-1;newWins=true
2026-08-04T11:52:00.000+01:00,DIAG-CLOSE;CADCHF;s=1;prev=4;c=5;firstObs=false;slotOn=true;inWindow=true;time_close=08-04 11:53
2026-08-04T11:52:00.000+01:00,DIAG-DEDUP;CADCHF;s=1;wOpened=08-04 11:51;nd=1;bestStored=08-04 11:51;bestStoredSlot=0;newWins=true
2026-08-04T11:54:00.000+01:00,DIAG-CLOSE;AUDUSD;s=0;prev=5;c=6;firstObs=false;slotOn=true;inWindow=true;time_close=08-04 11:55
2026-08-04T11:54:00.000+01:00,DIAG-DEDUP;AUDUSD;s=0;wOpened=08-04 11:05;nd=0;bestStored=none;bestStoredSlot=-1;newWins=true
2026-08-04T11:54:00.000+01:00,DIAG-CLOSE;AUDUSD;s=1;prev=4;c=5;firstObs=false;slotOn=true;inWindow=true;time_close=08-04 11:55
2026-08-04T11:54:00.000+01:00,DIAG-DEDUP;AUDUSD;s=1;wOpened=08-04 11:05;nd=1;bestStored=08-04 11:05;bestStoredSlot=0;newWins=true
2026-08-04T11:54:00.000+01:00,DIAG-CLOSE;AUDUSD;s=2;prev=3;c=4;firstObs=false;slotOn=true;inWindow=true;time_close=08-04 11:55
2026-08-04T11:54:00.000+01:00,DIAG-DEDUP;AUDUSD;s=2;wOpened=08-04 11:06;nd=1;bestStored=08-04 11:05;bestStoredSlot=1;newWins=false
2026-08-04T11:54:00.000+01:00,DIAG-CLOSE;AUDUSD;s=3;prev=3;c=4;firstObs=false;slotOn=true;inWindow=true;time_close=08-04 11:55
2026-08-04T11:54:00.000+01:00,DIAG-DEDUP;AUDUSD;s=3;wOpened=08-04 11:06;nd=1;bestStored=08-04 11:05;bestStoredSlot=1;newWins=false
2026-08-04T11:54:00.000+01:00,DIAG-CLOSE;AUDUSD;s=4;prev=1;c=2;firstObs=false;slotOn=true;inWindow=true;time_close=08-04 11:55
2026-08-04T11:54:00.000+01:00,DIAG-DEDUP;AUDUSD;s=4;wOpened=08-04 11:50;nd=1;bestStored=08-04 11:05;bestStoredSlot=1;newWins=false
2026-08-04T12:15:00.000+01:00,DIAG-CLOSE;GBPUSD;s=0;prev=5;c=6;firstObs=false;slotOn=true;inWindow=true;time_close=08-04 12:16
2026-08-04T12:15:00.000+01:00,DIAG-DEDUP;GBPUSD;s=0;wOpened=08-04 11:07;nd=0;bestStored=none;bestStoredSlot=-1;newWins=true
2026-08-04T12:15:00.000+01:00,DIAG-CLOSE;GBPUSD;s=1;prev=4;c=5;firstObs=false;slotOn=true;inWindow=true;time_close=08-04 12:16
2026-08-04T12:15:00.000+01:00,DIAG-DEDUP;GBPUSD;s=1;wOpened=08-04 10:09;nd=1;bestStored=08-04 11:07;bestStoredSlot=0;newWins=true
2026-08-04T12:15:00.000+01:00,DIAG-CLOSE;GBPUSD;s=2;prev=4;c=5;firstObs=false;slotOn=true;inWindow=true;time_close=08-04 12:16
2026-08-04T12:15:00.000+01:00,DIAG-DEDUP;GBPUSD;s=2;wOpened=08-04 10:46;nd=1;bestStored=08-04 10:09;bestStoredSlot=1;newWins=false
2026-08-04T12:15:00.000+01:00,DIAG-CLOSE;GBPUSD;s=3;prev=4;c=5;firstObs=false;slotOn=true;inWindow=true;time_close=08-04 12:16
2026-08-04T12:15:00.000+01:00,DIAG-DEDUP;GBPUSD;s=3;wOpened=08-04 11:21;nd=1;bestStored=08-04 10:09;bestStoredSlot=1;newWins=false
2026-08-04T12:15:00.000+01:00,DIAG-CLOSE;GBPUSD;s=4;prev=3;c=4;firstObs=false;slotOn=true;inWindow=true;time_close=08-04 12:16
2026-08-04T12:15:00.000+01:00,DIAG-DEDUP;GBPUSD;s=4;wOpened=08-04 11:06;nd=1;bestStored=08-04 10:09;bestStoredSlot=1;newWins=false
2026-08-04T12:15:00.000+01:00,DIAG-CLOSE;GBPUSD;s=5;prev=2;c=3;firstObs=false;slotOn=true;inWindow=true;time_close=08-04 12:16
2026-08-04T12:15:00.000+01:00,DIAG-DEDUP;GBPUSD;s=5;wOpened=08-04 10:09;nd=1;bestStored=08-04 10:09;bestStoredSlot=1;newWins=true
2026-08-04T12:15:00.000+01:00,DIAG-CLOSE;GBPUSD;s=6;prev=2;c=3;firstObs=false;slotOn=true;inWindow=true;time_close=08-04 12:16
2026-08-04T12:15:00.000+01:00,DIAG-DEDUP;GBPUSD;s=6;wOpened=08-04 11:06;nd=1;bestStored=08-04 10:09;bestStoredSlot=5;newWins=false
2026-08-04T13:02:00.000+01:00,DIAG-CLOSE;EURJPY;s=0;prev=8;c=9;firstObs=false;slotOn=true;inWindow=true;time_close=08-04 13:03
2026-08-04T13:02:00.000+01:00,DIAG-DEDUP;EURJPY;s=0;wOpened=08-04 12:42;nd=0;bestStored=none;bestStoredSlot=-1;newWins=true
2026-08-04T13:02:00.000+01:00,DIAG-CLOSE;EURJPY;s=1;prev=8;c=9;firstObs=false;slotOn=true;inWindow=true;time_close=08-04 13:03
2026-08-04T13:02:00.000+01:00,DIAG-DEDUP;EURJPY;s=1;wOpened=08-04 12:42;nd=1;bestStored=08-04 12:42;bestStoredSlot=0;newWins=true
2026-08-04T13:17:00.000+01:00,DIAG-CLOSE;GBPCHF;s=0;prev=3;c=4;firstObs=false;slotOn=true;inWindow=true;time_close=08-04 13:18
2026-08-04T13:17:00.000+01:00,DIAG-DEDUP;GBPCHF;s=0;wOpened=08-04 13:13;nd=0;bestStored=none;bestStoredSlot=-1;newWins=true
2026-08-04T13:17:00.000+01:00,DIAG-CLOSE;GBPCHF;s=1;prev=3;c=4;firstObs=false;slotOn=true;inWindow=true;time_close=08-04 13:18
2026-08-04T13:17:00.000+01:00,DIAG-DEDUP;GBPCHF;s=1;wOpened=08-04 13:13;nd=1;bestStored=08-04 13:13;bestStoredSlot=0;newWins=true
2026-08-04T13:17:00.000+01:00,DIAG-CLOSE;GBPCHF;s=3;prev=2;c=3;firstObs=false;slotOn=true;inWindow=true;time_close=08-04 13:18
2026-08-04T13:17:00.000+01:00,DIAG-DEDUP;GBPCHF;s=3;wOpened=08-04 13:16;nd=1;bestStored=08-04 13:13;bestStoredSlot=1;newWins=false
2026-08-04T13:40:00.000+01:00,DIAG-CLOSE;GBPCHF;s=2;prev=1;c=2;firstObs=false;slotOn=true;inWindow=true;time_close=08-04 13:41
2026-08-04T13:40:00.000+01:00,DIAG-DEDUP;GBPCHF;s=2;wOpened=08-04 13:16;nd=1;bestStored=08-04 13:13;bestStoredSlot=1;newWins=false
2026-08-04T13:40:00.000+01:00,DIAG-CLOSE;GBPCHF;s=4;prev=1;c=2;firstObs=false;slotOn=true;inWindow=true;time_close=08-04 13:41
2026-08-04T13:40:00.000+01:00,DIAG-DEDUP;GBPCHF;s=4;wOpened=08-04 13:27;nd=0;bestStored=none;bestStoredSlot=-1;newWins=true
2026-08-04T13:40:00.000+01:00,DIAG-CLOSE;GBPCHF;s=5;prev=1;c=2;firstObs=false;slotOn=true;inWindow=true;time_close=08-04 13:41
2026-08-04T13:40:00.000+01:00,DIAG-DEDUP;GBPCHF;s=5;wOpened=08-04 13:16;nd=2;bestStored=08-04 13:13;bestStoredSlot=1;newWins=false
2026-08-04T13:40:00.000+01:00,DIAG-CLOSE;GBPCHF;s=6;prev=1;c=2;firstObs=false;slotOn=true;inWindow=true;time_close=08-04 13:41
2026-08-04T13:40:00.000+01:00,DIAG-DEDUP;GBPCHF;s=6;wOpened=08-04 13:27;nd=0;bestStored=none;bestStoredSlot=-1;newWins=true
2026-08-04T13:40:00.000+01:00,DIAG-CLOSE;GBPCHF;s=7;prev=1;c=2;firstObs=false;slotOn=true;inWindow=true;time_close=08-04 13:41
2026-08-04T13:40:00.000+01:00,DIAG-DEDUP;GBPCHF;s=7;wOpened=08-04 13:27;nd=1;bestStored=08-04 13:27;bestStoredSlot=6;newWins=true
2026-08-04T13:43:00.000+01:00,DIAG-CLOSE;EURGBP;s=0;prev=8;c=9;firstObs=false;slotOn=true;inWindow=true;time_close=08-04 13:44
2026-08-04T13:43:00.000+01:00,DIAG-DEDUP;EURGBP;s=0;wOpened=08-04 13:34;nd=0;bestStored=none;bestStoredSlot=-1;newWins=true
2026-08-04T13:43:00.000+01:00,DIAG-CLOSE;EURGBP;s=1;prev=9;c=10;firstObs=false;slotOn=true;inWindow=true;time_close=08-04 13:44
2026-08-04T13:43:00.000+01:00,DIAG-DEDUP;EURGBP;s=1;wOpened=08-04 13:34;nd=1;bestStored=08-04 13:34;bestStoredSlot=0;newWins=true
2026-08-04T13:43:00.000+01:00,DIAG-CLOSE;EURGBP;s=5;prev=3;c=4;firstObs=false;slotOn=true;inWindow=true;time_close=08-04 13:44
2026-08-04T13:43:00.000+01:00,DIAG-DEDUP;EURGBP;s=5;wOpened=08-04 13:34;nd=1;bestStored=08-04 13:34;bestStoredSlot=1;newWins=true
2026-08-04T13:52:00.000+01:00,DIAG-CLOSE;GBPCAD;s=2;prev=4;c=5;firstObs=false;slotOn=true;inWindow=true;time_close=08-04 13:53
2026-08-04T13:52:00.000+01:00,DIAG-DEDUP;GBPCAD;s=2;wOpened=08-04 13:04;nd=0;bestStored=none;bestStoredSlot=-1;newWins=true
2026-08-04T13:53:00.000+01:00,DIAG-CLOSE;GBPCAD;s=0;prev=8;c=9;firstObs=false;slotOn=true;inWindow=true;time_close=08-04 13:54
2026-08-04T13:53:00.000+01:00,DIAG-DEDUP;GBPCAD;s=0;wOpened=08-04 12:58;nd=1;bestStored=08-04 13:04;bestStoredSlot=2;newWins=true
2026-08-04T13:53:00.000+01:00,DIAG-CLOSE;GBPCAD;s=1;prev=9;c=10;firstObs=false;slotOn=true;inWindow=true;time_close=08-04 13:54
2026-08-04T13:53:00.000+01:00,DIAG-DEDUP;GBPCAD;s=1;wOpened=08-04 12:58;nd=1;bestStored=08-04 12:58;bestStoredSlot=0;newWins=true
2026-08-04T13:53:00.000+01:00,DIAG-CLOSE;GBPCAD;s=3;prev=3;c=4;firstObs=false;slotOn=true;inWindow=true;time_close=08-04 13:54
2026-08-04T13:53:00.000+01:00,DIAG-DEDUP;GBPCAD;s=3;wOpened=08-04 13:04;nd=1;bestStored=08-04 12:58;bestStoredSlot=1;newWins=false
2026-08-04T13:57:00.000+01:00,DIAG-CLOSE;USDCAD;s=0;prev=4;c=5;firstObs=false;slotOn=true;inWindow=true;time_close=08-04 13:58
2026-08-04T13:57:00.000+01:00,DIAG-DEDUP;USDCAD;s=0;wOpened=08-04 13:24;nd=0;bestStored=none;bestStoredSlot=-1;newWins=true
2026-08-04T13:57:00.000+01:00,DIAG-CLOSE;USDCAD;s=1;prev=4;c=5;firstObs=false;slotOn=true;inWindow=true;time_close=08-04 13:58
2026-08-04T13:57:00.000+01:00,DIAG-DEDUP;USDCAD;s=1;wOpened=08-04 13:24;nd=1;bestStored=08-04 13:24;bestStoredSlot=0;newWins=true
2026-08-04T13:57:00.000+01:00,DIAG-CLOSE;USDCAD;s=3;prev=2;c=3;firstObs=false;slotOn=true;inWindow=true;time_close=08-04 13:58
2026-08-04T13:57:00.000+01:00,DIAG-DEDUP;USDCAD;s=3;wOpened=08-04 13:40;nd=1;bestStored=08-04 13:24;bestStoredSlot=1;newWins=false
2026-08-04T14:16:00.000+01:00,DIAG-CLOSE;CHFJPY;s=0;prev=6;c=7;firstObs=false;slotOn=true;inWindow=true;time_close=08-04 14:17
2026-08-04T14:16:00.000+01:00,DIAG-DEDUP;CHFJPY;s=0;wOpened=08-04 13:38;nd=0;bestStored=none;bestStoredSlot=-1;newWins=true
2026-08-04T14:16:00.000+01:00,DIAG-CLOSE;CHFJPY;s=1;prev=7;c=8;firstObs=false;slotOn=true;inWindow=true;time_close=08-04 14:17
2026-08-04T14:16:00.000+01:00,DIAG-DEDUP;CHFJPY;s=1;wOpened=08-04 13:38;nd=1;bestStored=08-04 13:38;bestStoredSlot=0;newWins=true
2026-08-04T14:16:00.000+01:00,DIAG-CLOSE;CHFJPY;s=2;prev=2;c=3;firstObs=false;slotOn=true;inWindow=true;time_close=08-04 14:17
2026-08-04T14:16:00.000+01:00,DIAG-DEDUP;CHFJPY;s=2;wOpened=08-04 13:39;nd=1;bestStored=08-04 13:38;bestStoredSlot=1;newWins=false
2026-08-04T14:16:00.000+01:00,DIAG-CLOSE;CHFJPY;s=3;prev=1;c=2;firstObs=false;slotOn=true;inWindow=true;time_close=08-04 14:17
2026-08-04T14:16:00.000+01:00,DIAG-DEDUP;CHFJPY;s=3;wOpened=08-04 13:39;nd=1;bestStored=08-04 13:38;bestStoredSlot=1;newWins=false
2026-08-04T14:16:00.000+01:00,DIAG-CLOSE;CHFJPY;s=4;prev=0;c=1;firstObs=false;slotOn=true;inWindow=true;time_close=08-04 14:17
2026-08-04T14:16:00.000+01:00,DIAG-DEDUP;CHFJPY;s=4;wOpened=08-04 13:42;nd=1;bestStored=08-04 13:38;bestStoredSlot=1;newWins=false
2026-08-04T14:16:00.000+01:00,DIAG-CLOSE;CHFJPY;s=7;prev=0;c=1;firstObs=false;slotOn=true;inWindow=true;time_close=08-04 14:17
2026-08-04T14:16:00.000+01:00,DIAG-DEDUP;CHFJPY;s=7;wOpened=08-04 14:08;nd=1;bestStored=08-04 13:38;bestStoredSlot=1;newWins=false
2026-08-04T14:18:00.000+01:00,DIAG-CLOSE;GBPCAD;s=7;prev=1;c=2;firstObs=false;slotOn=true;inWindow=true;time_close=08-04 14:19
2026-08-04T14:18:00.000+01:00,DIAG-DEDUP;GBPCAD;s=7;wOpened=08-04 14:04;nd=0;bestStored=none;bestStoredSlot=-1;newWins=true
2026-08-04T14:30:00.000+01:00,DIAG-CLOSE;EURUSD;s=0;prev=10;c=11;firstObs=false;slotOn=true;inWindow=true;time_close=08-04 14:31
2026-08-04T14:30:00.000+01:00,DIAG-DEDUP;EURUSD;s=0;wOpened=08-04 14:29;nd=0;bestStored=none;bestStoredSlot=-1;newWins=true
2026-08-04T14:30:00.000+01:00,DIAG-CLOSE;EURUSD;s=1;prev=11;c=12;firstObs=false;slotOn=true;inWindow=true;time_close=08-04 14:31
2026-08-04T14:30:00.000+01:00,DIAG-DEDUP;EURUSD;s=1;wOpened=08-04 14:29;nd=1;bestStored=08-04 14:29;bestStoredSlot=0;newWins=true
2026-08-04T14:41:00.000+01:00,DIAG-CLOSE;EURGBP;s=0;prev=9;c=10;firstObs=false;slotOn=true;inWindow=true;time_close=08-04 14:42
2026-08-04T14:41:00.000+01:00,DIAG-DEDUP;EURGBP;s=0;wOpened=08-04 14:32;nd=0;bestStored=none;bestStoredSlot=-1;newWins=true
2026-08-04T14:41:00.000+01:00,DIAG-CLOSE;EURGBP;s=1;prev=10;c=11;firstObs=false;slotOn=true;inWindow=true;time_close=08-04 14:42
2026-08-04T14:41:00.000+01:00,DIAG-DEDUP;EURGBP;s=1;wOpened=08-04 14:32;nd=1;bestStored=08-04 14:32;bestStoredSlot=0;newWins=true
2026-08-04T15:06:00.000+01:00,DIAG-CLOSE;AUDUSD;s=1;prev=5;c=6;firstObs=false;slotOn=true;inWindow=true;time_close=08-04 15:07
2026-08-04T15:06:00.000+01:00,DIAG-DEDUP;AUDUSD;s=1;wOpened=08-04 14:43;nd=0;bestStored=none;bestStoredSlot=-1;newWins=true
2026-08-04T15:06:00.000+01:00,DIAG-CLOSE;AUDUSD;s=2;prev=4;c=5;firstObs=false;slotOn=true;inWindow=true;time_close=08-04 15:07
2026-08-04T15:06:00.000+01:00,DIAG-DEDUP;AUDUSD;s=2;wOpened=08-04 14:44;nd=1;bestStored=08-04 14:43;bestStoredSlot=1;newWins=false
2026-08-04T15:06:00.000+01:00,DIAG-CLOSE;AUDUSD;s=5;prev=2;c=3;firstObs=false;slotOn=true;inWindow=true;time_close=08-04 15:07
2026-08-04T15:06:00.000+01:00,DIAG-DEDUP;AUDUSD;s=5;wOpened=08-04 14:44;nd=1;bestStored=08-04 14:43;bestStoredSlot=1;newWins=false
2026-08-04T15:26:00.000+01:00,DIAG-CLOSE;GBPJPY;s=6;prev=3;c=4;firstObs=false;slotOn=true;inWindow=true;time_close=08-04 15:27
2026-08-04T15:26:00.000+01:00,DIAG-DEDUP;GBPJPY;s=6;wOpened=08-04 14:57;nd=0;bestStored=none;bestStoredSlot=-1;newWins=true
2026-08-04T15:27:00.000+01:00,DIAG-CLOSE;CHFJPY;s=5;prev=1;c=2;firstObs=false;slotOn=true;inWindow=true;time_close=08-04 15:28
2026-08-04T15:27:00.000+01:00,DIAG-DEDUP;CHFJPY;s=5;wOpened=08-04 15:25;nd=0;bestStored=none;bestStoredSlot=-1;newWins=true
2026-08-04T15:28:00.000+01:00,DIAG-CLOSE;GBPJPY;s=0;prev=9;c=10;firstObs=false;slotOn=true;inWindow=true;time_close=08-04 15:29
2026-08-04T15:28:00.000+01:00,DIAG-DEDUP;GBPJPY;s=0;wOpened=08-04 14:51;nd=1;bestStored=08-04 14:57;bestStoredSlot=6;newWins=true
2026-08-04T15:28:00.000+01:00,DIAG-CLOSE;GBPJPY;s=1;prev=9;c=10;firstObs=false;slotOn=true;inWindow=true;time_close=08-04 15:29
2026-08-04T15:28:00.000+01:00,DIAG-DEDUP;GBPJPY;s=1;wOpened=08-04 14:51;nd=1;bestStored=08-04 14:51;bestStoredSlot=0;newWins=true
2026-08-04T15:28:00.000+01:00,DIAG-CLOSE;GBPJPY;s=2;prev=4;c=5;firstObs=false;slotOn=true;inWindow=true;time_close=08-04 15:29
2026-08-04T15:28:00.000+01:00,DIAG-DEDUP;GBPJPY;s=2;wOpened=08-04 14:52;nd=1;bestStored=08-04 14:51;bestStoredSlot=1;newWins=false
2026-08-04T15:28:00.000+01:00,DIAG-CLOSE;GBPJPY;s=3;prev=4;c=5;firstObs=false;slotOn=true;inWindow=true;time_close=08-04 15:29
2026-08-04T15:28:00.000+01:00,DIAG-DEDUP;GBPJPY;s=3;wOpened=08-04 14:52;nd=1;bestStored=08-04 14:51;bestStoredSlot=1;newWins=false
2026-08-04T15:28:00.000+01:00,DIAG-CLOSE;GBPJPY;s=4;prev=4;c=5;firstObs=false;slotOn=true;inWindow=true;time_close=08-04 15:29
2026-08-04T15:28:00.000+01:00,DIAG-DEDUP;GBPJPY;s=4;wOpened=08-04 14:57;nd=1;bestStored=08-04 14:51;bestStoredSlot=1;newWins=false
2026-08-04T15:32:00.000+01:00,DIAG-CLOSE;CADCHF;s=0;prev=5;c=6;firstObs=false;slotOn=true;inWindow=true;time_close=08-04 15:33
2026-08-04T15:32:00.000+01:00,DIAG-DEDUP;CADCHF;s=0;wOpened=08-04 15:17;nd=0;bestStored=none;bestStoredSlot=-1;newWins=true
2026-08-04T15:32:00.000+01:00,DIAG-CLOSE;CADCHF;s=1;prev=5;c=6;firstObs=false;slotOn=true;inWindow=true;time_close=08-04 15:33
2026-08-04T15:32:00.000+01:00,DIAG-DEDUP;CADCHF;s=1;wOpened=08-04 15:17;nd=1;bestStored=08-04 15:17;bestStoredSlot=0;newWins=true
2026-08-04T15:46:00.000+01:00,DIAG-CLOSE;EURGBP;s=0;prev=10;c=11;firstObs=false;slotOn=true;inWindow=true;time_close=08-04 15:47
2026-08-04T15:46:00.000+01:00,DIAG-DEDUP;EURGBP;s=0;wOpened=08-04 15:16;nd=0;bestStored=none;bestStoredSlot=-1;newWins=true
2026-08-04T15:50:00.000+01:00,DIAG-CLOSE;EURUSD;s=0;prev=11;c=12;firstObs=false;slotOn=true;inWindow=true;time_close=08-04 15:51
2026-08-04T15:50:00.000+01:00,DIAG-DEDUP;EURUSD;s=0;wOpened=08-04 15:39;nd=0;bestStored=none;bestStoredSlot=-1;newWins=true
2026-08-04T15:50:00.000+01:00,DIAG-CLOSE;EURUSD;s=1;prev=12;c=13;firstObs=false;slotOn=true;inWindow=true;time_close=08-04 15:51
2026-08-04T15:50:00.000+01:00,DIAG-DEDUP;EURUSD;s=1;wOpened=08-04 15:39;nd=1;bestStored=08-04 15:39;bestStoredSlot=0;newWins=true
2026-08-04T15:56:00.000+01:00,DIAG-CLOSE;GBPCAD;s=0;prev=9;c=10;firstObs=false;slotOn=true;inWindow=true;time_close=08-04 15:57
2026-08-04T15:56:00.000+01:00,DIAG-DEDUP;GBPCAD;s=0;wOpened=08-04 15:47;nd=0;bestStored=none;bestStoredSlot=-1;newWins=true
2026-08-04T15:56:00.000+01:00,DIAG-CLOSE;GBPCAD;s=1;prev=10;c=11;firstObs=false;slotOn=true;inWindow=true;time_close=08-04 15:57
2026-08-04T15:56:00.000+01:00,DIAG-DEDUP;GBPCAD;s=1;wOpened=08-04 15:46;nd=1;bestStored=08-04 15:47;bestStoredSlot=0;newWins=true
2026-08-04T15:56:00.000+01:00,DIAG-CLOSE;GBPCAD;s=2;prev=5;c=6;firstObs=false;slotOn=true;inWindow=true;time_close=08-04 15:57
2026-08-04T15:56:00.000+01:00,DIAG-DEDUP;GBPCAD;s=2;wOpened=08-04 15:47;nd=1;bestStored=08-04 15:46;bestStoredSlot=1;newWins=false
2026-08-04T16:08:00.000+01:00,DIAG-CLOSE;GBPCHF;s=0;prev=4;c=5;firstObs=false;slotOn=true;inWindow=true;time_close=08-04 16:09
2026-08-04T16:08:00.000+01:00,DIAG-DEDUP;GBPCHF;s=0;wOpened=08-04 14:59;nd=0;bestStored=none;bestStoredSlot=-1;newWins=true
2026-08-04T16:08:00.000+01:00,DIAG-CLOSE;GBPCHF;s=1;prev=4;c=5;firstObs=false;slotOn=true;inWindow=true;time_close=08-04 16:09
2026-08-04T16:08:00.000+01:00,DIAG-DEDUP;GBPCHF;s=1;wOpened=08-04 14:59;nd=1;bestStored=08-04 14:59;bestStoredSlot=0;newWins=true
2026-08-04T16:08:00.000+01:00,DIAG-CLOSE;GBPCHF;s=2;prev=2;c=3;firstObs=false;slotOn=true;inWindow=true;time_close=08-04 16:09
2026-08-04T16:08:00.000+01:00,DIAG-DEDUP;GBPCHF;s=2;wOpened=08-04 15:53;nd=1;bestStored=08-04 14:59;bestStoredSlot=1;newWins=false
2026-08-04T16:08:00.000+01:00,DIAG-CLOSE;GBPCHF;s=3;prev=3;c=4;firstObs=false;slotOn=true;inWindow=true;time_close=08-04 16:09
2026-08-04T16:08:00.000+01:00,DIAG-DEDUP;GBPCHF;s=3;wOpened=08-04 15:00;nd=1;bestStored=08-04 14:59;bestStoredSlot=1;newWins=false
2026-08-04T16:08:00.000+01:00,DIAG-CLOSE;GBPCHF;s=4;prev=2;c=3;firstObs=false;slotOn=true;inWindow=true;time_close=08-04 16:09
2026-08-04T16:08:00.000+01:00,DIAG-DEDUP;GBPCHF;s=4;wOpened=08-04 16:07;nd=1;bestStored=08-04 14:59;bestStoredSlot=1;newWins=false
2026-08-04T16:12:00.000+01:00,DIAG-CLOSE;USDCHF;s=0;prev=10;c=11;firstObs=false;slotOn=true;inWindow=true;time_close=08-04 16:13
2026-08-04T16:12:00.000+01:00,DIAG-DEDUP;USDCHF;s=0;wOpened=08-04 15:53;nd=0;bestStored=none;bestStoredSlot=-1;newWins=true
2026-08-04T16:12:00.000+01:00,DIAG-CLOSE;USDCHF;s=1;prev=10;c=11;firstObs=false;slotOn=true;inWindow=true;time_close=08-04 16:13
2026-08-04T16:12:00.000+01:00,DIAG-DEDUP;USDCHF;s=1;wOpened=08-04 15:53;nd=1;bestStored=08-04 15:53;bestStoredSlot=0;newWins=true
2026-08-04T16:13:00.000+01:00,DIAG-CLOSE;CHFJPY;s=0;prev=7;c=8;firstObs=false;slotOn=true;inWindow=true;time_close=08-04 16:14
2026-08-04T16:13:00.000+01:00,DIAG-DEDUP;CHFJPY;s=0;wOpened=08-04 15:25;nd=1;bestStored=08-04 15:25;bestStoredSlot=5;newWins=false
2026-08-04T16:13:00.000+01:00,DIAG-CLOSE;CHFJPY;s=1;prev=8;c=9;firstObs=false;slotOn=true;inWindow=true;time_close=08-04 16:14
2026-08-04T16:13:00.000+01:00,DIAG-DEDUP;CHFJPY;s=1;wOpened=08-04 15:25;nd=1;bestStored=08-04 15:25;bestStoredSlot=5;newWins=false
2026-08-04T16:13:00.000+01:00,DIAG-CLOSE;CHFJPY;s=2;prev=3;c=4;firstObs=false;slotOn=true;inWindow=true;time_close=08-04 16:14
2026-08-04T16:13:00.000+01:00,DIAG-DEDUP;CHFJPY;s=2;wOpened=08-04 15:43;nd=0;bestStored=none;bestStoredSlot=-1;newWins=true
2026-08-04T16:13:00.000+01:00,DIAG-CLOSE;CHFJPY;s=3;prev=2;c=3;firstObs=false;slotOn=true;inWindow=true;time_close=08-04 16:14
2026-08-04T16:13:00.000+01:00,DIAG-DEDUP;CHFJPY;s=3;wOpened=08-04 15:43;nd=1;bestStored=08-04 15:43;bestStoredSlot=2;newWins=true
2026-08-04T16:13:00.000+01:00,DIAG-CLOSE;CHFJPY;s=4;prev=1;c=2;firstObs=false;slotOn=true;inWindow=true;time_close=08-04 16:14
2026-08-04T16:13:00.000+01:00,DIAG-DEDUP;CHFJPY;s=4;wOpened=08-04 15:44;nd=1;bestStored=08-04 15:43;bestStoredSlot=3;newWins=false
2026-08-04T16:13:00.000+01:00,DIAG-CLOSE;CHFJPY;s=6;prev=0;c=1;firstObs=false;slotOn=true;inWindow=true;time_close=08-04 16:14
2026-08-04T16:13:00.000+01:00,DIAG-DEDUP;CHFJPY;s=6;wOpened=08-04 16:12;nd=1;bestStored=08-04 15:43;bestStoredSlot=3;newWins=false
2026-08-04T16:13:00.000+01:00,DIAG-CLOSE;CHFJPY;s=7;prev=1;c=2;firstObs=false;slotOn=true;inWindow=true;time_close=08-04 16:14
2026-08-04T16:13:00.000+01:00,DIAG-DEDUP;CHFJPY;s=7;wOpened=08-04 16:12;nd=1;bestStored=08-04 15:43;bestStoredSlot=3;newWins=false
2026-08-04T16:16:00.000+01:00,DIAG-CLOSE;GBPAUD;s=0;prev=7;c=8;firstObs=false;slotOn=true;inWindow=true;time_close=08-04 16:17
2026-08-04T16:16:00.000+01:00,DIAG-DEDUP;GBPAUD;s=0;wOpened=08-04 15:16;nd=0;bestStored=none;bestStoredSlot=-1;newWins=true
2026-08-04T16:16:00.000+01:00,DIAG-CLOSE;GBPAUD;s=1;prev=8;c=9;firstObs=false;slotOn=true;inWindow=true;time_close=08-04 16:17
2026-08-04T16:16:00.000+01:00,DIAG-DEDUP;GBPAUD;s=1;wOpened=08-04 15:16;nd=1;bestStored=08-04 15:16;bestStoredSlot=0;newWins=true
2026-08-04T16:16:00.000+01:00,DIAG-CLOSE;GBPAUD;s=2;prev=5;c=6;firstObs=false;slotOn=true;inWindow=true;time_close=08-04 16:17
2026-08-04T16:16:00.000+01:00,DIAG-DEDUP;GBPAUD;s=2;wOpened=08-04 15:35;nd=1;bestStored=08-04 15:16;bestStoredSlot=1;newWins=false
2026-08-04T16:16:00.000+01:00,DIAG-CLOSE;GBPAUD;s=3;prev=5;c=6;firstObs=false;slotOn=true;inWindow=true;time_close=08-04 16:17
2026-08-04T16:16:00.000+01:00,DIAG-DEDUP;GBPAUD;s=3;wOpened=08-04 15:35;nd=1;bestStored=08-04 15:16;bestStoredSlot=1;newWins=false
2026-08-04T16:16:00.000+01:00,DIAG-CLOSE;GBPAUD;s=4;prev=3;c=4;firstObs=false;slotOn=true;inWindow=true;time_close=08-04 16:17
2026-08-04T16:16:00.000+01:00,DIAG-DEDUP;GBPAUD;s=4;wOpened=08-04 15:36;nd=1;bestStored=08-04 15:16;bestStoredSlot=1;newWins=false
2026-08-04T16:16:00.000+01:00,DIAG-CLOSE;GBPAUD;s=5;prev=3;c=4;firstObs=false;slotOn=true;inWindow=true;time_close=08-04 16:17
2026-08-04T16:16:00.000+01:00,DIAG-DEDUP;GBPAUD;s=5;wOpened=08-04 15:36;nd=1;bestStored=08-04 15:16;bestStoredSlot=1;newWins=false
2026-08-04T16:16:00.000+01:00,DIAG-CLOSE;GBPAUD;s=7;prev=0;c=1;firstObs=false;slotOn=true;inWindow=true;time_close=08-04 16:17
2026-08-04T16:16:00.000+01:00,DIAG-DEDUP;GBPAUD;s=7;wOpened=08-04 15:59;nd=1;bestStored=08-04 15:16;bestStoredSlot=1;newWins=false
2026-08-04T16:25:00.000+01:00,DIAG-CLOSE;CADCHF;s=0;prev=6;c=7;firstObs=false;slotOn=true;inWindow=true;time_close=08-04 16:26
2026-08-04T16:25:00.000+01:00,DIAG-DEDUP;CADCHF;s=0;wOpened=08-04 16:00;nd=0;bestStored=none;bestStoredSlot=-1;newWins=true
2026-08-04T16:25:00.000+01:00,DIAG-CLOSE;CADCHF;s=1;prev=6;c=7;firstObs=false;slotOn=true;inWindow=true;time_close=08-04 16:26
2026-08-04T16:25:00.000+01:00,DIAG-DEDUP;CADCHF;s=1;wOpened=08-04 16:00;nd=1;bestStored=08-04 16:00;bestStoredSlot=0;newWins=true
2026-08-04T16:25:00.000+01:00,DIAG-CLOSE;CADCHF;s=2;prev=2;c=3;firstObs=false;slotOn=true;inWindow=true;time_close=08-04 16:26
2026-08-04T16:25:00.000+01:00,DIAG-DEDUP;CADCHF;s=2;wOpened=08-04 16:24;nd=1;bestStored=08-04 16:00;bestStoredSlot=1;newWins=false
2026-08-04T16:25:00.000+01:00,DIAG-CLOSE;CADCHF;s=3;prev=2;c=3;firstObs=false;slotOn=true;inWindow=true;time_close=08-04 16:26
2026-08-04T16:25:00.000+01:00,DIAG-DEDUP;CADCHF;s=3;wOpened=08-04 16:24;nd=1;bestStored=08-04 16:00;bestStoredSlot=1;newWins=false
2026-08-04T17:24:00.000+01:00,DIAG-CLOSE;AUDCHF;s=1;prev=8;c=9;firstObs=false;slotOn=true;inWindow=true;time_close=08-04 17:25
2026-08-04T17:24:00.000+01:00,DIAG-DEDUP;AUDCHF;s=1;wOpened=08-04 17:10;nd=0;bestStored=none;bestStoredSlot=-1;newWins=true
2026-08-04T17:24:00.000+01:00,DIAG-CLOSE;AUDCHF;s=2;prev=4;c=5;firstObs=false;slotOn=true;inWindow=true;time_close=08-04 17:25
2026-08-04T17:24:00.000+01:00,DIAG-DEDUP;AUDCHF;s=2;wOpened=08-04 17:18;nd=1;bestStored=08-04 17:10;bestStoredSlot=1;newWins=false
2026-08-04T17:34:00.000+01:00,DIAG-CLOSE;AUDCAD;s=0;prev=7;c=8;firstObs=false;slotOn=true;inWindow=true;time_close=08-04 17:35
2026-08-04T17:34:00.000+01:00,DIAG-DEDUP;AUDCAD;s=0;wOpened=08-04 17:30;nd=0;bestStored=none;bestStoredSlot=-1;newWins=true
2026-08-04T17:34:00.000+01:00,DIAG-CLOSE;AUDCAD;s=1;prev=7;c=8;firstObs=false;slotOn=true;inWindow=true;time_close=08-04 17:35
2026-08-04T17:34:00.000+01:00,DIAG-DEDUP;AUDCAD;s=1;wOpened=08-04 17:30;nd=1;bestStored=08-04 17:30;bestStoredSlot=0;newWins=true
2026-08-04T17:39:00.000+01:00,DIAG-CLOSE;USDCHF;s=0;prev=11;c=12;firstObs=false;slotOn=true;inWindow=true;time_close=08-04 17:40
2026-08-04T17:39:00.000+01:00,DIAG-DEDUP;USDCHF;s=0;wOpened=08-04 17:10;nd=0;bestStored=none;bestStoredSlot=-1;newWins=true
2026-08-04T17:39:00.000+01:00,DIAG-CLOSE;USDCHF;s=1;prev=11;c=12;firstObs=false;slotOn=true;inWindow=true;time_close=08-04 17:40
2026-08-04T17:39:00.000+01:00,DIAG-DEDUP;USDCHF;s=1;wOpened=08-04 17:00;nd=1;bestStored=08-04 17:10;bestStoredSlot=0;newWins=true
2026-08-04T17:39:00.000+01:00,DIAG-CLOSE;USDCHF;s=2;prev=4;c=5;firstObs=false;slotOn=true;inWindow=true;time_close=08-04 17:40
2026-08-04T17:39:00.000+01:00,DIAG-DEDUP;USDCHF;s=2;wOpened=08-04 17:10;nd=1;bestStored=08-04 17:00;bestStoredSlot=1;newWins=false
2026-08-04T17:52:00.000+01:00,DIAG-CLOSE;USDJPY;s=0;prev=7;c=8;firstObs=false;slotOn=true;inWindow=true;time_close=08-04 17:53
2026-08-04T17:52:00.000+01:00,DIAG-DEDUP;USDJPY;s=0;wOpened=08-04 17:47;nd=0;bestStored=none;bestStoredSlot=-1;newWins=true
2026-08-04T17:52:00.000+01:00,DIAG-CLOSE;USDJPY;s=1;prev=8;c=9;firstObs=false;slotOn=true;inWindow=true;time_close=08-04 17:53
2026-08-04T17:52:00.000+01:00,DIAG-DEDUP;USDJPY;s=1;wOpened=08-04 17:47;nd=1;bestStored=08-04 17:47;bestStoredSlot=0;newWins=true
2026-08-04T17:58:00.000+01:00,DIAG-CLOSE;GBPCHF;s=0;prev=5;c=6;firstObs=false;slotOn=true;inWindow=true;time_close=08-04 17:59
2026-08-04T17:58:00.000+01:00,DIAG-DEDUP;GBPCHF;s=0;wOpened=08-04 17:56;nd=0;bestStored=none;bestStoredSlot=-1;newWins=true
2026-08-04T17:58:00.000+01:00,DIAG-CLOSE;GBPCHF;s=1;prev=5;c=6;firstObs=false;slotOn=true;inWindow=true;time_close=08-04 17:59
2026-08-04T17:58:00.000+01:00,DIAG-DEDUP;GBPCHF;s=1;wOpened=08-04 17:56;nd=1;bestStored=08-04 17:56;bestStoredSlot=0;newWins=true
2026-08-04T18:12:00.000+01:00,DIAG-CLOSE;GBPCAD;s=0;prev=10;c=11;firstObs=false;slotOn=true;inWindow=true;time_close=08-04 18:13
2026-08-04T18:12:00.000+01:00,DIAG-DEDUP;GBPCAD;s=0;wOpened=08-04 18:11;nd=0;bestStored=none;bestStoredSlot=-1;newWins=true
2026-08-04T18:12:00.000+01:00,DIAG-CLOSE;GBPCAD;s=1;prev=11;c=12;firstObs=false;slotOn=true;inWindow=true;time_close=08-04 18:13
2026-08-04T18:12:00.000+01:00,DIAG-DEDUP;GBPCAD;s=1;wOpened=08-04 18:11;nd=1;bestStored=08-04 18:11;bestStoredSlot=0;newWins=true
2026-08-04T18:13:00.000+01:00,DIAG-CLOSE;EURGBP;s=0;prev=11;c=12;firstObs=false;slotOn=true;inWindow=true;time_close=08-04 18:14
2026-08-04T18:13:00.000+01:00,DIAG-DEDUP;EURGBP;s=0;wOpened=08-04 18:12;nd=0;bestStored=none;bestStoredSlot=-1;newWins=true
2026-08-04T18:25:00.000+01:00,DIAG-CLOSE;AUDCHF;s=0;prev=7;c=8;firstObs=false;slotOn=true;inWindow=true;time_close=08-04 18:26
2026-08-04T18:25:00.000+01:00,DIAG-DEDUP;AUDCHF;s=0;wOpened=08-04 18:21;nd=0;bestStored=none;bestStoredSlot=-1;newWins=true
2026-08-04T18:25:00.000+01:00,DIAG-CLOSE;AUDCHF;s=1;prev=9;c=10;firstObs=false;slotOn=true;inWindow=true;time_close=08-04 18:26
2026-08-04T18:25:00.000+01:00,DIAG-DEDUP;AUDCHF;s=1;wOpened=08-04 18:21;nd=1;bestStored=08-04 18:21;bestStoredSlot=0;newWins=true
2026-08-04T19:08:00.000+01:00,DIAG-CLOSE;USDJPY;s=0;prev=8;c=9;firstObs=false;slotOn=true;inWindow=true;time_close=08-04 19:09
2026-08-04T19:08:00.000+01:00,DIAG-DEDUP;USDJPY;s=0;wOpened=08-04 19:05;nd=0;bestStored=none;bestStoredSlot=-1;newWins=true
2026-08-04T19:08:00.000+01:00,DIAG-CLOSE;USDJPY;s=1;prev=9;c=10;firstObs=false;slotOn=true;inWindow=true;time_close=08-04 19:09
2026-08-04T19:08:00.000+01:00,DIAG-DEDUP;USDJPY;s=1;wOpened=08-04 19:05;nd=1;bestStored=08-04 19:05;bestStoredSlot=0;newWins=true
2026-08-04T19:08:00.000+01:00,DIAG-CLOSE;USDJPY;s=2;prev=3;c=4;firstObs=false;slotOn=true;inWindow=true;time_close=08-04 19:09
2026-08-04T19:08:00.000+01:00,DIAG-DEDUP;USDJPY;s=2;wOpened=08-04 19:06;nd=1;bestStored=08-04 19:05;bestStoredSlot=1;newWins=false
2026-08-04T19:08:00.000+01:00,DIAG-CLOSE;USDJPY;s=3;prev=3;c=4;firstObs=false;slotOn=true;inWindow=true;time_close=08-04 19:09
2026-08-04T19:08:00.000+01:00,DIAG-DEDUP;USDJPY;s=3;wOpened=08-04 19:06;nd=1;bestStored=08-04 19:05;bestStoredSlot=1;newWins=false
2026-08-04T19:42:00.000+01:00,DIAG-CLOSE;GBPCAD;s=0;prev=11;c=12;firstObs=false;slotOn=true;inWindow=true;time_close=08-04 19:43
2026-08-04T19:42:00.000+01:00,DIAG-DEDUP;GBPCAD;s=0;wOpened=08-04 19:28;nd=0;bestStored=none;bestStoredSlot=-1;newWins=true
2026-08-04T19:42:00.000+01:00,DIAG-CLOSE;GBPCAD;s=1;prev=12;c=13;firstObs=false;slotOn=true;inWindow=true;time_close=08-04 19:43
2026-08-04T19:42:00.000+01:00,DIAG-DEDUP;GBPCAD;s=1;wOpened=08-04 19:28;nd=1;bestStored=08-04 19:28;bestStoredSlot=0;newWins=true
2026-08-04T19:45:00.000+01:00,DIAG-CLOSE;CADJPY;s=0;prev=7;c=8;firstObs=false;slotOn=true;inWindow=true;time_close=08-04 19:46
2026-08-04T19:45:00.000+01:00,DIAG-DEDUP;CADJPY;s=0;wOpened=08-04 19:07;nd=0;bestStored=none;bestStoredSlot=-1;newWins=true
2026-08-04T19:47:00.000+01:00,DIAG-CLOSE;GBPUSD;s=0;prev=6;c=7;firstObs=false;slotOn=true;inWindow=true;time_close=08-04 19:48
2026-08-04T19:47:00.000+01:00,DIAG-DEDUP;GBPUSD;s=0;wOpened=08-04 19:18;nd=0;bestStored=none;bestStoredSlot=-1;newWins=true
2026-08-04T19:47:00.000+01:00,DIAG-CLOSE;GBPUSD;s=1;prev=5;c=6;firstObs=false;slotOn=true;inWindow=true;time_close=08-04 19:48
2026-08-04T19:47:00.000+01:00,DIAG-DEDUP;GBPUSD;s=1;wOpened=08-04 19:18;nd=1;bestStored=08-04 19:18;bestStoredSlot=0;newWins=true
2026-08-04T19:47:00.000+01:00,DIAG-CLOSE;GBPUSD;s=2;prev=5;c=6;firstObs=false;slotOn=true;inWindow=true;time_close=08-04 19:48
2026-08-04T19:47:00.000+01:00,DIAG-DEDUP;GBPUSD;s=2;wOpened=08-04 19:35;nd=1;bestStored=08-04 19:18;bestStoredSlot=1;newWins=false
2026-08-04T19:47:00.000+01:00,DIAG-CLOSE;GBPUSD;s=3;prev=5;c=6;firstObs=false;slotOn=true;inWindow=true;time_close=08-04 19:48
2026-08-04T19:47:00.000+01:00,DIAG-DEDUP;GBPUSD;s=3;wOpened=08-04 19:35;nd=1;bestStored=08-04 19:18;bestStoredSlot=1;newWins=false
2026-08-04T19:47:00.000+01:00,DIAG-CLOSE;GBPUSD;s=5;prev=3;c=4;firstObs=false;slotOn=true;inWindow=true;time_close=08-04 19:48
2026-08-04T19:47:00.000+01:00,DIAG-DEDUP;GBPUSD;s=5;wOpened=08-04 19:18;nd=1;bestStored=08-04 19:18;bestStoredSlot=1;newWins=true
2026-08-04T19:47:00.000+01:00,DIAG-CLOSE;GBPUSD;s=7;prev=1;c=2;firstObs=false;slotOn=true;inWindow=true;time_close=08-04 19:48
2026-08-04T19:47:00.000+01:00,DIAG-DEDUP;GBPUSD;s=7;wOpened=08-04 19:35;nd=1;bestStored=08-04 19:18;bestStoredSlot=5;newWins=false
2026-08-04T19:51:00.000+01:00,DIAG-CLOSE;GBPJPY;s=0;prev=10;c=11;firstObs=false;slotOn=true;inWindow=true;time_close=08-04 19:52
2026-08-04T19:51:00.000+01:00,DIAG-DEDUP;GBPJPY;s=0;wOpened=08-04 19:26;nd=0;bestStored=none;bestStoredSlot=-1;newWins=true
2026-08-04T19:51:00.000+01:00,DIAG-CLOSE;GBPJPY;s=1;prev=10;c=11;firstObs=false;slotOn=true;inWindow=true;time_close=08-04 19:52
2026-08-04T19:51:00.000+01:00,DIAG-DEDUP;GBPJPY;s=1;wOpened=08-04 19:26;nd=1;bestStored=08-04 19:26;bestStoredSlot=0;newWins=true
2026-08-04T19:51:00.000+01:00,DIAG-CLOSE;GBPJPY;s=2;prev=5;c=6;firstObs=false;slotOn=true;inWindow=true;time_close=08-04 19:52
2026-08-04T19:51:00.000+01:00,DIAG-DEDUP;GBPJPY;s=2;wOpened=08-04 19:27;nd=1;bestStored=08-04 19:26;bestStoredSlot=1;newWins=false
2026-08-04T19:51:00.000+01:00,DIAG-CLOSE;GBPJPY;s=3;prev=5;c=6;firstObs=false;slotOn=true;inWindow=true;time_close=08-04 19:52
2026-08-04T19:51:00.000+01:00,DIAG-DEDUP;GBPJPY;s=3;wOpened=08-04 19:27;nd=1;bestStored=08-04 19:26;bestStoredSlot=1;newWins=false
2026-08-04T19:51:00.000+01:00,DIAG-CLOSE;AUDJPY;s=0;prev=8;c=9;firstObs=false;slotOn=true;inWindow=true;time_close=08-04 19:52
2026-08-04T19:51:00.000+01:00,DIAG-DEDUP;AUDJPY;s=0;wOpened=08-04 19:21;nd=0;bestStored=none;bestStoredSlot=-1;newWins=true
2026-08-04T19:51:00.000+01:00,DIAG-CLOSE;AUDJPY;s=1;prev=8;c=9;firstObs=false;slotOn=true;inWindow=true;time_close=08-04 19:52
2026-08-04T19:51:00.000+01:00,DIAG-DEDUP;AUDJPY;s=1;wOpened=08-04 19:21;nd=1;bestStored=08-04 19:21;bestStoredSlot=0;newWins=true
2026-08-04T19:55:00.000+01:00,DIAG-CLOSE;EURUSD;s=0;prev=12;c=13;firstObs=false;slotOn=true;inWindow=true;time_close=08-04 19:56
2026-08-04T19:55:00.000+01:00,DIAG-DEDUP;EURUSD;s=0;wOpened=08-04 19:47;nd=0;bestStored=none;bestStoredSlot=-1;newWins=true
2026-08-04T19:55:00.000+01:00,DIAG-CLOSE;EURUSD;s=1;prev=13;c=14;firstObs=false;slotOn=true;inWindow=true;time_close=08-04 19:56
2026-08-04T19:55:00.000+01:00,DIAG-DEDUP;EURUSD;s=1;wOpened=08-04 19:27;nd=1;bestStored=08-04 19:47;bestStoredSlot=0;newWins=true
2026-08-04T19:55:00.000+01:00,DIAG-CLOSE;EURUSD;s=2;prev=5;c=6;firstObs=false;slotOn=true;inWindow=true;time_close=08-04 19:56
2026-08-04T19:55:00.000+01:00,DIAG-DEDUP;EURUSD;s=2;wOpened=08-04 19:47;nd=1;bestStored=08-04 19:27;bestStoredSlot=1;newWins=false
2026-08-04T19:55:00.000+01:00,DIAG-CLOSE;EURUSD;s=3;prev=5;c=6;firstObs=false;slotOn=true;inWindow=true;time_close=08-04 19:56
2026-08-04T19:55:00.000+01:00,DIAG-DEDUP;EURUSD;s=3;wOpened=08-04 19:48;nd=1;bestStored=08-04 19:27;bestStoredSlot=1;newWins=false
2026-08-04T19:55:00.000+01:00,DIAG-CLOSE;EURUSD;s=4;prev=1;c=2;firstObs=false;slotOn=true;inWindow=true;time_close=08-04 19:56
2026-08-04T19:55:00.000+01:00,DIAG-DEDUP;EURUSD;s=4;wOpened=08-04 19:48;nd=1;bestStored=08-04 19:27;bestStoredSlot=1;newWins=false
2026-08-04T20:52:00.000+01:00,DIAG-CLOSE;AUDCAD;s=0;prev=8;c=9;firstObs=false;slotOn=true;inWindow=true;time_close=08-04 20:53
2026-08-04T20:52:00.000+01:00,DIAG-DEDUP;AUDCAD;s=0;wOpened=08-04 20:23;nd=0;bestStored=none;bestStoredSlot=-1;newWins=true
2026-08-04T20:52:00.000+01:00,DIAG-CLOSE;AUDCAD;s=1;prev=8;c=9;firstObs=false;slotOn=true;inWindow=true;time_close=08-04 20:53
2026-08-04T20:52:00.000+01:00,DIAG-DEDUP;AUDCAD;s=1;wOpened=08-04 20:23;nd=1;bestStored=08-04 20:23;bestStoredSlot=0;newWins=true
2026-08-04T20:54:00.000+01:00,DIAG-CLOSE;EURCHF;s=0;prev=9;c=10;firstObs=false;slotOn=true;inWindow=true;time_close=08-04 20:55
2026-08-04T20:54:00.000+01:00,DIAG-DEDUP;EURCHF;s=0;wOpened=08-04 20:38;nd=0;bestStored=none;bestStoredSlot=-1;newWins=true
2026-08-04T20:54:00.000+01:00,DIAG-CLOSE;EURCHF;s=1;prev=9;c=10;firstObs=false;slotOn=true;inWindow=true;time_close=08-04 20:55
2026-08-04T20:54:00.000+01:00,DIAG-DEDUP;EURCHF;s=1;wOpened=08-04 20:38;nd=1;bestStored=08-04 20:38;bestStoredSlot=0;newWins=true
2026-08-04T20:59:00.000+01:00,DIAG-CLOSE;AUDCHF;s=0;prev=8;c=9;firstObs=false;slotOn=true;inWindow=true;time_close=08-04 21:00
2026-08-04T20:59:00.000+01:00,DIAG-DEDUP;AUDCHF;s=0;wOpened=08-04 20:38;nd=0;bestStored=none;bestStoredSlot=-1;newWins=true
2026-08-04T20:59:00.000+01:00,DIAG-CLOSE;AUDCHF;s=3;prev=2;c=3;firstObs=false;slotOn=true;inWindow=true;time_close=08-04 21:00
2026-08-04T20:59:00.000+01:00,DIAG-DEDUP;AUDCHF;s=3;wOpened=08-04 20:58;nd=1;bestStored=08-04 20:38;bestStoredSlot=0;newWins=false
2026-08-04T21:00:00.000+01:00,DIAG-CLOSE;AUDCHF;s=1;prev=10;c=11;firstObs=false;slotOn=true;inWindow=true;time_close=08-04 21:01
2026-08-04T21:00:00.000+01:00,DIAG-DEDUP;AUDCHF;s=1;wOpened=08-04 20:38;nd=1;bestStored=08-04 20:38;bestStoredSlot=0;newWins=true
2026-08-04T21:00:00.000+01:00,DIAG-CLOSE;AUDCHF;s=2;prev=5;c=6;firstObs=false;slotOn=true;inWindow=true;time_close=08-04 21:01
2026-08-04T21:00:00.000+01:00,DIAG-DEDUP;AUDCHF;s=2;wOpened=08-04 20:58;nd=1;bestStored=08-04 20:38;bestStoredSlot=1;newWins=false
2026-08-04T21:02:00.000+01:00,DIAG-CLOSE;CADCHF;s=5;prev=1;c=2;firstObs=false;slotOn=true;inWindow=true;time_close=08-04 21:03
2026-08-04T21:02:00.000+01:00,DIAG-DEDUP;CADCHF;s=5;wOpened=08-04 19:01;nd=0;bestStored=none;bestStoredSlot=-1;newWins=true
2026-08-04T21:02:00.000+01:00,DIAG-CLOSE;CADCHF;s=6;prev=0;c=1;firstObs=false;slotOn=true;inWindow=true;time_close=08-04 21:03
2026-08-04T21:02:00.000+01:00,DIAG-DEDUP;CADCHF;s=6;wOpened=08-04 19:28;nd=1;bestStored=08-04 19:01;bestStoredSlot=5;newWins=false
2026-08-04T21:04:00.000+01:00,DIAG-CLOSE;CADCHF;s=0;prev=7;c=8;firstObs=false;slotOn=true;inWindow=true;time_close=08-04 21:05
2026-08-04T21:04:00.000+01:00,DIAG-DEDUP;CADCHF;s=0;wOpened=08-04 19:00;nd=1;bestStored=08-04 19:01;bestStoredSlot=5;newWins=true
2026-08-04T21:04:00.000+01:00,DIAG-CLOSE;CADCHF;s=1;prev=7;c=8;firstObs=false;slotOn=true;inWindow=true;time_close=08-04 21:05
2026-08-04T21:04:00.000+01:00,DIAG-DEDUP;CADCHF;s=1;wOpened=08-04 19:00;nd=1;bestStored=08-04 19:00;bestStoredSlot=0;newWins=true
2026-08-04T21:04:00.000+01:00,DIAG-CLOSE;CADCHF;s=2;prev=3;c=4;firstObs=false;slotOn=true;inWindow=true;time_close=08-04 21:05
2026-08-04T21:04:00.000+01:00,DIAG-DEDUP;CADCHF;s=2;wOpened=08-04 19:01;nd=1;bestStored=08-04 19:00;bestStoredSlot=1;newWins=false
2026-08-04T21:04:00.000+01:00,DIAG-CLOSE;CADCHF;s=3;prev=3;c=4;firstObs=false;slotOn=true;inWindow=true;time_close=08-04 21:05
2026-08-04T21:04:00.000+01:00,DIAG-DEDUP;CADCHF;s=3;wOpened=08-04 19:01;nd=1;bestStored=08-04 19:00;bestStoredSlot=1;newWins=false
2026-08-04T21:04:00.000+01:00,DIAG-CLOSE;CADCHF;s=4;prev=0;c=1;firstObs=false;slotOn=true;inWindow=true;time_close=08-04 21:05
2026-08-04T21:04:00.000+01:00,DIAG-DEDUP;CADCHF;s=4;wOpened=08-04 19:28;nd=1;bestStored=08-04 19:00;bestStoredSlot=1;newWins=false
2026-08-04T21:04:00.000+01:00,DIAG-CLOSE;CADCHF;s=7;prev=0;c=1;firstObs=false;slotOn=true;inWindow=true;time_close=08-04 21:05
2026-08-04T21:04:00.000+01:00,DIAG-DEDUP;CADCHF;s=7;wOpened=08-04 20:19;nd=1;bestStored=08-04 19:00;bestStoredSlot=1;newWins=false
2026-08-04T21:05:00.000+01:00,DIAG-CLOSE;CADJPY;s=0;prev=8;c=9;firstObs=false;slotOn=true;inWindow=true;time_close=08-04 21:06
2026-08-04T21:05:00.000+01:00,DIAG-DEDUP;CADJPY;s=0;wOpened=08-04 20:51;nd=0;bestStored=none;bestStoredSlot=-1;newWins=true
2026-08-04T21:05:00.000+01:00,DIAG-CLOSE;CADJPY;s=1;prev=6;c=7;firstObs=false;slotOn=true;inWindow=true;time_close=08-04 21:06
2026-08-04T21:05:00.000+01:00,DIAG-DEDUP;CADJPY;s=1;wOpened=08-04 20:51;nd=1;bestStored=08-04 20:51;bestStoredSlot=0;newWins=true
2026-08-04T21:05:00.000+01:00,DIAG-CLOSE;CADJPY;s=2;prev=4;c=5;firstObs=false;slotOn=true;inWindow=true;time_close=08-04 21:06
2026-08-04T21:05:00.000+01:00,DIAG-DEDUP;CADJPY;s=2;wOpened=08-04 20:56;nd=1;bestStored=08-04 20:51;bestStoredSlot=1;newWins=false
2026-08-04T21:05:00.000+01:00,DIAG-CLOSE;CADJPY;s=3;prev=5;c=6;firstObs=false;slotOn=true;inWindow=true;time_close=08-04 21:06
2026-08-04T21:05:00.000+01:00,DIAG-DEDUP;CADJPY;s=3;wOpened=08-04 20:56;nd=1;bestStored=08-04 20:51;bestStoredSlot=1;newWins=false
2026-08-04T21:05:00.000+01:00,DIAG-CLOSE;CADJPY;s=4;prev=1;c=2;firstObs=false;slotOn=true;inWindow=true;time_close=08-04 21:06
2026-08-04T21:05:00.000+01:00,DIAG-DEDUP;CADJPY;s=4;wOpened=08-04 21:02;nd=1;bestStored=08-04 20:51;bestStoredSlot=1;newWins=false
2026-08-04T21:22:00.000+01:00,DIAG-CLOSE;GBPCAD;s=0;prev=12;c=13;firstObs=false;slotOn=true;inWindow=true;time_close=08-04 21:23
2026-08-04T21:22:00.000+01:00,DIAG-DEDUP;GBPCAD;s=0;wOpened=08-04 20:51;nd=0;bestStored=none;bestStoredSlot=-1;newWins=true
2026-08-04T21:22:00.000+01:00,DIAG-CLOSE;GBPCAD;s=1;prev=13;c=14;firstObs=false;slotOn=true;inWindow=true;time_close=08-04 21:23
2026-08-04T21:22:00.000+01:00,DIAG-DEDUP;GBPCAD;s=1;wOpened=08-04 20:51;nd=1;bestStored=08-04 20:51;bestStoredSlot=0;newWins=true
2026-08-04T21:23:00.000+01:00,DIAG-CLOSE;USDCAD;s=0;prev=5;c=6;firstObs=false;slotOn=true;inWindow=true;time_close=08-04 21:24
2026-08-04T21:23:00.000+01:00,DIAG-DEDUP;USDCAD;s=0;wOpened=08-04 21:17;nd=0;bestStored=none;bestStoredSlot=-1;newWins=true
2026-08-04T21:23:00.000+01:00,DIAG-CLOSE;USDCAD;s=1;prev=5;c=6;firstObs=false;slotOn=true;inWindow=true;time_close=08-04 21:24
2026-08-04T21:23:00.000+01:00,DIAG-DEDUP;USDCAD;s=1;wOpened=08-04 21:17;nd=1;bestStored=08-04 21:17;bestStoredSlot=0;newWins=true
2026-08-04T21:36:00.000+01:00,DIAG-CLOSE;EURCAD;s=0;prev=4;c=5;firstObs=false;slotOn=true;inWindow=true;time_close=08-04 21:37
2026-08-04T21:36:00.000+01:00,DIAG-DEDUP;EURCAD;s=0;wOpened=08-04 21:06;nd=0;bestStored=none;bestStoredSlot=-1;newWins=true
2026-08-04T21:36:00.000+01:00,DIAG-CLOSE;EURCAD;s=1;prev=5;c=6;firstObs=false;slotOn=true;inWindow=true;time_close=08-04 21:37
2026-08-04T21:36:00.000+01:00,DIAG-DEDUP;EURCAD;s=1;wOpened=08-04 21:05;nd=1;bestStored=08-04 21:06;bestStoredSlot=0;newWins=true
2026-08-04T21:36:00.000+01:00,DIAG-CLOSE;EURCAD;s=2;prev=3;c=4;firstObs=false;slotOn=true;inWindow=true;time_close=08-04 21:37
2026-08-04T21:36:00.000+01:00,DIAG-DEDUP;EURCAD;s=2;wOpened=08-04 21:06;nd=1;bestStored=08-04 21:05;bestStoredSlot=1;newWins=false
2026-08-04T22:13:00.000+01:00,DIAG-CLOSE;EURJPY;s=1;prev=9;c=10;firstObs=false;slotOn=true;inWindow=true;time_close=08-04 22:14
2026-08-04T22:13:00.000+01:00,DIAG-DEDUP;EURJPY;s=1;wOpened=08-04 22:09;nd=0;bestStored=none;bestStoredSlot=-1;newWins=true
2026-08-04T22:19:00.000+01:00,DIAG-CLOSE;EURJPY;s=0;prev=9;c=10;firstObs=false;slotOn=true;inWindow=true;time_close=08-04 22:20
2026-08-04T22:19:00.000+01:00,DIAG-DEDUP;EURJPY;s=0;wOpened=08-04 22:09;nd=1;bestStored=08-04 22:09;bestStoredSlot=1;newWins=false
2026-08-04T22:21:00.000+01:00,DIAG-CLOSE;AUDCAD;s=0;prev=9;c=10;firstObs=false;slotOn=true;inWindow=true;time_close=08-04 22:22
2026-08-04T22:21:00.000+01:00,DIAG-DEDUP;AUDCAD;s=0;wOpened=08-04 22:09;nd=0;bestStored=none;bestStoredSlot=-1;newWins=true
2026-08-04T22:21:00.000+01:00,DIAG-CLOSE;AUDCAD;s=1;prev=9;c=10;firstObs=false;slotOn=true;inWindow=true;time_close=08-04 22:22
2026-08-04T22:21:00.000+01:00,DIAG-DEDUP;AUDCAD;s=1;wOpened=08-04 22:09;nd=1;bestStored=08-04 22:09;bestStoredSlot=0;newWins=true
2026-08-04T22:21:00.000+01:00,DIAG-CLOSE;AUDCAD;s=2;prev=5;c=6;firstObs=false;slotOn=true;inWindow=true;time_close=08-04 22:22
2026-08-04T22:21:00.000+01:00,DIAG-DEDUP;AUDCAD;s=2;wOpened=08-04 22:16;nd=1;bestStored=08-04 22:09;bestStoredSlot=1;newWins=false
2026-08-04T22:21:00.000+01:00,DIAG-CLOSE;AUDCAD;s=3;prev=5;c=6;firstObs=false;slotOn=true;inWindow=true;time_close=08-04 22:22
2026-08-04T22:21:00.000+01:00,DIAG-DEDUP;AUDCAD;s=3;wOpened=08-04 22:16;nd=1;bestStored=08-04 22:09;bestStoredSlot=1;newWins=false
2026-08-04T22:21:00.000+01:00,DIAG-CLOSE;AUDCAD;s=4;prev=2;c=3;firstObs=false;slotOn=true;inWindow=true;time_close=08-04 22:22
2026-08-04T22:21:00.000+01:00,DIAG-DEDUP;AUDCAD;s=4;wOpened=08-04 22:18;nd=1;bestStored=08-04 22:09;bestStoredSlot=1;newWins=false
2026-08-04T22:22:00.000+01:00,DIAG-CLOSE;EURGBP;s=0;prev=12;c=13;firstObs=false;slotOn=true;inWindow=true;time_close=08-04 22:23
2026-08-04T22:22:00.000+01:00,DIAG-DEDUP;EURGBP;s=0;wOpened=08-04 22:21;nd=0;bestStored=none;bestStoredSlot=-1;newWins=true
2026-08-04T22:22:00.000+01:00,DIAG-CLOSE;EURGBP;s=5;prev=4;c=5;firstObs=false;slotOn=true;inWindow=true;time_close=08-04 22:23
2026-08-04T22:22:00.000+01:00,DIAG-DEDUP;EURGBP;s=5;wOpened=08-04 22:17;nd=1;bestStored=08-04 22:21;bestStoredSlot=0;newWins=true
2026-08-04T22:50:00.000+01:00,DIAG-CLOSE;EURCHF;s=0;prev=10;c=11;firstObs=false;slotOn=true;inWindow=true;time_close=08-04 22:51
2026-08-04T22:50:00.000+01:00,DIAG-DEDUP;EURCHF;s=0;wOpened=08-04 22:37;nd=0;bestStored=none;bestStoredSlot=-1;newWins=true
2026-08-04T22:50:00.000+01:00,DIAG-CLOSE;EURCHF;s=1;prev=10;c=11;firstObs=false;slotOn=true;inWindow=true;time_close=08-04 22:51
2026-08-04T22:50:00.000+01:00,DIAG-DEDUP;EURCHF;s=1;wOpened=08-04 22:37;nd=1;bestStored=08-04 22:37;bestStoredSlot=0;newWins=true
2026-08-04T22:51:00.000+01:00,DIAG-CLOSE;AUDJPY;s=1;prev=9;c=10;firstObs=false;slotOn=true;inWindow=true;time_close=08-04 22:52
2026-08-04T22:51:00.000+01:00,DIAG-DEDUP;AUDJPY;s=1;wOpened=08-04 22:49;nd=0;bestStored=none;bestStoredSlot=-1;newWins=true
2026-08-04T22:51:00.000+01:00,DIAG-CLOSE;AUDJPY;s=2;prev=5;c=6;firstObs=false;slotOn=true;inWindow=true;time_close=08-04 22:52
2026-08-04T22:51:00.000+01:00,DIAG-DEDUP;AUDJPY;s=2;wOpened=08-04 22:50;nd=1;bestStored=08-04 22:49;bestStoredSlot=1;newWins=false
2026-08-04T22:51:00.000+01:00,DIAG-CLOSE;AUDJPY;s=5;prev=3;c=4;firstObs=false;slotOn=true;inWindow=true;time_close=08-04 22:52
2026-08-04T22:51:00.000+01:00,DIAG-DEDUP;AUDJPY;s=5;wOpened=08-04 22:49;nd=1;bestStored=08-04 22:49;bestStoredSlot=1;newWins=true
2026-08-04T22:53:00.000+01:00,DIAG-CLOSE;AUDJPY;s=0;prev=9;c=10;firstObs=false;slotOn=true;inWindow=true;time_close=08-04 22:54
2026-08-04T22:53:00.000+01:00,DIAG-DEDUP;AUDJPY;s=0;wOpened=08-04 22:49;nd=1;bestStored=08-04 22:49;bestStoredSlot=5;newWins=false
2026-08-04T22:53:00.000+01:00,DIAG-CLOSE;AUDJPY;s=3;prev=5;c=6;firstObs=false;slotOn=true;inWindow=true;time_close=08-04 22:54
2026-08-04T22:53:00.000+01:00,DIAG-DEDUP;AUDJPY;s=3;wOpened=08-04 22:50;nd=1;bestStored=08-04 22:49;bestStoredSlot=5;newWins=false
2026-08-04T23:09:00.000+01:00,DIAG-CLOSE;AUDCAD;s=0;prev=10;c=11;firstObs=false;slotOn=true;inWindow=true;time_close=08-04 23:10
2026-08-04T23:09:00.000+01:00,DIAG-DEDUP;AUDCAD;s=0;wOpened=08-04 22:56;nd=0;bestStored=none;bestStoredSlot=-1;newWins=true
2026-08-04T23:09:00.000+01:00,DIAG-CLOSE;AUDCAD;s=5;prev=2;c=3;firstObs=false;slotOn=true;inWindow=true;time_close=08-04 23:10
2026-08-04T23:09:00.000+01:00,DIAG-DEDUP;AUDCAD;s=5;wOpened=08-04 22:16;nd=2;bestStored=08-04 22:09;bestStoredSlot=1;newWins=false
2026-08-04T23:12:00.000+01:00,DIAG-CLOSE;GBPCHF;s=6;prev=2;c=3;firstObs=false;slotOn=true;inWindow=true;time_close=08-04 23:13
2026-08-04T23:12:00.000+01:00,DIAG-DEDUP;GBPCHF;s=6;wOpened=08-04 23:11;nd=0;bestStored=none;bestStoredSlot=-1;newWins=true
2026-08-04T23:36:00.000+01:00,DIAG-CLOSE;USDCAD;s=1;prev=6;c=7;firstObs=false;slotOn=true;inWindow=true;time_close=08-04 23:37
2026-08-04T23:36:00.000+01:00,DIAG-DEDUP;USDCAD;s=1;wOpened=08-04 22:54;nd=0;bestStored=none;bestStoredSlot=-1;newWins=true
2026-08-04T23:39:00.000+01:00,DIAG-CLOSE;AUDCHF;s=0;prev=9;c=10;firstObs=false;slotOn=true;inWindow=true;time_close=08-04 23:40
2026-08-04T23:39:00.000+01:00,DIAG-DEDUP;AUDCHF;s=0;wOpened=08-04 23:09;nd=0;bestStored=none;bestStoredSlot=-1;newWins=true
2026-08-04T23:39:00.000+01:00,DIAG-CLOSE;AUDCHF;s=1;prev=11;c=12;firstObs=false;slotOn=true;inWindow=true;time_close=08-04 23:40
2026-08-04T23:39:00.000+01:00,DIAG-DEDUP;AUDCHF;s=1;wOpened=08-04 23:09;nd=1;bestStored=08-04 23:09;bestStoredSlot=0;newWins=true
2026-08-04T23:40:00.000+01:00,DIAG-CLOSE;GBPCHF;s=0;prev=6;c=7;firstObs=false;slotOn=true;inWindow=true;time_close=08-04 23:41
2026-08-04T23:40:00.000+01:00,DIAG-DEDUP;GBPCHF;s=0;wOpened=08-04 22:42;nd=1;bestStored=08-04 23:11;bestStoredSlot=6;newWins=true
2026-08-04T23:40:00.000+01:00,DIAG-CLOSE;GBPCHF;s=1;prev=6;c=7;firstObs=false;slotOn=true;inWindow=true;time_close=08-04 23:41
2026-08-04T23:40:00.000+01:00,DIAG-DEDUP;GBPCHF;s=1;wOpened=08-04 22:42;nd=1;bestStored=08-04 22:42;bestStoredSlot=0;newWins=true
2026-08-04T23:40:00.000+01:00,DIAG-CLOSE;GBPCHF;s=2;prev=3;c=4;firstObs=false;slotOn=true;inWindow=true;time_close=08-04 23:41
2026-08-04T23:40:00.000+01:00,DIAG-DEDUP;GBPCHF;s=2;wOpened=08-04 22:56;nd=1;bestStored=08-04 22:42;bestStoredSlot=1;newWins=false
2026-08-04T23:40:00.000+01:00,DIAG-CLOSE;GBPCHF;s=3;prev=4;c=5;firstObs=false;slotOn=true;inWindow=true;time_close=08-04 23:41
2026-08-04T23:40:00.000+01:00,DIAG-DEDUP;GBPCHF;s=3;wOpened=08-04 22:56;nd=1;bestStored=08-04 22:42;bestStoredSlot=1;newWins=false
2026-08-04T23:40:00.000+01:00,DIAG-CLOSE;GBPCHF;s=4;prev=3;c=4;firstObs=false;slotOn=true;inWindow=true;time_close=08-04 23:41
2026-08-04T23:40:00.000+01:00,DIAG-DEDUP;GBPCHF;s=4;wOpened=08-04 23:09;nd=1;bestStored=08-04 22:42;bestStoredSlot=1;newWins=false
2026-08-04T23:40:00.000+01:00,DIAG-CLOSE;GBPCHF;s=5;prev=2;c=3;firstObs=false;slotOn=true;inWindow=true;time_close=08-04 23:41
2026-08-04T23:40:00.000+01:00,DIAG-DEDUP;GBPCHF;s=5;wOpened=08-04 23:09;nd=1;bestStored=08-04 22:42;bestStoredSlot=1;newWins=false
2026-08-04T23:40:00.000+01:00,DIAG-CLOSE;GBPCHF;s=7;prev=2;c=3;firstObs=false;slotOn=true;inWindow=true;time_close=08-04 23:41
2026-08-04T23:40:00.000+01:00,DIAG-DEDUP;GBPCHF;s=7;wOpened=08-04 23:14;nd=1;bestStored=08-04 22:42;bestStoredSlot=1;newWins=false
2026-08-04T23:51:00.000+01:00,DIAG-CLOSE;GBPJPY;s=0;prev=11;c=12;firstObs=false;slotOn=true;inWindow=true;time_close=08-04 23:52
2026-08-04T23:51:00.000+01:00,DIAG-DEDUP;GBPJPY;s=0;wOpened=08-04 23:50;nd=0;bestStored=none;bestStoredSlot=-1;newWins=true
2026-08-04T23:51:00.000+01:00,DIAG-CLOSE;GBPJPY;s=1;prev=11;c=12;firstObs=false;slotOn=true;inWindow=true;time_close=08-04 23:52
2026-08-04T23:51:00.000+01:00,DIAG-DEDUP;GBPJPY;s=1;wOpened=08-04 23:50;nd=1;bestStored=08-04 23:50;bestStoredSlot=0;newWins=true
2026-08-05T00:19:00.000+01:00,DIAG-CLOSE;USDCHF;s=0;prev=12;c=13;firstObs=false;slotOn=true;inWindow=true;time_close=08-05 00:20
2026-08-05T00:19:00.000+01:00,DIAG-DEDUP;USDCHF;s=0;wOpened=08-05 00:18;nd=0;bestStored=none;bestStoredSlot=-1;newWins=true
2026-08-05T00:19:00.000+01:00,DIAG-CLOSE;USDCHF;s=1;prev=12;c=13;firstObs=false;slotOn=true;inWindow=true;time_close=08-05 00:20
2026-08-05T00:19:00.000+01:00,DIAG-DEDUP;USDCHF;s=1;wOpened=08-05 00:18;nd=1;bestStored=08-05 00:18;bestStoredSlot=0;newWins=true
2026-08-05T00:23:00.000+01:00,DIAG-CLOSE;AUDCHF;s=0;prev=10;c=11;firstObs=false;slotOn=true;inWindow=true;time_close=08-05 00:24
2026-08-05T00:23:00.000+01:00,DIAG-DEDUP;AUDCHF;s=0;wOpened=08-05 00:19;nd=0;bestStored=none;bestStoredSlot=-1;newWins=true
2026-08-05T00:23:00.000+01:00,DIAG-CLOSE;AUDCHF;s=1;prev=12;c=13;firstObs=false;slotOn=true;inWindow=true;time_close=08-05 00:24
2026-08-05T00:23:00.000+01:00,DIAG-DEDUP;AUDCHF;s=1;wOpened=08-05 00:19;nd=1;bestStored=08-05 00:19;bestStoredSlot=0;newWins=true
2026-08-05T00:23:00.000+01:00,DIAG-CLOSE;AUDCAD;s=0;prev=11;c=12;firstObs=false;slotOn=true;inWindow=true;time_close=08-05 00:24
2026-08-05T00:23:00.000+01:00,DIAG-DEDUP;AUDCAD;s=0;wOpened=08-05 00:20;nd=0;bestStored=none;bestStoredSlot=-1;newWins=true
2026-08-05T00:23:00.000+01:00,DIAG-CLOSE;AUDCAD;s=1;prev=10;c=11;firstObs=false;slotOn=true;inWindow=true;time_close=08-05 00:24
2026-08-05T00:23:00.000+01:00,DIAG-DEDUP;AUDCAD;s=1;wOpened=08-05 00:20;nd=1;bestStored=08-05 00:20;bestStoredSlot=0;newWins=true
2026-08-05T00:36:00.000+01:00,DIAG-CLOSE;EURGBP;s=0;prev=13;c=14;firstObs=false;slotOn=true;inWindow=true;time_close=08-05 00:37
2026-08-05T00:36:00.000+01:00,DIAG-DEDUP;EURGBP;s=0;wOpened=08-04 23:20;nd=0;bestStored=none;bestStoredSlot=-1;newWins=true
2026-08-05T00:36:00.000+01:00,DIAG-CLOSE;EURGBP;s=1;prev=11;c=12;firstObs=false;slotOn=true;inWindow=true;time_close=08-05 00:37
2026-08-05T00:36:00.000+01:00,DIAG-DEDUP;EURGBP;s=1;wOpened=08-04 23:20;nd=1;bestStored=08-04 23:20;bestStoredSlot=0;newWins=true
2026-08-05T00:36:00.000+01:00,DIAG-CLOSE;EURGBP;s=2;prev=6;c=7;firstObs=false;slotOn=true;inWindow=true;time_close=08-05 00:37
2026-08-05T00:36:00.000+01:00,DIAG-DEDUP;EURGBP;s=2;wOpened=08-04 23:21;nd=1;bestStored=08-04 23:20;bestStoredSlot=1;newWins=false
2026-08-05T00:36:00.000+01:00,DIAG-CLOSE;EURGBP;s=3;prev=5;c=6;firstObs=false;slotOn=true;inWindow=true;time_close=08-05 00:37
2026-08-05T00:36:00.000+01:00,DIAG-DEDUP;EURGBP;s=3;wOpened=08-04 23:21;nd=1;bestStored=08-04 23:20;bestStoredSlot=1;newWins=false
2026-08-05T00:36:00.000+01:00,DIAG-CLOSE;EURGBP;s=4;prev=3;c=4;firstObs=false;slotOn=true;inWindow=true;time_close=08-05 00:37
2026-08-05T00:36:00.000+01:00,DIAG-DEDUP;EURGBP;s=4;wOpened=08-04 23:22;nd=1;bestStored=08-04 23:20;bestStoredSlot=1;newWins=false
2026-08-05T00:36:00.000+01:00,DIAG-CLOSE;EURGBP;s=5;prev=5;c=6;firstObs=false;slotOn=true;inWindow=true;time_close=08-05 00:37
2026-08-05T00:36:00.000+01:00,DIAG-DEDUP;EURGBP;s=5;wOpened=08-04 23:56;nd=1;bestStored=08-04 23:20;bestStoredSlot=1;newWins=false
2026-08-05T00:41:00.000+01:00,DIAG-CLOSE;AUDUSD;s=0;prev=6;c=7;firstObs=false;slotOn=true;inWindow=true;time_close=08-05 00:42
2026-08-05T00:41:00.000+01:00,DIAG-DEDUP;AUDUSD;s=0;wOpened=08-05 00:02;nd=0;bestStored=none;bestStoredSlot=-1;newWins=true
2026-08-05T00:41:00.000+01:00,DIAG-CLOSE;AUDUSD;s=1;prev=6;c=7;firstObs=false;slotOn=true;inWindow=true;time_close=08-05 00:42
2026-08-05T00:41:00.000+01:00,DIAG-DEDUP;AUDUSD;s=1;wOpened=08-05 00:02;nd=1;bestStored=08-05 00:02;bestStoredSlot=0;newWins=true
2026-08-05T00:41:00.000+01:00,DIAG-CLOSE;AUDUSD;s=2;prev=5;c=6;firstObs=false;slotOn=true;inWindow=true;time_close=08-05 00:42
2026-08-05T00:41:00.000+01:00,DIAG-DEDUP;AUDUSD;s=2;wOpened=08-05 00:40;nd=1;bestStored=08-05 00:02;bestStoredSlot=1;newWins=false
2026-08-05T00:41:00.000+01:00,DIAG-CLOSE;AUDUSD;s=3;prev=4;c=5;firstObs=false;slotOn=true;inWindow=true;time_close=08-05 00:42
2026-08-05T00:41:00.000+01:00,DIAG-DEDUP;AUDUSD;s=3;wOpened=08-05 00:40;nd=1;bestStored=08-05 00:02;bestStoredSlot=1;newWins=false
2026-08-05T00:41:00.000+01:00,DIAG-CLOSE;AUDUSD;s=5;prev=3;c=4;firstObs=false;slotOn=true;inWindow=true;time_close=08-05 00:42
2026-08-05T00:41:00.000+01:00,DIAG-DEDUP;AUDUSD;s=5;wOpened=08-05 00:40;nd=1;bestStored=08-05 00:02;bestStoredSlot=1;newWins=false
2026-08-05T00:41:00.000+01:00,DIAG-CLOSE;AUDUSD;s=6;prev=0;c=1;firstObs=false;slotOn=true;inWindow=true;time_close=08-05 00:42
2026-08-05T00:41:00.000+01:00,DIAG-DEDUP;AUDUSD;s=6;wOpened=08-05 00:40;nd=1;bestStored=08-05 00:02;bestStoredSlot=1;newWins=false
2026-08-05T01:04:00.000+01:00,DIAG-CLOSE;EURCAD;s=0;prev=5;c=6;firstObs=false;slotOn=true;inWindow=true;time_close=08-05 01:05
2026-08-05T01:04:00.000+01:00,DIAG-DEDUP;EURCAD;s=0;wOpened=08-04 22:58;nd=0;bestStored=none;bestStoredSlot=-1;newWins=true
2026-08-05T01:04:00.000+01:00,DIAG-CLOSE;EURCAD;s=1;prev=6;c=7;firstObs=false;slotOn=true;inWindow=true;time_close=08-05 01:05
2026-08-05T01:04:00.000+01:00,DIAG-DEDUP;EURCAD;s=1;wOpened=08-04 22:58;nd=1;bestStored=08-04 22:58;bestStoredSlot=0;newWins=true
2026-08-05T01:04:00.000+01:00,DIAG-CLOSE;EURCAD;s=2;prev=4;c=5;firstObs=false;slotOn=true;inWindow=true;time_close=08-05 01:05
2026-08-05T01:04:00.000+01:00,DIAG-DEDUP;EURCAD;s=2;wOpened=08-05 01:03;nd=1;bestStored=08-04 22:58;bestStoredSlot=1;newWins=false
2026-08-05T01:04:00.000+01:00,DIAG-CLOSE;EURCAD;s=3;prev=1;c=2;firstObs=false;slotOn=true;inWindow=true;time_close=08-05 01:05
2026-08-05T01:04:00.000+01:00,DIAG-DEDUP;EURCAD;s=3;wOpened=08-05 01:03;nd=1;bestStored=08-04 22:58;bestStoredSlot=1;newWins=false
2026-08-05T01:04:00.000+01:00,DIAG-CLOSE;EURCAD;s=5;prev=2;c=3;firstObs=false;slotOn=true;inWindow=true;time_close=08-05 01:05
2026-08-05T01:04:00.000+01:00,DIAG-DEDUP;EURCAD;s=5;wOpened=08-05 01:03;nd=1;bestStored=08-04 22:58;bestStoredSlot=1;newWins=false
2026-08-05T01:05:00.000+01:00,DIAG-CLOSE;EURUSD;s=0;prev=13;c=14;firstObs=false;slotOn=true;inWindow=true;time_close=08-05 01:06
2026-08-05T01:05:00.000+01:00,DIAG-DEDUP;EURUSD;s=0;wOpened=08-05 00:21;nd=0;bestStored=none;bestStoredSlot=-1;newWins=true
2026-08-05T01:05:00.000+01:00,DIAG-CLOSE;EURUSD;s=1;prev=14;c=15;firstObs=false;slotOn=true;inWindow=true;time_close=08-05 01:06
2026-08-05T01:05:00.000+01:00,DIAG-DEDUP;EURUSD;s=1;wOpened=08-05 00:01;nd=1;bestStored=08-05 00:21;bestStoredSlot=0;newWins=true
2026-08-05T01:05:00.000+01:00,DIAG-CLOSE;EURUSD;s=2;prev=6;c=7;firstObs=false;slotOn=true;inWindow=true;time_close=08-05 01:06
2026-08-05T01:05:00.000+01:00,DIAG-DEDUP;EURUSD;s=2;wOpened=08-05 00:21;nd=1;bestStored=08-05 00:01;bestStoredSlot=1;newWins=false
2026-08-05T01:05:00.000+01:00,DIAG-CLOSE;EURUSD;s=3;prev=6;c=7;firstObs=false;slotOn=true;inWindow=true;time_close=08-05 01:06
2026-08-05T01:05:00.000+01:00,DIAG-DEDUP;EURUSD;s=3;wOpened=08-05 00:54;nd=1;bestStored=08-05 00:01;bestStoredSlot=1;newWins=false
2026-08-05T01:05:00.000+01:00,DIAG-CLOSE;EURUSD;s=4;prev=2;c=3;firstObs=false;slotOn=true;inWindow=true;time_close=08-05 01:06
2026-08-05T01:05:00.000+01:00,DIAG-DEDUP;EURUSD;s=4;wOpened=08-05 00:54;nd=1;bestStored=08-05 00:01;bestStoredSlot=1;newWins=false
2026-08-05T01:05:00.000+01:00,DIAG-CLOSE;EURUSD;s=7;prev=0;c=1;firstObs=false;slotOn=true;inWindow=true;time_close=08-05 01:06
2026-08-05T01:05:00.000+01:00,DIAG-DEDUP;EURUSD;s=7;wOpened=08-05 01:04;nd=1;bestStored=08-05 00:01;bestStoredSlot=1;newWins=false
2026-08-05T01:05:00.000+01:00,DIAG-CLOSE;EURCHF;s=0;prev=11;c=12;firstObs=false;slotOn=true;inWindow=true;time_close=08-05 01:06
2026-08-05T01:05:00.000+01:00,DIAG-DEDUP;EURCHF;s=0;wOpened=08-05 00:35;nd=0;bestStored=none;bestStoredSlot=-1;newWins=true
2026-08-05T01:05:00.000+01:00,DIAG-CLOSE;EURCHF;s=1;prev=11;c=12;firstObs=false;slotOn=true;inWindow=true;time_close=08-05 01:06
2026-08-05T01:05:00.000+01:00,DIAG-DEDUP;EURCHF;s=1;wOpened=08-05 00:35;nd=1;bestStored=08-05 00:35;bestStoredSlot=0;newWins=true
2026-08-05T01:05:00.000+01:00,DIAG-CLOSE;EURCHF;s=2;prev=6;c=7;firstObs=false;slotOn=true;inWindow=true;time_close=08-05 01:06
2026-08-05T01:05:00.000+01:00,DIAG-DEDUP;EURCHF;s=2;wOpened=08-05 00:52;nd=1;bestStored=08-05 00:35;bestStoredSlot=1;newWins=false
2026-08-05T01:05:00.000+01:00,DIAG-CLOSE;EURCHF;s=3;prev=7;c=8;firstObs=false;slotOn=true;inWindow=true;time_close=08-05 01:06
2026-08-05T01:05:00.000+01:00,DIAG-DEDUP;EURCHF;s=3;wOpened=08-05 00:52;nd=1;bestStored=08-05 00:35;bestStoredSlot=1;newWins=false
2026-08-05T01:05:00.000+01:00,DIAG-CLOSE;EURCHF;s=4;prev=2;c=3;firstObs=false;slotOn=true;inWindow=true;time_close=08-05 01:06
2026-08-05T01:05:00.000+01:00,DIAG-DEDUP;EURCHF;s=4;wOpened=08-05 00:53;nd=1;bestStored=08-05 00:35;bestStoredSlot=1;newWins=false
2026-08-05T01:05:00.000+01:00,DIAG-CLOSE;EURCHF;s=5;prev=2;c=3;firstObs=false;slotOn=true;inWindow=true;time_close=08-05 01:06
2026-08-05T01:05:00.000+01:00,DIAG-DEDUP;EURCHF;s=5;wOpened=08-05 00:52;nd=1;bestStored=08-05 00:35;bestStoredSlot=1;newWins=false
2026-08-05T01:05:00.000+01:00,DIAG-CLOSE;EURCHF;s=6;prev=0;c=1;firstObs=false;slotOn=true;inWindow=true;time_close=08-05 01:06
2026-08-05T01:05:00.000+01:00,DIAG-DEDUP;EURCHF;s=6;wOpened=08-05 00:53;nd=1;bestStored=08-05 00:35;bestStoredSlot=1;newWins=false
2026-08-05T01:25:00.000+01:00,DIAG-CLOSE;GBPUSD;s=0;prev=7;c=8;firstObs=false;slotOn=true;inWindow=true;time_close=08-05 01:26
2026-08-05T01:25:00.000+01:00,DIAG-DEDUP;GBPUSD;s=0;wOpened=08-05 01:07;nd=0;bestStored=none;bestStoredSlot=-1;newWins=true
2026-08-05T01:25:00.000+01:00,DIAG-CLOSE;GBPUSD;s=1;prev=6;c=7;firstObs=false;slotOn=true;inWindow=true;time_close=08-05 01:26
2026-08-05T01:25:00.000+01:00,DIAG-DEDUP;GBPUSD;s=1;wOpened=08-05 01:08;nd=1;bestStored=08-05 01:07;bestStoredSlot=0;newWins=false
2026-08-05T01:25:00.000+01:00,DIAG-CLOSE;GBPUSD;s=3;prev=6;c=7;firstObs=false;slotOn=true;inWindow=true;time_close=08-05 01:26
2026-08-05T01:25:00.000+01:00,DIAG-DEDUP;GBPUSD;s=3;wOpened=08-05 01:08;nd=1;bestStored=08-05 01:07;bestStoredSlot=0;newWins=false
2026-08-05T01:25:00.000+01:00,DIAG-CLOSE;GBPUSD;s=7;prev=2;c=3;firstObs=false;slotOn=true;inWindow=true;time_close=08-05 01:26
2026-08-05T01:25:00.000+01:00,DIAG-DEDUP;GBPUSD;s=7;wOpened=08-05 01:08;nd=1;bestStored=08-05 01:07;bestStoredSlot=0;newWins=false
2026-08-05T01:25:00.000+01:00,DIAG-CLOSE;USDCAD;s=1;prev=7;c=8;firstObs=false;slotOn=true;inWindow=true;time_close=08-05 01:26
2026-08-05T01:25:00.000+01:00,DIAG-DEDUP;USDCAD;s=1;wOpened=08-05 00:54;nd=0;bestStored=none;bestStoredSlot=-1;newWins=true
2026-08-05T01:41:00.000+01:00,DIAG-CLOSE;AUDJPY;s=0;prev=10;c=11;firstObs=false;slotOn=true;inWindow=true;time_close=08-05 01:42
2026-08-05T01:41:00.000+01:00,DIAG-DEDUP;AUDJPY;s=0;wOpened=08-05 01:12;nd=0;bestStored=none;bestStoredSlot=-1;newWins=true
2026-08-05T01:41:00.000+01:00,DIAG-CLOSE;AUDJPY;s=1;prev=10;c=11;firstObs=false;slotOn=true;inWindow=true;time_close=08-05 01:42
2026-08-05T01:41:00.000+01:00,DIAG-DEDUP;AUDJPY;s=1;wOpened=08-05 01:12;nd=1;bestStored=08-05 01:12;bestStoredSlot=0;newWins=true
2026-08-05T01:41:00.000+01:00,DIAG-CLOSE;AUDJPY;s=2;prev=6;c=7;firstObs=false;slotOn=true;inWindow=true;time_close=08-05 01:42
2026-08-05T01:41:00.000+01:00,DIAG-DEDUP;AUDJPY;s=2;wOpened=08-05 01:31;nd=1;bestStored=08-05 01:12;bestStoredSlot=1;newWins=false
2026-08-05T01:41:00.000+01:00,DIAG-CLOSE;AUDJPY;s=3;prev=6;c=7;firstObs=false;slotOn=true;inWindow=true;time_close=08-05 01:42
2026-08-05T01:41:00.000+01:00,DIAG-DEDUP;AUDJPY;s=3;wOpened=08-05 01:31;nd=1;bestStored=08-05 01:12;bestStoredSlot=1;newWins=false
2026-08-05T01:52:00.000+01:00,DIAG-CLOSE;GBPJPY;s=6;prev=4;c=5;firstObs=false;slotOn=true;inWindow=true;time_close=08-05 01:53
2026-08-05T01:52:00.000+01:00,DIAG-DEDUP;GBPJPY;s=6;wOpened=08-05 01:50;nd=0;bestStored=none;bestStoredSlot=-1;newWins=true
2026-08-05T01:55:00.000+01:00,DIAG-CLOSE;EURJPY;s=0;prev=10;c=11;firstObs=false;slotOn=true;inWindow=true;time_close=08-05 01:56
2026-08-05T01:55:00.000+01:00,DIAG-DEDUP;EURJPY;s=0;wOpened=08-05 00:57;nd=0;bestStored=none;bestStoredSlot=-1;newWins=true
2026-08-05T01:55:00.000+01:00,DIAG-CLOSE;EURJPY;s=1;prev=10;c=11;firstObs=false;slotOn=true;inWindow=true;time_close=08-05 01:56
2026-08-05T01:55:00.000+01:00,DIAG-DEDUP;EURJPY;s=1;wOpened=08-05 00:57;nd=1;bestStored=08-05 00:57;bestStoredSlot=0;newWins=true
2026-08-05T01:55:00.000+01:00,DIAG-CLOSE;EURJPY;s=2;prev=6;c=7;firstObs=false;slotOn=true;inWindow=true;time_close=08-05 01:56
2026-08-05T01:55:00.000+01:00,DIAG-DEDUP;EURJPY;s=2;wOpened=08-05 01:25;nd=1;bestStored=08-05 00:57;bestStoredSlot=1;newWins=false
2026-08-05T01:55:00.000+01:00,DIAG-CLOSE;EURJPY;s=3;prev=6;c=7;firstObs=false;slotOn=true;inWindow=true;time_close=08-05 01:56
2026-08-05T01:55:00.000+01:00,DIAG-DEDUP;EURJPY;s=3;wOpened=08-05 01:25;nd=1;bestStored=08-05 00:57;bestStoredSlot=1;newWins=false
2026-08-05T01:55:00.000+01:00,DIAG-CLOSE;EURJPY;s=5;prev=3;c=4;firstObs=false;slotOn=true;inWindow=true;time_close=08-05 01:56
2026-08-05T01:55:00.000+01:00,DIAG-DEDUP;EURJPY;s=5;wOpened=08-05 01:28;nd=1;bestStored=08-05 00:57;bestStoredSlot=1;newWins=false
2026-08-05T01:56:00.000+01:00,DIAG-CLOSE;EURCHF;s=0;prev=12;c=13;firstObs=false;slotOn=true;inWindow=true;time_close=08-05 01:57
2026-08-05T01:56:00.000+01:00,DIAG-DEDUP;EURCHF;s=0;wOpened=08-05 01:18;nd=0;bestStored=none;bestStoredSlot=-1;newWins=true
2026-08-05T01:56:00.000+01:00,DIAG-CLOSE;EURCHF;s=1;prev=12;c=13;firstObs=false;slotOn=true;inWindow=true;time_close=08-05 01:57
2026-08-05T01:56:00.000+01:00,DIAG-DEDUP;EURCHF;s=1;wOpened=08-05 01:18;nd=1;bestStored=08-05 01:18;bestStoredSlot=0;newWins=true
2026-08-05T01:56:00.000+01:00,DIAG-CLOSE;EURCHF;s=2;prev=7;c=8;firstObs=false;slotOn=true;inWindow=true;time_close=08-05 01:57
2026-08-05T01:56:00.000+01:00,DIAG-DEDUP;EURCHF;s=2;wOpened=08-05 01:29;nd=1;bestStored=08-05 01:18;bestStoredSlot=1;newWins=false
2026-08-05T01:56:00.000+01:00,DIAG-CLOSE;EURCHF;s=3;prev=8;c=9;firstObs=false;slotOn=true;inWindow=true;time_close=08-05 01:57
2026-08-05T01:56:00.000+01:00,DIAG-DEDUP;EURCHF;s=3;wOpened=08-05 01:29;nd=1;bestStored=08-05 01:18;bestStoredSlot=1;newWins=false
2026-08-05T01:56:00.000+01:00,DIAG-CLOSE;EURCHF;s=4;prev=3;c=4;firstObs=false;slotOn=true;inWindow=true;time_close=08-05 01:57
2026-08-05T01:56:00.000+01:00,DIAG-DEDUP;EURCHF;s=4;wOpened=08-05 01:41;nd=1;bestStored=08-05 01:18;bestStoredSlot=1;newWins=false
2026-08-05T01:56:00.000+01:00,DIAG-CLOSE;EURCHF;s=5;prev=3;c=4;firstObs=false;slotOn=true;inWindow=true;time_close=08-05 01:57
2026-08-05T01:56:00.000+01:00,DIAG-DEDUP;EURCHF;s=5;wOpened=08-05 01:55;nd=1;bestStored=08-05 01:18;bestStoredSlot=1;newWins=false
2026-08-05T02:08:00.000+01:00,DIAG-CLOSE;CHFJPY;s=0;prev=8;c=9;firstObs=false;slotOn=true;inWindow=true;time_close=08-05 02:09
2026-08-05T02:08:00.000+01:00,DIAG-DEDUP;CHFJPY;s=0;wOpened=08-05 01:58;nd=0;bestStored=none;bestStoredSlot=-1;newWins=true
2026-08-05T02:08:00.000+01:00,DIAG-CLOSE;CHFJPY;s=1;prev=9;c=10;firstObs=false;slotOn=true;inWindow=true;time_close=08-05 02:09
2026-08-05T02:08:00.000+01:00,DIAG-DEDUP;CHFJPY;s=1;wOpened=08-05 01:58;nd=1;bestStored=08-05 01:58;bestStoredSlot=0;newWins=true
2026-08-05T02:08:00.000+01:00,DIAG-CLOSE;CHFJPY;s=2;prev=4;c=5;firstObs=false;slotOn=true;inWindow=true;time_close=08-05 02:09
2026-08-05T02:08:00.000+01:00,DIAG-DEDUP;CHFJPY;s=2;wOpened=08-05 01:58;nd=1;bestStored=08-05 01:58;bestStoredSlot=1;newWins=true
2026-08-05T02:14:00.000+01:00,DIAG-CLOSE;USDJPY;s=0;prev=9;c=10;firstObs=false;slotOn=true;inWindow=true;time_close=08-05 02:15
2026-08-05T02:14:00.000+01:00,DIAG-DEDUP;USDJPY;s=0;wOpened=08-05 02:12;nd=0;bestStored=none;bestStoredSlot=-1;newWins=true
2026-08-05T02:14:00.000+01:00,DIAG-CLOSE;USDJPY;s=1;prev=10;c=11;firstObs=false;slotOn=true;inWindow=true;time_close=08-05 02:15
2026-08-05T02:14:00.000+01:00,DIAG-DEDUP;USDJPY;s=1;wOpened=08-05 02:12;nd=1;bestStored=08-05 02:12;bestStoredSlot=0;newWins=true
2026-08-05T02:31:00.000+01:00,DIAG-CLOSE;EURUSD;s=5;prev=3;c=4;firstObs=false;slotOn=true;inWindow=true;time_close=08-05 02:32
2026-08-05T02:31:00.000+01:00,DIAG-DEDUP;EURUSD;s=5;wOpened=08-05 02:29;nd=0;bestStored=none;bestStoredSlot=-1;newWins=true
2026-08-05T02:31:00.000+01:00,DIAG-CLOSE;GBPUSD;s=5;prev=4;c=5;firstObs=false;slotOn=true;inWindow=true;time_close=08-05 02:32
2026-08-05T02:31:00.000+01:00,DIAG-DEDUP;GBPUSD;s=5;wOpened=08-05 02:28;nd=0;bestStored=none;bestStoredSlot=-1;newWins=true
2026-08-05T02:31:00.000+01:00,DIAG-CLOSE;USDCAD;s=0;prev=6;c=7;firstObs=false;slotOn=true;inWindow=true;time_close=08-05 02:32
2026-08-05T02:31:00.000+01:00,DIAG-DEDUP;USDCAD;s=0;wOpened=08-05 02:05;nd=0;bestStored=none;bestStoredSlot=-1;newWins=true
2026-08-05T02:31:00.000+01:00,DIAG-CLOSE;USDCAD;s=1;prev=8;c=9;firstObs=false;slotOn=true;inWindow=true;time_close=08-05 02:32
2026-08-05T02:31:00.000+01:00,DIAG-DEDUP;USDCAD;s=1;wOpened=08-05 02:05;nd=1;bestStored=08-05 02:05;bestStoredSlot=0;newWins=true
2026-08-05T02:31:00.000+01:00,DIAG-CLOSE;USDCAD;s=2;prev=2;c=3;firstObs=false;slotOn=true;inWindow=true;time_close=08-05 02:32
2026-08-05T02:31:00.000+01:00,DIAG-DEDUP;USDCAD;s=2;wOpened=08-05 02:28;nd=1;bestStored=08-05 02:05;bestStoredSlot=1;newWins=false
2026-08-05T02:31:00.000+01:00,DIAG-CLOSE;USDCAD;s=3;prev=3;c=4;firstObs=false;slotOn=true;inWindow=true;time_close=08-05 02:32
2026-08-05T02:31:00.000+01:00,DIAG-DEDUP;USDCAD;s=3;wOpened=08-05 02:28;nd=1;bestStored=08-05 02:05;bestStoredSlot=1;newWins=false
2026-08-05T02:31:00.000+01:00,DIAG-CLOSE;USDCAD;s=4;prev=2;c=3;firstObs=false;slotOn=true;inWindow=true;time_close=08-05 02:32
2026-08-05T02:31:00.000+01:00,DIAG-DEDUP;USDCAD;s=4;wOpened=08-05 02:29;nd=1;bestStored=08-05 02:05;bestStoredSlot=1;newWins=false
2026-08-05T02:31:00.000+01:00,DIAG-CLOSE;AUDUSD;s=1;prev=7;c=8;firstObs=false;slotOn=true;inWindow=true;time_close=08-05 02:32
2026-08-05T02:31:00.000+01:00,DIAG-DEDUP;AUDUSD;s=1;wOpened=08-05 02:29;nd=0;bestStored=none;bestStoredSlot=-1;newWins=true
2026-08-05T02:33:00.000+01:00,DIAG-CLOSE;EURUSD;s=0;prev=14;c=15;firstObs=false;slotOn=true;inWindow=true;time_close=08-05 02:34
2026-08-05T02:33:00.000+01:00,DIAG-DEDUP;EURUSD;s=0;wOpened=08-05 01:52;nd=1;bestStored=08-05 02:29;bestStoredSlot=5;newWins=true
2026-08-05T02:33:00.000+01:00,DIAG-CLOSE;EURUSD;s=1;prev=15;c=16;firstObs=false;slotOn=true;inWindow=true;time_close=08-05 02:34
2026-08-05T02:33:00.000+01:00,DIAG-DEDUP;EURUSD;s=1;wOpened=08-05 01:52;nd=1;bestStored=08-05 01:52;bestStoredSlot=0;newWins=true
2026-08-05T02:33:00.000+01:00,DIAG-CLOSE;EURUSD;s=2;prev=7;c=8;firstObs=false;slotOn=true;inWindow=true;time_close=08-05 02:34
2026-08-05T02:33:00.000+01:00,DIAG-DEDUP;EURUSD;s=2;wOpened=08-05 02:28;nd=1;bestStored=08-05 01:52;bestStoredSlot=1;newWins=false
2026-08-05T02:33:00.000+01:00,DIAG-CLOSE;EURUSD;s=3;prev=7;c=8;firstObs=false;slotOn=true;inWindow=true;time_close=08-05 02:34
2026-08-05T02:33:00.000+01:00,DIAG-DEDUP;EURUSD;s=3;wOpened=08-05 02:28;nd=1;bestStored=08-05 01:52;bestStoredSlot=1;newWins=false
2026-08-05T02:33:00.000+01:00,DIAG-CLOSE;EURUSD;s=4;prev=3;c=4;firstObs=false;slotOn=true;inWindow=true;time_close=08-05 02:34
2026-08-05T02:33:00.000+01:00,DIAG-DEDUP;EURUSD;s=4;wOpened=08-05 02:29;nd=1;bestStored=08-05 01:52;bestStoredSlot=1;newWins=false
2026-08-05T03:04:00.000+01:00,DIAG-CLOSE;USDJPY;s=5;prev=2;c=3;firstObs=false;slotOn=true;inWindow=true;time_close=08-05 03:05
2026-08-05T03:04:00.000+01:00,DIAG-DEDUP;USDJPY;s=5;wOpened=08-05 02:44;nd=0;bestStored=none;bestStoredSlot=-1;newWins=true
2026-08-05T03:04:00.000+01:00,DIAG-CLOSE;USDJPY;s=6;prev=0;c=1;firstObs=false;slotOn=true;inWindow=true;time_close=08-05 03:05
2026-08-05T03:04:00.000+01:00,DIAG-DEDUP;USDJPY;s=6;wOpened=08-05 02:32;nd=1;bestStored=08-05 02:44;bestStoredSlot=5;newWins=true
2026-08-05T03:06:00.000+01:00,DIAG-CLOSE;CHFJPY;s=5;prev=2;c=3;firstObs=false;slotOn=true;inWindow=true;time_close=08-05 03:07
2026-08-05T03:06:00.000+01:00,DIAG-DEDUP;CHFJPY;s=5;wOpened=08-05 03:03;nd=0;bestStored=none;bestStoredSlot=-1;newWins=true
2026-08-05T03:06:00.000+01:00,DIAG-CLOSE;CHFJPY;s=6;prev=1;c=2;firstObs=false;slotOn=true;inWindow=true;time_close=08-05 03:07
2026-08-05T03:06:00.000+01:00,DIAG-DEDUP;CHFJPY;s=6;wOpened=08-05 03:03;nd=1;bestStored=08-05 03:03;bestStoredSlot=5;newWins=true
2026-08-05T03:10:00.000+01:00,DIAG-CLOSE;AUDCHF;s=6;prev=1;c=2;firstObs=false;slotOn=true;inWindow=true;time_close=08-05 03:11
2026-08-05T03:10:00.000+01:00,DIAG-DEDUP;AUDCHF;s=6;wOpened=08-05 03:03;nd=0;bestStored=none;bestStoredSlot=-1;newWins=true
2026-08-05T03:18:00.000+01:00,DIAG-CLOSE;USDCAD;s=5;prev=0;c=1;firstObs=false;slotOn=true;inWindow=true;time_close=08-05 03:19
2026-08-05T03:18:00.000+01:00,DIAG-DEDUP;USDCAD;s=5;wOpened=08-05 02:29;nd=1;bestStored=08-05 02:05;bestStoredSlot=1;newWins=false
2026-08-05T03:18:00.000+01:00,DIAG-CLOSE;USDCAD;s=6;prev=0;c=1;firstObs=false;slotOn=true;inWindow=true;time_close=08-05 03:19
2026-08-05T03:18:00.000+01:00,DIAG-DEDUP;USDCAD;s=6;wOpened=08-05 02:46;nd=0;bestStored=none;bestStoredSlot=-1;newWins=true
2026-08-05T03:18:00.000+01:00,DIAG-CLOSE;AUDJPY;s=1;prev=11;c=12;firstObs=false;slotOn=true;inWindow=true;time_close=08-05 03:19
2026-08-05T03:18:00.000+01:00,DIAG-DEDUP;AUDJPY;s=1;wOpened=08-05 03:04;nd=0;bestStored=none;bestStoredSlot=-1;newWins=true
2026-08-05T03:18:00.000+01:00,DIAG-CLOSE;AUDJPY;s=2;prev=7;c=8;firstObs=false;slotOn=true;inWindow=true;time_close=08-05 03:19
2026-08-05T03:18:00.000+01:00,DIAG-DEDUP;AUDJPY;s=2;wOpened=08-05 03:17;nd=1;bestStored=08-05 03:04;bestStoredSlot=1;newWins=false
2026-08-05T03:21:00.000+01:00,DIAG-CLOSE;EURGBP;s=0;prev=14;c=15;firstObs=false;slotOn=true;inWindow=true;time_close=08-05 03:22
2026-08-05T03:21:00.000+01:00,DIAG-DEDUP;EURGBP;s=0;wOpened=08-05 01:08;nd=0;bestStored=none;bestStoredSlot=-1;newWins=true
2026-08-05T03:21:00.000+01:00,DIAG-CLOSE;EURGBP;s=1;prev=12;c=13;firstObs=false;slotOn=true;inWindow=true;time_close=08-05 03:22
2026-08-05T03:21:00.000+01:00,DIAG-DEDUP;EURGBP;s=1;wOpened=08-05 01:08;nd=1;bestStored=08-05 01:08;bestStoredSlot=0;newWins=true
2026-08-05T03:21:00.000+01:00,DIAG-CLOSE;EURGBP;s=2;prev=7;c=8;firstObs=false;slotOn=true;inWindow=true;time_close=08-05 03:22
2026-08-05T03:21:00.000+01:00,DIAG-DEDUP;EURGBP;s=2;wOpened=08-05 01:09;nd=1;bestStored=08-05 01:08;bestStoredSlot=1;newWins=false
2026-08-05T03:21:00.000+01:00,DIAG-CLOSE;EURGBP;s=3;prev=6;c=7;firstObs=false;slotOn=true;inWindow=true;time_close=08-05 03:22
2026-08-05T03:21:00.000+01:00,DIAG-DEDUP;EURGBP;s=3;wOpened=08-05 01:09;nd=1;bestStored=08-05 01:08;bestStoredSlot=1;newWins=false
2026-08-05T03:21:00.000+01:00,DIAG-CLOSE;EURGBP;s=4;prev=4;c=5;firstObs=false;slotOn=true;inWindow=true;time_close=08-05 03:22
2026-08-05T03:21:00.000+01:00,DIAG-DEDUP;EURGBP;s=4;wOpened=08-05 01:10;nd=1;bestStored=08-05 01:08;bestStoredSlot=1;newWins=false
2026-08-05T03:21:00.000+01:00,DIAG-CLOSE;EURGBP;s=5;prev=6;c=7;firstObs=false;slotOn=true;inWindow=true;time_close=08-05 03:22
2026-08-05T03:21:00.000+01:00,DIAG-DEDUP;EURGBP;s=5;wOpened=08-05 02:45;nd=1;bestStored=08-05 01:08;bestStoredSlot=1;newWins=false
2026-08-05T03:21:00.000+01:00,DIAG-CLOSE;EURGBP;s=6;prev=0;c=1;firstObs=false;slotOn=true;inWindow=true;time_close=08-05 03:22
2026-08-05T03:21:00.000+01:00,DIAG-DEDUP;EURGBP;s=6;wOpened=08-05 02:46;nd=1;bestStored=08-05 01:08;bestStoredSlot=1;newWins=false
2026-08-05T03:23:00.000+01:00,DIAG-CLOSE;EURUSD;s=6;prev=1;c=2;firstObs=false;slotOn=true;inWindow=true;time_close=08-05 03:24
2026-08-05T03:23:00.000+01:00,DIAG-DEDUP;EURUSD;s=6;wOpened=08-05 02:06;nd=1;bestStored=08-05 01:52;bestStoredSlot=1;newWins=false
2026-08-05T03:23:00.000+01:00,DIAG-CLOSE;GBPUSD;s=0;prev=8;c=9;firstObs=false;slotOn=true;inWindow=true;time_close=08-05 03:24
2026-08-05T03:23:00.000+01:00,DIAG-DEDUP;GBPUSD;s=0;wOpened=08-05 02:28;nd=1;bestStored=08-05 02:28;bestStoredSlot=5;newWins=false
2026-08-05T03:23:00.000+01:00,DIAG-CLOSE;GBPUSD;s=1;prev=7;c=8;firstObs=false;slotOn=true;inWindow=true;time_close=08-05 03:24
2026-08-05T03:23:00.000+01:00,DIAG-DEDUP;GBPUSD;s=1;wOpened=08-05 02:28;nd=1;bestStored=08-05 02:28;bestStoredSlot=5;newWins=false
2026-08-05T03:23:00.000+01:00,DIAG-CLOSE;GBPUSD;s=2;prev=6;c=7;firstObs=false;slotOn=true;inWindow=true;time_close=08-05 03:24
2026-08-05T03:23:00.000+01:00,DIAG-DEDUP;GBPUSD;s=2;wOpened=08-05 02:29;nd=1;bestStored=08-05 02:28;bestStoredSlot=5;newWins=false
2026-08-05T03:23:00.000+01:00,DIAG-CLOSE;GBPUSD;s=3;prev=7;c=8;firstObs=false;slotOn=true;inWindow=true;time_close=08-05 03:24
2026-08-05T03:23:00.000+01:00,DIAG-DEDUP;GBPUSD;s=3;wOpened=08-05 02:29;nd=1;bestStored=08-05 02:28;bestStoredSlot=5;newWins=false
2026-08-05T03:23:00.000+01:00,DIAG-CLOSE;EURGBP;s=7;prev=2;c=3;firstObs=false;slotOn=true;inWindow=true;time_close=08-05 03:24
2026-08-05T03:23:00.000+01:00,DIAG-DEDUP;EURGBP;s=7;wOpened=08-05 01:10;nd=1;bestStored=08-05 01:08;bestStoredSlot=1;newWins=false
2026-08-05T03:23:00.000+01:00,DIAG-CLOSE;CADCHF;s=0;prev=8;c=9;firstObs=false;slotOn=true;inWindow=true;time_close=08-05 03:24
2026-08-05T03:23:00.000+01:00,DIAG-DEDUP;CADCHF;s=0;wOpened=08-05 02:58;nd=0;bestStored=none;bestStoredSlot=-1;newWins=true
2026-08-05T03:23:00.000+01:00,DIAG-CLOSE;CADCHF;s=1;prev=8;c=9;firstObs=false;slotOn=true;inWindow=true;time_close=08-05 03:24
2026-08-05T03:23:00.000+01:00,DIAG-DEDUP;CADCHF;s=1;wOpened=08-05 02:58;nd=1;bestStored=08-05 02:58;bestStoredSlot=0;newWins=true
2026-08-05T03:23:00.000+01:00,DIAG-CLOSE;CADCHF;s=2;prev=4;c=5;firstObs=false;slotOn=true;inWindow=true;time_close=08-05 03:24
2026-08-05T03:23:00.000+01:00,DIAG-DEDUP;CADCHF;s=2;wOpened=08-05 03:10;nd=1;bestStored=08-05 02:58;bestStoredSlot=1;newWins=false
2026-08-05T03:23:00.000+01:00,DIAG-CLOSE;CADCHF;s=3;prev=4;c=5;firstObs=false;slotOn=true;inWindow=true;time_close=08-05 03:24
2026-08-05T03:23:00.000+01:00,DIAG-DEDUP;CADCHF;s=3;wOpened=08-05 03:10;nd=1;bestStored=08-05 02:58;bestStoredSlot=1;newWins=false
2026-08-05T03:40:00.000+01:00,DIAG-CLOSE;USDCHF;s=0;prev=13;c=14;firstObs=false;slotOn=true;inWindow=true;time_close=08-05 03:41
2026-08-05T03:40:00.000+01:00,DIAG-DEDUP;USDCHF;s=0;wOpened=08-05 03:28;nd=0;bestStored=none;bestStoredSlot=-1;newWins=true
2026-08-05T03:40:00.000+01:00,DIAG-CLOSE;USDCHF;s=1;prev=13;c=14;firstObs=false;slotOn=true;inWindow=true;time_close=08-05 03:41
2026-08-05T03:40:00.000+01:00,DIAG-DEDUP;USDCHF;s=1;wOpened=08-05 03:28;nd=1;bestStored=08-05 03:28;bestStoredSlot=0;newWins=true
2026-08-05T03:44:00.000+01:00,DIAG-CLOSE;USDCAD;s=0;prev=7;c=8;firstObs=false;slotOn=true;inWindow=true;time_close=08-05 03:45
2026-08-05T03:44:00.000+01:00,DIAG-DEDUP;USDCAD;s=0;wOpened=08-05 03:20;nd=0;bestStored=none;bestStoredSlot=-1;newWins=true
2026-08-05T03:44:00.000+01:00,DIAG-CLOSE;USDCAD;s=1;prev=9;c=10;firstObs=false;slotOn=true;inWindow=true;time_close=08-05 03:45
2026-08-05T03:44:00.000+01:00,DIAG-DEDUP;USDCAD;s=1;wOpened=08-05 03:20;nd=1;bestStored=08-05 03:20;bestStoredSlot=0;newWins=true
2026-08-05T03:44:00.000+01:00,DIAG-CLOSE;USDCAD;s=2;prev=3;c=4;firstObs=false;slotOn=true;inWindow=true;time_close=08-05 03:45
2026-08-05T03:44:00.000+01:00,DIAG-DEDUP;USDCAD;s=2;wOpened=08-05 03:33;nd=1;bestStored=08-05 03:20;bestStoredSlot=1;newWins=false
2026-08-05T03:44:00.000+01:00,DIAG-CLOSE;USDCAD;s=3;prev=4;c=5;firstObs=false;slotOn=true;inWindow=true;time_close=08-05 03:45
2026-08-05T03:44:00.000+01:00,DIAG-DEDUP;USDCAD;s=3;wOpened=08-05 03:33;nd=1;bestStored=08-05 03:20;bestStoredSlot=1;newWins=false
2026-08-05T03:44:00.000+01:00,DIAG-CLOSE;USDCAD;s=4;prev=3;c=4;firstObs=false;slotOn=true;inWindow=true;time_close=08-05 03:45
2026-08-05T03:44:00.000+01:00,DIAG-DEDUP;USDCAD;s=4;wOpened=08-05 03:34;nd=1;bestStored=08-05 03:20;bestStoredSlot=1;newWins=false
2026-08-05T03:46:00.000+01:00,DIAG-CLOSE;EURCHF;s=0;prev=13;c=14;firstObs=false;slotOn=true;inWindow=true;time_close=08-05 03:47
2026-08-05T03:46:00.000+01:00,DIAG-DEDUP;EURCHF;s=0;wOpened=08-05 02:59;nd=0;bestStored=none;bestStoredSlot=-1;newWins=true
2026-08-05T03:46:00.000+01:00,DIAG-CLOSE;EURCHF;s=1;prev=13;c=14;firstObs=false;slotOn=true;inWindow=true;time_close=08-05 03:47
2026-08-05T03:46:00.000+01:00,DIAG-DEDUP;EURCHF;s=1;wOpened=08-05 02:59;nd=1;bestStored=08-05 02:59;bestStoredSlot=0;newWins=true
2026-08-05T03:47:00.000+01:00,DIAG-CLOSE;EURGBP;s=0;prev=15;c=16;firstObs=false;slotOn=true;inWindow=true;time_close=08-05 03:48
2026-08-05T03:47:00.000+01:00,DIAG-DEDUP;EURGBP;s=0;wOpened=08-05 03:46;nd=0;bestStored=none;bestStoredSlot=-1;newWins=true
2026-08-05T03:47:00.000+01:00,DIAG-CLOSE;EURGBP;s=1;prev=13;c=14;firstObs=false;slotOn=true;inWindow=true;time_close=08-05 03:48
2026-08-05T03:47:00.000+01:00,DIAG-DEDUP;EURGBP;s=1;wOpened=08-05 03:46;nd=1;bestStored=08-05 03:46;bestStoredSlot=0;newWins=true
2026-08-05T04:04:00.000+01:00,DIAG-CLOSE;CHFJPY;s=0;prev=9;c=10;firstObs=false;slotOn=true;inWindow=true;time_close=08-05 04:05
2026-08-05T04:04:00.000+01:00,DIAG-DEDUP;CHFJPY;s=0;wOpened=08-05 03:58;nd=0;bestStored=none;bestStoredSlot=-1;newWins=true
2026-08-05T04:04:00.000+01:00,DIAG-CLOSE;CHFJPY;s=1;prev=10;c=11;firstObs=false;slotOn=true;inWindow=true;time_close=08-05 04:05
2026-08-05T04:04:00.000+01:00,DIAG-DEDUP;CHFJPY;s=1;wOpened=08-05 03:58;nd=1;bestStored=08-05 03:58;bestStoredSlot=0;newWins=true
2026-08-05T04:04:00.000+01:00,DIAG-CLOSE;CHFJPY;s=2;prev=5;c=6;firstObs=false;slotOn=true;inWindow=true;time_close=08-05 04:05
2026-08-05T04:04:00.000+01:00,DIAG-DEDUP;CHFJPY;s=2;wOpened=08-05 04:03;nd=1;bestStored=08-05 03:58;bestStoredSlot=1;newWins=false
2026-08-05T04:04:00.000+01:00,DIAG-CLOSE;CHFJPY;s=3;prev=3;c=4;firstObs=false;slotOn=true;inWindow=true;time_close=08-05 04:05
2026-08-05T04:04:00.000+01:00,DIAG-DEDUP;CHFJPY;s=3;wOpened=08-05 04:03;nd=1;bestStored=08-05 03:58;bestStoredSlot=1;newWins=false
2026-08-05T04:12:00.000+01:00,DIAG-CLOSE;EURGBP;s=5;prev=7;c=8;firstObs=false;slotOn=true;inWindow=true;time_close=08-05 04:13
2026-08-05T04:12:00.000+01:00,DIAG-DEDUP;EURGBP;s=5;wOpened=08-05 04:05;nd=0;bestStored=none;bestStoredSlot=-1;newWins=true
2026-08-05T04:12:00.000+01:00,DIAG-CLOSE;EURGBP;s=6;prev=1;c=2;firstObs=false;slotOn=true;inWindow=true;time_close=08-05 04:13
2026-08-05T04:12:00.000+01:00,DIAG-DEDUP;EURGBP;s=6;wOpened=08-05 04:04;nd=1;bestStored=08-05 04:05;bestStoredSlot=5;newWins=true
2026-08-05T04:33:00.000+01:00,DIAG-CLOSE;EURUSD;s=0;prev=15;c=16;firstObs=false;slotOn=true;inWindow=true;time_close=08-05 04:34
2026-08-05T04:33:00.000+01:00,DIAG-DEDUP;EURUSD;s=0;wOpened=08-05 04:12;nd=0;bestStored=none;bestStoredSlot=-1;newWins=true
2026-08-05T04:33:00.000+01:00,DIAG-CLOSE;EURUSD;s=1;prev=16;c=17;firstObs=false;slotOn=true;inWindow=true;time_close=08-05 04:34
2026-08-05T04:33:00.000+01:00,DIAG-DEDUP;EURUSD;s=1;wOpened=08-05 04:12;nd=1;bestStored=08-05 04:12;bestStoredSlot=0;newWins=true
2026-08-05T04:33:00.000+01:00,DIAG-CLOSE;EURUSD;s=2;prev=8;c=9;firstObs=false;slotOn=true;inWindow=true;time_close=08-05 04:34
2026-08-05T04:33:00.000+01:00,DIAG-DEDUP;EURUSD;s=2;wOpened=08-05 04:13;nd=1;bestStored=08-05 04:12;bestStoredSlot=1;newWins=false
2026-08-05T04:33:00.000+01:00,DIAG-CLOSE;EURUSD;s=3;prev=8;c=9;firstObs=false;slotOn=true;inWindow=true;time_close=08-05 04:34
2026-08-05T04:33:00.000+01:00,DIAG-DEDUP;EURUSD;s=3;wOpened=08-05 04:13;nd=1;bestStored=08-05 04:12;bestStoredSlot=1;newWins=false
2026-08-05T04:33:00.000+01:00,DIAG-CLOSE;EURUSD;s=4;prev=4;c=5;firstObs=false;slotOn=true;inWindow=true;time_close=08-05 04:34
2026-08-05T04:33:00.000+01:00,DIAG-DEDUP;EURUSD;s=4;wOpened=08-05 04:17;nd=1;bestStored=08-05 04:12;bestStoredSlot=1;newWins=false
2026-08-05T04:33:00.000+01:00,DIAG-CLOSE;EURUSD;s=5;prev=4;c=5;firstObs=false;slotOn=true;inWindow=true;time_close=08-05 04:34
2026-08-05T04:33:00.000+01:00,DIAG-DEDUP;EURUSD;s=5;wOpened=08-05 04:17;nd=1;bestStored=08-05 04:12;bestStoredSlot=1;newWins=false
2026-08-05T04:45:00.000+01:00,DIAG-CLOSE;EURGBP;s=0;prev=16;c=17;firstObs=false;slotOn=true;inWindow=true;time_close=08-05 04:46
2026-08-05T04:45:00.000+01:00,DIAG-DEDUP;EURGBP;s=0;wOpened=08-05 04:14;nd=0;bestStored=none;bestStoredSlot=-1;newWins=true
2026-08-05T04:45:00.000+01:00,DIAG-CLOSE;EURGBP;s=1;prev=14;c=15;firstObs=false;slotOn=true;inWindow=true;time_close=08-05 04:46
2026-08-05T04:45:00.000+01:00,DIAG-DEDUP;EURGBP;s=1;wOpened=08-05 04:14;nd=1;bestStored=08-05 04:14;bestStoredSlot=0;newWins=true
2026-08-05T04:45:00.000+01:00,DIAG-CLOSE;EURGBP;s=7;prev=3;c=4;firstObs=false;slotOn=true;inWindow=true;time_close=08-05 04:46
2026-08-05T04:45:00.000+01:00,DIAG-DEDUP;EURGBP;s=7;wOpened=08-05 04:05;nd=2;bestStored=08-05 04:04;bestStoredSlot=6;newWins=false
2026-08-05T04:49:00.000+01:00,DIAG-CLOSE;USDCHF;s=0;prev=14;c=15;firstObs=false;slotOn=true;inWindow=true;time_close=08-05 04:50
2026-08-05T04:49:00.000+01:00,DIAG-DEDUP;USDCHF;s=0;wOpened=08-05 04:45;nd=0;bestStored=none;bestStoredSlot=-1;newWins=true
2026-08-05T04:49:00.000+01:00,DIAG-CLOSE;USDCHF;s=1;prev=14;c=15;firstObs=false;slotOn=true;inWindow=true;time_close=08-05 04:50
2026-08-05T04:49:00.000+01:00,DIAG-DEDUP;USDCHF;s=1;wOpened=08-05 04:37;nd=1;bestStored=08-05 04:45;bestStoredSlot=0;newWins=true
2026-08-05T04:49:00.000+01:00,DIAG-CLOSE;USDCHF;s=2;prev=5;c=6;firstObs=false;slotOn=true;inWindow=true;time_close=08-05 04:50
2026-08-05T04:49:00.000+01:00,DIAG-DEDUP;USDCHF;s=2;wOpened=08-05 04:38;nd=1;bestStored=08-05 04:37;bestStoredSlot=1;newWins=false
2026-08-05T04:49:00.000+01:00,DIAG-CLOSE;USDCHF;s=3;prev=4;c=5;firstObs=false;slotOn=true;inWindow=true;time_close=08-05 04:50
2026-08-05T04:49:00.000+01:00,DIAG-DEDUP;USDCHF;s=3;wOpened=08-05 04:46;nd=1;bestStored=08-05 04:37;bestStoredSlot=1;newWins=false
2026-08-05T04:49:00.000+01:00,DIAG-CLOSE;USDCHF;s=4;prev=2;c=3;firstObs=false;slotOn=true;inWindow=true;time_close=08-05 04:50
2026-08-05T04:49:00.000+01:00,DIAG-DEDUP;USDCHF;s=4;wOpened=08-05 04:45;nd=1;bestStored=08-05 04:37;bestStoredSlot=1;newWins=false
2026-08-05T04:49:00.000+01:00,DIAG-CLOSE;USDCHF;s=5;prev=2;c=3;firstObs=false;slotOn=true;inWindow=true;time_close=08-05 04:50
2026-08-05T04:49:00.000+01:00,DIAG-DEDUP;USDCHF;s=5;wOpened=08-05 04:38;nd=1;bestStored=08-05 04:37;bestStoredSlot=1;newWins=false
2026-08-05T04:49:00.000+01:00,DIAG-CLOSE;USDCHF;s=6;prev=1;c=2;firstObs=false;slotOn=true;inWindow=true;time_close=08-05 04:50
2026-08-05T04:49:00.000+01:00,DIAG-DEDUP;USDCHF;s=6;wOpened=08-05 04:45;nd=1;bestStored=08-05 04:37;bestStoredSlot=1;newWins=false
2026-08-05T05:06:00.000+01:00,DIAG-CLOSE;AUDCAD;s=0;prev=12;c=13;firstObs=false;slotOn=true;inWindow=true;time_close=08-05 05:07
2026-08-05T05:06:00.000+01:00,DIAG-DEDUP;AUDCAD;s=0;wOpened=08-05 04:17;nd=0;bestStored=none;bestStoredSlot=-1;newWins=true
2026-08-05T05:06:00.000+01:00,DIAG-CLOSE;AUDCAD;s=1;prev=11;c=12;firstObs=false;slotOn=true;inWindow=true;time_close=08-05 05:07
2026-08-05T05:06:00.000+01:00,DIAG-DEDUP;AUDCAD;s=1;wOpened=08-05 04:17;nd=1;bestStored=08-05 04:17;bestStoredSlot=0;newWins=true
2026-08-05T05:06:00.000+01:00,DIAG-CLOSE;AUDCAD;s=2;prev=6;c=7;firstObs=false;slotOn=true;inWindow=true;time_close=08-05 05:07
2026-08-05T05:06:00.000+01:00,DIAG-DEDUP;AUDCAD;s=2;wOpened=08-05 04:59;nd=1;bestStored=08-05 04:17;bestStoredSlot=1;newWins=false
2026-08-05T05:06:00.000+01:00,DIAG-CLOSE;AUDCAD;s=3;prev=6;c=7;firstObs=false;slotOn=true;inWindow=true;time_close=08-05 05:07
2026-08-05T05:06:00.000+01:00,DIAG-DEDUP;AUDCAD;s=3;wOpened=08-05 04:59;nd=1;bestStored=08-05 04:17;bestStoredSlot=1;newWins=false
2026-08-05T05:36:00.000+01:00,DIAG-CLOSE;USDCAD;s=0;prev=8;c=9;firstObs=false;slotOn=true;inWindow=true;time_close=08-05 05:37
2026-08-05T05:36:00.000+01:00,DIAG-DEDUP;USDCAD;s=0;wOpened=08-05 05:29;nd=0;bestStored=none;bestStoredSlot=-1;newWins=true
2026-08-05T05:36:00.000+01:00,DIAG-CLOSE;USDCAD;s=1;prev=10;c=11;firstObs=false;slotOn=true;inWindow=true;time_close=08-05 05:37
2026-08-05T05:36:00.000+01:00,DIAG-DEDUP;USDCAD;s=1;wOpened=08-05 05:29;nd=1;bestStored=08-05 05:29;bestStoredSlot=0;newWins=true
2026-08-05T05:36:00.000+01:00,DIAG-CLOSE;USDCAD;s=2;prev=4;c=5;firstObs=false;slotOn=true;inWindow=true;time_close=08-05 05:37
2026-08-05T05:36:00.000+01:00,DIAG-DEDUP;USDCAD;s=2;wOpened=08-05 05:30;nd=1;bestStored=08-05 05:29;bestStoredSlot=1;newWins=false
2026-08-05T05:36:00.000+01:00,DIAG-CLOSE;USDCAD;s=3;prev=5;c=6;firstObs=false;slotOn=true;inWindow=true;time_close=08-05 05:37
2026-08-05T05:36:00.000+01:00,DIAG-DEDUP;USDCAD;s=3;wOpened=08-05 05:30;nd=1;bestStored=08-05 05:29;bestStoredSlot=1;newWins=false
2026-08-05T05:49:00.000+01:00,DIAG-CLOSE;AUDCAD;s=0;prev=13;c=14;firstObs=false;slotOn=true;inWindow=true;time_close=08-05 05:50
2026-08-05T05:49:00.000+01:00,DIAG-DEDUP;AUDCAD;s=0;wOpened=08-05 05:46;nd=0;bestStored=none;bestStoredSlot=-1;newWins=true
2026-08-05T05:49:00.000+01:00,DIAG-CLOSE;AUDCAD;s=1;prev=12;c=13;firstObs=false;slotOn=true;inWindow=true;time_close=08-05 05:50
2026-08-05T05:49:00.000+01:00,DIAG-DEDUP;AUDCAD;s=1;wOpened=08-05 05:46;nd=1;bestStored=08-05 05:46;bestStoredSlot=0;newWins=true
2026-08-05T05:58:00.000+01:00,DIAG-CLOSE;GBPAUD;s=0;prev=8;c=9;firstObs=false;slotOn=true;inWindow=true;time_close=08-05 05:59
2026-08-05T05:58:00.000+01:00,DIAG-DEDUP;GBPAUD;s=0;wOpened=08-05 05:46;nd=0;bestStored=none;bestStoredSlot=-1;newWins=true
2026-08-05T05:58:00.000+01:00,DIAG-CLOSE;GBPAUD;s=1;prev=9;c=10;firstObs=false;slotOn=true;inWindow=true;time_close=08-05 05:59
2026-08-05T05:58:00.000+01:00,DIAG-DEDUP;GBPAUD;s=1;wOpened=08-05 05:46;nd=1;bestStored=08-05 05:46;bestStoredSlot=0;newWins=true
2026-08-05T05:58:00.000+01:00,DIAG-CLOSE;GBPAUD;s=2;prev=6;c=7;firstObs=false;slotOn=true;inWindow=true;time_close=08-05 05:59
2026-08-05T05:58:00.000+01:00,DIAG-DEDUP;GBPAUD;s=2;wOpened=08-05 05:49;nd=1;bestStored=08-05 05:46;bestStoredSlot=1;newWins=false
2026-08-05T05:58:00.000+01:00,DIAG-CLOSE;GBPAUD;s=3;prev=6;c=7;firstObs=false;slotOn=true;inWindow=true;time_close=08-05 05:59
2026-08-05T05:58:00.000+01:00,DIAG-DEDUP;GBPAUD;s=3;wOpened=08-05 05:49;nd=1;bestStored=08-05 05:46;bestStoredSlot=1;newWins=false
2026-08-05T05:58:00.000+01:00,DIAG-CLOSE;GBPAUD;s=5;prev=4;c=5;firstObs=false;slotOn=true;inWindow=true;time_close=08-05 05:59
2026-08-05T05:58:00.000+01:00,DIAG-DEDUP;GBPAUD;s=5;wOpened=08-05 05:49;nd=1;bestStored=08-05 05:46;bestStoredSlot=1;newWins=false
2026-08-05T06:35:00.000+01:00,DIAG-CLOSE;EURAUD;s=0;prev=6;c=7;firstObs=false;slotOn=true;inWindow=true;time_close=08-05 06:36
2026-08-05T06:35:00.000+01:00,DIAG-DEDUP;EURAUD;s=0;wOpened=08-05 05:50;nd=0;bestStored=none;bestStoredSlot=-1;newWins=true
2026-08-05T06:35:00.000+01:00,DIAG-CLOSE;EURAUD;s=1;prev=5;c=6;firstObs=false;slotOn=true;inWindow=true;time_close=08-05 06:36
2026-08-05T06:35:00.000+01:00,DIAG-DEDUP;EURAUD;s=1;wOpened=08-05 05:50;nd=1;bestStored=08-05 05:50;bestStoredSlot=0;newWins=true
2026-08-05T06:35:00.000+01:00,DIAG-CLOSE;EURAUD;s=2;prev=2;c=3;firstObs=false;slotOn=true;inWindow=true;time_close=08-05 06:36
2026-08-05T06:35:00.000+01:00,DIAG-DEDUP;EURAUD;s=2;wOpened=08-05 06:02;nd=1;bestStored=08-05 05:50;bestStoredSlot=1;newWins=false
2026-08-05T06:35:00.000+01:00,DIAG-CLOSE;EURAUD;s=3;prev=3;c=4;firstObs=false;slotOn=true;inWindow=true;time_close=08-05 06:36
2026-08-05T06:35:00.000+01:00,DIAG-DEDUP;EURAUD;s=3;wOpened=08-05 06:02;nd=1;bestStored=08-05 05:50;bestStoredSlot=1;newWins=false
2026-08-05T06:35:00.000+01:00,DIAG-CLOSE;EURAUD;s=4;prev=2;c=3;firstObs=false;slotOn=true;inWindow=true;time_close=08-05 06:36
2026-08-05T06:35:00.000+01:00,DIAG-DEDUP;EURAUD;s=4;wOpened=08-05 06:31;nd=1;bestStored=08-05 05:50;bestStoredSlot=1;newWins=false
2026-08-05T06:35:00.000+01:00,DIAG-CLOSE;GBPCAD;s=0;prev=13;c=14;firstObs=false;slotOn=true;inWindow=true;time_close=08-05 06:36
2026-08-05T06:35:00.000+01:00,DIAG-DEDUP;GBPCAD;s=0;wOpened=08-05 05:11;nd=0;bestStored=none;bestStoredSlot=-1;newWins=true
2026-08-05T06:35:00.000+01:00,DIAG-CLOSE;GBPCAD;s=1;prev=14;c=15;firstObs=false;slotOn=true;inWindow=true;time_close=08-05 06:36
2026-08-05T06:35:00.000+01:00,DIAG-DEDUP;GBPCAD;s=1;wOpened=08-05 05:11;nd=1;bestStored=08-05 05:11;bestStoredSlot=0;newWins=true
2026-08-05T06:35:00.000+01:00,DIAG-CLOSE;GBPCAD;s=2;prev=6;c=7;firstObs=false;slotOn=true;inWindow=true;time_close=08-05 06:36
2026-08-05T06:35:00.000+01:00,DIAG-DEDUP;GBPCAD;s=2;wOpened=08-05 05:12;nd=1;bestStored=08-05 05:11;bestStoredSlot=1;newWins=false
2026-08-05T06:35:00.000+01:00,DIAG-CLOSE;GBPCAD;s=3;prev=4;c=5;firstObs=false;slotOn=true;inWindow=true;time_close=08-05 06:36
2026-08-05T06:35:00.000+01:00,DIAG-DEDUP;GBPCAD;s=3;wOpened=08-05 05:12;nd=1;bestStored=08-05 05:11;bestStoredSlot=1;newWins=false
2026-08-05T06:35:00.000+01:00,DIAG-CLOSE;GBPCAD;s=4;prev=2;c=3;firstObs=false;slotOn=true;inWindow=true;time_close=08-05 06:36
2026-08-05T06:35:00.000+01:00,DIAG-DEDUP;GBPCAD;s=4;wOpened=08-05 05:34;nd=1;bestStored=08-05 05:11;bestStoredSlot=1;newWins=false
2026-08-05T06:35:00.000+01:00,DIAG-CLOSE;GBPCAD;s=5;prev=1;c=2;firstObs=false;slotOn=true;inWindow=true;time_close=08-05 06:36
2026-08-05T06:35:00.000+01:00,DIAG-DEDUP;GBPCAD;s=5;wOpened=08-05 05:12;nd=1;bestStored=08-05 05:11;bestStoredSlot=1;newWins=false
2026-08-05T06:35:00.000+01:00,DIAG-CLOSE;GBPCAD;s=6;prev=3;c=4;firstObs=false;slotOn=true;inWindow=true;time_close=08-05 06:36
2026-08-05T06:35:00.000+01:00,DIAG-DEDUP;GBPCAD;s=6;wOpened=08-05 05:11;nd=1;bestStored=08-05 05:11;bestStoredSlot=1;newWins=true
2026-08-05T06:48:00.000+01:00,DIAG-CLOSE;GBPCHF;s=0;prev=7;c=8;firstObs=false;slotOn=true;inWindow=true;time_close=08-05 06:49
2026-08-05T06:48:00.000+01:00,DIAG-DEDUP;GBPCHF;s=0;wOpened=08-05 06:15;nd=0;bestStored=none;bestStoredSlot=-1;newWins=true
2026-08-05T06:54:00.000+01:00,DIAG-CLOSE;CHFJPY;s=0;prev=10;c=11;firstObs=false;slotOn=true;inWindow=true;time_close=08-05 06:55
2026-08-05T06:54:00.000+01:00,DIAG-DEDUP;CHFJPY;s=0;wOpened=08-05 06:38;nd=0;bestStored=none;bestStoredSlot=-1;newWins=true
2026-08-05T06:54:00.000+01:00,DIAG-CLOSE;CHFJPY;s=1;prev=11;c=12;firstObs=false;slotOn=true;inWindow=true;time_close=08-05 06:55
2026-08-05T06:54:00.000+01:00,DIAG-DEDUP;CHFJPY;s=1;wOpened=08-05 06:38;nd=1;bestStored=08-05 06:38;bestStoredSlot=0;newWins=true
2026-08-05T07:13:00.000+01:00,DIAG-CLOSE;GBPCHF;s=1;prev=7;c=8;firstObs=false;slotOn=true;inWindow=true;time_close=08-05 07:14
2026-08-05T07:13:00.000+01:00,DIAG-DEDUP;GBPCHF;s=1;wOpened=08-05 06:15;nd=1;bestStored=08-05 06:15;bestStoredSlot=0;newWins=true
2026-08-05T07:13:00.000+01:00,DIAG-CLOSE;GBPCHF;s=2;prev=4;c=5;firstObs=false;slotOn=true;inWindow=true;time_close=08-05 07:14
2026-08-05T07:13:00.000+01:00,DIAG-DEDUP;GBPCHF;s=2;wOpened=08-05 07:12;nd=1;bestStored=08-05 06:15;bestStoredSlot=1;newWins=false
2026-08-05T07:13:00.000+01:00,DIAG-CLOSE;GBPCHF;s=5;prev=3;c=4;firstObs=false;slotOn=true;inWindow=true;time_close=08-05 07:14
2026-08-05T07:13:00.000+01:00,DIAG-DEDUP;GBPCHF;s=5;wOpened=08-05 07:12;nd=1;bestStored=08-05 06:15;bestStoredSlot=1;newWins=false
2026-08-05T07:20:00.000+01:00,DIAG-CLOSE;USDJPY;s=0;prev=10;c=11;firstObs=false;slotOn=true;inWindow=true;time_close=08-05 07:21
2026-08-05T07:20:00.000+01:00,DIAG-DEDUP;USDJPY;s=0;wOpened=08-05 07:19;nd=0;bestStored=none;bestStoredSlot=-1;newWins=true
2026-08-05T07:20:00.000+01:00,DIAG-CLOSE;USDJPY;s=1;prev=11;c=12;firstObs=false;slotOn=true;inWindow=true;time_close=08-05 07:21
2026-08-05T07:20:00.000+01:00,DIAG-DEDUP;USDJPY;s=1;wOpened=08-05 07:19;nd=1;bestStored=08-05 07:19;bestStoredSlot=0;newWins=true
2026-08-05T07:23:00.000+01:00,DIAG-CLOSE;USDCHF;s=0;prev=15;c=16;firstObs=false;slotOn=true;inWindow=true;time_close=08-05 07:24
2026-08-05T07:23:00.000+01:00,DIAG-DEDUP;USDCHF;s=0;wOpened=08-05 07:19;nd=0;bestStored=none;bestStoredSlot=-1;newWins=true
2026-08-05T07:23:00.000+01:00,DIAG-CLOSE;USDCHF;s=1;prev=15;c=16;firstObs=false;slotOn=true;inWindow=true;time_close=08-05 07:24
2026-08-05T07:23:00.000+01:00,DIAG-DEDUP;USDCHF;s=1;wOpened=08-05 06:49;nd=1;bestStored=08-05 07:19;bestStoredSlot=0;newWins=true
2026-08-05T07:23:00.000+01:00,DIAG-CLOSE;USDCHF;s=2;prev=6;c=7;firstObs=false;slotOn=true;inWindow=true;time_close=08-05 07:24
2026-08-05T07:23:00.000+01:00,DIAG-DEDUP;USDCHF;s=2;wOpened=08-05 07:19;nd=1;bestStored=08-05 06:49;bestStoredSlot=1;newWins=false
2026-08-05T07:23:00.000+01:00,DIAG-CLOSE;USDCHF;s=3;prev=5;c=6;firstObs=false;slotOn=true;inWindow=true;time_close=08-05 07:24
2026-08-05T07:23:00.000+01:00,DIAG-DEDUP;USDCHF;s=3;wOpened=08-05 07:20;nd=1;bestStored=08-05 06:49;bestStoredSlot=1;newWins=false
2026-08-05T07:23:00.000+01:00,DIAG-CLOSE;USDCHF;s=4;prev=3;c=4;firstObs=false;slotOn=true;inWindow=true;time_close=08-05 07:24
2026-08-05T07:23:00.000+01:00,DIAG-DEDUP;USDCHF;s=4;wOpened=08-05 07:20;nd=1;bestStored=08-05 06:49;bestStoredSlot=1;newWins=false
2026-08-05T07:24:00.000+01:00,DIAG-CLOSE;EURJPY;s=0;prev=11;c=12;firstObs=false;slotOn=true;inWindow=true;time_close=08-05 07:25
2026-08-05T07:24:00.000+01:00,DIAG-DEDUP;EURJPY;s=0;wOpened=08-05 06:38;nd=0;bestStored=none;bestStoredSlot=-1;newWins=true
2026-08-05T07:24:00.000+01:00,DIAG-CLOSE;EURJPY;s=1;prev=11;c=12;firstObs=false;slotOn=true;inWindow=true;time_close=08-05 07:25
2026-08-05T07:24:00.000+01:00,DIAG-DEDUP;EURJPY;s=1;wOpened=08-05 06:38;nd=1;bestStored=08-05 06:38;bestStoredSlot=0;newWins=true
2026-08-05T07:24:00.000+01:00,DIAG-CLOSE;EURJPY;s=2;prev=7;c=8;firstObs=false;slotOn=true;inWindow=true;time_close=08-05 07:25
2026-08-05T07:24:00.000+01:00,DIAG-DEDUP;EURJPY;s=2;wOpened=08-05 06:47;nd=1;bestStored=08-05 06:38;bestStoredSlot=1;newWins=false
2026-08-05T07:24:00.000+01:00,DIAG-CLOSE;EURJPY;s=5;prev=4;c=5;firstObs=false;slotOn=true;inWindow=true;time_close=08-05 07:25
2026-08-05T07:24:00.000+01:00,DIAG-DEDUP;EURJPY;s=5;wOpened=08-05 06:47;nd=1;bestStored=08-05 06:38;bestStoredSlot=1;newWins=false
2026-08-05T07:25:00.000+01:00,DIAG-CLOSE;USDCAD;s=1;prev=11;c=12;firstObs=false;slotOn=true;inWindow=true;time_close=08-05 07:26
2026-08-05T07:25:00.000+01:00,DIAG-DEDUP;USDCAD;s=1;wOpened=08-05 06:56;nd=0;bestStored=none;bestStoredSlot=-1;newWins=true
2026-08-05T07:36:00.000+01:00,DIAG-CLOSE;GBPJPY;s=0;prev=12;c=13;firstObs=false;slotOn=true;inWindow=true;time_close=08-05 07:37
2026-08-05T07:36:00.000+01:00,DIAG-DEDUP;GBPJPY;s=0;wOpened=08-05 06:37;nd=0;bestStored=none;bestStoredSlot=-1;newWins=true
2026-08-05T07:36:00.000+01:00,DIAG-CLOSE;GBPJPY;s=1;prev=12;c=13;firstObs=false;slotOn=true;inWindow=true;time_close=08-05 07:37
2026-08-05T07:36:00.000+01:00,DIAG-DEDUP;GBPJPY;s=1;wOpened=08-05 06:37;nd=1;bestStored=08-05 06:37;bestStoredSlot=0;newWins=true
2026-08-05T07:36:00.000+01:00,DIAG-CLOSE;GBPJPY;s=2;prev=6;c=7;firstObs=false;slotOn=true;inWindow=true;time_close=08-05 07:37
2026-08-05T07:36:00.000+01:00,DIAG-DEDUP;GBPJPY;s=2;wOpened=08-05 06:47;nd=1;bestStored=08-05 06:37;bestStoredSlot=1;newWins=false
2026-08-05T07:36:00.000+01:00,DIAG-CLOSE;GBPJPY;s=3;prev=6;c=7;firstObs=false;slotOn=true;inWindow=true;time_close=08-05 07:37
2026-08-05T07:36:00.000+01:00,DIAG-DEDUP;GBPJPY;s=3;wOpened=08-05 06:47;nd=1;bestStored=08-05 06:37;bestStoredSlot=1;newWins=false
2026-08-05T07:36:00.000+01:00,DIAG-CLOSE;GBPJPY;s=4;prev=5;c=6;firstObs=false;slotOn=true;inWindow=true;time_close=08-05 07:37
2026-08-05T07:36:00.000+01:00,DIAG-DEDUP;GBPJPY;s=4;wOpened=08-05 07:12;nd=1;bestStored=08-05 06:37;bestStoredSlot=1;newWins=false
2026-08-05T07:44:00.000+01:00,DIAG-CLOSE;EURUSD;s=0;prev=16;c=17;firstObs=false;slotOn=true;inWindow=true;time_close=08-05 07:45
2026-08-05T07:44:00.000+01:00,DIAG-DEDUP;EURUSD;s=0;wOpened=08-05 06:10;nd=0;bestStored=none;bestStoredSlot=-1;newWins=true
2026-08-05T07:44:00.000+01:00,DIAG-CLOSE;EURUSD;s=1;prev=17;c=18;firstObs=false;slotOn=true;inWindow=true;time_close=08-05 07:45
2026-08-05T07:44:00.000+01:00,DIAG-DEDUP;EURUSD;s=1;wOpened=08-05 06:10;nd=1;bestStored=08-05 06:10;bestStoredSlot=0;newWins=true
2026-08-05T07:44:00.000+01:00,DIAG-CLOSE;EURUSD;s=2;prev=9;c=10;firstObs=false;slotOn=true;inWindow=true;time_close=08-05 07:45
2026-08-05T07:44:00.000+01:00,DIAG-DEDUP;EURUSD;s=2;wOpened=08-05 06:48;nd=1;bestStored=08-05 06:10;bestStoredSlot=1;newWins=false
2026-08-05T07:44:00.000+01:00,DIAG-CLOSE;EURUSD;s=3;prev=9;c=10;firstObs=false;slotOn=true;inWindow=true;time_close=08-05 07:45
2026-08-05T07:44:00.000+01:00,DIAG-DEDUP;EURUSD;s=3;wOpened=08-05 06:16;nd=1;bestStored=08-05 06:10;bestStoredSlot=1;newWins=false
2026-08-05T07:44:00.000+01:00,DIAG-CLOSE;EURUSD;s=4;prev=5;c=6;firstObs=false;slotOn=true;inWindow=true;time_close=08-05 07:45
2026-08-05T07:44:00.000+01:00,DIAG-DEDUP;EURUSD;s=4;wOpened=08-05 07:19;nd=1;bestStored=08-05 06:10;bestStoredSlot=1;newWins=false
2026-08-05T07:44:00.000+01:00,DIAG-CLOSE;EURUSD;s=7;prev=1;c=2;firstObs=false;slotOn=true;inWindow=true;time_close=08-05 07:45
2026-08-05T07:44:00.000+01:00,DIAG-DEDUP;EURUSD;s=7;wOpened=08-05 07:19;nd=1;bestStored=08-05 06:10;bestStoredSlot=1;newWins=false
2026-08-05T07:47:00.000+01:00,DIAG-CLOSE;USDCHF;s=0;prev=16;c=17;firstObs=false;slotOn=true;inWindow=true;time_close=08-05 07:48
2026-08-05T07:47:00.000+01:00,DIAG-DEDUP;USDCHF;s=0;wOpened=08-05 07:46;nd=0;bestStored=none;bestStoredSlot=-1;newWins=true
2026-08-05T07:47:00.000+01:00,DIAG-CLOSE;USDCHF;s=1;prev=16;c=17;firstObs=false;slotOn=true;inWindow=true;time_close=08-05 07:48
2026-08-05T07:47:00.000+01:00,DIAG-DEDUP;USDCHF;s=1;wOpened=08-05 07:46;nd=1;bestStored=08-05 07:46;bestStoredSlot=0;newWins=true
2026-08-05T08:10:00.000+01:00,DIAG-CLOSE;GBPUSD;s=6;prev=3;c=4;firstObs=false;slotOn=true;inWindow=true;time_close=08-05 08:11
2026-08-05T08:10:00.000+01:00,DIAG-DEDUP;GBPUSD;s=6;wOpened=08-05 07:53;nd=0;bestStored=none;bestStoredSlot=-1;newWins=true
2026-08-05T08:23:00.000+01:00,DIAG-CLOSE;CHFJPY;s=0;prev=11;c=12;firstObs=false;slotOn=true;inWindow=true;time_close=08-05 08:24
2026-08-05T08:23:00.000+01:00,DIAG-DEDUP;CHFJPY;s=0;wOpened=08-05 08:18;nd=0;bestStored=none;bestStoredSlot=-1;newWins=true
2026-08-05T08:23:00.000+01:00,DIAG-CLOSE;CHFJPY;s=1;prev=12;c=13;firstObs=false;slotOn=true;inWindow=true;time_close=08-05 08:24
2026-08-05T08:23:00.000+01:00,DIAG-DEDUP;CHFJPY;s=1;wOpened=08-05 08:18;nd=1;bestStored=08-05 08:18;bestStoredSlot=0;newWins=true
2026-08-05T09:23:00.000+01:00,DIAG-CLOSE;CHFJPY;s=0;prev=12;c=13;firstObs=false;slotOn=true;inWindow=true;time_close=08-05 09:24
2026-08-05T09:23:00.000+01:00,DIAG-DEDUP;CHFJPY;s=0;wOpened=08-05 09:00;nd=0;bestStored=none;bestStoredSlot=-1;newWins=true
2026-08-05T09:23:00.000+01:00,DIAG-CLOSE;CHFJPY;s=1;prev=13;c=14;firstObs=false;slotOn=true;inWindow=true;time_close=08-05 09:24
2026-08-05T09:23:00.000+01:00,DIAG-DEDUP;CHFJPY;s=1;wOpened=08-05 09:00;nd=1;bestStored=08-05 09:00;bestStoredSlot=0;newWins=true
2026-08-05T09:26:00.000+01:00,DIAG-CLOSE;GBPCAD;s=0;prev=14;c=15;firstObs=false;slotOn=true;inWindow=true;time_close=08-05 09:27
2026-08-05T09:26:00.000+01:00,DIAG-DEDUP;GBPCAD;s=0;wOpened=08-05 09:04;nd=0;bestStored=none;bestStoredSlot=-1;newWins=true
2026-08-05T09:26:00.000+01:00,DIAG-CLOSE;GBPCAD;s=1;prev=15;c=16;firstObs=false;slotOn=true;inWindow=true;time_close=08-05 09:27
2026-08-05T09:26:00.000+01:00,DIAG-DEDUP;GBPCAD;s=1;wOpened=08-05 09:04;nd=1;bestStored=08-05 09:04;bestStoredSlot=0;newWins=true
2026-08-05T09:26:00.000+01:00,DIAG-CLOSE;GBPCAD;s=2;prev=7;c=8;firstObs=false;slotOn=true;inWindow=true;time_close=08-05 09:27
2026-08-05T09:26:00.000+01:00,DIAG-DEDUP;GBPCAD;s=2;wOpened=08-05 09:23;nd=1;bestStored=08-05 09:04;bestStoredSlot=1;newWins=false
2026-08-05T09:26:00.000+01:00,DIAG-CLOSE;GBPCAD;s=3;prev=5;c=6;firstObs=false;slotOn=true;inWindow=true;time_close=08-05 09:27
2026-08-05T09:26:00.000+01:00,DIAG-DEDUP;GBPCAD;s=3;wOpened=08-05 09:23;nd=1;bestStored=08-05 09:04;bestStoredSlot=1;newWins=false
2026-08-05T09:26:00.000+01:00,DIAG-CLOSE;GBPCAD;s=4;prev=3;c=4;firstObs=false;slotOn=true;inWindow=true;time_close=08-05 09:27
2026-08-05T09:26:00.000+01:00,DIAG-DEDUP;GBPCAD;s=4;wOpened=08-05 09:25;nd=1;bestStored=08-05 09:04;bestStoredSlot=1;newWins=false
2026-08-05T09:50:00.000+01:00,DIAG-CLOSE;AUDUSD;s=0;prev=7;c=8;firstObs=false;slotOn=true;inWindow=true;time_close=08-05 09:51
2026-08-05T09:50:00.000+01:00,DIAG-DEDUP;AUDUSD;s=0;wOpened=08-05 09:44;nd=0;bestStored=none;bestStoredSlot=-1;newWins=true
2026-08-05T09:50:00.000+01:00,DIAG-CLOSE;AUDUSD;s=1;prev=8;c=9;firstObs=false;slotOn=true;inWindow=true;time_close=08-05 09:51
2026-08-05T09:50:00.000+01:00,DIAG-DEDUP;AUDUSD;s=1;wOpened=08-05 09:44;nd=1;bestStored=08-05 09:44;bestStoredSlot=0;newWins=true
2026-08-05T09:54:00.000+01:00,DIAG-CLOSE;AUDCAD;s=0;prev=14;c=15;firstObs=false;slotOn=true;inWindow=true;time_close=08-05 09:55
2026-08-05T09:54:00.000+01:00,DIAG-DEDUP;AUDCAD;s=0;wOpened=08-05 09:48;nd=0;bestStored=none;bestStoredSlot=-1;newWins=true
2026-08-05T09:54:00.000+01:00,DIAG-CLOSE;AUDCAD;s=1;prev=13;c=14;firstObs=false;slotOn=true;inWindow=true;time_close=08-05 09:55
2026-08-05T09:54:00.000+01:00,DIAG-DEDUP;AUDCAD;s=1;wOpened=08-05 09:48;nd=1;bestStored=08-05 09:48;bestStoredSlot=0;newWins=true
2026-08-05T10:26:00.000+01:00,DIAG-CLOSE;USDJPY;s=0;prev=11;c=12;firstObs=false;slotOn=true;inWindow=true;time_close=08-05 10:27
2026-08-05T10:26:00.000+01:00,DIAG-DEDUP;USDJPY;s=0;wOpened=08-05 10:25;nd=0;bestStored=none;bestStoredSlot=-1;newWins=true
2026-08-05T10:26:00.000+01:00,DIAG-CLOSE;USDJPY;s=1;prev=12;c=13;firstObs=false;slotOn=true;inWindow=true;time_close=08-05 10:27
2026-08-05T10:26:00.000+01:00,DIAG-DEDUP;USDJPY;s=1;wOpened=08-05 10:25;nd=1;bestStored=08-05 10:25;bestStoredSlot=0;newWins=true
2026-08-05T10:41:00.000+01:00,DIAG-CLOSE;GBPUSD;s=0;prev=9;c=10;firstObs=false;slotOn=true;inWindow=true;time_close=08-05 10:42
2026-08-05T10:41:00.000+01:00,DIAG-DEDUP;GBPUSD;s=0;wOpened=08-05 10:40;nd=0;bestStored=none;bestStoredSlot=-1;newWins=true
2026-08-05T10:41:00.000+01:00,DIAG-CLOSE;GBPUSD;s=1;prev=8;c=9;firstObs=false;slotOn=true;inWindow=true;time_close=08-05 10:42
2026-08-05T10:41:00.000+01:00,DIAG-DEDUP;GBPUSD;s=1;wOpened=08-05 10:40;nd=1;bestStored=08-05 10:40;bestStoredSlot=0;newWins=true
2026-08-05T11:02:00.000+01:00,DIAG-CLOSE;EURGBP;s=0;prev=17;c=18;firstObs=false;slotOn=true;inWindow=true;time_close=08-05 11:03
2026-08-05T11:02:00.000+01:00,DIAG-DEDUP;EURGBP;s=0;wOpened=08-05 09:15;nd=0;bestStored=none;bestStoredSlot=-1;newWins=true
2026-08-05T11:02:00.000+01:00,DIAG-CLOSE;EURGBP;s=1;prev=15;c=16;firstObs=false;slotOn=true;inWindow=true;time_close=08-05 11:03
2026-08-05T11:02:00.000+01:00,DIAG-DEDUP;EURGBP;s=1;wOpened=08-05 09:15;nd=1;bestStored=08-05 09:15;bestStoredSlot=0;newWins=true
2026-08-05T11:02:00.000+01:00,DIAG-CLOSE;EURGBP;s=2;prev=8;c=9;firstObs=false;slotOn=true;inWindow=true;time_close=08-05 11:03
2026-08-05T11:02:00.000+01:00,DIAG-DEDUP;EURGBP;s=2;wOpened=08-05 09:57;nd=1;bestStored=08-05 09:15;bestStoredSlot=1;newWins=false
2026-08-05T11:02:00.000+01:00,DIAG-CLOSE;EURGBP;s=3;prev=7;c=8;firstObs=false;slotOn=true;inWindow=true;time_close=08-05 11:03
2026-08-05T11:02:00.000+01:00,DIAG-DEDUP;EURGBP;s=3;wOpened=08-05 09:57;nd=1;bestStored=08-05 09:15;bestStoredSlot=1;newWins=false
2026-08-05T11:02:00.000+01:00,DIAG-CLOSE;EURGBP;s=4;prev=5;c=6;firstObs=false;slotOn=true;inWindow=true;time_close=08-05 11:03
2026-08-05T11:02:00.000+01:00,DIAG-DEDUP;EURGBP;s=4;wOpened=08-05 10:21;nd=1;bestStored=08-05 09:15;bestStoredSlot=1;newWins=false
2026-08-05T11:02:00.000+01:00,DIAG-CLOSE;EURGBP;s=7;prev=4;c=5;firstObs=false;slotOn=true;inWindow=true;time_close=08-05 11:03
2026-08-05T11:02:00.000+01:00,DIAG-DEDUP;EURGBP;s=7;wOpened=08-05 10:21;nd=1;bestStored=08-05 09:15;bestStoredSlot=1;newWins=false
2026-08-05T11:02:00.000+01:00,DIAG-CLOSE;GBPAUD;s=0;prev=9;c=10;firstObs=false;slotOn=true;inWindow=true;time_close=08-05 11:03
2026-08-05T11:02:00.000+01:00,DIAG-DEDUP;GBPAUD;s=0;wOpened=08-05 10:50;nd=0;bestStored=none;bestStoredSlot=-1;newWins=true
2026-08-05T11:02:00.000+01:00,DIAG-CLOSE;GBPAUD;s=1;prev=10;c=11;firstObs=false;slotOn=true;inWindow=true;time_close=08-05 11:03
2026-08-05T11:02:00.000+01:00,DIAG-DEDUP;GBPAUD;s=1;wOpened=08-05 10:50;nd=1;bestStored=08-05 10:50;bestStoredSlot=0;newWins=true
2026-08-05T11:02:00.000+01:00,DIAG-CLOSE;GBPAUD;s=5;prev=5;c=6;firstObs=false;slotOn=true;inWindow=true;time_close=08-05 11:03
2026-08-05T11:02:00.000+01:00,DIAG-DEDUP;GBPAUD;s=5;wOpened=08-05 10:50;nd=1;bestStored=08-05 10:50;bestStoredSlot=1;newWins=true
2026-08-05T11:27:00.000+01:00,DIAG-CLOSE;EURAUD;s=0;prev=7;c=8;firstObs=false;slotOn=true;inWindow=true;time_close=08-05 11:28
2026-08-05T11:27:00.000+01:00,DIAG-DEDUP;EURAUD;s=0;wOpened=08-05 11:26;nd=0;bestStored=none;bestStoredSlot=-1;newWins=true
2026-08-05T11:27:00.000+01:00,DIAG-CLOSE;EURAUD;s=1;prev=6;c=7;firstObs=false;slotOn=true;inWindow=true;time_close=08-05 11:28
2026-08-05T11:27:00.000+01:00,DIAG-DEDUP;EURAUD;s=1;wOpened=08-05 11:26;nd=1;bestStored=08-05 11:26;bestStoredSlot=0;newWins=true
2026-08-05T11:28:00.000+01:00,DIAG-CLOSE;CHFJPY;s=0;prev=13;c=14;firstObs=false;slotOn=true;inWindow=true;time_close=08-05 11:29
2026-08-05T11:28:00.000+01:00,DIAG-DEDUP;CHFJPY;s=0;wOpened=08-05 09:58;nd=0;bestStored=none;bestStoredSlot=-1;newWins=true
2026-08-05T11:28:00.000+01:00,DIAG-CLOSE;CHFJPY;s=1;prev=14;c=15;firstObs=false;slotOn=true;inWindow=true;time_close=08-05 11:29
2026-08-05T11:28:00.000+01:00,DIAG-DEDUP;CHFJPY;s=1;wOpened=08-05 10:41;nd=1;bestStored=08-05 09:58;bestStoredSlot=0;newWins=false
2026-08-05T11:28:00.000+01:00,DIAG-CLOSE;CHFJPY;s=2;prev=6;c=7;firstObs=false;slotOn=true;inWindow=true;time_close=08-05 11:29
2026-08-05T11:28:00.000+01:00,DIAG-DEDUP;CHFJPY;s=2;wOpened=08-05 10:48;nd=1;bestStored=08-05 09:58;bestStoredSlot=0;newWins=false
2026-08-05T11:28:00.000+01:00,DIAG-CLOSE;CHFJPY;s=3;prev=4;c=5;firstObs=false;slotOn=true;inWindow=true;time_close=08-05 11:29
2026-08-05T11:28:00.000+01:00,DIAG-DEDUP;CHFJPY;s=3;wOpened=08-05 10:37;nd=1;bestStored=08-05 09:58;bestStoredSlot=0;newWins=false
2026-08-05T11:28:00.000+01:00,DIAG-CLOSE;CHFJPY;s=4;prev=2;c=3;firstObs=false;slotOn=true;inWindow=true;time_close=08-05 11:29
2026-08-05T11:28:00.000+01:00,DIAG-DEDUP;CHFJPY;s=4;wOpened=08-05 11:04;nd=1;bestStored=08-05 09:58;bestStoredSlot=0;newWins=false
2026-08-05T11:28:00.000+01:00,DIAG-CLOSE;CHFJPY;s=5;prev=3;c=4;firstObs=false;slotOn=true;inWindow=true;time_close=08-05 11:29
2026-08-05T11:28:00.000+01:00,DIAG-DEDUP;CHFJPY;s=5;wOpened=08-05 11:04;nd=1;bestStored=08-05 09:58;bestStoredSlot=0;newWins=false
2026-08-05T11:28:00.000+01:00,DIAG-CLOSE;CHFJPY;s=7;prev=2;c=3;firstObs=false;slotOn=true;inWindow=true;time_close=08-05 11:29
2026-08-05T11:28:00.000+01:00,DIAG-DEDUP;CHFJPY;s=7;wOpened=08-05 10:48;nd=1;bestStored=08-05 09:58;bestStoredSlot=0;newWins=false
2026-08-05T11:31:00.000+01:00,DIAG-CLOSE;USDCHF;s=0;prev=17;c=18;firstObs=false;slotOn=true;inWindow=true;time_close=08-05 11:32
2026-08-05T11:31:00.000+01:00,DIAG-DEDUP;USDCHF;s=0;wOpened=08-05 11:30;nd=0;bestStored=none;bestStoredSlot=-1;newWins=true
2026-08-05T11:31:00.000+01:00,DIAG-CLOSE;USDCHF;s=1;prev=17;c=18;firstObs=false;slotOn=true;inWindow=true;time_close=08-05 11:32
2026-08-05T11:31:00.000+01:00,DIAG-DEDUP;USDCHF;s=1;wOpened=08-05 11:30;nd=1;bestStored=08-05 11:30;bestStoredSlot=0;newWins=true
2026-08-05T12:14:00.000+01:00,DIAG-CLOSE;EURCHF;s=0;prev=14;c=15;firstObs=false;slotOn=true;inWindow=true;time_close=08-05 12:15
2026-08-05T12:14:00.000+01:00,DIAG-DEDUP;EURCHF;s=0;wOpened=08-05 12:11;nd=0;bestStored=none;bestStoredSlot=-1;newWins=true
2026-08-05T12:14:00.000+01:00,DIAG-CLOSE;EURCHF;s=1;prev=14;c=15;firstObs=false;slotOn=true;inWindow=true;time_close=08-05 12:15
2026-08-05T12:14:00.000+01:00,DIAG-DEDUP;EURCHF;s=1;wOpened=08-05 12:11;nd=1;bestStored=08-05 12:11;bestStoredSlot=0;newWins=true
2026-08-05T12:21:00.000+01:00,DIAG-CLOSE;EURJPY;s=0;prev=12;c=13;firstObs=false;slotOn=true;inWindow=true;time_close=08-05 12:22
2026-08-05T12:21:00.000+01:00,DIAG-DEDUP;EURJPY;s=0;wOpened=08-05 11:29;nd=0;bestStored=none;bestStoredSlot=-1;newWins=true
2026-08-05T12:21:00.000+01:00,DIAG-CLOSE;EURJPY;s=1;prev=12;c=13;firstObs=false;slotOn=true;inWindow=true;time_close=08-05 12:22
2026-08-05T12:21:00.000+01:00,DIAG-DEDUP;EURJPY;s=1;wOpened=08-05 11:29;nd=1;bestStored=08-05 11:29;bestStoredSlot=0;newWins=true
2026-08-05T12:21:00.000+01:00,DIAG-CLOSE;EURJPY;s=2;prev=8;c=9;firstObs=false;slotOn=true;inWindow=true;time_close=08-05 12:22
2026-08-05T12:21:00.000+01:00,DIAG-DEDUP;EURJPY;s=2;wOpened=08-05 11:55;nd=1;bestStored=08-05 11:29;bestStoredSlot=1;newWins=false
2026-08-05T12:21:00.000+01:00,DIAG-CLOSE;EURJPY;s=3;prev=7;c=8;firstObs=false;slotOn=true;inWindow=true;time_close=08-05 12:22
2026-08-05T12:21:00.000+01:00,DIAG-DEDUP;EURJPY;s=3;wOpened=08-05 11:55;nd=1;bestStored=08-05 11:29;bestStoredSlot=1;newWins=false
2026-08-05T12:21:00.000+01:00,DIAG-CLOSE;EURJPY;s=7;prev=3;c=4;firstObs=false;slotOn=true;inWindow=true;time_close=08-05 12:22
2026-08-05T12:21:00.000+01:00,DIAG-DEDUP;EURJPY;s=7;wOpened=08-05 11:55;nd=1;bestStored=08-05 11:29;bestStoredSlot=1;newWins=false
2026-08-05T12:51:00.000+01:00,DIAG-CLOSE;EURCAD;s=0;prev=6;c=7;firstObs=false;slotOn=true;inWindow=true;time_close=08-05 12:52
2026-08-05T12:51:00.000+01:00,DIAG-DEDUP;EURCAD;s=0;wOpened=08-05 12:40;nd=0;bestStored=none;bestStoredSlot=-1;newWins=true
2026-08-05T12:51:00.000+01:00,DIAG-CLOSE;EURCAD;s=1;prev=7;c=8;firstObs=false;slotOn=true;inWindow=true;time_close=08-05 12:52
2026-08-05T12:51:00.000+01:00,DIAG-DEDUP;EURCAD;s=1;wOpened=08-05 12:40;nd=1;bestStored=08-05 12:40;bestStoredSlot=0;newWins=true
2026-08-05T13:11:00.000+01:00,DIAG-CLOSE;EURAUD;s=0;prev=8;c=9;firstObs=false;slotOn=true;inWindow=true;time_close=08-05 13:12
2026-08-05T13:11:00.000+01:00,DIAG-DEDUP;EURAUD;s=0;wOpened=08-05 12:54;nd=0;bestStored=none;bestStoredSlot=-1;newWins=true
2026-08-05T13:11:00.000+01:00,DIAG-CLOSE;EURAUD;s=1;prev=7;c=8;firstObs=false;slotOn=true;inWindow=true;time_close=08-05 13:12
2026-08-05T13:11:00.000+01:00,DIAG-DEDUP;EURAUD;s=1;wOpened=08-05 12:54;nd=1;bestStored=08-05 12:54;bestStoredSlot=0;newWins=true
2026-08-05T13:11:00.000+01:00,DIAG-CLOSE;EURAUD;s=2;prev=3;c=4;firstObs=false;slotOn=true;inWindow=true;time_close=08-05 13:12
2026-08-05T13:11:00.000+01:00,DIAG-DEDUP;EURAUD;s=2;wOpened=08-05 13:03;nd=1;bestStored=08-05 12:54;bestStoredSlot=1;newWins=false
2026-08-05T13:11:00.000+01:00,DIAG-CLOSE;EURAUD;s=3;prev=4;c=5;firstObs=false;slotOn=true;inWindow=true;time_close=08-05 13:12
2026-08-05T13:11:00.000+01:00,DIAG-DEDUP;EURAUD;s=3;wOpened=08-05 13:03;nd=1;bestStored=08-05 12:54;bestStoredSlot=1;newWins=false
2026-08-05T13:11:00.000+01:00,DIAG-CLOSE;EURAUD;s=4;prev=3;c=4;firstObs=false;slotOn=true;inWindow=true;time_close=08-05 13:12
2026-08-05T13:11:00.000+01:00,DIAG-DEDUP;EURAUD;s=4;wOpened=08-05 13:04;nd=1;bestStored=08-05 12:54;bestStoredSlot=1;newWins=false
2026-08-05T13:16:00.000+01:00,DIAG-CLOSE;USDCHF;s=0;prev=18;c=19;firstObs=false;slotOn=true;inWindow=true;time_close=08-05 13:17
2026-08-05T13:16:00.000+01:00,DIAG-DEDUP;USDCHF;s=0;wOpened=08-05 13:15;nd=0;bestStored=none;bestStoredSlot=-1;newWins=true
2026-08-05T13:16:00.000+01:00,DIAG-CLOSE;USDCHF;s=1;prev=18;c=19;firstObs=false;slotOn=true;inWindow=true;time_close=08-05 13:17
2026-08-05T13:16:00.000+01:00,DIAG-DEDUP;USDCHF;s=1;wOpened=08-05 13:15;nd=1;bestStored=08-05 13:15;bestStoredSlot=0;newWins=true
2026-08-05T13:23:00.000+01:00,DIAG-CLOSE;EURJPY;s=6;prev=3;c=4;firstObs=false;slotOn=true;inWindow=true;time_close=08-05 13:24
2026-08-05T13:23:00.000+01:00,DIAG-DEDUP;EURJPY;s=6;wOpened=08-05 12:50;nd=0;bestStored=none;bestStoredSlot=-1;newWins=true
2026-08-05T13:23:00.000+01:00,DIAG-CLOSE;CADJPY;s=0;prev=9;c=10;firstObs=false;slotOn=true;inWindow=true;time_close=08-05 13:24
2026-08-05T13:23:00.000+01:00,DIAG-DEDUP;CADJPY;s=0;wOpened=08-05 13:22;nd=0;bestStored=none;bestStoredSlot=-1;newWins=true
2026-08-05T13:23:00.000+01:00,DIAG-CLOSE;CADJPY;s=1;prev=7;c=8;firstObs=false;slotOn=true;inWindow=true;time_close=08-05 13:24
2026-08-05T13:23:00.000+01:00,DIAG-DEDUP;CADJPY;s=1;wOpened=08-05 13:22;nd=1;bestStored=08-05 13:22;bestStoredSlot=0;newWins=true
2026-08-05T13:23:00.000+01:00,DIAG-CLOSE;CADJPY;s=2;prev=5;c=6;firstObs=false;slotOn=true;inWindow=true;time_close=08-05 13:24
2026-08-05T13:23:00.000+01:00,DIAG-DEDUP;CADJPY;s=2;wOpened=08-05 13:22;nd=1;bestStored=08-05 13:22;bestStoredSlot=1;newWins=true
2026-08-05T13:24:00.000+01:00,DIAG-CLOSE;GBPUSD;s=0;prev=10;c=11;firstObs=false;slotOn=true;inWindow=true;time_close=08-05 13:25
2026-08-05T13:24:00.000+01:00,DIAG-DEDUP;GBPUSD;s=0;wOpened=08-05 12:43;nd=0;bestStored=none;bestStoredSlot=-1;newWins=true
2026-08-05T13:24:00.000+01:00,DIAG-CLOSE;GBPUSD;s=1;prev=9;c=10;firstObs=false;slotOn=true;inWindow=true;time_close=08-05 13:25
2026-08-05T13:24:00.000+01:00,DIAG-DEDUP;GBPUSD;s=1;wOpened=08-05 12:43;nd=1;bestStored=08-05 12:43;bestStoredSlot=0;newWins=true
2026-08-05T13:24:00.000+01:00,DIAG-CLOSE;GBPUSD;s=2;prev=7;c=8;firstObs=false;slotOn=true;inWindow=true;time_close=08-05 13:25
2026-08-05T13:24:00.000+01:00,DIAG-DEDUP;GBPUSD;s=2;wOpened=08-05 13:14;nd=1;bestStored=08-05 12:43;bestStoredSlot=1;newWins=false
2026-08-05T13:24:00.000+01:00,DIAG-CLOSE;GBPUSD;s=3;prev=8;c=9;firstObs=false;slotOn=true;inWindow=true;time_close=08-05 13:25
2026-08-05T13:24:00.000+01:00,DIAG-DEDUP;GBPUSD;s=3;wOpened=08-05 13:14;nd=1;bestStored=08-05 12:43;bestStoredSlot=1;newWins=false
2026-08-05T13:49:00.000+01:00,DIAG-CLOSE;USDCHF;s=6;prev=2;c=3;firstObs=false;slotOn=true;inWindow=true;time_close=08-05 13:50
2026-08-05T13:49:00.000+01:00,DIAG-DEDUP;USDCHF;s=6;wOpened=08-05 13:36;nd=0;bestStored=none;bestStoredSlot=-1;newWins=true
2026-08-05T13:51:00.000+01:00,DIAG-CLOSE;USDJPY;s=0;prev=12;c=13;firstObs=false;slotOn=true;inWindow=true;time_close=08-05 13:52
2026-08-05T13:51:00.000+01:00,DIAG-DEDUP;USDJPY;s=0;wOpened=08-05 13:48;nd=0;bestStored=none;bestStoredSlot=-1;newWins=true
2026-08-05T13:51:00.000+01:00,DIAG-CLOSE;USDJPY;s=1;prev=13;c=14;firstObs=false;slotOn=true;inWindow=true;time_close=08-05 13:52
2026-08-05T13:51:00.000+01:00,DIAG-DEDUP;USDJPY;s=1;wOpened=08-05 13:48;nd=1;bestStored=08-05 13:48;bestStoredSlot=0;newWins=true
2026-08-05T13:51:00.000+01:00,DIAG-CLOSE;USDJPY;s=2;prev=4;c=5;firstObs=false;slotOn=true;inWindow=true;time_close=08-05 13:52
2026-08-05T13:51:00.000+01:00,DIAG-DEDUP;USDJPY;s=2;wOpened=08-05 13:49;nd=1;bestStored=08-05 13:48;bestStoredSlot=1;newWins=false
2026-08-05T13:51:00.000+01:00,DIAG-CLOSE;USDJPY;s=3;prev=4;c=5;firstObs=false;slotOn=true;inWindow=true;time_close=08-05 13:52
2026-08-05T13:51:00.000+01:00,DIAG-DEDUP;USDJPY;s=3;wOpened=08-05 13:49;nd=1;bestStored=08-05 13:48;bestStoredSlot=1;newWins=false
2026-08-05T13:51:00.000+01:00,DIAG-CLOSE;USDJPY;s=5;prev=3;c=4;firstObs=false;slotOn=true;inWindow=true;time_close=08-05 13:52
2026-08-05T13:51:00.000+01:00,DIAG-DEDUP;USDJPY;s=5;wOpened=08-05 13:49;nd=1;bestStored=08-05 13:48;bestStoredSlot=1;newWins=false
2026-08-05T13:51:00.000+01:00,DIAG-CLOSE;USDJPY;s=6;prev=1;c=2;firstObs=false;slotOn=true;inWindow=true;time_close=08-05 13:52
2026-08-05T13:51:00.000+01:00,DIAG-DEDUP;USDJPY;s=6;wOpened=08-05 13:49;nd=1;bestStored=08-05 13:48;bestStoredSlot=1;newWins=false
2026-08-05T14:01:00.000+01:00,DIAG-CLOSE;USDCHF;s=0;prev=19;c=20;firstObs=false;slotOn=true;inWindow=true;time_close=08-05 14:02
2026-08-05T14:01:00.000+01:00,DIAG-DEDUP;USDCHF;s=0;wOpened=08-05 13:48;nd=1;bestStored=08-05 13:36;bestStoredSlot=6;newWins=false
2026-08-05T14:01:00.000+01:00,DIAG-CLOSE;USDCHF;s=1;prev=19;c=20;firstObs=false;slotOn=true;inWindow=true;time_close=08-05 14:02
2026-08-05T14:01:00.000+01:00,DIAG-DEDUP;USDCHF;s=1;wOpened=08-05 13:48;nd=1;bestStored=08-05 13:36;bestStoredSlot=6;newWins=false
2026-08-05T14:01:00.000+01:00,DIAG-CLOSE;AUDUSD;s=0;prev=8;c=9;firstObs=false;slotOn=true;inWindow=true;time_close=08-05 14:02
2026-08-05T14:01:00.000+01:00,DIAG-DEDUP;AUDUSD;s=0;wOpened=08-05 12:58;nd=0;bestStored=none;bestStoredSlot=-1;newWins=true
2026-08-05T14:01:00.000+01:00,DIAG-CLOSE;AUDUSD;s=1;prev=9;c=10;firstObs=false;slotOn=true;inWindow=true;time_close=08-05 14:02
2026-08-05T14:01:00.000+01:00,DIAG-DEDUP;AUDUSD;s=1;wOpened=08-05 12:58;nd=1;bestStored=08-05 12:58;bestStoredSlot=0;newWins=true
2026-08-05T14:01:00.000+01:00,DIAG-CLOSE;AUDUSD;s=2;prev=6;c=7;firstObs=false;slotOn=true;inWindow=true;time_close=08-05 14:02
2026-08-05T14:01:00.000+01:00,DIAG-DEDUP;AUDUSD;s=2;wOpened=08-05 13:09;nd=1;bestStored=08-05 12:58;bestStoredSlot=1;newWins=false
2026-08-05T14:01:00.000+01:00,DIAG-CLOSE;AUDUSD;s=3;prev=5;c=6;firstObs=false;slotOn=true;inWindow=true;time_close=08-05 14:02
2026-08-05T14:01:00.000+01:00,DIAG-DEDUP;AUDUSD;s=3;wOpened=08-05 13:09;nd=1;bestStored=08-05 12:58;bestStoredSlot=1;newWins=false
2026-08-05T14:01:00.000+01:00,DIAG-CLOSE;AUDUSD;s=4;prev=2;c=3;firstObs=false;slotOn=true;inWindow=true;time_close=08-05 14:02
2026-08-05T14:01:00.000+01:00,DIAG-DEDUP;AUDUSD;s=4;wOpened=08-05 13:10;nd=1;bestStored=08-05 12:58;bestStoredSlot=1;newWins=false
2026-08-05T14:01:00.000+01:00,DIAG-CLOSE;AUDUSD;s=5;prev=4;c=5;firstObs=false;slotOn=true;inWindow=true;time_close=08-05 14:02
2026-08-05T14:01:00.000+01:00,DIAG-DEDUP;AUDUSD;s=5;wOpened=08-05 13:33;nd=1;bestStored=08-05 12:58;bestStoredSlot=1;newWins=false
2026-08-05T14:01:00.000+01:00,DIAG-CLOSE;AUDUSD;s=7;prev=0;c=1;firstObs=false;slotOn=true;inWindow=true;time_close=08-05 14:02
2026-08-05T14:01:00.000+01:00,DIAG-DEDUP;AUDUSD;s=7;wOpened=08-05 13:24;nd=1;bestStored=08-05 12:58;bestStoredSlot=1;newWins=false
2026-08-05T14:07:00.000+01:00,DIAG-CLOSE;CADCHF;s=0;prev=9;c=10;firstObs=false;slotOn=true;inWindow=true;time_close=08-05 14:08
2026-08-05T14:07:00.000+01:00,DIAG-DEDUP;CADCHF;s=0;wOpened=08-05 13:37;nd=0;bestStored=none;bestStoredSlot=-1;newWins=true
2026-08-05T14:07:00.000+01:00,DIAG-CLOSE;CADCHF;s=1;prev=9;c=10;firstObs=false;slotOn=true;inWindow=true;time_close=08-05 14:08
2026-08-05T14:07:00.000+01:00,DIAG-DEDUP;CADCHF;s=1;wOpened=08-05 13:37;nd=1;bestStored=08-05 13:37;bestStoredSlot=0;newWins=true
2026-08-05T14:07:00.000+01:00,DIAG-CLOSE;CADCHF;s=2;prev=5;c=6;firstObs=false;slotOn=true;inWindow=true;time_close=08-05 14:08
2026-08-05T14:07:00.000+01:00,DIAG-DEDUP;CADCHF;s=2;wOpened=08-05 13:40;nd=1;bestStored=08-05 13:37;bestStoredSlot=1;newWins=false
2026-08-05T14:07:00.000+01:00,DIAG-CLOSE;CADCHF;s=3;prev=5;c=6;firstObs=false;slotOn=true;inWindow=true;time_close=08-05 14:08
2026-08-05T14:07:00.000+01:00,DIAG-DEDUP;CADCHF;s=3;wOpened=08-05 13:40;nd=1;bestStored=08-05 13:37;bestStoredSlot=1;newWins=false
2026-08-05T14:07:00.000+01:00,DIAG-CLOSE;CADCHF;s=5;prev=2;c=3;firstObs=false;slotOn=true;inWindow=true;time_close=08-05 14:08
2026-08-05T14:07:00.000+01:00,DIAG-DEDUP;CADCHF;s=5;wOpened=08-05 13:41;nd=1;bestStored=08-05 13:37;bestStoredSlot=1;newWins=false
2026-08-05T14:12:00.000+01:00,DIAG-CLOSE;USDJPY;s=0;prev=13;c=14;firstObs=false;slotOn=true;inWindow=true;time_close=08-05 14:13
2026-08-05T14:12:00.000+01:00,DIAG-DEDUP;USDJPY;s=0;wOpened=08-05 14:01;nd=0;bestStored=none;bestStoredSlot=-1;newWins=true
2026-08-05T14:12:00.000+01:00,DIAG-CLOSE;USDJPY;s=1;prev=14;c=15;firstObs=false;slotOn=true;inWindow=true;time_close=08-05 14:13
2026-08-05T14:12:00.000+01:00,DIAG-DEDUP;USDJPY;s=1;wOpened=08-05 14:01;nd=1;bestStored=08-05 14:01;bestStoredSlot=0;newWins=true
2026-08-05T14:12:00.000+01:00,DIAG-CLOSE;USDJPY;s=2;prev=5;c=6;firstObs=false;slotOn=true;inWindow=true;time_close=08-05 14:13
2026-08-05T14:12:00.000+01:00,DIAG-DEDUP;USDJPY;s=2;wOpened=08-05 14:11;nd=1;bestStored=08-05 14:01;bestStoredSlot=1;newWins=false
2026-08-05T14:12:00.000+01:00,DIAG-CLOSE;USDJPY;s=3;prev=5;c=6;firstObs=false;slotOn=true;inWindow=true;time_close=08-05 14:13
2026-08-05T14:12:00.000+01:00,DIAG-DEDUP;USDJPY;s=3;wOpened=08-05 14:11;nd=1;bestStored=08-05 14:01;bestStoredSlot=1;newWins=false
2026-08-05T14:12:00.000+01:00,DIAG-CLOSE;USDJPY;s=7;prev=0;c=1;firstObs=false;slotOn=true;inWindow=true;time_close=08-05 14:13
2026-08-05T14:12:00.000+01:00,DIAG-DEDUP;USDJPY;s=7;wOpened=08-05 14:01;nd=1;bestStored=08-05 14:01;bestStoredSlot=1;newWins=true
2026-08-05T14:17:00.000+01:00,DIAG-CLOSE;CADCHF;s=7;prev=1;c=2;firstObs=false;slotOn=true;inWindow=true;time_close=08-05 14:18
2026-08-05T14:17:00.000+01:00,DIAG-DEDUP;CADCHF;s=7;wOpened=08-05 14:10;nd=0;bestStored=none;bestStoredSlot=-1;newWins=true
2026-08-05T14:28:00.000+01:00,DIAG-CLOSE;EURUSD;s=0;prev=17;c=18;firstObs=false;slotOn=true;inWindow=true;time_close=08-05 14:29
2026-08-05T14:28:00.000+01:00,DIAG-DEDUP;EURUSD;s=0;wOpened=08-05 14:20;nd=0;bestStored=none;bestStoredSlot=-1;newWins=true
2026-08-05T14:41:00.000+01:00,DIAG-CLOSE;GBPJPY;s=0;prev=13;c=14;firstObs=false;slotOn=true;inWindow=true;time_close=08-05 14:42
2026-08-05T14:41:00.000+01:00,DIAG-DEDUP;GBPJPY;s=0;wOpened=08-05 14:29;nd=0;bestStored=none;bestStoredSlot=-1;newWins=true
2026-08-05T14:41:00.000+01:00,DIAG-CLOSE;GBPJPY;s=1;prev=13;c=14;firstObs=false;slotOn=true;inWindow=true;time_close=08-05 14:42
2026-08-05T14:41:00.000+01:00,DIAG-DEDUP;GBPJPY;s=1;wOpened=08-05 14:29;nd=1;bestStored=08-05 14:29;bestStoredSlot=0;newWins=true
2026-08-05T14:41:00.000+01:00,DIAG-CLOSE;GBPJPY;s=2;prev=7;c=8;firstObs=false;slotOn=true;inWindow=true;time_close=08-05 14:42
2026-08-05T14:41:00.000+01:00,DIAG-DEDUP;GBPJPY;s=2;wOpened=08-05 14:38;nd=1;bestStored=08-05 14:29;bestStoredSlot=1;newWins=false
2026-08-05T14:41:00.000+01:00,DIAG-CLOSE;GBPJPY;s=3;prev=7;c=8;firstObs=false;slotOn=true;inWindow=true;time_close=08-05 14:42
2026-08-05T14:41:00.000+01:00,DIAG-DEDUP;GBPJPY;s=3;wOpened=08-05 14:38;nd=1;bestStored=08-05 14:29;bestStoredSlot=1;newWins=false
2026-08-05T14:41:00.000+01:00,DIAG-CLOSE;GBPJPY;s=7;prev=1;c=2;firstObs=false;slotOn=true;inWindow=true;time_close=08-05 14:42
2026-08-05T14:41:00.000+01:00,DIAG-DEDUP;GBPJPY;s=7;wOpened=08-05 14:38;nd=1;bestStored=08-05 14:29;bestStoredSlot=1;newWins=false
2026-08-05T14:50:00.000+01:00,DIAG-CLOSE;GBPCAD;s=0;prev=15;c=16;firstObs=false;slotOn=true;inWindow=true;time_close=08-05 14:51
2026-08-05T14:50:00.000+01:00,DIAG-DEDUP;GBPCAD;s=0;wOpened=08-05 14:39;nd=0;bestStored=none;bestStoredSlot=-1;newWins=true
2026-08-05T14:50:00.000+01:00,DIAG-CLOSE;GBPCAD;s=1;prev=16;c=17;firstObs=false;slotOn=true;inWindow=true;time_close=08-05 14:51
2026-08-05T14:50:00.000+01:00,DIAG-DEDUP;GBPCAD;s=1;wOpened=08-05 14:39;nd=1;bestStored=08-05 14:39;bestStoredSlot=0;newWins=true
2026-08-05T14:52:00.000+01:00,DIAG-CLOSE;AUDJPY;s=1;prev=12;c=13;firstObs=false;slotOn=true;inWindow=true;time_close=08-05 14:53
2026-08-05T14:52:00.000+01:00,DIAG-DEDUP;AUDJPY;s=1;wOpened=08-05 14:39;nd=0;bestStored=none;bestStoredSlot=-1;newWins=true
2026-08-05T14:52:00.000+01:00,DIAG-CLOSE;AUDJPY;s=2;prev=8;c=9;firstObs=false;slotOn=true;inWindow=true;time_close=08-05 14:53
2026-08-05T14:52:00.000+01:00,DIAG-DEDUP;AUDJPY;s=2;wOpened=08-05 14:40;nd=1;bestStored=08-05 14:39;bestStoredSlot=1;newWins=false
2026-08-05T14:52:00.000+01:00,DIAG-CLOSE;AUDJPY;s=5;prev=4;c=5;firstObs=false;slotOn=true;inWindow=true;time_close=08-05 14:53
2026-08-05T14:52:00.000+01:00,DIAG-DEDUP;AUDJPY;s=5;wOpened=08-05 14:40;nd=1;bestStored=08-05 14:39;bestStoredSlot=1;newWins=false
2026-08-05T14:58:00.000+01:00,DIAG-CLOSE;AUDUSD;s=6;prev=1;c=2;firstObs=false;slotOn=true;inWindow=true;time_close=08-05 14:59
2026-08-05T14:58:00.000+01:00,DIAG-DEDUP;AUDUSD;s=6;wOpened=08-05 13:34;nd=1;bestStored=08-05 12:58;bestStoredSlot=1;newWins=false
2026-08-05T15:09:00.000+01:00,DIAG-CLOSE;USDCHF;s=0;prev=20;c=21;firstObs=false;slotOn=true;inWindow=true;time_close=08-05 15:10
2026-08-05T15:09:00.000+01:00,DIAG-DEDUP;USDCHF;s=0;wOpened=08-05 15:02;nd=0;bestStored=none;bestStoredSlot=-1;newWins=true
2026-08-05T15:09:00.000+01:00,DIAG-CLOSE;USDCHF;s=1;prev=20;c=21;firstObs=false;slotOn=true;inWindow=true;time_close=08-05 15:10
2026-08-05T15:09:00.000+01:00,DIAG-DEDUP;USDCHF;s=1;wOpened=08-05 15:02;nd=1;bestStored=08-05 15:02;bestStoredSlot=0;newWins=true
2026-08-05T15:10:00.000+01:00,DIAG-CLOSE;GBPUSD;s=0;prev=11;c=12;firstObs=false;slotOn=true;inWindow=true;time_close=08-05 15:11
2026-08-05T15:10:00.000+01:00,DIAG-DEDUP;GBPUSD;s=0;wOpened=08-05 15:09;nd=0;bestStored=none;bestStoredSlot=-1;newWins=true
2026-08-05T15:10:00.000+01:00,DIAG-CLOSE;GBPUSD;s=1;prev=10;c=11;firstObs=false;slotOn=true;inWindow=true;time_close=08-05 15:11
2026-08-05T15:10:00.000+01:00,DIAG-DEDUP;GBPUSD;s=1;wOpened=08-05 15:09;nd=1;bestStored=08-05 15:09;bestStoredSlot=0;newWins=true
2026-08-05T15:18:00.000+01:00,DIAG-CLOSE;EURAUD;s=0;prev=9;c=10;firstObs=false;slotOn=true;inWindow=true;time_close=08-05 15:19
2026-08-05T15:18:00.000+01:00,DIAG-DEDUP;EURAUD;s=0;wOpened=08-05 15:12;nd=0;bestStored=none;bestStoredSlot=-1;newWins=true
2026-08-05T15:18:00.000+01:00,DIAG-CLOSE;EURAUD;s=1;prev=8;c=9;firstObs=false;slotOn=true;inWindow=true;time_close=08-05 15:19
2026-08-05T15:18:00.000+01:00,DIAG-DEDUP;EURAUD;s=1;wOpened=08-05 15:12;nd=1;bestStored=08-05 15:12;bestStoredSlot=0;newWins=true
2026-08-05T15:18:00.000+01:00,DIAG-CLOSE;EURAUD;s=3;prev=5;c=6;firstObs=false;slotOn=true;inWindow=true;time_close=08-05 15:19
2026-08-05T15:18:00.000+01:00,DIAG-DEDUP;EURAUD;s=3;wOpened=08-05 15:17;nd=1;bestStored=08-05 15:12;bestStoredSlot=1;newWins=false
2026-08-05T15:19:00.000+01:00,DIAG-CLOSE;AUDCHF;s=0;prev=11;c=12;firstObs=false;slotOn=true;inWindow=true;time_close=08-05 15:20
2026-08-05T15:19:00.000+01:00,DIAG-DEDUP;AUDCHF;s=0;wOpened=08-05 15:14;nd=0;bestStored=none;bestStoredSlot=-1;newWins=true
2026-08-05T15:19:00.000+01:00,DIAG-CLOSE;AUDCHF;s=1;prev=13;c=14;firstObs=false;slotOn=true;inWindow=true;time_close=08-05 15:20
2026-08-05T15:19:00.000+01:00,DIAG-DEDUP;AUDCHF;s=1;wOpened=08-05 15:14;nd=1;bestStored=08-05 15:14;bestStoredSlot=0;newWins=true
2026-08-05T15:29:00.000+01:00,DIAG-CLOSE;EURGBP;s=0;prev=18;c=19;firstObs=false;slotOn=true;inWindow=true;time_close=08-05 15:30
2026-08-05T15:29:00.000+01:00,DIAG-DEDUP;EURGBP;s=0;wOpened=08-05 15:06;nd=0;bestStored=none;bestStoredSlot=-1;newWins=true
2026-08-05T15:29:00.000+01:00,DIAG-CLOSE;EURGBP;s=1;prev=16;c=17;firstObs=false;slotOn=true;inWindow=true;time_close=08-05 15:30
2026-08-05T15:29:00.000+01:00,DIAG-DEDUP;EURGBP;s=1;wOpened=08-05 15:06;nd=1;bestStored=08-05 15:06;bestStoredSlot=0;newWins=true
2026-08-05T15:29:00.000+01:00,DIAG-CLOSE;EURGBP;s=2;prev=9;c=10;firstObs=false;slotOn=true;inWindow=true;time_close=08-05 15:30
2026-08-05T15:29:00.000+01:00,DIAG-DEDUP;EURGBP;s=2;wOpened=08-05 15:11;nd=1;bestStored=08-05 15:06;bestStoredSlot=1;newWins=false
2026-08-05T15:29:00.000+01:00,DIAG-CLOSE;EURGBP;s=3;prev=8;c=9;firstObs=false;slotOn=true;inWindow=true;time_close=08-05 15:30
2026-08-05T15:29:00.000+01:00,DIAG-DEDUP;EURGBP;s=3;wOpened=08-05 15:11;nd=1;bestStored=08-05 15:06;bestStoredSlot=1;newWins=false
2026-08-05T15:33:00.000+01:00,DIAG-CLOSE;EURAUD;s=2;prev=4;c=5;firstObs=false;slotOn=true;inWindow=true;time_close=08-05 15:34
2026-08-05T15:33:00.000+01:00,DIAG-DEDUP;EURAUD;s=2;wOpened=08-05 15:32;nd=0;bestStored=none;bestStoredSlot=-1;newWins=true
2026-08-05T15:33:00.000+01:00,DIAG-CLOSE;EURAUD;s=7;prev=0;c=1;firstObs=false;slotOn=true;inWindow=true;time_close=08-05 15:34
2026-08-05T15:33:00.000+01:00,DIAG-DEDUP;EURAUD;s=7;wOpened=08-05 15:32;nd=1;bestStored=08-05 15:32;bestStoredSlot=2;newWins=true
2026-08-05T15:39:00.000+01:00,DIAG-CLOSE;CADCHF;s=0;prev=10;c=11;firstObs=false;slotOn=true;inWindow=true;time_close=08-05 15:40
2026-08-05T15:39:00.000+01:00,DIAG-DEDUP;CADCHF;s=0;wOpened=08-05 15:12;nd=0;bestStored=none;bestStoredSlot=-1;newWins=true
2026-08-05T15:39:00.000+01:00,DIAG-CLOSE;CADCHF;s=1;prev=10;c=11;firstObs=false;slotOn=true;inWindow=true;time_close=08-05 15:40
2026-08-05T15:39:00.000+01:00,DIAG-DEDUP;CADCHF;s=1;wOpened=08-05 15:12;nd=1;bestStored=08-05 15:12;bestStoredSlot=0;newWins=true
2026-08-05T15:39:00.000+01:00,DIAG-CLOSE;CADCHF;s=2;prev=6;c=7;firstObs=false;slotOn=true;inWindow=true;time_close=08-05 15:40
2026-08-05T15:39:00.000+01:00,DIAG-DEDUP;CADCHF;s=2;wOpened=08-05 15:13;nd=1;bestStored=08-05 15:12;bestStoredSlot=1;newWins=false
2026-08-05T15:39:00.000+01:00,DIAG-CLOSE;CADCHF;s=3;prev=6;c=7;firstObs=false;slotOn=true;inWindow=true;time_close=08-05 15:40
2026-08-05T15:39:00.000+01:00,DIAG-DEDUP;CADCHF;s=3;wOpened=08-05 15:13;nd=1;bestStored=08-05 15:12;bestStoredSlot=1;newWins=false
2026-08-05T15:39:00.000+01:00,DIAG-CLOSE;CADCHF;s=4;prev=1;c=2;firstObs=false;slotOn=true;inWindow=true;time_close=08-05 15:40
2026-08-05T15:39:00.000+01:00,DIAG-DEDUP;CADCHF;s=4;wOpened=08-05 15:17;nd=1;bestStored=08-05 15:12;bestStoredSlot=1;newWins=false
2026-08-05T15:49:00.000+01:00,DIAG-CLOSE;AUDJPY;s=0;prev=11;c=12;firstObs=false;slotOn=true;inWindow=true;time_close=08-05 15:50
2026-08-05T15:49:00.000+01:00,DIAG-DEDUP;AUDJPY;s=0;wOpened=08-05 14:39;nd=1;bestStored=08-05 14:39;bestStoredSlot=1;newWins=false
2026-08-05T15:49:00.000+01:00,DIAG-CLOSE;AUDJPY;s=1;prev=13;c=14;firstObs=false;slotOn=true;inWindow=true;time_close=08-05 15:50
2026-08-05T15:49:00.000+01:00,DIAG-DEDUP;AUDJPY;s=1;wOpened=08-05 15:40;nd=0;bestStored=none;bestStoredSlot=-1;newWins=true
2026-08-05T15:49:00.000+01:00,DIAG-CLOSE;AUDJPY;s=3;prev=7;c=8;firstObs=false;slotOn=true;inWindow=true;time_close=08-05 15:50
2026-08-05T15:49:00.000+01:00,DIAG-DEDUP;AUDJPY;s=3;wOpened=08-05 14:40;nd=2;bestStored=08-05 14:39;bestStoredSlot=1;newWins=false
2026-08-05T15:49:00.000+01:00,DIAG-CLOSE;AUDJPY;s=7;prev=0;c=1;firstObs=false;slotOn=true;inWindow=true;time_close=08-05 15:50
2026-08-05T15:49:00.000+01:00,DIAG-DEDUP;AUDJPY;s=7;wOpened=08-05 14:58;nd=0;bestStored=none;bestStoredSlot=-1;newWins=true
2026-08-05T15:59:00.000+01:00,DIAG-CLOSE;GBPAUD;s=0;prev=10;c=11;firstObs=false;slotOn=true;inWindow=true;time_close=08-05 16:00
2026-08-05T15:59:00.000+01:00,DIAG-DEDUP;GBPAUD;s=0;wOpened=08-05 15:39;nd=0;bestStored=none;bestStoredSlot=-1;newWins=true
2026-08-05T15:59:00.000+01:00,DIAG-CLOSE;GBPAUD;s=1;prev=11;c=12;firstObs=false;slotOn=true;inWindow=true;time_close=08-05 16:00
2026-08-05T15:59:00.000+01:00,DIAG-DEDUP;GBPAUD;s=1;wOpened=08-05 15:39;nd=1;bestStored=08-05 15:39;bestStoredSlot=0;newWins=true
2026-08-05T15:59:00.000+01:00,DIAG-CLOSE;GBPAUD;s=2;prev=7;c=8;firstObs=false;slotOn=true;inWindow=true;time_close=08-05 16:00
2026-08-05T15:59:00.000+01:00,DIAG-DEDUP;GBPAUD;s=2;wOpened=08-05 15:47;nd=1;bestStored=08-05 15:39;bestStoredSlot=1;newWins=false
2026-08-05T15:59:00.000+01:00,DIAG-CLOSE;GBPAUD;s=3;prev=7;c=8;firstObs=false;slotOn=true;inWindow=true;time_close=08-05 16:00
2026-08-05T15:59:00.000+01:00,DIAG-DEDUP;GBPAUD;s=3;wOpened=08-05 15:47;nd=1;bestStored=08-05 15:39;bestStoredSlot=1;newWins=false
2026-08-05T15:59:00.000+01:00,DIAG-CLOSE;GBPAUD;s=4;prev=4;c=5;firstObs=false;slotOn=true;inWindow=true;time_close=08-05 16:00
2026-08-05T15:59:00.000+01:00,DIAG-DEDUP;GBPAUD;s=4;wOpened=08-05 15:48;nd=1;bestStored=08-05 15:39;bestStoredSlot=1;newWins=false
2026-08-05T15:59:00.000+01:00,DIAG-CLOSE;GBPAUD;s=5;prev=6;c=7;firstObs=false;slotOn=true;inWindow=true;time_close=08-05 16:00
2026-08-05T15:59:00.000+01:00,DIAG-DEDUP;GBPAUD;s=5;wOpened=08-05 15:48;nd=1;bestStored=08-05 15:39;bestStoredSlot=1;newWins=false
2026-08-05T15:59:00.000+01:00,DIAG-CLOSE;GBPAUD;s=6;prev=1;c=2;firstObs=false;slotOn=true;inWindow=true;time_close=08-05 16:00
2026-08-05T15:59:00.000+01:00,DIAG-DEDUP;GBPAUD;s=6;wOpened=08-05 15:58;nd=1;bestStored=08-05 15:39;bestStoredSlot=1;newWins=false
2026-08-05T15:59:00.000+01:00,DIAG-CLOSE;GBPAUD;s=7;prev=1;c=2;firstObs=false;slotOn=true;inWindow=true;time_close=08-05 16:00
2026-08-05T15:59:00.000+01:00,DIAG-DEDUP;GBPAUD;s=7;wOpened=08-05 15:58;nd=1;bestStored=08-05 15:39;bestStoredSlot=1;newWins=false
2026-08-05T16:29:00.000+01:00,DIAG-CLOSE;EURCHF;s=0;prev=15;c=16;firstObs=false;slotOn=true;inWindow=true;time_close=08-05 16:30
2026-08-05T16:29:00.000+01:00,DIAG-DEDUP;EURCHF;s=0;wOpened=08-05 16:28;nd=0;bestStored=none;bestStoredSlot=-1;newWins=true
2026-08-05T16:29:00.000+01:00,DIAG-CLOSE;EURCHF;s=1;prev=15;c=16;firstObs=false;slotOn=true;inWindow=true;time_close=08-05 16:30
2026-08-05T16:29:00.000+01:00,DIAG-DEDUP;EURCHF;s=1;wOpened=08-05 16:28;nd=1;bestStored=08-05 16:28;bestStoredSlot=0;newWins=true
2026-08-05T16:41:00.000+01:00,DIAG-CLOSE;EURJPY;s=0;prev=13;c=14;firstObs=false;slotOn=true;inWindow=true;time_close=08-05 16:42
2026-08-05T16:41:00.000+01:00,DIAG-DEDUP;EURJPY;s=0;wOpened=08-05 16:17;nd=0;bestStored=none;bestStoredSlot=-1;newWins=true
2026-08-05T16:41:00.000+01:00,DIAG-CLOSE;EURJPY;s=1;prev=13;c=14;firstObs=false;slotOn=true;inWindow=true;time_close=08-05 16:42
2026-08-05T16:41:00.000+01:00,DIAG-DEDUP;EURJPY;s=1;wOpened=08-05 16:17;nd=1;bestStored=08-05 16:17;bestStoredSlot=0;newWins=true
2026-08-05T16:57:00.000+01:00,DIAG-CLOSE;CADCHF;s=2;prev=7;c=8;firstObs=false;slotOn=true;inWindow=true;time_close=08-05 16:58
2026-08-05T16:57:00.000+01:00,DIAG-DEDUP;CADCHF;s=2;wOpened=08-05 16:54;nd=0;bestStored=none;bestStoredSlot=-1;newWins=true
2026-08-05T17:18:00.000+01:00,DIAG-CLOSE;AUDJPY;s=0;prev=12;c=13;firstObs=false;slotOn=true;inWindow=true;time_close=08-05 17:19
2026-08-05T17:18:00.000+01:00,DIAG-DEDUP;AUDJPY;s=0;wOpened=08-05 16:58;nd=0;bestStored=none;bestStoredSlot=-1;newWins=true
2026-08-05T17:18:00.000+01:00,DIAG-CLOSE;AUDJPY;s=1;prev=14;c=15;firstObs=false;slotOn=true;inWindow=true;time_close=08-05 17:19
2026-08-05T17:18:00.000+01:00,DIAG-DEDUP;AUDJPY;s=1;wOpened=08-05 16:58;nd=1;bestStored=08-05 16:58;bestStoredSlot=0;newWins=true
2026-08-05T17:43:00.000+01:00,DIAG-CLOSE;GBPUSD;s=0;prev=12;c=13;firstObs=false;slotOn=true;inWindow=true;time_close=08-05 17:44
2026-08-05T17:43:00.000+01:00,DIAG-DEDUP;GBPUSD;s=0;wOpened=08-05 17:01;nd=0;bestStored=none;bestStoredSlot=-1;newWins=true
2026-08-05T17:47:00.000+01:00,DIAG-CLOSE;CADCHF;s=0;prev=11;c=12;firstObs=false;slotOn=true;inWindow=true;time_close=08-05 17:48
2026-08-05T17:47:00.000+01:00,DIAG-DEDUP;CADCHF;s=0;wOpened=08-05 16:51;nd=1;bestStored=08-05 16:54;bestStoredSlot=2;newWins=true
2026-08-05T17:47:00.000+01:00,DIAG-CLOSE;CADCHF;s=1;prev=11;c=12;firstObs=false;slotOn=true;inWindow=true;time_close=08-05 17:48
2026-08-05T17:47:00.000+01:00,DIAG-DEDUP;CADCHF;s=1;wOpened=08-05 16:51;nd=1;bestStored=08-05 16:51;bestStoredSlot=0;newWins=true
2026-08-05T17:47:00.000+01:00,DIAG-CLOSE;CADCHF;s=3;prev=7;c=8;firstObs=false;slotOn=true;inWindow=true;time_close=08-05 17:48
2026-08-05T17:47:00.000+01:00,DIAG-DEDUP;CADCHF;s=3;wOpened=08-05 16:54;nd=1;bestStored=08-05 16:51;bestStoredSlot=1;newWins=false
2026-08-05T17:47:00.000+01:00,DIAG-CLOSE;CADCHF;s=5;prev=3;c=4;firstObs=false;slotOn=true;inWindow=true;time_close=08-05 17:48
2026-08-05T17:47:00.000+01:00,DIAG-DEDUP;CADCHF;s=5;wOpened=08-05 16:55;nd=1;bestStored=08-05 16:51;bestStoredSlot=1;newWins=false
2026-08-05T17:47:00.000+01:00,DIAG-CLOSE;CADCHF;s=7;prev=2;c=3;firstObs=false;slotOn=true;inWindow=true;time_close=08-05 17:48
2026-08-05T17:47:00.000+01:00,DIAG-DEDUP;CADCHF;s=7;wOpened=08-05 17:46;nd=1;bestStored=08-05 16:51;bestStoredSlot=1;newWins=false
2026-08-05T17:54:00.000+01:00,DIAG-CLOSE;AUDCHF;s=6;prev=2;c=3;firstObs=false;slotOn=true;inWindow=true;time_close=08-05 17:55
2026-08-05T17:54:00.000+01:00,DIAG-DEDUP;AUDCHF;s=6;wOpened=08-05 17:53;nd=0;bestStored=none;bestStoredSlot=-1;newWins=true
2026-08-05T17:57:00.000+01:00,DIAG-CLOSE;EURJPY;s=0;prev=14;c=15;firstObs=false;slotOn=true;inWindow=true;time_close=08-05 17:58
2026-08-05T17:57:00.000+01:00,DIAG-DEDUP;EURJPY;s=0;wOpened=08-05 17:37;nd=0;bestStored=none;bestStoredSlot=-1;newWins=true
2026-08-05T17:57:00.000+01:00,DIAG-CLOSE;EURJPY;s=1;prev=14;c=15;firstObs=false;slotOn=true;inWindow=true;time_close=08-05 17:58
2026-08-05T17:57:00.000+01:00,DIAG-DEDUP;EURJPY;s=1;wOpened=08-05 17:37;nd=1;bestStored=08-05 17:37;bestStoredSlot=0;newWins=true
2026-08-05T18:08:00.000+01:00,DIAG-CLOSE;EURGBP;s=0;prev=19;c=20;firstObs=false;slotOn=true;inWindow=true;time_close=08-05 18:09
2026-08-05T18:08:00.000+01:00,DIAG-DEDUP;EURGBP;s=0;wOpened=08-05 18:04;nd=0;bestStored=none;bestStoredSlot=-1;newWins=true
2026-08-05T18:08:00.000+01:00,DIAG-CLOSE;EURGBP;s=1;prev=17;c=18;firstObs=false;slotOn=true;inWindow=true;time_close=08-05 18:09
2026-08-05T18:08:00.000+01:00,DIAG-DEDUP;EURGBP;s=1;wOpened=08-05 18:04;nd=1;bestStored=08-05 18:04;bestStoredSlot=0;newWins=true
2026-08-05T18:09:00.000+01:00,DIAG-CLOSE;EURCHF;s=0;prev=16;c=17;firstObs=false;slotOn=true;inWindow=true;time_close=08-05 18:10
2026-08-05T18:09:00.000+01:00,DIAG-DEDUP;EURCHF;s=0;wOpened=08-05 17:32;nd=0;bestStored=none;bestStoredSlot=-1;newWins=true
2026-08-05T18:09:00.000+01:00,DIAG-CLOSE;EURCHF;s=1;prev=16;c=17;firstObs=false;slotOn=true;inWindow=true;time_close=08-05 18:10
2026-08-05T18:09:00.000+01:00,DIAG-DEDUP;EURCHF;s=1;wOpened=08-05 17:32;nd=1;bestStored=08-05 17:32;bestStoredSlot=0;newWins=true
2026-08-05T18:09:00.000+01:00,DIAG-CLOSE;EURCHF;s=2;prev=8;c=9;firstObs=false;slotOn=true;inWindow=true;time_close=08-05 18:10
2026-08-05T18:09:00.000+01:00,DIAG-DEDUP;EURCHF;s=2;wOpened=08-05 18:05;nd=1;bestStored=08-05 17:32;bestStoredSlot=1;newWins=false
2026-08-05T18:09:00.000+01:00,DIAG-CLOSE;EURCHF;s=3;prev=9;c=10;firstObs=false;slotOn=true;inWindow=true;time_close=08-05 18:10
2026-08-05T18:09:00.000+01:00,DIAG-DEDUP;EURCHF;s=3;wOpened=08-05 18:05;nd=1;bestStored=08-05 17:32;bestStoredSlot=1;newWins=false
2026-08-05T18:25:00.000+01:00,DIAG-CLOSE;EURCHF;s=5;prev=4;c=5;firstObs=false;slotOn=true;inWindow=true;time_close=08-05 18:26
2026-08-05T18:25:00.000+01:00,DIAG-DEDUP;EURCHF;s=5;wOpened=08-05 18:24;nd=0;bestStored=none;bestStoredSlot=-1;newWins=true
2026-08-05T18:44:00.000+01:00,DIAG-CLOSE;EURUSD;s=0;prev=18;c=19;firstObs=false;slotOn=true;inWindow=true;time_close=08-05 18:45
2026-08-05T18:44:00.000+01:00,DIAG-DEDUP;EURUSD;s=0;wOpened=08-05 18:31;nd=0;bestStored=none;bestStoredSlot=-1;newWins=true
2026-08-05T18:44:00.000+01:00,DIAG-CLOSE;EURUSD;s=1;prev=18;c=19;firstObs=false;slotOn=true;inWindow=true;time_close=08-05 18:45
2026-08-05T18:44:00.000+01:00,DIAG-DEDUP;EURUSD;s=1;wOpened=08-05 18:31;nd=1;bestStored=08-05 18:31;bestStoredSlot=0;newWins=true
2026-08-05T18:44:00.000+01:00,DIAG-CLOSE;EURUSD;s=2;prev=10;c=11;firstObs=false;slotOn=true;inWindow=true;time_close=08-05 18:45
2026-08-05T18:44:00.000+01:00,DIAG-DEDUP;EURUSD;s=2;wOpened=08-05 18:37;nd=1;bestStored=08-05 18:31;bestStoredSlot=1;newWins=false
2026-08-05T18:44:00.000+01:00,DIAG-CLOSE;EURUSD;s=3;prev=10;c=11;firstObs=false;slotOn=true;inWindow=true;time_close=08-05 18:45
2026-08-05T18:44:00.000+01:00,DIAG-DEDUP;EURUSD;s=3;wOpened=08-05 18:37;nd=1;bestStored=08-05 18:31;bestStoredSlot=1;newWins=false
2026-08-05T18:56:00.000+01:00,DIAG-CLOSE;AUDCAD;s=0;prev=15;c=16;firstObs=false;slotOn=true;inWindow=true;time_close=08-05 18:57
2026-08-05T18:56:00.000+01:00,DIAG-DEDUP;AUDCAD;s=0;wOpened=08-05 18:49;nd=0;bestStored=none;bestStoredSlot=-1;newWins=true
2026-08-05T18:56:00.000+01:00,DIAG-CLOSE;AUDCAD;s=1;prev=14;c=15;firstObs=false;slotOn=true;inWindow=true;time_close=08-05 18:57
2026-08-05T18:56:00.000+01:00,DIAG-DEDUP;AUDCAD;s=1;wOpened=08-05 18:49;nd=1;bestStored=08-05 18:49;bestStoredSlot=0;newWins=true
2026-08-05T18:56:00.000+01:00,DIAG-CLOSE;AUDCAD;s=2;prev=7;c=8;firstObs=false;slotOn=true;inWindow=true;time_close=08-05 18:57
2026-08-05T18:56:00.000+01:00,DIAG-DEDUP;AUDCAD;s=2;wOpened=08-05 18:50;nd=1;bestStored=08-05 18:49;bestStoredSlot=1;newWins=false
2026-08-05T18:56:00.000+01:00,DIAG-CLOSE;AUDCAD;s=3;prev=7;c=8;firstObs=false;slotOn=true;inWindow=true;time_close=08-05 18:57
2026-08-05T18:56:00.000+01:00,DIAG-DEDUP;AUDCAD;s=3;wOpened=08-05 18:50;nd=1;bestStored=08-05 18:49;bestStoredSlot=1;newWins=false
2026-08-05T18:56:00.000+01:00,DIAG-CLOSE;AUDCAD;s=4;prev=3;c=4;firstObs=false;slotOn=true;inWindow=true;time_close=08-05 18:57
2026-08-05T18:56:00.000+01:00,DIAG-DEDUP;AUDCAD;s=4;wOpened=08-05 18:55;nd=1;bestStored=08-05 18:49;bestStoredSlot=1;newWins=false
2026-08-05T18:56:00.000+01:00,DIAG-CLOSE;AUDCAD;s=5;prev=3;c=4;firstObs=false;slotOn=true;inWindow=true;time_close=08-05 18:57
2026-08-05T18:56:00.000+01:00,DIAG-DEDUP;AUDCAD;s=5;wOpened=08-05 18:50;nd=1;bestStored=08-05 18:49;bestStoredSlot=1;newWins=false
2026-08-05T19:39:00.000+01:00,DIAG-CLOSE;EURUSD;s=0;prev=19;c=20;firstObs=false;slotOn=true;inWindow=true;time_close=08-05 19:40
2026-08-05T19:39:00.000+01:00,DIAG-DEDUP;EURUSD;s=0;wOpened=08-05 19:38;nd=0;bestStored=none;bestStoredSlot=-1;newWins=true
2026-08-05T19:39:00.000+01:00,DIAG-CLOSE;EURUSD;s=1;prev=19;c=20;firstObs=false;slotOn=true;inWindow=true;time_close=08-05 19:40
2026-08-05T19:39:00.000+01:00,DIAG-DEDUP;EURUSD;s=1;wOpened=08-05 19:38;nd=1;bestStored=08-05 19:38;bestStoredSlot=0;newWins=true
2026-08-05T19:43:00.000+01:00,DIAG-CLOSE;USDCAD;s=0;prev=9;c=10;firstObs=false;slotOn=true;inWindow=true;time_close=08-05 19:44
2026-08-05T19:43:00.000+01:00,DIAG-DEDUP;USDCAD;s=0;wOpened=08-05 19:39;nd=0;bestStored=none;bestStoredSlot=-1;newWins=true
2026-08-05T19:43:00.000+01:00,DIAG-CLOSE;USDCAD;s=1;prev=12;c=13;firstObs=false;slotOn=true;inWindow=true;time_close=08-05 19:44
2026-08-05T19:43:00.000+01:00,DIAG-DEDUP;USDCAD;s=1;wOpened=08-05 19:39;nd=1;bestStored=08-05 19:39;bestStoredSlot=0;newWins=true
2026-08-05T19:43:00.000+01:00,DIAG-CLOSE;USDCAD;s=2;prev=5;c=6;firstObs=false;slotOn=true;inWindow=true;time_close=08-05 19:44
2026-08-05T19:43:00.000+01:00,DIAG-DEDUP;USDCAD;s=2;wOpened=08-05 19:40;nd=1;bestStored=08-05 19:39;bestStoredSlot=1;newWins=false
2026-08-05T19:43:00.000+01:00,DIAG-CLOSE;USDCAD;s=3;prev=6;c=7;firstObs=false;slotOn=true;inWindow=true;time_close=08-05 19:44
2026-08-05T19:43:00.000+01:00,DIAG-DEDUP;USDCAD;s=3;wOpened=08-05 19:40;nd=1;bestStored=08-05 19:39;bestStoredSlot=1;newWins=false
2026-08-05T19:43:00.000+01:00,DIAG-CLOSE;USDCAD;s=5;prev=1;c=2;firstObs=false;slotOn=true;inWindow=true;time_close=08-05 19:44
2026-08-05T19:43:00.000+01:00,DIAG-DEDUP;USDCAD;s=5;wOpened=08-05 19:40;nd=1;bestStored=08-05 19:39;bestStoredSlot=1;newWins=false
2026-08-05T19:53:00.000+01:00,DIAG-CLOSE;EURCAD;s=5;prev=3;c=4;firstObs=false;slotOn=true;inWindow=true;time_close=08-05 19:54
2026-08-05T19:53:00.000+01:00,DIAG-DEDUP;EURCAD;s=5;wOpened=08-05 19:47;nd=0;bestStored=none;bestStoredSlot=-1;newWins=true
2026-08-05T20:05:00.000+01:00,DIAG-CLOSE;CADCHF;s=0;prev=12;c=13;firstObs=false;slotOn=true;inWindow=true;time_close=08-05 20:06
2026-08-05T20:05:00.000+01:00,DIAG-DEDUP;CADCHF;s=0;wOpened=08-05 19:22;nd=0;bestStored=none;bestStoredSlot=-1;newWins=true
2026-08-05T20:05:00.000+01:00,DIAG-CLOSE;CADCHF;s=1;prev=12;c=13;firstObs=false;slotOn=true;inWindow=true;time_close=08-05 20:06
2026-08-05T20:05:00.000+01:00,DIAG-DEDUP;CADCHF;s=1;wOpened=08-05 19:22;nd=1;bestStored=08-05 19:22;bestStoredSlot=0;newWins=true
2026-08-05T20:05:00.000+01:00,DIAG-CLOSE;CADCHF;s=2;prev=8;c=9;firstObs=false;slotOn=true;inWindow=true;time_close=08-05 20:06
2026-08-05T20:05:00.000+01:00,DIAG-DEDUP;CADCHF;s=2;wOpened=08-05 19:23;nd=1;bestStored=08-05 19:22;bestStoredSlot=1;newWins=false
2026-08-05T20:05:00.000+01:00,DIAG-CLOSE;CADCHF;s=3;prev=8;c=9;firstObs=false;slotOn=true;inWindow=true;time_close=08-05 20:06
2026-08-05T20:05:00.000+01:00,DIAG-DEDUP;CADCHF;s=3;wOpened=08-05 19:23;nd=1;bestStored=08-05 19:22;bestStoredSlot=1;newWins=false
2026-08-05T20:05:00.000+01:00,DIAG-CLOSE;CADCHF;s=4;prev=2;c=3;firstObs=false;slotOn=true;inWindow=true;time_close=08-05 20:06
2026-08-05T20:05:00.000+01:00,DIAG-DEDUP;CADCHF;s=4;wOpened=08-05 20:04;nd=1;bestStored=08-05 19:22;bestStoredSlot=1;newWins=false
2026-08-05T20:05:00.000+01:00,DIAG-CLOSE;AUDCHF;s=0;prev=12;c=13;firstObs=false;slotOn=true;inWindow=true;time_close=08-05 20:06
2026-08-05T20:05:00.000+01:00,DIAG-DEDUP;AUDCHF;s=0;wOpened=08-05 20:04;nd=0;bestStored=none;bestStoredSlot=-1;newWins=true
2026-08-05T20:05:00.000+01:00,DIAG-CLOSE;AUDCHF;s=1;prev=14;c=15;firstObs=false;slotOn=true;inWindow=true;time_close=08-05 20:06
2026-08-05T20:05:00.000+01:00,DIAG-DEDUP;AUDCHF;s=1;wOpened=08-05 20:04;nd=1;bestStored=08-05 20:04;bestStoredSlot=0;newWins=true
2026-08-05T20:08:00.000+01:00,DIAG-CLOSE;GBPJPY;s=0;prev=14;c=15;firstObs=false;slotOn=true;inWindow=true;time_close=08-05 20:09
2026-08-05T20:08:00.000+01:00,DIAG-DEDUP;GBPJPY;s=0;wOpened=08-05 19:44;nd=0;bestStored=none;bestStoredSlot=-1;newWins=true
2026-08-05T20:08:00.000+01:00,DIAG-CLOSE;GBPJPY;s=1;prev=14;c=15;firstObs=false;slotOn=true;inWindow=true;time_close=08-05 20:09
2026-08-05T20:08:00.000+01:00,DIAG-DEDUP;GBPJPY;s=1;wOpened=08-05 19:44;nd=1;bestStored=08-05 19:44;bestStoredSlot=0;newWins=true
2026-08-05T20:08:00.000+01:00,DIAG-CLOSE;GBPJPY;s=2;prev=8;c=9;firstObs=false;slotOn=true;inWindow=true;time_close=08-05 20:09
2026-08-05T20:08:00.000+01:00,DIAG-DEDUP;GBPJPY;s=2;wOpened=08-05 19:45;nd=1;bestStored=08-05 19:44;bestStoredSlot=1;newWins=false
2026-08-05T20:08:00.000+01:00,DIAG-CLOSE;GBPJPY;s=3;prev=8;c=9;firstObs=false;slotOn=true;inWindow=true;time_close=08-05 20:09
2026-08-05T20:08:00.000+01:00,DIAG-DEDUP;GBPJPY;s=3;wOpened=08-05 19:45;nd=1;bestStored=08-05 19:44;bestStoredSlot=1;newWins=false
2026-08-05T20:08:00.000+01:00,DIAG-CLOSE;GBPJPY;s=4;prev=6;c=7;firstObs=false;slotOn=true;inWindow=true;time_close=08-05 20:09
2026-08-05T20:08:00.000+01:00,DIAG-DEDUP;GBPJPY;s=4;wOpened=08-05 20:07;nd=1;bestStored=08-05 19:44;bestStoredSlot=1;newWins=false
2026-08-05T20:08:00.000+01:00,DIAG-CLOSE;GBPJPY;s=5;prev=4;c=5;firstObs=false;slotOn=true;inWindow=true;time_close=08-05 20:09
2026-08-05T20:08:00.000+01:00,DIAG-DEDUP;GBPJPY;s=5;wOpened=08-05 20:07;nd=1;bestStored=08-05 19:44;bestStoredSlot=1;newWins=false
2026-08-05T20:08:00.000+01:00,DIAG-CLOSE;GBPJPY;s=7;prev=2;c=3;firstObs=false;slotOn=true;inWindow=true;time_close=08-05 20:09
2026-08-05T20:08:00.000+01:00,DIAG-DEDUP;GBPJPY;s=7;wOpened=08-05 19:45;nd=1;bestStored=08-05 19:44;bestStoredSlot=1;newWins=false
2026-08-05T20:08:00.000+01:00,DIAG-CLOSE;GBPCHF;s=0;prev=8;c=9;firstObs=false;slotOn=true;inWindow=true;time_close=08-05 20:09
2026-08-05T20:08:00.000+01:00,DIAG-DEDUP;GBPCHF;s=0;wOpened=08-05 20:05;nd=0;bestStored=none;bestStoredSlot=-1;newWins=true
2026-08-05T20:08:00.000+01:00,DIAG-CLOSE;GBPCHF;s=1;prev=8;c=9;firstObs=false;slotOn=true;inWindow=true;time_close=08-05 20:09
2026-08-05T20:08:00.000+01:00,DIAG-DEDUP;GBPCHF;s=1;wOpened=08-05 20:05;nd=1;bestStored=08-05 20:05;bestStoredSlot=0;newWins=true
2026-08-05T20:15:00.000+01:00,DIAG-CLOSE;USDJPY;s=0;prev=14;c=15;firstObs=false;slotOn=true;inWindow=true;time_close=08-05 20:16
2026-08-05T20:15:00.000+01:00,DIAG-DEDUP;USDJPY;s=0;wOpened=08-05 19:19;nd=0;bestStored=none;bestStoredSlot=-1;newWins=true
2026-08-05T20:15:00.000+01:00,DIAG-CLOSE;USDJPY;s=1;prev=15;c=16;firstObs=false;slotOn=true;inWindow=true;time_close=08-05 20:16
2026-08-05T20:15:00.000+01:00,DIAG-DEDUP;USDJPY;s=1;wOpened=08-05 18:37;nd=1;bestStored=08-05 19:19;bestStoredSlot=0;newWins=true
2026-08-05T20:15:00.000+01:00,DIAG-CLOSE;USDJPY;s=2;prev=6;c=7;firstObs=false;slotOn=true;inWindow=true;time_close=08-05 20:16
2026-08-05T20:15:00.000+01:00,DIAG-DEDUP;USDJPY;s=2;wOpened=08-05 19:19;nd=1;bestStored=08-05 18:37;bestStoredSlot=1;newWins=false
2026-08-05T20:15:00.000+01:00,DIAG-CLOSE;USDJPY;s=3;prev=6;c=7;firstObs=false;slotOn=true;inWindow=true;time_close=08-05 20:16
2026-08-05T20:15:00.000+01:00,DIAG-DEDUP;USDJPY;s=3;wOpened=08-05 19:20;nd=1;bestStored=08-05 18:37;bestStoredSlot=1;newWins=false
2026-08-05T20:15:00.000+01:00,DIAG-CLOSE;USDJPY;s=4;prev=1;c=2;firstObs=false;slotOn=true;inWindow=true;time_close=08-05 20:16
2026-08-05T20:15:00.000+01:00,DIAG-DEDUP;USDJPY;s=4;wOpened=08-05 19:20;nd=1;bestStored=08-05 18:37;bestStoredSlot=1;newWins=false
2026-08-05T20:15:00.000+01:00,DIAG-CLOSE;USDJPY;s=5;prev=4;c=5;firstObs=false;slotOn=true;inWindow=true;time_close=08-05 20:16
2026-08-05T20:15:00.000+01:00,DIAG-DEDUP;USDJPY;s=5;wOpened=08-05 19:20;nd=1;bestStored=08-05 18:37;bestStoredSlot=1;newWins=false
2026-08-05T20:15:00.000+01:00,DIAG-CLOSE;USDJPY;s=7;prev=1;c=2;firstObs=false;slotOn=true;inWindow=true;time_close=08-05 20:16
2026-08-05T20:15:00.000+01:00,DIAG-DEDUP;USDJPY;s=7;wOpened=08-05 20:12;nd=1;bestStored=08-05 18:37;bestStoredSlot=1;newWins=false
2026-08-05T20:38:00.000+01:00,DIAG-CLOSE;USDJPY;s=6;prev=2;c=3;firstObs=false;slotOn=true;inWindow=true;time_close=08-05 20:39
2026-08-05T20:38:00.000+01:00,DIAG-DEDUP;USDJPY;s=6;wOpened=08-05 19:20;nd=1;bestStored=08-05 18:37;bestStoredSlot=1;newWins=false
2026-08-05T20:38:00.000+01:00,DIAG-CLOSE;CADJPY;s=0;prev=10;c=11;firstObs=false;slotOn=true;inWindow=true;time_close=08-05 20:39
2026-08-05T20:38:00.000+01:00,DIAG-DEDUP;CADJPY;s=0;wOpened=08-05 20:12;nd=0;bestStored=none;bestStoredSlot=-1;newWins=true
2026-08-05T20:38:00.000+01:00,DIAG-CLOSE;CADJPY;s=1;prev=8;c=9;firstObs=false;slotOn=true;inWindow=true;time_close=08-05 20:39
2026-08-05T20:38:00.000+01:00,DIAG-DEDUP;CADJPY;s=1;wOpened=08-05 20:12;nd=1;bestStored=08-05 20:12;bestStoredSlot=0;newWins=true
2026-08-05T20:44:00.000+01:00,DIAG-CLOSE;GBPAUD;s=0;prev=11;c=12;firstObs=false;slotOn=true;inWindow=true;time_close=08-05 20:45
2026-08-05T20:44:00.000+01:00,DIAG-DEDUP;GBPAUD;s=0;wOpened=08-05 19:58;nd=0;bestStored=none;bestStoredSlot=-1;newWins=true
2026-08-05T20:44:00.000+01:00,DIAG-CLOSE;GBPAUD;s=1;prev=12;c=13;firstObs=false;slotOn=true;inWindow=true;time_close=08-05 20:45
2026-08-05T20:44:00.000+01:00,DIAG-DEDUP;GBPAUD;s=1;wOpened=08-05 19:58;nd=1;bestStored=08-05 19:58;bestStoredSlot=0;newWins=true
2026-08-05T20:49:00.000+01:00,DIAG-CLOSE;CHFJPY;s=1;prev=15;c=16;firstObs=false;slotOn=true;inWindow=true;time_close=08-05 20:50
2026-08-05T20:49:00.000+01:00,DIAG-DEDUP;CHFJPY;s=1;wOpened=08-05 20:48;nd=0;bestStored=none;bestStoredSlot=-1;newWins=true
2026-08-05T20:53:00.000+01:00,DIAG-CLOSE;EURJPY;s=0;prev=15;c=16;firstObs=false;slotOn=true;inWindow=true;time_close=08-05 20:54
2026-08-05T20:53:00.000+01:00,DIAG-DEDUP;EURJPY;s=0;wOpened=08-05 20:42;nd=0;bestStored=none;bestStoredSlot=-1;newWins=true
2026-08-05T20:53:00.000+01:00,DIAG-CLOSE;EURJPY;s=1;prev=15;c=16;firstObs=false;slotOn=true;inWindow=true;time_close=08-05 20:54
2026-08-05T20:53:00.000+01:00,DIAG-DEDUP;EURJPY;s=1;wOpened=08-05 20:42;nd=1;bestStored=08-05 20:42;bestStoredSlot=0;newWins=true
2026-08-05T20:53:00.000+01:00,DIAG-CLOSE;GBPJPY;s=0;prev=15;c=16;firstObs=false;slotOn=true;inWindow=true;time_close=08-05 20:54
2026-08-05T20:53:00.000+01:00,DIAG-DEDUP;GBPJPY;s=0;wOpened=08-05 20:52;nd=0;bestStored=none;bestStoredSlot=-1;newWins=true
2026-08-05T20:53:00.000+01:00,DIAG-CLOSE;GBPJPY;s=1;prev=15;c=16;firstObs=false;slotOn=true;inWindow=true;time_close=08-05 20:54
2026-08-05T20:53:00.000+01:00,DIAG-DEDUP;GBPJPY;s=1;wOpened=08-05 20:52;nd=1;bestStored=08-05 20:52;bestStoredSlot=0;newWins=true
2026-08-05T20:56:00.000+01:00,DIAG-CLOSE;AUDCAD;s=7;prev=3;c=4;firstObs=false;slotOn=true;inWindow=true;time_close=08-05 20:57
2026-08-05T20:56:00.000+01:00,DIAG-DEDUP;AUDCAD;s=7;wOpened=08-05 19:34;nd=0;bestStored=none;bestStoredSlot=-1;newWins=true
2026-08-05T21:02:00.000+01:00,DIAG-CLOSE;CADCHF;s=0;prev=13;c=14;firstObs=false;slotOn=true;inWindow=true;time_close=08-05 21:03
2026-08-05T21:02:00.000+01:00,DIAG-DEDUP;CADCHF;s=0;wOpened=08-05 20:48;nd=0;bestStored=none;bestStoredSlot=-1;newWins=true
2026-08-05T21:02:00.000+01:00,DIAG-CLOSE;CADCHF;s=1;prev=13;c=14;firstObs=false;slotOn=true;inWindow=true;time_close=08-05 21:03
2026-08-05T21:02:00.000+01:00,DIAG-DEDUP;CADCHF;s=1;wOpened=08-05 20:48;nd=1;bestStored=08-05 20:48;bestStoredSlot=0;newWins=true
2026-08-05T21:21:00.000+01:00,DIAG-CLOSE;AUDCHF;s=2;prev=6;c=7;firstObs=false;slotOn=true;inWindow=true;time_close=08-05 21:22
2026-08-05T21:21:00.000+01:00,DIAG-DEDUP;AUDCHF;s=2;wOpened=08-05 21:19;nd=0;bestStored=none;bestStoredSlot=-1;newWins=true
2026-08-05T21:21:00.000+01:00,DIAG-CLOSE;AUDCHF;s=4;prev=0;c=1;firstObs=false;slotOn=true;inWindow=true;time_close=08-05 21:22
2026-08-05T21:21:00.000+01:00,DIAG-DEDUP;AUDCHF;s=4;wOpened=08-05 21:20;nd=1;bestStored=08-05 21:19;bestStoredSlot=2;newWins=false
2026-08-05T21:42:00.000+01:00,DIAG-CLOSE;EURCAD;s=7;prev=1;c=2;firstObs=false;slotOn=true;inWindow=true;time_close=08-05 21:43
2026-08-05T21:42:00.000+01:00,DIAG-DEDUP;EURCAD;s=7;wOpened=08-05 21:22;nd=0;bestStored=none;bestStoredSlot=-1;newWins=true
2026-08-05T22:18:00.000+01:00,DIAG-CLOSE;EURCAD;s=0;prev=7;c=8;firstObs=false;slotOn=true;inWindow=true;time_close=08-05 22:19
2026-08-05T22:18:00.000+01:00,DIAG-DEDUP;EURCAD;s=0;wOpened=08-05 21:12;nd=1;bestStored=08-05 21:22;bestStoredSlot=7;newWins=true
2026-08-05T22:18:00.000+01:00,DIAG-CLOSE;EURCAD;s=1;prev=8;c=9;firstObs=false;slotOn=true;inWindow=true;time_close=08-05 22:19
2026-08-05T22:18:00.000+01:00,DIAG-DEDUP;EURCAD;s=1;wOpened=08-05 21:12;nd=1;bestStored=08-05 21:12;bestStoredSlot=0;newWins=true
2026-08-05T22:18:00.000+01:00,DIAG-CLOSE;EURCAD;s=2;prev=5;c=6;firstObs=false;slotOn=true;inWindow=true;time_close=08-05 22:19
2026-08-05T22:18:00.000+01:00,DIAG-DEDUP;EURCAD;s=2;wOpened=08-05 21:21;nd=1;bestStored=08-05 21:12;bestStoredSlot=1;newWins=false
2026-08-05T22:18:00.000+01:00,DIAG-CLOSE;EURCAD;s=3;prev=2;c=3;firstObs=false;slotOn=true;inWindow=true;time_close=08-05 22:19
2026-08-05T22:18:00.000+01:00,DIAG-DEDUP;EURCAD;s=3;wOpened=08-05 21:21;nd=1;bestStored=08-05 21:12;bestStoredSlot=1;newWins=false
2026-08-05T22:18:00.000+01:00,DIAG-CLOSE;EURCAD;s=4;prev=1;c=2;firstObs=false;slotOn=true;inWindow=true;time_close=08-05 22:19
2026-08-05T22:18:00.000+01:00,DIAG-DEDUP;EURCAD;s=4;wOpened=08-05 21:23;nd=1;bestStored=08-05 21:12;bestStoredSlot=1;newWins=false
2026-08-05T22:18:00.000+01:00,DIAG-CLOSE;GBPJPY;s=0;prev=16;c=17;firstObs=false;slotOn=true;inWindow=true;time_close=08-05 22:19
2026-08-05T22:18:00.000+01:00,DIAG-DEDUP;GBPJPY;s=0;wOpened=08-05 22:15;nd=0;bestStored=none;bestStoredSlot=-1;newWins=true
2026-08-05T22:18:00.000+01:00,DIAG-CLOSE;GBPJPY;s=1;prev=16;c=17;firstObs=false;slotOn=true;inWindow=true;time_close=08-05 22:19
2026-08-05T22:18:00.000+01:00,DIAG-DEDUP;GBPJPY;s=1;wOpened=08-05 22:15;nd=1;bestStored=08-05 22:15;bestStoredSlot=0;newWins=true
2026-08-05T22:18:00.000+01:00,DIAG-CLOSE;CHFJPY;s=5;prev=4;c=5;firstObs=false;slotOn=true;inWindow=true;time_close=08-05 22:19
2026-08-05T22:18:00.000+01:00,DIAG-DEDUP;CHFJPY;s=5;wOpened=08-05 22:16;nd=0;bestStored=none;bestStoredSlot=-1;newWins=true
2026-08-05T22:18:00.000+01:00,DIAG-CLOSE;AUDCHF;s=0;prev=13;c=14;firstObs=false;slotOn=true;inWindow=true;time_close=08-05 22:19
2026-08-05T22:18:00.000+01:00,DIAG-DEDUP;AUDCHF;s=0;wOpened=08-05 21:25;nd=0;bestStored=none;bestStoredSlot=-1;newWins=true
2026-08-05T22:18:00.000+01:00,DIAG-CLOSE;AUDCHF;s=1;prev=15;c=16;firstObs=false;slotOn=true;inWindow=true;time_close=08-05 22:19
2026-08-05T22:18:00.000+01:00,DIAG-DEDUP;AUDCHF;s=1;wOpened=08-05 21:24;nd=1;bestStored=08-05 21:25;bestStoredSlot=0;newWins=true
2026-08-05T22:18:00.000+01:00,DIAG-CLOSE;AUDCHF;s=3;prev=3;c=4;firstObs=false;slotOn=true;inWindow=true;time_close=08-05 22:19
2026-08-05T22:18:00.000+01:00,DIAG-DEDUP;AUDCHF;s=3;wOpened=08-05 21:26;nd=1;bestStored=08-05 21:24;bestStoredSlot=1;newWins=false
2026-08-05T22:20:00.000+01:00,DIAG-CLOSE;GBPAUD;s=0;prev=12;c=13;firstObs=false;slotOn=true;inWindow=true;time_close=08-05 22:21
2026-08-05T22:20:00.000+01:00,DIAG-DEDUP;GBPAUD;s=0;wOpened=08-05 21:56;nd=0;bestStored=none;bestStoredSlot=-1;newWins=true
2026-08-05T22:20:00.000+01:00,DIAG-CLOSE;GBPAUD;s=1;prev=13;c=14;firstObs=false;slotOn=true;inWindow=true;time_close=08-05 22:21
2026-08-05T22:20:00.000+01:00,DIAG-DEDUP;GBPAUD;s=1;wOpened=08-05 21:56;nd=1;bestStored=08-05 21:56;bestStoredSlot=0;newWins=true
2026-08-05T22:35:00.000+01:00,DIAG-CLOSE;EURAUD;s=0;prev=10;c=11;firstObs=false;slotOn=true;inWindow=true;time_close=08-05 22:36
2026-08-05T22:35:00.000+01:00,DIAG-DEDUP;EURAUD;s=0;wOpened=08-05 21:55;nd=0;bestStored=none;bestStoredSlot=-1;newWins=true
2026-08-05T22:35:00.000+01:00,DIAG-CLOSE;EURAUD;s=1;prev=9;c=10;firstObs=false;slotOn=true;inWindow=true;time_close=08-05 22:36
2026-08-05T22:35:00.000+01:00,DIAG-DEDUP;EURAUD;s=1;wOpened=08-05 21:55;nd=1;bestStored=08-05 21:55;bestStoredSlot=0;newWins=true
2026-08-05T22:35:00.000+01:00,DIAG-CLOSE;EURAUD;s=2;prev=5;c=6;firstObs=false;slotOn=true;inWindow=true;time_close=08-05 22:36
2026-08-05T22:35:00.000+01:00,DIAG-DEDUP;EURAUD;s=2;wOpened=08-05 21:55;nd=1;bestStored=08-05 21:55;bestStoredSlot=1;newWins=true
2026-08-05T22:35:00.000+01:00,DIAG-CLOSE;EURAUD;s=3;prev=6;c=7;firstObs=false;slotOn=true;inWindow=true;time_close=08-05 22:36
2026-08-05T22:35:00.000+01:00,DIAG-DEDUP;EURAUD;s=3;wOpened=08-05 22:04;nd=1;bestStored=08-05 21:55;bestStoredSlot=2;newWins=false
2026-08-05T22:35:00.000+01:00,DIAG-CLOSE;EURAUD;s=4;prev=4;c=5;firstObs=false;slotOn=true;inWindow=true;time_close=08-05 22:36
2026-08-05T22:35:00.000+01:00,DIAG-DEDUP;EURAUD;s=4;wOpened=08-05 22:04;nd=1;bestStored=08-05 21:55;bestStoredSlot=2;newWins=false
2026-08-05T22:35:00.000+01:00,DIAG-CLOSE;EURAUD;s=5;prev=3;c=4;firstObs=false;slotOn=true;inWindow=true;time_close=08-05 22:36
2026-08-05T22:35:00.000+01:00,DIAG-DEDUP;EURAUD;s=5;wOpened=08-05 22:04;nd=1;bestStored=08-05 21:55;bestStoredSlot=2;newWins=false
2026-08-05T22:35:00.000+01:00,DIAG-CLOSE;CHFJPY;s=0;prev=14;c=15;firstObs=false;slotOn=true;inWindow=true;time_close=08-05 22:36
2026-08-05T22:35:00.000+01:00,DIAG-DEDUP;CHFJPY;s=0;wOpened=08-05 22:05;nd=1;bestStored=08-05 22:16;bestStoredSlot=5;newWins=true
2026-08-05T22:35:00.000+01:00,DIAG-CLOSE;CHFJPY;s=3;prev=5;c=6;firstObs=false;slotOn=true;inWindow=true;time_close=08-05 22:36
2026-08-05T22:35:00.000+01:00,DIAG-DEDUP;CHFJPY;s=3;wOpened=08-05 22:23;nd=1;bestStored=08-05 22:05;bestStoredSlot=0;newWins=false
2026-08-05T22:41:00.000+01:00,DIAG-CLOSE;USDJPY;s=0;prev=15;c=16;firstObs=false;slotOn=true;inWindow=true;time_close=08-05 22:42
2026-08-05T22:41:00.000+01:00,DIAG-DEDUP;USDJPY;s=0;wOpened=08-05 22:18;nd=0;bestStored=none;bestStoredSlot=-1;newWins=true
2026-08-05T22:41:00.000+01:00,DIAG-CLOSE;USDJPY;s=1;prev=16;c=17;firstObs=false;slotOn=true;inWindow=true;time_close=08-05 22:42
2026-08-05T22:41:00.000+01:00,DIAG-DEDUP;USDJPY;s=1;wOpened=08-05 22:18;nd=1;bestStored=08-05 22:18;bestStoredSlot=0;newWins=true
2026-08-05T22:41:00.000+01:00,DIAG-CLOSE;USDJPY;s=3;prev=7;c=8;firstObs=false;slotOn=true;inWindow=true;time_close=08-05 22:42
2026-08-05T22:41:00.000+01:00,DIAG-DEDUP;USDJPY;s=3;wOpened=08-05 22:40;nd=1;bestStored=08-05 22:18;bestStoredSlot=1;newWins=false
2026-08-05T23:08:00.000+01:00,DIAG-CLOSE;GBPJPY;s=0;prev=17;c=18;firstObs=false;slotOn=true;inWindow=true;time_close=08-05 23:09
2026-08-05T23:08:00.000+01:00,DIAG-DEDUP;GBPJPY;s=0;wOpened=08-05 22:58;nd=0;bestStored=none;bestStoredSlot=-1;newWins=true
2026-08-05T23:08:00.000+01:00,DIAG-CLOSE;GBPJPY;s=1;prev=17;c=18;firstObs=false;slotOn=true;inWindow=true;time_close=08-05 23:09
2026-08-05T23:08:00.000+01:00,DIAG-DEDUP;GBPJPY;s=1;wOpened=08-05 22:58;nd=1;bestStored=08-05 22:58;bestStoredSlot=0;newWins=true
2026-08-05T23:08:00.000+01:00,DIAG-CLOSE;CHFJPY;s=1;prev=16;c=17;firstObs=false;slotOn=true;inWindow=true;time_close=08-05 23:09
2026-08-05T23:08:00.000+01:00,DIAG-DEDUP;CHFJPY;s=1;wOpened=08-05 21:51;nd=1;bestStored=08-05 22:05;bestStoredSlot=0;newWins=true
2026-08-05T23:08:00.000+01:00,DIAG-CLOSE;CHFJPY;s=2;prev=7;c=8;firstObs=false;slotOn=true;inWindow=true;time_close=08-05 23:09
2026-08-05T23:08:00.000+01:00,DIAG-DEDUP;CHFJPY;s=2;wOpened=08-05 22:09;nd=1;bestStored=08-05 21:51;bestStoredSlot=1;newWins=false
2026-08-05T23:08:00.000+01:00,DIAG-CLOSE;CHFJPY;s=4;prev=3;c=4;firstObs=false;slotOn=true;inWindow=true;time_close=08-05 23:09
2026-08-05T23:08:00.000+01:00,DIAG-DEDUP;CHFJPY;s=4;wOpened=08-05 22:10;nd=1;bestStored=08-05 21:51;bestStoredSlot=1;newWins=false
2026-08-05T23:30:00.000+01:00,DIAG-CLOSE;EURUSD;s=1;prev=20;c=21;firstObs=false;slotOn=true;inWindow=true;time_close=08-05 23:31
2026-08-05T23:30:00.000+01:00,DIAG-DEDUP;EURUSD;s=1;wOpened=08-05 22:59;nd=0;bestStored=none;bestStoredSlot=-1;newWins=true
2026-08-05T23:41:00.000+01:00,DIAG-CLOSE;EURAUD;s=0;prev=11;c=12;firstObs=false;slotOn=true;inWindow=true;time_close=08-05 23:42
2026-08-05T23:41:00.000+01:00,DIAG-DEDUP;EURAUD;s=0;wOpened=08-05 23:40;nd=0;bestStored=none;bestStoredSlot=-1;newWins=true
2026-08-05T23:41:00.000+01:00,DIAG-CLOSE;EURAUD;s=1;prev=10;c=11;firstObs=false;slotOn=true;inWindow=true;time_close=08-05 23:42
2026-08-05T23:41:00.000+01:00,DIAG-DEDUP;EURAUD;s=1;wOpened=08-05 23:40;nd=1;bestStored=08-05 23:40;bestStoredSlot=0;newWins=true
2026-08-05T23:51:00.000+01:00,DIAG-CLOSE;EURGBP;s=0;prev=20;c=21;firstObs=false;slotOn=true;inWindow=true;time_close=08-05 23:52
2026-08-05T23:51:00.000+01:00,DIAG-DEDUP;EURGBP;s=0;wOpened=08-05 23:38;nd=0;bestStored=none;bestStoredSlot=-1;newWins=true
2026-08-05T23:51:00.000+01:00,DIAG-CLOSE;EURGBP;s=1;prev=18;c=19;firstObs=false;slotOn=true;inWindow=true;time_close=08-05 23:52
2026-08-05T23:51:00.000+01:00,DIAG-DEDUP;EURGBP;s=1;wOpened=08-05 22:36;nd=1;bestStored=08-05 23:38;bestStoredSlot=0;newWins=true
2026-08-05T23:51:00.000+01:00,DIAG-CLOSE;EURGBP;s=2;prev=10;c=11;firstObs=false;slotOn=true;inWindow=true;time_close=08-05 23:52
2026-08-05T23:51:00.000+01:00,DIAG-DEDUP;EURGBP;s=2;wOpened=08-05 23:11;nd=1;bestStored=08-05 22:36;bestStoredSlot=1;newWins=false
2026-08-05T23:51:00.000+01:00,DIAG-CLOSE;EURGBP;s=3;prev=9;c=10;firstObs=false;slotOn=true;inWindow=true;time_close=08-05 23:52
2026-08-05T23:51:00.000+01:00,DIAG-DEDUP;EURGBP;s=3;wOpened=08-05 23:39;nd=1;bestStored=08-05 22:36;bestStoredSlot=1;newWins=false
2026-08-05T23:51:00.000+01:00,DIAG-CLOSE;EURGBP;s=4;prev=6;c=7;firstObs=false;slotOn=true;inWindow=true;time_close=08-05 23:52
2026-08-05T23:51:00.000+01:00,DIAG-DEDUP;EURGBP;s=4;wOpened=08-05 23:38;nd=1;bestStored=08-05 22:36;bestStoredSlot=1;newWins=false
2026-08-05T23:51:00.000+01:00,DIAG-CLOSE;EURGBP;s=5;prev=8;c=9;firstObs=false;slotOn=true;inWindow=true;time_close=08-05 23:52
2026-08-05T23:51:00.000+01:00,DIAG-DEDUP;EURGBP;s=5;wOpened=08-05 23:39;nd=1;bestStored=08-05 22:36;bestStoredSlot=1;newWins=false
2026-08-06T00:03:00.000+01:00,DIAG-CLOSE;GBPCAD;s=5;prev=2;c=3;firstObs=false;slotOn=true;inWindow=true;time_close=08-06 00:04
2026-08-06T00:03:00.000+01:00,DIAG-DEDUP;GBPCAD;s=5;wOpened=08-05 23:11;nd=0;bestStored=none;bestStoredSlot=-1;newWins=true
2026-08-06T00:05:00.000+01:00,DIAG-CLOSE;GBPUSD;s=0;prev=13;c=14;firstObs=false;slotOn=true;inWindow=true;time_close=08-06 00:06
2026-08-06T00:05:00.000+01:00,DIAG-DEDUP;GBPUSD;s=0;wOpened=08-05 23:48;nd=0;bestStored=none;bestStoredSlot=-1;newWins=true
2026-08-06T00:05:00.000+01:00,DIAG-CLOSE;GBPUSD;s=1;prev=11;c=12;firstObs=false;slotOn=true;inWindow=true;time_close=08-06 00:06
2026-08-06T00:05:00.000+01:00,DIAG-DEDUP;GBPUSD;s=1;wOpened=08-05 23:48;nd=1;bestStored=08-05 23:48;bestStoredSlot=0;newWins=true
2026-08-06T00:05:00.000+01:00,DIAG-CLOSE;GBPUSD;s=2;prev=8;c=9;firstObs=false;slotOn=true;inWindow=true;time_close=08-06 00:06
2026-08-06T00:05:00.000+01:00,DIAG-DEDUP;GBPUSD;s=2;wOpened=08-06 00:03;nd=1;bestStored=08-05 23:48;bestStoredSlot=1;newWins=false
2026-08-06T00:05:00.000+01:00,DIAG-CLOSE;GBPUSD;s=3;prev=9;c=10;firstObs=false;slotOn=true;inWindow=true;time_close=08-06 00:06
2026-08-06T00:05:00.000+01:00,DIAG-DEDUP;GBPUSD;s=3;wOpened=08-06 00:03;nd=1;bestStored=08-05 23:48;bestStoredSlot=1;newWins=false
2026-08-06T00:09:00.000+01:00,DIAG-CLOSE;USDCAD;s=0;prev=10;c=11;firstObs=false;slotOn=true;inWindow=true;time_close=08-06 00:10
2026-08-06T00:09:00.000+01:00,DIAG-DEDUP;USDCAD;s=0;wOpened=08-05 23:23;nd=0;bestStored=none;bestStoredSlot=-1;newWins=true
2026-08-06T00:09:00.000+01:00,DIAG-CLOSE;USDCAD;s=1;prev=13;c=14;firstObs=false;slotOn=true;inWindow=true;time_close=08-06 00:10
2026-08-06T00:09:00.000+01:00,DIAG-DEDUP;USDCAD;s=1;wOpened=08-05 23:23;nd=1;bestStored=08-05 23:23;bestStoredSlot=0;newWins=true
2026-08-06T00:09:00.000+01:00,DIAG-CLOSE;USDCAD;s=2;prev=6;c=7;firstObs=false;slotOn=true;inWindow=true;time_close=08-06 00:10
2026-08-06T00:09:00.000+01:00,DIAG-DEDUP;USDCAD;s=2;wOpened=08-05 23:39;nd=1;bestStored=08-05 23:23;bestStoredSlot=1;newWins=false
2026-08-06T00:09:00.000+01:00,DIAG-CLOSE;USDCAD;s=3;prev=7;c=8;firstObs=false;slotOn=true;inWindow=true;time_close=08-06 00:10
2026-08-06T00:09:00.000+01:00,DIAG-DEDUP;USDCAD;s=3;wOpened=08-05 23:39;nd=1;bestStored=08-05 23:23;bestStoredSlot=1;newWins=false
2026-08-06T00:09:00.000+01:00,DIAG-CLOSE;USDCAD;s=5;prev=2;c=3;firstObs=false;slotOn=true;inWindow=true;time_close=08-06 00:10
2026-08-06T00:09:00.000+01:00,DIAG-DEDUP;USDCAD;s=5;wOpened=08-05 23:23;nd=1;bestStored=08-05 23:23;bestStoredSlot=1;newWins=true
2026-08-06T00:09:00.000+01:00,DIAG-CLOSE;USDCAD;s=6;prev=1;c=2;firstObs=false;slotOn=true;inWindow=true;time_close=08-06 00:10
2026-08-06T00:09:00.000+01:00,DIAG-DEDUP;USDCAD;s=6;wOpened=08-05 23:23;nd=1;bestStored=08-05 23:23;bestStoredSlot=5;newWins=true
2026-08-06T00:48:00.000+01:00,DIAG-CLOSE;EURUSD;s=0;prev=20;c=21;firstObs=false;slotOn=true;inWindow=true;time_close=08-06 00:49
2026-08-06T00:48:00.000+01:00,DIAG-DEDUP;EURUSD;s=0;wOpened=08-05 22:59;nd=1;bestStored=08-05 22:59;bestStoredSlot=1;newWins=false
2026-08-06T00:48:00.000+01:00,DIAG-CLOSE;EURUSD;s=3;prev=11;c=12;firstObs=false;slotOn=true;inWindow=true;time_close=08-06 00:49
2026-08-06T00:48:00.000+01:00,DIAG-DEDUP;EURUSD;s=3;wOpened=08-05 23:48;nd=0;bestStored=none;bestStoredSlot=-1;newWins=true
2026-08-06T00:48:00.000+01:00,DIAG-CLOSE;GBPUSD;s=1;prev=12;c=13;firstObs=false;slotOn=true;inWindow=true;time_close=08-06 00:49
2026-08-06T00:48:00.000+01:00,DIAG-DEDUP;GBPUSD;s=1;wOpened=08-06 00:41;nd=0;bestStored=none;bestStoredSlot=-1;newWins=true
2026-08-06T00:48:00.000+01:00,DIAG-CLOSE;GBPUSD;s=5;prev=5;c=6;firstObs=false;slotOn=true;inWindow=true;time_close=08-06 00:49
2026-08-06T00:48:00.000+01:00,DIAG-DEDUP;GBPUSD;s=5;wOpened=08-06 00:03;nd=2;bestStored=08-05 23:48;bestStoredSlot=1;newWins=false
2026-08-06T01:00:00.000+01:00,DIAG-CLOSE;USDCAD;s=0;prev=11;c=12;firstObs=false;slotOn=true;inWindow=true;time_close=08-06 01:01
2026-08-06T01:00:00.000+01:00,DIAG-DEDUP;USDCAD;s=0;wOpened=08-06 00:59;nd=0;bestStored=none;bestStoredSlot=-1;newWins=true
2026-08-06T01:00:00.000+01:00,DIAG-CLOSE;USDCAD;s=1;prev=14;c=15;firstObs=false;slotOn=true;inWindow=true;time_close=08-06 01:01
2026-08-06T01:00:00.000+01:00,DIAG-DEDUP;USDCAD;s=1;wOpened=08-06 00:59;nd=1;bestStored=08-06 00:59;bestStoredSlot=0;newWins=true
2026-08-06T01:03:00.000+01:00,DIAG-CLOSE;AUDUSD;s=0;prev=9;c=10;firstObs=false;slotOn=true;inWindow=true;time_close=08-06 01:04
2026-08-06T01:03:00.000+01:00,DIAG-DEDUP;AUDUSD;s=0;wOpened=08-06 00:36;nd=0;bestStored=none;bestStoredSlot=-1;newWins=true
2026-08-06T01:03:00.000+01:00,DIAG-CLOSE;AUDUSD;s=1;prev=10;c=11;firstObs=false;slotOn=true;inWindow=true;time_close=08-06 01:04
2026-08-06T01:03:00.000+01:00,DIAG-DEDUP;AUDUSD;s=1;wOpened=08-06 00:36;nd=1;bestStored=08-06 00:36;bestStoredSlot=0;newWins=true
2026-08-06T01:03:00.000+01:00,DIAG-CLOSE;AUDUSD;s=2;prev=7;c=8;firstObs=false;slotOn=true;inWindow=true;time_close=08-06 01:04
2026-08-06T01:03:00.000+01:00,DIAG-DEDUP;AUDUSD;s=2;wOpened=08-06 00:37;nd=1;bestStored=08-06 00:36;bestStoredSlot=1;newWins=false
2026-08-06T01:03:00.000+01:00,DIAG-CLOSE;AUDUSD;s=3;prev=6;c=7;firstObs=false;slotOn=true;inWindow=true;time_close=08-06 01:04
2026-08-06T01:03:00.000+01:00,DIAG-DEDUP;AUDUSD;s=3;wOpened=08-06 00:37;nd=1;bestStored=08-06 00:36;bestStoredSlot=1;newWins=false
2026-08-06T01:07:00.000+01:00,DIAG-CLOSE;CHFJPY;s=0;prev=15;c=16;firstObs=false;slotOn=true;inWindow=true;time_close=08-06 01:08
2026-08-06T01:07:00.000+01:00,DIAG-DEDUP;CHFJPY;s=0;wOpened=08-06 00:58;nd=0;bestStored=none;bestStoredSlot=-1;newWins=true
2026-08-06T01:07:00.000+01:00,DIAG-CLOSE;CHFJPY;s=1;prev=17;c=18;firstObs=false;slotOn=true;inWindow=true;time_close=08-06 01:08
2026-08-06T01:07:00.000+01:00,DIAG-DEDUP;CHFJPY;s=1;wOpened=08-06 00:58;nd=1;bestStored=08-06 00:58;bestStoredSlot=0;newWins=true
2026-08-06T01:20:00.000+01:00,DIAG-CLOSE;AUDCHF;s=0;prev=14;c=15;firstObs=false;slotOn=true;inWindow=true;time_close=08-06 01:21
2026-08-06T01:20:00.000+01:00,DIAG-DEDUP;AUDCHF;s=0;wOpened=08-06 01:11;nd=0;bestStored=none;bestStoredSlot=-1;newWins=true
2026-08-06T01:20:00.000+01:00,DIAG-CLOSE;AUDCHF;s=1;prev=16;c=17;firstObs=false;slotOn=true;inWindow=true;time_close=08-06 01:21
2026-08-06T01:20:00.000+01:00,DIAG-DEDUP;AUDCHF;s=1;wOpened=08-06 01:11;nd=1;bestStored=08-06 01:11;bestStoredSlot=0;newWins=true
2026-08-06T01:26:00.000+01:00,DIAG-CLOSE;EURAUD;s=0;prev=12;c=13;firstObs=false;slotOn=true;inWindow=true;time_close=08-06 01:27
2026-08-06T01:26:00.000+01:00,DIAG-DEDUP;EURAUD;s=0;wOpened=08-06 01:11;nd=0;bestStored=none;bestStoredSlot=-1;newWins=true
2026-08-06T01:26:00.000+01:00,DIAG-CLOSE;EURAUD;s=1;prev=11;c=12;firstObs=false;slotOn=true;inWindow=true;time_close=08-06 01:27
2026-08-06T01:26:00.000+01:00,DIAG-DEDUP;EURAUD;s=1;wOpened=08-06 01:11;nd=1;bestStored=08-06 01:11;bestStoredSlot=0;newWins=true
2026-08-06T01:43:00.000+01:00,DIAG-CLOSE;AUDCAD;s=2;prev=8;c=9;firstObs=false;slotOn=true;inWindow=true;time_close=08-06 01:44
2026-08-06T01:43:00.000+01:00,DIAG-DEDUP;AUDCAD;s=2;wOpened=08-06 01:42;nd=0;bestStored=none;bestStoredSlot=-1;newWins=true
2026-08-06T01:55:00.000+01:00,DIAG-CLOSE;AUDCHF;s=0;prev=15;c=16;firstObs=false;slotOn=true;inWindow=true;time_close=08-06 01:56
2026-08-06T01:55:00.000+01:00,DIAG-DEDUP;AUDCHF;s=0;wOpened=08-06 01:43;nd=0;bestStored=none;bestStoredSlot=-1;newWins=true
2026-08-06T01:55:00.000+01:00,DIAG-CLOSE;AUDCHF;s=1;prev=17;c=18;firstObs=false;slotOn=true;inWindow=true;time_close=08-06 01:56
2026-08-06T01:55:00.000+01:00,DIAG-DEDUP;AUDCHF;s=1;wOpened=08-06 01:43;nd=1;bestStored=08-06 01:43;bestStoredSlot=0;newWins=true
2026-08-06T01:55:00.000+01:00,DIAG-CLOSE;AUDCHF;s=2;prev=7;c=8;firstObs=false;slotOn=true;inWindow=true;time_close=08-06 01:56
2026-08-06T01:55:00.000+01:00,DIAG-DEDUP;AUDCHF;s=2;wOpened=08-06 01:47;nd=1;bestStored=08-06 01:43;bestStoredSlot=1;newWins=false
2026-08-06T01:55:00.000+01:00,DIAG-CLOSE;AUDCHF;s=3;prev=4;c=5;firstObs=false;slotOn=true;inWindow=true;time_close=08-06 01:56
2026-08-06T01:55:00.000+01:00,DIAG-DEDUP;AUDCHF;s=3;wOpened=08-06 01:47;nd=1;bestStored=08-06 01:43;bestStoredSlot=1;newWins=false
2026-08-06T01:55:00.000+01:00,DIAG-CLOSE;AUDCHF;s=4;prev=1;c=2;firstObs=false;slotOn=true;inWindow=true;time_close=08-06 01:56
2026-08-06T01:55:00.000+01:00,DIAG-DEDUP;AUDCHF;s=4;wOpened=08-06 01:54;nd=1;bestStored=08-06 01:43;bestStoredSlot=1;newWins=false
2026-08-06T02:00:00.000+01:00,DIAG-CLOSE;GBPCAD;s=0;prev=16;c=17;firstObs=false;slotOn=true;inWindow=true;time_close=08-06 02:01
2026-08-06T02:00:00.000+01:00,DIAG-DEDUP;GBPCAD;s=0;wOpened=08-06 01:41;nd=0;bestStored=none;bestStoredSlot=-1;newWins=true
2026-08-06T02:00:00.000+01:00,DIAG-CLOSE;GBPCAD;s=1;prev=17;c=18;firstObs=false;slotOn=true;inWindow=true;time_close=08-06 02:01
2026-08-06T02:00:00.000+01:00,DIAG-DEDUP;GBPCAD;s=1;wOpened=08-06 01:41;nd=1;bestStored=08-06 01:41;bestStoredSlot=0;newWins=true
2026-08-06T02:00:00.000+01:00,DIAG-CLOSE;GBPCAD;s=2;prev=8;c=9;firstObs=false;slotOn=true;inWindow=true;time_close=08-06 02:01
2026-08-06T02:00:00.000+01:00,DIAG-DEDUP;GBPCAD;s=2;wOpened=08-06 01:42;nd=1;bestStored=08-06 01:41;bestStoredSlot=1;newWins=false
2026-08-06T02:00:00.000+01:00,DIAG-CLOSE;GBPCAD;s=3;prev=6;c=7;firstObs=false;slotOn=true;inWindow=true;time_close=08-06 02:01
2026-08-06T02:00:00.000+01:00,DIAG-DEDUP;GBPCAD;s=3;wOpened=08-06 01:42;nd=1;bestStored=08-06 01:41;bestStoredSlot=1;newWins=false
2026-08-06T02:00:00.000+01:00,DIAG-CLOSE;GBPCAD;s=4;prev=4;c=5;firstObs=false;slotOn=true;inWindow=true;time_close=08-06 02:01
2026-08-06T02:00:00.000+01:00,DIAG-DEDUP;GBPCAD;s=4;wOpened=08-06 01:52;nd=1;bestStored=08-06 01:41;bestStoredSlot=1;newWins=false
2026-08-06T02:00:00.000+01:00,DIAG-CLOSE;GBPCAD;s=5;prev=3;c=4;firstObs=false;slotOn=true;inWindow=true;time_close=08-06 02:01
2026-08-06T02:00:00.000+01:00,DIAG-DEDUP;GBPCAD;s=5;wOpened=08-06 01:52;nd=1;bestStored=08-06 01:41;bestStoredSlot=1;newWins=false
2026-08-06T02:00:00.000+01:00,DIAG-CLOSE;GBPCAD;s=6;prev=4;c=5;firstObs=false;slotOn=true;inWindow=true;time_close=08-06 02:01
2026-08-06T02:00:00.000+01:00,DIAG-DEDUP;GBPCAD;s=6;wOpened=08-06 01:52;nd=1;bestStored=08-06 01:41;bestStoredSlot=1;newWins=false
2026-08-06T02:08:00.000+01:00,DIAG-CLOSE;GBPJPY;s=0;prev=18;c=19;firstObs=false;slotOn=true;inWindow=true;time_close=08-06 02:09
2026-08-06T02:08:00.000+01:00,DIAG-DEDUP;GBPJPY;s=0;wOpened=08-06 01:15;nd=0;bestStored=none;bestStoredSlot=-1;newWins=true
2026-08-06T02:08:00.000+01:00,DIAG-CLOSE;GBPJPY;s=1;prev=18;c=19;firstObs=false;slotOn=true;inWindow=true;time_close=08-06 02:09
2026-08-06T02:08:00.000+01:00,DIAG-DEDUP;GBPJPY;s=1;wOpened=08-06 01:15;nd=1;bestStored=08-06 01:15;bestStoredSlot=0;newWins=true
2026-08-06T02:08:00.000+01:00,DIAG-CLOSE;GBPJPY;s=2;prev=9;c=10;firstObs=false;slotOn=true;inWindow=true;time_close=08-06 02:09
2026-08-06T02:08:00.000+01:00,DIAG-DEDUP;GBPJPY;s=2;wOpened=08-06 01:21;nd=1;bestStored=08-06 01:15;bestStoredSlot=1;newWins=false
2026-08-06T02:08:00.000+01:00,DIAG-CLOSE;GBPJPY;s=3;prev=9;c=10;firstObs=false;slotOn=true;inWindow=true;time_close=08-06 02:09
2026-08-06T02:08:00.000+01:00,DIAG-DEDUP;GBPJPY;s=3;wOpened=08-06 01:21;nd=1;bestStored=08-06 01:15;bestStoredSlot=1;newWins=false
2026-08-06T02:21:00.000+01:00,DIAG-CLOSE;USDCAD;s=7;prev=1;c=2;firstObs=false;slotOn=true;inWindow=true;time_close=08-06 02:22
2026-08-06T02:21:00.000+01:00,DIAG-DEDUP;USDCAD;s=7;wOpened=08-06 01:56;nd=0;bestStored=none;bestStoredSlot=-1;newWins=true
2026-08-06T02:23:00.000+01:00,DIAG-CLOSE;GBPUSD;s=0;prev=14;c=15;firstObs=false;slotOn=true;inWindow=true;time_close=08-06 02:24
2026-08-06T02:23:00.000+01:00,DIAG-DEDUP;GBPUSD;s=0;wOpened=08-06 01:55;nd=0;bestStored=none;bestStoredSlot=-1;newWins=true
2026-08-06T02:23:00.000+01:00,DIAG-CLOSE;GBPUSD;s=1;prev=13;c=14;firstObs=false;slotOn=true;inWindow=true;time_close=08-06 02:24
2026-08-06T02:23:00.000+01:00,DIAG-DEDUP;GBPUSD;s=1;wOpened=08-06 01:55;nd=1;bestStored=08-06 01:55;bestStoredSlot=0;newWins=true
2026-08-06T02:32:00.000+01:00,DIAG-CLOSE;CADJPY;s=0;prev=11;c=12;firstObs=false;slotOn=true;inWindow=true;time_close=08-06 02:33
2026-08-06T02:32:00.000+01:00,DIAG-DEDUP;CADJPY;s=0;wOpened=08-06 02:21;nd=0;bestStored=none;bestStoredSlot=-1;newWins=true
2026-08-06T02:32:00.000+01:00,DIAG-CLOSE;CADJPY;s=1;prev=9;c=10;firstObs=false;slotOn=true;inWindow=true;time_close=08-06 02:33
2026-08-06T02:32:00.000+01:00,DIAG-DEDUP;CADJPY;s=1;wOpened=08-06 02:21;nd=1;bestStored=08-06 02:21;bestStoredSlot=0;newWins=true
2026-08-06T02:44:00.000+01:00,DIAG-CLOSE;USDCHF;s=0;prev=21;c=22;firstObs=false;slotOn=true;inWindow=true;time_close=08-06 02:45
2026-08-06T02:44:00.000+01:00,DIAG-DEDUP;USDCHF;s=0;wOpened=08-06 01:54;nd=0;bestStored=none;bestStoredSlot=-1;newWins=true
2026-08-06T02:44:00.000+01:00,DIAG-CLOSE;USDCHF;s=1;prev=21;c=22;firstObs=false;slotOn=true;inWindow=true;time_close=08-06 02:45
2026-08-06T02:44:00.000+01:00,DIAG-DEDUP;USDCHF;s=1;wOpened=08-06 01:55;nd=1;bestStored=08-06 01:54;bestStoredSlot=0;newWins=false
2026-08-06T02:44:00.000+01:00,DIAG-CLOSE;USDCHF;s=2;prev=7;c=8;firstObs=false;slotOn=true;inWindow=true;time_close=08-06 02:45
2026-08-06T02:44:00.000+01:00,DIAG-DEDUP;USDCHF;s=2;wOpened=08-06 01:56;nd=1;bestStored=08-06 01:54;bestStoredSlot=0;newWins=false
2026-08-06T02:44:00.000+01:00,DIAG-CLOSE;USDCHF;s=3;prev=6;c=7;firstObs=false;slotOn=true;inWindow=true;time_close=08-06 02:45
2026-08-06T02:44:00.000+01:00,DIAG-DEDUP;USDCHF;s=3;wOpened=08-06 01:55;nd=1;bestStored=08-06 01:54;bestStoredSlot=0;newWins=false
2026-08-06T02:44:00.000+01:00,DIAG-CLOSE;USDCHF;s=4;prev=4;c=5;firstObs=false;slotOn=true;inWindow=true;time_close=08-06 02:45
2026-08-06T02:44:00.000+01:00,DIAG-DEDUP;USDCHF;s=4;wOpened=08-06 02:27;nd=1;bestStored=08-06 01:54;bestStoredSlot=0;newWins=false
2026-08-06T02:44:00.000+01:00,DIAG-CLOSE;USDCHF;s=5;prev=3;c=4;firstObs=false;slotOn=true;inWindow=true;time_close=08-06 02:45
2026-08-06T02:44:00.000+01:00,DIAG-DEDUP;USDCHF;s=5;wOpened=08-06 01:56;nd=1;bestStored=08-06 01:54;bestStoredSlot=0;newWins=false
2026-08-06T02:44:00.000+01:00,DIAG-CLOSE;USDCHF;s=6;prev=3;c=4;firstObs=false;slotOn=true;inWindow=true;time_close=08-06 02:45
2026-08-06T02:44:00.000+01:00,DIAG-DEDUP;USDCHF;s=6;wOpened=08-06 02:40;nd=1;bestStored=08-06 01:54;bestStoredSlot=0;newWins=false
2026-08-06T02:46:00.000+01:00,DIAG-CLOSE;CADCHF;s=0;prev=14;c=15;firstObs=false;slotOn=true;inWindow=true;time_close=08-06 02:47
2026-08-06T02:46:00.000+01:00,DIAG-DEDUP;CADCHF;s=0;wOpened=08-06 02:40;nd=0;bestStored=none;bestStoredSlot=-1;newWins=true
2026-08-06T02:46:00.000+01:00,DIAG-CLOSE;CADCHF;s=1;prev=14;c=15;firstObs=false;slotOn=true;inWindow=true;time_close=08-06 02:47
2026-08-06T02:46:00.000+01:00,DIAG-DEDUP;CADCHF;s=1;wOpened=08-06 02:40;nd=1;bestStored=08-06 02:40;bestStoredSlot=0;newWins=true
2026-08-06T03:43:00.000+01:00,DIAG-CLOSE;EURAUD;s=0;prev=13;c=14;firstObs=false;slotOn=true;inWindow=true;time_close=08-06 03:44
2026-08-06T03:43:00.000+01:00,DIAG-DEDUP;EURAUD;s=0;wOpened=08-06 03:21;nd=0;bestStored=none;bestStoredSlot=-1;newWins=true
2026-08-06T03:43:00.000+01:00,DIAG-CLOSE;EURAUD;s=1;prev=12;c=13;firstObs=false;slotOn=true;inWindow=true;time_close=08-06 03:44
2026-08-06T03:43:00.000+01:00,DIAG-DEDUP;EURAUD;s=1;wOpened=08-06 03:21;nd=1;bestStored=08-06 03:21;bestStoredSlot=0;newWins=true
2026-08-06T03:43:00.000+01:00,DIAG-CLOSE;EURAUD;s=2;prev=6;c=7;firstObs=false;slotOn=true;inWindow=true;time_close=08-06 03:44
2026-08-06T03:43:00.000+01:00,DIAG-DEDUP;EURAUD;s=2;wOpened=08-06 03:38;nd=1;bestStored=08-06 03:21;bestStoredSlot=1;newWins=false
2026-08-06T03:43:00.000+01:00,DIAG-CLOSE;EURAUD;s=3;prev=7;c=8;firstObs=false;slotOn=true;inWindow=true;time_close=08-06 03:44
2026-08-06T03:43:00.000+01:00,DIAG-DEDUP;EURAUD;s=3;wOpened=08-06 03:38;nd=1;bestStored=08-06 03:21;bestStoredSlot=1;newWins=false
2026-08-06T03:53:00.000+01:00,DIAG-CLOSE;GBPCAD;s=0;prev=17;c=18;firstObs=false;slotOn=true;inWindow=true;time_close=08-06 03:54
2026-08-06T03:53:00.000+01:00,DIAG-DEDUP;GBPCAD;s=0;wOpened=08-06 03:25;nd=0;bestStored=none;bestStoredSlot=-1;newWins=true
2026-08-06T03:53:00.000+01:00,DIAG-CLOSE;GBPCAD;s=1;prev=18;c=19;firstObs=false;slotOn=true;inWindow=true;time_close=08-06 03:54
2026-08-06T03:53:00.000+01:00,DIAG-DEDUP;GBPCAD;s=1;wOpened=08-06 03:25;nd=1;bestStored=08-06 03:25;bestStoredSlot=0;newWins=true
2026-08-06T03:53:00.000+01:00,DIAG-CLOSE;GBPCAD;s=2;prev=9;c=10;firstObs=false;slotOn=true;inWindow=true;time_close=08-06 03:54
2026-08-06T03:53:00.000+01:00,DIAG-DEDUP;GBPCAD;s=2;wOpened=08-06 03:26;nd=1;bestStored=08-06 03:25;bestStoredSlot=1;newWins=false
2026-08-06T03:53:00.000+01:00,DIAG-CLOSE;GBPCAD;s=3;prev=7;c=8;firstObs=false;slotOn=true;inWindow=true;time_close=08-06 03:54
2026-08-06T03:53:00.000+01:00,DIAG-DEDUP;GBPCAD;s=3;wOpened=08-06 03:26;nd=1;bestStored=08-06 03:25;bestStoredSlot=1;newWins=false
2026-08-06T03:53:00.000+01:00,DIAG-CLOSE;GBPCAD;s=4;prev=5;c=6;firstObs=false;slotOn=true;inWindow=true;time_close=08-06 03:54
2026-08-06T03:53:00.000+01:00,DIAG-DEDUP;GBPCAD;s=4;wOpened=08-06 03:38;nd=1;bestStored=08-06 03:25;bestStoredSlot=1;newWins=false
2026-08-06T03:53:00.000+01:00,DIAG-CLOSE;GBPCAD;s=5;prev=4;c=5;firstObs=false;slotOn=true;inWindow=true;time_close=08-06 03:54
2026-08-06T03:53:00.000+01:00,DIAG-DEDUP;GBPCAD;s=5;wOpened=08-06 03:38;nd=1;bestStored=08-06 03:25;bestStoredSlot=1;newWins=false
2026-08-06T04:02:00.000+01:00,DIAG-CLOSE;EURCAD;s=0;prev=8;c=9;firstObs=false;slotOn=true;inWindow=true;time_close=08-06 04:03
2026-08-06T04:02:00.000+01:00,DIAG-DEDUP;EURCAD;s=0;wOpened=08-06 03:59;nd=0;bestStored=none;bestStoredSlot=-1;newWins=true
2026-08-06T04:02:00.000+01:00,DIAG-CLOSE;EURCAD;s=1;prev=9;c=10;firstObs=false;slotOn=true;inWindow=true;time_close=08-06 04:03
2026-08-06T04:02:00.000+01:00,DIAG-DEDUP;EURCAD;s=1;wOpened=08-06 03:59;nd=1;bestStored=08-06 03:59;bestStoredSlot=0;newWins=true
2026-08-06T04:09:00.000+01:00,DIAG-CLOSE;GBPJPY;s=0;prev=19;c=20;firstObs=false;slotOn=true;inWindow=true;time_close=08-06 04:10
2026-08-06T04:09:00.000+01:00,DIAG-DEDUP;GBPJPY;s=0;wOpened=08-06 04:08;nd=0;bestStored=none;bestStoredSlot=-1;newWins=true
2026-08-06T04:09:00.000+01:00,DIAG-CLOSE;GBPJPY;s=1;prev=19;c=20;firstObs=false;slotOn=true;inWindow=true;time_close=08-06 04:10
2026-08-06T04:09:00.000+01:00,DIAG-DEDUP;GBPJPY;s=1;wOpened=08-06 04:08;nd=1;bestStored=08-06 04:08;bestStoredSlot=0;newWins=true
2026-08-06T04:26:00.000+01:00,DIAG-CLOSE;EURCHF;s=0;prev=17;c=18;firstObs=false;slotOn=true;inWindow=true;time_close=08-06 04:27
2026-08-06T04:26:00.000+01:00,DIAG-DEDUP;EURCHF;s=0;wOpened=08-06 04:10;nd=0;bestStored=none;bestStoredSlot=-1;newWins=true
2026-08-06T04:26:00.000+01:00,DIAG-CLOSE;EURCHF;s=1;prev=17;c=18;firstObs=false;slotOn=true;inWindow=true;time_close=08-06 04:27
2026-08-06T04:26:00.000+01:00,DIAG-DEDUP;EURCHF;s=1;wOpened=08-06 04:10;nd=1;bestStored=08-06 04:10;bestStoredSlot=0;newWins=true
2026-08-06T04:27:00.000+01:00,DIAG-CLOSE;GBPCAD;s=7;prev=2;c=3;firstObs=false;slotOn=true;inWindow=true;time_close=08-06 04:28
2026-08-06T04:27:00.000+01:00,DIAG-DEDUP;GBPCAD;s=7;wOpened=08-06 03:46;nd=1;bestStored=08-06 03:25;bestStoredSlot=1;newWins=false
2026-08-06T05:23:00.000+01:00,DIAG-CLOSE;CHFJPY;s=0;prev=16;c=17;firstObs=false;slotOn=true;inWindow=true;time_close=08-06 05:24
2026-08-06T05:23:00.000+01:00,DIAG-DEDUP;CHFJPY;s=0;wOpened=08-06 04:48;nd=0;bestStored=none;bestStoredSlot=-1;newWins=true
2026-08-06T05:23:00.000+01:00,DIAG-CLOSE;CHFJPY;s=1;prev=18;c=19;firstObs=false;slotOn=true;inWindow=true;time_close=08-06 05:24
2026-08-06T05:23:00.000+01:00,DIAG-DEDUP;CHFJPY;s=1;wOpened=08-06 04:48;nd=1;bestStored=08-06 04:48;bestStoredSlot=0;newWins=true
2026-08-06T05:36:00.000+01:00,DIAG-CLOSE;EURGBP;s=1;prev=19;c=20;firstObs=false;slotOn=true;inWindow=true;time_close=08-06 05:37
2026-08-06T05:36:00.000+01:00,DIAG-DEDUP;EURGBP;s=1;wOpened=08-06 05:11;nd=0;bestStored=none;bestStoredSlot=-1;newWins=true
2026-08-06T05:44:00.000+01:00,DIAG-CLOSE;EURJPY;s=0;prev=16;c=17;firstObs=false;slotOn=true;inWindow=true;time_close=08-06 05:45
2026-08-06T05:44:00.000+01:00,DIAG-DEDUP;EURJPY;s=0;wOpened=08-06 05:43;nd=0;bestStored=none;bestStoredSlot=-1;newWins=true
2026-08-06T05:44:00.000+01:00,DIAG-CLOSE;EURJPY;s=1;prev=16;c=17;firstObs=false;slotOn=true;inWindow=true;time_close=08-06 05:45
2026-08-06T05:44:00.000+01:00,DIAG-DEDUP;EURJPY;s=1;wOpened=08-06 05:43;nd=1;bestStored=08-06 05:43;bestStoredSlot=0;newWins=true
2026-08-06T06:01:00.000+01:00,DIAG-CLOSE;GBPJPY;s=0;prev=20;c=21;firstObs=false;slotOn=true;inWindow=true;time_close=08-06 06:02
2026-08-06T06:01:00.000+01:00,DIAG-DEDUP;GBPJPY;s=0;wOpened=08-06 05:34;nd=0;bestStored=none;bestStoredSlot=-1;newWins=true
2026-08-06T06:01:00.000+01:00,DIAG-CLOSE;GBPJPY;s=1;prev=20;c=21;firstObs=false;slotOn=true;inWindow=true;time_close=08-06 06:02
2026-08-06T06:01:00.000+01:00,DIAG-DEDUP;GBPJPY;s=1;wOpened=08-06 05:34;nd=1;bestStored=08-06 05:34;bestStoredSlot=0;newWins=true
2026-08-06T06:01:00.000+01:00,DIAG-CLOSE;GBPJPY;s=2;prev=10;c=11;firstObs=false;slotOn=true;inWindow=true;time_close=08-06 06:02
2026-08-06T06:01:00.000+01:00,DIAG-DEDUP;GBPJPY;s=2;wOpened=08-06 05:42;nd=1;bestStored=08-06 05:34;bestStoredSlot=1;newWins=false
2026-08-06T06:01:00.000+01:00,DIAG-CLOSE;GBPJPY;s=3;prev=10;c=11;firstObs=false;slotOn=true;inWindow=true;time_close=08-06 06:02
2026-08-06T06:01:00.000+01:00,DIAG-DEDUP;GBPJPY;s=3;wOpened=08-06 05:42;nd=1;bestStored=08-06 05:34;bestStoredSlot=1;newWins=false
2026-08-06T06:01:00.000+01:00,DIAG-CLOSE;GBPJPY;s=4;prev=7;c=8;firstObs=false;slotOn=true;inWindow=true;time_close=08-06 06:02
2026-08-06T06:01:00.000+01:00,DIAG-DEDUP;GBPJPY;s=4;wOpened=08-06 05:43;nd=1;bestStored=08-06 05:34;bestStoredSlot=1;newWins=false
2026-08-06T06:01:00.000+01:00,DIAG-CLOSE;GBPJPY;s=5;prev=5;c=6;firstObs=false;slotOn=true;inWindow=true;time_close=08-06 06:02
2026-08-06T06:01:00.000+01:00,DIAG-DEDUP;GBPJPY;s=5;wOpened=08-06 05:25;nd=1;bestStored=08-06 05:34;bestStoredSlot=1;newWins=true
2026-08-06T06:01:00.000+01:00,DIAG-CLOSE;GBPJPY;s=6;prev=5;c=6;firstObs=false;slotOn=true;inWindow=true;time_close=08-06 06:02
2026-08-06T06:01:00.000+01:00,DIAG-DEDUP;GBPJPY;s=6;wOpened=08-06 04:52;nd=1;bestStored=08-06 05:25;bestStoredSlot=5;newWins=true
2026-08-06T06:04:00.000+01:00,DIAG-CLOSE;GBPJPY;s=7;prev=3;c=4;firstObs=false;slotOn=true;inWindow=true;time_close=08-06 06:05
2026-08-06T06:04:00.000+01:00,DIAG-DEDUP;GBPJPY;s=7;wOpened=08-06 05:44;nd=1;bestStored=08-06 04:52;bestStoredSlot=6;newWins=false
2026-08-06T06:09:00.000+01:00,DIAG-CLOSE;AUDUSD;s=0;prev=10;c=11;firstObs=false;slotOn=true;inWindow=true;time_close=08-06 06:10
2026-08-06T06:09:00.000+01:00,DIAG-DEDUP;AUDUSD;s=0;wOpened=08-06 06:01;nd=0;bestStored=none;bestStoredSlot=-1;newWins=true
2026-08-06T06:09:00.000+01:00,DIAG-CLOSE;AUDUSD;s=1;prev=11;c=12;firstObs=false;slotOn=true;inWindow=true;time_close=08-06 06:10
2026-08-06T06:09:00.000+01:00,DIAG-DEDUP;AUDUSD;s=1;wOpened=08-06 06:01;nd=1;bestStored=08-06 06:01;bestStoredSlot=0;newWins=true
2026-08-06T06:17:00.000+01:00,DIAG-CLOSE;CADJPY;s=0;prev=12;c=13;firstObs=false;slotOn=true;inWindow=true;time_close=08-06 06:18
2026-08-06T06:17:00.000+01:00,DIAG-DEDUP;CADJPY;s=0;wOpened=08-06 06:15;nd=0;bestStored=none;bestStoredSlot=-1;newWins=true
2026-08-06T06:17:00.000+01:00,DIAG-CLOSE;CADJPY;s=1;prev=10;c=11;firstObs=false;slotOn=true;inWindow=true;time_close=08-06 06:18
2026-08-06T06:17:00.000+01:00,DIAG-DEDUP;CADJPY;s=1;wOpened=08-06 06:15;nd=1;bestStored=08-06 06:15;bestStoredSlot=0;newWins=true
2026-08-06T06:27:00.000+01:00,DIAG-CLOSE;EURGBP;s=6;prev=2;c=3;firstObs=false;slotOn=true;inWindow=true;time_close=08-06 06:28
2026-08-06T06:27:00.000+01:00,DIAG-DEDUP;EURGBP;s=6;wOpened=08-06 06:26;nd=0;bestStored=none;bestStoredSlot=-1;newWins=true
2026-08-06T06:31:00.000+01:00,DIAG-CLOSE;GBPCAD;s=0;prev=18;c=19;firstObs=false;slotOn=true;inWindow=true;time_close=08-06 06:32
2026-08-06T06:31:00.000+01:00,DIAG-DEDUP;GBPCAD;s=0;wOpened=08-06 06:05;nd=0;bestStored=none;bestStoredSlot=-1;newWins=true
2026-08-06T06:31:00.000+01:00,DIAG-CLOSE;GBPCAD;s=1;prev=19;c=20;firstObs=false;slotOn=true;inWindow=true;time_close=08-06 06:32
2026-08-06T06:31:00.000+01:00,DIAG-DEDUP;GBPCAD;s=1;wOpened=08-06 06:05;nd=1;bestStored=08-06 06:05;bestStoredSlot=0;newWins=true
2026-08-06T06:31:00.000+01:00,DIAG-CLOSE;GBPCAD;s=2;prev=10;c=11;firstObs=false;slotOn=true;inWindow=true;time_close=08-06 06:32
2026-08-06T06:31:00.000+01:00,DIAG-DEDUP;GBPCAD;s=2;wOpened=08-06 06:05;nd=1;bestStored=08-06 06:05;bestStoredSlot=1;newWins=true
2026-08-06T06:31:00.000+01:00,DIAG-CLOSE;GBPCAD;s=3;prev=8;c=9;firstObs=false;slotOn=true;inWindow=true;time_close=08-06 06:32
2026-08-06T06:31:00.000+01:00,DIAG-DEDUP;GBPCAD;s=3;wOpened=08-06 06:06;nd=1;bestStored=08-06 06:05;bestStoredSlot=2;newWins=false
2026-08-06T06:31:00.000+01:00,DIAG-CLOSE;GBPCAD;s=4;prev=6;c=7;firstObs=false;slotOn=true;inWindow=true;time_close=08-06 06:32
2026-08-06T06:31:00.000+01:00,DIAG-DEDUP;GBPCAD;s=4;wOpened=08-06 06:06;nd=1;bestStored=08-06 06:05;bestStoredSlot=2;newWins=false
2026-08-06T06:39:00.000+01:00,DIAG-CLOSE;CHFJPY;s=0;prev=17;c=18;firstObs=false;slotOn=true;inWindow=true;time_close=08-06 06:40
2026-08-06T06:39:00.000+01:00,DIAG-DEDUP;CHFJPY;s=0;wOpened=08-06 06:38;nd=0;bestStored=none;bestStoredSlot=-1;newWins=true
2026-08-06T06:39:00.000+01:00,DIAG-CLOSE;CHFJPY;s=1;prev=19;c=20;firstObs=false;slotOn=true;inWindow=true;time_close=08-06 06:40
2026-08-06T06:39:00.000+01:00,DIAG-DEDUP;CHFJPY;s=1;wOpened=08-06 06:38;nd=1;bestStored=08-06 06:38;bestStoredSlot=0;newWins=true
2026-08-06T06:49:00.000+01:00,DIAG-CLOSE;GBPCAD;s=7;prev=3;c=4;firstObs=false;slotOn=true;inWindow=true;time_close=08-06 06:50
2026-08-06T06:49:00.000+01:00,DIAG-DEDUP;GBPCAD;s=7;wOpened=08-06 06:46;nd=0;bestStored=none;bestStoredSlot=-1;newWins=true
2026-08-06T06:53:00.000+01:00,DIAG-CLOSE;GBPCAD;s=6;prev=5;c=6;firstObs=false;slotOn=true;inWindow=true;time_close=08-06 06:54
2026-08-06T06:53:00.000+01:00,DIAG-DEDUP;GBPCAD;s=6;wOpened=08-06 06:48;nd=1;bestStored=08-06 06:46;bestStoredSlot=7;newWins=false
2026-08-06T07:06:00.000+01:00,DIAG-CLOSE;EURGBP;s=6;prev=3;c=4;firstObs=false;slotOn=true;inWindow=true;time_close=08-06 07:07
2026-08-06T07:06:00.000+01:00,DIAG-DEDUP;EURGBP;s=6;wOpened=08-06 07:05;nd=0;bestStored=none;bestStoredSlot=-1;newWins=true
2026-08-06T07:13:00.000+01:00,DIAG-CLOSE;GBPCHF;s=0;prev=9;c=10;firstObs=false;slotOn=true;inWindow=true;time_close=08-06 07:14
2026-08-06T07:13:00.000+01:00,DIAG-DEDUP;GBPCHF;s=0;wOpened=08-06 06:48;nd=0;bestStored=none;bestStoredSlot=-1;newWins=true
2026-08-06T07:13:00.000+01:00,DIAG-CLOSE;GBPCHF;s=1;prev=9;c=10;firstObs=false;slotOn=true;inWindow=true;time_close=08-06 07:14
2026-08-06T07:13:00.000+01:00,DIAG-DEDUP;GBPCHF;s=1;wOpened=08-06 06:48;nd=1;bestStored=08-06 06:48;bestStoredSlot=0;newWins=true
2026-08-06T07:25:00.000+01:00,DIAG-CLOSE;EURCHF;s=0;prev=18;c=19;firstObs=false;slotOn=true;inWindow=true;time_close=08-06 07:26
2026-08-06T07:25:00.000+01:00,DIAG-DEDUP;EURCHF;s=0;wOpened=08-06 07:17;nd=0;bestStored=none;bestStoredSlot=-1;newWins=true
2026-08-06T07:25:00.000+01:00,DIAG-CLOSE;EURCHF;s=1;prev=18;c=19;firstObs=false;slotOn=true;inWindow=true;time_close=08-06 07:26
2026-08-06T07:25:00.000+01:00,DIAG-DEDUP;EURCHF;s=1;wOpened=08-06 07:17;nd=1;bestStored=08-06 07:17;bestStoredSlot=0;newWins=true
2026-08-06T07:25:00.000+01:00,DIAG-CLOSE;EURCHF;s=2;prev=9;c=10;firstObs=false;slotOn=true;inWindow=true;time_close=08-06 07:26
2026-08-06T07:25:00.000+01:00,DIAG-DEDUP;EURCHF;s=2;wOpened=08-06 07:22;nd=1;bestStored=08-06 07:17;bestStoredSlot=1;newWins=false
2026-08-06T07:25:00.000+01:00,DIAG-CLOSE;EURCHF;s=3;prev=10;c=11;firstObs=false;slotOn=true;inWindow=true;time_close=08-06 07:26
2026-08-06T07:25:00.000+01:00,DIAG-DEDUP;EURCHF;s=3;wOpened=08-06 07:22;nd=1;bestStored=08-06 07:17;bestStoredSlot=1;newWins=false
2026-08-06T07:25:00.000+01:00,DIAG-CLOSE;EURCHF;s=6;prev=1;c=2;firstObs=false;slotOn=true;inWindow=true;time_close=08-06 07:26
2026-08-06T07:25:00.000+01:00,DIAG-DEDUP;EURCHF;s=6;wOpened=08-06 07:22;nd=1;bestStored=08-06 07:17;bestStoredSlot=1;newWins=false
2026-08-06T07:39:00.000+01:00,DIAG-CLOSE;EURGBP;s=0;prev=21;c=22;firstObs=false;slotOn=true;inWindow=true;time_close=08-06 07:40
2026-08-06T07:39:00.000+01:00,DIAG-DEDUP;EURGBP;s=0;wOpened=08-06 07:04;nd=1;bestStored=08-06 07:05;bestStoredSlot=6;newWins=true
2026-08-06T07:39:00.000+01:00,DIAG-CLOSE;EURGBP;s=1;prev=20;c=21;firstObs=false;slotOn=true;inWindow=true;time_close=08-06 07:40
2026-08-06T07:39:00.000+01:00,DIAG-DEDUP;EURGBP;s=1;wOpened=08-06 07:04;nd=1;bestStored=08-06 07:04;bestStoredSlot=0;newWins=true
2026-08-06T07:39:00.000+01:00,DIAG-CLOSE;EURGBP;s=2;prev=11;c=12;firstObs=false;slotOn=true;inWindow=true;time_close=08-06 07:40
2026-08-06T07:39:00.000+01:00,DIAG-DEDUP;EURGBP;s=2;wOpened=08-06 07:11;nd=1;bestStored=08-06 07:04;bestStoredSlot=1;newWins=false
2026-08-06T07:39:00.000+01:00,DIAG-CLOSE;EURGBP;s=3;prev=10;c=11;firstObs=false;slotOn=true;inWindow=true;time_close=08-06 07:40
2026-08-06T07:39:00.000+01:00,DIAG-DEDUP;EURGBP;s=3;wOpened=08-06 07:11;nd=1;bestStored=08-06 07:04;bestStoredSlot=1;newWins=false
2026-08-06T07:41:00.000+01:00,DIAG-CLOSE;GBPJPY;s=0;prev=21;c=22;firstObs=false;slotOn=true;inWindow=true;time_close=08-06 07:42
2026-08-06T07:41:00.000+01:00,DIAG-DEDUP;GBPJPY;s=0;wOpened=08-06 07:32;nd=0;bestStored=none;bestStoredSlot=-1;newWins=true
2026-08-06T07:41:00.000+01:00,DIAG-CLOSE;GBPJPY;s=1;prev=21;c=22;firstObs=false;slotOn=true;inWindow=true;time_close=08-06 07:42
2026-08-06T07:41:00.000+01:00,DIAG-DEDUP;GBPJPY;s=1;wOpened=08-06 07:32;nd=1;bestStored=08-06 07:32;bestStoredSlot=0;newWins=true
2026-08-06T07:41:00.000+01:00,DIAG-CLOSE;GBPJPY;s=2;prev=11;c=12;firstObs=false;slotOn=true;inWindow=true;time_close=08-06 07:42
2026-08-06T07:41:00.000+01:00,DIAG-DEDUP;GBPJPY;s=2;wOpened=08-06 07:40;nd=1;bestStored=08-06 07:32;bestStoredSlot=1;newWins=false
2026-08-06T07:41:00.000+01:00,DIAG-CLOSE;GBPJPY;s=3;prev=11;c=12;firstObs=false;slotOn=true;inWindow=true;time_close=08-06 07:42
2026-08-06T07:41:00.000+01:00,DIAG-DEDUP;GBPJPY;s=3;wOpened=08-06 07:40;nd=1;bestStored=08-06 07:32;bestStoredSlot=1;newWins=false
2026-08-06T07:42:00.000+01:00,DIAG-CLOSE;EURCAD;s=0;prev=9;c=10;firstObs=false;slotOn=true;inWindow=true;time_close=08-06 07:43
2026-08-06T07:42:00.000+01:00,DIAG-DEDUP;EURCAD;s=0;wOpened=08-06 07:32;nd=0;bestStored=none;bestStoredSlot=-1;newWins=true
2026-08-06T07:42:00.000+01:00,DIAG-CLOSE;EURCAD;s=1;prev=10;c=11;firstObs=false;slotOn=true;inWindow=true;time_close=08-06 07:43
2026-08-06T07:42:00.000+01:00,DIAG-DEDUP;EURCAD;s=1;wOpened=08-06 07:32;nd=1;bestStored=08-06 07:32;bestStoredSlot=0;newWins=true
2026-08-06T08:16:00.000+01:00,DIAG-CLOSE;EURGBP;s=7;prev=5;c=6;firstObs=false;slotOn=true;inWindow=true;time_close=08-06 08:17
2026-08-06T08:16:00.000+01:00,DIAG-DEDUP;EURGBP;s=7;wOpened=08-06 07:11;nd=1;bestStored=08-06 07:04;bestStoredSlot=1;newWins=false
2026-08-06T09:00:00.000+01:00,DIAG-CLOSE;GBPUSD;s=0;prev=15;c=16;firstObs=false;slotOn=true;inWindow=true;time_close=08-06 09:01
2026-08-06T09:00:00.000+01:00,DIAG-DEDUP;GBPUSD;s=0;wOpened=08-06 08:59;nd=0;bestStored=none;bestStoredSlot=-1;newWins=true
2026-08-06T09:00:00.000+01:00,DIAG-CLOSE;GBPUSD;s=1;prev=14;c=15;firstObs=false;slotOn=true;inWindow=true;time_close=08-06 09:01
2026-08-06T09:00:00.000+01:00,DIAG-DEDUP;GBPUSD;s=1;wOpened=08-06 08:59;nd=1;bestStored=08-06 08:59;bestStoredSlot=0;newWins=true
2026-08-06T09:09:00.000+01:00,DIAG-CLOSE;EURGBP;s=6;prev=4;c=5;firstObs=false;slotOn=true;inWindow=true;time_close=08-06 09:10
2026-08-06T09:09:00.000+01:00,DIAG-DEDUP;EURGBP;s=6;wOpened=08-06 09:08;nd=0;bestStored=none;bestStoredSlot=-1;newWins=true
2026-08-06T09:18:00.000+01:00,DIAG-CLOSE;CADCHF;s=0;prev=15;c=16;firstObs=false;slotOn=true;inWindow=true;time_close=08-06 09:19
2026-08-06T09:18:00.000+01:00,DIAG-DEDUP;CADCHF;s=0;wOpened=08-06 08:27;nd=0;bestStored=none;bestStoredSlot=-1;newWins=true
2026-08-06T09:18:00.000+01:00,DIAG-CLOSE;CADCHF;s=1;prev=15;c=16;firstObs=false;slotOn=true;inWindow=true;time_close=08-06 09:19
2026-08-06T09:18:00.000+01:00,DIAG-DEDUP;CADCHF;s=1;wOpened=08-06 08:27;nd=1;bestStored=08-06 08:27;bestStoredSlot=0;newWins=true
2026-08-06T09:18:00.000+01:00,DIAG-CLOSE;CADCHF;s=2;prev=9;c=10;firstObs=false;slotOn=true;inWindow=true;time_close=08-06 09:19
2026-08-06T09:18:00.000+01:00,DIAG-DEDUP;CADCHF;s=2;wOpened=08-06 08:28;nd=1;bestStored=08-06 08:27;bestStoredSlot=1;newWins=false
2026-08-06T09:18:00.000+01:00,DIAG-CLOSE;CADCHF;s=3;prev=9;c=10;firstObs=false;slotOn=true;inWindow=true;time_close=08-06 09:19
2026-08-06T09:18:00.000+01:00,DIAG-DEDUP;CADCHF;s=3;wOpened=08-06 08:28;nd=1;bestStored=08-06 08:27;bestStoredSlot=1;newWins=false
2026-08-06T09:18:00.000+01:00,DIAG-CLOSE;CADCHF;s=4;prev=3;c=4;firstObs=false;slotOn=true;inWindow=true;time_close=08-06 09:19
2026-08-06T09:18:00.000+01:00,DIAG-DEDUP;CADCHF;s=4;wOpened=08-06 08:42;nd=1;bestStored=08-06 08:27;bestStoredSlot=1;newWins=false
2026-08-06T09:18:00.000+01:00,DIAG-CLOSE;CADCHF;s=5;prev=4;c=5;firstObs=false;slotOn=true;inWindow=true;time_close=08-06 09:19
2026-08-06T09:18:00.000+01:00,DIAG-DEDUP;CADCHF;s=5;wOpened=08-06 08:28;nd=1;bestStored=08-06 08:27;bestStoredSlot=1;newWins=false
2026-08-06T09:18:00.000+01:00,DIAG-CLOSE;CADCHF;s=6;prev=1;c=2;firstObs=false;slotOn=true;inWindow=true;time_close=08-06 09:19
2026-08-06T09:18:00.000+01:00,DIAG-DEDUP;CADCHF;s=6;wOpened=08-06 08:42;nd=1;bestStored=08-06 08:27;bestStoredSlot=1;newWins=false
2026-08-06T09:22:00.000+01:00,DIAG-CLOSE;GBPCHF;s=0;prev=10;c=11;firstObs=false;slotOn=true;inWindow=true;time_close=08-06 09:23
2026-08-06T09:22:00.000+01:00,DIAG-DEDUP;GBPCHF;s=0;wOpened=08-06 09:19;nd=0;bestStored=none;bestStoredSlot=-1;newWins=true
2026-08-06T09:22:00.000+01:00,DIAG-CLOSE;GBPCHF;s=1;prev=10;c=11;firstObs=false;slotOn=true;inWindow=true;time_close=08-06 09:23
2026-08-06T09:22:00.000+01:00,DIAG-DEDUP;GBPCHF;s=1;wOpened=08-06 09:19;nd=1;bestStored=08-06 09:19;bestStoredSlot=0;newWins=true
2026-08-06T09:32:00.000+01:00,DIAG-CLOSE;USDCAD;s=0;prev=12;c=13;firstObs=false;slotOn=true;inWindow=true;time_close=08-06 09:33
2026-08-06T09:32:00.000+01:00,DIAG-DEDUP;USDCAD;s=0;wOpened=08-06 08:17;nd=0;bestStored=none;bestStoredSlot=-1;newWins=true
2026-08-06T09:32:00.000+01:00,DIAG-CLOSE;USDCAD;s=1;prev=15;c=16;firstObs=false;slotOn=true;inWindow=true;time_close=08-06 09:33
2026-08-06T09:32:00.000+01:00,DIAG-DEDUP;USDCAD;s=1;wOpened=08-06 08:17;nd=1;bestStored=08-06 08:17;bestStoredSlot=0;newWins=true
2026-08-06T09:32:00.000+01:00,DIAG-CLOSE;USDCAD;s=2;prev=7;c=8;firstObs=false;slotOn=true;inWindow=true;time_close=08-06 09:33
2026-08-06T09:32:00.000+01:00,DIAG-DEDUP;USDCAD;s=2;wOpened=08-06 08:18;nd=1;bestStored=08-06 08:17;bestStoredSlot=1;newWins=false
2026-08-06T09:32:00.000+01:00,DIAG-CLOSE;USDCAD;s=3;prev=8;c=9;firstObs=false;slotOn=true;inWindow=true;time_close=08-06 09:33
2026-08-06T09:32:00.000+01:00,DIAG-DEDUP;USDCAD;s=3;wOpened=08-06 08:18;nd=1;bestStored=08-06 08:17;bestStoredSlot=1;newWins=false
2026-08-06T09:32:00.000+01:00,DIAG-CLOSE;USDCAD;s=4;prev=4;c=5;firstObs=false;slotOn=true;inWindow=true;time_close=08-06 09:33
2026-08-06T09:32:00.000+01:00,DIAG-DEDUP;USDCAD;s=4;wOpened=08-06 09:17;nd=1;bestStored=08-06 08:17;bestStoredSlot=1;newWins=false
2026-08-06T09:32:00.000+01:00,DIAG-CLOSE;USDCAD;s=5;prev=3;c=4;firstObs=false;slotOn=true;inWindow=true;time_close=08-06 09:33
2026-08-06T09:32:00.000+01:00,DIAG-DEDUP;USDCAD;s=5;wOpened=08-06 08:19;nd=1;bestStored=08-06 08:17;bestStoredSlot=1;newWins=false
2026-08-06T09:32:00.000+01:00,DIAG-CLOSE;USDCAD;s=6;prev=2;c=3;firstObs=false;slotOn=true;inWindow=true;time_close=08-06 09:33
2026-08-06T09:32:00.000+01:00,DIAG-DEDUP;USDCAD;s=6;wOpened=08-06 09:18;nd=1;bestStored=08-06 08:17;bestStoredSlot=1;newWins=false
2026-08-06T09:32:00.000+01:00,DIAG-CLOSE;EURJPY;s=0;prev=17;c=18;firstObs=false;slotOn=true;inWindow=true;time_close=08-06 09:33
2026-08-06T09:32:00.000+01:00,DIAG-DEDUP;EURJPY;s=0;wOpened=08-06 09:31;nd=0;bestStored=none;bestStoredSlot=-1;newWins=true
2026-08-06T09:32:00.000+01:00,DIAG-CLOSE;EURJPY;s=1;prev=17;c=18;firstObs=false;slotOn=true;inWindow=true;time_close=08-06 09:33
2026-08-06T09:32:00.000+01:00,DIAG-DEDUP;EURJPY;s=1;wOpened=08-06 09:31;nd=1;bestStored=08-06 09:31;bestStoredSlot=0;newWins=true
2026-08-06T09:38:00.000+01:00,DIAG-CLOSE;USDCAD;s=7;prev=2;c=3;firstObs=false;slotOn=true;inWindow=true;time_close=08-06 09:39
2026-08-06T09:38:00.000+01:00,DIAG-DEDUP;USDCAD;s=7;wOpened=08-06 09:29;nd=1;bestStored=08-06 08:17;bestStoredSlot=1;newWins=false
2026-08-06T09:56:00.000+01:00,DIAG-CLOSE;EURAUD;s=0;prev=14;c=15;firstObs=false;slotOn=true;inWindow=true;time_close=08-06 09:57
2026-08-06T09:56:00.000+01:00,DIAG-DEDUP;EURAUD;s=0;wOpened=08-06 09:55;nd=0;bestStored=none;bestStoredSlot=-1;newWins=true
2026-08-06T09:56:00.000+01:00,DIAG-CLOSE;EURAUD;s=1;prev=13;c=14;firstObs=false;slotOn=true;inWindow=true;time_close=08-06 09:57
2026-08-06T09:56:00.000+01:00,DIAG-DEDUP;EURAUD;s=1;wOpened=08-06 09:55;nd=1;bestStored=08-06 09:55;bestStoredSlot=0;newWins=true
2026-08-06T10:20:00.000+01:00,DIAG-CLOSE;GBPCHF;s=5;prev=4;c=5;firstObs=false;slotOn=true;inWindow=true;time_close=08-06 10:21
2026-08-06T10:20:00.000+01:00,DIAG-DEDUP;GBPCHF;s=5;wOpened=08-06 09:19;nd=1;bestStored=08-06 09:19;bestStoredSlot=1;newWins=true
2026-08-06T10:21:00.000+01:00,DIAG-CLOSE;AUDCHF;s=1;prev=18;c=19;firstObs=false;slotOn=true;inWindow=true;time_close=08-06 10:22
2026-08-06T10:21:00.000+01:00,DIAG-DEDUP;AUDCHF;s=1;wOpened=08-06 10:09;nd=0;bestStored=none;bestStoredSlot=-1;newWins=true
2026-08-06T10:29:00.000+01:00,DIAG-CLOSE;EURCHF;s=0;prev=19;c=20;firstObs=false;slotOn=true;inWindow=true;time_close=08-06 10:30
2026-08-06T10:29:00.000+01:00,DIAG-DEDUP;EURCHF;s=0;wOpened=08-06 10:00;nd=0;bestStored=none;bestStoredSlot=-1;newWins=true
2026-08-06T10:29:00.000+01:00,DIAG-CLOSE;EURCHF;s=1;prev=19;c=20;firstObs=false;slotOn=true;inWindow=true;time_close=08-06 10:30
2026-08-06T10:29:00.000+01:00,DIAG-DEDUP;EURCHF;s=1;wOpened=08-06 10:00;nd=1;bestStored=08-06 10:00;bestStoredSlot=0;newWins=true
2026-08-06T10:35:00.000+01:00,DIAG-CLOSE;GBPUSD;s=0;prev=16;c=17;firstObs=false;slotOn=true;inWindow=true;time_close=08-06 10:36
2026-08-06T10:35:00.000+01:00,DIAG-DEDUP;GBPUSD;s=0;wOpened=08-06 10:08;nd=0;bestStored=none;bestStoredSlot=-1;newWins=true
2026-08-06T10:35:00.000+01:00,DIAG-CLOSE;GBPUSD;s=1;prev=15;c=16;firstObs=false;slotOn=true;inWindow=true;time_close=08-06 10:36
2026-08-06T10:35:00.000+01:00,DIAG-DEDUP;GBPUSD;s=1;wOpened=08-06 10:08;nd=1;bestStored=08-06 10:08;bestStoredSlot=0;newWins=true
2026-08-06T10:40:00.000+01:00,DIAG-CLOSE;EURUSD;s=0;prev=21;c=22;firstObs=false;slotOn=true;inWindow=true;time_close=08-06 10:41
2026-08-06T10:40:00.000+01:00,DIAG-DEDUP;EURUSD;s=0;wOpened=08-06 09:31;nd=0;bestStored=none;bestStoredSlot=-1;newWins=true
2026-08-06T10:40:00.000+01:00,DIAG-CLOSE;EURUSD;s=1;prev=21;c=22;firstObs=false;slotOn=true;inWindow=true;time_close=08-06 10:41
2026-08-06T10:40:00.000+01:00,DIAG-DEDUP;EURUSD;s=1;wOpened=08-06 09:31;nd=1;bestStored=08-06 09:31;bestStoredSlot=0;newWins=true
2026-08-06T10:40:00.000+01:00,DIAG-CLOSE;EURUSD;s=2;prev=11;c=12;firstObs=false;slotOn=true;inWindow=true;time_close=08-06 10:41
2026-08-06T10:40:00.000+01:00,DIAG-DEDUP;EURUSD;s=2;wOpened=08-06 10:39;nd=1;bestStored=08-06 09:31;bestStoredSlot=1;newWins=false
2026-08-06T10:40:00.000+01:00,DIAG-CLOSE;EURUSD;s=3;prev=12;c=13;firstObs=false;slotOn=true;inWindow=true;time_close=08-06 10:41
2026-08-06T10:40:00.000+01:00,DIAG-DEDUP;EURUSD;s=3;wOpened=08-06 10:39;nd=1;bestStored=08-06 09:31;bestStoredSlot=1;newWins=false
2026-08-06T10:40:00.000+01:00,DIAG-CLOSE;USDCHF;s=0;prev=22;c=23;firstObs=false;slotOn=true;inWindow=true;time_close=08-06 10:41
2026-08-06T10:40:00.000+01:00,DIAG-DEDUP;USDCHF;s=0;wOpened=08-06 09:13;nd=0;bestStored=none;bestStoredSlot=-1;newWins=true
2026-08-06T10:40:00.000+01:00,DIAG-CLOSE;USDCHF;s=1;prev=22;c=23;firstObs=false;slotOn=true;inWindow=true;time_close=08-06 10:41
2026-08-06T10:40:00.000+01:00,DIAG-DEDUP;USDCHF;s=1;wOpened=08-06 09:13;nd=1;bestStored=08-06 09:13;bestStoredSlot=0;newWins=true
2026-08-06T10:40:00.000+01:00,DIAG-CLOSE;USDCHF;s=2;prev=8;c=9;firstObs=false;slotOn=true;inWindow=true;time_close=08-06 10:41
2026-08-06T10:40:00.000+01:00,DIAG-DEDUP;USDCHF;s=2;wOpened=08-06 10:19;nd=1;bestStored=08-06 09:13;bestStoredSlot=1;newWins=false
2026-08-06T10:40:00.000+01:00,DIAG-CLOSE;USDCHF;s=3;prev=7;c=8;firstObs=false;slotOn=true;inWindow=true;time_close=08-06 10:41
2026-08-06T10:40:00.000+01:00,DIAG-DEDUP;USDCHF;s=3;wOpened=08-06 10:19;nd=1;bestStored=08-06 09:13;bestStoredSlot=1;newWins=false
2026-08-06T10:53:00.000+01:00,DIAG-CLOSE;AUDJPY;s=0;prev=13;c=14;firstObs=false;slotOn=true;inWindow=true;time_close=08-06 10:54
2026-08-06T10:53:00.000+01:00,DIAG-DEDUP;AUDJPY;s=0;wOpened=08-06 10:01;nd=0;bestStored=none;bestStoredSlot=-1;newWins=true
2026-08-06T10:53:00.000+01:00,DIAG-CLOSE;AUDJPY;s=1;prev=15;c=16;firstObs=false;slotOn=true;inWindow=true;time_close=08-06 10:54
2026-08-06T10:53:00.000+01:00,DIAG-DEDUP;AUDJPY;s=1;wOpened=08-06 10:01;nd=1;bestStored=08-06 10:01;bestStoredSlot=0;newWins=true
2026-08-06T10:53:00.000+01:00,DIAG-CLOSE;AUDJPY;s=2;prev=9;c=10;firstObs=false;slotOn=true;inWindow=true;time_close=08-06 10:54
2026-08-06T10:53:00.000+01:00,DIAG-DEDUP;AUDJPY;s=2;wOpened=08-06 10:11;nd=1;bestStored=08-06 10:01;bestStoredSlot=1;newWins=false
2026-08-06T10:53:00.000+01:00,DIAG-CLOSE;AUDJPY;s=3;prev=8;c=9;firstObs=false;slotOn=true;inWindow=true;time_close=08-06 10:54
2026-08-06T10:53:00.000+01:00,DIAG-DEDUP;AUDJPY;s=3;wOpened=08-06 10:11;nd=1;bestStored=08-06 10:01;bestStoredSlot=1;newWins=false
2026-08-06T10:53:00.000+01:00,DIAG-CLOSE;AUDJPY;s=4;prev=3;c=4;firstObs=false;slotOn=true;inWindow=true;time_close=08-06 10:54
2026-08-06T10:53:00.000+01:00,DIAG-DEDUP;AUDJPY;s=4;wOpened=08-06 10:46;nd=1;bestStored=08-06 10:01;bestStoredSlot=1;newWins=false
2026-08-06T10:53:00.000+01:00,DIAG-CLOSE;AUDJPY;s=5;prev=5;c=6;firstObs=false;slotOn=true;inWindow=true;time_close=08-06 10:54
2026-08-06T10:53:00.000+01:00,DIAG-DEDUP;AUDJPY;s=5;wOpened=08-06 10:46;nd=1;bestStored=08-06 10:01;bestStoredSlot=1;newWins=false
2026-08-06T11:10:00.000+01:00,DIAG-CLOSE;AUDCAD;s=0;prev=16;c=17;firstObs=false;slotOn=true;inWindow=true;time_close=08-06 11:11
2026-08-06T11:10:00.000+01:00,DIAG-DEDUP;AUDCAD;s=0;wOpened=08-06 10:13;nd=0;bestStored=none;bestStoredSlot=-1;newWins=true
2026-08-06T11:10:00.000+01:00,DIAG-CLOSE;AUDCAD;s=1;prev=15;c=16;firstObs=false;slotOn=true;inWindow=true;time_close=08-06 11:11
2026-08-06T11:10:00.000+01:00,DIAG-DEDUP;AUDCAD;s=1;wOpened=08-06 10:13;nd=1;bestStored=08-06 10:13;bestStoredSlot=0;newWins=true
2026-08-06T11:10:00.000+01:00,DIAG-CLOSE;AUDCAD;s=2;prev=9;c=10;firstObs=false;slotOn=true;inWindow=true;time_close=08-06 11:11
2026-08-06T11:10:00.000+01:00,DIAG-DEDUP;AUDCAD;s=2;wOpened=08-06 10:47;nd=1;bestStored=08-06 10:13;bestStoredSlot=1;newWins=false
2026-08-06T11:10:00.000+01:00,DIAG-CLOSE;AUDCAD;s=3;prev=8;c=9;firstObs=false;slotOn=true;inWindow=true;time_close=08-06 11:11
2026-08-06T11:10:00.000+01:00,DIAG-DEDUP;AUDCAD;s=3;wOpened=08-06 10:47;nd=1;bestStored=08-06 10:13;bestStoredSlot=1;newWins=false
2026-08-06T11:10:00.000+01:00,DIAG-CLOSE;AUDCAD;s=4;prev=4;c=5;firstObs=false;slotOn=true;inWindow=true;time_close=08-06 11:11
2026-08-06T11:10:00.000+01:00,DIAG-DEDUP;AUDCAD;s=4;wOpened=08-06 11:09;nd=1;bestStored=08-06 10:13;bestStoredSlot=1;newWins=false
2026-08-06T11:10:00.000+01:00,DIAG-CLOSE;AUDCAD;s=5;prev=4;c=5;firstObs=false;slotOn=true;inWindow=true;time_close=08-06 11:11
2026-08-06T11:10:00.000+01:00,DIAG-DEDUP;AUDCAD;s=5;wOpened=08-06 10:47;nd=1;bestStored=08-06 10:13;bestStoredSlot=1;newWins=false
2026-08-06T11:17:00.000+01:00,DIAG-CLOSE;CADJPY;s=0;prev=13;c=14;firstObs=false;slotOn=true;inWindow=true;time_close=08-06 11:18
2026-08-06T11:17:00.000+01:00,DIAG-DEDUP;CADJPY;s=0;wOpened=08-06 11:09;nd=0;bestStored=none;bestStoredSlot=-1;newWins=true
2026-08-06T11:17:00.000+01:00,DIAG-CLOSE;CADJPY;s=1;prev=11;c=12;firstObs=false;slotOn=true;inWindow=true;time_close=08-06 11:18
2026-08-06T11:17:00.000+01:00,DIAG-DEDUP;CADJPY;s=1;wOpened=08-06 11:09;nd=1;bestStored=08-06 11:09;bestStoredSlot=0;newWins=true
2026-08-06T11:26:00.000+01:00,DIAG-CLOSE;USDCAD;s=0;prev=13;c=14;firstObs=false;slotOn=true;inWindow=true;time_close=08-06 11:27
2026-08-06T11:26:00.000+01:00,DIAG-DEDUP;USDCAD;s=0;wOpened=08-06 10:53;nd=0;bestStored=none;bestStoredSlot=-1;newWins=true
2026-08-06T11:26:00.000+01:00,DIAG-CLOSE;USDCAD;s=1;prev=16;c=17;firstObs=false;slotOn=true;inWindow=true;time_close=08-06 11:27
2026-08-06T11:26:00.000+01:00,DIAG-DEDUP;USDCAD;s=1;wOpened=08-06 10:53;nd=1;bestStored=08-06 10:53;bestStoredSlot=0;newWins=true
2026-08-06T11:26:00.000+01:00,DIAG-CLOSE;USDCAD;s=2;prev=8;c=9;firstObs=false;slotOn=true;inWindow=true;time_close=08-06 11:27
2026-08-06T11:26:00.000+01:00,DIAG-DEDUP;USDCAD;s=2;wOpened=08-06 11:01;nd=1;bestStored=08-06 10:53;bestStoredSlot=1;newWins=false
2026-08-06T11:26:00.000+01:00,DIAG-CLOSE;USDCAD;s=3;prev=9;c=10;firstObs=false;slotOn=true;inWindow=true;time_close=08-06 11:27
2026-08-06T11:26:00.000+01:00,DIAG-DEDUP;USDCAD;s=3;wOpened=08-06 11:01;nd=1;bestStored=08-06 10:53;bestStoredSlot=1;newWins=false
2026-08-06T11:26:00.000+01:00,DIAG-CLOSE;USDCAD;s=4;prev=5;c=6;firstObs=false;slotOn=true;inWindow=true;time_close=08-06 11:27
2026-08-06T11:26:00.000+01:00,DIAG-DEDUP;USDCAD;s=4;wOpened=08-06 11:02;nd=1;bestStored=08-06 10:53;bestStoredSlot=1;newWins=false
2026-08-06T11:26:00.000+01:00,DIAG-CLOSE;USDCAD;s=5;prev=4;c=5;firstObs=false;slotOn=true;inWindow=true;time_close=08-06 11:27
2026-08-06T11:26:00.000+01:00,DIAG-DEDUP;USDCAD;s=5;wOpened=08-06 11:02;nd=1;bestStored=08-06 10:53;bestStoredSlot=1;newWins=false
2026-08-06T11:26:00.000+01:00,DIAG-CLOSE;USDCAD;s=6;prev=3;c=4;firstObs=false;slotOn=true;inWindow=true;time_close=08-06 11:27
2026-08-06T11:26:00.000+01:00,DIAG-DEDUP;USDCAD;s=6;wOpened=08-06 11:03;nd=1;bestStored=08-06 10:53;bestStoredSlot=1;newWins=false
2026-08-06T11:26:00.000+01:00,DIAG-CLOSE;USDCAD;s=7;prev=3;c=4;firstObs=false;slotOn=true;inWindow=true;time_close=08-06 11:27
2026-08-06T11:26:00.000+01:00,DIAG-DEDUP;USDCAD;s=7;wOpened=08-06 11:03;nd=1;bestStored=08-06 10:53;bestStoredSlot=1;newWins=false
2026-08-06T11:32:00.000+01:00,DIAG-CLOSE;GBPCAD;s=0;prev=19;c=20;firstObs=false;slotOn=true;inWindow=true;time_close=08-06 11:33
2026-08-06T11:32:00.000+01:00,DIAG-DEDUP;GBPCAD;s=0;wOpened=08-06 10:17;nd=0;bestStored=none;bestStoredSlot=-1;newWins=true
2026-08-06T11:32:00.000+01:00,DIAG-CLOSE;GBPCAD;s=1;prev=20;c=21;firstObs=false;slotOn=true;inWindow=true;time_close=08-06 11:33
2026-08-06T11:32:00.000+01:00,DIAG-DEDUP;GBPCAD;s=1;wOpened=08-06 10:17;nd=1;bestStored=08-06 10:17;bestStoredSlot=0;newWins=true
2026-08-06T11:32:00.000+01:00,DIAG-CLOSE;GBPCAD;s=3;prev=9;c=10;firstObs=false;slotOn=true;inWindow=true;time_close=08-06 11:33
2026-08-06T11:32:00.000+01:00,DIAG-DEDUP;GBPCAD;s=3;wOpened=08-06 10:46;nd=1;bestStored=08-06 10:17;bestStoredSlot=1;newWins=false
2026-08-06T11:32:00.000+01:00,DIAG-CLOSE;GBPCAD;s=5;prev=5;c=6;firstObs=false;slotOn=true;inWindow=true;time_close=08-06 11:33
2026-08-06T11:32:00.000+01:00,DIAG-DEDUP;GBPCAD;s=5;wOpened=08-06 11:03;nd=1;bestStored=08-06 10:17;bestStoredSlot=1;newWins=false
2026-08-06T11:34:00.000+01:00,DIAG-CLOSE;AUDCAD;s=6;prev=1;c=2;firstObs=false;slotOn=true;inWindow=true;time_close=08-06 11:35
2026-08-06T11:34:00.000+01:00,DIAG-DEDUP;AUDCAD;s=6;wOpened=08-06 11:09;nd=1;bestStored=08-06 10:13;bestStoredSlot=1;newWins=false
2026-08-06T11:38:00.000+01:00,DIAG-CLOSE;GBPCHF;s=0;prev=11;c=12;firstObs=false;slotOn=true;inWindow=true;time_close=08-06 11:39
2026-08-06T11:38:00.000+01:00,DIAG-DEDUP;GBPCHF;s=0;wOpened=08-06 11:20;nd=0;bestStored=none;bestStoredSlot=-1;newWins=true
2026-08-06T11:38:00.000+01:00,DIAG-CLOSE;GBPCHF;s=1;prev=11;c=12;firstObs=false;slotOn=true;inWindow=true;time_close=08-06 11:39
2026-08-06T11:38:00.000+01:00,DIAG-DEDUP;GBPCHF;s=1;wOpened=08-06 11:20;nd=1;bestStored=08-06 11:20;bestStoredSlot=0;newWins=true
2026-08-06T11:43:00.000+01:00,DIAG-CLOSE;EURCAD;s=0;prev=10;c=11;firstObs=false;slotOn=true;inWindow=true;time_close=08-06 11:44
2026-08-06T11:43:00.000+01:00,DIAG-DEDUP;EURCAD;s=0;wOpened=08-06 11:38;nd=0;bestStored=none;bestStoredSlot=-1;newWins=true
2026-08-06T11:43:00.000+01:00,DIAG-CLOSE;EURCAD;s=1;prev=11;c=12;firstObs=false;slotOn=true;inWindow=true;time_close=08-06 11:44
2026-08-06T11:43:00.000+01:00,DIAG-DEDUP;EURCAD;s=1;wOpened=08-06 11:38;nd=1;bestStored=08-06 11:38;bestStoredSlot=0;newWins=true
2026-08-06T11:55:00.000+01:00,DIAG-CLOSE;EURAUD;s=0;prev=15;c=16;firstObs=false;slotOn=true;inWindow=true;time_close=08-06 11:56
2026-08-06T11:55:00.000+01:00,DIAG-DEDUP;EURAUD;s=0;wOpened=08-06 11:35;nd=0;bestStored=none;bestStoredSlot=-1;newWins=true
2026-08-06T11:55:00.000+01:00,DIAG-CLOSE;EURAUD;s=1;prev=14;c=15;firstObs=false;slotOn=true;inWindow=true;time_close=08-06 11:56
2026-08-06T11:55:00.000+01:00,DIAG-DEDUP;EURAUD;s=1;wOpened=08-06 11:35;nd=1;bestStored=08-06 11:35;bestStoredSlot=0;newWins=true
2026-08-06T12:07:00.000+01:00,DIAG-CLOSE;CHFJPY;s=0;prev=18;c=19;firstObs=false;slotOn=true;inWindow=true;time_close=08-06 12:08
2026-08-06T12:07:00.000+01:00,DIAG-DEDUP;CHFJPY;s=0;wOpened=08-06 12:04;nd=0;bestStored=none;bestStoredSlot=-1;newWins=true
2026-08-06T12:07:00.000+01:00,DIAG-CLOSE;CHFJPY;s=1;prev=20;c=21;firstObs=false;slotOn=true;inWindow=true;time_close=08-06 12:08
2026-08-06T12:07:00.000+01:00,DIAG-DEDUP;CHFJPY;s=1;wOpened=08-06 12:04;nd=1;bestStored=08-06 12:04;bestStoredSlot=0;newWins=true
2026-08-06T12:07:00.000+01:00,DIAG-CLOSE;CHFJPY;s=2;prev=8;c=9;firstObs=false;slotOn=true;inWindow=true;time_close=08-06 12:08
2026-08-06T12:07:00.000+01:00,DIAG-DEDUP;CHFJPY;s=2;wOpened=08-06 12:06;nd=1;bestStored=08-06 12:04;bestStoredSlot=1;newWins=false
2026-08-06T12:07:00.000+01:00,DIAG-CLOSE;CHFJPY;s=3;prev=6;c=7;firstObs=false;slotOn=true;inWindow=true;time_close=08-06 12:08
2026-08-06T12:07:00.000+01:00,DIAG-DEDUP;CHFJPY;s=3;wOpened=08-06 12:06;nd=1;bestStored=08-06 12:04;bestStoredSlot=1;newWins=false
2026-08-06T12:16:00.000+01:00,DIAG-CLOSE;GBPCHF;s=0;prev=12;c=13;firstObs=false;slotOn=true;inWindow=true;time_close=08-06 12:17
2026-08-06T12:16:00.000+01:00,DIAG-DEDUP;GBPCHF;s=0;wOpened=08-06 12:11;nd=0;bestStored=none;bestStoredSlot=-1;newWins=true
2026-08-06T12:16:00.000+01:00,DIAG-CLOSE;GBPCHF;s=1;prev=12;c=13;firstObs=false;slotOn=true;inWindow=true;time_close=08-06 12:17
2026-08-06T12:16:00.000+01:00,DIAG-DEDUP;GBPCHF;s=1;wOpened=08-06 12:11;nd=1;bestStored=08-06 12:11;bestStoredSlot=0;newWins=true
2026-08-06T12:16:00.000+01:00,DIAG-CLOSE;GBPCHF;s=2;prev=5;c=6;firstObs=false;slotOn=true;inWindow=true;time_close=08-06 12:17
2026-08-06T12:16:00.000+01:00,DIAG-DEDUP;GBPCHF;s=2;wOpened=08-06 12:12;nd=1;bestStored=08-06 12:11;bestStoredSlot=1;newWins=false
2026-08-06T12:16:00.000+01:00,DIAG-CLOSE;GBPCHF;s=3;prev=5;c=6;firstObs=false;slotOn=true;inWindow=true;time_close=08-06 12:17
2026-08-06T12:16:00.000+01:00,DIAG-DEDUP;GBPCHF;s=3;wOpened=08-06 12:12;nd=1;bestStored=08-06 12:11;bestStoredSlot=1;newWins=false
2026-08-06T12:16:00.000+01:00,DIAG-CLOSE;GBPCHF;s=6;prev=3;c=4;firstObs=false;slotOn=true;inWindow=true;time_close=08-06 12:17
2026-08-06T12:16:00.000+01:00,DIAG-DEDUP;GBPCHF;s=6;wOpened=08-06 12:13;nd=1;bestStored=08-06 12:11;bestStoredSlot=1;newWins=false
2026-08-06T12:16:00.000+01:00,DIAG-CLOSE;GBPCHF;s=7;prev=3;c=4;firstObs=false;slotOn=true;inWindow=true;time_close=08-06 12:17
2026-08-06T12:16:00.000+01:00,DIAG-DEDUP;GBPCHF;s=7;wOpened=08-06 11:33;nd=2;bestStored=08-06 11:20;bestStoredSlot=1;newWins=false
2026-08-06T12:34:00.000+01:00,DIAG-CLOSE;EURGBP;s=5;prev=9;c=10;firstObs=false;slotOn=true;inWindow=true;time_close=08-06 12:35
2026-08-06T12:34:00.000+01:00,DIAG-DEDUP;EURGBP;s=5;wOpened=08-06 12:32;nd=0;bestStored=none;bestStoredSlot=-1;newWins=true
2026-08-06T12:40:00.000+01:00,DIAG-CLOSE;EURGBP;s=0;prev=22;c=23;firstObs=false;slotOn=true;inWindow=true;time_close=08-06 12:41
2026-08-06T12:40:00.000+01:00,DIAG-DEDUP;EURGBP;s=0;wOpened=08-06 12:31;nd=1;bestStored=08-06 12:32;bestStoredSlot=5;newWins=true
2026-08-06T12:40:00.000+01:00,DIAG-CLOSE;EURGBP;s=1;prev=21;c=22;firstObs=false;slotOn=true;inWindow=true;time_close=08-06 12:41
2026-08-06T12:40:00.000+01:00,DIAG-DEDUP;EURGBP;s=1;wOpened=08-06 12:30;nd=1;bestStored=08-06 12:31;bestStoredSlot=0;newWins=true
2026-08-06T12:40:00.000+01:00,DIAG-CLOSE;EURGBP;s=2;prev=12;c=13;firstObs=false;slotOn=true;inWindow=true;time_close=08-06 12:41
2026-08-06T12:40:00.000+01:00,DIAG-DEDUP;EURGBP;s=2;wOpened=08-06 12:31;nd=1;bestStored=08-06 12:30;bestStoredSlot=1;newWins=false
2026-08-06T12:40:00.000+01:00,DIAG-CLOSE;EURGBP;s=6;prev=5;c=6;firstObs=false;slotOn=true;inWindow=true;time_close=08-06 12:41
2026-08-06T12:40:00.000+01:00,DIAG-DEDUP;EURGBP;s=6;wOpened=08-06 12:33;nd=1;bestStored=08-06 12:30;bestStoredSlot=1;newWins=false
2026-08-06T12:46:00.000+01:00,DIAG-CLOSE;AUDCHF;s=0;prev=16;c=17;firstObs=false;slotOn=true;inWindow=true;time_close=08-06 12:47
2026-08-06T12:46:00.000+01:00,DIAG-DEDUP;AUDCHF;s=0;wOpened=08-06 12:18;nd=0;bestStored=none;bestStoredSlot=-1;newWins=true
2026-08-06T12:46:00.000+01:00,DIAG-CLOSE;AUDCHF;s=1;prev=19;c=20;firstObs=false;slotOn=true;inWindow=true;time_close=08-06 12:47
2026-08-06T12:46:00.000+01:00,DIAG-DEDUP;AUDCHF;s=1;wOpened=08-06 12:18;nd=1;bestStored=08-06 12:18;bestStoredSlot=0;newWins=true
2026-08-06T12:46:00.000+01:00,DIAG-CLOSE;AUDCHF;s=2;prev=8;c=9;firstObs=false;slotOn=true;inWindow=true;time_close=08-06 12:47
2026-08-06T12:46:00.000+01:00,DIAG-DEDUP;AUDCHF;s=2;wOpened=08-06 12:37;nd=1;bestStored=08-06 12:18;bestStoredSlot=1;newWins=false
2026-08-06T12:46:00.000+01:00,DIAG-CLOSE;AUDCHF;s=3;prev=5;c=6;firstObs=false;slotOn=true;inWindow=true;time_close=08-06 12:47
2026-08-06T12:46:00.000+01:00,DIAG-DEDUP;AUDCHF;s=3;wOpened=08-06 12:37;nd=1;bestStored=08-06 12:18;bestStoredSlot=1;newWins=false
2026-08-06T13:01:00.000+01:00,DIAG-CLOSE;USDJPY;s=0;prev=16;c=17;firstObs=false;slotOn=true;inWindow=true;time_close=08-06 13:02
2026-08-06T13:01:00.000+01:00,DIAG-DEDUP;USDJPY;s=0;wOpened=08-06 12:54;nd=0;bestStored=none;bestStoredSlot=-1;newWins=true
2026-08-06T13:01:00.000+01:00,DIAG-CLOSE;USDJPY;s=1;prev=17;c=18;firstObs=false;slotOn=true;inWindow=true;time_close=08-06 13:02
2026-08-06T13:01:00.000+01:00,DIAG-DEDUP;USDJPY;s=1;wOpened=08-06 12:54;nd=1;bestStored=08-06 12:54;bestStoredSlot=0;newWins=true
2026-08-06T13:01:00.000+01:00,DIAG-CLOSE;USDJPY;s=2;prev=7;c=8;firstObs=false;slotOn=true;inWindow=true;time_close=08-06 13:02
2026-08-06T13:01:00.000+01:00,DIAG-DEDUP;USDJPY;s=2;wOpened=08-06 12:54;nd=1;bestStored=08-06 12:54;bestStoredSlot=1;newWins=true
2026-08-06T13:31:00.000+01:00,DIAG-CLOSE;CADCHF;s=0;prev=16;c=17;firstObs=false;slotOn=true;inWindow=true;time_close=08-06 13:32
2026-08-06T13:31:00.000+01:00,DIAG-DEDUP;CADCHF;s=0;wOpened=08-06 13:09;nd=0;bestStored=none;bestStoredSlot=-1;newWins=true
2026-08-06T13:31:00.000+01:00,DIAG-CLOSE;CADCHF;s=1;prev=16;c=17;firstObs=false;slotOn=true;inWindow=true;time_close=08-06 13:32
2026-08-06T13:31:00.000+01:00,DIAG-DEDUP;CADCHF;s=1;wOpened=08-06 13:01;nd=1;bestStored=08-06 13:09;bestStoredSlot=0;newWins=true
2026-08-06T13:31:00.000+01:00,DIAG-CLOSE;CADCHF;s=2;prev=10;c=11;firstObs=false;slotOn=true;inWindow=true;time_close=08-06 13:32
2026-08-06T13:31:00.000+01:00,DIAG-DEDUP;CADCHF;s=2;wOpened=08-06 13:09;nd=1;bestStored=08-06 13:01;bestStoredSlot=1;newWins=false
2026-08-06T13:31:00.000+01:00,DIAG-CLOSE;CADCHF;s=3;prev=10;c=11;firstObs=false;slotOn=true;inWindow=true;time_close=08-06 13:32
2026-08-06T13:31:00.000+01:00,DIAG-DEDUP;CADCHF;s=3;wOpened=08-06 13:12;nd=1;bestStored=08-06 13:01;bestStoredSlot=1;newWins=false
2026-08-06T13:31:00.000+01:00,DIAG-CLOSE;CADCHF;s=4;prev=4;c=5;firstObs=false;slotOn=true;inWindow=true;time_close=08-06 13:32
2026-08-06T13:31:00.000+01:00,DIAG-DEDUP;CADCHF;s=4;wOpened=08-06 13:12;nd=1;bestStored=08-06 13:01;bestStoredSlot=1;newWins=false
2026-08-06T13:31:00.000+01:00,DIAG-CLOSE;CADCHF;s=5;prev=5;c=6;firstObs=false;slotOn=true;inWindow=true;time_close=08-06 13:32
2026-08-06T13:31:00.000+01:00,DIAG-DEDUP;CADCHF;s=5;wOpened=08-06 13:12;nd=1;bestStored=08-06 13:01;bestStoredSlot=1;newWins=false
2026-08-06T13:44:00.000+01:00,DIAG-CLOSE;GBPCHF;s=0;prev=13;c=14;firstObs=false;slotOn=true;inWindow=true;time_close=08-06 13:45
2026-08-06T13:44:00.000+01:00,DIAG-DEDUP;GBPCHF;s=0;wOpened=08-06 13:14;nd=0;bestStored=none;bestStoredSlot=-1;newWins=true
2026-08-06T13:44:00.000+01:00,DIAG-CLOSE;GBPCHF;s=1;prev=13;c=14;firstObs=false;slotOn=true;inWindow=true;time_close=08-06 13:45
2026-08-06T13:44:00.000+01:00,DIAG-DEDUP;GBPCHF;s=1;wOpened=08-06 13:14;nd=1;bestStored=08-06 13:14;bestStoredSlot=0;newWins=true
2026-08-06T13:44:00.000+01:00,DIAG-CLOSE;GBPCHF;s=2;prev=6;c=7;firstObs=false;slotOn=true;inWindow=true;time_close=08-06 13:45
2026-08-06T13:44:00.000+01:00,DIAG-DEDUP;GBPCHF;s=2;wOpened=08-06 13:15;nd=1;bestStored=08-06 13:14;bestStoredSlot=1;newWins=false
2026-08-06T13:44:00.000+01:00,DIAG-CLOSE;GBPCHF;s=3;prev=6;c=7;firstObs=false;slotOn=true;inWindow=true;time_close=08-06 13:45
2026-08-06T13:44:00.000+01:00,DIAG-DEDUP;GBPCHF;s=3;wOpened=08-06 13:15;nd=1;bestStored=08-06 13:14;bestStoredSlot=1;newWins=false
2026-08-06T13:44:00.000+01:00,DIAG-CLOSE;GBPCHF;s=4;prev=4;c=5;firstObs=false;slotOn=true;inWindow=true;time_close=08-06 13:45
2026-08-06T13:44:00.000+01:00,DIAG-DEDUP;GBPCHF;s=4;wOpened=08-06 13:25;nd=1;bestStored=08-06 13:14;bestStoredSlot=1;newWins=false
2026-08-06T13:44:00.000+01:00,DIAG-CLOSE;GBPCHF;s=5;prev=5;c=6;firstObs=false;slotOn=true;inWindow=true;time_close=08-06 13:45
2026-08-06T13:44:00.000+01:00,DIAG-DEDUP;GBPCHF;s=5;wOpened=08-06 13:25;nd=1;bestStored=08-06 13:14;bestStoredSlot=1;newWins=false
2026-08-06T13:44:00.000+01:00,DIAG-CLOSE;GBPCHF;s=6;prev=4;c=5;firstObs=false;slotOn=true;inWindow=true;time_close=08-06 13:45
2026-08-06T13:44:00.000+01:00,DIAG-DEDUP;GBPCHF;s=6;wOpened=08-06 13:34;nd=1;bestStored=08-06 13:14;bestStoredSlot=1;newWins=false
2026-08-06T13:52:00.000+01:00,DIAG-CLOSE;GBPUSD;s=0;prev=17;c=18;firstObs=false;slotOn=true;inWindow=true;time_close=08-06 13:53
2026-08-06T13:52:00.000+01:00,DIAG-DEDUP;GBPUSD;s=0;wOpened=08-06 13:36;nd=0;bestStored=none;bestStoredSlot=-1;newWins=true
2026-08-06T13:52:00.000+01:00,DIAG-CLOSE;GBPUSD;s=1;prev=16;c=17;firstObs=false;slotOn=true;inWindow=true;time_close=08-06 13:53
2026-08-06T13:52:00.000+01:00,DIAG-DEDUP;GBPUSD;s=1;wOpened=08-06 13:36;nd=1;bestStored=08-06 13:36;bestStoredSlot=0;newWins=true
2026-08-06T13:52:00.000+01:00,DIAG-CLOSE;EURCHF;s=0;prev=20;c=21;firstObs=false;slotOn=true;inWindow=true;time_close=08-06 13:53
2026-08-06T13:52:00.000+01:00,DIAG-DEDUP;EURCHF;s=0;wOpened=08-06 13:22;nd=0;bestStored=none;bestStoredSlot=-1;newWins=true
2026-08-06T13:52:00.000+01:00,DIAG-CLOSE;EURCHF;s=1;prev=20;c=21;firstObs=false;slotOn=true;inWindow=true;time_close=08-06 13:53
2026-08-06T13:52:00.000+01:00,DIAG-DEDUP;EURCHF;s=1;wOpened=08-06 13:22;nd=1;bestStored=08-06 13:22;bestStoredSlot=0;newWins=true
2026-08-06T13:53:00.000+01:00,DIAG-CLOSE;CADJPY;s=0;prev=14;c=15;firstObs=false;slotOn=true;inWindow=true;time_close=08-06 13:54
2026-08-06T13:53:00.000+01:00,DIAG-DEDUP;CADJPY;s=0;wOpened=08-06 13:52;nd=0;bestStored=none;bestStoredSlot=-1;newWins=true
2026-08-06T13:53:00.000+01:00,DIAG-CLOSE;CADJPY;s=1;prev=12;c=13;firstObs=false;slotOn=true;inWindow=true;time_close=08-06 13:54
2026-08-06T13:53:00.000+01:00,DIAG-DEDUP;CADJPY;s=1;wOpened=08-06 13:52;nd=1;bestStored=08-06 13:52;bestStoredSlot=0;newWins=true
2026-08-06T13:56:00.000+01:00,DIAG-CLOSE;AUDJPY;s=1;prev=16;c=17;firstObs=false;slotOn=true;inWindow=true;time_close=08-06 13:57
2026-08-06T13:56:00.000+01:00,DIAG-DEDUP;AUDJPY;s=1;wOpened=08-06 13:55;nd=0;bestStored=none;bestStoredSlot=-1;newWins=true
2026-08-06T14:03:00.000+01:00,DIAG-CLOSE;CHFJPY;s=1;prev=21;c=22;firstObs=false;slotOn=true;inWindow=true;time_close=08-06 14:04
2026-08-06T14:03:00.000+01:00,DIAG-DEDUP;CHFJPY;s=1;wOpened=08-06 13:57;nd=0;bestStored=none;bestStoredSlot=-1;newWins=true
2026-08-06T14:06:00.000+01:00,DIAG-CLOSE;CHFJPY;s=0;prev=19;c=20;firstObs=false;slotOn=true;inWindow=true;time_close=08-06 14:07
2026-08-06T14:06:00.000+01:00,DIAG-DEDUP;CHFJPY;s=0;wOpened=08-06 13:57;nd=1;bestStored=08-06 13:57;bestStoredSlot=1;newWins=false
2026-08-06T14:13:00.000+01:00,DIAG-CLOSE;AUDJPY;s=6;prev=2;c=3;firstObs=false;slotOn=true;inWindow=true;time_close=08-06 14:14
2026-08-06T14:13:00.000+01:00,DIAG-DEDUP;AUDJPY;s=6;wOpened=08-06 13:55;nd=1;bestStored=08-06 13:55;bestStoredSlot=1;newWins=true
2026-08-06T14:36:00.000+01:00,DIAG-CLOSE;GBPCAD;s=0;prev=20;c=21;firstObs=false;slotOn=true;inWindow=true;time_close=08-06 14:37
2026-08-06T14:36:00.000+01:00,DIAG-DEDUP;GBPCAD;s=0;wOpened=08-06 14:23;nd=0;bestStored=none;bestStoredSlot=-1;newWins=true
2026-08-06T14:36:00.000+01:00,DIAG-CLOSE;GBPCAD;s=1;prev=21;c=22;firstObs=false;slotOn=true;inWindow=true;time_close=08-06 14:37
2026-08-06T14:36:00.000+01:00,DIAG-DEDUP;GBPCAD;s=1;wOpened=08-06 14:23;nd=1;bestStored=08-06 14:23;bestStoredSlot=0;newWins=true
2026-08-06T14:38:00.000+01:00,DIAG-CLOSE;GBPUSD;s=0;prev=18;c=19;firstObs=false;slotOn=true;inWindow=true;time_close=08-06 14:39
2026-08-06T14:38:00.000+01:00,DIAG-DEDUP;GBPUSD;s=0;wOpened=08-06 14:37;nd=0;bestStored=none;bestStoredSlot=-1;newWins=true
2026-08-06T14:38:00.000+01:00,DIAG-CLOSE;GBPUSD;s=1;prev=17;c=18;firstObs=false;slotOn=true;inWindow=true;time_close=08-06 14:39
2026-08-06T14:38:00.000+01:00,DIAG-DEDUP;GBPUSD;s=1;wOpened=08-06 14:37;nd=1;bestStored=08-06 14:37;bestStoredSlot=0;newWins=true
2026-08-06T14:38:00.000+01:00,DIAG-CLOSE;GBPJPY;s=0;prev=22;c=23;firstObs=false;slotOn=true;inWindow=true;time_close=08-06 14:39
2026-08-06T14:38:00.000+01:00,DIAG-DEDUP;GBPJPY;s=0;wOpened=08-06 14:36;nd=0;bestStored=none;bestStoredSlot=-1;newWins=true
2026-08-06T14:38:00.000+01:00,DIAG-CLOSE;GBPJPY;s=1;prev=22;c=23;firstObs=false;slotOn=true;inWindow=true;time_close=08-06 14:39
2026-08-06T14:38:00.000+01:00,DIAG-DEDUP;GBPJPY;s=1;wOpened=08-06 14:36;nd=1;bestStored=08-06 14:36;bestStoredSlot=0;newWins=true
2026-08-06T15:04:00.000+01:00,DIAG-CLOSE;EURGBP;s=0;prev=23;c=24;firstObs=false;slotOn=true;inWindow=true;time_close=08-06 15:05
2026-08-06T15:04:00.000+01:00,DIAG-DEDUP;EURGBP;s=0;wOpened=08-06 14:50;nd=0;bestStored=none;bestStoredSlot=-1;newWins=true
2026-08-06T15:04:00.000+01:00,DIAG-CLOSE;EURGBP;s=1;prev=22;c=23;firstObs=false;slotOn=true;inWindow=true;time_close=08-06 15:05
2026-08-06T15:04:00.000+01:00,DIAG-DEDUP;EURGBP;s=1;wOpened=08-06 14:50;nd=1;bestStored=08-06 14:50;bestStoredSlot=0;newWins=true
2026-08-06T15:09:00.000+01:00,DIAG-CLOSE;USDJPY;s=0;prev=17;c=18;firstObs=false;slotOn=true;inWindow=true;time_close=08-06 15:10
2026-08-06T15:09:00.000+01:00,DIAG-DEDUP;USDJPY;s=0;wOpened=08-06 14:58;nd=0;bestStored=none;bestStoredSlot=-1;newWins=true
2026-08-06T15:09:00.000+01:00,DIAG-CLOSE;USDJPY;s=1;prev=18;c=19;firstObs=false;slotOn=true;inWindow=true;time_close=08-06 15:10
2026-08-06T15:09:00.000+01:00,DIAG-DEDUP;USDJPY;s=1;wOpened=08-06 14:55;nd=1;bestStored=08-06 14:58;bestStoredSlot=0;newWins=true
2026-08-06T15:09:00.000+01:00,DIAG-CLOSE;USDJPY;s=2;prev=8;c=9;firstObs=false;slotOn=true;inWindow=true;time_close=08-06 15:10
2026-08-06T15:09:00.000+01:00,DIAG-DEDUP;USDJPY;s=2;wOpened=08-06 14:58;nd=1;bestStored=08-06 14:55;bestStoredSlot=1;newWins=false
2026-08-06T15:09:00.000+01:00,DIAG-CLOSE;USDJPY;s=3;prev=8;c=9;firstObs=false;slotOn=true;inWindow=true;time_close=08-06 15:10
2026-08-06T15:09:00.000+01:00,DIAG-DEDUP;USDJPY;s=3;wOpened=08-06 14:59;nd=1;bestStored=08-06 14:55;bestStoredSlot=1;newWins=false
2026-08-06T15:09:00.000+01:00,DIAG-CLOSE;USDJPY;s=4;prev=2;c=3;firstObs=false;slotOn=true;inWindow=true;time_close=08-06 15:10
2026-08-06T15:09:00.000+01:00,DIAG-DEDUP;USDJPY;s=4;wOpened=08-06 14:59;nd=1;bestStored=08-06 14:55;bestStoredSlot=1;newWins=false
2026-08-06T15:24:00.000+01:00,DIAG-CLOSE;CADCHF;s=0;prev=17;c=18;firstObs=false;slotOn=true;inWindow=true;time_close=08-06 15:25
2026-08-06T15:24:00.000+01:00,DIAG-DEDUP;CADCHF;s=0;wOpened=08-06 15:22;nd=0;bestStored=none;bestStoredSlot=-1;newWins=true
2026-08-06T15:24:00.000+01:00,DIAG-CLOSE;CADCHF;s=1;prev=17;c=18;firstObs=false;slotOn=true;inWindow=true;time_close=08-06 15:25
2026-08-06T15:24:00.000+01:00,DIAG-DEDUP;CADCHF;s=1;wOpened=08-06 15:22;nd=1;bestStored=08-06 15:22;bestStoredSlot=0;newWins=true
2026-08-06T15:53:00.000+01:00,DIAG-CLOSE;GBPCHF;s=0;prev=14;c=15;firstObs=false;slotOn=true;inWindow=true;time_close=08-06 15:54
2026-08-06T15:53:00.000+01:00,DIAG-DEDUP;GBPCHF;s=0;wOpened=08-06 15:47;nd=0;bestStored=none;bestStoredSlot=-1;newWins=true
2026-08-06T15:53:00.000+01:00,DIAG-CLOSE;GBPCHF;s=1;prev=14;c=15;firstObs=false;slotOn=true;inWindow=true;time_close=08-06 15:54
2026-08-06T15:53:00.000+01:00,DIAG-DEDUP;GBPCHF;s=1;wOpened=08-06 15:41;nd=1;bestStored=08-06 15:47;bestStoredSlot=0;newWins=true
2026-08-06T15:53:00.000+01:00,DIAG-CLOSE;GBPCHF;s=2;prev=7;c=8;firstObs=false;slotOn=true;inWindow=true;time_close=08-06 15:54
2026-08-06T15:53:00.000+01:00,DIAG-DEDUP;GBPCHF;s=2;wOpened=08-06 15:47;nd=1;bestStored=08-06 15:41;bestStoredSlot=1;newWins=false
2026-08-06T15:53:00.000+01:00,DIAG-CLOSE;GBPCHF;s=6;prev=5;c=6;firstObs=false;slotOn=true;inWindow=true;time_close=08-06 15:54
2026-08-06T15:53:00.000+01:00,DIAG-DEDUP;GBPCHF;s=6;wOpened=08-06 15:47;nd=1;bestStored=08-06 15:41;bestStoredSlot=1;newWins=false
2026-08-06T15:57:00.000+01:00,DIAG-CLOSE;CADCHF;s=7;prev=3;c=4;firstObs=false;slotOn=true;inWindow=true;time_close=08-06 15:58
2026-08-06T15:57:00.000+01:00,DIAG-DEDUP;CADCHF;s=7;wOpened=08-06 15:45;nd=0;bestStored=none;bestStoredSlot=-1;newWins=true
2026-08-06T15:58:00.000+01:00,DIAG-CLOSE;USDCHF;s=0;prev=23;c=24;firstObs=false;slotOn=true;inWindow=true;time_close=08-06 15:59
2026-08-06T15:58:00.000+01:00,DIAG-DEDUP;USDCHF;s=0;wOpened=08-06 15:54;nd=0;bestStored=none;bestStoredSlot=-1;newWins=true
2026-08-06T15:58:00.000+01:00,DIAG-CLOSE;USDCHF;s=1;prev=23;c=24;firstObs=false;slotOn=true;inWindow=true;time_close=08-06 15:59
2026-08-06T15:58:00.000+01:00,DIAG-DEDUP;USDCHF;s=1;wOpened=08-06 15:54;nd=1;bestStored=08-06 15:54;bestStoredSlot=0;newWins=true
2026-08-06T16:01:00.000+01:00,DIAG-CLOSE;CHFJPY;s=0;prev=20;c=21;firstObs=false;slotOn=true;inWindow=true;time_close=08-06 16:02
2026-08-06T16:01:00.000+01:00,DIAG-DEDUP;CHFJPY;s=0;wOpened=08-06 15:36;nd=0;bestStored=none;bestStoredSlot=-1;newWins=true
2026-08-06T16:01:00.000+01:00,DIAG-CLOSE;CHFJPY;s=1;prev=22;c=23;firstObs=false;slotOn=true;inWindow=true;time_close=08-06 16:02
2026-08-06T16:01:00.000+01:00,DIAG-DEDUP;CHFJPY;s=1;wOpened=08-06 15:36;nd=1;bestStored=08-06 15:36;bestStoredSlot=0;newWins=true
2026-08-06T16:01:00.000+01:00,DIAG-CLOSE;CHFJPY;s=2;prev=9;c=10;firstObs=false;slotOn=true;inWindow=true;time_close=08-06 16:02
2026-08-06T16:01:00.000+01:00,DIAG-DEDUP;CHFJPY;s=2;wOpened=08-06 15:37;nd=1;bestStored=08-06 15:36;bestStoredSlot=1;newWins=false
2026-08-06T16:01:00.000+01:00,DIAG-CLOSE;CHFJPY;s=3;prev=7;c=8;firstObs=false;slotOn=true;inWindow=true;time_close=08-06 16:02
2026-08-06T16:01:00.000+01:00,DIAG-DEDUP;CHFJPY;s=3;wOpened=08-06 15:37;nd=1;bestStored=08-06 15:36;bestStoredSlot=1;newWins=false
2026-08-06T16:01:00.000+01:00,DIAG-CLOSE;CHFJPY;s=7;prev=3;c=4;firstObs=false;slotOn=true;inWindow=true;time_close=08-06 16:02
2026-08-06T16:01:00.000+01:00,DIAG-DEDUP;CHFJPY;s=7;wOpened=08-06 15:47;nd=1;bestStored=08-06 15:36;bestStoredSlot=1;newWins=false
2026-08-06T16:22:00.000+01:00,DIAG-CLOSE;AUDUSD;s=0;prev=11;c=12;firstObs=false;slotOn=true;inWindow=true;time_close=08-06 16:23
2026-08-06T16:22:00.000+01:00,DIAG-DEDUP;AUDUSD;s=0;wOpened=08-06 16:02;nd=0;bestStored=none;bestStoredSlot=-1;newWins=true
2026-08-06T16:22:00.000+01:00,DIAG-CLOSE;AUDUSD;s=1;prev=12;c=13;firstObs=false;slotOn=true;inWindow=true;time_close=08-06 16:23
2026-08-06T16:22:00.000+01:00,DIAG-DEDUP;AUDUSD;s=1;wOpened=08-06 16:02;nd=1;bestStored=08-06 16:02;bestStoredSlot=0;newWins=true
2026-08-06T16:22:00.000+01:00,DIAG-CLOSE;AUDUSD;s=2;prev=8;c=9;firstObs=false;slotOn=true;inWindow=true;time_close=08-06 16:23
2026-08-06T16:22:00.000+01:00,DIAG-DEDUP;AUDUSD;s=2;wOpened=08-06 16:21;nd=1;bestStored=08-06 16:02;bestStoredSlot=1;newWins=false
2026-08-06T16:22:00.000+01:00,DIAG-CLOSE;AUDUSD;s=3;prev=7;c=8;firstObs=false;slotOn=true;inWindow=true;time_close=08-06 16:23
2026-08-06T16:22:00.000+01:00,DIAG-DEDUP;AUDUSD;s=3;wOpened=08-06 16:21;nd=1;bestStored=08-06 16:02;bestStoredSlot=1;newWins=false
2026-08-06T16:23:00.000+01:00,DIAG-CLOSE;EURCHF;s=0;prev=21;c=22;firstObs=false;slotOn=true;inWindow=true;time_close=08-06 16:24
2026-08-06T16:23:00.000+01:00,DIAG-DEDUP;EURCHF;s=0;wOpened=08-06 15:54;nd=0;bestStored=none;bestStoredSlot=-1;newWins=true
2026-08-06T16:23:00.000+01:00,DIAG-CLOSE;EURCHF;s=1;prev=21;c=22;firstObs=false;slotOn=true;inWindow=true;time_close=08-06 16:24
2026-08-06T16:23:00.000+01:00,DIAG-DEDUP;EURCHF;s=1;wOpened=08-06 15:54;nd=1;bestStored=08-06 15:54;bestStoredSlot=0;newWins=true
2026-08-06T16:23:00.000+01:00,DIAG-CLOSE;EURCHF;s=2;prev=10;c=11;firstObs=false;slotOn=true;inWindow=true;time_close=08-06 16:24
2026-08-06T16:23:00.000+01:00,DIAG-DEDUP;EURCHF;s=2;wOpened=08-06 16:03;nd=1;bestStored=08-06 15:54;bestStoredSlot=1;newWins=false
2026-08-06T16:23:00.000+01:00,DIAG-CLOSE;EURCHF;s=3;prev=11;c=12;firstObs=false;slotOn=true;inWindow=true;time_close=08-06 16:24
2026-08-06T16:23:00.000+01:00,DIAG-DEDUP;EURCHF;s=3;wOpened=08-06 16:03;nd=1;bestStored=08-06 15:54;bestStoredSlot=1;newWins=false
2026-08-06T16:23:00.000+01:00,DIAG-CLOSE;EURCHF;s=4;prev=4;c=5;firstObs=false;slotOn=true;inWindow=true;time_close=08-06 16:24
2026-08-06T16:23:00.000+01:00,DIAG-DEDUP;EURCHF;s=4;wOpened=08-06 16:10;nd=1;bestStored=08-06 15:54;bestStoredSlot=1;newWins=false
2026-08-06T16:36:00.000+01:00,DIAG-CLOSE;USDCAD;s=0;prev=14;c=15;firstObs=false;slotOn=true;inWindow=true;time_close=08-06 16:37
2026-08-06T16:36:00.000+01:00,DIAG-DEDUP;USDCAD;s=0;wOpened=08-06 16:22;nd=0;bestStored=none;bestStoredSlot=-1;newWins=true
2026-08-06T16:36:00.000+01:00,DIAG-CLOSE;USDCAD;s=1;prev=17;c=18;firstObs=false;slotOn=true;inWindow=true;time_close=08-06 16:37
2026-08-06T16:36:00.000+01:00,DIAG-DEDUP;USDCAD;s=1;wOpened=08-06 16:22;nd=1;bestStored=08-06 16:22;bestStoredSlot=0;newWins=true
2026-08-06T16:41:00.000+01:00,DIAG-CLOSE;EURAUD;s=0;prev=16;c=17;firstObs=false;slotOn=true;inWindow=true;time_close=08-06 16:42
2026-08-06T16:41:00.000+01:00,DIAG-DEDUP;EURAUD;s=0;wOpened=08-06 16:02;nd=0;bestStored=none;bestStoredSlot=-1;newWins=true
2026-08-06T16:41:00.000+01:00,DIAG-CLOSE;EURAUD;s=1;prev=15;c=16;firstObs=false;slotOn=true;inWindow=true;time_close=08-06 16:42
2026-08-06T16:41:00.000+01:00,DIAG-DEDUP;EURAUD;s=1;wOpened=08-06 16:02;nd=1;bestStored=08-06 16:02;bestStoredSlot=0;newWins=true
2026-08-06T16:41:00.000+01:00,DIAG-CLOSE;EURAUD;s=2;prev=7;c=8;firstObs=false;slotOn=true;inWindow=true;time_close=08-06 16:42
2026-08-06T16:41:00.000+01:00,DIAG-DEDUP;EURAUD;s=2;wOpened=08-06 16:35;nd=1;bestStored=08-06 16:02;bestStoredSlot=1;newWins=false
2026-08-06T16:41:00.000+01:00,DIAG-CLOSE;EURAUD;s=3;prev=8;c=9;firstObs=false;slotOn=true;inWindow=true;time_close=08-06 16:42
2026-08-06T16:41:00.000+01:00,DIAG-DEDUP;EURAUD;s=3;wOpened=08-06 16:35;nd=1;bestStored=08-06 16:02;bestStoredSlot=1;newWins=false
2026-08-06T16:41:00.000+01:00,DIAG-CLOSE;EURAUD;s=5;prev=4;c=5;firstObs=false;slotOn=true;inWindow=true;time_close=08-06 16:42
2026-08-06T16:41:00.000+01:00,DIAG-DEDUP;EURAUD;s=5;wOpened=08-06 16:35;nd=1;bestStored=08-06 16:02;bestStoredSlot=1;newWins=false
2026-08-06T16:41:00.000+01:00,DIAG-CLOSE;GBPAUD;s=1;prev=14;c=15;firstObs=false;slotOn=true;inWindow=true;time_close=08-06 16:42
2026-08-06T16:41:00.000+01:00,DIAG-DEDUP;GBPAUD;s=1;wOpened=08-06 16:23;nd=0;bestStored=none;bestStoredSlot=-1;newWins=true
2026-08-06T16:41:00.000+01:00,DIAG-CLOSE;GBPAUD;s=2;prev=8;c=9;firstObs=false;slotOn=true;inWindow=true;time_close=08-06 16:42
2026-08-06T16:41:00.000+01:00,DIAG-DEDUP;GBPAUD;s=2;wOpened=08-06 16:30;nd=1;bestStored=08-06 16:23;bestStoredSlot=1;newWins=false
2026-08-06T16:41:00.000+01:00,DIAG-CLOSE;GBPAUD;s=4;prev=5;c=6;firstObs=false;slotOn=true;inWindow=true;time_close=08-06 16:42
2026-08-06T16:41:00.000+01:00,DIAG-DEDUP;GBPAUD;s=4;wOpened=08-06 16:31;nd=1;bestStored=08-06 16:23;bestStoredSlot=1;newWins=false
2026-08-06T16:41:00.000+01:00,DIAG-CLOSE;GBPAUD;s=5;prev=7;c=8;firstObs=false;slotOn=true;inWindow=true;time_close=08-06 16:42
2026-08-06T16:41:00.000+01:00,DIAG-DEDUP;GBPAUD;s=5;wOpened=08-06 16:40;nd=1;bestStored=08-06 16:23;bestStoredSlot=1;newWins=false
2026-08-06T16:43:00.000+01:00,DIAG-CLOSE;GBPJPY;s=0;prev=23;c=24;firstObs=false;slotOn=true;inWindow=true;time_close=08-06 16:44
2026-08-06T16:43:00.000+01:00,DIAG-DEDUP;GBPJPY;s=0;wOpened=08-06 15:27;nd=0;bestStored=none;bestStoredSlot=-1;newWins=true
2026-08-06T16:43:00.000+01:00,DIAG-CLOSE;GBPJPY;s=1;prev=23;c=24;firstObs=false;slotOn=true;inWindow=true;time_close=08-06 16:44
2026-08-06T16:43:00.000+01:00,DIAG-DEDUP;GBPJPY;s=1;wOpened=08-06 15:27;nd=1;bestStored=08-06 15:27;bestStoredSlot=0;newWins=true
2026-08-06T16:43:00.000+01:00,DIAG-CLOSE;GBPJPY;s=2;prev=12;c=13;firstObs=false;slotOn=true;inWindow=true;time_close=08-06 16:44
2026-08-06T16:43:00.000+01:00,DIAG-DEDUP;GBPJPY;s=2;wOpened=08-06 16:18;nd=1;bestStored=08-06 15:27;bestStoredSlot=1;newWins=false
2026-08-06T16:43:00.000+01:00,DIAG-CLOSE;GBPJPY;s=3;prev=12;c=13;firstObs=false;slotOn=true;inWindow=true;time_close=08-06 16:44
2026-08-06T16:43:00.000+01:00,DIAG-DEDUP;GBPJPY;s=3;wOpened=08-06 16:18;nd=1;bestStored=08-06 15:27;bestStoredSlot=1;newWins=false
2026-08-06T16:43:00.000+01:00,DIAG-CLOSE;GBPJPY;s=4;prev=8;c=9;firstObs=false;slotOn=true;inWindow=true;time_close=08-06 16:44
2026-08-06T16:43:00.000+01:00,DIAG-DEDUP;GBPJPY;s=4;wOpened=08-06 16:42;nd=1;bestStored=08-06 15:27;bestStoredSlot=1;newWins=false
2026-08-06T16:43:00.000+01:00,DIAG-CLOSE;GBPJPY;s=6;prev=6;c=7;firstObs=false;slotOn=true;inWindow=true;time_close=08-06 16:44
2026-08-06T16:43:00.000+01:00,DIAG-DEDUP;GBPJPY;s=6;wOpened=08-06 16:18;nd=1;bestStored=08-06 15:27;bestStoredSlot=1;newWins=false
2026-08-06T16:59:00.000+01:00,DIAG-CLOSE;GBPAUD;s=0;prev=13;c=14;firstObs=false;slotOn=true;inWindow=true;time_close=08-06 17:00
2026-08-06T16:59:00.000+01:00,DIAG-DEDUP;GBPAUD;s=0;wOpened=08-06 16:23;nd=1;bestStored=08-06 16:23;bestStoredSlot=1;newWins=false
2026-08-06T16:59:00.000+01:00,DIAG-CLOSE;GBPAUD;s=3;prev=8;c=9;firstObs=false;slotOn=true;inWindow=true;time_close=08-06 17:00
2026-08-06T16:59:00.000+01:00,DIAG-DEDUP;GBPAUD;s=3;wOpened=08-06 16:30;nd=1;bestStored=08-06 16:23;bestStoredSlot=1;newWins=false
2026-08-06T16:59:00.000+01:00,DIAG-CLOSE;GBPAUD;s=6;prev=2;c=3;firstObs=false;slotOn=true;inWindow=true;time_close=08-06 17:00
2026-08-06T16:59:00.000+01:00,DIAG-DEDUP;GBPAUD;s=6;wOpened=08-06 16:58;nd=0;bestStored=none;bestStoredSlot=-1;newWins=true
2026-08-06T16:59:00.000+01:00,DIAG-CLOSE;GBPAUD;s=7;prev=2;c=3;firstObs=false;slotOn=true;inWindow=true;time_close=08-06 17:00
2026-08-06T16:59:00.000+01:00,DIAG-DEDUP;GBPAUD;s=7;wOpened=08-06 16:37;nd=2;bestStored=08-06 16:23;bestStoredSlot=1;newWins=false
2026-08-06T17:47:00.000+01:00,DIAG-CLOSE;CADJPY;s=0;prev=15;c=16;firstObs=false;slotOn=true;inWindow=true;time_close=08-06 17:48
2026-08-06T17:47:00.000+01:00,DIAG-DEDUP;CADJPY;s=0;wOpened=08-06 17:42;nd=0;bestStored=none;bestStoredSlot=-1;newWins=true
2026-08-06T17:47:00.000+01:00,DIAG-CLOSE;CADJPY;s=1;prev=13;c=14;firstObs=false;slotOn=true;inWindow=true;time_close=08-06 17:48
2026-08-06T17:47:00.000+01:00,DIAG-DEDUP;CADJPY;s=1;wOpened=08-06 17:42;nd=1;bestStored=08-06 17:42;bestStoredSlot=0;newWins=true
2026-08-06T18:00:00.000+01:00,DIAG-CLOSE;EURCHF;s=0;prev=22;c=23;firstObs=false;slotOn=true;inWindow=true;time_close=08-06 18:01
2026-08-06T18:00:00.000+01:00,DIAG-DEDUP;EURCHF;s=0;wOpened=08-06 17:57;nd=0;bestStored=none;bestStoredSlot=-1;newWins=true
2026-08-06T18:00:00.000+01:00,DIAG-CLOSE;EURCHF;s=1;prev=22;c=23;firstObs=false;slotOn=true;inWindow=true;time_close=08-06 18:01
2026-08-06T18:00:00.000+01:00,DIAG-DEDUP;EURCHF;s=1;wOpened=08-06 17:57;nd=1;bestStored=08-06 17:57;bestStoredSlot=0;newWins=true
2026-08-06T18:02:00.000+01:00,DIAG-CLOSE;USDCHF;s=0;prev=24;c=25;firstObs=false;slotOn=true;inWindow=true;time_close=08-06 18:03
2026-08-06T18:02:00.000+01:00,DIAG-DEDUP;USDCHF;s=0;wOpened=08-06 17:57;nd=0;bestStored=none;bestStoredSlot=-1;newWins=true
2026-08-06T18:02:00.000+01:00,DIAG-CLOSE;USDCHF;s=1;prev=24;c=25;firstObs=false;slotOn=true;inWindow=true;time_close=08-06 18:03
2026-08-06T18:02:00.000+01:00,DIAG-DEDUP;USDCHF;s=1;wOpened=08-06 17:57;nd=1;bestStored=08-06 17:57;bestStoredSlot=0;newWins=true
2026-08-06T18:02:00.000+01:00,DIAG-CLOSE;USDCHF;s=5;prev=4;c=5;firstObs=false;slotOn=true;inWindow=true;time_close=08-06 18:03
2026-08-06T18:02:00.000+01:00,DIAG-DEDUP;USDCHF;s=5;wOpened=08-06 17:59;nd=1;bestStored=08-06 17:57;bestStoredSlot=1;newWins=false
2026-08-06T18:04:00.000+01:00,DIAG-CLOSE;GBPUSD;s=0;prev=19;c=20;firstObs=false;slotOn=true;inWindow=true;time_close=08-06 18:05
2026-08-06T18:04:00.000+01:00,DIAG-DEDUP;GBPUSD;s=0;wOpened=08-06 17:56;nd=0;bestStored=none;bestStoredSlot=-1;newWins=true
2026-08-06T18:04:00.000+01:00,DIAG-CLOSE;GBPUSD;s=1;prev=18;c=19;firstObs=false;slotOn=true;inWindow=true;time_close=08-06 18:05
2026-08-06T18:04:00.000+01:00,DIAG-DEDUP;GBPUSD;s=1;wOpened=08-06 17:56;nd=1;bestStored=08-06 17:56;bestStoredSlot=0;newWins=true
2026-08-06T18:04:00.000+01:00,DIAG-CLOSE;GBPUSD;s=2;prev=9;c=10;firstObs=false;slotOn=true;inWindow=true;time_close=08-06 18:05
2026-08-06T18:04:00.000+01:00,DIAG-DEDUP;GBPUSD;s=2;wOpened=08-06 17:57;nd=1;bestStored=08-06 17:56;bestStoredSlot=1;newWins=false
2026-08-06T18:04:00.000+01:00,DIAG-CLOSE;GBPUSD;s=3;prev=10;c=11;firstObs=false;slotOn=true;inWindow=true;time_close=08-06 18:05
2026-08-06T18:04:00.000+01:00,DIAG-DEDUP;GBPUSD;s=3;wOpened=08-06 17:57;nd=1;bestStored=08-06 17:56;bestStoredSlot=1;newWins=false
2026-08-06T18:06:00.000+01:00,DIAG-CLOSE;AUDCAD;s=0;prev=17;c=18;firstObs=false;slotOn=true;inWindow=true;time_close=08-06 18:07
2026-08-06T18:06:00.000+01:00,DIAG-DEDUP;AUDCAD;s=0;wOpened=08-06 18:02;nd=0;bestStored=none;bestStoredSlot=-1;newWins=true
2026-08-06T18:06:00.000+01:00,DIAG-CLOSE;AUDCAD;s=1;prev=16;c=17;firstObs=false;slotOn=true;inWindow=true;time_close=08-06 18:07
2026-08-06T18:06:00.000+01:00,DIAG-DEDUP;AUDCAD;s=1;wOpened=08-06 18:03;nd=1;bestStored=08-06 18:02;bestStoredSlot=0;newWins=false
2026-08-06T18:06:00.000+01:00,DIAG-CLOSE;AUDCAD;s=3;prev=9;c=10;firstObs=false;slotOn=true;inWindow=true;time_close=08-06 18:07
2026-08-06T18:06:00.000+01:00,DIAG-DEDUP;AUDCAD;s=3;wOpened=08-06 18:03;nd=1;bestStored=08-06 18:02;bestStoredSlot=0;newWins=false
2026-08-06T18:11:00.000+01:00,DIAG-CLOSE;GBPCHF;s=0;prev=15;c=16;firstObs=false;slotOn=true;inWindow=true;time_close=08-06 18:12
2026-08-06T18:11:00.000+01:00,DIAG-DEDUP;GBPCHF;s=0;wOpened=08-06 17:56;nd=0;bestStored=none;bestStoredSlot=-1;newWins=true
2026-08-06T18:11:00.000+01:00,DIAG-CLOSE;GBPCHF;s=1;prev=15;c=16;firstObs=false;slotOn=true;inWindow=true;time_close=08-06 18:12
2026-08-06T18:11:00.000+01:00,DIAG-DEDUP;GBPCHF;s=1;wOpened=08-06 17:56;nd=1;bestStored=08-06 17:56;bestStoredSlot=0;newWins=true
2026-08-06T18:11:00.000+01:00,DIAG-CLOSE;GBPCHF;s=5;prev=6;c=7;firstObs=false;slotOn=true;inWindow=true;time_close=08-06 18:12
2026-08-06T18:11:00.000+01:00,DIAG-DEDUP;GBPCHF;s=5;wOpened=08-06 17:56;nd=1;bestStored=08-06 17:56;bestStoredSlot=1;newWins=true
2026-08-06T18:32:00.000+01:00,DIAG-CLOSE;USDCAD;s=0;prev=15;c=16;firstObs=false;slotOn=true;inWindow=true;time_close=08-06 18:33
2026-08-06T18:32:00.000+01:00,DIAG-DEDUP;USDCAD;s=0;wOpened=08-06 18:31;nd=0;bestStored=none;bestStoredSlot=-1;newWins=true
2026-08-06T18:32:00.000+01:00,DIAG-CLOSE;USDCAD;s=1;prev=18;c=19;firstObs=false;slotOn=true;inWindow=true;time_close=08-06 18:33
2026-08-06T18:32:00.000+01:00,DIAG-DEDUP;USDCAD;s=1;wOpened=08-06 18:31;nd=1;bestStored=08-06 18:31;bestStoredSlot=0;newWins=true
2026-08-06T18:36:00.000+01:00,DIAG-CLOSE;GBPCHF;s=0;prev=16;c=17;firstObs=false;slotOn=true;inWindow=true;time_close=08-06 18:37
2026-08-06T18:36:00.000+01:00,DIAG-DEDUP;GBPCHF;s=0;wOpened=08-06 18:32;nd=0;bestStored=none;bestStoredSlot=-1;newWins=true
2026-08-06T18:36:00.000+01:00,DIAG-CLOSE;GBPCHF;s=1;prev=16;c=17;firstObs=false;slotOn=true;inWindow=true;time_close=08-06 18:37
2026-08-06T18:36:00.000+01:00,DIAG-DEDUP;GBPCHF;s=1;wOpened=08-06 18:32;nd=1;bestStored=08-06 18:32;bestStoredSlot=0;newWins=true
2026-08-06T18:45:00.000+01:00,DIAG-CLOSE;EURCAD;s=0;prev=11;c=12;firstObs=false;slotOn=true;inWindow=true;time_close=08-06 18:46
2026-08-06T18:45:00.000+01:00,DIAG-DEDUP;EURCAD;s=0;wOpened=08-06 18:42;nd=0;bestStored=none;bestStoredSlot=-1;newWins=true
2026-08-06T18:45:00.000+01:00,DIAG-CLOSE;EURCAD;s=1;prev=12;c=13;firstObs=false;slotOn=true;inWindow=true;time_close=08-06 18:46
2026-08-06T18:45:00.000+01:00,DIAG-DEDUP;EURCAD;s=1;wOpened=08-06 18:42;nd=1;bestStored=08-06 18:42;bestStoredSlot=0;newWins=true
2026-08-06T18:45:00.000+01:00,DIAG-CLOSE;GBPCAD;s=0;prev=21;c=22;firstObs=false;slotOn=true;inWindow=true;time_close=08-06 18:46
2026-08-06T18:45:00.000+01:00,DIAG-DEDUP;GBPCAD;s=0;wOpened=08-06 18:41;nd=0;bestStored=none;bestStoredSlot=-1;newWins=true
2026-08-06T18:45:00.000+01:00,DIAG-CLOSE;GBPCAD;s=1;prev=22;c=23;firstObs=false;slotOn=true;inWindow=true;time_close=08-06 18:46
2026-08-06T18:45:00.000+01:00,DIAG-DEDUP;GBPCAD;s=1;wOpened=08-06 18:41;nd=1;bestStored=08-06 18:41;bestStoredSlot=0;newWins=true
2026-08-06T19:13:00.000+01:00,DIAG-CLOSE;EURCHF;s=0;prev=23;c=24;firstObs=false;slotOn=true;inWindow=true;time_close=08-06 19:14
2026-08-06T19:13:00.000+01:00,DIAG-DEDUP;EURCHF;s=0;wOpened=08-06 19:00;nd=0;bestStored=none;bestStoredSlot=-1;newWins=true
2026-08-06T19:13:00.000+01:00,DIAG-CLOSE;EURCHF;s=1;prev=23;c=24;firstObs=false;slotOn=true;inWindow=true;time_close=08-06 19:14
2026-08-06T19:13:00.000+01:00,DIAG-DEDUP;EURCHF;s=1;wOpened=08-06 19:00;nd=1;bestStored=08-06 19:00;bestStoredSlot=0;newWins=true
2026-08-06T19:33:00.000+01:00,DIAG-CLOSE;AUDCHF;s=0;prev=17;c=18;firstObs=false;slotOn=true;inWindow=true;time_close=08-06 19:34
2026-08-06T19:33:00.000+01:00,DIAG-DEDUP;AUDCHF;s=0;wOpened=08-06 18:49;nd=0;bestStored=none;bestStoredSlot=-1;newWins=true
2026-08-06T19:33:00.000+01:00,DIAG-CLOSE;AUDCHF;s=1;prev=20;c=21;firstObs=false;slotOn=true;inWindow=true;time_close=08-06 19:34
2026-08-06T19:33:00.000+01:00,DIAG-DEDUP;AUDCHF;s=1;wOpened=08-06 18:49;nd=1;bestStored=08-06 18:49;bestStoredSlot=0;newWins=true
2026-08-06T19:33:00.000+01:00,DIAG-CLOSE;AUDCHF;s=2;prev=9;c=10;firstObs=false;slotOn=true;inWindow=true;time_close=08-06 19:34
2026-08-06T19:33:00.000+01:00,DIAG-DEDUP;AUDCHF;s=2;wOpened=08-06 19:01;nd=1;bestStored=08-06 18:49;bestStoredSlot=1;newWins=false
2026-08-06T19:33:00.000+01:00,DIAG-CLOSE;AUDCHF;s=3;prev=6;c=7;firstObs=false;slotOn=true;inWindow=true;time_close=08-06 19:34
2026-08-06T19:33:00.000+01:00,DIAG-DEDUP;AUDCHF;s=3;wOpened=08-06 19:01;nd=1;bestStored=08-06 18:49;bestStoredSlot=1;newWins=false
2026-08-06T19:33:00.000+01:00,DIAG-CLOSE;AUDCHF;s=4;prev=2;c=3;firstObs=false;slotOn=true;inWindow=true;time_close=08-06 19:34
2026-08-06T19:33:00.000+01:00,DIAG-DEDUP;AUDCHF;s=4;wOpened=08-06 19:26;nd=1;bestStored=08-06 18:49;bestStoredSlot=1;newWins=false
2026-08-06T19:50:00.000+01:00,DIAG-CLOSE;EURJPY;s=0;prev=18;c=19;firstObs=false;slotOn=true;inWindow=true;time_close=08-06 19:51
2026-08-06T19:50:00.000+01:00,DIAG-DEDUP;EURJPY;s=0;wOpened=08-06 19:03;nd=0;bestStored=none;bestStoredSlot=-1;newWins=true
2026-08-06T19:50:00.000+01:00,DIAG-CLOSE;EURJPY;s=1;prev=18;c=19;firstObs=false;slotOn=true;inWindow=true;time_close=08-06 19:51
2026-08-06T19:50:00.000+01:00,DIAG-DEDUP;EURJPY;s=1;wOpened=08-06 19:03;nd=1;bestStored=08-06 19:03;bestStoredSlot=0;newWins=true
2026-08-06T19:50:00.000+01:00,DIAG-CLOSE;EURJPY;s=2;prev=9;c=10;firstObs=false;slotOn=true;inWindow=true;time_close=08-06 19:51
2026-08-06T19:50:00.000+01:00,DIAG-DEDUP;EURJPY;s=2;wOpened=08-06 19:46;nd=1;bestStored=08-06 19:03;bestStoredSlot=1;newWins=false
2026-08-06T19:50:00.000+01:00,DIAG-CLOSE;EURJPY;s=3;prev=8;c=9;firstObs=false;slotOn=true;inWindow=true;time_close=08-06 19:51
2026-08-06T19:50:00.000+01:00,DIAG-DEDUP;EURJPY;s=3;wOpened=08-06 19:46;nd=1;bestStored=08-06 19:03;bestStoredSlot=1;newWins=false
2026-08-06T19:53:00.000+01:00,DIAG-CLOSE;AUDJPY;s=0;prev=14;c=15;firstObs=false;slotOn=true;inWindow=true;time_close=08-06 19:54
2026-08-06T19:53:00.000+01:00,DIAG-DEDUP;AUDJPY;s=0;wOpened=08-06 18:31;nd=0;bestStored=none;bestStoredSlot=-1;newWins=true
2026-08-06T19:53:00.000+01:00,DIAG-CLOSE;AUDJPY;s=1;prev=17;c=18;firstObs=false;slotOn=true;inWindow=true;time_close=08-06 19:54
2026-08-06T19:53:00.000+01:00,DIAG-DEDUP;AUDJPY;s=1;wOpened=08-06 18:31;nd=1;bestStored=08-06 18:31;bestStoredSlot=0;newWins=true
2026-08-06T19:53:00.000+01:00,DIAG-CLOSE;AUDJPY;s=2;prev=10;c=11;firstObs=false;slotOn=true;inWindow=true;time_close=08-06 19:54
2026-08-06T19:53:00.000+01:00,DIAG-DEDUP;AUDJPY;s=2;wOpened=08-06 19:44;nd=1;bestStored=08-06 18:31;bestStoredSlot=1;newWins=false
2026-08-06T19:53:00.000+01:00,DIAG-CLOSE;AUDJPY;s=3;prev=9;c=10;firstObs=false;slotOn=true;inWindow=true;time_close=08-06 19:54
2026-08-06T19:53:00.000+01:00,DIAG-DEDUP;AUDJPY;s=3;wOpened=08-06 19:44;nd=1;bestStored=08-06 18:31;bestStoredSlot=1;newWins=false
2026-08-06T20:08:00.000+01:00,DIAG-CLOSE;EURUSD;s=0;prev=22;c=23;firstObs=false;slotOn=true;inWindow=true;time_close=08-06 20:09
2026-08-06T20:08:00.000+01:00,DIAG-DEDUP;EURUSD;s=0;wOpened=08-06 19:44;nd=0;bestStored=none;bestStoredSlot=-1;newWins=true
2026-08-06T20:08:00.000+01:00,DIAG-CLOSE;EURUSD;s=1;prev=22;c=23;firstObs=false;slotOn=true;inWindow=true;time_close=08-06 20:09
2026-08-06T20:08:00.000+01:00,DIAG-DEDUP;EURUSD;s=1;wOpened=08-06 19:44;nd=1;bestStored=08-06 19:44;bestStoredSlot=0;newWins=true
2026-08-06T20:08:00.000+01:00,DIAG-CLOSE;EURUSD;s=2;prev=12;c=13;firstObs=false;slotOn=true;inWindow=true;time_close=08-06 20:09
2026-08-06T20:08:00.000+01:00,DIAG-DEDUP;EURUSD;s=2;wOpened=08-06 19:49;nd=1;bestStored=08-06 19:44;bestStoredSlot=1;newWins=false
2026-08-06T20:08:00.000+01:00,DIAG-CLOSE;EURUSD;s=3;prev=13;c=14;firstObs=false;slotOn=true;inWindow=true;time_close=08-06 20:09
2026-08-06T20:08:00.000+01:00,DIAG-DEDUP;EURUSD;s=3;wOpened=08-06 19:49;nd=1;bestStored=08-06 19:44;bestStoredSlot=1;newWins=false
2026-08-06T20:17:00.000+01:00,DIAG-CLOSE;EURCAD;s=0;prev=12;c=13;firstObs=false;slotOn=true;inWindow=true;time_close=08-06 20:18
2026-08-06T20:17:00.000+01:00,DIAG-DEDUP;EURCAD;s=0;wOpened=08-06 20:16;nd=0;bestStored=none;bestStoredSlot=-1;newWins=true
2026-08-06T20:17:00.000+01:00,DIAG-CLOSE;EURCAD;s=1;prev=13;c=14;firstObs=false;slotOn=true;inWindow=true;time_close=08-06 20:18
2026-08-06T20:17:00.000+01:00,DIAG-DEDUP;EURCAD;s=1;wOpened=08-06 20:16;nd=1;bestStored=08-06 20:16;bestStoredSlot=0;newWins=true
2026-08-06T20:42:00.000+01:00,DIAG-CLOSE;GBPUSD;s=0;prev=20;c=21;firstObs=false;slotOn=true;inWindow=true;time_close=08-06 20:43
2026-08-06T20:42:00.000+01:00,DIAG-DEDUP;GBPUSD;s=0;wOpened=08-06 20:29;nd=0;bestStored=none;bestStoredSlot=-1;newWins=true
2026-08-06T20:42:00.000+01:00,DIAG-CLOSE;GBPUSD;s=1;prev=19;c=20;firstObs=false;slotOn=true;inWindow=true;time_close=08-06 20:43
2026-08-06T20:42:00.000+01:00,DIAG-DEDUP;GBPUSD;s=1;wOpened=08-06 20:29;nd=1;bestStored=08-06 20:29;bestStoredSlot=0;newWins=true
2026-08-06T20:42:00.000+01:00,DIAG-CLOSE;GBPUSD;s=2;prev=10;c=11;firstObs=false;slotOn=true;inWindow=true;time_close=08-06 20:43
2026-08-06T20:42:00.000+01:00,DIAG-DEDUP;GBPUSD;s=2;wOpened=08-06 20:30;nd=1;bestStored=08-06 20:29;bestStoredSlot=1;newWins=false
2026-08-06T20:42:00.000+01:00,DIAG-CLOSE;GBPUSD;s=3;prev=11;c=12;firstObs=false;slotOn=true;inWindow=true;time_close=08-06 20:43
2026-08-06T20:42:00.000+01:00,DIAG-DEDUP;GBPUSD;s=3;wOpened=08-06 20:30;nd=1;bestStored=08-06 20:29;bestStoredSlot=1;newWins=false
2026-08-06T21:12:00.000+01:00,DIAG-CLOSE;CADJPY;s=0;prev=16;c=17;firstObs=false;slotOn=true;inWindow=true;time_close=08-06 21:13
2026-08-06T21:12:00.000+01:00,DIAG-DEDUP;CADJPY;s=0;wOpened=08-06 20:30;nd=0;bestStored=none;bestStoredSlot=-1;newWins=true
2026-08-06T21:12:00.000+01:00,DIAG-CLOSE;CADJPY;s=1;prev=14;c=15;firstObs=false;slotOn=true;inWindow=true;time_close=08-06 21:13
2026-08-06T21:12:00.000+01:00,DIAG-DEDUP;CADJPY;s=1;wOpened=08-06 20:30;nd=1;bestStored=08-06 20:30;bestStoredSlot=0;newWins=true
2026-08-06T21:12:00.000+01:00,DIAG-CLOSE;CADJPY;s=2;prev=6;c=7;firstObs=false;slotOn=true;inWindow=true;time_close=08-06 21:13
2026-08-06T21:12:00.000+01:00,DIAG-DEDUP;CADJPY;s=2;wOpened=08-06 20:31;nd=1;bestStored=08-06 20:30;bestStoredSlot=1;newWins=false
2026-08-06T21:12:00.000+01:00,DIAG-CLOSE;CADJPY;s=3;prev=6;c=7;firstObs=false;slotOn=true;inWindow=true;time_close=08-06 21:13
2026-08-06T21:12:00.000+01:00,DIAG-DEDUP;CADJPY;s=3;wOpened=08-06 20:31;nd=1;bestStored=08-06 20:30;bestStoredSlot=1;newWins=false
2026-08-06T21:12:00.000+01:00,DIAG-CLOSE;CADJPY;s=5;prev=1;c=2;firstObs=false;slotOn=true;inWindow=true;time_close=08-06 21:13
2026-08-06T21:12:00.000+01:00,DIAG-DEDUP;CADJPY;s=5;wOpened=08-06 20:31;nd=1;bestStored=08-06 20:30;bestStoredSlot=1;newWins=false
2026-08-06T21:13:00.000+01:00,DIAG-CLOSE;USDJPY;s=0;prev=18;c=19;firstObs=false;slotOn=true;inWindow=true;time_close=08-06 21:14
2026-08-06T21:13:00.000+01:00,DIAG-DEDUP;USDJPY;s=0;wOpened=08-06 21:01;nd=0;bestStored=none;bestStoredSlot=-1;newWins=true
2026-08-06T21:13:00.000+01:00,DIAG-CLOSE;USDJPY;s=1;prev=19;c=20;firstObs=false;slotOn=true;inWindow=true;time_close=08-06 21:14
2026-08-06T21:13:00.000+01:00,DIAG-DEDUP;USDJPY;s=1;wOpened=08-06 21:01;nd=1;bestStored=08-06 21:01;bestStoredSlot=0;newWins=true
2026-08-06T21:13:00.000+01:00,DIAG-CLOSE;USDJPY;s=2;prev=9;c=10;firstObs=false;slotOn=true;inWindow=true;time_close=08-06 21:14
2026-08-06T21:13:00.000+01:00,DIAG-DEDUP;USDJPY;s=2;wOpened=08-06 21:02;nd=1;bestStored=08-06 21:01;bestStoredSlot=1;newWins=false
2026-08-06T21:13:00.000+01:00,DIAG-CLOSE;USDJPY;s=3;prev=9;c=10;firstObs=false;slotOn=true;inWindow=true;time_close=08-06 21:14
2026-08-06T21:13:00.000+01:00,DIAG-DEDUP;USDJPY;s=3;wOpened=08-06 21:02;nd=1;bestStored=08-06 21:01;bestStoredSlot=1;newWins=false
2026-08-06T21:15:00.000+01:00,DIAG-CLOSE;CHFJPY;s=0;prev=21;c=22;firstObs=false;slotOn=true;inWindow=true;time_close=08-06 21:16
2026-08-06T21:15:00.000+01:00,DIAG-DEDUP;CHFJPY;s=0;wOpened=08-06 21:10;nd=0;bestStored=none;bestStoredSlot=-1;newWins=true
2026-08-06T21:15:00.000+01:00,DIAG-CLOSE;CHFJPY;s=1;prev=23;c=24;firstObs=false;slotOn=true;inWindow=true;time_close=08-06 21:16
2026-08-06T21:15:00.000+01:00,DIAG-DEDUP;CHFJPY;s=1;wOpened=08-06 21:10;nd=1;bestStored=08-06 21:10;bestStoredSlot=0;newWins=true
2026-08-06T21:22:00.000+01:00,DIAG-CLOSE;USDCHF;s=0;prev=25;c=26;firstObs=false;slotOn=true;inWindow=true;time_close=08-06 21:23
2026-08-06T21:22:00.000+01:00,DIAG-DEDUP;USDCHF;s=0;wOpened=08-06 20:55;nd=0;bestStored=none;bestStoredSlot=-1;newWins=true
2026-08-06T21:22:00.000+01:00,DIAG-CLOSE;USDCHF;s=1;prev=25;c=26;firstObs=false;slotOn=true;inWindow=true;time_close=08-06 21:23
2026-08-06T21:22:00.000+01:00,DIAG-DEDUP;USDCHF;s=1;wOpened=08-06 20:55;nd=1;bestStored=08-06 20:55;bestStoredSlot=0;newWins=true
2026-08-06T21:22:00.000+01:00,DIAG-CLOSE;USDCHF;s=2;prev=9;c=10;firstObs=false;slotOn=true;inWindow=true;time_close=08-06 21:23
2026-08-06T21:22:00.000+01:00,DIAG-DEDUP;USDCHF;s=2;wOpened=08-06 20:56;nd=1;bestStored=08-06 20:55;bestStoredSlot=1;newWins=false
2026-08-06T21:22:00.000+01:00,DIAG-CLOSE;USDCHF;s=3;prev=8;c=9;firstObs=false;slotOn=true;inWindow=true;time_close=08-06 21:23
2026-08-06T21:22:00.000+01:00,DIAG-DEDUP;USDCHF;s=3;wOpened=08-06 20:56;nd=1;bestStored=08-06 20:55;bestStoredSlot=1;newWins=false
2026-08-06T21:32:00.000+01:00,DIAG-CLOSE;GBPJPY;s=0;prev=24;c=25;firstObs=false;slotOn=true;inWindow=true;time_close=08-06 21:33
2026-08-06T21:32:00.000+01:00,DIAG-DEDUP;GBPJPY;s=0;wOpened=08-06 21:17;nd=0;bestStored=none;bestStoredSlot=-1;newWins=true
2026-08-06T21:32:00.000+01:00,DIAG-CLOSE;GBPJPY;s=1;prev=24;c=25;firstObs=false;slotOn=true;inWindow=true;time_close=08-06 21:33
2026-08-06T21:32:00.000+01:00,DIAG-DEDUP;GBPJPY;s=1;wOpened=08-06 21:17;nd=1;bestStored=08-06 21:17;bestStoredSlot=0;newWins=true
2026-08-06T21:32:00.000+01:00,DIAG-CLOSE;GBPJPY;s=5;prev=6;c=7;firstObs=false;slotOn=true;inWindow=true;time_close=08-06 21:33
2026-08-06T21:32:00.000+01:00,DIAG-DEDUP;GBPJPY;s=5;wOpened=08-06 21:17;nd=1;bestStored=08-06 21:17;bestStoredSlot=1;newWins=true
2026-08-06T21:32:00.000+01:00,DIAG-CLOSE;GBPJPY;s=6;prev=7;c=8;firstObs=false;slotOn=true;inWindow=true;time_close=08-06 21:33
2026-08-06T21:32:00.000+01:00,DIAG-DEDUP;GBPJPY;s=6;wOpened=08-06 21:16;nd=1;bestStored=08-06 21:17;bestStoredSlot=5;newWins=true
2026-08-06T21:32:00.000+01:00,DIAG-CLOSE;GBPJPY;s=7;prev=4;c=5;firstObs=false;slotOn=true;inWindow=true;time_close=08-06 21:33
2026-08-06T21:32:00.000+01:00,DIAG-DEDUP;GBPJPY;s=7;wOpened=08-06 21:17;nd=1;bestStored=08-06 21:16;bestStoredSlot=6;newWins=false
2026-08-06T21:34:00.000+01:00,DIAG-CLOSE;AUDJPY;s=0;prev=15;c=16;firstObs=false;slotOn=true;inWindow=true;time_close=08-06 21:35
2026-08-06T21:34:00.000+01:00,DIAG-DEDUP;AUDJPY;s=0;wOpened=08-06 21:13;nd=0;bestStored=none;bestStoredSlot=-1;newWins=true
2026-08-06T21:34:00.000+01:00,DIAG-CLOSE;AUDJPY;s=1;prev=18;c=19;firstObs=false;slotOn=true;inWindow=true;time_close=08-06 21:35
2026-08-06T21:34:00.000+01:00,DIAG-DEDUP;AUDJPY;s=1;wOpened=08-06 21:13;nd=1;bestStored=08-06 21:13;bestStoredSlot=0;newWins=true
2026-08-06T21:38:00.000+01:00,DIAG-CLOSE;CADJPY;s=0;prev=17;c=18;firstObs=false;slotOn=true;inWindow=true;time_close=08-06 21:39
2026-08-06T21:38:00.000+01:00,DIAG-DEDUP;CADJPY;s=0;wOpened=08-06 21:37;nd=0;bestStored=none;bestStoredSlot=-1;newWins=true
2026-08-06T21:47:00.000+01:00,DIAG-CLOSE;EURCAD;s=0;prev=13;c=14;firstObs=false;slotOn=true;inWindow=true;time_close=08-06 21:48
2026-08-06T21:47:00.000+01:00,DIAG-DEDUP;EURCAD;s=0;wOpened=08-06 21:38;nd=0;bestStored=none;bestStoredSlot=-1;newWins=true
2026-08-06T21:47:00.000+01:00,DIAG-CLOSE;EURCAD;s=1;prev=14;c=15;firstObs=false;slotOn=true;inWindow=true;time_close=08-06 21:48
2026-08-06T21:47:00.000+01:00,DIAG-DEDUP;EURCAD;s=1;wOpened=08-06 21:38;nd=1;bestStored=08-06 21:38;bestStoredSlot=0;newWins=true
2026-08-06T21:52:00.000+01:00,DIAG-CLOSE;CADCHF;s=0;prev=18;c=19;firstObs=false;slotOn=true;inWindow=true;time_close=08-06 21:53
2026-08-06T21:52:00.000+01:00,DIAG-DEDUP;CADCHF;s=0;wOpened=08-06 21:29;nd=0;bestStored=none;bestStoredSlot=-1;newWins=true
2026-08-06T21:52:00.000+01:00,DIAG-CLOSE;CADCHF;s=1;prev=18;c=19;firstObs=false;slotOn=true;inWindow=true;time_close=08-06 21:53
2026-08-06T21:52:00.000+01:00,DIAG-DEDUP;CADCHF;s=1;wOpened=08-06 21:29;nd=1;bestStored=08-06 21:29;bestStoredSlot=0;newWins=true
2026-08-06T21:52:00.000+01:00,DIAG-CLOSE;CADCHF;s=2;prev=11;c=12;firstObs=false;slotOn=true;inWindow=true;time_close=08-06 21:53
2026-08-06T21:52:00.000+01:00,DIAG-DEDUP;CADCHF;s=2;wOpened=08-06 21:30;nd=1;bestStored=08-06 21:29;bestStoredSlot=1;newWins=false
2026-08-06T21:52:00.000+01:00,DIAG-CLOSE;CADCHF;s=3;prev=11;c=12;firstObs=false;slotOn=true;inWindow=true;time_close=08-06 21:53
2026-08-06T21:52:00.000+01:00,DIAG-DEDUP;CADCHF;s=3;wOpened=08-06 21:30;nd=1;bestStored=08-06 21:29;bestStoredSlot=1;newWins=false
2026-08-06T21:56:00.000+01:00,DIAG-CLOSE;GBPCHF;s=0;prev=17;c=18;firstObs=false;slotOn=true;inWindow=true;time_close=08-06 21:57
2026-08-06T21:56:00.000+01:00,DIAG-DEDUP;GBPCHF;s=0;wOpened=08-06 20:54;nd=0;bestStored=none;bestStoredSlot=-1;newWins=true
2026-08-06T21:56:00.000+01:00,DIAG-CLOSE;GBPCHF;s=1;prev=17;c=18;firstObs=false;slotOn=true;inWindow=true;time_close=08-06 21:57
2026-08-06T21:56:00.000+01:00,DIAG-DEDUP;GBPCHF;s=1;wOpened=08-06 20:46;nd=1;bestStored=08-06 20:54;bestStoredSlot=0;newWins=true
2026-08-06T21:56:00.000+01:00,DIAG-CLOSE;GBPCHF;s=2;prev=8;c=9;firstObs=false;slotOn=true;inWindow=true;time_close=08-06 21:57
2026-08-06T21:56:00.000+01:00,DIAG-DEDUP;GBPCHF;s=2;wOpened=08-06 20:54;nd=1;bestStored=08-06 20:46;bestStoredSlot=1;newWins=false
2026-08-06T21:56:00.000+01:00,DIAG-CLOSE;GBPCHF;s=3;prev=7;c=8;firstObs=false;slotOn=true;inWindow=true;time_close=08-06 21:57
2026-08-06T21:56:00.000+01:00,DIAG-DEDUP;GBPCHF;s=3;wOpened=08-06 20:55;nd=1;bestStored=08-06 20:46;bestStoredSlot=1;newWins=false
2026-08-06T21:56:00.000+01:00,DIAG-CLOSE;GBPCHF;s=4;prev=5;c=6;firstObs=false;slotOn=true;inWindow=true;time_close=08-06 21:57
2026-08-06T21:56:00.000+01:00,DIAG-DEDUP;GBPCHF;s=4;wOpened=08-06 20:55;nd=1;bestStored=08-06 20:46;bestStoredSlot=1;newWins=false
2026-08-06T21:56:00.000+01:00,DIAG-CLOSE;GBPCHF;s=5;prev=7;c=8;firstObs=false;slotOn=true;inWindow=true;time_close=08-06 21:57
2026-08-06T21:56:00.000+01:00,DIAG-DEDUP;GBPCHF;s=5;wOpened=08-06 20:55;nd=1;bestStored=08-06 20:46;bestStoredSlot=1;newWins=false
2026-08-06T21:56:00.000+01:00,DIAG-CLOSE;GBPCHF;s=7;prev=4;c=5;firstObs=false;slotOn=true;inWindow=true;time_close=08-06 21:57
2026-08-06T21:56:00.000+01:00,DIAG-DEDUP;GBPCHF;s=7;wOpened=08-06 21:54;nd=1;bestStored=08-06 20:46;bestStoredSlot=1;newWins=false
2026-08-06T22:12:00.000+01:00,DIAG-CLOSE;EURGBP;s=6;prev=6;c=7;firstObs=false;slotOn=true;inWindow=true;time_close=08-06 22:13
2026-08-06T22:12:00.000+01:00,DIAG-DEDUP;EURGBP;s=6;wOpened=08-06 22:05;nd=0;bestStored=none;bestStoredSlot=-1;newWins=true
2026-08-06T22:41:00.000+01:00,DIAG-CLOSE;USDCAD;s=0;prev=16;c=17;firstObs=false;slotOn=true;inWindow=true;time_close=08-06 22:42
2026-08-06T22:41:00.000+01:00,DIAG-DEDUP;USDCAD;s=0;wOpened=08-06 22:40;nd=0;bestStored=none;bestStoredSlot=-1;newWins=true
2026-08-06T22:41:00.000+01:00,DIAG-CLOSE;USDCAD;s=1;prev=19;c=20;firstObs=false;slotOn=true;inWindow=true;time_close=08-06 22:42
2026-08-06T22:41:00.000+01:00,DIAG-DEDUP;USDCAD;s=1;wOpened=08-06 22:40;nd=1;bestStored=08-06 22:40;bestStoredSlot=0;newWins=true
2026-08-06T22:42:00.000+01:00,DIAG-CLOSE;GBPCHF;s=6;prev=6;c=7;firstObs=false;slotOn=true;inWindow=true;time_close=08-06 22:43
2026-08-06T22:42:00.000+01:00,DIAG-DEDUP;GBPCHF;s=6;wOpened=08-06 21:55;nd=1;bestStored=08-06 20:46;bestStoredSlot=1;newWins=false
2026-08-06T22:44:00.000+01:00,DIAG-CLOSE;AUDCHF;s=0;prev=18;c=19;firstObs=false;slotOn=true;inWindow=true;time_close=08-06 22:45
2026-08-06T22:44:00.000+01:00,DIAG-DEDUP;AUDCHF;s=0;wOpened=08-06 22:30;nd=0;bestStored=none;bestStoredSlot=-1;newWins=true
2026-08-06T22:44:00.000+01:00,DIAG-CLOSE;AUDCHF;s=1;prev=21;c=22;firstObs=false;slotOn=true;inWindow=true;time_close=08-06 22:45
2026-08-06T22:44:00.000+01:00,DIAG-DEDUP;AUDCHF;s=1;wOpened=08-06 22:30;nd=1;bestStored=08-06 22:30;bestStoredSlot=0;newWins=true
2026-08-06T22:47:00.000+01:00,DIAG-CLOSE;AUDJPY;s=0;prev=16;c=17;firstObs=false;slotOn=true;inWindow=true;time_close=08-06 22:48
2026-08-06T22:47:00.000+01:00,DIAG-DEDUP;AUDJPY;s=0;wOpened=08-06 22:41;nd=0;bestStored=none;bestStoredSlot=-1;newWins=true
2026-08-06T22:47:00.000+01:00,DIAG-CLOSE;AUDJPY;s=1;prev=19;c=20;firstObs=false;slotOn=true;inWindow=true;time_close=08-06 22:48
2026-08-06T22:47:00.000+01:00,DIAG-DEDUP;AUDJPY;s=1;wOpened=08-06 22:41;nd=1;bestStored=08-06 22:41;bestStoredSlot=0;newWins=true
2026-08-06T22:56:00.000+01:00,DIAG-CLOSE;EURAUD;s=0;prev=17;c=18;firstObs=false;slotOn=true;inWindow=true;time_close=08-06 22:57
2026-08-06T22:56:00.000+01:00,DIAG-DEDUP;EURAUD;s=0;wOpened=08-06 22:40;nd=0;bestStored=none;bestStoredSlot=-1;newWins=true
2026-08-06T22:56:00.000+01:00,DIAG-CLOSE;EURAUD;s=3;prev=9;c=10;firstObs=false;slotOn=true;inWindow=true;time_close=08-06 22:57
2026-08-06T22:56:00.000+01:00,DIAG-DEDUP;EURAUD;s=3;wOpened=08-06 22:46;nd=1;bestStored=08-06 22:40;bestStoredSlot=0;newWins=false
2026-08-06T23:19:00.000+01:00,DIAG-CLOSE;EURUSD;s=0;prev=23;c=24;firstObs=false;slotOn=true;inWindow=true;time_close=08-06 23:20
2026-08-06T23:19:00.000+01:00,DIAG-DEDUP;EURUSD;s=0;wOpened=08-06 23:10;nd=0;bestStored=none;bestStoredSlot=-1;newWins=true
2026-08-06T23:19:00.000+01:00,DIAG-CLOSE;EURUSD;s=1;prev=23;c=24;firstObs=false;slotOn=true;inWindow=true;time_close=08-06 23:20
2026-08-06T23:19:00.000+01:00,DIAG-DEDUP;EURUSD;s=1;wOpened=08-06 23:12;nd=1;bestStored=08-06 23:10;bestStoredSlot=0;newWins=false
2026-08-06T23:19:00.000+01:00,DIAG-CLOSE;EURUSD;s=3;prev=14;c=15;firstObs=false;slotOn=true;inWindow=true;time_close=08-06 23:20
2026-08-06T23:19:00.000+01:00,DIAG-DEDUP;EURUSD;s=3;wOpened=08-06 23:11;nd=1;bestStored=08-06 23:10;bestStoredSlot=0;newWins=false
2026-08-06T23:21:00.000+01:00,DIAG-CLOSE;GBPUSD;s=6;prev=4;c=5;firstObs=false;slotOn=true;inWindow=true;time_close=08-06 23:22
2026-08-06T23:21:00.000+01:00,DIAG-DEDUP;GBPUSD;s=6;wOpened=08-06 23:20;nd=0;bestStored=none;bestStoredSlot=-1;newWins=true
2026-08-06T23:25:00.000+01:00,DIAG-CLOSE;EURAUD;s=1;prev=16;c=17;firstObs=false;slotOn=true;inWindow=true;time_close=08-06 23:26
2026-08-06T23:25:00.000+01:00,DIAG-DEDUP;EURAUD;s=1;wOpened=08-06 22:40;nd=1;bestStored=08-06 22:40;bestStoredSlot=0;newWins=true
2026-08-06T23:25:00.000+01:00,DIAG-CLOSE;EURAUD;s=2;prev=8;c=9;firstObs=false;slotOn=true;inWindow=true;time_close=08-06 23:26
2026-08-06T23:25:00.000+01:00,DIAG-DEDUP;EURAUD;s=2;wOpened=08-06 22:46;nd=1;bestStored=08-06 22:40;bestStoredSlot=1;newWins=false
2026-08-06T23:25:00.000+01:00,DIAG-CLOSE;EURAUD;s=4;prev=5;c=6;firstObs=false;slotOn=true;inWindow=true;time_close=08-06 23:26
2026-08-06T23:25:00.000+01:00,DIAG-DEDUP;EURAUD;s=4;wOpened=08-06 22:49;nd=1;bestStored=08-06 22:40;bestStoredSlot=1;newWins=false
2026-08-06T23:25:00.000+01:00,DIAG-CLOSE;EURAUD;s=5;prev=5;c=6;firstObs=false;slotOn=true;inWindow=true;time_close=08-06 23:26
2026-08-06T23:25:00.000+01:00,DIAG-DEDUP;EURAUD;s=5;wOpened=08-06 22:49;nd=1;bestStored=08-06 22:40;bestStoredSlot=1;newWins=false
2026-08-06T23:25:00.000+01:00,DIAG-CLOSE;EURAUD;s=6;prev=1;c=2;firstObs=false;slotOn=true;inWindow=true;time_close=08-06 23:26
2026-08-06T23:25:00.000+01:00,DIAG-DEDUP;EURAUD;s=6;wOpened=08-06 22:55;nd=1;bestStored=08-06 22:40;bestStoredSlot=1;newWins=false
2026-08-06T23:34:00.000+01:00,DIAG-CLOSE;USDJPY;s=0;prev=19;c=20;firstObs=false;slotOn=true;inWindow=true;time_close=08-06 23:35
2026-08-06T23:34:00.000+01:00,DIAG-DEDUP;USDJPY;s=0;wOpened=08-06 23:33;nd=0;bestStored=none;bestStoredSlot=-1;newWins=true
2026-08-06T23:34:00.000+01:00,DIAG-CLOSE;USDJPY;s=1;prev=20;c=21;firstObs=false;slotOn=true;inWindow=true;time_close=08-06 23:35
2026-08-06T23:34:00.000+01:00,DIAG-DEDUP;USDJPY;s=1;wOpened=08-06 23:33;nd=1;bestStored=08-06 23:33;bestStoredSlot=0;newWins=true
2026-08-06T23:46:00.000+01:00,DIAG-CLOSE;GBPJPY;s=1;prev=25;c=26;firstObs=false;slotOn=true;inWindow=true;time_close=08-06 23:47
2026-08-06T23:46:00.000+01:00,DIAG-DEDUP;GBPJPY;s=1;wOpened=08-06 23:40;nd=0;bestStored=none;bestStoredSlot=-1;newWins=true
2026-08-06T23:57:00.000+01:00,DIAG-CLOSE;EURJPY;s=0;prev=19;c=20;firstObs=false;slotOn=true;inWindow=true;time_close=08-06 23:58
2026-08-06T23:57:00.000+01:00,DIAG-DEDUP;EURJPY;s=0;wOpened=08-06 23:51;nd=0;bestStored=none;bestStoredSlot=-1;newWins=true
2026-08-06T23:57:00.000+01:00,DIAG-CLOSE;EURJPY;s=1;prev=19;c=20;firstObs=false;slotOn=true;inWindow=true;time_close=08-06 23:58
2026-08-06T23:57:00.000+01:00,DIAG-DEDUP;EURJPY;s=1;wOpened=08-06 23:56;nd=1;bestStored=08-06 23:51;bestStoredSlot=0;newWins=false
2026-08-06T23:57:00.000+01:00,DIAG-CLOSE;EURJPY;s=3;prev=9;c=10;firstObs=false;slotOn=true;inWindow=true;time_close=08-06 23:58
2026-08-06T23:57:00.000+01:00,DIAG-DEDUP;EURJPY;s=3;wOpened=08-06 23:56;nd=1;bestStored=08-06 23:51;bestStoredSlot=0;newWins=false
2026-08-07T00:00:00.000+01:00,DIAG-CLOSE;GBPJPY;s=0;prev=25;c=26;firstObs=false;slotOn=true;inWindow=true;time_close=08-07 00:01
2026-08-07T00:00:00.000+01:00,DIAG-DEDUP;GBPJPY;s=0;wOpened=08-06 23:57;nd=0;bestStored=none;bestStoredSlot=-1;newWins=true
2026-08-07T00:00:00.000+01:00,DIAG-CLOSE;GBPJPY;s=1;prev=26;c=27;firstObs=false;slotOn=true;inWindow=true;time_close=08-07 00:01
2026-08-07T00:00:00.000+01:00,DIAG-DEDUP;GBPJPY;s=1;wOpened=08-06 23:57;nd=1;bestStored=08-06 23:57;bestStoredSlot=0;newWins=true
2026-08-07T00:10:00.000+01:00,DIAG-CLOSE;CADJPY;s=0;prev=18;c=19;firstObs=false;slotOn=true;inWindow=true;time_close=08-07 00:11
2026-08-07T00:10:00.000+01:00,DIAG-DEDUP;CADJPY;s=0;wOpened=08-06 23:59;nd=0;bestStored=none;bestStoredSlot=-1;newWins=true
2026-08-07T00:10:00.000+01:00,DIAG-CLOSE;CADJPY;s=1;prev=15;c=16;firstObs=false;slotOn=true;inWindow=true;time_close=08-07 00:11
2026-08-07T00:10:00.000+01:00,DIAG-DEDUP;CADJPY;s=1;wOpened=08-06 23:59;nd=1;bestStored=08-06 23:59;bestStoredSlot=0;newWins=true
2026-08-07T00:10:00.000+01:00,DIAG-CLOSE;CADJPY;s=2;prev=7;c=8;firstObs=false;slotOn=true;inWindow=true;time_close=08-07 00:11
2026-08-07T00:10:00.000+01:00,DIAG-DEDUP;CADJPY;s=2;wOpened=08-06 23:59;nd=1;bestStored=08-06 23:59;bestStoredSlot=1;newWins=true
2026-08-07T00:42:00.000+01:00,DIAG-CLOSE;GBPAUD;s=0;prev=14;c=15;firstObs=false;slotOn=true;inWindow=true;time_close=08-07 00:43
2026-08-07T00:42:00.000+01:00,DIAG-DEDUP;GBPAUD;s=0;wOpened=08-06 23:06;nd=0;bestStored=none;bestStoredSlot=-1;newWins=true
2026-08-07T00:42:00.000+01:00,DIAG-CLOSE;GBPAUD;s=1;prev=15;c=16;firstObs=false;slotOn=true;inWindow=true;time_close=08-07 00:43
2026-08-07T00:42:00.000+01:00,DIAG-DEDUP;GBPAUD;s=1;wOpened=08-06 23:06;nd=1;bestStored=08-06 23:06;bestStoredSlot=0;newWins=true
2026-08-07T00:42:00.000+01:00,DIAG-CLOSE;GBPAUD;s=2;prev=9;c=10;firstObs=false;slotOn=true;inWindow=true;time_close=08-07 00:43
2026-08-07T00:42:00.000+01:00,DIAG-DEDUP;GBPAUD;s=2;wOpened=08-07 00:03;nd=1;bestStored=08-06 23:06;bestStoredSlot=1;newWins=false
2026-08-07T00:42:00.000+01:00,DIAG-CLOSE;GBPAUD;s=3;prev=9;c=10;firstObs=false;slotOn=true;inWindow=true;time_close=08-07 00:43
2026-08-07T00:42:00.000+01:00,DIAG-DEDUP;GBPAUD;s=3;wOpened=08-07 00:03;nd=1;bestStored=08-06 23:06;bestStoredSlot=1;newWins=false
2026-08-07T00:44:00.000+01:00,DIAG-CLOSE;AUDJPY;s=0;prev=17;c=18;firstObs=false;slotOn=true;inWindow=true;time_close=08-07 00:45
2026-08-07T00:44:00.000+01:00,DIAG-DEDUP;AUDJPY;s=0;wOpened=08-07 00:43;nd=0;bestStored=none;bestStoredSlot=-1;newWins=true
2026-08-07T00:44:00.000+01:00,DIAG-CLOSE;AUDJPY;s=1;prev=20;c=21;firstObs=false;slotOn=true;inWindow=true;time_close=08-07 00:45
2026-08-07T00:44:00.000+01:00,DIAG-DEDUP;AUDJPY;s=1;wOpened=08-07 00:43;nd=1;bestStored=08-07 00:43;bestStoredSlot=0;newWins=true
2026-08-07T00:46:00.000+01:00,DIAG-CLOSE;GBPUSD;s=0;prev=21;c=22;firstObs=false;slotOn=true;inWindow=true;time_close=08-07 00:47
2026-08-07T00:46:00.000+01:00,DIAG-DEDUP;GBPUSD;s=0;wOpened=08-07 00:40;nd=0;bestStored=none;bestStoredSlot=-1;newWins=true
2026-08-07T00:50:00.000+01:00,DIAG-CLOSE;USDCHF;s=0;prev=26;c=27;firstObs=false;slotOn=true;inWindow=true;time_close=08-07 00:51
2026-08-07T00:50:00.000+01:00,DIAG-DEDUP;USDCHF;s=0;wOpened=08-07 00:41;nd=0;bestStored=none;bestStoredSlot=-1;newWins=true
2026-08-07T00:50:00.000+01:00,DIAG-CLOSE;USDCHF;s=1;prev=26;c=27;firstObs=false;slotOn=true;inWindow=true;time_close=08-07 00:51
2026-08-07T00:50:00.000+01:00,DIAG-DEDUP;USDCHF;s=1;wOpened=08-07 00:41;nd=1;bestStored=08-07 00:41;bestStoredSlot=0;newWins=true
2026-08-07T01:04:00.000+01:00,DIAG-CLOSE;CADCHF;s=0;prev=19;c=20;firstObs=false;slotOn=true;inWindow=true;time_close=08-07 01:05
2026-08-07T01:04:00.000+01:00,DIAG-DEDUP;CADCHF;s=0;wOpened=08-06 23:13;nd=0;bestStored=none;bestStoredSlot=-1;newWins=true
2026-08-07T01:04:00.000+01:00,DIAG-CLOSE;CADCHF;s=1;prev=19;c=20;firstObs=false;slotOn=true;inWindow=true;time_close=08-07 01:05
2026-08-07T01:04:00.000+01:00,DIAG-DEDUP;CADCHF;s=1;wOpened=08-06 23:13;nd=1;bestStored=08-06 23:13;bestStoredSlot=0;newWins=true
2026-08-07T01:04:00.000+01:00,DIAG-CLOSE;CADCHF;s=2;prev=12;c=13;firstObs=false;slotOn=true;inWindow=true;time_close=08-07 01:05
2026-08-07T01:04:00.000+01:00,DIAG-DEDUP;CADCHF;s=2;wOpened=08-07 00:01;nd=1;bestStored=08-06 23:13;bestStoredSlot=1;newWins=false
2026-08-07T01:04:00.000+01:00,DIAG-CLOSE;CADCHF;s=3;prev=12;c=13;firstObs=false;slotOn=true;inWindow=true;time_close=08-07 01:05
2026-08-07T01:04:00.000+01:00,DIAG-DEDUP;CADCHF;s=3;wOpened=08-07 00:01;nd=1;bestStored=08-06 23:13;bestStoredSlot=1;newWins=false
2026-08-07T01:14:00.000+01:00,DIAG-CLOSE;USDJPY;s=0;prev=20;c=21;firstObs=false;slotOn=true;inWindow=true;time_close=08-07 01:15
2026-08-07T01:14:00.000+01:00,DIAG-DEDUP;USDJPY;s=0;wOpened=08-07 01:06;nd=0;bestStored=none;bestStoredSlot=-1;newWins=true
2026-08-07T01:14:00.000+01:00,DIAG-CLOSE;USDJPY;s=1;prev=21;c=22;firstObs=false;slotOn=true;inWindow=true;time_close=08-07 01:15
2026-08-07T01:14:00.000+01:00,DIAG-DEDUP;USDJPY;s=1;wOpened=08-07 01:06;nd=1;bestStored=08-07 01:06;bestStoredSlot=0;newWins=true
2026-08-07T01:16:00.000+01:00,DIAG-CLOSE;EURGBP;s=5;prev=10;c=11;firstObs=false;slotOn=true;inWindow=true;time_close=08-07 01:17
2026-08-07T01:16:00.000+01:00,DIAG-DEDUP;EURGBP;s=5;wOpened=08-07 01:08;nd=0;bestStored=none;bestStoredSlot=-1;newWins=true
2026-08-07T01:16:00.000+01:00,DIAG-CLOSE;EURCAD;s=0;prev=14;c=15;firstObs=false;slotOn=true;inWindow=true;time_close=08-07 01:17
2026-08-07T01:16:00.000+01:00,DIAG-DEDUP;EURCAD;s=0;wOpened=08-07 00:29;nd=0;bestStored=none;bestStoredSlot=-1;newWins=true
2026-08-07T01:16:00.000+01:00,DIAG-CLOSE;EURCAD;s=1;prev=15;c=16;firstObs=false;slotOn=true;inWindow=true;time_close=08-07 01:17
2026-08-07T01:16:00.000+01:00,DIAG-DEDUP;EURCAD;s=1;wOpened=08-07 00:29;nd=1;bestStored=08-07 00:29;bestStoredSlot=0;newWins=true
2026-08-07T01:16:00.000+01:00,DIAG-CLOSE;EURCAD;s=2;prev=6;c=7;firstObs=false;slotOn=true;inWindow=true;time_close=08-07 01:17
2026-08-07T01:16:00.000+01:00,DIAG-DEDUP;EURCAD;s=2;wOpened=08-07 00:37;nd=1;bestStored=08-07 00:29;bestStoredSlot=1;newWins=false
2026-08-07T01:16:00.000+01:00,DIAG-CLOSE;EURCAD;s=3;prev=3;c=4;firstObs=false;slotOn=true;inWindow=true;time_close=08-07 01:17
2026-08-07T01:16:00.000+01:00,DIAG-DEDUP;EURCAD;s=3;wOpened=08-07 00:37;nd=1;bestStored=08-07 00:29;bestStoredSlot=1;newWins=false
2026-08-07T01:16:00.000+01:00,DIAG-CLOSE;CADJPY;s=0;prev=19;c=20;firstObs=false;slotOn=true;inWindow=true;time_close=08-07 01:17
2026-08-07T01:16:00.000+01:00,DIAG-DEDUP;CADJPY;s=0;wOpened=08-07 00:41;nd=0;bestStored=none;bestStoredSlot=-1;newWins=true
2026-08-07T01:16:00.000+01:00,DIAG-CLOSE;CADJPY;s=1;prev=16;c=17;firstObs=false;slotOn=true;inWindow=true;time_close=08-07 01:17
2026-08-07T01:16:00.000+01:00,DIAG-DEDUP;CADJPY;s=1;wOpened=08-07 00:40;nd=1;bestStored=08-07 00:41;bestStoredSlot=0;newWins=true
2026-08-07T01:16:00.000+01:00,DIAG-CLOSE;CADJPY;s=2;prev=8;c=9;firstObs=false;slotOn=true;inWindow=true;time_close=08-07 01:17
2026-08-07T01:16:00.000+01:00,DIAG-DEDUP;CADJPY;s=2;wOpened=08-07 00:41;nd=1;bestStored=08-07 00:40;bestStoredSlot=1;newWins=false
2026-08-07T01:16:00.000+01:00,DIAG-CLOSE;CADJPY;s=3;prev=7;c=8;firstObs=false;slotOn=true;inWindow=true;time_close=08-07 01:17
2026-08-07T01:16:00.000+01:00,DIAG-DEDUP;CADJPY;s=3;wOpened=08-07 01:03;nd=1;bestStored=08-07 00:40;bestStoredSlot=1;newWins=false
2026-08-07T01:16:00.000+01:00,DIAG-CLOSE;CADJPY;s=4;prev=2;c=3;firstObs=false;slotOn=true;inWindow=true;time_close=08-07 01:17
2026-08-07T01:16:00.000+01:00,DIAG-DEDUP;CADJPY;s=4;wOpened=08-07 01:03;nd=1;bestStored=08-07 00:40;bestStoredSlot=1;newWins=false
2026-08-07T01:46:00.000+01:00,DIAG-CLOSE;EURAUD;s=0;prev=18;c=19;firstObs=false;slotOn=true;inWindow=true;time_close=08-07 01:47
2026-08-07T01:46:00.000+01:00,DIAG-DEDUP;EURAUD;s=0;wOpened=08-07 01:45;nd=0;bestStored=none;bestStoredSlot=-1;newWins=true
2026-08-07T01:46:00.000+01:00,DIAG-CLOSE;EURAUD;s=1;prev=17;c=18;firstObs=false;slotOn=true;inWindow=true;time_close=08-07 01:47
2026-08-07T01:46:00.000+01:00,DIAG-DEDUP;EURAUD;s=1;wOpened=08-07 01:37;nd=1;bestStored=08-07 01:45;bestStoredSlot=0;newWins=true
2026-08-07T01:46:00.000+01:00,DIAG-CLOSE;EURAUD;s=2;prev=9;c=10;firstObs=false;slotOn=true;inWindow=true;time_close=08-07 01:47
2026-08-07T01:46:00.000+01:00,DIAG-DEDUP;EURAUD;s=2;wOpened=08-07 01:38;nd=1;bestStored=08-07 01:37;bestStoredSlot=1;newWins=false
2026-08-07T01:46:00.000+01:00,DIAG-CLOSE;EURAUD;s=4;prev=6;c=7;firstObs=false;slotOn=true;inWindow=true;time_close=08-07 01:47
2026-08-07T01:46:00.000+01:00,DIAG-DEDUP;EURAUD;s=4;wOpened=08-07 01:45;nd=1;bestStored=08-07 01:37;bestStoredSlot=1;newWins=false
2026-08-07T01:48:00.000+01:00,DIAG-CLOSE;EURCAD;s=7;prev=2;c=3;firstObs=false;slotOn=true;inWindow=true;time_close=08-07 01:49
2026-08-07T01:48:00.000+01:00,DIAG-DEDUP;EURCAD;s=7;wOpened=08-07 01:19;nd=0;bestStored=none;bestStoredSlot=-1;newWins=true
2026-08-07T01:54:00.000+01:00,DIAG-CLOSE;CADCHF;s=0;prev=20;c=21;firstObs=false;slotOn=true;inWindow=true;time_close=08-07 01:55
2026-08-07T01:54:00.000+01:00,DIAG-DEDUP;CADCHF;s=0;wOpened=08-07 01:53;nd=0;bestStored=none;bestStoredSlot=-1;newWins=true
2026-08-07T01:54:00.000+01:00,DIAG-CLOSE;CADCHF;s=1;prev=20;c=21;firstObs=false;slotOn=true;inWindow=true;time_close=08-07 01:55
2026-08-07T01:54:00.000+01:00,DIAG-DEDUP;CADCHF;s=1;wOpened=08-07 01:53;nd=1;bestStored=08-07 01:53;bestStoredSlot=0;newWins=true
2026-08-07T02:04:00.000+01:00,DIAG-CLOSE;EURAUD;s=7;prev=1;c=2;firstObs=false;slotOn=true;inWindow=true;time_close=08-07 02:05
2026-08-07T02:04:00.000+01:00,DIAG-DEDUP;EURAUD;s=7;wOpened=08-07 01:49;nd=0;bestStored=none;bestStoredSlot=-1;newWins=true
2026-08-07T02:18:00.000+01:00,DIAG-CLOSE;EURUSD;s=0;prev=24;c=25;firstObs=false;slotOn=true;inWindow=true;time_close=08-07 02:19
2026-08-07T02:18:00.000+01:00,DIAG-DEDUP;EURUSD;s=0;wOpened=08-07 02:15;nd=0;bestStored=none;bestStoredSlot=-1;newWins=true
2026-08-07T02:18:00.000+01:00,DIAG-CLOSE;EURUSD;s=1;prev=24;c=25;firstObs=false;slotOn=true;inWindow=true;time_close=08-07 02:19
2026-08-07T02:18:00.000+01:00,DIAG-DEDUP;EURUSD;s=1;wOpened=08-07 02:15;nd=1;bestStored=08-07 02:15;bestStoredSlot=0;newWins=true
2026-08-07T02:45:00.000+01:00,DIAG-CLOSE;EURCHF;s=0;prev=24;c=25;firstObs=false;slotOn=true;inWindow=true;time_close=08-07 02:46
2026-08-07T02:45:00.000+01:00,DIAG-DEDUP;EURCHF;s=0;wOpened=08-07 02:10;nd=0;bestStored=none;bestStoredSlot=-1;newWins=true
2026-08-07T02:45:00.000+01:00,DIAG-CLOSE;EURCHF;s=1;prev=24;c=25;firstObs=false;slotOn=true;inWindow=true;time_close=08-07 02:46
2026-08-07T02:45:00.000+01:00,DIAG-DEDUP;EURCHF;s=1;wOpened=08-07 02:10;nd=1;bestStored=08-07 02:10;bestStoredSlot=0;newWins=true
2026-08-07T02:45:00.000+01:00,DIAG-CLOSE;EURCHF;s=2;prev=11;c=12;firstObs=false;slotOn=true;inWindow=true;time_close=08-07 02:46
2026-08-07T02:45:00.000+01:00,DIAG-DEDUP;EURCHF;s=2;wOpened=08-07 02:14;nd=1;bestStored=08-07 02:10;bestStoredSlot=1;newWins=false
2026-08-07T02:45:00.000+01:00,DIAG-CLOSE;EURCHF;s=3;prev=12;c=13;firstObs=false;slotOn=true;inWindow=true;time_close=08-07 02:46
2026-08-07T02:45:00.000+01:00,DIAG-DEDUP;EURCHF;s=3;wOpened=08-07 02:14;nd=1;bestStored=08-07 02:10;bestStoredSlot=1;newWins=false
2026-08-07T02:57:00.000+01:00,DIAG-CLOSE;USDCAD;s=0;prev=17;c=18;firstObs=false;slotOn=true;inWindow=true;time_close=08-07 02:58
2026-08-07T02:57:00.000+01:00,DIAG-DEDUP;USDCAD;s=0;wOpened=08-07 02:46;nd=0;bestStored=none;bestStoredSlot=-1;newWins=true
2026-08-07T02:57:00.000+01:00,DIAG-CLOSE;USDCAD;s=1;prev=20;c=21;firstObs=false;slotOn=true;inWindow=true;time_close=08-07 02:58
2026-08-07T02:57:00.000+01:00,DIAG-DEDUP;USDCAD;s=1;wOpened=08-07 02:46;nd=1;bestStored=08-07 02:46;bestStoredSlot=0;newWins=true
2026-08-07T02:57:00.000+01:00,DIAG-CLOSE;USDCAD;s=2;prev=9;c=10;firstObs=false;slotOn=true;inWindow=true;time_close=08-07 02:58
2026-08-07T02:57:00.000+01:00,DIAG-DEDUP;USDCAD;s=2;wOpened=08-07 02:54;nd=1;bestStored=08-07 02:46;bestStoredSlot=1;newWins=false
2026-08-07T02:57:00.000+01:00,DIAG-CLOSE;USDCAD;s=3;prev=10;c=11;firstObs=false;slotOn=true;inWindow=true;time_close=08-07 02:58
2026-08-07T02:57:00.000+01:00,DIAG-DEDUP;USDCAD;s=3;wOpened=08-07 02:56;nd=1;bestStored=08-07 02:46;bestStoredSlot=1;newWins=false
2026-08-07T02:57:00.000+01:00,DIAG-CLOSE;USDCAD;s=4;prev=6;c=7;firstObs=false;slotOn=true;inWindow=true;time_close=08-07 02:58
2026-08-07T02:57:00.000+01:00,DIAG-DEDUP;USDCAD;s=4;wOpened=08-07 02:56;nd=1;bestStored=08-07 02:46;bestStoredSlot=1;newWins=false
2026-08-07T02:57:00.000+01:00,DIAG-CLOSE;USDCAD;s=5;prev=5;c=6;firstObs=false;slotOn=true;inWindow=true;time_close=08-07 02:58
2026-08-07T02:57:00.000+01:00,DIAG-DEDUP;USDCAD;s=5;wOpened=08-07 02:56;nd=1;bestStored=08-07 02:46;bestStoredSlot=1;newWins=false
2026-08-07T02:57:00.000+01:00,DIAG-CLOSE;USDCAD;s=6;prev=4;c=5;firstObs=false;slotOn=true;inWindow=true;time_close=08-07 02:58
2026-08-07T02:57:00.000+01:00,DIAG-DEDUP;USDCAD;s=6;wOpened=08-07 02:56;nd=1;bestStored=08-07 02:46;bestStoredSlot=1;newWins=false
2026-08-07T03:29:00.000+01:00,DIAG-CLOSE;EURUSD;s=6;prev=2;c=3;firstObs=false;slotOn=true;inWindow=true;time_close=08-07 03:30
2026-08-07T03:29:00.000+01:00,DIAG-DEDUP;EURUSD;s=6;wOpened=08-07 02:47;nd=0;bestStored=none;bestStoredSlot=-1;newWins=true
2026-08-07T03:34:00.000+01:00,DIAG-CLOSE;EURAUD;s=0;prev=19;c=20;firstObs=false;slotOn=true;inWindow=true;time_close=08-07 03:35
2026-08-07T03:34:00.000+01:00,DIAG-DEDUP;EURAUD;s=0;wOpened=08-07 03:33;nd=0;bestStored=none;bestStoredSlot=-1;newWins=true
2026-08-07T03:34:00.000+01:00,DIAG-CLOSE;EURAUD;s=1;prev=18;c=19;firstObs=false;slotOn=true;inWindow=true;time_close=08-07 03:35
2026-08-07T03:34:00.000+01:00,DIAG-DEDUP;EURAUD;s=1;wOpened=08-07 03:33;nd=1;bestStored=08-07 03:33;bestStoredSlot=0;newWins=true
2026-08-07T03:34:00.000+01:00,DIAG-CLOSE;AUDCAD;s=0;prev=18;c=19;firstObs=false;slotOn=true;inWindow=true;time_close=08-07 03:35
2026-08-07T03:34:00.000+01:00,DIAG-DEDUP;AUDCAD;s=0;wOpened=08-07 03:15;nd=0;bestStored=none;bestStoredSlot=-1;newWins=true
2026-08-07T03:34:00.000+01:00,DIAG-CLOSE;AUDCAD;s=1;prev=17;c=18;firstObs=false;slotOn=true;inWindow=true;time_close=08-07 03:35
2026-08-07T03:34:00.000+01:00,DIAG-DEDUP;AUDCAD;s=1;wOpened=08-07 03:15;nd=1;bestStored=08-07 03:15;bestStoredSlot=0;newWins=true
2026-08-07T03:34:00.000+01:00,DIAG-CLOSE;AUDCAD;s=2;prev=10;c=11;firstObs=false;slotOn=true;inWindow=true;time_close=08-07 03:35
2026-08-07T03:34:00.000+01:00,DIAG-DEDUP;AUDCAD;s=2;wOpened=08-07 03:23;nd=1;bestStored=08-07 03:15;bestStoredSlot=1;newWins=false
2026-08-07T03:34:00.000+01:00,DIAG-CLOSE;AUDCAD;s=3;prev=10;c=11;firstObs=false;slotOn=true;inWindow=true;time_close=08-07 03:35
2026-08-07T03:34:00.000+01:00,DIAG-DEDUP;AUDCAD;s=3;wOpened=08-07 03:23;nd=1;bestStored=08-07 03:15;bestStoredSlot=1;newWins=false
2026-08-07T03:36:00.000+01:00,DIAG-CLOSE;AUDUSD;s=0;prev=12;c=13;firstObs=false;slotOn=true;inWindow=true;time_close=08-07 03:37
2026-08-07T03:36:00.000+01:00,DIAG-DEDUP;AUDUSD;s=0;wOpened=08-07 03:13;nd=0;bestStored=none;bestStoredSlot=-1;newWins=true
2026-08-07T03:36:00.000+01:00,DIAG-CLOSE;AUDUSD;s=1;prev=13;c=14;firstObs=false;slotOn=true;inWindow=true;time_close=08-07 03:37
2026-08-07T03:36:00.000+01:00,DIAG-DEDUP;AUDUSD;s=1;wOpened=08-07 03:13;nd=1;bestStored=08-07 03:13;bestStoredSlot=0;newWins=true
2026-08-07T03:36:00.000+01:00,DIAG-CLOSE;AUDUSD;s=2;prev=9;c=10;firstObs=false;slotOn=true;inWindow=true;time_close=08-07 03:37
2026-08-07T03:36:00.000+01:00,DIAG-DEDUP;AUDUSD;s=2;wOpened=08-07 03:23;nd=1;bestStored=08-07 03:13;bestStoredSlot=1;newWins=false
2026-08-07T03:36:00.000+01:00,DIAG-CLOSE;AUDUSD;s=3;prev=8;c=9;firstObs=false;slotOn=true;inWindow=true;time_close=08-07 03:37
2026-08-07T03:36:00.000+01:00,DIAG-DEDUP;AUDUSD;s=3;wOpened=08-07 03:23;nd=1;bestStored=08-07 03:13;bestStoredSlot=1;newWins=false
2026-08-07T03:36:00.000+01:00,DIAG-CLOSE;AUDUSD;s=5;prev=5;c=6;firstObs=false;slotOn=true;inWindow=true;time_close=08-07 03:37
2026-08-07T03:36:00.000+01:00,DIAG-DEDUP;AUDUSD;s=5;wOpened=08-07 03:23;nd=1;bestStored=08-07 03:13;bestStoredSlot=1;newWins=false
2026-08-07T03:54:00.000+01:00,DIAG-CLOSE;AUDCHF;s=0;prev=19;c=20;firstObs=false;slotOn=true;inWindow=true;time_close=08-07 03:55
2026-08-07T03:54:00.000+01:00,DIAG-DEDUP;AUDCHF;s=0;wOpened=08-07 03:41;nd=0;bestStored=none;bestStoredSlot=-1;newWins=true
2026-08-07T03:54:00.000+01:00,DIAG-CLOSE;AUDCHF;s=1;prev=22;c=23;firstObs=false;slotOn=true;inWindow=true;time_close=08-07 03:55
2026-08-07T03:54:00.000+01:00,DIAG-DEDUP;AUDCHF;s=1;wOpened=08-07 03:41;nd=1;bestStored=08-07 03:41;bestStoredSlot=0;newWins=true
2026-08-07T04:00:00.000+01:00,DIAG-CLOSE;USDCHF;s=0;prev=27;c=28;firstObs=false;slotOn=true;inWindow=true;time_close=08-07 04:01
2026-08-07T04:00:00.000+01:00,DIAG-DEDUP;USDCHF;s=0;wOpened=08-07 01:45;nd=0;bestStored=none;bestStoredSlot=-1;newWins=true
2026-08-07T04:00:00.000+01:00,DIAG-CLOSE;USDCHF;s=1;prev=27;c=28;firstObs=false;slotOn=true;inWindow=true;time_close=08-07 04:01
2026-08-07T04:00:00.000+01:00,DIAG-DEDUP;USDCHF;s=1;wOpened=08-07 01:45;nd=1;bestStored=08-07 01:45;bestStoredSlot=0;newWins=true
2026-08-07T04:00:00.000+01:00,DIAG-CLOSE;USDCHF;s=2;prev=10;c=11;firstObs=false;slotOn=true;inWindow=true;time_close=08-07 04:01
2026-08-07T04:00:00.000+01:00,DIAG-DEDUP;USDCHF;s=2;wOpened=08-07 02:56;nd=1;bestStored=08-07 01:45;bestStoredSlot=1;newWins=false
2026-08-07T04:00:00.000+01:00,DIAG-CLOSE;USDCHF;s=3;prev=9;c=10;firstObs=false;slotOn=true;inWindow=true;time_close=08-07 04:01
2026-08-07T04:00:00.000+01:00,DIAG-DEDUP;USDCHF;s=3;wOpened=08-07 02:56;nd=1;bestStored=08-07 01:45;bestStoredSlot=1;newWins=false
2026-08-07T04:00:00.000+01:00,DIAG-CLOSE;USDCHF;s=4;prev=5;c=6;firstObs=false;slotOn=true;inWindow=true;time_close=08-07 04:01
2026-08-07T04:00:00.000+01:00,DIAG-DEDUP;USDCHF;s=4;wOpened=08-07 03:21;nd=1;bestStored=08-07 01:45;bestStoredSlot=1;newWins=false
2026-08-07T04:19:00.000+01:00,DIAG-CLOSE;EURAUD;s=0;prev=20;c=21;firstObs=false;slotOn=true;inWindow=true;time_close=08-07 04:20
2026-08-07T04:19:00.000+01:00,DIAG-DEDUP;EURAUD;s=0;wOpened=08-07 04:10;nd=0;bestStored=none;bestStoredSlot=-1;newWins=true
2026-08-07T04:19:00.000+01:00,DIAG-CLOSE;EURAUD;s=1;prev=19;c=20;firstObs=false;slotOn=true;inWindow=true;time_close=08-07 04:20
2026-08-07T04:19:00.000+01:00,DIAG-DEDUP;EURAUD;s=1;wOpened=08-07 04:10;nd=1;bestStored=08-07 04:10;bestStoredSlot=0;newWins=true
2026-08-07T04:19:00.000+01:00,DIAG-CLOSE;EURAUD;s=2;prev=10;c=11;firstObs=false;slotOn=true;inWindow=true;time_close=08-07 04:20
2026-08-07T04:19:00.000+01:00,DIAG-DEDUP;EURAUD;s=2;wOpened=08-07 04:11;nd=1;bestStored=08-07 04:10;bestStoredSlot=1;newWins=false
2026-08-07T04:19:00.000+01:00,DIAG-CLOSE;EURAUD;s=3;prev=10;c=11;firstObs=false;slotOn=true;inWindow=true;time_close=08-07 04:20
2026-08-07T04:19:00.000+01:00,DIAG-DEDUP;EURAUD;s=3;wOpened=08-07 04:11;nd=1;bestStored=08-07 04:10;bestStoredSlot=1;newWins=false
2026-08-07T04:19:00.000+01:00,DIAG-CLOSE;EURAUD;s=4;prev=7;c=8;firstObs=false;slotOn=true;inWindow=true;time_close=08-07 04:20
2026-08-07T04:19:00.000+01:00,DIAG-DEDUP;EURAUD;s=4;wOpened=08-07 04:12;nd=1;bestStored=08-07 04:10;bestStoredSlot=1;newWins=false
2026-08-07T04:19:00.000+01:00,DIAG-CLOSE;AUDCAD;s=0;prev=19;c=20;firstObs=false;slotOn=true;inWindow=true;time_close=08-07 04:20
2026-08-07T04:19:00.000+01:00,DIAG-DEDUP;AUDCAD;s=0;wOpened=08-07 04:01;nd=0;bestStored=none;bestStoredSlot=-1;newWins=true
2026-08-07T04:19:00.000+01:00,DIAG-CLOSE;AUDCAD;s=1;prev=18;c=19;firstObs=false;slotOn=true;inWindow=true;time_close=08-07 04:20
2026-08-07T04:19:00.000+01:00,DIAG-DEDUP;AUDCAD;s=1;wOpened=08-07 04:01;nd=1;bestStored=08-07 04:01;bestStoredSlot=0;newWins=true
2026-08-07T04:20:00.000+01:00,DIAG-CLOSE;CHFJPY;s=0;prev=22;c=23;firstObs=false;slotOn=true;inWindow=true;time_close=08-07 04:21
2026-08-07T04:20:00.000+01:00,DIAG-DEDUP;CHFJPY;s=0;wOpened=08-07 03:17;nd=0;bestStored=none;bestStoredSlot=-1;newWins=true
2026-08-07T04:20:00.000+01:00,DIAG-CLOSE;CHFJPY;s=1;prev=24;c=25;firstObs=false;slotOn=true;inWindow=true;time_close=08-07 04:21
2026-08-07T04:20:00.000+01:00,DIAG-DEDUP;CHFJPY;s=1;wOpened=08-07 03:17;nd=1;bestStored=08-07 03:17;bestStoredSlot=0;newWins=true
2026-08-07T04:20:00.000+01:00,DIAG-CLOSE;CHFJPY;s=2;prev=10;c=11;firstObs=false;slotOn=true;inWindow=true;time_close=08-07 04:21
2026-08-07T04:20:00.000+01:00,DIAG-DEDUP;CHFJPY;s=2;wOpened=08-07 03:53;nd=1;bestStored=08-07 03:17;bestStoredSlot=1;newWins=false
2026-08-07T04:20:00.000+01:00,DIAG-CLOSE;CHFJPY;s=3;prev=8;c=9;firstObs=false;slotOn=true;inWindow=true;time_close=08-07 04:21
2026-08-07T04:20:00.000+01:00,DIAG-DEDUP;CHFJPY;s=3;wOpened=08-07 03:53;nd=1;bestStored=08-07 03:17;bestStoredSlot=1;newWins=false
2026-08-07T04:25:00.000+01:00,DIAG-CLOSE;EURGBP;s=0;prev=24;c=25;firstObs=false;slotOn=true;inWindow=true;time_close=08-07 04:26
2026-08-07T04:25:00.000+01:00,DIAG-DEDUP;EURGBP;s=0;wOpened=08-07 04:14;nd=0;bestStored=none;bestStoredSlot=-1;newWins=true
2026-08-07T04:25:00.000+01:00,DIAG-CLOSE;EURGBP;s=1;prev=23;c=24;firstObs=false;slotOn=true;inWindow=true;time_close=08-07 04:26
2026-08-07T04:25:00.000+01:00,DIAG-DEDUP;EURGBP;s=1;wOpened=08-07 04:14;nd=1;bestStored=08-07 04:14;bestStoredSlot=0;newWins=true
2026-08-07T04:25:00.000+01:00,DIAG-CLOSE;EURGBP;s=2;prev=13;c=14;firstObs=false;slotOn=true;inWindow=true;time_close=08-07 04:26
2026-08-07T04:25:00.000+01:00,DIAG-DEDUP;EURGBP;s=2;wOpened=08-07 04:15;nd=1;bestStored=08-07 04:14;bestStoredSlot=1;newWins=false
2026-08-07T04:25:00.000+01:00,DIAG-CLOSE;EURGBP;s=3;prev=11;c=12;firstObs=false;slotOn=true;inWindow=true;time_close=08-07 04:26
2026-08-07T04:25:00.000+01:00,DIAG-DEDUP;EURGBP;s=3;wOpened=08-07 04:15;nd=1;bestStored=08-07 04:14;bestStoredSlot=1;newWins=false
2026-08-07T04:25:00.000+01:00,DIAG-CLOSE;EURGBP;s=6;prev=7;c=8;firstObs=false;slotOn=true;inWindow=true;time_close=08-07 04:26
2026-08-07T04:25:00.000+01:00,DIAG-DEDUP;EURGBP;s=6;wOpened=08-07 03:46;nd=1;bestStored=08-07 04:14;bestStoredSlot=1;newWins=true
2026-08-07T04:42:00.000+01:00,DIAG-CLOSE;EURJPY;s=0;prev=20;c=21;firstObs=false;slotOn=true;inWindow=true;time_close=08-07 04:43
2026-08-07T04:42:00.000+01:00,DIAG-DEDUP;EURJPY;s=0;wOpened=08-07 04:19;nd=0;bestStored=none;bestStoredSlot=-1;newWins=true
2026-08-07T04:42:00.000+01:00,DIAG-CLOSE;EURJPY;s=1;prev=20;c=21;firstObs=false;slotOn=true;inWindow=true;time_close=08-07 04:43
2026-08-07T04:42:00.000+01:00,DIAG-DEDUP;EURJPY;s=1;wOpened=08-07 04:19;nd=1;bestStored=08-07 04:19;bestStoredSlot=0;newWins=true
2026-08-07T04:59:00.000+01:00,DIAG-CLOSE;EURUSD;s=0;prev=25;c=26;firstObs=false;slotOn=true;inWindow=true;time_close=08-07 05:00
2026-08-07T04:59:00.000+01:00,DIAG-DEDUP;EURUSD;s=0;wOpened=08-07 04:29;nd=0;bestStored=none;bestStoredSlot=-1;newWins=true
2026-08-07T04:59:00.000+01:00,DIAG-CLOSE;EURUSD;s=1;prev=25;c=26;firstObs=false;slotOn=true;inWindow=true;time_close=08-07 05:00
2026-08-07T04:59:00.000+01:00,DIAG-DEDUP;EURUSD;s=1;wOpened=08-07 04:29;nd=1;bestStored=08-07 04:29;bestStoredSlot=0;newWins=true
2026-08-07T04:59:00.000+01:00,DIAG-CLOSE;GBPCHF;s=0;prev=18;c=19;firstObs=false;slotOn=true;inWindow=true;time_close=08-07 05:00
2026-08-07T04:59:00.000+01:00,DIAG-DEDUP;GBPCHF;s=0;wOpened=08-07 04:47;nd=0;bestStored=none;bestStoredSlot=-1;newWins=true
2026-08-07T04:59:00.000+01:00,DIAG-CLOSE;GBPCHF;s=1;prev=18;c=19;firstObs=false;slotOn=true;inWindow=true;time_close=08-07 05:00
2026-08-07T04:59:00.000+01:00,DIAG-DEDUP;GBPCHF;s=1;wOpened=08-07 04:30;nd=1;bestStored=08-07 04:47;bestStoredSlot=0;newWins=true
2026-08-07T04:59:00.000+01:00,DIAG-CLOSE;GBPCHF;s=2;prev=9;c=10;firstObs=false;slotOn=true;inWindow=true;time_close=08-07 05:00
2026-08-07T04:59:00.000+01:00,DIAG-DEDUP;GBPCHF;s=2;wOpened=08-07 04:47;nd=1;bestStored=08-07 04:30;bestStoredSlot=1;newWins=false
2026-08-07T04:59:00.000+01:00,DIAG-CLOSE;GBPCHF;s=3;prev=8;c=9;firstObs=false;slotOn=true;inWindow=true;time_close=08-07 05:00
2026-08-07T04:59:00.000+01:00,DIAG-DEDUP;GBPCHF;s=3;wOpened=08-07 04:48;nd=1;bestStored=08-07 04:30;bestStoredSlot=1;newWins=false
2026-08-07T04:59:00.000+01:00,DIAG-CLOSE;GBPCHF;s=4;prev=6;c=7;firstObs=false;slotOn=true;inWindow=true;time_close=08-07 05:00
2026-08-07T04:59:00.000+01:00,DIAG-DEDUP;GBPCHF;s=4;wOpened=08-07 04:48;nd=1;bestStored=08-07 04:30;bestStoredSlot=1;newWins=false
2026-08-07T04:59:00.000+01:00,DIAG-CLOSE;GBPCHF;s=5;prev=8;c=9;firstObs=false;slotOn=true;inWindow=true;time_close=08-07 05:00
2026-08-07T04:59:00.000+01:00,DIAG-DEDUP;GBPCHF;s=5;wOpened=08-07 04:47;nd=1;bestStored=08-07 04:30;bestStoredSlot=1;newWins=false
2026-08-07T04:59:00.000+01:00,DIAG-CLOSE;CADCHF;s=0;prev=21;c=22;firstObs=false;slotOn=true;inWindow=true;time_close=08-07 05:00
2026-08-07T04:59:00.000+01:00,DIAG-DEDUP;CADCHF;s=0;wOpened=08-07 04:13;nd=0;bestStored=none;bestStoredSlot=-1;newWins=true
2026-08-07T04:59:00.000+01:00,DIAG-CLOSE;CADCHF;s=1;prev=21;c=22;firstObs=false;slotOn=true;inWindow=true;time_close=08-07 05:00
2026-08-07T04:59:00.000+01:00,DIAG-DEDUP;CADCHF;s=1;wOpened=08-07 04:13;nd=1;bestStored=08-07 04:13;bestStoredSlot=0;newWins=true
2026-08-07T04:59:00.000+01:00,DIAG-CLOSE;CADCHF;s=2;prev=13;c=14;firstObs=false;slotOn=true;inWindow=true;time_close=08-07 05:00
2026-08-07T04:59:00.000+01:00,DIAG-DEDUP;CADCHF;s=2;wOpened=08-07 04:35;nd=1;bestStored=08-07 04:13;bestStoredSlot=1;newWins=false
2026-08-07T04:59:00.000+01:00,DIAG-CLOSE;CADCHF;s=3;prev=13;c=14;firstObs=false;slotOn=true;inWindow=true;time_close=08-07 05:00
2026-08-07T04:59:00.000+01:00,DIAG-DEDUP;CADCHF;s=3;wOpened=08-07 04:35;nd=1;bestStored=08-07 04:13;bestStoredSlot=1;newWins=false
2026-08-07T04:59:00.000+01:00,DIAG-CLOSE;CADCHF;s=4;prev=5;c=6;firstObs=false;slotOn=true;inWindow=true;time_close=08-07 05:00
2026-08-07T04:59:00.000+01:00,DIAG-DEDUP;CADCHF;s=4;wOpened=08-07 04:47;nd=1;bestStored=08-07 04:13;bestStoredSlot=1;newWins=false
2026-08-07T04:59:00.000+01:00,DIAG-CLOSE;CADCHF;s=5;prev=6;c=7;firstObs=false;slotOn=true;inWindow=true;time_close=08-07 05:00
2026-08-07T04:59:00.000+01:00,DIAG-DEDUP;CADCHF;s=5;wOpened=08-07 04:36;nd=1;bestStored=08-07 04:13;bestStoredSlot=1;newWins=false
2026-08-07T04:59:00.000+01:00,DIAG-CLOSE;CADCHF;s=6;prev=2;c=3;firstObs=false;slotOn=true;inWindow=true;time_close=08-07 05:00
2026-08-07T04:59:00.000+01:00,DIAG-DEDUP;CADCHF;s=6;wOpened=08-07 04:36;nd=1;bestStored=08-07 04:13;bestStoredSlot=1;newWins=false
2026-08-07T04:59:00.000+01:00,DIAG-CLOSE;AUDCHF;s=1;prev=23;c=24;firstObs=false;slotOn=true;inWindow=true;time_close=08-07 05:00
2026-08-07T04:59:00.000+01:00,DIAG-DEDUP;AUDCHF;s=1;wOpened=08-07 04:58;nd=0;bestStored=none;bestStoredSlot=-1;newWins=true
2026-08-07T05:15:00.000+01:00,DIAG-CLOSE;GBPAUD;s=0;prev=15;c=16;firstObs=false;slotOn=true;inWindow=true;time_close=08-07 05:16
2026-08-07T05:15:00.000+01:00,DIAG-DEDUP;GBPAUD;s=0;wOpened=08-07 04:41;nd=0;bestStored=none;bestStoredSlot=-1;newWins=true
2026-08-07T05:15:00.000+01:00,DIAG-CLOSE;GBPAUD;s=1;prev=16;c=17;firstObs=false;slotOn=true;inWindow=true;time_close=08-07 05:16
2026-08-07T05:15:00.000+01:00,DIAG-DEDUP;GBPAUD;s=1;wOpened=08-07 04:41;nd=1;bestStored=08-07 04:41;bestStoredSlot=0;newWins=true
2026-08-07T05:15:00.000+01:00,DIAG-CLOSE;GBPAUD;s=2;prev=10;c=11;firstObs=false;slotOn=true;inWindow=true;time_close=08-07 05:16
2026-08-07T05:15:00.000+01:00,DIAG-DEDUP;GBPAUD;s=2;wOpened=08-07 05:14;nd=1;bestStored=08-07 04:41;bestStoredSlot=1;newWins=false
2026-08-07T05:15:00.000+01:00,DIAG-CLOSE;GBPAUD;s=3;prev=10;c=11;firstObs=false;slotOn=true;inWindow=true;time_close=08-07 05:16
2026-08-07T05:15:00.000+01:00,DIAG-DEDUP;GBPAUD;s=3;wOpened=08-07 05:14;nd=1;bestStored=08-07 04:41;bestStoredSlot=1;newWins=false
2026-08-07T05:42:00.000+01:00,DIAG-CLOSE;GBPAUD;s=5;prev=8;c=9;firstObs=false;slotOn=true;inWindow=true;time_close=08-07 05:43
2026-08-07T05:42:00.000+01:00,DIAG-DEDUP;GBPAUD;s=5;wOpened=08-07 05:26;nd=0;bestStored=none;bestStoredSlot=-1;newWins=true
2026-08-07T05:50:00.000+01:00,DIAG-CLOSE;EURGBP;s=6;prev=8;c=9;firstObs=false;slotOn=true;inWindow=true;time_close=08-07 05:51
2026-08-07T05:50:00.000+01:00,DIAG-DEDUP;EURGBP;s=6;wOpened=08-07 05:24;nd=0;bestStored=none;bestStoredSlot=-1;newWins=true
2026-08-07T05:51:00.000+01:00,DIAG-CLOSE;EURGBP;s=5;prev=11;c=12;firstObs=false;slotOn=true;inWindow=true;time_close=08-07 05:52
2026-08-07T05:51:00.000+01:00,DIAG-DEDUP;EURGBP;s=5;wOpened=08-07 05:29;nd=1;bestStored=08-07 05:24;bestStoredSlot=6;newWins=false
2026-08-07T05:52:00.000+01:00,DIAG-CLOSE;CADJPY;s=0;prev=20;c=21;firstObs=false;slotOn=true;inWindow=true;time_close=08-07 05:53
2026-08-07T05:52:00.000+01:00,DIAG-DEDUP;CADJPY;s=0;wOpened=08-07 05:37;nd=0;bestStored=none;bestStoredSlot=-1;newWins=true
2026-08-07T05:52:00.000+01:00,DIAG-CLOSE;CADJPY;s=1;prev=17;c=18;firstObs=false;slotOn=true;inWindow=true;time_close=08-07 05:53
2026-08-07T05:52:00.000+01:00,DIAG-DEDUP;CADJPY;s=1;wOpened=08-07 05:37;nd=1;bestStored=08-07 05:37;bestStoredSlot=0;newWins=true
2026-08-07T05:53:00.000+01:00,DIAG-CLOSE;EURGBP;s=0;prev=25;c=26;firstObs=false;slotOn=true;inWindow=true;time_close=08-07 05:54
2026-08-07T05:53:00.000+01:00,DIAG-DEDUP;EURGBP;s=0;wOpened=08-07 05:31;nd=1;bestStored=08-07 05:24;bestStoredSlot=6;newWins=false
2026-08-07T05:53:00.000+01:00,DIAG-CLOSE;EURGBP;s=1;prev=24;c=25;firstObs=false;slotOn=true;inWindow=true;time_close=08-07 05:54
2026-08-07T05:53:00.000+01:00,DIAG-DEDUP;EURGBP;s=1;wOpened=08-07 05:31;nd=1;bestStored=08-07 05:24;bestStoredSlot=6;newWins=false
2026-08-07T05:53:00.000+01:00,DIAG-CLOSE;EURGBP;s=7;prev=6;c=7;firstObs=false;slotOn=true;inWindow=true;time_close=08-07 05:54
2026-08-07T05:53:00.000+01:00,DIAG-DEDUP;EURGBP;s=7;wOpened=08-07 04:15;nd=2;bestStored=08-07 03:46;bestStoredSlot=6;newWins=false
2026-08-07T06:26:00.000+01:00,DIAG-CLOSE;USDCHF;s=0;prev=28;c=29;firstObs=false;slotOn=true;inWindow=true;time_close=08-07 06:27
2026-08-07T06:26:00.000+01:00,DIAG-DEDUP;USDCHF;s=0;wOpened=08-07 05:59;nd=0;bestStored=none;bestStoredSlot=-1;newWins=true
2026-08-07T06:26:00.000+01:00,DIAG-CLOSE;USDCHF;s=1;prev=28;c=29;firstObs=false;slotOn=true;inWindow=true;time_close=08-07 06:27
2026-08-07T06:26:00.000+01:00,DIAG-DEDUP;USDCHF;s=1;wOpened=08-07 05:59;nd=1;bestStored=08-07 05:59;bestStoredSlot=0;newWins=true
2026-08-07T06:29:00.000+01:00,DIAG-CLOSE;CHFJPY;s=0;prev=23;c=24;firstObs=false;slotOn=true;inWindow=true;time_close=08-07 06:30
2026-08-07T06:29:00.000+01:00,DIAG-DEDUP;CHFJPY;s=0;wOpened=08-07 05:36;nd=0;bestStored=none;bestStoredSlot=-1;newWins=true
2026-08-07T06:29:00.000+01:00,DIAG-CLOSE;CHFJPY;s=1;prev=25;c=26;firstObs=false;slotOn=true;inWindow=true;time_close=08-07 06:30
2026-08-07T06:29:00.000+01:00,DIAG-DEDUP;CHFJPY;s=1;wOpened=08-07 04:56;nd=1;bestStored=08-07 05:36;bestStoredSlot=0;newWins=true
2026-08-07T06:29:00.000+01:00,DIAG-CLOSE;CHFJPY;s=2;prev=11;c=12;firstObs=false;slotOn=true;inWindow=true;time_close=08-07 06:30
2026-08-07T06:29:00.000+01:00,DIAG-DEDUP;CHFJPY;s=2;wOpened=08-07 05:36;nd=1;bestStored=08-07 04:56;bestStoredSlot=1;newWins=false
2026-08-07T06:29:00.000+01:00,DIAG-CLOSE;CHFJPY;s=3;prev=9;c=10;firstObs=false;slotOn=true;inWindow=true;time_close=08-07 06:30
2026-08-07T06:29:00.000+01:00,DIAG-DEDUP;CHFJPY;s=3;wOpened=08-07 06:28;nd=1;bestStored=08-07 04:56;bestStoredSlot=1;newWins=false
2026-08-07T06:29:00.000+01:00,DIAG-CLOSE;CHFJPY;s=4;prev=4;c=5;firstObs=false;slotOn=true;inWindow=true;time_close=08-07 06:30
2026-08-07T06:29:00.000+01:00,DIAG-DEDUP;CHFJPY;s=4;wOpened=08-07 06:28;nd=1;bestStored=08-07 04:56;bestStoredSlot=1;newWins=false
2026-08-07T06:35:00.000+01:00,DIAG-CLOSE;USDJPY;s=0;prev=21;c=22;firstObs=false;slotOn=true;inWindow=true;time_close=08-07 06:36
2026-08-07T06:35:00.000+01:00,DIAG-DEDUP;USDJPY;s=0;wOpened=08-07 06:29;nd=0;bestStored=none;bestStoredSlot=-1;newWins=true
2026-08-07T06:35:00.000+01:00,DIAG-CLOSE;USDJPY;s=1;prev=22;c=23;firstObs=false;slotOn=true;inWindow=true;time_close=08-07 06:36
2026-08-07T06:35:00.000+01:00,DIAG-DEDUP;USDJPY;s=1;wOpened=08-07 06:24;nd=1;bestStored=08-07 06:29;bestStoredSlot=0;newWins=true
2026-08-07T06:35:00.000+01:00,DIAG-CLOSE;USDJPY;s=2;prev=10;c=11;firstObs=false;slotOn=true;inWindow=true;time_close=08-07 06:36
2026-08-07T06:35:00.000+01:00,DIAG-DEDUP;USDJPY;s=2;wOpened=08-07 06:29;nd=1;bestStored=08-07 06:24;bestStoredSlot=1;newWins=false
2026-08-07T06:35:00.000+01:00,DIAG-CLOSE;USDJPY;s=3;prev=10;c=11;firstObs=false;slotOn=true;inWindow=true;time_close=08-07 06:36
2026-08-07T06:35:00.000+01:00,DIAG-DEDUP;USDJPY;s=3;wOpened=08-07 06:30;nd=1;bestStored=08-07 06:24;bestStoredSlot=1;newWins=false
2026-08-07T06:35:00.000+01:00,DIAG-CLOSE;USDJPY;s=4;prev=3;c=4;firstObs=false;slotOn=true;inWindow=true;time_close=08-07 06:36
2026-08-07T06:35:00.000+01:00,DIAG-DEDUP;USDJPY;s=4;wOpened=08-07 06:30;nd=1;bestStored=08-07 06:24;bestStoredSlot=1;newWins=false
2026-08-07T06:36:00.000+01:00,DIAG-CLOSE;USDJPY;s=5;prev=5;c=6;firstObs=false;slotOn=true;inWindow=true;time_close=08-07 06:37
2026-08-07T06:36:00.000+01:00,DIAG-DEDUP;USDJPY;s=5;wOpened=08-07 06:30;nd=1;bestStored=08-07 06:24;bestStoredSlot=1;newWins=false
2026-08-07T06:44:00.000+01:00,DIAG-CLOSE;EURUSD;s=0;prev=26;c=27;firstObs=false;slotOn=true;inWindow=true;time_close=08-07 06:45
2026-08-07T06:44:00.000+01:00,DIAG-DEDUP;EURUSD;s=0;wOpened=08-07 06:43;nd=0;bestStored=none;bestStoredSlot=-1;newWins=true
2026-08-07T06:44:00.000+01:00,DIAG-CLOSE;EURUSD;s=1;prev=26;c=27;firstObs=false;slotOn=true;inWindow=true;time_close=08-07 06:45
2026-08-07T06:44:00.000+01:00,DIAG-DEDUP;EURUSD;s=1;wOpened=08-07 06:43;nd=1;bestStored=08-07 06:43;bestStoredSlot=0;newWins=true
2026-08-07T07:02:00.000+01:00,DIAG-CLOSE;GBPCAD;s=0;prev=22;c=23;firstObs=false;slotOn=true;inWindow=true;time_close=08-07 07:03
2026-08-07T07:02:00.000+01:00,DIAG-DEDUP;GBPCAD;s=0;wOpened=08-07 06:54;nd=0;bestStored=none;bestStoredSlot=-1;newWins=true
2026-08-07T07:02:00.000+01:00,DIAG-CLOSE;GBPCAD;s=1;prev=23;c=24;firstObs=false;slotOn=true;inWindow=true;time_close=08-07 07:03
2026-08-07T07:02:00.000+01:00,DIAG-DEDUP;GBPCAD;s=1;wOpened=08-07 06:51;nd=1;bestStored=08-07 06:54;bestStoredSlot=0;newWins=true
2026-08-07T07:02:00.000+01:00,DIAG-CLOSE;GBPCAD;s=2;prev=11;c=12;firstObs=false;slotOn=true;inWindow=true;time_close=08-07 07:03
2026-08-07T07:02:00.000+01:00,DIAG-DEDUP;GBPCAD;s=2;wOpened=08-07 06:54;nd=1;bestStored=08-07 06:51;bestStoredSlot=1;newWins=false
2026-08-07T07:02:00.000+01:00,DIAG-CLOSE;AUDJPY;s=0;prev=18;c=19;firstObs=false;slotOn=true;inWindow=true;time_close=08-07 07:03
2026-08-07T07:02:00.000+01:00,DIAG-DEDUP;AUDJPY;s=0;wOpened=08-07 06:55;nd=0;bestStored=none;bestStoredSlot=-1;newWins=true
2026-08-07T07:02:00.000+01:00,DIAG-CLOSE;AUDJPY;s=1;prev=21;c=22;firstObs=false;slotOn=true;inWindow=true;time_close=08-07 07:03
2026-08-07T07:02:00.000+01:00,DIAG-DEDUP;AUDJPY;s=1;wOpened=08-07 06:55;nd=1;bestStored=08-07 06:55;bestStoredSlot=0;newWins=true
2026-08-07T07:31:00.000+01:00,DIAG-CLOSE;AUDCHF;s=6;prev=3;c=4;firstObs=false;slotOn=true;inWindow=true;time_close=08-07 07:32
2026-08-07T07:31:00.000+01:00,DIAG-DEDUP;AUDCHF;s=6;wOpened=08-07 07:25;nd=0;bestStored=none;bestStoredSlot=-1;newWins=true
2026-08-07T07:55:00.000+01:00,DIAG-CLOSE;GBPJPY;s=0;prev=26;c=27;firstObs=false;slotOn=true;inWindow=true;time_close=08-07 07:56
2026-08-07T07:55:00.000+01:00,DIAG-DEDUP;GBPJPY;s=0;wOpened=08-07 06:49;nd=0;bestStored=none;bestStoredSlot=-1;newWins=true
2026-08-07T07:55:00.000+01:00,DIAG-CLOSE;GBPJPY;s=1;prev=27;c=28;firstObs=false;slotOn=true;inWindow=true;time_close=08-07 07:56
2026-08-07T07:55:00.000+01:00,DIAG-DEDUP;GBPJPY;s=1;wOpened=08-07 06:49;nd=1;bestStored=08-07 06:49;bestStoredSlot=0;newWins=true
2026-08-07T07:55:00.000+01:00,DIAG-CLOSE;GBPJPY;s=2;prev=13;c=14;firstObs=false;slotOn=true;inWindow=true;time_close=08-07 07:56
2026-08-07T07:55:00.000+01:00,DIAG-DEDUP;GBPJPY;s=2;wOpened=08-07 07:35;nd=1;bestStored=08-07 06:49;bestStoredSlot=1;newWins=false
2026-08-07T07:55:00.000+01:00,DIAG-CLOSE;GBPJPY;s=3;prev=13;c=14;firstObs=false;slotOn=true;inWindow=true;time_close=08-07 07:56
2026-08-07T07:55:00.000+01:00,DIAG-DEDUP;GBPJPY;s=3;wOpened=08-07 07:35;nd=1;bestStored=08-07 06:49;bestStoredSlot=1;newWins=false
2026-08-07T08:11:00.000+01:00,DIAG-CLOSE;EURGBP;s=0;prev=26;c=27;firstObs=false;slotOn=true;inWindow=true;time_close=08-07 08:12
2026-08-07T08:11:00.000+01:00,DIAG-DEDUP;EURGBP;s=0;wOpened=08-07 08:10;nd=0;bestStored=none;bestStoredSlot=-1;newWins=true
2026-08-07T08:11:00.000+01:00,DIAG-CLOSE;EURGBP;s=1;prev=25;c=26;firstObs=false;slotOn=true;inWindow=true;time_close=08-07 08:12
2026-08-07T08:11:00.000+01:00,DIAG-DEDUP;EURGBP;s=1;wOpened=08-07 08:10;nd=1;bestStored=08-07 08:10;bestStoredSlot=0;newWins=true
2026-08-07T08:11:00.000+01:00,DIAG-CLOSE;AUDCHF;s=2;prev=10;c=11;firstObs=false;slotOn=true;inWindow=true;time_close=08-07 08:12
2026-08-07T08:11:00.000+01:00,DIAG-DEDUP;AUDCHF;s=2;wOpened=08-07 06:38;nd=1;bestStored=08-07 07:25;bestStoredSlot=6;newWins=true
2026-08-07T08:11:00.000+01:00,DIAG-CLOSE;AUDCHF;s=4;prev=3;c=4;firstObs=false;slotOn=true;inWindow=true;time_close=08-07 08:12
2026-08-07T08:11:00.000+01:00,DIAG-DEDUP;AUDCHF;s=4;wOpened=08-07 06:50;nd=1;bestStored=08-07 06:38;bestStoredSlot=2;newWins=false
2026-08-07T08:11:00.000+01:00,DIAG-CLOSE;AUDCHF;s=5;prev=1;c=2;firstObs=false;slotOn=true;inWindow=true;time_close=08-07 08:12
2026-08-07T08:11:00.000+01:00,DIAG-DEDUP;AUDCHF;s=5;wOpened=08-07 06:50;nd=1;bestStored=08-07 06:38;bestStoredSlot=2;newWins=false
2026-08-07T08:14:00.000+01:00,DIAG-CLOSE;AUDCAD;s=1;prev=19;c=20;firstObs=false;slotOn=true;inWindow=true;time_close=08-07 08:15
2026-08-07T08:14:00.000+01:00,DIAG-DEDUP;AUDCAD;s=1;wOpened=08-07 08:01;nd=0;bestStored=none;bestStoredSlot=-1;newWins=true
2026-08-07T08:27:00.000+01:00,DIAG-CLOSE;CADJPY;s=0;prev=21;c=22;firstObs=false;slotOn=true;inWindow=true;time_close=08-07 08:28
2026-08-07T08:27:00.000+01:00,DIAG-DEDUP;CADJPY;s=0;wOpened=08-07 08:09;nd=0;bestStored=none;bestStoredSlot=-1;newWins=true
2026-08-07T08:27:00.000+01:00,DIAG-CLOSE;CADJPY;s=1;prev=18;c=19;firstObs=false;slotOn=true;inWindow=true;time_close=08-07 08:28
2026-08-07T08:27:00.000+01:00,DIAG-DEDUP;CADJPY;s=1;wOpened=08-07 08:09;nd=1;bestStored=08-07 08:09;bestStoredSlot=0;newWins=true
2026-08-07T08:37:00.000+01:00,DIAG-CLOSE;AUDCAD;s=0;prev=20;c=21;firstObs=false;slotOn=true;inWindow=true;time_close=08-07 08:38
2026-08-07T08:37:00.000+01:00,DIAG-DEDUP;AUDCAD;s=0;wOpened=08-07 08:26;nd=0;bestStored=none;bestStoredSlot=-1;newWins=true
2026-08-07T08:37:00.000+01:00,DIAG-CLOSE;AUDCAD;s=1;prev=20;c=21;firstObs=false;slotOn=true;inWindow=true;time_close=08-07 08:38
2026-08-07T08:37:00.000+01:00,DIAG-DEDUP;AUDCAD;s=1;wOpened=08-07 08:26;nd=1;bestStored=08-07 08:26;bestStoredSlot=0;newWins=true
2026-08-07T08:37:00.000+01:00,DIAG-CLOSE;AUDCAD;s=2;prev=11;c=12;firstObs=false;slotOn=true;inWindow=true;time_close=08-07 08:38
2026-08-07T08:37:00.000+01:00,DIAG-DEDUP;AUDCAD;s=2;wOpened=08-07 08:27;nd=1;bestStored=08-07 08:26;bestStoredSlot=1;newWins=false
2026-08-07T08:37:00.000+01:00,DIAG-CLOSE;AUDCAD;s=3;prev=11;c=12;firstObs=false;slotOn=true;inWindow=true;time_close=08-07 08:38
2026-08-07T08:37:00.000+01:00,DIAG-DEDUP;AUDCAD;s=3;wOpened=08-07 08:27;nd=1;bestStored=08-07 08:26;bestStoredSlot=1;newWins=false
2026-08-07T08:37:00.000+01:00,DIAG-CLOSE;AUDCAD;s=4;prev=5;c=6;firstObs=false;slotOn=true;inWindow=true;time_close=08-07 08:38
2026-08-07T08:37:00.000+01:00,DIAG-DEDUP;AUDCAD;s=4;wOpened=08-07 08:28;nd=1;bestStored=08-07 08:26;bestStoredSlot=1;newWins=false
2026-08-07T08:37:00.000+01:00,DIAG-CLOSE;AUDCAD;s=5;prev=5;c=6;firstObs=false;slotOn=true;inWindow=true;time_close=08-07 08:38
2026-08-07T08:37:00.000+01:00,DIAG-DEDUP;AUDCAD;s=5;wOpened=08-07 08:28;nd=1;bestStored=08-07 08:26;bestStoredSlot=1;newWins=false
2026-08-07T08:38:00.000+01:00,DIAG-CLOSE;AUDCHF;s=0;prev=20;c=21;firstObs=false;slotOn=true;inWindow=true;time_close=08-07 08:39
2026-08-07T08:38:00.000+01:00,DIAG-DEDUP;AUDCHF;s=0;wOpened=08-07 06:36;nd=1;bestStored=08-07 06:38;bestStoredSlot=2;newWins=true
2026-08-07T08:38:00.000+01:00,DIAG-CLOSE;AUDCHF;s=1;prev=24;c=25;firstObs=false;slotOn=true;inWindow=true;time_close=08-07 08:39
2026-08-07T08:38:00.000+01:00,DIAG-DEDUP;AUDCHF;s=1;wOpened=08-07 06:36;nd=1;bestStored=08-07 06:36;bestStoredSlot=0;newWins=true
2026-08-07T08:38:00.000+01:00,DIAG-CLOSE;AUDCHF;s=3;prev=7;c=8;firstObs=false;slotOn=true;inWindow=true;time_close=08-07 08:39
2026-08-07T08:38:00.000+01:00,DIAG-DEDUP;AUDCHF;s=3;wOpened=08-07 06:38;nd=1;bestStored=08-07 06:36;bestStoredSlot=1;newWins=false
2026-08-07T08:38:00.000+01:00,DIAG-CLOSE;AUDCHF;s=7;prev=1;c=2;firstObs=false;slotOn=true;inWindow=true;time_close=08-07 08:39
2026-08-07T08:38:00.000+01:00,DIAG-DEDUP;AUDCHF;s=7;wOpened=08-07 07:09;nd=1;bestStored=08-07 06:36;bestStoredSlot=1;newWins=false
2026-08-07T08:54:00.000+01:00,DIAG-CLOSE;CADCHF;s=0;prev=22;c=23;firstObs=false;slotOn=true;inWindow=true;time_close=08-07 08:55
2026-08-07T08:54:00.000+01:00,DIAG-DEDUP;CADCHF;s=0;wOpened=08-07 08:18;nd=0;bestStored=none;bestStoredSlot=-1;newWins=true
2026-08-07T08:54:00.000+01:00,DIAG-CLOSE;CADCHF;s=1;prev=22;c=23;firstObs=false;slotOn=true;inWindow=true;time_close=08-07 08:55
2026-08-07T08:54:00.000+01:00,DIAG-DEDUP;CADCHF;s=1;wOpened=08-07 08:18;nd=1;bestStored=08-07 08:18;bestStoredSlot=0;newWins=true
2026-08-07T08:54:00.000+01:00,DIAG-CLOSE;CADCHF;s=2;prev=14;c=15;firstObs=false;slotOn=true;inWindow=true;time_close=08-07 08:55
2026-08-07T08:54:00.000+01:00,DIAG-DEDUP;CADCHF;s=2;wOpened=08-07 08:22;nd=1;bestStored=08-07 08:18;bestStoredSlot=1;newWins=false
2026-08-07T08:54:00.000+01:00,DIAG-CLOSE;CADCHF;s=3;prev=14;c=15;firstObs=false;slotOn=true;inWindow=true;time_close=08-07 08:55
2026-08-07T08:54:00.000+01:00,DIAG-DEDUP;CADCHF;s=3;wOpened=08-07 08:22;nd=1;bestStored=08-07 08:18;bestStoredSlot=1;newWins=false
2026-08-07T09:05:00.000+01:00,DIAG-CLOSE;GBPJPY;s=6;prev=8;c=9;firstObs=false;slotOn=true;inWindow=true;time_close=08-07 09:06
2026-08-07T09:05:00.000+01:00,DIAG-DEDUP;GBPJPY;s=6;wOpened=08-07 08:55;nd=0;bestStored=none;bestStoredSlot=-1;newWins=true
2026-08-07T09:07:00.000+01:00,DIAG-CLOSE;USDCAD;s=0;prev=18;c=19;firstObs=false;slotOn=true;inWindow=true;time_close=08-07 09:08
2026-08-07T09:07:00.000+01:00,DIAG-DEDUP;USDCAD;s=0;wOpened=08-07 09:00;nd=0;bestStored=none;bestStoredSlot=-1;newWins=true
2026-08-07T09:07:00.000+01:00,DIAG-CLOSE;USDCAD;s=1;prev=21;c=22;firstObs=false;slotOn=true;inWindow=true;time_close=08-07 09:08
2026-08-07T09:07:00.000+01:00,DIAG-DEDUP;USDCAD;s=1;wOpened=08-07 09:00;nd=1;bestStored=08-07 09:00;bestStoredSlot=0;newWins=true
2026-08-07T09:07:00.000+01:00,DIAG-CLOSE;USDCAD;s=2;prev=10;c=11;firstObs=false;slotOn=true;inWindow=true;time_close=08-07 09:08
2026-08-07T09:07:00.000+01:00,DIAG-DEDUP;USDCAD;s=2;wOpened=08-07 09:01;nd=1;bestStored=08-07 09:00;bestStoredSlot=1;newWins=false
2026-08-07T09:07:00.000+01:00,DIAG-CLOSE;USDCAD;s=3;prev=11;c=12;firstObs=false;slotOn=true;inWindow=true;time_close=08-07 09:08
2026-08-07T09:07:00.000+01:00,DIAG-DEDUP;USDCAD;s=3;wOpened=08-07 09:01;nd=1;bestStored=08-07 09:00;bestStoredSlot=1;newWins=false
2026-08-07T09:07:00.000+01:00,DIAG-CLOSE;USDCAD;s=5;prev=6;c=7;firstObs=false;slotOn=true;inWindow=true;time_close=08-07 09:08
2026-08-07T09:07:00.000+01:00,DIAG-DEDUP;USDCAD;s=5;wOpened=08-07 09:06;nd=1;bestStored=08-07 09:00;bestStoredSlot=1;newWins=false
2026-08-07T09:07:00.000+01:00,DIAG-CLOSE;GBPJPY;s=5;prev=7;c=8;firstObs=false;slotOn=true;inWindow=true;time_close=08-07 09:08
2026-08-07T09:07:00.000+01:00,DIAG-DEDUP;GBPJPY;s=5;wOpened=08-07 08:34;nd=1;bestStored=08-07 08:55;bestStoredSlot=6;newWins=true
2026-08-07T09:08:00.000+01:00,DIAG-CLOSE;GBPCHF;s=0;prev=19;c=20;firstObs=false;slotOn=true;inWindow=true;time_close=08-07 09:09
2026-08-07T09:08:00.000+01:00,DIAG-DEDUP;GBPCHF;s=0;wOpened=08-07 09:01;nd=0;bestStored=none;bestStoredSlot=-1;newWins=true
2026-08-07T09:08:00.000+01:00,DIAG-CLOSE;GBPCHF;s=1;prev=19;c=20;firstObs=false;slotOn=true;inWindow=true;time_close=08-07 09:09
2026-08-07T09:08:00.000+01:00,DIAG-DEDUP;GBPCHF;s=1;wOpened=08-07 09:01;nd=1;bestStored=08-07 09:01;bestStoredSlot=0;newWins=true
2026-08-07T09:18:00.000+01:00,DIAG-CLOSE;CADJPY;s=0;prev=22;c=23;firstObs=false;slotOn=true;inWindow=true;time_close=08-07 09:19
2026-08-07T09:18:00.000+01:00,DIAG-DEDUP;CADJPY;s=0;wOpened=08-07 09:06;nd=0;bestStored=none;bestStoredSlot=-1;newWins=true
2026-08-07T09:18:00.000+01:00,DIAG-CLOSE;CADJPY;s=1;prev=19;c=20;firstObs=false;slotOn=true;inWindow=true;time_close=08-07 09:19
2026-08-07T09:18:00.000+01:00,DIAG-DEDUP;CADJPY;s=1;wOpened=08-07 09:06;nd=1;bestStored=08-07 09:06;bestStoredSlot=0;newWins=true
2026-08-07T09:18:00.000+01:00,DIAG-CLOSE;CADJPY;s=2;prev=9;c=10;firstObs=false;slotOn=true;inWindow=true;time_close=08-07 09:19
2026-08-07T09:18:00.000+01:00,DIAG-DEDUP;CADJPY;s=2;wOpened=08-07 09:09;nd=1;bestStored=08-07 09:06;bestStoredSlot=1;newWins=false
2026-08-07T09:18:00.000+01:00,DIAG-CLOSE;CADJPY;s=3;prev=8;c=9;firstObs=false;slotOn=true;inWindow=true;time_close=08-07 09:19
2026-08-07T09:18:00.000+01:00,DIAG-DEDUP;CADJPY;s=3;wOpened=08-07 09:09;nd=1;bestStored=08-07 09:06;bestStoredSlot=1;newWins=false
2026-08-07T09:18:00.000+01:00,DIAG-CLOSE;CADJPY;s=4;prev=3;c=4;firstObs=false;slotOn=true;inWindow=true;time_close=08-07 09:19
2026-08-07T09:18:00.000+01:00,DIAG-DEDUP;CADJPY;s=4;wOpened=08-07 09:17;nd=1;bestStored=08-07 09:06;bestStoredSlot=1;newWins=false
2026-08-07T09:18:00.000+01:00,DIAG-CLOSE;CADJPY;s=5;prev=2;c=3;firstObs=false;slotOn=true;inWindow=true;time_close=08-07 09:19
2026-08-07T09:18:00.000+01:00,DIAG-DEDUP;CADJPY;s=5;wOpened=08-07 09:09;nd=1;bestStored=08-07 09:06;bestStoredSlot=1;newWins=false
2026-08-07T09:18:00.000+01:00,DIAG-CLOSE;CADJPY;s=6;prev=1;c=2;firstObs=false;slotOn=true;inWindow=true;time_close=08-07 09:19
2026-08-07T09:18:00.000+01:00,DIAG-DEDUP;CADJPY;s=6;wOpened=08-07 09:17;nd=1;bestStored=08-07 09:06;bestStoredSlot=1;newWins=false
2026-08-07T09:27:00.000+01:00,DIAG-CLOSE;USDJPY;s=0;prev=22;c=23;firstObs=false;slotOn=true;inWindow=true;time_close=08-07 09:28
2026-08-07T09:27:00.000+01:00,DIAG-DEDUP;USDJPY;s=0;wOpened=08-07 09:13;nd=0;bestStored=none;bestStoredSlot=-1;newWins=true
2026-08-07T09:27:00.000+01:00,DIAG-CLOSE;USDJPY;s=1;prev=23;c=24;firstObs=false;slotOn=true;inWindow=true;time_close=08-07 09:28
2026-08-07T09:27:00.000+01:00,DIAG-DEDUP;USDJPY;s=1;wOpened=08-07 09:13;nd=1;bestStored=08-07 09:13;bestStoredSlot=0;newWins=true
2026-08-07T09:27:00.000+01:00,DIAG-CLOSE;USDJPY;s=3;prev=11;c=12;firstObs=false;slotOn=true;inWindow=true;time_close=08-07 09:28
2026-08-07T09:27:00.000+01:00,DIAG-DEDUP;USDJPY;s=3;wOpened=08-07 09:17;nd=1;bestStored=08-07 09:13;bestStoredSlot=1;newWins=false
2026-08-07T09:27:00.000+01:00,DIAG-CLOSE;USDJPY;s=7;prev=2;c=3;firstObs=false;slotOn=true;inWindow=true;time_close=08-07 09:28
2026-08-07T09:27:00.000+01:00,DIAG-DEDUP;USDJPY;s=7;wOpened=08-07 09:21;nd=1;bestStored=08-07 09:13;bestStoredSlot=1;newWins=false
2026-08-07T09:48:00.000+01:00,DIAG-CLOSE;USDJPY;s=2;prev=11;c=12;firstObs=false;slotOn=true;inWindow=true;time_close=08-07 09:49
2026-08-07T09:48:00.000+01:00,DIAG-DEDUP;USDJPY;s=2;wOpened=08-07 09:17;nd=1;bestStored=08-07 09:13;bestStoredSlot=1;newWins=false
2026-08-07T09:48:00.000+01:00,DIAG-CLOSE;USDJPY;s=4;prev=4;c=5;firstObs=false;slotOn=true;inWindow=true;time_close=08-07 09:49
2026-08-07T09:48:00.000+01:00,DIAG-DEDUP;USDJPY;s=4;wOpened=08-07 09:18;nd=1;bestStored=08-07 09:13;bestStoredSlot=1;newWins=false
2026-08-07T09:48:00.000+01:00,DIAG-CLOSE;USDJPY;s=5;prev=6;c=7;firstObs=false;slotOn=true;inWindow=true;time_close=08-07 09:49
2026-08-07T09:48:00.000+01:00,DIAG-DEDUP;USDJPY;s=5;wOpened=08-07 09:18;nd=1;bestStored=08-07 09:13;bestStoredSlot=1;newWins=false
2026-08-07T09:48:00.000+01:00,DIAG-CLOSE;USDJPY;s=6;prev=3;c=4;firstObs=false;slotOn=true;inWindow=true;time_close=08-07 09:49
2026-08-07T09:48:00.000+01:00,DIAG-DEDUP;USDJPY;s=6;wOpened=08-07 09:21;nd=1;bestStored=08-07 09:13;bestStoredSlot=1;newWins=false
2026-08-07T09:49:00.000+01:00,DIAG-CLOSE;AUDUSD;s=0;prev=13;c=14;firstObs=false;slotOn=true;inWindow=true;time_close=08-07 09:50
2026-08-07T09:49:00.000+01:00,DIAG-DEDUP;AUDUSD;s=0;wOpened=08-07 09:48;nd=0;bestStored=none;bestStoredSlot=-1;newWins=true
2026-08-07T09:49:00.000+01:00,DIAG-CLOSE;AUDUSD;s=1;prev=14;c=15;firstObs=false;slotOn=true;inWindow=true;time_close=08-07 09:50
2026-08-07T09:49:00.000+01:00,DIAG-DEDUP;AUDUSD;s=1;wOpened=08-07 09:48;nd=1;bestStored=08-07 09:48;bestStoredSlot=0;newWins=true
2026-08-07T09:49:00.000+01:00,DIAG-CLOSE;AUDUSD;s=5;prev=6;c=7;firstObs=false;slotOn=true;inWindow=true;time_close=08-07 09:50
2026-08-07T09:49:00.000+01:00,DIAG-DEDUP;AUDUSD;s=5;wOpened=08-07 09:48;nd=1;bestStored=08-07 09:48;bestStoredSlot=1;newWins=true
2026-08-07T09:49:00.000+01:00,DIAG-CLOSE;AUDUSD;s=6;prev=2;c=3;firstObs=false;slotOn=true;inWindow=true;time_close=08-07 09:50
2026-08-07T09:49:00.000+01:00,DIAG-DEDUP;AUDUSD;s=6;wOpened=08-07 09:09;nd=1;bestStored=08-07 09:48;bestStoredSlot=5;newWins=true
2026-08-07T09:49:00.000+01:00,DIAG-CLOSE;AUDUSD;s=7;prev=1;c=2;firstObs=false;slotOn=true;inWindow=true;time_close=08-07 09:50
2026-08-07T09:49:00.000+01:00,DIAG-DEDUP;AUDUSD;s=7;wOpened=08-07 09:48;nd=1;bestStored=08-07 09:09;bestStoredSlot=6;newWins=false
2026-08-07T09:58:00.000+01:00,DIAG-CLOSE;EURGBP;s=0;prev=27;c=28;firstObs=false;slotOn=true;inWindow=true;time_close=08-07 09:59
2026-08-07T09:58:00.000+01:00,DIAG-DEDUP;EURGBP;s=0;wOpened=08-07 09:49;nd=0;bestStored=none;bestStoredSlot=-1;newWins=true
2026-08-07T09:58:00.000+01:00,DIAG-CLOSE;EURGBP;s=1;prev=26;c=27;firstObs=false;slotOn=true;inWindow=true;time_close=08-07 09:59
2026-08-07T09:58:00.000+01:00,DIAG-DEDUP;EURGBP;s=1;wOpened=08-07 09:49;nd=1;bestStored=08-07 09:49;bestStoredSlot=0;newWins=true
2026-08-07T10:17:00.000+01:00,DIAG-CLOSE;CHFJPY;s=0;prev=24;c=25;firstObs=false;slotOn=true;inWindow=true;time_close=08-07 10:18
2026-08-07T10:17:00.000+01:00,DIAG-DEDUP;CHFJPY;s=0;wOpened=08-07 09:36;nd=0;bestStored=none;bestStoredSlot=-1;newWins=true
2026-08-07T10:18:00.000+01:00,DIAG-CLOSE;EURAUD;s=0;prev=21;c=22;firstObs=false;slotOn=true;inWindow=true;time_close=08-07 10:19
2026-08-07T10:18:00.000+01:00,DIAG-DEDUP;EURAUD;s=0;wOpened=08-07 10:17;nd=0;bestStored=none;bestStoredSlot=-1;newWins=true
2026-08-07T10:18:00.000+01:00,DIAG-CLOSE;EURAUD;s=1;prev=20;c=21;firstObs=false;slotOn=true;inWindow=true;time_close=08-07 10:19
2026-08-07T10:18:00.000+01:00,DIAG-DEDUP;EURAUD;s=1;wOpened=08-07 10:13;nd=1;bestStored=08-07 10:17;bestStoredSlot=0;newWins=true
2026-08-07T10:18:00.000+01:00,DIAG-CLOSE;EURAUD;s=2;prev=11;c=12;firstObs=false;slotOn=true;inWindow=true;time_close=08-07 10:19
2026-08-07T10:18:00.000+01:00,DIAG-DEDUP;EURAUD;s=2;wOpened=08-07 10:17;nd=1;bestStored=08-07 10:13;bestStoredSlot=1;newWins=false
2026-08-07T11:19:00.000+01:00,DIAG-CLOSE;EURAUD;s=0;prev=22;c=23;firstObs=false;slotOn=true;inWindow=true;time_close=08-07 11:20
2026-08-07T11:19:00.000+01:00,DIAG-DEDUP;EURAUD;s=0;wOpened=08-07 11:18;nd=0;bestStored=none;bestStoredSlot=-1;newWins=true
2026-08-07T11:19:00.000+01:00,DIAG-CLOSE;EURAUD;s=1;prev=21;c=22;firstObs=false;slotOn=true;inWindow=true;time_close=08-07 11:20
2026-08-07T11:19:00.000+01:00,DIAG-DEDUP;EURAUD;s=1;wOpened=08-07 10:57;nd=1;bestStored=08-07 11:18;bestStoredSlot=0;newWins=true
2026-08-07T11:19:00.000+01:00,DIAG-CLOSE;EURAUD;s=2;prev=12;c=13;firstObs=false;slotOn=true;inWindow=true;time_close=08-07 11:20
2026-08-07T11:19:00.000+01:00,DIAG-DEDUP;EURAUD;s=2;wOpened=08-07 11:18;nd=1;bestStored=08-07 10:57;bestStoredSlot=1;newWins=false
2026-08-07T11:19:00.000+01:00,DIAG-CLOSE;EURAUD;s=5;prev=6;c=7;firstObs=false;slotOn=true;inWindow=true;time_close=08-07 11:20
2026-08-07T11:19:00.000+01:00,DIAG-DEDUP;EURAUD;s=5;wOpened=08-07 11:18;nd=1;bestStored=08-07 10:57;bestStoredSlot=1;newWins=false
2026-08-07T11:39:00.000+01:00,DIAG-CLOSE;AUDJPY;s=0;prev=19;c=20;firstObs=false;slotOn=true;inWindow=true;time_close=08-07 11:40
2026-08-07T11:39:00.000+01:00,DIAG-DEDUP;AUDJPY;s=0;wOpened=08-07 11:38;nd=0;bestStored=none;bestStoredSlot=-1;newWins=true
2026-08-07T11:39:00.000+01:00,DIAG-CLOSE;AUDJPY;s=1;prev=22;c=23;firstObs=false;slotOn=true;inWindow=true;time_close=08-07 11:40
2026-08-07T11:39:00.000+01:00,DIAG-DEDUP;AUDJPY;s=1;wOpened=08-07 11:38;nd=1;bestStored=08-07 11:38;bestStoredSlot=0;newWins=true
2026-08-07T11:48:00.000+01:00,DIAG-CLOSE;USDJPY;s=0;prev=23;c=24;firstObs=false;slotOn=true;inWindow=true;time_close=08-07 11:49
2026-08-07T11:48:00.000+01:00,DIAG-DEDUP;USDJPY;s=0;wOpened=08-07 11:43;nd=0;bestStored=none;bestStoredSlot=-1;newWins=true
2026-08-07T11:48:00.000+01:00,DIAG-CLOSE;USDJPY;s=1;prev=24;c=25;firstObs=false;slotOn=true;inWindow=true;time_close=08-07 11:49
2026-08-07T11:48:00.000+01:00,DIAG-DEDUP;USDJPY;s=1;wOpened=08-07 11:43;nd=1;bestStored=08-07 11:43;bestStoredSlot=0;newWins=true
2026-08-07T11:48:00.000+01:00,DIAG-CLOSE;USDJPY;s=2;prev=12;c=13;firstObs=false;slotOn=true;inWindow=true;time_close=08-07 11:49
2026-08-07T11:48:00.000+01:00,DIAG-DEDUP;USDJPY;s=2;wOpened=08-07 11:44;nd=1;bestStored=08-07 11:43;bestStoredSlot=1;newWins=false
2026-08-07T11:48:00.000+01:00,DIAG-CLOSE;USDJPY;s=3;prev=12;c=13;firstObs=false;slotOn=true;inWindow=true;time_close=08-07 11:49
2026-08-07T11:48:00.000+01:00,DIAG-DEDUP;USDJPY;s=3;wOpened=08-07 11:44;nd=1;bestStored=08-07 11:43;bestStoredSlot=1;newWins=false
2026-08-07T11:48:00.000+01:00,DIAG-CLOSE;USDJPY;s=5;prev=7;c=8;firstObs=false;slotOn=true;inWindow=true;time_close=08-07 11:49
2026-08-07T11:48:00.000+01:00,DIAG-DEDUP;USDJPY;s=5;wOpened=08-07 11:44;nd=1;bestStored=08-07 11:43;bestStoredSlot=1;newWins=false
2026-08-07T11:56:00.000+01:00,DIAG-CLOSE;GBPAUD;s=0;prev=16;c=17;firstObs=false;slotOn=true;inWindow=true;time_close=08-07 11:57
2026-08-07T11:56:00.000+01:00,DIAG-DEDUP;GBPAUD;s=0;wOpened=08-07 11:34;nd=0;bestStored=none;bestStoredSlot=-1;newWins=true
2026-08-07T11:56:00.000+01:00,DIAG-CLOSE;GBPAUD;s=1;prev=17;c=18;firstObs=false;slotOn=true;inWindow=true;time_close=08-07 11:57
2026-08-07T11:56:00.000+01:00,DIAG-DEDUP;GBPAUD;s=1;wOpened=08-07 11:34;nd=1;bestStored=08-07 11:34;bestStoredSlot=0;newWins=true
2026-08-07T11:56:00.000+01:00,DIAG-CLOSE;GBPCAD;s=0;prev=23;c=24;firstObs=false;slotOn=true;inWindow=true;time_close=08-07 11:57
2026-08-07T11:56:00.000+01:00,DIAG-DEDUP;GBPCAD;s=0;wOpened=08-07 11:50;nd=0;bestStored=none;bestStoredSlot=-1;newWins=true
2026-08-07T11:56:00.000+01:00,DIAG-CLOSE;GBPCAD;s=1;prev=24;c=25;firstObs=false;slotOn=true;inWindow=true;time_close=08-07 11:57
2026-08-07T11:56:00.000+01:00,DIAG-DEDUP;GBPCAD;s=1;wOpened=08-07 11:50;nd=1;bestStored=08-07 11:50;bestStoredSlot=0;newWins=true
2026-08-07T12:19:00.000+01:00,DIAG-CLOSE;EURJPY;s=0;prev=21;c=22;firstObs=false;slotOn=true;inWindow=true;time_close=08-07 12:20
2026-08-07T12:19:00.000+01:00,DIAG-DEDUP;EURJPY;s=0;wOpened=08-07 11:47;nd=0;bestStored=none;bestStoredSlot=-1;newWins=true
2026-08-07T12:19:00.000+01:00,DIAG-CLOSE;EURJPY;s=1;prev=21;c=22;firstObs=false;slotOn=true;inWindow=true;time_close=08-07 12:20
2026-08-07T12:19:00.000+01:00,DIAG-DEDUP;EURJPY;s=1;wOpened=08-07 11:47;nd=1;bestStored=08-07 11:47;bestStoredSlot=0;newWins=true
2026-08-07T12:19:00.000+01:00,DIAG-CLOSE;EURJPY;s=2;prev=10;c=11;firstObs=false;slotOn=true;inWindow=true;time_close=08-07 12:20
2026-08-07T12:19:00.000+01:00,DIAG-DEDUP;EURJPY;s=2;wOpened=08-07 11:53;nd=1;bestStored=08-07 11:47;bestStoredSlot=1;newWins=false
2026-08-07T12:19:00.000+01:00,DIAG-CLOSE;EURJPY;s=3;prev=10;c=11;firstObs=false;slotOn=true;inWindow=true;time_close=08-07 12:20
2026-08-07T12:19:00.000+01:00,DIAG-DEDUP;EURJPY;s=3;wOpened=08-07 11:53;nd=1;bestStored=08-07 11:47;bestStoredSlot=1;newWins=false
2026-08-07T12:20:00.000+01:00,DIAG-CLOSE;AUDCAD;s=0;prev=21;c=22;firstObs=false;slotOn=true;inWindow=true;time_close=08-07 12:21
2026-08-07T12:20:00.000+01:00,DIAG-DEDUP;AUDCAD;s=0;wOpened=08-07 11:34;nd=0;bestStored=none;bestStoredSlot=-1;newWins=true
2026-08-07T12:20:00.000+01:00,DIAG-CLOSE;AUDCAD;s=1;prev=21;c=22;firstObs=false;slotOn=true;inWindow=true;time_close=08-07 12:21
2026-08-07T12:20:00.000+01:00,DIAG-DEDUP;AUDCAD;s=1;wOpened=08-07 11:33;nd=1;bestStored=08-07 11:34;bestStoredSlot=0;newWins=true
2026-08-07T12:20:00.000+01:00,DIAG-CLOSE;AUDCAD;s=2;prev=12;c=13;firstObs=false;slotOn=true;inWindow=true;time_close=08-07 12:21
2026-08-07T12:20:00.000+01:00,DIAG-DEDUP;AUDCAD;s=2;wOpened=08-07 11:34;nd=1;bestStored=08-07 11:33;bestStoredSlot=1;newWins=false
2026-08-07T12:20:00.000+01:00,DIAG-CLOSE;AUDCAD;s=3;prev=12;c=13;firstObs=false;slotOn=true;inWindow=true;time_close=08-07 12:21
2026-08-07T12:20:00.000+01:00,DIAG-DEDUP;AUDCAD;s=3;wOpened=08-07 11:55;nd=1;bestStored=08-07 11:33;bestStoredSlot=1;newWins=false
2026-08-07T12:20:00.000+01:00,DIAG-CLOSE;AUDCAD;s=4;prev=6;c=7;firstObs=false;slotOn=true;inWindow=true;time_close=08-07 12:21
2026-08-07T12:20:00.000+01:00,DIAG-DEDUP;AUDCAD;s=4;wOpened=08-07 11:55;nd=1;bestStored=08-07 11:33;bestStoredSlot=1;newWins=false
2026-08-07T12:20:00.000+01:00,DIAG-CLOSE;AUDCAD;s=5;prev=6;c=7;firstObs=false;slotOn=true;inWindow=true;time_close=08-07 12:21
2026-08-07T12:20:00.000+01:00,DIAG-DEDUP;AUDCAD;s=5;wOpened=08-07 11:55;nd=1;bestStored=08-07 11:33;bestStoredSlot=1;newWins=false
2026-08-07T12:20:00.000+01:00,DIAG-CLOSE;AUDCAD;s=6;prev=2;c=3;firstObs=false;slotOn=true;inWindow=true;time_close=08-07 12:21
2026-08-07T12:20:00.000+01:00,DIAG-DEDUP;AUDCAD;s=6;wOpened=08-07 12:19;nd=1;bestStored=08-07 11:33;bestStoredSlot=1;newWins=false
2026-08-07T12:20:00.000+01:00,DIAG-CLOSE;AUDCAD;s=7;prev=4;c=5;firstObs=false;slotOn=true;inWindow=true;time_close=08-07 12:21
2026-08-07T12:20:00.000+01:00,DIAG-DEDUP;AUDCAD;s=7;wOpened=08-07 12:19;nd=1;bestStored=08-07 11:33;bestStoredSlot=1;newWins=false
2026-08-07T12:42:00.000+01:00,DIAG-CLOSE;CHFJPY;s=0;prev=25;c=26;firstObs=false;slotOn=true;inWindow=true;time_close=08-07 12:43
2026-08-07T12:42:00.000+01:00,DIAG-DEDUP;CHFJPY;s=0;wOpened=08-07 11:47;nd=0;bestStored=none;bestStoredSlot=-1;newWins=true
2026-08-07T12:42:00.000+01:00,DIAG-CLOSE;CHFJPY;s=1;prev=26;c=27;firstObs=false;slotOn=true;inWindow=true;time_close=08-07 12:43
2026-08-07T12:42:00.000+01:00,DIAG-DEDUP;CHFJPY;s=1;wOpened=08-07 11:47;nd=1;bestStored=08-07 11:47;bestStoredSlot=0;newWins=true
2026-08-07T13:05:00.000+01:00,DIAG-CLOSE;CADJPY;s=0;prev=23;c=24;firstObs=false;slotOn=true;inWindow=true;time_close=08-07 13:06
2026-08-07T13:05:00.000+01:00,DIAG-DEDUP;CADJPY;s=0;wOpened=08-07 12:48;nd=0;bestStored=none;bestStoredSlot=-1;newWins=true
2026-08-07T13:05:00.000+01:00,DIAG-CLOSE;CADJPY;s=1;prev=20;c=21;firstObs=false;slotOn=true;inWindow=true;time_close=08-07 13:06
2026-08-07T13:05:00.000+01:00,DIAG-DEDUP;CADJPY;s=1;wOpened=08-07 12:48;nd=1;bestStored=08-07 12:48;bestStoredSlot=0;newWins=true
2026-08-07T13:15:00.000+01:00,DIAG-CLOSE;USDCAD;s=0;prev=19;c=20;firstObs=false;slotOn=true;inWindow=true;time_close=08-07 13:16
2026-08-07T13:15:00.000+01:00,DIAG-DEDUP;USDCAD;s=0;wOpened=08-07 12:47;nd=0;bestStored=none;bestStoredSlot=-1;newWins=true
2026-08-07T13:15:00.000+01:00,DIAG-CLOSE;USDCAD;s=1;prev=22;c=23;firstObs=false;slotOn=true;inWindow=true;time_close=08-07 13:16
2026-08-07T13:15:00.000+01:00,DIAG-DEDUP;USDCAD;s=1;wOpened=08-07 12:47;nd=1;bestStored=08-07 12:47;bestStoredSlot=0;newWins=true
2026-08-07T13:15:00.000+01:00,DIAG-CLOSE;USDCAD;s=2;prev=11;c=12;firstObs=false;slotOn=true;inWindow=true;time_close=08-07 13:16
2026-08-07T13:15:00.000+01:00,DIAG-DEDUP;USDCAD;s=2;wOpened=08-07 12:51;nd=1;bestStored=08-07 12:47;bestStoredSlot=1;newWins=false
2026-08-07T13:15:00.000+01:00,DIAG-CLOSE;USDCAD;s=3;prev=12;c=13;firstObs=false;slotOn=true;inWindow=true;time_close=08-07 13:16
2026-08-07T13:15:00.000+01:00,DIAG-DEDUP;USDCAD;s=3;wOpened=08-07 12:51;nd=1;bestStored=08-07 12:47;bestStoredSlot=1;newWins=false
2026-08-07T13:15:00.000+01:00,DIAG-CLOSE;USDCAD;s=5;prev=7;c=8;firstObs=false;slotOn=true;inWindow=true;time_close=08-07 13:16
2026-08-07T13:15:00.000+01:00,DIAG-DEDUP;USDCAD;s=5;wOpened=08-07 12:51;nd=1;bestStored=08-07 12:47;bestStoredSlot=1;newWins=false
2026-08-07T13:16:00.000+01:00,DIAG-CLOSE;AUDCHF;s=0;prev=21;c=22;firstObs=false;slotOn=true;inWindow=true;time_close=08-07 13:17
2026-08-07T13:16:00.000+01:00,DIAG-DEDUP;AUDCHF;s=0;wOpened=08-07 13:08;nd=0;bestStored=none;bestStoredSlot=-1;newWins=true
2026-08-07T13:16:00.000+01:00,DIAG-CLOSE;AUDCHF;s=1;prev=25;c=26;firstObs=false;slotOn=true;inWindow=true;time_close=08-07 13:17
2026-08-07T13:16:00.000+01:00,DIAG-DEDUP;AUDCHF;s=1;wOpened=08-07 13:08;nd=1;bestStored=08-07 13:08;bestStoredSlot=0;newWins=true
2026-08-07T13:31:00.000+01:00,DIAG-CLOSE;AUDJPY;s=0;prev=20;c=21;firstObs=false;slotOn=true;inWindow=true;time_close=08-07 13:32
2026-08-07T13:31:00.000+01:00,DIAG-DEDUP;AUDJPY;s=0;wOpened=08-07 13:18;nd=0;bestStored=none;bestStoredSlot=-1;newWins=true
2026-08-07T13:31:00.000+01:00,DIAG-CLOSE;AUDJPY;s=1;prev=23;c=24;firstObs=false;slotOn=true;inWindow=true;time_close=08-07 13:32
2026-08-07T13:31:00.000+01:00,DIAG-DEDUP;AUDJPY;s=1;wOpened=08-07 13:18;nd=1;bestStored=08-07 13:18;bestStoredSlot=0;newWins=true
2026-08-07T13:31:00.000+01:00,DIAG-CLOSE;AUDJPY;s=2;prev=11;c=12;firstObs=false;slotOn=true;inWindow=true;time_close=08-07 13:32
2026-08-07T13:31:00.000+01:00,DIAG-DEDUP;AUDJPY;s=2;wOpened=08-07 13:28;nd=1;bestStored=08-07 13:18;bestStoredSlot=1;newWins=false
2026-08-07T13:31:00.000+01:00,DIAG-CLOSE;AUDJPY;s=3;prev=10;c=11;firstObs=false;slotOn=true;inWindow=true;time_close=08-07 13:32
2026-08-07T13:31:00.000+01:00,DIAG-DEDUP;AUDJPY;s=3;wOpened=08-07 13:28;nd=1;bestStored=08-07 13:18;bestStoredSlot=1;newWins=false
2026-08-07T13:35:00.000+01:00,DIAG-CLOSE;GBPAUD;s=0;prev=17;c=18;firstObs=false;slotOn=true;inWindow=true;time_close=08-07 13:36
2026-08-07T13:35:00.000+01:00,DIAG-DEDUP;GBPAUD;s=0;wOpened=08-07 13:15;nd=0;bestStored=none;bestStoredSlot=-1;newWins=true
2026-08-07T13:35:00.000+01:00,DIAG-CLOSE;GBPAUD;s=1;prev=18;c=19;firstObs=false;slotOn=true;inWindow=true;time_close=08-07 13:36
2026-08-07T13:35:00.000+01:00,DIAG-DEDUP;GBPAUD;s=1;wOpened=08-07 13:15;nd=1;bestStored=08-07 13:15;bestStoredSlot=0;newWins=true
2026-08-07T13:35:00.000+01:00,DIAG-CLOSE;GBPAUD;s=2;prev=11;c=12;firstObs=false;slotOn=true;inWindow=true;time_close=08-07 13:36
2026-08-07T13:35:00.000+01:00,DIAG-DEDUP;GBPAUD;s=2;wOpened=08-07 13:28;nd=1;bestStored=08-07 13:15;bestStoredSlot=1;newWins=false
2026-08-07T13:35:00.000+01:00,DIAG-CLOSE;GBPAUD;s=3;prev=11;c=12;firstObs=false;slotOn=true;inWindow=true;time_close=08-07 13:36
2026-08-07T13:35:00.000+01:00,DIAG-DEDUP;GBPAUD;s=3;wOpened=08-07 13:28;nd=1;bestStored=08-07 13:15;bestStoredSlot=1;newWins=false
2026-08-07T13:35:00.000+01:00,DIAG-CLOSE;GBPAUD;s=4;prev=6;c=7;firstObs=false;slotOn=true;inWindow=true;time_close=08-07 13:36
2026-08-07T13:35:00.000+01:00,DIAG-DEDUP;GBPAUD;s=4;wOpened=08-07 13:34;nd=1;bestStored=08-07 13:15;bestStoredSlot=1;newWins=false
2026-08-07T13:35:00.000+01:00,DIAG-CLOSE;GBPAUD;s=5;prev=9;c=10;firstObs=false;slotOn=true;inWindow=true;time_close=08-07 13:36
2026-08-07T13:35:00.000+01:00,DIAG-DEDUP;GBPAUD;s=5;wOpened=08-07 13:28;nd=1;bestStored=08-07 13:15;bestStoredSlot=1;newWins=false
2026-08-07T13:35:00.000+01:00,DIAG-CLOSE;GBPAUD;s=6;prev=3;c=4;firstObs=false;slotOn=true;inWindow=true;time_close=08-07 13:36
2026-08-07T13:35:00.000+01:00,DIAG-DEDUP;GBPAUD;s=6;wOpened=08-07 13:34;nd=1;bestStored=08-07 13:15;bestStoredSlot=1;newWins=false
2026-08-07T13:35:00.000+01:00,DIAG-CLOSE;GBPAUD;s=7;prev=3;c=4;firstObs=false;slotOn=true;inWindow=true;time_close=08-07 13:36
2026-08-07T13:35:00.000+01:00,DIAG-DEDUP;GBPAUD;s=7;wOpened=08-07 13:34;nd=1;bestStored=08-07 13:15;bestStoredSlot=1;newWins=false
2026-08-07T13:36:00.000+01:00,DIAG-CLOSE;GBPJPY;s=0;prev=27;c=28;firstObs=false;slotOn=true;inWindow=true;time_close=08-07 13:37
2026-08-07T13:36:00.000+01:00,DIAG-DEDUP;GBPJPY;s=0;wOpened=08-07 13:04;nd=0;bestStored=none;bestStoredSlot=-1;newWins=true
2026-08-07T13:36:00.000+01:00,DIAG-CLOSE;GBPJPY;s=1;prev=28;c=29;firstObs=false;slotOn=true;inWindow=true;time_close=08-07 13:37
2026-08-07T13:36:00.000+01:00,DIAG-DEDUP;GBPJPY;s=1;wOpened=08-07 13:04;nd=1;bestStored=08-07 13:04;bestStoredSlot=0;newWins=true
2026-08-07T13:36:00.000+01:00,DIAG-CLOSE;GBPJPY;s=2;prev=14;c=15;firstObs=false;slotOn=true;inWindow=true;time_close=08-07 13:37
2026-08-07T13:36:00.000+01:00,DIAG-DEDUP;GBPJPY;s=2;wOpened=08-07 13:07;nd=1;bestStored=08-07 13:04;bestStoredSlot=1;newWins=false
2026-08-07T13:36:00.000+01:00,DIAG-CLOSE;GBPJPY;s=3;prev=14;c=15;firstObs=false;slotOn=true;inWindow=true;time_close=08-07 13:37
2026-08-07T13:36:00.000+01:00,DIAG-DEDUP;GBPJPY;s=3;wOpened=08-07 13:07;nd=1;bestStored=08-07 13:04;bestStoredSlot=1;newWins=false
2026-08-07T13:36:00.000+01:00,DIAG-CLOSE;GBPJPY;s=4;prev=9;c=10;firstObs=false;slotOn=true;inWindow=true;time_close=08-07 13:37
2026-08-07T13:36:00.000+01:00,DIAG-DEDUP;GBPJPY;s=4;wOpened=08-07 13:24;nd=1;bestStored=08-07 13:04;bestStoredSlot=1;newWins=false
2026-08-07T13:36:00.000+01:00,DIAG-CLOSE;CADJPY;s=7;prev=1;c=2;firstObs=false;slotOn=true;inWindow=true;time_close=08-07 13:37
2026-08-07T13:36:00.000+01:00,DIAG-DEDUP;CADJPY;s=7;wOpened=08-07 13:24;nd=0;bestStored=none;bestStoredSlot=-1;newWins=true
2026-08-07T13:38:00.000+01:00,DIAG-CLOSE;EURCHF;s=0;prev=25;c=26;firstObs=false;slotOn=true;inWindow=true;time_close=08-07 13:39
2026-08-07T13:38:00.000+01:00,DIAG-DEDUP;EURCHF;s=0;wOpened=08-07 13:37;nd=0;bestStored=none;bestStoredSlot=-1;newWins=true
2026-08-07T13:38:00.000+01:00,DIAG-CLOSE;EURCHF;s=1;prev=25;c=26;firstObs=false;slotOn=true;inWindow=true;time_close=08-07 13:39
2026-08-07T13:38:00.000+01:00,DIAG-DEDUP;EURCHF;s=1;wOpened=08-07 13:37;nd=1;bestStored=08-07 13:37;bestStoredSlot=0;newWins=true
2026-08-07T13:42:00.000+01:00,DIAG-CLOSE;USDJPY;s=0;prev=24;c=25;firstObs=false;slotOn=true;inWindow=true;time_close=08-07 13:43
2026-08-07T13:42:00.000+01:00,DIAG-DEDUP;USDJPY;s=0;wOpened=08-07 12:56;nd=0;bestStored=none;bestStoredSlot=-1;newWins=true
2026-08-07T13:42:00.000+01:00,DIAG-CLOSE;USDJPY;s=1;prev=25;c=26;firstObs=false;slotOn=true;inWindow=true;time_close=08-07 13:43
2026-08-07T13:42:00.000+01:00,DIAG-DEDUP;USDJPY;s=1;wOpened=08-07 13:23;nd=1;bestStored=08-07 12:56;bestStoredSlot=0;newWins=false
2026-08-07T13:42:00.000+01:00,DIAG-CLOSE;USDJPY;s=2;prev=13;c=14;firstObs=false;slotOn=true;inWindow=true;time_close=08-07 13:43
2026-08-07T13:42:00.000+01:00,DIAG-DEDUP;USDJPY;s=2;wOpened=08-07 13:24;nd=1;bestStored=08-07 12:56;bestStoredSlot=0;newWins=false
2026-08-07T13:42:00.000+01:00,DIAG-CLOSE;USDJPY;s=3;prev=13;c=14;firstObs=false;slotOn=true;inWindow=true;time_close=08-07 13:43
2026-08-07T13:42:00.000+01:00,DIAG-DEDUP;USDJPY;s=3;wOpened=08-07 13:23;nd=1;bestStored=08-07 12:56;bestStoredSlot=0;newWins=false
2026-08-07T13:42:00.000+01:00,DIAG-CLOSE;USDJPY;s=4;prev=5;c=6;firstObs=false;slotOn=true;inWindow=true;time_close=08-07 13:43
2026-08-07T13:42:00.000+01:00,DIAG-DEDUP;USDJPY;s=4;wOpened=08-07 13:36;nd=1;bestStored=08-07 12:56;bestStoredSlot=0;newWins=false
2026-08-07T13:42:00.000+01:00,DIAG-CLOSE;USDJPY;s=5;prev=8;c=9;firstObs=false;slotOn=true;inWindow=true;time_close=08-07 13:43
2026-08-07T13:42:00.000+01:00,DIAG-DEDUP;USDJPY;s=5;wOpened=08-07 13:36;nd=1;bestStored=08-07 12:56;bestStoredSlot=0;newWins=false
2026-08-07T13:42:00.000+01:00,DIAG-CLOSE;USDJPY;s=7;prev=3;c=4;firstObs=false;slotOn=true;inWindow=true;time_close=08-07 13:43
2026-08-07T13:42:00.000+01:00,DIAG-DEDUP;USDJPY;s=7;wOpened=08-07 13:36;nd=1;bestStored=08-07 12:56;bestStoredSlot=0;newWins=false
2026-08-07T13:49:00.000+01:00,DIAG-CLOSE;CADJPY;s=1;prev=21;c=22;firstObs=false;slotOn=true;inWindow=true;time_close=08-07 13:50
2026-08-07T13:49:00.000+01:00,DIAG-DEDUP;CADJPY;s=1;wOpened=08-07 13:48;nd=0;bestStored=none;bestStoredSlot=-1;newWins=true
2026-08-07T14:37:00.000+01:00,DIAG-CLOSE;USDJPY;s=0;prev=25;c=26;firstObs=false;slotOn=true;inWindow=true;time_close=08-07 14:38
2026-08-07T14:37:00.000+01:00,DIAG-DEDUP;USDJPY;s=0;wOpened=08-07 14:36;nd=0;bestStored=none;bestStoredSlot=-1;newWins=true
2026-08-07T14:38:00.000+01:00,DIAG-CLOSE;EURAUD;s=0;prev=23;c=24;firstObs=false;slotOn=true;inWindow=true;time_close=08-07 14:39
2026-08-07T14:38:00.000+01:00,DIAG-DEDUP;EURAUD;s=0;wOpened=08-07 14:37;nd=0;bestStored=none;bestStoredSlot=-1;newWins=true
2026-08-07T14:38:00.000+01:00,DIAG-CLOSE;EURAUD;s=1;prev=22;c=23;firstObs=false;slotOn=true;inWindow=true;time_close=08-07 14:39
2026-08-07T14:38:00.000+01:00,DIAG-DEDUP;EURAUD;s=1;wOpened=08-07 14:37;nd=1;bestStored=08-07 14:37;bestStoredSlot=0;newWins=true
2026-08-07T14:45:00.000+01:00,DIAG-CLOSE;USDCAD;s=0;prev=20;c=21;firstObs=false;slotOn=true;inWindow=true;time_close=08-07 14:46
2026-08-07T14:45:00.000+01:00,DIAG-DEDUP;USDCAD;s=0;wOpened=08-07 14:36;nd=0;bestStored=none;bestStoredSlot=-1;newWins=true
2026-08-07T14:45:00.000+01:00,DIAG-CLOSE;USDCAD;s=1;prev=23;c=24;firstObs=false;slotOn=true;inWindow=true;time_close=08-07 14:46
2026-08-07T14:45:00.000+01:00,DIAG-DEDUP;USDCAD;s=1;wOpened=08-07 14:36;nd=1;bestStored=08-07 14:36;bestStoredSlot=0;newWins=true
2026-08-07T14:52:00.000+01:00,DIAG-CLOSE;AUDCAD;s=0;prev=22;c=23;firstObs=false;slotOn=true;inWindow=true;time_close=08-07 14:53
2026-08-07T14:52:00.000+01:00,DIAG-DEDUP;AUDCAD;s=0;wOpened=08-07 14:40;nd=0;bestStored=none;bestStoredSlot=-1;newWins=true
2026-08-07T14:52:00.000+01:00,DIAG-CLOSE;AUDCAD;s=1;prev=22;c=23;firstObs=false;slotOn=true;inWindow=true;time_close=08-07 14:53
2026-08-07T14:52:00.000+01:00,DIAG-DEDUP;AUDCAD;s=1;wOpened=08-07 14:40;nd=1;bestStored=08-07 14:40;bestStoredSlot=0;newWins=true
2026-08-07T14:52:00.000+01:00,DIAG-CLOSE;AUDCAD;s=2;prev=13;c=14;firstObs=false;slotOn=true;inWindow=true;time_close=08-07 14:53
2026-08-07T14:52:00.000+01:00,DIAG-DEDUP;AUDCAD;s=2;wOpened=08-07 14:41;nd=1;bestStored=08-07 14:40;bestStoredSlot=1;newWins=false
2026-08-07T14:52:00.000+01:00,DIAG-CLOSE;AUDCAD;s=3;prev=13;c=14;firstObs=false;slotOn=true;inWindow=true;time_close=08-07 14:53
2026-08-07T14:52:00.000+01:00,DIAG-DEDUP;AUDCAD;s=3;wOpened=08-07 14:41;nd=1;bestStored=08-07 14:40;bestStoredSlot=1;newWins=false
2026-08-07T14:53:00.000+01:00,DIAG-CLOSE;EURUSD;s=0;prev=27;c=28;firstObs=false;slotOn=true;inWindow=true;time_close=08-07 14:54
2026-08-07T14:53:00.000+01:00,DIAG-DEDUP;EURUSD;s=0;wOpened=08-07 14:44;nd=0;bestStored=none;bestStoredSlot=-1;newWins=true
2026-08-07T14:53:00.000+01:00,DIAG-CLOSE;EURUSD;s=1;prev=27;c=28;firstObs=false;slotOn=true;inWindow=true;time_close=08-07 14:54
2026-08-07T14:53:00.000+01:00,DIAG-DEDUP;EURUSD;s=1;wOpened=08-07 14:36;nd=1;bestStored=08-07 14:44;bestStoredSlot=0;newWins=true
2026-08-07T14:53:00.000+01:00,DIAG-CLOSE;EURUSD;s=2;prev=13;c=14;firstObs=false;slotOn=true;inWindow=true;time_close=08-07 14:54
2026-08-07T14:53:00.000+01:00,DIAG-DEDUP;EURUSD;s=2;wOpened=08-07 14:36;nd=1;bestStored=08-07 14:36;bestStoredSlot=1;newWins=true
2026-08-07T14:53:00.000+01:00,DIAG-CLOSE;EURUSD;s=3;prev=15;c=16;firstObs=false;slotOn=true;inWindow=true;time_close=08-07 14:54
2026-08-07T14:53:00.000+01:00,DIAG-DEDUP;EURUSD;s=3;wOpened=08-07 14:47;nd=1;bestStored=08-07 14:36;bestStoredSlot=2;newWins=false
2026-08-07T14:53:00.000+01:00,DIAG-CLOSE;EURUSD;s=4;prev=6;c=7;firstObs=false;slotOn=true;inWindow=true;time_close=08-07 14:54
2026-08-07T14:53:00.000+01:00,DIAG-DEDUP;EURUSD;s=4;wOpened=08-07 14:44;nd=1;bestStored=08-07 14:36;bestStoredSlot=2;newWins=false
2026-08-07T14:53:00.000+01:00,DIAG-CLOSE;GBPUSD;s=0;prev=22;c=23;firstObs=false;slotOn=true;inWindow=true;time_close=08-07 14:54
2026-08-07T14:53:00.000+01:00,DIAG-DEDUP;GBPUSD;s=0;wOpened=08-07 14:32;nd=0;bestStored=none;bestStoredSlot=-1;newWins=true
2026-08-07T14:53:00.000+01:00,DIAG-CLOSE;GBPUSD;s=1;prev=20;c=21;firstObs=false;slotOn=true;inWindow=true;time_close=08-07 14:54
2026-08-07T14:53:00.000+01:00,DIAG-DEDUP;GBPUSD;s=1;wOpened=08-07 14:37;nd=1;bestStored=08-07 14:32;bestStoredSlot=0;newWins=false
2026-08-07T14:53:00.000+01:00,DIAG-CLOSE;GBPUSD;s=2;prev=11;c=12;firstObs=false;slotOn=true;inWindow=true;time_close=08-07 14:54
2026-08-07T14:53:00.000+01:00,DIAG-DEDUP;GBPUSD;s=2;wOpened=08-07 14:32;nd=1;bestStored=08-07 14:32;bestStoredSlot=0;newWins=true
2026-08-07T14:53:00.000+01:00,DIAG-CLOSE;GBPUSD;s=3;prev=12;c=13;firstObs=false;slotOn=true;inWindow=true;time_close=08-07 14:54
2026-08-07T14:53:00.000+01:00,DIAG-DEDUP;GBPUSD;s=3;wOpened=08-07 14:37;nd=1;bestStored=08-07 14:32;bestStoredSlot=2;newWins=false
2026-08-07T14:53:00.000+01:00,DIAG-CLOSE;GBPUSD;s=4;prev=4;c=5;firstObs=false;slotOn=true;inWindow=true;time_close=08-07 14:54
2026-08-07T14:53:00.000+01:00,DIAG-DEDUP;GBPUSD;s=4;wOpened=08-07 14:37;nd=1;bestStored=08-07 14:32;bestStoredSlot=2;newWins=false
2026-08-07T14:53:00.000+01:00,DIAG-CLOSE;GBPUSD;s=5;prev=6;c=7;firstObs=false;slotOn=true;inWindow=true;time_close=08-07 14:54
2026-08-07T14:53:00.000+01:00,DIAG-DEDUP;GBPUSD;s=5;wOpened=08-07 14:38;nd=1;bestStored=08-07 14:32;bestStoredSlot=2;newWins=false
2026-08-07T14:53:00.000+01:00,DIAG-CLOSE;GBPUSD;s=6;prev=5;c=6;firstObs=false;slotOn=true;inWindow=true;time_close=08-07 14:54
2026-08-07T14:53:00.000+01:00,DIAG-DEDUP;GBPUSD;s=6;wOpened=08-07 14:38;nd=1;bestStored=08-07 14:32;bestStoredSlot=2;newWins=false
2026-08-07T14:53:00.000+01:00,DIAG-CLOSE;USDCHF;s=0;prev=29;c=30;firstObs=false;slotOn=true;inWindow=true;time_close=08-07 14:54
2026-08-07T14:53:00.000+01:00,DIAG-DEDUP;USDCHF;s=0;wOpened=08-07 14:39;nd=0;bestStored=none;bestStoredSlot=-1;newWins=true
2026-08-07T15:25:00.000+01:00,DIAG-CLOSE;AUDCAD;s=2;prev=14;c=15;firstObs=false;slotOn=true;inWindow=true;time_close=08-07 15:26
2026-08-07T15:25:00.000+01:00,DIAG-DEDUP;AUDCAD;s=2;wOpened=08-07 15:23;nd=0;bestStored=none;bestStoredSlot=-1;newWins=true
2026-08-07T15:25:00.000+01:00,DIAG-CLOSE;AUDCAD;s=4;prev=7;c=8;firstObs=false;slotOn=true;inWindow=true;time_close=08-07 15:26
2026-08-07T15:25:00.000+01:00,DIAG-DEDUP;AUDCAD;s=4;wOpened=08-07 15:24;nd=1;bestStored=08-07 15:23;bestStoredSlot=2;newWins=false
2026-08-07T15:25:00.000+01:00,DIAG-CLOSE;AUDCAD;s=5;prev=7;c=8;firstObs=false;slotOn=true;inWindow=true;time_close=08-07 15:26
2026-08-07T15:25:00.000+01:00,DIAG-DEDUP;AUDCAD;s=5;wOpened=08-07 15:24;nd=1;bestStored=08-07 15:23;bestStoredSlot=2;newWins=false
2026-08-07T15:46:00.000+01:00,DIAG-CLOSE;EURUSD;s=0;prev=28;c=29;firstObs=false;slotOn=true;inWindow=true;time_close=08-07 15:47
2026-08-07T15:46:00.000+01:00,DIAG-DEDUP;EURUSD;s=0;wOpened=08-07 15:33;nd=0;bestStored=none;bestStoredSlot=-1;newWins=true
2026-08-07T15:46:00.000+01:00,DIAG-CLOSE;EURUSD;s=1;prev=28;c=29;firstObs=false;slotOn=true;inWindow=true;time_close=08-07 15:47
2026-08-07T15:46:00.000+01:00,DIAG-DEDUP;EURUSD;s=1;wOpened=08-07 15:33;nd=1;bestStored=08-07 15:33;bestStoredSlot=0;newWins=true
2026-08-07T15:51:00.000+01:00,DIAG-CLOSE;AUDUSD;s=0;prev=14;c=15;firstObs=false;slotOn=true;inWindow=true;time_close=08-07 15:52
2026-08-07T15:51:00.000+01:00,DIAG-DEDUP;AUDUSD;s=0;wOpened=08-07 15:47;nd=0;bestStored=none;bestStoredSlot=-1;newWins=true
2026-08-07T15:51:00.000+01:00,DIAG-CLOSE;AUDUSD;s=1;prev=15;c=16;firstObs=false;slotOn=true;inWindow=true;time_close=08-07 15:52
2026-08-07T15:51:00.000+01:00,DIAG-DEDUP;AUDUSD;s=1;wOpened=08-07 15:47;nd=1;bestStored=08-07 15:47;bestStoredSlot=0;newWins=true
2026-08-07T16:13:00.000+01:00,DIAG-CLOSE;USDCAD;s=0;prev=21;c=22;firstObs=false;slotOn=true;inWindow=true;time_close=08-07 16:14
2026-08-07T16:13:00.000+01:00,DIAG-DEDUP;USDCAD;s=0;wOpened=08-07 15:57;nd=0;bestStored=none;bestStoredSlot=-1;newWins=true
2026-08-07T16:13:00.000+01:00,DIAG-CLOSE;USDCAD;s=1;prev=24;c=25;firstObs=false;slotOn=true;inWindow=true;time_close=08-07 16:14
2026-08-07T16:13:00.000+01:00,DIAG-DEDUP;USDCAD;s=1;wOpened=08-07 15:40;nd=1;bestStored=08-07 15:57;bestStoredSlot=0;newWins=true
2026-08-07T16:13:00.000+01:00,DIAG-CLOSE;USDCAD;s=2;prev=12;c=13;firstObs=false;slotOn=true;inWindow=true;time_close=08-07 16:14
2026-08-07T16:13:00.000+01:00,DIAG-DEDUP;USDCAD;s=2;wOpened=08-07 15:57;nd=1;bestStored=08-07 15:40;bestStoredSlot=1;newWins=false
2026-08-07T16:13:00.000+01:00,DIAG-CLOSE;USDCAD;s=3;prev=13;c=14;firstObs=false;slotOn=true;inWindow=true;time_close=08-07 16:14
2026-08-07T16:13:00.000+01:00,DIAG-DEDUP;USDCAD;s=3;wOpened=08-07 16:06;nd=1;bestStored=08-07 15:40;bestStoredSlot=1;newWins=false
2026-08-07T16:13:00.000+01:00,DIAG-CLOSE;USDCAD;s=4;prev=7;c=8;firstObs=false;slotOn=true;inWindow=true;time_close=08-07 16:14
2026-08-07T16:13:00.000+01:00,DIAG-DEDUP;USDCAD;s=4;wOpened=08-07 16:06;nd=1;bestStored=08-07 15:40;bestStoredSlot=1;newWins=false
2026-08-07T16:13:00.000+01:00,DIAG-CLOSE;USDCAD;s=5;prev=8;c=9;firstObs=false;slotOn=true;inWindow=true;time_close=08-07 16:14
2026-08-07T16:13:00.000+01:00,DIAG-DEDUP;USDCAD;s=5;wOpened=08-07 16:06;nd=1;bestStored=08-07 15:40;bestStoredSlot=1;newWins=false
2026-08-07T16:13:00.000+01:00,DIAG-CLOSE;USDCAD;s=6;prev=5;c=6;firstObs=false;slotOn=true;inWindow=true;time_close=08-07 16:14
2026-08-07T16:13:00.000+01:00,DIAG-DEDUP;USDCAD;s=6;wOpened=08-07 16:06;nd=1;bestStored=08-07 15:40;bestStoredSlot=1;newWins=false
2026-08-07T16:25:00.000+01:00,DIAG-CLOSE;EURGBP;s=0;prev=28;c=29;firstObs=false;slotOn=true;inWindow=true;time_close=08-07 16:26
2026-08-07T16:25:00.000+01:00,DIAG-DEDUP;EURGBP;s=0;wOpened=08-07 16:12;nd=0;bestStored=none;bestStoredSlot=-1;newWins=true
2026-08-07T16:25:00.000+01:00,DIAG-CLOSE;EURGBP;s=1;prev=27;c=28;firstObs=false;slotOn=true;inWindow=true;time_close=08-07 16:26
2026-08-07T16:25:00.000+01:00,DIAG-DEDUP;EURGBP;s=1;wOpened=08-07 16:12;nd=1;bestStored=08-07 16:12;bestStoredSlot=0;newWins=true
2026-08-07T16:31:00.000+01:00,DIAG-CLOSE;EURAUD;s=0;prev=24;c=25;firstObs=false;slotOn=true;inWindow=true;time_close=08-07 16:32
2026-08-07T16:31:00.000+01:00,DIAG-DEDUP;EURAUD;s=0;wOpened=08-07 16:30;nd=0;bestStored=none;bestStoredSlot=-1;newWins=true
2026-08-07T16:31:00.000+01:00,DIAG-CLOSE;EURAUD;s=1;prev=23;c=24;firstObs=false;slotOn=true;inWindow=true;time_close=08-07 16:32
2026-08-07T16:31:00.000+01:00,DIAG-DEDUP;EURAUD;s=1;wOpened=08-07 16:30;nd=1;bestStored=08-07 16:30;bestStoredSlot=0;newWins=true
2026-08-07T17:06:00.000+01:00,DIAG-CLOSE;AUDCAD;s=0;prev=23;c=24;firstObs=false;slotOn=true;inWindow=true;time_close=08-07 17:07
2026-08-07T17:06:00.000+01:00,DIAG-DEDUP;AUDCAD;s=0;wOpened=08-07 16:54;nd=0;bestStored=none;bestStoredSlot=-1;newWins=true
2026-08-07T17:06:00.000+01:00,DIAG-CLOSE;AUDCAD;s=1;prev=23;c=24;firstObs=false;slotOn=true;inWindow=true;time_close=08-07 17:07
2026-08-07T17:06:00.000+01:00,DIAG-DEDUP;AUDCAD;s=1;wOpened=08-07 16:54;nd=1;bestStored=08-07 16:54;bestStoredSlot=0;newWins=true
2026-08-07T17:06:00.000+01:00,DIAG-CLOSE;AUDCAD;s=2;prev=15;c=16;firstObs=false;slotOn=true;inWindow=true;time_close=08-07 17:07
2026-08-07T17:06:00.000+01:00,DIAG-DEDUP;AUDCAD;s=2;wOpened=08-07 16:55;nd=1;bestStored=08-07 16:54;bestStoredSlot=1;newWins=false
2026-08-07T17:06:00.000+01:00,DIAG-CLOSE;AUDCAD;s=3;prev=14;c=15;firstObs=false;slotOn=true;inWindow=true;time_close=08-07 17:07
2026-08-07T17:06:00.000+01:00,DIAG-DEDUP;AUDCAD;s=3;wOpened=08-07 16:55;nd=1;bestStored=08-07 16:54;bestStoredSlot=1;newWins=false
2026-08-07T17:06:00.000+01:00,DIAG-CLOSE;AUDCAD;s=5;prev=8;c=9;firstObs=false;slotOn=true;inWindow=true;time_close=08-07 17:07
2026-08-07T17:06:00.000+01:00,DIAG-DEDUP;AUDCAD;s=5;wOpened=08-07 16:43;nd=1;bestStored=08-07 16:54;bestStoredSlot=1;newWins=true
2026-08-07T17:06:00.000+01:00,DIAG-CLOSE;AUDCAD;s=6;prev=3;c=4;firstObs=false;slotOn=true;inWindow=true;time_close=08-07 17:07
2026-08-07T17:06:00.000+01:00,DIAG-DEDUP;AUDCAD;s=6;wOpened=08-07 16:43;nd=1;bestStored=08-07 16:43;bestStoredSlot=5;newWins=true
2026-08-07T17:13:00.000+01:00,DIAG-CLOSE;USDCAD;s=0;prev=22;c=23;firstObs=false;slotOn=true;inWindow=true;time_close=08-07 17:14
2026-08-07T17:13:00.000+01:00,DIAG-DEDUP;USDCAD;s=0;wOpened=08-07 16:32;nd=0;bestStored=none;bestStoredSlot=-1;newWins=true
2026-08-07T17:13:00.000+01:00,DIAG-CLOSE;USDCAD;s=1;prev=25;c=26;firstObs=false;slotOn=true;inWindow=true;time_close=08-07 17:14
2026-08-07T17:13:00.000+01:00,DIAG-DEDUP;USDCAD;s=1;wOpened=08-07 16:32;nd=1;bestStored=08-07 16:32;bestStoredSlot=0;newWins=true
2026-08-07T17:13:00.000+01:00,DIAG-CLOSE;USDCAD;s=2;prev=13;c=14;firstObs=false;slotOn=true;inWindow=true;time_close=08-07 17:14
2026-08-07T17:13:00.000+01:00,DIAG-DEDUP;USDCAD;s=2;wOpened=08-07 16:42;nd=1;bestStored=08-07 16:32;bestStoredSlot=1;newWins=false
2026-08-07T17:13:00.000+01:00,DIAG-CLOSE;USDCAD;s=3;prev=14;c=15;firstObs=false;slotOn=true;inWindow=true;time_close=08-07 17:14
2026-08-07T17:13:00.000+01:00,DIAG-DEDUP;USDCAD;s=3;wOpened=08-07 16:43;nd=1;bestStored=08-07 16:32;bestStoredSlot=1;newWins=false
2026-08-07T17:13:00.000+01:00,DIAG-CLOSE;USDCAD;s=4;prev=8;c=9;firstObs=false;slotOn=true;inWindow=true;time_close=08-07 17:14
2026-08-07T17:13:00.000+01:00,DIAG-DEDUP;USDCAD;s=4;wOpened=08-07 16:43;nd=1;bestStored=08-07 16:32;bestStoredSlot=1;newWins=false
2026-08-07T17:13:00.000+01:00,DIAG-CLOSE;USDCAD;s=5;prev=9;c=10;firstObs=false;slotOn=true;inWindow=true;time_close=08-07 17:14
2026-08-07T17:13:00.000+01:00,DIAG-DEDUP;USDCAD;s=5;wOpened=08-07 16:43;nd=1;bestStored=08-07 16:32;bestStoredSlot=1;newWins=false
2026-08-07T17:13:00.000+01:00,DIAG-CLOSE;USDCAD;s=6;prev=6;c=7;firstObs=false;slotOn=true;inWindow=true;time_close=08-07 17:14
2026-08-07T17:13:00.000+01:00,DIAG-DEDUP;USDCAD;s=6;wOpened=08-07 16:57;nd=1;bestStored=08-07 16:32;bestStoredSlot=1;newWins=false
2026-08-07T17:15:00.000+01:00,DIAG-CLOSE;GBPCHF;s=0;prev=20;c=21;firstObs=false;slotOn=true;inWindow=true;time_close=08-07 17:16
2026-08-07T17:15:00.000+01:00,DIAG-DEDUP;GBPCHF;s=0;wOpened=08-07 17:14;nd=0;bestStored=none;bestStoredSlot=-1;newWins=true
2026-08-07T17:15:00.000+01:00,DIAG-CLOSE;GBPCHF;s=1;prev=20;c=21;firstObs=false;slotOn=true;inWindow=true;time_close=08-07 17:16
2026-08-07T17:15:00.000+01:00,DIAG-DEDUP;GBPCHF;s=1;wOpened=08-07 17:14;nd=1;bestStored=08-07 17:14;bestStoredSlot=0;newWins=true
2026-08-07T17:21:00.000+01:00,DIAG-CLOSE;CADJPY;s=5;prev=3;c=4;firstObs=false;slotOn=true;inWindow=true;time_close=08-07 17:22
2026-08-07T17:21:00.000+01:00,DIAG-DEDUP;CADJPY;s=5;wOpened=08-07 17:08;nd=0;bestStored=none;bestStoredSlot=-1;newWins=true
2026-08-07T17:22:00.000+01:00,DIAG-CLOSE;EURCAD;s=1;prev=16;c=17;firstObs=false;slotOn=true;inWindow=true;time_close=08-07 17:23
2026-08-07T17:22:00.000+01:00,DIAG-DEDUP;EURCAD;s=1;wOpened=08-07 17:19;nd=0;bestStored=none;bestStoredSlot=-1;newWins=true
2026-08-07T17:30:00.000+01:00,DIAG-CLOSE;GBPCAD;s=0;prev=24;c=25;firstObs=false;slotOn=true;inWindow=true;time_close=08-07 17:31
2026-08-07T17:30:00.000+01:00,DIAG-DEDUP;GBPCAD;s=0;wOpened=08-07 17:26;nd=0;bestStored=none;bestStoredSlot=-1;newWins=true
2026-08-07T17:30:00.000+01:00,DIAG-CLOSE;GBPCAD;s=1;prev=25;c=26;firstObs=false;slotOn=true;inWindow=true;time_close=08-07 17:31
2026-08-07T17:30:00.000+01:00,DIAG-DEDUP;GBPCAD;s=1;wOpened=08-07 17:26;nd=1;bestStored=08-07 17:26;bestStoredSlot=0;newWins=true
2026-08-07T17:30:00.000+01:00,DIAG-CLOSE;GBPCAD;s=2;prev=12;c=13;firstObs=false;slotOn=true;inWindow=true;time_close=08-07 17:31
2026-08-07T17:30:00.000+01:00,DIAG-DEDUP;GBPCAD;s=2;wOpened=08-07 17:27;nd=1;bestStored=08-07 17:26;bestStoredSlot=1;newWins=false
2026-08-07T17:30:00.000+01:00,DIAG-CLOSE;GBPCAD;s=3;prev=10;c=11;firstObs=false;slotOn=true;inWindow=true;time_close=08-07 17:31
2026-08-07T17:30:00.000+01:00,DIAG-DEDUP;GBPCAD;s=3;wOpened=08-07 17:27;nd=1;bestStored=08-07 17:26;bestStoredSlot=1;newWins=false
2026-08-07T17:38:00.000+01:00,DIAG-CLOSE;EURGBP;s=0;prev=29;c=30;firstObs=false;slotOn=true;inWindow=true;time_close=08-07 17:39
2026-08-07T17:38:00.000+01:00,DIAG-DEDUP;EURGBP;s=0;wOpened=08-07 17:29;nd=0;bestStored=none;bestStoredSlot=-1;newWins=true
2026-08-07T17:38:00.000+01:00,DIAG-CLOSE;EURGBP;s=1;prev=28;c=29;firstObs=false;slotOn=true;inWindow=true;time_close=08-07 17:39
2026-08-07T17:38:00.000+01:00,DIAG-DEDUP;EURGBP;s=1;wOpened=08-07 17:29;nd=1;bestStored=08-07 17:29;bestStoredSlot=0;newWins=true
2026-08-07T17:38:00.000+01:00,DIAG-CLOSE;GBPAUD;s=0;prev=18;c=19;firstObs=false;slotOn=true;inWindow=true;time_close=08-07 17:39
2026-08-07T17:38:00.000+01:00,DIAG-DEDUP;GBPAUD;s=0;wOpened=08-07 17:32;nd=0;bestStored=none;bestStoredSlot=-1;newWins=true
2026-08-07T17:38:00.000+01:00,DIAG-CLOSE;GBPAUD;s=1;prev=19;c=20;firstObs=false;slotOn=true;inWindow=true;time_close=08-07 17:39
2026-08-07T17:38:00.000+01:00,DIAG-DEDUP;GBPAUD;s=1;wOpened=08-07 17:32;nd=1;bestStored=08-07 17:32;bestStoredSlot=0;newWins=true
2026-08-07T17:48:00.000+01:00,DIAG-CLOSE;EURCAD;s=0;prev=15;c=16;firstObs=false;slotOn=true;inWindow=true;time_close=08-07 17:49
2026-08-07T17:48:00.000+01:00,DIAG-DEDUP;EURCAD;s=0;wOpened=08-07 17:19;nd=1;bestStored=08-07 17:19;bestStoredSlot=1;newWins=false
2026-08-07T17:48:00.000+01:00,DIAG-CLOSE;EURCAD;s=3;prev=4;c=5;firstObs=false;slotOn=true;inWindow=true;time_close=08-07 17:49
2026-08-07T17:48:00.000+01:00,DIAG-DEDUP;EURCAD;s=3;wOpened=08-07 17:26;nd=0;bestStored=none;bestStoredSlot=-1;newWins=true
2026-08-07T17:48:00.000+01:00,DIAG-CLOSE;EURCAD;s=7;prev=3;c=4;firstObs=false;slotOn=true;inWindow=true;time_close=08-07 17:49
2026-08-07T17:48:00.000+01:00,DIAG-DEDUP;EURCAD;s=7;wOpened=08-07 17:47;nd=1;bestStored=08-07 17:26;bestStoredSlot=3;newWins=false
2026-08-07T18:47:00.000+01:00,DIAG-CLOSE;AUDCHF;s=1;prev=26;c=27;firstObs=false;slotOn=true;inWindow=true;time_close=08-07 18:48
2026-08-07T18:47:00.000+01:00,DIAG-DEDUP;AUDCHF;s=1;wOpened=08-07 18:37;nd=0;bestStored=none;bestStoredSlot=-1;newWins=true
2026-08-07T18:50:00.000+01:00,DIAG-CLOSE;EURAUD;s=0;prev=25;c=26;firstObs=false;slotOn=true;inWindow=true;time_close=08-07 18:51
2026-08-07T18:50:00.000+01:00,DIAG-DEDUP;EURAUD;s=0;wOpened=08-07 18:47;nd=0;bestStored=none;bestStoredSlot=-1;newWins=true
2026-08-07T18:50:00.000+01:00,DIAG-CLOSE;EURAUD;s=1;prev=24;c=25;firstObs=false;slotOn=true;inWindow=true;time_close=08-07 18:51
2026-08-07T18:50:00.000+01:00,DIAG-DEDUP;EURAUD;s=1;wOpened=08-07 18:47;nd=1;bestStored=08-07 18:47;bestStoredSlot=0;newWins=true
2026-08-07T18:50:00.000+01:00,DIAG-CLOSE;EURAUD;s=2;prev=13;c=14;firstObs=false;slotOn=true;inWindow=true;time_close=08-07 18:51
2026-08-07T18:50:00.000+01:00,DIAG-DEDUP;EURAUD;s=2;wOpened=08-07 18:49;nd=1;bestStored=08-07 18:47;bestStoredSlot=1;newWins=false
2026-08-07T18:50:00.000+01:00,DIAG-CLOSE;EURAUD;s=3;prev=11;c=12;firstObs=false;slotOn=true;inWindow=true;time_close=08-07 18:51
2026-08-07T18:50:00.000+01:00,DIAG-DEDUP;EURAUD;s=3;wOpened=08-07 18:49;nd=1;bestStored=08-07 18:47;bestStoredSlot=1;newWins=false
2026-08-07T19:02:00.000+01:00,DIAG-CLOSE;USDCAD;s=0;prev=23;c=24;firstObs=false;slotOn=true;inWindow=true;time_close=08-07 19:03
2026-08-07T19:02:00.000+01:00,DIAG-DEDUP;USDCAD;s=0;wOpened=08-07 18:37;nd=0;bestStored=none;bestStoredSlot=-1;newWins=true
2026-08-07T19:02:00.000+01:00,DIAG-CLOSE;USDCAD;s=1;prev=26;c=27;firstObs=false;slotOn=true;inWindow=true;time_close=08-07 19:03
2026-08-07T19:02:00.000+01:00,DIAG-DEDUP;USDCAD;s=1;wOpened=08-07 18:37;nd=1;bestStored=08-07 18:37;bestStoredSlot=0;newWins=true
2026-08-07T19:02:00.000+01:00,DIAG-CLOSE;USDCAD;s=7;prev=4;c=5;firstObs=false;slotOn=true;inWindow=true;time_close=08-07 19:03
2026-08-07T19:02:00.000+01:00,DIAG-DEDUP;USDCAD;s=7;wOpened=08-07 17:25;nd=1;bestStored=08-07 18:37;bestStoredSlot=1;newWins=true
2026-08-07T19:20:00.000+01:00,DIAG-CLOSE;USDJPY;s=0;prev=26;c=27;firstObs=false;slotOn=true;inWindow=true;time_close=08-07 19:21
2026-08-07T19:20:00.000+01:00,DIAG-DEDUP;USDJPY;s=0;wOpened=08-07 19:15;nd=0;bestStored=none;bestStoredSlot=-1;newWins=true
2026-08-07T19:20:00.000+01:00,DIAG-CLOSE;USDJPY;s=1;prev=26;c=27;firstObs=false;slotOn=true;inWindow=true;time_close=08-07 19:21
2026-08-07T19:20:00.000+01:00,DIAG-DEDUP;USDJPY;s=1;wOpened=08-07 19:15;nd=1;bestStored=08-07 19:15;bestStoredSlot=0;newWins=true
2026-08-07T19:20:00.000+01:00,DIAG-CLOSE;USDJPY;s=2;prev=14;c=15;firstObs=false;slotOn=true;inWindow=true;time_close=08-07 19:21
2026-08-07T19:20:00.000+01:00,DIAG-DEDUP;USDJPY;s=2;wOpened=08-07 19:16;nd=1;bestStored=08-07 19:15;bestStoredSlot=1;newWins=false
2026-08-07T19:20:00.000+01:00,DIAG-CLOSE;USDJPY;s=3;prev=14;c=15;firstObs=false;slotOn=true;inWindow=true;time_close=08-07 19:21
2026-08-07T19:20:00.000+01:00,DIAG-DEDUP;USDJPY;s=3;wOpened=08-07 19:16;nd=1;bestStored=08-07 19:15;bestStoredSlot=1;newWins=false
2026-08-07T19:20:00.000+01:00,DIAG-CLOSE;USDJPY;s=4;prev=6;c=7;firstObs=false;slotOn=true;inWindow=true;time_close=08-07 19:21
2026-08-07T19:20:00.000+01:00,DIAG-DEDUP;USDJPY;s=4;wOpened=08-07 19:19;nd=1;bestStored=08-07 19:15;bestStoredSlot=1;newWins=false
2026-08-07T19:20:00.000+01:00,DIAG-CLOSE;USDJPY;s=5;prev=9;c=10;firstObs=false;slotOn=true;inWindow=true;time_close=08-07 19:21
2026-08-07T19:20:00.000+01:00,DIAG-DEDUP;USDJPY;s=5;wOpened=08-07 19:19;nd=1;bestStored=08-07 19:15;bestStoredSlot=1;newWins=false
2026-08-07T19:30:00.000+01:00,DIAG-CLOSE;EURAUD;s=5;prev=7;c=8;firstObs=false;slotOn=true;inWindow=true;time_close=08-07 19:31
2026-08-07T19:30:00.000+01:00,DIAG-DEDUP;EURAUD;s=5;wOpened=08-07 19:18;nd=0;bestStored=none;bestStoredSlot=-1;newWins=true
2026-08-07T19:40:00.000+01:00,DIAG-CLOSE;AUDUSD;s=0;prev=15;c=16;firstObs=false;slotOn=true;inWindow=true;time_close=08-07 19:41
2026-08-07T19:40:00.000+01:00,DIAG-DEDUP;AUDUSD;s=0;wOpened=08-07 19:05;nd=0;bestStored=none;bestStoredSlot=-1;newWins=true
2026-08-07T19:40:00.000+01:00,DIAG-CLOSE;AUDUSD;s=1;prev=16;c=17;firstObs=false;slotOn=true;inWindow=true;time_close=08-07 19:41
2026-08-07T19:40:00.000+01:00,DIAG-DEDUP;AUDUSD;s=1;wOpened=08-07 19:05;nd=1;bestStored=08-07 19:05;bestStoredSlot=0;newWins=true
2026-08-07T19:40:00.000+01:00,DIAG-CLOSE;AUDUSD;s=2;prev=10;c=11;firstObs=false;slotOn=true;inWindow=true;time_close=08-07 19:41
2026-08-07T19:40:00.000+01:00,DIAG-DEDUP;AUDUSD;s=2;wOpened=08-07 19:39;nd=1;bestStored=08-07 19:05;bestStoredSlot=1;newWins=false
2026-08-07T19:40:00.000+01:00,DIAG-CLOSE;AUDUSD;s=3;prev=9;c=10;firstObs=false;slotOn=true;inWindow=true;time_close=08-07 19:41
2026-08-07T19:40:00.000+01:00,DIAG-DEDUP;AUDUSD;s=3;wOpened=08-07 19:39;nd=1;bestStored=08-07 19:05;bestStoredSlot=1;newWins=false
2026-08-07T19:40:00.000+01:00,DIAG-CLOSE;AUDUSD;s=5;prev=7;c=8;firstObs=false;slotOn=true;inWindow=true;time_close=08-07 19:41
2026-08-07T19:40:00.000+01:00,DIAG-DEDUP;AUDUSD;s=5;wOpened=08-07 19:39;nd=1;bestStored=08-07 19:05;bestStoredSlot=1;newWins=false
2026-08-07T19:40:00.000+01:00,DIAG-CLOSE;AUDUSD;s=7;prev=2;c=3;firstObs=false;slotOn=true;inWindow=true;time_close=08-07 19:41
2026-08-07T19:40:00.000+01:00,DIAG-DEDUP;AUDUSD;s=7;wOpened=08-07 19:37;nd=1;bestStored=08-07 19:05;bestStoredSlot=1;newWins=false
2026-08-07T19:42:00.000+01:00,DIAG-CLOSE;EURCAD;s=0;prev=16;c=17;firstObs=false;slotOn=true;inWindow=true;time_close=08-07 19:43
2026-08-07T19:42:00.000+01:00,DIAG-DEDUP;EURCAD;s=0;wOpened=08-07 18:58;nd=0;bestStored=none;bestStoredSlot=-1;newWins=true
2026-08-07T19:42:00.000+01:00,DIAG-CLOSE;EURCAD;s=1;prev=17;c=18;firstObs=false;slotOn=true;inWindow=true;time_close=08-07 19:43
2026-08-07T19:42:00.000+01:00,DIAG-DEDUP;EURCAD;s=1;wOpened=08-07 18:58;nd=1;bestStored=08-07 18:58;bestStoredSlot=0;newWins=true
2026-08-07T19:42:00.000+01:00,DIAG-CLOSE;EURCAD;s=2;prev=7;c=8;firstObs=false;slotOn=true;inWindow=true;time_close=08-07 19:43
2026-08-07T19:42:00.000+01:00,DIAG-DEDUP;EURCAD;s=2;wOpened=08-07 19:12;nd=1;bestStored=08-07 18:58;bestStoredSlot=1;newWins=false
2026-08-07T19:42:00.000+01:00,DIAG-CLOSE;EURCAD;s=3;prev=5;c=6;firstObs=false;slotOn=true;inWindow=true;time_close=08-07 19:43
2026-08-07T19:42:00.000+01:00,DIAG-DEDUP;EURCAD;s=3;wOpened=08-07 19:12;nd=1;bestStored=08-07 18:58;bestStoredSlot=1;newWins=false
2026-08-07T19:42:00.000+01:00,DIAG-CLOSE;EURCAD;s=4;prev=2;c=3;firstObs=false;slotOn=true;inWindow=true;time_close=08-07 19:43
2026-08-07T19:42:00.000+01:00,DIAG-DEDUP;EURCAD;s=4;wOpened=08-07 19:13;nd=1;bestStored=08-07 18:58;bestStoredSlot=1;newWins=false
2026-08-07T19:42:00.000+01:00,DIAG-CLOSE;GBPCAD;s=0;prev=25;c=26;firstObs=false;slotOn=true;inWindow=true;time_close=08-07 19:43
2026-08-07T19:42:00.000+01:00,DIAG-DEDUP;GBPCAD;s=0;wOpened=08-07 19:05;nd=0;bestStored=none;bestStoredSlot=-1;newWins=true
2026-08-07T19:42:00.000+01:00,DIAG-CLOSE;GBPCAD;s=1;prev=26;c=27;firstObs=false;slotOn=true;inWindow=true;time_close=08-07 19:43
2026-08-07T19:42:00.000+01:00,DIAG-DEDUP;GBPCAD;s=1;wOpened=08-07 19:05;nd=1;bestStored=08-07 19:05;bestStoredSlot=0;newWins=true
2026-08-07T19:45:00.000+01:00,DIAG-CLOSE;AUDUSD;s=6;prev=3;c=4;firstObs=false;slotOn=true;inWindow=true;time_close=08-07 19:46
2026-08-07T19:45:00.000+01:00,DIAG-DEDUP;AUDUSD;s=6;wOpened=08-07 19:44;nd=0;bestStored=none;bestStoredSlot=-1;newWins=true
2026-08-07T19:50:00.000+01:00,DIAG-CLOSE;CADJPY;s=0;prev=24;c=25;firstObs=false;slotOn=true;inWindow=true;time_close=08-07 19:51
2026-08-07T19:50:00.000+01:00,DIAG-DEDUP;CADJPY;s=0;wOpened=08-07 19:16;nd=0;bestStored=none;bestStoredSlot=-1;newWins=true
2026-08-07T19:50:00.000+01:00,DIAG-CLOSE;CADJPY;s=1;prev=22;c=23;firstObs=false;slotOn=true;inWindow=true;time_close=08-07 19:51
2026-08-07T19:50:00.000+01:00,DIAG-DEDUP;CADJPY;s=1;wOpened=08-07 19:16;nd=1;bestStored=08-07 19:16;bestStoredSlot=0;newWins=true
2026-08-07T19:50:00.000+01:00,DIAG-CLOSE;CADJPY;s=2;prev=10;c=11;firstObs=false;slotOn=true;inWindow=true;time_close=08-07 19:51
2026-08-07T19:50:00.000+01:00,DIAG-DEDUP;CADJPY;s=2;wOpened=08-07 19:20;nd=1;bestStored=08-07 19:16;bestStoredSlot=1;newWins=false
2026-08-07T19:50:00.000+01:00,DIAG-CLOSE;CADJPY;s=3;prev=9;c=10;firstObs=false;slotOn=true;inWindow=true;time_close=08-07 19:51
2026-08-07T19:50:00.000+01:00,DIAG-DEDUP;CADJPY;s=3;wOpened=08-07 19:20;nd=1;bestStored=08-07 19:16;bestStoredSlot=1;newWins=false
2026-08-07T20:02:00.000+01:00,DIAG-CLOSE;EURGBP;s=0;prev=30;c=31;firstObs=false;slotOn=true;inWindow=true;time_close=08-07 20:03
2026-08-07T20:02:00.000+01:00,DIAG-DEDUP;EURGBP;s=0;wOpened=08-07 19:48;nd=0;bestStored=none;bestStoredSlot=-1;newWins=true
2026-08-07T20:02:00.000+01:00,DIAG-CLOSE;EURGBP;s=1;prev=29;c=30;firstObs=false;slotOn=true;inWindow=true;time_close=08-07 20:03
2026-08-07T20:02:00.000+01:00,DIAG-DEDUP;EURGBP;s=1;wOpened=08-07 19:48;nd=1;bestStored=08-07 19:48;bestStoredSlot=0;newWins=true
2026-08-07T20:02:00.000+01:00,DIAG-CLOSE;EURGBP;s=2;prev=14;c=15;firstObs=false;slotOn=true;inWindow=true;time_close=08-07 20:03
2026-08-07T20:02:00.000+01:00,DIAG-DEDUP;EURGBP;s=2;wOpened=08-07 19:48;nd=1;bestStored=08-07 19:48;bestStoredSlot=1;newWins=true
2026-08-07T20:05:00.000+01:00,DIAG-CLOSE;GBPAUD;s=0;prev=19;c=20;firstObs=false;slotOn=true;inWindow=true;time_close=08-07 20:06
2026-08-07T20:05:00.000+01:00,DIAG-DEDUP;GBPAUD;s=0;wOpened=08-07 19:17;nd=0;bestStored=none;bestStoredSlot=-1;newWins=true
2026-08-07T20:05:00.000+01:00,DIAG-CLOSE;GBPAUD;s=1;prev=20;c=21;firstObs=false;slotOn=true;inWindow=true;time_close=08-07 20:06
2026-08-07T20:05:00.000+01:00,DIAG-DEDUP;GBPAUD;s=1;wOpened=08-07 19:17;nd=1;bestStored=08-07 19:17;bestStoredSlot=0;newWins=true
2026-08-07T20:05:00.000+01:00,DIAG-CLOSE;GBPAUD;s=2;prev=12;c=13;firstObs=false;slotOn=true;inWindow=true;time_close=08-07 20:06
2026-08-07T20:05:00.000+01:00,DIAG-DEDUP;GBPAUD;s=2;wOpened=08-07 19:45;nd=1;bestStored=08-07 19:17;bestStoredSlot=1;newWins=false
2026-08-07T20:05:00.000+01:00,DIAG-CLOSE;GBPAUD;s=3;prev=12;c=13;firstObs=false;slotOn=true;inWindow=true;time_close=08-07 20:06
2026-08-07T20:05:00.000+01:00,DIAG-DEDUP;GBPAUD;s=3;wOpened=08-07 19:45;nd=1;bestStored=08-07 19:17;bestStoredSlot=1;newWins=false
2026-08-07T20:05:00.000+01:00,DIAG-CLOSE;GBPAUD;s=5;prev=10;c=11;firstObs=false;slotOn=true;inWindow=true;time_close=08-07 20:06
2026-08-07T20:05:00.000+01:00,DIAG-DEDUP;GBPAUD;s=5;wOpened=08-07 19:45;nd=1;bestStored=08-07 19:17;bestStoredSlot=1;newWins=false
2026-08-07T20:35:00.000+01:00,DIAG-CLOSE;AUDJPY;s=0;prev=21;c=22;firstObs=false;slotOn=true;inWindow=true;time_close=08-07 20:36
2026-08-07T20:35:00.000+01:00,DIAG-DEDUP;AUDJPY;s=0;wOpened=08-07 20:34;nd=0;bestStored=none;bestStoredSlot=-1;newWins=true
2026-08-07T20:35:00.000+01:00,DIAG-CLOSE;AUDJPY;s=1;prev=24;c=25;firstObs=false;slotOn=true;inWindow=true;time_close=08-07 20:36
2026-08-07T20:35:00.000+01:00,DIAG-DEDUP;AUDJPY;s=1;wOpened=08-07 20:34;nd=1;bestStored=08-07 20:34;bestStoredSlot=0;newWins=true
2026-08-07T20:59:00.000+01:00,DIAG-CLOSE;GBPCAD;s=0;prev=26;c=27;firstObs=false;slotOn=true;inWindow=true;time_close=08-07 21:00
2026-08-07T20:59:00.000+01:00,DIAG-DEDUP;GBPCAD;s=0;wOpened=08-07 20:39;nd=0;bestStored=none;bestStoredSlot=-1;newWins=true
2026-08-07T20:59:00.000+01:00,DIAG-CLOSE;GBPCAD;s=1;prev=27;c=28;firstObs=false;slotOn=true;inWindow=true;time_close=08-07 21:00
2026-08-07T20:59:00.000+01:00,DIAG-DEDUP;GBPCAD;s=1;wOpened=08-07 20:39;nd=1;bestStored=08-07 20:39;bestStoredSlot=0;newWins=true
2026-08-07T21:02:00.000+01:00,DIAG-CLOSE;USDJPY;s=0;prev=27;c=28;firstObs=false;slotOn=true;inWindow=true;time_close=08-07 21:03
2026-08-07T21:02:00.000+01:00,DIAG-DEDUP;USDJPY;s=0;wOpened=08-07 20:35;nd=0;bestStored=none;bestStoredSlot=-1;newWins=true
2026-08-07T21:02:00.000+01:00,DIAG-CLOSE;USDJPY;s=1;prev=27;c=28;firstObs=false;slotOn=true;inWindow=true;time_close=08-07 21:03
2026-08-07T21:02:00.000+01:00,DIAG-DEDUP;USDJPY;s=1;wOpened=08-07 20:35;nd=1;bestStored=08-07 20:35;bestStoredSlot=0;newWins=true
2026-08-07T21:02:00.000+01:00,DIAG-CLOSE;USDJPY;s=2;prev=15;c=16;firstObs=false;slotOn=true;inWindow=true;time_close=08-07 21:03
2026-08-07T21:02:00.000+01:00,DIAG-DEDUP;USDJPY;s=2;wOpened=08-07 21:01;nd=1;bestStored=08-07 20:35;bestStoredSlot=1;newWins=false
2026-08-07T21:02:00.000+01:00,DIAG-CLOSE;USDJPY;s=3;prev=15;c=16;firstObs=false;slotOn=true;inWindow=true;time_close=08-07 21:03
2026-08-07T21:02:00.000+01:00,DIAG-DEDUP;USDJPY;s=3;wOpened=08-07 21:01;nd=1;bestStored=08-07 20:35;bestStoredSlot=1;newWins=false
2026-08-07T21:05:00.000+01:00,DIAG-CLOSE;EURGBP;s=5;prev=12;c=13;firstObs=false;slotOn=true;inWindow=true;time_close=08-07 21:06
2026-08-07T21:05:00.000+01:00,DIAG-DEDUP;EURGBP;s=5;wOpened=08-07 21:02;nd=0;bestStored=none;bestStoredSlot=-1;newWins=true
2026-08-07T21:30:00.000+01:00,DIAG-CLOSE;GBPUSD;s=0;prev=23;c=24;firstObs=false;slotOn=true;inWindow=true;time_close=08-07 21:31
2026-08-07T21:30:00.000+01:00,DIAG-DEDUP;GBPUSD;s=0;wOpened=08-07 21:25;nd=0;bestStored=none;bestStoredSlot=-1;newWins=true
2026-08-07T21:30:00.000+01:00,DIAG-CLOSE;GBPUSD;s=1;prev=21;c=22;firstObs=false;slotOn=true;inWindow=true;time_close=08-07 21:31
2026-08-07T21:30:00.000+01:00,DIAG-DEDUP;GBPUSD;s=1;wOpened=08-07 21:25;nd=1;bestStored=08-07 21:25;bestStoredSlot=0;newWins=true
2026-08-07T21:33:00.000+01:00,DIAG-CLOSE;GBPAUD;s=0;prev=20;c=21;firstObs=false;slotOn=true;inWindow=true;time_close=08-07 21:34
2026-08-07T21:33:00.000+01:00,DIAG-DEDUP;GBPAUD;s=0;wOpened=08-07 21:11;nd=0;bestStored=none;bestStoredSlot=-1;newWins=true
2026-08-07T21:33:00.000+01:00,DIAG-CLOSE;GBPAUD;s=1;prev=21;c=22;firstObs=false;slotOn=true;inWindow=true;time_close=08-07 21:34
2026-08-07T21:33:00.000+01:00,DIAG-DEDUP;GBPAUD;s=1;wOpened=08-07 21:11;nd=1;bestStored=08-07 21:11;bestStoredSlot=0;newWins=true
2026-08-09T23:04:00.000+01:00,DIAG-CLOSE;EURAUD;s=0;prev=26;c=27;firstObs=false;slotOn=true;inWindow=true;time_close=08-09 23:05
2026-08-09T23:04:00.000+01:00,DIAG-DEDUP;EURAUD;s=0;wOpened=08-09 22:24;nd=0;bestStored=none;bestStoredSlot=-1;newWins=true
2026-08-09T23:04:00.000+01:00,DIAG-CLOSE;EURAUD;s=1;prev=25;c=26;firstObs=false;slotOn=true;inWindow=true;time_close=08-09 23:05
2026-08-09T23:04:00.000+01:00,DIAG-DEDUP;EURAUD;s=1;wOpened=08-09 22:24;nd=1;bestStored=08-09 22:24;bestStoredSlot=0;newWins=true
2026-08-09T23:04:00.000+01:00,DIAG-CLOSE;EURAUD;s=2;prev=14;c=15;firstObs=false;slotOn=true;inWindow=true;time_close=08-09 23:05
2026-08-09T23:04:00.000+01:00,DIAG-DEDUP;EURAUD;s=2;wOpened=08-09 22:41;nd=1;bestStored=08-09 22:24;bestStoredSlot=1;newWins=false
2026-08-09T23:04:00.000+01:00,DIAG-CLOSE;EURAUD;s=3;prev=12;c=13;firstObs=false;slotOn=true;inWindow=true;time_close=08-09 23:05
2026-08-09T23:04:00.000+01:00,DIAG-DEDUP;EURAUD;s=3;wOpened=08-09 22:41;nd=1;bestStored=08-09 22:24;bestStoredSlot=1;newWins=false
2026-08-09T23:04:00.000+01:00,DIAG-CLOSE;EURAUD;s=4;prev=8;c=9;firstObs=false;slotOn=true;inWindow=true;time_close=08-09 23:05
2026-08-09T23:04:00.000+01:00,DIAG-DEDUP;EURAUD;s=4;wOpened=08-09 22:55;nd=1;bestStored=08-09 22:24;bestStoredSlot=1;newWins=false
2026-08-09T23:05:00.000+01:00,DIAG-CLOSE;USDJPY;s=0;prev=28;c=29;firstObs=false;slotOn=true;inWindow=true;time_close=08-09 23:06
2026-08-09T23:05:00.000+01:00,DIAG-DEDUP;USDJPY;s=0;wOpened=08-09 22:25;nd=0;bestStored=none;bestStoredSlot=-1;newWins=true
2026-08-09T23:05:00.000+01:00,DIAG-CLOSE;USDJPY;s=1;prev=28;c=29;firstObs=false;slotOn=true;inWindow=true;time_close=08-09 23:06
2026-08-09T23:05:00.000+01:00,DIAG-DEDUP;USDJPY;s=1;wOpened=08-09 22:25;nd=1;bestStored=08-09 22:25;bestStoredSlot=0;newWins=true
2026-08-09T23:05:00.000+01:00,DIAG-CLOSE;CADJPY;s=0;prev=25;c=26;firstObs=false;slotOn=true;inWindow=true;time_close=08-09 23:06
2026-08-09T23:05:00.000+01:00,DIAG-DEDUP;CADJPY;s=0;wOpened=08-09 22:44;nd=0;bestStored=none;bestStoredSlot=-1;newWins=true
2026-08-09T23:05:00.000+01:00,DIAG-CLOSE;CADJPY;s=1;prev=23;c=24;firstObs=false;slotOn=true;inWindow=true;time_close=08-09 23:06
2026-08-09T23:05:00.000+01:00,DIAG-DEDUP;CADJPY;s=1;wOpened=08-09 22:44;nd=1;bestStored=08-09 22:44;bestStoredSlot=0;newWins=true
2026-08-09T23:05:00.000+01:00,DIAG-CLOSE;CADJPY;s=2;prev=11;c=12;firstObs=false;slotOn=true;inWindow=true;time_close=08-09 23:06
2026-08-09T23:05:00.000+01:00,DIAG-DEDUP;CADJPY;s=2;wOpened=08-09 22:44;nd=1;bestStored=08-09 22:44;bestStoredSlot=1;newWins=true
2026-08-09T23:05:00.000+01:00,DIAG-CLOSE;CADJPY;s=3;prev=10;c=11;firstObs=false;slotOn=true;inWindow=true;time_close=08-09 23:06
2026-08-09T23:05:00.000+01:00,DIAG-DEDUP;CADJPY;s=3;wOpened=08-09 22:45;nd=1;bestStored=08-09 22:44;bestStoredSlot=2;newWins=false
2026-08-09T23:05:00.000+01:00,DIAG-CLOSE;CADJPY;s=4;prev=4;c=5;firstObs=false;slotOn=true;inWindow=true;time_close=08-09 23:06
2026-08-09T23:05:00.000+01:00,DIAG-DEDUP;CADJPY;s=4;wOpened=08-09 22:45;nd=1;bestStored=08-09 22:44;bestStoredSlot=2;newWins=false
2026-08-09T23:06:00.000+01:00,DIAG-CLOSE;GBPJPY;s=0;prev=28;c=29;firstObs=false;slotOn=true;inWindow=true;time_close=08-09 23:07
2026-08-09T23:06:00.000+01:00,DIAG-DEDUP;GBPJPY;s=0;wOpened=08-09 22:11;nd=0;bestStored=none;bestStoredSlot=-1;newWins=true
2026-08-09T23:06:00.000+01:00,DIAG-CLOSE;GBPJPY;s=1;prev=29;c=30;firstObs=false;slotOn=true;inWindow=true;time_close=08-09 23:07
2026-08-09T23:06:00.000+01:00,DIAG-DEDUP;GBPJPY;s=1;wOpened=08-09 22:11;nd=1;bestStored=08-09 22:11;bestStoredSlot=0;newWins=true
2026-08-09T23:06:00.000+01:00,DIAG-CLOSE;GBPJPY;s=2;prev=15;c=16;firstObs=false;slotOn=true;inWindow=true;time_close=08-09 23:07
2026-08-09T23:06:00.000+01:00,DIAG-DEDUP;GBPJPY;s=2;wOpened=08-09 22:19;nd=1;bestStored=08-09 22:11;bestStoredSlot=1;newWins=false
2026-08-09T23:06:00.000+01:00,DIAG-CLOSE;GBPJPY;s=3;prev=15;c=16;firstObs=false;slotOn=true;inWindow=true;time_close=08-09 23:07
2026-08-09T23:06:00.000+01:00,DIAG-DEDUP;GBPJPY;s=3;wOpened=08-09 22:19;nd=1;bestStored=08-09 22:11;bestStoredSlot=1;newWins=false
2026-08-09T23:06:00.000+01:00,DIAG-CLOSE;GBPJPY;s=4;prev=10;c=11;firstObs=false;slotOn=true;inWindow=true;time_close=08-09 23:07
2026-08-09T23:06:00.000+01:00,DIAG-DEDUP;GBPJPY;s=4;wOpened=08-09 22:20;nd=1;bestStored=08-09 22:11;bestStoredSlot=1;newWins=false
2026-08-09T23:06:00.000+01:00,DIAG-CLOSE;GBPJPY;s=5;prev=8;c=9;firstObs=false;slotOn=true;inWindow=true;time_close=08-09 23:07
2026-08-09T23:06:00.000+01:00,DIAG-DEDUP;GBPJPY;s=5;wOpened=08-09 23:05;nd=1;bestStored=08-09 22:11;bestStoredSlot=1;newWins=false
2026-08-09T23:06:00.000+01:00,DIAG-CLOSE;GBPJPY;s=7;prev=5;c=6;firstObs=false;slotOn=true;inWindow=true;time_close=08-09 23:07
2026-08-09T23:06:00.000+01:00,DIAG-DEDUP;GBPJPY;s=7;wOpened=08-09 23:05;nd=1;bestStored=08-09 22:11;bestStoredSlot=1;newWins=false
2026-08-09T23:09:00.000+01:00,DIAG-CLOSE;EURCHF;s=0;prev=26;c=27;firstObs=false;slotOn=true;inWindow=true;time_close=08-09 23:10
2026-08-09T23:09:00.000+01:00,DIAG-DEDUP;EURCHF;s=0;wOpened=08-09 22:46;nd=0;bestStored=none;bestStoredSlot=-1;newWins=true
2026-08-09T23:09:00.000+01:00,DIAG-CLOSE;EURCHF;s=1;prev=26;c=27;firstObs=false;slotOn=true;inWindow=true;time_close=08-09 23:10
2026-08-09T23:09:00.000+01:00,DIAG-DEDUP;EURCHF;s=1;wOpened=08-09 22:46;nd=1;bestStored=08-09 22:46;bestStoredSlot=0;newWins=true
2026-08-09T23:09:00.000+01:00,DIAG-CLOSE;EURCHF;s=5;prev=5;c=6;firstObs=false;slotOn=true;inWindow=true;time_close=08-09 23:10
2026-08-09T23:09:00.000+01:00,DIAG-DEDUP;EURCHF;s=5;wOpened=08-09 22:46;nd=1;bestStored=08-09 22:46;bestStoredSlot=1;newWins=true
2026-08-09T23:25:00.000+01:00,DIAG-CLOSE;AUDUSD;s=0;prev=16;c=17;firstObs=false;slotOn=true;inWindow=true;time_close=08-09 23:26
2026-08-09T23:25:00.000+01:00,DIAG-DEDUP;AUDUSD;s=0;wOpened=08-09 23:19;nd=0;bestStored=none;bestStoredSlot=-1;newWins=true
2026-08-09T23:25:00.000+01:00,DIAG-CLOSE;AUDUSD;s=3;prev=10;c=11;firstObs=false;slotOn=true;inWindow=true;time_close=08-09 23:26
2026-08-09T23:25:00.000+01:00,DIAG-DEDUP;AUDUSD;s=3;wOpened=08-09 23:20;nd=1;bestStored=08-09 23:19;bestStoredSlot=0;newWins=false
2026-08-09T23:36:00.000+01:00,DIAG-CLOSE;CADCHF;s=1;prev=23;c=24;firstObs=false;slotOn=true;inWindow=true;time_close=08-09 23:37
2026-08-09T23:36:00.000+01:00,DIAG-DEDUP;CADCHF;s=1;wOpened=08-09 23:35;nd=0;bestStored=none;bestStoredSlot=-1;newWins=true
2026-08-09T23:46:00.000+01:00,DIAG-CLOSE;AUDUSD;s=1;prev=17;c=18;firstObs=false;slotOn=true;inWindow=true;time_close=08-09 23:47
2026-08-09T23:46:00.000+01:00,DIAG-DEDUP;AUDUSD;s=1;wOpened=08-09 23:19;nd=1;bestStored=08-09 23:19;bestStoredSlot=0;newWins=true
2026-08-09T23:48:00.000+01:00,DIAG-CLOSE;GBPAUD;s=0;prev=21;c=22;firstObs=false;slotOn=true;inWindow=true;time_close=08-09 23:49
2026-08-09T23:48:00.000+01:00,DIAG-DEDUP;GBPAUD;s=0;wOpened=08-09 23:31;nd=0;bestStored=none;bestStoredSlot=-1;newWins=true
2026-08-09T23:48:00.000+01:00,DIAG-CLOSE;GBPAUD;s=1;prev=22;c=23;firstObs=false;slotOn=true;inWindow=true;time_close=08-09 23:49
2026-08-09T23:48:00.000+01:00,DIAG-DEDUP;GBPAUD;s=1;wOpened=08-09 23:31;nd=1;bestStored=08-09 23:31;bestStoredSlot=0;newWins=true
2026-08-09T23:48:00.000+01:00,DIAG-CLOSE;GBPCAD;s=5;prev=6;c=7;firstObs=false;slotOn=true;inWindow=true;time_close=08-09 23:49
2026-08-09T23:48:00.000+01:00,DIAG-DEDUP;GBPCAD;s=5;wOpened=08-09 22:44;nd=0;bestStored=none;bestStoredSlot=-1;newWins=true
2026-08-09T23:51:00.000+01:00,DIAG-CLOSE;USDJPY;s=0;prev=29;c=30;firstObs=false;slotOn=true;inWindow=true;time_close=08-09 23:52
2026-08-09T23:51:00.000+01:00,DIAG-DEDUP;USDJPY;s=0;wOpened=08-09 23:46;nd=0;bestStored=none;bestStoredSlot=-1;newWins=true
2026-08-09T23:51:00.000+01:00,DIAG-CLOSE;USDJPY;s=1;prev=29;c=30;firstObs=false;slotOn=true;inWindow=true;time_close=08-09 23:52
2026-08-09T23:51:00.000+01:00,DIAG-DEDUP;USDJPY;s=1;wOpened=08-09 23:46;nd=1;bestStored=08-09 23:46;bestStoredSlot=0;newWins=true
2026-08-09T23:51:00.000+01:00,DIAG-CLOSE;EURJPY;s=0;prev=22;c=23;firstObs=false;slotOn=true;inWindow=true;time_close=08-09 23:52
2026-08-09T23:51:00.000+01:00,DIAG-DEDUP;EURJPY;s=0;wOpened=08-09 23:20;nd=0;bestStored=none;bestStoredSlot=-1;newWins=true
2026-08-09T23:51:00.000+01:00,DIAG-CLOSE;EURJPY;s=1;prev=22;c=23;firstObs=false;slotOn=true;inWindow=true;time_close=08-09 23:52
2026-08-09T23:51:00.000+01:00,DIAG-DEDUP;EURJPY;s=1;wOpened=08-09 23:20;nd=1;bestStored=08-09 23:20;bestStoredSlot=0;newWins=true
2026-08-09T23:51:00.000+01:00,DIAG-CLOSE;EURJPY;s=2;prev=11;c=12;firstObs=false;slotOn=true;inWindow=true;time_close=08-09 23:52
2026-08-09T23:51:00.000+01:00,DIAG-DEDUP;EURJPY;s=2;wOpened=08-09 23:34;nd=1;bestStored=08-09 23:20;bestStoredSlot=1;newWins=false
2026-08-09T23:51:00.000+01:00,DIAG-CLOSE;EURJPY;s=3;prev=11;c=12;firstObs=false;slotOn=true;inWindow=true;time_close=08-09 23:52
2026-08-09T23:51:00.000+01:00,DIAG-DEDUP;EURJPY;s=3;wOpened=08-09 23:34;nd=1;bestStored=08-09 23:20;bestStoredSlot=1;newWins=false
2026-08-09T23:51:00.000+01:00,DIAG-CLOSE;EURJPY;s=4;prev=5;c=6;firstObs=false;slotOn=true;inWindow=true;time_close=08-09 23:52
2026-08-09T23:51:00.000+01:00,DIAG-DEDUP;EURJPY;s=4;wOpened=08-09 23:46;nd=1;bestStored=08-09 23:20;bestStoredSlot=1;newWins=false
2026-08-09T23:51:00.000+01:00,DIAG-CLOSE;EURJPY;s=5;prev=5;c=6;firstObs=false;slotOn=true;inWindow=true;time_close=08-09 23:52
2026-08-09T23:51:00.000+01:00,DIAG-DEDUP;EURJPY;s=5;wOpened=08-09 23:46;nd=1;bestStored=08-09 23:20;bestStoredSlot=1;newWins=false
2026-08-09T23:51:00.000+01:00,DIAG-CLOSE;EURJPY;s=7;prev=4;c=5;firstObs=false;slotOn=true;inWindow=true;time_close=08-09 23:52
2026-08-09T23:51:00.000+01:00,DIAG-DEDUP;EURJPY;s=7;wOpened=08-09 23:47;nd=1;bestStored=08-09 23:20;bestStoredSlot=1;newWins=false
2026-08-10T00:00:00.000+01:00,DIAG-CLOSE;GBPCAD;s=0;prev=27;c=28;firstObs=false;slotOn=true;inWindow=true;time_close=08-10 00:01
2026-08-10T00:00:00.000+01:00,DIAG-DEDUP;GBPCAD;s=0;wOpened=08-09 23:59;nd=0;bestStored=none;bestStoredSlot=-1;newWins=true
2026-08-10T00:00:00.000+01:00,DIAG-CLOSE;GBPCAD;s=1;prev=28;c=29;firstObs=false;slotOn=true;inWindow=true;time_close=08-10 00:01
2026-08-10T00:00:00.000+01:00,DIAG-DEDUP;GBPCAD;s=1;wOpened=08-09 23:59;nd=1;bestStored=08-09 23:59;bestStoredSlot=0;newWins=true
2026-08-10T00:24:00.000+01:00,DIAG-CLOSE;AUDCAD;s=0;prev=24;c=25;firstObs=false;slotOn=true;inWindow=true;time_close=08-10 00:25
2026-08-10T00:24:00.000+01:00,DIAG-DEDUP;AUDCAD;s=0;wOpened=08-10 00:15;nd=0;bestStored=none;bestStoredSlot=-1;newWins=true
2026-08-10T00:24:00.000+01:00,DIAG-CLOSE;AUDCAD;s=1;prev=24;c=25;firstObs=false;slotOn=true;inWindow=true;time_close=08-10 00:25
2026-08-10T00:24:00.000+01:00,DIAG-DEDUP;AUDCAD;s=1;wOpened=08-10 00:15;nd=1;bestStored=08-10 00:15;bestStoredSlot=0;newWins=true
2026-08-10T00:32:00.000+01:00,DIAG-CLOSE;AUDCHF;s=0;prev=22;c=23;firstObs=false;slotOn=true;inWindow=true;time_close=08-10 00:33
2026-08-10T00:32:00.000+01:00,DIAG-DEDUP;AUDCHF;s=0;wOpened=08-10 00:12;nd=0;bestStored=none;bestStoredSlot=-1;newWins=true
2026-08-10T00:32:00.000+01:00,DIAG-CLOSE;AUDCHF;s=1;prev=27;c=28;firstObs=false;slotOn=true;inWindow=true;time_close=08-10 00:33
2026-08-10T00:32:00.000+01:00,DIAG-DEDUP;AUDCHF;s=1;wOpened=08-10 00:12;nd=1;bestStored=08-10 00:12;bestStoredSlot=0;newWins=true
2026-08-10T00:35:00.000+01:00,DIAG-CLOSE;AUDUSD;s=7;prev=3;c=4;firstObs=false;slotOn=true;inWindow=true;time_close=08-10 00:36
2026-08-10T00:35:00.000+01:00,DIAG-DEDUP;AUDUSD;s=7;wOpened=08-10 00:25;nd=0;bestStored=none;bestStoredSlot=-1;newWins=true
2026-08-10T00:37:00.000+01:00,DIAG-CLOSE;USDCAD;s=0;prev=24;c=25;firstObs=false;slotOn=true;inWindow=true;time_close=08-10 00:38
2026-08-10T00:37:00.000+01:00,DIAG-DEDUP;USDCAD;s=0;wOpened=08-09 23:26;nd=0;bestStored=none;bestStoredSlot=-1;newWins=true
2026-08-10T00:37:00.000+01:00,DIAG-CLOSE;USDCAD;s=1;prev=27;c=28;firstObs=false;slotOn=true;inWindow=true;time_close=08-10 00:38
2026-08-10T00:37:00.000+01:00,DIAG-DEDUP;USDCAD;s=1;wOpened=08-09 23:26;nd=1;bestStored=08-09 23:26;bestStoredSlot=0;newWins=true
2026-08-10T00:37:00.000+01:00,DIAG-CLOSE;USDCAD;s=2;prev=14;c=15;firstObs=false;slotOn=true;inWindow=true;time_close=08-10 00:38
2026-08-10T00:37:00.000+01:00,DIAG-DEDUP;USDCAD;s=2;wOpened=08-09 23:44;nd=1;bestStored=08-09 23:26;bestStoredSlot=1;newWins=false
2026-08-10T00:37:00.000+01:00,DIAG-CLOSE;USDCAD;s=3;prev=15;c=16;firstObs=false;slotOn=true;inWindow=true;time_close=08-10 00:38
2026-08-10T00:37:00.000+01:00,DIAG-DEDUP;USDCAD;s=3;wOpened=08-09 23:44;nd=1;bestStored=08-09 23:26;bestStoredSlot=1;newWins=false
2026-08-10T00:37:00.000+01:00,DIAG-CLOSE;USDCAD;s=4;prev=9;c=10;firstObs=false;slotOn=true;inWindow=true;time_close=08-10 00:38
2026-08-10T00:37:00.000+01:00,DIAG-DEDUP;USDCAD;s=4;wOpened=08-09 23:57;nd=1;bestStored=08-09 23:26;bestStoredSlot=1;newWins=false
2026-08-10T00:37:00.000+01:00,DIAG-CLOSE;USDCAD;s=5;prev=10;c=11;firstObs=false;slotOn=true;inWindow=true;time_close=08-10 00:38
2026-08-10T00:37:00.000+01:00,DIAG-DEDUP;USDCAD;s=5;wOpened=08-09 23:57;nd=1;bestStored=08-09 23:26;bestStoredSlot=1;newWins=false
2026-08-10T00:37:00.000+01:00,DIAG-CLOSE;USDCAD;s=6;prev=7;c=8;firstObs=false;slotOn=true;inWindow=true;time_close=08-10 00:38
2026-08-10T00:37:00.000+01:00,DIAG-DEDUP;USDCAD;s=6;wOpened=08-10 00:36;nd=1;bestStored=08-09 23:26;bestStoredSlot=1;newWins=false
2026-08-10T00:45:00.000+01:00,DIAG-CLOSE;GBPCAD;s=0;prev=28;c=29;firstObs=false;slotOn=true;inWindow=true;time_close=08-10 00:46
2026-08-10T00:45:00.000+01:00,DIAG-DEDUP;GBPCAD;s=0;wOpened=08-10 00:31;nd=0;bestStored=none;bestStoredSlot=-1;newWins=true
2026-08-10T00:45:00.000+01:00,DIAG-CLOSE;GBPCAD;s=1;prev=29;c=30;firstObs=false;slotOn=true;inWindow=true;time_close=08-10 00:46
2026-08-10T00:45:00.000+01:00,DIAG-DEDUP;GBPCAD;s=1;wOpened=08-10 00:31;nd=1;bestStored=08-10 00:31;bestStoredSlot=0;newWins=true
2026-08-10T00:47:00.000+01:00,DIAG-CLOSE;USDJPY;s=0;prev=30;c=31;firstObs=false;slotOn=true;inWindow=true;time_close=08-10 00:48
2026-08-10T00:47:00.000+01:00,DIAG-DEDUP;USDJPY;s=0;wOpened=08-10 00:46;nd=0;bestStored=none;bestStoredSlot=-1;newWins=true
2026-08-10T00:47:00.000+01:00,DIAG-CLOSE;USDJPY;s=1;prev=30;c=31;firstObs=false;slotOn=true;inWindow=true;time_close=08-10 00:48
2026-08-10T00:47:00.000+01:00,DIAG-DEDUP;USDJPY;s=1;wOpened=08-10 00:46;nd=1;bestStored=08-10 00:46;bestStoredSlot=0;newWins=true
2026-08-10T00:51:00.000+01:00,DIAG-CLOSE;CADCHF;s=6;prev=3;c=4;firstObs=false;slotOn=true;inWindow=true;time_close=08-10 00:52
2026-08-10T00:51:00.000+01:00,DIAG-DEDUP;CADCHF;s=6;wOpened=08-10 00:31;nd=0;bestStored=none;bestStoredSlot=-1;newWins=true
2026-08-10T01:10:00.000+01:00,DIAG-CLOSE;GBPAUD;s=0;prev=22;c=23;firstObs=false;slotOn=true;inWindow=true;time_close=08-10 01:11
2026-08-10T01:10:00.000+01:00,DIAG-DEDUP;GBPAUD;s=0;wOpened=08-10 01:00;nd=0;bestStored=none;bestStoredSlot=-1;newWins=true
2026-08-10T01:10:00.000+01:00,DIAG-CLOSE;GBPAUD;s=1;prev=23;c=24;firstObs=false;slotOn=true;inWindow=true;time_close=08-10 01:11
2026-08-10T01:10:00.000+01:00,DIAG-DEDUP;GBPAUD;s=1;wOpened=08-10 01:00;nd=1;bestStored=08-10 01:00;bestStoredSlot=0;newWins=true
2026-08-10T01:12:00.000+01:00,DIAG-CLOSE;EURAUD;s=0;prev=27;c=28;firstObs=false;slotOn=true;inWindow=true;time_close=08-10 01:13
2026-08-10T01:12:00.000+01:00,DIAG-DEDUP;EURAUD;s=0;wOpened=08-10 01:01;nd=0;bestStored=none;bestStoredSlot=-1;newWins=true
2026-08-10T01:12:00.000+01:00,DIAG-CLOSE;EURAUD;s=1;prev=26;c=27;firstObs=false;slotOn=true;inWindow=true;time_close=08-10 01:13
2026-08-10T01:12:00.000+01:00,DIAG-DEDUP;EURAUD;s=1;wOpened=08-10 01:01;nd=1;bestStored=08-10 01:01;bestStoredSlot=0;newWins=true
2026-08-10T01:25:00.000+01:00,DIAG-CLOSE;USDCHF;s=0;prev=30;c=31;firstObs=false;slotOn=true;inWindow=true;time_close=08-10 01:26
2026-08-10T01:25:00.000+01:00,DIAG-DEDUP;USDCHF;s=0;wOpened=08-10 00:47;nd=0;bestStored=none;bestStoredSlot=-1;newWins=true
2026-08-10T01:25:00.000+01:00,DIAG-CLOSE;USDCHF;s=1;prev=29;c=30;firstObs=false;slotOn=true;inWindow=true;time_close=08-10 01:26
2026-08-10T01:25:00.000+01:00,DIAG-DEDUP;USDCHF;s=1;wOpened=08-10 00:47;nd=1;bestStored=08-10 00:47;bestStoredSlot=0;newWins=true
2026-08-10T01:25:00.000+01:00,DIAG-CLOSE;USDCHF;s=2;prev=11;c=12;firstObs=false;slotOn=true;inWindow=true;time_close=08-10 01:26
2026-08-10T01:25:00.000+01:00,DIAG-DEDUP;USDCHF;s=2;wOpened=08-10 01:24;nd=1;bestStored=08-10 00:47;bestStoredSlot=1;newWins=false
2026-08-10T01:25:00.000+01:00,DIAG-CLOSE;USDCHF;s=3;prev=10;c=11;firstObs=false;slotOn=true;inWindow=true;time_close=08-10 01:26
2026-08-10T01:25:00.000+01:00,DIAG-DEDUP;USDCHF;s=3;wOpened=08-10 01:24;nd=1;bestStored=08-10 00:47;bestStoredSlot=1;newWins=false
2026-08-10T01:32:00.000+01:00,DIAG-CLOSE;GBPCHF;s=0;prev=21;c=22;firstObs=false;slotOn=true;inWindow=true;time_close=08-10 01:33
2026-08-10T01:32:00.000+01:00,DIAG-DEDUP;GBPCHF;s=0;wOpened=08-10 01:31;nd=0;bestStored=none;bestStoredSlot=-1;newWins=true
2026-08-10T01:32:00.000+01:00,DIAG-CLOSE;GBPCHF;s=1;prev=21;c=22;firstObs=false;slotOn=true;inWindow=true;time_close=08-10 01:33
2026-08-10T01:32:00.000+01:00,DIAG-DEDUP;GBPCHF;s=1;wOpened=08-10 01:31;nd=1;bestStored=08-10 01:31;bestStoredSlot=0;newWins=true
2026-08-10T01:53:00.000+01:00,DIAG-CLOSE;CADJPY;s=1;prev=24;c=25;firstObs=false;slotOn=true;inWindow=true;time_close=08-10 01:54
2026-08-10T01:53:00.000+01:00,DIAG-DEDUP;CADJPY;s=1;wOpened=08-10 01:36;nd=0;bestStored=none;bestStoredSlot=-1;newWins=true
2026-08-10T01:55:00.000+01:00,DIAG-CLOSE;USDCHF;s=0;prev=31;c=32;firstObs=false;slotOn=true;inWindow=true;time_close=08-10 01:56
2026-08-10T01:55:00.000+01:00,DIAG-DEDUP;USDCHF;s=0;wOpened=08-10 01:54;nd=0;bestStored=none;bestStoredSlot=-1;newWins=true
2026-08-10T01:55:00.000+01:00,DIAG-CLOSE;USDCHF;s=1;prev=30;c=31;firstObs=false;slotOn=true;inWindow=true;time_close=08-10 01:56
2026-08-10T01:55:00.000+01:00,DIAG-DEDUP;USDCHF;s=1;wOpened=08-10 01:54;nd=1;bestStored=08-10 01:54;bestStoredSlot=0;newWins=true
2026-08-10T02:00:00.000+01:00,DIAG-CLOSE;CADCHF;s=0;prev=23;c=24;firstObs=false;slotOn=true;inWindow=true;time_close=08-10 02:01
2026-08-10T02:00:00.000+01:00,DIAG-DEDUP;CADCHF;s=0;wOpened=08-10 00:07;nd=1;bestStored=08-10 00:31;bestStoredSlot=6;newWins=true
2026-08-10T02:00:00.000+01:00,DIAG-CLOSE;CADCHF;s=1;prev=24;c=25;firstObs=false;slotOn=true;inWindow=true;time_close=08-10 02:01
2026-08-10T02:00:00.000+01:00,DIAG-DEDUP;CADCHF;s=1;wOpened=08-10 00:32;nd=1;bestStored=08-10 00:07;bestStoredSlot=0;newWins=false
2026-08-10T02:00:00.000+01:00,DIAG-CLOSE;CADCHF;s=2;prev=15;c=16;firstObs=false;slotOn=true;inWindow=true;time_close=08-10 02:01
2026-08-10T02:00:00.000+01:00,DIAG-DEDUP;CADCHF;s=2;wOpened=08-10 00:55;nd=1;bestStored=08-10 00:07;bestStoredSlot=0;newWins=false
2026-08-10T02:00:00.000+01:00,DIAG-CLOSE;CADCHF;s=3;prev=15;c=16;firstObs=false;slotOn=true;inWindow=true;time_close=08-10 02:01
2026-08-10T02:00:00.000+01:00,DIAG-DEDUP;CADCHF;s=3;wOpened=08-10 00:10;nd=1;bestStored=08-10 00:07;bestStoredSlot=0;newWins=false
2026-08-10T02:00:00.000+01:00,DIAG-CLOSE;CADCHF;s=4;prev=6;c=7;firstObs=false;slotOn=true;inWindow=true;time_close=08-10 02:01
2026-08-10T02:00:00.000+01:00,DIAG-DEDUP;CADCHF;s=4;wOpened=08-10 01:31;nd=1;bestStored=08-10 00:07;bestStoredSlot=0;newWins=false
2026-08-10T02:00:00.000+01:00,DIAG-CLOSE;CADCHF;s=5;prev=7;c=8;firstObs=false;slotOn=true;inWindow=true;time_close=08-10 02:01
2026-08-10T02:00:00.000+01:00,DIAG-DEDUP;CADCHF;s=5;wOpened=08-10 00:31;nd=1;bestStored=08-10 00:07;bestStoredSlot=0;newWins=false
2026-08-10T02:15:00.000+01:00,DIAG-CLOSE;CADCHF;s=7;prev=4;c=5;firstObs=false;slotOn=true;inWindow=true;time_close=08-10 02:16
2026-08-10T02:15:00.000+01:00,DIAG-DEDUP;CADCHF;s=7;wOpened=08-10 02:04;nd=0;bestStored=none;bestStoredSlot=-1;newWins=true
2026-08-10T02:26:00.000+01:00,DIAG-CLOSE;USDJPY;s=0;prev=31;c=32;firstObs=false;slotOn=true;inWindow=true;time_close=08-10 02:27
2026-08-10T02:26:00.000+01:00,DIAG-DEDUP;USDJPY;s=0;wOpened=08-10 02:06;nd=0;bestStored=none;bestStoredSlot=-1;newWins=true
2026-08-10T02:26:00.000+01:00,DIAG-CLOSE;USDJPY;s=1;prev=31;c=32;firstObs=false;slotOn=true;inWindow=true;time_close=08-10 02:27
2026-08-10T02:26:00.000+01:00,DIAG-DEDUP;USDJPY;s=1;wOpened=08-10 02:06;nd=1;bestStored=08-10 02:06;bestStoredSlot=0;newWins=true
2026-08-10T02:26:00.000+01:00,DIAG-CLOSE;USDJPY;s=2;prev=16;c=17;firstObs=false;slotOn=true;inWindow=true;time_close=08-10 02:27
2026-08-10T02:26:00.000+01:00,DIAG-DEDUP;USDJPY;s=2;wOpened=08-10 02:09;nd=1;bestStored=08-10 02:06;bestStoredSlot=1;newWins=false
2026-08-10T02:26:00.000+01:00,DIAG-CLOSE;USDJPY;s=3;prev=16;c=17;firstObs=false;slotOn=true;inWindow=true;time_close=08-10 02:27
2026-08-10T02:26:00.000+01:00,DIAG-DEDUP;USDJPY;s=3;wOpened=08-10 02:09;nd=1;bestStored=08-10 02:06;bestStoredSlot=1;newWins=false
2026-08-10T02:27:00.000+01:00,DIAG-CLOSE;EURJPY;s=0;prev=23;c=24;firstObs=false;slotOn=true;inWindow=true;time_close=08-10 02:28
2026-08-10T02:27:00.000+01:00,DIAG-DEDUP;EURJPY;s=0;wOpened=08-10 02:26;nd=0;bestStored=none;bestStoredSlot=-1;newWins=true
2026-08-10T02:27:00.000+01:00,DIAG-CLOSE;EURJPY;s=1;prev=23;c=24;firstObs=false;slotOn=true;inWindow=true;time_close=08-10 02:28
2026-08-10T02:27:00.000+01:00,DIAG-DEDUP;EURJPY;s=1;wOpened=08-10 02:26;nd=1;bestStored=08-10 02:26;bestStoredSlot=0;newWins=true
2026-08-10T02:40:00.000+01:00,DIAG-CLOSE;GBPUSD;s=0;prev=24;c=25;firstObs=false;slotOn=true;inWindow=true;time_close=08-10 02:41
2026-08-10T02:40:00.000+01:00,DIAG-DEDUP;GBPUSD;s=0;wOpened=08-10 02:39;nd=0;bestStored=none;bestStoredSlot=-1;newWins=true
2026-08-10T02:40:00.000+01:00,DIAG-CLOSE;GBPUSD;s=1;prev=22;c=23;firstObs=false;slotOn=true;inWindow=true;time_close=08-10 02:41
2026-08-10T02:40:00.000+01:00,DIAG-DEDUP;GBPUSD;s=1;wOpened=08-10 02:38;nd=1;bestStored=08-10 02:39;bestStoredSlot=0;newWins=true
2026-08-10T02:40:00.000+01:00,DIAG-CLOSE;GBPUSD;s=2;prev=12;c=13;firstObs=false;slotOn=true;inWindow=true;time_close=08-10 02:41
2026-08-10T02:40:00.000+01:00,DIAG-DEDUP;GBPUSD;s=2;wOpened=08-10 02:39;nd=1;bestStored=08-10 02:38;bestStoredSlot=1;newWins=false
2026-08-10T02:42:00.000+01:00,DIAG-CLOSE;CHFJPY;s=0;prev=26;c=27;firstObs=false;slotOn=true;inWindow=true;time_close=08-10 02:43
2026-08-10T02:42:00.000+01:00,DIAG-DEDUP;CHFJPY;s=0;wOpened=08-10 02:26;nd=0;bestStored=none;bestStoredSlot=-1;newWins=true
2026-08-10T02:42:00.000+01:00,DIAG-CLOSE;CHFJPY;s=1;prev=27;c=28;firstObs=false;slotOn=true;inWindow=true;time_close=08-10 02:43
2026-08-10T02:42:00.000+01:00,DIAG-DEDUP;CHFJPY;s=1;wOpened=08-10 02:26;nd=1;bestStored=08-10 02:26;bestStoredSlot=0;newWins=true
2026-08-10T02:42:00.000+01:00,DIAG-CLOSE;CHFJPY;s=2;prev=12;c=13;firstObs=false;slotOn=true;inWindow=true;time_close=08-10 02:43
2026-08-10T02:42:00.000+01:00,DIAG-DEDUP;CHFJPY;s=2;wOpened=08-10 02:27;nd=1;bestStored=08-10 02:26;bestStoredSlot=1;newWins=false
2026-08-10T02:42:00.000+01:00,DIAG-CLOSE;CHFJPY;s=3;prev=10;c=11;firstObs=false;slotOn=true;inWindow=true;time_close=08-10 02:43
2026-08-10T02:42:00.000+01:00,DIAG-DEDUP;CHFJPY;s=3;wOpened=08-10 02:27;nd=1;bestStored=08-10 02:26;bestStoredSlot=1;newWins=false
2026-08-10T02:47:00.000+01:00,DIAG-CLOSE;GBPUSD;s=5;prev=7;c=8;firstObs=false;slotOn=true;inWindow=true;time_close=08-10 02:48
2026-08-10T02:47:00.000+01:00,DIAG-DEDUP;GBPUSD;s=5;wOpened=08-10 02:39;nd=1;bestStored=08-10 02:38;bestStoredSlot=1;newWins=false
2026-08-10T02:47:00.000+01:00,DIAG-CLOSE;GBPUSD;s=6;prev=6;c=7;firstObs=false;slotOn=true;inWindow=true;time_close=08-10 02:48
2026-08-10T02:47:00.000+01:00,DIAG-DEDUP;GBPUSD;s=6;wOpened=08-10 02:38;nd=1;bestStored=08-10 02:38;bestStoredSlot=1;newWins=true
2026-08-10T02:53:00.000+01:00,DIAG-CLOSE;GBPCAD;s=0;prev=29;c=30;firstObs=false;slotOn=true;inWindow=true;time_close=08-10 02:54
2026-08-10T02:53:00.000+01:00,DIAG-DEDUP;GBPCAD;s=0;wOpened=08-10 02:50;nd=0;bestStored=none;bestStoredSlot=-1;newWins=true
2026-08-10T02:53:00.000+01:00,DIAG-CLOSE;GBPCAD;s=1;prev=30;c=31;firstObs=false;slotOn=true;inWindow=true;time_close=08-10 02:54
2026-08-10T02:53:00.000+01:00,DIAG-DEDUP;GBPCAD;s=1;wOpened=08-10 02:50;nd=1;bestStored=08-10 02:50;bestStoredSlot=0;newWins=true
2026-08-10T03:02:00.000+01:00,DIAG-CLOSE;USDJPY;s=1;prev=32;c=33;firstObs=false;slotOn=true;inWindow=true;time_close=08-10 03:03
2026-08-10T03:02:00.000+01:00,DIAG-DEDUP;USDJPY;s=1;wOpened=08-10 03:00;nd=0;bestStored=none;bestStoredSlot=-1;newWins=true
2026-08-10T03:14:00.000+01:00,DIAG-CLOSE;USDJPY;s=0;prev=32;c=33;firstObs=false;slotOn=true;inWindow=true;time_close=08-10 03:15
2026-08-10T03:14:00.000+01:00,DIAG-DEDUP;USDJPY;s=0;wOpened=08-10 03:00;nd=1;bestStored=08-10 03:00;bestStoredSlot=1;newWins=false
2026-08-10T03:21:00.000+01:00,DIAG-CLOSE;GBPCHF;s=0;prev=22;c=23;firstObs=false;slotOn=true;inWindow=true;time_close=08-10 03:22
2026-08-10T03:21:00.000+01:00,DIAG-DEDUP;GBPCHF;s=0;wOpened=08-10 02:06;nd=0;bestStored=none;bestStoredSlot=-1;newWins=true
2026-08-10T03:21:00.000+01:00,DIAG-CLOSE;GBPCHF;s=1;prev=22;c=23;firstObs=false;slotOn=true;inWindow=true;time_close=08-10 03:22
2026-08-10T03:21:00.000+01:00,DIAG-DEDUP;GBPCHF;s=1;wOpened=08-10 02:06;nd=1;bestStored=08-10 02:06;bestStoredSlot=0;newWins=true
2026-08-10T03:21:00.000+01:00,DIAG-CLOSE;GBPCHF;s=2;prev=10;c=11;firstObs=false;slotOn=true;inWindow=true;time_close=08-10 03:22
2026-08-10T03:21:00.000+01:00,DIAG-DEDUP;GBPCHF;s=2;wOpened=08-10 02:23;nd=1;bestStored=08-10 02:06;bestStoredSlot=1;newWins=false
2026-08-10T03:21:00.000+01:00,DIAG-CLOSE;GBPCHF;s=3;prev=9;c=10;firstObs=false;slotOn=true;inWindow=true;time_close=08-10 03:22
2026-08-10T03:21:00.000+01:00,DIAG-DEDUP;GBPCHF;s=3;wOpened=08-10 02:23;nd=1;bestStored=08-10 02:06;bestStoredSlot=1;newWins=false
2026-08-10T03:21:00.000+01:00,DIAG-CLOSE;GBPCHF;s=4;prev=7;c=8;firstObs=false;slotOn=true;inWindow=true;time_close=08-10 03:22
2026-08-10T03:21:00.000+01:00,DIAG-DEDUP;GBPCHF;s=4;wOpened=08-10 02:24;nd=1;bestStored=08-10 02:06;bestStoredSlot=1;newWins=false
2026-08-10T03:21:00.000+01:00,DIAG-CLOSE;GBPCHF;s=5;prev=9;c=10;firstObs=false;slotOn=true;inWindow=true;time_close=08-10 03:22
2026-08-10T03:21:00.000+01:00,DIAG-DEDUP;GBPCHF;s=5;wOpened=08-10 02:24;nd=1;bestStored=08-10 02:06;bestStoredSlot=1;newWins=false
2026-08-10T03:21:00.000+01:00,DIAG-CLOSE;GBPCHF;s=7;prev=5;c=6;firstObs=false;slotOn=true;inWindow=true;time_close=08-10 03:22
2026-08-10T03:21:00.000+01:00,DIAG-DEDUP;GBPCHF;s=7;wOpened=08-10 02:41;nd=1;bestStored=08-10 02:06;bestStoredSlot=1;newWins=false
2026-08-10T03:24:00.000+01:00,DIAG-CLOSE;USDCHF;s=1;prev=31;c=32;firstObs=false;slotOn=true;inWindow=true;time_close=08-10 03:25
2026-08-10T03:24:00.000+01:00,DIAG-DEDUP;USDCHF;s=1;wOpened=08-10 02:38;nd=0;bestStored=none;bestStoredSlot=-1;newWins=true
2026-08-10T03:24:00.000+01:00,DIAG-CLOSE;USDCHF;s=2;prev=12;c=13;firstObs=false;slotOn=true;inWindow=true;time_close=08-10 03:25
2026-08-10T03:24:00.000+01:00,DIAG-DEDUP;USDCHF;s=2;wOpened=08-10 02:52;nd=1;bestStored=08-10 02:38;bestStoredSlot=1;newWins=false
2026-08-10T03:24:00.000+01:00,DIAG-CLOSE;USDCHF;s=5;prev=5;c=6;firstObs=false;slotOn=true;inWindow=true;time_close=08-10 03:25
2026-08-10T03:24:00.000+01:00,DIAG-DEDUP;USDCHF;s=5;wOpened=08-10 02:41;nd=1;bestStored=08-10 02:38;bestStoredSlot=1;newWins=false
2026-08-10T03:24:00.000+01:00,DIAG-CLOSE;USDCHF;s=6;prev=4;c=5;firstObs=false;slotOn=true;inWindow=true;time_close=08-10 03:25
2026-08-10T03:24:00.000+01:00,DIAG-DEDUP;USDCHF;s=6;wOpened=08-10 02:41;nd=1;bestStored=08-10 02:38;bestStoredSlot=1;newWins=false
2026-08-10T03:24:00.000+01:00,DIAG-CLOSE;USDCHF;s=7;prev=1;c=2;firstObs=false;slotOn=true;inWindow=true;time_close=08-10 03:25
2026-08-10T03:24:00.000+01:00,DIAG-DEDUP;USDCHF;s=7;wOpened=08-10 02:38;nd=1;bestStored=08-10 02:38;bestStoredSlot=1;newWins=true
2026-08-10T03:24:00.000+01:00,DIAG-CLOSE;EURCHF;s=0;prev=27;c=28;firstObs=false;slotOn=true;inWindow=true;time_close=08-10 03:25
2026-08-10T03:24:00.000+01:00,DIAG-DEDUP;EURCHF;s=0;wOpened=08-10 03:23;nd=0;bestStored=none;bestStoredSlot=-1;newWins=true
2026-08-10T03:24:00.000+01:00,DIAG-CLOSE;EURCHF;s=1;prev=27;c=28;firstObs=false;slotOn=true;inWindow=true;time_close=08-10 03:25
2026-08-10T03:24:00.000+01:00,DIAG-DEDUP;EURCHF;s=1;wOpened=08-10 03:23;nd=1;bestStored=08-10 03:23;bestStoredSlot=0;newWins=true
2026-08-10T03:34:00.000+01:00,DIAG-CLOSE;EURCAD;s=0;prev=17;c=18;firstObs=false;slotOn=true;inWindow=true;time_close=08-10 03:35
2026-08-10T03:34:00.000+01:00,DIAG-DEDUP;EURCAD;s=0;wOpened=08-10 03:04;nd=0;bestStored=none;bestStoredSlot=-1;newWins=true
2026-08-10T03:34:00.000+01:00,DIAG-CLOSE;EURCAD;s=1;prev=18;c=19;firstObs=false;slotOn=true;inWindow=true;time_close=08-10 03:35
2026-08-10T03:34:00.000+01:00,DIAG-DEDUP;EURCAD;s=1;wOpened=08-10 03:04;nd=1;bestStored=08-10 03:04;bestStoredSlot=0;newWins=true
2026-08-10T03:34:00.000+01:00,DIAG-CLOSE;EURCAD;s=2;prev=8;c=9;firstObs=false;slotOn=true;inWindow=true;time_close=08-10 03:35
2026-08-10T03:34:00.000+01:00,DIAG-DEDUP;EURCAD;s=2;wOpened=08-10 03:05;nd=1;bestStored=08-10 03:04;bestStoredSlot=1;newWins=false
2026-08-10T03:34:00.000+01:00,DIAG-CLOSE;EURCAD;s=3;prev=6;c=7;firstObs=false;slotOn=true;inWindow=true;time_close=08-10 03:35
2026-08-10T03:34:00.000+01:00,DIAG-DEDUP;EURCAD;s=3;wOpened=08-10 03:05;nd=1;bestStored=08-10 03:04;bestStoredSlot=1;newWins=false
2026-08-10T03:34:00.000+01:00,DIAG-CLOSE;EURCAD;s=4;prev=3;c=4;firstObs=false;slotOn=true;inWindow=true;time_close=08-10 03:35
2026-08-10T03:34:00.000+01:00,DIAG-DEDUP;EURCAD;s=4;wOpened=08-10 03:20;nd=1;bestStored=08-10 03:04;bestStoredSlot=1;newWins=false
2026-08-10T03:34:00.000+01:00,DIAG-CLOSE;EURCAD;s=6;prev=1;c=2;firstObs=false;slotOn=true;inWindow=true;time_close=08-10 03:35
2026-08-10T03:34:00.000+01:00,DIAG-DEDUP;EURCAD;s=6;wOpened=08-10 03:33;nd=1;bestStored=08-10 03:04;bestStoredSlot=1;newWins=false
2026-08-10T03:42:00.000+01:00,DIAG-CLOSE;EURUSD;s=0;prev=29;c=30;firstObs=false;slotOn=true;inWindow=true;time_close=08-10 03:43
2026-08-10T03:42:00.000+01:00,DIAG-DEDUP;EURUSD;s=0;wOpened=08-10 02:38;nd=0;bestStored=none;bestStoredSlot=-1;newWins=true
2026-08-10T03:42:00.000+01:00,DIAG-CLOSE;EURUSD;s=1;prev=29;c=30;firstObs=false;slotOn=true;inWindow=true;time_close=08-10 03:43
2026-08-10T03:42:00.000+01:00,DIAG-DEDUP;EURUSD;s=1;wOpened=08-10 02:38;nd=1;bestStored=08-10 02:38;bestStoredSlot=0;newWins=true
2026-08-10T03:42:00.000+01:00,DIAG-CLOSE;EURUSD;s=2;prev=14;c=15;firstObs=false;slotOn=true;inWindow=true;time_close=08-10 03:43
2026-08-10T03:42:00.000+01:00,DIAG-DEDUP;EURUSD;s=2;wOpened=08-10 02:39;nd=1;bestStored=08-10 02:38;bestStoredSlot=1;newWins=false
2026-08-10T03:42:00.000+01:00,DIAG-CLOSE;EURUSD;s=3;prev=16;c=17;firstObs=false;slotOn=true;inWindow=true;time_close=08-10 03:43
2026-08-10T03:42:00.000+01:00,DIAG-DEDUP;EURUSD;s=3;wOpened=08-10 02:39;nd=1;bestStored=08-10 02:38;bestStoredSlot=1;newWins=false
2026-08-10T03:42:00.000+01:00,DIAG-CLOSE;EURUSD;s=4;prev=7;c=8;firstObs=false;slotOn=true;inWindow=true;time_close=08-10 03:43
2026-08-10T03:42:00.000+01:00,DIAG-DEDUP;EURUSD;s=4;wOpened=08-10 03:14;nd=1;bestStored=08-10 02:38;bestStoredSlot=1;newWins=false
2026-08-10T03:42:00.000+01:00,DIAG-CLOSE;EURUSD;s=5;prev=5;c=6;firstObs=false;slotOn=true;inWindow=true;time_close=08-10 03:43
2026-08-10T03:42:00.000+01:00,DIAG-DEDUP;EURUSD;s=5;wOpened=08-10 02:39;nd=1;bestStored=08-10 02:38;bestStoredSlot=1;newWins=false
2026-08-10T03:42:00.000+01:00,DIAG-CLOSE;EURUSD;s=6;prev=3;c=4;firstObs=false;slotOn=true;inWindow=true;time_close=08-10 03:43
2026-08-10T03:42:00.000+01:00,DIAG-DEDUP;EURUSD;s=6;wOpened=08-10 03:20;nd=1;bestStored=08-10 02:38;bestStoredSlot=1;newWins=false
2026-08-10T03:43:00.000+01:00,DIAG-CLOSE;GBPCHF;s=0;prev=23;c=24;firstObs=false;slotOn=true;inWindow=true;time_close=08-10 03:44
2026-08-10T03:43:00.000+01:00,DIAG-DEDUP;GBPCHF;s=0;wOpened=08-10 03:41;nd=0;bestStored=none;bestStoredSlot=-1;newWins=true
2026-08-10T03:43:00.000+01:00,DIAG-CLOSE;GBPCHF;s=1;prev=23;c=24;firstObs=false;slotOn=true;inWindow=true;time_close=08-10 03:44
2026-08-10T03:43:00.000+01:00,DIAG-DEDUP;GBPCHF;s=1;wOpened=08-10 03:41;nd=1;bestStored=08-10 03:41;bestStoredSlot=0;newWins=true
2026-08-10T03:43:00.000+01:00,DIAG-CLOSE;GBPCHF;s=2;prev=11;c=12;firstObs=false;slotOn=true;inWindow=true;time_close=08-10 03:44
2026-08-10T03:43:00.000+01:00,DIAG-DEDUP;GBPCHF;s=2;wOpened=08-10 03:42;nd=1;bestStored=08-10 03:41;bestStoredSlot=1;newWins=false
2026-08-10T03:43:00.000+01:00,DIAG-CLOSE;GBPCHF;s=3;prev=10;c=11;firstObs=false;slotOn=true;inWindow=true;time_close=08-10 03:44
2026-08-10T03:43:00.000+01:00,DIAG-DEDUP;GBPCHF;s=3;wOpened=08-10 03:42;nd=1;bestStored=08-10 03:41;bestStoredSlot=1;newWins=false
2026-08-10T03:46:00.000+01:00,DIAG-CLOSE;USDCHF;s=0;prev=32;c=33;firstObs=false;slotOn=true;inWindow=true;time_close=08-10 03:47
2026-08-10T03:46:00.000+01:00,DIAG-DEDUP;USDCHF;s=0;wOpened=08-10 03:42;nd=0;bestStored=none;bestStoredSlot=-1;newWins=true
2026-08-10T03:46:00.000+01:00,DIAG-CLOSE;USDCHF;s=1;prev=32;c=33;firstObs=false;slotOn=true;inWindow=true;time_close=08-10 03:47
2026-08-10T03:46:00.000+01:00,DIAG-DEDUP;USDCHF;s=1;wOpened=08-10 03:42;nd=1;bestStored=08-10 03:42;bestStoredSlot=0;newWins=true
2026-08-10T04:14:00.000+01:00,DIAG-CLOSE;GBPCAD;s=0;prev=30;c=31;firstObs=false;slotOn=true;inWindow=true;time_close=08-10 04:15
2026-08-10T04:14:00.000+01:00,DIAG-DEDUP;GBPCAD;s=0;wOpened=08-10 04:07;nd=0;bestStored=none;bestStoredSlot=-1;newWins=true
2026-08-10T04:14:00.000+01:00,DIAG-CLOSE;GBPCAD;s=1;prev=31;c=32;firstObs=false;slotOn=true;inWindow=true;time_close=08-10 04:15
2026-08-10T04:14:00.000+01:00,DIAG-DEDUP;GBPCAD;s=1;wOpened=08-10 04:07;nd=1;bestStored=08-10 04:07;bestStoredSlot=0;newWins=true
2026-08-10T04:14:00.000+01:00,DIAG-CLOSE;GBPCAD;s=2;prev=13;c=14;firstObs=false;slotOn=true;inWindow=true;time_close=08-10 04:15
2026-08-10T04:14:00.000+01:00,DIAG-DEDUP;GBPCAD;s=2;wOpened=08-10 04:13;nd=1;bestStored=08-10 04:07;bestStoredSlot=1;newWins=false
2026-08-10T04:14:00.000+01:00,DIAG-CLOSE;GBPCAD;s=3;prev=11;c=12;firstObs=false;slotOn=true;inWindow=true;time_close=08-10 04:15
2026-08-10T04:14:00.000+01:00,DIAG-DEDUP;GBPCAD;s=3;wOpened=08-10 04:13;nd=1;bestStored=08-10 04:07;bestStoredSlot=1;newWins=false
2026-08-10T04:17:00.000+01:00,DIAG-CLOSE;EURGBP;s=0;prev=31;c=32;firstObs=false;slotOn=true;inWindow=true;time_close=08-10 04:18
2026-08-10T04:17:00.000+01:00,DIAG-DEDUP;EURGBP;s=0;wOpened=08-10 04:07;nd=0;bestStored=none;bestStoredSlot=-1;newWins=true
2026-08-10T04:17:00.000+01:00,DIAG-CLOSE;EURGBP;s=1;prev=30;c=31;firstObs=false;slotOn=true;inWindow=true;time_close=08-10 04:18
2026-08-10T04:17:00.000+01:00,DIAG-DEDUP;EURGBP;s=1;wOpened=08-10 04:06;nd=1;bestStored=08-10 04:07;bestStoredSlot=0;newWins=true
2026-08-10T04:17:00.000+01:00,DIAG-CLOSE;EURGBP;s=2;prev=15;c=16;firstObs=false;slotOn=true;inWindow=true;time_close=08-10 04:18
2026-08-10T04:17:00.000+01:00,DIAG-DEDUP;EURGBP;s=2;wOpened=08-10 04:07;nd=1;bestStored=08-10 04:06;bestStoredSlot=1;newWins=false
2026-08-10T04:17:00.000+01:00,DIAG-CLOSE;EURGBP;s=3;prev=12;c=13;firstObs=false;slotOn=true;inWindow=true;time_close=08-10 04:18
2026-08-10T04:17:00.000+01:00,DIAG-DEDUP;EURGBP;s=3;wOpened=08-10 04:08;nd=1;bestStored=08-10 04:06;bestStoredSlot=1;newWins=false
2026-08-10T04:17:00.000+01:00,DIAG-CLOSE;EURGBP;s=4;prev=7;c=8;firstObs=false;slotOn=true;inWindow=true;time_close=08-10 04:18
2026-08-10T04:17:00.000+01:00,DIAG-DEDUP;EURGBP;s=4;wOpened=08-10 04:08;nd=1;bestStored=08-10 04:06;bestStoredSlot=1;newWins=false
2026-08-10T04:17:00.000+01:00,DIAG-CLOSE;EURGBP;s=5;prev=13;c=14;firstObs=false;slotOn=true;inWindow=true;time_close=08-10 04:18
2026-08-10T04:17:00.000+01:00,DIAG-DEDUP;EURGBP;s=5;wOpened=08-10 04:08;nd=1;bestStored=08-10 04:06;bestStoredSlot=1;newWins=false
2026-08-10T04:20:00.000+01:00,DIAG-CLOSE;CADJPY;s=0;prev=26;c=27;firstObs=false;slotOn=true;inWindow=true;time_close=08-10 04:21
2026-08-10T04:20:00.000+01:00,DIAG-DEDUP;CADJPY;s=0;wOpened=08-10 04:19;nd=0;bestStored=none;bestStoredSlot=-1;newWins=true
2026-08-10T04:20:00.000+01:00,DIAG-CLOSE;CADJPY;s=1;prev=25;c=26;firstObs=false;slotOn=true;inWindow=true;time_close=08-10 04:21
2026-08-10T04:20:00.000+01:00,DIAG-DEDUP;CADJPY;s=1;wOpened=08-10 04:19;nd=1;bestStored=08-10 04:19;bestStoredSlot=0;newWins=true
2026-08-10T04:34:00.000+01:00,DIAG-CLOSE;EURCHF;s=0;prev=28;c=29;firstObs=false;slotOn=true;inWindow=true;time_close=08-10 04:35
2026-08-10T04:34:00.000+01:00,DIAG-DEDUP;EURCHF;s=0;wOpened=08-10 04:33;nd=0;bestStored=none;bestStoredSlot=-1;newWins=true
2026-08-10T04:34:00.000+01:00,DIAG-CLOSE;EURCHF;s=1;prev=28;c=29;firstObs=false;slotOn=true;inWindow=true;time_close=08-10 04:35
2026-08-10T04:34:00.000+01:00,DIAG-DEDUP;EURCHF;s=1;wOpened=08-10 04:33;nd=1;bestStored=08-10 04:33;bestStoredSlot=0;newWins=true
2026-08-10T04:34:00.000+01:00,DIAG-CLOSE;EURCHF;s=5;prev=6;c=7;firstObs=false;slotOn=true;inWindow=true;time_close=08-10 04:35
2026-08-10T04:34:00.000+01:00,DIAG-DEDUP;EURCHF;s=5;wOpened=08-10 04:33;nd=1;bestStored=08-10 04:33;bestStoredSlot=1;newWins=true
2026-08-10T04:34:00.000+01:00,DIAG-CLOSE;GBPCHF;s=5;prev=10;c=11;firstObs=false;slotOn=true;inWindow=true;time_close=08-10 04:35
2026-08-10T04:34:00.000+01:00,DIAG-DEDUP;GBPCHF;s=5;wOpened=08-10 04:03;nd=0;bestStored=none;bestStoredSlot=-1;newWins=true
2026-08-10T04:38:00.000+01:00,DIAG-CLOSE;CADCHF;s=0;prev=24;c=25;firstObs=false;slotOn=true;inWindow=true;time_close=08-10 04:39
2026-08-10T04:38:00.000+01:00,DIAG-DEDUP;CADCHF;s=0;wOpened=08-10 04:35;nd=0;bestStored=none;bestStoredSlot=-1;newWins=true
2026-08-10T04:38:00.000+01:00,DIAG-CLOSE;CADCHF;s=1;prev=25;c=26;firstObs=false;slotOn=true;inWindow=true;time_close=08-10 04:39
2026-08-10T04:38:00.000+01:00,DIAG-DEDUP;CADCHF;s=1;wOpened=08-10 04:37;nd=1;bestStored=08-10 04:35;bestStoredSlot=0;newWins=false
2026-08-10T04:38:00.000+01:00,DIAG-CLOSE;CADCHF;s=3;prev=16;c=17;firstObs=false;slotOn=true;inWindow=true;time_close=08-10 04:39
2026-08-10T04:38:00.000+01:00,DIAG-DEDUP;CADCHF;s=3;wOpened=08-10 04:36;nd=1;bestStored=08-10 04:35;bestStoredSlot=0;newWins=false
2026-08-10T04:45:00.000+01:00,DIAG-CLOSE;GBPCHF;s=0;prev=24;c=25;firstObs=false;slotOn=true;inWindow=true;time_close=08-10 04:46
2026-08-10T04:45:00.000+01:00,DIAG-DEDUP;GBPCHF;s=0;wOpened=08-10 04:33;nd=1;bestStored=08-10 04:03;bestStoredSlot=5;newWins=false
2026-08-10T04:45:00.000+01:00,DIAG-CLOSE;GBPCHF;s=1;prev=24;c=25;firstObs=false;slotOn=true;inWindow=true;time_close=08-10 04:46
2026-08-10T04:45:00.000+01:00,DIAG-DEDUP;GBPCHF;s=1;wOpened=08-10 04:33;nd=1;bestStored=08-10 04:03;bestStoredSlot=5;newWins=false
2026-08-10T04:45:00.000+01:00,DIAG-CLOSE;GBPCHF;s=6;prev=7;c=8;firstObs=false;slotOn=true;inWindow=true;time_close=08-10 04:46
2026-08-10T04:45:00.000+01:00,DIAG-DEDUP;GBPCHF;s=6;wOpened=08-10 04:23;nd=1;bestStored=08-10 04:03;bestStoredSlot=5;newWins=false
2026-08-10T04:45:00.000+01:00,DIAG-CLOSE;GBPCHF;s=7;prev=6;c=7;firstObs=false;slotOn=true;inWindow=true;time_close=08-10 04:46
2026-08-10T04:45:00.000+01:00,DIAG-DEDUP;GBPCHF;s=7;wOpened=08-10 04:23;nd=1;bestStored=08-10 04:03;bestStoredSlot=5;newWins=false
2026-08-10T04:51:00.000+01:00,DIAG-CLOSE;GBPUSD;s=0;prev=25;c=26;firstObs=false;slotOn=true;inWindow=true;time_close=08-10 04:52
2026-08-10T04:51:00.000+01:00,DIAG-DEDUP;GBPUSD;s=0;wOpened=08-10 04:35;nd=0;bestStored=none;bestStoredSlot=-1;newWins=true
2026-08-10T04:51:00.000+01:00,DIAG-CLOSE;GBPUSD;s=1;prev=23;c=24;firstObs=false;slotOn=true;inWindow=true;time_close=08-10 04:52
2026-08-10T04:51:00.000+01:00,DIAG-DEDUP;GBPUSD;s=1;wOpened=08-10 04:35;nd=1;bestStored=08-10 04:35;bestStoredSlot=0;newWins=true
2026-08-10T04:51:00.000+01:00,DIAG-CLOSE;GBPUSD;s=2;prev=13;c=14;firstObs=false;slotOn=true;inWindow=true;time_close=08-10 04:52
2026-08-10T04:51:00.000+01:00,DIAG-DEDUP;GBPUSD;s=2;wOpened=08-10 04:50;nd=1;bestStored=08-10 04:35;bestStoredSlot=1;newWins=false
2026-08-10T04:51:00.000+01:00,DIAG-CLOSE;GBPUSD;s=3;prev=13;c=14;firstObs=false;slotOn=true;inWindow=true;time_close=08-10 04:52
2026-08-10T04:51:00.000+01:00,DIAG-DEDUP;GBPUSD;s=3;wOpened=08-10 04:50;nd=1;bestStored=08-10 04:35;bestStoredSlot=1;newWins=false
2026-08-10T05:07:00.000+01:00,DIAG-CLOSE;EURJPY;s=0;prev=24;c=25;firstObs=false;slotOn=true;inWindow=true;time_close=08-10 05:08
2026-08-10T05:07:00.000+01:00,DIAG-DEDUP;EURJPY;s=0;wOpened=08-10 04:53;nd=0;bestStored=none;bestStoredSlot=-1;newWins=true
2026-08-10T05:07:00.000+01:00,DIAG-CLOSE;EURJPY;s=1;prev=24;c=25;firstObs=false;slotOn=true;inWindow=true;time_close=08-10 05:08
2026-08-10T05:07:00.000+01:00,DIAG-DEDUP;EURJPY;s=1;wOpened=08-10 04:53;nd=1;bestStored=08-10 04:53;bestStoredSlot=0;newWins=true
2026-08-10T05:13:00.000+01:00,DIAG-CLOSE;EURCAD;s=0;prev=18;c=19;firstObs=false;slotOn=true;inWindow=true;time_close=08-10 05:14
2026-08-10T05:13:00.000+01:00,DIAG-DEDUP;EURCAD;s=0;wOpened=08-10 05:12;nd=0;bestStored=none;bestStoredSlot=-1;newWins=true
2026-08-10T05:13:00.000+01:00,DIAG-CLOSE;EURCAD;s=1;prev=19;c=20;firstObs=false;slotOn=true;inWindow=true;time_close=08-10 05:14
2026-08-10T05:13:00.000+01:00,DIAG-DEDUP;EURCAD;s=1;wOpened=08-10 05:12;nd=1;bestStored=08-10 05:12;bestStoredSlot=0;newWins=true
2026-08-10T05:14:00.000+01:00,DIAG-CLOSE;CADJPY;s=0;prev=27;c=28;firstObs=false;slotOn=true;inWindow=true;time_close=08-10 05:15
2026-08-10T05:14:00.000+01:00,DIAG-DEDUP;CADJPY;s=0;wOpened=08-10 05:09;nd=0;bestStored=none;bestStoredSlot=-1;newWins=true
2026-08-10T05:14:00.000+01:00,DIAG-CLOSE;CADJPY;s=1;prev=26;c=27;firstObs=false;slotOn=true;inWindow=true;time_close=08-10 05:15
2026-08-10T05:14:00.000+01:00,DIAG-DEDUP;CADJPY;s=1;wOpened=08-10 05:09;nd=1;bestStored=08-10 05:09;bestStoredSlot=0;newWins=true
2026-08-10T05:52:00.000+01:00,DIAG-CLOSE;AUDUSD;s=0;prev=17;c=18;firstObs=false;slotOn=true;inWindow=true;time_close=08-10 05:53
2026-08-10T05:52:00.000+01:00,DIAG-DEDUP;AUDUSD;s=0;wOpened=08-10 05:36;nd=0;bestStored=none;bestStoredSlot=-1;newWins=true
2026-08-10T05:55:00.000+01:00,DIAG-CLOSE;USDCAD;s=0;prev=25;c=26;firstObs=false;slotOn=true;inWindow=true;time_close=08-10 05:56
2026-08-10T05:55:00.000+01:00,DIAG-DEDUP;USDCAD;s=0;wOpened=08-10 05:42;nd=0;bestStored=none;bestStoredSlot=-1;newWins=true
2026-08-10T05:55:00.000+01:00,DIAG-CLOSE;USDCAD;s=1;prev=28;c=29;firstObs=false;slotOn=true;inWindow=true;time_close=08-10 05:56
2026-08-10T05:55:00.000+01:00,DIAG-DEDUP;USDCAD;s=1;wOpened=08-10 05:42;nd=1;bestStored=08-10 05:42;bestStoredSlot=0;newWins=true
2026-08-10T06:15:00.000+01:00,DIAG-CLOSE;EURCHF;s=5;prev=7;c=8;firstObs=false;slotOn=true;inWindow=true;time_close=08-10 06:16
2026-08-10T06:15:00.000+01:00,DIAG-DEDUP;EURCHF;s=5;wOpened=08-10 05:00;nd=0;bestStored=none;bestStoredSlot=-1;newWins=true
2026-08-10T06:15:00.000+01:00,DIAG-CLOSE;EURCHF;s=6;prev=2;c=3;firstObs=false;slotOn=true;inWindow=true;time_close=08-10 06:16
2026-08-10T06:15:00.000+01:00,DIAG-DEDUP;EURCHF;s=6;wOpened=08-10 05:33;nd=1;bestStored=08-10 05:00;bestStoredSlot=5;newWins=false
2026-08-10T06:20:00.000+01:00,DIAG-CLOSE;EURCHF;s=0;prev=29;c=30;firstObs=false;slotOn=true;inWindow=true;time_close=08-10 06:21
2026-08-10T06:20:00.000+01:00,DIAG-DEDUP;EURCHF;s=0;wOpened=08-10 05:33;nd=1;bestStored=08-10 05:00;bestStoredSlot=5;newWins=false
2026-08-10T06:20:00.000+01:00,DIAG-CLOSE;EURCHF;s=1;prev=29;c=30;firstObs=false;slotOn=true;inWindow=true;time_close=08-10 06:21
2026-08-10T06:20:00.000+01:00,DIAG-DEDUP;EURCHF;s=1;wOpened=08-10 05:33;nd=1;bestStored=08-10 05:00;bestStoredSlot=5;newWins=false
2026-08-10T06:20:00.000+01:00,DIAG-CLOSE;EURCHF;s=2;prev=12;c=13;firstObs=false;slotOn=true;inWindow=true;time_close=08-10 06:21
2026-08-10T06:20:00.000+01:00,DIAG-DEDUP;EURCHF;s=2;wOpened=08-10 05:38;nd=1;bestStored=08-10 05:00;bestStoredSlot=5;newWins=false
2026-08-10T06:20:00.000+01:00,DIAG-CLOSE;EURCHF;s=3;prev=13;c=14;firstObs=false;slotOn=true;inWindow=true;time_close=08-10 06:21
2026-08-10T06:20:00.000+01:00,DIAG-DEDUP;EURCHF;s=3;wOpened=08-10 05:38;nd=1;bestStored=08-10 05:00;bestStoredSlot=5;newWins=false
2026-08-10T06:20:00.000+01:00,DIAG-CLOSE;EURCHF;s=4;prev=5;c=6;firstObs=false;slotOn=true;inWindow=true;time_close=08-10 06:21
2026-08-10T06:20:00.000+01:00,DIAG-DEDUP;EURCHF;s=4;wOpened=08-10 05:39;nd=1;bestStored=08-10 05:00;bestStoredSlot=5;newWins=false
2026-08-10T06:20:00.000+01:00,DIAG-CLOSE;EURCHF;s=7;prev=0;c=1;firstObs=false;slotOn=true;inWindow=true;time_close=08-10 06:21
2026-08-10T06:20:00.000+01:00,DIAG-DEDUP;EURCHF;s=7;wOpened=08-10 04:59;nd=1;bestStored=08-10 05:00;bestStoredSlot=5;newWins=true
2026-08-10T06:29:00.000+01:00,DIAG-CLOSE;GBPCAD;s=5;prev=7;c=8;firstObs=false;slotOn=true;inWindow=true;time_close=08-10 06:30
2026-08-10T06:29:00.000+01:00,DIAG-DEDUP;GBPCAD;s=5;wOpened=08-10 06:10;nd=0;bestStored=none;bestStoredSlot=-1;newWins=true
2026-08-10T06:29:00.000+01:00,DIAG-CLOSE;GBPCAD;s=6;prev=6;c=7;firstObs=false;slotOn=true;inWindow=true;time_close=08-10 06:30
2026-08-10T06:29:00.000+01:00,DIAG-DEDUP;GBPCAD;s=6;wOpened=08-10 06:28;nd=1;bestStored=08-10 06:10;bestStoredSlot=5;newWins=false
2026-08-10T06:40:00.000+01:00,DIAG-CLOSE;USDCHF;s=1;prev=33;c=34;firstObs=false;slotOn=true;inWindow=true;time_close=08-10 06:41
2026-08-10T06:40:00.000+01:00,DIAG-DEDUP;USDCHF;s=1;wOpened=08-10 06:22;nd=0;bestStored=none;bestStoredSlot=-1;newWins=true
2026-08-10T06:40:00.000+01:00,DIAG-CLOSE;USDCHF;s=2;prev=13;c=14;firstObs=false;slotOn=true;inWindow=true;time_close=08-10 06:41
2026-08-10T06:40:00.000+01:00,DIAG-DEDUP;USDCHF;s=2;wOpened=08-10 06:28;nd=1;bestStored=08-10 06:22;bestStoredSlot=1;newWins=false
2026-08-10T06:40:00.000+01:00,DIAG-CLOSE;EURGBP;s=0;prev=32;c=33;firstObs=false;slotOn=true;inWindow=true;time_close=08-10 06:41
2026-08-10T06:40:00.000+01:00,DIAG-DEDUP;EURGBP;s=0;wOpened=08-10 06:39;nd=0;bestStored=none;bestStoredSlot=-1;newWins=true
2026-08-10T06:40:00.000+01:00,DIAG-CLOSE;EURGBP;s=1;prev=31;c=32;firstObs=false;slotOn=true;inWindow=true;time_close=08-10 06:41
2026-08-10T06:40:00.000+01:00,DIAG-DEDUP;EURGBP;s=1;wOpened=08-10 06:39;nd=1;bestStored=08-10 06:39;bestStoredSlot=0;newWins=true
2026-08-10T06:43:00.000+01:00,DIAG-CLOSE;EURUSD;s=0;prev=30;c=31;firstObs=false;slotOn=true;inWindow=true;time_close=08-10 06:44
2026-08-10T06:43:00.000+01:00,DIAG-DEDUP;EURUSD;s=0;wOpened=08-10 06:17;nd=0;bestStored=none;bestStoredSlot=-1;newWins=true
2026-08-10T06:43:00.000+01:00,DIAG-CLOSE;EURUSD;s=3;prev=17;c=18;firstObs=false;slotOn=true;inWindow=true;time_close=08-10 06:44
2026-08-10T06:43:00.000+01:00,DIAG-DEDUP;EURUSD;s=3;wOpened=08-10 06:40;nd=1;bestStored=08-10 06:17;bestStoredSlot=0;newWins=false
2026-08-10T06:54:00.000+01:00,DIAG-CLOSE;USDCHF;s=0;prev=33;c=34;firstObs=false;slotOn=true;inWindow=true;time_close=08-10 06:55
2026-08-10T06:54:00.000+01:00,DIAG-DEDUP;USDCHF;s=0;wOpened=08-10 06:22;nd=1;bestStored=08-10 06:22;bestStoredSlot=1;newWins=false
2026-08-10T06:54:00.000+01:00,DIAG-CLOSE;USDCHF;s=3;prev=11;c=12;firstObs=false;slotOn=true;inWindow=true;time_close=08-10 06:55
2026-08-10T06:54:00.000+01:00,DIAG-DEDUP;USDCHF;s=3;wOpened=08-10 06:28;nd=1;bestStored=08-10 06:22;bestStoredSlot=1;newWins=false
2026-08-10T06:54:00.000+01:00,DIAG-CLOSE;EURCAD;s=0;prev=19;c=20;firstObs=false;slotOn=true;inWindow=true;time_close=08-10 06:55
2026-08-10T06:54:00.000+01:00,DIAG-DEDUP;EURCAD;s=0;wOpened=08-10 06:26;nd=0;bestStored=none;bestStoredSlot=-1;newWins=true
2026-08-10T06:54:00.000+01:00,DIAG-CLOSE;EURCAD;s=1;prev=20;c=21;firstObs=false;slotOn=true;inWindow=true;time_close=08-10 06:55
2026-08-10T06:54:00.000+01:00,DIAG-DEDUP;EURCAD;s=1;wOpened=08-10 06:15;nd=1;bestStored=08-10 06:26;bestStoredSlot=0;newWins=true
2026-08-10T06:54:00.000+01:00,DIAG-CLOSE;EURCAD;s=2;prev=9;c=10;firstObs=false;slotOn=true;inWindow=true;time_close=08-10 06:55
2026-08-10T06:54:00.000+01:00,DIAG-DEDUP;EURCAD;s=2;wOpened=08-10 06:26;nd=1;bestStored=08-10 06:15;bestStoredSlot=1;newWins=false
2026-08-10T06:54:00.000+01:00,DIAG-CLOSE;EURCAD;s=3;prev=7;c=8;firstObs=false;slotOn=true;inWindow=true;time_close=08-10 06:55
2026-08-10T06:54:00.000+01:00,DIAG-DEDUP;EURCAD;s=3;wOpened=08-10 06:27;nd=1;bestStored=08-10 06:15;bestStoredSlot=1;newWins=false
2026-08-10T06:54:00.000+01:00,DIAG-CLOSE;EURCAD;s=4;prev=4;c=5;firstObs=false;slotOn=true;inWindow=true;time_close=08-10 06:55
2026-08-10T06:54:00.000+01:00,DIAG-DEDUP;EURCAD;s=4;wOpened=08-10 06:27;nd=1;bestStored=08-10 06:15;bestStoredSlot=1;newWins=false
2026-08-10T06:54:00.000+01:00,DIAG-CLOSE;EURCAD;s=5;prev=4;c=5;firstObs=false;slotOn=true;inWindow=true;time_close=08-10 06:55
2026-08-10T06:54:00.000+01:00,DIAG-DEDUP;EURCAD;s=5;wOpened=08-10 06:33;nd=1;bestStored=08-10 06:15;bestStoredSlot=1;newWins=false
2026-08-10T06:54:00.000+01:00,DIAG-CLOSE;CADCHF;s=0;prev=25;c=26;firstObs=false;slotOn=true;inWindow=true;time_close=08-10 06:55
2026-08-10T06:54:00.000+01:00,DIAG-DEDUP;CADCHF;s=0;wOpened=08-10 06:16;nd=0;bestStored=none;bestStoredSlot=-1;newWins=true
2026-08-10T06:54:00.000+01:00,DIAG-CLOSE;CADCHF;s=1;prev=26;c=27;firstObs=false;slotOn=true;inWindow=true;time_close=08-10 06:55
2026-08-10T06:54:00.000+01:00,DIAG-DEDUP;CADCHF;s=1;wOpened=08-10 06:16;nd=1;bestStored=08-10 06:16;bestStoredSlot=0;newWins=true
2026-08-10T06:54:00.000+01:00,DIAG-CLOSE;CADCHF;s=2;prev=16;c=17;firstObs=false;slotOn=true;inWindow=true;time_close=08-10 06:55
2026-08-10T06:54:00.000+01:00,DIAG-DEDUP;CADCHF;s=2;wOpened=08-10 06:35;nd=1;bestStored=08-10 06:16;bestStoredSlot=1;newWins=false
2026-08-10T06:54:00.000+01:00,DIAG-CLOSE;CADCHF;s=3;prev=17;c=18;firstObs=false;slotOn=true;inWindow=true;time_close=08-10 06:55
2026-08-10T06:54:00.000+01:00,DIAG-DEDUP;CADCHF;s=3;wOpened=08-10 06:35;nd=1;bestStored=08-10 06:16;bestStoredSlot=1;newWins=false
2026-08-10T06:54:00.000+01:00,DIAG-CLOSE;CADCHF;s=4;prev=7;c=8;firstObs=false;slotOn=true;inWindow=true;time_close=08-10 06:55
2026-08-10T06:54:00.000+01:00,DIAG-DEDUP;CADCHF;s=4;wOpened=08-10 06:39;nd=1;bestStored=08-10 06:16;bestStoredSlot=1;newWins=false
2026-08-10T06:54:00.000+01:00,DIAG-CLOSE;CADCHF;s=5;prev=8;c=9;firstObs=false;slotOn=true;inWindow=true;time_close=08-10 06:55
2026-08-10T06:54:00.000+01:00,DIAG-DEDUP;CADCHF;s=5;wOpened=08-10 06:39;nd=1;bestStored=08-10 06:16;bestStoredSlot=1;newWins=false
2026-08-10T06:56:00.000+01:00,DIAG-CLOSE;GBPCAD;s=0;prev=31;c=32;firstObs=false;slotOn=true;inWindow=true;time_close=08-10 06:57
2026-08-10T06:56:00.000+01:00,DIAG-DEDUP;GBPCAD;s=0;wOpened=08-10 06:09;nd=1;bestStored=08-10 06:10;bestStoredSlot=5;newWins=true
2026-08-10T06:56:00.000+01:00,DIAG-CLOSE;GBPCAD;s=1;prev=32;c=33;firstObs=false;slotOn=true;inWindow=true;time_close=08-10 06:57
2026-08-10T06:56:00.000+01:00,DIAG-DEDUP;GBPCAD;s=1;wOpened=08-10 06:09;nd=1;bestStored=08-10 06:09;bestStoredSlot=0;newWins=true
2026-08-10T06:56:00.000+01:00,DIAG-CLOSE;GBPCAD;s=2;prev=14;c=15;firstObs=false;slotOn=true;inWindow=true;time_close=08-10 06:57
2026-08-10T06:56:00.000+01:00,DIAG-DEDUP;GBPCAD;s=2;wOpened=08-10 06:10;nd=1;bestStored=08-10 06:09;bestStoredSlot=1;newWins=false
2026-08-10T06:56:00.000+01:00,DIAG-CLOSE;GBPCAD;s=3;prev=12;c=13;firstObs=false;slotOn=true;inWindow=true;time_close=08-10 06:57
2026-08-10T06:56:00.000+01:00,DIAG-DEDUP;GBPCAD;s=3;wOpened=08-10 06:10;nd=1;bestStored=08-10 06:09;bestStoredSlot=1;newWins=false
2026-08-10T06:56:00.000+01:00,DIAG-CLOSE;GBPCAD;s=4;prev=7;c=8;firstObs=false;slotOn=true;inWindow=true;time_close=08-10 06:57
2026-08-10T06:56:00.000+01:00,DIAG-DEDUP;GBPCAD;s=4;wOpened=08-10 06:33;nd=1;bestStored=08-10 06:09;bestStoredSlot=1;newWins=false
2026-08-10T07:18:00.000+01:00,DIAG-CLOSE;USDJPY;s=0;prev=33;c=34;firstObs=false;slotOn=true;inWindow=true;time_close=08-10 07:19
2026-08-10T07:18:00.000+01:00,DIAG-DEDUP;USDJPY;s=0;wOpened=08-10 06:55;nd=0;bestStored=none;bestStoredSlot=-1;newWins=true
2026-08-10T07:18:00.000+01:00,DIAG-CLOSE;USDJPY;s=1;prev=33;c=34;firstObs=false;slotOn=true;inWindow=true;time_close=08-10 07:19
2026-08-10T07:18:00.000+01:00,DIAG-DEDUP;USDJPY;s=1;wOpened=08-10 06:55;nd=1;bestStored=08-10 06:55;bestStoredSlot=0;newWins=true
2026-08-10T07:18:00.000+01:00,DIAG-CLOSE;USDJPY;s=2;prev=17;c=18;firstObs=false;slotOn=true;inWindow=true;time_close=08-10 07:19
2026-08-10T07:18:00.000+01:00,DIAG-DEDUP;USDJPY;s=2;wOpened=08-10 07:06;nd=1;bestStored=08-10 06:55;bestStoredSlot=1;newWins=false
2026-08-10T07:18:00.000+01:00,DIAG-CLOSE;USDJPY;s=3;prev=17;c=18;firstObs=false;slotOn=true;inWindow=true;time_close=08-10 07:19
2026-08-10T07:18:00.000+01:00,DIAG-DEDUP;USDJPY;s=3;wOpened=08-10 07:06;nd=1;bestStored=08-10 06:55;bestStoredSlot=1;newWins=false
2026-08-10T07:47:00.000+01:00,DIAG-CLOSE;GBPUSD;s=0;prev=26;c=27;firstObs=false;slotOn=true;inWindow=true;time_close=08-10 07:48
2026-08-10T07:47:00.000+01:00,DIAG-DEDUP;GBPUSD;s=0;wOpened=08-10 07:10;nd=0;bestStored=none;bestStoredSlot=-1;newWins=true
2026-08-10T07:47:00.000+01:00,DIAG-CLOSE;GBPUSD;s=1;prev=24;c=25;firstObs=false;slotOn=true;inWindow=true;time_close=08-10 07:48
2026-08-10T07:47:00.000+01:00,DIAG-DEDUP;GBPUSD;s=1;wOpened=08-10 07:10;nd=1;bestStored=08-10 07:10;bestStoredSlot=0;newWins=true
2026-08-10T07:47:00.000+01:00,DIAG-CLOSE;GBPUSD;s=2;prev=14;c=15;firstObs=false;slotOn=true;inWindow=true;time_close=08-10 07:48
2026-08-10T07:47:00.000+01:00,DIAG-DEDUP;GBPUSD;s=2;wOpened=08-10 07:11;nd=1;bestStored=08-10 07:10;bestStoredSlot=1;newWins=false
2026-08-10T07:47:00.000+01:00,DIAG-CLOSE;GBPUSD;s=3;prev=14;c=15;firstObs=false;slotOn=true;inWindow=true;time_close=08-10 07:48
2026-08-10T07:47:00.000+01:00,DIAG-DEDUP;GBPUSD;s=3;wOpened=08-10 07:11;nd=1;bestStored=08-10 07:10;bestStoredSlot=1;newWins=false
2026-08-10T08:40:00.000+01:00,DIAG-CLOSE;EURUSD;s=0;prev=31;c=32;firstObs=false;slotOn=true;inWindow=true;time_close=08-10 08:41
2026-08-10T08:40:00.000+01:00,DIAG-DEDUP;EURUSD;s=0;wOpened=08-10 08:27;nd=0;bestStored=none;bestStoredSlot=-1;newWins=true
2026-08-10T08:40:00.000+01:00,DIAG-CLOSE;EURUSD;s=1;prev=30;c=31;firstObs=false;slotOn=true;inWindow=true;time_close=08-10 08:41
2026-08-10T08:40:00.000+01:00,DIAG-DEDUP;EURUSD;s=1;wOpened=08-10 06:17;nd=2;bestStored=08-10 06:17;bestStoredSlot=0;newWins=true
2026-08-10T08:40:00.000+01:00,DIAG-CLOSE;EURUSD;s=2;prev=15;c=16;firstObs=false;slotOn=true;inWindow=true;time_close=08-10 08:41
2026-08-10T08:40:00.000+01:00,DIAG-DEDUP;EURUSD;s=2;wOpened=08-10 06:40;nd=1;bestStored=08-10 06:17;bestStoredSlot=1;newWins=false
2026-08-10T08:40:00.000+01:00,DIAG-CLOSE;EURUSD;s=3;prev=18;c=19;firstObs=false;slotOn=true;inWindow=true;time_close=08-10 08:41
2026-08-10T08:40:00.000+01:00,DIAG-DEDUP;EURUSD;s=3;wOpened=08-10 08:32;nd=1;bestStored=08-10 06:17;bestStoredSlot=1;newWins=false
2026-08-10T08:40:00.000+01:00,DIAG-CLOSE;EURUSD;s=4;prev=8;c=9;firstObs=false;slotOn=true;inWindow=true;time_close=08-10 08:41
2026-08-10T08:40:00.000+01:00,DIAG-DEDUP;EURUSD;s=4;wOpened=08-10 06:57;nd=1;bestStored=08-10 06:17;bestStoredSlot=1;newWins=false
2026-08-10T08:40:00.000+01:00,DIAG-CLOSE;EURUSD;s=5;prev=6;c=7;firstObs=false;slotOn=true;inWindow=true;time_close=08-10 08:41
2026-08-10T08:40:00.000+01:00,DIAG-DEDUP;EURUSD;s=5;wOpened=08-10 06:57;nd=1;bestStored=08-10 06:17;bestStoredSlot=1;newWins=false
2026-08-10T09:09:00.000+01:00,DIAG-CLOSE;AUDUSD;s=0;prev=18;c=19;firstObs=false;slotOn=true;inWindow=true;time_close=08-10 09:10
2026-08-10T09:09:00.000+01:00,DIAG-DEDUP;AUDUSD;s=0;wOpened=08-10 09:08;nd=0;bestStored=none;bestStoredSlot=-1;newWins=true
2026-08-10T09:09:00.000+01:00,DIAG-CLOSE;AUDUSD;s=1;prev=18;c=19;firstObs=false;slotOn=true;inWindow=true;time_close=08-10 09:10
2026-08-10T09:09:00.000+01:00,DIAG-DEDUP;AUDUSD;s=1;wOpened=08-10 09:08;nd=1;bestStored=08-10 09:08;bestStoredSlot=0;newWins=true
2026-08-10T09:09:00.000+01:00,DIAG-CLOSE;AUDUSD;s=6;prev=4;c=5;firstObs=false;slotOn=true;inWindow=true;time_close=08-10 09:10
2026-08-10T09:09:00.000+01:00,DIAG-DEDUP;AUDUSD;s=6;wOpened=08-10 08:40;nd=1;bestStored=08-10 09:08;bestStoredSlot=1;newWins=true
2026-08-10T09:14:00.000+01:00,DIAG-CLOSE;EURJPY;s=2;prev=12;c=13;firstObs=false;slotOn=true;inWindow=true;time_close=08-10 09:15
2026-08-10T09:14:00.000+01:00,DIAG-DEDUP;EURJPY;s=2;wOpened=08-10 09:13;nd=0;bestStored=none;bestStoredSlot=-1;newWins=true
2026-08-10T09:19:00.000+01:00,DIAG-CLOSE;CADJPY;s=0;prev=28;c=29;firstObs=false;slotOn=true;inWindow=true;time_close=08-10 09:20
2026-08-10T09:19:00.000+01:00,DIAG-DEDUP;CADJPY;s=0;wOpened=08-10 08:55;nd=0;bestStored=none;bestStoredSlot=-1;newWins=true
2026-08-10T09:19:00.000+01:00,DIAG-CLOSE;CADJPY;s=1;prev=27;c=28;firstObs=false;slotOn=true;inWindow=true;time_close=08-10 09:20
2026-08-10T09:19:00.000+01:00,DIAG-DEDUP;CADJPY;s=1;wOpened=08-10 08:55;nd=1;bestStored=08-10 08:55;bestStoredSlot=0;newWins=true
2026-08-10T09:19:00.000+01:00,DIAG-CLOSE;CADJPY;s=2;prev=12;c=13;firstObs=false;slotOn=true;inWindow=true;time_close=08-10 09:20
2026-08-10T09:19:00.000+01:00,DIAG-DEDUP;CADJPY;s=2;wOpened=08-10 09:18;nd=1;bestStored=08-10 08:55;bestStoredSlot=1;newWins=false
2026-08-10T09:19:00.000+01:00,DIAG-CLOSE;CADJPY;s=3;prev=11;c=12;firstObs=false;slotOn=true;inWindow=true;time_close=08-10 09:20
2026-08-10T09:19:00.000+01:00,DIAG-DEDUP;CADJPY;s=3;wOpened=08-10 09:18;nd=1;bestStored=08-10 08:55;bestStoredSlot=1;newWins=false
2026-08-10T09:30:00.000+01:00,DIAG-CLOSE;AUDCHF;s=0;prev=23;c=24;firstObs=false;slotOn=true;inWindow=true;time_close=08-10 09:31
2026-08-10T09:30:00.000+01:00,DIAG-DEDUP;AUDCHF;s=0;wOpened=08-10 09:15;nd=0;bestStored=none;bestStoredSlot=-1;newWins=true
2026-08-10T09:30:00.000+01:00,DIAG-CLOSE;AUDCHF;s=1;prev=28;c=29;firstObs=false;slotOn=true;inWindow=true;time_close=08-10 09:31
2026-08-10T09:30:00.000+01:00,DIAG-DEDUP;AUDCHF;s=1;wOpened=08-10 09:15;nd=1;bestStored=08-10 09:15;bestStoredSlot=0;newWins=true
2026-08-10T09:33:00.000+01:00,DIAG-CLOSE;EURJPY;s=0;prev=25;c=26;firstObs=false;slotOn=true;inWindow=true;time_close=08-10 09:34
2026-08-10T09:33:00.000+01:00,DIAG-DEDUP;EURJPY;s=0;wOpened=08-10 08:47;nd=1;bestStored=08-10 09:13;bestStoredSlot=2;newWins=true
2026-08-10T09:33:00.000+01:00,DIAG-CLOSE;EURJPY;s=1;prev=25;c=26;firstObs=false;slotOn=true;inWindow=true;time_close=08-10 09:34
2026-08-10T09:33:00.000+01:00,DIAG-DEDUP;EURJPY;s=1;wOpened=08-10 08:47;nd=1;bestStored=08-10 08:47;bestStoredSlot=0;newWins=true
2026-08-10T09:33:00.000+01:00,DIAG-CLOSE;EURJPY;s=3;prev=12;c=13;firstObs=false;slotOn=true;inWindow=true;time_close=08-10 09:34
2026-08-10T09:33:00.000+01:00,DIAG-DEDUP;EURJPY;s=3;wOpened=08-10 09:13;nd=1;bestStored=08-10 08:47;bestStoredSlot=1;newWins=false
2026-08-10T09:33:00.000+01:00,DIAG-CLOSE;EURJPY;s=7;prev=5;c=6;firstObs=false;slotOn=true;inWindow=true;time_close=08-10 09:34
2026-08-10T09:33:00.000+01:00,DIAG-DEDUP;EURJPY;s=7;wOpened=08-10 09:18;nd=1;bestStored=08-10 08:47;bestStoredSlot=1;newWins=false
2026-08-10T09:49:00.000+01:00,DIAG-CLOSE;EURAUD;s=1;prev=27;c=28;firstObs=false;slotOn=true;inWindow=true;time_close=08-10 09:50
2026-08-10T09:49:00.000+01:00,DIAG-DEDUP;EURAUD;s=1;wOpened=08-10 09:05;nd=0;bestStored=none;bestStoredSlot=-1;newWins=true
2026-08-10T09:49:00.000+01:00,DIAG-CLOSE;EURAUD;s=2;prev=15;c=16;firstObs=false;slotOn=true;inWindow=true;time_close=08-10 09:50
2026-08-10T09:49:00.000+01:00,DIAG-DEDUP;EURAUD;s=2;wOpened=08-10 09:08;nd=1;bestStored=08-10 09:05;bestStoredSlot=1;newWins=false
2026-08-10T09:49:00.000+01:00,DIAG-CLOSE;EURAUD;s=4;prev=9;c=10;firstObs=false;slotOn=true;inWindow=true;time_close=08-10 09:50
2026-08-10T09:49:00.000+01:00,DIAG-DEDUP;EURAUD;s=4;wOpened=08-10 09:46;nd=1;bestStored=08-10 09:05;bestStoredSlot=1;newWins=false
2026-08-10T10:03:00.000+01:00,DIAG-CLOSE;EURAUD;s=0;prev=28;c=29;firstObs=false;slotOn=true;inWindow=true;time_close=08-10 10:04
2026-08-10T10:03:00.000+01:00,DIAG-DEDUP;EURAUD;s=0;wOpened=08-10 09:05;nd=1;bestStored=08-10 09:05;bestStoredSlot=1;newWins=false
2026-08-10T10:03:00.000+01:00,DIAG-CLOSE;EURAUD;s=3;prev=13;c=14;firstObs=false;slotOn=true;inWindow=true;time_close=08-10 10:04
2026-08-10T10:03:00.000+01:00,DIAG-DEDUP;EURAUD;s=3;wOpened=08-10 09:08;nd=1;bestStored=08-10 09:05;bestStoredSlot=1;newWins=false
2026-08-10T10:03:00.000+01:00,DIAG-CLOSE;EURAUD;s=7;prev=2;c=3;firstObs=false;slotOn=true;inWindow=true;time_close=08-10 10:04
2026-08-10T10:03:00.000+01:00,DIAG-DEDUP;EURAUD;s=7;wOpened=08-10 09:47;nd=1;bestStored=08-10 09:05;bestStoredSlot=1;newWins=false
2026-08-10T10:38:00.000+01:00,DIAG-CLOSE;USDCAD;s=0;prev=26;c=27;firstObs=false;slotOn=true;inWindow=true;time_close=08-10 10:39
2026-08-10T10:38:00.000+01:00,DIAG-DEDUP;USDCAD;s=0;wOpened=08-10 10:04;nd=0;bestStored=none;bestStoredSlot=-1;newWins=true
2026-08-10T10:38:00.000+01:00,DIAG-CLOSE;USDCAD;s=1;prev=29;c=30;firstObs=false;slotOn=true;inWindow=true;time_close=08-10 10:39
2026-08-10T10:38:00.000+01:00,DIAG-DEDUP;USDCAD;s=1;wOpened=08-10 10:04;nd=1;bestStored=08-10 10:04;bestStoredSlot=0;newWins=true
2026-08-10T10:38:00.000+01:00,DIAG-CLOSE;USDCAD;s=2;prev=15;c=16;firstObs=false;slotOn=true;inWindow=true;time_close=08-10 10:39
2026-08-10T10:38:00.000+01:00,DIAG-DEDUP;USDCAD;s=2;wOpened=08-10 10:08;nd=1;bestStored=08-10 10:04;bestStoredSlot=1;newWins=false
2026-08-10T10:38:00.000+01:00,DIAG-CLOSE;USDCAD;s=3;prev=16;c=17;firstObs=false;slotOn=true;inWindow=true;time_close=08-10 10:39
2026-08-10T10:38:00.000+01:00,DIAG-DEDUP;USDCAD;s=3;wOpened=08-10 10:08;nd=1;bestStored=08-10 10:04;bestStoredSlot=1;newWins=false
2026-08-10T10:38:00.000+01:00,DIAG-CLOSE;USDCAD;s=5;prev=11;c=12;firstObs=false;slotOn=true;inWindow=true;time_close=08-10 10:39
2026-08-10T10:38:00.000+01:00,DIAG-DEDUP;USDCAD;s=5;wOpened=08-10 10:08;nd=1;bestStored=08-10 10:04;bestStoredSlot=1;newWins=false
2026-08-10T10:55:00.000+01:00,DIAG-CLOSE;GBPAUD;s=0;prev=23;c=24;firstObs=false;slotOn=true;inWindow=true;time_close=08-10 10:56
2026-08-10T10:55:00.000+01:00,DIAG-DEDUP;GBPAUD;s=0;wOpened=08-10 10:46;nd=0;bestStored=none;bestStoredSlot=-1;newWins=true
2026-08-10T11:13:00.000+01:00,DIAG-CLOSE;EURGBP;s=0;prev=33;c=34;firstObs=false;slotOn=true;inWindow=true;time_close=08-10 11:14
2026-08-10T11:13:00.000+01:00,DIAG-DEDUP;EURGBP;s=0;wOpened=08-10 11:12;nd=0;bestStored=none;bestStoredSlot=-1;newWins=true
2026-08-10T11:13:00.000+01:00,DIAG-CLOSE;EURGBP;s=1;prev=32;c=33;firstObs=false;slotOn=true;inWindow=true;time_close=08-10 11:14
2026-08-10T11:13:00.000+01:00,DIAG-DEDUP;EURGBP;s=1;wOpened=08-10 11:12;nd=1;bestStored=08-10 11:12;bestStoredSlot=0;newWins=true
2026-08-10T12:13:00.000+01:00,DIAG-CLOSE;GBPUSD;s=6;prev=7;c=8;firstObs=false;slotOn=true;inWindow=true;time_close=08-10 12:14
2026-08-10T12:13:00.000+01:00,DIAG-DEDUP;GBPUSD;s=6;wOpened=08-10 12:04;nd=0;bestStored=none;bestStoredSlot=-1;newWins=true
2026-08-10T12:15:00.000+01:00,DIAG-CLOSE;GBPUSD;s=5;prev=8;c=9;firstObs=false;slotOn=true;inWindow=true;time_close=08-10 12:16
2026-08-10T12:15:00.000+01:00,DIAG-DEDUP;GBPUSD;s=5;wOpened=08-10 12:04;nd=1;bestStored=08-10 12:04;bestStoredSlot=6;newWins=false
2026-08-10T12:22:00.000+01:00,DIAG-CLOSE;EURCHF;s=0;prev=30;c=31;firstObs=false;slotOn=true;inWindow=true;time_close=08-10 12:23
2026-08-10T12:22:00.000+01:00,DIAG-DEDUP;EURCHF;s=0;wOpened=08-10 12:15;nd=0;bestStored=none;bestStoredSlot=-1;newWins=true
2026-08-10T12:22:00.000+01:00,DIAG-CLOSE;EURCHF;s=1;prev=30;c=31;firstObs=false;slotOn=true;inWindow=true;time_close=08-10 12:23
2026-08-10T12:22:00.000+01:00,DIAG-DEDUP;EURCHF;s=1;wOpened=08-10 12:15;nd=1;bestStored=08-10 12:15;bestStoredSlot=0;newWins=true
2026-08-10T12:22:00.000+01:00,DIAG-CLOSE;EURCHF;s=2;prev=13;c=14;firstObs=false;slotOn=true;inWindow=true;time_close=08-10 12:23
2026-08-10T12:22:00.000+01:00,DIAG-DEDUP;EURCHF;s=2;wOpened=08-10 12:21;nd=1;bestStored=08-10 12:15;bestStoredSlot=1;newWins=false
2026-08-10T12:22:00.000+01:00,DIAG-CLOSE;EURCHF;s=3;prev=14;c=15;firstObs=false;slotOn=true;inWindow=true;time_close=08-10 12:23
2026-08-10T12:22:00.000+01:00,DIAG-DEDUP;EURCHF;s=3;wOpened=08-10 12:21;nd=1;bestStored=08-10 12:15;bestStoredSlot=1;newWins=false
2026-08-10T12:22:00.000+01:00,DIAG-CLOSE;GBPAUD;s=0;prev=24;c=25;firstObs=false;slotOn=true;inWindow=true;time_close=08-10 12:23
2026-08-10T12:22:00.000+01:00,DIAG-DEDUP;GBPAUD;s=0;wOpened=08-10 12:15;nd=0;bestStored=none;bestStoredSlot=-1;newWins=true
2026-08-10T12:22:00.000+01:00,DIAG-CLOSE;GBPAUD;s=1;prev=24;c=25;firstObs=false;slotOn=true;inWindow=true;time_close=08-10 12:23
2026-08-10T12:22:00.000+01:00,DIAG-DEDUP;GBPAUD;s=1;wOpened=08-10 12:15;nd=1;bestStored=08-10 12:15;bestStoredSlot=0;newWins=true
2026-08-10T12:22:00.000+01:00,DIAG-CLOSE;GBPAUD;s=2;prev=13;c=14;firstObs=false;slotOn=true;inWindow=true;time_close=08-10 12:23
2026-08-10T12:22:00.000+01:00,DIAG-DEDUP;GBPAUD;s=2;wOpened=08-10 12:16;nd=1;bestStored=08-10 12:15;bestStoredSlot=1;newWins=false
2026-08-10T12:22:00.000+01:00,DIAG-CLOSE;GBPAUD;s=3;prev=13;c=14;firstObs=false;slotOn=true;inWindow=true;time_close=08-10 12:23
2026-08-10T12:22:00.000+01:00,DIAG-DEDUP;GBPAUD;s=3;wOpened=08-10 12:16;nd=1;bestStored=08-10 12:15;bestStoredSlot=1;newWins=false
2026-08-10T12:36:00.000+01:00,DIAG-CLOSE;GBPCAD;s=0;prev=32;c=33;firstObs=false;slotOn=true;inWindow=true;time_close=08-10 12:37
2026-08-10T12:36:00.000+01:00,DIAG-DEDUP;GBPCAD;s=0;wOpened=08-10 11:58;nd=0;bestStored=none;bestStoredSlot=-1;newWins=true
2026-08-10T12:36:00.000+01:00,DIAG-CLOSE;GBPCAD;s=1;prev=33;c=34;firstObs=false;slotOn=true;inWindow=true;time_close=08-10 12:37
2026-08-10T12:36:00.000+01:00,DIAG-DEDUP;GBPCAD;s=1;wOpened=08-10 11:58;nd=1;bestStored=08-10 11:58;bestStoredSlot=0;newWins=true
2026-08-10T12:36:00.000+01:00,DIAG-CLOSE;GBPCAD;s=2;prev=15;c=16;firstObs=false;slotOn=true;inWindow=true;time_close=08-10 12:37
2026-08-10T12:36:00.000+01:00,DIAG-DEDUP;GBPCAD;s=2;wOpened=08-10 12:15;nd=1;bestStored=08-10 11:58;bestStoredSlot=1;newWins=false
2026-08-10T12:36:00.000+01:00,DIAG-CLOSE;GBPCAD;s=3;prev=13;c=14;firstObs=false;slotOn=true;inWindow=true;time_close=08-10 12:37
2026-08-10T12:36:00.000+01:00,DIAG-DEDUP;GBPCAD;s=3;wOpened=08-10 12:15;nd=1;bestStored=08-10 11:58;bestStoredSlot=1;newWins=false
2026-08-10T12:36:00.000+01:00,DIAG-CLOSE;CADCHF;s=0;prev=26;c=27;firstObs=false;slotOn=true;inWindow=true;time_close=08-10 12:37
2026-08-10T12:36:00.000+01:00,DIAG-DEDUP;CADCHF;s=0;wOpened=08-10 12:35;nd=0;bestStored=none;bestStoredSlot=-1;newWins=true
2026-08-10T12:36:00.000+01:00,DIAG-CLOSE;CADCHF;s=1;prev=27;c=28;firstObs=false;slotOn=true;inWindow=true;time_close=08-10 12:37
2026-08-10T12:36:00.000+01:00,DIAG-DEDUP;CADCHF;s=1;wOpened=08-10 12:35;nd=1;bestStored=08-10 12:35;bestStoredSlot=0;newWins=true
2026-08-10T12:40:00.000+01:00,DIAG-CLOSE;AUDJPY;s=0;prev=22;c=23;firstObs=false;slotOn=true;inWindow=true;time_close=08-10 12:41
2026-08-10T12:40:00.000+01:00,DIAG-DEDUP;AUDJPY;s=0;wOpened=08-10 12:21;nd=0;bestStored=none;bestStoredSlot=-1;newWins=true
2026-08-10T12:42:00.000+01:00,DIAG-CLOSE;EURGBP;s=0;prev=34;c=35;firstObs=false;slotOn=true;inWindow=true;time_close=08-10 12:43
2026-08-10T12:42:00.000+01:00,DIAG-DEDUP;EURGBP;s=0;wOpened=08-10 12:23;nd=0;bestStored=none;bestStoredSlot=-1;newWins=true
2026-08-10T12:42:00.000+01:00,DIAG-CLOSE;EURGBP;s=1;prev=33;c=34;firstObs=false;slotOn=true;inWindow=true;time_close=08-10 12:43
2026-08-10T12:42:00.000+01:00,DIAG-DEDUP;EURGBP;s=1;wOpened=08-10 12:23;nd=1;bestStored=08-10 12:23;bestStoredSlot=0;newWins=true
2026-08-10T12:42:00.000+01:00,DIAG-CLOSE;EURGBP;s=2;prev=16;c=17;firstObs=false;slotOn=true;inWindow=true;time_close=08-10 12:43
2026-08-10T12:42:00.000+01:00,DIAG-DEDUP;EURGBP;s=2;wOpened=08-10 12:28;nd=1;bestStored=08-10 12:23;bestStoredSlot=1;newWins=false
2026-08-10T12:42:00.000+01:00,DIAG-CLOSE;EURGBP;s=3;prev=13;c=14;firstObs=false;slotOn=true;inWindow=true;time_close=08-10 12:43
2026-08-10T12:42:00.000+01:00,DIAG-DEDUP;EURGBP;s=3;wOpened=08-10 12:28;nd=1;bestStored=08-10 12:23;bestStoredSlot=1;newWins=false
2026-08-10T12:42:00.000+01:00,DIAG-CLOSE;EURGBP;s=4;prev=8;c=9;firstObs=false;slotOn=true;inWindow=true;time_close=08-10 12:43
2026-08-10T12:42:00.000+01:00,DIAG-DEDUP;EURGBP;s=4;wOpened=08-10 12:41;nd=1;bestStored=08-10 12:23;bestStoredSlot=1;newWins=false
2026-08-10T12:42:00.000+01:00,DIAG-CLOSE;EURGBP;s=5;prev=14;c=15;firstObs=false;slotOn=true;inWindow=true;time_close=08-10 12:43
2026-08-10T12:42:00.000+01:00,DIAG-DEDUP;EURGBP;s=5;wOpened=08-10 12:28;nd=1;bestStored=08-10 12:23;bestStoredSlot=1;newWins=false
2026-08-10T12:42:00.000+01:00,DIAG-CLOSE;EURGBP;s=6;prev=9;c=10;firstObs=false;slotOn=true;inWindow=true;time_close=08-10 12:43
2026-08-10T12:42:00.000+01:00,DIAG-DEDUP;EURGBP;s=6;wOpened=08-10 12:41;nd=1;bestStored=08-10 12:23;bestStoredSlot=1;newWins=false
2026-08-10T12:42:00.000+01:00,DIAG-CLOSE;GBPCHF;s=0;prev=25;c=26;firstObs=false;slotOn=true;inWindow=true;time_close=08-10 12:43
2026-08-10T12:42:00.000+01:00,DIAG-DEDUP;GBPCHF;s=0;wOpened=08-10 12:33;nd=0;bestStored=none;bestStoredSlot=-1;newWins=true
2026-08-10T12:42:00.000+01:00,DIAG-CLOSE;GBPCHF;s=1;prev=25;c=26;firstObs=false;slotOn=true;inWindow=true;time_close=08-10 12:43
2026-08-10T12:42:00.000+01:00,DIAG-DEDUP;GBPCHF;s=1;wOpened=08-10 12:26;nd=1;bestStored=08-10 12:33;bestStoredSlot=0;newWins=true
2026-08-10T12:42:00.000+01:00,DIAG-CLOSE;GBPCHF;s=2;prev=12;c=13;firstObs=false;slotOn=true;inWindow=true;time_close=08-10 12:43
2026-08-10T12:42:00.000+01:00,DIAG-DEDUP;GBPCHF;s=2;wOpened=08-10 12:33;nd=1;bestStored=08-10 12:26;bestStoredSlot=1;newWins=false
2026-08-10T12:53:00.000+01:00,DIAG-CLOSE;USDJPY;s=0;prev=34;c=35;firstObs=false;slotOn=true;inWindow=true;time_close=08-10 12:54
2026-08-10T12:53:00.000+01:00,DIAG-DEDUP;USDJPY;s=0;wOpened=08-10 11:53;nd=0;bestStored=none;bestStoredSlot=-1;newWins=true
2026-08-10T12:53:00.000+01:00,DIAG-CLOSE;USDJPY;s=1;prev=34;c=35;firstObs=false;slotOn=true;inWindow=true;time_close=08-10 12:54
2026-08-10T12:53:00.000+01:00,DIAG-DEDUP;USDJPY;s=1;wOpened=08-10 11:53;nd=1;bestStored=08-10 11:53;bestStoredSlot=0;newWins=true
2026-08-10T12:53:00.000+01:00,DIAG-CLOSE;USDJPY;s=2;prev=18;c=19;firstObs=false;slotOn=true;inWindow=true;time_close=08-10 12:54
2026-08-10T12:53:00.000+01:00,DIAG-DEDUP;USDJPY;s=2;wOpened=08-10 12:15;nd=1;bestStored=08-10 11:53;bestStoredSlot=1;newWins=false
2026-08-10T12:53:00.000+01:00,DIAG-CLOSE;USDJPY;s=3;prev=18;c=19;firstObs=false;slotOn=true;inWindow=true;time_close=08-10 12:54
2026-08-10T12:53:00.000+01:00,DIAG-DEDUP;USDJPY;s=3;wOpened=08-10 12:15;nd=1;bestStored=08-10 11:53;bestStoredSlot=1;newWins=false
2026-08-10T12:53:00.000+01:00,DIAG-CLOSE;USDJPY;s=4;prev=7;c=8;firstObs=false;slotOn=true;inWindow=true;time_close=08-10 12:54
2026-08-10T12:53:00.000+01:00,DIAG-DEDUP;USDJPY;s=4;wOpened=08-10 12:16;nd=1;bestStored=08-10 11:53;bestStoredSlot=1;newWins=false
2026-08-10T12:53:00.000+01:00,DIAG-CLOSE;USDJPY;s=5;prev=10;c=11;firstObs=false;slotOn=true;inWindow=true;time_close=08-10 12:54
2026-08-10T12:53:00.000+01:00,DIAG-DEDUP;USDJPY;s=5;wOpened=08-10 11:53;nd=1;bestStored=08-10 11:53;bestStoredSlot=1;newWins=true
2026-08-10T12:53:00.000+01:00,DIAG-CLOSE;USDJPY;s=7;prev=4;c=5;firstObs=false;slotOn=true;inWindow=true;time_close=08-10 12:54
2026-08-10T12:53:00.000+01:00,DIAG-DEDUP;USDJPY;s=7;wOpened=08-10 12:52;nd=1;bestStored=08-10 11:53;bestStoredSlot=5;newWins=false
2026-08-10T13:03:00.000+01:00,DIAG-CLOSE;GBPCHF;s=5;prev=11;c=12;firstObs=false;slotOn=true;inWindow=true;time_close=08-10 13:04
2026-08-10T13:03:00.000+01:00,DIAG-DEDUP;GBPCHF;s=5;wOpened=08-10 12:33;nd=1;bestStored=08-10 12:26;bestStoredSlot=1;newWins=false
2026-08-10T13:10:00.000+01:00,DIAG-CLOSE;CHFJPY;s=0;prev=27;c=28;firstObs=false;slotOn=true;inWindow=true;time_close=08-10 13:11
2026-08-10T13:10:00.000+01:00,DIAG-DEDUP;CHFJPY;s=0;wOpened=08-10 12:39;nd=0;bestStored=none;bestStoredSlot=-1;newWins=true
2026-08-10T13:10:00.000+01:00,DIAG-CLOSE;CHFJPY;s=1;prev=28;c=29;firstObs=false;slotOn=true;inWindow=true;time_close=08-10 13:11
2026-08-10T13:10:00.000+01:00,DIAG-DEDUP;CHFJPY;s=1;wOpened=08-10 12:39;nd=1;bestStored=08-10 12:39;bestStoredSlot=0;newWins=true
2026-08-10T13:10:00.000+01:00,DIAG-CLOSE;CHFJPY;s=2;prev=13;c=14;firstObs=false;slotOn=true;inWindow=true;time_close=08-10 13:11
2026-08-10T13:10:00.000+01:00,DIAG-DEDUP;CHFJPY;s=2;wOpened=08-10 12:40;nd=1;bestStored=08-10 12:39;bestStoredSlot=1;newWins=false
2026-08-10T13:10:00.000+01:00,DIAG-CLOSE;CHFJPY;s=3;prev=11;c=12;firstObs=false;slotOn=true;inWindow=true;time_close=08-10 13:11
2026-08-10T13:10:00.000+01:00,DIAG-DEDUP;CHFJPY;s=3;wOpened=08-10 12:40;nd=1;bestStored=08-10 12:39;bestStoredSlot=1;newWins=false
2026-08-10T13:10:00.000+01:00,DIAG-CLOSE;CHFJPY;s=4;prev=5;c=6;firstObs=false;slotOn=true;inWindow=true;time_close=08-10 13:11
2026-08-10T13:10:00.000+01:00,DIAG-DEDUP;CHFJPY;s=4;wOpened=08-10 13:09;nd=1;bestStored=08-10 12:39;bestStoredSlot=1;newWins=false
2026-08-10T13:21:00.000+01:00,DIAG-CLOSE;GBPUSD;s=0;prev=27;c=28;firstObs=false;slotOn=true;inWindow=true;time_close=08-10 13:22
2026-08-10T13:21:00.000+01:00,DIAG-DEDUP;GBPUSD;s=0;wOpened=08-10 12:57;nd=0;bestStored=none;bestStoredSlot=-1;newWins=true
2026-08-10T13:21:00.000+01:00,DIAG-CLOSE;GBPUSD;s=1;prev=25;c=26;firstObs=false;slotOn=true;inWindow=true;time_close=08-10 13:22
2026-08-10T13:21:00.000+01:00,DIAG-DEDUP;GBPUSD;s=1;wOpened=08-10 12:57;nd=1;bestStored=08-10 12:57;bestStoredSlot=0;newWins=true
2026-08-10T13:21:00.000+01:00,DIAG-CLOSE;GBPUSD;s=2;prev=15;c=16;firstObs=false;slotOn=true;inWindow=true;time_close=08-10 13:22
2026-08-10T13:21:00.000+01:00,DIAG-DEDUP;GBPUSD;s=2;wOpened=08-10 12:58;nd=1;bestStored=08-10 12:57;bestStoredSlot=1;newWins=false
2026-08-10T13:21:00.000+01:00,DIAG-CLOSE;GBPUSD;s=3;prev=15;c=16;firstObs=false;slotOn=true;inWindow=true;time_close=08-10 13:22
2026-08-10T13:21:00.000+01:00,DIAG-DEDUP;GBPUSD;s=3;wOpened=08-10 12:58;nd=1;bestStored=08-10 12:57;bestStoredSlot=1;newWins=false
2026-08-10T13:21:00.000+01:00,DIAG-CLOSE;AUDUSD;s=0;prev=19;c=20;firstObs=false;slotOn=true;inWindow=true;time_close=08-10 13:22
2026-08-10T13:21:00.000+01:00,DIAG-DEDUP;AUDUSD;s=0;wOpened=08-10 12:55;nd=0;bestStored=none;bestStoredSlot=-1;newWins=true
2026-08-10T13:21:00.000+01:00,DIAG-CLOSE;AUDUSD;s=1;prev=19;c=20;firstObs=false;slotOn=true;inWindow=true;time_close=08-10 13:22
2026-08-10T13:21:00.000+01:00,DIAG-DEDUP;AUDUSD;s=1;wOpened=08-10 12:55;nd=1;bestStored=08-10 12:55;bestStoredSlot=0;newWins=true
2026-08-10T14:22:00.000+01:00,DIAG-CLOSE;EURAUD;s=0;prev=29;c=30;firstObs=false;slotOn=true;inWindow=true;time_close=08-10 14:23
2026-08-10T14:22:00.000+01:00,DIAG-DEDUP;EURAUD;s=0;wOpened=08-10 13:54;nd=0;bestStored=none;bestStoredSlot=-1;newWins=true
2026-08-10T14:22:00.000+01:00,DIAG-CLOSE;EURAUD;s=1;prev=28;c=29;firstObs=false;slotOn=true;inWindow=true;time_close=08-10 14:23
2026-08-10T14:22:00.000+01:00,DIAG-DEDUP;EURAUD;s=1;wOpened=08-10 13:54;nd=1;bestStored=08-10 13:54;bestStoredSlot=0;newWins=true
2026-08-10T14:22:00.000+01:00,DIAG-CLOSE;EURAUD;s=2;prev=16;c=17;firstObs=false;slotOn=true;inWindow=true;time_close=08-10 14:23
2026-08-10T14:22:00.000+01:00,DIAG-DEDUP;EURAUD;s=2;wOpened=08-10 14:21;nd=1;bestStored=08-10 13:54;bestStoredSlot=1;newWins=false
2026-08-10T14:22:00.000+01:00,DIAG-CLOSE;EURAUD;s=3;prev=14;c=15;firstObs=false;slotOn=true;inWindow=true;time_close=08-10 14:23
2026-08-10T14:22:00.000+01:00,DIAG-DEDUP;EURAUD;s=3;wOpened=08-10 14:21;nd=1;bestStored=08-10 13:54;bestStoredSlot=1;newWins=false
2026-08-10T14:42:00.000+01:00,DIAG-CLOSE;GBPJPY;s=0;prev=29;c=30;firstObs=false;slotOn=true;inWindow=true;time_close=08-10 14:43
2026-08-10T14:42:00.000+01:00,DIAG-DEDUP;GBPJPY;s=0;wOpened=08-10 14:19;nd=0;bestStored=none;bestStoredSlot=-1;newWins=true
2026-08-10T14:42:00.000+01:00,DIAG-CLOSE;GBPJPY;s=1;prev=30;c=31;firstObs=false;slotOn=true;inWindow=true;time_close=08-10 14:43
2026-08-10T14:42:00.000+01:00,DIAG-DEDUP;GBPJPY;s=1;wOpened=08-10 14:19;nd=1;bestStored=08-10 14:19;bestStoredSlot=0;newWins=true
2026-08-10T14:42:00.000+01:00,DIAG-CLOSE;GBPJPY;s=2;prev=16;c=17;firstObs=false;slotOn=true;inWindow=true;time_close=08-10 14:43
2026-08-10T14:42:00.000+01:00,DIAG-DEDUP;GBPJPY;s=2;wOpened=08-10 14:37;nd=1;bestStored=08-10 14:19;bestStoredSlot=1;newWins=false
2026-08-10T14:42:00.000+01:00,DIAG-CLOSE;GBPJPY;s=3;prev=16;c=17;firstObs=false;slotOn=true;inWindow=true;time_close=08-10 14:43
2026-08-10T14:42:00.000+01:00,DIAG-DEDUP;GBPJPY;s=3;wOpened=08-10 14:37;nd=1;bestStored=08-10 14:19;bestStoredSlot=1;newWins=false
2026-08-10T14:54:00.000+01:00,DIAG-CLOSE;AUDJPY;s=0;prev=23;c=24;firstObs=false;slotOn=true;inWindow=true;time_close=08-10 14:55
2026-08-10T14:54:00.000+01:00,DIAG-DEDUP;AUDJPY;s=0;wOpened=08-10 14:34;nd=0;bestStored=none;bestStoredSlot=-1;newWins=true
2026-08-10T14:54:00.000+01:00,DIAG-CLOSE;AUDJPY;s=1;prev=25;c=26;firstObs=false;slotOn=true;inWindow=true;time_close=08-10 14:55
2026-08-10T14:54:00.000+01:00,DIAG-DEDUP;AUDJPY;s=1;wOpened=08-10 14:34;nd=1;bestStored=08-10 14:34;bestStoredSlot=0;newWins=true
2026-08-10T15:04:00.000+01:00,DIAG-CLOSE;AUDUSD;s=0;prev=20;c=21;firstObs=false;slotOn=true;inWindow=true;time_close=08-10 15:05
2026-08-10T15:04:00.000+01:00,DIAG-DEDUP;AUDUSD;s=0;wOpened=08-10 14:26;nd=0;bestStored=none;bestStoredSlot=-1;newWins=true
2026-08-10T15:04:00.000+01:00,DIAG-CLOSE;AUDUSD;s=1;prev=20;c=21;firstObs=false;slotOn=true;inWindow=true;time_close=08-10 15:05
2026-08-10T15:04:00.000+01:00,DIAG-DEDUP;AUDUSD;s=1;wOpened=08-10 14:26;nd=1;bestStored=08-10 14:26;bestStoredSlot=0;newWins=true
2026-08-10T15:04:00.000+01:00,DIAG-CLOSE;AUDUSD;s=2;prev=11;c=12;firstObs=false;slotOn=true;inWindow=true;time_close=08-10 15:05
2026-08-10T15:04:00.000+01:00,DIAG-DEDUP;AUDUSD;s=2;wOpened=08-10 15:03;nd=1;bestStored=08-10 14:26;bestStoredSlot=1;newWins=false
2026-08-10T15:04:00.000+01:00,DIAG-CLOSE;AUDUSD;s=3;prev=11;c=12;firstObs=false;slotOn=true;inWindow=true;time_close=08-10 15:05
2026-08-10T15:04:00.000+01:00,DIAG-DEDUP;AUDUSD;s=3;wOpened=08-10 15:03;nd=1;bestStored=08-10 14:26;bestStoredSlot=1;newWins=false
2026-08-10T15:07:00.000+01:00,DIAG-CLOSE;AUDCHF;s=5;prev=2;c=3;firstObs=false;slotOn=true;inWindow=true;time_close=08-10 15:08
2026-08-10T15:07:00.000+01:00,DIAG-DEDUP;AUDCHF;s=5;wOpened=08-10 14:34;nd=0;bestStored=none;bestStoredSlot=-1;newWins=true
2026-08-10T15:10:00.000+01:00,DIAG-CLOSE;GBPCHF;s=0;prev=26;c=27;firstObs=false;slotOn=true;inWindow=true;time_close=08-10 15:11
2026-08-10T15:10:00.000+01:00,DIAG-DEDUP;GBPCHF;s=0;wOpened=08-10 14:55;nd=0;bestStored=none;bestStoredSlot=-1;newWins=true
2026-08-10T15:10:00.000+01:00,DIAG-CLOSE;GBPCHF;s=1;prev=26;c=27;firstObs=false;slotOn=true;inWindow=true;time_close=08-10 15:11
2026-08-10T15:10:00.000+01:00,DIAG-DEDUP;GBPCHF;s=1;wOpened=08-10 14:55;nd=1;bestStored=08-10 14:55;bestStoredSlot=0;newWins=true
2026-08-10T15:25:00.000+01:00,DIAG-CLOSE;CADCHF;s=0;prev=27;c=28;firstObs=false;slotOn=true;inWindow=true;time_close=08-10 15:26
2026-08-10T15:25:00.000+01:00,DIAG-DEDUP;CADCHF;s=0;wOpened=08-10 14:47;nd=0;bestStored=none;bestStoredSlot=-1;newWins=true
2026-08-10T15:25:00.000+01:00,DIAG-CLOSE;CADCHF;s=1;prev=28;c=29;firstObs=false;slotOn=true;inWindow=true;time_close=08-10 15:26
2026-08-10T15:25:00.000+01:00,DIAG-DEDUP;CADCHF;s=1;wOpened=08-10 14:29;nd=1;bestStored=08-10 14:47;bestStoredSlot=0;newWins=true
2026-08-10T15:25:00.000+01:00,DIAG-CLOSE;CADCHF;s=2;prev=17;c=18;firstObs=false;slotOn=true;inWindow=true;time_close=08-10 15:26
2026-08-10T15:25:00.000+01:00,DIAG-DEDUP;CADCHF;s=2;wOpened=08-10 14:47;nd=1;bestStored=08-10 14:29;bestStoredSlot=1;newWins=false
2026-08-10T15:25:00.000+01:00,DIAG-CLOSE;CADCHF;s=3;prev=18;c=19;firstObs=false;slotOn=true;inWindow=true;time_close=08-10 15:26
2026-08-10T15:25:00.000+01:00,DIAG-DEDUP;CADCHF;s=3;wOpened=08-10 14:55;nd=1;bestStored=08-10 14:29;bestStoredSlot=1;newWins=false
2026-08-10T15:25:00.000+01:00,DIAG-CLOSE;CADCHF;s=4;prev=8;c=9;firstObs=false;slotOn=true;inWindow=true;time_close=08-10 15:26
2026-08-10T15:25:00.000+01:00,DIAG-DEDUP;CADCHF;s=4;wOpened=08-10 14:55;nd=1;bestStored=08-10 14:29;bestStoredSlot=1;newWins=false
2026-08-10T15:25:00.000+01:00,DIAG-CLOSE;CADCHF;s=7;prev=5;c=6;firstObs=false;slotOn=true;inWindow=true;time_close=08-10 15:26
2026-08-10T15:25:00.000+01:00,DIAG-DEDUP;CADCHF;s=7;wOpened=08-10 15:21;nd=1;bestStored=08-10 14:29;bestStoredSlot=1;newWins=false
2026-08-10T15:36:00.000+01:00,DIAG-CLOSE;GBPCAD;s=0;prev=33;c=34;firstObs=false;slotOn=true;inWindow=true;time_close=08-10 15:37
2026-08-10T15:36:00.000+01:00,DIAG-DEDUP;GBPCAD;s=0;wOpened=08-10 15:35;nd=0;bestStored=none;bestStoredSlot=-1;newWins=true
2026-08-10T15:36:00.000+01:00,DIAG-CLOSE;GBPCAD;s=1;prev=34;c=35;firstObs=false;slotOn=true;inWindow=true;time_close=08-10 15:37
2026-08-10T15:36:00.000+01:00,DIAG-DEDUP;GBPCAD;s=1;wOpened=08-10 15:35;nd=1;bestStored=08-10 15:35;bestStoredSlot=0;newWins=true
2026-08-10T16:28:00.000+01:00,DIAG-CLOSE;EURGBP;s=0;prev=35;c=36;firstObs=false;slotOn=true;inWindow=true;time_close=08-10 16:29
2026-08-10T16:28:00.000+01:00,DIAG-DEDUP;EURGBP;s=0;wOpened=08-10 16:25;nd=0;bestStored=none;bestStoredSlot=-1;newWins=true
2026-08-10T16:28:00.000+01:00,DIAG-CLOSE;EURGBP;s=1;prev=34;c=35;firstObs=false;slotOn=true;inWindow=true;time_close=08-10 16:29
2026-08-10T16:28:00.000+01:00,DIAG-DEDUP;EURGBP;s=1;wOpened=08-10 16:25;nd=1;bestStored=08-10 16:25;bestStoredSlot=0;newWins=true
2026-08-10T16:28:00.000+01:00,DIAG-CLOSE;EURGBP;s=5;prev=15;c=16;firstObs=false;slotOn=true;inWindow=true;time_close=08-10 16:29
2026-08-10T16:28:00.000+01:00,DIAG-DEDUP;EURGBP;s=5;wOpened=08-10 16:25;nd=1;bestStored=08-10 16:25;bestStoredSlot=1;newWins=true
2026-08-10T16:28:00.000+01:00,DIAG-CLOSE;EURGBP;s=6;prev=10;c=11;firstObs=false;slotOn=true;inWindow=true;time_close=08-10 16:29
2026-08-10T16:28:00.000+01:00,DIAG-DEDUP;EURGBP;s=6;wOpened=08-10 16:27;nd=1;bestStored=08-10 16:25;bestStoredSlot=5;newWins=false
2026-08-10T16:56:00.000+01:00,DIAG-CLOSE;GBPCAD;s=0;prev=34;c=35;firstObs=false;slotOn=true;inWindow=true;time_close=08-10 16:57
2026-08-10T16:56:00.000+01:00,DIAG-DEDUP;GBPCAD;s=0;wOpened=08-10 16:41;nd=0;bestStored=none;bestStoredSlot=-1;newWins=true
2026-08-10T16:56:00.000+01:00,DIAG-CLOSE;GBPCAD;s=1;prev=35;c=36;firstObs=false;slotOn=true;inWindow=true;time_close=08-10 16:57
2026-08-10T16:56:00.000+01:00,DIAG-DEDUP;GBPCAD;s=1;wOpened=08-10 16:41;nd=1;bestStored=08-10 16:41;bestStoredSlot=0;newWins=true
2026-08-10T17:30:00.000+01:00,DIAG-CLOSE;CADJPY;s=0;prev=29;c=30;firstObs=false;slotOn=true;inWindow=true;time_close=08-10 17:31
2026-08-10T17:30:00.000+01:00,DIAG-DEDUP;CADJPY;s=0;wOpened=08-10 17:01;nd=0;bestStored=none;bestStoredSlot=-1;newWins=true
2026-08-10T17:30:00.000+01:00,DIAG-CLOSE;CADJPY;s=1;prev=28;c=29;firstObs=false;slotOn=true;inWindow=true;time_close=08-10 17:31
2026-08-10T17:30:00.000+01:00,DIAG-DEDUP;CADJPY;s=1;wOpened=08-10 17:01;nd=1;bestStored=08-10 17:01;bestStoredSlot=0;newWins=true
2026-08-10T17:30:00.000+01:00,DIAG-CLOSE;CADJPY;s=2;prev=13;c=14;firstObs=false;slotOn=true;inWindow=true;time_close=08-10 17:31
2026-08-10T17:30:00.000+01:00,DIAG-DEDUP;CADJPY;s=2;wOpened=08-10 17:05;nd=1;bestStored=08-10 17:01;bestStoredSlot=1;newWins=false
2026-08-10T17:30:00.000+01:00,DIAG-CLOSE;CADJPY;s=3;prev=12;c=13;firstObs=false;slotOn=true;inWindow=true;time_close=08-10 17:31
2026-08-10T17:30:00.000+01:00,DIAG-DEDUP;CADJPY;s=3;wOpened=08-10 17:05;nd=1;bestStored=08-10 17:01;bestStoredSlot=1;newWins=false
2026-08-10T17:47:00.000+01:00,DIAG-CLOSE;GBPUSD;s=0;prev=28;c=29;firstObs=false;slotOn=true;inWindow=true;time_close=08-10 17:48
2026-08-10T17:47:00.000+01:00,DIAG-DEDUP;GBPUSD;s=0;wOpened=08-10 17:25;nd=0;bestStored=none;bestStoredSlot=-1;newWins=true
2026-08-10T17:47:00.000+01:00,DIAG-CLOSE;GBPUSD;s=1;prev=26;c=27;firstObs=false;slotOn=true;inWindow=true;time_close=08-10 17:48
2026-08-10T17:47:00.000+01:00,DIAG-DEDUP;GBPUSD;s=1;wOpened=08-10 17:25;nd=1;bestStored=08-10 17:25;bestStoredSlot=0;newWins=true
2026-08-10T17:47:00.000+01:00,DIAG-CLOSE;GBPUSD;s=2;prev=16;c=17;firstObs=false;slotOn=true;inWindow=true;time_close=08-10 17:48
2026-08-10T17:47:00.000+01:00,DIAG-DEDUP;GBPUSD;s=2;wOpened=08-10 17:27;nd=1;bestStored=08-10 17:25;bestStoredSlot=1;newWins=false
2026-08-10T17:48:00.000+01:00,DIAG-CLOSE;USDJPY;s=0;prev=35;c=36;firstObs=false;slotOn=true;inWindow=true;time_close=08-10 17:49
2026-08-10T17:48:00.000+01:00,DIAG-DEDUP;USDJPY;s=0;wOpened=08-10 17:17;nd=0;bestStored=none;bestStoredSlot=-1;newWins=true
2026-08-10T17:48:00.000+01:00,DIAG-CLOSE;USDJPY;s=1;prev=35;c=36;firstObs=false;slotOn=true;inWindow=true;time_close=08-10 17:49
2026-08-10T17:48:00.000+01:00,DIAG-DEDUP;USDJPY;s=1;wOpened=08-10 17:17;nd=1;bestStored=08-10 17:17;bestStoredSlot=0;newWins=true
2026-08-10T17:48:00.000+01:00,DIAG-CLOSE;USDJPY;s=2;prev=19;c=20;firstObs=false;slotOn=true;inWindow=true;time_close=08-10 17:49
2026-08-10T17:48:00.000+01:00,DIAG-DEDUP;USDJPY;s=2;wOpened=08-10 17:18;nd=1;bestStored=08-10 17:17;bestStoredSlot=1;newWins=false
2026-08-10T17:48:00.000+01:00,DIAG-CLOSE;USDJPY;s=3;prev=19;c=20;firstObs=false;slotOn=true;inWindow=true;time_close=08-10 17:49
2026-08-10T17:48:00.000+01:00,DIAG-DEDUP;USDJPY;s=3;wOpened=08-10 17:18;nd=1;bestStored=08-10 17:17;bestStoredSlot=1;newWins=false
2026-08-10T17:48:00.000+01:00,DIAG-CLOSE;USDJPY;s=4;prev=8;c=9;firstObs=false;slotOn=true;inWindow=true;time_close=08-10 17:49
2026-08-10T17:48:00.000+01:00,DIAG-DEDUP;USDJPY;s=4;wOpened=08-10 17:35;nd=1;bestStored=08-10 17:17;bestStoredSlot=1;newWins=false
2026-08-10T17:48:00.000+01:00,DIAG-CLOSE;USDJPY;s=7;prev=5;c=6;firstObs=false;slotOn=true;inWindow=true;time_close=08-10 17:49
2026-08-10T17:48:00.000+01:00,DIAG-DEDUP;USDJPY;s=7;wOpened=08-10 17:18;nd=1;bestStored=08-10 17:17;bestStoredSlot=1;newWins=false
2026-08-10T17:50:00.000+01:00,DIAG-CLOSE;AUDCAD;s=5;prev=9;c=10;firstObs=false;slotOn=true;inWindow=true;time_close=08-10 17:51
2026-08-10T17:50:00.000+01:00,DIAG-DEDUP;AUDCAD;s=5;wOpened=08-10 17:49;nd=0;bestStored=none;bestStoredSlot=-1;newWins=true
2026-08-10T18:07:00.000+01:00,DIAG-CLOSE;EURJPY;s=0;prev=26;c=27;firstObs=false;slotOn=true;inWindow=true;time_close=08-10 18:08
2026-08-10T18:07:00.000+01:00,DIAG-DEDUP;EURJPY;s=0;wOpened=08-10 17:50;nd=0;bestStored=none;bestStoredSlot=-1;newWins=true
2026-08-10T18:07:00.000+01:00,DIAG-CLOSE;EURJPY;s=1;prev=26;c=27;firstObs=false;slotOn=true;inWindow=true;time_close=08-10 18:08
2026-08-10T18:07:00.000+01:00,DIAG-DEDUP;EURJPY;s=1;wOpened=08-10 17:59;nd=1;bestStored=08-10 17:50;bestStoredSlot=0;newWins=false
2026-08-10T18:07:00.000+01:00,DIAG-CLOSE;EURJPY;s=2;prev=13;c=14;firstObs=false;slotOn=true;inWindow=true;time_close=08-10 18:08
2026-08-10T18:07:00.000+01:00,DIAG-DEDUP;EURJPY;s=2;wOpened=08-10 18:00;nd=1;bestStored=08-10 17:50;bestStoredSlot=0;newWins=false
2026-08-10T18:07:00.000+01:00,DIAG-CLOSE;EURJPY;s=3;prev=13;c=14;firstObs=false;slotOn=true;inWindow=true;time_close=08-10 18:08
2026-08-10T18:07:00.000+01:00,DIAG-DEDUP;EURJPY;s=3;wOpened=08-10 17:59;nd=1;bestStored=08-10 17:50;bestStoredSlot=0;newWins=false
2026-08-10T18:07:00.000+01:00,DIAG-CLOSE;EURJPY;s=4;prev=6;c=7;firstObs=false;slotOn=true;inWindow=true;time_close=08-10 18:08
2026-08-10T18:07:00.000+01:00,DIAG-DEDUP;EURJPY;s=4;wOpened=08-10 18:03;nd=1;bestStored=08-10 17:50;bestStoredSlot=0;newWins=false
2026-08-10T18:07:00.000+01:00,DIAG-CLOSE;EURJPY;s=5;prev=6;c=7;firstObs=false;slotOn=true;inWindow=true;time_close=08-10 18:08
2026-08-10T18:07:00.000+01:00,DIAG-DEDUP;EURJPY;s=5;wOpened=08-10 18:03;nd=1;bestStored=08-10 17:50;bestStoredSlot=0;newWins=false
2026-08-10T18:13:00.000+01:00,DIAG-CLOSE;EURCAD;s=5;prev=5;c=6;firstObs=false;slotOn=true;inWindow=true;time_close=08-10 18:14
2026-08-10T18:13:00.000+01:00,DIAG-DEDUP;EURCAD;s=5;wOpened=08-10 17:28;nd=0;bestStored=none;bestStoredSlot=-1;newWins=true
2026-08-10T18:13:00.000+01:00,DIAG-CLOSE;AUDCAD;s=6;prev=4;c=5;firstObs=false;slotOn=true;inWindow=true;time_close=08-10 18:14
2026-08-10T18:13:00.000+01:00,DIAG-DEDUP;AUDCAD;s=6;wOpened=08-10 18:12;nd=0;bestStored=none;bestStoredSlot=-1;newWins=true
2026-08-10T18:20:00.000+01:00,DIAG-CLOSE;EURUSD;s=0;prev=32;c=33;firstObs=false;slotOn=true;inWindow=true;time_close=08-10 18:21
2026-08-10T18:20:00.000+01:00,DIAG-DEDUP;EURUSD;s=0;wOpened=08-10 18:15;nd=0;bestStored=none;bestStoredSlot=-1;newWins=true
2026-08-10T18:20:00.000+01:00,DIAG-CLOSE;EURUSD;s=1;prev=31;c=32;firstObs=false;slotOn=true;inWindow=true;time_close=08-10 18:21
2026-08-10T18:20:00.000+01:00,DIAG-DEDUP;EURUSD;s=1;wOpened=08-10 18:15;nd=1;bestStored=08-10 18:15;bestStoredSlot=0;newWins=true
2026-08-10T18:30:00.000+01:00,DIAG-CLOSE;EURCAD;s=0;prev=20;c=21;firstObs=false;slotOn=true;inWindow=true;time_close=08-10 18:31
2026-08-10T18:30:00.000+01:00,DIAG-DEDUP;EURCAD;s=0;wOpened=08-10 17:28;nd=1;bestStored=08-10 17:28;bestStoredSlot=5;newWins=false
2026-08-10T18:30:00.000+01:00,DIAG-CLOSE;EURCAD;s=1;prev=21;c=22;firstObs=false;slotOn=true;inWindow=true;time_close=08-10 18:31
2026-08-10T18:30:00.000+01:00,DIAG-DEDUP;EURCAD;s=1;wOpened=08-10 17:28;nd=1;bestStored=08-10 17:28;bestStoredSlot=5;newWins=false
2026-08-10T18:30:00.000+01:00,DIAG-CLOSE;EURCAD;s=2;prev=10;c=11;firstObs=false;slotOn=true;inWindow=true;time_close=08-10 18:31
2026-08-10T18:30:00.000+01:00,DIAG-DEDUP;EURCAD;s=2;wOpened=08-10 17:51;nd=1;bestStored=08-10 17:28;bestStoredSlot=5;newWins=false
2026-08-10T18:30:00.000+01:00,DIAG-CLOSE;EURCAD;s=3;prev=8;c=9;firstObs=false;slotOn=true;inWindow=true;time_close=08-10 18:31
2026-08-10T18:30:00.000+01:00,DIAG-DEDUP;EURCAD;s=3;wOpened=08-10 17:51;nd=1;bestStored=08-10 17:28;bestStoredSlot=5;newWins=false
2026-08-10T18:30:00.000+01:00,DIAG-CLOSE;EURCAD;s=4;prev=5;c=6;firstObs=false;slotOn=true;inWindow=true;time_close=08-10 18:31
2026-08-10T18:30:00.000+01:00,DIAG-DEDUP;EURCAD;s=4;wOpened=08-10 17:59;nd=1;bestStored=08-10 17:28;bestStoredSlot=5;newWins=false
2026-08-10T18:30:00.000+01:00,DIAG-CLOSE;EURCAD;s=7;prev=4;c=5;firstObs=false;slotOn=true;inWindow=true;time_close=08-10 18:31
2026-08-10T18:30:00.000+01:00,DIAG-DEDUP;EURCAD;s=7;wOpened=08-10 18:00;nd=1;bestStored=08-10 17:28;bestStoredSlot=5;newWins=false
2026-08-10T18:35:00.000+01:00,DIAG-CLOSE;GBPCHF;s=0;prev=27;c=28;firstObs=false;slotOn=true;inWindow=true;time_close=08-10 18:36
2026-08-10T18:35:00.000+01:00,DIAG-DEDUP;GBPCHF;s=0;wOpened=08-10 18:14;nd=0;bestStored=none;bestStoredSlot=-1;newWins=true
2026-08-10T18:35:00.000+01:00,DIAG-CLOSE;GBPCHF;s=1;prev=27;c=28;firstObs=false;slotOn=true;inWindow=true;time_close=08-10 18:36
2026-08-10T18:35:00.000+01:00,DIAG-DEDUP;GBPCHF;s=1;wOpened=08-10 18:14;nd=1;bestStored=08-10 18:14;bestStoredSlot=0;newWins=true
2026-08-10T18:49:00.000+01:00,DIAG-CLOSE;AUDCAD;s=0;prev=25;c=26;firstObs=false;slotOn=true;inWindow=true;time_close=08-10 18:50
2026-08-10T18:49:00.000+01:00,DIAG-DEDUP;AUDCAD;s=0;wOpened=08-10 18:48;nd=0;bestStored=none;bestStoredSlot=-1;newWins=true
2026-08-10T18:49:00.000+01:00,DIAG-CLOSE;AUDCAD;s=1;prev=25;c=26;firstObs=false;slotOn=true;inWindow=true;time_close=08-10 18:50
2026-08-10T18:49:00.000+01:00,DIAG-DEDUP;AUDCAD;s=1;wOpened=08-10 18:48;nd=1;bestStored=08-10 18:48;bestStoredSlot=0;newWins=true
2026-08-10T18:55:00.000+01:00,DIAG-CLOSE;USDCHF;s=0;prev=34;c=35;firstObs=false;slotOn=true;inWindow=true;time_close=08-10 18:56
2026-08-10T18:55:00.000+01:00,DIAG-DEDUP;USDCHF;s=0;wOpened=08-10 18:47;nd=0;bestStored=none;bestStoredSlot=-1;newWins=true
2026-08-10T18:55:00.000+01:00,DIAG-CLOSE;USDCHF;s=1;prev=34;c=35;firstObs=false;slotOn=true;inWindow=true;time_close=08-10 18:56
2026-08-10T18:55:00.000+01:00,DIAG-DEDUP;USDCHF;s=1;wOpened=08-10 18:47;nd=1;bestStored=08-10 18:47;bestStoredSlot=0;newWins=true
2026-08-10T18:55:00.000+01:00,DIAG-CLOSE;USDCHF;s=2;prev=14;c=15;firstObs=false;slotOn=true;inWindow=true;time_close=08-10 18:56
2026-08-10T18:55:00.000+01:00,DIAG-DEDUP;USDCHF;s=2;wOpened=08-10 18:48;nd=1;bestStored=08-10 18:47;bestStoredSlot=1;newWins=false
2026-08-10T18:55:00.000+01:00,DIAG-CLOSE;USDCHF;s=3;prev=12;c=13;firstObs=false;slotOn=true;inWindow=true;time_close=08-10 18:56
2026-08-10T18:55:00.000+01:00,DIAG-DEDUP;USDCHF;s=3;wOpened=08-10 18:48;nd=1;bestStored=08-10 18:47;bestStoredSlot=1;newWins=false
2026-08-10T19:09:00.000+01:00,DIAG-CLOSE;EURUSD;s=0;prev=33;c=34;firstObs=false;slotOn=true;inWindow=true;time_close=08-10 19:10
2026-08-10T19:09:00.000+01:00,DIAG-DEDUP;EURUSD;s=0;wOpened=08-10 18:59;nd=0;bestStored=none;bestStoredSlot=-1;newWins=true
2026-08-10T19:09:00.000+01:00,DIAG-CLOSE;EURUSD;s=1;prev=32;c=33;firstObs=false;slotOn=true;inWindow=true;time_close=08-10 19:10
2026-08-10T19:09:00.000+01:00,DIAG-DEDUP;EURUSD;s=1;wOpened=08-10 18:59;nd=1;bestStored=08-10 18:59;bestStoredSlot=0;newWins=true
2026-08-10T19:21:00.000+01:00,DIAG-CLOSE;EURUSD;s=2;prev=16;c=17;firstObs=false;slotOn=true;inWindow=true;time_close=08-10 19:22
2026-08-10T19:21:00.000+01:00,DIAG-DEDUP;EURUSD;s=2;wOpened=08-10 19:01;nd=1;bestStored=08-10 18:59;bestStoredSlot=1;newWins=false
2026-08-10T19:21:00.000+01:00,DIAG-CLOSE;EURUSD;s=4;prev=9;c=10;firstObs=false;slotOn=true;inWindow=true;time_close=08-10 19:22
2026-08-10T19:21:00.000+01:00,DIAG-DEDUP;EURUSD;s=4;wOpened=08-10 19:14;nd=0;bestStored=none;bestStoredSlot=-1;newWins=true
2026-08-10T19:26:00.000+01:00,DIAG-CLOSE;EURGBP;s=2;prev=17;c=18;firstObs=false;slotOn=true;inWindow=true;time_close=08-10 19:27
2026-08-10T19:26:00.000+01:00,DIAG-DEDUP;EURGBP;s=2;wOpened=08-10 19:24;nd=0;bestStored=none;bestStoredSlot=-1;newWins=true
2026-08-10T19:26:00.000+01:00,DIAG-CLOSE;EURGBP;s=5;prev=16;c=17;firstObs=false;slotOn=true;inWindow=true;time_close=08-10 19:27
2026-08-10T19:26:00.000+01:00,DIAG-DEDUP;EURGBP;s=5;wOpened=08-10 19:24;nd=1;bestStored=08-10 19:24;bestStoredSlot=2;newWins=true
2026-08-10T19:27:00.000+01:00,DIAG-CLOSE;EURJPY;s=0;prev=27;c=28;firstObs=false;slotOn=true;inWindow=true;time_close=08-10 19:28
2026-08-10T19:27:00.000+01:00,DIAG-DEDUP;EURJPY;s=0;wOpened=08-10 18:24;nd=0;bestStored=none;bestStoredSlot=-1;newWins=true
2026-08-10T19:27:00.000+01:00,DIAG-CLOSE;EURJPY;s=1;prev=27;c=28;firstObs=false;slotOn=true;inWindow=true;time_close=08-10 19:28
2026-08-10T19:27:00.000+01:00,DIAG-DEDUP;EURJPY;s=1;wOpened=08-10 19:22;nd=1;bestStored=08-10 18:24;bestStoredSlot=0;newWins=false
2026-08-10T19:27:00.000+01:00,DIAG-CLOSE;EURJPY;s=2;prev=14;c=15;firstObs=false;slotOn=true;inWindow=true;time_close=08-10 19:28
2026-08-10T19:27:00.000+01:00,DIAG-DEDUP;EURJPY;s=2;wOpened=08-10 19:26;nd=1;bestStored=08-10 18:24;bestStoredSlot=0;newWins=false
2026-08-10T19:27:00.000+01:00,DIAG-CLOSE;EURJPY;s=3;prev=14;c=15;firstObs=false;slotOn=true;inWindow=true;time_close=08-10 19:28
2026-08-10T19:27:00.000+01:00,DIAG-DEDUP;EURJPY;s=3;wOpened=08-10 19:14;nd=1;bestStored=08-10 18:24;bestStoredSlot=0;newWins=false
2026-08-10T19:27:00.000+01:00,DIAG-CLOSE;EURJPY;s=6;prev=4;c=5;firstObs=false;slotOn=true;inWindow=true;time_close=08-10 19:28
2026-08-10T19:27:00.000+01:00,DIAG-DEDUP;EURJPY;s=6;wOpened=08-10 19:26;nd=1;bestStored=08-10 18:24;bestStoredSlot=0;newWins=false
2026-08-10T19:38:00.000+01:00,DIAG-CLOSE;USDCAD;s=0;prev=27;c=28;firstObs=false;slotOn=true;inWindow=true;time_close=08-10 19:39
2026-08-10T19:38:00.000+01:00,DIAG-DEDUP;USDCAD;s=0;wOpened=08-10 18:27;nd=0;bestStored=none;bestStoredSlot=-1;newWins=true
2026-08-10T19:38:00.000+01:00,DIAG-CLOSE;USDCAD;s=1;prev=30;c=31;firstObs=false;slotOn=true;inWindow=true;time_close=08-10 19:39
2026-08-10T19:38:00.000+01:00,DIAG-DEDUP;USDCAD;s=1;wOpened=08-10 18:27;nd=1;bestStored=08-10 18:27;bestStoredSlot=0;newWins=true
2026-08-10T19:38:00.000+01:00,DIAG-CLOSE;USDCAD;s=2;prev=16;c=17;firstObs=false;slotOn=true;inWindow=true;time_close=08-10 19:39
2026-08-10T19:38:00.000+01:00,DIAG-DEDUP;USDCAD;s=2;wOpened=08-10 18:47;nd=1;bestStored=08-10 18:27;bestStoredSlot=1;newWins=false
2026-08-10T19:38:00.000+01:00,DIAG-CLOSE;USDCAD;s=3;prev=17;c=18;firstObs=false;slotOn=true;inWindow=true;time_close=08-10 19:39
2026-08-10T19:38:00.000+01:00,DIAG-DEDUP;USDCAD;s=3;wOpened=08-10 18:47;nd=1;bestStored=08-10 18:27;bestStoredSlot=1;newWins=false
2026-08-10T19:38:00.000+01:00,DIAG-CLOSE;USDCAD;s=4;prev=10;c=11;firstObs=false;slotOn=true;inWindow=true;time_close=08-10 19:39
2026-08-10T19:38:00.000+01:00,DIAG-DEDUP;USDCAD;s=4;wOpened=08-10 19:00;nd=1;bestStored=08-10 18:27;bestStoredSlot=1;newWins=false
2026-08-10T19:38:00.000+01:00,DIAG-CLOSE;AUDUSD;s=6;prev=5;c=6;firstObs=false;slotOn=true;inWindow=true;time_close=08-10 19:39
2026-08-10T19:38:00.000+01:00,DIAG-DEDUP;AUDUSD;s=6;wOpened=08-10 18:50;nd=0;bestStored=none;bestStoredSlot=-1;newWins=true
2026-08-10T19:40:00.000+01:00,DIAG-CLOSE;AUDUSD;s=5;prev=8;c=9;firstObs=false;slotOn=true;inWindow=true;time_close=08-10 19:41
2026-08-10T19:40:00.000+01:00,DIAG-DEDUP;AUDUSD;s=5;wOpened=08-10 18:27;nd=1;bestStored=08-10 18:50;bestStoredSlot=6;newWins=true
2026-08-10T19:43:00.000+01:00,DIAG-CLOSE;CHFJPY;s=0;prev=28;c=29;firstObs=false;slotOn=true;inWindow=true;time_close=08-10 19:44
2026-08-10T19:43:00.000+01:00,DIAG-DEDUP;CHFJPY;s=0;wOpened=08-10 19:42;nd=0;bestStored=none;bestStoredSlot=-1;newWins=true
2026-08-10T19:43:00.000+01:00,DIAG-CLOSE;CHFJPY;s=1;prev=29;c=30;firstObs=false;slotOn=true;inWindow=true;time_close=08-10 19:44
2026-08-10T19:43:00.000+01:00,DIAG-DEDUP;CHFJPY;s=1;wOpened=08-10 19:42;nd=1;bestStored=08-10 19:42;bestStoredSlot=0;newWins=true
2026-08-10T19:44:00.000+01:00,DIAG-CLOSE;AUDUSD;s=0;prev=21;c=22;firstObs=false;slotOn=true;inWindow=true;time_close=08-10 19:45
2026-08-10T19:44:00.000+01:00,DIAG-DEDUP;AUDUSD;s=0;wOpened=08-10 18:23;nd=1;bestStored=08-10 18:27;bestStoredSlot=5;newWins=true
2026-08-10T19:44:00.000+01:00,DIAG-CLOSE;AUDUSD;s=1;prev=21;c=22;firstObs=false;slotOn=true;inWindow=true;time_close=08-10 19:45
2026-08-10T19:44:00.000+01:00,DIAG-DEDUP;AUDUSD;s=1;wOpened=08-10 18:23;nd=1;bestStored=08-10 18:23;bestStoredSlot=0;newWins=true
2026-08-10T19:44:00.000+01:00,DIAG-CLOSE;AUDUSD;s=2;prev=12;c=13;firstObs=false;slotOn=true;inWindow=true;time_close=08-10 19:45
2026-08-10T19:44:00.000+01:00,DIAG-DEDUP;AUDUSD;s=2;wOpened=08-10 18:24;nd=1;bestStored=08-10 18:23;bestStoredSlot=1;newWins=false
2026-08-10T19:44:00.000+01:00,DIAG-CLOSE;AUDUSD;s=3;prev=12;c=13;firstObs=false;slotOn=true;inWindow=true;time_close=08-10 19:45
2026-08-10T19:44:00.000+01:00,DIAG-DEDUP;AUDUSD;s=3;wOpened=08-10 18:24;nd=1;bestStored=08-10 18:23;bestStoredSlot=1;newWins=false
2026-08-10T19:44:00.000+01:00,DIAG-CLOSE;AUDUSD;s=4;prev=3;c=4;firstObs=false;slotOn=true;inWindow=true;time_close=08-10 19:45
2026-08-10T19:44:00.000+01:00,DIAG-DEDUP;AUDUSD;s=4;wOpened=08-10 18:27;nd=1;bestStored=08-10 18:23;bestStoredSlot=1;newWins=false
2026-08-10T19:44:00.000+01:00,DIAG-CLOSE;AUDUSD;s=7;prev=4;c=5;firstObs=false;slotOn=true;inWindow=true;time_close=08-10 19:45
2026-08-10T19:44:00.000+01:00,DIAG-DEDUP;AUDUSD;s=7;wOpened=08-10 19:00;nd=1;bestStored=08-10 18:23;bestStoredSlot=1;newWins=false
2026-08-10T19:47:00.000+01:00,DIAG-CLOSE;EURJPY;s=0;prev=28;c=29;firstObs=false;slotOn=true;inWindow=true;time_close=08-10 19:48
2026-08-10T19:47:00.000+01:00,DIAG-DEDUP;EURJPY;s=0;wOpened=08-10 19:33;nd=0;bestStored=none;bestStoredSlot=-1;newWins=true
2026-08-10T19:47:00.000+01:00,DIAG-CLOSE;EURJPY;s=1;prev=28;c=29;firstObs=false;slotOn=true;inWindow=true;time_close=08-10 19:48
2026-08-10T19:47:00.000+01:00,DIAG-DEDUP;EURJPY;s=1;wOpened=08-10 19:33;nd=1;bestStored=08-10 19:33;bestStoredSlot=0;newWins=true
2026-08-10T19:47:00.000+01:00,DIAG-CLOSE;EURJPY;s=2;prev=15;c=16;firstObs=false;slotOn=true;inWindow=true;time_close=08-10 19:48
2026-08-10T19:47:00.000+01:00,DIAG-DEDUP;EURJPY;s=2;wOpened=08-10 19:42;nd=1;bestStored=08-10 19:33;bestStoredSlot=1;newWins=false
2026-08-10T19:47:00.000+01:00,DIAG-CLOSE;EURJPY;s=3;prev=15;c=16;firstObs=false;slotOn=true;inWindow=true;time_close=08-10 19:48
2026-08-10T19:47:00.000+01:00,DIAG-DEDUP;EURJPY;s=3;wOpened=08-10 19:42;nd=1;bestStored=08-10 19:33;bestStoredSlot=1;newWins=false
2026-08-10T19:47:00.000+01:00,DIAG-CLOSE;EURJPY;s=4;prev=7;c=8;firstObs=false;slotOn=true;inWindow=true;time_close=08-10 19:48
2026-08-10T19:47:00.000+01:00,DIAG-DEDUP;EURJPY;s=4;wOpened=08-10 19:46;nd=1;bestStored=08-10 19:33;bestStoredSlot=1;newWins=false
2026-08-10T19:47:00.000+01:00,DIAG-CLOSE;EURJPY;s=5;prev=7;c=8;firstObs=false;slotOn=true;inWindow=true;time_close=08-10 19:48
2026-08-10T19:47:00.000+01:00,DIAG-DEDUP;EURJPY;s=5;wOpened=08-10 19:46;nd=1;bestStored=08-10 19:33;bestStoredSlot=1;newWins=false
2026-08-10T19:52:00.000+01:00,DIAG-CLOSE;EURGBP;s=6;prev=11;c=12;firstObs=false;slotOn=true;inWindow=true;time_close=08-10 19:53
2026-08-10T19:52:00.000+01:00,DIAG-DEDUP;EURGBP;s=6;wOpened=08-10 19:11;nd=1;bestStored=08-10 19:24;bestStoredSlot=5;newWins=true
2026-08-10T19:55:00.000+01:00,DIAG-CLOSE;GBPAUD;s=1;prev=25;c=26;firstObs=false;slotOn=true;inWindow=true;time_close=08-10 19:56
2026-08-10T19:55:00.000+01:00,DIAG-DEDUP;GBPAUD;s=1;wOpened=08-10 19:54;nd=0;bestStored=none;bestStoredSlot=-1;newWins=true
2026-08-10T19:55:00.000+01:00,DIAG-CLOSE;GBPAUD;s=5;prev=11;c=12;firstObs=false;slotOn=true;inWindow=true;time_close=08-10 19:56
2026-08-10T19:55:00.000+01:00,DIAG-DEDUP;GBPAUD;s=5;wOpened=08-10 19:54;nd=1;bestStored=08-10 19:54;bestStoredSlot=1;newWins=true
2026-08-10T19:56:00.000+01:00,DIAG-CLOSE;EURGBP;s=0;prev=36;c=37;firstObs=false;slotOn=true;inWindow=true;time_close=08-10 19:57
2026-08-10T19:56:00.000+01:00,DIAG-DEDUP;EURGBP;s=0;wOpened=08-10 19:23;nd=1;bestStored=08-10 19:11;bestStoredSlot=6;newWins=false
2026-08-10T19:56:00.000+01:00,DIAG-CLOSE;EURGBP;s=1;prev=35;c=36;firstObs=false;slotOn=true;inWindow=true;time_close=08-10 19:57
2026-08-10T19:56:00.000+01:00,DIAG-DEDUP;EURGBP;s=1;wOpened=08-10 19:23;nd=1;bestStored=08-10 19:11;bestStoredSlot=6;newWins=false
2026-08-10T19:56:00.000+01:00,DIAG-CLOSE;EURGBP;s=3;prev=14;c=15;firstObs=false;slotOn=true;inWindow=true;time_close=08-10 19:57
2026-08-10T19:56:00.000+01:00,DIAG-DEDUP;EURGBP;s=3;wOpened=08-10 19:24;nd=1;bestStored=08-10 19:11;bestStoredSlot=6;newWins=false
2026-08-10T20:22:00.000+01:00,DIAG-CLOSE;EURCHF;s=0;prev=31;c=32;firstObs=false;slotOn=true;inWindow=true;time_close=08-10 20:23
2026-08-10T20:22:00.000+01:00,DIAG-DEDUP;EURCHF;s=0;wOpened=08-10 20:14;nd=0;bestStored=none;bestStoredSlot=-1;newWins=true
2026-08-10T20:22:00.000+01:00,DIAG-CLOSE;EURCHF;s=1;prev=31;c=32;firstObs=false;slotOn=true;inWindow=true;time_close=08-10 20:23
2026-08-10T20:22:00.000+01:00,DIAG-DEDUP;EURCHF;s=1;wOpened=08-10 20:14;nd=1;bestStored=08-10 20:14;bestStoredSlot=0;newWins=true
2026-08-10T20:22:00.000+01:00,DIAG-CLOSE;EURCHF;s=2;prev=14;c=15;firstObs=false;slotOn=true;inWindow=true;time_close=08-10 20:23
2026-08-10T20:22:00.000+01:00,DIAG-DEDUP;EURCHF;s=2;wOpened=08-10 20:14;nd=1;bestStored=08-10 20:14;bestStoredSlot=1;newWins=true
2026-08-10T20:22:00.000+01:00,DIAG-CLOSE;EURCHF;s=3;prev=15;c=16;firstObs=false;slotOn=true;inWindow=true;time_close=08-10 20:23
2026-08-10T20:22:00.000+01:00,DIAG-DEDUP;EURCHF;s=3;wOpened=08-10 20:21;nd=1;bestStored=08-10 20:14;bestStoredSlot=2;newWins=false
2026-08-10T20:22:00.000+01:00,DIAG-CLOSE;EURCHF;s=4;prev=6;c=7;firstObs=false;slotOn=true;inWindow=true;time_close=08-10 20:23
2026-08-10T20:22:00.000+01:00,DIAG-DEDUP;EURCHF;s=4;wOpened=08-10 20:21;nd=1;bestStored=08-10 20:14;bestStoredSlot=2;newWins=false
2026-08-10T20:27:00.000+01:00,DIAG-CLOSE;AUDCAD;s=0;prev=26;c=27;firstObs=false;slotOn=true;inWindow=true;time_close=08-10 20:28
2026-08-10T20:27:00.000+01:00,DIAG-DEDUP;AUDCAD;s=0;wOpened=08-10 20:19;nd=0;bestStored=none;bestStoredSlot=-1;newWins=true
2026-08-10T20:27:00.000+01:00,DIAG-CLOSE;AUDCAD;s=1;prev=26;c=27;firstObs=false;slotOn=true;inWindow=true;time_close=08-10 20:28
2026-08-10T20:27:00.000+01:00,DIAG-DEDUP;AUDCAD;s=1;wOpened=08-10 20:19;nd=1;bestStored=08-10 20:19;bestStoredSlot=0;newWins=true
2026-08-10T20:27:00.000+01:00,DIAG-CLOSE;AUDCAD;s=2;prev=16;c=17;firstObs=false;slotOn=true;inWindow=true;time_close=08-10 20:28
2026-08-10T20:27:00.000+01:00,DIAG-DEDUP;AUDCAD;s=2;wOpened=08-10 20:20;nd=1;bestStored=08-10 20:19;bestStoredSlot=1;newWins=false
2026-08-10T20:27:00.000+01:00,DIAG-CLOSE;AUDCAD;s=3;prev=15;c=16;firstObs=false;slotOn=true;inWindow=true;time_close=08-10 20:28
2026-08-10T20:27:00.000+01:00,DIAG-DEDUP;AUDCAD;s=3;wOpened=08-10 20:20;nd=1;bestStored=08-10 20:19;bestStoredSlot=1;newWins=false
2026-08-10T20:44:00.000+01:00,GCLOSEHDR;1970-01-01 01:00;2026-08-11 20:45;698;1377;8
2026-08-10T20:44:00.000+01:00,GCLOSE;1;GBPAUD;C2:14;2026-08-03 03:03;2026-08-03 03:12;3;long;2026-08-03 02:43
2026-08-10T20:44:00.000+01:00,GCLOSE;2;AUDCAD;C2:14;2026-08-03 02:50;2026-08-03 03:12;2;short;2026-08-03 02:44
2026-08-10T20:44:00.000+01:00,GCLOSE;3;EURAUD;C2:14;2026-08-03 03:17;2026-08-03 03:18;1;long;2026-08-03 02:57
2026-08-10T20:44:00.000+01:00,GCLOSE;4;AUDCHF;A2:23;2026-08-03 03:27;2026-08-03 03:28;1;short;2026-08-03 03:16
2026-08-10T20:44:00.000+01:00,GCLOSE;5;EURGBP;A2:23;2026-08-03 03:54;2026-08-03 03:55;1;long;2026-08-03 03:33
2026-08-10T20:44:00.000+01:00,GCLOSE;6;GBPCAD;A2:23;2026-08-03 03:44;2026-08-03 03:55;2;short;2026-08-03 03:15
2026-08-10T20:44:00.000+01:00,GCLOSE;7;EURAUD;A1:25;2026-08-03 04:47;2026-08-03 04:48;1;short;2026-08-03 03:54
2026-08-10T20:44:00.000+01:00,GCLOSE;8;EURCAD;A2:23;2026-08-03 04:55;2026-08-03 04:56;1;long;2026-08-03 04:53
2026-08-10T20:44:00.000+01:00,GCLOSE;9;EURCAD;D1:10;2026-08-03 05:01;2026-08-03 05:02;1;long;2026-08-03 05:00
2026-08-10T20:44:00.000+01:00,GCLOSE;10;USDJPY;A2:23;2026-08-03 05:06;2026-08-03 05:08;2;short;2026-08-03 04:34
2026-08-10T20:44:00.000+01:00,GCLOSE;11;GBPJPY;A2:23;2026-08-03 04:25;2026-08-03 05:08;3;short;2026-08-03 04:22
2026-08-10T20:44:00.000+01:00,GCLOSE;12;GBPJPY;A2:23;2026-08-03 05:41;2026-08-03 05:55;3;long;2026-08-03 05:32
2026-08-10T20:44:00.000+01:00,GCLOSE;13;CHFJPY;A2:23;2026-08-03 05:54;2026-08-03 05:55;1;long;2026-08-03 05:53
2026-08-10T20:44:00.000+01:00,GCLOSE;14;AUDUSD;A2:23;2026-08-03 05:57;2026-08-03 05:59;2;short;2026-08-03 05:50
2026-08-10T20:44:00.000+01:00,GCLOSE;15;EURJPY;A2:23;2026-08-03 05:47;2026-08-03 06:08;3;short;2026-08-03 05:41
2026-08-10T20:44:00.000+01:00,GCLOSE;16;USDCHF;A2:23;2026-08-03 06:12;2026-08-03 06:33;3;short;2026-08-03 06:04
2026-08-10T20:44:00.000+01:00,GCLOSE;17;EURUSD;A2:23;2026-08-03 06:23;2026-08-03 06:37;2;long;2026-08-03 06:13
2026-08-10T20:44:00.000+01:00,GCLOSE;18;EURCHF;A2:23;2026-08-03 06:35;2026-08-03 06:37;2;short;2026-08-03 06:09
2026-08-10T20:44:00.000+01:00,GCLOSE;19;AUDJPY;A2:23;2026-08-03 06:14;2026-08-03 06:37;2;short;2026-08-03 06:09
2026-08-10T20:44:00.000+01:00,GCLOSE;20;GBPAUD;A2:23;2026-08-03 06:48;2026-08-03 06:49;1;short;2026-08-03 06:42
2026-08-10T20:44:00.000+01:00,GCLOSE;21;CADJPY;A2:23;2026-08-03 05:47;2026-08-03 06:51;5;long;2026-08-03 05:41
2026-08-10T20:44:00.000+01:00,GCLOSE;22;EURAUD;B1:22;2026-08-03 06:48;2026-08-03 07:01;3;short;2026-08-03 06:41
2026-08-10T20:44:00.000+01:00,GCLOSE;23;AUDCAD;A2:23;2026-08-03 07:01;2026-08-03 07:02;1;long;2026-08-03 06:36
2026-08-10T20:44:00.000+01:00,GCLOSE;24;GBPCHF;A2:23;2026-08-03 05:22;2026-08-03 07:09;6;short;2026-08-03 05:07
2026-08-10T20:44:00.000+01:00,GCLOSE;25;AUDJPY;A2:23;2026-08-03 07:24;2026-08-03 07:25;1;long;2026-08-03 07:03
2026-08-10T20:44:00.000+01:00,GCLOSE;26;GBPUSD;A2:23;2026-08-03 06:36;2026-08-03 07:26;3;short;2026-08-03 06:35
2026-08-10T20:44:00.000+01:00,GCLOSE;27;EURGBP;A2:23;2026-08-03 07:29;2026-08-03 07:30;1;long;2026-08-03 07:28
2026-08-10T20:44:00.000+01:00,GCLOSE;28;CHFJPY;A2:23;2026-08-03 07:31;2026-08-03 07:32;1;long;2026-08-03 07:28
2026-08-10T20:44:00.000+01:00,GCLOSE;29;EURCAD;B1:22;2026-08-03 07:38;2026-08-03 07:39;1;short;2026-08-03 07:11
2026-08-10T20:44:00.000+01:00,GCLOSE;30;USDCAD;A2:23;2026-08-03 07:47;2026-08-03 07:48;1;long;2026-08-03 07:28
2026-08-10T20:44:00.000+01:00,GCLOSE;31;GBPAUD;A2:23;2026-08-03 07:51;2026-08-03 07:52;1;long;2026-08-03 07:50
2026-08-10T20:44:00.000+01:00,GCLOSE;32;EURGBP;B1:22;2026-08-03 07:39;2026-08-03 07:53;2;long;2026-08-03 07:36
2026-08-10T20:44:00.000+01:00,GCLOSE;33;AUDCHF;A2:23;2026-08-03 07:53;2026-08-03 07:57;4;long;2026-08-03 07:37
2026-08-10T20:44:00.000+01:00,GCLOSE;34;CADJPY;A2:23;2026-08-03 08:06;2026-08-03 08:13;3;short;2026-08-03 08:05
2026-08-10T20:44:00.000+01:00,GCLOSE;35;AUDJPY;A2:23;2026-08-03 08:11;2026-08-03 08:13;2;short;2026-08-03 08:06
2026-08-10T20:44:00.000+01:00,GCLOSE;36;GBPJPY;A2:23;2026-08-03 08:18;2026-08-03 08:19;1;short;2026-08-03 08:17
2026-08-10T20:44:00.000+01:00,GCLOSE;37;GBPCAD;A2:23;2026-08-03 08:30;2026-08-03 08:31;1;long;2026-08-03 08:21
2026-08-10T20:44:00.000+01:00,GCLOSE;38;GBPCAD;A2:23;2026-08-03 09:17;2026-08-03 09:18;1;short;2026-08-03 09:06
2026-08-10T20:44:00.000+01:00,GCLOSE;39;EURCHF;A1:25;2026-08-03 08:42;2026-08-03 09:30;2;long;2026-08-03 08:32
2026-08-10T20:44:00.000+01:00,GCLOSE;40;GBPAUD;A2:23;2026-08-03 09:47;2026-08-03 09:48;1;long;2026-08-03 09:34
2026-08-10T20:44:00.000+01:00,GCLOSE;41;EURGBP;A2:23;2026-08-03 10:07;2026-08-03 10:38;3;long;2026-08-03 09:32
2026-08-10T20:44:00.000+01:00,GCLOSE;42;EURUSD;A2:23;2026-08-03 10:38;2026-08-03 10:39;1;long;2026-08-03 09:55
2026-08-10T20:44:00.000+01:00,GCLOSE;43;USDCHF;C2:14;2026-08-03 09:54;2026-08-03 10:49;6;short;2026-08-03 09:47
2026-08-10T20:44:00.000+01:00,GCLOSE;44;EURJPY;A2:23;2026-08-03 11:12;2026-08-03 11:17;3;short;2026-08-03 11:11
2026-08-10T20:44:00.000+01:00,GCLOSE;45;CADJPY;A2:23;2026-08-03 11:12;2026-08-03 11:17;2;short;2026-08-03 11:11
2026-08-10T20:44:00.000+01:00,GCLOSE;46;CHFJPY;B1:22;2026-08-03 11:19;2026-08-03 11:20;1;short;2026-08-03 11:12
2026-08-10T20:44:00.000+01:00,GCLOSE;47;AUDJPY;A2:23;2026-08-03 11:12;2026-08-03 11:20;3;short;2026-08-03 11:11
2026-08-10T20:44:00.000+01:00,GCLOSE;48;GBPUSD;D1:10;2026-08-03 11:36;2026-08-03 11:37;1;long;2026-08-03 11:03
2026-08-10T20:44:00.000+01:00,GCLOSE;49;AUDCAD;A2:23;2026-08-03 11:59;2026-08-03 12:01;2;long;2026-08-03 11:52
2026-08-10T20:44:00.000+01:00,GCLOSE;50;GBPUSD;A2:23;2026-08-03 11:58;2026-08-03 12:25;2;short;2026-08-03 11:57
2026-08-10T20:44:00.000+01:00,GCLOSE;51;USDCAD;A2:23;2026-08-03 11:05;2026-08-03 12:25;4;long;2026-08-03 11:03
2026-08-10T20:44:00.000+01:00,GCLOSE;52;EURUSD;A2:23;2026-08-03 12:37;2026-08-03 12:38;1;long;2026-08-03 12:36
2026-08-10T20:44:00.000+01:00,GCLOSE;53;USDCHF;A2:23;2026-08-03 12:41;2026-08-03 12:42;1;short;2026-08-03 12:30
2026-08-10T20:44:00.000+01:00,GCLOSE;54;GBPUSD;D2:46;2026-08-03 12:53;2026-08-03 12:54;1;long;2026-08-03 12:52
2026-08-10T20:44:00.000+01:00,GCLOSE;55;EURCHF;A2:23;2026-08-03 13:07;2026-08-03 13:29;2;long;2026-08-03 13:02
2026-08-10T20:44:00.000+01:00,GCLOSE;56;USDJPY;A2:23;2026-08-03 13:40;2026-08-03 13:41;1;long;2026-08-03 13:06
2026-08-10T20:44:00.000+01:00,GCLOSE;57;CADCHF;A2:23;2026-08-03 14:04;2026-08-03 14:05;1;short;2026-08-03 13:51
2026-08-10T20:44:00.000+01:00,GCLOSE;58;AUDCHF;D1:10;2026-08-03 14:04;2026-08-03 14:05;1;short;2026-08-03 13:15
2026-08-10T20:44:00.000+01:00,GCLOSE;59;CADJPY;A2:23;2026-08-03 13:59;2026-08-03 14:23;2;short;2026-08-03 13:50
2026-08-10T20:44:00.000+01:00,GCLOSE;60;EURUSD;A2:23;2026-08-03 14:25;2026-08-03 14:26;1;short;2026-08-03 14:07
2026-08-10T20:44:00.000+01:00,GCLOSE;61;USDJPY;A2:23;2026-08-03 14:28;2026-08-03 14:29;1;short;2026-08-03 14:23
2026-08-10T20:44:00.000+01:00,GCLOSE;62;GBPJPY;A2:23;2026-08-03 14:40;2026-08-03 14:41;1;short;2026-08-03 14:39
2026-08-10T20:44:00.000+01:00,GCLOSE;63;EURUSD;A2:23;2026-08-03 14:43;2026-08-03 14:45;2;short;2026-08-03 14:35
2026-08-10T20:44:00.000+01:00,GCLOSE;64;GBPCHF;A2:23;2026-08-03 14:54;2026-08-03 15:02;2;short;2026-08-03 14:39
2026-08-10T20:44:00.000+01:00,GCLOSE;65;EURGBP;A2:23;2026-08-03 15:06;2026-08-03 15:12;2;short;2026-08-03 14:55
2026-08-10T20:44:00.000+01:00,GCLOSE;66;USDCHF;A1:25;2026-08-03 15:38;2026-08-03 15:39;1;long;2026-08-03 14:42
2026-08-10T20:44:00.000+01:00,GCLOSE;67;GBPJPY;A2:23;2026-08-03 15:29;2026-08-03 15:43;3;long;2026-08-03 15:23
2026-08-10T20:44:00.000+01:00,GCLOSE;68;AUDJPY;A2:23;2026-08-03 15:42;2026-08-03 15:43;1;long;2026-08-03 15:30
2026-08-10T20:44:00.000+01:00,GCLOSE;69;CHFJPY;A2:23;2026-08-03 15:46;2026-08-03 15:47;1;long;2026-08-03 15:29
2026-08-10T20:44:00.000+01:00,GCLOSE;70;EURCHF;A2:23;2026-08-03 15:58;2026-08-03 15:59;1;long;2026-08-03 15:50
2026-08-10T20:44:00.000+01:00,GCLOSE;71;EURJPY;D1:10;2026-08-03 16:01;2026-08-03 16:02;1;short;2026-08-03 15:49
2026-08-10T20:44:00.000+01:00,GCLOSE;72;GBPCAD;A2:23;2026-08-03 16:06;2026-08-03 16:07;1;short;2026-08-03 16:02
2026-08-10T20:44:00.000+01:00,GCLOSE;73;USDCAD;A2:23;2026-08-03 14:33;2026-08-03 16:12;4;long;2026-08-03 14:27
2026-08-10T20:44:00.000+01:00,GCLOSE;74;USDJPY;A2:23;2026-08-03 16:17;2026-08-03 16:18;1;long;2026-08-03 16:16
2026-08-10T20:44:00.000+01:00,GCLOSE;75;EURJPY;C2:14;2026-08-03 16:11;2026-08-03 16:35;4;short;2026-08-03 16:10
2026-08-10T20:44:00.000+01:00,GCLOSE;76;GBPJPY;A2:23;2026-08-03 16:50;2026-08-03 16:51;1;long;2026-08-03 16:27
2026-08-10T20:44:00.000+01:00,GCLOSE;77;USDCHF;A2:23;2026-08-03 16:50;2026-08-03 16:54;2;short;2026-08-03 16:49
2026-08-10T20:44:00.000+01:00,GCLOSE;78;GBPCAD;A2:23;2026-08-03 17:05;2026-08-03 17:14;2;short;2026-08-03 17:04
2026-08-10T20:44:00.000+01:00,GCLOSE;79;EURGBP;A2:23;2026-08-03 17:15;2026-08-03 17:17;2;long;2026-08-03 17:06
2026-08-10T20:44:00.000+01:00,GCLOSE;80;GBPAUD;A2:23;2026-08-03 17:07;2026-08-03 17:21;3;short;2026-08-03 17:04
2026-08-10T20:44:00.000+01:00,GCLOSE;81;GBPJPY;D2:46;2026-08-03 17:42;2026-08-03 17:49;2;short;2026-08-03 17:40
2026-08-10T20:44:00.000+01:00,GCLOSE;82;EURJPY;A2:23;2026-08-03 17:48;2026-08-03 17:50;2;short;2026-08-03 17:40
2026-08-10T20:44:00.000+01:00,GCLOSE;83;USDJPY;A1:25;2026-08-03 17:20;2026-08-03 18:08;3;long;2026-08-03 17:19
2026-08-10T20:44:00.000+01:00,GCLOSE;84;AUDCHF;A2:23;2026-08-03 18:12;2026-08-03 18:13;1;long;2026-08-03 17:52
2026-08-10T20:44:00.000+01:00,GCLOSE;85;AUDUSD;A2:23;2026-08-03 18:13;2026-08-03 18:14;1;short;2026-08-03 18:09
2026-08-10T20:44:00.000+01:00,GCLOSE;86;AUDCAD;A2:23;2026-08-03 18:48;2026-08-03 18:49;1;long;2026-08-03 18:41
2026-08-10T20:44:00.000+01:00,GCLOSE;87;EURUSD;A2:23;2026-08-03 19:11;2026-08-03 19:13;2;long;2026-08-03 19:01
2026-08-10T20:44:00.000+01:00,GCLOSE;88;EURCAD;B1:22;2026-08-03 19:10;2026-08-03 19:21;2;long;2026-08-03 19:07
2026-08-10T20:44:00.000+01:00,GCLOSE;89;AUDUSD;C2:14;2026-08-03 19:12;2026-08-03 19:52;4;long;2026-08-03 19:11
2026-08-10T20:44:00.000+01:00,GCLOSE;90;EURJPY;A2:23;2026-08-03 20:15;2026-08-03 20:16;1;long;2026-08-03 20:00
2026-08-10T20:44:00.000+01:00,GCLOSE;91;GBPAUD;A2:23;2026-08-03 20:04;2026-08-03 20:16;3;long;2026-08-03 19:26
2026-08-10T20:44:00.000+01:00,GCLOSE;92;AUDUSD;A1:25;2026-08-03 20:42;2026-08-03 20:43;1;long;2026-08-03 20:21
2026-08-10T20:44:00.000+01:00,GCLOSE;93;EURAUD;A1:25;2026-08-03 20:44;2026-08-03 20:46;2;short;2026-08-03 20:32
2026-08-10T20:44:00.000+01:00,GCLOSE;94;GBPCAD;A2:23;2026-08-03 19:56;2026-08-03 20:57;5;long;2026-08-03 19:23
2026-08-10T20:44:00.000+01:00,GCLOSE;95;AUDCAD;A2:23;2026-08-03 20:55;2026-08-03 20:57;2;long;2026-08-03 20:52
2026-08-10T20:44:00.000+01:00,GCLOSE;96;AUDCAD;D2:46;2026-08-03 21:40;2026-08-03 21:41;1;long;2026-08-03 21:39
2026-08-10T20:44:00.000+01:00,GCLOSE;97;GBPAUD;A2:23;2026-08-03 21:40;2026-08-03 21:53;2;short;2026-08-03 21:39
2026-08-10T20:44:00.000+01:00,GCLOSE;98;EURAUD;A2:23;2026-08-03 21:55;2026-08-03 21:56;1;short;2026-08-03 21:54
2026-08-10T20:44:00.000+01:00,GCLOSE;99;EURGBP;A2:23;2026-08-03 22:03;2026-08-03 22:06;2;short;2026-08-03 22:02
2026-08-10T20:44:00.000+01:00,GCLOSE;100;USDCHF;A2:23;2026-08-03 22:10;2026-08-03 22:11;1;short;2026-08-03 22:06
2026-08-10T20:44:00.000+01:00,GCLOSE;101;AUDCHF;A2:23;2026-08-03 22:10;2026-08-03 22:11;1;short;2026-08-03 22:07
2026-08-10T20:44:00.000+01:00,GCLOSE;102;EURCHF;A2:23;2026-08-03 21:59;2026-08-03 22:32;3;short;2026-08-03 21:55
2026-08-10T20:44:00.000+01:00,GCLOSE;103;EURGBP;C2:14;2026-08-03 22:34;2026-08-03 22:35;1;long;2026-08-03 22:33
2026-08-10T20:44:00.000+01:00,GCLOSE;104;CADCHF;A2:23;2026-08-03 22:45;2026-08-03 22:49;2;long;2026-08-03 22:16
2026-08-10T20:44:00.000+01:00,GCLOSE;105;AUDCAD;A2:23;2026-08-03 22:45;2026-08-03 23:05;7;long;2026-08-03 22:44
2026-08-10T20:44:00.000+01:00,GCLOSE;106;EURUSD;D1:10;2026-08-03 23:30;2026-08-03 23:50;2;long;2026-08-03 23:02
2026-08-10T20:44:00.000+01:00,GCLOSE;107;USDCAD;A2:23;2026-08-03 23:50;2026-08-03 23:51;1;short;2026-08-03 23:49
2026-08-10T20:44:00.000+01:00,GCLOSE;108;EURAUD;A1:25;2026-08-03 23:51;2026-08-03 23:53;2;short;2026-08-03 23:47
2026-08-10T20:44:00.000+01:00,GCLOSE;109;CADJPY;A1:25;2026-08-04 00:28;2026-08-04 00:29;1;long;2026-08-03 23:46
2026-08-10T20:44:00.000+01:00,GCLOSE;110;GBPUSD;A2:23;2026-08-03 23:55;2026-08-04 00:39;2;short;2026-08-03 23:03
2026-08-10T20:44:00.000+01:00,GCLOSE;111;GBPJPY;A2:23;2026-08-04 00:33;2026-08-04 00:43;3;long;2026-08-03 23:46
2026-08-10T20:44:00.000+01:00,GCLOSE;112;EURGBP;A2:23;2026-08-04 00:15;2026-08-04 00:46;4;long;2026-08-03 23:55
2026-08-10T20:44:00.000+01:00,GCLOSE;113;EURUSD;A2:23;2026-08-04 00:51;2026-08-04 00:52;1;short;2026-08-04 00:48
2026-08-10T20:44:00.000+01:00,GCLOSE;114;EURJPY;A2:23;2026-08-04 01:05;2026-08-04 01:07;2;short;2026-08-04 00:56
2026-08-10T20:44:00.000+01:00,GCLOSE;115;EURCAD;C2:14;2026-08-04 01:22;2026-08-04 01:23;1;short;2026-08-04 01:21
2026-08-10T20:44:00.000+01:00,GCLOSE;116;AUDUSD;A2:23;2026-08-04 01:12;2026-08-04 01:29;2;long;2026-08-04 01:11
2026-08-10T20:44:00.000+01:00,GCLOSE;117;GBPUSD;A1:25;2026-08-04 01:41;2026-08-04 01:42;1;long;2026-08-04 01:11
2026-08-10T20:44:00.000+01:00,GCLOSE;118;CADCHF;A2:23;2026-08-04 01:56;2026-08-04 01:57;1;long;2026-08-04 01:53
2026-08-10T20:44:00.000+01:00,GCLOSE;119;GBPCAD;A2:23;2026-08-04 02:03;2026-08-04 02:04;1;short;2026-08-04 02:02
2026-08-10T20:44:00.000+01:00,GCLOSE;120;EURUSD;A2:23;2026-08-04 02:28;2026-08-04 02:29;1;long;2026-08-04 02:27
2026-08-10T20:44:00.000+01:00,GCLOSE;121;USDCHF;A2:23;2026-08-04 02:28;2026-08-04 02:29;1;short;2026-08-04 02:27
2026-08-10T20:44:00.000+01:00,GCLOSE;122;EURGBP;A2:23;2026-08-04 02:37;2026-08-04 02:38;1;long;2026-08-04 02:23
2026-08-10T20:44:00.000+01:00,GCLOSE;123;AUDCHF;C2:14;2026-08-04 02:43;2026-08-04 02:44;1;long;2026-08-04 02:38
2026-08-10T20:44:00.000+01:00,GCLOSE;124;USDJPY;A2:23;2026-08-04 02:52;2026-08-04 02:53;1;long;2026-08-04 02:21
2026-08-10T20:44:00.000+01:00,GCLOSE;125;CADJPY;A2:23;2026-08-04 02:56;2026-08-04 02:57;1;long;2026-08-04 02:21
2026-08-10T20:44:00.000+01:00,GCLOSE;126;CHFJPY;C2:14;2026-08-04 02:59;2026-08-04 03:00;1;long;2026-08-04 02:56
2026-08-10T20:44:00.000+01:00,GCLOSE;127;CADJPY;B2:25;2026-08-04 03:04;2026-08-04 03:05;1;long;2026-08-04 03:03
2026-08-10T20:44:00.000+01:00,GCLOSE;128;GBPUSD;A2:23;2026-08-04 02:27;2026-08-04 03:16;3;long;2026-08-04 02:22
2026-08-10T20:44:00.000+01:00,GCLOSE;129;GBPAUD;A2:23;2026-08-04 03:28;2026-08-04 03:30;2;short;2026-08-04 03:16
2026-08-10T20:44:00.000+01:00,GCLOSE;130;EURCHF;A2:23;2026-08-04 03:37;2026-08-04 03:38;1;short;2026-08-04 03:19
2026-08-10T20:44:00.000+01:00,GCLOSE;131;CADCHF;A2:23;2026-08-04 03:31;2026-08-04 03:38;2;short;2026-08-04 03:30
2026-08-10T20:44:00.000+01:00,GCLOSE;132;EURJPY;A2:23;2026-08-04 03:58;2026-08-04 04:05;3;short;2026-08-04 03:57
2026-08-10T20:44:00.000+01:00,GCLOSE;133;CHFJPY;A2:23;2026-08-04 03:58;2026-08-04 04:05;2;short;2026-08-04 03:53
2026-08-10T20:44:00.000+01:00,GCLOSE;134;AUDJPY;A2:23;2026-08-04 04:18;2026-08-04 04:19;1;short;2026-08-04 03:58
2026-08-10T20:44:00.000+01:00,GCLOSE;135;USDJPY;A2:23;2026-08-04 03:30;2026-08-04 04:21;3;short;2026-08-04 03:29
2026-08-10T20:44:00.000+01:00,GCLOSE;136;GBPCHF;A2:23;2026-08-04 04:25;2026-08-04 04:26;1;short;2026-08-04 04:24
2026-08-10T20:44:00.000+01:00,GCLOSE;137;EURUSD;A2:23;2026-08-04 03:43;2026-08-04 04:31;3;long;2026-08-04 03:42
2026-08-10T20:44:00.000+01:00,GCLOSE;138;EURJPY;D2:46;2026-08-04 04:42;2026-08-04 04:43;1;short;2026-08-04 04:13
2026-08-10T20:44:00.000+01:00,GCLOSE;139;GBPJPY;C2:14;2026-08-04 04:42;2026-08-04 04:43;1;short;2026-08-04 04:21
2026-08-10T20:44:00.000+01:00,GCLOSE;140;AUDCHF;B1:22;2026-08-04 06:06;2026-08-04 06:07;1;short;2026-08-04 05:59
2026-08-10T20:44:00.000+01:00,GCLOSE;141;EURCHF;A2:23;2026-08-04 06:07;2026-08-04 06:16;2;long;2026-08-04 05:57
2026-08-10T20:44:00.000+01:00,GCLOSE;142;USDJPY;A2:23;2026-08-04 06:16;2026-08-04 06:18;2;long;2026-08-04 05:56
2026-08-10T20:44:00.000+01:00,GCLOSE;143;GBPCAD;A2:23;2026-08-04 04:23;2026-08-04 06:29;8;long;2026-08-04 03:53
2026-08-10T20:44:00.000+01:00,GCLOSE;144;EURGBP;A1:25;2026-08-04 06:28;2026-08-04 06:30;2;short;2026-08-04 06:27
2026-08-10T20:44:00.000+01:00,GCLOSE;145;AUDCAD;A2:23;2026-08-04 06:12;2026-08-04 06:46;6;short;2026-08-04 06:00
2026-08-10T20:44:00.000+01:00,GCLOSE;146;CADJPY;A2:23;2026-08-04 06:48;2026-08-04 06:49;1;long;2026-08-04 06:16
2026-08-10T20:44:00.000+01:00,GCLOSE;147;GBPCAD;A2:23;2026-08-04 06:57;2026-08-04 06:58;1;long;2026-08-04 06:45
2026-08-10T20:44:00.000+01:00,GCLOSE;148;EURCHF;B1:22;2026-08-04 06:53;2026-08-04 07:26;2;short;2026-08-04 06:47
2026-08-10T20:44:00.000+01:00,GCLOSE;149;GBPJPY;A2:23;2026-08-04 07:45;2026-08-04 07:46;1;long;2026-08-04 07:13
2026-08-10T20:44:00.000+01:00,GCLOSE;150;AUDJPY;B1:22;2026-08-04 06:13;2026-08-04 08:02;3;short;2026-08-04 06:07
2026-08-10T20:44:00.000+01:00,GCLOSE;151;USDCHF;A2:23;2026-08-04 08:45;2026-08-04 08:47;2;long;2026-08-04 08:27
2026-08-10T20:44:00.000+01:00,GCLOSE;152;AUDCAD;D2:46;2026-08-04 08:45;2026-08-04 08:47;2;short;2026-08-04 08:41
2026-08-10T20:44:00.000+01:00,GCLOSE;153;AUDJPY;A2:23;2026-08-04 08:43;2026-08-04 08:48;3;long;2026-08-04 08:34
2026-08-10T20:44:00.000+01:00,GCLOSE;154;EURAUD;A2:23;2026-08-04 08:51;2026-08-04 09:10;3;short;2026-08-04 08:38
2026-08-10T20:44:00.000+01:00,GCLOSE;155;EURCAD;A2:23;2026-08-04 09:59;2026-08-04 10:00;1;short;2026-08-04 09:55
2026-08-10T20:44:00.000+01:00,GCLOSE;156;EURJPY;A2:23;2026-08-04 09:56;2026-08-04 10:06;2;long;2026-08-04 09:42
2026-08-10T20:44:00.000+01:00,GCLOSE;157;USDCHF;A2:23;2026-08-04 10:23;2026-08-04 10:24;1;short;2026-08-04 10:22
2026-08-10T20:44:00.000+01:00,GCLOSE;158;AUDCHF;A2:23;2026-08-04 10:28;2026-08-04 10:29;1;long;2026-08-04 10:22
2026-08-10T20:44:00.000+01:00,GCLOSE;159;EURUSD;A2:23;2026-08-04 11:05;2026-08-04 11:06;1;long;2026-08-04 10:55
2026-08-10T20:44:00.000+01:00,GCLOSE;160;USDCHF;A2:23;2026-08-04 11:05;2026-08-04 11:06;1;short;2026-08-04 11:04
2026-08-10T20:44:00.000+01:00,GCLOSE;161;CHFJPY;A2:23;2026-08-04 11:09;2026-08-04 11:10;1;long;2026-08-04 10:52
2026-08-10T20:44:00.000+01:00,GCLOSE;162;EURCHF;A2:23;2026-08-04 10:52;2026-08-04 11:16;2;long;2026-08-04 10:49
2026-08-10T20:44:00.000+01:00,GCLOSE;163;CADCHF;A2:23;2026-08-04 11:52;2026-08-04 11:53;1;short;2026-08-04 11:51
2026-08-10T20:44:00.000+01:00,GCLOSE;164;AUDUSD;A2:23;2026-08-04 11:06;2026-08-04 11:55;3;long;2026-08-04 11:05
2026-08-10T20:44:00.000+01:00,GCLOSE;165;GBPUSD;C2:14;2026-08-04 10:46;2026-08-04 12:16;8;long;2026-08-04 10:09
2026-08-10T20:44:00.000+01:00,GCLOSE;166;EURJPY;A2:23;2026-08-04 13:02;2026-08-04 13:03;1;short;2026-08-04 12:42
2026-08-10T20:44:00.000+01:00,GCLOSE;167;GBPCHF;A2:23;2026-08-04 13:16;2026-08-04 13:18;2;long;2026-08-04 13:13
2026-08-10T20:44:00.000+01:00,GCLOSE;168;GBPCHF;D2:46;2026-08-04 13:40;2026-08-04 13:41;1;short;2026-08-04 13:27
2026-08-10T20:44:00.000+01:00,GCLOSE;169;EURGBP;C2:14;2026-08-04 13:43;2026-08-04 13:44;1;long;2026-08-04 13:34
2026-08-10T20:44:00.000+01:00,GCLOSE;170;GBPCAD;A2:23;2026-08-04 13:04;2026-08-04 13:54;2;short;2026-08-04 12:58
2026-08-10T20:44:00.000+01:00,GCLOSE;171;USDCAD;A2:23;2026-08-04 13:40;2026-08-04 13:58;2;long;2026-08-04 13:24
2026-08-10T20:44:00.000+01:00,GCLOSE;172;CHFJPY;A2:23;2026-08-04 13:39;2026-08-04 14:17;7;short;2026-08-04 13:38
2026-08-10T20:44:00.000+01:00,GCLOSE;173;GBPCAD;D2:46;2026-08-04 14:05;2026-08-04 14:19;2;long;2026-08-04 14:04
2026-08-10T20:44:00.000+01:00,GCLOSE;174;EURUSD;A2:23;2026-08-04 14:30;2026-08-04 14:31;1;long;2026-08-04 14:29
2026-08-10T20:44:00.000+01:00,GCLOSE;175;EURGBP;A2:23;2026-08-04 14:41;2026-08-04 14:42;1;long;2026-08-04 14:32
2026-08-10T20:44:00.000+01:00,GCLOSE;176;AUDUSD;A2:23;2026-08-04 14:44;2026-08-04 15:07;2;long;2026-08-04 14:43
2026-08-10T20:44:00.000+01:00,GCLOSE;177;CHFJPY;C2:14;2026-08-04 15:27;2026-08-04 15:28;1;long;2026-08-04 15:25
2026-08-10T20:44:00.000+01:00,GCLOSE;178;GBPJPY;A2:23;2026-08-04 14:52;2026-08-04 15:29;4;long;2026-08-04 14:51
2026-08-10T20:44:00.000+01:00,GCLOSE;179;CADCHF;A2:23;2026-08-04 15:32;2026-08-04 15:33;1;long;2026-08-04 15:17
2026-08-10T20:44:00.000+01:00,GCLOSE;180;EURGBP;A1:25;2026-08-04 15:46;2026-08-04 15:47;1;short;2026-08-04 15:16
2026-08-10T20:44:00.000+01:00,GCLOSE;181;EURUSD;A2:23;2026-08-04 15:50;2026-08-04 15:51;1;short;2026-08-04 15:39
2026-08-10T20:44:00.000+01:00,GCLOSE;182;GBPCAD;A2:23;2026-08-04 15:47;2026-08-04 15:57;2;short;2026-08-04 15:46
2026-08-10T20:44:00.000+01:00,GCLOSE;183;GBPCHF;A2:23;2026-08-04 15:00;2026-08-04 16:09;4;long;2026-08-04 14:59
2026-08-10T20:44:00.000+01:00,GCLOSE;184;USDCHF;A2:23;2026-08-04 16:12;2026-08-04 16:13;1;long;2026-08-04 15:53
2026-08-10T20:44:00.000+01:00,GCLOSE;185;CHFJPY;B2:25;2026-08-04 15:44;2026-08-04 16:14;3;short;2026-08-04 15:43
2026-08-10T20:44:00.000+01:00,GCLOSE;186;GBPAUD;A2:23;2026-08-04 15:35;2026-08-04 16:17;5;long;2026-08-04 15:16
2026-08-10T20:44:00.000+01:00,GCLOSE;187;CADCHF;A2:23;2026-08-04 16:24;2026-08-04 16:26;2;long;2026-08-04 16:00
2026-08-10T20:44:00.000+01:00,GCLOSE;188;AUDCHF;A2:23;2026-08-04 17:18;2026-08-04 17:25;2;long;2026-08-04 17:10
2026-08-10T20:44:00.000+01:00,GCLOSE;189;AUDCAD;A2:23;2026-08-04 17:34;2026-08-04 17:35;1;long;2026-08-04 17:30
2026-08-10T20:44:00.000+01:00,GCLOSE;190;USDCHF;A2:23;2026-08-04 17:10;2026-08-04 17:40;2;long;2026-08-04 17:00
2026-08-10T20:44:00.000+01:00,GCLOSE;191;USDJPY;A2:23;2026-08-04 17:52;2026-08-04 17:53;1;long;2026-08-04 17:47
2026-08-10T20:44:00.000+01:00,GCLOSE;192;GBPCHF;A2:23;2026-08-04 17:58;2026-08-04 17:59;1;short;2026-08-04 17:56
2026-08-10T20:44:00.000+01:00,GCLOSE;193;GBPCAD;A2:23;2026-08-04 18:12;2026-08-04 18:13;1;short;2026-08-04 18:11
2026-08-10T20:44:00.000+01:00,GCLOSE;194;EURGBP;A1:25;2026-08-04 18:13;2026-08-04 18:14;1;long;2026-08-04 18:12
2026-08-10T20:44:00.000+01:00,GCLOSE;195;AUDCHF;A2:23;2026-08-04 18:25;2026-08-04 18:26;1;long;2026-08-04 18:21
2026-08-10T20:44:00.000+01:00,GCLOSE;196;USDJPY;A2:23;2026-08-04 19:06;2026-08-04 19:09;2;long;2026-08-04 19:05
2026-08-10T20:44:00.000+01:00,GCLOSE;197;GBPCAD;A2:23;2026-08-04 19:42;2026-08-04 19:43;1;short;2026-08-04 19:28
2026-08-10T20:44:00.000+01:00,GCLOSE;198;CADJPY;A1:25;2026-08-04 19:45;2026-08-04 19:46;1;long;2026-08-04 19:07
2026-08-10T20:44:00.000+01:00,GCLOSE;199;GBPUSD;C2:14;2026-08-04 19:35;2026-08-04 19:48;2;long;2026-08-04 19:18
2026-08-10T20:44:00.000+01:00,GCLOSE;200;GBPJPY;A2:23;2026-08-04 19:27;2026-08-04 19:52;2;long;2026-08-04 19:26
2026-08-10T20:44:00.000+01:00,GCLOSE;201;AUDJPY;A2:23;2026-08-04 19:51;2026-08-04 19:52;1;long;2026-08-04 19:21
2026-08-10T20:44:00.000+01:00,GCLOSE;202;EURUSD;A2:23;2026-08-04 19:47;2026-08-04 19:56;3;long;2026-08-04 19:27
2026-08-10T20:44:00.000+01:00,GCLOSE;203;AUDCAD;A2:23;2026-08-04 20:52;2026-08-04 20:53;1;short;2026-08-04 20:23
2026-08-10T20:44:00.000+01:00,GCLOSE;204;EURCHF;A2:23;2026-08-04 20:54;2026-08-04 20:55;1;long;2026-08-04 20:38
2026-08-10T20:44:00.000+01:00,GCLOSE;205;AUDCHF;A2:23;2026-08-04 20:58;2026-08-04 21:01;2;short;2026-08-04 20:38
2026-08-10T20:44:00.000+01:00,GCLOSE;206;CADCHF;A2:23;2026-08-04 19:01;2026-08-04 21:05;9;short;2026-08-04 19:00
2026-08-10T20:44:00.000+01:00,GCLOSE;207;CADJPY;A2:23;2026-08-04 20:56;2026-08-04 21:06;3;short;2026-08-04 20:51
2026-08-10T20:44:00.000+01:00,GCLOSE;208;GBPCAD;A2:23;2026-08-04 21:22;2026-08-04 21:23;1;short;2026-08-04 20:51
2026-08-10T20:44:00.000+01:00,GCLOSE;209;USDCAD;A2:23;2026-08-04 21:23;2026-08-04 21:24;1;short;2026-08-04 21:17
2026-08-10T20:44:00.000+01:00,GCLOSE;210;EURCAD;A2:23;2026-08-04 21:06;2026-08-04 21:37;2;long;2026-08-04 21:05
2026-08-10T20:44:00.000+01:00,GCLOSE;211;EURJPY;A2:23;2026-08-04 22:13;2026-08-04 22:14;1;long;2026-08-04 22:09
2026-08-10T20:44:00.000+01:00,GCLOSE;212;AUDCAD;A2:23;2026-08-04 22:16;2026-08-04 22:22;4;short;2026-08-04 22:09
2026-08-10T20:44:00.000+01:00,GCLOSE;213;EURGBP;C2:14;2026-08-04 22:22;2026-08-04 22:23;1;short;2026-08-04 22:17
2026-08-10T20:44:00.000+01:00,GCLOSE;214;EURCHF;A2:23;2026-08-04 22:50;2026-08-04 22:51;1;long;2026-08-04 22:37
2026-08-10T20:44:00.000+01:00,GCLOSE;215;AUDJPY;C2:14;2026-08-04 22:50;2026-08-04 22:52;2;long;2026-08-04 22:49
2026-08-10T20:44:00.000+01:00,GCLOSE;216;USDCAD;A2:23;2026-08-04 23:36;2026-08-04 23:37;1;short;2026-08-04 22:54
2026-08-10T20:44:00.000+01:00,GCLOSE;217;AUDCHF;A2:23;2026-08-04 23:39;2026-08-04 23:40;1;long;2026-08-04 23:09
2026-08-10T20:44:00.000+01:00,GCLOSE;218;GBPCHF;A2:23;2026-08-04 22:56;2026-08-04 23:41;5;long;2026-08-04 22:42
2026-08-10T20:44:00.000+01:00,GCLOSE;219;GBPJPY;A2:23;2026-08-04 23:51;2026-08-04 23:52;1;short;2026-08-04 23:50
2026-08-10T20:44:00.000+01:00,GCLOSE;220;USDCHF;A2:23;2026-08-05 00:19;2026-08-05 00:20;1;long;2026-08-05 00:18
2026-08-10T20:44:00.000+01:00,GCLOSE;221;AUDCHF;A2:23;2026-08-05 00:23;2026-08-05 00:24;1;long;2026-08-05 00:19
2026-08-10T20:44:00.000+01:00,GCLOSE;222;AUDCAD;A2:23;2026-08-05 00:23;2026-08-05 00:24;1;long;2026-08-05 00:20
2026-08-10T20:44:00.000+01:00,GCLOSE;223;EURGBP;A2:23;2026-08-04 23:21;2026-08-05 00:37;6;long;2026-08-04 23:20
2026-08-10T20:44:00.000+01:00,GCLOSE;224;AUDUSD;A2:23;2026-08-05 00:40;2026-08-05 00:42;2;short;2026-08-05 00:02
2026-08-10T20:44:00.000+01:00,GCLOSE;225;EURCAD;A2:23;2026-08-05 01:03;2026-08-05 01:05;2;long;2026-08-04 22:58
2026-08-10T20:44:00.000+01:00,GCLOSE;226;EURUSD;A2:23;2026-08-05 00:21;2026-08-05 01:06;4;long;2026-08-05 00:01
2026-08-10T20:44:00.000+01:00,GCLOSE;227;EURCHF;A2:23;2026-08-05 00:52;2026-08-05 01:06;4;short;2026-08-05 00:35
2026-08-10T20:44:00.000+01:00,GCLOSE;228;GBPUSD;A1:25;2026-08-05 01:08;2026-08-05 01:26;2;long;2026-08-05 01:07
2026-08-10T20:44:00.000+01:00,GCLOSE;229;USDCAD;A2:23;2026-08-05 01:25;2026-08-05 01:26;1;short;2026-08-05 00:54
2026-08-10T20:44:00.000+01:00,GCLOSE;230;AUDJPY;A2:23;2026-08-05 01:31;2026-08-05 01:42;2;short;2026-08-05 01:12
2026-08-10T20:44:00.000+01:00,GCLOSE;231;GBPJPY;D1:10;2026-08-05 01:51;2026-08-05 01:53;2;short;2026-08-05 01:50
2026-08-10T20:44:00.000+01:00,GCLOSE;232;EURJPY;A2:23;2026-08-05 01:25;2026-08-05 01:56;2;short;2026-08-05 00:57
2026-08-10T20:44:00.000+01:00,GCLOSE;233;EURCHF;A2:23;2026-08-05 01:29;2026-08-05 01:57;4;short;2026-08-05 01:18
2026-08-10T20:44:00.000+01:00,GCLOSE;234;CHFJPY;B1:22;2026-08-05 02:08;2026-08-05 02:09;1;short;2026-08-05 01:58
2026-08-10T20:44:00.000+01:00,GCLOSE;235;USDJPY;A2:23;2026-08-05 02:14;2026-08-05 02:15;1;short;2026-08-05 02:12
2026-08-10T20:44:00.000+01:00,GCLOSE;236;GBPUSD;C2:14;2026-08-05 02:29;2026-08-05 02:32;2;short;2026-08-05 02:28
2026-08-10T20:44:00.000+01:00,GCLOSE;237;USDCAD;A2:23;2026-08-05 02:28;2026-08-05 02:32;4;long;2026-08-05 02:05
2026-08-10T20:44:00.000+01:00,GCLOSE;238;AUDUSD;A2:23;2026-08-05 02:31;2026-08-05 02:32;1;short;2026-08-05 02:29
2026-08-10T20:44:00.000+01:00,GCLOSE;239;EURUSD;A2:23;2026-08-05 02:28;2026-08-05 02:34;3;short;2026-08-05 01:52
2026-08-10T20:44:00.000+01:00,GCLOSE;240;USDJPY;D1:10;2026-08-05 02:33;2026-08-05 03:05;3;long;2026-08-05 02:32
2026-08-10T20:44:00.000+01:00,GCLOSE;241;CHFJPY;D1:10;2026-08-05 03:06;2026-08-05 03:07;1;long;2026-08-05 03:03
2026-08-10T20:44:00.000+01:00,GCLOSE;242;AUDCHF;D1:10;2026-08-05 03:10;2026-08-05 03:11;1;short;2026-08-05 03:03
2026-08-10T20:44:00.000+01:00,GCLOSE;243;USDCAD;D1:10;2026-08-05 02:51;2026-08-05 03:19;2;long;2026-08-05 02:46
2026-08-10T20:44:00.000+01:00,GCLOSE;244;AUDJPY;A2:23;2026-08-05 03:17;2026-08-05 03:19;2;short;2026-08-05 03:04
2026-08-10T20:44:00.000+01:00,GCLOSE;245;EURGBP;A2:23;2026-08-05 01:09;2026-08-05 03:22;8;long;2026-08-05 01:08
2026-08-10T20:44:00.000+01:00,GCLOSE;246;CADCHF;A2:23;2026-08-05 03:10;2026-08-05 03:24;2;short;2026-08-05 02:58
2026-08-10T20:44:00.000+01:00,GCLOSE;247;USDCHF;A2:23;2026-08-05 03:40;2026-08-05 03:41;1;short;2026-08-05 03:28
2026-08-10T20:44:00.000+01:00,GCLOSE;248;USDCAD;A2:23;2026-08-05 03:33;2026-08-05 03:45;3;short;2026-08-05 03:20
2026-08-10T20:44:00.000+01:00,GCLOSE;249;EURCHF;A2:23;2026-08-05 03:46;2026-08-05 03:47;1;short;2026-08-05 02:59
2026-08-10T20:44:00.000+01:00,GCLOSE;250;EURGBP;A2:23;2026-08-05 03:47;2026-08-05 03:48;1;long;2026-08-05 03:46
2026-08-10T20:44:00.000+01:00,GCLOSE;251;CHFJPY;A2:23;2026-08-05 04:03;2026-08-05 04:05;2;long;2026-08-05 03:58
2026-08-10T20:44:00.000+01:00,GCLOSE;252;EURGBP;D1:10;2026-08-05 04:05;2026-08-05 04:13;2;long;2026-08-05 04:04
2026-08-10T20:44:00.000+01:00,GCLOSE;253;EURUSD;A2:23;2026-08-05 04:13;2026-08-05 04:34;3;short;2026-08-05 04:12
2026-08-10T20:44:00.000+01:00,GCLOSE;254;USDCHF;A2:23;2026-08-05 04:38;2026-08-05 04:50;4;long;2026-08-05 04:37
2026-08-10T20:44:00.000+01:00,GCLOSE;255;AUDCAD;A2:23;2026-08-05 04:59;2026-08-05 05:07;2;long;2026-08-05 04:17
2026-08-10T20:44:00.000+01:00,GCLOSE;256;USDCAD;A2:23;2026-08-05 05:30;2026-08-05 05:37;2;long;2026-08-05 05:29
2026-08-10T20:44:00.000+01:00,GCLOSE;257;AUDCAD;A2:23;2026-08-05 05:49;2026-08-05 05:50;1;short;2026-08-05 05:46
2026-08-10T20:44:00.000+01:00,GCLOSE;258;GBPAUD;A2:23;2026-08-05 05:49;2026-08-05 05:59;2;long;2026-08-05 05:46
2026-08-10T20:44:00.000+01:00,GCLOSE;259;EURAUD;A2:23;2026-08-05 06:02;2026-08-05 06:36;3;long;2026-08-05 05:50
2026-08-10T20:44:00.000+01:00,GCLOSE;260;GBPCAD;D1:10;2026-08-05 05:12;2026-08-05 06:36;3;long;2026-08-05 05:11
2026-08-10T20:44:00.000+01:00,GCLOSE;261;CHFJPY;A2:23;2026-08-05 06:54;2026-08-05 06:55;1;long;2026-08-05 06:38
2026-08-10T20:44:00.000+01:00,GCLOSE;262;GBPCHF;A2:23;2026-08-05 07:12;2026-08-05 07:14;2;long;2026-08-05 06:15
2026-08-10T20:44:00.000+01:00,GCLOSE;263;USDJPY;A2:23;2026-08-05 07:20;2026-08-05 07:21;1;long;2026-08-05 07:19
2026-08-10T20:44:00.000+01:00,GCLOSE;264;USDCHF;A2:23;2026-08-05 07:19;2026-08-05 07:24;3;long;2026-08-05 06:49
2026-08-10T20:44:00.000+01:00,GCLOSE;265;EURJPY;A2:23;2026-08-05 06:47;2026-08-05 07:25;2;long;2026-08-05 06:38
2026-08-10T20:44:00.000+01:00,GCLOSE;266;USDCAD;A2:23;2026-08-05 07:25;2026-08-05 07:26;1;long;2026-08-05 06:56
2026-08-10T20:44:00.000+01:00,GCLOSE;267;GBPJPY;A2:23;2026-08-05 06:47;2026-08-05 07:37;3;short;2026-08-05 06:37
2026-08-10T20:44:00.000+01:00,GCLOSE;268;EURUSD;A2:23;2026-08-05 06:16;2026-08-05 07:45;6;long;2026-08-05 06:10
2026-08-10T20:44:00.000+01:00,GCLOSE;269;USDCHF;A2:23;2026-08-05 07:47;2026-08-05 07:48;1;short;2026-08-05 07:46
2026-08-10T20:44:00.000+01:00,GCLOSE;270;GBPUSD;D1:10;2026-08-05 08:10;2026-08-05 08:11;1;short;2026-08-05 07:53
2026-08-10T20:44:00.000+01:00,GCLOSE;271;CHFJPY;A2:23;2026-08-05 08:23;2026-08-05 08:24;1;short;2026-08-05 08:18
2026-08-10T20:44:00.000+01:00,GCLOSE;272;CHFJPY;A2:23;2026-08-05 09:23;2026-08-05 09:24;1;long;2026-08-05 09:00
2026-08-10T20:44:00.000+01:00,GCLOSE;273;GBPCAD;A2:23;2026-08-05 09:23;2026-08-05 09:27;3;long;2026-08-05 09:04
2026-08-10T20:44:00.000+01:00,GCLOSE;274;AUDUSD;A2:23;2026-08-05 09:50;2026-08-05 09:51;1;short;2026-08-05 09:44
2026-08-10T20:44:00.000+01:00,GCLOSE;275;AUDCAD;A2:23;2026-08-05 09:54;2026-08-05 09:55;1;short;2026-08-05 09:48
2026-08-10T20:44:00.000+01:00,GCLOSE;276;USDJPY;A2:23;2026-08-05 10:26;2026-08-05 10:27;1;short;2026-08-05 10:25
2026-08-10T20:44:00.000+01:00,GCLOSE;277;GBPUSD;A2:23;2026-08-05 10:41;2026-08-05 10:42;1;long;2026-08-05 10:40
2026-08-10T20:44:00.000+01:00,GCLOSE;278;EURGBP;A2:23;2026-08-05 09:57;2026-08-05 11:03;4;short;2026-08-05 09:15
2026-08-10T20:44:00.000+01:00,GCLOSE;279;GBPAUD;C2:14;2026-08-05 10:52;2026-08-05 11:03;2;long;2026-08-05 10:50
2026-08-10T20:44:00.000+01:00,GCLOSE;280;EURAUD;A2:23;2026-08-05 11:27;2026-08-05 11:28;1;long;2026-08-05 11:26
2026-08-10T20:44:00.000+01:00,GCLOSE;281;CHFJPY;A1:25;2026-08-05 10:37;2026-08-05 11:29;5;short;2026-08-05 09:58
2026-08-10T20:44:00.000+01:00,GCLOSE;282;USDCHF;A2:23;2026-08-05 11:31;2026-08-05 11:32;1;long;2026-08-05 11:30
2026-08-10T20:44:00.000+01:00,GCLOSE;283;EURCHF;A2:23;2026-08-05 12:14;2026-08-05 12:15;1;short;2026-08-05 12:11
2026-08-10T20:44:00.000+01:00,GCLOSE;284;EURJPY;A2:23;2026-08-05 11:55;2026-08-05 12:22;2;short;2026-08-05 11:29
2026-08-10T20:44:00.000+01:00,GCLOSE;285;EURCAD;A2:23;2026-08-05 12:51;2026-08-05 12:52;1;short;2026-08-05 12:40
2026-08-10T20:44:00.000+01:00,GCLOSE;286;EURAUD;A2:23;2026-08-05 13:03;2026-08-05 13:12;3;short;2026-08-05 12:54
2026-08-10T20:44:00.000+01:00,GCLOSE;287;USDCHF;A2:23;2026-08-05 13:16;2026-08-05 13:17;1;long;2026-08-05 13:15
2026-08-10T20:44:00.000+01:00,GCLOSE;288;EURJPY;D1:10;2026-08-05 13:23;2026-08-05 13:24;1;short;2026-08-05 12:50
2026-08-10T20:44:00.000+01:00,GCLOSE;289;CADJPY;B1:22;2026-08-05 13:23;2026-08-05 13:24;1;short;2026-08-05 13:22
2026-08-10T20:44:00.000+01:00,GCLOSE;290;GBPUSD;A2:23;2026-08-05 13:14;2026-08-05 13:25;2;long;2026-08-05 12:43
2026-08-10T20:44:00.000+01:00,GCLOSE;291;USDCHF;D1:10;2026-08-05 13:48;2026-08-05 13:50;2;long;2026-08-05 13:36
2026-08-10T20:44:00.000+01:00,GCLOSE;292;USDJPY;A2:23;2026-08-05 13:49;2026-08-05 13:52;2;long;2026-08-05 13:48
2026-08-10T20:44:00.000+01:00,GCLOSE;293;AUDUSD;A2:23;2026-08-05 13:09;2026-08-05 14:02;7;short;2026-08-05 12:58
2026-08-10T20:44:00.000+01:00,GCLOSE;294;CADCHF;A2:23;2026-08-05 13:40;2026-08-05 14:08;2;short;2026-08-05 13:37
2026-08-10T20:44:00.000+01:00,GCLOSE;295;USDJPY;D2:46;2026-08-05 14:12;2026-08-05 14:13;1;short;2026-08-05 14:01
2026-08-10T20:44:00.000+01:00,GCLOSE;296;CADCHF;D2:46;2026-08-05 14:17;2026-08-05 14:18;1;short;2026-08-05 14:10
2026-08-10T20:44:00.000+01:00,GCLOSE;297;EURUSD;A1:25;2026-08-05 14:28;2026-08-05 14:29;1;long;2026-08-05 14:20
2026-08-10T20:44:00.000+01:00,GCLOSE;298;GBPJPY;A2:23;2026-08-05 14:38;2026-08-05 14:42;2;short;2026-08-05 14:29
2026-08-10T20:44:00.000+01:00,GCLOSE;299;GBPCAD;A2:23;2026-08-05 14:50;2026-08-05 14:51;1;short;2026-08-05 14:39
2026-08-10T20:44:00.000+01:00,GCLOSE;300;AUDJPY;A2:23;2026-08-05 14:40;2026-08-05 14:53;2;long;2026-08-05 14:39
2026-08-10T20:44:00.000+01:00,GCLOSE;301;USDCHF;A2:23;2026-08-05 15:09;2026-08-05 15:10;1;short;2026-08-05 15:02
2026-08-10T20:44:00.000+01:00,GCLOSE;302;GBPUSD;A2:23;2026-08-05 15:10;2026-08-05 15:11;1;long;2026-08-05 15:09
2026-08-10T20:44:00.000+01:00,GCLOSE;303;EURAUD;A2:23;2026-08-05 15:17;2026-08-05 15:19;2;short;2026-08-05 15:12
2026-08-10T20:44:00.000+01:00,GCLOSE;304;AUDCHF;A2:23;2026-08-05 15:19;2026-08-05 15:20;1;short;2026-08-05 15:14
2026-08-10T20:44:00.000+01:00,GCLOSE;305;EURGBP;A2:23;2026-08-05 15:11;2026-08-05 15:30;2;short;2026-08-05 15:06
2026-08-10T20:44:00.000+01:00,GCLOSE;306;EURAUD;D2:46;2026-08-05 15:33;2026-08-05 15:34;1;short;2026-08-05 15:32
2026-08-10T20:44:00.000+01:00,GCLOSE;307;CADCHF;A2:23;2026-08-05 15:13;2026-08-05 15:40;3;long;2026-08-05 15:12
2026-08-10T20:44:00.000+01:00,GCLOSE;308;AUDJPY;D2:46;2026-08-05 15:12;2026-08-05 15:50;3;long;2026-08-05 14:58
2026-08-10T20:44:00.000+01:00,GCLOSE;309;GBPAUD;A2:23;2026-08-05 15:47;2026-08-05 16:00;5;long;2026-08-05 15:39
2026-08-10T20:44:00.000+01:00,GCLOSE;310;EURCHF;A2:23;2026-08-05 16:29;2026-08-05 16:30;1;long;2026-08-05 16:28
2026-08-10T20:44:00.000+01:00,GCLOSE;311;EURJPY;A2:23;2026-08-05 16:41;2026-08-05 16:42;1;long;2026-08-05 16:17
2026-08-10T20:44:00.000+01:00,GCLOSE;312;AUDJPY;A2:23;2026-08-05 17:18;2026-08-05 17:19;1;long;2026-08-05 16:58
2026-08-10T20:44:00.000+01:00,GCLOSE;313;GBPUSD;A1:25;2026-08-05 17:43;2026-08-05 17:44;1;short;2026-08-05 17:01
2026-08-10T20:44:00.000+01:00,GCLOSE;314;CADCHF;A2:23;2026-08-05 16:54;2026-08-05 17:48;3;short;2026-08-05 16:51
2026-08-10T20:44:00.000+01:00,GCLOSE;315;AUDCHF;D1:10;2026-08-05 17:54;2026-08-05 17:55;1;short;2026-08-05 17:53
2026-08-10T20:44:00.000+01:00,GCLOSE;316;EURJPY;A2:23;2026-08-05 17:57;2026-08-05 17:58;1;long;2026-08-05 17:37
2026-08-10T20:44:00.000+01:00,GCLOSE;317;EURGBP;A2:23;2026-08-05 18:08;2026-08-05 18:09;1;long;2026-08-05 18:04
2026-08-10T20:44:00.000+01:00,GCLOSE;318;EURCHF;A2:23;2026-08-05 18:05;2026-08-05 18:10;2;long;2026-08-05 17:32
2026-08-10T20:44:00.000+01:00,GCLOSE;319;EURCHF;C2:14;2026-08-05 18:25;2026-08-05 18:26;1;short;2026-08-05 18:24
2026-08-10T20:44:00.000+01:00,GCLOSE;320;EURUSD;A2:23;2026-08-05 18:37;2026-08-05 18:45;2;long;2026-08-05 18:31
2026-08-10T20:44:00.000+01:00,GCLOSE;321;AUDCAD;A2:23;2026-08-05 18:50;2026-08-05 18:57;3;long;2026-08-05 18:49
2026-08-10T20:44:00.000+01:00,GCLOSE;322;EURUSD;A2:23;2026-08-05 19:39;2026-08-05 19:40;1;short;2026-08-05 19:38
2026-08-10T20:44:00.000+01:00,GCLOSE;323;USDCAD;A2:23;2026-08-05 19:40;2026-08-05 19:44;2;long;2026-08-05 19:39
2026-08-10T20:44:00.000+01:00,GCLOSE;324;EURCAD;C2:14;2026-08-05 19:53;2026-08-05 19:54;1;short;2026-08-05 19:47
2026-08-10T20:44:00.000+01:00,GCLOSE;325;CADCHF;A2:23;2026-08-05 19:23;2026-08-05 20:06;3;long;2026-08-05 19:22
2026-08-10T20:44:00.000+01:00,GCLOSE;326;AUDCHF;A2:23;2026-08-05 20:05;2026-08-05 20:06;1;long;2026-08-05 20:04
2026-08-10T20:44:00.000+01:00,GCLOSE;327;GBPJPY;A2:23;2026-08-05 19:45;2026-08-05 20:09;3;long;2026-08-05 19:44
2026-08-10T20:44:00.000+01:00,GCLOSE;328;GBPCHF;A2:23;2026-08-05 20:08;2026-08-05 20:09;1;long;2026-08-05 20:05
2026-08-10T20:44:00.000+01:00,GCLOSE;329;USDJPY;A2:23;2026-08-05 19:19;2026-08-05 20:16;6;long;2026-08-05 18:37
2026-08-10T20:44:00.000+01:00,GCLOSE;330;CADJPY;A2:23;2026-08-05 20:38;2026-08-05 20:39;1;short;2026-08-05 20:12
2026-08-10T20:44:00.000+01:00,GCLOSE;331;GBPAUD;A2:23;2026-08-05 20:44;2026-08-05 20:45;1;long;2026-08-05 19:58
2026-08-10T20:44:00.000+01:00,GCLOSE;332;CHFJPY;A2:23;2026-08-05 20:49;2026-08-05 20:50;1;long;2026-08-05 20:48
2026-08-10T20:44:00.000+01:00,GCLOSE;333;EURJPY;A2:23;2026-08-05 20:53;2026-08-05 20:54;1;long;2026-08-05 20:42
2026-08-10T20:44:00.000+01:00,GCLOSE;334;GBPJPY;A2:23;2026-08-05 20:53;2026-08-05 20:54;1;long;2026-08-05 20:52
2026-08-10T20:44:00.000+01:00,GCLOSE;335;AUDCAD;D2:46;2026-08-05 19:35;2026-08-05 20:57;4;short;2026-08-05 19:34
2026-08-10T20:44:00.000+01:00,GCLOSE;336;CADCHF;A2:23;2026-08-05 21:02;2026-08-05 21:03;1;short;2026-08-05 20:48
2026-08-10T20:44:00.000+01:00,GCLOSE;337;AUDCHF;B1:22;2026-08-05 21:20;2026-08-05 21:22;2;long;2026-08-05 21:19
2026-08-10T20:44:00.000+01:00,GCLOSE;338;EURCAD;A2:23;2026-08-05 21:21;2026-08-05 22:19;5;long;2026-08-05 21:12
2026-08-10T20:44:00.000+01:00,GCLOSE;339;GBPJPY;A2:23;2026-08-05 22:18;2026-08-05 22:19;1;short;2026-08-05 22:15
2026-08-10T20:44:00.000+01:00,GCLOSE;340;AUDCHF;A2:23;2026-08-05 21:25;2026-08-05 22:19;7;short;2026-08-05 21:24
2026-08-10T20:44:00.000+01:00,GCLOSE;341;GBPAUD;A2:23;2026-08-05 22:20;2026-08-05 22:21;1;short;2026-08-05 21:56
2026-08-10T20:44:00.000+01:00,GCLOSE;342;EURAUD;B1:22;2026-08-05 22:04;2026-08-05 22:36;2;short;2026-08-05 21:55
2026-08-10T20:44:00.000+01:00,GCLOSE;343;USDJPY;A2:23;2026-08-05 22:40;2026-08-05 22:42;2;short;2026-08-05 22:18
2026-08-10T20:44:00.000+01:00,GCLOSE;344;GBPJPY;A2:23;2026-08-05 23:08;2026-08-05 23:09;1;long;2026-08-05 22:58
2026-08-10T20:44:00.000+01:00,GCLOSE;345;CHFJPY;A2:23;2026-08-05 22:09;2026-08-05 23:09;5;long;2026-08-05 21:51
2026-08-10T20:44:00.000+01:00,GCLOSE;346;EURUSD;A2:23;2026-08-05 23:30;2026-08-05 23:31;1;long;2026-08-05 22:59
2026-08-10T20:44:00.000+01:00,GCLOSE;347;EURAUD;A2:23;2026-08-05 23:41;2026-08-05 23:42;1;short;2026-08-05 23:40
2026-08-10T20:44:00.000+01:00,GCLOSE;348;EURGBP;A2:23;2026-08-05 23:11;2026-08-05 23:52;4;long;2026-08-05 22:36
2026-08-10T20:44:00.000+01:00,GCLOSE;349;GBPCAD;C2:14;2026-08-06 00:03;2026-08-06 00:04;1;long;2026-08-05 23:11
2026-08-10T20:44:00.000+01:00,GCLOSE;350;GBPUSD;A2:23;2026-08-06 00:03;2026-08-06 00:06;2;long;2026-08-05 23:48
2026-08-10T20:44:00.000+01:00,GCLOSE;351;USDCAD;D1:10;2026-08-05 23:39;2026-08-06 00:10;3;long;2026-08-05 23:23
2026-08-10T20:44:00.000+01:00,GCLOSE;352;EURUSD;B2:25;2026-08-06 00:48;2026-08-06 00:49;1;long;2026-08-05 23:48
2026-08-10T20:44:00.000+01:00,GCLOSE;353;USDCAD;A2:23;2026-08-06 01:00;2026-08-06 01:01;1;long;2026-08-06 00:59
2026-08-10T20:44:00.000+01:00,GCLOSE;354;AUDUSD;A2:23;2026-08-06 00:37;2026-08-06 01:04;2;short;2026-08-06 00:36
2026-08-10T20:44:00.000+01:00,GCLOSE;355;CHFJPY;A2:23;2026-08-06 01:07;2026-08-06 01:08;1;long;2026-08-06 00:58
2026-08-10T20:44:00.000+01:00,GCLOSE;356;AUDCHF;A2:23;2026-08-06 01:20;2026-08-06 01:21;1;short;2026-08-06 01:11
2026-08-10T20:44:00.000+01:00,GCLOSE;357;EURAUD;A2:23;2026-08-06 01:26;2026-08-06 01:27;1;long;2026-08-06 01:11
2026-08-10T20:44:00.000+01:00,GCLOSE;358;AUDCAD;B1:22;2026-08-06 01:43;2026-08-06 01:44;1;long;2026-08-06 01:42
2026-08-10T20:44:00.000+01:00,GCLOSE;359;AUDCHF;A2:23;2026-08-06 01:47;2026-08-06 01:56;3;short;2026-08-06 01:43
2026-08-10T20:44:00.000+01:00,GCLOSE;360;GBPCAD;A2:23;2026-08-06 01:42;2026-08-06 02:01;3;short;2026-08-06 01:41
2026-08-10T20:44:00.000+01:00,GCLOSE;361;GBPJPY;A2:23;2026-08-06 01:21;2026-08-06 02:09;2;short;2026-08-06 01:15
2026-08-10T20:44:00.000+01:00,GCLOSE;362;USDCAD;D2:46;2026-08-06 02:20;2026-08-06 02:22;2;short;2026-08-06 01:56
2026-08-10T20:44:00.000+01:00,GCLOSE;363;GBPUSD;A2:23;2026-08-06 02:23;2026-08-06 02:24;1;long;2026-08-06 01:55
2026-08-10T20:44:00.000+01:00,GCLOSE;364;CADJPY;A2:23;2026-08-06 02:32;2026-08-06 02:33;1;short;2026-08-06 02:21
2026-08-10T20:44:00.000+01:00,GCLOSE;365;USDCHF;A1:25;2026-08-06 01:55;2026-08-06 02:45;4;short;2026-08-06 01:54
2026-08-10T20:44:00.000+01:00,GCLOSE;366;CADCHF;A2:23;2026-08-06 02:46;2026-08-06 02:47;1;short;2026-08-06 02:40
2026-08-10T20:44:00.000+01:00,GCLOSE;367;EURAUD;A2:23;2026-08-06 03:38;2026-08-06 03:44;2;short;2026-08-06 03:21
2026-08-10T20:44:00.000+01:00,GCLOSE;368;GBPCAD;A2:23;2026-08-06 03:26;2026-08-06 03:54;5;short;2026-08-06 03:25
2026-08-10T20:44:00.000+01:00,GCLOSE;369;EURCAD;A2:23;2026-08-06 04:02;2026-08-06 04:03;1;short;2026-08-06 03:59
2026-08-10T20:44:00.000+01:00,GCLOSE;370;GBPJPY;A2:23;2026-08-06 04:09;2026-08-06 04:10;1;long;2026-08-06 04:08
2026-08-10T20:44:00.000+01:00,GCLOSE;371;EURCHF;A2:23;2026-08-06 04:26;2026-08-06 04:27;1;long;2026-08-06 04:10
2026-08-10T20:44:00.000+01:00,GCLOSE;372;CHFJPY;A2:23;2026-08-06 05:23;2026-08-06 05:24;1;short;2026-08-06 04:48
2026-08-10T20:44:00.000+01:00,GCLOSE;373;EURGBP;A2:23;2026-08-06 05:36;2026-08-06 05:37;1;long;2026-08-06 05:11
2026-08-10T20:44:00.000+01:00,GCLOSE;374;EURJPY;A2:23;2026-08-06 05:44;2026-08-06 05:45;1;short;2026-08-06 05:43
2026-08-10T20:44:00.000+01:00,GCLOSE;375;GBPJPY;D1:10;2026-08-06 04:53;2026-08-06 06:02;6;long;2026-08-06 04:52
2026-08-10T20:44:00.000+01:00,GCLOSE;376;AUDUSD;A2:23;2026-08-06 06:09;2026-08-06 06:10;1;short;2026-08-06 06:01
2026-08-10T20:44:00.000+01:00,GCLOSE;377;CADJPY;A2:23;2026-08-06 06:17;2026-08-06 06:18;1;short;2026-08-06 06:15
2026-08-10T20:44:00.000+01:00,GCLOSE;378;EURGBP;D1:10;2026-08-06 06:27;2026-08-06 06:28;1;long;2026-08-06 06:26
2026-08-10T20:44:00.000+01:00,GCLOSE;379;GBPCAD;B1:22;2026-08-06 06:06;2026-08-06 06:32;2;short;2026-08-06 06:05
2026-08-10T20:44:00.000+01:00,GCLOSE;380;CHFJPY;A2:23;2026-08-06 06:39;2026-08-06 06:40;1;long;2026-08-06 06:38
2026-08-10T20:44:00.000+01:00,GCLOSE;381;GBPCAD;D2:46;2026-08-06 06:47;2026-08-06 06:50;2;long;2026-08-06 06:46
2026-08-10T20:44:00.000+01:00,GCLOSE;382;GBPCHF;A2:23;2026-08-06 07:13;2026-08-06 07:14;1;long;2026-08-06 06:48
2026-08-10T20:44:00.000+01:00,GCLOSE;383;EURCHF;A2:23;2026-08-06 07:22;2026-08-06 07:26;2;long;2026-08-06 07:17
2026-08-10T20:44:00.000+01:00,GCLOSE;384;EURGBP;A2:23;2026-08-06 07:11;2026-08-06 07:40;2;long;2026-08-06 07:04
2026-08-10T20:44:00.000+01:00,GCLOSE;385;GBPJPY;A2:23;2026-08-06 07:40;2026-08-06 07:42;2;short;2026-08-06 07:32
2026-08-10T20:44:00.000+01:00,GCLOSE;386;EURCAD;A2:23;2026-08-06 07:42;2026-08-06 07:43;1;short;2026-08-06 07:32
2026-08-10T20:44:00.000+01:00,GCLOSE;387;GBPUSD;A2:23;2026-08-06 09:00;2026-08-06 09:01;1;long;2026-08-06 08:59
2026-08-10T20:44:00.000+01:00,GCLOSE;388;EURGBP;D1:10;2026-08-06 09:09;2026-08-06 09:10;1;short;2026-08-06 09:08
2026-08-10T20:44:00.000+01:00,GCLOSE;389;CADCHF;A2:23;2026-08-06 08:28;2026-08-06 09:19;3;long;2026-08-06 08:27
2026-08-10T20:44:00.000+01:00,GCLOSE;390;USDCAD;A2:23;2026-08-06 08:18;2026-08-06 09:33;5;long;2026-08-06 08:17
2026-08-10T20:44:00.000+01:00,GCLOSE;391;EURJPY;A2:23;2026-08-06 09:32;2026-08-06 09:33;1;short;2026-08-06 09:31
2026-08-10T20:44:00.000+01:00,GCLOSE;392;EURAUD;A2:23;2026-08-06 09:56;2026-08-06 09:57;1;short;2026-08-06 09:55
2026-08-10T20:44:00.000+01:00,GCLOSE;393;GBPCHF;C2:14;2026-08-06 09:21;2026-08-06 10:21;2;long;2026-08-06 09:19
2026-08-10T20:44:00.000+01:00,GCLOSE;394;AUDCHF;A2:23;2026-08-06 10:21;2026-08-06 10:22;1;long;2026-08-06 10:09
2026-08-10T20:44:00.000+01:00,GCLOSE;395;EURCHF;A2:23;2026-08-06 10:29;2026-08-06 10:30;1;long;2026-08-06 10:00
2026-08-10T20:44:00.000+01:00,GCLOSE;396;GBPUSD;A2:23;2026-08-06 10:35;2026-08-06 10:36;1;short;2026-08-06 10:08
2026-08-10T20:44:00.000+01:00,GCLOSE;397;EURUSD;A2:23;2026-08-06 10:39;2026-08-06 10:41;2;short;2026-08-06 09:31
2026-08-10T20:44:00.000+01:00,GCLOSE;398;USDCHF;A2:23;2026-08-06 10:19;2026-08-06 10:41;2;long;2026-08-06 09:13
2026-08-10T20:44:00.000+01:00,GCLOSE;399;AUDJPY;A2:23;2026-08-06 10:11;2026-08-06 10:54;3;long;2026-08-06 10:01
2026-08-10T20:44:00.000+01:00,GCLOSE;400;AUDCAD;A2:23;2026-08-06 10:47;2026-08-06 11:11;3;short;2026-08-06 10:13
2026-08-10T20:44:00.000+01:00,GCLOSE;401;CADJPY;A2:23;2026-08-06 11:17;2026-08-06 11:18;1;long;2026-08-06 11:09
2026-08-10T20:44:00.000+01:00,GCLOSE;402;USDCAD;A2:23;2026-08-06 11:01;2026-08-06 11:27;5;short;2026-08-06 10:53
2026-08-10T20:44:00.000+01:00,GCLOSE;403;GBPCAD;A2:23;2026-08-06 10:46;2026-08-06 11:33;3;short;2026-08-06 10:17
2026-08-10T20:44:00.000+01:00,GCLOSE;404;GBPCHF;A2:23;2026-08-06 11:38;2026-08-06 11:39;1;short;2026-08-06 11:20
2026-08-10T20:44:00.000+01:00,GCLOSE;405;EURCAD;A2:23;2026-08-06 11:43;2026-08-06 11:44;1;short;2026-08-06 11:38
2026-08-10T20:44:00.000+01:00,GCLOSE;406;EURAUD;A2:23;2026-08-06 11:55;2026-08-06 11:56;1;short;2026-08-06 11:35
2026-08-10T20:44:00.000+01:00,GCLOSE;407;CHFJPY;A2:23;2026-08-06 12:06;2026-08-06 12:08;2;long;2026-08-06 12:04
2026-08-10T20:44:00.000+01:00,GCLOSE;408;EURGBP;A2:23;2026-08-06 12:31;2026-08-06 12:41;2;short;2026-08-06 12:30
2026-08-10T20:44:00.000+01:00,GCLOSE;409;AUDCHF;A2:23;2026-08-06 12:37;2026-08-06 12:47;2;long;2026-08-06 12:18
2026-08-10T20:44:00.000+01:00,GCLOSE;410;USDJPY;B1:22;2026-08-06 13:01;2026-08-06 13:02;1;short;2026-08-06 12:54
2026-08-10T20:44:00.000+01:00,GCLOSE;411;CADCHF;A2:23;2026-08-06 13:09;2026-08-06 13:32;3;short;2026-08-06 13:01
2026-08-10T20:44:00.000+01:00,GCLOSE;412;GBPCHF;A2:23;2026-08-06 13:15;2026-08-06 13:45;4;long;2026-08-06 13:14
2026-08-10T20:44:00.000+01:00,GCLOSE;413;GBPUSD;A2:23;2026-08-06 13:52;2026-08-06 13:53;1;short;2026-08-06 13:36
2026-08-10T20:44:00.000+01:00,GCLOSE;414;EURCHF;A2:23;2026-08-06 13:52;2026-08-06 13:53;1;long;2026-08-06 13:22
2026-08-10T20:44:00.000+01:00,GCLOSE;415;CADJPY;A2:23;2026-08-06 13:53;2026-08-06 13:54;1;short;2026-08-06 13:52
2026-08-10T20:44:00.000+01:00,GCLOSE;416;CHFJPY;A2:23;2026-08-06 14:03;2026-08-06 14:04;1;long;2026-08-06 13:57
2026-08-10T20:44:00.000+01:00,GCLOSE;417;AUDJPY;D1:10;2026-08-06 14:13;2026-08-06 14:14;1;short;2026-08-06 13:55
2026-08-10T20:44:00.000+01:00,GCLOSE;418;GBPCAD;A2:23;2026-08-06 14:36;2026-08-06 14:37;1;long;2026-08-06 14:23
2026-08-10T20:44:00.000+01:00,GCLOSE;419;GBPUSD;A2:23;2026-08-06 14:38;2026-08-06 14:39;1;long;2026-08-06 14:37
2026-08-10T20:44:00.000+01:00,GCLOSE;420;GBPJPY;A2:23;2026-08-06 14:38;2026-08-06 14:39;1;long;2026-08-06 14:36
2026-08-10T20:44:00.000+01:00,GCLOSE;421;EURGBP;A2:23;2026-08-06 15:04;2026-08-06 15:05;1;short;2026-08-06 14:50
2026-08-10T20:44:00.000+01:00,GCLOSE;422;USDJPY;A2:23;2026-08-06 14:58;2026-08-06 15:10;3;long;2026-08-06 14:55
2026-08-10T20:44:00.000+01:00,GCLOSE;423;CADCHF;A2:23;2026-08-06 15:24;2026-08-06 15:25;1;short;2026-08-06 15:22
2026-08-10T20:44:00.000+01:00,GCLOSE;424;GBPCHF;A2:23;2026-08-06 15:47;2026-08-06 15:54;2;long;2026-08-06 15:41
2026-08-10T20:44:00.000+01:00,GCLOSE;425;CADCHF;D2:46;2026-08-06 15:57;2026-08-06 15:58;1;long;2026-08-06 15:45
2026-08-10T20:44:00.000+01:00,GCLOSE;426;USDCHF;A2:23;2026-08-06 15:58;2026-08-06 15:59;1;long;2026-08-06 15:54
2026-08-10T20:44:00.000+01:00,GCLOSE;427;CHFJPY;A2:23;2026-08-06 15:37;2026-08-06 16:02;2;short;2026-08-06 15:36
2026-08-10T20:44:00.000+01:00,GCLOSE;428;AUDUSD;A2:23;2026-08-06 16:21;2026-08-06 16:23;2;short;2026-08-06 16:02
2026-08-10T20:44:00.000+01:00,GCLOSE;429;EURCHF;A2:23;2026-08-06 16:03;2026-08-06 16:24;3;long;2026-08-06 15:54
2026-08-10T20:44:00.000+01:00,GCLOSE;430;USDCAD;A2:23;2026-08-06 16:36;2026-08-06 16:37;1;long;2026-08-06 16:22
2026-08-10T20:44:00.000+01:00,GCLOSE;431;EURAUD;A2:23;2026-08-06 16:35;2026-08-06 16:42;2;long;2026-08-06 16:02
2026-08-10T20:44:00.000+01:00,GCLOSE;432;GBPAUD;A2:23;2026-08-06 16:30;2026-08-06 16:42;6;long;2026-08-06 16:23
2026-08-10T20:44:00.000+01:00,GCLOSE;433;GBPJPY;A2:23;2026-08-06 16:18;2026-08-06 16:44;3;short;2026-08-06 15:27
2026-08-10T20:44:00.000+01:00,GCLOSE;434;CADJPY;A2:23;2026-08-06 17:47;2026-08-06 17:48;1;long;2026-08-06 17:42
2026-08-10T20:44:00.000+01:00,GCLOSE;435;EURCHF;A2:23;2026-08-06 18:00;2026-08-06 18:01;1;short;2026-08-06 17:57
2026-08-10T20:44:00.000+01:00,GCLOSE;436;USDCHF;A2:23;2026-08-06 18:02;2026-08-06 18:03;1;short;2026-08-06 17:57
2026-08-10T20:44:00.000+01:00,GCLOSE;437;GBPUSD;A2:23;2026-08-06 17:57;2026-08-06 18:05;2;long;2026-08-06 17:56
2026-08-10T20:44:00.000+01:00,GCLOSE;438;AUDCAD;A1:25;2026-08-06 18:03;2026-08-06 18:07;2;long;2026-08-06 18:02
2026-08-10T20:44:00.000+01:00,GCLOSE;439;GBPCHF;C2:14;2026-08-06 18:11;2026-08-06 18:12;1;long;2026-08-06 17:56
2026-08-10T20:44:00.000+01:00,GCLOSE;440;USDCAD;A2:23;2026-08-06 18:32;2026-08-06 18:33;1;short;2026-08-06 18:31
2026-08-10T20:44:00.000+01:00,GCLOSE;441;GBPCHF;A2:23;2026-08-06 18:36;2026-08-06 18:37;1;long;2026-08-06 18:32
2026-08-10T20:44:00.000+01:00,GCLOSE;442;EURCAD;A2:23;2026-08-06 18:45;2026-08-06 18:46;1;short;2026-08-06 18:42
2026-08-10T20:44:00.000+01:00,GCLOSE;443;GBPCAD;A2:23;2026-08-06 18:45;2026-08-06 18:46;1;short;2026-08-06 18:41
2026-08-10T20:44:00.000+01:00,GCLOSE;444;EURCHF;A2:23;2026-08-06 19:13;2026-08-06 19:14;1;short;2026-08-06 19:00
2026-08-10T20:44:00.000+01:00,GCLOSE;445;AUDCHF;A2:23;2026-08-06 19:01;2026-08-06 19:34;3;short;2026-08-06 18:49
2026-08-10T20:44:00.000+01:00,GCLOSE;446;EURJPY;A2:23;2026-08-06 19:46;2026-08-06 19:51;2;short;2026-08-06 19:03
2026-08-10T20:44:00.000+01:00,GCLOSE;447;AUDJPY;A2:23;2026-08-06 19:44;2026-08-06 19:54;2;short;2026-08-06 18:31
2026-08-10T20:44:00.000+01:00,GCLOSE;448;EURUSD;A2:23;2026-08-06 19:49;2026-08-06 20:09;2;long;2026-08-06 19:44
2026-08-10T20:44:00.000+01:00,GCLOSE;449;EURCAD;A2:23;2026-08-06 20:17;2026-08-06 20:18;1;short;2026-08-06 20:16
2026-08-10T20:44:00.000+01:00,GCLOSE;450;GBPUSD;A2:23;2026-08-06 20:30;2026-08-06 20:43;2;short;2026-08-06 20:29
2026-08-10T20:44:00.000+01:00,GCLOSE;451;CADJPY;A2:23;2026-08-06 20:31;2026-08-06 21:13;2;long;2026-08-06 20:30
2026-08-10T20:44:00.000+01:00,GCLOSE;452;USDJPY;A2:23;2026-08-06 21:02;2026-08-06 21:14;2;long;2026-08-06 21:01
2026-08-10T20:44:00.000+01:00,GCLOSE;453;CHFJPY;A2:23;2026-08-06 21:15;2026-08-06 21:16;1;long;2026-08-06 21:10
2026-08-10T20:44:00.000+01:00,GCLOSE;454;USDCHF;A2:23;2026-08-06 20:56;2026-08-06 21:23;2;long;2026-08-06 20:55
2026-08-10T20:44:00.000+01:00,GCLOSE;455;GBPJPY;D1:10;2026-08-06 21:17;2026-08-06 21:33;2;short;2026-08-06 21:16
2026-08-10T20:44:00.000+01:00,GCLOSE;456;AUDJPY;A2:23;2026-08-06 21:34;2026-08-06 21:35;1;short;2026-08-06 21:13
2026-08-10T20:44:00.000+01:00,GCLOSE;457;CADJPY;A1:25;2026-08-06 21:38;2026-08-06 21:39;1;short;2026-08-06 21:37
2026-08-10T20:44:00.000+01:00,GCLOSE;458;EURCAD;A2:23;2026-08-06 21:47;2026-08-06 21:48;1;short;2026-08-06 21:38
2026-08-10T20:44:00.000+01:00,GCLOSE;459;CADCHF;A2:23;2026-08-06 21:30;2026-08-06 21:53;2;long;2026-08-06 21:29
2026-08-10T20:44:00.000+01:00,GCLOSE;460;GBPCHF;A2:23;2026-08-06 20:54;2026-08-06 21:57;7;long;2026-08-06 20:46
2026-08-10T20:44:00.000+01:00,GCLOSE;461;EURGBP;D1:10;2026-08-06 22:08;2026-08-06 22:13;2;short;2026-08-06 22:05
2026-08-10T20:44:00.000+01:00,GCLOSE;462;USDCAD;A2:23;2026-08-06 22:41;2026-08-06 22:42;1;long;2026-08-06 22:40
2026-08-10T20:44:00.000+01:00,GCLOSE;463;AUDCHF;A2:23;2026-08-06 22:44;2026-08-06 22:45;1;short;2026-08-06 22:30
2026-08-10T20:44:00.000+01:00,GCLOSE;464;AUDJPY;A2:23;2026-08-06 22:47;2026-08-06 22:48;1;short;2026-08-06 22:41
2026-08-10T20:44:00.000+01:00,GCLOSE;465;EURUSD;A1:25;2026-08-06 23:11;2026-08-06 23:20;3;long;2026-08-06 23:10
2026-08-10T20:44:00.000+01:00,GCLOSE;466;GBPUSD;D1:10;2026-08-06 23:21;2026-08-06 23:22;1;long;2026-08-06 23:20
2026-08-10T20:44:00.000+01:00,GCLOSE;467;EURAUD;A2:23;2026-08-06 22:46;2026-08-06 23:26;4;long;2026-08-06 22:40
2026-08-10T20:44:00.000+01:00,GCLOSE;468;USDJPY;A2:23;2026-08-06 23:34;2026-08-06 23:35;1;short;2026-08-06 23:33
2026-08-10T20:44:00.000+01:00,GCLOSE;469;GBPJPY;A2:23;2026-08-06 23:46;2026-08-06 23:47;1;short;2026-08-06 23:40
2026-08-10T20:44:00.000+01:00,GCLOSE;470;EURJPY;A1:25;2026-08-06 23:56;2026-08-06 23:58;2;long;2026-08-06 23:51
2026-08-10T20:44:00.000+01:00,GCLOSE;471;GBPJPY;A2:23;2026-08-07 00:00;2026-08-07 00:01;1;long;2026-08-06 23:57
2026-08-10T20:44:00.000+01:00,GCLOSE;472;CADJPY;B1:22;2026-08-07 00:10;2026-08-07 00:11;1;short;2026-08-06 23:59
2026-08-10T20:44:00.000+01:00,GCLOSE;473;GBPAUD;A2:23;2026-08-07 00:03;2026-08-07 00:43;2;short;2026-08-06 23:06
2026-08-10T20:44:00.000+01:00,GCLOSE;474;AUDJPY;A2:23;2026-08-07 00:44;2026-08-07 00:45;1;long;2026-08-07 00:43
2026-08-10T20:44:00.000+01:00,GCLOSE;475;GBPUSD;A1:25;2026-08-07 00:46;2026-08-07 00:47;1;long;2026-08-07 00:40
2026-08-10T20:44:00.000+01:00,GCLOSE;476;USDCHF;A2:23;2026-08-07 00:50;2026-08-07 00:51;1;short;2026-08-07 00:41
2026-08-10T20:44:00.000+01:00,GCLOSE;477;CADCHF;A2:23;2026-08-07 00:01;2026-08-07 01:05;2;long;2026-08-06 23:13
2026-08-10T20:44:00.000+01:00,GCLOSE;478;USDJPY;A2:23;2026-08-07 01:14;2026-08-07 01:15;1;long;2026-08-07 01:06
2026-08-10T20:44:00.000+01:00,GCLOSE;479;EURGBP;C2:14;2026-08-07 01:09;2026-08-07 01:17;2;long;2026-08-07 01:08
2026-08-10T20:44:00.000+01:00,GCLOSE;480;EURCAD;A2:23;2026-08-07 00:37;2026-08-07 01:17;2;short;2026-08-07 00:29
2026-08-10T20:44:00.000+01:00,GCLOSE;481;CADJPY;A2:23;2026-08-07 00:41;2026-08-07 01:17;4;long;2026-08-07 00:40
2026-08-10T20:44:00.000+01:00,GCLOSE;482;EURAUD;A2:23;2026-08-07 01:38;2026-08-07 01:47;3;long;2026-08-07 01:37
2026-08-10T20:44:00.000+01:00,GCLOSE;483;EURCAD;D2:46;2026-08-07 01:21;2026-08-07 01:49;2;long;2026-08-07 01:19
2026-08-10T20:44:00.000+01:00,GCLOSE;484;CADCHF;A2:23;2026-08-07 01:54;2026-08-07 01:55;1;short;2026-08-07 01:53
2026-08-10T20:44:00.000+01:00,GCLOSE;485;EURAUD;D2:46;2026-08-07 02:04;2026-08-07 02:05;1;short;2026-08-07 01:49
2026-08-10T20:44:00.000+01:00,GCLOSE;486;EURUSD;A2:23;2026-08-07 02:18;2026-08-07 02:19;1;long;2026-08-07 02:15
2026-08-10T20:44:00.000+01:00,GCLOSE;487;EURCHF;A2:23;2026-08-07 02:14;2026-08-07 02:46;2;short;2026-08-07 02:10
2026-08-10T20:44:00.000+01:00,GCLOSE;488;USDCAD;A2:23;2026-08-07 02:54;2026-08-07 02:58;3;long;2026-08-07 02:46
2026-08-10T20:44:00.000+01:00,GCLOSE;489;EURUSD;D1:10;2026-08-07 02:54;2026-08-07 03:30;5;long;2026-08-07 02:47
2026-08-10T20:44:00.000+01:00,GCLOSE;490;EURAUD;A2:23;2026-08-07 03:34;2026-08-07 03:35;1;long;2026-08-07 03:33
2026-08-10T20:44:00.000+01:00,GCLOSE;491;AUDCAD;A2:23;2026-08-07 03:23;2026-08-07 03:35;2;short;2026-08-07 03:15
2026-08-10T20:44:00.000+01:00,GCLOSE;492;AUDUSD;A2:23;2026-08-07 03:23;2026-08-07 03:37;2;short;2026-08-07 03:13
2026-08-10T20:44:00.000+01:00,GCLOSE;493;AUDCHF;A2:23;2026-08-07 03:54;2026-08-07 03:55;1;long;2026-08-07 03:41
2026-08-10T20:44:00.000+01:00,GCLOSE;494;USDCHF;A2:23;2026-08-07 02:56;2026-08-07 04:01;4;long;2026-08-07 01:45
2026-08-10T20:44:00.000+01:00,GCLOSE;495;EURAUD;A2:23;2026-08-07 04:11;2026-08-07 04:20;3;long;2026-08-07 04:10
2026-08-10T20:44:00.000+01:00,GCLOSE;496;AUDCAD;A2:23;2026-08-07 04:19;2026-08-07 04:20;1;short;2026-08-07 04:01
2026-08-10T20:44:00.000+01:00,GCLOSE;497;CHFJPY;A2:23;2026-08-07 03:53;2026-08-07 04:21;2;long;2026-08-07 03:17
2026-08-10T20:44:00.000+01:00,GCLOSE;498;EURGBP;D1:10;2026-08-07 04:12;2026-08-07 04:26;2;long;2026-08-07 03:46
2026-08-10T20:44:00.000+01:00,GCLOSE;499;EURJPY;A2:23;2026-08-07 04:42;2026-08-07 04:43;1;long;2026-08-07 04:19
2026-08-10T20:44:00.000+01:00,GCLOSE;500;EURUSD;A2:23;2026-08-07 04:59;2026-08-07 05:00;1;long;2026-08-07 04:29
2026-08-10T20:44:00.000+01:00,GCLOSE;501;GBPCHF;A2:23;2026-08-07 04:47;2026-08-07 05:00;3;short;2026-08-07 04:30
2026-08-10T20:44:00.000+01:00,GCLOSE;502;CADCHF;A2:23;2026-08-07 04:35;2026-08-07 05:00;3;short;2026-08-07 04:13
2026-08-10T20:44:00.000+01:00,GCLOSE;503;AUDCHF;A2:23;2026-08-07 04:59;2026-08-07 05:00;1;short;2026-08-07 04:58
2026-08-10T20:44:00.000+01:00,GCLOSE;504;GBPAUD;A2:23;2026-08-07 05:14;2026-08-07 05:16;2;short;2026-08-07 04:41
2026-08-10T20:44:00.000+01:00,GCLOSE;505;GBPAUD;C2:14;2026-08-07 05:42;2026-08-07 05:43;1;long;2026-08-07 05:26
2026-08-10T20:44:00.000+01:00,GCLOSE;506;CADJPY;A2:23;2026-08-07 05:52;2026-08-07 05:53;1;short;2026-08-07 05:37
2026-08-10T20:44:00.000+01:00,GCLOSE;507;USDCHF;A2:23;2026-08-07 06:26;2026-08-07 06:27;1;long;2026-08-07 05:59
2026-08-10T20:44:00.000+01:00,GCLOSE;508;CHFJPY;A2:23;2026-08-07 05:36;2026-08-07 06:30;3;short;2026-08-07 04:56
2026-08-10T20:44:00.000+01:00,GCLOSE;509;USDJPY;A2:23;2026-08-07 06:29;2026-08-07 06:36;3;short;2026-08-07 06:24
2026-08-10T20:44:00.000+01:00,GCLOSE;510;EURUSD;A2:23;2026-08-07 06:44;2026-08-07 06:45;1;long;2026-08-07 06:43
2026-08-10T20:44:00.000+01:00,GCLOSE;511;GBPCAD;A2:23;2026-08-07 06:54;2026-08-07 07:03;2;long;2026-08-07 06:51
2026-08-10T20:44:00.000+01:00,GCLOSE;512;AUDJPY;A2:23;2026-08-07 07:02;2026-08-07 07:03;1;short;2026-08-07 06:55
2026-08-10T20:44:00.000+01:00,GCLOSE;513;GBPJPY;A2:23;2026-08-07 07:35;2026-08-07 07:56;2;long;2026-08-07 06:49
2026-08-10T20:44:00.000+01:00,GCLOSE;514;EURGBP;A2:23;2026-08-07 08:11;2026-08-07 08:12;1;long;2026-08-07 08:10
2026-08-10T20:44:00.000+01:00,GCLOSE;515;AUDCAD;A2:23;2026-08-07 08:14;2026-08-07 08:15;1;long;2026-08-07 08:01
2026-08-10T20:44:00.000+01:00,GCLOSE;516;CADJPY;A2:23;2026-08-07 08:27;2026-08-07 08:28;1;long;2026-08-07 08:09
2026-08-10T20:44:00.000+01:00,GCLOSE;517;AUDCAD;A2:23;2026-08-07 08:27;2026-08-07 08:38;4;long;2026-08-07 08:26
2026-08-10T20:44:00.000+01:00,GCLOSE;518;AUDCHF;A2:23;2026-08-07 06:38;2026-08-07 08:39;10;long;2026-08-07 06:36
2026-08-10T20:44:00.000+01:00,GCLOSE;519;CADCHF;A2:23;2026-08-07 08:22;2026-08-07 08:55;2;short;2026-08-07 08:18
2026-08-10T20:44:00.000+01:00,GCLOSE;520;USDCAD;A2:23;2026-08-07 09:01;2026-08-07 09:08;2;long;2026-08-07 09:00
2026-08-10T20:44:00.000+01:00,GCLOSE;521;GBPJPY;C2:14;2026-08-07 08:55;2026-08-07 09:08;4;short;2026-08-07 08:34
2026-08-10T20:44:00.000+01:00,GCLOSE;522;GBPCHF;A2:23;2026-08-07 09:08;2026-08-07 09:09;1;short;2026-08-07 09:01
2026-08-10T20:44:00.000+01:00,GCLOSE;523;CADJPY;A2:23;2026-08-07 09:09;2026-08-07 09:19;3;long;2026-08-07 09:06
2026-08-10T20:44:00.000+01:00,GCLOSE;524;USDJPY;A2:23;2026-08-07 09:17;2026-08-07 09:28;4;long;2026-08-07 09:13
2026-08-10T20:44:00.000+01:00,GCLOSE;525;AUDUSD;D1:10;2026-08-07 09:48;2026-08-07 09:50;2;long;2026-08-07 09:09
2026-08-10T20:44:00.000+01:00,GCLOSE;526;EURGBP;A2:23;2026-08-07 09:58;2026-08-07 09:59;1;long;2026-08-07 09:49
2026-08-10T20:44:00.000+01:00,GCLOSE;527;CHFJPY;A1:25;2026-08-07 10:17;2026-08-07 10:18;1;long;2026-08-07 09:36
2026-08-10T20:44:00.000+01:00,GCLOSE;528;EURAUD;A2:23;2026-08-07 10:17;2026-08-07 10:19;2;long;2026-08-07 10:13
2026-08-10T20:44:00.000+01:00,GCLOSE;529;EURAUD;A2:23;2026-08-07 11:18;2026-08-07 11:20;2;long;2026-08-07 10:57
2026-08-10T20:44:00.000+01:00,GCLOSE;530;AUDJPY;A2:23;2026-08-07 11:39;2026-08-07 11:40;1;short;2026-08-07 11:38
2026-08-10T20:44:00.000+01:00,GCLOSE;531;USDJPY;A2:23;2026-08-07 11:44;2026-08-07 11:49;2;short;2026-08-07 11:43
2026-08-10T20:44:00.000+01:00,GCLOSE;532;GBPAUD;A2:23;2026-08-07 11:56;2026-08-07 11:57;1;long;2026-08-07 11:34
2026-08-10T20:44:00.000+01:00,GCLOSE;533;GBPCAD;A2:23;2026-08-07 11:56;2026-08-07 11:57;1;long;2026-08-07 11:50
2026-08-10T20:44:00.000+01:00,GCLOSE;534;EURJPY;A2:23;2026-08-07 11:53;2026-08-07 12:20;2;long;2026-08-07 11:47
2026-08-10T20:44:00.000+01:00,GCLOSE;535;AUDCAD;A2:23;2026-08-07 11:34;2026-08-07 12:21;5;short;2026-08-07 11:33
2026-08-10T20:44:00.000+01:00,GCLOSE;536;CHFJPY;A2:23;2026-08-07 12:42;2026-08-07 12:43;1;long;2026-08-07 11:47
2026-08-10T20:44:00.000+01:00,GCLOSE;537;CADJPY;A2:23;2026-08-07 13:05;2026-08-07 13:06;1;long;2026-08-07 12:48
2026-08-10T20:44:00.000+01:00,GCLOSE;538;USDCAD;A2:23;2026-08-07 12:51;2026-08-07 13:16;2;short;2026-08-07 12:47
2026-08-10T20:44:00.000+01:00,GCLOSE;539;AUDCHF;A2:23;2026-08-07 13:16;2026-08-07 13:17;1;long;2026-08-07 13:08
2026-08-10T20:44:00.000+01:00,GCLOSE;540;AUDJPY;A2:23;2026-08-07 13:28;2026-08-07 13:32;2;short;2026-08-07 13:18
2026-08-10T20:44:00.000+01:00,GCLOSE;541;GBPAUD;A2:23;2026-08-07 13:28;2026-08-07 13:36;3;short;2026-08-07 13:15
2026-08-10T20:44:00.000+01:00,GCLOSE;542;GBPJPY;A2:23;2026-08-07 13:07;2026-08-07 13:37;3;short;2026-08-07 13:04
2026-08-10T20:44:00.000+01:00,GCLOSE;543;CADJPY;D2:46;2026-08-07 13:36;2026-08-07 13:37;1;short;2026-08-07 13:24
2026-08-10T20:44:00.000+01:00,GCLOSE;544;EURCHF;A2:23;2026-08-07 13:38;2026-08-07 13:39;1;short;2026-08-07 13:37
2026-08-10T20:44:00.000+01:00,GCLOSE;545;USDJPY;A1:25;2026-08-07 13:23;2026-08-07 13:43;5;short;2026-08-07 12:56
2026-08-10T20:44:00.000+01:00,GCLOSE;546;CADJPY;A2:23;2026-08-07 13:49;2026-08-07 13:50;1;short;2026-08-07 13:48
2026-08-10T20:44:00.000+01:00,GCLOSE;547;USDJPY;A1:25;2026-08-07 14:37;2026-08-07 14:38;1;long;2026-08-07 14:36
2026-08-10T20:44:00.000+01:00,GCLOSE;548;EURAUD;A2:23;2026-08-07 14:38;2026-08-07 14:39;1;short;2026-08-07 14:37
2026-08-10T20:44:00.000+01:00,GCLOSE;549;USDCAD;A2:23;2026-08-07 14:45;2026-08-07 14:46;1;short;2026-08-07 14:36
2026-08-10T20:44:00.000+01:00,GCLOSE;550;AUDCAD;A2:23;2026-08-07 14:41;2026-08-07 14:53;2;short;2026-08-07 14:40
2026-08-10T20:44:00.000+01:00,GCLOSE;551;EURUSD;B1:22;2026-08-07 14:44;2026-08-07 14:54;2;short;2026-08-07 14:36
2026-08-10T20:44:00.000+01:00,GCLOSE;552;GBPUSD;B1:22;2026-08-07 14:37;2026-08-07 14:54;4;short;2026-08-07 14:32
2026-08-10T20:44:00.000+01:00,GCLOSE;553;USDCHF;A1:25;2026-08-07 14:53;2026-08-07 14:54;1;long;2026-08-07 14:39
2026-08-10T20:44:00.000+01:00,GCLOSE;554;AUDCAD;B1:22;2026-08-07 15:24;2026-08-07 15:26;2;long;2026-08-07 15:23
2026-08-10T20:44:00.000+01:00,GCLOSE;555;EURUSD;A2:23;2026-08-07 15:46;2026-08-07 15:47;1;short;2026-08-07 15:33
2026-08-10T20:44:00.000+01:00,GCLOSE;556;AUDUSD;A2:23;2026-08-07 15:51;2026-08-07 15:52;1;short;2026-08-07 15:47
2026-08-10T20:44:00.000+01:00,GCLOSE;557;USDCAD;A2:23;2026-08-07 15:57;2026-08-07 16:14;3;short;2026-08-07 15:40
2026-08-10T20:44:00.000+01:00,GCLOSE;558;EURGBP;A2:23;2026-08-07 16:25;2026-08-07 16:26;1;short;2026-08-07 16:12
2026-08-10T20:44:00.000+01:00,GCLOSE;559;EURAUD;A2:23;2026-08-07 16:31;2026-08-07 16:32;1;short;2026-08-07 16:30
2026-08-10T20:44:00.000+01:00,GCLOSE;560;AUDCAD;D1:10;2026-08-07 16:44;2026-08-07 17:07;4;long;2026-08-07 16:43
2026-08-10T20:44:00.000+01:00,GCLOSE;561;USDCAD;A2:23;2026-08-07 16:42;2026-08-07 17:14;5;short;2026-08-07 16:32
2026-08-10T20:44:00.000+01:00,GCLOSE;562;GBPCHF;A2:23;2026-08-07 17:15;2026-08-07 17:16;1;short;2026-08-07 17:14
2026-08-10T20:44:00.000+01:00,GCLOSE;563;CADJPY;C2:14;2026-08-07 17:20;2026-08-07 17:22;2;short;2026-08-07 17:08
2026-08-10T20:44:00.000+01:00,GCLOSE;564;EURCAD;A2:23;2026-08-07 17:22;2026-08-07 17:23;1;long;2026-08-07 17:19
2026-08-10T20:44:00.000+01:00,GCLOSE;565;GBPCAD;A2:23;2026-08-07 17:27;2026-08-07 17:31;2;long;2026-08-07 17:26
2026-08-10T20:44:00.000+01:00,GCLOSE;566;EURGBP;A2:23;2026-08-07 17:38;2026-08-07 17:39;1;long;2026-08-07 17:29
2026-08-10T20:44:00.000+01:00,GCLOSE;567;GBPAUD;A2:23;2026-08-07 17:38;2026-08-07 17:39;1;short;2026-08-07 17:32
2026-08-10T20:44:00.000+01:00,GCLOSE;568;EURCAD;B2:25;2026-08-07 17:33;2026-08-07 17:49;3;long;2026-08-07 17:26
2026-08-10T20:44:00.000+01:00,GCLOSE;569;AUDCHF;A2:23;2026-08-07 18:47;2026-08-07 18:48;1;long;2026-08-07 18:37
2026-08-10T20:44:00.000+01:00,GCLOSE;570;EURAUD;A2:23;2026-08-07 18:49;2026-08-07 18:51;2;short;2026-08-07 18:47
2026-08-10T20:44:00.000+01:00,GCLOSE;571;USDCAD;D2:46;2026-08-07 17:59;2026-08-07 19:03;3;long;2026-08-07 17:25
2026-08-10T20:44:00.000+01:00,GCLOSE;572;USDJPY;A2:23;2026-08-07 19:16;2026-08-07 19:21;3;long;2026-08-07 19:15
2026-08-10T20:44:00.000+01:00,GCLOSE;573;EURAUD;C2:14;2026-08-07 19:30;2026-08-07 19:31;1;long;2026-08-07 19:18
2026-08-10T20:44:00.000+01:00,GCLOSE;574;AUDUSD;A2:23;2026-08-07 19:39;2026-08-07 19:41;2;long;2026-08-07 19:05
2026-08-10T20:44:00.000+01:00,GCLOSE;575;EURCAD;A2:23;2026-08-07 19:12;2026-08-07 19:43;3;long;2026-08-07 18:58
2026-08-10T20:44:00.000+01:00,GCLOSE;576;GBPCAD;A2:23;2026-08-07 19:42;2026-08-07 19:43;1;long;2026-08-07 19:05
2026-08-10T20:44:00.000+01:00,GCLOSE;577;AUDUSD;D1:10;2026-08-07 19:45;2026-08-07 19:46;1;long;2026-08-07 19:44
2026-08-10T20:44:00.000+01:00,GCLOSE;578;CADJPY;A2:23;2026-08-07 19:20;2026-08-07 19:51;2;short;2026-08-07 19:16
2026-08-10T20:44:00.000+01:00,GCLOSE;579;EURGBP;B1:22;2026-08-07 20:02;2026-08-07 20:03;1;short;2026-08-07 19:48
2026-08-10T20:44:00.000+01:00,GCLOSE;580;GBPAUD;A2:23;2026-08-07 19:45;2026-08-07 20:06;2;short;2026-08-07 19:17
2026-08-10T20:44:00.000+01:00,GCLOSE;581;AUDJPY;A2:23;2026-08-07 20:35;2026-08-07 20:36;1;short;2026-08-07 20:34
2026-08-10T20:44:00.000+01:00,GCLOSE;582;GBPCAD;A2:23;2026-08-07 20:59;2026-08-07 21:00;1;short;2026-08-07 20:39
2026-08-10T20:44:00.000+01:00,GCLOSE;583;USDJPY;A2:23;2026-08-07 21:01;2026-08-07 21:03;2;long;2026-08-07 20:35
2026-08-10T20:44:00.000+01:00,GCLOSE;584;EURGBP;C2:14;2026-08-07 21:05;2026-08-07 21:06;1;short;2026-08-07 21:02
2026-08-10T20:44:00.000+01:00,GCLOSE;585;GBPUSD;A2:23;2026-08-07 21:30;2026-08-07 21:31;1;short;2026-08-07 21:25
2026-08-10T20:44:00.000+01:00,GCLOSE;586;GBPAUD;A2:23;2026-08-07 21:33;2026-08-07 21:34;1;long;2026-08-07 21:11
2026-08-10T20:44:00.000+01:00,GCLOSE;587;EURAUD;A2:23;2026-08-09 22:41;2026-08-09 23:05;3;long;2026-08-09 22:24
2026-08-10T20:44:00.000+01:00,GCLOSE;588;USDJPY;A2:23;2026-08-09 23:05;2026-08-09 23:06;1;long;2026-08-09 22:25
2026-08-10T20:44:00.000+01:00,GCLOSE;589;CADJPY;B1:22;2026-08-09 22:45;2026-08-09 23:06;3;long;2026-08-09 22:44
2026-08-10T20:44:00.000+01:00,GCLOSE;590;GBPJPY;A2:23;2026-08-09 22:19;2026-08-09 23:07;4;long;2026-08-09 22:11
2026-08-10T20:44:00.000+01:00,GCLOSE;591;EURCHF;C2:14;2026-08-09 23:09;2026-08-09 23:10;1;long;2026-08-09 22:46
2026-08-10T20:44:00.000+01:00,GCLOSE;592;CADCHF;A2:23;2026-08-09 23:36;2026-08-09 23:37;1;long;2026-08-09 23:35
2026-08-10T20:44:00.000+01:00,GCLOSE;593;AUDUSD;A2:23;2026-08-09 23:46;2026-08-09 23:47;1;short;2026-08-09 23:19
2026-08-10T20:44:00.000+01:00,GCLOSE;594;GBPAUD;A2:23;2026-08-09 23:48;2026-08-09 23:49;1;long;2026-08-09 23:31
2026-08-10T20:44:00.000+01:00,GCLOSE;595;GBPCAD;C2:14;2026-08-09 23:48;2026-08-09 23:49;1;long;2026-08-09 22:44
2026-08-10T20:44:00.000+01:00,GCLOSE;596;USDJPY;A2:23;2026-08-09 23:51;2026-08-09 23:52;1;long;2026-08-09 23:46
2026-08-10T20:44:00.000+01:00,GCLOSE;597;EURJPY;A2:23;2026-08-09 23:34;2026-08-09 23:52;4;long;2026-08-09 23:20
2026-08-10T20:44:00.000+01:00,GCLOSE;598;GBPCAD;A2:23;2026-08-10 00:00;2026-08-10 00:01;1;long;2026-08-09 23:59
2026-08-10T20:44:00.000+01:00,GCLOSE;599;AUDCAD;A2:23;2026-08-10 00:24;2026-08-10 00:25;1;long;2026-08-10 00:15
2026-08-10T20:44:00.000+01:00,GCLOSE;600;AUDCHF;A2:23;2026-08-10 00:32;2026-08-10 00:33;1;short;2026-08-10 00:12
2026-08-10T20:44:00.000+01:00,GCLOSE;601;AUDUSD;D2:46;2026-08-10 00:35;2026-08-10 00:36;1;short;2026-08-10 00:25
2026-08-10T20:44:00.000+01:00,GCLOSE;602;USDCAD;A2:23;2026-08-09 23:44;2026-08-10 00:38;5;long;2026-08-09 23:26
2026-08-10T20:44:00.000+01:00,GCLOSE;603;GBPCAD;A2:23;2026-08-10 00:45;2026-08-10 00:46;1;long;2026-08-10 00:31
2026-08-10T20:44:00.000+01:00,GCLOSE;604;USDJPY;A2:23;2026-08-10 00:47;2026-08-10 00:48;1;long;2026-08-10 00:46
2026-08-10T20:44:00.000+01:00,GCLOSE;605;GBPAUD;A2:23;2026-08-10 01:10;2026-08-10 01:11;1;short;2026-08-10 01:00
2026-08-10T20:44:00.000+01:00,GCLOSE;606;EURAUD;A2:23;2026-08-10 01:12;2026-08-10 01:13;1;short;2026-08-10 01:01
2026-08-10T20:44:00.000+01:00,GCLOSE;607;USDCHF;A2:23;2026-08-10 01:24;2026-08-10 01:26;2;long;2026-08-10 00:47
2026-08-10T20:44:00.000+01:00,GCLOSE;608;GBPCHF;A2:23;2026-08-10 01:32;2026-08-10 01:33;1;long;2026-08-10 01:31
2026-08-10T20:44:00.000+01:00,GCLOSE;609;CADJPY;A2:23;2026-08-10 01:53;2026-08-10 01:54;1;long;2026-08-10 01:36
2026-08-10T20:44:00.000+01:00,GCLOSE;610;USDCHF;A2:23;2026-08-10 01:55;2026-08-10 01:56;1;short;2026-08-10 01:54
2026-08-10T20:44:00.000+01:00,GCLOSE;611;CADCHF;A1:25;2026-08-10 00:10;2026-08-10 02:01;6;short;2026-08-10 00:07
2026-08-10T20:44:00.000+01:00,GCLOSE;612;CADCHF;D2:46;2026-08-10 02:14;2026-08-10 02:16;2;long;2026-08-10 02:04
2026-08-10T20:44:00.000+01:00,GCLOSE;613;USDJPY;A2:23;2026-08-10 02:09;2026-08-10 02:27;2;long;2026-08-10 02:06
2026-08-10T20:44:00.000+01:00,GCLOSE;614;EURJPY;A2:23;2026-08-10 02:27;2026-08-10 02:28;1;long;2026-08-10 02:26
2026-08-10T20:44:00.000+01:00,GCLOSE;615;CHFJPY;A2:23;2026-08-10 02:27;2026-08-10 02:43;2;long;2026-08-10 02:26
2026-08-10T20:44:00.000+01:00,GCLOSE;616;GBPUSD;D1:10;2026-08-10 02:39;2026-08-10 02:48;2;long;2026-08-10 02:38
2026-08-10T20:44:00.000+01:00,GCLOSE;617;GBPCAD;A2:23;2026-08-10 02:53;2026-08-10 02:54;1;long;2026-08-10 02:50
2026-08-10T20:44:00.000+01:00,GCLOSE;618;USDJPY;A2:23;2026-08-10 03:02;2026-08-10 03:03;1;long;2026-08-10 03:00
2026-08-10T20:44:00.000+01:00,GCLOSE;619;GBPCHF;A2:23;2026-08-10 02:23;2026-08-10 03:22;4;long;2026-08-10 02:06
2026-08-10T20:44:00.000+01:00,GCLOSE;620;USDCHF;D2:46;2026-08-10 02:50;2026-08-10 03:25;3;long;2026-08-10 02:38
2026-08-10T20:44:00.000+01:00,GCLOSE;621;EURCHF;A2:23;2026-08-10 03:24;2026-08-10 03:25;1;long;2026-08-10 03:23
2026-08-10T20:44:00.000+01:00,GCLOSE;622;EURCAD;A2:23;2026-08-10 03:05;2026-08-10 03:35;6;long;2026-08-10 03:04
2026-08-10T20:44:00.000+01:00,GCLOSE;623;EURUSD;A2:23;2026-08-10 02:39;2026-08-10 03:43;4;short;2026-08-10 02:38
2026-08-10T20:44:00.000+01:00,GCLOSE;624;GBPCHF;A2:23;2026-08-10 03:42;2026-08-10 03:44;2;long;2026-08-10 03:41
2026-08-10T20:44:00.000+01:00,GCLOSE;625;USDCHF;A2:23;2026-08-10 03:46;2026-08-10 03:47;1;long;2026-08-10 03:42
2026-08-10T20:44:00.000+01:00,GCLOSE;626;GBPCAD;A2:23;2026-08-10 04:13;2026-08-10 04:15;2;long;2026-08-10 04:07
2026-08-10T20:44:00.000+01:00,GCLOSE;627;EURGBP;A2:23;2026-08-10 04:07;2026-08-10 04:18;4;long;2026-08-10 04:06
2026-08-10T20:44:00.000+01:00,GCLOSE;628;CADJPY;A2:23;2026-08-10 04:20;2026-08-10 04:21;1;short;2026-08-10 04:19
2026-08-10T20:44:00.000+01:00,GCLOSE;629;EURCHF;C2:14;2026-08-10 04:34;2026-08-10 04:35;1;long;2026-08-10 04:33
2026-08-10T20:44:00.000+01:00,GCLOSE;630;GBPCHF;C2:14;2026-08-10 04:04;2026-08-10 04:35;4;long;2026-08-10 04:03
2026-08-10T20:44:00.000+01:00,GCLOSE;631;CADCHF;A1:25;2026-08-10 04:36;2026-08-10 04:39;3;long;2026-08-10 04:35
2026-08-10T20:44:00.000+01:00,GCLOSE;632;GBPUSD;A2:23;2026-08-10 04:50;2026-08-10 04:52;2;long;2026-08-10 04:35
2026-08-10T20:44:00.000+01:00,GCLOSE;633;EURJPY;A2:23;2026-08-10 05:07;2026-08-10 05:08;1;long;2026-08-10 04:53
2026-08-10T20:44:00.000+01:00,GCLOSE;634;EURCAD;A2:23;2026-08-10 05:13;2026-08-10 05:14;1;long;2026-08-10 05:12
2026-08-10T20:44:00.000+01:00,GCLOSE;635;CADJPY;A2:23;2026-08-10 05:14;2026-08-10 05:15;1;long;2026-08-10 05:09
2026-08-10T20:44:00.000+01:00,GCLOSE;636;AUDUSD;A1:25;2026-08-10 05:52;2026-08-10 05:53;1;long;2026-08-10 05:36
2026-08-10T20:44:00.000+01:00,GCLOSE;637;USDCAD;A2:23;2026-08-10 05:55;2026-08-10 05:56;1;short;2026-08-10 05:42
2026-08-10T20:44:00.000+01:00,GCLOSE;638;EURCHF;D2:46;2026-08-10 05:33;2026-08-10 06:21;4;long;2026-08-10 04:59
2026-08-10T20:44:00.000+01:00,GCLOSE;639;USDCHF;A2:23;2026-08-10 06:28;2026-08-10 06:41;2;short;2026-08-10 06:22
2026-08-10T20:44:00.000+01:00,GCLOSE;640;EURGBP;A2:23;2026-08-10 06:40;2026-08-10 06:41;1;short;2026-08-10 06:39
2026-08-10T20:44:00.000+01:00,GCLOSE;641;EURCAD;A2:23;2026-08-10 06:26;2026-08-10 06:55;3;long;2026-08-10 06:15
2026-08-10T20:44:00.000+01:00,GCLOSE;642;CADCHF;A2:23;2026-08-10 06:35;2026-08-10 06:55;3;short;2026-08-10 06:16
2026-08-10T20:44:00.000+01:00,GCLOSE;643;GBPCAD;A2:23;2026-08-10 06:10;2026-08-10 06:57;6;long;2026-08-10 06:09
2026-08-10T20:44:00.000+01:00,GCLOSE;644;USDJPY;A2:23;2026-08-10 07:06;2026-08-10 07:19;2;long;2026-08-10 06:55
2026-08-10T20:44:00.000+01:00,GCLOSE;645;GBPUSD;A2:23;2026-08-10 07:11;2026-08-10 07:48;2;short;2026-08-10 07:10
2026-08-10T20:44:00.000+01:00,GCLOSE;646;EURUSD;A2:23;2026-08-10 06:40;2026-08-10 08:41;7;long;2026-08-10 06:17
2026-08-10T20:44:00.000+01:00,GCLOSE;647;AUDUSD;D1:10;2026-08-10 09:07;2026-08-10 09:10;3;long;2026-08-10 08:40
2026-08-10T20:44:00.000+01:00,GCLOSE;648;CADJPY;A2:23;2026-08-10 09:18;2026-08-10 09:20;2;long;2026-08-10 08:55
2026-08-10T20:44:00.000+01:00,GCLOSE;649;AUDCHF;A2:23;2026-08-10 09:30;2026-08-10 09:31;1;long;2026-08-10 09:15
2026-08-10T20:44:00.000+01:00,GCLOSE;650;EURJPY;A2:23;2026-08-10 09:13;2026-08-10 09:34;4;long;2026-08-10 08:47
2026-08-10T20:44:00.000+01:00,GCLOSE;651;EURAUD;A2:23;2026-08-10 09:08;2026-08-10 09:50;4;long;2026-08-10 09:05
2026-08-10T20:44:00.000+01:00,GCLOSE;652;USDCAD;A2:23;2026-08-10 10:08;2026-08-10 10:39;2;long;2026-08-10 10:04
2026-08-10T20:44:00.000+01:00,GCLOSE;653;GBPAUD;A1:25;2026-08-10 10:55;2026-08-10 10:56;1;long;2026-08-10 10:46
2026-08-10T20:44:00.000+01:00,GCLOSE;654;EURGBP;A2:23;2026-08-10 11:13;2026-08-10 11:14;1;short;2026-08-10 11:12
2026-08-10T20:44:00.000+01:00,GCLOSE;655;GBPUSD;D1:10;2026-08-10 12:13;2026-08-10 12:14;1;short;2026-08-10 12:04
2026-08-10T20:44:00.000+01:00,GCLOSE;656;EURCHF;A2:23;2026-08-10 12:21;2026-08-10 12:23;2;long;2026-08-10 12:15
2026-08-10T20:44:00.000+01:00,GCLOSE;657;GBPAUD;A2:23;2026-08-10 12:16;2026-08-10 12:23;2;long;2026-08-10 12:15
2026-08-10T20:44:00.000+01:00,GCLOSE;658;GBPCAD;A2:23;2026-08-10 12:15;2026-08-10 12:37;2;long;2026-08-10 11:58
2026-08-10T20:44:00.000+01:00,GCLOSE;659;CADCHF;A2:23;2026-08-10 12:36;2026-08-10 12:37;1;short;2026-08-10 12:35
2026-08-10T20:44:00.000+01:00,GCLOSE;660;AUDJPY;A1:25;2026-08-10 12:40;2026-08-10 12:41;1;long;2026-08-10 12:21
2026-08-10T20:44:00.000+01:00,GCLOSE;661;EURGBP;A2:23;2026-08-10 12:28;2026-08-10 12:43;3;short;2026-08-10 12:23
2026-08-10T20:44:00.000+01:00,GCLOSE;662;GBPCHF;A2:23;2026-08-10 12:33;2026-08-10 12:43;2;long;2026-08-10 12:26
2026-08-10T20:44:00.000+01:00,GCLOSE;663;USDJPY;C2:14;2026-08-10 12:15;2026-08-10 12:54;3;long;2026-08-10 11:53
2026-08-10T20:44:00.000+01:00,GCLOSE;664;CHFJPY;A2:23;2026-08-10 12:40;2026-08-10 13:11;3;short;2026-08-10 12:39
2026-08-10T20:44:00.000+01:00,GCLOSE;665;GBPUSD;A2:23;2026-08-10 12:58;2026-08-10 13:22;2;short;2026-08-10 12:57
2026-08-10T20:44:00.000+01:00,GCLOSE;666;AUDUSD;A2:23;2026-08-10 13:21;2026-08-10 13:22;1;short;2026-08-10 12:55
2026-08-10T20:44:00.000+01:00,GCLOSE;667;EURAUD;A2:23;2026-08-10 14:21;2026-08-10 14:23;2;long;2026-08-10 13:54
2026-08-10T20:44:00.000+01:00,GCLOSE;668;GBPJPY;A2:23;2026-08-10 14:37;2026-08-10 14:43;2;long;2026-08-10 14:19
2026-08-10T20:44:00.000+01:00,GCLOSE;669;AUDJPY;A2:23;2026-08-10 14:54;2026-08-10 14:55;1;long;2026-08-10 14:34
2026-08-10T20:44:00.000+01:00,GCLOSE;670;AUDUSD;A2:23;2026-08-10 15:03;2026-08-10 15:05;2;long;2026-08-10 14:26
2026-08-10T20:44:00.000+01:00,GCLOSE;671;AUDCHF;C2:14;2026-08-10 15:07;2026-08-10 15:08;1;long;2026-08-10 14:34
2026-08-10T20:44:00.000+01:00,GCLOSE;672;GBPCHF;A2:23;2026-08-10 15:10;2026-08-10 15:11;1;long;2026-08-10 14:55
2026-08-10T20:44:00.000+01:00,GCLOSE;673;CADCHF;A2:23;2026-08-10 14:47;2026-08-10 15:26;5;short;2026-08-10 14:29
2026-08-10T20:44:00.000+01:00,GCLOSE;674;GBPCAD;A2:23;2026-08-10 15:36;2026-08-10 15:37;1;long;2026-08-10 15:35
2026-08-10T20:44:00.000+01:00,GCLOSE;675;EURGBP;C2:14;2026-08-10 16:27;2026-08-10 16:29;2;short;2026-08-10 16:25
2026-08-10T20:44:00.000+01:00,GCLOSE;676;GBPCAD;A2:23;2026-08-10 16:56;2026-08-10 16:57;1;short;2026-08-10 16:41
2026-08-10T20:44:00.000+01:00,GCLOSE;677;CADJPY;A2:23;2026-08-10 17:05;2026-08-10 17:31;2;long;2026-08-10 17:01
2026-08-10T20:44:00.000+01:00,GCLOSE;678;GBPUSD;A2:23;2026-08-10 17:47;2026-08-10 17:48;1;short;2026-08-10 17:25
2026-08-10T20:44:00.000+01:00,GCLOSE;679;USDJPY;A2:23;2026-08-10 17:18;2026-08-10 17:49;4;long;2026-08-10 17:17
2026-08-10T20:44:00.000+01:00,GCLOSE;680;AUDCAD;C2:14;2026-08-10 17:50;2026-08-10 17:51;1;short;2026-08-10 17:49
2026-08-10T20:44:00.000+01:00,GCLOSE;681;EURJPY;A1:25;2026-08-10 17:59;2026-08-10 18:08;4;long;2026-08-10 17:50
2026-08-10T20:44:00.000+01:00,GCLOSE;682;EURCAD;C2:14;2026-08-10 17:29;2026-08-10 18:14;7;long;2026-08-10 17:28
2026-08-10T20:44:00.000+01:00,GCLOSE;683;AUDCAD;D1:10;2026-08-10 18:13;2026-08-10 18:14;1;long;2026-08-10 18:12
2026-08-10T20:44:00.000+01:00,GCLOSE;684;EURUSD;A2:23;2026-08-10 18:20;2026-08-10 18:21;1;short;2026-08-10 18:15
2026-08-10T20:44:00.000+01:00,GCLOSE;685;GBPCHF;A2:23;2026-08-10 18:35;2026-08-10 18:36;1;short;2026-08-10 18:14
2026-08-10T20:44:00.000+01:00,GCLOSE;686;AUDCAD;A2:23;2026-08-10 18:49;2026-08-10 18:50;1;short;2026-08-10 18:48
2026-08-10T20:44:00.000+01:00,GCLOSE;687;USDCHF;A2:23;2026-08-10 18:48;2026-08-10 18:56;2;long;2026-08-10 18:47
2026-08-10T20:44:00.000+01:00,GCLOSE;688;EURUSD;A2:23;2026-08-10 19:09;2026-08-10 19:10;1;long;2026-08-10 18:59
2026-08-10T20:44:00.000+01:00,GCLOSE;689;EURUSD;C1:22;2026-08-10 19:21;2026-08-10 19:22;1;short;2026-08-10 19:14
2026-08-10T20:44:00.000+01:00,GCLOSE;690;EURJPY;A1:25;2026-08-10 19:14;2026-08-10 19:28;4;long;2026-08-10 18:24
2026-08-10T20:44:00.000+01:00,GCLOSE;691;USDCAD;A2:23;2026-08-10 18:47;2026-08-10 19:39;3;short;2026-08-10 18:27
2026-08-10T20:44:00.000+01:00,GCLOSE;692;CHFJPY;A2:23;2026-08-10 19:43;2026-08-10 19:44;1;long;2026-08-10 19:42
2026-08-10T20:44:00.000+01:00,GCLOSE;693;AUDUSD;A2:23;2026-08-10 18:24;2026-08-10 19:45;5;long;2026-08-10 18:23
2026-08-10T20:44:00.000+01:00,GCLOSE;694;EURJPY;A2:23;2026-08-10 19:42;2026-08-10 19:48;3;long;2026-08-10 19:33
2026-08-10T20:44:00.000+01:00,GCLOSE;695;EURGBP;D1:10;2026-08-10 19:23;2026-08-10 19:53;3;short;2026-08-10 19:11
2026-08-10T20:44:00.000+01:00,GCLOSE;696;GBPAUD;C2:14;2026-08-10 19:55;2026-08-10 19:56;1;long;2026-08-10 19:54
2026-08-10T20:44:00.000+01:00,GCLOSE;697;EURCHF;B1:22;2026-08-10 20:21;2026-08-10 20:23;2;short;2026-08-10 20:14
2026-08-10T20:44:00.000+01:00,GCLOSE;698;AUDCAD;A2:23;2026-08-10 20:20;2026-08-10 20:28;2;short;2026-08-10 20:19
