Date,Message
2026-08-02T22:03:00.000+01:00,DIAG-CLOSE;EURUSD;s=0;prev=-1;c=0;firstObs=true;slotOn=true;inWindow=false;time_close=08-02 22:04
2026-08-02T22:03:00.000+01:00,DIAG-CLOSE;EURUSD;s=1;prev=-1;c=0;firstObs=true;slotOn=true;inWindow=false;time_close=08-02 22:04
2026-08-02T22:03:00.000+01:00,DIAG-CLOSE;EURUSD;s=2;prev=-1;c=0;firstObs=true;slotOn=true;inWindow=false;time_close=08-02 22:04
2026-08-02T22:03:00.000+01:00,DIAG-CLOSE;EURUSD;s=3;prev=-1;c=0;firstObs=true;slotOn=true;inWindow=false;time_close=08-02 22:04
2026-08-02T22:03:00.000+01:00,DIAG-CLOSE;EURUSD;s=4;prev=-1;c=0;firstObs=true;slotOn=true;inWindow=false;time_close=08-02 22:04
2026-08-02T22:03:00.000+01:00,DIAG-CLOSE;EURUSD;s=5;prev=-1;c=0;firstObs=true;slotOn=true;inWindow=false;time_close=08-02 22:04
2026-08-02T22:03:00.000+01:00,DIAG-CLOSE;EURUSD;s=6;prev=-1;c=0;firstObs=true;slotOn=true;inWindow=false;time_close=08-02 22:04
2026-08-02T22:03:00.000+01:00,DIAG-CLOSE;EURUSD;s=7;prev=-1;c=0;firstObs=true;slotOn=true;inWindow=false;time_close=08-02 22:04
2026-08-02T22:03:00.000+01:00,DIAG-CLOSE;GBPUSD;s=0;prev=-1;c=0;firstObs=true;slotOn=true;inWindow=false;time_close=08-02 22:04
2026-08-02T22:03:00.000+01:00,DIAG-CLOSE;GBPUSD;s=1;prev=-1;c=0;firstObs=true;slotOn=true;inWindow=false;time_close=08-02 22:04
2026-08-02T22:03:00.000+01:00,DIAG-CLOSE;GBPUSD;s=2;prev=-1;c=0;firstObs=true;slotOn=true;inWindow=false;time_close=08-02 22:04
2026-08-02T22:03:00.000+01:00,DIAG-CLOSE;GBPUSD;s=3;prev=-1;c=0;firstObs=true;slotOn=true;inWindow=false;time_close=08-02 22:04
2026-08-02T22:03:00.000+01:00,DIAG-CLOSE;GBPUSD;s=4;prev=-1;c=0;firstObs=true;slotOn=true;inWindow=false;time_close=08-02 22:04
2026-08-02T22:03:00.000+01:00,DIAG-CLOSE;GBPUSD;s=5;prev=-1;c=0;firstObs=true;slotOn=true;inWindow=false;time_close=08-02 22:04
2026-08-02T22:03:00.000+01:00,DIAG-CLOSE;GBPUSD;s=6;prev=-1;c=0;firstObs=true;slotOn=true;inWindow=false;time_close=08-02 22:04
2026-08-02T22:03:00.000+01:00,DIAG-CLOSE;GBPUSD;s=7;prev=-1;c=0;firstObs=true;slotOn=true;inWindow=false;time_close=08-02 22:04
2026-08-02T22:03:00.000+01:00,DIAG-CLOSE;USDJPY;s=0;prev=-1;c=0;firstObs=true;slotOn=true;inWindow=false;time_close=08-02 22:04
2026-08-02T22:03:00.000+01:00,DIAG-CLOSE;USDJPY;s=1;prev=-1;c=0;firstObs=true;slotOn=true;inWindow=false;time_close=08-02 22:04
2026-08-02T22:03:00.000+01:00,DIAG-CLOSE;USDJPY;s=2;prev=-1;c=0;firstObs=true;slotOn=true;inWindow=false;time_close=08-02 22:04
2026-08-02T22:03:00.000+01:00,DIAG-CLOSE;USDJPY;s=3;prev=-1;c=0;firstObs=true;slotOn=true;inWindow=false;time_close=08-02 22:04
2026-08-02T22:03:00.000+01:00,DIAG-CLOSE;USDJPY;s=4;prev=-1;c=0;firstObs=true;slotOn=true;inWindow=false;time_close=08-02 22:04
2026-08-02T22:03:00.000+01:00,DIAG-CLOSE;USDJPY;s=5;prev=-1;c=0;firstObs=true;slotOn=true;inWindow=false;time_close=08-02 22:04
2026-08-02T22:03:00.000+01:00,DIAG-CLOSE;USDJPY;s=6;prev=-1;c=0;firstObs=true;slotOn=true;inWindow=false;time_close=08-02 22:04
2026-08-02T22:03:00.000+01:00,DIAG-CLOSE;USDJPY;s=7;prev=-1;c=0;firstObs=true;slotOn=true;inWindow=false;time_close=08-02 22:04
2026-08-02T22:03:00.000+01:00,DIAG-CLOSE;EURGBP;s=0;prev=-1;c=0;firstObs=true;slotOn=true;inWindow=false;time_close=08-02 22:04
2026-08-02T22:03:00.000+01:00,DIAG-CLOSE;EURGBP;s=1;prev=-1;c=0;firstObs=true;slotOn=true;inWindow=false;time_close=08-02 22:04
2026-08-02T22:03:00.000+01:00,DIAG-CLOSE;EURGBP;s=2;prev=-1;c=0;firstObs=true;slotOn=true;inWindow=false;time_close=08-02 22:04
2026-08-02T22:03:00.000+01:00,DIAG-CLOSE;EURGBP;s=3;prev=-1;c=0;firstObs=true;slotOn=true;inWindow=false;time_close=08-02 22:04
2026-08-02T22:03:00.000+01:00,DIAG-CLOSE;EURGBP;s=4;prev=-1;c=0;firstObs=true;slotOn=true;inWindow=false;time_close=08-02 22:04
2026-08-02T22:03:00.000+01:00,DIAG-CLOSE;EURGBP;s=5;prev=-1;c=0;firstObs=true;slotOn=true;inWindow=false;time_close=08-02 22:04
2026-08-02T22:03:00.000+01:00,DIAG-CLOSE;EURGBP;s=6;prev=-1;c=0;firstObs=true;slotOn=true;inWindow=false;time_close=08-02 22:04
2026-08-02T22:03:00.000+01:00,DIAG-CLOSE;EURGBP;s=7;prev=-1;c=0;firstObs=true;slotOn=true;inWindow=false;time_close=08-02 22:04
2026-08-02T22:03:00.000+01:00,DIAG-CLOSE;EURJPY;s=0;prev=-1;c=0;firstObs=true;slotOn=true;inWindow=false;time_close=08-02 22:04
2026-08-02T22:03:00.000+01:00,DIAG-CLOSE;EURJPY;s=1;prev=-1;c=0;firstObs=true;slotOn=true;inWindow=false;time_close=08-02 22:04
2026-08-02T22:03:00.000+01:00,DIAG-CLOSE;EURJPY;s=2;prev=-1;c=0;firstObs=true;slotOn=true;inWindow=false;time_close=08-02 22:04
2026-08-02T22:03:00.000+01:00,DIAG-CLOSE;EURJPY;s=3;prev=-1;c=0;firstObs=true;slotOn=true;inWindow=false;time_close=08-02 22:04
2026-08-02T22:03:00.000+01:00,DIAG-CLOSE;EURJPY;s=4;prev=-1;c=0;firstObs=true;slotOn=true;inWindow=false;time_close=08-02 22:04
2026-08-02T22:03:00.000+01:00,DIAG-CLOSE;EURJPY;s=5;prev=-1;c=0;firstObs=true;slotOn=true;inWindow=false;time_close=08-02 22:04
2026-08-02T22:03:00.000+01:00,DIAG-CLOSE;EURJPY;s=6;prev=-1;c=0;firstObs=true;slotOn=true;inWindow=false;time_close=08-02 22:04
2026-08-02T22:03:00.000+01:00,DIAG-CLOSE;EURJPY;s=7;prev=-1;c=0;firstObs=true;slotOn=true;inWindow=false;time_close=08-02 22:04
2026-08-02T22:03:00.000+01:00,DIAG-CLOSE;EURAUD;s=0;prev=-1;c=0;firstObs=true;slotOn=true;inWindow=false;time_close=08-02 22:04
2026-08-02T22:03:00.000+01:00,DIAG-CLOSE;EURAUD;s=1;prev=-1;c=0;firstObs=true;slotOn=true;inWindow=false;time_close=08-02 22:04
2026-08-02T22:03:00.000+01:00,DIAG-CLOSE;EURAUD;s=2;prev=-1;c=0;firstObs=true;slotOn=true;inWindow=false;time_close=08-02 22:04
2026-08-02T22:03:00.000+01:00,DIAG-CLOSE;EURAUD;s=3;prev=-1;c=0;firstObs=true;slotOn=true;inWindow=false;time_close=08-02 22:04
2026-08-02T22:03:00.000+01:00,DIAG-CLOSE;EURAUD;s=4;prev=-1;c=0;firstObs=true;slotOn=true;inWindow=false;time_close=08-02 22:04
2026-08-02T22:03:00.000+01:00,DIAG-CLOSE;EURAUD;s=5;prev=-1;c=0;firstObs=true;slotOn=true;inWindow=false;time_close=08-02 22:04
2026-08-02T22:03:00.000+01:00,DIAG-CLOSE;EURAUD;s=6;prev=-1;c=0;firstObs=true;slotOn=true;inWindow=false;time_close=08-02 22:04
2026-08-02T22:03:00.000+01:00,DIAG-CLOSE;EURAUD;s=7;prev=-1;c=0;firstObs=true;slotOn=true;inWindow=false;time_close=08-02 22:04
2026-08-02T22:03:00.000+01:00,DIAG-CLOSE;EURCAD;s=0;prev=-1;c=0;firstObs=true;slotOn=true;inWindow=false;time_close=08-02 22:04
2026-08-02T22:03:00.000+01:00,DIAG-CLOSE;EURCAD;s=1;prev=-1;c=0;firstObs=true;slotOn=true;inWindow=false;time_close=08-02 22:04
2026-08-02T22:03:00.000+01:00,DIAG-CLOSE;EURCAD;s=2;prev=-1;c=0;firstObs=true;slotOn=true;inWindow=false;time_close=08-02 22:04
2026-08-02T22:03:00.000+01:00,DIAG-CLOSE;EURCAD;s=3;prev=-1;c=0;firstObs=true;slotOn=true;inWindow=false;time_close=08-02 22:04
2026-08-02T22:03:00.000+01:00,DIAG-CLOSE;EURCAD;s=4;prev=-1;c=0;firstObs=true;slotOn=true;inWindow=false;time_close=08-02 22:04
2026-08-02T22:03:00.000+01:00,DIAG-CLOSE;EURCAD;s=5;prev=-1;c=0;firstObs=true;slotOn=true;inWindow=false;time_close=08-02 22:04
2026-08-02T22:03:00.000+01:00,DIAG-CLOSE;EURCAD;s=6;prev=-1;c=0;firstObs=true;slotOn=true;inWindow=false;time_close=08-02 22:04
2026-08-02T22:03:00.000+01:00,DIAG-CLOSE;EURCAD;s=7;prev=-1;c=0;firstObs=true;slotOn=true;inWindow=false;time_close=08-02 22:04
2026-08-02T22:03:00.000+01:00,DIAG-CLOSE;GBPAUD;s=0;prev=-1;c=0;firstObs=true;slotOn=true;inWindow=false;time_close=08-02 22:04
2026-08-02T22:03:00.000+01:00,DIAG-CLOSE;GBPAUD;s=1;prev=-1;c=0;firstObs=true;slotOn=true;inWindow=false;time_close=08-02 22:04
2026-08-02T22:03:00.000+01:00,DIAG-CLOSE;GBPAUD;s=2;prev=-1;c=0;firstObs=true;slotOn=true;inWindow=false;time_close=08-02 22:04
2026-08-02T22:03:00.000+01:00,DIAG-CLOSE;GBPAUD;s=3;prev=-1;c=0;firstObs=true;slotOn=true;inWindow=false;time_close=08-02 22:04
2026-08-02T22:03:00.000+01:00,DIAG-CLOSE;GBPAUD;s=4;prev=-1;c=0;firstObs=true;slotOn=true;inWindow=false;time_close=08-02 22:04
2026-08-02T22:03:00.000+01:00,DIAG-CLOSE;GBPAUD;s=5;prev=-1;c=0;firstObs=true;slotOn=true;inWindow=false;time_close=08-02 22:04
2026-08-02T22:03:00.000+01:00,DIAG-CLOSE;GBPAUD;s=6;prev=-1;c=0;firstObs=true;slotOn=true;inWindow=false;time_close=08-02 22:04
2026-08-02T22:03:00.000+01:00,DIAG-CLOSE;GBPAUD;s=7;prev=-1;c=0;firstObs=true;slotOn=true;inWindow=false;time_close=08-02 22:04
2026-08-02T22:03:00.000+01:00,DIAG-CLOSE;GBPJPY;s=0;prev=-1;c=0;firstObs=true;slotOn=true;inWindow=false;time_close=08-02 22:04
2026-08-02T22:03:00.000+01:00,DIAG-CLOSE;GBPJPY;s=1;prev=-1;c=0;firstObs=true;slotOn=true;inWindow=false;time_close=08-02 22:04
2026-08-02T22:03:00.000+01:00,DIAG-CLOSE;GBPJPY;s=2;prev=-1;c=0;firstObs=true;slotOn=true;inWindow=false;time_close=08-02 22:04
2026-08-02T22:03:00.000+01:00,DIAG-CLOSE;GBPJPY;s=3;prev=-1;c=0;firstObs=true;slotOn=true;inWindow=false;time_close=08-02 22:04
2026-08-02T22:03:00.000+01:00,DIAG-CLOSE;GBPJPY;s=4;prev=-1;c=0;firstObs=true;slotOn=true;inWindow=false;time_close=08-02 22:04
2026-08-02T22:03:00.000+01:00,DIAG-CLOSE;GBPJPY;s=5;prev=-1;c=0;firstObs=true;slotOn=true;inWindow=false;time_close=08-02 22:04
2026-08-02T22:03:00.000+01:00,DIAG-CLOSE;GBPJPY;s=6;prev=-1;c=0;firstObs=true;slotOn=true;inWindow=false;time_close=08-02 22:04
2026-08-02T22:03:00.000+01:00,DIAG-CLOSE;GBPJPY;s=7;prev=-1;c=0;firstObs=true;slotOn=true;inWindow=false;time_close=08-02 22:04
2026-08-02T22:03:00.000+01:00,DIAG-CLOSE;GBPCAD;s=0;prev=-1;c=0;firstObs=true;slotOn=true;inWindow=false;time_close=08-02 22:04
2026-08-02T22:03:00.000+01:00,DIAG-CLOSE;GBPCAD;s=1;prev=-1;c=0;firstObs=true;slotOn=true;inWindow=false;time_close=08-02 22:04
2026-08-02T22:03:00.000+01:00,DIAG-CLOSE;GBPCAD;s=2;prev=-1;c=0;firstObs=true;slotOn=true;inWindow=false;time_close=08-02 22:04
2026-08-02T22:03:00.000+01:00,DIAG-CLOSE;GBPCAD;s=3;prev=-1;c=0;firstObs=true;slotOn=true;inWindow=false;time_close=08-02 22:04
2026-08-02T22:03:00.000+01:00,DIAG-CLOSE;GBPCAD;s=4;prev=-1;c=0;firstObs=true;slotOn=true;inWindow=false;time_close=08-02 22:04
2026-08-02T22:03:00.000+01:00,DIAG-CLOSE;GBPCAD;s=5;prev=-1;c=0;firstObs=true;slotOn=true;inWindow=false;time_close=08-02 22:04
2026-08-02T22:03:00.000+01:00,DIAG-CLOSE;GBPCAD;s=6;prev=-1;c=0;firstObs=true;slotOn=true;inWindow=false;time_close=08-02 22:04
2026-08-02T22:03:00.000+01:00,DIAG-CLOSE;GBPCAD;s=7;prev=-1;c=0;firstObs=true;slotOn=true;inWindow=false;time_close=08-02 22:04
2026-08-02T22:03:00.000+01:00,DIAG-CLOSE;CADJPY;s=0;prev=-1;c=0;firstObs=true;slotOn=true;inWindow=false;time_close=08-02 22:04
2026-08-02T22:03:00.000+01:00,DIAG-CLOSE;CADJPY;s=1;prev=-1;c=0;firstObs=true;slotOn=true;inWindow=false;time_close=08-02 22:04
2026-08-02T22:03:00.000+01:00,DIAG-CLOSE;CADJPY;s=2;prev=-1;c=0;firstObs=true;slotOn=true;inWindow=false;time_close=08-02 22:04
2026-08-02T22:03:00.000+01:00,DIAG-CLOSE;CADJPY;s=3;prev=-1;c=0;firstObs=true;slotOn=true;inWindow=false;time_close=08-02 22:04
2026-08-02T22:03:00.000+01:00,DIAG-CLOSE;CADJPY;s=4;prev=-1;c=0;firstObs=true;slotOn=true;inWindow=false;time_close=08-02 22:04
2026-08-02T22:03:00.000+01:00,DIAG-CLOSE;CADJPY;s=5;prev=-1;c=0;firstObs=true;slotOn=true;inWindow=false;time_close=08-02 22:04
2026-08-02T22:03:00.000+01:00,DIAG-CLOSE;CADJPY;s=6;prev=-1;c=0;firstObs=true;slotOn=true;inWindow=false;time_close=08-02 22:04
2026-08-02T22:03:00.000+01:00,DIAG-CLOSE;CADJPY;s=7;prev=-1;c=0;firstObs=true;slotOn=true;inWindow=false;time_close=08-02 22:04
2026-08-02T22:12:00.000+01:00,DIAG-CLOSE;USDCAD;s=0;prev=-1;c=0;firstObs=true;slotOn=true;inWindow=false;time_close=08-02 22:13
2026-08-02T22:12:00.000+01:00,DIAG-CLOSE;USDCAD;s=1;prev=-1;c=0;firstObs=true;slotOn=true;inWindow=false;time_close=08-02 22:13
2026-08-02T22:12:00.000+01:00,DIAG-CLOSE;USDCAD;s=2;prev=-1;c=0;firstObs=true;slotOn=true;inWindow=false;time_close=08-02 22:13
2026-08-02T22:12:00.000+01:00,DIAG-CLOSE;USDCAD;s=3;prev=-1;c=0;firstObs=true;slotOn=true;inWindow=false;time_close=08-02 22:13
2026-08-02T22:12:00.000+01:00,DIAG-CLOSE;USDCAD;s=4;prev=-1;c=0;firstObs=true;slotOn=true;inWindow=false;time_close=08-02 22:13
2026-08-02T22:12:00.000+01:00,DIAG-CLOSE;USDCAD;s=5;prev=-1;c=0;firstObs=true;slotOn=true;inWindow=false;time_close=08-02 22:13
2026-08-02T22:12:00.000+01:00,DIAG-CLOSE;USDCAD;s=6;prev=-1;c=0;firstObs=true;slotOn=true;inWindow=false;time_close=08-02 22:13
2026-08-02T22:12:00.000+01:00,DIAG-CLOSE;USDCAD;s=7;prev=-1;c=0;firstObs=true;slotOn=true;inWindow=false;time_close=08-02 22:13
2026-08-02T22:12:00.000+01:00,DIAG-CLOSE;AUDUSD;s=0;prev=-1;c=0;firstObs=true;slotOn=true;inWindow=false;time_close=08-02 22:13
2026-08-02T22:12:00.000+01:00,DIAG-CLOSE;AUDUSD;s=1;prev=-1;c=0;firstObs=true;slotOn=true;inWindow=false;time_close=08-02 22:13
2026-08-02T22:12:00.000+01:00,DIAG-CLOSE;AUDUSD;s=2;prev=-1;c=0;firstObs=true;slotOn=true;inWindow=false;time_close=08-02 22:13
2026-08-02T22:12:00.000+01:00,DIAG-CLOSE;AUDUSD;s=3;prev=-1;c=0;firstObs=true;slotOn=true;inWindow=false;time_close=08-02 22:13
2026-08-02T22:12:00.000+01:00,DIAG-CLOSE;AUDUSD;s=4;prev=-1;c=0;firstObs=true;slotOn=true;inWindow=false;time_close=08-02 22:13
2026-08-02T22:12:00.000+01:00,DIAG-CLOSE;AUDUSD;s=5;prev=-1;c=0;firstObs=true;slotOn=true;inWindow=false;time_close=08-02 22:13
2026-08-02T22:12:00.000+01:00,DIAG-CLOSE;AUDUSD;s=6;prev=-1;c=0;firstObs=true;slotOn=true;inWindow=false;time_close=08-02 22:13
2026-08-02T22:12:00.000+01:00,DIAG-CLOSE;AUDUSD;s=7;prev=-1;c=0;firstObs=true;slotOn=true;inWindow=false;time_close=08-02 22:13
2026-08-02T22:12:00.000+01:00,DIAG-CLOSE;GBPCHF;s=0;prev=-1;c=0;firstObs=true;slotOn=true;inWindow=false;time_close=08-02 22:13
2026-08-02T22:12:00.000+01:00,DIAG-CLOSE;GBPCHF;s=1;prev=-1;c=0;firstObs=true;slotOn=true;inWindow=false;time_close=08-02 22:13
2026-08-02T22:12:00.000+01:00,DIAG-CLOSE;GBPCHF;s=2;prev=-1;c=0;firstObs=true;slotOn=true;inWindow=false;time_close=08-02 22:13
2026-08-02T22:12:00.000+01:00,DIAG-CLOSE;GBPCHF;s=3;prev=-1;c=0;firstObs=true;slotOn=true;inWindow=false;time_close=08-02 22:13
2026-08-02T22:12:00.000+01:00,DIAG-CLOSE;GBPCHF;s=4;prev=-1;c=0;firstObs=true;slotOn=true;inWindow=false;time_close=08-02 22:13
2026-08-02T22:12:00.000+01:00,DIAG-CLOSE;GBPCHF;s=5;prev=-1;c=0;firstObs=true;slotOn=true;inWindow=false;time_close=08-02 22:13
2026-08-02T22:12:00.000+01:00,DIAG-CLOSE;GBPCHF;s=6;prev=-1;c=0;firstObs=true;slotOn=true;inWindow=false;time_close=08-02 22:13
2026-08-02T22:12:00.000+01:00,DIAG-CLOSE;GBPCHF;s=7;prev=-1;c=0;firstObs=true;slotOn=true;inWindow=false;time_close=08-02 22:13
2026-08-02T22:12:00.000+01:00,DIAG-CLOSE;CADCHF;s=0;prev=-1;c=0;firstObs=true;slotOn=true;inWindow=false;time_close=08-02 22:13
2026-08-02T22:12:00.000+01:00,DIAG-CLOSE;CADCHF;s=1;prev=-1;c=0;firstObs=true;slotOn=true;inWindow=false;time_close=08-02 22:13
2026-08-02T22:12:00.000+01:00,DIAG-CLOSE;CADCHF;s=2;prev=-1;c=0;firstObs=true;slotOn=true;inWindow=false;time_close=08-02 22:13
2026-08-02T22:12:00.000+01:00,DIAG-CLOSE;CADCHF;s=3;prev=-1;c=0;firstObs=true;slotOn=true;inWindow=false;time_close=08-02 22:13
2026-08-02T22:12:00.000+01:00,DIAG-CLOSE;CADCHF;s=4;prev=-1;c=0;firstObs=true;slotOn=true;inWindow=false;time_close=08-02 22:13
2026-08-02T22:12:00.000+01:00,DIAG-CLOSE;CADCHF;s=5;prev=-1;c=0;firstObs=true;slotOn=true;inWindow=false;time_close=08-02 22:13
2026-08-02T22:12:00.000+01:00,DIAG-CLOSE;CADCHF;s=6;prev=-1;c=0;firstObs=true;slotOn=true;inWindow=false;time_close=08-02 22:13
2026-08-02T22:12:00.000+01:00,DIAG-CLOSE;CADCHF;s=7;prev=-1;c=0;firstObs=true;slotOn=true;inWindow=false;time_close=08-02 22:13
2026-08-02T22:12:00.000+01:00,DIAG-CLOSE;AUDJPY;s=0;prev=-1;c=0;firstObs=true;slotOn=true;inWindow=false;time_close=08-02 22:13
2026-08-02T22:12:00.000+01:00,DIAG-CLOSE;AUDJPY;s=1;prev=-1;c=0;firstObs=true;slotOn=true;inWindow=false;time_close=08-02 22:13
2026-08-02T22:12:00.000+01:00,DIAG-CLOSE;AUDJPY;s=2;prev=-1;c=0;firstObs=true;slotOn=true;inWindow=false;time_close=08-02 22:13
2026-08-02T22:12:00.000+01:00,DIAG-CLOSE;AUDJPY;s=3;prev=-1;c=0;firstObs=true;slotOn=true;inWindow=false;time_close=08-02 22:13
2026-08-02T22:12:00.000+01:00,DIAG-CLOSE;AUDJPY;s=4;prev=-1;c=0;firstObs=true;slotOn=true;inWindow=false;time_close=08-02 22:13
2026-08-02T22:12:00.000+01:00,DIAG-CLOSE;AUDJPY;s=5;prev=-1;c=0;firstObs=true;slotOn=true;inWindow=false;time_close=08-02 22:13
2026-08-02T22:12:00.000+01:00,DIAG-CLOSE;AUDJPY;s=6;prev=-1;c=0;firstObs=true;slotOn=true;inWindow=false;time_close=08-02 22:13
2026-08-02T22:12:00.000+01:00,DIAG-CLOSE;AUDJPY;s=7;prev=-1;c=0;firstObs=true;slotOn=true;inWindow=false;time_close=08-02 22:13
2026-08-02T22:12:00.000+01:00,DIAG-CLOSE;AUDCAD;s=0;prev=-1;c=0;firstObs=true;slotOn=true;inWindow=false;time_close=08-02 22:13
2026-08-02T22:12:00.000+01:00,DIAG-CLOSE;AUDCAD;s=1;prev=-1;c=0;firstObs=true;slotOn=true;inWindow=false;time_close=08-02 22:13
2026-08-02T22:12:00.000+01:00,DIAG-CLOSE;AUDCAD;s=2;prev=-1;c=0;firstObs=true;slotOn=true;inWindow=false;time_close=08-02 22:13
2026-08-02T22:12:00.000+01:00,DIAG-CLOSE;AUDCAD;s=3;prev=-1;c=0;firstObs=true;slotOn=true;inWindow=false;time_close=08-02 22:13
2026-08-02T22:12:00.000+01:00,DIAG-CLOSE;AUDCAD;s=4;prev=-1;c=0;firstObs=true;slotOn=true;inWindow=false;time_close=08-02 22:13
2026-08-02T22:12:00.000+01:00,DIAG-CLOSE;AUDCAD;s=5;prev=-1;c=0;firstObs=true;slotOn=true;inWindow=false;time_close=08-02 22:13
2026-08-02T22:12:00.000+01:00,DIAG-CLOSE;AUDCAD;s=6;prev=-1;c=0;firstObs=true;slotOn=true;inWindow=false;time_close=08-02 22:13
2026-08-02T22:12:00.000+01:00,DIAG-CLOSE;AUDCAD;s=7;prev=-1;c=0;firstObs=true;slotOn=true;inWindow=false;time_close=08-02 22:13
2026-08-02T23:00:00.000+01:00,DIAG-CLOSE;USDCHF;s=0;prev=-1;c=0;firstObs=true;slotOn=true;inWindow=false;time_close=08-02 23:01
2026-08-02T23:00:00.000+01:00,DIAG-CLOSE;USDCHF;s=1;prev=-1;c=0;firstObs=true;slotOn=true;inWindow=false;time_close=08-02 23:01
2026-08-02T23:00:00.000+01:00,DIAG-CLOSE;USDCHF;s=2;prev=-1;c=0;firstObs=true;slotOn=true;inWindow=false;time_close=08-02 23:01
2026-08-02T23:00:00.000+01:00,DIAG-CLOSE;USDCHF;s=3;prev=-1;c=0;firstObs=true;slotOn=true;inWindow=false;time_close=08-02 23:01
2026-08-02T23:00:00.000+01:00,DIAG-CLOSE;USDCHF;s=4;prev=-1;c=0;firstObs=true;slotOn=true;inWindow=false;time_close=08-02 23:01
2026-08-02T23:00:00.000+01:00,DIAG-CLOSE;USDCHF;s=5;prev=-1;c=0;firstObs=true;slotOn=true;inWindow=false;time_close=08-02 23:01
2026-08-02T23:00:00.000+01:00,DIAG-CLOSE;USDCHF;s=6;prev=-1;c=0;firstObs=true;slotOn=true;inWindow=false;time_close=08-02 23:01
2026-08-02T23:00:00.000+01:00,DIAG-CLOSE;USDCHF;s=7;prev=-1;c=0;firstObs=true;slotOn=true;inWindow=false;time_close=08-02 23:01
2026-08-02T23:00:00.000+01:00,DIAG-CLOSE;EURCHF;s=0;prev=-1;c=0;firstObs=true;slotOn=true;inWindow=false;time_close=08-02 23:01
2026-08-02T23:00:00.000+01:00,DIAG-CLOSE;EURCHF;s=1;prev=-1;c=0;firstObs=true;slotOn=true;inWindow=false;time_close=08-02 23:01
2026-08-02T23:00:00.000+01:00,DIAG-CLOSE;EURCHF;s=2;prev=-1;c=0;firstObs=true;slotOn=true;inWindow=false;time_close=08-02 23:01
2026-08-02T23:00:00.000+01:00,DIAG-CLOSE;EURCHF;s=3;prev=-1;c=0;firstObs=true;slotOn=true;inWindow=false;time_close=08-02 23:01
2026-08-02T23:00:00.000+01:00,DIAG-CLOSE;EURCHF;s=4;prev=-1;c=0;firstObs=true;slotOn=true;inWindow=false;time_close=08-02 23:01
2026-08-02T23:00:00.000+01:00,DIAG-CLOSE;EURCHF;s=5;prev=-1;c=0;firstObs=true;slotOn=true;inWindow=false;time_close=08-02 23:01
2026-08-02T23:00:00.000+01:00,DIAG-CLOSE;EURCHF;s=6;prev=-1;c=0;firstObs=true;slotOn=true;inWindow=false;time_close=08-02 23:01
2026-08-02T23:00:00.000+01:00,DIAG-CLOSE;EURCHF;s=7;prev=-1;c=0;firstObs=true;slotOn=true;inWindow=false;time_close=08-02 23:01
2026-08-02T23:00:00.000+01:00,DIAG-CLOSE;CHFJPY;s=0;prev=-1;c=0;firstObs=true;slotOn=true;inWindow=false;time_close=08-02 23:01
2026-08-02T23:00:00.000+01:00,DIAG-CLOSE;CHFJPY;s=1;prev=-1;c=0;firstObs=true;slotOn=true;inWindow=false;time_close=08-02 23:01
2026-08-02T23:00:00.000+01:00,DIAG-CLOSE;CHFJPY;s=2;prev=-1;c=0;firstObs=true;slotOn=true;inWindow=false;time_close=08-02 23:01
2026-08-02T23:00:00.000+01:00,DIAG-CLOSE;CHFJPY;s=3;prev=-1;c=0;firstObs=true;slotOn=true;inWindow=false;time_close=08-02 23:01
2026-08-02T23:00:00.000+01:00,DIAG-CLOSE;CHFJPY;s=4;prev=-1;c=0;firstObs=true;slotOn=true;inWindow=false;time_close=08-02 23:01
2026-08-02T23:00:00.000+01:00,DIAG-CLOSE;CHFJPY;s=5;prev=-1;c=0;firstObs=true;slotOn=true;inWindow=false;time_close=08-02 23:01
2026-08-02T23:00:00.000+01:00,DIAG-CLOSE;CHFJPY;s=6;prev=-1;c=0;firstObs=true;slotOn=true;inWindow=false;time_close=08-02 23:01
2026-08-02T23:00:00.000+01:00,DIAG-CLOSE;CHFJPY;s=7;prev=-1;c=0;firstObs=true;slotOn=true;inWindow=false;time_close=08-02 23:01
2026-08-02T23:00:00.000+01:00,DIAG-CLOSE;AUDCHF;s=0;prev=-1;c=0;firstObs=true;slotOn=true;inWindow=false;time_close=08-02 23:01
2026-08-02T23:00:00.000+01:00,DIAG-CLOSE;AUDCHF;s=1;prev=-1;c=0;firstObs=true;slotOn=true;inWindow=false;time_close=08-02 23:01
2026-08-02T23:00:00.000+01:00,DIAG-CLOSE;AUDCHF;s=2;prev=-1;c=0;firstObs=true;slotOn=true;inWindow=false;time_close=08-02 23:01
2026-08-02T23:00:00.000+01:00,DIAG-CLOSE;AUDCHF;s=3;prev=-1;c=0;firstObs=true;slotOn=true;inWindow=false;time_close=08-02 23:01
2026-08-02T23:00:00.000+01:00,DIAG-CLOSE;AUDCHF;s=4;prev=-1;c=0;firstObs=true;slotOn=true;inWindow=false;time_close=08-02 23:01
2026-08-02T23:00:00.000+01:00,DIAG-CLOSE;AUDCHF;s=5;prev=-1;c=0;firstObs=true;slotOn=true;inWindow=false;time_close=08-02 23:01
2026-08-02T23:00:00.000+01:00,DIAG-CLOSE;AUDCHF;s=6;prev=-1;c=0;firstObs=true;slotOn=true;inWindow=false;time_close=08-02 23:01
2026-08-02T23:00:00.000+01:00,DIAG-CLOSE;AUDCHF;s=7;prev=-1;c=0;firstObs=true;slotOn=true;inWindow=false;time_close=08-02 23:01
2026-08-03T08:14:00.000+01:00,DIAG-CLOSE;EURAUD;s=0;prev=0;c=1;firstObs=false;slotOn=true;inWindow=false;time_close=08-03 08:15
2026-08-03T08:43:00.000+01:00,DIAG-CLOSE;EURCHF;s=0;prev=0;c=1;firstObs=false;slotOn=true;inWindow=false;time_close=08-03 08:44
2026-08-03T09:17:00.000+01:00,DIAG-CLOSE;GBPCAD;s=0;prev=0;c=1;firstObs=false;slotOn=true;inWindow=false;time_close=08-03 09:18
2026-08-03T09:17:00.000+01:00,DIAG-CLOSE;GBPCAD;s=1;prev=0;c=1;firstObs=false;slotOn=true;inWindow=false;time_close=08-03 09:18
2026-08-03T09:29:00.000+01:00,DIAG-CLOSE;EURCHF;s=1;prev=0;c=1;firstObs=false;slotOn=true;inWindow=false;time_close=08-03 09:30
2026-08-03T09:29:00.000+01:00,DIAG-CLOSE;EURCHF;s=2;prev=0;c=1;firstObs=false;slotOn=true;inWindow=false;time_close=08-03 09:30
2026-08-03T09:29:00.000+01:00,DIAG-CLOSE;EURCHF;s=3;prev=0;c=1;firstObs=false;slotOn=true;inWindow=false;time_close=08-03 09:30
2026-08-03T09:47:00.000+01:00,DIAG-CLOSE;GBPAUD;s=0;prev=0;c=1;firstObs=false;slotOn=true;inWindow=false;time_close=08-03 09:48
2026-08-03T09:47:00.000+01:00,DIAG-CLOSE;GBPAUD;s=1;prev=0;c=1;firstObs=false;slotOn=true;inWindow=false;time_close=08-03 09:48
2026-08-03T09:47:00.000+01:00,DIAG-CLOSE;GBPAUD;s=4;prev=0;c=1;firstObs=false;slotOn=true;inWindow=false;time_close=08-03 09:48
2026-08-03T10:28:00.000+01:00,DIAG-CLOSE;GBPJPY;s=1;prev=0;c=1;firstObs=false;slotOn=true;inWindow=false;time_close=08-03 10:29
2026-08-03T10:33:00.000+01:00,DIAG-CLOSE;USDCHF;s=7;prev=0;c=1;firstObs=false;slotOn=true;inWindow=false;time_close=08-03 10:34
2026-08-03T10:34:00.000+01:00,DIAG-CLOSE;CADJPY;s=0;prev=0;c=1;firstObs=false;slotOn=true;inWindow=false;time_close=08-03 10:35
2026-08-03T10:34:00.000+01:00,DIAG-CLOSE;CADJPY;s=1;prev=0;c=1;firstObs=false;slotOn=true;inWindow=false;time_close=08-03 10:35
2026-08-03T10:37:00.000+01:00,DIAG-CLOSE;EURGBP;s=0;prev=0;c=1;firstObs=false;slotOn=true;inWindow=false;time_close=08-03 10:38
2026-08-03T10:37:00.000+01:00,DIAG-CLOSE;EURGBP;s=1;prev=0;c=1;firstObs=false;slotOn=true;inWindow=false;time_close=08-03 10:38
2026-08-03T10:37:00.000+01:00,DIAG-CLOSE;EURGBP;s=2;prev=0;c=1;firstObs=false;slotOn=true;inWindow=false;time_close=08-03 10:38
2026-08-03T10:47:00.000+01:00,DIAG-CLOSE;EURUSD;s=0;prev=0;c=1;firstObs=false;slotOn=true;inWindow=false;time_close=08-03 10:48
2026-08-03T10:47:00.000+01:00,DIAG-CLOSE;EURUSD;s=1;prev=0;c=1;firstObs=false;slotOn=true;inWindow=false;time_close=08-03 10:48
2026-08-03T10:47:00.000+01:00,DIAG-CLOSE;EURUSD;s=4;prev=0;c=1;firstObs=false;slotOn=true;inWindow=false;time_close=08-03 10:48
2026-08-03T10:47:00.000+01:00,DIAG-CLOSE;EURUSD;s=7;prev=0;c=1;firstObs=false;slotOn=true;inWindow=false;time_close=08-03 10:48
2026-08-03T10:48:00.000+01:00,DIAG-CLOSE;USDCHF;s=0;prev=0;c=1;firstObs=false;slotOn=true;inWindow=false;time_close=08-03 10:49
2026-08-03T10:48:00.000+01:00,DIAG-CLOSE;USDCHF;s=1;prev=0;c=1;firstObs=false;slotOn=true;inWindow=false;time_close=08-03 10:49
2026-08-03T10:48:00.000+01:00,DIAG-CLOSE;USDCHF;s=2;prev=0;c=1;firstObs=false;slotOn=true;inWindow=false;time_close=08-03 10:49
2026-08-03T10:48:00.000+01:00,DIAG-CLOSE;USDCHF;s=3;prev=0;c=1;firstObs=false;slotOn=true;inWindow=false;time_close=08-03 10:49
2026-08-03T10:48:00.000+01:00,DIAG-CLOSE;USDCHF;s=4;prev=0;c=1;firstObs=false;slotOn=true;inWindow=false;time_close=08-03 10:49
2026-08-03T10:48:00.000+01:00,DIAG-CLOSE;USDCHF;s=5;prev=0;c=1;firstObs=false;slotOn=true;inWindow=false;time_close=08-03 10:49
2026-08-03T10:48:00.000+01:00,DIAG-CLOSE;USDCHF;s=6;prev=0;c=1;firstObs=false;slotOn=true;inWindow=false;time_close=08-03 10:49
2026-08-03T10:49:00.000+01:00,DIAG-CLOSE;CADCHF;s=0;prev=0;c=1;firstObs=false;slotOn=true;inWindow=false;time_close=08-03 10:50
2026-08-03T10:49:00.000+01:00,DIAG-CLOSE;CADCHF;s=1;prev=0;c=1;firstObs=false;slotOn=true;inWindow=false;time_close=08-03 10:50
2026-08-03T11:12:00.000+01:00,DIAG-CLOSE;USDCAD;s=0;prev=0;c=1;firstObs=false;slotOn=true;inWindow=false;time_close=08-03 11:13
2026-08-03T11:16:00.000+01:00,DIAG-CLOSE;EURJPY;s=0;prev=0;c=1;firstObs=false;slotOn=true;inWindow=false;time_close=08-03 11:17
2026-08-03T11:16:00.000+01:00,DIAG-CLOSE;EURJPY;s=1;prev=0;c=1;firstObs=false;slotOn=true;inWindow=false;time_close=08-03 11:17
2026-08-03T11:16:00.000+01:00,DIAG-CLOSE;EURJPY;s=2;prev=0;c=1;firstObs=false;slotOn=true;inWindow=false;time_close=08-03 11:17
2026-08-03T11:16:00.000+01:00,DIAG-CLOSE;EURJPY;s=3;prev=0;c=1;firstObs=false;slotOn=true;inWindow=false;time_close=08-03 11:17
2026-08-03T11:16:00.000+01:00,DIAG-CLOSE;EURJPY;s=4;prev=0;c=1;firstObs=false;slotOn=true;inWindow=false;time_close=08-03 11:17
2026-08-03T11:16:00.000+01:00,DIAG-CLOSE;CADJPY;s=0;prev=1;c=2;firstObs=false;slotOn=true;inWindow=false;time_close=08-03 11:17
2026-08-03T11:16:00.000+01:00,DIAG-CLOSE;CADJPY;s=1;prev=1;c=2;firstObs=false;slotOn=true;inWindow=false;time_close=08-03 11:17
2026-08-03T11:16:00.000+01:00,DIAG-CLOSE;CADJPY;s=2;prev=0;c=1;firstObs=false;slotOn=true;inWindow=false;time_close=08-03 11:17
2026-08-03T11:16:00.000+01:00,DIAG-CLOSE;CADJPY;s=3;prev=0;c=1;firstObs=false;slotOn=true;inWindow=false;time_close=08-03 11:17
2026-08-03T11:17:00.000+01:00,DIAG-CLOSE;AUDJPY;s=0;prev=0;c=1;firstObs=false;slotOn=true;inWindow=false;time_close=08-03 11:18
2026-08-03T11:17:00.000+01:00,DIAG-CLOSE;AUDJPY;s=1;prev=0;c=1;firstObs=false;slotOn=true;inWindow=false;time_close=08-03 11:18
2026-08-03T11:17:00.000+01:00,DIAG-CLOSE;AUDJPY;s=4;prev=0;c=1;firstObs=false;slotOn=true;inWindow=false;time_close=08-03 11:18
2026-08-03T11:19:00.000+01:00,DIAG-CLOSE;CHFJPY;s=0;prev=0;c=1;firstObs=false;slotOn=true;inWindow=false;time_close=08-03 11:20
2026-08-03T11:19:00.000+01:00,DIAG-CLOSE;CHFJPY;s=1;prev=0;c=1;firstObs=false;slotOn=true;inWindow=false;time_close=08-03 11:20
2026-08-03T11:19:00.000+01:00,DIAG-CLOSE;AUDJPY;s=2;prev=0;c=1;firstObs=false;slotOn=true;inWindow=false;time_close=08-03 11:20
2026-08-03T11:19:00.000+01:00,DIAG-CLOSE;AUDJPY;s=3;prev=0;c=1;firstObs=false;slotOn=true;inWindow=false;time_close=08-03 11:20
2026-08-03T11:19:00.000+01:00,DIAG-CLOSE;AUDJPY;s=5;prev=0;c=1;firstObs=false;slotOn=true;inWindow=false;time_close=08-03 11:20
2026-08-03T11:34:00.000+01:00,DIAG-CLOSE;CADJPY;s=4;prev=0;c=1;firstObs=false;slotOn=true;inWindow=false;time_close=08-03 11:35
2026-08-03T11:34:00.000+01:00,DIAG-CLOSE;CADJPY;s=6;prev=0;c=1;firstObs=false;slotOn=true;inWindow=false;time_close=08-03 11:35
2026-08-03T11:34:00.000+01:00,DIAG-CLOSE;CADJPY;s=7;prev=0;c=1;firstObs=false;slotOn=true;inWindow=false;time_close=08-03 11:35
2026-08-03T11:36:00.000+01:00,DIAG-CLOSE;GBPUSD;s=0;prev=0;c=1;firstObs=false;slotOn=true;inWindow=false;time_close=08-03 11:37
2026-08-03T11:36:00.000+01:00,DIAG-CLOSE;GBPUSD;s=1;prev=0;c=1;firstObs=false;slotOn=true;inWindow=false;time_close=08-03 11:37
2026-08-03T11:36:00.000+01:00,DIAG-CLOSE;GBPUSD;s=4;prev=0;c=1;firstObs=false;slotOn=true;inWindow=false;time_close=08-03 11:37
2026-08-03T11:48:00.000+01:00,DIAG-CLOSE;EURCAD;s=0;prev=0;c=1;firstObs=false;slotOn=true;inWindow=false;time_close=08-03 11:49
2026-08-03T11:48:00.000+01:00,DIAG-CLOSE;EURCAD;s=1;prev=0;c=1;firstObs=false;slotOn=true;inWindow=false;time_close=08-03 11:49
2026-08-03T12:00:00.000+01:00,DIAG-CLOSE;AUDCAD;s=0;prev=0;c=1;firstObs=false;slotOn=true;inWindow=false;time_close=08-03 12:01
2026-08-03T12:00:00.000+01:00,DIAG-CLOSE;AUDCAD;s=1;prev=0;c=1;firstObs=false;slotOn=true;inWindow=false;time_close=08-03 12:01
2026-08-03T12:00:00.000+01:00,DIAG-CLOSE;AUDCAD;s=2;prev=0;c=1;firstObs=false;slotOn=true;inWindow=false;time_close=08-03 12:01
2026-08-03T12:00:00.000+01:00,DIAG-CLOSE;AUDCAD;s=3;prev=0;c=1;firstObs=false;slotOn=true;inWindow=false;time_close=08-03 12:01
2026-08-03T12:13:00.000+01:00,DIAG-CLOSE;CADCHF;s=0;prev=1;c=2;firstObs=false;slotOn=true;inWindow=false;time_close=08-03 12:14
2026-08-03T12:13:00.000+01:00,DIAG-CLOSE;CADCHF;s=1;prev=1;c=2;firstObs=false;slotOn=true;inWindow=false;time_close=08-03 12:14
2026-08-03T12:20:00.000+01:00,DIAG-CLOSE;GBPUSD;s=0;prev=1;c=2;firstObs=false;slotOn=true;inWindow=false;time_close=08-03 12:21
2026-08-03T12:20:00.000+01:00,DIAG-CLOSE;GBPUSD;s=1;prev=1;c=2;firstObs=false;slotOn=true;inWindow=false;time_close=08-03 12:21
2026-08-03T12:24:00.000+01:00,DIAG-CLOSE;GBPUSD;s=2;prev=0;c=1;firstObs=false;slotOn=true;inWindow=false;time_close=08-03 12:25
2026-08-03T12:24:00.000+01:00,DIAG-CLOSE;GBPUSD;s=3;prev=0;c=1;firstObs=false;slotOn=true;inWindow=false;time_close=08-03 12:25
2026-08-03T12:24:00.000+01:00,DIAG-CLOSE;USDCAD;s=2;prev=0;c=1;firstObs=false;slotOn=true;inWindow=false;time_close=08-03 12:25
2026-08-03T12:24:00.000+01:00,DIAG-CLOSE;USDCAD;s=3;prev=0;c=1;firstObs=false;slotOn=true;inWindow=false;time_close=08-03 12:25
2026-08-03T12:24:00.000+01:00,DIAG-CLOSE;USDCAD;s=5;prev=0;c=1;firstObs=false;slotOn=true;inWindow=false;time_close=08-03 12:25
2026-08-03T12:35:00.000+01:00,DIAG-CLOSE;EURJPY;s=6;prev=0;c=1;firstObs=false;slotOn=true;inWindow=false;time_close=08-03 12:36
2026-08-03T12:35:00.000+01:00,DIAG-CLOSE;EURJPY;s=7;prev=0;c=1;firstObs=false;slotOn=true;inWindow=false;time_close=08-03 12:36
2026-08-03T12:36:00.000+01:00,DIAG-CLOSE;GBPJPY;s=0;prev=0;c=1;firstObs=false;slotOn=true;inWindow=false;time_close=08-03 12:37
2026-08-03T12:36:00.000+01:00,DIAG-CLOSE;GBPJPY;s=1;prev=1;c=2;firstObs=false;slotOn=true;inWindow=false;time_close=08-03 12:37
2026-08-03T12:37:00.000+01:00,DIAG-CLOSE;EURUSD;s=0;prev=1;c=2;firstObs=false;slotOn=true;inWindow=false;time_close=08-03 12:38
2026-08-03T12:37:00.000+01:00,DIAG-CLOSE;EURUSD;s=1;prev=1;c=2;firstObs=false;slotOn=true;inWindow=false;time_close=08-03 12:38
2026-08-03T12:41:00.000+01:00,DIAG-CLOSE;USDCHF;s=0;prev=1;c=2;firstObs=false;slotOn=true;inWindow=false;time_close=08-03 12:42
2026-08-03T12:41:00.000+01:00,DIAG-CLOSE;USDCHF;s=1;prev=1;c=2;firstObs=false;slotOn=true;inWindow=false;time_close=08-03 12:42
2026-08-03T13:05:00.000+01:00,DIAG-CLOSE;AUDCHF;s=0;prev=0;c=1;firstObs=false;slotOn=true;inWindow=false;time_close=08-03 13:06
2026-08-03T13:12:00.000+01:00,DIAG-CLOSE;EURCHF;s=2;prev=1;c=2;firstObs=false;slotOn=true;inWindow=false;time_close=08-03 13:13
2026-08-03T13:12:00.000+01:00,DIAG-CLOSE;EURCHF;s=3;prev=1;c=2;firstObs=false;slotOn=true;inWindow=false;time_close=08-03 13:13
2026-08-03T13:12:00.000+01:00,DIAG-CLOSE;EURCHF;s=5;prev=0;c=1;firstObs=false;slotOn=true;inWindow=false;time_close=08-03 13:13
2026-08-03T13:28:00.000+01:00,DIAG-CLOSE;EURCHF;s=0;prev=1;c=2;firstObs=false;slotOn=true;inWindow=false;time_close=08-03 13:29
2026-08-03T13:28:00.000+01:00,DIAG-CLOSE;EURCHF;s=1;prev=1;c=2;firstObs=false;slotOn=true;inWindow=false;time_close=08-03 13:29
2026-08-03T13:39:00.000+01:00,DIAG-CLOSE;GBPCAD;s=0;prev=1;c=2;firstObs=false;slotOn=true;inWindow=false;time_close=08-03 13:40
2026-08-03T13:39:00.000+01:00,DIAG-CLOSE;GBPCAD;s=1;prev=1;c=2;firstObs=false;slotOn=true;inWindow=false;time_close=08-03 13:40
2026-08-03T13:40:00.000+01:00,DIAG-CLOSE;USDJPY;s=0;prev=0;c=1;firstObs=false;slotOn=true;inWindow=false;time_close=08-03 13:41
2026-08-03T13:40:00.000+01:00,DIAG-CLOSE;USDJPY;s=1;prev=0;c=1;firstObs=false;slotOn=true;inWindow=false;time_close=08-03 13:41
2026-08-03T13:49:00.000+01:00,DIAG-CLOSE;CADCHF;s=0;prev=2;c=3;firstObs=false;slotOn=true;inWindow=false;time_close=08-03 13:50
2026-08-03T14:04:00.000+01:00,DIAG-CLOSE;CADCHF;s=1;prev=2;c=3;firstObs=false;slotOn=true;inWindow=false;time_close=08-03 14:05
2026-08-03T14:04:00.000+01:00,DIAG-CLOSE;AUDCHF;s=2;prev=0;c=1;firstObs=false;slotOn=true;inWindow=false;time_close=08-03 14:05
2026-08-03T14:04:00.000+01:00,DIAG-CLOSE;AUDCHF;s=3;prev=0;c=1;firstObs=false;slotOn=true;inWindow=false;time_close=08-03 14:05
2026-08-03T14:04:00.000+01:00,DIAG-CLOSE;AUDCHF;s=4;prev=0;c=1;firstObs=false;slotOn=true;inWindow=false;time_close=08-03 14:05
2026-08-03T14:04:00.000+01:00,DIAG-CLOSE;AUDCHF;s=5;prev=0;c=1;firstObs=false;slotOn=true;inWindow=false;time_close=08-03 14:05
2026-08-03T14:04:00.000+01:00,DIAG-CLOSE;AUDCHF;s=6;prev=0;c=1;firstObs=false;slotOn=true;inWindow=false;time_close=08-03 14:05
2026-08-03T14:04:00.000+01:00,DIAG-CLOSE;AUDCHF;s=7;prev=0;c=1;firstObs=false;slotOn=true;inWindow=false;time_close=08-03 14:05
2026-08-03T14:22:00.000+01:00,DIAG-CLOSE;CADJPY;s=0;prev=2;c=3;firstObs=false;slotOn=true;inWindow=false;time_close=08-03 14:23
2026-08-03T14:22:00.000+01:00,DIAG-CLOSE;CADJPY;s=1;prev=2;c=3;firstObs=false;slotOn=true;inWindow=false;time_close=08-03 14:23
2026-08-03T14:22:00.000+01:00,DIAG-CLOSE;CADJPY;s=2;prev=1;c=2;firstObs=false;slotOn=true;inWindow=false;time_close=08-03 14:23
2026-08-03T14:22:00.000+01:00,DIAG-CLOSE;CADJPY;s=3;prev=1;c=2;firstObs=false;slotOn=true;inWindow=false;time_close=08-03 14:23
2026-08-03T14:22:00.000+01:00,DIAG-CLOSE;CADJPY;s=4;prev=1;c=2;firstObs=false;slotOn=true;inWindow=false;time_close=08-03 14:23
2026-08-03T14:25:00.000+01:00,DIAG-CLOSE;EURUSD;s=0;prev=2;c=3;firstObs=false;slotOn=true;inWindow=false;time_close=08-03 14:26
2026-08-03T14:25:00.000+01:00,DIAG-CLOSE;EURUSD;s=1;prev=2;c=3;firstObs=false;slotOn=true;inWindow=false;time_close=08-03 14:26
2026-08-03T14:28:00.000+01:00,DIAG-CLOSE;USDJPY;s=0;prev=1;c=2;firstObs=false;slotOn=true;inWindow=false;time_close=08-03 14:29
2026-08-03T14:28:00.000+01:00,DIAG-CLOSE;USDJPY;s=1;prev=1;c=2;firstObs=false;slotOn=true;inWindow=false;time_close=08-03 14:29
2026-08-03T14:37:00.000+01:00,DIAG-CLOSE;USDJPY;s=7;prev=0;c=1;firstObs=false;slotOn=true;inWindow=false;time_close=08-03 14:38
2026-08-03T14:40:00.000+01:00,DIAG-CLOSE;GBPJPY;s=0;prev=1;c=2;firstObs=false;slotOn=true;inWindow=false;time_close=08-03 14:41
2026-08-03T14:40:00.000+01:00,DIAG-CLOSE;GBPJPY;s=1;prev=2;c=3;firstObs=false;slotOn=true;inWindow=false;time_close=08-03 14:41
2026-08-03T14:44:00.000+01:00,DIAG-CLOSE;EURUSD;s=2;prev=0;c=1;firstObs=false;slotOn=true;inWindow=false;time_close=08-03 14:45
2026-08-03T14:44:00.000+01:00,DIAG-CLOSE;EURUSD;s=3;prev=0;c=1;firstObs=false;slotOn=true;inWindow=false;time_close=08-03 14:45
2026-08-03T14:50:00.000+01:00,DIAG-CLOSE;GBPUSD;s=1;prev=2;c=3;firstObs=false;slotOn=true;inWindow=false;time_close=08-03 14:51
2026-08-03T15:01:00.000+01:00,DIAG-CLOSE;USDCAD;s=0;prev=1;c=2;firstObs=false;slotOn=true;inWindow=false;time_close=08-03 15:02
2026-08-03T15:01:00.000+01:00,DIAG-CLOSE;USDCAD;s=1;prev=0;c=1;firstObs=false;slotOn=true;inWindow=false;time_close=08-03 15:02
2026-08-03T15:01:00.000+01:00,DIAG-CLOSE;GBPCHF;s=2;prev=0;c=1;firstObs=false;slotOn=true;inWindow=false;time_close=08-03 15:02
2026-08-03T15:01:00.000+01:00,DIAG-CLOSE;GBPCHF;s=3;prev=0;c=1;firstObs=false;slotOn=true;inWindow=false;time_close=08-03 15:02
2026-08-03T15:02:00.000+01:00,DIAG-CLOSE;GBPCAD;s=0;prev=2;c=3;firstObs=false;slotOn=true;inWindow=false;time_close=08-03 15:03
2026-08-03T15:02:00.000+01:00,DIAG-CLOSE;GBPCAD;s=1;prev=2;c=3;firstObs=false;slotOn=true;inWindow=false;time_close=08-03 15:03
2026-08-03T15:11:00.000+01:00,DIAG-CLOSE;EURGBP;s=1;prev=1;c=2;firstObs=false;slotOn=true;inWindow=false;time_close=08-03 15:12
2026-08-03T15:11:00.000+01:00,DIAG-CLOSE;EURGBP;s=2;prev=1;c=2;firstObs=false;slotOn=true;inWindow=false;time_close=08-03 15:12
2026-08-03T15:11:00.000+01:00,DIAG-CLOSE;EURGBP;s=3;prev=0;c=1;firstObs=false;slotOn=true;inWindow=false;time_close=08-03 15:12
2026-08-03T15:14:00.000+01:00,DIAG-CLOSE;EURUSD;s=0;prev=3;c=4;firstObs=false;slotOn=true;inWindow=false;time_close=08-03 15:15
2026-08-03T15:14:00.000+01:00,DIAG-CLOSE;EURUSD;s=1;prev=3;c=4;firstObs=false;slotOn=true;inWindow=false;time_close=08-03 15:15
2026-08-03T15:42:00.000+01:00,DIAG-CLOSE;GBPJPY;s=0;prev=2;c=3;firstObs=false;slotOn=true;inWindow=false;time_close=08-03 15:43
2026-08-03T15:42:00.000+01:00,DIAG-CLOSE;GBPJPY;s=1;prev=3;c=4;firstObs=false;slotOn=true;inWindow=false;time_close=08-03 15:43
2026-08-03T15:42:00.000+01:00,DIAG-CLOSE;GBPJPY;s=2;prev=0;c=1;firstObs=false;slotOn=true;inWindow=false;time_close=08-03 15:43
2026-08-03T15:42:00.000+01:00,DIAG-CLOSE;GBPJPY;s=3;prev=0;c=1;firstObs=false;slotOn=true;inWindow=false;time_close=08-03 15:43
2026-08-03T15:42:00.000+01:00,DIAG-CLOSE;GBPJPY;s=4;prev=0;c=1;firstObs=false;slotOn=true;inWindow=false;time_close=08-03 15:43
2026-08-03T15:42:00.000+01:00,DIAG-CLOSE;AUDJPY;s=0;prev=1;c=2;firstObs=false;slotOn=true;inWindow=false;time_close=08-03 15:43
2026-08-03T15:42:00.000+01:00,DIAG-CLOSE;AUDJPY;s=1;prev=1;c=2;firstObs=false;slotOn=true;inWindow=false;time_close=08-03 15:43
2026-08-03T15:45:00.000+01:00,DIAG-CLOSE;USDCHF;s=0;prev=2;c=3;firstObs=false;slotOn=true;inWindow=false;time_close=08-03 15:46
2026-08-03T15:45:00.000+01:00,DIAG-CLOSE;USDCHF;s=1;prev=2;c=3;firstObs=false;slotOn=true;inWindow=false;time_close=08-03 15:46
2026-08-03T15:46:00.000+01:00,DIAG-CLOSE;CHFJPY;s=0;prev=1;c=2;firstObs=false;slotOn=true;inWindow=false;time_close=08-03 15:47
2026-08-03T15:46:00.000+01:00,DIAG-CLOSE;CHFJPY;s=1;prev=1;c=2;firstObs=false;slotOn=true;inWindow=false;time_close=08-03 15:47
2026-08-03T15:46:00.000+01:00,DIAG-CLOSE;CHFJPY;s=2;prev=0;c=1;firstObs=false;slotOn=true;inWindow=false;time_close=08-03 15:47
2026-08-03T15:46:00.000+01:00,DIAG-CLOSE;CHFJPY;s=3;prev=0;c=1;firstObs=false;slotOn=true;inWindow=false;time_close=08-03 15:47
2026-08-03T15:51:00.000+01:00,DIAG-CLOSE;EURCHF;s=0;prev=2;c=3;firstObs=false;slotOn=true;inWindow=false;time_close=08-03 15:52
2026-08-03T15:51:00.000+01:00,DIAG-CLOSE;EURCHF;s=1;prev=2;c=3;firstObs=false;slotOn=true;inWindow=false;time_close=08-03 15:52
2026-08-03T16:00:00.000+01:00,DIAG-CLOSE;EURJPY;s=6;prev=1;c=2;firstObs=false;slotOn=true;inWindow=false;time_close=08-03 16:01
2026-08-03T16:01:00.000+01:00,DIAG-CLOSE;EURJPY;s=0;prev=1;c=2;firstObs=false;slotOn=true;inWindow=false;time_close=08-03 16:02
2026-08-03T16:01:00.000+01:00,DIAG-CLOSE;EURJPY;s=4;prev=1;c=2;firstObs=false;slotOn=true;inWindow=false;time_close=08-03 16:02
2026-08-03T16:06:00.000+01:00,DIAG-CLOSE;EURAUD;s=0;prev=1;c=2;firstObs=false;slotOn=true;inWindow=false;time_close=08-03 16:07
2026-08-03T16:06:00.000+01:00,DIAG-CLOSE;GBPCAD;s=0;prev=3;c=4;firstObs=false;slotOn=true;inWindow=false;time_close=08-03 16:07
2026-08-03T16:06:00.000+01:00,DIAG-CLOSE;GBPCAD;s=1;prev=3;c=4;firstObs=false;slotOn=true;inWindow=false;time_close=08-03 16:07
2026-08-03T16:11:00.000+01:00,DIAG-CLOSE;USDCAD;s=2;prev=1;c=2;firstObs=false;slotOn=true;inWindow=false;time_close=08-03 16:12
2026-08-03T16:11:00.000+01:00,DIAG-CLOSE;USDCAD;s=3;prev=1;c=2;firstObs=false;slotOn=true;inWindow=false;time_close=08-03 16:12
2026-08-03T16:11:00.000+01:00,DIAG-CLOSE;USDCAD;s=5;prev=1;c=2;firstObs=false;slotOn=true;inWindow=false;time_close=08-03 16:12
2026-08-03T16:17:00.000+01:00,DIAG-CLOSE;USDJPY;s=0;prev=2;c=3;firstObs=false;slotOn=true;inWindow=false;time_close=08-03 16:18
2026-08-03T16:17:00.000+01:00,DIAG-CLOSE;USDJPY;s=1;prev=2;c=3;firstObs=false;slotOn=true;inWindow=false;time_close=08-03 16:18
2026-08-03T16:34:00.000+01:00,DIAG-CLOSE;EURJPY;s=0;prev=2;c=3;firstObs=false;slotOn=true;inWindow=false;time_close=08-03 16:35
2026-08-03T16:34:00.000+01:00,DIAG-CLOSE;EURJPY;s=1;prev=1;c=2;firstObs=false;slotOn=true;inWindow=false;time_close=08-03 16:35
2026-08-03T16:34:00.000+01:00,DIAG-CLOSE;EURJPY;s=2;prev=1;c=2;firstObs=false;slotOn=true;inWindow=false;time_close=08-03 16:35
2026-08-03T16:34:00.000+01:00,DIAG-CLOSE;EURJPY;s=3;prev=1;c=2;firstObs=false;slotOn=true;inWindow=false;time_close=08-03 16:35
2026-08-03T16:34:00.000+01:00,DIAG-CLOSE;EURJPY;s=5;prev=0;c=1;firstObs=false;slotOn=true;inWindow=false;time_close=08-03 16:35
2026-08-03T16:45:00.000+01:00,DIAG-CLOSE;CADCHF;s=0;prev=3;c=4;firstObs=false;slotOn=true;inWindow=false;time_close=08-03 16:46
2026-08-03T16:47:00.000+01:00,DIAG-CLOSE;GBPCHF;s=0;prev=0;c=1;firstObs=false;slotOn=true;inWindow=false;time_close=08-03 16:48
2026-08-03T16:47:00.000+01:00,DIAG-CLOSE;GBPCHF;s=4;prev=0;c=1;firstObs=false;slotOn=true;inWindow=false;time_close=08-03 16:48
2026-08-03T16:47:00.000+01:00,DIAG-CLOSE;GBPCHF;s=7;prev=0;c=1;firstObs=false;slotOn=true;inWindow=false;time_close=08-03 16:48
2026-08-03T16:50:00.000+01:00,DIAG-CLOSE;GBPJPY;s=0;prev=3;c=4;firstObs=false;slotOn=true;inWindow=false;time_close=08-03 16:51
2026-08-03T16:50:00.000+01:00,DIAG-CLOSE;GBPJPY;s=1;prev=4;c=5;firstObs=false;slotOn=true;inWindow=false;time_close=08-03 16:51
2026-08-03T16:51:00.000+01:00,DIAG-CLOSE;EURCHF;s=6;prev=0;c=1;firstObs=false;slotOn=true;inWindow=false;time_close=08-03 16:52
2026-08-03T16:51:00.000+01:00,DIAG-CLOSE;EURCHF;s=7;prev=0;c=1;firstObs=false;slotOn=true;inWindow=false;time_close=08-03 16:52
2026-08-03T16:53:00.000+01:00,DIAG-CLOSE;USDCHF;s=0;prev=3;c=4;firstObs=false;slotOn=true;inWindow=false;time_close=08-03 16:54
2026-08-03T16:53:00.000+01:00,DIAG-CLOSE;USDCHF;s=1;prev=3;c=4;firstObs=false;slotOn=true;inWindow=false;time_close=08-03 16:54
2026-08-03T16:53:00.000+01:00,DIAG-CLOSE;USDCHF;s=2;prev=1;c=2;firstObs=false;slotOn=true;inWindow=false;time_close=08-03 16:54
2026-08-03T16:53:00.000+01:00,DIAG-CLOSE;EURCHF;s=0;prev=3;c=4;firstObs=false;slotOn=true;inWindow=false;time_close=08-03 16:54
2026-08-03T17:13:00.000+01:00,DIAG-CLOSE;GBPCAD;s=0;prev=4;c=5;firstObs=false;slotOn=true;inWindow=false;time_close=08-03 17:14
2026-08-03T17:13:00.000+01:00,DIAG-CLOSE;GBPCAD;s=1;prev=4;c=5;firstObs=false;slotOn=true;inWindow=false;time_close=08-03 17:14
2026-08-03T17:13:00.000+01:00,DIAG-CLOSE;GBPCAD;s=2;prev=0;c=1;firstObs=false;slotOn=true;inWindow=false;time_close=08-03 17:14
2026-08-03T17:13:00.000+01:00,DIAG-CLOSE;GBPCAD;s=3;prev=0;c=1;firstObs=false;slotOn=true;inWindow=false;time_close=08-03 17:14
2026-08-03T17:15:00.000+01:00,DIAG-CLOSE;GBPAUD;s=0;prev=1;c=2;firstObs=false;slotOn=true;inWindow=false;time_close=08-03 17:16
2026-08-03T17:15:00.000+01:00,DIAG-CLOSE;GBPAUD;s=1;prev=1;c=2;firstObs=false;slotOn=true;inWindow=false;time_close=08-03 17:16
2026-08-03T17:16:00.000+01:00,DIAG-CLOSE;EURGBP;s=0;prev=1;c=2;firstObs=false;slotOn=true;inWindow=false;time_close=08-03 17:17
2026-08-03T17:16:00.000+01:00,DIAG-CLOSE;EURGBP;s=1;prev=2;c=3;firstObs=false;slotOn=true;inWindow=false;time_close=08-03 17:17
2026-08-03T17:16:00.000+01:00,DIAG-CLOSE;EURGBP;s=2;prev=2;c=3;firstObs=false;slotOn=true;inWindow=false;time_close=08-03 17:17
2026-08-03T17:16:00.000+01:00,DIAG-CLOSE;EURGBP;s=3;prev=1;c=2;firstObs=false;slotOn=true;inWindow=false;time_close=08-03 17:17
2026-08-03T17:16:00.000+01:00,DIAG-CLOSE;AUDCAD;s=0;prev=1;c=2;firstObs=false;slotOn=true;inWindow=false;time_close=08-03 17:17
2026-08-03T17:16:00.000+01:00,DIAG-CLOSE;AUDCAD;s=1;prev=1;c=2;firstObs=false;slotOn=true;inWindow=false;time_close=08-03 17:17
2026-08-03T17:20:00.000+01:00,DIAG-CLOSE;GBPAUD;s=2;prev=0;c=1;firstObs=false;slotOn=true;inWindow=false;time_close=08-03 17:21
2026-08-03T17:20:00.000+01:00,DIAG-CLOSE;GBPAUD;s=3;prev=0;c=1;firstObs=false;slotOn=true;inWindow=false;time_close=08-03 17:21
2026-08-03T17:20:00.000+01:00,DIAG-CLOSE;GBPAUD;s=5;prev=0;c=1;firstObs=false;slotOn=true;inWindow=false;time_close=08-03 17:21
2026-08-03T17:48:00.000+01:00,DIAG-CLOSE;GBPJPY;s=0;prev=4;c=5;firstObs=false;slotOn=true;inWindow=false;time_close=08-03 17:49
2026-08-03T17:48:00.000+01:00,DIAG-CLOSE;GBPJPY;s=1;prev=5;c=6;firstObs=false;slotOn=true;inWindow=false;time_close=08-03 17:49
2026-08-03T17:48:00.000+01:00,DIAG-CLOSE;GBPJPY;s=3;prev=1;c=2;firstObs=false;slotOn=true;inWindow=false;time_close=08-03 17:49
2026-08-03T17:48:00.000+01:00,DIAG-CLOSE;GBPJPY;s=5;prev=0;c=1;firstObs=false;slotOn=true;inWindow=false;time_close=08-03 17:49
2026-08-03T17:49:00.000+01:00,DIAG-CLOSE;EURJPY;s=0;prev=3;c=4;firstObs=false;slotOn=true;inWindow=false;time_close=08-03 17:50
2026-08-03T17:49:00.000+01:00,DIAG-CLOSE;EURJPY;s=1;prev=2;c=3;firstObs=false;slotOn=true;inWindow=false;time_close=08-03 17:50
2026-08-03T17:54:00.000+01:00,DIAG-CLOSE;EURAUD;s=0;prev=2;c=3;firstObs=false;slotOn=true;inWindow=false;time_close=08-03 17:55
2026-08-03T17:54:00.000+01:00,DIAG-CLOSE;EURAUD;s=1;prev=0;c=1;firstObs=false;slotOn=true;inWindow=false;time_close=08-03 17:55
2026-08-03T18:07:00.000+01:00,DIAG-CLOSE;USDJPY;s=0;prev=3;c=4;firstObs=false;slotOn=true;inWindow=false;time_close=08-03 18:08
2026-08-03T18:07:00.000+01:00,DIAG-CLOSE;USDJPY;s=1;prev=3;c=4;firstObs=false;slotOn=true;inWindow=false;time_close=08-03 18:08
2026-08-03T18:07:00.000+01:00,DIAG-CLOSE;USDJPY;s=2;prev=0;c=1;firstObs=false;slotOn=true;inWindow=false;time_close=08-03 18:08
2026-08-03T18:07:00.000+01:00,DIAG-CLOSE;USDJPY;s=3;prev=0;c=1;firstObs=false;slotOn=true;inWindow=false;time_close=08-03 18:08
2026-08-03T18:07:00.000+01:00,DIAG-CLOSE;USDJPY;s=5;prev=0;c=1;firstObs=false;slotOn=true;inWindow=false;time_close=08-03 18:08
2026-08-03T19:01:00.000+01:00,DIAG-CLOSE;GBPUSD;s=0;prev=2;c=3;firstObs=false;slotOn=true;inWindow=false;time_close=08-03 19:02
2026-08-03T19:01:00.000+01:00,DIAG-CLOSE;GBPUSD;s=1;prev=3;c=4;firstObs=false;slotOn=true;inWindow=false;time_close=08-03 19:02
2026-08-03T19:12:00.000+01:00,DIAG-CLOSE;EURUSD;s=0;prev=4;c=5;firstObs=false;slotOn=true;inWindow=false;time_close=08-03 19:13
2026-08-03T19:12:00.000+01:00,DIAG-CLOSE;EURUSD;s=1;prev=4;c=5;firstObs=false;slotOn=true;inWindow=false;time_close=08-03 19:13
2026-08-03T19:12:00.000+01:00,DIAG-CLOSE;EURUSD;s=2;prev=1;c=2;firstObs=false;slotOn=true;inWindow=false;time_close=08-03 19:13
2026-08-03T19:12:00.000+01:00,DIAG-CLOSE;EURUSD;s=4;prev=1;c=2;firstObs=false;slotOn=true;inWindow=false;time_close=08-03 19:13
2026-08-03T19:20:00.000+01:00,DIAG-CLOSE;EURCAD;s=1;prev=1;c=2;firstObs=false;slotOn=true;inWindow=false;time_close=08-03 19:21
2026-08-03T19:20:00.000+01:00,DIAG-CLOSE;EURCAD;s=2;prev=0;c=1;firstObs=false;slotOn=true;inWindow=false;time_close=08-03 19:21
2026-08-03T19:20:00.000+01:00,DIAG-CLOSE;EURCAD;s=3;prev=0;c=1;firstObs=false;slotOn=true;inWindow=false;time_close=08-03 19:21
2026-08-03T19:25:00.000+01:00,DIAG-CLOSE;AUDUSD;s=4;prev=0;c=1;firstObs=false;slotOn=true;inWindow=false;time_close=08-03 19:26
2026-08-03T19:25:00.000+01:00,DIAG-CLOSE;AUDUSD;s=6;prev=0;c=1;firstObs=false;slotOn=true;inWindow=false;time_close=08-03 19:26
2026-08-03T19:25:00.000+01:00,DIAG-CLOSE;AUDUSD;s=7;prev=0;c=1;firstObs=false;slotOn=true;inWindow=false;time_close=08-03 19:26
2026-08-03T19:25:00.000+01:00,DIAG-CLOSE;GBPCAD;s=0;prev=5;c=6;firstObs=false;slotOn=true;inWindow=false;time_close=08-03 19:26
2026-08-03T19:25:00.000+01:00,DIAG-CLOSE;GBPCAD;s=1;prev=5;c=6;firstObs=false;slotOn=true;inWindow=false;time_close=08-03 19:26
2026-08-03T19:51:00.000+01:00,DIAG-CLOSE;AUDUSD;s=0;prev=0;c=1;firstObs=false;slotOn=true;inWindow=false;time_close=08-03 19:52
2026-08-03T19:51:00.000+01:00,DIAG-CLOSE;AUDUSD;s=1;prev=0;c=1;firstObs=false;slotOn=true;inWindow=false;time_close=08-03 19:52
2026-08-03T19:51:00.000+01:00,DIAG-CLOSE;AUDUSD;s=2;prev=0;c=1;firstObs=false;slotOn=true;inWindow=false;time_close=08-03 19:52
2026-08-03T19:51:00.000+01:00,DIAG-CLOSE;AUDUSD;s=3;prev=0;c=1;firstObs=false;slotOn=true;inWindow=false;time_close=08-03 19:52
2026-08-04T08:46:00.000+01:00,DIAG-CLOSE;USDCHF;s=0;prev=4;c=5;firstObs=false;slotOn=true;inWindow=false;time_close=08-04 08:47
2026-08-04T08:46:00.000+01:00,DIAG-CLOSE;USDCHF;s=1;prev=4;c=5;firstObs=false;slotOn=true;inWindow=false;time_close=08-04 08:47
2026-08-04T08:46:00.000+01:00,DIAG-CLOSE;USDCHF;s=2;prev=2;c=3;firstObs=false;slotOn=true;inWindow=false;time_close=08-04 08:47
2026-08-04T08:46:00.000+01:00,DIAG-CLOSE;USDCHF;s=3;prev=1;c=2;firstObs=false;slotOn=true;inWindow=false;time_close=08-04 08:47
2026-08-04T08:46:00.000+01:00,DIAG-CLOSE;AUDCAD;s=0;prev=2;c=3;firstObs=false;slotOn=true;inWindow=false;time_close=08-04 08:47
2026-08-04T08:46:00.000+01:00,DIAG-CLOSE;AUDCAD;s=1;prev=2;c=3;firstObs=false;slotOn=true;inWindow=false;time_close=08-04 08:47
2026-08-04T08:46:00.000+01:00,DIAG-CLOSE;AUDCAD;s=2;prev=1;c=2;firstObs=false;slotOn=true;inWindow=false;time_close=08-04 08:47
2026-08-04T08:46:00.000+01:00,DIAG-CLOSE;AUDCAD;s=3;prev=1;c=2;firstObs=false;slotOn=true;inWindow=false;time_close=08-04 08:47
2026-08-04T08:47:00.000+01:00,DIAG-CLOSE;AUDJPY;s=0;prev=2;c=3;firstObs=false;slotOn=true;inWindow=false;time_close=08-04 08:48
2026-08-04T08:47:00.000+01:00,DIAG-CLOSE;AUDJPY;s=1;prev=2;c=3;firstObs=false;slotOn=true;inWindow=false;time_close=08-04 08:48
2026-08-04T08:47:00.000+01:00,DIAG-CLOSE;AUDJPY;s=2;prev=1;c=2;firstObs=false;slotOn=true;inWindow=false;time_close=08-04 08:48
2026-08-04T08:47:00.000+01:00,DIAG-CLOSE;AUDJPY;s=3;prev=1;c=2;firstObs=false;slotOn=true;inWindow=false;time_close=08-04 08:48
2026-08-04T08:47:00.000+01:00,DIAG-CLOSE;AUDJPY;s=4;prev=1;c=2;firstObs=false;slotOn=true;inWindow=false;time_close=08-04 08:48
2026-08-04T08:47:00.000+01:00,DIAG-CLOSE;AUDJPY;s=6;prev=0;c=1;firstObs=false;slotOn=true;inWindow=false;time_close=08-04 08:48
2026-08-04T08:59:00.000+01:00,DIAG-CLOSE;CADJPY;s=0;prev=3;c=4;firstObs=false;slotOn=true;inWindow=false;time_close=08-04 09:00
2026-08-04T09:07:00.000+01:00,DIAG-CLOSE;AUDJPY;s=7;prev=0;c=1;firstObs=false;slotOn=true;inWindow=false;time_close=08-04 09:08
2026-08-04T09:09:00.000+01:00,DIAG-CLOSE;EURAUD;s=0;prev=3;c=4;firstObs=false;slotOn=true;inWindow=false;time_close=08-04 09:10
2026-08-04T09:09:00.000+01:00,DIAG-CLOSE;EURAUD;s=1;prev=1;c=2;firstObs=false;slotOn=true;inWindow=false;time_close=08-04 09:10
2026-08-04T09:09:00.000+01:00,DIAG-CLOSE;EURAUD;s=4;prev=0;c=1;firstObs=false;slotOn=true;inWindow=false;time_close=08-04 09:10
2026-08-04T09:09:00.000+01:00,DIAG-CLOSE;EURAUD;s=6;prev=0;c=1;firstObs=false;slotOn=true;inWindow=false;time_close=08-04 09:10
2026-08-04T09:09:00.000+01:00,DIAG-CLOSE;EURAUD;s=7;prev=0;c=1;firstObs=false;slotOn=true;inWindow=false;time_close=08-04 09:10
2026-08-04T09:33:00.000+01:00,DIAG-CLOSE;USDCAD;s=0;prev=2;c=3;firstObs=false;slotOn=true;inWindow=false;time_close=08-04 09:34
2026-08-04T09:33:00.000+01:00,DIAG-CLOSE;USDCAD;s=1;prev=1;c=2;firstObs=false;slotOn=true;inWindow=false;time_close=08-04 09:34
2026-08-04T09:59:00.000+01:00,DIAG-CLOSE;EURCAD;s=0;prev=1;c=2;firstObs=false;slotOn=true;inWindow=false;time_close=08-04 10:00
2026-08-04T09:59:00.000+01:00,DIAG-CLOSE;EURCAD;s=1;prev=2;c=3;firstObs=false;slotOn=true;inWindow=false;time_close=08-04 10:00
2026-08-04T10:05:00.000+01:00,DIAG-CLOSE;EURJPY;s=0;prev=4;c=5;firstObs=false;slotOn=true;inWindow=false;time_close=08-04 10:06
2026-08-04T10:05:00.000+01:00,DIAG-CLOSE;EURJPY;s=1;prev=3;c=4;firstObs=false;slotOn=true;inWindow=false;time_close=08-04 10:06
2026-08-04T10:05:00.000+01:00,DIAG-CLOSE;EURJPY;s=2;prev=2;c=3;firstObs=false;slotOn=true;inWindow=false;time_close=08-04 10:06
2026-08-04T10:06:00.000+01:00,DIAG-CLOSE;EURCHF;s=0;prev=4;c=5;firstObs=false;slotOn=true;inWindow=false;time_close=08-04 10:07
2026-08-04T10:06:00.000+01:00,DIAG-CLOSE;EURCHF;s=1;prev=3;c=4;firstObs=false;slotOn=true;inWindow=false;time_close=08-04 10:07
2026-08-04T10:23:00.000+01:00,DIAG-CLOSE;USDCHF;s=0;prev=5;c=6;firstObs=false;slotOn=true;inWindow=false;time_close=08-04 10:24
2026-08-04T10:23:00.000+01:00,DIAG-CLOSE;USDCHF;s=1;prev=5;c=6;firstObs=false;slotOn=true;inWindow=false;time_close=08-04 10:24
2026-08-04T10:28:00.000+01:00,DIAG-CLOSE;AUDCHF;s=0;prev=1;c=2;firstObs=false;slotOn=true;inWindow=false;time_close=08-04 10:29
2026-08-04T10:28:00.000+01:00,DIAG-CLOSE;AUDCHF;s=1;prev=0;c=1;firstObs=false;slotOn=true;inWindow=false;time_close=08-04 10:29
2026-08-04T10:58:00.000+01:00,DIAG-CLOSE;EURCHF;s=3;prev=2;c=3;firstObs=false;slotOn=true;inWindow=false;time_close=08-04 10:59
2026-08-04T11:04:00.000+01:00,DIAG-CLOSE;GBPAUD;s=0;prev=2;c=3;firstObs=false;slotOn=true;inWindow=false;time_close=08-04 11:05
2026-08-04T11:04:00.000+01:00,DIAG-CLOSE;GBPAUD;s=1;prev=2;c=3;firstObs=false;slotOn=true;inWindow=false;time_close=08-04 11:05
2026-08-04T11:05:00.000+01:00,DIAG-CLOSE;EURUSD;s=0;prev=5;c=6;firstObs=false;slotOn=true;inWindow=false;time_close=08-04 11:06
2026-08-04T11:05:00.000+01:00,DIAG-CLOSE;EURUSD;s=1;prev=5;c=6;firstObs=false;slotOn=true;inWindow=false;time_close=08-04 11:06
2026-08-04T11:05:00.000+01:00,DIAG-CLOSE;USDCHF;s=0;prev=6;c=7;firstObs=false;slotOn=true;inWindow=false;time_close=08-04 11:06
2026-08-04T11:05:00.000+01:00,DIAG-CLOSE;USDCHF;s=1;prev=6;c=7;firstObs=false;slotOn=true;inWindow=false;time_close=08-04 11:06
2026-08-04T11:15:00.000+01:00,DIAG-CLOSE;EURCHF;s=0;prev=5;c=6;firstObs=false;slotOn=true;inWindow=false;time_close=08-04 11:16
2026-08-04T11:15:00.000+01:00,DIAG-CLOSE;EURCHF;s=1;prev=4;c=5;firstObs=false;slotOn=true;inWindow=false;time_close=08-04 11:16
2026-08-04T11:15:00.000+01:00,DIAG-CLOSE;EURCHF;s=2;prev=2;c=3;firstObs=false;slotOn=true;inWindow=false;time_close=08-04 11:16
2026-08-04T11:52:00.000+01:00,DIAG-CLOSE;GBPUSD;s=3;prev=1;c=2;firstObs=false;slotOn=true;inWindow=false;time_close=08-04 11:53
2026-08-04T11:52:00.000+01:00,DIAG-CLOSE;GBPUSD;s=5;prev=0;c=1;firstObs=false;slotOn=true;inWindow=false;time_close=08-04 11:53
2026-08-04T11:54:00.000+01:00,DIAG-CLOSE;AUDUSD;s=2;prev=1;c=2;firstObs=false;slotOn=true;inWindow=false;time_close=08-04 11:55
2026-08-04T11:54:00.000+01:00,DIAG-CLOSE;AUDUSD;s=3;prev=1;c=2;firstObs=false;slotOn=true;inWindow=false;time_close=08-04 11:55
2026-08-04T11:54:00.000+01:00,DIAG-CLOSE;EURCAD;s=0;prev=2;c=3;firstObs=false;slotOn=true;inWindow=false;time_close=08-04 11:55
2026-08-04T11:54:00.000+01:00,DIAG-CLOSE;EURCAD;s=1;prev=3;c=4;firstObs=false;slotOn=true;inWindow=false;time_close=08-04 11:55
2026-08-04T12:08:00.000+01:00,DIAG-CLOSE;CADCHF;s=0;prev=4;c=5;firstObs=false;slotOn=true;inWindow=false;time_close=08-04 12:09
2026-08-04T12:08:00.000+01:00,DIAG-CLOSE;CADCHF;s=1;prev=3;c=4;firstObs=false;slotOn=true;inWindow=false;time_close=08-04 12:09
2026-08-04T12:15:00.000+01:00,DIAG-CLOSE;GBPUSD;s=0;prev=3;c=4;firstObs=false;slotOn=true;inWindow=false;time_close=08-04 12:16
2026-08-04T12:15:00.000+01:00,DIAG-CLOSE;GBPUSD;s=1;prev=4;c=5;firstObs=false;slotOn=true;inWindow=false;time_close=08-04 12:16
2026-08-04T12:15:00.000+01:00,DIAG-CLOSE;GBPUSD;s=2;prev=1;c=2;firstObs=false;slotOn=true;inWindow=false;time_close=08-04 12:16
2026-08-04T12:15:00.000+01:00,DIAG-CLOSE;GBPUSD;s=4;prev=1;c=2;firstObs=false;slotOn=true;inWindow=false;time_close=08-04 12:16
2026-08-04T12:15:00.000+01:00,DIAG-CLOSE;GBPUSD;s=6;prev=0;c=1;firstObs=false;slotOn=true;inWindow=false;time_close=08-04 12:16
2026-08-04T12:15:00.000+01:00,DIAG-CLOSE;GBPUSD;s=7;prev=0;c=1;firstObs=false;slotOn=true;inWindow=false;time_close=08-04 12:16
2026-08-04T12:16:00.000+01:00,DIAG-CLOSE;AUDUSD;s=7;prev=1;c=2;firstObs=false;slotOn=true;inWindow=false;time_close=08-04 12:17
2026-08-04T12:45:00.000+01:00,DIAG-CLOSE;EURJPY;s=0;prev=5;c=6;firstObs=false;slotOn=true;inWindow=false;time_close=08-04 12:46
2026-08-04T12:45:00.000+01:00,DIAG-CLOSE;EURJPY;s=1;prev=4;c=5;firstObs=false;slotOn=true;inWindow=false;time_close=08-04 12:46
2026-08-04T12:47:00.000+01:00,DIAG-CLOSE;CADJPY;s=0;prev=4;c=5;firstObs=false;slotOn=true;inWindow=false;time_close=08-04 12:48
2026-08-04T13:17:00.000+01:00,DIAG-CLOSE;GBPCHF;s=2;prev=1;c=2;firstObs=false;slotOn=true;inWindow=false;time_close=08-04 13:18
2026-08-04T13:17:00.000+01:00,DIAG-CLOSE;GBPCHF;s=3;prev=1;c=2;firstObs=false;slotOn=true;inWindow=false;time_close=08-04 13:18
2026-08-04T13:19:00.000+01:00,DIAG-CLOSE;USDCAD;s=0;prev=3;c=4;firstObs=false;slotOn=true;inWindow=false;time_close=08-04 13:20
2026-08-04T13:19:00.000+01:00,DIAG-CLOSE;USDCAD;s=1;prev=2;c=3;firstObs=false;slotOn=true;inWindow=false;time_close=08-04 13:20
2026-08-04T13:40:00.000+01:00,DIAG-CLOSE;GBPCHF;s=0;prev=1;c=2;firstObs=false;slotOn=true;inWindow=false;time_close=08-04 13:41
2026-08-04T13:40:00.000+01:00,DIAG-CLOSE;GBPCHF;s=1;prev=0;c=1;firstObs=false;slotOn=true;inWindow=false;time_close=08-04 13:41
2026-08-04T13:40:00.000+01:00,DIAG-CLOSE;GBPCHF;s=4;prev=1;c=2;firstObs=false;slotOn=true;inWindow=false;time_close=08-04 13:41
2026-08-04T13:40:00.000+01:00,DIAG-CLOSE;GBPCHF;s=5;prev=0;c=1;firstObs=false;slotOn=true;inWindow=false;time_close=08-04 13:41
2026-08-04T13:43:00.000+01:00,DIAG-CLOSE;EURGBP;s=0;prev=2;c=3;firstObs=false;slotOn=true;inWindow=false;time_close=08-04 13:44
2026-08-04T13:43:00.000+01:00,DIAG-CLOSE;EURGBP;s=1;prev=3;c=4;firstObs=false;slotOn=true;inWindow=false;time_close=08-04 13:44
2026-08-04T13:43:00.000+01:00,DIAG-CLOSE;EURGBP;s=4;prev=0;c=1;firstObs=false;slotOn=true;inWindow=false;time_close=08-04 13:44
2026-08-04T13:43:00.000+01:00,DIAG-CLOSE;EURGBP;s=6;prev=0;c=1;firstObs=false;slotOn=true;inWindow=false;time_close=08-04 13:44
2026-08-04T13:43:00.000+01:00,DIAG-CLOSE;AUDCAD;s=0;prev=3;c=4;firstObs=false;slotOn=true;inWindow=false;time_close=08-04 13:44
2026-08-04T13:43:00.000+01:00,DIAG-CLOSE;AUDCAD;s=4;prev=0;c=1;firstObs=false;slotOn=true;inWindow=false;time_close=08-04 13:44
2026-08-04T13:53:00.000+01:00,DIAG-CLOSE;GBPCAD;s=2;prev=1;c=2;firstObs=false;slotOn=true;inWindow=false;time_close=08-04 13:54
2026-08-04T13:53:00.000+01:00,DIAG-CLOSE;GBPCAD;s=3;prev=1;c=2;firstObs=false;slotOn=true;inWindow=false;time_close=08-04 13:54
2026-08-04T13:53:00.000+01:00,DIAG-CLOSE;CHFJPY;s=1;prev=2;c=3;firstObs=false;slotOn=true;inWindow=false;time_close=08-04 13:54
2026-08-04T13:57:00.000+01:00,DIAG-CLOSE;USDCAD;s=2;prev=2;c=3;firstObs=false;slotOn=true;inWindow=false;time_close=08-04 13:58
2026-08-04T13:57:00.000+01:00,DIAG-CLOSE;USDCAD;s=3;prev=2;c=3;firstObs=false;slotOn=true;inWindow=false;time_close=08-04 13:58
2026-08-04T14:09:00.000+01:00,DIAG-CLOSE;CHFJPY;s=4;prev=0;c=1;firstObs=false;slotOn=true;inWindow=false;time_close=08-04 14:10
2026-08-04T14:16:00.000+01:00,DIAG-CLOSE;CHFJPY;s=0;prev=2;c=3;firstObs=false;slotOn=true;inWindow=false;time_close=08-04 14:17
2026-08-04T14:16:00.000+01:00,DIAG-CLOSE;CHFJPY;s=2;prev=1;c=2;firstObs=false;slotOn=true;inWindow=false;time_close=08-04 14:17
2026-08-04T14:16:00.000+01:00,DIAG-CLOSE;CHFJPY;s=3;prev=1;c=2;firstObs=false;slotOn=true;inWindow=false;time_close=08-04 14:17
2026-08-04T14:16:00.000+01:00,DIAG-CLOSE;CHFJPY;s=5;prev=0;c=1;firstObs=false;slotOn=true;inWindow=false;time_close=08-04 14:17
2026-08-04T14:20:00.000+01:00,DIAG-CLOSE;CADJPY;s=0;prev=5;c=6;firstObs=false;slotOn=true;inWindow=false;time_close=08-04 14:21
2026-08-04T14:20:00.000+01:00,DIAG-CLOSE;CADJPY;s=1;prev=3;c=4;firstObs=false;slotOn=true;inWindow=false;time_close=08-04 14:21
2026-08-04T14:26:00.000+01:00,DIAG-CLOSE;USDJPY;s=0;prev=4;c=5;firstObs=false;slotOn=true;inWindow=false;time_close=08-04 14:27
2026-08-04T14:26:00.000+01:00,DIAG-CLOSE;USDJPY;s=1;prev=4;c=5;firstObs=false;slotOn=true;inWindow=false;time_close=08-04 14:27
2026-08-04T14:30:00.000+01:00,DIAG-CLOSE;EURCHF;s=0;prev=6;c=7;firstObs=false;slotOn=true;inWindow=false;time_close=08-04 14:31
2026-08-04T14:30:00.000+01:00,DIAG-CLOSE;EURCHF;s=1;prev=5;c=6;firstObs=false;slotOn=true;inWindow=false;time_close=08-04 14:31
2026-08-04T14:36:00.000+01:00,DIAG-CLOSE;AUDJPY;s=0;prev=3;c=4;firstObs=false;slotOn=true;inWindow=false;time_close=08-04 14:37
2026-08-04T14:39:00.000+01:00,DIAG-CLOSE;EURUSD;s=0;prev=6;c=7;firstObs=false;slotOn=true;inWindow=false;time_close=08-04 14:40
2026-08-04T14:39:00.000+01:00,DIAG-CLOSE;EURUSD;s=1;prev=6;c=7;firstObs=false;slotOn=true;inWindow=false;time_close=08-04 14:40
2026-08-04T14:41:00.000+01:00,DIAG-CLOSE;USDCAD;s=0;prev=4;c=5;firstObs=false;slotOn=true;inWindow=false;time_close=08-04 14:42
2026-08-04T14:41:00.000+01:00,DIAG-CLOSE;USDCAD;s=1;prev=3;c=4;firstObs=false;slotOn=true;inWindow=false;time_close=08-04 14:42
2026-08-04T14:41:00.000+01:00,DIAG-CLOSE;EURGBP;s=0;prev=3;c=4;firstObs=false;slotOn=true;inWindow=false;time_close=08-04 14:42
2026-08-04T14:41:00.000+01:00,DIAG-CLOSE;EURGBP;s=1;prev=4;c=5;firstObs=false;slotOn=true;inWindow=false;time_close=08-04 14:42
2026-08-04T14:53:00.000+01:00,DIAG-CLOSE;GBPJPY;s=1;prev=6;c=7;firstObs=false;slotOn=true;inWindow=false;time_close=08-04 14:54
2026-08-04T15:06:00.000+01:00,DIAG-CLOSE;AUDUSD;s=0;prev=1;c=2;firstObs=false;slotOn=true;inWindow=false;time_close=08-04 15:07
2026-08-04T15:06:00.000+01:00,DIAG-CLOSE;AUDUSD;s=1;prev=1;c=2;firstObs=false;slotOn=true;inWindow=false;time_close=08-04 15:07
2026-08-04T15:07:00.000+01:00,DIAG-CLOSE;AUDCHF;s=1;prev=1;c=2;firstObs=false;slotOn=true;inWindow=false;time_close=08-04 15:08
2026-08-04T15:26:00.000+01:00,DIAG-CLOSE;GBPJPY;s=4;prev=1;c=2;firstObs=false;slotOn=true;inWindow=false;time_close=08-04 15:27
2026-08-04T15:27:00.000+01:00,DIAG-CLOSE;CHFJPY;s=0;prev=3;c=4;firstObs=false;slotOn=true;inWindow=false;time_close=08-04 15:28
2026-08-04T15:27:00.000+01:00,DIAG-CLOSE;CHFJPY;s=1;prev=3;c=4;firstObs=false;slotOn=true;inWindow=false;time_close=08-04 15:28
2026-08-04T15:28:00.000+01:00,DIAG-CLOSE;GBPJPY;s=0;prev=5;c=6;firstObs=false;slotOn=true;inWindow=false;time_close=08-04 15:29
2026-08-04T15:28:00.000+01:00,DIAG-CLOSE;GBPJPY;s=2;prev=1;c=2;firstObs=false;slotOn=true;inWindow=false;time_close=08-04 15:29
2026-08-04T15:28:00.000+01:00,DIAG-CLOSE;GBPJPY;s=3;prev=2;c=3;firstObs=false;slotOn=true;inWindow=false;time_close=08-04 15:29
2026-08-04T15:50:00.000+01:00,DIAG-CLOSE;EURUSD;s=1;prev=7;c=8;firstObs=false;slotOn=true;inWindow=false;time_close=08-04 15:51
2026-08-04T15:56:00.000+01:00,DIAG-CLOSE;GBPCAD;s=1;prev=6;c=7;firstObs=false;slotOn=true;inWindow=false;time_close=08-04 15:57
2026-08-04T15:56:00.000+01:00,DIAG-CLOSE;CADCHF;s=0;prev=5;c=6;firstObs=false;slotOn=true;inWindow=false;time_close=08-04 15:57
2026-08-04T15:56:00.000+01:00,DIAG-CLOSE;CADCHF;s=1;prev=4;c=5;firstObs=false;slotOn=true;inWindow=false;time_close=08-04 15:57
2026-08-04T16:08:00.000+01:00,DIAG-CLOSE;GBPCHF;s=1;prev=1;c=2;firstObs=false;slotOn=true;inWindow=false;time_close=08-04 16:09
2026-08-04T16:08:00.000+01:00,DIAG-CLOSE;GBPCHF;s=2;prev=2;c=3;firstObs=false;slotOn=true;inWindow=false;time_close=08-04 16:09
2026-08-04T16:08:00.000+01:00,DIAG-CLOSE;GBPCHF;s=3;prev=2;c=3;firstObs=false;slotOn=true;inWindow=false;time_close=08-04 16:09
2026-08-04T16:08:00.000+01:00,DIAG-CLOSE;GBPCHF;s=5;prev=1;c=2;firstObs=false;slotOn=true;inWindow=false;time_close=08-04 16:09
2026-08-04T16:12:00.000+01:00,DIAG-CLOSE;GBPCHF;s=0;prev=2;c=3;firstObs=false;slotOn=true;inWindow=false;time_close=08-04 16:13
2026-08-04T16:13:00.000+01:00,DIAG-CLOSE;CHFJPY;s=2;prev=2;c=3;firstObs=false;slotOn=true;inWindow=false;time_close=08-04 16:14
2026-08-04T16:13:00.000+01:00,DIAG-CLOSE;CHFJPY;s=3;prev=2;c=3;firstObs=false;slotOn=true;inWindow=false;time_close=08-04 16:14
2026-08-04T16:13:00.000+01:00,DIAG-CLOSE;CHFJPY;s=4;prev=1;c=2;firstObs=false;slotOn=true;inWindow=false;time_close=08-04 16:14
2026-08-04T16:13:00.000+01:00,DIAG-CLOSE;CHFJPY;s=5;prev=1;c=2;firstObs=false;slotOn=true;inWindow=false;time_close=08-04 16:14
2026-08-04T16:13:00.000+01:00,DIAG-CLOSE;CHFJPY;s=6;prev=0;c=1;firstObs=false;slotOn=true;inWindow=false;time_close=08-04 16:14
2026-08-04T16:14:00.000+01:00,DIAG-CLOSE;USDJPY;s=0;prev=5;c=6;firstObs=false;slotOn=true;inWindow=false;time_close=08-04 16:15
2026-08-04T16:14:00.000+01:00,DIAG-CLOSE;USDJPY;s=1;prev=5;c=6;firstObs=false;slotOn=true;inWindow=false;time_close=08-04 16:15
2026-08-04T16:16:00.000+01:00,DIAG-CLOSE;GBPAUD;s=0;prev=3;c=4;firstObs=false;slotOn=true;inWindow=false;time_close=08-04 16:17
2026-08-04T16:16:00.000+01:00,DIAG-CLOSE;GBPAUD;s=1;prev=3;c=4;firstObs=false;slotOn=true;inWindow=false;time_close=08-04 16:17
2026-08-04T16:16:00.000+01:00,DIAG-CLOSE;GBPAUD;s=2;prev=1;c=2;firstObs=false;slotOn=true;inWindow=false;time_close=08-04 16:17
2026-08-04T16:16:00.000+01:00,DIAG-CLOSE;GBPAUD;s=3;prev=1;c=2;firstObs=false;slotOn=true;inWindow=false;time_close=08-04 16:17
2026-08-04T16:16:00.000+01:00,DIAG-CLOSE;GBPAUD;s=4;prev=1;c=2;firstObs=false;slotOn=true;inWindow=false;time_close=08-04 16:17
2026-08-04T16:16:00.000+01:00,DIAG-CLOSE;GBPAUD;s=5;prev=1;c=2;firstObs=false;slotOn=true;inWindow=false;time_close=08-04 16:17
2026-08-04T16:16:00.000+01:00,DIAG-CLOSE;GBPAUD;s=6;prev=0;c=1;firstObs=false;slotOn=true;inWindow=false;time_close=08-04 16:17
2026-08-04T16:16:00.000+01:00,DIAG-CLOSE;GBPAUD;s=7;prev=0;c=1;firstObs=false;slotOn=true;inWindow=false;time_close=08-04 16:17
2026-08-04T16:21:00.000+01:00,DIAG-CLOSE;USDCAD;s=0;prev=5;c=6;firstObs=false;slotOn=true;inWindow=false;time_close=08-04 16:22
2026-08-04T16:21:00.000+01:00,DIAG-CLOSE;USDCAD;s=1;prev=4;c=5;firstObs=false;slotOn=true;inWindow=false;time_close=08-04 16:22
2026-08-04T16:25:00.000+01:00,DIAG-CLOSE;CADCHF;s=0;prev=6;c=7;firstObs=false;slotOn=true;inWindow=false;time_close=08-04 16:26
2026-08-04T16:25:00.000+01:00,DIAG-CLOSE;CADCHF;s=1;prev=5;c=6;firstObs=false;slotOn=true;inWindow=false;time_close=08-04 16:26
2026-08-04T16:25:00.000+01:00,DIAG-CLOSE;CADCHF;s=2;prev=0;c=1;firstObs=false;slotOn=true;inWindow=false;time_close=08-04 16:26
2026-08-04T16:25:00.000+01:00,DIAG-CLOSE;CADCHF;s=3;prev=0;c=1;firstObs=false;slotOn=true;inWindow=false;time_close=08-04 16:26
2026-08-04T16:25:00.000+01:00,DIAG-CLOSE;CADCHF;s=5;prev=0;c=1;firstObs=false;slotOn=true;inWindow=false;time_close=08-04 16:26
2026-08-04T16:34:00.000+01:00,DIAG-CLOSE;USDJPY;s=6;prev=0;c=1;firstObs=false;slotOn=true;inWindow=false;time_close=08-04 16:35
2026-08-04T16:34:00.000+01:00,DIAG-CLOSE;USDJPY;s=7;prev=1;c=2;firstObs=false;slotOn=true;inWindow=false;time_close=08-04 16:35
2026-08-04T16:41:00.000+01:00,DIAG-CLOSE;EURCAD;s=0;prev=3;c=4;firstObs=false;slotOn=true;inWindow=false;time_close=08-04 16:42
2026-08-04T16:41:00.000+01:00,DIAG-CLOSE;CADCHF;s=7;prev=0;c=1;firstObs=false;slotOn=true;inWindow=false;time_close=08-04 16:42
2026-08-04T16:42:00.000+01:00,DIAG-CLOSE;GBPUSD;s=0;prev=4;c=5;firstObs=false;slotOn=true;inWindow=false;time_close=08-04 16:43
2026-08-04T16:42:00.000+01:00,DIAG-CLOSE;GBPUSD;s=1;prev=5;c=6;firstObs=false;slotOn=true;inWindow=false;time_close=08-04 16:43
2026-08-04T17:21:00.000+01:00,DIAG-CLOSE;AUDCHF;s=6;prev=1;c=2;firstObs=false;slotOn=true;inWindow=false;time_close=08-04 17:22
2026-08-04T17:21:00.000+01:00,DIAG-CLOSE;AUDCHF;s=7;prev=1;c=2;firstObs=false;slotOn=true;inWindow=false;time_close=08-04 17:22
2026-08-04T17:24:00.000+01:00,DIAG-CLOSE;AUDCHF;s=0;prev=2;c=3;firstObs=false;slotOn=true;inWindow=false;time_close=08-04 17:25
2026-08-04T17:24:00.000+01:00,DIAG-CLOSE;AUDCHF;s=1;prev=2;c=3;firstObs=false;slotOn=true;inWindow=false;time_close=08-04 17:25
2026-08-04T17:34:00.000+01:00,DIAG-CLOSE;AUDCAD;s=0;prev=4;c=5;firstObs=false;slotOn=true;inWindow=false;time_close=08-04 17:35
2026-08-04T17:34:00.000+01:00,DIAG-CLOSE;AUDCAD;s=1;prev=3;c=4;firstObs=false;slotOn=true;inWindow=false;time_close=08-04 17:35
2026-08-04T17:39:00.000+01:00,DIAG-CLOSE;USDCHF;s=4;prev=1;c=2;firstObs=false;slotOn=true;inWindow=false;time_close=08-04 17:40
2026-08-04T17:52:00.000+01:00,DIAG-CLOSE;USDJPY;s=0;prev=6;c=7;firstObs=false;slotOn=true;inWindow=false;time_close=08-04 17:53
2026-08-04T17:52:00.000+01:00,DIAG-CLOSE;USDJPY;s=1;prev=6;c=7;firstObs=false;slotOn=true;inWindow=false;time_close=08-04 17:53
2026-08-04T18:06:00.000+01:00,DIAG-CLOSE;EURAUD;s=0;prev=4;c=5;firstObs=false;slotOn=true;inWindow=false;time_close=08-04 18:07
2026-08-04T18:06:00.000+01:00,DIAG-CLOSE;EURAUD;s=1;prev=2;c=3;firstObs=false;slotOn=true;inWindow=false;time_close=08-04 18:07
2026-08-04T18:12:00.000+01:00,DIAG-CLOSE;GBPCAD;s=0;prev=6;c=7;firstObs=false;slotOn=true;inWindow=false;time_close=08-04 18:13
2026-08-04T18:12:00.000+01:00,DIAG-CLOSE;GBPCAD;s=1;prev=7;c=8;firstObs=false;slotOn=true;inWindow=false;time_close=08-04 18:13
2026-08-04T18:12:00.000+01:00,DIAG-CLOSE;CADJPY;s=0;prev=6;c=7;firstObs=false;slotOn=true;inWindow=false;time_close=08-04 18:13
2026-08-04T18:12:00.000+01:00,DIAG-CLOSE;CADJPY;s=1;prev=4;c=5;firstObs=false;slotOn=true;inWindow=false;time_close=08-04 18:13
2026-08-04T18:12:00.000+01:00,DIAG-CLOSE;AUDJPY;s=0;prev=4;c=5;firstObs=false;slotOn=true;inWindow=false;time_close=08-04 18:13
2026-08-04T18:12:00.000+01:00,DIAG-CLOSE;AUDJPY;s=1;prev=3;c=4;firstObs=false;slotOn=true;inWindow=false;time_close=08-04 18:13
2026-08-04T18:25:00.000+01:00,DIAG-CLOSE;AUDCHF;s=0;prev=3;c=4;firstObs=false;slotOn=true;inWindow=false;time_close=08-04 18:26
2026-08-04T18:25:00.000+01:00,DIAG-CLOSE;AUDCHF;s=1;prev=3;c=4;firstObs=false;slotOn=true;inWindow=false;time_close=08-04 18:26
2026-08-04T19:08:00.000+01:00,DIAG-CLOSE;USDJPY;s=0;prev=7;c=8;firstObs=false;slotOn=true;inWindow=false;time_close=08-04 19:09
2026-08-04T19:08:00.000+01:00,DIAG-CLOSE;USDJPY;s=1;prev=7;c=8;firstObs=false;slotOn=true;inWindow=false;time_close=08-04 19:09
2026-08-04T19:08:00.000+01:00,DIAG-CLOSE;USDJPY;s=2;prev=1;c=2;firstObs=false;slotOn=true;inWindow=false;time_close=08-04 19:09
2026-08-04T19:08:00.000+01:00,DIAG-CLOSE;USDJPY;s=3;prev=1;c=2;firstObs=false;slotOn=true;inWindow=false;time_close=08-04 19:09
2026-08-04T19:19:00.000+01:00,DIAG-CLOSE;USDCHF;s=0;prev=7;c=8;firstObs=false;slotOn=true;inWindow=false;time_close=08-04 19:20
2026-08-04T19:19:00.000+01:00,DIAG-CLOSE;USDCHF;s=1;prev=7;c=8;firstObs=false;slotOn=true;inWindow=false;time_close=08-04 19:20
2026-08-04T19:40:00.000+01:00,DIAG-CLOSE;GBPCHF;s=0;prev=3;c=4;firstObs=false;slotOn=true;inWindow=false;time_close=08-04 19:41
2026-08-04T19:40:00.000+01:00,DIAG-CLOSE;GBPCHF;s=1;prev=2;c=3;firstObs=false;slotOn=true;inWindow=false;time_close=08-04 19:41
2026-08-04T19:42:00.000+01:00,DIAG-CLOSE;GBPCAD;s=0;prev=7;c=8;firstObs=false;slotOn=true;inWindow=false;time_close=08-04 19:43
2026-08-04T19:42:00.000+01:00,DIAG-CLOSE;GBPCAD;s=1;prev=8;c=9;firstObs=false;slotOn=true;inWindow=false;time_close=08-04 19:43
2026-08-04T19:42:00.000+01:00,DIAG-CLOSE;AUDCHF;s=6;prev=2;c=3;firstObs=false;slotOn=true;inWindow=false;time_close=08-04 19:43
2026-08-04T19:42:00.000+01:00,DIAG-CLOSE;AUDCHF;s=7;prev=2;c=3;firstObs=false;slotOn=true;inWindow=false;time_close=08-04 19:43
2026-08-04T19:45:00.000+01:00,DIAG-CLOSE;CADJPY;s=0;prev=7;c=8;firstObs=false;slotOn=true;inWindow=false;time_close=08-04 19:46
2026-08-04T19:45:00.000+01:00,DIAG-CLOSE;CADJPY;s=1;prev=5;c=6;firstObs=false;slotOn=true;inWindow=false;time_close=08-04 19:46
2026-08-04T19:47:00.000+01:00,DIAG-CLOSE;GBPUSD;s=0;prev=5;c=6;firstObs=false;slotOn=true;inWindow=false;time_close=08-04 19:48
2026-08-04T19:47:00.000+01:00,DIAG-CLOSE;GBPUSD;s=1;prev=6;c=7;firstObs=false;slotOn=true;inWindow=false;time_close=08-04 19:48
2026-08-04T19:47:00.000+01:00,DIAG-CLOSE;GBPUSD;s=2;prev=2;c=3;firstObs=false;slotOn=true;inWindow=false;time_close=08-04 19:48
2026-08-04T19:47:00.000+01:00,DIAG-CLOSE;GBPUSD;s=3;prev=2;c=3;firstObs=false;slotOn=true;inWindow=false;time_close=08-04 19:48
2026-08-04T19:48:00.000+01:00,DIAG-CLOSE;EURJPY;s=0;prev=6;c=7;firstObs=false;slotOn=true;inWindow=false;time_close=08-04 19:49
2026-08-04T19:48:00.000+01:00,DIAG-CLOSE;EURJPY;s=1;prev=5;c=6;firstObs=false;slotOn=true;inWindow=false;time_close=08-04 19:49
2026-08-04T19:51:00.000+01:00,DIAG-CLOSE;GBPJPY;s=2;prev=2;c=3;firstObs=false;slotOn=true;inWindow=false;time_close=08-04 19:52
2026-08-04T19:51:00.000+01:00,DIAG-CLOSE;GBPJPY;s=3;prev=3;c=4;firstObs=false;slotOn=true;inWindow=false;time_close=08-04 19:52
2026-08-04T19:51:00.000+01:00,DIAG-CLOSE;AUDJPY;s=0;prev=5;c=6;firstObs=false;slotOn=true;inWindow=false;time_close=08-04 19:52
2026-08-04T19:51:00.000+01:00,DIAG-CLOSE;AUDJPY;s=1;prev=4;c=5;firstObs=false;slotOn=true;inWindow=false;time_close=08-04 19:52
2026-08-04T19:55:00.000+01:00,DIAG-CLOSE;EURUSD;s=0;prev=7;c=8;firstObs=false;slotOn=true;inWindow=false;time_close=08-04 19:56
2026-08-04T19:55:00.000+01:00,DIAG-CLOSE;EURUSD;s=1;prev=8;c=9;firstObs=false;slotOn=true;inWindow=false;time_close=08-04 19:56
2026-08-04T19:55:00.000+01:00,DIAG-CLOSE;EURUSD;s=2;prev=2;c=3;firstObs=false;slotOn=true;inWindow=false;time_close=08-04 19:56
2026-08-04T19:55:00.000+01:00,DIAG-CLOSE;EURUSD;s=3;prev=1;c=2;firstObs=false;slotOn=true;inWindow=false;time_close=08-04 19:56
2026-08-04T19:55:00.000+01:00,DIAG-CLOSE;EURUSD;s=4;prev=2;c=3;firstObs=false;slotOn=true;inWindow=false;time_close=08-04 19:56
2026-08-04T19:58:00.000+01:00,DIAG-CLOSE;GBPAUD;s=0;prev=4;c=5;firstObs=false;slotOn=true;inWindow=false;time_close=08-04 19:59
2026-08-04T19:58:00.000+01:00,DIAG-CLOSE;GBPAUD;s=1;prev=4;c=5;firstObs=false;slotOn=true;inWindow=false;time_close=08-04 19:59
2026-08-05T08:00:00.000+01:00,DIAG-CLOSE;CADCHF;s=0;prev=7;c=8;firstObs=false;slotOn=true;inWindow=false;time_close=08-05 08:01
2026-08-05T08:00:00.000+01:00,DIAG-CLOSE;CADCHF;s=1;prev=6;c=7;firstObs=false;slotOn=true;inWindow=false;time_close=08-05 08:01
2026-08-05T08:00:00.000+01:00,DIAG-CLOSE;CADCHF;s=2;prev=1;c=2;firstObs=false;slotOn=true;inWindow=false;time_close=08-05 08:01
2026-08-05T08:00:00.000+01:00,DIAG-CLOSE;CADCHF;s=3;prev=1;c=2;firstObs=false;slotOn=true;inWindow=false;time_close=08-05 08:01
2026-08-05T08:00:00.000+01:00,DIAG-CLOSE;CADCHF;s=4;prev=0;c=1;firstObs=false;slotOn=true;inWindow=false;time_close=08-05 08:01
2026-08-05T08:00:00.000+01:00,DIAG-CLOSE;CADCHF;s=5;prev=1;c=2;firstObs=false;slotOn=true;inWindow=false;time_close=08-05 08:01
2026-08-05T08:17:00.000+01:00,DIAG-CLOSE;GBPCAD;s=0;prev=8;c=9;firstObs=false;slotOn=true;inWindow=false;time_close=08-05 08:18
2026-08-05T08:17:00.000+01:00,DIAG-CLOSE;GBPCAD;s=1;prev=9;c=10;firstObs=false;slotOn=true;inWindow=false;time_close=08-05 08:18
2026-08-05T08:23:00.000+01:00,DIAG-CLOSE;CHFJPY;s=0;prev=4;c=5;firstObs=false;slotOn=true;inWindow=false;time_close=08-05 08:24
2026-08-05T08:23:00.000+01:00,DIAG-CLOSE;CHFJPY;s=1;prev=4;c=5;firstObs=false;slotOn=true;inWindow=false;time_close=08-05 08:24
2026-08-05T08:45:00.000+01:00,DIAG-CLOSE;AUDCHF;s=0;prev=4;c=5;firstObs=false;slotOn=true;inWindow=false;time_close=08-05 08:46
2026-08-05T08:45:00.000+01:00,DIAG-CLOSE;AUDCHF;s=1;prev=4;c=5;firstObs=false;slotOn=true;inWindow=false;time_close=08-05 08:46
2026-08-05T09:13:00.000+01:00,DIAG-CLOSE;GBPUSD;s=0;prev=6;c=7;firstObs=false;slotOn=true;inWindow=false;time_close=08-05 09:14
2026-08-05T09:13:00.000+01:00,DIAG-CLOSE;GBPUSD;s=1;prev=7;c=8;firstObs=false;slotOn=true;inWindow=false;time_close=08-05 09:14
2026-08-05T09:13:00.000+01:00,DIAG-CLOSE;GBPCAD;s=6;prev=0;c=1;firstObs=false;slotOn=true;inWindow=false;time_close=08-05 09:14
2026-08-05T09:23:00.000+01:00,DIAG-CLOSE;CHFJPY;s=1;prev=5;c=6;firstObs=false;slotOn=true;inWindow=false;time_close=08-05 09:24
2026-08-05T09:26:00.000+01:00,DIAG-CLOSE;GBPCAD;s=2;prev=2;c=3;firstObs=false;slotOn=true;inWindow=false;time_close=08-05 09:27
2026-08-05T09:26:00.000+01:00,DIAG-CLOSE;GBPCAD;s=3;prev=2;c=3;firstObs=false;slotOn=true;inWindow=false;time_close=08-05 09:27
2026-08-05T09:26:00.000+01:00,DIAG-CLOSE;GBPCAD;s=5;prev=0;c=1;firstObs=false;slotOn=true;inWindow=false;time_close=08-05 09:27
2026-08-05T09:36:00.000+01:00,DIAG-CLOSE;AUDJPY;s=0;prev=6;c=7;firstObs=false;slotOn=true;inWindow=false;time_close=08-05 09:37
2026-08-05T09:48:00.000+01:00,DIAG-CLOSE;GBPUSD;s=4;prev=2;c=3;firstObs=false;slotOn=true;inWindow=false;time_close=08-05 09:49
2026-08-05T09:50:00.000+01:00,DIAG-CLOSE;AUDUSD;s=0;prev=2;c=3;firstObs=false;slotOn=true;inWindow=false;time_close=08-05 09:51
2026-08-05T09:50:00.000+01:00,DIAG-CLOSE;AUDUSD;s=1;prev=2;c=3;firstObs=false;slotOn=true;inWindow=false;time_close=08-05 09:51
2026-08-05T09:54:00.000+01:00,DIAG-CLOSE;AUDCAD;s=0;prev=5;c=6;firstObs=false;slotOn=true;inWindow=false;time_close=08-05 09:55
2026-08-05T09:54:00.000+01:00,DIAG-CLOSE;AUDCAD;s=1;prev=4;c=5;firstObs=false;slotOn=true;inWindow=false;time_close=08-05 09:55
2026-08-05T10:21:00.000+01:00,DIAG-CLOSE;AUDCHF;s=0;prev=5;c=6;firstObs=false;slotOn=true;inWindow=false;time_close=08-05 10:22
2026-08-05T10:26:00.000+01:00,DIAG-CLOSE;USDJPY;s=0;prev=8;c=9;firstObs=false;slotOn=true;inWindow=false;time_close=08-05 10:27
2026-08-05T10:26:00.000+01:00,DIAG-CLOSE;USDJPY;s=1;prev=8;c=9;firstObs=false;slotOn=true;inWindow=false;time_close=08-05 10:27
2026-08-05T10:32:00.000+01:00,DIAG-CLOSE;EURGBP;s=0;prev=4;c=5;firstObs=false;slotOn=true;inWindow=false;time_close=08-05 10:33
2026-08-05T10:32:00.000+01:00,DIAG-CLOSE;EURGBP;s=1;prev=5;c=6;firstObs=false;slotOn=true;inWindow=false;time_close=08-05 10:33
2026-08-05T10:32:00.000+01:00,DIAG-CLOSE;EURGBP;s=3;prev=2;c=3;firstObs=false;slotOn=true;inWindow=false;time_close=08-05 10:33
2026-08-05T10:32:00.000+01:00,DIAG-CLOSE;EURGBP;s=5;prev=0;c=1;firstObs=false;slotOn=true;inWindow=false;time_close=08-05 10:33
2026-08-05T10:38:00.000+01:00,DIAG-CLOSE;EURUSD;s=0;prev=8;c=9;firstObs=false;slotOn=true;inWindow=false;time_close=08-05 10:39
2026-08-05T10:38:00.000+01:00,DIAG-CLOSE;EURUSD;s=1;prev=9;c=10;firstObs=false;slotOn=true;inWindow=false;time_close=08-05 10:39
2026-08-05T10:41:00.000+01:00,DIAG-CLOSE;GBPUSD;s=0;prev=7;c=8;firstObs=false;slotOn=true;inWindow=false;time_close=08-05 10:42
2026-08-05T10:41:00.000+01:00,DIAG-CLOSE;GBPUSD;s=1;prev=8;c=9;firstObs=false;slotOn=true;inWindow=false;time_close=08-05 10:42
2026-08-05T10:51:00.000+01:00,DIAG-CLOSE;USDCAD;s=0;prev=6;c=7;firstObs=false;slotOn=true;inWindow=false;time_close=08-05 10:52
2026-08-05T10:51:00.000+01:00,DIAG-CLOSE;USDCAD;s=1;prev=5;c=6;firstObs=false;slotOn=true;inWindow=false;time_close=08-05 10:52
2026-08-05T10:51:00.000+01:00,DIAG-CLOSE;EURAUD;s=0;prev=5;c=6;firstObs=false;slotOn=true;inWindow=false;time_close=08-05 10:52
2026-08-05T10:51:00.000+01:00,DIAG-CLOSE;EURAUD;s=1;prev=3;c=4;firstObs=false;slotOn=true;inWindow=false;time_close=08-05 10:52
2026-08-05T11:02:00.000+01:00,DIAG-CLOSE;EURGBP;s=2;prev=3;c=4;firstObs=false;slotOn=true;inWindow=false;time_close=08-05 11:03
2026-08-05T11:02:00.000+01:00,DIAG-CLOSE;GBPAUD;s=0;prev=5;c=6;firstObs=false;slotOn=true;inWindow=false;time_close=08-05 11:03
2026-08-05T11:02:00.000+01:00,DIAG-CLOSE;GBPAUD;s=1;prev=5;c=6;firstObs=false;slotOn=true;inWindow=false;time_close=08-05 11:03
2026-08-05T11:02:00.000+01:00,DIAG-CLOSE;GBPAUD;s=6;prev=1;c=2;firstObs=false;slotOn=true;inWindow=false;time_close=08-05 11:03
2026-08-05T11:19:00.000+01:00,DIAG-CLOSE;AUDCAD;s=0;prev=6;c=7;firstObs=false;slotOn=true;inWindow=false;time_close=08-05 11:20
2026-08-05T11:19:00.000+01:00,DIAG-CLOSE;AUDCAD;s=1;prev=5;c=6;firstObs=false;slotOn=true;inWindow=false;time_close=08-05 11:20
2026-08-05T11:28:00.000+01:00,DIAG-CLOSE;CHFJPY;s=0;prev=5;c=6;firstObs=false;slotOn=true;inWindow=false;time_close=08-05 11:29
2026-08-05T11:28:00.000+01:00,DIAG-CLOSE;CHFJPY;s=1;prev=6;c=7;firstObs=false;slotOn=true;inWindow=false;time_close=08-05 11:29
2026-08-05T11:28:00.000+01:00,DIAG-CLOSE;CHFJPY;s=2;prev=3;c=4;firstObs=false;slotOn=true;inWindow=false;time_close=08-05 11:29
2026-08-05T11:28:00.000+01:00,DIAG-CLOSE;CHFJPY;s=3;prev=3;c=4;firstObs=false;slotOn=true;inWindow=false;time_close=08-05 11:29
2026-08-05T11:28:00.000+01:00,DIAG-CLOSE;CHFJPY;s=4;prev=2;c=3;firstObs=false;slotOn=true;inWindow=false;time_close=08-05 11:29
2026-08-05T11:28:00.000+01:00,DIAG-CLOSE;CHFJPY;s=5;prev=2;c=3;firstObs=false;slotOn=true;inWindow=false;time_close=08-05 11:29
2026-08-05T11:31:00.000+01:00,DIAG-CLOSE;USDCHF;s=0;prev=8;c=9;firstObs=false;slotOn=true;inWindow=false;time_close=08-05 11:32
2026-08-05T11:31:00.000+01:00,DIAG-CLOSE;USDCHF;s=1;prev=8;c=9;firstObs=false;slotOn=true;inWindow=false;time_close=08-05 11:32
2026-08-05T11:31:00.000+01:00,DIAG-CLOSE;GBPCHF;s=6;prev=0;c=1;firstObs=false;slotOn=true;inWindow=false;time_close=08-05 11:32
2026-08-05T11:31:00.000+01:00,DIAG-CLOSE;GBPCHF;s=7;prev=1;c=2;firstObs=false;slotOn=true;inWindow=false;time_close=08-05 11:32
2026-08-05T11:50:00.000+01:00,DIAG-CLOSE;USDCAD;s=0;prev=7;c=8;firstObs=false;slotOn=true;inWindow=false;time_close=08-05 11:51
2026-08-05T11:50:00.000+01:00,DIAG-CLOSE;USDCAD;s=1;prev=6;c=7;firstObs=false;slotOn=true;inWindow=false;time_close=08-05 11:51
2026-08-05T12:14:00.000+01:00,DIAG-CLOSE;EURCHF;s=0;prev=7;c=8;firstObs=false;slotOn=true;inWindow=false;time_close=08-05 12:15
2026-08-05T12:14:00.000+01:00,DIAG-CLOSE;EURCHF;s=1;prev=6;c=7;firstObs=false;slotOn=true;inWindow=false;time_close=08-05 12:15
2026-08-05T12:21:00.000+01:00,DIAG-CLOSE;EURJPY;s=0;prev=7;c=8;firstObs=false;slotOn=true;inWindow=false;time_close=08-05 12:22
2026-08-05T12:21:00.000+01:00,DIAG-CLOSE;EURJPY;s=1;prev=6;c=7;firstObs=false;slotOn=true;inWindow=false;time_close=08-05 12:22
2026-08-05T12:21:00.000+01:00,DIAG-CLOSE;EURJPY;s=2;prev=3;c=4;firstObs=false;slotOn=true;inWindow=false;time_close=08-05 12:22
2026-08-05T12:21:00.000+01:00,DIAG-CLOSE;EURJPY;s=3;prev=2;c=3;firstObs=false;slotOn=true;inWindow=false;time_close=08-05 12:22
2026-08-05T12:21:00.000+01:00,DIAG-CLOSE;EURJPY;s=4;prev=2;c=3;firstObs=false;slotOn=true;inWindow=false;time_close=08-05 12:22
2026-08-05T12:49:00.000+01:00,DIAG-CLOSE;GBPUSD;s=0;prev=8;c=9;firstObs=false;slotOn=true;inWindow=false;time_close=08-05 12:50
2026-08-05T12:49:00.000+01:00,DIAG-CLOSE;GBPUSD;s=1;prev=9;c=10;firstObs=false;slotOn=true;inWindow=false;time_close=08-05 12:50
2026-08-05T12:49:00.000+01:00,DIAG-CLOSE;EURCAD;s=0;prev=4;c=5;firstObs=false;slotOn=true;inWindow=false;time_close=08-05 12:50
2026-08-05T12:49:00.000+01:00,DIAG-CLOSE;EURCAD;s=1;prev=4;c=5;firstObs=false;slotOn=true;inWindow=false;time_close=08-05 12:50
2026-08-05T13:03:00.000+01:00,DIAG-CLOSE;EURUSD;s=3;prev=2;c=3;firstObs=false;slotOn=true;inWindow=false;time_close=08-05 13:04
2026-08-05T13:11:00.000+01:00,DIAG-CLOSE;EURAUD;s=0;prev=6;c=7;firstObs=false;slotOn=true;inWindow=false;time_close=08-05 13:12
2026-08-05T13:11:00.000+01:00,DIAG-CLOSE;EURAUD;s=1;prev=4;c=5;firstObs=false;slotOn=true;inWindow=false;time_close=08-05 13:12
2026-08-05T13:11:00.000+01:00,DIAG-CLOSE;EURAUD;s=2;prev=0;c=1;firstObs=false;slotOn=true;inWindow=false;time_close=08-05 13:12
2026-08-05T13:11:00.000+01:00,DIAG-CLOSE;EURAUD;s=3;prev=0;c=1;firstObs=false;slotOn=true;inWindow=false;time_close=08-05 13:12
2026-08-05T13:11:00.000+01:00,DIAG-CLOSE;EURAUD;s=4;prev=1;c=2;firstObs=false;slotOn=true;inWindow=false;time_close=08-05 13:12
2026-08-05T13:11:00.000+01:00,DIAG-CLOSE;EURAUD;s=5;prev=0;c=1;firstObs=false;slotOn=true;inWindow=false;time_close=08-05 13:12
2026-08-05T13:16:00.000+01:00,DIAG-CLOSE;USDCHF;s=0;prev=9;c=10;firstObs=false;slotOn=true;inWindow=false;time_close=08-05 13:17
2026-08-05T13:16:00.000+01:00,DIAG-CLOSE;USDCHF;s=1;prev=9;c=10;firstObs=false;slotOn=true;inWindow=false;time_close=08-05 13:17
2026-08-05T13:23:00.000+01:00,DIAG-CLOSE;EURJPY;s=6;prev=2;c=3;firstObs=false;slotOn=true;inWindow=false;time_close=08-05 13:24
2026-08-05T13:23:00.000+01:00,DIAG-CLOSE;EURJPY;s=7;prev=1;c=2;firstObs=false;slotOn=true;inWindow=false;time_close=08-05 13:24
2026-08-05T13:23:00.000+01:00,DIAG-CLOSE;CADJPY;s=0;prev=8;c=9;firstObs=false;slotOn=true;inWindow=false;time_close=08-05 13:24
2026-08-05T13:23:00.000+01:00,DIAG-CLOSE;CADJPY;s=1;prev=6;c=7;firstObs=false;slotOn=true;inWindow=false;time_close=08-05 13:24
2026-08-05T13:23:00.000+01:00,DIAG-CLOSE;CADJPY;s=4;prev=2;c=3;firstObs=false;slotOn=true;inWindow=false;time_close=08-05 13:24
2026-08-05T13:24:00.000+01:00,DIAG-CLOSE;GBPUSD;s=2;prev=3;c=4;firstObs=false;slotOn=true;inWindow=false;time_close=08-05 13:25
2026-08-05T13:24:00.000+01:00,DIAG-CLOSE;GBPUSD;s=3;prev=3;c=4;firstObs=false;slotOn=true;inWindow=false;time_close=08-05 13:25
2026-08-05T13:49:00.000+01:00,DIAG-CLOSE;USDCHF;s=0;prev=10;c=11;firstObs=false;slotOn=true;inWindow=false;time_close=08-05 13:50
2026-08-05T13:49:00.000+01:00,DIAG-CLOSE;USDCHF;s=1;prev=10;c=11;firstObs=false;slotOn=true;inWindow=false;time_close=08-05 13:50
2026-08-05T13:49:00.000+01:00,DIAG-CLOSE;USDCHF;s=4;prev=2;c=3;firstObs=false;slotOn=true;inWindow=false;time_close=08-05 13:50
2026-08-05T13:51:00.000+01:00,DIAG-CLOSE;USDJPY;s=0;prev=9;c=10;firstObs=false;slotOn=true;inWindow=false;time_close=08-05 13:52
2026-08-05T13:51:00.000+01:00,DIAG-CLOSE;USDJPY;s=1;prev=9;c=10;firstObs=false;slotOn=true;inWindow=false;time_close=08-05 13:52
2026-08-05T13:51:00.000+01:00,DIAG-CLOSE;USDJPY;s=2;prev=2;c=3;firstObs=false;slotOn=true;inWindow=false;time_close=08-05 13:52
2026-08-05T13:51:00.000+01:00,DIAG-CLOSE;USDJPY;s=4;prev=0;c=1;firstObs=false;slotOn=true;inWindow=false;time_close=08-05 13:52
2026-08-05T13:55:00.000+01:00,DIAG-CLOSE;USDCHF;s=6;prev=1;c=2;firstObs=false;slotOn=true;inWindow=false;time_close=08-05 13:56
2026-08-05T14:01:00.000+01:00,DIAG-CLOSE;AUDUSD;s=0;prev=3;c=4;firstObs=false;slotOn=true;inWindow=false;time_close=08-05 14:02
2026-08-05T14:01:00.000+01:00,DIAG-CLOSE;AUDUSD;s=1;prev=3;c=4;firstObs=false;slotOn=true;inWindow=false;time_close=08-05 14:02
2026-08-05T14:01:00.000+01:00,DIAG-CLOSE;AUDUSD;s=2;prev=2;c=3;firstObs=false;slotOn=true;inWindow=false;time_close=08-05 14:02
2026-08-05T14:01:00.000+01:00,DIAG-CLOSE;AUDUSD;s=3;prev=2;c=3;firstObs=false;slotOn=true;inWindow=false;time_close=08-05 14:02
2026-08-05T14:01:00.000+01:00,DIAG-CLOSE;AUDUSD;s=4;prev=1;c=2;firstObs=false;slotOn=true;inWindow=false;time_close=08-05 14:02
2026-08-05T14:01:00.000+01:00,DIAG-CLOSE;AUDUSD;s=5;prev=0;c=1;firstObs=false;slotOn=true;inWindow=false;time_close=08-05 14:02
2026-08-05T14:07:00.000+01:00,DIAG-CLOSE;USDJPY;s=0;prev=10;c=11;firstObs=false;slotOn=true;inWindow=false;time_close=08-05 14:08
2026-08-05T14:07:00.000+01:00,DIAG-CLOSE;USDJPY;s=6;prev=1;c=2;firstObs=false;slotOn=true;inWindow=false;time_close=08-05 14:08
2026-08-05T14:07:00.000+01:00,DIAG-CLOSE;CADCHF;s=0;prev=8;c=9;firstObs=false;slotOn=true;inWindow=false;time_close=08-05 14:08
2026-08-05T14:07:00.000+01:00,DIAG-CLOSE;CADCHF;s=1;prev=7;c=8;firstObs=false;slotOn=true;inWindow=false;time_close=08-05 14:08
2026-08-05T14:07:00.000+01:00,DIAG-CLOSE;CADCHF;s=2;prev=2;c=3;firstObs=false;slotOn=true;inWindow=false;time_close=08-05 14:08
2026-08-05T14:07:00.000+01:00,DIAG-CLOSE;CADCHF;s=3;prev=2;c=3;firstObs=false;slotOn=true;inWindow=false;time_close=08-05 14:08
2026-08-05T14:12:00.000+01:00,DIAG-CLOSE;USDJPY;s=1;prev=10;c=11;firstObs=false;slotOn=true;inWindow=false;time_close=08-05 14:13
2026-08-05T14:12:00.000+01:00,DIAG-CLOSE;USDJPY;s=2;prev=3;c=4;firstObs=false;slotOn=true;inWindow=false;time_close=08-05 14:13
2026-08-05T14:12:00.000+01:00,DIAG-CLOSE;USDJPY;s=3;prev=2;c=3;firstObs=false;slotOn=true;inWindow=false;time_close=08-05 14:13
2026-08-05T14:12:00.000+01:00,DIAG-CLOSE;USDJPY;s=5;prev=1;c=2;firstObs=false;slotOn=true;inWindow=false;time_close=08-05 14:13
2026-08-05T14:20:00.000+01:00,DIAG-CLOSE;GBPUSD;s=0;prev=9;c=10;firstObs=false;slotOn=true;inWindow=false;time_close=08-05 14:21
2026-08-05T14:20:00.000+01:00,DIAG-CLOSE;GBPUSD;s=1;prev=10;c=11;firstObs=false;slotOn=true;inWindow=false;time_close=08-05 14:21
2026-08-05T14:23:00.000+01:00,DIAG-CLOSE;EURGBP;s=0;prev=5;c=6;firstObs=false;slotOn=true;inWindow=false;time_close=08-05 14:24
2026-08-05T14:23:00.000+01:00,DIAG-CLOSE;EURGBP;s=1;prev=6;c=7;firstObs=false;slotOn=true;inWindow=false;time_close=08-05 14:24
2026-08-05T14:41:00.000+01:00,DIAG-CLOSE;GBPJPY;s=0;prev=6;c=7;firstObs=false;slotOn=true;inWindow=false;time_close=08-05 14:42
2026-08-05T14:41:00.000+01:00,DIAG-CLOSE;GBPJPY;s=1;prev=7;c=8;firstObs=false;slotOn=true;inWindow=false;time_close=08-05 14:42
2026-08-05T14:41:00.000+01:00,DIAG-CLOSE;GBPJPY;s=2;prev=3;c=4;firstObs=false;slotOn=true;inWindow=false;time_close=08-05 14:42
2026-08-05T14:41:00.000+01:00,DIAG-CLOSE;GBPJPY;s=3;prev=4;c=5;firstObs=false;slotOn=true;inWindow=false;time_close=08-05 14:42
2026-08-05T14:41:00.000+01:00,DIAG-CLOSE;GBPJPY;s=5;prev=1;c=2;firstObs=false;slotOn=true;inWindow=false;time_close=08-05 14:42
2026-08-05T14:52:00.000+01:00,DIAG-CLOSE;AUDJPY;s=0;prev=7;c=8;firstObs=false;slotOn=true;inWindow=false;time_close=08-05 14:53
2026-08-05T14:52:00.000+01:00,DIAG-CLOSE;AUDJPY;s=1;prev=5;c=6;firstObs=false;slotOn=true;inWindow=false;time_close=08-05 14:53
2026-08-05T14:58:00.000+01:00,DIAG-CLOSE;AUDUSD;s=6;prev=1;c=2;firstObs=false;slotOn=true;inWindow=false;time_close=08-05 14:59
2026-08-05T14:58:00.000+01:00,DIAG-CLOSE;AUDUSD;s=7;prev=2;c=3;firstObs=false;slotOn=true;inWindow=false;time_close=08-05 14:59
2026-08-05T15:09:00.000+01:00,DIAG-CLOSE;USDCHF;s=1;prev=11;c=12;firstObs=false;slotOn=true;inWindow=false;time_close=08-05 15:10
2026-08-05T15:10:00.000+01:00,DIAG-CLOSE;GBPUSD;s=1;prev=11;c=12;firstObs=false;slotOn=true;inWindow=false;time_close=08-05 15:11
2026-08-05T15:15:00.000+01:00,DIAG-CLOSE;CADCHF;s=0;prev=9;c=10;firstObs=false;slotOn=true;inWindow=false;time_close=08-05 15:16
2026-08-05T15:18:00.000+01:00,DIAG-CLOSE;EURAUD;s=2;prev=1;c=2;firstObs=false;slotOn=true;inWindow=false;time_close=08-05 15:19
2026-08-05T15:29:00.000+01:00,DIAG-CLOSE;EURGBP;s=2;prev=4;c=5;firstObs=false;slotOn=true;inWindow=false;time_close=08-05 15:30
2026-08-05T15:29:00.000+01:00,DIAG-CLOSE;EURGBP;s=3;prev=3;c=4;firstObs=false;slotOn=true;inWindow=false;time_close=08-05 15:30
2026-08-05T15:33:00.000+01:00,DIAG-CLOSE;EURAUD;s=0;prev=7;c=8;firstObs=false;slotOn=true;inWindow=false;time_close=08-05 15:34
2026-08-05T15:33:00.000+01:00,DIAG-CLOSE;EURAUD;s=1;prev=5;c=6;firstObs=false;slotOn=true;inWindow=false;time_close=08-05 15:34
2026-08-05T15:33:00.000+01:00,DIAG-CLOSE;EURAUD;s=3;prev=1;c=2;firstObs=false;slotOn=true;inWindow=false;time_close=08-05 15:34
2026-08-05T15:33:00.000+01:00,DIAG-CLOSE;EURAUD;s=4;prev=2;c=3;firstObs=false;slotOn=true;inWindow=false;time_close=08-05 15:34
2026-08-05T15:33:00.000+01:00,DIAG-CLOSE;EURAUD;s=5;prev=1;c=2;firstObs=false;slotOn=true;inWindow=false;time_close=08-05 15:34
2026-08-05T15:39:00.000+01:00,DIAG-CLOSE;CADCHF;s=1;prev=8;c=9;firstObs=false;slotOn=true;inWindow=false;time_close=08-05 15:40
2026-08-05T15:39:00.000+01:00,DIAG-CLOSE;CADCHF;s=2;prev=3;c=4;firstObs=false;slotOn=true;inWindow=false;time_close=08-05 15:40
2026-08-05T15:39:00.000+01:00,DIAG-CLOSE;CADCHF;s=3;prev=3;c=4;firstObs=false;slotOn=true;inWindow=false;time_close=08-05 15:40
2026-08-05T15:39:00.000+01:00,DIAG-CLOSE;CADCHF;s=5;prev=2;c=3;firstObs=false;slotOn=true;inWindow=false;time_close=08-05 15:40
2026-08-05T15:49:00.000+01:00,DIAG-CLOSE;AUDJPY;s=2;prev=2;c=3;firstObs=false;slotOn=true;inWindow=false;time_close=08-05 15:50
2026-08-05T15:49:00.000+01:00,DIAG-CLOSE;AUDJPY;s=3;prev=2;c=3;firstObs=false;slotOn=true;inWindow=false;time_close=08-05 15:50
2026-08-05T15:49:00.000+01:00,DIAG-CLOSE;AUDJPY;s=5;prev=1;c=2;firstObs=false;slotOn=true;inWindow=false;time_close=08-05 15:50
2026-08-05T15:59:00.000+01:00,DIAG-CLOSE;GBPAUD;s=0;prev=6;c=7;firstObs=false;slotOn=true;inWindow=false;time_close=08-05 16:00
2026-08-05T15:59:00.000+01:00,DIAG-CLOSE;GBPAUD;s=1;prev=6;c=7;firstObs=false;slotOn=true;inWindow=false;time_close=08-05 16:00
2026-08-05T15:59:00.000+01:00,DIAG-CLOSE;GBPAUD;s=2;prev=2;c=3;firstObs=false;slotOn=true;inWindow=false;time_close=08-05 16:00
2026-08-05T15:59:00.000+01:00,DIAG-CLOSE;GBPAUD;s=3;prev=2;c=3;firstObs=false;slotOn=true;inWindow=false;time_close=08-05 16:00
2026-08-05T15:59:00.000+01:00,DIAG-CLOSE;GBPAUD;s=4;prev=2;c=3;firstObs=false;slotOn=true;inWindow=false;time_close=08-05 16:00
2026-08-05T15:59:00.000+01:00,DIAG-CLOSE;GBPAUD;s=5;prev=2;c=3;firstObs=false;slotOn=true;inWindow=false;time_close=08-05 16:00
2026-08-05T15:59:00.000+01:00,DIAG-CLOSE;GBPAUD;s=6;prev=2;c=3;firstObs=false;slotOn=true;inWindow=false;time_close=08-05 16:00
2026-08-05T15:59:00.000+01:00,DIAG-CLOSE;GBPAUD;s=7;prev=1;c=2;firstObs=false;slotOn=true;inWindow=false;time_close=08-05 16:00
2026-08-05T16:29:00.000+01:00,DIAG-CLOSE;EURCHF;s=0;prev=8;c=9;firstObs=false;slotOn=true;inWindow=false;time_close=08-05 16:30
2026-08-05T16:29:00.000+01:00,DIAG-CLOSE;EURCHF;s=1;prev=7;c=8;firstObs=false;slotOn=true;inWindow=false;time_close=08-05 16:30
2026-08-05T16:41:00.000+01:00,DIAG-CLOSE;EURJPY;s=0;prev=8;c=9;firstObs=false;slotOn=true;inWindow=false;time_close=08-05 16:42
2026-08-05T16:41:00.000+01:00,DIAG-CLOSE;EURJPY;s=1;prev=7;c=8;firstObs=false;slotOn=true;inWindow=false;time_close=08-05 16:42
2026-08-05T16:46:00.000+01:00,DIAG-CLOSE;CHFJPY;s=0;prev=6;c=7;firstObs=false;slotOn=true;inWindow=false;time_close=08-05 16:47
2026-08-05T16:46:00.000+01:00,DIAG-CLOSE;CHFJPY;s=1;prev=7;c=8;firstObs=false;slotOn=true;inWindow=false;time_close=08-05 16:47
2026-08-05T16:59:00.000+01:00,DIAG-CLOSE;AUDUSD;s=0;prev=4;c=5;firstObs=false;slotOn=true;inWindow=false;time_close=08-05 17:00
2026-08-05T16:59:00.000+01:00,DIAG-CLOSE;AUDUSD;s=1;prev=4;c=5;firstObs=false;slotOn=true;inWindow=false;time_close=08-05 17:00
2026-08-05T17:02:00.000+01:00,DIAG-CLOSE;CADJPY;s=0;prev=9;c=10;firstObs=false;slotOn=true;inWindow=false;time_close=08-05 17:03
2026-08-05T17:02:00.000+01:00,DIAG-CLOSE;CADJPY;s=1;prev=7;c=8;firstObs=false;slotOn=true;inWindow=false;time_close=08-05 17:03
2026-08-05T17:04:00.000+01:00,DIAG-CLOSE;GBPUSD;s=0;prev=10;c=11;firstObs=false;slotOn=true;inWindow=false;time_close=08-05 17:05
2026-08-05T17:24:00.000+01:00,DIAG-CLOSE;AUDCHF;s=1;prev=5;c=6;firstObs=false;slotOn=true;inWindow=false;time_close=08-05 17:25
2026-08-05T17:47:00.000+01:00,DIAG-CLOSE;CADCHF;s=0;prev=10;c=11;firstObs=false;slotOn=true;inWindow=false;time_close=08-05 17:48
2026-08-05T17:47:00.000+01:00,DIAG-CLOSE;CADCHF;s=1;prev=9;c=10;firstObs=false;slotOn=true;inWindow=false;time_close=08-05 17:48
2026-08-05T17:47:00.000+01:00,DIAG-CLOSE;CADCHF;s=2;prev=4;c=5;firstObs=false;slotOn=true;inWindow=false;time_close=08-05 17:48
2026-08-05T17:47:00.000+01:00,DIAG-CLOSE;CADCHF;s=3;prev=4;c=5;firstObs=false;slotOn=true;inWindow=false;time_close=08-05 17:48
2026-08-05T17:47:00.000+01:00,DIAG-CLOSE;CADCHF;s=5;prev=3;c=4;firstObs=false;slotOn=true;inWindow=false;time_close=08-05 17:48
2026-08-05T17:54:00.000+01:00,DIAG-CLOSE;AUDCHF;s=0;prev=6;c=7;firstObs=false;slotOn=true;inWindow=false;time_close=08-05 17:55
2026-08-05T17:54:00.000+01:00,DIAG-CLOSE;AUDCHF;s=4;prev=1;c=2;firstObs=false;slotOn=true;inWindow=false;time_close=08-05 17:55
2026-08-05T17:54:00.000+01:00,DIAG-CLOSE;AUDCHF;s=6;prev=3;c=4;firstObs=false;slotOn=true;inWindow=false;time_close=08-05 17:55
2026-08-05T17:57:00.000+01:00,DIAG-CLOSE;EURJPY;s=0;prev=9;c=10;firstObs=false;slotOn=true;inWindow=false;time_close=08-05 17:58
2026-08-05T17:57:00.000+01:00,DIAG-CLOSE;EURJPY;s=1;prev=8;c=9;firstObs=false;slotOn=true;inWindow=false;time_close=08-05 17:58
2026-08-05T18:08:00.000+01:00,DIAG-CLOSE;EURGBP;s=0;prev=6;c=7;firstObs=false;slotOn=true;inWindow=false;time_close=08-05 18:09
2026-08-05T18:08:00.000+01:00,DIAG-CLOSE;EURGBP;s=1;prev=7;c=8;firstObs=false;slotOn=true;inWindow=false;time_close=08-05 18:09
2026-08-05T18:09:00.000+01:00,DIAG-CLOSE;EURCHF;s=2;prev=3;c=4;firstObs=false;slotOn=true;inWindow=false;time_close=08-05 18:10
2026-08-05T18:09:00.000+01:00,DIAG-CLOSE;EURCHF;s=3;prev=3;c=4;firstObs=false;slotOn=true;inWindow=false;time_close=08-05 18:10
2026-08-05T18:09:00.000+01:00,DIAG-CLOSE;EURCHF;s=5;prev=1;c=2;firstObs=false;slotOn=true;inWindow=false;time_close=08-05 18:10
2026-08-05T18:23:00.000+01:00,DIAG-CLOSE;GBPAUD;s=0;prev=7;c=8;firstObs=false;slotOn=true;inWindow=false;time_close=08-05 18:24
2026-08-05T18:23:00.000+01:00,DIAG-CLOSE;GBPAUD;s=1;prev=7;c=8;firstObs=false;slotOn=true;inWindow=false;time_close=08-05 18:24
2026-08-05T18:25:00.000+01:00,DIAG-CLOSE;EURCHF;s=0;prev=9;c=10;firstObs=false;slotOn=true;inWindow=false;time_close=08-05 18:26
2026-08-05T18:25:00.000+01:00,DIAG-CLOSE;EURCHF;s=1;prev=8;c=9;firstObs=false;slotOn=true;inWindow=false;time_close=08-05 18:26
2026-08-05T18:42:00.000+01:00,DIAG-CLOSE;GBPCHF;s=0;prev=4;c=5;firstObs=false;slotOn=true;inWindow=false;time_close=08-05 18:43
2026-08-05T18:44:00.000+01:00,DIAG-CLOSE;EURUSD;s=0;prev=9;c=10;firstObs=false;slotOn=true;inWindow=false;time_close=08-05 18:45
2026-08-05T18:44:00.000+01:00,DIAG-CLOSE;EURUSD;s=1;prev=10;c=11;firstObs=false;slotOn=true;inWindow=false;time_close=08-05 18:45
2026-08-05T18:44:00.000+01:00,DIAG-CLOSE;EURUSD;s=2;prev=3;c=4;firstObs=false;slotOn=true;inWindow=false;time_close=08-05 18:45
2026-08-05T18:44:00.000+01:00,DIAG-CLOSE;EURUSD;s=3;prev=3;c=4;firstObs=false;slotOn=true;inWindow=false;time_close=08-05 18:45
2026-08-05T18:53:00.000+01:00,DIAG-CLOSE;AUDCAD;s=0;prev=7;c=8;firstObs=false;slotOn=true;inWindow=false;time_close=08-05 18:54
2026-08-05T18:56:00.000+01:00,DIAG-CLOSE;AUDCAD;s=1;prev=6;c=7;firstObs=false;slotOn=true;inWindow=false;time_close=08-05 18:57
2026-08-05T18:56:00.000+01:00,DIAG-CLOSE;AUDCAD;s=2;prev=2;c=3;firstObs=false;slotOn=true;inWindow=false;time_close=08-05 18:57
2026-08-05T18:56:00.000+01:00,DIAG-CLOSE;AUDCAD;s=3;prev=2;c=3;firstObs=false;slotOn=true;inWindow=false;time_close=08-05 18:57
2026-08-05T19:43:00.000+01:00,DIAG-CLOSE;USDCAD;s=0;prev=8;c=9;firstObs=false;slotOn=true;inWindow=false;time_close=08-05 19:44
2026-08-05T19:43:00.000+01:00,DIAG-CLOSE;USDCAD;s=1;prev=7;c=8;firstObs=false;slotOn=true;inWindow=false;time_close=08-05 19:44
2026-08-05T19:43:00.000+01:00,DIAG-CLOSE;USDCAD;s=2;prev=3;c=4;firstObs=false;slotOn=true;inWindow=false;time_close=08-05 19:44
2026-08-05T19:43:00.000+01:00,DIAG-CLOSE;USDCAD;s=3;prev=3;c=4;firstObs=false;slotOn=true;inWindow=false;time_close=08-05 19:44
2026-08-05T19:43:00.000+01:00,DIAG-CLOSE;USDCAD;s=4;prev=0;c=1;firstObs=false;slotOn=true;inWindow=false;time_close=08-05 19:44
2026-08-05T19:53:00.000+01:00,DIAG-CLOSE;EURCAD;s=0;prev=5;c=6;firstObs=false;slotOn=true;inWindow=false;time_close=08-05 19:54
2026-08-05T19:53:00.000+01:00,DIAG-CLOSE;EURCAD;s=1;prev=5;c=6;firstObs=false;slotOn=true;inWindow=false;time_close=08-05 19:54
2026-08-05T19:53:00.000+01:00,DIAG-CLOSE;EURCAD;s=4;prev=0;c=1;firstObs=false;slotOn=true;inWindow=false;time_close=08-05 19:54
2026-08-05T19:55:00.000+01:00,DIAG-CLOSE;EURAUD;s=0;prev=8;c=9;firstObs=false;slotOn=true;inWindow=false;time_close=08-05 19:56
2026-08-05T19:55:00.000+01:00,DIAG-CLOSE;EURAUD;s=1;prev=6;c=7;firstObs=false;slotOn=true;inWindow=false;time_close=08-05 19:56
2026-08-06T08:04:00.000+01:00,DIAG-CLOSE;AUDCAD;s=5;prev=0;c=1;firstObs=false;slotOn=true;inWindow=false;time_close=08-06 08:05
2026-08-06T08:11:00.000+01:00,DIAG-CLOSE;USDJPY;s=0;prev=11;c=12;firstObs=false;slotOn=true;inWindow=false;time_close=08-06 08:12
2026-08-06T08:11:00.000+01:00,DIAG-CLOSE;USDJPY;s=1;prev=11;c=12;firstObs=false;slotOn=true;inWindow=false;time_close=08-06 08:12
2026-08-06T08:11:00.000+01:00,DIAG-CLOSE;USDJPY;s=2;prev=4;c=5;firstObs=false;slotOn=true;inWindow=false;time_close=08-06 08:12
2026-08-06T08:11:00.000+01:00,DIAG-CLOSE;USDJPY;s=3;prev=3;c=4;firstObs=false;slotOn=true;inWindow=false;time_close=08-06 08:12
2026-08-06T08:11:00.000+01:00,DIAG-CLOSE;USDJPY;s=4;prev=1;c=2;firstObs=false;slotOn=true;inWindow=false;time_close=08-06 08:12
2026-08-06T08:11:00.000+01:00,DIAG-CLOSE;USDJPY;s=5;prev=2;c=3;firstObs=false;slotOn=true;inWindow=false;time_close=08-06 08:12
2026-08-06T08:11:00.000+01:00,DIAG-CLOSE;USDJPY;s=6;prev=2;c=3;firstObs=false;slotOn=true;inWindow=false;time_close=08-06 08:12
2026-08-06T08:11:00.000+01:00,DIAG-CLOSE;USDJPY;s=7;prev=2;c=3;firstObs=false;slotOn=true;inWindow=false;time_close=08-06 08:12
2026-08-06T08:11:00.000+01:00,DIAG-CLOSE;GBPJPY;s=0;prev=7;c=8;firstObs=false;slotOn=true;inWindow=false;time_close=08-06 08:12
2026-08-06T08:11:00.000+01:00,DIAG-CLOSE;GBPJPY;s=1;prev=8;c=9;firstObs=false;slotOn=true;inWindow=false;time_close=08-06 08:12
2026-08-06T08:11:00.000+01:00,DIAG-CLOSE;GBPJPY;s=2;prev=4;c=5;firstObs=false;slotOn=true;inWindow=false;time_close=08-06 08:12
2026-08-06T08:11:00.000+01:00,DIAG-CLOSE;GBPJPY;s=3;prev=5;c=6;firstObs=false;slotOn=true;inWindow=false;time_close=08-06 08:12
2026-08-06T08:18:00.000+01:00,DIAG-CLOSE;GBPAUD;s=0;prev=8;c=9;firstObs=false;slotOn=true;inWindow=false;time_close=08-06 08:19
2026-08-06T08:18:00.000+01:00,DIAG-CLOSE;GBPAUD;s=1;prev=8;c=9;firstObs=false;slotOn=true;inWindow=false;time_close=08-06 08:19
2026-08-06T08:20:00.000+01:00,DIAG-CLOSE;GBPAUD;s=2;prev=3;c=4;firstObs=false;slotOn=true;inWindow=false;time_close=08-06 08:21
2026-08-06T08:20:00.000+01:00,DIAG-CLOSE;GBPAUD;s=3;prev=3;c=4;firstObs=false;slotOn=true;inWindow=false;time_close=08-06 08:21
2026-08-06T08:20:00.000+01:00,DIAG-CLOSE;GBPAUD;s=5;prev=3;c=4;firstObs=false;slotOn=true;inWindow=false;time_close=08-06 08:21
2026-08-06T08:43:00.000+01:00,DIAG-CLOSE;CADJPY;s=1;prev=8;c=9;firstObs=false;slotOn=true;inWindow=false;time_close=08-06 08:44
2026-08-06T09:00:00.000+01:00,DIAG-CLOSE;GBPUSD;s=0;prev=11;c=12;firstObs=false;slotOn=true;inWindow=false;time_close=08-06 09:01
2026-08-06T09:00:00.000+01:00,DIAG-CLOSE;GBPUSD;s=1;prev=12;c=13;firstObs=false;slotOn=true;inWindow=false;time_close=08-06 09:01
2026-08-06T09:00:00.000+01:00,DIAG-CLOSE;GBPUSD;s=2;prev=4;c=5;firstObs=false;slotOn=true;inWindow=false;time_close=08-06 09:01
2026-08-06T09:09:00.000+01:00,DIAG-CLOSE;EURGBP;s=0;prev=7;c=8;firstObs=false;slotOn=true;inWindow=false;time_close=08-06 09:10
2026-08-06T09:09:00.000+01:00,DIAG-CLOSE;EURGBP;s=1;prev=8;c=9;firstObs=false;slotOn=true;inWindow=false;time_close=08-06 09:10
2026-08-06T09:09:00.000+01:00,DIAG-CLOSE;EURGBP;s=4;prev=1;c=2;firstObs=false;slotOn=true;inWindow=false;time_close=08-06 09:10
2026-08-06T09:15:00.000+01:00,DIAG-CLOSE;GBPJPY;s=0;prev=8;c=9;firstObs=false;slotOn=true;inWindow=false;time_close=08-06 09:16
2026-08-06T09:18:00.000+01:00,DIAG-CLOSE;CADCHF;s=0;prev=11;c=12;firstObs=false;slotOn=true;inWindow=false;time_close=08-06 09:19
2026-08-06T09:18:00.000+01:00,DIAG-CLOSE;CADCHF;s=1;prev=10;c=11;firstObs=false;slotOn=true;inWindow=false;time_close=08-06 09:19
2026-08-06T09:18:00.000+01:00,DIAG-CLOSE;CADCHF;s=2;prev=5;c=6;firstObs=false;slotOn=true;inWindow=false;time_close=08-06 09:19
2026-08-06T09:18:00.000+01:00,DIAG-CLOSE;CADCHF;s=3;prev=5;c=6;firstObs=false;slotOn=true;inWindow=false;time_close=08-06 09:19
2026-08-06T09:18:00.000+01:00,DIAG-CLOSE;CADCHF;s=4;prev=1;c=2;firstObs=false;slotOn=true;inWindow=false;time_close=08-06 09:19
2026-08-06T09:18:00.000+01:00,DIAG-CLOSE;CADCHF;s=5;prev=4;c=5;firstObs=false;slotOn=true;inWindow=false;time_close=08-06 09:19
2026-08-06T09:18:00.000+01:00,DIAG-CLOSE;CADCHF;s=6;prev=0;c=1;firstObs=false;slotOn=true;inWindow=false;time_close=08-06 09:19
2026-08-06T09:18:00.000+01:00,DIAG-CLOSE;CADCHF;s=7;prev=1;c=2;firstObs=false;slotOn=true;inWindow=false;time_close=08-06 09:19
2026-08-06T09:30:00.000+01:00,DIAG-CLOSE;GBPCAD;s=7;prev=0;c=1;firstObs=false;slotOn=true;inWindow=false;time_close=08-06 09:31
2026-08-06T09:32:00.000+01:00,DIAG-CLOSE;USDCAD;s=0;prev=9;c=10;firstObs=false;slotOn=true;inWindow=false;time_close=08-06 09:33
2026-08-06T09:32:00.000+01:00,DIAG-CLOSE;USDCAD;s=1;prev=8;c=9;firstObs=false;slotOn=true;inWindow=false;time_close=08-06 09:33
2026-08-06T09:32:00.000+01:00,DIAG-CLOSE;USDCAD;s=4;prev=1;c=2;firstObs=false;slotOn=true;inWindow=false;time_close=08-06 09:33
2026-08-06T09:32:00.000+01:00,DIAG-CLOSE;EURJPY;s=0;prev=10;c=11;firstObs=false;slotOn=true;inWindow=false;time_close=08-06 09:33
2026-08-06T09:32:00.000+01:00,DIAG-CLOSE;EURJPY;s=1;prev=9;c=10;firstObs=false;slotOn=true;inWindow=false;time_close=08-06 09:33
2026-08-06T09:32:00.000+01:00,DIAG-CLOSE;EURJPY;s=4;prev=3;c=4;firstObs=false;slotOn=true;inWindow=false;time_close=08-06 09:33
2026-08-06T09:56:00.000+01:00,DIAG-CLOSE;EURAUD;s=0;prev=9;c=10;firstObs=false;slotOn=true;inWindow=false;time_close=08-06 09:57
2026-08-06T09:56:00.000+01:00,DIAG-CLOSE;EURAUD;s=1;prev=7;c=8;firstObs=false;slotOn=true;inWindow=false;time_close=08-06 09:57
2026-08-06T10:20:00.000+01:00,DIAG-CLOSE;GBPCHF;s=0;prev=5;c=6;firstObs=false;slotOn=true;inWindow=false;time_close=08-06 10:21
2026-08-06T10:20:00.000+01:00,DIAG-CLOSE;GBPCHF;s=1;prev=3;c=4;firstObs=false;slotOn=true;inWindow=false;time_close=08-06 10:21
2026-08-06T10:21:00.000+01:00,DIAG-CLOSE;AUDCHF;s=0;prev=7;c=8;firstObs=false;slotOn=true;inWindow=false;time_close=08-06 10:22
2026-08-06T10:21:00.000+01:00,DIAG-CLOSE;AUDCHF;s=1;prev=6;c=7;firstObs=false;slotOn=true;inWindow=false;time_close=08-06 10:22
2026-08-06T10:40:00.000+01:00,DIAG-CLOSE;EURUSD;s=0;prev=10;c=11;firstObs=false;slotOn=true;inWindow=false;time_close=08-06 10:41
2026-08-06T10:40:00.000+01:00,DIAG-CLOSE;EURUSD;s=1;prev=11;c=12;firstObs=false;slotOn=true;inWindow=false;time_close=08-06 10:41
2026-08-06T10:40:00.000+01:00,DIAG-CLOSE;EURUSD;s=2;prev=4;c=5;firstObs=false;slotOn=true;inWindow=false;time_close=08-06 10:41
2026-08-06T10:40:00.000+01:00,DIAG-CLOSE;USDCHF;s=0;prev=11;c=12;firstObs=false;slotOn=true;inWindow=false;time_close=08-06 10:41
2026-08-06T10:40:00.000+01:00,DIAG-CLOSE;USDCHF;s=1;prev=12;c=13;firstObs=false;slotOn=true;inWindow=false;time_close=08-06 10:41
2026-08-06T10:40:00.000+01:00,DIAG-CLOSE;USDCHF;s=2;prev=3;c=4;firstObs=false;slotOn=true;inWindow=false;time_close=08-06 10:41
2026-08-06T10:40:00.000+01:00,DIAG-CLOSE;USDCHF;s=3;prev=2;c=3;firstObs=false;slotOn=true;inWindow=false;time_close=08-06 10:41
2026-08-06T10:40:00.000+01:00,DIAG-CLOSE;USDCHF;s=5;prev=1;c=2;firstObs=false;slotOn=true;inWindow=false;time_close=08-06 10:41
2026-08-06T10:53:00.000+01:00,DIAG-CLOSE;AUDJPY;s=0;prev=8;c=9;firstObs=false;slotOn=true;inWindow=false;time_close=08-06 10:54
2026-08-06T10:53:00.000+01:00,DIAG-CLOSE;AUDJPY;s=1;prev=6;c=7;firstObs=false;slotOn=true;inWindow=false;time_close=08-06 10:54
2026-08-06T10:53:00.000+01:00,DIAG-CLOSE;AUDJPY;s=2;prev=3;c=4;firstObs=false;slotOn=true;inWindow=false;time_close=08-06 10:54
2026-08-06T10:53:00.000+01:00,DIAG-CLOSE;AUDJPY;s=3;prev=3;c=4;firstObs=false;slotOn=true;inWindow=false;time_close=08-06 10:54
2026-08-06T11:10:00.000+01:00,DIAG-CLOSE;AUDCAD;s=1;prev=7;c=8;firstObs=false;slotOn=true;inWindow=false;time_close=08-06 11:11
2026-08-06T11:10:00.000+01:00,DIAG-CLOSE;AUDCAD;s=2;prev=3;c=4;firstObs=false;slotOn=true;inWindow=false;time_close=08-06 11:11
2026-08-06T11:10:00.000+01:00,DIAG-CLOSE;AUDCAD;s=3;prev=3;c=4;firstObs=false;slotOn=true;inWindow=false;time_close=08-06 11:11
2026-08-06T11:10:00.000+01:00,DIAG-CLOSE;AUDCAD;s=5;prev=1;c=2;firstObs=false;slotOn=true;inWindow=false;time_close=08-06 11:11
2026-08-06T11:17:00.000+01:00,DIAG-CLOSE;CADJPY;s=0;prev=10;c=11;firstObs=false;slotOn=true;inWindow=false;time_close=08-06 11:18
2026-08-06T11:17:00.000+01:00,DIAG-CLOSE;CADJPY;s=1;prev=9;c=10;firstObs=false;slotOn=true;inWindow=false;time_close=08-06 11:18
2026-08-06T11:26:00.000+01:00,DIAG-CLOSE;USDCAD;s=0;prev=10;c=11;firstObs=false;slotOn=true;inWindow=false;time_close=08-06 11:27
2026-08-06T11:26:00.000+01:00,DIAG-CLOSE;USDCAD;s=1;prev=9;c=10;firstObs=false;slotOn=true;inWindow=false;time_close=08-06 11:27
2026-08-06T11:26:00.000+01:00,DIAG-CLOSE;USDCAD;s=2;prev=4;c=5;firstObs=false;slotOn=true;inWindow=false;time_close=08-06 11:27
2026-08-06T11:26:00.000+01:00,DIAG-CLOSE;USDCAD;s=3;prev=4;c=5;firstObs=false;slotOn=true;inWindow=false;time_close=08-06 11:27
2026-08-06T11:26:00.000+01:00,DIAG-CLOSE;USDCAD;s=4;prev=2;c=3;firstObs=false;slotOn=true;inWindow=false;time_close=08-06 11:27
2026-08-06T11:26:00.000+01:00,DIAG-CLOSE;USDCAD;s=5;prev=2;c=3;firstObs=false;slotOn=true;inWindow=false;time_close=08-06 11:27
2026-08-06T11:26:00.000+01:00,DIAG-CLOSE;USDCAD;s=6;prev=0;c=1;firstObs=false;slotOn=true;inWindow=false;time_close=08-06 11:27
2026-08-06T11:26:00.000+01:00,DIAG-CLOSE;EURJPY;s=1;prev=10;c=11;firstObs=false;slotOn=true;inWindow=false;time_close=08-06 11:27
2026-08-06T11:29:00.000+01:00,DIAG-CLOSE;GBPCHF;s=6;prev=1;c=2;firstObs=false;slotOn=true;inWindow=false;time_close=08-06 11:30
2026-08-06T11:29:00.000+01:00,DIAG-CLOSE;GBPCHF;s=7;prev=2;c=3;firstObs=false;slotOn=true;inWindow=false;time_close=08-06 11:30
2026-08-06T11:30:00.000+01:00,DIAG-CLOSE;GBPCAD;s=0;prev=9;c=10;firstObs=false;slotOn=true;inWindow=false;time_close=08-06 11:31
2026-08-06T11:30:00.000+01:00,DIAG-CLOSE;GBPCAD;s=7;prev=1;c=2;firstObs=false;slotOn=true;inWindow=false;time_close=08-06 11:31
2026-08-06T11:32:00.000+01:00,DIAG-CLOSE;GBPCAD;s=1;prev=10;c=11;firstObs=false;slotOn=true;inWindow=false;time_close=08-06 11:33
2026-08-06T11:32:00.000+01:00,DIAG-CLOSE;GBPCAD;s=2;prev=3;c=4;firstObs=false;slotOn=true;inWindow=false;time_close=08-06 11:33
2026-08-06T11:34:00.000+01:00,DIAG-CLOSE;AUDCAD;s=0;prev=8;c=9;firstObs=false;slotOn=true;inWindow=false;time_close=08-06 11:35
2026-08-06T11:34:00.000+01:00,DIAG-CLOSE;AUDCAD;s=4;prev=1;c=2;firstObs=false;slotOn=true;inWindow=false;time_close=08-06 11:35
2026-08-06T11:34:00.000+01:00,DIAG-CLOSE;AUDCAD;s=6;prev=0;c=1;firstObs=false;slotOn=true;inWindow=false;time_close=08-06 11:35
2026-08-06T11:38:00.000+01:00,DIAG-CLOSE;GBPCHF;s=0;prev=6;c=7;firstObs=false;slotOn=true;inWindow=false;time_close=08-06 11:39
2026-08-06T11:38:00.000+01:00,DIAG-CLOSE;GBPCHF;s=1;prev=4;c=5;firstObs=false;slotOn=true;inWindow=false;time_close=08-06 11:39
2026-08-06T11:55:00.000+01:00,DIAG-CLOSE;EURAUD;s=0;prev=10;c=11;firstObs=false;slotOn=true;inWindow=false;time_close=08-06 11:56
2026-08-06T11:55:00.000+01:00,DIAG-CLOSE;EURAUD;s=1;prev=8;c=9;firstObs=false;slotOn=true;inWindow=false;time_close=08-06 11:56
2026-08-06T12:01:00.000+01:00,DIAG-CLOSE;GBPCHF;s=0;prev=7;c=8;firstObs=false;slotOn=true;inWindow=false;time_close=08-06 12:02
2026-08-06T12:01:00.000+01:00,DIAG-CLOSE;GBPCHF;s=1;prev=5;c=6;firstObs=false;slotOn=true;inWindow=false;time_close=08-06 12:02
2026-08-06T12:07:00.000+01:00,DIAG-CLOSE;EURUSD;s=0;prev=11;c=12;firstObs=false;slotOn=true;inWindow=false;time_close=08-06 12:08
2026-08-06T12:07:00.000+01:00,DIAG-CLOSE;EURUSD;s=1;prev=12;c=13;firstObs=false;slotOn=true;inWindow=false;time_close=08-06 12:08
2026-08-06T12:07:00.000+01:00,DIAG-CLOSE;CHFJPY;s=1;prev=8;c=9;firstObs=false;slotOn=true;inWindow=false;time_close=08-06 12:08
2026-08-06T12:07:00.000+01:00,DIAG-CLOSE;CHFJPY;s=2;prev=4;c=5;firstObs=false;slotOn=true;inWindow=false;time_close=08-06 12:08
2026-08-06T12:07:00.000+01:00,DIAG-CLOSE;CHFJPY;s=3;prev=4;c=5;firstObs=false;slotOn=true;inWindow=false;time_close=08-06 12:08
2026-08-06T12:16:00.000+01:00,DIAG-CLOSE;GBPCHF;s=2;prev=3;c=4;firstObs=false;slotOn=true;inWindow=false;time_close=08-06 12:17
2026-08-06T12:16:00.000+01:00,DIAG-CLOSE;GBPCHF;s=3;prev=3;c=4;firstObs=false;slotOn=true;inWindow=false;time_close=08-06 12:17
2026-08-06T12:25:00.000+01:00,DIAG-CLOSE;CHFJPY;s=0;prev=7;c=8;firstObs=false;slotOn=true;inWindow=false;time_close=08-06 12:26
2026-08-06T12:34:00.000+01:00,DIAG-CLOSE;EURGBP;s=0;prev=8;c=9;firstObs=false;slotOn=true;inWindow=false;time_close=08-06 12:35
2026-08-06T12:34:00.000+01:00,DIAG-CLOSE;EURGBP;s=1;prev=9;c=10;firstObs=false;slotOn=true;inWindow=false;time_close=08-06 12:35
2026-08-06T12:34:00.000+01:00,DIAG-CLOSE;EURGBP;s=4;prev=2;c=3;firstObs=false;slotOn=true;inWindow=false;time_close=08-06 12:35
2026-08-06T12:38:00.000+01:00,DIAG-CLOSE;USDCAD;s=0;prev=11;c=12;firstObs=false;slotOn=true;inWindow=false;time_close=08-06 12:39
2026-08-06T12:41:00.000+01:00,DIAG-CLOSE;USDJPY;s=0;prev=12;c=13;firstObs=false;slotOn=true;inWindow=false;time_close=08-06 12:42
2026-08-06T12:41:00.000+01:00,DIAG-CLOSE;USDJPY;s=1;prev=12;c=13;firstObs=false;slotOn=true;inWindow=false;time_close=08-06 12:42
2026-08-06T12:46:00.000+01:00,DIAG-CLOSE;AUDCHF;s=0;prev=8;c=9;firstObs=false;slotOn=true;inWindow=false;time_close=08-06 12:47
2026-08-06T12:46:00.000+01:00,DIAG-CLOSE;AUDCHF;s=1;prev=7;c=8;firstObs=false;slotOn=true;inWindow=false;time_close=08-06 12:47
2026-08-06T12:46:00.000+01:00,DIAG-CLOSE;AUDCHF;s=2;prev=1;c=2;firstObs=false;slotOn=true;inWindow=false;time_close=08-06 12:47
2026-08-06T12:46:00.000+01:00,DIAG-CLOSE;AUDCHF;s=3;prev=1;c=2;firstObs=false;slotOn=true;inWindow=false;time_close=08-06 12:47
2026-08-06T12:55:00.000+01:00,DIAG-CLOSE;GBPCHF;s=7;prev=3;c=4;firstObs=false;slotOn=true;inWindow=false;time_close=08-06 12:56
2026-08-06T13:01:00.000+01:00,DIAG-CLOSE;USDJPY;s=0;prev=13;c=14;firstObs=false;slotOn=true;inWindow=false;time_close=08-06 13:02
2026-08-06T13:01:00.000+01:00,DIAG-CLOSE;USDJPY;s=1;prev=13;c=14;firstObs=false;slotOn=true;inWindow=false;time_close=08-06 13:02
2026-08-06T13:04:00.000+01:00,DIAG-CLOSE;AUDCAD;s=0;prev=9;c=10;firstObs=false;slotOn=true;inWindow=false;time_close=08-06 13:05
2026-08-06T13:04:00.000+01:00,DIAG-CLOSE;AUDCAD;s=1;prev=8;c=9;firstObs=false;slotOn=true;inWindow=false;time_close=08-06 13:05
2026-08-06T13:31:00.000+01:00,DIAG-CLOSE;CADCHF;s=0;prev=12;c=13;firstObs=false;slotOn=true;inWindow=false;time_close=08-06 13:32
2026-08-06T13:31:00.000+01:00,DIAG-CLOSE;CADCHF;s=1;prev=11;c=12;firstObs=false;slotOn=true;inWindow=false;time_close=08-06 13:32
2026-08-06T13:31:00.000+01:00,DIAG-CLOSE;CADCHF;s=2;prev=6;c=7;firstObs=false;slotOn=true;inWindow=false;time_close=08-06 13:32
2026-08-06T13:31:00.000+01:00,DIAG-CLOSE;CADCHF;s=3;prev=6;c=7;firstObs=false;slotOn=true;inWindow=false;time_close=08-06 13:32
2026-08-06T13:44:00.000+01:00,DIAG-CLOSE;GBPCHF;s=0;prev=8;c=9;firstObs=false;slotOn=true;inWindow=false;time_close=08-06 13:45
2026-08-06T13:44:00.000+01:00,DIAG-CLOSE;GBPCHF;s=1;prev=6;c=7;firstObs=false;slotOn=true;inWindow=false;time_close=08-06 13:45
2026-08-06T13:44:00.000+01:00,DIAG-CLOSE;GBPCHF;s=2;prev=4;c=5;firstObs=false;slotOn=true;inWindow=false;time_close=08-06 13:45
2026-08-06T13:44:00.000+01:00,DIAG-CLOSE;GBPCHF;s=4;prev=2;c=3;firstObs=false;slotOn=true;inWindow=false;time_close=08-06 13:45
2026-08-06T13:53:00.000+01:00,DIAG-CLOSE;CADJPY;s=1;prev=10;c=11;firstObs=false;slotOn=true;inWindow=false;time_close=08-06 13:54
2026-08-06T13:56:00.000+01:00,DIAG-CLOSE;AUDJPY;s=0;prev=9;c=10;firstObs=false;slotOn=true;inWindow=false;time_close=08-06 13:57
2026-08-06T13:56:00.000+01:00,DIAG-CLOSE;AUDJPY;s=1;prev=7;c=8;firstObs=false;slotOn=true;inWindow=false;time_close=08-06 13:57
2026-08-06T14:03:00.000+01:00,DIAG-CLOSE;CHFJPY;s=0;prev=8;c=9;firstObs=false;slotOn=true;inWindow=false;time_close=08-06 14:04
2026-08-06T14:03:00.000+01:00,DIAG-CLOSE;CHFJPY;s=1;prev=9;c=10;firstObs=false;slotOn=true;inWindow=false;time_close=08-06 14:04
2026-08-06T14:36:00.000+01:00,DIAG-CLOSE;GBPCAD;s=0;prev=10;c=11;firstObs=false;slotOn=true;inWindow=false;time_close=08-06 14:37
2026-08-06T14:36:00.000+01:00,DIAG-CLOSE;GBPCAD;s=1;prev=11;c=12;firstObs=false;slotOn=true;inWindow=false;time_close=08-06 14:37
2026-08-06T14:36:00.000+01:00,DIAG-CLOSE;GBPCAD;s=4;prev=0;c=1;firstObs=false;slotOn=true;inWindow=false;time_close=08-06 14:37
2026-08-06T14:38:00.000+01:00,DIAG-CLOSE;GBPUSD;s=0;prev=12;c=13;firstObs=false;slotOn=true;inWindow=false;time_close=08-06 14:39
2026-08-06T14:38:00.000+01:00,DIAG-CLOSE;GBPUSD;s=1;prev=13;c=14;firstObs=false;slotOn=true;inWindow=false;time_close=08-06 14:39
2026-08-06T15:01:00.000+01:00,DIAG-CLOSE;GBPAUD;s=0;prev=9;c=10;firstObs=false;slotOn=true;inWindow=false;time_close=08-06 15:02
2026-08-06T15:01:00.000+01:00,DIAG-CLOSE;GBPAUD;s=1;prev=9;c=10;firstObs=false;slotOn=true;inWindow=false;time_close=08-06 15:02
2026-08-06T15:03:00.000+01:00,DIAG-CLOSE;GBPJPY;s=0;prev=9;c=10;firstObs=false;slotOn=true;inWindow=false;time_close=08-06 15:04
2026-08-06T15:04:00.000+01:00,DIAG-CLOSE;EURGBP;s=0;prev=9;c=10;firstObs=false;slotOn=true;inWindow=false;time_close=08-06 15:05
2026-08-06T15:04:00.000+01:00,DIAG-CLOSE;EURGBP;s=1;prev=10;c=11;firstObs=false;slotOn=true;inWindow=false;time_close=08-06 15:05
2026-08-06T15:09:00.000+01:00,DIAG-CLOSE;USDJPY;s=0;prev=14;c=15;firstObs=false;slotOn=true;inWindow=false;time_close=08-06 15:10
2026-08-06T15:09:00.000+01:00,DIAG-CLOSE;USDJPY;s=1;prev=14;c=15;firstObs=false;slotOn=true;inWindow=false;time_close=08-06 15:10
2026-08-06T15:09:00.000+01:00,DIAG-CLOSE;USDJPY;s=2;prev=5;c=6;firstObs=false;slotOn=true;inWindow=false;time_close=08-06 15:10
2026-08-06T15:09:00.000+01:00,DIAG-CLOSE;USDJPY;s=3;prev=4;c=5;firstObs=false;slotOn=true;inWindow=false;time_close=08-06 15:10
2026-08-06T15:11:00.000+01:00,DIAG-CLOSE;GBPCHF;s=3;prev=4;c=5;firstObs=false;slotOn=true;inWindow=false;time_close=08-06 15:12
2026-08-06T15:11:00.000+01:00,DIAG-CLOSE;GBPCHF;s=5;prev=2;c=3;firstObs=false;slotOn=true;inWindow=false;time_close=08-06 15:12
2026-08-06T15:16:00.000+01:00,DIAG-CLOSE;GBPJPY;s=0;prev=10;c=11;firstObs=false;slotOn=true;inWindow=false;time_close=08-06 15:17
2026-08-06T15:16:00.000+01:00,DIAG-CLOSE;GBPJPY;s=1;prev=9;c=10;firstObs=false;slotOn=true;inWindow=false;time_close=08-06 15:17
2026-08-06T15:20:00.000+01:00,DIAG-CLOSE;USDCAD;s=0;prev=12;c=13;firstObs=false;slotOn=true;inWindow=false;time_close=08-06 15:21
2026-08-06T15:20:00.000+01:00,DIAG-CLOSE;USDCAD;s=1;prev=10;c=11;firstObs=false;slotOn=true;inWindow=false;time_close=08-06 15:21
2026-08-06T15:24:00.000+01:00,DIAG-CLOSE;CADCHF;s=0;prev=13;c=14;firstObs=false;slotOn=true;inWindow=false;time_close=08-06 15:25
2026-08-06T15:24:00.000+01:00,DIAG-CLOSE;CADCHF;s=1;prev=12;c=13;firstObs=false;slotOn=true;inWindow=false;time_close=08-06 15:25
2026-08-06T15:26:00.000+01:00,DIAG-CLOSE;CHFJPY;s=0;prev=9;c=10;firstObs=false;slotOn=true;inWindow=false;time_close=08-06 15:27
2026-08-06T15:26:00.000+01:00,DIAG-CLOSE;CHFJPY;s=1;prev=10;c=11;firstObs=false;slotOn=true;inWindow=false;time_close=08-06 15:27
2026-08-06T15:53:00.000+01:00,DIAG-CLOSE;GBPCHF;s=0;prev=9;c=10;firstObs=false;slotOn=true;inWindow=false;time_close=08-06 15:54
2026-08-06T15:53:00.000+01:00,DIAG-CLOSE;GBPCHF;s=1;prev=7;c=8;firstObs=false;slotOn=true;inWindow=false;time_close=08-06 15:54
2026-08-06T15:53:00.000+01:00,DIAG-CLOSE;GBPCHF;s=4;prev=3;c=4;firstObs=false;slotOn=true;inWindow=false;time_close=08-06 15:54
2026-08-06T15:53:00.000+01:00,DIAG-CLOSE;GBPCHF;s=6;prev=2;c=3;firstObs=false;slotOn=true;inWindow=false;time_close=08-06 15:54
2026-08-06T15:53:00.000+01:00,DIAG-CLOSE;GBPCHF;s=7;prev=4;c=5;firstObs=false;slotOn=true;inWindow=false;time_close=08-06 15:54
2026-08-06T15:55:00.000+01:00,DIAG-CLOSE;USDCHF;s=0;prev=12;c=13;firstObs=false;slotOn=true;inWindow=false;time_close=08-06 15:56
2026-08-06T15:55:00.000+01:00,DIAG-CLOSE;USDCHF;s=1;prev=13;c=14;firstObs=false;slotOn=true;inWindow=false;time_close=08-06 15:56
2026-08-06T15:55:00.000+01:00,DIAG-CLOSE;EURCHF;s=0;prev=10;c=11;firstObs=false;slotOn=true;inWindow=false;time_close=08-06 15:56
2026-08-06T15:55:00.000+01:00,DIAG-CLOSE;EURCHF;s=1;prev=9;c=10;firstObs=false;slotOn=true;inWindow=false;time_close=08-06 15:56
2026-08-06T15:57:00.000+01:00,DIAG-CLOSE;CADCHF;s=0;prev=14;c=15;firstObs=false;slotOn=true;inWindow=false;time_close=08-06 15:58
2026-08-06T15:57:00.000+01:00,DIAG-CLOSE;CADCHF;s=1;prev=13;c=14;firstObs=false;slotOn=true;inWindow=false;time_close=08-06 15:58
2026-08-06T15:57:00.000+01:00,DIAG-CLOSE;CADCHF;s=7;prev=2;c=3;firstObs=false;slotOn=true;inWindow=false;time_close=08-06 15:58
2026-08-06T15:59:00.000+01:00,DIAG-CLOSE;GBPAUD;s=0;prev=10;c=11;firstObs=false;slotOn=true;inWindow=false;time_close=08-06 16:00
2026-08-06T15:59:00.000+01:00,DIAG-CLOSE;GBPAUD;s=1;prev=10;c=11;firstObs=false;slotOn=true;inWindow=false;time_close=08-06 16:00
2026-08-06T16:01:00.000+01:00,DIAG-CLOSE;CHFJPY;s=2;prev=5;c=6;firstObs=false;slotOn=true;inWindow=false;time_close=08-06 16:02
2026-08-06T16:01:00.000+01:00,DIAG-CLOSE;CHFJPY;s=3;prev=5;c=6;firstObs=false;slotOn=true;inWindow=false;time_close=08-06 16:02
2026-08-06T16:01:00.000+01:00,DIAG-CLOSE;CHFJPY;s=5;prev=3;c=4;firstObs=false;slotOn=true;inWindow=false;time_close=08-06 16:02
2026-08-06T16:22:00.000+01:00,DIAG-CLOSE;AUDUSD;s=0;prev=5;c=6;firstObs=false;slotOn=true;inWindow=false;time_close=08-06 16:23
2026-08-06T16:22:00.000+01:00,DIAG-CLOSE;AUDUSD;s=1;prev=5;c=6;firstObs=false;slotOn=true;inWindow=false;time_close=08-06 16:23
2026-08-06T16:22:00.000+01:00,DIAG-CLOSE;AUDUSD;s=2;prev=3;c=4;firstObs=false;slotOn=true;inWindow=false;time_close=08-06 16:23
2026-08-06T16:22:00.000+01:00,DIAG-CLOSE;AUDUSD;s=3;prev=3;c=4;firstObs=false;slotOn=true;inWindow=false;time_close=08-06 16:23
2026-08-06T16:23:00.000+01:00,DIAG-CLOSE;EURCHF;s=2;prev=4;c=5;firstObs=false;slotOn=true;inWindow=false;time_close=08-06 16:24
2026-08-06T16:23:00.000+01:00,DIAG-CLOSE;EURCHF;s=3;prev=4;c=5;firstObs=false;slotOn=true;inWindow=false;time_close=08-06 16:24
2026-08-06T16:23:00.000+01:00,DIAG-CLOSE;EURCHF;s=5;prev=2;c=3;firstObs=false;slotOn=true;inWindow=false;time_close=08-06 16:24
2026-08-06T16:25:00.000+01:00,DIAG-CLOSE;AUDCAD;s=0;prev=10;c=11;firstObs=false;slotOn=true;inWindow=false;time_close=08-06 16:26
2026-08-06T16:25:00.000+01:00,DIAG-CLOSE;AUDCAD;s=1;prev=9;c=10;firstObs=false;slotOn=true;inWindow=false;time_close=08-06 16:26
2026-08-06T16:29:00.000+01:00,DIAG-CLOSE;GBPJPY;s=0;prev=11;c=12;firstObs=false;slotOn=true;inWindow=false;time_close=08-06 16:30
2026-08-06T16:36:00.000+01:00,DIAG-CLOSE;USDCAD;s=0;prev=13;c=14;firstObs=false;slotOn=true;inWindow=false;time_close=08-06 16:37
2026-08-06T16:36:00.000+01:00,DIAG-CLOSE;USDCAD;s=1;prev=11;c=12;firstObs=false;slotOn=true;inWindow=false;time_close=08-06 16:37
2026-08-06T16:39:00.000+01:00,DIAG-CLOSE;EURAUD;s=0;prev=11;c=12;firstObs=false;slotOn=true;inWindow=false;time_close=08-06 16:40
2026-08-06T16:40:00.000+01:00,DIAG-CLOSE;CADJPY;s=0;prev=11;c=12;firstObs=false;slotOn=true;inWindow=false;time_close=08-06 16:41
2026-08-06T16:41:00.000+01:00,DIAG-CLOSE;EURAUD;s=1;prev=9;c=10;firstObs=false;slotOn=true;inWindow=false;time_close=08-06 16:42
2026-08-06T16:41:00.000+01:00,DIAG-CLOSE;EURAUD;s=2;prev=2;c=3;firstObs=false;slotOn=true;inWindow=false;time_close=08-06 16:42
2026-08-06T16:41:00.000+01:00,DIAG-CLOSE;EURAUD;s=3;prev=2;c=3;firstObs=false;slotOn=true;inWindow=false;time_close=08-06 16:42
2026-08-06T16:41:00.000+01:00,DIAG-CLOSE;EURAUD;s=5;prev=2;c=3;firstObs=false;slotOn=true;inWindow=false;time_close=08-06 16:42
2026-08-06T16:41:00.000+01:00,DIAG-CLOSE;GBPAUD;s=0;prev=11;c=12;firstObs=false;slotOn=true;inWindow=false;time_close=08-06 16:42
2026-08-06T16:41:00.000+01:00,DIAG-CLOSE;GBPAUD;s=1;prev=11;c=12;firstObs=false;slotOn=true;inWindow=false;time_close=08-06 16:42
2026-08-06T16:43:00.000+01:00,DIAG-CLOSE;GBPJPY;s=1;prev=10;c=11;firstObs=false;slotOn=true;inWindow=false;time_close=08-06 16:44
2026-08-06T16:43:00.000+01:00,DIAG-CLOSE;GBPJPY;s=2;prev=5;c=6;firstObs=false;slotOn=true;inWindow=false;time_close=08-06 16:44
2026-08-06T16:43:00.000+01:00,DIAG-CLOSE;GBPJPY;s=3;prev=6;c=7;firstObs=false;slotOn=true;inWindow=false;time_close=08-06 16:44
2026-08-06T16:43:00.000+01:00,DIAG-CLOSE;GBPJPY;s=5;prev=2;c=3;firstObs=false;slotOn=true;inWindow=false;time_close=08-06 16:44
2026-08-06T16:43:00.000+01:00,DIAG-CLOSE;GBPJPY;s=6;prev=0;c=1;firstObs=false;slotOn=true;inWindow=false;time_close=08-06 16:44
2026-08-06T16:58:00.000+01:00,DIAG-CLOSE;EURAUD;s=6;prev=1;c=2;firstObs=false;slotOn=true;inWindow=false;time_close=08-06 16:59
2026-08-06T16:59:00.000+01:00,DIAG-CLOSE;GBPAUD;s=2;prev=4;c=5;firstObs=false;slotOn=true;inWindow=false;time_close=08-06 17:00
2026-08-06T16:59:00.000+01:00,DIAG-CLOSE;GBPAUD;s=3;prev=4;c=5;firstObs=false;slotOn=true;inWindow=false;time_close=08-06 17:00
2026-08-06T16:59:00.000+01:00,DIAG-CLOSE;GBPAUD;s=4;prev=3;c=4;firstObs=false;slotOn=true;inWindow=false;time_close=08-06 17:00
2026-08-06T16:59:00.000+01:00,DIAG-CLOSE;GBPAUD;s=5;prev=4;c=5;firstObs=false;slotOn=true;inWindow=false;time_close=08-06 17:00
2026-08-06T17:04:00.000+01:00,DIAG-CLOSE;CHFJPY;s=0;prev=10;c=11;firstObs=false;slotOn=true;inWindow=false;time_close=08-06 17:05
2026-08-06T17:04:00.000+01:00,DIAG-CLOSE;CHFJPY;s=1;prev=11;c=12;firstObs=false;slotOn=true;inWindow=false;time_close=08-06 17:05
2026-08-06T17:26:00.000+01:00,DIAG-CLOSE;EURGBP;s=0;prev=10;c=11;firstObs=false;slotOn=true;inWindow=false;time_close=08-06 17:27
2026-08-06T17:26:00.000+01:00,DIAG-CLOSE;EURGBP;s=1;prev=11;c=12;firstObs=false;slotOn=true;inWindow=false;time_close=08-06 17:27
2026-08-06T17:47:00.000+01:00,DIAG-CLOSE;CADJPY;s=0;prev=12;c=13;firstObs=false;slotOn=true;inWindow=false;time_close=08-06 17:48
2026-08-06T17:47:00.000+01:00,DIAG-CLOSE;CADJPY;s=1;prev=11;c=12;firstObs=false;slotOn=true;inWindow=false;time_close=08-06 17:48
2026-08-06T17:58:00.000+01:00,DIAG-CLOSE;USDCHF;s=0;prev=13;c=14;firstObs=false;slotOn=true;inWindow=false;time_close=08-06 17:59
2026-08-06T18:00:00.000+01:00,DIAG-CLOSE;EURCHF;s=0;prev=11;c=12;firstObs=false;slotOn=true;inWindow=false;time_close=08-06 18:01
2026-08-06T18:00:00.000+01:00,DIAG-CLOSE;EURCHF;s=1;prev=10;c=11;firstObs=false;slotOn=true;inWindow=false;time_close=08-06 18:01
2026-08-06T18:02:00.000+01:00,DIAG-CLOSE;USDCHF;s=1;prev=14;c=15;firstObs=false;slotOn=true;inWindow=false;time_close=08-06 18:03
2026-08-06T18:04:00.000+01:00,DIAG-CLOSE;GBPUSD;s=0;prev=13;c=14;firstObs=false;slotOn=true;inWindow=false;time_close=08-06 18:05
2026-08-06T18:04:00.000+01:00,DIAG-CLOSE;GBPUSD;s=1;prev=14;c=15;firstObs=false;slotOn=true;inWindow=false;time_close=08-06 18:05
2026-08-06T18:04:00.000+01:00,DIAG-CLOSE;GBPUSD;s=2;prev=5;c=6;firstObs=false;slotOn=true;inWindow=false;time_close=08-06 18:05
2026-08-06T18:06:00.000+01:00,DIAG-CLOSE;AUDCAD;s=2;prev=4;c=5;firstObs=false;slotOn=true;inWindow=false;time_close=08-06 18:07
2026-08-06T18:06:00.000+01:00,DIAG-CLOSE;AUDCAD;s=3;prev=4;c=5;firstObs=false;slotOn=true;inWindow=false;time_close=08-06 18:07
2026-08-06T18:06:00.000+01:00,DIAG-CLOSE;AUDCAD;s=5;prev=2;c=3;firstObs=false;slotOn=true;inWindow=false;time_close=08-06 18:07
2026-08-06T18:11:00.000+01:00,DIAG-CLOSE;GBPCHF;s=0;prev=10;c=11;firstObs=false;slotOn=true;inWindow=false;time_close=08-06 18:12
2026-08-06T18:11:00.000+01:00,DIAG-CLOSE;GBPCHF;s=1;prev=8;c=9;firstObs=false;slotOn=true;inWindow=false;time_close=08-06 18:12
2026-08-06T18:11:00.000+01:00,DIAG-CLOSE;GBPCHF;s=4;prev=4;c=5;firstObs=false;slotOn=true;inWindow=false;time_close=08-06 18:12
2026-08-06T18:32:00.000+01:00,DIAG-CLOSE;USDCAD;s=0;prev=14;c=15;firstObs=false;slotOn=true;inWindow=false;time_close=08-06 18:33
2026-08-06T18:32:00.000+01:00,DIAG-CLOSE;USDCAD;s=1;prev=12;c=13;firstObs=false;slotOn=true;inWindow=false;time_close=08-06 18:33
2026-08-06T18:32:00.000+01:00,DIAG-CLOSE;USDCAD;s=3;prev=5;c=6;firstObs=false;slotOn=true;inWindow=false;time_close=08-06 18:33
2026-08-06T18:45:00.000+01:00,DIAG-CLOSE;EURCAD;s=0;prev=6;c=7;firstObs=false;slotOn=true;inWindow=false;time_close=08-06 18:46
2026-08-06T18:45:00.000+01:00,DIAG-CLOSE;EURCAD;s=1;prev=6;c=7;firstObs=false;slotOn=true;inWindow=false;time_close=08-06 18:46
2026-08-06T18:45:00.000+01:00,DIAG-CLOSE;GBPCAD;s=0;prev=11;c=12;firstObs=false;slotOn=true;inWindow=false;time_close=08-06 18:46
2026-08-06T18:45:00.000+01:00,DIAG-CLOSE;GBPCAD;s=1;prev=12;c=13;firstObs=false;slotOn=true;inWindow=false;time_close=08-06 18:46
2026-08-06T18:51:00.000+01:00,DIAG-CLOSE;USDJPY;s=0;prev=15;c=16;firstObs=false;slotOn=true;inWindow=false;time_close=08-06 18:52
2026-08-06T18:51:00.000+01:00,DIAG-CLOSE;USDJPY;s=1;prev=15;c=16;firstObs=false;slotOn=true;inWindow=false;time_close=08-06 18:52
2026-08-06T18:57:00.000+01:00,DIAG-CLOSE;AUDCHF;s=0;prev=9;c=10;firstObs=false;slotOn=true;inWindow=false;time_close=08-06 18:58
2026-08-06T18:57:00.000+01:00,DIAG-CLOSE;AUDCHF;s=1;prev=8;c=9;firstObs=false;slotOn=true;inWindow=false;time_close=08-06 18:58
2026-08-06T18:58:00.000+01:00,DIAG-CLOSE;EURCAD;s=4;prev=1;c=2;firstObs=false;slotOn=true;inWindow=false;time_close=08-06 18:59
2026-08-06T18:58:00.000+01:00,DIAG-CLOSE;GBPCAD;s=6;prev=1;c=2;firstObs=false;slotOn=true;inWindow=false;time_close=08-06 18:59
2026-08-06T18:59:00.000+01:00,DIAG-CLOSE;CHFJPY;s=0;prev=11;c=12;firstObs=false;slotOn=true;inWindow=false;time_close=08-06 19:00
2026-08-06T18:59:00.000+01:00,DIAG-CLOSE;CHFJPY;s=1;prev=12;c=13;firstObs=false;slotOn=true;inWindow=false;time_close=08-06 19:00
2026-08-06T19:13:00.000+01:00,DIAG-CLOSE;EURCHF;s=0;prev=12;c=13;firstObs=false;slotOn=true;inWindow=false;time_close=08-06 19:14
2026-08-06T19:13:00.000+01:00,DIAG-CLOSE;EURCHF;s=1;prev=11;c=12;firstObs=false;slotOn=true;inWindow=false;time_close=08-06 19:14
2026-08-06T19:20:00.000+01:00,DIAG-CLOSE;AUDJPY;s=0;prev=10;c=11;firstObs=false;slotOn=true;inWindow=false;time_close=08-06 19:21
2026-08-06T19:20:00.000+01:00,DIAG-CLOSE;AUDJPY;s=1;prev=8;c=9;firstObs=false;slotOn=true;inWindow=false;time_close=08-06 19:21
2026-08-06T19:33:00.000+01:00,DIAG-CLOSE;AUDCHF;s=2;prev=2;c=3;firstObs=false;slotOn=true;inWindow=false;time_close=08-06 19:34
2026-08-06T19:33:00.000+01:00,DIAG-CLOSE;AUDCHF;s=3;prev=2;c=3;firstObs=false;slotOn=true;inWindow=false;time_close=08-06 19:34
2026-08-06T19:33:00.000+01:00,DIAG-CLOSE;AUDCHF;s=5;prev=1;c=2;firstObs=false;slotOn=true;inWindow=false;time_close=08-06 19:34
2026-08-06T19:50:00.000+01:00,DIAG-CLOSE;EURJPY;s=2;prev=4;c=5;firstObs=false;slotOn=true;inWindow=false;time_close=08-06 19:51
2026-08-06T19:50:00.000+01:00,DIAG-CLOSE;EURJPY;s=3;prev=3;c=4;firstObs=false;slotOn=true;inWindow=false;time_close=08-06 19:51
2026-08-06T19:53:00.000+01:00,DIAG-CLOSE;AUDJPY;s=2;prev=4;c=5;firstObs=false;slotOn=true;inWindow=false;time_close=08-06 19:54
2026-08-06T19:53:00.000+01:00,DIAG-CLOSE;AUDJPY;s=3;prev=4;c=5;firstObs=false;slotOn=true;inWindow=false;time_close=08-06 19:54
2026-08-07T08:04:00.000+01:00,DIAG-CLOSE;EURUSD;s=0;prev=12;c=13;firstObs=false;slotOn=true;inWindow=false;time_close=08-07 08:05
2026-08-07T08:04:00.000+01:00,DIAG-CLOSE;EURUSD;s=1;prev=13;c=14;firstObs=false;slotOn=true;inWindow=false;time_close=08-07 08:05
2026-08-07T08:04:00.000+01:00,DIAG-CLOSE;EURUSD;s=2;prev=5;c=6;firstObs=false;slotOn=true;inWindow=false;time_close=08-07 08:05
2026-08-07T08:04:00.000+01:00,DIAG-CLOSE;EURUSD;s=3;prev=4;c=5;firstObs=false;slotOn=true;inWindow=false;time_close=08-07 08:05
2026-08-07T08:11:00.000+01:00,DIAG-CLOSE;EURGBP;s=0;prev=11;c=12;firstObs=false;slotOn=true;inWindow=false;time_close=08-07 08:12
2026-08-07T08:11:00.000+01:00,DIAG-CLOSE;EURGBP;s=1;prev=12;c=13;firstObs=false;slotOn=true;inWindow=false;time_close=08-07 08:12
2026-08-07T08:11:00.000+01:00,DIAG-CLOSE;EURGBP;s=7;prev=0;c=1;firstObs=false;slotOn=true;inWindow=false;time_close=08-07 08:12
2026-08-07T08:30:00.000+01:00,DIAG-CLOSE;AUDJPY;s=1;prev=9;c=10;firstObs=false;slotOn=true;inWindow=false;time_close=08-07 08:31
2026-08-07T08:37:00.000+01:00,DIAG-CLOSE;AUDCAD;s=0;prev=11;c=12;firstObs=false;slotOn=true;inWindow=false;time_close=08-07 08:38
2026-08-07T08:37:00.000+01:00,DIAG-CLOSE;AUDCAD;s=1;prev=10;c=11;firstObs=false;slotOn=true;inWindow=false;time_close=08-07 08:38
2026-08-07T08:37:00.000+01:00,DIAG-CLOSE;AUDCAD;s=2;prev=5;c=6;firstObs=false;slotOn=true;inWindow=false;time_close=08-07 08:38
2026-08-07T08:37:00.000+01:00,DIAG-CLOSE;AUDCAD;s=3;prev=5;c=6;firstObs=false;slotOn=true;inWindow=false;time_close=08-07 08:38
2026-08-07T08:37:00.000+01:00,DIAG-CLOSE;AUDCAD;s=4;prev=2;c=3;firstObs=false;slotOn=true;inWindow=false;time_close=08-07 08:38
2026-08-07T08:37:00.000+01:00,DIAG-CLOSE;AUDCAD;s=5;prev=3;c=4;firstObs=false;slotOn=true;inWindow=false;time_close=08-07 08:38
2026-08-07T08:43:00.000+01:00,DIAG-CLOSE;EURUSD;s=0;prev=13;c=14;firstObs=false;slotOn=true;inWindow=false;time_close=08-07 08:44
2026-08-07T08:43:00.000+01:00,DIAG-CLOSE;EURUSD;s=1;prev=14;c=15;firstObs=false;slotOn=true;inWindow=false;time_close=08-07 08:44
2026-08-07T09:00:00.000+01:00,DIAG-CLOSE;AUDCHF;s=1;prev=9;c=10;firstObs=false;slotOn=true;inWindow=false;time_close=08-07 09:01
2026-08-07T09:07:00.000+01:00,DIAG-CLOSE;USDCAD;s=0;prev=15;c=16;firstObs=false;slotOn=true;inWindow=false;time_close=08-07 09:08
2026-08-07T09:07:00.000+01:00,DIAG-CLOSE;USDCAD;s=1;prev=13;c=14;firstObs=false;slotOn=true;inWindow=false;time_close=08-07 09:08
2026-08-07T09:07:00.000+01:00,DIAG-CLOSE;USDCAD;s=2;prev=5;c=6;firstObs=false;slotOn=true;inWindow=false;time_close=08-07 09:08
2026-08-07T09:07:00.000+01:00,DIAG-CLOSE;USDCAD;s=4;prev=3;c=4;firstObs=false;slotOn=true;inWindow=false;time_close=08-07 09:08
2026-08-07T09:07:00.000+01:00,DIAG-CLOSE;GBPJPY;s=0;prev=12;c=13;firstObs=false;slotOn=true;inWindow=false;time_close=08-07 09:08
2026-08-07T09:07:00.000+01:00,DIAG-CLOSE;GBPJPY;s=1;prev=11;c=12;firstObs=false;slotOn=true;inWindow=false;time_close=08-07 09:08
2026-08-07T09:08:00.000+01:00,DIAG-CLOSE;GBPCHF;s=0;prev=11;c=12;firstObs=false;slotOn=true;inWindow=false;time_close=08-07 09:09
2026-08-07T09:08:00.000+01:00,DIAG-CLOSE;GBPCHF;s=1;prev=9;c=10;firstObs=false;slotOn=true;inWindow=false;time_close=08-07 09:09
2026-08-07T09:15:00.000+01:00,DIAG-CLOSE;USDJPY;s=7;prev=3;c=4;firstObs=false;slotOn=true;inWindow=false;time_close=08-07 09:16
2026-08-07T09:18:00.000+01:00,DIAG-CLOSE;CADJPY;s=0;prev=13;c=14;firstObs=false;slotOn=true;inWindow=false;time_close=08-07 09:19
2026-08-07T09:18:00.000+01:00,DIAG-CLOSE;CADJPY;s=1;prev=12;c=13;firstObs=false;slotOn=true;inWindow=false;time_close=08-07 09:19
2026-08-07T09:18:00.000+01:00,DIAG-CLOSE;CADJPY;s=2;prev=2;c=3;firstObs=false;slotOn=true;inWindow=false;time_close=08-07 09:19
2026-08-07T09:18:00.000+01:00,DIAG-CLOSE;CADJPY;s=4;prev=3;c=4;firstObs=false;slotOn=true;inWindow=false;time_close=08-07 09:19
2026-08-07T09:21:00.000+01:00,DIAG-CLOSE;EURJPY;s=0;prev=11;c=12;firstObs=false;slotOn=true;inWindow=false;time_close=08-07 09:22
2026-08-07T09:21:00.000+01:00,DIAG-CLOSE;EURJPY;s=1;prev=11;c=12;firstObs=false;slotOn=true;inWindow=false;time_close=08-07 09:22
2026-08-07T09:27:00.000+01:00,DIAG-CLOSE;USDJPY;s=2;prev=6;c=7;firstObs=false;slotOn=true;inWindow=false;time_close=08-07 09:28
2026-08-07T09:27:00.000+01:00,DIAG-CLOSE;USDJPY;s=3;prev=5;c=6;firstObs=false;slotOn=true;inWindow=false;time_close=08-07 09:28
2026-08-07T09:27:00.000+01:00,DIAG-CLOSE;USDJPY;s=5;prev=3;c=4;firstObs=false;slotOn=true;inWindow=false;time_close=08-07 09:28
2026-08-07T09:48:00.000+01:00,DIAG-CLOSE;USDJPY;s=0;prev=16;c=17;firstObs=false;slotOn=true;inWindow=false;time_close=08-07 09:49
2026-08-07T09:48:00.000+01:00,DIAG-CLOSE;USDJPY;s=1;prev=16;c=17;firstObs=false;slotOn=true;inWindow=false;time_close=08-07 09:49
2026-08-07T09:48:00.000+01:00,DIAG-CLOSE;USDJPY;s=4;prev=2;c=3;firstObs=false;slotOn=true;inWindow=false;time_close=08-07 09:49
2026-08-07T09:49:00.000+01:00,DIAG-CLOSE;AUDUSD;s=0;prev=6;c=7;firstObs=false;slotOn=true;inWindow=false;time_close=08-07 09:50
2026-08-07T09:49:00.000+01:00,DIAG-CLOSE;AUDUSD;s=1;prev=6;c=7;firstObs=false;slotOn=true;inWindow=false;time_close=08-07 09:50
2026-08-07T09:49:00.000+01:00,DIAG-CLOSE;AUDUSD;s=4;prev=2;c=3;firstObs=false;slotOn=true;inWindow=false;time_close=08-07 09:50
2026-08-07T09:49:00.000+01:00,DIAG-CLOSE;AUDUSD;s=6;prev=2;c=3;firstObs=false;slotOn=true;inWindow=false;time_close=08-07 09:50
2026-08-07T09:49:00.000+01:00,DIAG-CLOSE;AUDUSD;s=7;prev=3;c=4;firstObs=false;slotOn=true;inWindow=false;time_close=08-07 09:50
2026-08-07T09:58:00.000+01:00,DIAG-CLOSE;EURGBP;s=0;prev=12;c=13;firstObs=false;slotOn=true;inWindow=false;time_close=08-07 09:59
2026-08-07T09:58:00.000+01:00,DIAG-CLOSE;EURGBP;s=1;prev=13;c=14;firstObs=false;slotOn=true;inWindow=false;time_close=08-07 09:59
2026-08-07T10:17:00.000+01:00,DIAG-CLOSE;CHFJPY;s=0;prev=12;c=13;firstObs=false;slotOn=true;inWindow=false;time_close=08-07 10:18
2026-08-07T10:17:00.000+01:00,DIAG-CLOSE;CHFJPY;s=1;prev=13;c=14;firstObs=false;slotOn=true;inWindow=false;time_close=08-07 10:18
2026-08-07T10:18:00.000+01:00,DIAG-CLOSE;EURAUD;s=0;prev=12;c=13;firstObs=false;slotOn=true;inWindow=false;time_close=08-07 10:19
2026-08-07T10:18:00.000+01:00,DIAG-CLOSE;EURAUD;s=1;prev=10;c=11;firstObs=false;slotOn=true;inWindow=false;time_close=08-07 10:19
2026-08-07T10:34:00.000+01:00,DIAG-CLOSE;EURJPY;s=7;prev=2;c=3;firstObs=false;slotOn=true;inWindow=false;time_close=08-07 10:35
2026-08-07T11:07:00.000+01:00,DIAG-CLOSE;USDCAD;s=0;prev=16;c=17;firstObs=false;slotOn=true;inWindow=false;time_close=08-07 11:08
2026-08-07T11:19:00.000+01:00,DIAG-CLOSE;EURAUD;s=0;prev=13;c=14;firstObs=false;slotOn=true;inWindow=false;time_close=08-07 11:20
2026-08-07T11:19:00.000+01:00,DIAG-CLOSE;EURAUD;s=1;prev=11;c=12;firstObs=false;slotOn=true;inWindow=false;time_close=08-07 11:20
2026-08-07T11:19:00.000+01:00,DIAG-CLOSE;EURAUD;s=4;prev=3;c=4;firstObs=false;slotOn=true;inWindow=false;time_close=08-07 11:20
2026-08-07T11:19:00.000+01:00,DIAG-CLOSE;EURAUD;s=6;prev=2;c=3;firstObs=false;slotOn=true;inWindow=false;time_close=08-07 11:20
2026-08-07T11:19:00.000+01:00,DIAG-CLOSE;EURAUD;s=7;prev=1;c=2;firstObs=false;slotOn=true;inWindow=false;time_close=08-07 11:20
2026-08-07T11:39:00.000+01:00,DIAG-CLOSE;AUDCHF;s=0;prev=10;c=11;firstObs=false;slotOn=true;inWindow=false;time_close=08-07 11:40
2026-08-07T11:39:00.000+01:00,DIAG-CLOSE;AUDCHF;s=1;prev=10;c=11;firstObs=false;slotOn=true;inWindow=false;time_close=08-07 11:40
2026-08-07T11:48:00.000+01:00,DIAG-CLOSE;USDJPY;s=0;prev=17;c=18;firstObs=false;slotOn=true;inWindow=false;time_close=08-07 11:49
2026-08-07T11:48:00.000+01:00,DIAG-CLOSE;USDJPY;s=1;prev=17;c=18;firstObs=false;slotOn=true;inWindow=false;time_close=08-07 11:49
2026-08-07T11:48:00.000+01:00,DIAG-CLOSE;USDJPY;s=2;prev=7;c=8;firstObs=false;slotOn=true;inWindow=false;time_close=08-07 11:49
2026-08-07T11:48:00.000+01:00,DIAG-CLOSE;USDJPY;s=3;prev=6;c=7;firstObs=false;slotOn=true;inWindow=false;time_close=08-07 11:49
2026-08-07T11:48:00.000+01:00,DIAG-CLOSE;GBPCHF;s=0;prev=12;c=13;firstObs=false;slotOn=true;inWindow=false;time_close=08-07 11:49
2026-08-07T11:48:00.000+01:00,DIAG-CLOSE;GBPCHF;s=1;prev=10;c=11;firstObs=false;slotOn=true;inWindow=false;time_close=08-07 11:49
2026-08-07T11:56:00.000+01:00,DIAG-CLOSE;GBPCHF;s=6;prev=3;c=4;firstObs=false;slotOn=true;inWindow=false;time_close=08-07 11:57
2026-08-07T11:56:00.000+01:00,DIAG-CLOSE;GBPCHF;s=7;prev=5;c=6;firstObs=false;slotOn=true;inWindow=false;time_close=08-07 11:57
2026-08-07T12:19:00.000+01:00,DIAG-CLOSE;EURJPY;s=0;prev=12;c=13;firstObs=false;slotOn=true;inWindow=false;time_close=08-07 12:20
2026-08-07T12:19:00.000+01:00,DIAG-CLOSE;EURJPY;s=1;prev=12;c=13;firstObs=false;slotOn=true;inWindow=false;time_close=08-07 12:20
2026-08-07T12:19:00.000+01:00,DIAG-CLOSE;EURJPY;s=2;prev=5;c=6;firstObs=false;slotOn=true;inWindow=false;time_close=08-07 12:20
2026-08-07T12:19:00.000+01:00,DIAG-CLOSE;EURJPY;s=3;prev=4;c=5;firstObs=false;slotOn=true;inWindow=false;time_close=08-07 12:20
2026-08-07T12:20:00.000+01:00,DIAG-CLOSE;AUDCAD;s=0;prev=12;c=13;firstObs=false;slotOn=true;inWindow=false;time_close=08-07 12:21
2026-08-07T12:20:00.000+01:00,DIAG-CLOSE;AUDCAD;s=1;prev=11;c=12;firstObs=false;slotOn=true;inWindow=false;time_close=08-07 12:21
2026-08-07T12:20:00.000+01:00,DIAG-CLOSE;AUDCAD;s=2;prev=6;c=7;firstObs=false;slotOn=true;inWindow=false;time_close=08-07 12:21
2026-08-07T12:20:00.000+01:00,DIAG-CLOSE;AUDCAD;s=3;prev=6;c=7;firstObs=false;slotOn=true;inWindow=false;time_close=08-07 12:21
2026-08-07T12:20:00.000+01:00,DIAG-CLOSE;AUDCAD;s=4;prev=3;c=4;firstObs=false;slotOn=true;inWindow=false;time_close=08-07 12:21
2026-08-07T12:20:00.000+01:00,DIAG-CLOSE;AUDCAD;s=5;prev=4;c=5;firstObs=false;slotOn=true;inWindow=false;time_close=08-07 12:21
2026-08-07T12:20:00.000+01:00,DIAG-CLOSE;AUDCAD;s=6;prev=1;c=2;firstObs=false;slotOn=true;inWindow=false;time_close=08-07 12:21
2026-08-07T12:38:00.000+01:00,DIAG-CLOSE;AUDJPY;s=1;prev=10;c=11;firstObs=false;slotOn=true;inWindow=false;time_close=08-07 12:39
2026-08-07T12:42:00.000+01:00,DIAG-CLOSE;CHFJPY;s=0;prev=13;c=14;firstObs=false;slotOn=true;inWindow=false;time_close=08-07 12:43
2026-08-07T12:42:00.000+01:00,DIAG-CLOSE;CHFJPY;s=1;prev=14;c=15;firstObs=false;slotOn=true;inWindow=false;time_close=08-07 12:43
2026-08-07T12:43:00.000+01:00,DIAG-CLOSE;USDCAD;s=6;prev=1;c=2;firstObs=false;slotOn=true;inWindow=false;time_close=08-07 12:44
2026-08-07T12:49:00.000+01:00,DIAG-CLOSE;CADJPY;s=0;prev=14;c=15;firstObs=false;slotOn=true;inWindow=false;time_close=08-07 12:50
2026-08-07T12:49:00.000+01:00,DIAG-CLOSE;CADJPY;s=1;prev=13;c=14;firstObs=false;slotOn=true;inWindow=false;time_close=08-07 12:50
2026-08-07T13:05:00.000+01:00,DIAG-CLOSE;GBPJPY;s=0;prev=13;c=14;firstObs=false;slotOn=true;inWindow=false;time_close=08-07 13:06
2026-08-07T13:05:00.000+01:00,DIAG-CLOSE;GBPJPY;s=1;prev=12;c=13;firstObs=false;slotOn=true;inWindow=false;time_close=08-07 13:06
2026-08-07T13:06:00.000+01:00,DIAG-CLOSE;EURAUD;s=0;prev=14;c=15;firstObs=false;slotOn=true;inWindow=false;time_close=08-07 13:07
2026-08-07T13:15:00.000+01:00,DIAG-CLOSE;USDCAD;s=0;prev=17;c=18;firstObs=false;slotOn=true;inWindow=false;time_close=08-07 13:16
2026-08-07T13:15:00.000+01:00,DIAG-CLOSE;USDCAD;s=1;prev=14;c=15;firstObs=false;slotOn=true;inWindow=false;time_close=08-07 13:16
2026-08-07T13:15:00.000+01:00,DIAG-CLOSE;USDCAD;s=2;prev=6;c=7;firstObs=false;slotOn=true;inWindow=false;time_close=08-07 13:16
2026-08-07T13:15:00.000+01:00,DIAG-CLOSE;USDCAD;s=3;prev=6;c=7;firstObs=false;slotOn=true;inWindow=false;time_close=08-07 13:16
2026-08-07T13:15:00.000+01:00,DIAG-CLOSE;USDCAD;s=4;prev=4;c=5;firstObs=false;slotOn=true;inWindow=false;time_close=08-07 13:16
2026-08-07T13:20:00.000+01:00,DIAG-CLOSE;EURCAD;s=0;prev=7;c=8;firstObs=false;slotOn=true;inWindow=false;time_close=08-07 13:21
2026-08-07T13:20:00.000+01:00,DIAG-CLOSE;EURCAD;s=1;prev=7;c=8;firstObs=false;slotOn=true;inWindow=false;time_close=08-07 13:21
2026-08-07T13:20:00.000+01:00,DIAG-CLOSE;CADJPY;s=7;prev=1;c=2;firstObs=false;slotOn=true;inWindow=false;time_close=08-07 13:21
2026-08-07T13:31:00.000+01:00,DIAG-CLOSE;AUDJPY;s=0;prev=11;c=12;firstObs=false;slotOn=true;inWindow=false;time_close=08-07 13:32
2026-08-07T13:31:00.000+01:00,DIAG-CLOSE;AUDJPY;s=1;prev=11;c=12;firstObs=false;slotOn=true;inWindow=false;time_close=08-07 13:32
2026-08-07T13:31:00.000+01:00,DIAG-CLOSE;AUDJPY;s=2;prev=5;c=6;firstObs=false;slotOn=true;inWindow=false;time_close=08-07 13:32
2026-08-07T13:31:00.000+01:00,DIAG-CLOSE;AUDJPY;s=3;prev=5;c=6;firstObs=false;slotOn=true;inWindow=false;time_close=08-07 13:32
2026-08-07T13:32:00.000+01:00,DIAG-CLOSE;EURCHF;s=0;prev=13;c=14;firstObs=false;slotOn=true;inWindow=false;time_close=08-07 13:33
2026-08-07T13:35:00.000+01:00,DIAG-CLOSE;GBPAUD;s=0;prev=12;c=13;firstObs=false;slotOn=true;inWindow=false;time_close=08-07 13:36
2026-08-07T13:35:00.000+01:00,DIAG-CLOSE;GBPAUD;s=1;prev=12;c=13;firstObs=false;slotOn=true;inWindow=false;time_close=08-07 13:36
2026-08-07T13:35:00.000+01:00,DIAG-CLOSE;GBPAUD;s=2;prev=5;c=6;firstObs=false;slotOn=true;inWindow=false;time_close=08-07 13:36
2026-08-07T13:35:00.000+01:00,DIAG-CLOSE;GBPAUD;s=3;prev=5;c=6;firstObs=false;slotOn=true;inWindow=false;time_close=08-07 13:36
2026-08-07T13:35:00.000+01:00,DIAG-CLOSE;GBPAUD;s=4;prev=4;c=5;firstObs=false;slotOn=true;inWindow=false;time_close=08-07 13:36
2026-08-07T13:35:00.000+01:00,DIAG-CLOSE;GBPAUD;s=5;prev=5;c=6;firstObs=false;slotOn=true;inWindow=false;time_close=08-07 13:36
2026-08-07T13:36:00.000+01:00,DIAG-CLOSE;GBPJPY;s=2;prev=6;c=7;firstObs=false;slotOn=true;inWindow=false;time_close=08-07 13:37
2026-08-07T13:36:00.000+01:00,DIAG-CLOSE;GBPJPY;s=3;prev=7;c=8;firstObs=false;slotOn=true;inWindow=false;time_close=08-07 13:37
2026-08-07T13:36:00.000+01:00,DIAG-CLOSE;GBPJPY;s=5;prev=3;c=4;firstObs=false;slotOn=true;inWindow=false;time_close=08-07 13:37
2026-08-07T13:42:00.000+01:00,DIAG-CLOSE;USDJPY;s=0;prev=18;c=19;firstObs=false;slotOn=true;inWindow=false;time_close=08-07 13:43
2026-08-07T13:42:00.000+01:00,DIAG-CLOSE;USDJPY;s=1;prev=18;c=19;firstObs=false;slotOn=true;inWindow=false;time_close=08-07 13:43
2026-08-07T13:42:00.000+01:00,DIAG-CLOSE;USDJPY;s=2;prev=8;c=9;firstObs=false;slotOn=true;inWindow=false;time_close=08-07 13:43
2026-08-07T13:42:00.000+01:00,DIAG-CLOSE;USDJPY;s=3;prev=7;c=8;firstObs=false;slotOn=true;inWindow=false;time_close=08-07 13:43
2026-08-07T13:42:00.000+01:00,DIAG-CLOSE;USDJPY;s=4;prev=3;c=4;firstObs=false;slotOn=true;inWindow=false;time_close=08-07 13:43
2026-08-07T13:42:00.000+01:00,DIAG-CLOSE;USDJPY;s=5;prev=4;c=5;firstObs=false;slotOn=true;inWindow=false;time_close=08-07 13:43
2026-08-07T13:42:00.000+01:00,DIAG-CLOSE;USDJPY;s=7;prev=4;c=5;firstObs=false;slotOn=true;inWindow=false;time_close=08-07 13:43
2026-08-07T13:48:00.000+01:00,DIAG-CLOSE;CHFJPY;s=0;prev=14;c=15;firstObs=false;slotOn=true;inWindow=false;time_close=08-07 13:49
2026-08-07T13:48:00.000+01:00,DIAG-CLOSE;CHFJPY;s=1;prev=15;c=16;firstObs=false;slotOn=true;inWindow=false;time_close=08-07 13:49
2026-08-07T14:01:00.000+01:00,DIAG-CLOSE;EURJPY;s=0;prev=13;c=14;firstObs=false;slotOn=true;inWindow=false;time_close=08-07 14:02
2026-08-07T14:02:00.000+01:00,DIAG-CLOSE;CADJPY;s=0;prev=15;c=16;firstObs=false;slotOn=true;inWindow=false;time_close=08-07 14:03
2026-08-07T14:02:00.000+01:00,DIAG-CLOSE;CADJPY;s=1;prev=14;c=15;firstObs=false;slotOn=true;inWindow=false;time_close=08-07 14:03
2026-08-07T14:28:00.000+01:00,DIAG-CLOSE;CADCHF;s=4;prev=2;c=3;firstObs=false;slotOn=true;inWindow=false;time_close=08-07 14:29
2026-08-07T14:38:00.000+01:00,DIAG-CLOSE;EURAUD;s=1;prev=12;c=13;firstObs=false;slotOn=true;inWindow=false;time_close=08-07 14:39
2026-08-07T14:43:00.000+01:00,DIAG-CLOSE;USDCAD;s=0;prev=18;c=19;firstObs=false;slotOn=true;inWindow=false;time_close=08-07 14:44
2026-08-07T14:43:00.000+01:00,DIAG-CLOSE;USDCAD;s=1;prev=15;c=16;firstObs=false;slotOn=true;inWindow=false;time_close=08-07 14:44
2026-08-07T14:50:00.000+01:00,DIAG-CLOSE;AUDCAD;s=0;prev=13;c=14;firstObs=false;slotOn=true;inWindow=false;time_close=08-07 14:51
2026-08-07T14:50:00.000+01:00,DIAG-CLOSE;AUDCAD;s=1;prev=12;c=13;firstObs=false;slotOn=true;inWindow=false;time_close=08-07 14:51
2026-08-07T14:52:00.000+01:00,DIAG-CLOSE;AUDCAD;s=2;prev=7;c=8;firstObs=false;slotOn=true;inWindow=false;time_close=08-07 14:53
2026-08-07T14:52:00.000+01:00,DIAG-CLOSE;AUDCAD;s=3;prev=7;c=8;firstObs=false;slotOn=true;inWindow=false;time_close=08-07 14:53
2026-08-07T14:53:00.000+01:00,DIAG-CLOSE;EURUSD;s=0;prev=14;c=15;firstObs=false;slotOn=true;inWindow=false;time_close=08-07 14:54
2026-08-07T14:53:00.000+01:00,DIAG-CLOSE;EURUSD;s=1;prev=15;c=16;firstObs=false;slotOn=true;inWindow=false;time_close=08-07 14:54
2026-08-07T14:53:00.000+01:00,DIAG-CLOSE;EURUSD;s=2;prev=6;c=7;firstObs=false;slotOn=true;inWindow=false;time_close=08-07 14:54
2026-08-07T14:53:00.000+01:00,DIAG-CLOSE;EURUSD;s=3;prev=5;c=6;firstObs=false;slotOn=true;inWindow=false;time_close=08-07 14:54
2026-08-07T14:53:00.000+01:00,DIAG-CLOSE;EURUSD;s=5;prev=0;c=1;firstObs=false;slotOn=true;inWindow=false;time_close=08-07 14:54
2026-08-07T14:53:00.000+01:00,DIAG-CLOSE;GBPUSD;s=0;prev=14;c=15;firstObs=false;slotOn=true;inWindow=false;time_close=08-07 14:54
2026-08-07T14:53:00.000+01:00,DIAG-CLOSE;GBPUSD;s=1;prev=15;c=16;firstObs=false;slotOn=true;inWindow=false;time_close=08-07 14:54
2026-08-07T14:53:00.000+01:00,DIAG-CLOSE;GBPUSD;s=2;prev=6;c=7;firstObs=false;slotOn=true;inWindow=false;time_close=08-07 14:54
2026-08-07T14:53:00.000+01:00,DIAG-CLOSE;GBPUSD;s=3;prev=4;c=5;firstObs=false;slotOn=true;inWindow=false;time_close=08-07 14:54
2026-08-07T14:53:00.000+01:00,DIAG-CLOSE;GBPUSD;s=4;prev=3;c=4;firstObs=false;slotOn=true;inWindow=false;time_close=08-07 14:54
2026-08-07T14:53:00.000+01:00,DIAG-CLOSE;GBPUSD;s=5;prev=1;c=2;firstObs=false;slotOn=true;inWindow=false;time_close=08-07 14:54
2026-08-07T14:53:00.000+01:00,DIAG-CLOSE;AUDUSD;s=0;prev=7;c=8;firstObs=false;slotOn=true;inWindow=false;time_close=08-07 14:54
2026-08-07T15:08:00.000+01:00,DIAG-CLOSE;EURGBP;s=0;prev=13;c=14;firstObs=false;slotOn=true;inWindow=false;time_close=08-07 15:09
2026-08-07T15:08:00.000+01:00,DIAG-CLOSE;EURGBP;s=1;prev=14;c=15;firstObs=false;slotOn=true;inWindow=false;time_close=08-07 15:09
2026-08-07T15:13:00.000+01:00,DIAG-CLOSE;EURCHF;s=0;prev=14;c=15;firstObs=false;slotOn=true;inWindow=false;time_close=08-07 15:14
2026-08-07T15:13:00.000+01:00,DIAG-CLOSE;EURCHF;s=1;prev=12;c=13;firstObs=false;slotOn=true;inWindow=false;time_close=08-07 15:14
2026-08-07T15:13:00.000+01:00,DIAG-CLOSE;EURCHF;s=4;prev=0;c=1;firstObs=false;slotOn=true;inWindow=false;time_close=08-07 15:14
2026-08-07T15:25:00.000+01:00,DIAG-CLOSE;AUDCAD;s=0;prev=14;c=15;firstObs=false;slotOn=true;inWindow=false;time_close=08-07 15:26
2026-08-07T15:25:00.000+01:00,DIAG-CLOSE;AUDCAD;s=1;prev=13;c=14;firstObs=false;slotOn=true;inWindow=false;time_close=08-07 15:26
2026-08-07T15:51:00.000+01:00,DIAG-CLOSE;AUDUSD;s=0;prev=8;c=9;firstObs=false;slotOn=true;inWindow=false;time_close=08-07 15:52
2026-08-07T15:51:00.000+01:00,DIAG-CLOSE;AUDUSD;s=1;prev=7;c=8;firstObs=false;slotOn=true;inWindow=false;time_close=08-07 15:52
2026-08-07T16:13:00.000+01:00,DIAG-CLOSE;USDCAD;s=0;prev=19;c=20;firstObs=false;slotOn=true;inWindow=false;time_close=08-07 16:14
2026-08-07T16:13:00.000+01:00,DIAG-CLOSE;USDCAD;s=1;prev=16;c=17;firstObs=false;slotOn=true;inWindow=false;time_close=08-07 16:14
2026-08-07T16:13:00.000+01:00,DIAG-CLOSE;USDCAD;s=2;prev=7;c=8;firstObs=false;slotOn=true;inWindow=false;time_close=08-07 16:14
2026-08-07T16:13:00.000+01:00,DIAG-CLOSE;USDCAD;s=3;prev=7;c=8;firstObs=false;slotOn=true;inWindow=false;time_close=08-07 16:14
2026-08-07T16:13:00.000+01:00,DIAG-CLOSE;USDCAD;s=4;prev=5;c=6;firstObs=false;slotOn=true;inWindow=false;time_close=08-07 16:14
2026-08-07T16:13:00.000+01:00,DIAG-CLOSE;USDJPY;s=0;prev=19;c=20;firstObs=false;slotOn=true;inWindow=false;time_close=08-07 16:14
2026-08-07T16:13:00.000+01:00,DIAG-CLOSE;USDJPY;s=1;prev=19;c=20;firstObs=false;slotOn=true;inWindow=false;time_close=08-07 16:14
2026-08-07T16:19:00.000+01:00,DIAG-CLOSE;AUDUSD;s=4;prev=3;c=4;firstObs=false;slotOn=true;inWindow=false;time_close=08-07 16:20
2026-08-07T17:06:00.000+01:00,DIAG-CLOSE;AUDCAD;s=0;prev=15;c=16;firstObs=false;slotOn=true;inWindow=false;time_close=08-07 17:07
2026-08-07T17:06:00.000+01:00,DIAG-CLOSE;AUDCAD;s=1;prev=14;c=15;firstObs=false;slotOn=true;inWindow=false;time_close=08-07 17:07
2026-08-07T17:06:00.000+01:00,DIAG-CLOSE;AUDCAD;s=2;prev=8;c=9;firstObs=false;slotOn=true;inWindow=false;time_close=08-07 17:07
2026-08-07T17:06:00.000+01:00,DIAG-CLOSE;AUDCAD;s=3;prev=8;c=9;firstObs=false;slotOn=true;inWindow=false;time_close=08-07 17:07
2026-08-07T17:06:00.000+01:00,DIAG-CLOSE;AUDCAD;s=4;prev=4;c=5;firstObs=false;slotOn=true;inWindow=false;time_close=08-07 17:07
2026-08-07T17:06:00.000+01:00,DIAG-CLOSE;AUDCAD;s=6;prev=2;c=3;firstObs=false;slotOn=true;inWindow=false;time_close=08-07 17:07
2026-08-07T17:06:00.000+01:00,DIAG-CLOSE;AUDCAD;s=7;prev=0;c=1;firstObs=false;slotOn=true;inWindow=false;time_close=08-07 17:07
2026-08-07T17:10:00.000+01:00,DIAG-CLOSE;AUDUSD;s=0;prev=9;c=10;firstObs=false;slotOn=true;inWindow=false;time_close=08-07 17:11
2026-08-07T17:10:00.000+01:00,DIAG-CLOSE;AUDUSD;s=1;prev=8;c=9;firstObs=false;slotOn=true;inWindow=false;time_close=08-07 17:11
2026-08-07T17:13:00.000+01:00,DIAG-CLOSE;USDCAD;s=0;prev=20;c=21;firstObs=false;slotOn=true;inWindow=false;time_close=08-07 17:14
2026-08-07T17:13:00.000+01:00,DIAG-CLOSE;USDCAD;s=1;prev=17;c=18;firstObs=false;slotOn=true;inWindow=false;time_close=08-07 17:14
2026-08-07T17:13:00.000+01:00,DIAG-CLOSE;USDCAD;s=2;prev=8;c=9;firstObs=false;slotOn=true;inWindow=false;time_close=08-07 17:14
2026-08-07T17:13:00.000+01:00,DIAG-CLOSE;USDCAD;s=3;prev=8;c=9;firstObs=false;slotOn=true;inWindow=false;time_close=08-07 17:14
2026-08-07T17:13:00.000+01:00,DIAG-CLOSE;USDCAD;s=4;prev=6;c=7;firstObs=false;slotOn=true;inWindow=false;time_close=08-07 17:14
2026-08-07T17:13:00.000+01:00,DIAG-CLOSE;USDCAD;s=5;prev=3;c=4;firstObs=false;slotOn=true;inWindow=false;time_close=08-07 17:14
2026-08-07T17:13:00.000+01:00,DIAG-CLOSE;USDCAD;s=6;prev=2;c=3;firstObs=false;slotOn=true;inWindow=false;time_close=08-07 17:14
2026-08-07T17:13:00.000+01:00,DIAG-CLOSE;USDCAD;s=7;prev=0;c=1;firstObs=false;slotOn=true;inWindow=false;time_close=08-07 17:14
2026-08-07T17:21:00.000+01:00,DIAG-CLOSE;EURCAD;s=0;prev=8;c=9;firstObs=false;slotOn=true;inWindow=false;time_close=08-07 17:22
2026-08-07T17:21:00.000+01:00,DIAG-CLOSE;EURCAD;s=1;prev=8;c=9;firstObs=false;slotOn=true;inWindow=false;time_close=08-07 17:22
2026-08-07T17:21:00.000+01:00,DIAG-CLOSE;CADJPY;s=0;prev=16;c=17;firstObs=false;slotOn=true;inWindow=false;time_close=08-07 17:22
2026-08-07T17:21:00.000+01:00,DIAG-CLOSE;CADJPY;s=1;prev=15;c=16;firstObs=false;slotOn=true;inWindow=false;time_close=08-07 17:22
2026-08-07T17:21:00.000+01:00,DIAG-CLOSE;CADJPY;s=4;prev=4;c=5;firstObs=false;slotOn=true;inWindow=false;time_close=08-07 17:22
2026-08-07T17:30:00.000+01:00,DIAG-CLOSE;GBPCAD;s=2;prev=4;c=5;firstObs=false;slotOn=true;inWindow=false;time_close=08-07 17:31
2026-08-07T17:30:00.000+01:00,DIAG-CLOSE;GBPCAD;s=3;prev=3;c=4;firstObs=false;slotOn=true;inWindow=false;time_close=08-07 17:31
2026-08-07T17:37:00.000+01:00,DIAG-CLOSE;GBPCAD;s=0;prev=12;c=13;firstObs=false;slotOn=true;inWindow=false;time_close=08-07 17:38
2026-08-07T17:37:00.000+01:00,DIAG-CLOSE;GBPCAD;s=1;prev=13;c=14;firstObs=false;slotOn=true;inWindow=false;time_close=08-07 17:38
2026-08-07T17:38:00.000+01:00,DIAG-CLOSE;GBPAUD;s=0;prev=13;c=14;firstObs=false;slotOn=true;inWindow=false;time_close=08-07 17:39
2026-08-07T17:38:00.000+01:00,DIAG-CLOSE;GBPAUD;s=1;prev=13;c=14;firstObs=false;slotOn=true;inWindow=false;time_close=08-07 17:39
2026-08-07T17:48:00.000+01:00,DIAG-CLOSE;EURCAD;s=2;prev=1;c=2;firstObs=false;slotOn=true;inWindow=false;time_close=08-07 17:49
2026-08-07T17:48:00.000+01:00,DIAG-CLOSE;EURCAD;s=3;prev=1;c=2;firstObs=false;slotOn=true;inWindow=false;time_close=08-07 17:49
2026-08-07T17:48:00.000+01:00,DIAG-CLOSE;EURCAD;s=5;prev=0;c=1;firstObs=false;slotOn=true;inWindow=false;time_close=08-07 17:49
2026-08-07T18:39:00.000+01:00,DIAG-CLOSE;AUDCHF;s=0;prev=11;c=12;firstObs=false;slotOn=true;inWindow=false;time_close=08-07 18:40
2026-08-07T18:39:00.000+01:00,DIAG-CLOSE;AUDCHF;s=1;prev=11;c=12;firstObs=false;slotOn=true;inWindow=false;time_close=08-07 18:40
2026-08-07T18:50:00.000+01:00,DIAG-CLOSE;EURAUD;s=2;prev=3;c=4;firstObs=false;slotOn=true;inWindow=false;time_close=08-07 18:51
2026-08-07T18:59:00.000+01:00,DIAG-CLOSE;EURCAD;s=0;prev=9;c=10;firstObs=false;slotOn=true;inWindow=false;time_close=08-07 19:00
2026-08-07T18:59:00.000+01:00,DIAG-CLOSE;EURCAD;s=1;prev=9;c=10;firstObs=false;slotOn=true;inWindow=false;time_close=08-07 19:00
2026-08-07T19:20:00.000+01:00,DIAG-CLOSE;USDJPY;s=0;prev=20;c=21;firstObs=false;slotOn=true;inWindow=false;time_close=08-07 19:21
2026-08-07T19:20:00.000+01:00,DIAG-CLOSE;USDJPY;s=1;prev=20;c=21;firstObs=false;slotOn=true;inWindow=false;time_close=08-07 19:21
2026-08-07T19:20:00.000+01:00,DIAG-CLOSE;USDJPY;s=2;prev=9;c=10;firstObs=false;slotOn=true;inWindow=false;time_close=08-07 19:21
2026-08-07T19:20:00.000+01:00,DIAG-CLOSE;USDJPY;s=3;prev=8;c=9;firstObs=false;slotOn=true;inWindow=false;time_close=08-07 19:21
2026-08-07T19:20:00.000+01:00,DIAG-CLOSE;USDJPY;s=4;prev=4;c=5;firstObs=false;slotOn=true;inWindow=false;time_close=08-07 19:21
2026-08-07T19:20:00.000+01:00,DIAG-CLOSE;USDJPY;s=5;prev=5;c=6;firstObs=false;slotOn=true;inWindow=false;time_close=08-07 19:21
2026-08-07T19:30:00.000+01:00,DIAG-CLOSE;EURAUD;s=0;prev=15;c=16;firstObs=false;slotOn=true;inWindow=false;time_close=08-07 19:31
2026-08-07T19:30:00.000+01:00,DIAG-CLOSE;EURAUD;s=1;prev=13;c=14;firstObs=false;slotOn=true;inWindow=false;time_close=08-07 19:31
2026-08-07T19:30:00.000+01:00,DIAG-CLOSE;EURAUD;s=3;prev=3;c=4;firstObs=false;slotOn=true;inWindow=false;time_close=08-07 19:31
2026-08-07T19:40:00.000+01:00,DIAG-CLOSE;AUDUSD;s=0;prev=10;c=11;firstObs=false;slotOn=true;inWindow=false;time_close=08-07 19:41
2026-08-07T19:40:00.000+01:00,DIAG-CLOSE;AUDUSD;s=1;prev=9;c=10;firstObs=false;slotOn=true;inWindow=false;time_close=08-07 19:41
2026-08-07T19:40:00.000+01:00,DIAG-CLOSE;AUDUSD;s=2;prev=4;c=5;firstObs=false;slotOn=true;inWindow=false;time_close=08-07 19:41
2026-08-07T19:40:00.000+01:00,DIAG-CLOSE;AUDUSD;s=3;prev=4;c=5;firstObs=false;slotOn=true;inWindow=false;time_close=08-07 19:41
2026-08-07T19:40:00.000+01:00,DIAG-CLOSE;AUDUSD;s=4;prev=4;c=5;firstObs=false;slotOn=true;inWindow=false;time_close=08-07 19:41
2026-08-07T19:42:00.000+01:00,DIAG-CLOSE;EURCAD;s=2;prev=2;c=3;firstObs=false;slotOn=true;inWindow=false;time_close=08-07 19:43
2026-08-07T19:42:00.000+01:00,DIAG-CLOSE;EURCAD;s=3;prev=2;c=3;firstObs=false;slotOn=true;inWindow=false;time_close=08-07 19:43
2026-08-07T19:42:00.000+01:00,DIAG-CLOSE;EURCAD;s=7;prev=0;c=1;firstObs=false;slotOn=true;inWindow=false;time_close=08-07 19:43
2026-08-07T19:42:00.000+01:00,DIAG-CLOSE;GBPCAD;s=0;prev=13;c=14;firstObs=false;slotOn=true;inWindow=false;time_close=08-07 19:43
2026-08-07T19:42:00.000+01:00,DIAG-CLOSE;GBPCAD;s=1;prev=14;c=15;firstObs=false;slotOn=true;inWindow=false;time_close=08-07 19:43
2026-08-07T19:45:00.000+01:00,DIAG-CLOSE;AUDUSD;s=6;prev=3;c=4;firstObs=false;slotOn=true;inWindow=false;time_close=08-07 19:46
2026-08-07T19:45:00.000+01:00,DIAG-CLOSE;AUDUSD;s=7;prev=4;c=5;firstObs=false;slotOn=true;inWindow=false;time_close=08-07 19:46
2026-08-07T19:50:00.000+01:00,DIAG-CLOSE;CADJPY;s=0;prev=17;c=18;firstObs=false;slotOn=true;inWindow=false;time_close=08-07 19:51
2026-08-07T19:50:00.000+01:00,DIAG-CLOSE;CADJPY;s=1;prev=16;c=17;firstObs=false;slotOn=true;inWindow=false;time_close=08-07 19:51
2026-08-07T19:50:00.000+01:00,DIAG-CLOSE;CADJPY;s=2;prev=3;c=4;firstObs=false;slotOn=true;inWindow=false;time_close=08-07 19:51
2026-08-07T19:50:00.000+01:00,DIAG-CLOSE;CADJPY;s=3;prev=2;c=3;firstObs=false;slotOn=true;inWindow=false;time_close=08-07 19:51
2026-08-10T08:10:00.000+01:00,DIAG-CLOSE;CADCHF;s=0;prev=15;c=16;firstObs=false;slotOn=true;inWindow=false;time_close=08-10 08:11
2026-08-10T08:10:00.000+01:00,DIAG-CLOSE;CADCHF;s=1;prev=14;c=15;firstObs=false;slotOn=true;inWindow=false;time_close=08-10 08:11
2026-08-10T08:14:00.000+01:00,DIAG-CLOSE;GBPAUD;s=0;prev=14;c=15;firstObs=false;slotOn=true;inWindow=false;time_close=08-10 08:15
2026-08-10T08:14:00.000+01:00,DIAG-CLOSE;GBPAUD;s=1;prev=14;c=15;firstObs=false;slotOn=true;inWindow=false;time_close=08-10 08:15
2026-08-10T08:14:00.000+01:00,DIAG-CLOSE;GBPAUD;s=4;prev=5;c=6;firstObs=false;slotOn=true;inWindow=false;time_close=08-10 08:15
2026-08-10T08:22:00.000+01:00,DIAG-CLOSE;GBPAUD;s=2;prev=6;c=7;firstObs=false;slotOn=true;inWindow=false;time_close=08-10 08:23
2026-08-10T08:23:00.000+01:00,DIAG-CLOSE;EURGBP;s=0;prev=14;c=15;firstObs=false;slotOn=true;inWindow=false;time_close=08-10 08:24
2026-08-10T08:23:00.000+01:00,DIAG-CLOSE;EURGBP;s=1;prev=15;c=16;firstObs=false;slotOn=true;inWindow=false;time_close=08-10 08:24
2026-08-10T08:23:00.000+01:00,DIAG-CLOSE;EURGBP;s=2;prev=5;c=6;firstObs=false;slotOn=true;inWindow=false;time_close=08-10 08:24
2026-08-10T08:23:00.000+01:00,DIAG-CLOSE;EURGBP;s=3;prev=4;c=5;firstObs=false;slotOn=true;inWindow=false;time_close=08-10 08:24
2026-08-10T08:38:00.000+01:00,DIAG-CLOSE;GBPAUD;s=3;prev=6;c=7;firstObs=false;slotOn=true;inWindow=false;time_close=08-10 08:39
2026-08-10T08:38:00.000+01:00,DIAG-CLOSE;GBPAUD;s=5;prev=6;c=7;firstObs=false;slotOn=true;inWindow=false;time_close=08-10 08:39
2026-08-10T08:40:00.000+01:00,DIAG-CLOSE;EURUSD;s=0;prev=15;c=16;firstObs=false;slotOn=true;inWindow=false;time_close=08-10 08:41
2026-08-10T08:40:00.000+01:00,DIAG-CLOSE;EURUSD;s=1;prev=16;c=17;firstObs=false;slotOn=true;inWindow=false;time_close=08-10 08:41
2026-08-10T08:40:00.000+01:00,DIAG-CLOSE;EURUSD;s=2;prev=7;c=8;firstObs=false;slotOn=true;inWindow=false;time_close=08-10 08:41
2026-08-10T08:40:00.000+01:00,DIAG-CLOSE;EURUSD;s=3;prev=6;c=7;firstObs=false;slotOn=true;inWindow=false;time_close=08-10 08:41
2026-08-10T08:44:00.000+01:00,DIAG-CLOSE;USDCAD;s=4;prev=7;c=8;firstObs=false;slotOn=true;inWindow=false;time_close=08-10 08:45
2026-08-10T09:09:00.000+01:00,DIAG-CLOSE;AUDUSD;s=0;prev=11;c=12;firstObs=false;slotOn=true;inWindow=true;time_close=08-10 09:10
2026-08-10T09:09:00.000+01:00,DIAG-DEDUP;AUDUSD;s=0;wOpened=08-10 08:40;nd=0;bestStored=none;bestStoredSlot=-1;newWins=true
2026-08-10T09:09:00.000+01:00,DIAG-CLOSE;AUDUSD;s=1;prev=10;c=11;firstObs=false;slotOn=true;inWindow=true;time_close=08-10 09:10
2026-08-10T09:09:00.000+01:00,DIAG-DEDUP;AUDUSD;s=1;wOpened=08-10 08:40;nd=1;bestStored=08-10 08:40;bestStoredSlot=0;newWins=true
2026-08-10T09:09:00.000+01:00,DIAG-CLOSE;AUDUSD;s=2;prev=5;c=6;firstObs=false;slotOn=true;inWindow=true;time_close=08-10 09:10
2026-08-10T09:09:00.000+01:00,DIAG-DEDUP;AUDUSD;s=2;wOpened=08-10 09:08;nd=1;bestStored=08-10 08:40;bestStoredSlot=1;newWins=false
2026-08-10T09:09:00.000+01:00,DIAG-CLOSE;AUDUSD;s=3;prev=5;c=6;firstObs=false;slotOn=true;inWindow=true;time_close=08-10 09:10
2026-08-10T09:09:00.000+01:00,DIAG-DEDUP;AUDUSD;s=3;wOpened=08-10 09:08;nd=1;bestStored=08-10 08:40;bestStoredSlot=1;newWins=false
2026-08-10T09:11:00.000+01:00,DIAG-CLOSE;GBPCHF;s=0;prev=13;c=14;firstObs=false;slotOn=true;inWindow=true;time_close=08-10 09:12
2026-08-10T09:11:00.000+01:00,DIAG-DEDUP;GBPCHF;s=0;wOpened=08-10 09:10;nd=0;bestStored=none;bestStoredSlot=-1;newWins=true
2026-08-10T09:11:00.000+01:00,DIAG-CLOSE;GBPCHF;s=1;prev=11;c=12;firstObs=false;slotOn=true;inWindow=true;time_close=08-10 09:12
2026-08-10T09:11:00.000+01:00,DIAG-DEDUP;GBPCHF;s=1;wOpened=08-10 09:10;nd=1;bestStored=08-10 09:10;bestStoredSlot=0;newWins=true
2026-08-10T09:14:00.000+01:00,DIAG-CLOSE;EURJPY;s=0;prev=14;c=15;firstObs=false;slotOn=true;inWindow=true;time_close=08-10 09:15
2026-08-10T09:14:00.000+01:00,DIAG-DEDUP;EURJPY;s=0;wOpened=08-10 08:47;nd=0;bestStored=none;bestStoredSlot=-1;newWins=true
2026-08-10T09:14:00.000+01:00,DIAG-CLOSE;EURJPY;s=1;prev=13;c=14;firstObs=false;slotOn=true;inWindow=true;time_close=08-10 09:15
2026-08-10T09:14:00.000+01:00,DIAG-DEDUP;EURJPY;s=1;wOpened=08-10 08:47;nd=1;bestStored=08-10 08:47;bestStoredSlot=0;newWins=true
2026-08-10T09:19:00.000+01:00,DIAG-CLOSE;CADJPY;s=0;prev=18;c=19;firstObs=false;slotOn=true;inWindow=true;time_close=08-10 09:20
2026-08-10T09:19:00.000+01:00,DIAG-DEDUP;CADJPY;s=0;wOpened=08-10 09:18;nd=0;bestStored=none;bestStoredSlot=-1;newWins=true
2026-08-10T09:19:00.000+01:00,DIAG-CLOSE;CADJPY;s=1;prev=17;c=18;firstObs=false;slotOn=true;inWindow=true;time_close=08-10 09:20
2026-08-10T09:19:00.000+01:00,DIAG-DEDUP;CADJPY;s=1;wOpened=08-10 09:18;nd=1;bestStored=08-10 09:18;bestStoredSlot=0;newWins=true
2026-08-10T09:19:00.000+01:00,DIAG-CLOSE;CADJPY;s=2;prev=4;c=5;firstObs=false;slotOn=true;inWindow=true;time_close=08-10 09:20
2026-08-10T09:19:00.000+01:00,DIAG-DEDUP;CADJPY;s=2;wOpened=08-10 09:18;nd=1;bestStored=08-10 09:18;bestStoredSlot=1;newWins=true
2026-08-10T09:19:00.000+01:00,DIAG-CLOSE;CADJPY;s=3;prev=3;c=4;firstObs=false;slotOn=true;inWindow=true;time_close=08-10 09:20
2026-08-10T09:19:00.000+01:00,DIAG-DEDUP;CADJPY;s=3;wOpened=08-10 09:18;nd=1;bestStored=08-10 09:18;bestStoredSlot=2;newWins=true
2026-08-10T09:30:00.000+01:00,DIAG-CLOSE;AUDCHF;s=0;prev=12;c=13;firstObs=false;slotOn=true;inWindow=true;time_close=08-10 09:31
2026-08-10T09:30:00.000+01:00,DIAG-DEDUP;AUDCHF;s=0;wOpened=08-10 09:15;nd=0;bestStored=none;bestStoredSlot=-1;newWins=true
2026-08-10T09:30:00.000+01:00,DIAG-CLOSE;AUDCHF;s=1;prev=12;c=13;firstObs=false;slotOn=true;inWindow=true;time_close=08-10 09:31
2026-08-10T09:30:00.000+01:00,DIAG-DEDUP;AUDCHF;s=1;wOpened=08-10 09:15;nd=1;bestStored=08-10 09:15;bestStoredSlot=0;newWins=true
2026-08-10T09:33:00.000+01:00,DIAG-CLOSE;EURJPY;s=2;prev=6;c=7;firstObs=false;slotOn=true;inWindow=true;time_close=08-10 09:34
2026-08-10T09:33:00.000+01:00,DIAG-DEDUP;EURJPY;s=2;wOpened=08-10 09:13;nd=1;bestStored=08-10 08:47;bestStoredSlot=1;newWins=false
2026-08-10T09:33:00.000+01:00,DIAG-CLOSE;EURJPY;s=3;prev=5;c=6;firstObs=false;slotOn=true;inWindow=true;time_close=08-10 09:34
2026-08-10T09:33:00.000+01:00,DIAG-DEDUP;EURJPY;s=3;wOpened=08-10 09:13;nd=1;bestStored=08-10 08:47;bestStoredSlot=1;newWins=false
2026-08-10T09:33:00.000+01:00,DIAG-CLOSE;EURJPY;s=5;prev=1;c=2;firstObs=false;slotOn=true;inWindow=true;time_close=08-10 09:34
2026-08-10T09:33:00.000+01:00,DIAG-DEDUP;EURJPY;s=5;wOpened=08-10 09:17;nd=0;bestStored=none;bestStoredSlot=-1;newWins=true
2026-08-10T09:49:00.000+01:00,DIAG-CLOSE;EURAUD;s=0;prev=16;c=17;firstObs=false;slotOn=true;inWindow=true;time_close=08-10 09:50
2026-08-10T09:49:00.000+01:00,DIAG-DEDUP;EURAUD;s=0;wOpened=08-10 09:46;nd=0;bestStored=none;bestStoredSlot=-1;newWins=true
2026-08-10T09:49:00.000+01:00,DIAG-CLOSE;EURAUD;s=1;prev=14;c=15;firstObs=false;slotOn=true;inWindow=true;time_close=08-10 09:50
2026-08-10T09:49:00.000+01:00,DIAG-DEDUP;EURAUD;s=1;wOpened=08-10 09:46;nd=1;bestStored=08-10 09:46;bestStoredSlot=0;newWins=true
2026-08-10T10:03:00.000+01:00,DIAG-CLOSE;EURAUD;s=2;prev=4;c=5;firstObs=false;slotOn=true;inWindow=true;time_close=08-10 10:04
2026-08-10T10:03:00.000+01:00,DIAG-DEDUP;EURAUD;s=2;wOpened=08-10 09:08;nd=1;bestStored=08-10 09:46;bestStoredSlot=1;newWins=true
2026-08-10T10:03:00.000+01:00,DIAG-CLOSE;EURAUD;s=3;prev=4;c=5;firstObs=false;slotOn=true;inWindow=true;time_close=08-10 10:04
2026-08-10T10:03:00.000+01:00,DIAG-DEDUP;EURAUD;s=3;wOpened=08-10 09:08;nd=1;bestStored=08-10 09:08;bestStoredSlot=2;newWins=true
2026-08-10T10:03:00.000+01:00,DIAG-CLOSE;EURAUD;s=5;prev=3;c=4;firstObs=false;slotOn=true;inWindow=true;time_close=08-10 10:04
2026-08-10T10:03:00.000+01:00,DIAG-DEDUP;EURAUD;s=5;wOpened=08-10 09:46;nd=1;bestStored=08-10 09:08;bestStoredSlot=3;newWins=false
2026-08-10T10:38:00.000+01:00,DIAG-CLOSE;USDCAD;s=0;prev=21;c=22;firstObs=false;slotOn=true;inWindow=true;time_close=08-10 10:39
2026-08-10T10:38:00.000+01:00,DIAG-DEDUP;USDCAD;s=0;wOpened=08-10 10:04;nd=0;bestStored=none;bestStoredSlot=-1;newWins=true
2026-08-10T10:38:00.000+01:00,DIAG-CLOSE;USDCAD;s=1;prev=18;c=19;firstObs=false;slotOn=true;inWindow=true;time_close=08-10 10:39
2026-08-10T10:38:00.000+01:00,DIAG-DEDUP;USDCAD;s=1;wOpened=08-10 10:04;nd=1;bestStored=08-10 10:04;bestStoredSlot=0;newWins=true
2026-08-10T10:38:00.000+01:00,DIAG-CLOSE;USDCAD;s=2;prev=9;c=10;firstObs=false;slotOn=true;inWindow=true;time_close=08-10 10:39
2026-08-10T10:38:00.000+01:00,DIAG-DEDUP;USDCAD;s=2;wOpened=08-10 10:08;nd=1;bestStored=08-10 10:04;bestStoredSlot=1;newWins=false
2026-08-10T10:38:00.000+01:00,DIAG-CLOSE;USDCAD;s=3;prev=9;c=10;firstObs=false;slotOn=true;inWindow=true;time_close=08-10 10:39
2026-08-10T10:38:00.000+01:00,DIAG-DEDUP;USDCAD;s=3;wOpened=08-10 10:08;nd=1;bestStored=08-10 10:04;bestStoredSlot=1;newWins=false
2026-08-10T11:13:00.000+01:00,DIAG-CLOSE;EURGBP;s=0;prev=15;c=16;firstObs=false;slotOn=true;inWindow=true;time_close=08-10 11:14
2026-08-10T11:13:00.000+01:00,DIAG-DEDUP;EURGBP;s=0;wOpened=08-10 11:12;nd=0;bestStored=none;bestStoredSlot=-1;newWins=true
2026-08-10T11:13:00.000+01:00,DIAG-CLOSE;EURGBP;s=1;prev=16;c=17;firstObs=false;slotOn=true;inWindow=true;time_close=08-10 11:14
2026-08-10T11:13:00.000+01:00,DIAG-DEDUP;EURGBP;s=1;wOpened=08-10 11:12;nd=1;bestStored=08-10 11:12;bestStoredSlot=0;newWins=true
2026-08-10T12:12:00.000+01:00,DIAG-CLOSE;EURUSD;s=0;prev=16;c=17;firstObs=false;slotOn=true;inWindow=true;time_close=08-10 12:13
2026-08-10T12:12:00.000+01:00,DIAG-DEDUP;EURUSD;s=0;wOpened=08-10 11:24;nd=0;bestStored=none;bestStoredSlot=-1;newWins=true
2026-08-10T12:12:00.000+01:00,DIAG-CLOSE;EURUSD;s=1;prev=17;c=18;firstObs=false;slotOn=true;inWindow=true;time_close=08-10 12:13
2026-08-10T12:12:00.000+01:00,DIAG-DEDUP;EURUSD;s=1;wOpened=08-10 11:24;nd=1;bestStored=08-10 11:24;bestStoredSlot=0;newWins=true
2026-08-10T12:13:00.000+01:00,DIAG-CLOSE;GBPUSD;s=4;prev=4;c=5;firstObs=false;slotOn=true;inWindow=true;time_close=08-10 12:14
2026-08-10T12:13:00.000+01:00,DIAG-DEDUP;GBPUSD;s=4;wOpened=08-10 11:25;nd=0;bestStored=none;bestStoredSlot=-1;newWins=true
2026-08-10T12:13:00.000+01:00,DIAG-CLOSE;GBPUSD;s=6;prev=1;c=2;firstObs=false;slotOn=true;inWindow=true;time_close=08-10 12:14
2026-08-10T12:13:00.000+01:00,DIAG-DEDUP;GBPUSD;s=6;wOpened=08-10 12:04;nd=1;bestStored=08-10 11:25;bestStoredSlot=4;newWins=false
2026-08-10T12:13:00.000+01:00,DIAG-CLOSE;GBPUSD;s=7;prev=1;c=2;firstObs=false;slotOn=true;inWindow=true;time_close=08-10 12:14
2026-08-10T12:13:00.000+01:00,DIAG-DEDUP;GBPUSD;s=7;wOpened=08-10 12:04;nd=1;bestStored=08-10 11:25;bestStoredSlot=4;newWins=false
2026-08-10T12:15:00.000+01:00,DIAG-CLOSE;GBPUSD;s=0;prev=15;c=16;firstObs=false;slotOn=true;inWindow=true;time_close=08-10 12:16
2026-08-10T12:15:00.000+01:00,DIAG-DEDUP;GBPUSD;s=0;wOpened=08-10 11:24;nd=1;bestStored=08-10 11:25;bestStoredSlot=4;newWins=true
2026-08-10T12:15:00.000+01:00,DIAG-CLOSE;GBPUSD;s=1;prev=16;c=17;firstObs=false;slotOn=true;inWindow=true;time_close=08-10 12:16
2026-08-10T12:15:00.000+01:00,DIAG-DEDUP;GBPUSD;s=1;wOpened=08-10 11:24;nd=1;bestStored=08-10 11:24;bestStoredSlot=0;newWins=true
2026-08-10T12:17:00.000+01:00,DIAG-CLOSE;GBPAUD;s=4;prev=6;c=7;firstObs=false;slotOn=true;inWindow=true;time_close=08-10 12:18
2026-08-10T12:17:00.000+01:00,DIAG-DEDUP;GBPAUD;s=4;wOpened=08-10 12:16;nd=0;bestStored=none;bestStoredSlot=-1;newWins=true
2026-08-10T12:18:00.000+01:00,DIAG-CLOSE;GBPAUD;s=0;prev=15;c=16;firstObs=false;slotOn=true;inWindow=true;time_close=08-10 12:19
2026-08-10T12:18:00.000+01:00,DIAG-DEDUP;GBPAUD;s=0;wOpened=08-10 12:15;nd=1;bestStored=08-10 12:16;bestStoredSlot=4;newWins=true
2026-08-10T12:22:00.000+01:00,DIAG-CLOSE;EURCHF;s=0;prev=15;c=16;firstObs=false;slotOn=true;inWindow=true;time_close=08-10 12:23
2026-08-10T12:22:00.000+01:00,DIAG-DEDUP;EURCHF;s=0;wOpened=08-10 12:21;nd=0;bestStored=none;bestStoredSlot=-1;newWins=true
2026-08-10T12:22:00.000+01:00,DIAG-CLOSE;EURCHF;s=1;prev=13;c=14;firstObs=false;slotOn=true;inWindow=true;time_close=08-10 12:23
2026-08-10T12:22:00.000+01:00,DIAG-DEDUP;EURCHF;s=1;wOpened=08-10 12:21;nd=1;bestStored=08-10 12:21;bestStoredSlot=0;newWins=true
2026-08-10T12:22:00.000+01:00,DIAG-CLOSE;EURCHF;s=2;prev=5;c=6;firstObs=false;slotOn=true;inWindow=true;time_close=08-10 12:23
2026-08-10T12:22:00.000+01:00,DIAG-DEDUP;EURCHF;s=2;wOpened=08-10 12:21;nd=1;bestStored=08-10 12:21;bestStoredSlot=1;newWins=true
2026-08-10T12:22:00.000+01:00,DIAG-CLOSE;EURCHF;s=3;prev=5;c=6;firstObs=false;slotOn=true;inWindow=true;time_close=08-10 12:23
2026-08-10T12:22:00.000+01:00,DIAG-DEDUP;EURCHF;s=3;wOpened=08-10 12:21;nd=1;bestStored=08-10 12:21;bestStoredSlot=2;newWins=true
2026-08-10T12:22:00.000+01:00,DIAG-CLOSE;GBPAUD;s=1;prev=15;c=16;firstObs=false;slotOn=true;inWindow=true;time_close=08-10 12:23
2026-08-10T12:22:00.000+01:00,DIAG-DEDUP;GBPAUD;s=1;wOpened=08-10 12:15;nd=1;bestStored=08-10 12:15;bestStoredSlot=0;newWins=true
2026-08-10T12:22:00.000+01:00,DIAG-CLOSE;GBPAUD;s=2;prev=7;c=8;firstObs=false;slotOn=true;inWindow=true;time_close=08-10 12:23
2026-08-10T12:22:00.000+01:00,DIAG-DEDUP;GBPAUD;s=2;wOpened=08-10 12:16;nd=1;bestStored=08-10 12:15;bestStoredSlot=1;newWins=false
2026-08-10T12:22:00.000+01:00,DIAG-CLOSE;GBPAUD;s=3;prev=7;c=8;firstObs=false;slotOn=true;inWindow=true;time_close=08-10 12:23
2026-08-10T12:22:00.000+01:00,DIAG-DEDUP;GBPAUD;s=3;wOpened=08-10 12:16;nd=1;bestStored=08-10 12:15;bestStoredSlot=1;newWins=false
2026-08-10T12:36:00.000+01:00,DIAG-CLOSE;GBPCAD;s=0;prev=14;c=15;firstObs=false;slotOn=true;inWindow=true;time_close=08-10 12:37
2026-08-10T12:36:00.000+01:00,DIAG-DEDUP;GBPCAD;s=0;wOpened=08-10 11:58;nd=0;bestStored=none;bestStoredSlot=-1;newWins=true
2026-08-10T12:36:00.000+01:00,DIAG-CLOSE;GBPCAD;s=1;prev=15;c=16;firstObs=false;slotOn=true;inWindow=true;time_close=08-10 12:37
2026-08-10T12:36:00.000+01:00,DIAG-DEDUP;GBPCAD;s=1;wOpened=08-10 11:58;nd=1;bestStored=08-10 11:58;bestStoredSlot=0;newWins=true
2026-08-10T12:36:00.000+01:00,DIAG-CLOSE;GBPCAD;s=2;prev=5;c=6;firstObs=false;slotOn=true;inWindow=true;time_close=08-10 12:37
2026-08-10T12:36:00.000+01:00,DIAG-DEDUP;GBPCAD;s=2;wOpened=08-10 12:15;nd=1;bestStored=08-10 11:58;bestStoredSlot=1;newWins=false
2026-08-10T12:36:00.000+01:00,DIAG-CLOSE;GBPCAD;s=3;prev=4;c=5;firstObs=false;slotOn=true;inWindow=true;time_close=08-10 12:37
2026-08-10T12:36:00.000+01:00,DIAG-DEDUP;GBPCAD;s=3;wOpened=08-10 12:15;nd=1;bestStored=08-10 11:58;bestStoredSlot=1;newWins=false
2026-08-10T12:36:00.000+01:00,DIAG-CLOSE;CADCHF;s=0;prev=16;c=17;firstObs=false;slotOn=true;inWindow=true;time_close=08-10 12:37
2026-08-10T12:36:00.000+01:00,DIAG-DEDUP;CADCHF;s=0;wOpened=08-10 12:35;nd=0;bestStored=none;bestStoredSlot=-1;newWins=true
2026-08-10T12:36:00.000+01:00,DIAG-CLOSE;CADCHF;s=1;prev=15;c=16;firstObs=false;slotOn=true;inWindow=true;time_close=08-10 12:37
2026-08-10T12:36:00.000+01:00,DIAG-DEDUP;CADCHF;s=1;wOpened=08-10 12:35;nd=1;bestStored=08-10 12:35;bestStoredSlot=0;newWins=true
2026-08-10T12:40:00.000+01:00,DIAG-CLOSE;GBPJPY;s=7;prev=0;c=1;firstObs=false;slotOn=true;inWindow=true;time_close=08-10 12:41
2026-08-10T12:40:00.000+01:00,DIAG-DEDUP;GBPJPY;s=7;wOpened=08-10 12:03;nd=0;bestStored=none;bestStoredSlot=-1;newWins=true
2026-08-10T12:42:00.000+01:00,DIAG-CLOSE;EURGBP;s=0;prev=16;c=17;firstObs=false;slotOn=true;inWindow=true;time_close=08-10 12:43
2026-08-10T12:42:00.000+01:00,DIAG-DEDUP;EURGBP;s=0;wOpened=08-10 12:05;nd=0;bestStored=none;bestStoredSlot=-1;newWins=true
2026-08-10T12:42:00.000+01:00,DIAG-CLOSE;EURGBP;s=1;prev=17;c=18;firstObs=false;slotOn=true;inWindow=true;time_close=08-10 12:43
2026-08-10T12:42:00.000+01:00,DIAG-DEDUP;EURGBP;s=1;wOpened=08-10 12:05;nd=1;bestStored=08-10 12:05;bestStoredSlot=0;newWins=true
2026-08-10T12:42:00.000+01:00,DIAG-CLOSE;EURGBP;s=2;prev=6;c=7;firstObs=false;slotOn=true;inWindow=true;time_close=08-10 12:43
2026-08-10T12:42:00.000+01:00,DIAG-DEDUP;EURGBP;s=2;wOpened=08-10 12:28;nd=1;bestStored=08-10 12:05;bestStoredSlot=1;newWins=false
2026-08-10T12:42:00.000+01:00,DIAG-CLOSE;EURGBP;s=3;prev=5;c=6;firstObs=false;slotOn=true;inWindow=true;time_close=08-10 12:43
2026-08-10T12:42:00.000+01:00,DIAG-DEDUP;EURGBP;s=3;wOpened=08-10 12:28;nd=1;bestStored=08-10 12:05;bestStoredSlot=1;newWins=false
2026-08-10T12:42:00.000+01:00,DIAG-CLOSE;EURGBP;s=4;prev=3;c=4;firstObs=false;slotOn=true;inWindow=true;time_close=08-10 12:43
2026-08-10T12:42:00.000+01:00,DIAG-DEDUP;EURGBP;s=4;wOpened=08-10 12:28;nd=1;bestStored=08-10 12:05;bestStoredSlot=1;newWins=false
2026-08-10T12:42:00.000+01:00,DIAG-CLOSE;EURGBP;s=5;prev=1;c=2;firstObs=false;slotOn=true;inWindow=true;time_close=08-10 12:43
2026-08-10T12:42:00.000+01:00,DIAG-DEDUP;EURGBP;s=5;wOpened=08-10 12:41;nd=1;bestStored=08-10 12:05;bestStoredSlot=1;newWins=false
2026-08-10T12:53:00.000+01:00,DIAG-CLOSE;USDJPY;s=0;prev=21;c=22;firstObs=false;slotOn=true;inWindow=true;time_close=08-10 12:54
2026-08-10T12:53:00.000+01:00,DIAG-DEDUP;USDJPY;s=0;wOpened=08-10 12:15;nd=0;bestStored=none;bestStoredSlot=-1;newWins=true
2026-08-10T12:53:00.000+01:00,DIAG-CLOSE;USDJPY;s=1;prev=21;c=22;firstObs=false;slotOn=true;inWindow=true;time_close=08-10 12:54
2026-08-10T12:53:00.000+01:00,DIAG-DEDUP;USDJPY;s=1;wOpened=08-10 11:24;nd=1;bestStored=08-10 12:15;bestStoredSlot=0;newWins=true
2026-08-10T12:53:00.000+01:00,DIAG-CLOSE;USDJPY;s=2;prev=10;c=11;firstObs=false;slotOn=true;inWindow=true;time_close=08-10 12:54
2026-08-10T12:53:00.000+01:00,DIAG-DEDUP;USDJPY;s=2;wOpened=08-10 12:15;nd=1;bestStored=08-10 11:24;bestStoredSlot=1;newWins=false
2026-08-10T12:53:00.000+01:00,DIAG-CLOSE;USDJPY;s=3;prev=9;c=10;firstObs=false;slotOn=true;inWindow=true;time_close=08-10 12:54
2026-08-10T12:53:00.000+01:00,DIAG-DEDUP;USDJPY;s=3;wOpened=08-10 12:15;nd=1;bestStored=08-10 11:24;bestStoredSlot=1;newWins=false
2026-08-10T12:53:00.000+01:00,DIAG-CLOSE;USDJPY;s=5;prev=6;c=7;firstObs=false;slotOn=true;inWindow=true;time_close=08-10 12:54
2026-08-10T12:53:00.000+01:00,DIAG-DEDUP;USDJPY;s=5;wOpened=08-10 12:16;nd=1;bestStored=08-10 11:24;bestStoredSlot=1;newWins=false
2026-08-10T13:03:00.000+01:00,DIAG-CLOSE;USDCHF;s=1;prev=15;c=16;firstObs=false;slotOn=true;inWindow=true;time_close=08-10 13:04
2026-08-10T13:03:00.000+01:00,DIAG-DEDUP;USDCHF;s=1;wOpened=08-10 13:02;nd=0;bestStored=none;bestStoredSlot=-1;newWins=true
2026-08-10T13:03:00.000+01:00,DIAG-CLOSE;GBPCHF;s=0;prev=14;c=15;firstObs=false;slotOn=true;inWindow=true;time_close=08-10 13:04
2026-08-10T13:03:00.000+01:00,DIAG-DEDUP;GBPCHF;s=0;wOpened=08-10 12:26;nd=0;bestStored=none;bestStoredSlot=-1;newWins=true
2026-08-10T13:03:00.000+01:00,DIAG-CLOSE;GBPCHF;s=1;prev=12;c=13;firstObs=false;slotOn=true;inWindow=true;time_close=08-10 13:04
2026-08-10T13:03:00.000+01:00,DIAG-DEDUP;GBPCHF;s=1;wOpened=08-10 12:26;nd=1;bestStored=08-10 12:26;bestStoredSlot=0;newWins=true
2026-08-10T13:03:00.000+01:00,DIAG-CLOSE;GBPCHF;s=4;prev=5;c=6;firstObs=false;slotOn=true;inWindow=true;time_close=08-10 13:04
2026-08-10T13:03:00.000+01:00,DIAG-DEDUP;GBPCHF;s=4;wOpened=08-10 12:33;nd=1;bestStored=08-10 12:26;bestStoredSlot=1;newWins=false
2026-08-10T13:03:00.000+01:00,DIAG-CLOSE;AUDCHF;s=0;prev=13;c=14;firstObs=false;slotOn=true;inWindow=true;time_close=08-10 13:04
2026-08-10T13:03:00.000+01:00,DIAG-DEDUP;AUDCHF;s=0;wOpened=08-10 12:34;nd=0;bestStored=none;bestStoredSlot=-1;newWins=true
2026-08-10T13:03:00.000+01:00,DIAG-CLOSE;AUDCHF;s=1;prev=13;c=14;firstObs=false;slotOn=true;inWindow=true;time_close=08-10 13:04
2026-08-10T13:03:00.000+01:00,DIAG-DEDUP;AUDCHF;s=1;wOpened=08-10 12:34;nd=1;bestStored=08-10 12:34;bestStoredSlot=0;newWins=true
2026-08-10T13:10:00.000+01:00,DIAG-CLOSE;GBPJPY;s=1;prev=13;c=14;firstObs=false;slotOn=true;inWindow=true;time_close=08-10 13:11
2026-08-10T13:10:00.000+01:00,DIAG-DEDUP;GBPJPY;s=1;wOpened=08-10 13:09;nd=0;bestStored=none;bestStoredSlot=-1;newWins=true
2026-08-10T13:10:00.000+01:00,DIAG-CLOSE;CHFJPY;s=2;prev=6;c=7;firstObs=false;slotOn=true;inWindow=true;time_close=08-10 13:11
2026-08-10T13:10:00.000+01:00,DIAG-DEDUP;CHFJPY;s=2;wOpened=08-10 12:40;nd=0;bestStored=none;bestStoredSlot=-1;newWins=true
2026-08-10T13:10:00.000+01:00,DIAG-CLOSE;CHFJPY;s=3;prev=6;c=7;firstObs=false;slotOn=true;inWindow=true;time_close=08-10 13:11
2026-08-10T13:10:00.000+01:00,DIAG-DEDUP;CHFJPY;s=3;wOpened=08-10 12:40;nd=1;bestStored=08-10 12:40;bestStoredSlot=2;newWins=true
2026-08-10T13:10:00.000+01:00,DIAG-CLOSE;CHFJPY;s=5;prev=4;c=5;firstObs=false;slotOn=true;inWindow=true;time_close=08-10 13:11
2026-08-10T13:10:00.000+01:00,DIAG-DEDUP;CHFJPY;s=5;wOpened=08-10 13:09;nd=1;bestStored=08-10 12:40;bestStoredSlot=3;newWins=false
2026-08-10T13:21:00.000+01:00,DIAG-CLOSE;GBPUSD;s=2;prev=7;c=8;firstObs=false;slotOn=true;inWindow=true;time_close=08-10 13:22
2026-08-10T13:21:00.000+01:00,DIAG-DEDUP;GBPUSD;s=2;wOpened=08-10 12:58;nd=0;bestStored=none;bestStoredSlot=-1;newWins=true
2026-08-10T13:21:00.000+01:00,DIAG-CLOSE;AUDUSD;s=0;prev=12;c=13;firstObs=false;slotOn=true;inWindow=true;time_close=08-10 13:22
2026-08-10T13:21:00.000+01:00,DIAG-DEDUP;AUDUSD;s=0;wOpened=08-10 12:55;nd=0;bestStored=none;bestStoredSlot=-1;newWins=true
2026-08-10T13:21:00.000+01:00,DIAG-CLOSE;AUDUSD;s=1;prev=11;c=12;firstObs=false;slotOn=true;inWindow=true;time_close=08-10 13:22
2026-08-10T13:21:00.000+01:00,DIAG-DEDUP;AUDUSD;s=1;wOpened=08-10 12:55;nd=1;bestStored=08-10 12:55;bestStoredSlot=0;newWins=true
2026-08-10T14:22:00.000+01:00,DIAG-CLOSE;EURAUD;s=0;prev=17;c=18;firstObs=false;slotOn=true;inWindow=true;time_close=08-10 14:23
2026-08-10T14:22:00.000+01:00,DIAG-DEDUP;EURAUD;s=0;wOpened=08-10 13:54;nd=0;bestStored=none;bestStoredSlot=-1;newWins=true
2026-08-10T14:22:00.000+01:00,DIAG-CLOSE;EURAUD;s=1;prev=15;c=16;firstObs=false;slotOn=true;inWindow=true;time_close=08-10 14:23
2026-08-10T14:22:00.000+01:00,DIAG-DEDUP;EURAUD;s=1;wOpened=08-10 13:54;nd=1;bestStored=08-10 13:54;bestStoredSlot=0;newWins=true
2026-08-10T14:22:00.000+01:00,DIAG-CLOSE;EURAUD;s=2;prev=5;c=6;firstObs=false;slotOn=true;inWindow=true;time_close=08-10 14:23
2026-08-10T14:22:00.000+01:00,DIAG-DEDUP;EURAUD;s=2;wOpened=08-10 14:21;nd=1;bestStored=08-10 13:54;bestStoredSlot=1;newWins=false
2026-08-10T14:22:00.000+01:00,DIAG-CLOSE;EURAUD;s=3;prev=5;c=6;firstObs=false;slotOn=true;inWindow=true;time_close=08-10 14:23
2026-08-10T14:22:00.000+01:00,DIAG-DEDUP;EURAUD;s=3;wOpened=08-10 14:21;nd=1;bestStored=08-10 13:54;bestStoredSlot=1;newWins=false
2026-08-10T14:22:00.000+01:00,DIAG-CLOSE;EURAUD;s=4;prev=4;c=5;firstObs=false;slotOn=true;inWindow=true;time_close=08-10 14:23
2026-08-10T14:22:00.000+01:00,DIAG-DEDUP;EURAUD;s=4;wOpened=08-10 14:21;nd=1;bestStored=08-10 13:54;bestStoredSlot=1;newWins=false
2026-08-10T14:42:00.000+01:00,DIAG-CLOSE;GBPJPY;s=1;prev=14;c=15;firstObs=false;slotOn=true;inWindow=true;time_close=08-10 14:43
2026-08-10T14:42:00.000+01:00,DIAG-DEDUP;GBPJPY;s=1;wOpened=08-10 14:19;nd=0;bestStored=none;bestStoredSlot=-1;newWins=true
2026-08-10T14:42:00.000+01:00,DIAG-CLOSE;GBPJPY;s=2;prev=7;c=8;firstObs=false;slotOn=true;inWindow=true;time_close=08-10 14:43
2026-08-10T14:42:00.000+01:00,DIAG-DEDUP;GBPJPY;s=2;wOpened=08-10 14:37;nd=1;bestStored=08-10 14:19;bestStoredSlot=1;newWins=false
2026-08-10T14:42:00.000+01:00,DIAG-CLOSE;GBPJPY;s=3;prev=8;c=9;firstObs=false;slotOn=true;inWindow=true;time_close=08-10 14:43
2026-08-10T14:42:00.000+01:00,DIAG-DEDUP;GBPJPY;s=3;wOpened=08-10 14:37;nd=1;bestStored=08-10 14:19;bestStoredSlot=1;newWins=false
2026-08-10T14:48:00.000+01:00,DIAG-CLOSE;CADCHF;s=0;prev=17;c=18;firstObs=false;slotOn=true;inWindow=true;time_close=08-10 14:49
2026-08-10T14:48:00.000+01:00,DIAG-DEDUP;CADCHF;s=0;wOpened=08-10 14:47;nd=0;bestStored=none;bestStoredSlot=-1;newWins=true
2026-08-10T14:48:00.000+01:00,DIAG-CLOSE;CADCHF;s=1;prev=16;c=17;firstObs=false;slotOn=true;inWindow=true;time_close=08-10 14:49
2026-08-10T14:48:00.000+01:00,DIAG-DEDUP;CADCHF;s=1;wOpened=08-10 14:47;nd=1;bestStored=08-10 14:47;bestStoredSlot=0;newWins=true
2026-08-10T14:54:00.000+01:00,DIAG-CLOSE;GBPJPY;s=0;prev=14;c=15;firstObs=false;slotOn=true;inWindow=true;time_close=08-10 14:55
2026-08-10T14:54:00.000+01:00,DIAG-DEDUP;GBPJPY;s=0;wOpened=08-10 14:19;nd=1;bestStored=08-10 14:19;bestStoredSlot=1;newWins=false
2026-08-10T14:54:00.000+01:00,DIAG-CLOSE;AUDJPY;s=0;prev=12;c=13;firstObs=false;slotOn=true;inWindow=true;time_close=08-10 14:55
2026-08-10T14:54:00.000+01:00,DIAG-DEDUP;AUDJPY;s=0;wOpened=08-10 14:53;nd=0;bestStored=none;bestStoredSlot=-1;newWins=true
2026-08-10T14:54:00.000+01:00,DIAG-CLOSE;AUDJPY;s=1;prev=12;c=13;firstObs=false;slotOn=true;inWindow=true;time_close=08-10 14:55
2026-08-10T14:54:00.000+01:00,DIAG-DEDUP;AUDJPY;s=1;wOpened=08-10 14:34;nd=1;bestStored=08-10 14:53;bestStoredSlot=0;newWins=true
2026-08-10T15:04:00.000+01:00,DIAG-CLOSE;AUDUSD;s=2;prev=6;c=7;firstObs=false;slotOn=true;inWindow=true;time_close=08-10 15:05
2026-08-10T15:04:00.000+01:00,DIAG-DEDUP;AUDUSD;s=2;wOpened=08-10 15:03;nd=0;bestStored=none;bestStoredSlot=-1;newWins=true
2026-08-10T15:05:00.000+01:00,DIAG-CLOSE;GBPJPY;s=4;prev=2;c=3;firstObs=false;slotOn=true;inWindow=true;time_close=08-10 15:06
2026-08-10T15:05:00.000+01:00,DIAG-DEDUP;GBPJPY;s=4;wOpened=08-10 14:53;nd=0;bestStored=none;bestStoredSlot=-1;newWins=true
2026-08-10T15:07:00.000+01:00,DIAG-CLOSE;AUDCHF;s=0;prev=14;c=15;firstObs=false;slotOn=true;inWindow=true;time_close=08-10 15:08
2026-08-10T15:07:00.000+01:00,DIAG-DEDUP;AUDCHF;s=0;wOpened=08-10 14:10;nd=0;bestStored=none;bestStoredSlot=-1;newWins=true
2026-08-10T15:07:00.000+01:00,DIAG-CLOSE;AUDCHF;s=1;prev=14;c=15;firstObs=false;slotOn=true;inWindow=true;time_close=08-10 15:08
2026-08-10T15:07:00.000+01:00,DIAG-DEDUP;AUDCHF;s=1;wOpened=08-10 14:10;nd=1;bestStored=08-10 14:10;bestStoredSlot=0;newWins=true
2026-08-10T15:10:00.000+01:00,DIAG-CLOSE;GBPCHF;s=0;prev=15;c=16;firstObs=false;slotOn=true;inWindow=true;time_close=08-10 15:11
2026-08-10T15:10:00.000+01:00,DIAG-DEDUP;GBPCHF;s=0;wOpened=08-10 14:55;nd=0;bestStored=none;bestStoredSlot=-1;newWins=true
2026-08-10T15:10:00.000+01:00,DIAG-CLOSE;GBPCHF;s=1;prev=13;c=14;firstObs=false;slotOn=true;inWindow=true;time_close=08-10 15:11
2026-08-10T15:10:00.000+01:00,DIAG-DEDUP;GBPCHF;s=1;wOpened=08-10 14:55;nd=1;bestStored=08-10 14:55;bestStoredSlot=0;newWins=true
2026-08-10T15:21:00.000+01:00,DIAG-CLOSE;AUDCHF;s=4;prev=2;c=3;firstObs=false;slotOn=true;inWindow=true;time_close=08-10 15:22
2026-08-10T15:21:00.000+01:00,DIAG-DEDUP;AUDCHF;s=4;wOpened=08-10 15:20;nd=0;bestStored=none;bestStoredSlot=-1;newWins=true
2026-08-10T15:23:00.000+01:00,DIAG-CLOSE;CADCHF;s=0;prev=18;c=19;firstObs=false;slotOn=true;inWindow=true;time_close=08-10 15:24
2026-08-10T15:23:00.000+01:00,DIAG-DEDUP;CADCHF;s=0;wOpened=08-10 15:21;nd=0;bestStored=none;bestStoredSlot=-1;newWins=true
2026-08-10T15:23:00.000+01:00,DIAG-CLOSE;CADCHF;s=1;prev=17;c=18;firstObs=false;slotOn=true;inWindow=true;time_close=08-10 15:24
2026-08-10T15:23:00.000+01:00,DIAG-DEDUP;CADCHF;s=1;wOpened=08-10 15:21;nd=1;bestStored=08-10 15:21;bestStoredSlot=0;newWins=true
2026-08-10T15:25:00.000+01:00,DIAG-CLOSE;CADCHF;s=2;prev=7;c=8;firstObs=false;slotOn=true;inWindow=true;time_close=08-10 15:26
2026-08-10T15:25:00.000+01:00,DIAG-DEDUP;CADCHF;s=2;wOpened=08-10 14:55;nd=1;bestStored=08-10 15:21;bestStoredSlot=1;newWins=true
2026-08-10T15:25:00.000+01:00,DIAG-CLOSE;CADCHF;s=3;prev=7;c=8;firstObs=false;slotOn=true;inWindow=true;time_close=08-10 15:26
2026-08-10T15:25:00.000+01:00,DIAG-DEDUP;CADCHF;s=3;wOpened=08-10 14:55;nd=1;bestStored=08-10 14:55;bestStoredSlot=2;newWins=true
2026-08-10T15:25:00.000+01:00,DIAG-CLOSE;CADCHF;s=5;prev=5;c=6;firstObs=false;slotOn=true;inWindow=true;time_close=08-10 15:26
2026-08-10T15:25:00.000+01:00,DIAG-DEDUP;CADCHF;s=5;wOpened=08-10 15:20;nd=1;bestStored=08-10 14:55;bestStoredSlot=3;newWins=false
2026-08-10T15:42:00.000+01:00,DIAG-CLOSE;AUDCHF;s=0;prev=15;c=16;firstObs=false;slotOn=true;inWindow=true;time_close=08-10 15:43
2026-08-10T15:42:00.000+01:00,DIAG-DEDUP;AUDCHF;s=0;wOpened=08-10 15:41;nd=0;bestStored=none;bestStoredSlot=-1;newWins=true
2026-08-10T15:42:00.000+01:00,DIAG-CLOSE;AUDCHF;s=1;prev=15;c=16;firstObs=false;slotOn=true;inWindow=true;time_close=08-10 15:43
2026-08-10T15:42:00.000+01:00,DIAG-DEDUP;AUDCHF;s=1;wOpened=08-10 15:41;nd=1;bestStored=08-10 15:41;bestStoredSlot=0;newWins=true
2026-08-10T16:12:00.000+01:00,DIAG-CLOSE;CADCHF;s=0;prev=19;c=20;firstObs=false;slotOn=true;inWindow=true;time_close=08-10 16:13
2026-08-10T16:12:00.000+01:00,DIAG-DEDUP;CADCHF;s=0;wOpened=08-10 16:02;nd=0;bestStored=none;bestStoredSlot=-1;newWins=true
2026-08-10T16:12:00.000+01:00,DIAG-CLOSE;CADCHF;s=1;prev=18;c=19;firstObs=false;slotOn=true;inWindow=true;time_close=08-10 16:13
2026-08-10T16:12:00.000+01:00,DIAG-DEDUP;CADCHF;s=1;wOpened=08-10 16:02;nd=1;bestStored=08-10 16:02;bestStoredSlot=0;newWins=true
2026-08-10T16:12:00.000+01:00,DIAG-CLOSE;CADCHF;s=6;prev=1;c=2;firstObs=false;slotOn=true;inWindow=true;time_close=08-10 16:13
2026-08-10T16:12:00.000+01:00,DIAG-DEDUP;CADCHF;s=6;wOpened=08-10 15:08;nd=2;bestStored=08-10 14:55;bestStoredSlot=3;newWins=false
2026-08-10T16:12:00.000+01:00,DIAG-CLOSE;CADCHF;s=7;prev=3;c=4;firstObs=false;slotOn=true;inWindow=true;time_close=08-10 16:13
2026-08-10T16:12:00.000+01:00,DIAG-DEDUP;CADCHF;s=7;wOpened=08-10 15:20;nd=1;bestStored=08-10 14:55;bestStoredSlot=3;newWins=false
2026-08-10T16:12:00.000+01:00,DIAG-CLOSE;AUDCHF;s=4;prev=3;c=4;firstObs=false;slotOn=true;inWindow=true;time_close=08-10 16:13
2026-08-10T16:12:00.000+01:00,DIAG-DEDUP;AUDCHF;s=4;wOpened=08-10 16:01;nd=0;bestStored=none;bestStoredSlot=-1;newWins=true
2026-08-10T16:19:00.000+01:00,DIAG-CLOSE;USDJPY;s=0;prev=22;c=23;firstObs=false;slotOn=true;inWindow=true;time_close=08-10 16:20
2026-08-10T16:19:00.000+01:00,DIAG-DEDUP;USDJPY;s=0;wOpened=08-10 16:14;nd=0;bestStored=none;bestStoredSlot=-1;newWins=true
2026-08-10T16:19:00.000+01:00,DIAG-CLOSE;USDJPY;s=1;prev=22;c=23;firstObs=false;slotOn=true;inWindow=true;time_close=08-10 16:20
2026-08-10T16:19:00.000+01:00,DIAG-DEDUP;USDJPY;s=1;wOpened=08-10 16:14;nd=1;bestStored=08-10 16:14;bestStoredSlot=0;newWins=true
2026-08-10T16:28:00.000+01:00,DIAG-CLOSE;EURGBP;s=0;prev=17;c=18;firstObs=false;slotOn=true;inWindow=true;time_close=08-10 16:29
2026-08-10T16:28:00.000+01:00,DIAG-DEDUP;EURGBP;s=0;wOpened=08-10 15:59;nd=0;bestStored=none;bestStoredSlot=-1;newWins=true
2026-08-10T16:28:00.000+01:00,DIAG-CLOSE;EURGBP;s=1;prev=18;c=19;firstObs=false;slotOn=true;inWindow=true;time_close=08-10 16:29
2026-08-10T16:28:00.000+01:00,DIAG-DEDUP;EURGBP;s=1;wOpened=08-10 15:59;nd=1;bestStored=08-10 15:59;bestStoredSlot=0;newWins=true
2026-08-10T16:28:00.000+01:00,DIAG-CLOSE;EURGBP;s=4;prev=4;c=5;firstObs=false;slotOn=true;inWindow=true;time_close=08-10 16:29
2026-08-10T16:28:00.000+01:00,DIAG-DEDUP;EURGBP;s=4;wOpened=08-10 16:25;nd=1;bestStored=08-10 15:59;bestStoredSlot=1;newWins=false
2026-08-10T16:36:00.000+01:00,DIAG-CLOSE;GBPCHF;s=0;prev=16;c=17;firstObs=false;slotOn=true;inWindow=true;time_close=08-10 16:37
2026-08-10T16:36:00.000+01:00,DIAG-DEDUP;GBPCHF;s=0;wOpened=08-10 16:01;nd=0;bestStored=none;bestStoredSlot=-1;newWins=true
2026-08-10T16:36:00.000+01:00,DIAG-CLOSE;GBPCHF;s=1;prev=14;c=15;firstObs=false;slotOn=true;inWindow=true;time_close=08-10 16:37
2026-08-10T16:36:00.000+01:00,DIAG-DEDUP;GBPCHF;s=1;wOpened=08-10 16:01;nd=1;bestStored=08-10 16:01;bestStoredSlot=0;newWins=true
2026-08-10T16:43:00.000+01:00,DIAG-CLOSE;AUDCHF;s=6;prev=4;c=5;firstObs=false;slotOn=true;inWindow=true;time_close=08-10 16:44
2026-08-10T16:43:00.000+01:00,DIAG-DEDUP;AUDCHF;s=6;wOpened=08-10 16:14;nd=0;bestStored=none;bestStoredSlot=-1;newWins=true
2026-08-10T17:30:00.000+01:00,DIAG-CLOSE;CADJPY;s=0;prev=19;c=20;firstObs=false;slotOn=true;inWindow=true;time_close=08-10 17:31
2026-08-10T17:30:00.000+01:00,DIAG-DEDUP;CADJPY;s=0;wOpened=08-10 17:00;nd=0;bestStored=none;bestStoredSlot=-1;newWins=true
2026-08-10T17:30:00.000+01:00,DIAG-CLOSE;CADJPY;s=1;prev=18;c=19;firstObs=false;slotOn=true;inWindow=true;time_close=08-10 17:31
2026-08-10T17:30:00.000+01:00,DIAG-DEDUP;CADJPY;s=1;wOpened=08-10 17:00;nd=1;bestStored=08-10 17:00;bestStoredSlot=0;newWins=true
2026-08-10T17:30:00.000+01:00,DIAG-CLOSE;CADJPY;s=2;prev=5;c=6;firstObs=false;slotOn=true;inWindow=true;time_close=08-10 17:31
2026-08-10T17:30:00.000+01:00,DIAG-DEDUP;CADJPY;s=2;wOpened=08-10 17:05;nd=1;bestStored=08-10 17:00;bestStoredSlot=1;newWins=false
2026-08-10T17:48:00.000+01:00,DIAG-CLOSE;USDJPY;s=0;prev=23;c=24;firstObs=false;slotOn=true;inWindow=true;time_close=08-10 17:49
2026-08-10T17:48:00.000+01:00,DIAG-DEDUP;USDJPY;s=0;wOpened=08-10 17:35;nd=0;bestStored=none;bestStoredSlot=-1;newWins=true
2026-08-10T17:48:00.000+01:00,DIAG-CLOSE;USDJPY;s=1;prev=23;c=24;firstObs=false;slotOn=true;inWindow=true;time_close=08-10 17:49
2026-08-10T17:48:00.000+01:00,DIAG-DEDUP;USDJPY;s=1;wOpened=08-10 17:35;nd=1;bestStored=08-10 17:35;bestStoredSlot=0;newWins=true
2026-08-10T17:48:00.000+01:00,DIAG-CLOSE;USDJPY;s=2;prev=11;c=12;firstObs=false;slotOn=true;inWindow=true;time_close=08-10 17:49
2026-08-10T17:48:00.000+01:00,DIAG-DEDUP;USDJPY;s=2;wOpened=08-10 17:18;nd=1;bestStored=08-10 17:35;bestStoredSlot=1;newWins=true
2026-08-10T17:48:00.000+01:00,DIAG-CLOSE;USDJPY;s=3;prev=10;c=11;firstObs=false;slotOn=true;inWindow=true;time_close=08-10 17:49
2026-08-10T17:48:00.000+01:00,DIAG-DEDUP;USDJPY;s=3;wOpened=08-10 17:18;nd=1;bestStored=08-10 17:18;bestStoredSlot=2;newWins=true
2026-08-10T17:48:00.000+01:00,DIAG-CLOSE;USDJPY;s=5;prev=7;c=8;firstObs=false;slotOn=true;inWindow=true;time_close=08-10 17:49
2026-08-10T17:48:00.000+01:00,DIAG-DEDUP;USDJPY;s=5;wOpened=08-10 17:35;nd=1;bestStored=08-10 17:18;bestStoredSlot=3;newWins=false
2026-08-10T17:48:00.000+01:00,DIAG-CLOSE;EURCAD;s=4;prev=2;c=3;firstObs=false;slotOn=true;inWindow=true;time_close=08-10 17:49
2026-08-10T17:48:00.000+01:00,DIAG-DEDUP;EURCAD;s=4;wOpened=08-10 17:29;nd=0;bestStored=none;bestStoredSlot=-1;newWins=true
2026-08-10T17:50:00.000+01:00,DIAG-CLOSE;AUDCAD;s=1;prev=15;c=16;firstObs=false;slotOn=true;inWindow=true;time_close=08-10 17:51
2026-08-10T17:50:00.000+01:00,DIAG-DEDUP;AUDCAD;s=1;wOpened=08-10 17:46;nd=0;bestStored=none;bestStoredSlot=-1;newWins=true
2026-08-10T18:07:00.000+01:00,DIAG-CLOSE;EURJPY;s=0;prev=15;c=16;firstObs=false;slotOn=true;inWindow=true;time_close=08-10 18:08
2026-08-10T18:07:00.000+01:00,DIAG-DEDUP;EURJPY;s=0;wOpened=08-10 18:00;nd=0;bestStored=none;bestStoredSlot=-1;newWins=true
2026-08-10T18:07:00.000+01:00,DIAG-CLOSE;EURJPY;s=1;prev=14;c=15;firstObs=false;slotOn=true;inWindow=true;time_close=08-10 18:08
2026-08-10T18:07:00.000+01:00,DIAG-DEDUP;EURJPY;s=1;wOpened=08-10 17:59;nd=1;bestStored=08-10 18:00;bestStoredSlot=0;newWins=true
2026-08-10T18:07:00.000+01:00,DIAG-CLOSE;EURJPY;s=2;prev=7;c=8;firstObs=false;slotOn=true;inWindow=true;time_close=08-10 18:08
2026-08-10T18:07:00.000+01:00,DIAG-DEDUP;EURJPY;s=2;wOpened=08-10 17:59;nd=1;bestStored=08-10 17:59;bestStoredSlot=1;newWins=true
2026-08-10T18:07:00.000+01:00,DIAG-CLOSE;EURJPY;s=3;prev=6;c=7;firstObs=false;slotOn=true;inWindow=true;time_close=08-10 18:08
2026-08-10T18:07:00.000+01:00,DIAG-DEDUP;EURJPY;s=3;wOpened=08-10 17:59;nd=1;bestStored=08-10 17:59;bestStoredSlot=2;newWins=true
2026-08-10T18:07:00.000+01:00,DIAG-CLOSE;EURJPY;s=5;prev=2;c=3;firstObs=false;slotOn=true;inWindow=true;time_close=08-10 18:08
2026-08-10T18:07:00.000+01:00,DIAG-DEDUP;EURJPY;s=5;wOpened=08-10 18:00;nd=1;bestStored=08-10 17:59;bestStoredSlot=3;newWins=false
2026-08-10T18:13:00.000+01:00,DIAG-CLOSE;EURCAD;s=0;prev=10;c=11;firstObs=false;slotOn=true;inWindow=true;time_close=08-10 18:14
2026-08-10T18:13:00.000+01:00,DIAG-DEDUP;EURCAD;s=0;wOpened=08-10 17:14;nd=1;bestStored=08-10 17:29;bestStoredSlot=4;newWins=true
2026-08-10T18:13:00.000+01:00,DIAG-CLOSE;EURCAD;s=1;prev=10;c=11;firstObs=false;slotOn=true;inWindow=true;time_close=08-10 18:14
2026-08-10T18:13:00.000+01:00,DIAG-DEDUP;EURCAD;s=1;wOpened=08-10 17:14;nd=1;bestStored=08-10 17:14;bestStoredSlot=0;newWins=true
2026-08-10T18:13:00.000+01:00,DIAG-CLOSE;AUDCAD;s=0;prev=16;c=17;firstObs=false;slotOn=true;inWindow=true;time_close=08-10 18:14
2026-08-10T18:13:00.000+01:00,DIAG-DEDUP;AUDCAD;s=0;wOpened=08-10 17:46;nd=1;bestStored=08-10 17:46;bestStoredSlot=1;newWins=false
2026-08-10T18:13:00.000+01:00,DIAG-CLOSE;AUDCAD;s=4;prev=5;c=6;firstObs=false;slotOn=true;inWindow=true;time_close=08-10 18:14
2026-08-10T18:13:00.000+01:00,DIAG-DEDUP;AUDCAD;s=4;wOpened=08-10 18:06;nd=0;bestStored=none;bestStoredSlot=-1;newWins=true
2026-08-10T18:13:00.000+01:00,DIAG-CLOSE;AUDCAD;s=6;prev=3;c=4;firstObs=false;slotOn=true;inWindow=true;time_close=08-10 18:14
2026-08-10T18:13:00.000+01:00,DIAG-DEDUP;AUDCAD;s=6;wOpened=08-10 18:12;nd=1;bestStored=08-10 18:06;bestStoredSlot=4;newWins=false
2026-08-10T18:13:00.000+01:00,DIAG-CLOSE;AUDCAD;s=7;prev=1;c=2;firstObs=false;slotOn=true;inWindow=true;time_close=08-10 18:14
2026-08-10T18:13:00.000+01:00,DIAG-DEDUP;AUDCAD;s=7;wOpened=08-10 18:06;nd=1;bestStored=08-10 18:06;bestStoredSlot=4;newWins=true
2026-08-10T18:20:00.000+01:00,DIAG-CLOSE;EURUSD;s=0;prev=17;c=18;firstObs=false;slotOn=true;inWindow=true;time_close=08-10 18:21
2026-08-10T18:20:00.000+01:00,DIAG-DEDUP;EURUSD;s=0;wOpened=08-10 18:15;nd=0;bestStored=none;bestStoredSlot=-1;newWins=true
2026-08-10T18:20:00.000+01:00,DIAG-CLOSE;EURUSD;s=1;prev=18;c=19;firstObs=false;slotOn=true;inWindow=true;time_close=08-10 18:21
2026-08-10T18:20:00.000+01:00,DIAG-DEDUP;EURUSD;s=1;wOpened=08-10 18:15;nd=1;bestStored=08-10 18:15;bestStoredSlot=0;newWins=true
2026-08-10T18:28:00.000+01:00,DIAG-CLOSE;USDCAD;s=0;prev=22;c=23;firstObs=false;slotOn=true;inWindow=true;time_close=08-10 18:29
2026-08-10T18:28:00.000+01:00,DIAG-DEDUP;USDCAD;s=0;wOpened=08-10 18:27;nd=0;bestStored=none;bestStoredSlot=-1;newWins=true
2026-08-10T18:28:00.000+01:00,DIAG-CLOSE;USDCAD;s=1;prev=19;c=20;firstObs=false;slotOn=true;inWindow=true;time_close=08-10 18:29
2026-08-10T18:28:00.000+01:00,DIAG-DEDUP;USDCAD;s=1;wOpened=08-10 18:27;nd=1;bestStored=08-10 18:27;bestStoredSlot=0;newWins=true
2026-08-10T18:30:00.000+01:00,DIAG-CLOSE;EURCAD;s=2;prev=3;c=4;firstObs=false;slotOn=true;inWindow=true;time_close=08-10 18:31
2026-08-10T18:30:00.000+01:00,DIAG-DEDUP;EURCAD;s=2;wOpened=08-10 17:51;nd=1;bestStored=08-10 17:14;bestStoredSlot=1;newWins=false
2026-08-10T18:30:00.000+01:00,DIAG-CLOSE;EURCAD;s=3;prev=3;c=4;firstObs=false;slotOn=true;inWindow=true;time_close=08-10 18:31
2026-08-10T18:30:00.000+01:00,DIAG-DEDUP;EURCAD;s=3;wOpened=08-10 17:51;nd=1;bestStored=08-10 17:14;bestStoredSlot=1;newWins=false
2026-08-10T18:30:00.000+01:00,DIAG-CLOSE;EURCAD;s=5;prev=1;c=2;firstObs=false;slotOn=true;inWindow=true;time_close=08-10 18:31
2026-08-10T18:30:00.000+01:00,DIAG-DEDUP;EURCAD;s=5;wOpened=08-10 17:59;nd=1;bestStored=08-10 17:14;bestStoredSlot=1;newWins=false
2026-08-10T18:33:00.000+01:00,DIAG-CLOSE;AUDCHF;s=0;prev=16;c=17;firstObs=false;slotOn=true;inWindow=true;time_close=08-10 18:34
2026-08-10T18:33:00.000+01:00,DIAG-DEDUP;AUDCHF;s=0;wOpened=08-10 18:32;nd=0;bestStored=none;bestStoredSlot=-1;newWins=true
2026-08-10T18:33:00.000+01:00,DIAG-CLOSE;AUDCHF;s=1;prev=16;c=17;firstObs=false;slotOn=true;inWindow=true;time_close=08-10 18:34
2026-08-10T18:33:00.000+01:00,DIAG-DEDUP;AUDCHF;s=1;wOpened=08-10 18:32;nd=1;bestStored=08-10 18:32;bestStoredSlot=0;newWins=true
2026-08-10T18:44:00.000+01:00,DIAG-CLOSE;GBPAUD;s=0;prev=16;c=17;firstObs=false;slotOn=true;inWindow=true;time_close=08-10 18:45
2026-08-10T18:44:00.000+01:00,DIAG-DEDUP;GBPAUD;s=0;wOpened=08-10 18:31;nd=0;bestStored=none;bestStoredSlot=-1;newWins=true
2026-08-10T18:44:00.000+01:00,DIAG-CLOSE;GBPAUD;s=1;prev=16;c=17;firstObs=false;slotOn=true;inWindow=true;time_close=08-10 18:45
2026-08-10T18:44:00.000+01:00,DIAG-DEDUP;GBPAUD;s=1;wOpened=08-10 18:31;nd=1;bestStored=08-10 18:31;bestStoredSlot=0;newWins=true
2026-08-10T18:51:00.000+01:00,DIAG-CLOSE;GBPUSD;s=0;prev=16;c=17;firstObs=false;slotOn=true;inWindow=true;time_close=08-10 18:52
2026-08-10T18:51:00.000+01:00,DIAG-DEDUP;GBPUSD;s=0;wOpened=08-10 18:34;nd=0;bestStored=none;bestStoredSlot=-1;newWins=true
2026-08-10T18:51:00.000+01:00,DIAG-CLOSE;GBPUSD;s=1;prev=17;c=18;firstObs=false;slotOn=true;inWindow=true;time_close=08-10 18:52
2026-08-10T18:51:00.000+01:00,DIAG-DEDUP;GBPUSD;s=1;wOpened=08-10 18:34;nd=1;bestStored=08-10 18:34;bestStoredSlot=0;newWins=true
2026-08-10T18:51:00.000+01:00,DIAG-CLOSE;USDCHF;s=0;prev=14;c=15;firstObs=false;slotOn=true;inWindow=true;time_close=08-10 18:52
2026-08-10T18:51:00.000+01:00,DIAG-DEDUP;USDCHF;s=0;wOpened=08-10 18:47;nd=0;bestStored=none;bestStoredSlot=-1;newWins=true
2026-08-10T18:51:00.000+01:00,DIAG-CLOSE;USDCHF;s=1;prev=16;c=17;firstObs=false;slotOn=true;inWindow=true;time_close=08-10 18:52
2026-08-10T18:51:00.000+01:00,DIAG-DEDUP;USDCHF;s=1;wOpened=08-10 18:47;nd=1;bestStored=08-10 18:47;bestStoredSlot=0;newWins=true
2026-08-10T18:55:00.000+01:00,DIAG-CLOSE;USDCHF;s=2;prev=4;c=5;firstObs=false;slotOn=true;inWindow=true;time_close=08-10 18:56
2026-08-10T18:55:00.000+01:00,DIAG-DEDUP;USDCHF;s=2;wOpened=08-10 18:48;nd=1;bestStored=08-10 18:47;bestStoredSlot=1;newWins=false
2026-08-10T18:55:00.000+01:00,DIAG-CLOSE;USDCHF;s=3;prev=3;c=4;firstObs=false;slotOn=true;inWindow=true;time_close=08-10 18:56
2026-08-10T18:55:00.000+01:00,DIAG-DEDUP;USDCHF;s=3;wOpened=08-10 18:48;nd=1;bestStored=08-10 18:47;bestStoredSlot=1;newWins=false
2026-08-10T19:17:00.000+01:00,DIAG-CLOSE;EURJPY;s=0;prev=16;c=17;firstObs=false;slotOn=true;inWindow=true;time_close=08-10 19:18
2026-08-10T19:17:00.000+01:00,DIAG-DEDUP;EURJPY;s=0;wOpened=08-10 19:14;nd=0;bestStored=none;bestStoredSlot=-1;newWins=true
2026-08-10T19:17:00.000+01:00,DIAG-CLOSE;EURJPY;s=1;prev=15;c=16;firstObs=false;slotOn=true;inWindow=true;time_close=08-10 19:18
2026-08-10T19:17:00.000+01:00,DIAG-DEDUP;EURJPY;s=1;wOpened=08-10 19:14;nd=1;bestStored=08-10 19:14;bestStoredSlot=0;newWins=true
2026-08-10T19:20:00.000+01:00,DIAG-CLOSE;AUDJPY;s=0;prev=13;c=14;firstObs=false;slotOn=true;inWindow=true;time_close=08-10 19:21
2026-08-10T19:20:00.000+01:00,DIAG-DEDUP;AUDJPY;s=0;wOpened=08-10 19:19;nd=0;bestStored=none;bestStoredSlot=-1;newWins=true
2026-08-10T19:20:00.000+01:00,DIAG-CLOSE;AUDJPY;s=1;prev=13;c=14;firstObs=false;slotOn=true;inWindow=true;time_close=08-10 19:21
2026-08-10T19:20:00.000+01:00,DIAG-DEDUP;AUDJPY;s=1;wOpened=08-10 19:19;nd=1;bestStored=08-10 19:19;bestStoredSlot=0;newWins=true
2026-08-10T19:21:00.000+01:00,DIAG-CLOSE;EURUSD;s=0;prev=18;c=19;firstObs=false;slotOn=true;inWindow=true;time_close=08-10 19:22
2026-08-10T19:21:00.000+01:00,DIAG-DEDUP;EURUSD;s=0;wOpened=08-10 19:14;nd=0;bestStored=none;bestStoredSlot=-1;newWins=true
2026-08-10T19:21:00.000+01:00,DIAG-CLOSE;EURUSD;s=1;prev=19;c=20;firstObs=false;slotOn=true;inWindow=true;time_close=08-10 19:22
2026-08-10T19:21:00.000+01:00,DIAG-DEDUP;EURUSD;s=1;wOpened=08-10 19:14;nd=1;bestStored=08-10 19:14;bestStoredSlot=0;newWins=true
2026-08-10T19:26:00.000+01:00,DIAG-CLOSE;EURGBP;s=0;prev=18;c=19;firstObs=false;slotOn=true;inWindow=true;time_close=08-10 19:27
2026-08-10T19:26:00.000+01:00,DIAG-DEDUP;EURGBP;s=0;wOpened=08-10 18:48;nd=0;bestStored=none;bestStoredSlot=-1;newWins=true
2026-08-10T19:26:00.000+01:00,DIAG-CLOSE;EURGBP;s=1;prev=19;c=20;firstObs=false;slotOn=true;inWindow=true;time_close=08-10 19:27
2026-08-10T19:26:00.000+01:00,DIAG-DEDUP;EURGBP;s=1;wOpened=08-10 18:48;nd=1;bestStored=08-10 18:48;bestStoredSlot=0;newWins=true
2026-08-10T19:27:00.000+01:00,DIAG-CLOSE;EURJPY;s=2;prev=8;c=9;firstObs=false;slotOn=true;inWindow=true;time_close=08-10 19:28
2026-08-10T19:27:00.000+01:00,DIAG-DEDUP;EURJPY;s=2;wOpened=08-10 19:14;nd=1;bestStored=08-10 19:14;bestStoredSlot=1;newWins=true
2026-08-10T19:27:00.000+01:00,DIAG-CLOSE;EURJPY;s=3;prev=7;c=8;firstObs=false;slotOn=true;inWindow=true;time_close=08-10 19:28
2026-08-10T19:27:00.000+01:00,DIAG-DEDUP;EURJPY;s=3;wOpened=08-10 19:26;nd=1;bestStored=08-10 19:14;bestStoredSlot=2;newWins=false
2026-08-10T19:27:00.000+01:00,DIAG-CLOSE;EURJPY;s=4;prev=4;c=5;firstObs=false;slotOn=true;inWindow=true;time_close=08-10 19:28
2026-08-10T19:27:00.000+01:00,DIAG-DEDUP;EURJPY;s=4;wOpened=08-10 19:22;nd=1;bestStored=08-10 19:14;bestStoredSlot=2;newWins=false
2026-08-10T19:38:00.000+01:00,DIAG-CLOSE;USDCAD;s=2;prev=10;c=11;firstObs=false;slotOn=true;inWindow=true;time_close=08-10 19:39
2026-08-10T19:38:00.000+01:00,DIAG-DEDUP;USDCAD;s=2;wOpened=08-10 18:47;nd=0;bestStored=none;bestStoredSlot=-1;newWins=true
2026-08-10T19:38:00.000+01:00,DIAG-CLOSE;USDCAD;s=3;prev=10;c=11;firstObs=false;slotOn=true;inWindow=true;time_close=08-10 19:39
2026-08-10T19:38:00.000+01:00,DIAG-DEDUP;USDCAD;s=3;wOpened=08-10 18:47;nd=1;bestStored=08-10 18:47;bestStoredSlot=2;newWins=true
2026-08-10T19:38:00.000+01:00,DIAG-CLOSE;USDCAD;s=5;prev=4;c=5;firstObs=false;slotOn=true;inWindow=true;time_close=08-10 19:39
2026-08-10T19:38:00.000+01:00,DIAG-DEDUP;USDCAD;s=5;wOpened=08-10 19:00;nd=1;bestStored=08-10 18:47;bestStoredSlot=3;newWins=false
2026-08-10T19:40:00.000+01:00,DIAG-CLOSE;AUDUSD;s=0;prev=13;c=14;firstObs=false;slotOn=true;inWindow=true;time_close=08-10 19:41
2026-08-10T19:40:00.000+01:00,DIAG-DEDUP;AUDUSD;s=0;wOpened=08-10 18:23;nd=0;bestStored=none;bestStoredSlot=-1;newWins=true
2026-08-10T19:40:00.000+01:00,DIAG-CLOSE;AUDUSD;s=1;prev=12;c=13;firstObs=false;slotOn=true;inWindow=true;time_close=08-10 19:41
2026-08-10T19:40:00.000+01:00,DIAG-DEDUP;AUDUSD;s=1;wOpened=08-10 18:23;nd=1;bestStored=08-10 18:23;bestStoredSlot=0;newWins=true
2026-08-10T19:40:00.000+01:00,DIAG-CLOSE;AUDUSD;s=4;prev=5;c=6;firstObs=false;slotOn=true;inWindow=true;time_close=08-10 19:41
2026-08-10T19:40:00.000+01:00,DIAG-DEDUP;AUDUSD;s=4;wOpened=08-10 19:00;nd=1;bestStored=08-10 18:23;bestStoredSlot=1;newWins=false
2026-08-10T19:41:00.000+01:00,DIAG-CLOSE;CADJPY;s=0;prev=20;c=21;firstObs=false;slotOn=true;inWindow=true;time_close=08-10 19:42
2026-08-10T19:41:00.000+01:00,DIAG-DEDUP;CADJPY;s=0;wOpened=08-10 19:22;nd=0;bestStored=none;bestStoredSlot=-1;newWins=true
2026-08-10T19:41:00.000+01:00,DIAG-CLOSE;CADJPY;s=1;prev=19;c=20;firstObs=false;slotOn=true;inWindow=true;time_close=08-10 19:42
2026-08-10T19:41:00.000+01:00,DIAG-DEDUP;CADJPY;s=1;wOpened=08-10 19:22;nd=1;bestStored=08-10 19:22;bestStoredSlot=0;newWins=true
2026-08-10T19:44:00.000+01:00,DIAG-CLOSE;AUDUSD;s=2;prev=7;c=8;firstObs=false;slotOn=true;inWindow=true;time_close=08-10 19:45
2026-08-10T19:44:00.000+01:00,DIAG-DEDUP;AUDUSD;s=2;wOpened=08-10 18:24;nd=1;bestStored=08-10 18:23;bestStoredSlot=1;newWins=false
2026-08-10T19:44:00.000+01:00,DIAG-CLOSE;AUDUSD;s=3;prev=6;c=7;firstObs=false;slotOn=true;inWindow=true;time_close=08-10 19:45
2026-08-10T19:44:00.000+01:00,DIAG-DEDUP;AUDUSD;s=3;wOpened=08-10 18:24;nd=1;bestStored=08-10 18:23;bestStoredSlot=1;newWins=false
2026-08-10T19:44:00.000+01:00,DIAG-CLOSE;AUDUSD;s=5;prev=1;c=2;firstObs=false;slotOn=true;inWindow=true;time_close=08-10 19:45
2026-08-10T19:44:00.000+01:00,DIAG-DEDUP;AUDUSD;s=5;wOpened=08-10 18:27;nd=1;bestStored=08-10 18:23;bestStoredSlot=1;newWins=false
2026-08-10T19:47:00.000+01:00,DIAG-CLOSE;EURJPY;s=0;prev=17;c=18;firstObs=false;slotOn=true;inWindow=true;time_close=08-10 19:48
2026-08-10T19:47:00.000+01:00,DIAG-DEDUP;EURJPY;s=0;wOpened=08-10 19:33;nd=0;bestStored=none;bestStoredSlot=-1;newWins=true
2026-08-10T19:47:00.000+01:00,DIAG-CLOSE;EURJPY;s=1;prev=16;c=17;firstObs=false;slotOn=true;inWindow=true;time_close=08-10 19:48
2026-08-10T19:47:00.000+01:00,DIAG-DEDUP;EURJPY;s=1;wOpened=08-10 19:33;nd=1;bestStored=08-10 19:33;bestStoredSlot=0;newWins=true
2026-08-10T19:47:00.000+01:00,DIAG-CLOSE;EURJPY;s=2;prev=9;c=10;firstObs=false;slotOn=true;inWindow=true;time_close=08-10 19:48
2026-08-10T19:47:00.000+01:00,DIAG-DEDUP;EURJPY;s=2;wOpened=08-10 19:42;nd=1;bestStored=08-10 19:33;bestStoredSlot=1;newWins=false
2026-08-10T19:47:00.000+01:00,DIAG-CLOSE;GBPJPY;s=4;prev=3;c=4;firstObs=false;slotOn=true;inWindow=true;time_close=08-10 19:48
2026-08-10T19:47:00.000+01:00,DIAG-DEDUP;GBPJPY;s=4;wOpened=08-10 19:46;nd=0;bestStored=none;bestStoredSlot=-1;newWins=true
2026-08-10T19:52:00.000+01:00,DIAG-CLOSE;EURGBP;s=4;prev=5;c=6;firstObs=false;slotOn=true;inWindow=true;time_close=08-10 19:53
2026-08-10T19:52:00.000+01:00,DIAG-DEDUP;EURGBP;s=4;wOpened=08-10 19:09;nd=1;bestStored=08-10 18:48;bestStoredSlot=1;newWins=false
2026-08-10T19:55:00.000+01:00,DIAG-CLOSE;GBPAUD;s=0;prev=17;c=18;firstObs=false;slotOn=true;inWindow=true;time_close=08-10 19:56
2026-08-10T19:55:00.000+01:00,DIAG-DEDUP;GBPAUD;s=0;wOpened=08-10 19:52;nd=0;bestStored=none;bestStoredSlot=-1;newWins=true
2026-08-10T19:55:00.000+01:00,DIAG-CLOSE;GBPAUD;s=1;prev=17;c=18;firstObs=false;slotOn=true;inWindow=true;time_close=08-10 19:56
2026-08-10T19:55:00.000+01:00,DIAG-DEDUP;GBPAUD;s=1;wOpened=08-10 19:52;nd=1;bestStored=08-10 19:52;bestStoredSlot=0;newWins=true
2026-08-10T19:55:00.000+01:00,DIAG-CLOSE;GBPAUD;s=3;prev=8;c=9;firstObs=false;slotOn=true;inWindow=true;time_close=08-10 19:56
2026-08-10T19:55:00.000+01:00,DIAG-DEDUP;GBPAUD;s=3;wOpened=08-10 19:54;nd=1;bestStored=08-10 19:52;bestStoredSlot=1;newWins=false
2026-08-10T19:55:00.000+01:00,DIAG-CLOSE;GBPAUD;s=4;prev=7;c=8;firstObs=false;slotOn=true;inWindow=true;time_close=08-10 19:56
2026-08-10T19:55:00.000+01:00,DIAG-DEDUP;GBPAUD;s=4;wOpened=08-10 19:54;nd=1;bestStored=08-10 19:52;bestStoredSlot=1;newWins=false
2026-08-10T19:56:00.000+01:00,DIAG-CLOSE;EURGBP;s=2;prev=7;c=8;firstObs=false;slotOn=true;inWindow=true;time_close=08-10 19:57
2026-08-10T19:56:00.000+01:00,DIAG-DEDUP;EURGBP;s=2;wOpened=08-10 19:24;nd=1;bestStored=08-10 18:48;bestStoredSlot=1;newWins=false
2026-08-10T19:56:00.000+01:00,DIAG-CLOSE;EURGBP;s=3;prev=6;c=7;firstObs=false;slotOn=true;inWindow=true;time_close=08-10 19:57
2026-08-10T19:56:00.000+01:00,DIAG-DEDUP;EURGBP;s=3;wOpened=08-10 19:24;nd=1;bestStored=08-10 18:48;bestStoredSlot=1;newWins=false
2026-08-10T19:56:00.000+01:00,DIAG-CLOSE;EURGBP;s=5;prev=2;c=3;firstObs=false;slotOn=true;inWindow=true;time_close=08-10 19:57
2026-08-10T19:56:00.000+01:00,DIAG-DEDUP;EURGBP;s=5;wOpened=08-10 19:51;nd=0;bestStored=none;bestStoredSlot=-1;newWins=true
2026-08-10T19:56:00.000+01:00,DIAG-CLOSE;EURGBP;s=6;prev=1;c=2;firstObs=false;slotOn=true;inWindow=true;time_close=08-10 19:57
2026-08-10T19:56:00.000+01:00,DIAG-DEDUP;EURGBP;s=6;wOpened=08-10 19:11;nd=2;bestStored=08-10 18:48;bestStoredSlot=1;newWins=false
2026-08-10T20:00:00.000+01:00,GCLOSEHDR;2026-08-10 09:00;2026-08-11 01:00;63;127;8
2026-08-10T20:00:00.000+01:00,GCLOSE;1;AUDUSD;A2:14;2026-08-10 09:08;2026-08-10 09:10;2;long;2026-08-10 08:40
2026-08-10T20:00:00.000+01:00,GCLOSE;2;GBPCHF;A2:14;2026-08-10 09:11;2026-08-10 09:12;1;long;2026-08-10 09:10
2026-08-10T20:00:00.000+01:00,GCLOSE;3;EURJPY;A2:14;2026-08-10 09:13;2026-08-10 09:15;2;long;2026-08-10 08:47
2026-08-10T20:00:00.000+01:00,GCLOSE;4;CADJPY;B2:28;2026-08-10 09:19;2026-08-10 09:20;1;long;2026-08-10 09:18
2026-08-10T20:00:00.000+01:00,GCLOSE;5;AUDCHF;A2:14;2026-08-10 09:30;2026-08-10 09:31;1;long;2026-08-10 09:15
2026-08-10T20:00:00.000+01:00,GCLOSE;6;EURJPY;C2:29;2026-08-10 09:18;2026-08-10 09:34;2;long;2026-08-10 09:17
2026-08-10T20:00:00.000+01:00,GCLOSE;7;EURAUD;B2:28;2026-08-10 09:46;2026-08-10 10:04;3;long;2026-08-10 09:08
2026-08-10T20:00:00.000+01:00,GCLOSE;8;USDCAD;A2:14;2026-08-10 10:07;2026-08-10 10:39;3;long;2026-08-10 10:04
2026-08-10T20:00:00.000+01:00,GCLOSE;9;EURGBP;A2:14;2026-08-10 11:13;2026-08-10 11:14;1;short;2026-08-10 11:12
2026-08-10T20:00:00.000+01:00,GCLOSE;10;EURUSD;A2:14;2026-08-10 11:25;2026-08-10 12:13;2;short;2026-08-10 11:24
2026-08-10T20:00:00.000+01:00,GCLOSE;11;GBPUSD;A2:14;2026-08-10 11:25;2026-08-10 12:16;3;short;2026-08-10 11:24
2026-08-10T20:00:00.000+01:00,GCLOSE;12;EURCHF;B2:28;2026-08-10 12:22;2026-08-10 12:23;1;long;2026-08-10 12:21
2026-08-10T20:00:00.000+01:00,GCLOSE;13;GBPAUD;A2:14;2026-08-10 12:16;2026-08-10 12:23;2;long;2026-08-10 12:15
2026-08-10T20:00:00.000+01:00,GCLOSE;14;GBPCAD;A2:14;2026-08-10 12:15;2026-08-10 12:37;2;long;2026-08-10 11:58
2026-08-10T20:00:00.000+01:00,GCLOSE;15;CADCHF;A2:14;2026-08-10 12:36;2026-08-10 12:37;1;short;2026-08-10 12:35
2026-08-10T20:00:00.000+01:00,GCLOSE;16;GBPJPY;D2:7;2026-08-10 12:40;2026-08-10 12:41;1;long;2026-08-10 12:03
2026-08-10T20:00:00.000+01:00,GCLOSE;17;EURGBP;A2:14;2026-08-10 12:23;2026-08-10 12:43;4;short;2026-08-10 12:05
2026-08-10T20:00:00.000+01:00,GCLOSE;18;USDJPY;A2:14;2026-08-10 11:25;2026-08-10 12:54;5;long;2026-08-10 11:24
2026-08-10T20:00:00.000+01:00,GCLOSE;19;USDCHF;A2:14;2026-08-10 13:03;2026-08-10 13:04;1;short;2026-08-10 13:02
2026-08-10T20:00:00.000+01:00,GCLOSE;20;GBPCHF;A2:14;2026-08-10 12:32;2026-08-10 13:04;4;short;2026-08-10 12:26
2026-08-10T20:00:00.000+01:00,GCLOSE;21;AUDCHF;A2:14;2026-08-10 13:03;2026-08-10 13:04;1;short;2026-08-10 12:34
2026-08-10T20:00:00.000+01:00,GCLOSE;22;GBPJPY;A2:14;2026-08-10 13:10;2026-08-10 13:11;1;short;2026-08-10 13:09
2026-08-10T20:00:00.000+01:00,GCLOSE;23;CHFJPY;B2:28;2026-08-10 13:09;2026-08-10 13:11;2;short;2026-08-10 12:40
2026-08-10T20:00:00.000+01:00,GCLOSE;24;GBPUSD;B1:25;2026-08-10 13:21;2026-08-10 13:22;1;short;2026-08-10 12:58
2026-08-10T20:00:00.000+01:00,GCLOSE;25;AUDUSD;A2:14;2026-08-10 13:21;2026-08-10 13:22;1;short;2026-08-10 12:55
2026-08-10T20:00:00.000+01:00,GCLOSE;26;EURAUD;A2:14;2026-08-10 14:21;2026-08-10 14:23;2;long;2026-08-10 13:54
2026-08-10T20:00:00.000+01:00,GCLOSE;27;GBPJPY;A2:14;2026-08-10 14:37;2026-08-10 14:43;2;long;2026-08-10 14:19
2026-08-10T20:00:00.000+01:00,GCLOSE;28;CADCHF;A2:14;2026-08-10 14:48;2026-08-10 14:49;1;long;2026-08-10 14:47
2026-08-10T20:00:00.000+01:00,GCLOSE;29;AUDJPY;A2:14;2026-08-10 14:54;2026-08-10 14:55;1;long;2026-08-10 14:34
2026-08-10T20:00:00.000+01:00,GCLOSE;30;AUDUSD;B1:25;2026-08-10 15:04;2026-08-10 15:05;1;long;2026-08-10 15:03
2026-08-10T20:00:00.000+01:00,GCLOSE;31;GBPJPY;C1:11;2026-08-10 15:05;2026-08-10 15:06;1;long;2026-08-10 14:53
2026-08-10T20:00:00.000+01:00,GCLOSE;32;AUDCHF;A2:14;2026-08-10 14:21;2026-08-10 15:08;3;long;2026-08-10 14:10
2026-08-10T20:00:00.000+01:00,GCLOSE;33;GBPCHF;A2:14;2026-08-10 15:10;2026-08-10 15:11;1;long;2026-08-10 14:55
2026-08-10T20:00:00.000+01:00,GCLOSE;34;AUDCHF;C1:11;2026-08-10 15:21;2026-08-10 15:22;1;short;2026-08-10 15:20
2026-08-10T20:00:00.000+01:00,GCLOSE;35;CADCHF;B2:28;2026-08-10 15:20;2026-08-10 15:26;3;short;2026-08-10 14:55
2026-08-10T20:00:00.000+01:00,GCLOSE;36;AUDCHF;A2:14;2026-08-10 15:42;2026-08-10 15:43;1;long;2026-08-10 15:41
2026-08-10T20:00:00.000+01:00,GCLOSE;37;AUDCHF;C1:11;2026-08-10 16:12;2026-08-10 16:13;1;long;2026-08-10 16:01
2026-08-10T20:00:00.000+01:00,GCLOSE;38;USDJPY;A2:14;2026-08-10 16:19;2026-08-10 16:20;1;short;2026-08-10 16:14
2026-08-10T20:00:00.000+01:00,GCLOSE;39;EURGBP;A2:14;2026-08-10 16:24;2026-08-10 16:29;4;short;2026-08-10 15:59
2026-08-10T20:00:00.000+01:00,GCLOSE;40;GBPCHF;A2:14;2026-08-10 16:36;2026-08-10 16:37;1;long;2026-08-10 16:01
2026-08-10T20:00:00.000+01:00,GCLOSE;41;AUDCHF;D1:8;2026-08-10 16:36;2026-08-10 16:44;2;long;2026-08-10 16:14
2026-08-10T20:00:00.000+01:00,GCLOSE;42;CADJPY;A2:14;2026-08-10 17:01;2026-08-10 17:31;2;long;2026-08-10 17:00
2026-08-10T20:00:00.000+01:00,GCLOSE;43;USDJPY;B2:28;2026-08-10 17:35;2026-08-10 17:49;3;long;2026-08-10 17:18
2026-08-10T20:00:00.000+01:00,GCLOSE;44;AUDCAD;A2:14;2026-08-10 17:47;2026-08-10 17:51;3;short;2026-08-10 17:46
2026-08-10T20:00:00.000+01:00,GCLOSE;45;EURJPY;B2:28;2026-08-10 18:00;2026-08-10 18:08;3;long;2026-08-10 17:59
2026-08-10T20:00:00.000+01:00,GCLOSE;46;EURCAD;A2:14;2026-08-10 17:27;2026-08-10 18:14;9;long;2026-08-10 17:14
2026-08-10T20:00:00.000+01:00,GCLOSE;47;AUDCAD;D2:7;2026-08-10 18:12;2026-08-10 18:14;2;long;2026-08-10 18:06
2026-08-10T20:00:00.000+01:00,GCLOSE;48;EURUSD;A2:14;2026-08-10 18:20;2026-08-10 18:21;1;short;2026-08-10 18:15
2026-08-10T20:00:00.000+01:00,GCLOSE;49;USDCAD;A2:14;2026-08-10 18:28;2026-08-10 18:29;1;long;2026-08-10 18:27
2026-08-10T20:00:00.000+01:00,GCLOSE;50;AUDCHF;A2:14;2026-08-10 18:33;2026-08-10 18:34;1;short;2026-08-10 18:32
2026-08-10T20:00:00.000+01:00,GCLOSE;51;GBPAUD;A2:14;2026-08-10 18:44;2026-08-10 18:45;1;long;2026-08-10 18:31
2026-08-10T20:00:00.000+01:00,GCLOSE;52;GBPUSD;A2:14;2026-08-10 18:51;2026-08-10 18:52;1;short;2026-08-10 18:34
2026-08-10T20:00:00.000+01:00,GCLOSE;53;USDCHF;A2:14;2026-08-10 18:48;2026-08-10 18:52;2;long;2026-08-10 18:47
2026-08-10T20:00:00.000+01:00,GCLOSE;54;AUDJPY;A2:14;2026-08-10 19:20;2026-08-10 19:21;1;long;2026-08-10 19:19
2026-08-10T20:00:00.000+01:00,GCLOSE;55;EURUSD;A2:14;2026-08-10 19:21;2026-08-10 19:22;1;short;2026-08-10 19:14
2026-08-10T20:00:00.000+01:00,GCLOSE;56;EURGBP;A2:14;2026-08-10 19:23;2026-08-10 19:27;3;short;2026-08-10 18:48
2026-08-10T20:00:00.000+01:00,GCLOSE;57;EURJPY;B1:25;2026-08-10 19:22;2026-08-10 19:28;3;long;2026-08-10 19:14
2026-08-10T20:00:00.000+01:00,GCLOSE;58;USDCAD;B2:28;2026-08-10 19:00;2026-08-10 19:39;2;short;2026-08-10 18:47
2026-08-10T20:00:00.000+01:00,GCLOSE;59;AUDUSD;A2:14;2026-08-10 18:24;2026-08-10 19:41;6;long;2026-08-10 18:23
2026-08-10T20:00:00.000+01:00,GCLOSE;60;CADJPY;A2:14;2026-08-10 19:41;2026-08-10 19:42;1;long;2026-08-10 19:22
2026-08-10T20:00:00.000+01:00,GCLOSE;61;EURJPY;A2:14;2026-08-10 19:42;2026-08-10 19:48;3;long;2026-08-10 19:33
2026-08-10T20:00:00.000+01:00,GCLOSE;62;GBPJPY;C1:11;2026-08-10 19:47;2026-08-10 19:48;1;long;2026-08-10 19:46
2026-08-10T20:00:00.000+01:00,GCLOSE;63;GBPAUD;A2:14;2026-08-10 19:53;2026-08-10 19:56;3;long;2026-08-10 19:52
