Date,Message
2026-07-26T22:21:00.000+01:00,DIAG-CLOSE;EURUSD;s=0;prev=-1;c=0;firstObs=true;slotOn=true;inWindow=true;time_close=07-26 22:24
2026-07-26T22:21:00.000+01:00,DIAG-CLOSE;EURUSD;s=1;prev=-1;c=0;firstObs=true;slotOn=true;inWindow=true;time_close=07-26 22:24
2026-07-26T22:21:00.000+01:00,DIAG-CLOSE;EURUSD;s=2;prev=-1;c=0;firstObs=true;slotOn=true;inWindow=true;time_close=07-26 22:24
2026-07-26T22:21:00.000+01:00,DIAG-CLOSE;EURUSD;s=3;prev=-1;c=0;firstObs=true;slotOn=true;inWindow=true;time_close=07-26 22:24
2026-07-26T22:21:00.000+01:00,DIAG-CLOSE;EURUSD;s=4;prev=-1;c=0;firstObs=true;slotOn=true;inWindow=true;time_close=07-26 22:24
2026-07-26T22:21:00.000+01:00,DIAG-CLOSE;EURUSD;s=5;prev=-1;c=0;firstObs=true;slotOn=true;inWindow=true;time_close=07-26 22:24
2026-07-26T22:21:00.000+01:00,DIAG-CLOSE;EURUSD;s=6;prev=-1;c=0;firstObs=true;slotOn=true;inWindow=true;time_close=07-26 22:24
2026-07-26T22:21:00.000+01:00,DIAG-CLOSE;EURUSD;s=7;prev=-1;c=0;firstObs=true;slotOn=true;inWindow=true;time_close=07-26 22:24
2026-07-26T22:21:00.000+01:00,DIAG-CLOSE;GBPUSD;s=0;prev=-1;c=0;firstObs=true;slotOn=true;inWindow=true;time_close=07-26 22:24
2026-07-26T22:21:00.000+01:00,DIAG-CLOSE;GBPUSD;s=1;prev=-1;c=0;firstObs=true;slotOn=true;inWindow=true;time_close=07-26 22:24
2026-07-26T22:21:00.000+01:00,DIAG-CLOSE;GBPUSD;s=2;prev=-1;c=0;firstObs=true;slotOn=true;inWindow=true;time_close=07-26 22:24
2026-07-26T22:21:00.000+01:00,DIAG-CLOSE;GBPUSD;s=3;prev=-1;c=0;firstObs=true;slotOn=true;inWindow=true;time_close=07-26 22:24
2026-07-26T22:21:00.000+01:00,DIAG-CLOSE;GBPUSD;s=4;prev=-1;c=0;firstObs=true;slotOn=true;inWindow=true;time_close=07-26 22:24
2026-07-26T22:21:00.000+01:00,DIAG-CLOSE;GBPUSD;s=5;prev=-1;c=0;firstObs=true;slotOn=true;inWindow=true;time_close=07-26 22:24
2026-07-26T22:21:00.000+01:00,DIAG-CLOSE;GBPUSD;s=6;prev=-1;c=0;firstObs=true;slotOn=true;inWindow=true;time_close=07-26 22:24
2026-07-26T22:21:00.000+01:00,DIAG-CLOSE;GBPUSD;s=7;prev=-1;c=0;firstObs=true;slotOn=true;inWindow=true;time_close=07-26 22:24
2026-07-26T22:21:00.000+01:00,DIAG-CLOSE;USDCAD;s=0;prev=-1;c=0;firstObs=true;slotOn=true;inWindow=true;time_close=07-26 22:24
2026-07-26T22:21:00.000+01:00,DIAG-CLOSE;USDCAD;s=1;prev=-1;c=0;firstObs=true;slotOn=true;inWindow=true;time_close=07-26 22:24
2026-07-26T22:21:00.000+01:00,DIAG-CLOSE;USDCAD;s=2;prev=-1;c=0;firstObs=true;slotOn=true;inWindow=true;time_close=07-26 22:24
2026-07-26T22:21:00.000+01:00,DIAG-CLOSE;USDCAD;s=3;prev=-1;c=0;firstObs=true;slotOn=true;inWindow=true;time_close=07-26 22:24
2026-07-26T22:21:00.000+01:00,DIAG-CLOSE;USDCAD;s=4;prev=-1;c=0;firstObs=true;slotOn=true;inWindow=true;time_close=07-26 22:24
2026-07-26T22:21:00.000+01:00,DIAG-CLOSE;USDCAD;s=5;prev=-1;c=0;firstObs=true;slotOn=true;inWindow=true;time_close=07-26 22:24
2026-07-26T22:21:00.000+01:00,DIAG-CLOSE;USDCAD;s=6;prev=-1;c=0;firstObs=true;slotOn=true;inWindow=true;time_close=07-26 22:24
2026-07-26T22:21:00.000+01:00,DIAG-CLOSE;USDCAD;s=7;prev=-1;c=0;firstObs=true;slotOn=true;inWindow=true;time_close=07-26 22:24
2026-07-26T22:21:00.000+01:00,DIAG-CLOSE;USDCHF;s=0;prev=-1;c=0;firstObs=true;slotOn=true;inWindow=true;time_close=07-26 22:24
2026-07-26T22:21:00.000+01:00,DIAG-CLOSE;USDCHF;s=1;prev=-1;c=0;firstObs=true;slotOn=true;inWindow=true;time_close=07-26 22:24
2026-07-26T22:21:00.000+01:00,DIAG-CLOSE;USDCHF;s=2;prev=-1;c=0;firstObs=true;slotOn=true;inWindow=true;time_close=07-26 22:24
2026-07-26T22:21:00.000+01:00,DIAG-CLOSE;USDCHF;s=3;prev=-1;c=0;firstObs=true;slotOn=true;inWindow=true;time_close=07-26 22:24
2026-07-26T22:21:00.000+01:00,DIAG-CLOSE;USDCHF;s=4;prev=-1;c=0;firstObs=true;slotOn=true;inWindow=true;time_close=07-26 22:24
2026-07-26T22:21:00.000+01:00,DIAG-CLOSE;USDCHF;s=5;prev=-1;c=0;firstObs=true;slotOn=true;inWindow=true;time_close=07-26 22:24
2026-07-26T22:21:00.000+01:00,DIAG-CLOSE;USDCHF;s=6;prev=-1;c=0;firstObs=true;slotOn=true;inWindow=true;time_close=07-26 22:24
2026-07-26T22:21:00.000+01:00,DIAG-CLOSE;USDCHF;s=7;prev=-1;c=0;firstObs=true;slotOn=true;inWindow=true;time_close=07-26 22:24
2026-07-26T22:21:00.000+01:00,DIAG-CLOSE;USDJPY;s=0;prev=-1;c=0;firstObs=true;slotOn=true;inWindow=true;time_close=07-26 22:24
2026-07-26T22:21:00.000+01:00,DIAG-CLOSE;USDJPY;s=1;prev=-1;c=0;firstObs=true;slotOn=true;inWindow=true;time_close=07-26 22:24
2026-07-26T22:21:00.000+01:00,DIAG-CLOSE;USDJPY;s=2;prev=-1;c=0;firstObs=true;slotOn=true;inWindow=true;time_close=07-26 22:24
2026-07-26T22:21:00.000+01:00,DIAG-CLOSE;USDJPY;s=3;prev=-1;c=0;firstObs=true;slotOn=true;inWindow=true;time_close=07-26 22:24
2026-07-26T22:21:00.000+01:00,DIAG-CLOSE;USDJPY;s=4;prev=-1;c=0;firstObs=true;slotOn=true;inWindow=true;time_close=07-26 22:24
2026-07-26T22:21:00.000+01:00,DIAG-CLOSE;USDJPY;s=5;prev=-1;c=0;firstObs=true;slotOn=true;inWindow=true;time_close=07-26 22:24
2026-07-26T22:21:00.000+01:00,DIAG-CLOSE;USDJPY;s=6;prev=-1;c=0;firstObs=true;slotOn=true;inWindow=true;time_close=07-26 22:24
2026-07-26T22:21:00.000+01:00,DIAG-CLOSE;USDJPY;s=7;prev=-1;c=0;firstObs=true;slotOn=true;inWindow=true;time_close=07-26 22:24
2026-07-26T22:21:00.000+01:00,DIAG-CLOSE;AUDUSD;s=0;prev=-1;c=0;firstObs=true;slotOn=true;inWindow=true;time_close=07-26 22:24
2026-07-26T22:21:00.000+01:00,DIAG-CLOSE;AUDUSD;s=1;prev=-1;c=0;firstObs=true;slotOn=true;inWindow=true;time_close=07-26 22:24
2026-07-26T22:21:00.000+01:00,DIAG-CLOSE;AUDUSD;s=2;prev=-1;c=0;firstObs=true;slotOn=true;inWindow=true;time_close=07-26 22:24
2026-07-26T22:21:00.000+01:00,DIAG-CLOSE;AUDUSD;s=3;prev=-1;c=0;firstObs=true;slotOn=true;inWindow=true;time_close=07-26 22:24
2026-07-26T22:21:00.000+01:00,DIAG-CLOSE;AUDUSD;s=4;prev=-1;c=0;firstObs=true;slotOn=true;inWindow=true;time_close=07-26 22:24
2026-07-26T22:21:00.000+01:00,DIAG-CLOSE;AUDUSD;s=5;prev=-1;c=0;firstObs=true;slotOn=true;inWindow=true;time_close=07-26 22:24
2026-07-26T22:21:00.000+01:00,DIAG-CLOSE;AUDUSD;s=6;prev=-1;c=0;firstObs=true;slotOn=true;inWindow=true;time_close=07-26 22:24
2026-07-26T22:21:00.000+01:00,DIAG-CLOSE;AUDUSD;s=7;prev=-1;c=0;firstObs=true;slotOn=true;inWindow=true;time_close=07-26 22:24
2026-07-26T22:21:00.000+01:00,DIAG-CLOSE;EURGBP;s=0;prev=-1;c=0;firstObs=true;slotOn=true;inWindow=true;time_close=07-26 22:24
2026-07-26T22:21:00.000+01:00,DIAG-CLOSE;EURGBP;s=1;prev=-1;c=0;firstObs=true;slotOn=true;inWindow=true;time_close=07-26 22:24
2026-07-26T22:21:00.000+01:00,DIAG-CLOSE;EURGBP;s=2;prev=-1;c=0;firstObs=true;slotOn=true;inWindow=true;time_close=07-26 22:24
2026-07-26T22:21:00.000+01:00,DIAG-CLOSE;EURGBP;s=3;prev=-1;c=0;firstObs=true;slotOn=true;inWindow=true;time_close=07-26 22:24
2026-07-26T22:21:00.000+01:00,DIAG-CLOSE;EURGBP;s=4;prev=-1;c=0;firstObs=true;slotOn=true;inWindow=true;time_close=07-26 22:24
2026-07-26T22:21:00.000+01:00,DIAG-CLOSE;EURGBP;s=5;prev=-1;c=0;firstObs=true;slotOn=true;inWindow=true;time_close=07-26 22:24
2026-07-26T22:21:00.000+01:00,DIAG-CLOSE;EURGBP;s=6;prev=-1;c=0;firstObs=true;slotOn=true;inWindow=true;time_close=07-26 22:24
2026-07-26T22:21:00.000+01:00,DIAG-CLOSE;EURGBP;s=7;prev=-1;c=0;firstObs=true;slotOn=true;inWindow=true;time_close=07-26 22:24
2026-07-26T22:21:00.000+01:00,DIAG-CLOSE;EURCHF;s=0;prev=-1;c=0;firstObs=true;slotOn=true;inWindow=true;time_close=07-26 22:24
2026-07-26T22:21:00.000+01:00,DIAG-CLOSE;EURCHF;s=1;prev=-1;c=0;firstObs=true;slotOn=true;inWindow=true;time_close=07-26 22:24
2026-07-26T22:21:00.000+01:00,DIAG-CLOSE;EURCHF;s=2;prev=-1;c=0;firstObs=true;slotOn=true;inWindow=true;time_close=07-26 22:24
2026-07-26T22:21:00.000+01:00,DIAG-CLOSE;EURCHF;s=3;prev=-1;c=0;firstObs=true;slotOn=true;inWindow=true;time_close=07-26 22:24
2026-07-26T22:21:00.000+01:00,DIAG-CLOSE;EURCHF;s=4;prev=-1;c=0;firstObs=true;slotOn=true;inWindow=true;time_close=07-26 22:24
2026-07-26T22:21:00.000+01:00,DIAG-CLOSE;EURCHF;s=5;prev=-1;c=0;firstObs=true;slotOn=true;inWindow=true;time_close=07-26 22:24
2026-07-26T22:21:00.000+01:00,DIAG-CLOSE;EURCHF;s=6;prev=-1;c=0;firstObs=true;slotOn=true;inWindow=true;time_close=07-26 22:24
2026-07-26T22:21:00.000+01:00,DIAG-CLOSE;EURCHF;s=7;prev=-1;c=0;firstObs=true;slotOn=true;inWindow=true;time_close=07-26 22:24
2026-07-26T22:21:00.000+01:00,DIAG-CLOSE;EURJPY;s=0;prev=-1;c=0;firstObs=true;slotOn=true;inWindow=true;time_close=07-26 22:24
2026-07-26T22:21:00.000+01:00,DIAG-CLOSE;EURJPY;s=1;prev=-1;c=0;firstObs=true;slotOn=true;inWindow=true;time_close=07-26 22:24
2026-07-26T22:21:00.000+01:00,DIAG-CLOSE;EURJPY;s=2;prev=-1;c=0;firstObs=true;slotOn=true;inWindow=true;time_close=07-26 22:24
2026-07-26T22:21:00.000+01:00,DIAG-CLOSE;EURJPY;s=3;prev=-1;c=0;firstObs=true;slotOn=true;inWindow=true;time_close=07-26 22:24
2026-07-26T22:21:00.000+01:00,DIAG-CLOSE;EURJPY;s=4;prev=-1;c=0;firstObs=true;slotOn=true;inWindow=true;time_close=07-26 22:24
2026-07-26T22:21:00.000+01:00,DIAG-CLOSE;EURJPY;s=5;prev=-1;c=0;firstObs=true;slotOn=true;inWindow=true;time_close=07-26 22:24
2026-07-26T22:21:00.000+01:00,DIAG-CLOSE;EURJPY;s=6;prev=-1;c=0;firstObs=true;slotOn=true;inWindow=true;time_close=07-26 22:24
2026-07-26T22:21:00.000+01:00,DIAG-CLOSE;EURJPY;s=7;prev=-1;c=0;firstObs=true;slotOn=true;inWindow=true;time_close=07-26 22:24
2026-07-26T22:21:00.000+01:00,DIAG-CLOSE;EURAUD;s=0;prev=-1;c=0;firstObs=true;slotOn=true;inWindow=true;time_close=07-26 22:24
2026-07-26T22:21:00.000+01:00,DIAG-CLOSE;EURAUD;s=1;prev=-1;c=0;firstObs=true;slotOn=true;inWindow=true;time_close=07-26 22:24
2026-07-26T22:21:00.000+01:00,DIAG-CLOSE;EURAUD;s=2;prev=-1;c=0;firstObs=true;slotOn=true;inWindow=true;time_close=07-26 22:24
2026-07-26T22:21:00.000+01:00,DIAG-CLOSE;EURAUD;s=3;prev=-1;c=0;firstObs=true;slotOn=true;inWindow=true;time_close=07-26 22:24
2026-07-26T22:21:00.000+01:00,DIAG-CLOSE;EURAUD;s=4;prev=-1;c=0;firstObs=true;slotOn=true;inWindow=true;time_close=07-26 22:24
2026-07-26T22:21:00.000+01:00,DIAG-CLOSE;EURAUD;s=5;prev=-1;c=0;firstObs=true;slotOn=true;inWindow=true;time_close=07-26 22:24
2026-07-26T22:21:00.000+01:00,DIAG-CLOSE;EURAUD;s=6;prev=-1;c=0;firstObs=true;slotOn=true;inWindow=true;time_close=07-26 22:24
2026-07-26T22:21:00.000+01:00,DIAG-CLOSE;EURAUD;s=7;prev=-1;c=0;firstObs=true;slotOn=true;inWindow=true;time_close=07-26 22:24
2026-07-26T22:21:00.000+01:00,DIAG-CLOSE;EURCAD;s=0;prev=-1;c=0;firstObs=true;slotOn=true;inWindow=true;time_close=07-26 22:24
2026-07-26T22:21:00.000+01:00,DIAG-CLOSE;EURCAD;s=1;prev=-1;c=0;firstObs=true;slotOn=true;inWindow=true;time_close=07-26 22:24
2026-07-26T22:21:00.000+01:00,DIAG-CLOSE;EURCAD;s=2;prev=-1;c=0;firstObs=true;slotOn=true;inWindow=true;time_close=07-26 22:24
2026-07-26T22:21:00.000+01:00,DIAG-CLOSE;EURCAD;s=3;prev=-1;c=0;firstObs=true;slotOn=true;inWindow=true;time_close=07-26 22:24
2026-07-26T22:21:00.000+01:00,DIAG-CLOSE;EURCAD;s=4;prev=-1;c=0;firstObs=true;slotOn=true;inWindow=true;time_close=07-26 22:24
2026-07-26T22:21:00.000+01:00,DIAG-CLOSE;EURCAD;s=5;prev=-1;c=0;firstObs=true;slotOn=true;inWindow=true;time_close=07-26 22:24
2026-07-26T22:21:00.000+01:00,DIAG-CLOSE;EURCAD;s=6;prev=-1;c=0;firstObs=true;slotOn=true;inWindow=true;time_close=07-26 22:24
2026-07-26T22:21:00.000+01:00,DIAG-CLOSE;EURCAD;s=7;prev=-1;c=0;firstObs=true;slotOn=true;inWindow=true;time_close=07-26 22:24
2026-07-26T22:21:00.000+01:00,DIAG-CLOSE;GBPAUD;s=0;prev=-1;c=0;firstObs=true;slotOn=true;inWindow=true;time_close=07-26 22:24
2026-07-26T22:21:00.000+01:00,DIAG-CLOSE;GBPAUD;s=1;prev=-1;c=0;firstObs=true;slotOn=true;inWindow=true;time_close=07-26 22:24
2026-07-26T22:21:00.000+01:00,DIAG-CLOSE;GBPAUD;s=2;prev=-1;c=0;firstObs=true;slotOn=true;inWindow=true;time_close=07-26 22:24
2026-07-26T22:21:00.000+01:00,DIAG-CLOSE;GBPAUD;s=3;prev=-1;c=0;firstObs=true;slotOn=true;inWindow=true;time_close=07-26 22:24
2026-07-26T22:21:00.000+01:00,DIAG-CLOSE;GBPAUD;s=4;prev=-1;c=0;firstObs=true;slotOn=true;inWindow=true;time_close=07-26 22:24
2026-07-26T22:21:00.000+01:00,DIAG-CLOSE;GBPAUD;s=5;prev=-1;c=0;firstObs=true;slotOn=true;inWindow=true;time_close=07-26 22:24
2026-07-26T22:21:00.000+01:00,DIAG-CLOSE;GBPAUD;s=6;prev=-1;c=0;firstObs=true;slotOn=true;inWindow=true;time_close=07-26 22:24
2026-07-26T22:21:00.000+01:00,DIAG-CLOSE;GBPAUD;s=7;prev=-1;c=0;firstObs=true;slotOn=true;inWindow=true;time_close=07-26 22:24
2026-07-26T22:21:00.000+01:00,DIAG-CLOSE;GBPJPY;s=0;prev=-1;c=0;firstObs=true;slotOn=true;inWindow=true;time_close=07-26 22:24
2026-07-26T22:21:00.000+01:00,DIAG-CLOSE;GBPJPY;s=1;prev=-1;c=0;firstObs=true;slotOn=true;inWindow=true;time_close=07-26 22:24
2026-07-26T22:21:00.000+01:00,DIAG-CLOSE;GBPJPY;s=2;prev=-1;c=0;firstObs=true;slotOn=true;inWindow=true;time_close=07-26 22:24
2026-07-26T22:21:00.000+01:00,DIAG-CLOSE;GBPJPY;s=3;prev=-1;c=0;firstObs=true;slotOn=true;inWindow=true;time_close=07-26 22:24
2026-07-26T22:21:00.000+01:00,DIAG-CLOSE;GBPJPY;s=4;prev=-1;c=0;firstObs=true;slotOn=true;inWindow=true;time_close=07-26 22:24
2026-07-26T22:21:00.000+01:00,DIAG-CLOSE;GBPJPY;s=5;prev=-1;c=0;firstObs=true;slotOn=true;inWindow=true;time_close=07-26 22:24
2026-07-26T22:21:00.000+01:00,DIAG-CLOSE;GBPJPY;s=6;prev=-1;c=0;firstObs=true;slotOn=true;inWindow=true;time_close=07-26 22:24
2026-07-26T22:21:00.000+01:00,DIAG-CLOSE;GBPJPY;s=7;prev=-1;c=0;firstObs=true;slotOn=true;inWindow=true;time_close=07-26 22:24
2026-07-26T22:21:00.000+01:00,DIAG-CLOSE;GBPCHF;s=0;prev=-1;c=0;firstObs=true;slotOn=true;inWindow=true;time_close=07-26 22:24
2026-07-26T22:21:00.000+01:00,DIAG-CLOSE;GBPCHF;s=1;prev=-1;c=0;firstObs=true;slotOn=true;inWindow=true;time_close=07-26 22:24
2026-07-26T22:21:00.000+01:00,DIAG-CLOSE;GBPCHF;s=2;prev=-1;c=0;firstObs=true;slotOn=true;inWindow=true;time_close=07-26 22:24
2026-07-26T22:21:00.000+01:00,DIAG-CLOSE;GBPCHF;s=3;prev=-1;c=0;firstObs=true;slotOn=true;inWindow=true;time_close=07-26 22:24
2026-07-26T22:21:00.000+01:00,DIAG-CLOSE;GBPCHF;s=4;prev=-1;c=0;firstObs=true;slotOn=true;inWindow=true;time_close=07-26 22:24
2026-07-26T22:21:00.000+01:00,DIAG-CLOSE;GBPCHF;s=5;prev=-1;c=0;firstObs=true;slotOn=true;inWindow=true;time_close=07-26 22:24
2026-07-26T22:21:00.000+01:00,DIAG-CLOSE;GBPCHF;s=6;prev=-1;c=0;firstObs=true;slotOn=true;inWindow=true;time_close=07-26 22:24
2026-07-26T22:21:00.000+01:00,DIAG-CLOSE;GBPCHF;s=7;prev=-1;c=0;firstObs=true;slotOn=true;inWindow=true;time_close=07-26 22:24
2026-07-26T22:21:00.000+01:00,DIAG-CLOSE;GBPCAD;s=0;prev=-1;c=0;firstObs=true;slotOn=true;inWindow=true;time_close=07-26 22:24
2026-07-26T22:21:00.000+01:00,DIAG-CLOSE;GBPCAD;s=1;prev=-1;c=0;firstObs=true;slotOn=true;inWindow=true;time_close=07-26 22:24
2026-07-26T22:21:00.000+01:00,DIAG-CLOSE;GBPCAD;s=2;prev=-1;c=0;firstObs=true;slotOn=true;inWindow=true;time_close=07-26 22:24
2026-07-26T22:21:00.000+01:00,DIAG-CLOSE;GBPCAD;s=3;prev=-1;c=0;firstObs=true;slotOn=true;inWindow=true;time_close=07-26 22:24
2026-07-26T22:21:00.000+01:00,DIAG-CLOSE;GBPCAD;s=4;prev=-1;c=0;firstObs=true;slotOn=true;inWindow=true;time_close=07-26 22:24
2026-07-26T22:21:00.000+01:00,DIAG-CLOSE;GBPCAD;s=5;prev=-1;c=0;firstObs=true;slotOn=true;inWindow=true;time_close=07-26 22:24
2026-07-26T22:21:00.000+01:00,DIAG-CLOSE;GBPCAD;s=6;prev=-1;c=0;firstObs=true;slotOn=true;inWindow=true;time_close=07-26 22:24
2026-07-26T22:21:00.000+01:00,DIAG-CLOSE;GBPCAD;s=7;prev=-1;c=0;firstObs=true;slotOn=true;inWindow=true;time_close=07-26 22:24
2026-07-26T22:21:00.000+01:00,DIAG-CLOSE;CHFJPY;s=0;prev=-1;c=0;firstObs=true;slotOn=true;inWindow=true;time_close=07-26 22:24
2026-07-26T22:21:00.000+01:00,DIAG-CLOSE;CHFJPY;s=1;prev=-1;c=0;firstObs=true;slotOn=true;inWindow=true;time_close=07-26 22:24
2026-07-26T22:21:00.000+01:00,DIAG-CLOSE;CHFJPY;s=2;prev=-1;c=0;firstObs=true;slotOn=true;inWindow=true;time_close=07-26 22:24
2026-07-26T22:21:00.000+01:00,DIAG-CLOSE;CHFJPY;s=3;prev=-1;c=0;firstObs=true;slotOn=true;inWindow=true;time_close=07-26 22:24
2026-07-26T22:21:00.000+01:00,DIAG-CLOSE;CHFJPY;s=4;prev=-1;c=0;firstObs=true;slotOn=true;inWindow=true;time_close=07-26 22:24
2026-07-26T22:21:00.000+01:00,DIAG-CLOSE;CHFJPY;s=5;prev=-1;c=0;firstObs=true;slotOn=true;inWindow=true;time_close=07-26 22:24
2026-07-26T22:21:00.000+01:00,DIAG-CLOSE;CHFJPY;s=6;prev=-1;c=0;firstObs=true;slotOn=true;inWindow=true;time_close=07-26 22:24
2026-07-26T22:21:00.000+01:00,DIAG-CLOSE;CHFJPY;s=7;prev=-1;c=0;firstObs=true;slotOn=true;inWindow=true;time_close=07-26 22:24
2026-07-26T22:21:00.000+01:00,DIAG-CLOSE;CADCHF;s=0;prev=-1;c=0;firstObs=true;slotOn=true;inWindow=true;time_close=07-26 22:24
2026-07-26T22:21:00.000+01:00,DIAG-CLOSE;CADCHF;s=1;prev=-1;c=0;firstObs=true;slotOn=true;inWindow=true;time_close=07-26 22:24
2026-07-26T22:21:00.000+01:00,DIAG-CLOSE;CADCHF;s=2;prev=-1;c=0;firstObs=true;slotOn=true;inWindow=true;time_close=07-26 22:24
2026-07-26T22:21:00.000+01:00,DIAG-CLOSE;CADCHF;s=3;prev=-1;c=0;firstObs=true;slotOn=true;inWindow=true;time_close=07-26 22:24
2026-07-26T22:21:00.000+01:00,DIAG-CLOSE;CADCHF;s=4;prev=-1;c=0;firstObs=true;slotOn=true;inWindow=true;time_close=07-26 22:24
2026-07-26T22:21:00.000+01:00,DIAG-CLOSE;CADCHF;s=5;prev=-1;c=0;firstObs=true;slotOn=true;inWindow=true;time_close=07-26 22:24
2026-07-26T22:21:00.000+01:00,DIAG-CLOSE;CADCHF;s=6;prev=-1;c=0;firstObs=true;slotOn=true;inWindow=true;time_close=07-26 22:24
2026-07-26T22:21:00.000+01:00,DIAG-CLOSE;CADCHF;s=7;prev=-1;c=0;firstObs=true;slotOn=true;inWindow=true;time_close=07-26 22:24
2026-07-26T22:21:00.000+01:00,DIAG-CLOSE;CADJPY;s=0;prev=-1;c=0;firstObs=true;slotOn=true;inWindow=true;time_close=07-26 22:24
2026-07-26T22:21:00.000+01:00,DIAG-CLOSE;CADJPY;s=1;prev=-1;c=0;firstObs=true;slotOn=true;inWindow=true;time_close=07-26 22:24
2026-07-26T22:21:00.000+01:00,DIAG-CLOSE;CADJPY;s=2;prev=-1;c=0;firstObs=true;slotOn=true;inWindow=true;time_close=07-26 22:24
2026-07-26T22:21:00.000+01:00,DIAG-CLOSE;CADJPY;s=3;prev=-1;c=0;firstObs=true;slotOn=true;inWindow=true;time_close=07-26 22:24
2026-07-26T22:21:00.000+01:00,DIAG-CLOSE;CADJPY;s=4;prev=-1;c=0;firstObs=true;slotOn=true;inWindow=true;time_close=07-26 22:24
2026-07-26T22:21:00.000+01:00,DIAG-CLOSE;CADJPY;s=5;prev=-1;c=0;firstObs=true;slotOn=true;inWindow=true;time_close=07-26 22:24
2026-07-26T22:21:00.000+01:00,DIAG-CLOSE;CADJPY;s=6;prev=-1;c=0;firstObs=true;slotOn=true;inWindow=true;time_close=07-26 22:24
2026-07-26T22:21:00.000+01:00,DIAG-CLOSE;CADJPY;s=7;prev=-1;c=0;firstObs=true;slotOn=true;inWindow=true;time_close=07-26 22:24
2026-07-26T22:21:00.000+01:00,DIAG-CLOSE;AUDJPY;s=0;prev=-1;c=0;firstObs=true;slotOn=true;inWindow=true;time_close=07-26 22:24
2026-07-26T22:21:00.000+01:00,DIAG-CLOSE;AUDJPY;s=1;prev=-1;c=0;firstObs=true;slotOn=true;inWindow=true;time_close=07-26 22:24
2026-07-26T22:21:00.000+01:00,DIAG-CLOSE;AUDJPY;s=2;prev=-1;c=0;firstObs=true;slotOn=true;inWindow=true;time_close=07-26 22:24
2026-07-26T22:21:00.000+01:00,DIAG-CLOSE;AUDJPY;s=3;prev=-1;c=0;firstObs=true;slotOn=true;inWindow=true;time_close=07-26 22:24
2026-07-26T22:21:00.000+01:00,DIAG-CLOSE;AUDJPY;s=4;prev=-1;c=0;firstObs=true;slotOn=true;inWindow=true;time_close=07-26 22:24
2026-07-26T22:21:00.000+01:00,DIAG-CLOSE;AUDJPY;s=5;prev=-1;c=0;firstObs=true;slotOn=true;inWindow=true;time_close=07-26 22:24
2026-07-26T22:21:00.000+01:00,DIAG-CLOSE;AUDJPY;s=6;prev=-1;c=0;firstObs=true;slotOn=true;inWindow=true;time_close=07-26 22:24
2026-07-26T22:21:00.000+01:00,DIAG-CLOSE;AUDJPY;s=7;prev=-1;c=0;firstObs=true;slotOn=true;inWindow=true;time_close=07-26 22:24
2026-07-26T22:21:00.000+01:00,DIAG-CLOSE;AUDCHF;s=0;prev=-1;c=0;firstObs=true;slotOn=true;inWindow=true;time_close=07-26 22:24
2026-07-26T22:21:00.000+01:00,DIAG-CLOSE;AUDCHF;s=1;prev=-1;c=0;firstObs=true;slotOn=true;inWindow=true;time_close=07-26 22:24
2026-07-26T22:21:00.000+01:00,DIAG-CLOSE;AUDCHF;s=2;prev=-1;c=0;firstObs=true;slotOn=true;inWindow=true;time_close=07-26 22:24
2026-07-26T22:21:00.000+01:00,DIAG-CLOSE;AUDCHF;s=3;prev=-1;c=0;firstObs=true;slotOn=true;inWindow=true;time_close=07-26 22:24
2026-07-26T22:21:00.000+01:00,DIAG-CLOSE;AUDCHF;s=4;prev=-1;c=0;firstObs=true;slotOn=true;inWindow=true;time_close=07-26 22:24
2026-07-26T22:21:00.000+01:00,DIAG-CLOSE;AUDCHF;s=5;prev=-1;c=0;firstObs=true;slotOn=true;inWindow=true;time_close=07-26 22:24
2026-07-26T22:21:00.000+01:00,DIAG-CLOSE;AUDCHF;s=6;prev=-1;c=0;firstObs=true;slotOn=true;inWindow=true;time_close=07-26 22:24
2026-07-26T22:21:00.000+01:00,DIAG-CLOSE;AUDCHF;s=7;prev=-1;c=0;firstObs=true;slotOn=true;inWindow=true;time_close=07-26 22:24
2026-07-26T22:21:00.000+01:00,DIAG-CLOSE;AUDCAD;s=0;prev=-1;c=0;firstObs=true;slotOn=true;inWindow=true;time_close=07-26 22:24
2026-07-26T22:21:00.000+01:00,DIAG-CLOSE;AUDCAD;s=1;prev=-1;c=0;firstObs=true;slotOn=true;inWindow=true;time_close=07-26 22:24
2026-07-26T22:21:00.000+01:00,DIAG-CLOSE;AUDCAD;s=2;prev=-1;c=0;firstObs=true;slotOn=true;inWindow=true;time_close=07-26 22:24
2026-07-26T22:21:00.000+01:00,DIAG-CLOSE;AUDCAD;s=3;prev=-1;c=0;firstObs=true;slotOn=true;inWindow=true;time_close=07-26 22:24
2026-07-26T22:21:00.000+01:00,DIAG-CLOSE;AUDCAD;s=4;prev=-1;c=0;firstObs=true;slotOn=true;inWindow=true;time_close=07-26 22:24
2026-07-26T22:21:00.000+01:00,DIAG-CLOSE;AUDCAD;s=5;prev=-1;c=0;firstObs=true;slotOn=true;inWindow=true;time_close=07-26 22:24
2026-07-26T22:21:00.000+01:00,DIAG-CLOSE;AUDCAD;s=6;prev=-1;c=0;firstObs=true;slotOn=true;inWindow=true;time_close=07-26 22:24
2026-07-26T22:21:00.000+01:00,DIAG-CLOSE;AUDCAD;s=7;prev=-1;c=0;firstObs=true;slotOn=true;inWindow=true;time_close=07-26 22:24
2026-07-27T10:06:00.000+01:00,DIAG-CLOSE;EURCAD;s=0;prev=0;c=1;firstObs=false;slotOn=true;inWindow=true;time_close=07-27 10:09
2026-07-27T10:06:00.000+01:00,DIAG-DEDUP;EURCAD;s=0;wOpened=07-27 09:48;nd=0;bestStored=none;bestStoredSlot=-1;newWins=true
2026-07-27T10:06:00.000+01:00,DIAG-CLOSE;EURCAD;s=1;prev=0;c=1;firstObs=false;slotOn=true;inWindow=true;time_close=07-27 10:09
2026-07-27T10:06:00.000+01:00,DIAG-DEDUP;EURCAD;s=1;wOpened=07-27 09:39;nd=1;bestStored=07-27 09:48;bestStoredSlot=0;newWins=true
2026-07-27T10:06:00.000+01:00,DIAG-CLOSE;EURCAD;s=3;prev=0;c=1;firstObs=false;slotOn=true;inWindow=true;time_close=07-27 10:09
2026-07-27T10:06:00.000+01:00,DIAG-DEDUP;EURCAD;s=3;wOpened=07-27 09:48;nd=1;bestStored=07-27 09:39;bestStoredSlot=1;newWins=false
2026-07-27T11:00:00.000+01:00,DIAG-CLOSE;USDJPY;s=3;prev=0;c=1;firstObs=false;slotOn=true;inWindow=true;time_close=07-27 11:03
2026-07-27T11:00:00.000+01:00,DIAG-DEDUP;USDJPY;s=3;wOpened=07-27 10:24;nd=0;bestStored=none;bestStoredSlot=-1;newWins=true
2026-07-27T11:39:00.000+01:00,DIAG-CLOSE;GBPCAD;s=0;prev=0;c=1;firstObs=false;slotOn=true;inWindow=true;time_close=07-27 11:42
2026-07-27T11:39:00.000+01:00,DIAG-DEDUP;GBPCAD;s=0;wOpened=07-27 10:12;nd=0;bestStored=none;bestStoredSlot=-1;newWins=true
2026-07-27T11:42:00.000+01:00,DIAG-CLOSE;EURGBP;s=0;prev=0;c=1;firstObs=false;slotOn=true;inWindow=true;time_close=07-27 11:45
2026-07-27T11:42:00.000+01:00,DIAG-DEDUP;EURGBP;s=0;wOpened=07-27 11:39;nd=0;bestStored=none;bestStoredSlot=-1;newWins=true
2026-07-27T11:48:00.000+01:00,DIAG-CLOSE;EURJPY;s=1;prev=0;c=1;firstObs=false;slotOn=true;inWindow=true;time_close=07-27 11:51
2026-07-27T11:48:00.000+01:00,DIAG-DEDUP;EURJPY;s=1;wOpened=07-27 10:24;nd=0;bestStored=none;bestStoredSlot=-1;newWins=true
2026-07-27T11:48:00.000+01:00,DIAG-CLOSE;AUDJPY;s=0;prev=0;c=1;firstObs=false;slotOn=true;inWindow=true;time_close=07-27 11:51
2026-07-27T11:48:00.000+01:00,DIAG-DEDUP;AUDJPY;s=0;wOpened=07-27 10:24;nd=0;bestStored=none;bestStoredSlot=-1;newWins=true
2026-07-27T12:15:00.000+01:00,DIAG-CLOSE;GBPCHF;s=0;prev=0;c=1;firstObs=false;slotOn=true;inWindow=true;time_close=07-27 12:18
2026-07-27T12:15:00.000+01:00,DIAG-DEDUP;GBPCHF;s=0;wOpened=07-27 12:00;nd=0;bestStored=none;bestStoredSlot=-1;newWins=true
2026-07-27T12:15:00.000+01:00,DIAG-CLOSE;GBPCHF;s=2;prev=0;c=1;firstObs=false;slotOn=true;inWindow=true;time_close=07-27 12:18
2026-07-27T12:15:00.000+01:00,DIAG-DEDUP;GBPCHF;s=2;wOpened=07-27 12:12;nd=1;bestStored=07-27 12:00;bestStoredSlot=0;newWins=false
2026-07-27T12:15:00.000+01:00,DIAG-CLOSE;GBPCHF;s=3;prev=0;c=1;firstObs=false;slotOn=true;inWindow=true;time_close=07-27 12:18
2026-07-27T12:15:00.000+01:00,DIAG-DEDUP;GBPCHF;s=3;wOpened=07-27 12:12;nd=1;bestStored=07-27 12:00;bestStoredSlot=0;newWins=false
2026-07-27T12:18:00.000+01:00,DIAG-CLOSE;EURUSD;s=0;prev=0;c=1;firstObs=false;slotOn=true;inWindow=true;time_close=07-27 12:21
2026-07-27T12:18:00.000+01:00,DIAG-DEDUP;EURUSD;s=0;wOpened=07-27 10:39;nd=0;bestStored=none;bestStoredSlot=-1;newWins=true
2026-07-27T12:21:00.000+01:00,DIAG-CLOSE;GBPUSD;s=0;prev=0;c=1;firstObs=false;slotOn=true;inWindow=true;time_close=07-27 12:24
2026-07-27T12:21:00.000+01:00,DIAG-DEDUP;GBPUSD;s=0;wOpened=07-27 12:15;nd=0;bestStored=none;bestStoredSlot=-1;newWins=true
2026-07-27T12:24:00.000+01:00,DIAG-CLOSE;GBPUSD;s=2;prev=0;c=1;firstObs=false;slotOn=true;inWindow=true;time_close=07-27 12:27
2026-07-27T12:24:00.000+01:00,DIAG-DEDUP;GBPUSD;s=2;wOpened=07-27 12:15;nd=1;bestStored=07-27 12:15;bestStoredSlot=0;newWins=true
2026-07-27T13:00:00.000+01:00,DIAG-CLOSE;EURCHF;s=0;prev=0;c=1;firstObs=false;slotOn=true;inWindow=true;time_close=07-27 13:03
2026-07-27T13:00:00.000+01:00,DIAG-DEDUP;EURCHF;s=0;wOpened=07-27 12:57;nd=0;bestStored=none;bestStoredSlot=-1;newWins=true
2026-07-27T13:00:00.000+01:00,DIAG-CLOSE;EURCHF;s=1;prev=0;c=1;firstObs=false;slotOn=true;inWindow=true;time_close=07-27 13:03
2026-07-27T13:00:00.000+01:00,DIAG-DEDUP;EURCHF;s=1;wOpened=07-27 12:57;nd=1;bestStored=07-27 12:57;bestStoredSlot=0;newWins=true
2026-07-27T13:18:00.000+01:00,DIAG-CLOSE;CADJPY;s=0;prev=0;c=1;firstObs=false;slotOn=true;inWindow=true;time_close=07-27 13:21
2026-07-27T13:18:00.000+01:00,DIAG-DEDUP;CADJPY;s=0;wOpened=07-27 12:42;nd=0;bestStored=none;bestStoredSlot=-1;newWins=true
2026-07-27T13:39:00.000+01:00,DIAG-CLOSE;AUDUSD;s=0;prev=0;c=1;firstObs=false;slotOn=true;inWindow=true;time_close=07-27 13:42
2026-07-27T13:39:00.000+01:00,DIAG-DEDUP;AUDUSD;s=0;wOpened=07-27 13:24;nd=0;bestStored=none;bestStoredSlot=-1;newWins=true
2026-07-27T13:39:00.000+01:00,DIAG-CLOSE;EURJPY;s=0;prev=0;c=1;firstObs=false;slotOn=true;inWindow=true;time_close=07-27 13:42
2026-07-27T13:39:00.000+01:00,DIAG-DEDUP;EURJPY;s=0;wOpened=07-27 13:00;nd=0;bestStored=none;bestStoredSlot=-1;newWins=true
2026-07-27T14:00:00.000+01:00,DIAG-CLOSE;EURCHF;s=0;prev=1;c=2;firstObs=false;slotOn=true;inWindow=true;time_close=07-27 14:03
2026-07-27T14:00:00.000+01:00,DIAG-DEDUP;EURCHF;s=0;wOpened=07-27 13:36;nd=0;bestStored=none;bestStoredSlot=-1;newWins=true
2026-07-27T14:45:00.000+01:00,DIAG-CLOSE;EURGBP;s=0;prev=1;c=2;firstObs=false;slotOn=true;inWindow=true;time_close=07-27 14:48
2026-07-27T14:45:00.000+01:00,DIAG-DEDUP;EURGBP;s=0;wOpened=07-27 13:12;nd=0;bestStored=none;bestStoredSlot=-1;newWins=true
2026-07-27T14:45:00.000+01:00,DIAG-CLOSE;EURGBP;s=1;prev=0;c=1;firstObs=false;slotOn=true;inWindow=true;time_close=07-27 14:48
2026-07-27T14:45:00.000+01:00,DIAG-DEDUP;EURGBP;s=1;wOpened=07-27 13:12;nd=1;bestStored=07-27 13:12;bestStoredSlot=0;newWins=true
2026-07-27T14:45:00.000+01:00,DIAG-CLOSE;EURAUD;s=0;prev=0;c=1;firstObs=false;slotOn=true;inWindow=true;time_close=07-27 14:48
2026-07-27T14:45:00.000+01:00,DIAG-DEDUP;EURAUD;s=0;wOpened=07-27 13:54;nd=0;bestStored=none;bestStoredSlot=-1;newWins=true
2026-07-27T14:45:00.000+01:00,DIAG-CLOSE;EURAUD;s=1;prev=0;c=1;firstObs=false;slotOn=true;inWindow=true;time_close=07-27 14:48
2026-07-27T14:45:00.000+01:00,DIAG-DEDUP;EURAUD;s=1;wOpened=07-27 13:54;nd=1;bestStored=07-27 13:54;bestStoredSlot=0;newWins=true
2026-07-27T14:45:00.000+01:00,DIAG-CLOSE;EURAUD;s=2;prev=0;c=1;firstObs=false;slotOn=true;inWindow=true;time_close=07-27 14:48
2026-07-27T14:45:00.000+01:00,DIAG-DEDUP;EURAUD;s=2;wOpened=07-27 13:57;nd=1;bestStored=07-27 13:54;bestStoredSlot=1;newWins=false
2026-07-27T14:45:00.000+01:00,DIAG-CLOSE;EURAUD;s=3;prev=0;c=1;firstObs=false;slotOn=true;inWindow=true;time_close=07-27 14:48
2026-07-27T14:45:00.000+01:00,DIAG-DEDUP;EURAUD;s=3;wOpened=07-27 13:54;nd=1;bestStored=07-27 13:54;bestStoredSlot=1;newWins=true
2026-07-27T14:45:00.000+01:00,DIAG-CLOSE;EURAUD;s=4;prev=0;c=1;firstObs=false;slotOn=true;inWindow=true;time_close=07-27 14:48
2026-07-27T14:45:00.000+01:00,DIAG-DEDUP;EURAUD;s=4;wOpened=07-27 14:42;nd=1;bestStored=07-27 13:54;bestStoredSlot=3;newWins=false
2026-07-27T14:57:00.000+01:00,DIAG-CLOSE;USDCAD;s=0;prev=0;c=1;firstObs=false;slotOn=true;inWindow=true;time_close=07-27 15:00
2026-07-27T14:57:00.000+01:00,DIAG-DEDUP;USDCAD;s=0;wOpened=07-27 10:39;nd=0;bestStored=none;bestStoredSlot=-1;newWins=true
2026-07-27T14:57:00.000+01:00,DIAG-CLOSE;USDCAD;s=1;prev=0;c=1;firstObs=false;slotOn=true;inWindow=true;time_close=07-27 15:00
2026-07-27T14:57:00.000+01:00,DIAG-DEDUP;USDCAD;s=1;wOpened=07-27 10:39;nd=1;bestStored=07-27 10:39;bestStoredSlot=0;newWins=true
2026-07-27T14:57:00.000+01:00,DIAG-CLOSE;USDCAD;s=3;prev=0;c=1;firstObs=false;slotOn=true;inWindow=true;time_close=07-27 15:00
2026-07-27T14:57:00.000+01:00,DIAG-DEDUP;USDCAD;s=3;wOpened=07-27 12:42;nd=1;bestStored=07-27 10:39;bestStoredSlot=1;newWins=false
2026-07-27T15:03:00.000+01:00,DIAG-CLOSE;EURUSD;s=0;prev=1;c=2;firstObs=false;slotOn=true;inWindow=true;time_close=07-27 15:06
2026-07-27T15:03:00.000+01:00,DIAG-DEDUP;EURUSD;s=0;wOpened=07-27 13:45;nd=0;bestStored=none;bestStoredSlot=-1;newWins=true
2026-07-27T15:27:00.000+01:00,DIAG-CLOSE;CADJPY;s=0;prev=1;c=2;firstObs=false;slotOn=true;inWindow=true;time_close=07-27 15:30
2026-07-27T15:27:00.000+01:00,DIAG-DEDUP;CADJPY;s=0;wOpened=07-27 15:06;nd=0;bestStored=none;bestStoredSlot=-1;newWins=true
2026-07-27T15:33:00.000+01:00,DIAG-CLOSE;EURCAD;s=0;prev=1;c=2;firstObs=false;slotOn=true;inWindow=true;time_close=07-27 15:36
2026-07-27T15:33:00.000+01:00,DIAG-DEDUP;EURCAD;s=0;wOpened=07-27 15:30;nd=0;bestStored=none;bestStoredSlot=-1;newWins=true
2026-07-27T15:33:00.000+01:00,DIAG-CLOSE;EURCAD;s=3;prev=1;c=2;firstObs=false;slotOn=true;inWindow=true;time_close=07-27 15:36
2026-07-27T15:33:00.000+01:00,DIAG-DEDUP;EURCAD;s=3;wOpened=07-27 15:30;nd=1;bestStored=07-27 15:30;bestStoredSlot=0;newWins=true
2026-07-27T15:39:00.000+01:00,DIAG-CLOSE;AUDJPY;s=1;prev=0;c=1;firstObs=false;slotOn=true;inWindow=true;time_close=07-27 15:42
2026-07-27T15:39:00.000+01:00,DIAG-DEDUP;AUDJPY;s=1;wOpened=07-27 14:54;nd=0;bestStored=none;bestStoredSlot=-1;newWins=true
2026-07-27T15:48:00.000+01:00,DIAG-CLOSE;GBPUSD;s=1;prev=0;c=1;firstObs=false;slotOn=true;inWindow=true;time_close=07-27 15:51
2026-07-27T15:48:00.000+01:00,DIAG-DEDUP;GBPUSD;s=1;wOpened=07-27 12:12;nd=1;bestStored=07-27 12:15;bestStoredSlot=2;newWins=true
2026-07-27T15:48:00.000+01:00,DIAG-CLOSE;GBPUSD;s=5;prev=0;c=1;firstObs=false;slotOn=true;inWindow=true;time_close=07-27 15:51
2026-07-27T15:48:00.000+01:00,DIAG-DEDUP;GBPUSD;s=5;wOpened=07-27 13:18;nd=1;bestStored=07-27 12:12;bestStoredSlot=1;newWins=false
2026-07-27T16:09:00.000+01:00,DIAG-CLOSE;GBPCAD;s=0;prev=1;c=2;firstObs=false;slotOn=true;inWindow=true;time_close=07-27 16:12
2026-07-27T16:09:00.000+01:00,DIAG-DEDUP;GBPCAD;s=0;wOpened=07-27 16:06;nd=0;bestStored=none;bestStoredSlot=-1;newWins=true
2026-07-27T16:09:00.000+01:00,DIAG-CLOSE;GBPCAD;s=1;prev=0;c=1;firstObs=false;slotOn=true;inWindow=true;time_close=07-27 16:12
2026-07-27T16:09:00.000+01:00,DIAG-DEDUP;GBPCAD;s=1;wOpened=07-27 16:06;nd=1;bestStored=07-27 16:06;bestStoredSlot=0;newWins=true
2026-07-27T16:42:00.000+01:00,DIAG-CLOSE;EURGBP;s=0;prev=2;c=3;firstObs=false;slotOn=true;inWindow=true;time_close=07-27 16:45
2026-07-27T16:42:00.000+01:00,DIAG-DEDUP;EURGBP;s=0;wOpened=07-27 15:51;nd=0;bestStored=none;bestStoredSlot=-1;newWins=true
2026-07-27T16:42:00.000+01:00,DIAG-CLOSE;EURGBP;s=2;prev=0;c=1;firstObs=false;slotOn=true;inWindow=true;time_close=07-27 16:45
2026-07-27T16:42:00.000+01:00,DIAG-DEDUP;EURGBP;s=2;wOpened=07-27 16:39;nd=1;bestStored=07-27 15:51;bestStoredSlot=0;newWins=false
2026-07-27T16:42:00.000+01:00,DIAG-CLOSE;EURGBP;s=3;prev=0;c=1;firstObs=false;slotOn=true;inWindow=true;time_close=07-27 16:45
2026-07-27T16:42:00.000+01:00,DIAG-DEDUP;EURGBP;s=3;wOpened=07-27 16:39;nd=1;bestStored=07-27 15:51;bestStoredSlot=0;newWins=false
2026-07-27T16:42:00.000+01:00,DIAG-CLOSE;EURGBP;s=4;prev=0;c=1;firstObs=false;slotOn=true;inWindow=true;time_close=07-27 16:45
2026-07-27T16:42:00.000+01:00,DIAG-DEDUP;EURGBP;s=4;wOpened=07-27 16:39;nd=1;bestStored=07-27 15:51;bestStoredSlot=0;newWins=false
2026-07-27T16:51:00.000+01:00,DIAG-CLOSE;EURGBP;s=1;prev=1;c=2;firstObs=false;slotOn=true;inWindow=true;time_close=07-27 16:54
2026-07-27T16:51:00.000+01:00,DIAG-DEDUP;EURGBP;s=1;wOpened=07-27 16:39;nd=1;bestStored=07-27 15:51;bestStoredSlot=0;newWins=false
2026-07-27T17:06:00.000+01:00,DIAG-CLOSE;CADCHF;s=0;prev=0;c=1;firstObs=false;slotOn=true;inWindow=true;time_close=07-27 17:09
2026-07-27T17:06:00.000+01:00,DIAG-DEDUP;CADCHF;s=0;wOpened=07-27 14:36;nd=0;bestStored=none;bestStoredSlot=-1;newWins=true
2026-07-27T17:06:00.000+01:00,DIAG-CLOSE;CADCHF;s=1;prev=0;c=1;firstObs=false;slotOn=true;inWindow=true;time_close=07-27 17:09
2026-07-27T17:06:00.000+01:00,DIAG-DEDUP;CADCHF;s=1;wOpened=07-27 14:36;nd=1;bestStored=07-27 14:36;bestStoredSlot=0;newWins=true
2026-07-27T17:06:00.000+01:00,DIAG-CLOSE;AUDCHF;s=3;prev=0;c=1;firstObs=false;slotOn=true;inWindow=true;time_close=07-27 17:09
2026-07-27T17:06:00.000+01:00,DIAG-DEDUP;AUDCHF;s=3;wOpened=07-27 16:48;nd=0;bestStored=none;bestStoredSlot=-1;newWins=true
2026-07-27T17:36:00.000+01:00,DIAG-CLOSE;GBPCHF;s=1;prev=0;c=1;firstObs=false;slotOn=true;inWindow=true;time_close=07-27 17:39
2026-07-27T17:36:00.000+01:00,DIAG-DEDUP;GBPCHF;s=1;wOpened=07-27 16:39;nd=0;bestStored=none;bestStoredSlot=-1;newWins=true
2026-07-27T17:36:00.000+01:00,DIAG-CLOSE;GBPCHF;s=3;prev=1;c=2;firstObs=false;slotOn=true;inWindow=true;time_close=07-27 17:39
2026-07-27T17:36:00.000+01:00,DIAG-DEDUP;GBPCHF;s=3;wOpened=07-27 16:39;nd=1;bestStored=07-27 16:39;bestStoredSlot=1;newWins=true
2026-07-27T17:42:00.000+01:00,DIAG-CLOSE;EURCAD;s=1;prev=1;c=2;firstObs=false;slotOn=true;inWindow=true;time_close=07-27 17:45
2026-07-27T17:42:00.000+01:00,DIAG-DEDUP;EURCAD;s=1;wOpened=07-27 17:39;nd=0;bestStored=none;bestStoredSlot=-1;newWins=true
2026-07-27T17:45:00.000+01:00,DIAG-CLOSE;GBPAUD;s=0;prev=0;c=1;firstObs=false;slotOn=true;inWindow=true;time_close=07-27 17:48
2026-07-27T17:45:00.000+01:00,DIAG-DEDUP;GBPAUD;s=0;wOpened=07-27 16:24;nd=0;bestStored=none;bestStoredSlot=-1;newWins=true
2026-07-27T17:45:00.000+01:00,DIAG-CLOSE;GBPAUD;s=3;prev=0;c=1;firstObs=false;slotOn=true;inWindow=true;time_close=07-27 17:48
2026-07-27T17:45:00.000+01:00,DIAG-DEDUP;GBPAUD;s=3;wOpened=07-27 16:45;nd=1;bestStored=07-27 16:24;bestStoredSlot=0;newWins=false
2026-07-27T17:45:00.000+01:00,DIAG-CLOSE;CHFJPY;s=0;prev=0;c=1;firstObs=false;slotOn=true;inWindow=true;time_close=07-27 17:48
2026-07-27T17:45:00.000+01:00,DIAG-DEDUP;CHFJPY;s=0;wOpened=07-27 17:42;nd=0;bestStored=none;bestStoredSlot=-1;newWins=true
2026-07-27T18:09:00.000+01:00,DIAG-CLOSE;EURUSD;s=0;prev=2;c=3;firstObs=false;slotOn=true;inWindow=true;time_close=07-27 18:12
2026-07-27T18:09:00.000+01:00,DIAG-DEDUP;EURUSD;s=0;wOpened=07-27 17:42;nd=0;bestStored=none;bestStoredSlot=-1;newWins=true
2026-07-27T18:09:00.000+01:00,DIAG-CLOSE;USDJPY;s=0;prev=0;c=1;firstObs=false;slotOn=true;inWindow=true;time_close=07-27 18:12
2026-07-27T18:09:00.000+01:00,DIAG-DEDUP;USDJPY;s=0;wOpened=07-27 16:27;nd=0;bestStored=none;bestStoredSlot=-1;newWins=true
2026-07-27T18:09:00.000+01:00,DIAG-CLOSE;USDJPY;s=3;prev=1;c=2;firstObs=false;slotOn=true;inWindow=true;time_close=07-27 18:12
2026-07-27T18:09:00.000+01:00,DIAG-DEDUP;USDJPY;s=3;wOpened=07-27 16:30;nd=1;bestStored=07-27 16:27;bestStoredSlot=0;newWins=false
2026-07-27T18:15:00.000+01:00,DIAG-CLOSE;EURAUD;s=0;prev=1;c=2;firstObs=false;slotOn=true;inWindow=true;time_close=07-27 18:18
2026-07-27T18:15:00.000+01:00,DIAG-DEDUP;EURAUD;s=0;wOpened=07-27 16:42;nd=0;bestStored=none;bestStoredSlot=-1;newWins=true
2026-07-27T18:15:00.000+01:00,DIAG-CLOSE;EURAUD;s=1;prev=1;c=2;firstObs=false;slotOn=true;inWindow=true;time_close=07-27 18:18
2026-07-27T18:15:00.000+01:00,DIAG-DEDUP;EURAUD;s=1;wOpened=07-27 16:42;nd=1;bestStored=07-27 16:42;bestStoredSlot=0;newWins=true
2026-07-27T18:15:00.000+01:00,DIAG-CLOSE;EURAUD;s=2;prev=1;c=2;firstObs=false;slotOn=true;inWindow=true;time_close=07-27 18:18
2026-07-27T18:15:00.000+01:00,DIAG-DEDUP;EURAUD;s=2;wOpened=07-27 16:42;nd=1;bestStored=07-27 16:42;bestStoredSlot=1;newWins=true
2026-07-27T18:15:00.000+01:00,DIAG-CLOSE;EURAUD;s=3;prev=1;c=2;firstObs=false;slotOn=true;inWindow=true;time_close=07-27 18:18
2026-07-27T18:15:00.000+01:00,DIAG-DEDUP;EURAUD;s=3;wOpened=07-27 16:45;nd=1;bestStored=07-27 16:42;bestStoredSlot=2;newWins=false
2026-07-27T18:15:00.000+01:00,DIAG-CLOSE;EURAUD;s=4;prev=1;c=2;firstObs=false;slotOn=true;inWindow=true;time_close=07-27 18:18
2026-07-27T18:15:00.000+01:00,DIAG-DEDUP;EURAUD;s=4;wOpened=07-27 16:45;nd=1;bestStored=07-27 16:42;bestStoredSlot=2;newWins=false
2026-07-27T18:15:00.000+01:00,DIAG-CLOSE;CADCHF;s=3;prev=0;c=1;firstObs=false;slotOn=true;inWindow=true;time_close=07-27 18:18
2026-07-27T18:15:00.000+01:00,DIAG-DEDUP;CADCHF;s=3;wOpened=07-27 17:39;nd=0;bestStored=none;bestStoredSlot=-1;newWins=true
2026-07-27T18:15:00.000+01:00,DIAG-CLOSE;AUDCAD;s=0;prev=0;c=1;firstObs=false;slotOn=true;inWindow=true;time_close=07-27 18:18
2026-07-27T18:15:00.000+01:00,DIAG-DEDUP;AUDCAD;s=0;wOpened=07-27 17:15;nd=0;bestStored=none;bestStoredSlot=-1;newWins=true
2026-07-27T18:15:00.000+01:00,DIAG-CLOSE;AUDCAD;s=1;prev=0;c=1;firstObs=false;slotOn=true;inWindow=true;time_close=07-27 18:18
2026-07-27T18:15:00.000+01:00,DIAG-DEDUP;AUDCAD;s=1;wOpened=07-27 17:42;nd=1;bestStored=07-27 17:15;bestStoredSlot=0;newWins=false
2026-07-27T18:15:00.000+01:00,DIAG-CLOSE;AUDCAD;s=2;prev=0;c=1;firstObs=false;slotOn=true;inWindow=true;time_close=07-27 18:18
2026-07-27T18:15:00.000+01:00,DIAG-DEDUP;AUDCAD;s=2;wOpened=07-27 17:45;nd=1;bestStored=07-27 17:15;bestStoredSlot=0;newWins=false
2026-07-27T18:15:00.000+01:00,DIAG-CLOSE;AUDCAD;s=5;prev=0;c=1;firstObs=false;slotOn=true;inWindow=true;time_close=07-27 18:18
2026-07-27T18:15:00.000+01:00,DIAG-DEDUP;AUDCAD;s=5;wOpened=07-27 18:12;nd=1;bestStored=07-27 17:15;bestStoredSlot=0;newWins=false
2026-07-27T18:21:00.000+01:00,DIAG-CLOSE;AUDJPY;s=0;prev=1;c=2;firstObs=false;slotOn=true;inWindow=true;time_close=07-27 18:24
2026-07-27T18:21:00.000+01:00,DIAG-DEDUP;AUDJPY;s=0;wOpened=07-27 17:45;nd=0;bestStored=none;bestStoredSlot=-1;newWins=true
2026-07-27T18:36:00.000+01:00,DIAG-CLOSE;USDJPY;s=1;prev=0;c=1;firstObs=false;slotOn=true;inWindow=true;time_close=07-27 18:39
2026-07-27T18:36:00.000+01:00,DIAG-DEDUP;USDJPY;s=1;wOpened=07-27 17:42;nd=1;bestStored=07-27 16:27;bestStoredSlot=0;newWins=false
2026-07-27T18:39:00.000+01:00,DIAG-CLOSE;EURCHF;s=0;prev=2;c=3;firstObs=false;slotOn=true;inWindow=true;time_close=07-27 18:42
2026-07-27T18:39:00.000+01:00,DIAG-DEDUP;EURCHF;s=0;wOpened=07-27 18:30;nd=0;bestStored=none;bestStoredSlot=-1;newWins=true
2026-07-27T18:39:00.000+01:00,DIAG-CLOSE;EURCHF;s=1;prev=1;c=2;firstObs=false;slotOn=true;inWindow=true;time_close=07-27 18:42
2026-07-27T18:39:00.000+01:00,DIAG-DEDUP;EURCHF;s=1;wOpened=07-27 18:33;nd=1;bestStored=07-27 18:30;bestStoredSlot=0;newWins=false
2026-07-27T18:39:00.000+01:00,DIAG-CLOSE;EURCHF;s=2;prev=0;c=1;firstObs=false;slotOn=true;inWindow=true;time_close=07-27 18:42
2026-07-27T18:39:00.000+01:00,DIAG-DEDUP;EURCHF;s=2;wOpened=07-27 18:33;nd=1;bestStored=07-27 18:30;bestStoredSlot=0;newWins=false
2026-07-27T18:39:00.000+01:00,DIAG-CLOSE;EURCHF;s=3;prev=0;c=1;firstObs=false;slotOn=true;inWindow=true;time_close=07-27 18:42
2026-07-27T18:39:00.000+01:00,DIAG-DEDUP;EURCHF;s=3;wOpened=07-27 18:33;nd=1;bestStored=07-27 18:30;bestStoredSlot=0;newWins=false
2026-07-27T18:39:00.000+01:00,DIAG-CLOSE;EURCHF;s=4;prev=0;c=1;firstObs=false;slotOn=true;inWindow=true;time_close=07-27 18:42
2026-07-27T18:39:00.000+01:00,DIAG-DEDUP;EURCHF;s=4;wOpened=07-27 18:36;nd=1;bestStored=07-27 18:30;bestStoredSlot=0;newWins=false
2026-07-27T18:39:00.000+01:00,DIAG-CLOSE;AUDCHF;s=0;prev=0;c=1;firstObs=false;slotOn=true;inWindow=true;time_close=07-27 18:42
2026-07-27T18:39:00.000+01:00,DIAG-DEDUP;AUDCHF;s=0;wOpened=07-27 17:36;nd=0;bestStored=none;bestStoredSlot=-1;newWins=true
2026-07-27T18:39:00.000+01:00,DIAG-CLOSE;AUDCHF;s=1;prev=0;c=1;firstObs=false;slotOn=true;inWindow=true;time_close=07-27 18:42
2026-07-27T18:39:00.000+01:00,DIAG-DEDUP;AUDCHF;s=1;wOpened=07-27 16:45;nd=2;bestStored=07-27 16:48;bestStoredSlot=3;newWins=true
2026-07-27T18:39:00.000+01:00,DIAG-CLOSE;AUDCHF;s=2;prev=0;c=1;firstObs=false;slotOn=true;inWindow=true;time_close=07-27 18:42
2026-07-27T18:39:00.000+01:00,DIAG-DEDUP;AUDCHF;s=2;wOpened=07-27 18:36;nd=1;bestStored=07-27 16:45;bestStoredSlot=1;newWins=false
2026-07-27T18:39:00.000+01:00,DIAG-CLOSE;AUDCHF;s=3;prev=1;c=2;firstObs=false;slotOn=true;inWindow=true;time_close=07-27 18:42
2026-07-27T18:39:00.000+01:00,DIAG-DEDUP;AUDCHF;s=3;wOpened=07-27 18:36;nd=1;bestStored=07-27 16:45;bestStoredSlot=1;newWins=false
2026-07-27T18:39:00.000+01:00,DIAG-CLOSE;AUDCHF;s=5;prev=0;c=1;firstObs=false;slotOn=true;inWindow=true;time_close=07-27 18:42
2026-07-27T18:39:00.000+01:00,DIAG-DEDUP;AUDCHF;s=5;wOpened=07-27 17:12;nd=1;bestStored=07-27 16:45;bestStoredSlot=1;newWins=false
2026-07-27T18:39:00.000+01:00,DIAG-CLOSE;AUDCHF;s=6;prev=0;c=1;firstObs=false;slotOn=true;inWindow=true;time_close=07-27 18:42
2026-07-27T18:39:00.000+01:00,DIAG-DEDUP;AUDCHF;s=6;wOpened=07-27 17:33;nd=1;bestStored=07-27 16:45;bestStoredSlot=1;newWins=false
2026-07-27T18:39:00.000+01:00,DIAG-CLOSE;AUDCHF;s=7;prev=0;c=1;firstObs=false;slotOn=true;inWindow=true;time_close=07-27 18:42
2026-07-27T18:39:00.000+01:00,DIAG-DEDUP;AUDCHF;s=7;wOpened=07-27 17:33;nd=1;bestStored=07-27 16:45;bestStoredSlot=1;newWins=false
2026-07-27T20:15:00.000+01:00,DIAG-CLOSE;EURCAD;s=0;prev=2;c=3;firstObs=false;slotOn=true;inWindow=true;time_close=07-27 20:18
2026-07-27T20:15:00.000+01:00,DIAG-DEDUP;EURCAD;s=0;wOpened=07-27 19:18;nd=0;bestStored=none;bestStoredSlot=-1;newWins=true
2026-07-27T20:51:00.000+01:00,DIAG-CLOSE;EURUSD;s=1;prev=0;c=1;firstObs=false;slotOn=true;inWindow=true;time_close=07-27 20:54
2026-07-27T20:51:00.000+01:00,DIAG-DEDUP;EURUSD;s=1;wOpened=07-27 20:48;nd=0;bestStored=none;bestStoredSlot=-1;newWins=true
2026-07-27T21:42:00.000+01:00,DIAG-CLOSE;USDCHF;s=1;prev=0;c=1;firstObs=false;slotOn=true;inWindow=true;time_close=07-27 21:45
2026-07-27T21:42:00.000+01:00,DIAG-DEDUP;USDCHF;s=1;wOpened=07-27 18:54;nd=0;bestStored=none;bestStoredSlot=-1;newWins=true
2026-07-27T21:42:00.000+01:00,DIAG-CLOSE;USDCHF;s=2;prev=0;c=1;firstObs=false;slotOn=true;inWindow=true;time_close=07-27 21:45
2026-07-27T21:42:00.000+01:00,DIAG-DEDUP;USDCHF;s=2;wOpened=07-27 20:45;nd=1;bestStored=07-27 18:54;bestStoredSlot=1;newWins=false
2026-07-27T21:42:00.000+01:00,DIAG-CLOSE;USDCHF;s=5;prev=0;c=1;firstObs=false;slotOn=true;inWindow=true;time_close=07-27 21:45
2026-07-27T21:42:00.000+01:00,DIAG-DEDUP;USDCHF;s=5;wOpened=07-27 20:30;nd=1;bestStored=07-27 18:54;bestStoredSlot=1;newWins=false
2026-07-27T21:42:00.000+01:00,DIAG-CLOSE;USDCHF;s=6;prev=0;c=1;firstObs=false;slotOn=true;inWindow=true;time_close=07-27 21:45
2026-07-27T21:42:00.000+01:00,DIAG-DEDUP;USDCHF;s=6;wOpened=07-27 20:45;nd=1;bestStored=07-27 18:54;bestStoredSlot=1;newWins=false
2026-07-27T21:42:00.000+01:00,DIAG-CLOSE;USDCHF;s=7;prev=0;c=1;firstObs=false;slotOn=true;inWindow=true;time_close=07-27 21:45
2026-07-27T21:42:00.000+01:00,DIAG-DEDUP;USDCHF;s=7;wOpened=07-27 20:45;nd=1;bestStored=07-27 18:54;bestStoredSlot=1;newWins=false
2026-07-27T21:48:00.000+01:00,DIAG-CLOSE;EURJPY;s=0;prev=1;c=2;firstObs=false;slotOn=true;inWindow=true;time_close=07-27 21:51
2026-07-27T21:48:00.000+01:00,DIAG-DEDUP;EURJPY;s=0;wOpened=07-27 21:18;nd=0;bestStored=none;bestStoredSlot=-1;newWins=true
2026-07-27T22:30:00.000+01:00,DIAG-CLOSE;USDCHF;s=0;prev=0;c=1;firstObs=false;slotOn=true;inWindow=true;time_close=07-27 22:33
2026-07-27T22:30:00.000+01:00,DIAG-DEDUP;USDCHF;s=0;wOpened=07-27 22:21;nd=0;bestStored=none;bestStoredSlot=-1;newWins=true
2026-07-27T22:30:00.000+01:00,DIAG-CLOSE;USDCHF;s=1;prev=1;c=2;firstObs=false;slotOn=true;inWindow=true;time_close=07-27 22:33
2026-07-27T22:30:00.000+01:00,DIAG-DEDUP;USDCHF;s=1;wOpened=07-27 22:21;nd=1;bestStored=07-27 22:21;bestStoredSlot=0;newWins=true
2026-07-27T22:30:00.000+01:00,DIAG-CLOSE;USDCHF;s=3;prev=0;c=1;firstObs=false;slotOn=true;inWindow=true;time_close=07-27 22:33
2026-07-27T22:30:00.000+01:00,DIAG-DEDUP;USDCHF;s=3;wOpened=07-27 22:27;nd=1;bestStored=07-27 22:21;bestStoredSlot=1;newWins=false
2026-07-27T22:30:00.000+01:00,DIAG-CLOSE;CADCHF;s=1;prev=1;c=2;firstObs=false;slotOn=true;inWindow=true;time_close=07-27 22:33
2026-07-27T22:30:00.000+01:00,DIAG-DEDUP;CADCHF;s=1;wOpened=07-27 19:24;nd=0;bestStored=none;bestStoredSlot=-1;newWins=true
2026-07-27T22:30:00.000+01:00,DIAG-CLOSE;CADCHF;s=2;prev=0;c=1;firstObs=false;slotOn=true;inWindow=true;time_close=07-27 22:33
2026-07-27T22:30:00.000+01:00,DIAG-DEDUP;CADCHF;s=2;wOpened=07-27 18:36;nd=1;bestStored=07-27 19:24;bestStoredSlot=1;newWins=true
2026-07-27T22:30:00.000+01:00,DIAG-CLOSE;CADCHF;s=5;prev=0;c=1;firstObs=false;slotOn=true;inWindow=true;time_close=07-27 22:33
2026-07-27T22:30:00.000+01:00,DIAG-DEDUP;CADCHF;s=5;wOpened=07-27 22:21;nd=1;bestStored=07-27 18:36;bestStoredSlot=2;newWins=false
2026-07-27T23:30:00.000+01:00,DIAG-CLOSE;USDJPY;s=0;prev=1;c=2;firstObs=false;slotOn=true;inWindow=true;time_close=07-27 23:33
2026-07-27T23:30:00.000+01:00,DIAG-DEDUP;USDJPY;s=0;wOpened=07-27 22:48;nd=0;bestStored=none;bestStoredSlot=-1;newWins=true
2026-07-27T23:30:00.000+01:00,DIAG-CLOSE;USDJPY;s=1;prev=1;c=2;firstObs=false;slotOn=true;inWindow=true;time_close=07-27 23:33
2026-07-27T23:30:00.000+01:00,DIAG-DEDUP;USDJPY;s=1;wOpened=07-27 23:18;nd=1;bestStored=07-27 22:48;bestStoredSlot=0;newWins=false
2026-07-27T23:30:00.000+01:00,DIAG-CLOSE;USDJPY;s=2;prev=0;c=1;firstObs=false;slotOn=true;inWindow=true;time_close=07-27 23:33
2026-07-27T23:30:00.000+01:00,DIAG-DEDUP;USDJPY;s=2;wOpened=07-27 23:18;nd=1;bestStored=07-27 22:48;bestStoredSlot=0;newWins=false
2026-07-27T23:30:00.000+01:00,DIAG-CLOSE;USDJPY;s=3;prev=2;c=3;firstObs=false;slotOn=true;inWindow=true;time_close=07-27 23:33
2026-07-27T23:30:00.000+01:00,DIAG-DEDUP;USDJPY;s=3;wOpened=07-27 23:15;nd=1;bestStored=07-27 22:48;bestStoredSlot=0;newWins=false
2026-07-27T23:30:00.000+01:00,DIAG-CLOSE;USDJPY;s=4;prev=0;c=1;firstObs=false;slotOn=true;inWindow=true;time_close=07-27 23:33
2026-07-27T23:30:00.000+01:00,DIAG-DEDUP;USDJPY;s=4;wOpened=07-27 23:18;nd=1;bestStored=07-27 22:48;bestStoredSlot=0;newWins=false
2026-07-28T00:24:00.000+01:00,DIAG-CLOSE;GBPAUD;s=0;prev=1;c=2;firstObs=false;slotOn=true;inWindow=true;time_close=07-28 00:27
2026-07-28T00:24:00.000+01:00,DIAG-DEDUP;GBPAUD;s=0;wOpened=07-28 00:21;nd=0;bestStored=none;bestStoredSlot=-1;newWins=true
2026-07-28T01:06:00.000+01:00,DIAG-CLOSE;GBPJPY;s=0;prev=0;c=1;firstObs=false;slotOn=true;inWindow=true;time_close=07-28 01:09
2026-07-28T01:06:00.000+01:00,DIAG-DEDUP;GBPJPY;s=0;wOpened=07-28 00:48;nd=0;bestStored=none;bestStoredSlot=-1;newWins=true
2026-07-28T01:06:00.000+01:00,DIAG-CLOSE;GBPJPY;s=1;prev=0;c=1;firstObs=false;slotOn=true;inWindow=true;time_close=07-28 01:09
2026-07-28T01:06:00.000+01:00,DIAG-DEDUP;GBPJPY;s=1;wOpened=07-28 00:48;nd=1;bestStored=07-28 00:48;bestStoredSlot=0;newWins=true
2026-07-28T01:09:00.000+01:00,DIAG-CLOSE;EURCHF;s=0;prev=3;c=4;firstObs=false;slotOn=true;inWindow=true;time_close=07-28 01:12
2026-07-28T01:09:00.000+01:00,DIAG-DEDUP;EURCHF;s=0;wOpened=07-28 00:03;nd=0;bestStored=none;bestStoredSlot=-1;newWins=true
2026-07-28T01:09:00.000+01:00,DIAG-CLOSE;EURCHF;s=2;prev=1;c=2;firstObs=false;slotOn=true;inWindow=true;time_close=07-28 01:12
2026-07-28T01:09:00.000+01:00,DIAG-DEDUP;EURCHF;s=2;wOpened=07-28 00:33;nd=1;bestStored=07-28 00:03;bestStoredSlot=0;newWins=false
2026-07-28T01:09:00.000+01:00,DIAG-CLOSE;EURCHF;s=3;prev=1;c=2;firstObs=false;slotOn=true;inWindow=true;time_close=07-28 01:12
2026-07-28T01:09:00.000+01:00,DIAG-DEDUP;EURCHF;s=3;wOpened=07-28 00:33;nd=1;bestStored=07-28 00:03;bestStoredSlot=0;newWins=false
2026-07-28T01:09:00.000+01:00,DIAG-CLOSE;EURCHF;s=4;prev=1;c=2;firstObs=false;slotOn=true;inWindow=true;time_close=07-28 01:12
2026-07-28T01:09:00.000+01:00,DIAG-DEDUP;EURCHF;s=4;wOpened=07-28 01:06;nd=1;bestStored=07-28 00:03;bestStoredSlot=0;newWins=false
2026-07-28T01:15:00.000+01:00,DIAG-CLOSE;CADJPY;s=0;prev=2;c=3;firstObs=false;slotOn=true;inWindow=true;time_close=07-28 01:18
2026-07-28T01:15:00.000+01:00,DIAG-DEDUP;CADJPY;s=0;wOpened=07-28 01:09;nd=0;bestStored=none;bestStoredSlot=-1;newWins=true
2026-07-28T01:15:00.000+01:00,DIAG-CLOSE;CADJPY;s=1;prev=0;c=1;firstObs=false;slotOn=true;inWindow=true;time_close=07-28 01:18
2026-07-28T01:15:00.000+01:00,DIAG-DEDUP;CADJPY;s=1;wOpened=07-28 01:12;nd=1;bestStored=07-28 01:09;bestStoredSlot=0;newWins=false
2026-07-28T01:15:00.000+01:00,DIAG-CLOSE;CADJPY;s=2;prev=0;c=1;firstObs=false;slotOn=true;inWindow=true;time_close=07-28 01:18
2026-07-28T01:15:00.000+01:00,DIAG-DEDUP;CADJPY;s=2;wOpened=07-28 01:12;nd=1;bestStored=07-28 01:09;bestStoredSlot=0;newWins=false
2026-07-28T01:15:00.000+01:00,DIAG-CLOSE;CADJPY;s=3;prev=0;c=1;firstObs=false;slotOn=true;inWindow=true;time_close=07-28 01:18
2026-07-28T01:15:00.000+01:00,DIAG-DEDUP;CADJPY;s=3;wOpened=07-28 01:09;nd=1;bestStored=07-28 01:09;bestStoredSlot=0;newWins=true
2026-07-28T02:03:00.000+01:00,DIAG-CLOSE;GBPAUD;s=0;prev=2;c=3;firstObs=false;slotOn=true;inWindow=true;time_close=07-28 02:06
2026-07-28T02:03:00.000+01:00,DIAG-DEDUP;GBPAUD;s=0;wOpened=07-28 02:00;nd=0;bestStored=none;bestStoredSlot=-1;newWins=true
2026-07-28T02:42:00.000+01:00,DIAG-CLOSE;AUDCAD;s=1;prev=1;c=2;firstObs=false;slotOn=true;inWindow=true;time_close=07-28 02:45
2026-07-28T02:42:00.000+01:00,DIAG-DEDUP;AUDCAD;s=1;wOpened=07-28 01:33;nd=0;bestStored=none;bestStoredSlot=-1;newWins=true
2026-07-28T03:09:00.000+01:00,DIAG-CLOSE;GBPCHF;s=1;prev=1;c=2;firstObs=false;slotOn=true;inWindow=true;time_close=07-28 03:12
2026-07-28T03:09:00.000+01:00,DIAG-DEDUP;GBPCHF;s=1;wOpened=07-28 01:51;nd=0;bestStored=none;bestStoredSlot=-1;newWins=true
2026-07-28T03:09:00.000+01:00,DIAG-CLOSE;GBPCHF;s=2;prev=1;c=2;firstObs=false;slotOn=true;inWindow=true;time_close=07-28 03:12
2026-07-28T03:09:00.000+01:00,DIAG-DEDUP;GBPCHF;s=2;wOpened=07-28 02:57;nd=1;bestStored=07-28 01:51;bestStoredSlot=1;newWins=false
2026-07-28T03:30:00.000+01:00,DIAG-CLOSE;EURAUD;s=0;prev=2;c=3;firstObs=false;slotOn=true;inWindow=true;time_close=07-28 03:33
2026-07-28T03:30:00.000+01:00,DIAG-DEDUP;EURAUD;s=0;wOpened=07-28 02:45;nd=0;bestStored=none;bestStoredSlot=-1;newWins=true
2026-07-28T03:30:00.000+01:00,DIAG-CLOSE;EURAUD;s=3;prev=2;c=3;firstObs=false;slotOn=true;inWindow=true;time_close=07-28 03:33
2026-07-28T03:30:00.000+01:00,DIAG-DEDUP;EURAUD;s=3;wOpened=07-28 02:45;nd=1;bestStored=07-28 02:45;bestStoredSlot=0;newWins=true
2026-07-28T04:06:00.000+01:00,DIAG-CLOSE;EURAUD;s=1;prev=2;c=3;firstObs=false;slotOn=true;inWindow=true;time_close=07-28 04:09
2026-07-28T04:06:00.000+01:00,DIAG-DEDUP;EURAUD;s=1;wOpened=07-28 03:24;nd=1;bestStored=07-28 02:45;bestStoredSlot=3;newWins=false
2026-07-28T04:12:00.000+01:00,DIAG-CLOSE;GBPUSD;s=1;prev=1;c=2;firstObs=false;slotOn=true;inWindow=true;time_close=07-28 04:15
2026-07-28T04:12:00.000+01:00,DIAG-DEDUP;GBPUSD;s=1;wOpened=07-28 03:27;nd=0;bestStored=none;bestStoredSlot=-1;newWins=true
2026-07-28T04:12:00.000+01:00,DIAG-CLOSE;GBPUSD;s=5;prev=1;c=2;firstObs=false;slotOn=true;inWindow=true;time_close=07-28 04:15
2026-07-28T04:12:00.000+01:00,DIAG-DEDUP;GBPUSD;s=5;wOpened=07-28 04:00;nd=1;bestStored=07-28 03:27;bestStoredSlot=1;newWins=false
2026-07-28T04:27:00.000+01:00,DIAG-CLOSE;AUDCAD;s=0;prev=1;c=2;firstObs=false;slotOn=true;inWindow=true;time_close=07-28 04:30
2026-07-28T04:27:00.000+01:00,DIAG-DEDUP;AUDCAD;s=0;wOpened=07-28 03:30;nd=0;bestStored=none;bestStoredSlot=-1;newWins=true
2026-07-28T04:27:00.000+01:00,DIAG-CLOSE;AUDCAD;s=2;prev=1;c=2;firstObs=false;slotOn=true;inWindow=true;time_close=07-28 04:30
2026-07-28T04:27:00.000+01:00,DIAG-DEDUP;AUDCAD;s=2;wOpened=07-28 03:33;nd=1;bestStored=07-28 03:30;bestStoredSlot=0;newWins=false
2026-07-28T04:27:00.000+01:00,DIAG-CLOSE;AUDCAD;s=3;prev=0;c=1;firstObs=false;slotOn=true;inWindow=true;time_close=07-28 04:30
2026-07-28T04:27:00.000+01:00,DIAG-DEDUP;AUDCAD;s=3;wOpened=07-28 04:18;nd=1;bestStored=07-28 03:30;bestStoredSlot=0;newWins=false
2026-07-28T04:27:00.000+01:00,DIAG-CLOSE;AUDCAD;s=4;prev=0;c=1;firstObs=false;slotOn=true;inWindow=true;time_close=07-28 04:30
2026-07-28T04:27:00.000+01:00,DIAG-DEDUP;AUDCAD;s=4;wOpened=07-28 04:21;nd=1;bestStored=07-28 03:30;bestStoredSlot=0;newWins=false
2026-07-28T04:33:00.000+01:00,DIAG-CLOSE;AUDCAD;s=1;prev=2;c=3;firstObs=false;slotOn=true;inWindow=true;time_close=07-28 04:36
2026-07-28T04:33:00.000+01:00,DIAG-DEDUP;AUDCAD;s=1;wOpened=07-28 03:36;nd=1;bestStored=07-28 03:30;bestStoredSlot=0;newWins=false
2026-07-28T04:39:00.000+01:00,DIAG-CLOSE;GBPUSD;s=0;prev=1;c=2;firstObs=false;slotOn=true;inWindow=true;time_close=07-28 04:42
2026-07-28T04:39:00.000+01:00,DIAG-DEDUP;GBPUSD;s=0;wOpened=07-28 03:27;nd=1;bestStored=07-28 03:27;bestStoredSlot=1;newWins=false
2026-07-28T04:39:00.000+01:00,DIAG-CLOSE;GBPUSD;s=2;prev=1;c=2;firstObs=false;slotOn=true;inWindow=true;time_close=07-28 04:42
2026-07-28T04:39:00.000+01:00,DIAG-DEDUP;GBPUSD;s=2;wOpened=07-28 03:57;nd=1;bestStored=07-28 03:27;bestStoredSlot=1;newWins=false
2026-07-28T04:39:00.000+01:00,DIAG-CLOSE;GBPUSD;s=3;prev=0;c=1;firstObs=false;slotOn=true;inWindow=true;time_close=07-28 04:42
2026-07-28T04:39:00.000+01:00,DIAG-DEDUP;GBPUSD;s=3;wOpened=07-28 04:00;nd=1;bestStored=07-28 03:27;bestStoredSlot=1;newWins=false
2026-07-28T04:39:00.000+01:00,DIAG-CLOSE;GBPUSD;s=4;prev=0;c=1;firstObs=false;slotOn=true;inWindow=true;time_close=07-28 04:42
2026-07-28T04:39:00.000+01:00,DIAG-DEDUP;GBPUSD;s=4;wOpened=07-28 04:00;nd=1;bestStored=07-28 03:27;bestStoredSlot=1;newWins=false
2026-07-28T04:57:00.000+01:00,DIAG-CLOSE;CADCHF;s=0;prev=1;c=2;firstObs=false;slotOn=true;inWindow=true;time_close=07-28 05:00
2026-07-28T04:57:00.000+01:00,DIAG-DEDUP;CADCHF;s=0;wOpened=07-28 04:06;nd=0;bestStored=none;bestStoredSlot=-1;newWins=true
2026-07-28T04:57:00.000+01:00,DIAG-CLOSE;CADCHF;s=1;prev=2;c=3;firstObs=false;slotOn=true;inWindow=true;time_close=07-28 05:00
2026-07-28T04:57:00.000+01:00,DIAG-DEDUP;CADCHF;s=1;wOpened=07-28 04:09;nd=1;bestStored=07-28 04:06;bestStoredSlot=0;newWins=false
2026-07-28T04:57:00.000+01:00,DIAG-CLOSE;CADCHF;s=2;prev=1;c=2;firstObs=false;slotOn=true;inWindow=true;time_close=07-28 05:00
2026-07-28T04:57:00.000+01:00,DIAG-DEDUP;CADCHF;s=2;wOpened=07-28 04:12;nd=1;bestStored=07-28 04:06;bestStoredSlot=0;newWins=false
2026-07-28T04:57:00.000+01:00,DIAG-CLOSE;CADCHF;s=3;prev=1;c=2;firstObs=false;slotOn=true;inWindow=true;time_close=07-28 05:00
2026-07-28T04:57:00.000+01:00,DIAG-DEDUP;CADCHF;s=3;wOpened=07-28 04:09;nd=1;bestStored=07-28 04:06;bestStoredSlot=0;newWins=false
2026-07-28T05:00:00.000+01:00,DIAG-CLOSE;EURUSD;s=0;prev=3;c=4;firstObs=false;slotOn=true;inWindow=true;time_close=07-28 05:03
2026-07-28T05:00:00.000+01:00,DIAG-DEDUP;EURUSD;s=0;wOpened=07-28 04:06;nd=0;bestStored=none;bestStoredSlot=-1;newWins=true
2026-07-28T05:00:00.000+01:00,DIAG-CLOSE;EURUSD;s=3;prev=0;c=1;firstObs=false;slotOn=true;inWindow=true;time_close=07-28 05:03
2026-07-28T05:00:00.000+01:00,DIAG-DEDUP;EURUSD;s=3;wOpened=07-28 04:06;nd=1;bestStored=07-28 04:06;bestStoredSlot=0;newWins=true
2026-07-28T05:00:00.000+01:00,DIAG-CLOSE;AUDUSD;s=0;prev=1;c=2;firstObs=false;slotOn=true;inWindow=true;time_close=07-28 05:03
2026-07-28T05:00:00.000+01:00,DIAG-DEDUP;AUDUSD;s=0;wOpened=07-28 03:48;nd=0;bestStored=none;bestStoredSlot=-1;newWins=true
2026-07-28T05:00:00.000+01:00,DIAG-CLOSE;AUDUSD;s=3;prev=0;c=1;firstObs=false;slotOn=true;inWindow=true;time_close=07-28 05:03
2026-07-28T05:00:00.000+01:00,DIAG-DEDUP;AUDUSD;s=3;wOpened=07-28 04:48;nd=1;bestStored=07-28 03:48;bestStoredSlot=0;newWins=false
2026-07-28T05:06:00.000+01:00,DIAG-CLOSE;USDCHF;s=0;prev=1;c=2;firstObs=false;slotOn=true;inWindow=true;time_close=07-28 05:09
2026-07-28T05:06:00.000+01:00,DIAG-DEDUP;USDCHF;s=0;wOpened=07-28 04:09;nd=0;bestStored=none;bestStoredSlot=-1;newWins=true
2026-07-28T05:45:00.000+01:00,DIAG-CLOSE;GBPCHF;s=0;prev=1;c=2;firstObs=false;slotOn=true;inWindow=true;time_close=07-28 05:48
2026-07-28T05:45:00.000+01:00,DIAG-DEDUP;GBPCHF;s=0;wOpened=07-28 05:42;nd=0;bestStored=none;bestStoredSlot=-1;newWins=true
2026-07-28T06:00:00.000+01:00,DIAG-CLOSE;CHFJPY;s=0;prev=1;c=2;firstObs=false;slotOn=true;inWindow=true;time_close=07-28 06:03
2026-07-28T06:00:00.000+01:00,DIAG-DEDUP;CHFJPY;s=0;wOpened=07-28 05:18;nd=0;bestStored=none;bestStoredSlot=-1;newWins=true
2026-07-28T06:33:00.000+01:00,DIAG-CLOSE;AUDCAD;s=0;prev=2;c=3;firstObs=false;slotOn=true;inWindow=true;time_close=07-28 06:36
2026-07-28T06:33:00.000+01:00,DIAG-DEDUP;AUDCAD;s=0;wOpened=07-28 05:33;nd=0;bestStored=none;bestStoredSlot=-1;newWins=true
2026-07-28T06:33:00.000+01:00,DIAG-CLOSE;AUDCAD;s=2;prev=2;c=3;firstObs=false;slotOn=true;inWindow=true;time_close=07-28 06:36
2026-07-28T06:33:00.000+01:00,DIAG-DEDUP;AUDCAD;s=2;wOpened=07-28 06:27;nd=1;bestStored=07-28 05:33;bestStoredSlot=0;newWins=false
2026-07-28T06:33:00.000+01:00,DIAG-CLOSE;AUDCAD;s=3;prev=1;c=2;firstObs=false;slotOn=true;inWindow=true;time_close=07-28 06:36
2026-07-28T06:33:00.000+01:00,DIAG-DEDUP;AUDCAD;s=3;wOpened=07-28 06:27;nd=1;bestStored=07-28 05:33;bestStoredSlot=0;newWins=false
2026-07-28T06:33:00.000+01:00,DIAG-CLOSE;AUDCAD;s=4;prev=1;c=2;firstObs=false;slotOn=true;inWindow=true;time_close=07-28 06:36
2026-07-28T06:33:00.000+01:00,DIAG-DEDUP;AUDCAD;s=4;wOpened=07-28 06:30;nd=1;bestStored=07-28 05:33;bestStoredSlot=0;newWins=false
2026-07-28T06:39:00.000+01:00,DIAG-CLOSE;GBPCHF;s=0;prev=2;c=3;firstObs=false;slotOn=true;inWindow=true;time_close=07-28 06:42
2026-07-28T06:39:00.000+01:00,DIAG-DEDUP;GBPCHF;s=0;wOpened=07-28 06:36;nd=0;bestStored=none;bestStoredSlot=-1;newWins=true
2026-07-28T06:39:00.000+01:00,DIAG-CLOSE;GBPCHF;s=1;prev=2;c=3;firstObs=false;slotOn=true;inWindow=true;time_close=07-28 06:42
2026-07-28T06:39:00.000+01:00,DIAG-DEDUP;GBPCHF;s=1;wOpened=07-28 06:36;nd=1;bestStored=07-28 06:36;bestStoredSlot=0;newWins=true
2026-07-28T06:42:00.000+01:00,DIAG-CLOSE;USDCAD;s=5;prev=0;c=1;firstObs=false;slotOn=true;inWindow=true;time_close=07-28 06:45
2026-07-28T06:42:00.000+01:00,DIAG-DEDUP;USDCAD;s=5;wOpened=07-28 06:27;nd=0;bestStored=none;bestStoredSlot=-1;newWins=true
2026-07-28T06:51:00.000+01:00,DIAG-CLOSE;USDCAD;s=0;prev=1;c=2;firstObs=false;slotOn=true;inWindow=true;time_close=07-28 06:54
2026-07-28T06:51:00.000+01:00,DIAG-DEDUP;USDCAD;s=0;wOpened=07-28 04:06;nd=1;bestStored=07-28 06:27;bestStoredSlot=5;newWins=true
2026-07-28T06:51:00.000+01:00,DIAG-CLOSE;USDCAD;s=1;prev=1;c=2;firstObs=false;slotOn=true;inWindow=true;time_close=07-28 06:54
2026-07-28T06:51:00.000+01:00,DIAG-DEDUP;USDCAD;s=1;wOpened=07-28 04:09;nd=1;bestStored=07-28 04:06;bestStoredSlot=0;newWins=false
2026-07-28T06:51:00.000+01:00,DIAG-CLOSE;USDCAD;s=2;prev=0;c=1;firstObs=false;slotOn=true;inWindow=true;time_close=07-28 06:54
2026-07-28T06:51:00.000+01:00,DIAG-DEDUP;USDCAD;s=2;wOpened=07-28 04:09;nd=1;bestStored=07-28 04:06;bestStoredSlot=0;newWins=false
2026-07-28T06:51:00.000+01:00,DIAG-CLOSE;USDCAD;s=3;prev=1;c=2;firstObs=false;slotOn=true;inWindow=true;time_close=07-28 06:54
2026-07-28T06:51:00.000+01:00,DIAG-DEDUP;USDCAD;s=3;wOpened=07-28 04:09;nd=1;bestStored=07-28 04:06;bestStoredSlot=0;newWins=false
2026-07-28T06:51:00.000+01:00,DIAG-CLOSE;USDCAD;s=4;prev=0;c=1;firstObs=false;slotOn=true;inWindow=true;time_close=07-28 06:54
2026-07-28T06:51:00.000+01:00,DIAG-DEDUP;USDCAD;s=4;wOpened=07-28 04:36;nd=1;bestStored=07-28 04:06;bestStoredSlot=0;newWins=false
2026-07-28T06:51:00.000+01:00,DIAG-CLOSE;USDCAD;s=6;prev=0;c=1;firstObs=false;slotOn=true;inWindow=true;time_close=07-28 06:54
2026-07-28T06:51:00.000+01:00,DIAG-DEDUP;USDCAD;s=6;wOpened=07-28 06:48;nd=1;bestStored=07-28 04:06;bestStoredSlot=0;newWins=false
2026-07-28T07:39:00.000+01:00,DIAG-CLOSE;AUDCAD;s=1;prev=3;c=4;firstObs=false;slotOn=true;inWindow=true;time_close=07-28 07:42
2026-07-28T07:39:00.000+01:00,DIAG-DEDUP;AUDCAD;s=1;wOpened=07-28 05:33;nd=1;bestStored=07-28 05:33;bestStoredSlot=0;newWins=true
2026-07-28T07:39:00.000+01:00,DIAG-CLOSE;AUDCAD;s=5;prev=1;c=2;firstObs=false;slotOn=true;inWindow=true;time_close=07-28 07:42
2026-07-28T07:39:00.000+01:00,DIAG-DEDUP;AUDCAD;s=5;wOpened=07-28 06:30;nd=1;bestStored=07-28 05:33;bestStoredSlot=1;newWins=false
2026-07-28T07:39:00.000+01:00,DIAG-CLOSE;AUDCAD;s=6;prev=0;c=1;firstObs=false;slotOn=true;inWindow=true;time_close=07-28 07:42
2026-07-28T07:39:00.000+01:00,DIAG-DEDUP;AUDCAD;s=6;wOpened=07-28 06:42;nd=1;bestStored=07-28 05:33;bestStoredSlot=1;newWins=false
2026-07-28T07:39:00.000+01:00,DIAG-CLOSE;AUDCAD;s=7;prev=0;c=1;firstObs=false;slotOn=true;inWindow=true;time_close=07-28 07:42
2026-07-28T07:39:00.000+01:00,DIAG-DEDUP;AUDCAD;s=7;wOpened=07-28 06:42;nd=1;bestStored=07-28 05:33;bestStoredSlot=1;newWins=false
2026-07-28T08:18:00.000+01:00,DIAG-CLOSE;USDJPY;s=1;prev=2;c=3;firstObs=false;slotOn=true;inWindow=true;time_close=07-28 08:21
2026-07-28T08:18:00.000+01:00,DIAG-DEDUP;USDJPY;s=1;wOpened=07-28 07:33;nd=0;bestStored=none;bestStoredSlot=-1;newWins=true
2026-07-28T08:57:00.000+01:00,DIAG-CLOSE;USDCHF;s=0;prev=2;c=3;firstObs=false;slotOn=true;inWindow=true;time_close=07-28 09:00
2026-07-28T08:57:00.000+01:00,DIAG-DEDUP;USDCHF;s=0;wOpened=07-28 08:09;nd=0;bestStored=none;bestStoredSlot=-1;newWins=true
2026-07-28T08:57:00.000+01:00,DIAG-CLOSE;USDCHF;s=1;prev=2;c=3;firstObs=false;slotOn=true;inWindow=true;time_close=07-28 09:00
2026-07-28T08:57:00.000+01:00,DIAG-DEDUP;USDCHF;s=1;wOpened=07-28 08:09;nd=1;bestStored=07-28 08:09;bestStoredSlot=0;newWins=true
2026-07-28T08:57:00.000+01:00,DIAG-CLOSE;CHFJPY;s=0;prev=2;c=3;firstObs=false;slotOn=true;inWindow=true;time_close=07-28 09:00
2026-07-28T08:57:00.000+01:00,DIAG-DEDUP;CHFJPY;s=0;wOpened=07-28 08:30;nd=0;bestStored=none;bestStoredSlot=-1;newWins=true
2026-07-28T09:09:00.000+01:00,DIAG-CLOSE;USDJPY;s=2;prev=1;c=2;firstObs=false;slotOn=true;inWindow=true;time_close=07-28 09:12
2026-07-28T09:09:00.000+01:00,DIAG-DEDUP;USDJPY;s=2;wOpened=07-28 09:06;nd=0;bestStored=none;bestStoredSlot=-1;newWins=true
2026-07-28T09:12:00.000+01:00,DIAG-CLOSE;USDJPY;s=1;prev=3;c=4;firstObs=false;slotOn=true;inWindow=true;time_close=07-28 09:15
2026-07-28T09:12:00.000+01:00,DIAG-DEDUP;USDJPY;s=1;wOpened=07-28 08:54;nd=1;bestStored=07-28 09:06;bestStoredSlot=2;newWins=true
2026-07-28T09:27:00.000+01:00,DIAG-CLOSE;EURJPY;s=0;prev=2;c=3;firstObs=false;slotOn=true;inWindow=true;time_close=07-28 09:30
2026-07-28T09:27:00.000+01:00,DIAG-DEDUP;EURJPY;s=0;wOpened=07-28 08:30;nd=0;bestStored=none;bestStoredSlot=-1;newWins=true
2026-07-28T09:27:00.000+01:00,DIAG-CLOSE;EURJPY;s=1;prev=1;c=2;firstObs=false;slotOn=true;inWindow=true;time_close=07-28 09:30
2026-07-28T09:27:00.000+01:00,DIAG-DEDUP;EURJPY;s=1;wOpened=07-28 08:30;nd=1;bestStored=07-28 08:30;bestStoredSlot=0;newWins=true
2026-07-28T09:27:00.000+01:00,DIAG-CLOSE;EURJPY;s=2;prev=0;c=1;firstObs=false;slotOn=true;inWindow=true;time_close=07-28 09:30
2026-07-28T09:27:00.000+01:00,DIAG-DEDUP;EURJPY;s=2;wOpened=07-28 08:36;nd=1;bestStored=07-28 08:30;bestStoredSlot=1;newWins=false
2026-07-28T09:27:00.000+01:00,DIAG-CLOSE;EURJPY;s=3;prev=0;c=1;firstObs=false;slotOn=true;inWindow=true;time_close=07-28 09:30
2026-07-28T09:27:00.000+01:00,DIAG-DEDUP;EURJPY;s=3;wOpened=07-28 08:30;nd=1;bestStored=07-28 08:30;bestStoredSlot=1;newWins=true
2026-07-28T09:27:00.000+01:00,DIAG-CLOSE;EURJPY;s=4;prev=0;c=1;firstObs=false;slotOn=true;inWindow=true;time_close=07-28 09:30
2026-07-28T09:27:00.000+01:00,DIAG-DEDUP;EURJPY;s=4;wOpened=07-28 08:36;nd=1;bestStored=07-28 08:30;bestStoredSlot=3;newWins=false
2026-07-28T09:27:00.000+01:00,DIAG-CLOSE;CHFJPY;s=0;prev=3;c=4;firstObs=false;slotOn=true;inWindow=true;time_close=07-28 09:30
2026-07-28T09:27:00.000+01:00,DIAG-DEDUP;CHFJPY;s=0;wOpened=07-28 09:15;nd=0;bestStored=none;bestStoredSlot=-1;newWins=true
2026-07-28T09:33:00.000+01:00,DIAG-CLOSE;USDJPY;s=0;prev=2;c=3;firstObs=false;slotOn=true;inWindow=true;time_close=07-28 09:36
2026-07-28T09:33:00.000+01:00,DIAG-DEDUP;USDJPY;s=0;wOpened=07-28 09:06;nd=1;bestStored=07-28 08:54;bestStoredSlot=1;newWins=false
2026-07-28T11:00:00.000+01:00,DIAG-CLOSE;CADJPY;s=0;prev=3;c=4;firstObs=false;slotOn=true;inWindow=true;time_close=07-28 11:03
2026-07-28T11:00:00.000+01:00,DIAG-DEDUP;CADJPY;s=0;wOpened=07-28 10:42;nd=0;bestStored=none;bestStoredSlot=-1;newWins=true
2026-07-28T11:03:00.000+01:00,DIAG-CLOSE;USDCAD;s=0;prev=2;c=3;firstObs=false;slotOn=true;inWindow=true;time_close=07-28 11:06
2026-07-28T11:03:00.000+01:00,DIAG-DEDUP;USDCAD;s=0;wOpened=07-28 10:06;nd=0;bestStored=none;bestStoredSlot=-1;newWins=true
2026-07-28T11:03:00.000+01:00,DIAG-CLOSE;USDCAD;s=1;prev=2;c=3;firstObs=false;slotOn=true;inWindow=true;time_close=07-28 11:06
2026-07-28T11:03:00.000+01:00,DIAG-DEDUP;USDCAD;s=1;wOpened=07-28 10:06;nd=1;bestStored=07-28 10:06;bestStoredSlot=0;newWins=true
2026-07-28T11:03:00.000+01:00,DIAG-CLOSE;USDCAD;s=2;prev=1;c=2;firstObs=false;slotOn=true;inWindow=true;time_close=07-28 11:06
2026-07-28T11:03:00.000+01:00,DIAG-DEDUP;USDCAD;s=2;wOpened=07-28 10:24;nd=1;bestStored=07-28 10:06;bestStoredSlot=1;newWins=false
2026-07-28T11:03:00.000+01:00,DIAG-CLOSE;USDCAD;s=3;prev=2;c=3;firstObs=false;slotOn=true;inWindow=true;time_close=07-28 11:06
2026-07-28T11:03:00.000+01:00,DIAG-DEDUP;USDCAD;s=3;wOpened=07-28 10:24;nd=1;bestStored=07-28 10:06;bestStoredSlot=1;newWins=false
2026-07-28T11:03:00.000+01:00,DIAG-CLOSE;USDCAD;s=5;prev=1;c=2;firstObs=false;slotOn=true;inWindow=true;time_close=07-28 11:06
2026-07-28T11:03:00.000+01:00,DIAG-DEDUP;USDCAD;s=5;wOpened=07-28 10:24;nd=1;bestStored=07-28 10:06;bestStoredSlot=1;newWins=false
2026-07-28T11:12:00.000+01:00,DIAG-CLOSE;EURCHF;s=0;prev=4;c=5;firstObs=false;slotOn=true;inWindow=true;time_close=07-28 11:15
2026-07-28T11:12:00.000+01:00,DIAG-DEDUP;EURCHF;s=0;wOpened=07-28 09:24;nd=0;bestStored=none;bestStoredSlot=-1;newWins=true
2026-07-28T11:12:00.000+01:00,DIAG-CLOSE;EURCHF;s=1;prev=2;c=3;firstObs=false;slotOn=true;inWindow=true;time_close=07-28 11:15
2026-07-28T11:12:00.000+01:00,DIAG-DEDUP;EURCHF;s=1;wOpened=07-28 11:09;nd=1;bestStored=07-28 09:24;bestStoredSlot=0;newWins=false
2026-07-28T11:12:00.000+01:00,DIAG-CLOSE;EURCHF;s=2;prev=2;c=3;firstObs=false;slotOn=true;inWindow=true;time_close=07-28 11:15
2026-07-28T11:12:00.000+01:00,DIAG-DEDUP;EURCHF;s=2;wOpened=07-28 11:09;nd=1;bestStored=07-28 09:24;bestStoredSlot=0;newWins=false
2026-07-28T11:12:00.000+01:00,DIAG-CLOSE;EURCHF;s=3;prev=2;c=3;firstObs=false;slotOn=true;inWindow=true;time_close=07-28 11:15
2026-07-28T11:12:00.000+01:00,DIAG-DEDUP;EURCHF;s=3;wOpened=07-28 11:09;nd=1;bestStored=07-28 09:24;bestStoredSlot=0;newWins=false
2026-07-28T11:12:00.000+01:00,DIAG-CLOSE;EURCHF;s=4;prev=2;c=3;firstObs=false;slotOn=true;inWindow=true;time_close=07-28 11:15
2026-07-28T11:12:00.000+01:00,DIAG-DEDUP;EURCHF;s=4;wOpened=07-28 11:09;nd=1;bestStored=07-28 09:24;bestStoredSlot=0;newWins=false
2026-07-28T12:48:00.000+01:00,DIAG-CLOSE;USDCAD;s=0;prev=3;c=4;firstObs=false;slotOn=true;inWindow=true;time_close=07-28 12:51
2026-07-28T12:48:00.000+01:00,DIAG-DEDUP;USDCAD;s=0;wOpened=07-28 12:45;nd=0;bestStored=none;bestStoredSlot=-1;newWins=true
2026-07-28T12:48:00.000+01:00,DIAG-CLOSE;USDCAD;s=1;prev=3;c=4;firstObs=false;slotOn=true;inWindow=true;time_close=07-28 12:51
2026-07-28T12:48:00.000+01:00,DIAG-DEDUP;USDCAD;s=1;wOpened=07-28 12:45;nd=1;bestStored=07-28 12:45;bestStoredSlot=0;newWins=true
2026-07-28T13:12:00.000+01:00,DIAG-CLOSE;AUDCAD;s=0;prev=3;c=4;firstObs=false;slotOn=true;inWindow=true;time_close=07-28 13:15
2026-07-28T13:12:00.000+01:00,DIAG-DEDUP;AUDCAD;s=0;wOpened=07-28 12:54;nd=0;bestStored=none;bestStoredSlot=-1;newWins=true
2026-07-28T13:27:00.000+01:00,DIAG-CLOSE;GBPCAD;s=0;prev=2;c=3;firstObs=false;slotOn=true;inWindow=true;time_close=07-28 13:30
2026-07-28T13:27:00.000+01:00,DIAG-DEDUP;GBPCAD;s=0;wOpened=07-28 13:24;nd=0;bestStored=none;bestStoredSlot=-1;newWins=true
2026-07-28T13:27:00.000+01:00,DIAG-CLOSE;GBPCAD;s=1;prev=1;c=2;firstObs=false;slotOn=true;inWindow=true;time_close=07-28 13:30
2026-07-28T13:27:00.000+01:00,DIAG-DEDUP;GBPCAD;s=1;wOpened=07-28 12:57;nd=1;bestStored=07-28 13:24;bestStoredSlot=0;newWins=true
2026-07-28T14:06:00.000+01:00,DIAG-CLOSE;EURUSD;s=0;prev=4;c=5;firstObs=false;slotOn=true;inWindow=true;time_close=07-28 14:09
2026-07-28T14:06:00.000+01:00,DIAG-DEDUP;EURUSD;s=0;wOpened=07-28 12:42;nd=0;bestStored=none;bestStoredSlot=-1;newWins=true
2026-07-28T14:45:00.000+01:00,DIAG-CLOSE;EURAUD;s=1;prev=3;c=4;firstObs=false;slotOn=true;inWindow=true;time_close=07-28 14:48
2026-07-28T14:45:00.000+01:00,DIAG-DEDUP;EURAUD;s=1;wOpened=07-28 14:42;nd=0;bestStored=none;bestStoredSlot=-1;newWins=true
2026-07-28T14:45:00.000+01:00,DIAG-CLOSE;AUDJPY;s=0;prev=2;c=3;firstObs=false;slotOn=true;inWindow=true;time_close=07-28 14:48
2026-07-28T14:45:00.000+01:00,DIAG-DEDUP;AUDJPY;s=0;wOpened=07-28 14:15;nd=0;bestStored=none;bestStoredSlot=-1;newWins=true
2026-07-28T14:45:00.000+01:00,DIAG-CLOSE;AUDJPY;s=3;prev=0;c=1;firstObs=false;slotOn=true;inWindow=true;time_close=07-28 14:48
2026-07-28T14:45:00.000+01:00,DIAG-DEDUP;AUDJPY;s=3;wOpened=07-28 14:42;nd=1;bestStored=07-28 14:15;bestStoredSlot=0;newWins=false
2026-07-28T14:45:00.000+01:00,DIAG-CLOSE;AUDCHF;s=0;prev=1;c=2;firstObs=false;slotOn=true;inWindow=true;time_close=07-28 14:48
2026-07-28T14:45:00.000+01:00,DIAG-DEDUP;AUDCHF;s=0;wOpened=07-28 14:09;nd=0;bestStored=none;bestStoredSlot=-1;newWins=true
2026-07-28T14:45:00.000+01:00,DIAG-CLOSE;AUDCHF;s=1;prev=1;c=2;firstObs=false;slotOn=true;inWindow=true;time_close=07-28 14:48
2026-07-28T14:45:00.000+01:00,DIAG-DEDUP;AUDCHF;s=1;wOpened=07-28 14:12;nd=1;bestStored=07-28 14:09;bestStoredSlot=0;newWins=false
2026-07-28T14:45:00.000+01:00,DIAG-CLOSE;AUDCHF;s=2;prev=1;c=2;firstObs=false;slotOn=true;inWindow=true;time_close=07-28 14:48
2026-07-28T14:45:00.000+01:00,DIAG-DEDUP;AUDCHF;s=2;wOpened=07-28 14:12;nd=1;bestStored=07-28 14:09;bestStoredSlot=0;newWins=false
2026-07-28T14:45:00.000+01:00,DIAG-CLOSE;AUDCHF;s=3;prev=2;c=3;firstObs=false;slotOn=true;inWindow=true;time_close=07-28 14:48
2026-07-28T14:45:00.000+01:00,DIAG-DEDUP;AUDCHF;s=3;wOpened=07-28 14:12;nd=1;bestStored=07-28 14:09;bestStoredSlot=0;newWins=false
2026-07-28T14:45:00.000+01:00,DIAG-CLOSE;AUDCHF;s=4;prev=0;c=1;firstObs=false;slotOn=true;inWindow=true;time_close=07-28 14:48
2026-07-28T14:45:00.000+01:00,DIAG-DEDUP;AUDCHF;s=4;wOpened=07-28 14:15;nd=1;bestStored=07-28 14:09;bestStoredSlot=0;newWins=false
2026-07-28T15:00:00.000+01:00,DIAG-CLOSE;EURJPY;s=0;prev=3;c=4;firstObs=false;slotOn=true;inWindow=true;time_close=07-28 15:03
2026-07-28T15:00:00.000+01:00,DIAG-DEDUP;EURJPY;s=0;wOpened=07-28 12:48;nd=0;bestStored=none;bestStoredSlot=-1;newWins=true
2026-07-28T15:00:00.000+01:00,DIAG-CLOSE;EURJPY;s=1;prev=2;c=3;firstObs=false;slotOn=true;inWindow=true;time_close=07-28 15:03
2026-07-28T15:00:00.000+01:00,DIAG-DEDUP;EURJPY;s=1;wOpened=07-28 13:36;nd=1;bestStored=07-28 12:48;bestStoredSlot=0;newWins=false
2026-07-28T15:00:00.000+01:00,DIAG-CLOSE;EURJPY;s=2;prev=1;c=2;firstObs=false;slotOn=true;inWindow=true;time_close=07-28 15:03
2026-07-28T15:00:00.000+01:00,DIAG-DEDUP;EURJPY;s=2;wOpened=07-28 13:36;nd=1;bestStored=07-28 12:48;bestStoredSlot=0;newWins=false
2026-07-28T15:00:00.000+01:00,DIAG-CLOSE;EURJPY;s=3;prev=1;c=2;firstObs=false;slotOn=true;inWindow=true;time_close=07-28 15:03
2026-07-28T15:00:00.000+01:00,DIAG-DEDUP;EURJPY;s=3;wOpened=07-28 13:39;nd=1;bestStored=07-28 12:48;bestStoredSlot=0;newWins=false
2026-07-28T15:00:00.000+01:00,DIAG-CLOSE;EURJPY;s=4;prev=1;c=2;firstObs=false;slotOn=true;inWindow=true;time_close=07-28 15:03
2026-07-28T15:00:00.000+01:00,DIAG-DEDUP;EURJPY;s=4;wOpened=07-28 13:39;nd=1;bestStored=07-28 12:48;bestStoredSlot=0;newWins=false
2026-07-28T15:00:00.000+01:00,DIAG-CLOSE;EURJPY;s=5;prev=0;c=1;firstObs=false;slotOn=true;inWindow=true;time_close=07-28 15:03
2026-07-28T15:00:00.000+01:00,DIAG-DEDUP;EURJPY;s=5;wOpened=07-28 13:45;nd=1;bestStored=07-28 12:48;bestStoredSlot=0;newWins=false
2026-07-28T15:00:00.000+01:00,DIAG-CLOSE;EURJPY;s=6;prev=0;c=1;firstObs=false;slotOn=true;inWindow=true;time_close=07-28 15:03
2026-07-28T15:00:00.000+01:00,DIAG-DEDUP;EURJPY;s=6;wOpened=07-28 13:48;nd=1;bestStored=07-28 12:48;bestStoredSlot=0;newWins=false
2026-07-28T15:00:00.000+01:00,DIAG-CLOSE;EURJPY;s=7;prev=0;c=1;firstObs=false;slotOn=true;inWindow=true;time_close=07-28 15:03
2026-07-28T15:00:00.000+01:00,DIAG-DEDUP;EURJPY;s=7;wOpened=07-28 13:48;nd=1;bestStored=07-28 12:48;bestStoredSlot=0;newWins=false
2026-07-28T15:03:00.000+01:00,DIAG-CLOSE;EURUSD;s=3;prev=1;c=2;firstObs=false;slotOn=true;inWindow=true;time_close=07-28 15:06
2026-07-28T15:03:00.000+01:00,DIAG-DEDUP;EURUSD;s=3;wOpened=07-28 15:00;nd=0;bestStored=none;bestStoredSlot=-1;newWins=true
2026-07-28T15:24:00.000+01:00,DIAG-CLOSE;EURGBP;s=0;prev=3;c=4;firstObs=false;slotOn=true;inWindow=true;time_close=07-28 15:27
2026-07-28T15:24:00.000+01:00,DIAG-DEDUP;EURGBP;s=0;wOpened=07-28 14:45;nd=0;bestStored=none;bestStoredSlot=-1;newWins=true
2026-07-28T15:36:00.000+01:00,DIAG-CLOSE;EURCAD;s=0;prev=3;c=4;firstObs=false;slotOn=true;inWindow=true;time_close=07-28 15:39
2026-07-28T15:36:00.000+01:00,DIAG-DEDUP;EURCAD;s=0;wOpened=07-28 14:21;nd=0;bestStored=none;bestStoredSlot=-1;newWins=true
2026-07-28T15:36:00.000+01:00,DIAG-CLOSE;EURCAD;s=1;prev=2;c=3;firstObs=false;slotOn=true;inWindow=true;time_close=07-28 15:39
2026-07-28T15:36:00.000+01:00,DIAG-DEDUP;EURCAD;s=1;wOpened=07-28 14:21;nd=1;bestStored=07-28 14:21;bestStoredSlot=0;newWins=true
2026-07-28T15:36:00.000+01:00,DIAG-CLOSE;EURCAD;s=2;prev=0;c=1;firstObs=false;slotOn=true;inWindow=true;time_close=07-28 15:39
2026-07-28T15:36:00.000+01:00,DIAG-DEDUP;EURCAD;s=2;wOpened=07-28 15:33;nd=1;bestStored=07-28 14:21;bestStoredSlot=1;newWins=false
2026-07-28T15:36:00.000+01:00,DIAG-CLOSE;EURCAD;s=3;prev=2;c=3;firstObs=false;slotOn=true;inWindow=true;time_close=07-28 15:39
2026-07-28T15:36:00.000+01:00,DIAG-DEDUP;EURCAD;s=3;wOpened=07-28 15:33;nd=1;bestStored=07-28 14:21;bestStoredSlot=1;newWins=false
2026-07-28T15:42:00.000+01:00,DIAG-CLOSE;EURAUD;s=0;prev=3;c=4;firstObs=false;slotOn=true;inWindow=true;time_close=07-28 15:45
2026-07-28T15:42:00.000+01:00,DIAG-DEDUP;EURAUD;s=0;wOpened=07-28 15:39;nd=0;bestStored=none;bestStoredSlot=-1;newWins=true
2026-07-28T16:03:00.000+01:00,DIAG-CLOSE;GBPUSD;s=0;prev=2;c=3;firstObs=false;slotOn=true;inWindow=true;time_close=07-28 16:06
2026-07-28T16:03:00.000+01:00,DIAG-DEDUP;GBPUSD;s=0;wOpened=07-28 16:00;nd=0;bestStored=none;bestStoredSlot=-1;newWins=true
2026-07-28T16:03:00.000+01:00,DIAG-CLOSE;GBPUSD;s=1;prev=2;c=3;firstObs=false;slotOn=true;inWindow=true;time_close=07-28 16:06
2026-07-28T16:03:00.000+01:00,DIAG-DEDUP;GBPUSD;s=1;wOpened=07-28 16:00;nd=1;bestStored=07-28 16:00;bestStoredSlot=0;newWins=true
2026-07-28T16:36:00.000+01:00,DIAG-CLOSE;EURCHF;s=0;prev=5;c=6;firstObs=false;slotOn=true;inWindow=true;time_close=07-28 16:39
2026-07-28T16:36:00.000+01:00,DIAG-DEDUP;EURCHF;s=0;wOpened=07-28 16:33;nd=0;bestStored=none;bestStoredSlot=-1;newWins=true
2026-07-28T16:36:00.000+01:00,DIAG-CLOSE;EURCHF;s=3;prev=3;c=4;firstObs=false;slotOn=true;inWindow=true;time_close=07-28 16:39
2026-07-28T16:36:00.000+01:00,DIAG-DEDUP;EURCHF;s=3;wOpened=07-28 16:33;nd=1;bestStored=07-28 16:33;bestStoredSlot=0;newWins=true
2026-07-28T16:42:00.000+01:00,DIAG-CLOSE;EURCHF;s=1;prev=3;c=4;firstObs=false;slotOn=true;inWindow=true;time_close=07-28 16:45
2026-07-28T16:42:00.000+01:00,DIAG-DEDUP;EURCHF;s=1;wOpened=07-28 16:30;nd=1;bestStored=07-28 16:33;bestStoredSlot=3;newWins=true
2026-07-28T16:42:00.000+01:00,DIAG-CLOSE;AUDJPY;s=1;prev=1;c=2;firstObs=false;slotOn=true;inWindow=true;time_close=07-28 16:45
2026-07-28T16:42:00.000+01:00,DIAG-DEDUP;AUDJPY;s=1;wOpened=07-28 14:51;nd=0;bestStored=none;bestStoredSlot=-1;newWins=true
2026-07-28T16:42:00.000+01:00,DIAG-CLOSE;AUDJPY;s=5;prev=0;c=1;firstObs=false;slotOn=true;inWindow=true;time_close=07-28 16:45
2026-07-28T16:42:00.000+01:00,DIAG-DEDUP;AUDJPY;s=5;wOpened=07-28 16:06;nd=1;bestStored=07-28 14:51;bestStoredSlot=1;newWins=false
2026-07-28T16:42:00.000+01:00,DIAG-CLOSE;AUDJPY;s=6;prev=0;c=1;firstObs=false;slotOn=true;inWindow=true;time_close=07-28 16:45
2026-07-28T16:42:00.000+01:00,DIAG-DEDUP;AUDJPY;s=6;wOpened=07-28 16:39;nd=1;bestStored=07-28 14:51;bestStoredSlot=1;newWins=false
2026-07-28T16:42:00.000+01:00,DIAG-CLOSE;AUDJPY;s=7;prev=0;c=1;firstObs=false;slotOn=true;inWindow=true;time_close=07-28 16:45
2026-07-28T16:42:00.000+01:00,DIAG-DEDUP;AUDJPY;s=7;wOpened=07-28 16:39;nd=1;bestStored=07-28 14:51;bestStoredSlot=1;newWins=false
2026-07-28T17:36:00.000+01:00,DIAG-CLOSE;CADCHF;s=0;prev=2;c=3;firstObs=false;slotOn=true;inWindow=true;time_close=07-28 17:39
2026-07-28T17:36:00.000+01:00,DIAG-DEDUP;CADCHF;s=0;wOpened=07-28 17:09;nd=0;bestStored=none;bestStoredSlot=-1;newWins=true
2026-07-28T17:51:00.000+01:00,DIAG-CLOSE;CADCHF;s=1;prev=3;c=4;firstObs=false;slotOn=true;inWindow=true;time_close=07-28 17:54
2026-07-28T17:51:00.000+01:00,DIAG-DEDUP;CADCHF;s=1;wOpened=07-28 17:06;nd=1;bestStored=07-28 17:09;bestStoredSlot=0;newWins=true
2026-07-28T17:54:00.000+01:00,DIAG-CLOSE;EURCHF;s=0;prev=6;c=7;firstObs=false;slotOn=true;inWindow=true;time_close=07-28 17:57
2026-07-28T17:54:00.000+01:00,DIAG-DEDUP;EURCHF;s=0;wOpened=07-28 17:51;nd=0;bestStored=none;bestStoredSlot=-1;newWins=true
2026-07-28T18:21:00.000+01:00,DIAG-CLOSE;USDCAD;s=1;prev=4;c=5;firstObs=false;slotOn=true;inWindow=true;time_close=07-28 18:24
2026-07-28T18:21:00.000+01:00,DIAG-DEDUP;USDCAD;s=1;wOpened=07-28 18:18;nd=0;bestStored=none;bestStoredSlot=-1;newWins=true
2026-07-28T18:27:00.000+01:00,DIAG-CLOSE;GBPCAD;s=0;prev=3;c=4;firstObs=false;slotOn=true;inWindow=true;time_close=07-28 18:30
2026-07-28T18:27:00.000+01:00,DIAG-DEDUP;GBPCAD;s=0;wOpened=07-28 18:03;nd=0;bestStored=none;bestStoredSlot=-1;newWins=true
2026-07-28T18:27:00.000+01:00,DIAG-CLOSE;GBPCAD;s=2;prev=0;c=1;firstObs=false;slotOn=true;inWindow=true;time_close=07-28 18:30
2026-07-28T18:27:00.000+01:00,DIAG-DEDUP;GBPCAD;s=2;wOpened=07-28 18:24;nd=1;bestStored=07-28 18:03;bestStoredSlot=0;newWins=false
2026-07-28T18:27:00.000+01:00,DIAG-CLOSE;GBPCAD;s=3;prev=0;c=1;firstObs=false;slotOn=true;inWindow=true;time_close=07-28 18:30
2026-07-28T18:27:00.000+01:00,DIAG-DEDUP;GBPCAD;s=3;wOpened=07-28 18:24;nd=1;bestStored=07-28 18:03;bestStoredSlot=0;newWins=false
2026-07-28T20:03:00.000+01:00,DIAG-CLOSE;EURGBP;s=1;prev=2;c=3;firstObs=false;slotOn=true;inWindow=true;time_close=07-28 20:06
2026-07-28T20:03:00.000+01:00,DIAG-DEDUP;EURGBP;s=1;wOpened=07-28 20:00;nd=0;bestStored=none;bestStoredSlot=-1;newWins=true
2026-07-28T20:36:00.000+01:00,DIAG-CLOSE;CADJPY;s=0;prev=4;c=5;firstObs=false;slotOn=true;inWindow=true;time_close=07-28 20:39
2026-07-28T20:36:00.000+01:00,DIAG-DEDUP;CADJPY;s=0;wOpened=07-28 20:21;nd=0;bestStored=none;bestStoredSlot=-1;newWins=true
2026-07-28T20:36:00.000+01:00,DIAG-CLOSE;CADJPY;s=1;prev=1;c=2;firstObs=false;slotOn=true;inWindow=true;time_close=07-28 20:39
2026-07-28T20:36:00.000+01:00,DIAG-DEDUP;CADJPY;s=1;wOpened=07-28 20:21;nd=1;bestStored=07-28 20:21;bestStoredSlot=0;newWins=true
2026-07-28T21:45:00.000+01:00,DIAG-CLOSE;GBPUSD;s=1;prev=3;c=4;firstObs=false;slotOn=true;inWindow=true;time_close=07-28 21:48
2026-07-28T21:45:00.000+01:00,DIAG-DEDUP;GBPUSD;s=1;wOpened=07-28 19:33;nd=0;bestStored=none;bestStoredSlot=-1;newWins=true
2026-07-29T00:18:00.000+01:00,DIAG-CLOSE;GBPAUD;s=0;prev=3;c=4;firstObs=false;slotOn=true;inWindow=true;time_close=07-29 00:21
2026-07-29T00:18:00.000+01:00,DIAG-DEDUP;GBPAUD;s=0;wOpened=07-29 00:15;nd=0;bestStored=none;bestStoredSlot=-1;newWins=true
2026-07-29T00:18:00.000+01:00,DIAG-CLOSE;GBPAUD;s=1;prev=0;c=1;firstObs=false;slotOn=true;inWindow=true;time_close=07-29 00:21
2026-07-29T00:18:00.000+01:00,DIAG-DEDUP;GBPAUD;s=1;wOpened=07-29 00:15;nd=1;bestStored=07-29 00:15;bestStoredSlot=0;newWins=true
2026-07-29T00:42:00.000+01:00,DIAG-CLOSE;AUDUSD;s=0;prev=2;c=3;firstObs=false;slotOn=true;inWindow=true;time_close=07-29 00:45
2026-07-29T00:42:00.000+01:00,DIAG-DEDUP;AUDUSD;s=0;wOpened=07-29 00:30;nd=0;bestStored=none;bestStoredSlot=-1;newWins=true
2026-07-29T00:42:00.000+01:00,DIAG-CLOSE;AUDUSD;s=1;prev=0;c=1;firstObs=false;slotOn=true;inWindow=true;time_close=07-29 00:45
2026-07-29T00:42:00.000+01:00,DIAG-DEDUP;AUDUSD;s=1;wOpened=07-29 00:30;nd=1;bestStored=07-29 00:30;bestStoredSlot=0;newWins=true
2026-07-29T00:42:00.000+01:00,DIAG-CLOSE;EURCAD;s=0;prev=4;c=5;firstObs=false;slotOn=true;inWindow=true;time_close=07-29 00:45
2026-07-29T00:42:00.000+01:00,DIAG-DEDUP;EURCAD;s=0;wOpened=07-28 23:39;nd=0;bestStored=none;bestStoredSlot=-1;newWins=true
2026-07-29T00:54:00.000+01:00,DIAG-CLOSE;GBPCHF;s=0;prev=3;c=4;firstObs=false;slotOn=true;inWindow=true;time_close=07-29 00:57
2026-07-29T00:54:00.000+01:00,DIAG-DEDUP;GBPCHF;s=0;wOpened=07-28 22:51;nd=0;bestStored=none;bestStoredSlot=-1;newWins=true
2026-07-29T00:54:00.000+01:00,DIAG-CLOSE;GBPCHF;s=1;prev=3;c=4;firstObs=false;slotOn=true;inWindow=true;time_close=07-29 00:57
2026-07-29T00:54:00.000+01:00,DIAG-DEDUP;GBPCHF;s=1;wOpened=07-28 22:42;nd=1;bestStored=07-28 22:51;bestStoredSlot=0;newWins=true
2026-07-29T01:36:00.000+01:00,DIAG-CLOSE;USDCAD;s=0;prev=4;c=5;firstObs=false;slotOn=true;inWindow=true;time_close=07-29 01:39
2026-07-29T01:36:00.000+01:00,DIAG-DEDUP;USDCAD;s=0;wOpened=07-29 01:15;nd=0;bestStored=none;bestStoredSlot=-1;newWins=true
2026-07-29T02:45:00.000+01:00,DIAG-CLOSE;AUDCHF;s=0;prev=2;c=3;firstObs=false;slotOn=true;inWindow=true;time_close=07-29 02:48
2026-07-29T02:45:00.000+01:00,DIAG-DEDUP;AUDCHF;s=0;wOpened=07-29 02:18;nd=0;bestStored=none;bestStoredSlot=-1;newWins=true
2026-07-29T02:45:00.000+01:00,DIAG-CLOSE;AUDCHF;s=1;prev=2;c=3;firstObs=false;slotOn=true;inWindow=true;time_close=07-29 02:48
2026-07-29T02:45:00.000+01:00,DIAG-DEDUP;AUDCHF;s=1;wOpened=07-29 02:18;nd=1;bestStored=07-29 02:18;bestStoredSlot=0;newWins=true
2026-07-29T03:15:00.000+01:00,DIAG-CLOSE;EURCAD;s=1;prev=3;c=4;firstObs=false;slotOn=true;inWindow=true;time_close=07-29 03:18
2026-07-29T03:15:00.000+01:00,DIAG-DEDUP;EURCAD;s=1;wOpened=07-29 01:06;nd=0;bestStored=none;bestStoredSlot=-1;newWins=true
2026-07-29T03:15:00.000+01:00,DIAG-CLOSE;EURCAD;s=5;prev=0;c=1;firstObs=false;slotOn=true;inWindow=true;time_close=07-29 03:18
2026-07-29T03:15:00.000+01:00,DIAG-DEDUP;EURCAD;s=5;wOpened=07-29 03:12;nd=1;bestStored=07-29 01:06;bestStoredSlot=1;newWins=false
2026-07-29T03:36:00.000+01:00,DIAG-CLOSE;EURGBP;s=0;prev=4;c=5;firstObs=false;slotOn=true;inWindow=true;time_close=07-29 03:39
2026-07-29T03:36:00.000+01:00,DIAG-DEDUP;EURGBP;s=0;wOpened=07-29 03:30;nd=0;bestStored=none;bestStoredSlot=-1;newWins=true
2026-07-29T03:42:00.000+01:00,DIAG-CLOSE;EURGBP;s=1;prev=3;c=4;firstObs=false;slotOn=true;inWindow=true;time_close=07-29 03:45
2026-07-29T03:42:00.000+01:00,DIAG-DEDUP;EURGBP;s=1;wOpened=07-29 03:30;nd=1;bestStored=07-29 03:30;bestStoredSlot=0;newWins=true
2026-07-29T04:03:00.000+01:00,DIAG-CLOSE;AUDUSD;s=0;prev=3;c=4;firstObs=false;slotOn=true;inWindow=true;time_close=07-29 04:06
2026-07-29T04:03:00.000+01:00,DIAG-DEDUP;AUDUSD;s=0;wOpened=07-29 03:57;nd=0;bestStored=none;bestStoredSlot=-1;newWins=true
2026-07-29T04:03:00.000+01:00,DIAG-CLOSE;GBPAUD;s=0;prev=4;c=5;firstObs=false;slotOn=true;inWindow=true;time_close=07-29 04:06
2026-07-29T04:03:00.000+01:00,DIAG-DEDUP;GBPAUD;s=0;wOpened=07-29 03:57;nd=0;bestStored=none;bestStoredSlot=-1;newWins=true
2026-07-29T04:24:00.000+01:00,DIAG-CLOSE;USDJPY;s=0;prev=3;c=4;firstObs=false;slotOn=true;inWindow=true;time_close=07-29 04:27
2026-07-29T04:24:00.000+01:00,DIAG-DEDUP;USDJPY;s=0;wOpened=07-29 02:48;nd=0;bestStored=none;bestStoredSlot=-1;newWins=true
2026-07-29T04:45:00.000+01:00,DIAG-CLOSE;USDCAD;s=0;prev=5;c=6;firstObs=false;slotOn=true;inWindow=true;time_close=07-29 04:48
2026-07-29T04:45:00.000+01:00,DIAG-DEDUP;USDCAD;s=0;wOpened=07-29 04:42;nd=0;bestStored=none;bestStoredSlot=-1;newWins=true
2026-07-29T04:45:00.000+01:00,DIAG-CLOSE;USDCAD;s=1;prev=5;c=6;firstObs=false;slotOn=true;inWindow=true;time_close=07-29 04:48
2026-07-29T04:45:00.000+01:00,DIAG-DEDUP;USDCAD;s=1;wOpened=07-29 04:42;nd=1;bestStored=07-29 04:42;bestStoredSlot=0;newWins=true
2026-07-29T04:45:00.000+01:00,DIAG-CLOSE;CADCHF;s=2;prev=2;c=3;firstObs=false;slotOn=true;inWindow=true;time_close=07-29 04:48
2026-07-29T04:45:00.000+01:00,DIAG-DEDUP;CADCHF;s=2;wOpened=07-29 04:36;nd=0;bestStored=none;bestStoredSlot=-1;newWins=true
2026-07-29T05:06:00.000+01:00,DIAG-CLOSE;CADJPY;s=0;prev=5;c=6;firstObs=false;slotOn=true;inWindow=true;time_close=07-29 05:09
2026-07-29T05:06:00.000+01:00,DIAG-DEDUP;CADJPY;s=0;wOpened=07-29 01:57;nd=0;bestStored=none;bestStoredSlot=-1;newWins=true
2026-07-29T05:06:00.000+01:00,DIAG-CLOSE;CADJPY;s=1;prev=2;c=3;firstObs=false;slotOn=true;inWindow=true;time_close=07-29 05:09
2026-07-29T05:06:00.000+01:00,DIAG-DEDUP;CADJPY;s=1;wOpened=07-29 04:51;nd=1;bestStored=07-29 01:57;bestStoredSlot=0;newWins=false
2026-07-29T05:06:00.000+01:00,DIAG-CLOSE;CADJPY;s=2;prev=1;c=2;firstObs=false;slotOn=true;inWindow=true;time_close=07-29 05:09
2026-07-29T05:06:00.000+01:00,DIAG-DEDUP;CADJPY;s=2;wOpened=07-29 02:00;nd=1;bestStored=07-29 01:57;bestStoredSlot=0;newWins=false
2026-07-29T05:06:00.000+01:00,DIAG-CLOSE;CADJPY;s=3;prev=1;c=2;firstObs=false;slotOn=true;inWindow=true;time_close=07-29 05:09
2026-07-29T05:06:00.000+01:00,DIAG-DEDUP;CADJPY;s=3;wOpened=07-29 02:00;nd=1;bestStored=07-29 01:57;bestStoredSlot=0;newWins=false
2026-07-29T05:06:00.000+01:00,DIAG-CLOSE;CADJPY;s=4;prev=0;c=1;firstObs=false;slotOn=true;inWindow=true;time_close=07-29 05:09
2026-07-29T05:06:00.000+01:00,DIAG-DEDUP;CADJPY;s=4;wOpened=07-29 02:30;nd=1;bestStored=07-29 01:57;bestStoredSlot=0;newWins=false
2026-07-29T05:06:00.000+01:00,DIAG-CLOSE;CADJPY;s=5;prev=0;c=1;firstObs=false;slotOn=true;inWindow=true;time_close=07-29 05:09
2026-07-29T05:06:00.000+01:00,DIAG-DEDUP;CADJPY;s=5;wOpened=07-29 04:51;nd=1;bestStored=07-29 01:57;bestStoredSlot=0;newWins=false
2026-07-29T05:06:00.000+01:00,DIAG-CLOSE;CADJPY;s=7;prev=0;c=1;firstObs=false;slotOn=true;inWindow=true;time_close=07-29 05:09
2026-07-29T05:06:00.000+01:00,DIAG-DEDUP;CADJPY;s=7;wOpened=07-29 04:54;nd=1;bestStored=07-29 01:57;bestStoredSlot=0;newWins=false
2026-07-29T05:27:00.000+01:00,DIAG-CLOSE;AUDUSD;s=1;prev=1;c=2;firstObs=false;slotOn=true;inWindow=true;time_close=07-29 05:30
2026-07-29T05:27:00.000+01:00,DIAG-DEDUP;AUDUSD;s=1;wOpened=07-29 04:09;nd=0;bestStored=none;bestStoredSlot=-1;newWins=true
2026-07-29T05:27:00.000+01:00,DIAG-CLOSE;AUDUSD;s=3;prev=1;c=2;firstObs=false;slotOn=true;inWindow=true;time_close=07-29 05:30
2026-07-29T05:27:00.000+01:00,DIAG-DEDUP;AUDUSD;s=3;wOpened=07-29 04:00;nd=2;bestStored=07-29 03:57;bestStoredSlot=0;newWins=false
2026-07-29T05:27:00.000+01:00,DIAG-CLOSE;GBPAUD;s=0;prev=5;c=6;firstObs=false;slotOn=true;inWindow=true;time_close=07-29 05:30
2026-07-29T05:27:00.000+01:00,DIAG-DEDUP;GBPAUD;s=0;wOpened=07-29 05:24;nd=0;bestStored=none;bestStoredSlot=-1;newWins=true
2026-07-29T05:27:00.000+01:00,DIAG-CLOSE;GBPAUD;s=1;prev=1;c=2;firstObs=false;slotOn=true;inWindow=true;time_close=07-29 05:30
2026-07-29T05:27:00.000+01:00,DIAG-DEDUP;GBPAUD;s=1;wOpened=07-29 04:09;nd=1;bestStored=07-29 05:24;bestStoredSlot=0;newWins=true
2026-07-29T05:27:00.000+01:00,DIAG-CLOSE;GBPAUD;s=3;prev=1;c=2;firstObs=false;slotOn=true;inWindow=true;time_close=07-29 05:30
2026-07-29T05:27:00.000+01:00,DIAG-DEDUP;GBPAUD;s=3;wOpened=07-29 04:36;nd=1;bestStored=07-29 04:09;bestStoredSlot=1;newWins=false
2026-07-29T05:27:00.000+01:00,DIAG-CLOSE;GBPAUD;s=5;prev=0;c=1;firstObs=false;slotOn=true;inWindow=true;time_close=07-29 05:30
2026-07-29T05:27:00.000+01:00,DIAG-DEDUP;GBPAUD;s=5;wOpened=07-29 05:24;nd=1;bestStored=07-29 04:09;bestStoredSlot=1;newWins=false
2026-07-29T05:27:00.000+01:00,DIAG-CLOSE;AUDCHF;s=0;prev=3;c=4;firstObs=false;slotOn=true;inWindow=true;time_close=07-29 05:30
2026-07-29T05:27:00.000+01:00,DIAG-DEDUP;AUDCHF;s=0;wOpened=07-29 05:24;nd=0;bestStored=none;bestStoredSlot=-1;newWins=true
2026-07-29T05:27:00.000+01:00,DIAG-CLOSE;AUDCHF;s=1;prev=3;c=4;firstObs=false;slotOn=true;inWindow=true;time_close=07-29 05:30
2026-07-29T05:27:00.000+01:00,DIAG-DEDUP;AUDCHF;s=1;wOpened=07-29 04:36;nd=1;bestStored=07-29 05:24;bestStoredSlot=0;newWins=true
2026-07-29T05:27:00.000+01:00,DIAG-CLOSE;AUDCHF;s=5;prev=1;c=2;firstObs=false;slotOn=true;inWindow=true;time_close=07-29 05:30
2026-07-29T05:27:00.000+01:00,DIAG-DEDUP;AUDCHF;s=5;wOpened=07-29 05:24;nd=1;bestStored=07-29 04:36;bestStoredSlot=1;newWins=false
2026-07-29T05:27:00.000+01:00,DIAG-CLOSE;AUDCAD;s=4;prev=2;c=3;firstObs=false;slotOn=true;inWindow=true;time_close=07-29 05:30
2026-07-29T05:27:00.000+01:00,DIAG-DEDUP;AUDCAD;s=4;wOpened=07-29 05:24;nd=0;bestStored=none;bestStoredSlot=-1;newWins=true
2026-07-29T05:39:00.000+01:00,DIAG-CLOSE;CADCHF;s=0;prev=3;c=4;firstObs=false;slotOn=true;inWindow=true;time_close=07-29 05:42
2026-07-29T05:39:00.000+01:00,DIAG-DEDUP;CADCHF;s=0;wOpened=07-29 04:33;nd=1;bestStored=07-29 04:36;bestStoredSlot=2;newWins=true
2026-07-29T05:39:00.000+01:00,DIAG-CLOSE;CADCHF;s=1;prev=4;c=5;firstObs=false;slotOn=true;inWindow=true;time_close=07-29 05:42
2026-07-29T05:39:00.000+01:00,DIAG-DEDUP;CADCHF;s=1;wOpened=07-29 04:33;nd=1;bestStored=07-29 04:33;bestStoredSlot=0;newWins=true
2026-07-29T05:39:00.000+01:00,DIAG-CLOSE;CADCHF;s=3;prev=2;c=3;firstObs=false;slotOn=true;inWindow=true;time_close=07-29 05:42
2026-07-29T05:39:00.000+01:00,DIAG-DEDUP;CADCHF;s=3;wOpened=07-29 04:36;nd=1;bestStored=07-29 04:33;bestStoredSlot=1;newWins=false
2026-07-29T06:00:00.000+01:00,DIAG-CLOSE;EURAUD;s=0;prev=4;c=5;firstObs=false;slotOn=true;inWindow=true;time_close=07-29 06:03
2026-07-29T06:00:00.000+01:00,DIAG-DEDUP;EURAUD;s=0;wOpened=07-29 05:24;nd=0;bestStored=none;bestStoredSlot=-1;newWins=true
2026-07-29T06:00:00.000+01:00,DIAG-CLOSE;EURAUD;s=1;prev=4;c=5;firstObs=false;slotOn=true;inWindow=true;time_close=07-29 06:03
2026-07-29T06:00:00.000+01:00,DIAG-DEDUP;EURAUD;s=1;wOpened=07-29 04:36;nd=1;bestStored=07-29 05:24;bestStoredSlot=0;newWins=true
2026-07-29T06:00:00.000+01:00,DIAG-CLOSE;EURAUD;s=2;prev=2;c=3;firstObs=false;slotOn=true;inWindow=true;time_close=07-29 06:03
2026-07-29T06:00:00.000+01:00,DIAG-DEDUP;EURAUD;s=2;wOpened=07-29 05:30;nd=1;bestStored=07-29 04:36;bestStoredSlot=1;newWins=false
2026-07-29T06:00:00.000+01:00,DIAG-CLOSE;EURAUD;s=3;prev=3;c=4;firstObs=false;slotOn=true;inWindow=true;time_close=07-29 06:03
2026-07-29T06:00:00.000+01:00,DIAG-DEDUP;EURAUD;s=3;wOpened=07-29 05:27;nd=1;bestStored=07-29 04:36;bestStoredSlot=1;newWins=false
2026-07-29T06:00:00.000+01:00,DIAG-CLOSE;EURAUD;s=5;prev=0;c=1;firstObs=false;slotOn=true;inWindow=true;time_close=07-29 06:03
2026-07-29T06:00:00.000+01:00,DIAG-DEDUP;EURAUD;s=5;wOpened=07-29 05:24;nd=1;bestStored=07-29 04:36;bestStoredSlot=1;newWins=false
2026-07-29T06:00:00.000+01:00,DIAG-CLOSE;GBPCAD;s=0;prev=4;c=5;firstObs=false;slotOn=true;inWindow=true;time_close=07-29 06:03
2026-07-29T06:00:00.000+01:00,DIAG-DEDUP;GBPCAD;s=0;wOpened=07-29 05:54;nd=0;bestStored=none;bestStoredSlot=-1;newWins=true
2026-07-29T06:00:00.000+01:00,DIAG-CLOSE;GBPCAD;s=2;prev=1;c=2;firstObs=false;slotOn=true;inWindow=true;time_close=07-29 06:03
2026-07-29T06:00:00.000+01:00,DIAG-DEDUP;GBPCAD;s=2;wOpened=07-29 05:57;nd=1;bestStored=07-29 05:54;bestStoredSlot=0;newWins=false
2026-07-29T07:18:00.000+01:00,DIAG-CLOSE;EURCAD;s=0;prev=5;c=6;firstObs=false;slotOn=true;inWindow=true;time_close=07-29 07:21
2026-07-29T07:18:00.000+01:00,DIAG-DEDUP;EURCAD;s=0;wOpened=07-29 05:30;nd=0;bestStored=none;bestStoredSlot=-1;newWins=true
2026-07-29T07:18:00.000+01:00,DIAG-CLOSE;EURCAD;s=1;prev=4;c=5;firstObs=false;slotOn=true;inWindow=true;time_close=07-29 07:21
2026-07-29T07:18:00.000+01:00,DIAG-DEDUP;EURCAD;s=1;wOpened=07-29 05:03;nd=1;bestStored=07-29 05:30;bestStoredSlot=0;newWins=true
2026-07-29T07:18:00.000+01:00,DIAG-CLOSE;EURCAD;s=2;prev=1;c=2;firstObs=false;slotOn=true;inWindow=true;time_close=07-29 07:21
2026-07-29T07:18:00.000+01:00,DIAG-DEDUP;EURCAD;s=2;wOpened=07-29 05:06;nd=1;bestStored=07-29 05:03;bestStoredSlot=1;newWins=false
2026-07-29T07:18:00.000+01:00,DIAG-CLOSE;EURCAD;s=3;prev=3;c=4;firstObs=false;slotOn=true;inWindow=true;time_close=07-29 07:21
2026-07-29T07:18:00.000+01:00,DIAG-DEDUP;EURCAD;s=3;wOpened=07-29 06:42;nd=1;bestStored=07-29 05:03;bestStoredSlot=1;newWins=false
2026-07-29T07:18:00.000+01:00,DIAG-CLOSE;EURCAD;s=4;prev=0;c=1;firstObs=false;slotOn=true;inWindow=true;time_close=07-29 07:21
2026-07-29T07:18:00.000+01:00,DIAG-DEDUP;EURCAD;s=4;wOpened=07-29 05:30;nd=1;bestStored=07-29 05:03;bestStoredSlot=1;newWins=false
2026-07-29T07:18:00.000+01:00,DIAG-CLOSE;EURCAD;s=5;prev=1;c=2;firstObs=false;slotOn=true;inWindow=true;time_close=07-29 07:21
2026-07-29T07:18:00.000+01:00,DIAG-DEDUP;EURCAD;s=5;wOpened=07-29 05:30;nd=1;bestStored=07-29 05:03;bestStoredSlot=1;newWins=false
2026-07-29T07:18:00.000+01:00,DIAG-CLOSE;EURCAD;s=6;prev=0;c=1;firstObs=false;slotOn=true;inWindow=true;time_close=07-29 07:21
2026-07-29T07:18:00.000+01:00,DIAG-DEDUP;EURCAD;s=6;wOpened=07-29 07:15;nd=1;bestStored=07-29 05:03;bestStoredSlot=1;newWins=false
2026-07-29T07:18:00.000+01:00,DIAG-CLOSE;EURCAD;s=7;prev=0;c=1;firstObs=false;slotOn=true;inWindow=true;time_close=07-29 07:21
2026-07-29T07:18:00.000+01:00,DIAG-DEDUP;EURCAD;s=7;wOpened=07-29 07:15;nd=1;bestStored=07-29 05:03;bestStoredSlot=1;newWins=false
2026-07-29T07:51:00.000+01:00,DIAG-CLOSE;USDCAD;s=1;prev=6;c=7;firstObs=false;slotOn=true;inWindow=true;time_close=07-29 07:54
2026-07-29T07:51:00.000+01:00,DIAG-DEDUP;USDCAD;s=1;wOpened=07-29 05:45;nd=0;bestStored=none;bestStoredSlot=-1;newWins=true
2026-07-29T07:51:00.000+01:00,DIAG-CLOSE;GBPCAD;s=1;prev=2;c=3;firstObs=false;slotOn=true;inWindow=true;time_close=07-29 07:54
2026-07-29T07:51:00.000+01:00,DIAG-DEDUP;GBPCAD;s=1;wOpened=07-29 05:03;nd=1;bestStored=07-29 05:54;bestStoredSlot=0;newWins=true
2026-07-29T07:51:00.000+01:00,DIAG-CLOSE;GBPCAD;s=5;prev=0;c=1;firstObs=false;slotOn=true;inWindow=true;time_close=07-29 07:54
2026-07-29T07:51:00.000+01:00,DIAG-DEDUP;GBPCAD;s=5;wOpened=07-29 05:54;nd=1;bestStored=07-29 05:03;bestStoredSlot=1;newWins=false
2026-07-29T07:51:00.000+01:00,DIAG-CLOSE;GBPCAD;s=6;prev=0;c=1;firstObs=false;slotOn=true;inWindow=true;time_close=07-29 07:54
2026-07-29T07:51:00.000+01:00,DIAG-DEDUP;GBPCAD;s=6;wOpened=07-29 06:03;nd=1;bestStored=07-29 05:03;bestStoredSlot=1;newWins=false
2026-07-29T07:51:00.000+01:00,DIAG-CLOSE;GBPCAD;s=7;prev=0;c=1;firstObs=false;slotOn=true;inWindow=true;time_close=07-29 07:54
2026-07-29T07:51:00.000+01:00,DIAG-DEDUP;GBPCAD;s=7;wOpened=07-29 06:03;nd=1;bestStored=07-29 05:03;bestStoredSlot=1;newWins=false
2026-07-29T08:18:00.000+01:00,DIAG-CLOSE;CADJPY;s=0;prev=6;c=7;firstObs=false;slotOn=true;inWindow=true;time_close=07-29 08:21
2026-07-29T08:18:00.000+01:00,DIAG-DEDUP;CADJPY;s=0;wOpened=07-29 08:15;nd=0;bestStored=none;bestStoredSlot=-1;newWins=true
2026-07-29T08:18:00.000+01:00,DIAG-CLOSE;CADJPY;s=1;prev=3;c=4;firstObs=false;slotOn=true;inWindow=true;time_close=07-29 08:21
2026-07-29T08:18:00.000+01:00,DIAG-DEDUP;CADJPY;s=1;wOpened=07-29 08:15;nd=1;bestStored=07-29 08:15;bestStoredSlot=0;newWins=true
2026-07-29T08:39:00.000+01:00,DIAG-CLOSE;AUDCAD;s=2;prev=3;c=4;firstObs=false;slotOn=true;inWindow=true;time_close=07-29 08:42
2026-07-29T08:39:00.000+01:00,DIAG-DEDUP;AUDCAD;s=2;wOpened=07-29 08:24;nd=0;bestStored=none;bestStoredSlot=-1;newWins=true
2026-07-29T08:42:00.000+01:00,DIAG-CLOSE;GBPJPY;s=0;prev=1;c=2;firstObs=false;slotOn=true;inWindow=true;time_close=07-29 08:45
2026-07-29T08:42:00.000+01:00,DIAG-DEDUP;GBPJPY;s=0;wOpened=07-29 07:15;nd=0;bestStored=none;bestStoredSlot=-1;newWins=true
2026-07-29T08:42:00.000+01:00,DIAG-CLOSE;GBPJPY;s=1;prev=1;c=2;firstObs=false;slotOn=true;inWindow=true;time_close=07-29 08:45
2026-07-29T08:42:00.000+01:00,DIAG-DEDUP;GBPJPY;s=1;wOpened=07-29 07:15;nd=1;bestStored=07-29 07:15;bestStoredSlot=0;newWins=true
2026-07-29T08:45:00.000+01:00,DIAG-CLOSE;AUDCAD;s=3;prev=2;c=3;firstObs=false;slotOn=true;inWindow=true;time_close=07-29 08:48
2026-07-29T08:45:00.000+01:00,DIAG-DEDUP;AUDCAD;s=3;wOpened=07-29 08:24;nd=1;bestStored=07-29 08:24;bestStoredSlot=2;newWins=true
2026-07-29T08:54:00.000+01:00,DIAG-CLOSE;AUDCAD;s=0;prev=4;c=5;firstObs=false;slotOn=true;inWindow=true;time_close=07-29 08:57
2026-07-29T08:54:00.000+01:00,DIAG-DEDUP;AUDCAD;s=0;wOpened=07-29 06:54;nd=1;bestStored=07-29 08:24;bestStoredSlot=3;newWins=true
2026-07-29T09:12:00.000+01:00,DIAG-CLOSE;CHFJPY;s=0;prev=4;c=5;firstObs=false;slotOn=true;inWindow=true;time_close=07-29 09:15
2026-07-29T09:12:00.000+01:00,DIAG-DEDUP;CHFJPY;s=0;wOpened=07-29 07:30;nd=0;bestStored=none;bestStoredSlot=-1;newWins=true
2026-07-29T09:12:00.000+01:00,DIAG-CLOSE;CHFJPY;s=1;prev=0;c=1;firstObs=false;slotOn=true;inWindow=true;time_close=07-29 09:15
2026-07-29T09:12:00.000+01:00,DIAG-DEDUP;CHFJPY;s=1;wOpened=07-29 07:45;nd=1;bestStored=07-29 07:30;bestStoredSlot=0;newWins=false
2026-07-29T09:30:00.000+01:00,DIAG-CLOSE;USDJPY;s=1;prev=4;c=5;firstObs=false;slotOn=true;inWindow=true;time_close=07-29 09:33
2026-07-29T09:30:00.000+01:00,DIAG-DEDUP;USDJPY;s=1;wOpened=07-29 09:15;nd=0;bestStored=none;bestStoredSlot=-1;newWins=true
2026-07-29T09:33:00.000+01:00,DIAG-CLOSE;AUDJPY;s=0;prev=3;c=4;firstObs=false;slotOn=true;inWindow=true;time_close=07-29 09:36
2026-07-29T09:33:00.000+01:00,DIAG-DEDUP;AUDJPY;s=0;wOpened=07-29 09:30;nd=0;bestStored=none;bestStoredSlot=-1;newWins=true
2026-07-29T09:33:00.000+01:00,DIAG-CLOSE;AUDJPY;s=1;prev=2;c=3;firstObs=false;slotOn=true;inWindow=true;time_close=07-29 09:36
2026-07-29T09:33:00.000+01:00,DIAG-DEDUP;AUDJPY;s=1;wOpened=07-29 09:30;nd=1;bestStored=07-29 09:30;bestStoredSlot=0;newWins=true
2026-07-29T10:03:00.000+01:00,DIAG-CLOSE;USDJPY;s=0;prev=4;c=5;firstObs=false;slotOn=true;inWindow=true;time_close=07-29 10:06
2026-07-29T10:03:00.000+01:00,DIAG-DEDUP;USDJPY;s=0;wOpened=07-29 09:15;nd=1;bestStored=07-29 09:15;bestStoredSlot=1;newWins=false
2026-07-29T10:03:00.000+01:00,DIAG-CLOSE;USDJPY;s=2;prev=2;c=3;firstObs=false;slotOn=true;inWindow=true;time_close=07-29 10:06
2026-07-29T10:03:00.000+01:00,DIAG-DEDUP;USDJPY;s=2;wOpened=07-29 09:51;nd=0;bestStored=none;bestStoredSlot=-1;newWins=true
2026-07-29T10:03:00.000+01:00,DIAG-CLOSE;USDJPY;s=3;prev=3;c=4;firstObs=false;slotOn=true;inWindow=true;time_close=07-29 10:06
2026-07-29T10:03:00.000+01:00,DIAG-DEDUP;USDJPY;s=3;wOpened=07-29 09:51;nd=1;bestStored=07-29 09:51;bestStoredSlot=2;newWins=true
2026-07-29T10:03:00.000+01:00,DIAG-CLOSE;USDJPY;s=4;prev=1;c=2;firstObs=false;slotOn=true;inWindow=true;time_close=07-29 10:06
2026-07-29T10:03:00.000+01:00,DIAG-DEDUP;USDJPY;s=4;wOpened=07-29 09:54;nd=1;bestStored=07-29 09:51;bestStoredSlot=3;newWins=false
2026-07-29T10:48:00.000+01:00,DIAG-CLOSE;EURCHF;s=0;prev=7;c=8;firstObs=false;slotOn=true;inWindow=true;time_close=07-29 10:51
2026-07-29T10:48:00.000+01:00,DIAG-DEDUP;EURCHF;s=0;wOpened=07-29 10:45;nd=0;bestStored=none;bestStoredSlot=-1;newWins=true
2026-07-29T12:06:00.000+01:00,DIAG-CLOSE;EURGBP;s=0;prev=5;c=6;firstObs=false;slotOn=true;inWindow=true;time_close=07-29 12:09
2026-07-29T12:06:00.000+01:00,DIAG-DEDUP;EURGBP;s=0;wOpened=07-29 10:00;nd=0;bestStored=none;bestStoredSlot=-1;newWins=true
2026-07-29T12:06:00.000+01:00,DIAG-CLOSE;EURGBP;s=2;prev=1;c=2;firstObs=false;slotOn=true;inWindow=true;time_close=07-29 12:09
2026-07-29T12:06:00.000+01:00,DIAG-DEDUP;EURGBP;s=2;wOpened=07-29 10:00;nd=1;bestStored=07-29 10:00;bestStoredSlot=0;newWins=true
2026-07-29T12:06:00.000+01:00,DIAG-CLOSE;EURGBP;s=3;prev=1;c=2;firstObs=false;slotOn=true;inWindow=true;time_close=07-29 12:09
2026-07-29T12:06:00.000+01:00,DIAG-DEDUP;EURGBP;s=3;wOpened=07-29 12:03;nd=1;bestStored=07-29 10:00;bestStoredSlot=2;newWins=false
2026-07-29T12:06:00.000+01:00,DIAG-CLOSE;EURGBP;s=4;prev=1;c=2;firstObs=false;slotOn=true;inWindow=true;time_close=07-29 12:09
2026-07-29T12:06:00.000+01:00,DIAG-DEDUP;EURGBP;s=4;wOpened=07-29 12:03;nd=1;bestStored=07-29 10:00;bestStoredSlot=2;newWins=false
2026-07-29T12:09:00.000+01:00,DIAG-CLOSE;EURGBP;s=1;prev=4;c=5;firstObs=false;slotOn=true;inWindow=true;time_close=07-29 12:12
2026-07-29T12:09:00.000+01:00,DIAG-DEDUP;EURGBP;s=1;wOpened=07-29 08:00;nd=1;bestStored=07-29 10:00;bestStoredSlot=2;newWins=true
2026-07-29T12:12:00.000+01:00,DIAG-CLOSE;EURCAD;s=1;prev=5;c=6;firstObs=false;slotOn=true;inWindow=true;time_close=07-29 12:15
2026-07-29T12:12:00.000+01:00,DIAG-DEDUP;EURCAD;s=1;wOpened=07-29 12:03;nd=0;bestStored=none;bestStoredSlot=-1;newWins=true
2026-07-29T13:15:00.000+01:00,DIAG-CLOSE;GBPAUD;s=0;prev=6;c=7;firstObs=false;slotOn=true;inWindow=true;time_close=07-29 13:18
2026-07-29T13:15:00.000+01:00,DIAG-DEDUP;GBPAUD;s=0;wOpened=07-29 11:33;nd=0;bestStored=none;bestStoredSlot=-1;newWins=true
2026-07-29T13:15:00.000+01:00,DIAG-CLOSE;GBPAUD;s=3;prev=2;c=3;firstObs=false;slotOn=true;inWindow=true;time_close=07-29 13:18
2026-07-29T13:15:00.000+01:00,DIAG-DEDUP;GBPAUD;s=3;wOpened=07-29 13:12;nd=1;bestStored=07-29 11:33;bestStoredSlot=0;newWins=false
2026-07-29T13:21:00.000+01:00,DIAG-CLOSE;EURGBP;s=0;prev=6;c=7;firstObs=false;slotOn=true;inWindow=true;time_close=07-29 13:24
2026-07-29T13:21:00.000+01:00,DIAG-DEDUP;EURGBP;s=0;wOpened=07-29 13:18;nd=0;bestStored=none;bestStoredSlot=-1;newWins=true
2026-07-29T13:33:00.000+01:00,DIAG-CLOSE;CADJPY;s=0;prev=7;c=8;firstObs=false;slotOn=true;inWindow=true;time_close=07-29 13:36
2026-07-29T13:33:00.000+01:00,DIAG-DEDUP;CADJPY;s=0;wOpened=07-29 13:15;nd=0;bestStored=none;bestStoredSlot=-1;newWins=true
2026-07-29T13:33:00.000+01:00,DIAG-CLOSE;CADJPY;s=1;prev=4;c=5;firstObs=false;slotOn=true;inWindow=true;time_close=07-29 13:36
2026-07-29T13:33:00.000+01:00,DIAG-DEDUP;CADJPY;s=1;wOpened=07-29 13:15;nd=1;bestStored=07-29 13:15;bestStoredSlot=0;newWins=true
2026-07-29T13:33:00.000+01:00,DIAG-CLOSE;CADJPY;s=2;prev=2;c=3;firstObs=false;slotOn=true;inWindow=true;time_close=07-29 13:36
2026-07-29T13:33:00.000+01:00,DIAG-DEDUP;CADJPY;s=2;wOpened=07-29 13:30;nd=1;bestStored=07-29 13:15;bestStoredSlot=1;newWins=false
2026-07-29T13:42:00.000+01:00,DIAG-CLOSE;GBPCAD;s=1;prev=3;c=4;firstObs=false;slotOn=true;inWindow=true;time_close=07-29 13:45
2026-07-29T13:42:00.000+01:00,DIAG-DEDUP;GBPCAD;s=1;wOpened=07-29 13:33;nd=0;bestStored=none;bestStoredSlot=-1;newWins=true
2026-07-29T13:54:00.000+01:00,DIAG-CLOSE;AUDJPY;s=0;prev=4;c=5;firstObs=false;slotOn=true;inWindow=true;time_close=07-29 13:57
2026-07-29T13:54:00.000+01:00,DIAG-DEDUP;AUDJPY;s=0;wOpened=07-29 13:45;nd=0;bestStored=none;bestStoredSlot=-1;newWins=true
2026-07-29T13:54:00.000+01:00,DIAG-CLOSE;AUDJPY;s=1;prev=3;c=4;firstObs=false;slotOn=true;inWindow=true;time_close=07-29 13:57
2026-07-29T13:54:00.000+01:00,DIAG-DEDUP;AUDJPY;s=1;wOpened=07-29 13:45;nd=1;bestStored=07-29 13:45;bestStoredSlot=0;newWins=true
2026-07-29T14:27:00.000+01:00,DIAG-CLOSE;CADCHF;s=0;prev=4;c=5;firstObs=false;slotOn=true;inWindow=true;time_close=07-29 14:30
2026-07-29T14:27:00.000+01:00,DIAG-DEDUP;CADCHF;s=0;wOpened=07-29 10:30;nd=0;bestStored=none;bestStoredSlot=-1;newWins=true
2026-07-29T14:27:00.000+01:00,DIAG-CLOSE;CADCHF;s=1;prev=5;c=6;firstObs=false;slotOn=true;inWindow=true;time_close=07-29 14:30
2026-07-29T14:27:00.000+01:00,DIAG-DEDUP;CADCHF;s=1;wOpened=07-29 10:42;nd=1;bestStored=07-29 10:30;bestStoredSlot=0;newWins=false
2026-07-29T14:27:00.000+01:00,DIAG-CLOSE;CADCHF;s=2;prev=3;c=4;firstObs=false;slotOn=true;inWindow=true;time_close=07-29 14:30
2026-07-29T14:27:00.000+01:00,DIAG-DEDUP;CADCHF;s=2;wOpened=07-29 10:45;nd=1;bestStored=07-29 10:30;bestStoredSlot=0;newWins=false
2026-07-29T14:27:00.000+01:00,DIAG-CLOSE;CADCHF;s=3;prev=3;c=4;firstObs=false;slotOn=true;inWindow=true;time_close=07-29 14:30
2026-07-29T14:27:00.000+01:00,DIAG-DEDUP;CADCHF;s=3;wOpened=07-29 10:45;nd=1;bestStored=07-29 10:30;bestStoredSlot=0;newWins=false
2026-07-29T14:27:00.000+01:00,DIAG-CLOSE;CADCHF;s=4;prev=0;c=1;firstObs=false;slotOn=true;inWindow=true;time_close=07-29 14:30
2026-07-29T14:27:00.000+01:00,DIAG-DEDUP;CADCHF;s=4;wOpened=07-29 13:15;nd=1;bestStored=07-29 10:30;bestStoredSlot=0;newWins=false
2026-07-29T14:27:00.000+01:00,DIAG-CLOSE;CADCHF;s=5;prev=1;c=2;firstObs=false;slotOn=true;inWindow=true;time_close=07-29 14:30
2026-07-29T14:27:00.000+01:00,DIAG-DEDUP;CADCHF;s=5;wOpened=07-29 13:15;nd=1;bestStored=07-29 10:30;bestStoredSlot=0;newWins=false
2026-07-29T14:27:00.000+01:00,DIAG-CLOSE;CADCHF;s=6;prev=0;c=1;firstObs=false;slotOn=true;inWindow=true;time_close=07-29 14:30
2026-07-29T14:27:00.000+01:00,DIAG-DEDUP;CADCHF;s=6;wOpened=07-29 13:30;nd=1;bestStored=07-29 10:30;bestStoredSlot=0;newWins=false
2026-07-29T14:27:00.000+01:00,DIAG-CLOSE;CADCHF;s=7;prev=0;c=1;firstObs=false;slotOn=true;inWindow=true;time_close=07-29 14:30
2026-07-29T14:27:00.000+01:00,DIAG-DEDUP;CADCHF;s=7;wOpened=07-29 13:30;nd=1;bestStored=07-29 10:30;bestStoredSlot=0;newWins=false
2026-07-29T14:42:00.000+01:00,DIAG-CLOSE;EURUSD;s=1;prev=1;c=2;firstObs=false;slotOn=true;inWindow=true;time_close=07-29 14:45
2026-07-29T14:42:00.000+01:00,DIAG-DEDUP;EURUSD;s=1;wOpened=07-29 14:30;nd=0;bestStored=none;bestStoredSlot=-1;newWins=true
2026-07-29T14:42:00.000+01:00,DIAG-CLOSE;EURUSD;s=2;prev=0;c=1;firstObs=false;slotOn=true;inWindow=true;time_close=07-29 14:45
2026-07-29T14:42:00.000+01:00,DIAG-DEDUP;EURUSD;s=2;wOpened=07-29 14:33;nd=1;bestStored=07-29 14:30;bestStoredSlot=1;newWins=false
2026-07-29T14:48:00.000+01:00,DIAG-CLOSE;USDCAD;s=1;prev=7;c=8;firstObs=false;slotOn=true;inWindow=true;time_close=07-29 14:51
2026-07-29T14:48:00.000+01:00,DIAG-DEDUP;USDCAD;s=1;wOpened=07-29 13:15;nd=0;bestStored=none;bestStoredSlot=-1;newWins=true
2026-07-29T14:51:00.000+01:00,DIAG-CLOSE;USDCHF;s=0;prev=3;c=4;firstObs=false;slotOn=true;inWindow=true;time_close=07-29 14:54
2026-07-29T14:51:00.000+01:00,DIAG-DEDUP;USDCHF;s=0;wOpened=07-29 13:30;nd=0;bestStored=none;bestStoredSlot=-1;newWins=true
2026-07-29T14:51:00.000+01:00,DIAG-CLOSE;USDCHF;s=1;prev=3;c=4;firstObs=false;slotOn=true;inWindow=true;time_close=07-29 14:54
2026-07-29T14:51:00.000+01:00,DIAG-DEDUP;USDCHF;s=1;wOpened=07-29 14:33;nd=1;bestStored=07-29 13:30;bestStoredSlot=0;newWins=false
2026-07-29T14:51:00.000+01:00,DIAG-CLOSE;USDCHF;s=2;prev=1;c=2;firstObs=false;slotOn=true;inWindow=true;time_close=07-29 14:54
2026-07-29T14:51:00.000+01:00,DIAG-DEDUP;USDCHF;s=2;wOpened=07-29 14:33;nd=1;bestStored=07-29 13:30;bestStoredSlot=0;newWins=false
2026-07-29T14:51:00.000+01:00,DIAG-CLOSE;USDCHF;s=3;prev=1;c=2;firstObs=false;slotOn=true;inWindow=true;time_close=07-29 14:54
2026-07-29T14:51:00.000+01:00,DIAG-DEDUP;USDCHF;s=3;wOpened=07-29 14:33;nd=1;bestStored=07-29 13:30;bestStoredSlot=0;newWins=false
2026-07-29T14:51:00.000+01:00,DIAG-CLOSE;AUDUSD;s=1;prev=2;c=3;firstObs=false;slotOn=true;inWindow=true;time_close=07-29 14:54
2026-07-29T14:51:00.000+01:00,DIAG-DEDUP;AUDUSD;s=1;wOpened=07-29 14:30;nd=0;bestStored=none;bestStoredSlot=-1;newWins=true
2026-07-29T15:54:00.000+01:00,DIAG-CLOSE;AUDCHF;s=0;prev=4;c=5;firstObs=false;slotOn=true;inWindow=true;time_close=07-29 15:57
2026-07-29T15:54:00.000+01:00,DIAG-DEDUP;AUDCHF;s=0;wOpened=07-29 15:48;nd=0;bestStored=none;bestStoredSlot=-1;newWins=true
2026-07-29T15:54:00.000+01:00,DIAG-CLOSE;AUDCHF;s=2;prev=2;c=3;firstObs=false;slotOn=true;inWindow=true;time_close=07-29 15:57
2026-07-29T15:54:00.000+01:00,DIAG-DEDUP;AUDCHF;s=2;wOpened=07-29 15:51;nd=1;bestStored=07-29 15:48;bestStoredSlot=0;newWins=false
2026-07-29T15:54:00.000+01:00,DIAG-CLOSE;AUDCHF;s=3;prev=3;c=4;firstObs=false;slotOn=true;inWindow=true;time_close=07-29 15:57
2026-07-29T15:54:00.000+01:00,DIAG-DEDUP;AUDCHF;s=3;wOpened=07-29 15:51;nd=1;bestStored=07-29 15:48;bestStoredSlot=0;newWins=false
2026-07-29T16:03:00.000+01:00,DIAG-CLOSE;EURAUD;s=0;prev=5;c=6;firstObs=false;slotOn=true;inWindow=true;time_close=07-29 16:06
2026-07-29T16:03:00.000+01:00,DIAG-DEDUP;EURAUD;s=0;wOpened=07-29 13:12;nd=0;bestStored=none;bestStoredSlot=-1;newWins=true
2026-07-29T16:06:00.000+01:00,DIAG-CLOSE;EURUSD;s=1;prev=2;c=3;firstObs=false;slotOn=true;inWindow=true;time_close=07-29 16:09
2026-07-29T16:06:00.000+01:00,DIAG-DEDUP;EURUSD;s=1;wOpened=07-29 16:03;nd=0;bestStored=none;bestStoredSlot=-1;newWins=true
2026-07-29T16:06:00.000+01:00,DIAG-CLOSE;USDJPY;s=0;prev=5;c=6;firstObs=false;slotOn=true;inWindow=true;time_close=07-29 16:09
2026-07-29T16:06:00.000+01:00,DIAG-DEDUP;USDJPY;s=0;wOpened=07-29 15:24;nd=0;bestStored=none;bestStoredSlot=-1;newWins=true
2026-07-29T16:06:00.000+01:00,DIAG-CLOSE;USDJPY;s=1;prev=5;c=6;firstObs=false;slotOn=true;inWindow=true;time_close=07-29 16:09
2026-07-29T16:06:00.000+01:00,DIAG-DEDUP;USDJPY;s=1;wOpened=07-29 16:03;nd=1;bestStored=07-29 15:24;bestStoredSlot=0;newWins=false
2026-07-29T16:06:00.000+01:00,DIAG-CLOSE;USDJPY;s=2;prev=3;c=4;firstObs=false;slotOn=true;inWindow=true;time_close=07-29 16:09
2026-07-29T16:06:00.000+01:00,DIAG-DEDUP;USDJPY;s=2;wOpened=07-29 16:03;nd=1;bestStored=07-29 15:24;bestStoredSlot=0;newWins=false
2026-07-29T16:06:00.000+01:00,DIAG-CLOSE;USDJPY;s=3;prev=4;c=5;firstObs=false;slotOn=true;inWindow=true;time_close=07-29 16:09
2026-07-29T16:06:00.000+01:00,DIAG-DEDUP;USDJPY;s=3;wOpened=07-29 16:03;nd=1;bestStored=07-29 15:24;bestStoredSlot=0;newWins=false
2026-07-29T16:12:00.000+01:00,DIAG-CLOSE;GBPUSD;s=1;prev=4;c=5;firstObs=false;slotOn=true;inWindow=true;time_close=07-29 16:15
2026-07-29T16:12:00.000+01:00,DIAG-DEDUP;GBPUSD;s=1;wOpened=07-29 15:45;nd=0;bestStored=none;bestStoredSlot=-1;newWins=true
2026-07-29T16:18:00.000+01:00,DIAG-CLOSE;USDCHF;s=0;prev=4;c=5;firstObs=false;slotOn=true;inWindow=true;time_close=07-29 16:21
2026-07-29T16:18:00.000+01:00,DIAG-DEDUP;USDCHF;s=0;wOpened=07-29 16:15;nd=0;bestStored=none;bestStoredSlot=-1;newWins=true
2026-07-29T16:18:00.000+01:00,DIAG-CLOSE;AUDUSD;s=3;prev=2;c=3;firstObs=false;slotOn=true;inWindow=true;time_close=07-29 16:21
2026-07-29T16:18:00.000+01:00,DIAG-DEDUP;AUDUSD;s=3;wOpened=07-29 15:06;nd=0;bestStored=none;bestStoredSlot=-1;newWins=true
2026-07-29T16:24:00.000+01:00,DIAG-CLOSE;AUDUSD;s=0;prev=4;c=5;firstObs=false;slotOn=true;inWindow=true;time_close=07-29 16:27
2026-07-29T16:24:00.000+01:00,DIAG-DEDUP;AUDUSD;s=0;wOpened=07-29 14:39;nd=2;bestStored=07-29 14:30;bestStoredSlot=1;newWins=false
2026-07-29T16:24:00.000+01:00,DIAG-CLOSE;AUDUSD;s=1;prev=3;c=4;firstObs=false;slotOn=true;inWindow=true;time_close=07-29 16:27
2026-07-29T16:24:00.000+01:00,DIAG-DEDUP;AUDUSD;s=1;wOpened=07-29 16:06;nd=0;bestStored=none;bestStoredSlot=-1;newWins=true
2026-07-29T16:24:00.000+01:00,DIAG-CLOSE;AUDUSD;s=2;prev=0;c=1;firstObs=false;slotOn=true;inWindow=true;time_close=07-29 16:27
2026-07-29T16:24:00.000+01:00,DIAG-DEDUP;AUDUSD;s=2;wOpened=07-29 14:39;nd=2;bestStored=07-29 14:30;bestStoredSlot=1;newWins=false
2026-07-29T16:24:00.000+01:00,DIAG-CLOSE;AUDUSD;s=4;prev=0;c=1;firstObs=false;slotOn=true;inWindow=true;time_close=07-29 16:27
2026-07-29T16:24:00.000+01:00,DIAG-DEDUP;AUDUSD;s=4;wOpened=07-29 15:06;nd=0;bestStored=none;bestStoredSlot=-1;newWins=true
2026-07-29T16:24:00.000+01:00,DIAG-CLOSE;AUDJPY;s=0;prev=5;c=6;firstObs=false;slotOn=true;inWindow=true;time_close=07-29 16:27
2026-07-29T16:24:00.000+01:00,DIAG-DEDUP;AUDJPY;s=0;wOpened=07-29 16:21;nd=0;bestStored=none;bestStoredSlot=-1;newWins=true
2026-07-29T17:09:00.000+01:00,DIAG-CLOSE;AUDCAD;s=1;prev=4;c=5;firstObs=false;slotOn=true;inWindow=true;time_close=07-29 17:12
2026-07-29T17:09:00.000+01:00,DIAG-DEDUP;AUDCAD;s=1;wOpened=07-29 16:06;nd=0;bestStored=none;bestStoredSlot=-1;newWins=true
2026-07-29T17:09:00.000+01:00,DIAG-CLOSE;AUDCAD;s=2;prev=4;c=5;firstObs=false;slotOn=true;inWindow=true;time_close=07-29 17:12
2026-07-29T17:09:00.000+01:00,DIAG-DEDUP;AUDCAD;s=2;wOpened=07-29 16:06;nd=1;bestStored=07-29 16:06;bestStoredSlot=1;newWins=true
2026-07-29T17:30:00.000+01:00,DIAG-CLOSE;GBPCHF;s=0;prev=4;c=5;firstObs=false;slotOn=true;inWindow=true;time_close=07-29 17:33
2026-07-29T17:30:00.000+01:00,DIAG-DEDUP;GBPCHF;s=0;wOpened=07-29 16:45;nd=0;bestStored=none;bestStoredSlot=-1;newWins=true
2026-07-29T18:00:00.000+01:00,DIAG-CLOSE;AUDCHF;s=1;prev=4;c=5;firstObs=false;slotOn=true;inWindow=true;time_close=07-29 18:03
2026-07-29T18:00:00.000+01:00,DIAG-DEDUP;AUDCHF;s=1;wOpened=07-29 15:51;nd=1;bestStored=07-29 15:48;bestStoredSlot=0;newWins=false
2026-07-29T18:00:00.000+01:00,DIAG-CLOSE;AUDCHF;s=5;prev=2;c=3;firstObs=false;slotOn=true;inWindow=true;time_close=07-29 18:03
2026-07-29T18:00:00.000+01:00,DIAG-DEDUP;AUDCHF;s=5;wOpened=07-29 16:03;nd=0;bestStored=none;bestStoredSlot=-1;newWins=true
2026-07-29T18:00:00.000+01:00,DIAG-CLOSE;AUDCHF;s=6;prev=1;c=2;firstObs=false;slotOn=true;inWindow=true;time_close=07-29 18:03
2026-07-29T18:00:00.000+01:00,DIAG-DEDUP;AUDCHF;s=6;wOpened=07-29 17:18;nd=1;bestStored=07-29 16:03;bestStoredSlot=5;newWins=false
2026-07-29T18:00:00.000+01:00,DIAG-CLOSE;AUDCHF;s=7;prev=1;c=2;firstObs=false;slotOn=true;inWindow=true;time_close=07-29 18:03
2026-07-29T18:00:00.000+01:00,DIAG-DEDUP;AUDCHF;s=7;wOpened=07-29 17:18;nd=1;bestStored=07-29 16:03;bestStoredSlot=5;newWins=false
2026-07-29T18:06:00.000+01:00,DIAG-CLOSE;AUDJPY;s=0;prev=6;c=7;firstObs=false;slotOn=true;inWindow=true;time_close=07-29 18:09
2026-07-29T18:06:00.000+01:00,DIAG-DEDUP;AUDJPY;s=0;wOpened=07-29 17:24;nd=0;bestStored=none;bestStoredSlot=-1;newWins=true
2026-07-29T18:06:00.000+01:00,DIAG-CLOSE;AUDCAD;s=0;prev=5;c=6;firstObs=false;slotOn=true;inWindow=true;time_close=07-29 18:09
2026-07-29T18:06:00.000+01:00,DIAG-DEDUP;AUDCAD;s=0;wOpened=07-29 14:27;nd=1;bestStored=07-29 16:06;bestStoredSlot=2;newWins=true
2026-07-29T18:06:00.000+01:00,DIAG-CLOSE;AUDCAD;s=3;prev=3;c=4;firstObs=false;slotOn=true;inWindow=true;time_close=07-29 18:09
2026-07-29T18:06:00.000+01:00,DIAG-DEDUP;AUDCAD;s=3;wOpened=07-29 16:03;nd=1;bestStored=07-29 14:27;bestStoredSlot=0;newWins=false
2026-07-29T18:06:00.000+01:00,DIAG-CLOSE;AUDCAD;s=4;prev=3;c=4;firstObs=false;slotOn=true;inWindow=true;time_close=07-29 18:09
2026-07-29T18:06:00.000+01:00,DIAG-DEDUP;AUDCAD;s=4;wOpened=07-29 17:18;nd=1;bestStored=07-29 14:27;bestStoredSlot=0;newWins=false
2026-07-29T18:12:00.000+01:00,DIAG-CLOSE;GBPUSD;s=0;prev=3;c=4;firstObs=false;slotOn=true;inWindow=true;time_close=07-29 18:15
2026-07-29T18:12:00.000+01:00,DIAG-DEDUP;GBPUSD;s=0;wOpened=07-29 15:12;nd=1;bestStored=07-29 15:45;bestStoredSlot=1;newWins=true
2026-07-29T18:12:00.000+01:00,DIAG-CLOSE;GBPUSD;s=2;prev=2;c=3;firstObs=false;slotOn=true;inWindow=true;time_close=07-29 18:15
2026-07-29T18:12:00.000+01:00,DIAG-DEDUP;GBPUSD;s=2;wOpened=07-29 15:45;nd=1;bestStored=07-29 15:12;bestStoredSlot=0;newWins=false
2026-07-29T18:12:00.000+01:00,DIAG-CLOSE;GBPUSD;s=3;prev=1;c=2;firstObs=false;slotOn=true;inWindow=true;time_close=07-29 18:15
2026-07-29T18:12:00.000+01:00,DIAG-DEDUP;GBPUSD;s=3;wOpened=07-29 15:15;nd=1;bestStored=07-29 15:12;bestStoredSlot=0;newWins=false
2026-07-29T18:12:00.000+01:00,DIAG-CLOSE;GBPUSD;s=4;prev=1;c=2;firstObs=false;slotOn=true;inWindow=true;time_close=07-29 18:15
2026-07-29T18:12:00.000+01:00,DIAG-DEDUP;GBPUSD;s=4;wOpened=07-29 15:45;nd=1;bestStored=07-29 15:12;bestStoredSlot=0;newWins=false
2026-07-29T18:18:00.000+01:00,DIAG-CLOSE;USDCHF;s=0;prev=5;c=6;firstObs=false;slotOn=true;inWindow=true;time_close=07-29 18:21
2026-07-29T18:18:00.000+01:00,DIAG-DEDUP;USDCHF;s=0;wOpened=07-29 17:39;nd=0;bestStored=none;bestStoredSlot=-1;newWins=true
2026-07-29T18:18:00.000+01:00,DIAG-CLOSE;USDCHF;s=1;prev=4;c=5;firstObs=false;slotOn=true;inWindow=true;time_close=07-29 18:21
2026-07-29T18:18:00.000+01:00,DIAG-DEDUP;USDCHF;s=1;wOpened=07-29 17:36;nd=1;bestStored=07-29 17:39;bestStoredSlot=0;newWins=true
2026-07-29T18:18:00.000+01:00,DIAG-CLOSE;USDCHF;s=2;prev=2;c=3;firstObs=false;slotOn=true;inWindow=true;time_close=07-29 18:21
2026-07-29T18:18:00.000+01:00,DIAG-DEDUP;USDCHF;s=2;wOpened=07-29 17:39;nd=1;bestStored=07-29 17:36;bestStoredSlot=1;newWins=false
2026-07-29T18:18:00.000+01:00,DIAG-CLOSE;USDCHF;s=3;prev=2;c=3;firstObs=false;slotOn=true;inWindow=true;time_close=07-29 18:21
2026-07-29T18:18:00.000+01:00,DIAG-DEDUP;USDCHF;s=3;wOpened=07-29 17:21;nd=1;bestStored=07-29 17:36;bestStoredSlot=1;newWins=true
2026-07-29T18:18:00.000+01:00,DIAG-CLOSE;CADCHF;s=1;prev=6;c=7;firstObs=false;slotOn=true;inWindow=true;time_close=07-29 18:21
2026-07-29T18:18:00.000+01:00,DIAG-DEDUP;CADCHF;s=1;wOpened=07-29 16:45;nd=0;bestStored=none;bestStoredSlot=-1;newWins=true
2026-07-29T18:18:00.000+01:00,DIAG-CLOSE;CADCHF;s=2;prev=4;c=5;firstObs=false;slotOn=true;inWindow=true;time_close=07-29 18:21
2026-07-29T18:18:00.000+01:00,DIAG-DEDUP;CADCHF;s=2;wOpened=07-29 16:42;nd=1;bestStored=07-29 16:45;bestStoredSlot=1;newWins=true
2026-07-29T18:18:00.000+01:00,DIAG-CLOSE;CADCHF;s=3;prev=4;c=5;firstObs=false;slotOn=true;inWindow=true;time_close=07-29 18:21
2026-07-29T18:18:00.000+01:00,DIAG-DEDUP;CADCHF;s=3;wOpened=07-29 17:21;nd=1;bestStored=07-29 16:42;bestStoredSlot=2;newWins=false
2026-07-29T18:18:00.000+01:00,DIAG-CLOSE;CADCHF;s=4;prev=1;c=2;firstObs=false;slotOn=true;inWindow=true;time_close=07-29 18:21
2026-07-29T18:18:00.000+01:00,DIAG-DEDUP;CADCHF;s=4;wOpened=07-29 16:45;nd=1;bestStored=07-29 16:42;bestStoredSlot=2;newWins=false
2026-07-29T18:30:00.000+01:00,DIAG-CLOSE;AUDUSD;s=0;prev=5;c=6;firstObs=false;slotOn=true;inWindow=true;time_close=07-29 18:33
2026-07-29T18:30:00.000+01:00,DIAG-DEDUP;AUDUSD;s=0;wOpened=07-29 18:27;nd=0;bestStored=none;bestStoredSlot=-1;newWins=true
2026-07-29T19:03:00.000+01:00,DIAG-CLOSE;GBPAUD;s=0;prev=7;c=8;firstObs=false;slotOn=true;inWindow=true;time_close=07-29 19:06
2026-07-29T19:03:00.000+01:00,DIAG-DEDUP;GBPAUD;s=0;wOpened=07-29 17:21;nd=0;bestStored=none;bestStoredSlot=-1;newWins=true
2026-07-29T19:03:00.000+01:00,DIAG-CLOSE;GBPAUD;s=1;prev=2;c=3;firstObs=false;slotOn=true;inWindow=true;time_close=07-29 19:06
2026-07-29T19:03:00.000+01:00,DIAG-DEDUP;GBPAUD;s=1;wOpened=07-29 17:24;nd=1;bestStored=07-29 17:21;bestStoredSlot=0;newWins=false
2026-07-29T19:03:00.000+01:00,DIAG-CLOSE;GBPAUD;s=2;prev=0;c=1;firstObs=false;slotOn=true;inWindow=true;time_close=07-29 19:06
2026-07-29T19:03:00.000+01:00,DIAG-DEDUP;GBPAUD;s=2;wOpened=07-29 18:39;nd=1;bestStored=07-29 17:21;bestStoredSlot=0;newWins=false
2026-07-29T19:03:00.000+01:00,DIAG-CLOSE;GBPAUD;s=3;prev=3;c=4;firstObs=false;slotOn=true;inWindow=true;time_close=07-29 19:06
2026-07-29T19:03:00.000+01:00,DIAG-DEDUP;GBPAUD;s=3;wOpened=07-29 18:42;nd=1;bestStored=07-29 17:21;bestStoredSlot=0;newWins=false
2026-07-29T19:03:00.000+01:00,DIAG-CLOSE;GBPAUD;s=4;prev=0;c=1;firstObs=false;slotOn=true;inWindow=true;time_close=07-29 19:06
2026-07-29T19:03:00.000+01:00,DIAG-DEDUP;GBPAUD;s=4;wOpened=07-29 18:42;nd=1;bestStored=07-29 17:21;bestStoredSlot=0;newWins=false
2026-07-29T19:09:00.000+01:00,DIAG-CLOSE;GBPAUD;s=5;prev=1;c=2;firstObs=false;slotOn=true;inWindow=true;time_close=07-29 19:12
2026-07-29T19:09:00.000+01:00,DIAG-DEDUP;GBPAUD;s=5;wOpened=07-29 19:06;nd=0;bestStored=none;bestStoredSlot=-1;newWins=true
2026-07-29T19:12:00.000+01:00,DIAG-CLOSE;EURAUD;s=0;prev=6;c=7;firstObs=false;slotOn=true;inWindow=true;time_close=07-29 19:15
2026-07-29T19:12:00.000+01:00,DIAG-DEDUP;EURAUD;s=0;wOpened=07-29 19:09;nd=0;bestStored=none;bestStoredSlot=-1;newWins=true
2026-07-29T19:12:00.000+01:00,DIAG-CLOSE;EURAUD;s=1;prev=5;c=6;firstObs=false;slotOn=true;inWindow=true;time_close=07-29 19:15
2026-07-29T19:12:00.000+01:00,DIAG-DEDUP;EURAUD;s=1;wOpened=07-29 18:57;nd=1;bestStored=07-29 19:09;bestStoredSlot=0;newWins=true
2026-07-29T19:51:00.000+01:00,DIAG-CLOSE;AUDJPY;s=0;prev=7;c=8;firstObs=false;slotOn=true;inWindow=true;time_close=07-29 19:54
2026-07-29T19:51:00.000+01:00,DIAG-DEDUP;AUDJPY;s=0;wOpened=07-29 19:24;nd=0;bestStored=none;bestStoredSlot=-1;newWins=true
2026-07-29T19:57:00.000+01:00,DIAG-CLOSE;CHFJPY;s=1;prev=1;c=2;firstObs=false;slotOn=true;inWindow=true;time_close=07-29 20:00
2026-07-29T19:57:00.000+01:00,DIAG-DEDUP;CHFJPY;s=1;wOpened=07-29 19:21;nd=0;bestStored=none;bestStoredSlot=-1;newWins=true
2026-07-29T20:36:00.000+01:00,DIAG-CLOSE;EURGBP;s=0;prev=7;c=8;firstObs=false;slotOn=true;inWindow=true;time_close=07-29 20:39
2026-07-29T20:36:00.000+01:00,DIAG-DEDUP;EURGBP;s=0;wOpened=07-29 20:18;nd=0;bestStored=none;bestStoredSlot=-1;newWins=true
2026-07-29T21:00:00.000+01:00,DIAG-CLOSE;GBPCHF;s=0;prev=5;c=6;firstObs=false;slotOn=true;inWindow=true;time_close=07-29 21:03
2026-07-29T21:00:00.000+01:00,DIAG-DEDUP;GBPCHF;s=0;wOpened=07-29 20:48;nd=0;bestStored=none;bestStoredSlot=-1;newWins=true
2026-07-29T21:00:00.000+01:00,DIAG-CLOSE;GBPCHF;s=2;prev=2;c=3;firstObs=false;slotOn=true;inWindow=true;time_close=07-29 21:03
2026-07-29T21:00:00.000+01:00,DIAG-DEDUP;GBPCHF;s=2;wOpened=07-29 20:57;nd=1;bestStored=07-29 20:48;bestStoredSlot=0;newWins=false
2026-07-29T21:00:00.000+01:00,DIAG-CLOSE;GBPCHF;s=3;prev=2;c=3;firstObs=false;slotOn=true;inWindow=true;time_close=07-29 21:03
2026-07-29T21:00:00.000+01:00,DIAG-DEDUP;GBPCHF;s=3;wOpened=07-29 20:57;nd=1;bestStored=07-29 20:48;bestStoredSlot=0;newWins=false
2026-07-29T21:21:00.000+01:00,DIAG-CLOSE;GBPUSD;s=1;prev=5;c=6;firstObs=false;slotOn=true;inWindow=true;time_close=07-29 21:24
2026-07-29T21:21:00.000+01:00,DIAG-DEDUP;GBPUSD;s=1;wOpened=07-29 21:15;nd=0;bestStored=none;bestStoredSlot=-1;newWins=true
2026-07-29T21:21:00.000+01:00,DIAG-CLOSE;GBPCHF;s=1;prev=4;c=5;firstObs=false;slotOn=true;inWindow=true;time_close=07-29 21:24
2026-07-29T21:21:00.000+01:00,DIAG-DEDUP;GBPCHF;s=1;wOpened=07-29 20:09;nd=1;bestStored=07-29 20:48;bestStoredSlot=0;newWins=true
2026-07-29T21:21:00.000+01:00,DIAG-CLOSE;GBPCHF;s=5;prev=0;c=1;firstObs=false;slotOn=true;inWindow=true;time_close=07-29 21:24
2026-07-29T21:21:00.000+01:00,DIAG-DEDUP;GBPCHF;s=5;wOpened=07-29 20:57;nd=1;bestStored=07-29 20:09;bestStoredSlot=1;newWins=false
2026-07-29T21:21:00.000+01:00,DIAG-CLOSE;GBPCHF;s=6;prev=0;c=1;firstObs=false;slotOn=true;inWindow=true;time_close=07-29 21:24
2026-07-29T21:21:00.000+01:00,DIAG-DEDUP;GBPCHF;s=6;wOpened=07-29 21:18;nd=1;bestStored=07-29 20:09;bestStoredSlot=1;newWins=false
2026-07-29T21:21:00.000+01:00,DIAG-CLOSE;GBPCHF;s=7;prev=0;c=1;firstObs=false;slotOn=true;inWindow=true;time_close=07-29 21:24
2026-07-29T21:21:00.000+01:00,DIAG-DEDUP;GBPCHF;s=7;wOpened=07-29 21:18;nd=1;bestStored=07-29 20:09;bestStoredSlot=1;newWins=false
2026-07-29T21:45:00.000+01:00,DIAG-CLOSE;CADCHF;s=0;prev=5;c=6;firstObs=false;slotOn=true;inWindow=true;time_close=07-29 21:48
2026-07-29T21:45:00.000+01:00,DIAG-DEDUP;CADCHF;s=0;wOpened=07-29 21:09;nd=0;bestStored=none;bestStoredSlot=-1;newWins=true
2026-07-29T21:51:00.000+01:00,DIAG-CLOSE;USDJPY;s=0;prev=6;c=7;firstObs=false;slotOn=true;inWindow=true;time_close=07-29 21:54
2026-07-29T21:51:00.000+01:00,DIAG-DEDUP;USDJPY;s=0;wOpened=07-29 21:33;nd=0;bestStored=none;bestStoredSlot=-1;newWins=true
2026-07-29T22:15:00.000+01:00,DIAG-CLOSE;USDCAD;s=1;prev=8;c=9;firstObs=false;slotOn=true;inWindow=true;time_close=07-29 22:18
2026-07-29T22:15:00.000+01:00,DIAG-DEDUP;USDCAD;s=1;wOpened=07-29 20:21;nd=0;bestStored=none;bestStoredSlot=-1;newWins=true
2026-07-29T22:15:00.000+01:00,DIAG-CLOSE;USDCAD;s=5;prev=2;c=3;firstObs=false;slotOn=true;inWindow=true;time_close=07-29 22:18
2026-07-29T22:15:00.000+01:00,DIAG-DEDUP;USDCAD;s=5;wOpened=07-29 21:09;nd=1;bestStored=07-29 20:21;bestStoredSlot=1;newWins=false
2026-07-29T22:15:00.000+01:00,DIAG-CLOSE;EURGBP;s=0;prev=8;c=9;firstObs=false;slotOn=true;inWindow=true;time_close=07-29 22:18
2026-07-29T22:15:00.000+01:00,DIAG-DEDUP;EURGBP;s=0;wOpened=07-29 21:48;nd=0;bestStored=none;bestStoredSlot=-1;newWins=true
2026-07-29T23:54:00.000+01:00,DIAG-CLOSE;CHFJPY;s=0;prev=5;c=6;firstObs=false;slotOn=true;inWindow=true;time_close=07-29 23:57
2026-07-29T23:54:00.000+01:00,DIAG-DEDUP;CHFJPY;s=0;wOpened=07-29 22:27;nd=0;bestStored=none;bestStoredSlot=-1;newWins=true
2026-07-29T23:54:00.000+01:00,DIAG-CLOSE;CHFJPY;s=3;prev=0;c=1;firstObs=false;slotOn=true;inWindow=true;time_close=07-29 23:57
2026-07-29T23:54:00.000+01:00,DIAG-DEDUP;CHFJPY;s=3;wOpened=07-29 23:30;nd=1;bestStored=07-29 22:27;bestStoredSlot=0;newWins=false
2026-07-30T00:00:00.000+01:00,DIAG-CLOSE;CHFJPY;s=1;prev=2;c=3;firstObs=false;slotOn=true;inWindow=true;time_close=07-30 00:03
2026-07-30T00:00:00.000+01:00,DIAG-DEDUP;CHFJPY;s=1;wOpened=07-29 22:27;nd=1;bestStored=07-29 22:27;bestStoredSlot=0;newWins=true
2026-07-30T00:45:00.000+01:00,DIAG-CLOSE;GBPJPY;s=1;prev=2;c=3;firstObs=false;slotOn=true;inWindow=true;time_close=07-30 00:48
2026-07-30T00:45:00.000+01:00,DIAG-DEDUP;GBPJPY;s=1;wOpened=07-30 00:03;nd=0;bestStored=none;bestStoredSlot=-1;newWins=true
2026-07-30T00:45:00.000+01:00,DIAG-CLOSE;GBPJPY;s=5;prev=0;c=1;firstObs=false;slotOn=true;inWindow=true;time_close=07-30 00:48
2026-07-30T00:45:00.000+01:00,DIAG-DEDUP;GBPJPY;s=5;wOpened=07-30 00:33;nd=1;bestStored=07-30 00:03;bestStoredSlot=1;newWins=false
2026-07-30T00:51:00.000+01:00,DIAG-CLOSE;EURAUD;s=0;prev=7;c=8;firstObs=false;slotOn=true;inWindow=true;time_close=07-30 00:54
2026-07-30T00:51:00.000+01:00,DIAG-DEDUP;EURAUD;s=0;wOpened=07-30 00:12;nd=0;bestStored=none;bestStoredSlot=-1;newWins=true
2026-07-30T01:36:00.000+01:00,DIAG-CLOSE;EURCHF;s=0;prev=8;c=9;firstObs=false;slotOn=true;inWindow=true;time_close=07-30 01:39
2026-07-30T01:36:00.000+01:00,DIAG-DEDUP;EURCHF;s=0;wOpened=07-30 01:00;nd=0;bestStored=none;bestStoredSlot=-1;newWins=true
2026-07-30T01:36:00.000+01:00,DIAG-CLOSE;EURCHF;s=1;prev=4;c=5;firstObs=false;slotOn=true;inWindow=true;time_close=07-30 01:39
2026-07-30T01:36:00.000+01:00,DIAG-DEDUP;EURCHF;s=1;wOpened=07-30 01:00;nd=1;bestStored=07-30 01:00;bestStoredSlot=0;newWins=true
2026-07-30T01:36:00.000+01:00,DIAG-CLOSE;EURCHF;s=2;prev=3;c=4;firstObs=false;slotOn=true;inWindow=true;time_close=07-30 01:39
2026-07-30T01:36:00.000+01:00,DIAG-DEDUP;EURCHF;s=2;wOpened=07-30 01:33;nd=1;bestStored=07-30 01:00;bestStoredSlot=1;newWins=false
2026-07-30T01:36:00.000+01:00,DIAG-CLOSE;EURCHF;s=3;prev=4;c=5;firstObs=false;slotOn=true;inWindow=true;time_close=07-30 01:39
2026-07-30T01:36:00.000+01:00,DIAG-DEDUP;EURCHF;s=3;wOpened=07-30 01:33;nd=1;bestStored=07-30 01:00;bestStoredSlot=1;newWins=false
2026-07-30T01:48:00.000+01:00,DIAG-CLOSE;USDCAD;s=0;prev=6;c=7;firstObs=false;slotOn=true;inWindow=true;time_close=07-30 01:51
2026-07-30T01:48:00.000+01:00,DIAG-DEDUP;USDCAD;s=0;wOpened=07-30 01:45;nd=0;bestStored=none;bestStoredSlot=-1;newWins=true
2026-07-30T02:18:00.000+01:00,DIAG-CLOSE;AUDUSD;s=0;prev=6;c=7;firstObs=false;slotOn=true;inWindow=true;time_close=07-30 02:21
2026-07-30T02:18:00.000+01:00,DIAG-DEDUP;AUDUSD;s=0;wOpened=07-30 02:15;nd=0;bestStored=none;bestStoredSlot=-1;newWins=true
2026-07-30T02:18:00.000+01:00,DIAG-CLOSE;AUDUSD;s=1;prev=4;c=5;firstObs=false;slotOn=true;inWindow=true;time_close=07-30 02:21
2026-07-30T02:18:00.000+01:00,DIAG-DEDUP;AUDUSD;s=1;wOpened=07-30 00:42;nd=1;bestStored=07-30 02:15;bestStoredSlot=0;newWins=true
2026-07-30T02:18:00.000+01:00,DIAG-CLOSE;AUDUSD;s=2;prev=1;c=2;firstObs=false;slotOn=true;inWindow=true;time_close=07-30 02:21
2026-07-30T02:18:00.000+01:00,DIAG-DEDUP;AUDUSD;s=2;wOpened=07-30 02:15;nd=1;bestStored=07-30 00:42;bestStoredSlot=1;newWins=false
2026-07-30T02:30:00.000+01:00,DIAG-CLOSE;AUDCHF;s=1;prev=5;c=6;firstObs=false;slotOn=true;inWindow=true;time_close=07-30 02:33
2026-07-30T02:30:00.000+01:00,DIAG-DEDUP;AUDCHF;s=1;wOpened=07-30 01:33;nd=0;bestStored=none;bestStoredSlot=-1;newWins=true
2026-07-30T02:39:00.000+01:00,DIAG-CLOSE;AUDCAD;s=1;prev=5;c=6;firstObs=false;slotOn=true;inWindow=true;time_close=07-30 02:42
2026-07-30T02:39:00.000+01:00,DIAG-DEDUP;AUDCAD;s=1;wOpened=07-30 01:48;nd=0;bestStored=none;bestStoredSlot=-1;newWins=true
2026-07-30T02:48:00.000+01:00,DIAG-CLOSE;USDCAD;s=0;prev=7;c=8;firstObs=false;slotOn=true;inWindow=true;time_close=07-30 02:51
2026-07-30T02:48:00.000+01:00,DIAG-DEDUP;USDCAD;s=0;wOpened=07-30 02:15;nd=0;bestStored=none;bestStoredSlot=-1;newWins=true
2026-07-30T03:12:00.000+01:00,DIAG-CLOSE;EURUSD;s=0;prev=5;c=6;firstObs=false;slotOn=true;inWindow=true;time_close=07-30 03:15
2026-07-30T03:12:00.000+01:00,DIAG-DEDUP;EURUSD;s=0;wOpened=07-30 01:57;nd=0;bestStored=none;bestStoredSlot=-1;newWins=true
2026-07-30T03:12:00.000+01:00,DIAG-CLOSE;EURUSD;s=1;prev=3;c=4;firstObs=false;slotOn=true;inWindow=true;time_close=07-30 03:15
2026-07-30T03:12:00.000+01:00,DIAG-DEDUP;EURUSD;s=1;wOpened=07-30 01:57;nd=1;bestStored=07-30 01:57;bestStoredSlot=0;newWins=true
2026-07-30T03:12:00.000+01:00,DIAG-CLOSE;EURUSD;s=3;prev=2;c=3;firstObs=false;slotOn=true;inWindow=true;time_close=07-30 03:15
2026-07-30T03:12:00.000+01:00,DIAG-DEDUP;EURUSD;s=3;wOpened=07-30 02:15;nd=1;bestStored=07-30 01:57;bestStoredSlot=1;newWins=false
2026-07-30T03:54:00.000+01:00,DIAG-CLOSE;AUDUSD;s=3;prev=3;c=4;firstObs=false;slotOn=true;inWindow=true;time_close=07-30 03:57
2026-07-30T03:54:00.000+01:00,DIAG-DEDUP;AUDUSD;s=3;wOpened=07-30 02:51;nd=0;bestStored=none;bestStoredSlot=-1;newWins=true
2026-07-30T04:15:00.000+01:00,DIAG-CLOSE;EURGBP;s=0;prev=9;c=10;firstObs=false;slotOn=true;inWindow=true;time_close=07-30 04:18
2026-07-30T04:15:00.000+01:00,DIAG-DEDUP;EURGBP;s=0;wOpened=07-29 22:42;nd=0;bestStored=none;bestStoredSlot=-1;newWins=true
2026-07-30T04:15:00.000+01:00,DIAG-CLOSE;EURGBP;s=1;prev=5;c=6;firstObs=false;slotOn=true;inWindow=true;time_close=07-30 04:18
2026-07-30T04:15:00.000+01:00,DIAG-DEDUP;EURGBP;s=1;wOpened=07-29 21:39;nd=2;bestStored=07-29 21:48;bestStoredSlot=0;newWins=true
2026-07-30T04:15:00.000+01:00,DIAG-CLOSE;EURGBP;s=2;prev=2;c=3;firstObs=false;slotOn=true;inWindow=true;time_close=07-30 04:18
2026-07-30T04:15:00.000+01:00,DIAG-DEDUP;EURGBP;s=2;wOpened=07-29 22:48;nd=1;bestStored=07-29 21:39;bestStoredSlot=1;newWins=false
2026-07-30T04:15:00.000+01:00,DIAG-CLOSE;EURGBP;s=3;prev=2;c=3;firstObs=false;slotOn=true;inWindow=true;time_close=07-30 04:18
2026-07-30T04:15:00.000+01:00,DIAG-DEDUP;EURGBP;s=3;wOpened=07-29 22:45;nd=1;bestStored=07-29 21:39;bestStoredSlot=1;newWins=false
2026-07-30T04:15:00.000+01:00,DIAG-CLOSE;EURGBP;s=4;prev=2;c=3;firstObs=false;slotOn=true;inWindow=true;time_close=07-30 04:18
2026-07-30T04:15:00.000+01:00,DIAG-DEDUP;EURGBP;s=4;wOpened=07-30 02:30;nd=1;bestStored=07-29 21:39;bestStoredSlot=1;newWins=false
2026-07-30T04:15:00.000+01:00,DIAG-CLOSE;EURGBP;s=5;prev=0;c=1;firstObs=false;slotOn=true;inWindow=true;time_close=07-30 04:18
2026-07-30T04:15:00.000+01:00,DIAG-DEDUP;EURGBP;s=5;wOpened=07-29 22:18;nd=1;bestStored=07-29 21:39;bestStoredSlot=1;newWins=false
2026-07-30T04:15:00.000+01:00,DIAG-CLOSE;EURGBP;s=6;prev=0;c=1;firstObs=false;slotOn=true;inWindow=true;time_close=07-30 04:18
2026-07-30T04:15:00.000+01:00,DIAG-DEDUP;EURGBP;s=6;wOpened=07-29 22:45;nd=1;bestStored=07-29 21:39;bestStoredSlot=1;newWins=false
2026-07-30T04:15:00.000+01:00,DIAG-CLOSE;EURGBP;s=7;prev=0;c=1;firstObs=false;slotOn=true;inWindow=true;time_close=07-30 04:18
2026-07-30T04:15:00.000+01:00,DIAG-DEDUP;EURGBP;s=7;wOpened=07-29 22:45;nd=1;bestStored=07-29 21:39;bestStoredSlot=1;newWins=false
2026-07-30T05:21:00.000+01:00,DIAG-CLOSE;CADJPY;s=0;prev=8;c=9;firstObs=false;slotOn=true;inWindow=true;time_close=07-30 05:24
2026-07-30T05:21:00.000+01:00,DIAG-DEDUP;CADJPY;s=0;wOpened=07-30 01:33;nd=0;bestStored=none;bestStoredSlot=-1;newWins=true
2026-07-30T05:21:00.000+01:00,DIAG-CLOSE;CADJPY;s=1;prev=5;c=6;firstObs=false;slotOn=true;inWindow=true;time_close=07-30 05:24
2026-07-30T05:21:00.000+01:00,DIAG-DEDUP;CADJPY;s=1;wOpened=07-29 23:36;nd=1;bestStored=07-30 01:33;bestStoredSlot=0;newWins=true
2026-07-30T05:21:00.000+01:00,DIAG-CLOSE;CADJPY;s=2;prev=3;c=4;firstObs=false;slotOn=true;inWindow=true;time_close=07-30 05:24
2026-07-30T05:21:00.000+01:00,DIAG-DEDUP;CADJPY;s=2;wOpened=07-30 01:36;nd=1;bestStored=07-29 23:36;bestStoredSlot=1;newWins=false
2026-07-30T05:21:00.000+01:00,DIAG-CLOSE;CADJPY;s=3;prev=2;c=3;firstObs=false;slotOn=true;inWindow=true;time_close=07-30 05:24
2026-07-30T05:21:00.000+01:00,DIAG-DEDUP;CADJPY;s=3;wOpened=07-30 01:36;nd=1;bestStored=07-29 23:36;bestStoredSlot=1;newWins=false
2026-07-30T05:21:00.000+01:00,DIAG-CLOSE;CADJPY;s=5;prev=1;c=2;firstObs=false;slotOn=true;inWindow=true;time_close=07-30 05:24
2026-07-30T05:21:00.000+01:00,DIAG-DEDUP;CADJPY;s=5;wOpened=07-30 01:36;nd=1;bestStored=07-29 23:36;bestStoredSlot=1;newWins=false
2026-07-30T05:42:00.000+01:00,DIAG-CLOSE;USDCAD;s=0;prev=8;c=9;firstObs=false;slotOn=true;inWindow=true;time_close=07-30 05:45
2026-07-30T05:42:00.000+01:00,DIAG-DEDUP;USDCAD;s=0;wOpened=07-30 05:39;nd=0;bestStored=none;bestStoredSlot=-1;newWins=true
2026-07-30T05:42:00.000+01:00,DIAG-CLOSE;USDCAD;s=1;prev=9;c=10;firstObs=false;slotOn=true;inWindow=true;time_close=07-30 05:45
2026-07-30T05:42:00.000+01:00,DIAG-DEDUP;USDCAD;s=1;wOpened=07-30 05:39;nd=1;bestStored=07-30 05:39;bestStoredSlot=0;newWins=true
2026-07-30T05:42:00.000+01:00,DIAG-CLOSE;USDCAD;s=3;prev=3;c=4;firstObs=false;slotOn=true;inWindow=true;time_close=07-30 05:45
2026-07-30T05:42:00.000+01:00,DIAG-DEDUP;USDCAD;s=3;wOpened=07-30 05:39;nd=1;bestStored=07-30 05:39;bestStoredSlot=1;newWins=true
2026-07-30T06:27:00.000+01:00,DIAG-CLOSE;EURCHF;s=0;prev=9;c=10;firstObs=false;slotOn=true;inWindow=true;time_close=07-30 06:30
2026-07-30T06:27:00.000+01:00,DIAG-DEDUP;EURCHF;s=0;wOpened=07-30 04:57;nd=0;bestStored=none;bestStoredSlot=-1;newWins=true
2026-07-30T06:27:00.000+01:00,DIAG-CLOSE;EURCHF;s=1;prev=5;c=6;firstObs=false;slotOn=true;inWindow=true;time_close=07-30 06:30
2026-07-30T06:27:00.000+01:00,DIAG-DEDUP;EURCHF;s=1;wOpened=07-30 05:57;nd=1;bestStored=07-30 04:57;bestStoredSlot=0;newWins=false
2026-07-30T06:27:00.000+01:00,DIAG-CLOSE;EURCHF;s=2;prev=4;c=5;firstObs=false;slotOn=true;inWindow=true;time_close=07-30 06:30
2026-07-30T06:27:00.000+01:00,DIAG-DEDUP;EURCHF;s=2;wOpened=07-30 05:12;nd=1;bestStored=07-30 04:57;bestStoredSlot=0;newWins=false
2026-07-30T06:27:00.000+01:00,DIAG-CLOSE;EURCHF;s=4;prev=3;c=4;firstObs=false;slotOn=true;inWindow=true;time_close=07-30 06:30
2026-07-30T06:27:00.000+01:00,DIAG-DEDUP;EURCHF;s=4;wOpened=07-30 05:15;nd=1;bestStored=07-30 04:57;bestStoredSlot=0;newWins=false
2026-07-30T06:27:00.000+01:00,DIAG-CLOSE;CHFJPY;s=0;prev=6;c=7;firstObs=false;slotOn=true;inWindow=true;time_close=07-30 06:30
2026-07-30T06:27:00.000+01:00,DIAG-DEDUP;CHFJPY;s=0;wOpened=07-30 05:15;nd=0;bestStored=none;bestStoredSlot=-1;newWins=true
2026-07-30T06:27:00.000+01:00,DIAG-CLOSE;CHFJPY;s=1;prev=3;c=4;firstObs=false;slotOn=true;inWindow=true;time_close=07-30 06:30
2026-07-30T06:27:00.000+01:00,DIAG-DEDUP;CHFJPY;s=1;wOpened=07-30 05:57;nd=1;bestStored=07-30 05:15;bestStoredSlot=0;newWins=false
2026-07-30T06:27:00.000+01:00,DIAG-CLOSE;CHFJPY;s=2;prev=0;c=1;firstObs=false;slotOn=true;inWindow=true;time_close=07-30 06:30
2026-07-30T06:27:00.000+01:00,DIAG-DEDUP;CHFJPY;s=2;wOpened=07-30 05:15;nd=1;bestStored=07-30 05:15;bestStoredSlot=0;newWins=true
2026-07-30T06:27:00.000+01:00,DIAG-CLOSE;CHFJPY;s=4;prev=0;c=1;firstObs=false;slotOn=true;inWindow=true;time_close=07-30 06:30
2026-07-30T06:27:00.000+01:00,DIAG-DEDUP;CHFJPY;s=4;wOpened=07-30 05:57;nd=1;bestStored=07-30 05:15;bestStoredSlot=2;newWins=false
2026-07-30T06:36:00.000+01:00,DIAG-CLOSE;EURGBP;s=0;prev=10;c=11;firstObs=false;slotOn=true;inWindow=true;time_close=07-30 06:39
2026-07-30T06:36:00.000+01:00,DIAG-DEDUP;EURGBP;s=0;wOpened=07-30 05:00;nd=0;bestStored=none;bestStoredSlot=-1;newWins=true
2026-07-30T06:36:00.000+01:00,DIAG-CLOSE;EURGBP;s=2;prev=3;c=4;firstObs=false;slotOn=true;inWindow=true;time_close=07-30 06:39
2026-07-30T06:36:00.000+01:00,DIAG-DEDUP;EURGBP;s=2;wOpened=07-30 05:03;nd=1;bestStored=07-30 05:00;bestStoredSlot=0;newWins=false
2026-07-30T06:36:00.000+01:00,DIAG-CLOSE;EURGBP;s=3;prev=3;c=4;firstObs=false;slotOn=true;inWindow=true;time_close=07-30 06:39
2026-07-30T06:36:00.000+01:00,DIAG-DEDUP;EURGBP;s=3;wOpened=07-30 05:03;nd=1;bestStored=07-30 05:00;bestStoredSlot=0;newWins=false
2026-07-30T06:36:00.000+01:00,DIAG-CLOSE;EURGBP;s=4;prev=3;c=4;firstObs=false;slotOn=true;inWindow=true;time_close=07-30 06:39
2026-07-30T06:36:00.000+01:00,DIAG-DEDUP;EURGBP;s=4;wOpened=07-30 06:33;nd=1;bestStored=07-30 05:00;bestStoredSlot=0;newWins=false
2026-07-30T06:39:00.000+01:00,DIAG-CLOSE;AUDUSD;s=1;prev=5;c=6;firstObs=false;slotOn=true;inWindow=true;time_close=07-30 06:42
2026-07-30T06:39:00.000+01:00,DIAG-DEDUP;AUDUSD;s=1;wOpened=07-30 06:36;nd=0;bestStored=none;bestStoredSlot=-1;newWins=true
2026-07-30T07:03:00.000+01:00,DIAG-CLOSE;EURCAD;s=0;prev=6;c=7;firstObs=false;slotOn=true;inWindow=true;time_close=07-30 07:06
2026-07-30T07:03:00.000+01:00,DIAG-DEDUP;EURCAD;s=0;wOpened=07-30 06:45;nd=0;bestStored=none;bestStoredSlot=-1;newWins=true
2026-07-30T07:06:00.000+01:00,DIAG-CLOSE;GBPUSD;s=0;prev=4;c=5;firstObs=false;slotOn=true;inWindow=true;time_close=07-30 07:09
2026-07-30T07:06:00.000+01:00,DIAG-DEDUP;GBPUSD;s=0;wOpened=07-30 06:36;nd=0;bestStored=none;bestStoredSlot=-1;newWins=true
2026-07-30T07:06:00.000+01:00,DIAG-CLOSE;GBPUSD;s=2;prev=3;c=4;firstObs=false;slotOn=true;inWindow=true;time_close=07-30 07:09
2026-07-30T07:06:00.000+01:00,DIAG-DEDUP;GBPUSD;s=2;wOpened=07-30 06:48;nd=1;bestStored=07-30 06:36;bestStoredSlot=0;newWins=false
2026-07-30T07:06:00.000+01:00,DIAG-CLOSE;GBPUSD;s=4;prev=2;c=3;firstObs=false;slotOn=true;inWindow=true;time_close=07-30 07:09
2026-07-30T07:06:00.000+01:00,DIAG-DEDUP;GBPUSD;s=4;wOpened=07-30 06:51;nd=1;bestStored=07-30 06:36;bestStoredSlot=0;newWins=false
2026-07-30T07:18:00.000+01:00,DIAG-CLOSE;GBPUSD;s=1;prev=6;c=7;firstObs=false;slotOn=true;inWindow=true;time_close=07-30 07:21
2026-07-30T07:18:00.000+01:00,DIAG-DEDUP;GBPUSD;s=1;wOpened=07-30 06:48;nd=1;bestStored=07-30 06:36;bestStoredSlot=0;newWins=false
2026-07-30T07:18:00.000+01:00,DIAG-CLOSE;AUDUSD;s=0;prev=7;c=8;firstObs=false;slotOn=true;inWindow=true;time_close=07-30 07:21
2026-07-30T07:18:00.000+01:00,DIAG-DEDUP;AUDUSD;s=0;wOpened=07-30 06:36;nd=1;bestStored=07-30 06:36;bestStoredSlot=1;newWins=false
2026-07-30T07:18:00.000+01:00,DIAG-CLOSE;AUDUSD;s=2;prev=2;c=3;firstObs=false;slotOn=true;inWindow=true;time_close=07-30 07:21
2026-07-30T07:18:00.000+01:00,DIAG-DEDUP;AUDUSD;s=2;wOpened=07-30 07:03;nd=0;bestStored=none;bestStoredSlot=-1;newWins=true
2026-07-30T07:18:00.000+01:00,DIAG-CLOSE;AUDUSD;s=3;prev=4;c=5;firstObs=false;slotOn=true;inWindow=true;time_close=07-30 07:21
2026-07-30T07:18:00.000+01:00,DIAG-DEDUP;AUDUSD;s=3;wOpened=07-30 07:03;nd=1;bestStored=07-30 07:03;bestStoredSlot=2;newWins=true
2026-07-30T07:48:00.000+01:00,DIAG-CLOSE;GBPAUD;s=0;prev=8;c=9;firstObs=false;slotOn=true;inWindow=true;time_close=07-30 07:51
2026-07-30T07:48:00.000+01:00,DIAG-DEDUP;GBPAUD;s=0;wOpened=07-30 07:45;nd=0;bestStored=none;bestStoredSlot=-1;newWins=true
2026-07-30T09:00:00.000+01:00,DIAG-CLOSE;EURJPY;s=0;prev=4;c=5;firstObs=false;slotOn=true;inWindow=true;time_close=07-30 09:03
2026-07-30T09:00:00.000+01:00,DIAG-DEDUP;EURJPY;s=0;wOpened=07-30 08:03;nd=0;bestStored=none;bestStoredSlot=-1;newWins=true
2026-07-30T09:00:00.000+01:00,DIAG-CLOSE;EURJPY;s=1;prev=3;c=4;firstObs=false;slotOn=true;inWindow=true;time_close=07-30 09:03
2026-07-30T09:00:00.000+01:00,DIAG-DEDUP;EURJPY;s=1;wOpened=07-30 08:03;nd=1;bestStored=07-30 08:03;bestStoredSlot=0;newWins=true
2026-07-30T09:00:00.000+01:00,DIAG-CLOSE;EURJPY;s=2;prev=2;c=3;firstObs=false;slotOn=true;inWindow=true;time_close=07-30 09:03
2026-07-30T09:00:00.000+01:00,DIAG-DEDUP;EURJPY;s=2;wOpened=07-30 08:06;nd=1;bestStored=07-30 08:03;bestStoredSlot=1;newWins=false
2026-07-30T09:00:00.000+01:00,DIAG-CLOSE;EURJPY;s=3;prev=2;c=3;firstObs=false;slotOn=true;inWindow=true;time_close=07-30 09:03
2026-07-30T09:00:00.000+01:00,DIAG-DEDUP;EURJPY;s=3;wOpened=07-30 08:33;nd=1;bestStored=07-30 08:03;bestStoredSlot=1;newWins=false
2026-07-30T09:00:00.000+01:00,DIAG-CLOSE;EURJPY;s=4;prev=2;c=3;firstObs=false;slotOn=true;inWindow=true;time_close=07-30 09:03
2026-07-30T09:00:00.000+01:00,DIAG-DEDUP;EURJPY;s=4;wOpened=07-30 08:33;nd=1;bestStored=07-30 08:03;bestStoredSlot=1;newWins=false
2026-07-30T09:00:00.000+01:00,DIAG-CLOSE;EURJPY;s=5;prev=1;c=2;firstObs=false;slotOn=true;inWindow=true;time_close=07-30 09:03
2026-07-30T09:00:00.000+01:00,DIAG-DEDUP;EURJPY;s=5;wOpened=07-30 08:33;nd=1;bestStored=07-30 08:03;bestStoredSlot=1;newWins=false
2026-07-30T09:00:00.000+01:00,DIAG-CLOSE;EURJPY;s=6;prev=1;c=2;firstObs=false;slotOn=true;inWindow=true;time_close=07-30 09:03
2026-07-30T09:00:00.000+01:00,DIAG-DEDUP;EURJPY;s=6;wOpened=07-30 08:36;nd=1;bestStored=07-30 08:03;bestStoredSlot=1;newWins=false
2026-07-30T09:00:00.000+01:00,DIAG-CLOSE;EURJPY;s=7;prev=1;c=2;firstObs=false;slotOn=true;inWindow=true;time_close=07-30 09:03
2026-07-30T09:00:00.000+01:00,DIAG-DEDUP;EURJPY;s=7;wOpened=07-30 08:36;nd=1;bestStored=07-30 08:03;bestStoredSlot=1;newWins=false
2026-07-30T09:27:00.000+01:00,DIAG-CLOSE;AUDCHF;s=0;prev=5;c=6;firstObs=false;slotOn=true;inWindow=true;time_close=07-30 09:30
2026-07-30T09:27:00.000+01:00,DIAG-DEDUP;AUDCHF;s=0;wOpened=07-30 09:21;nd=0;bestStored=none;bestStoredSlot=-1;newWins=true
2026-07-30T09:45:00.000+01:00,DIAG-CLOSE;AUDUSD;s=0;prev=8;c=9;firstObs=false;slotOn=true;inWindow=true;time_close=07-30 09:48
2026-07-30T09:45:00.000+01:00,DIAG-DEDUP;AUDUSD;s=0;wOpened=07-30 09:36;nd=0;bestStored=none;bestStoredSlot=-1;newWins=true
2026-07-30T09:45:00.000+01:00,DIAG-CLOSE;AUDUSD;s=1;prev=6;c=7;firstObs=false;slotOn=true;inWindow=true;time_close=07-30 09:48
2026-07-30T09:45:00.000+01:00,DIAG-DEDUP;AUDUSD;s=1;wOpened=07-30 09:36;nd=1;bestStored=07-30 09:36;bestStoredSlot=0;newWins=true
2026-07-30T09:45:00.000+01:00,DIAG-CLOSE;AUDUSD;s=2;prev=3;c=4;firstObs=false;slotOn=true;inWindow=true;time_close=07-30 09:48
2026-07-30T09:45:00.000+01:00,DIAG-DEDUP;AUDUSD;s=2;wOpened=07-30 09:42;nd=1;bestStored=07-30 09:36;bestStoredSlot=1;newWins=false
2026-07-30T09:45:00.000+01:00,DIAG-CLOSE;AUDUSD;s=3;prev=5;c=6;firstObs=false;slotOn=true;inWindow=true;time_close=07-30 09:48
2026-07-30T09:45:00.000+01:00,DIAG-DEDUP;AUDUSD;s=3;wOpened=07-30 09:42;nd=1;bestStored=07-30 09:36;bestStoredSlot=1;newWins=false
2026-07-30T10:15:00.000+01:00,DIAG-CLOSE;USDCAD;s=0;prev=9;c=10;firstObs=false;slotOn=true;inWindow=true;time_close=07-30 10:18
2026-07-30T10:15:00.000+01:00,DIAG-DEDUP;USDCAD;s=0;wOpened=07-30 08:36;nd=0;bestStored=none;bestStoredSlot=-1;newWins=true
2026-07-30T10:15:00.000+01:00,DIAG-CLOSE;USDCAD;s=1;prev=10;c=11;firstObs=false;slotOn=true;inWindow=true;time_close=07-30 10:18
2026-07-30T10:15:00.000+01:00,DIAG-DEDUP;USDCAD;s=1;wOpened=07-30 08:36;nd=1;bestStored=07-30 08:36;bestStoredSlot=0;newWins=true
2026-07-30T10:15:00.000+01:00,DIAG-CLOSE;USDCAD;s=2;prev=2;c=3;firstObs=false;slotOn=true;inWindow=true;time_close=07-30 10:18
2026-07-30T10:15:00.000+01:00,DIAG-DEDUP;USDCAD;s=2;wOpened=07-30 08:39;nd=1;bestStored=07-30 08:36;bestStoredSlot=1;newWins=false
2026-07-30T10:15:00.000+01:00,DIAG-CLOSE;USDCAD;s=3;prev=4;c=5;firstObs=false;slotOn=true;inWindow=true;time_close=07-30 10:18
2026-07-30T10:15:00.000+01:00,DIAG-DEDUP;USDCAD;s=3;wOpened=07-30 08:39;nd=1;bestStored=07-30 08:36;bestStoredSlot=1;newWins=false
2026-07-30T10:15:00.000+01:00,DIAG-CLOSE;USDCAD;s=4;prev=1;c=2;firstObs=false;slotOn=true;inWindow=true;time_close=07-30 10:18
2026-07-30T10:15:00.000+01:00,DIAG-DEDUP;USDCAD;s=4;wOpened=07-30 09:33;nd=1;bestStored=07-30 08:36;bestStoredSlot=1;newWins=false
2026-07-30T10:15:00.000+01:00,DIAG-CLOSE;USDCAD;s=5;prev=3;c=4;firstObs=false;slotOn=true;inWindow=true;time_close=07-30 10:18
2026-07-30T10:15:00.000+01:00,DIAG-DEDUP;USDCAD;s=5;wOpened=07-30 09:33;nd=1;bestStored=07-30 08:36;bestStoredSlot=1;newWins=false
2026-07-30T10:15:00.000+01:00,DIAG-CLOSE;USDCAD;s=6;prev=1;c=2;firstObs=false;slotOn=true;inWindow=true;time_close=07-30 10:18
2026-07-30T10:15:00.000+01:00,DIAG-DEDUP;USDCAD;s=6;wOpened=07-30 09:36;nd=1;bestStored=07-30 08:36;bestStoredSlot=1;newWins=false
2026-07-30T10:15:00.000+01:00,DIAG-CLOSE;USDCAD;s=7;prev=0;c=1;firstObs=false;slotOn=true;inWindow=true;time_close=07-30 10:18
2026-07-30T10:15:00.000+01:00,DIAG-DEDUP;USDCAD;s=7;wOpened=07-30 09:36;nd=1;bestStored=07-30 08:36;bestStoredSlot=1;newWins=false
2026-07-30T10:21:00.000+01:00,DIAG-CLOSE;EURAUD;s=0;prev=8;c=9;firstObs=false;slotOn=true;inWindow=true;time_close=07-30 10:24
2026-07-30T10:21:00.000+01:00,DIAG-DEDUP;EURAUD;s=0;wOpened=07-30 10:18;nd=0;bestStored=none;bestStoredSlot=-1;newWins=true
2026-07-30T10:21:00.000+01:00,DIAG-CLOSE;EURAUD;s=1;prev=6;c=7;firstObs=false;slotOn=true;inWindow=true;time_close=07-30 10:24
2026-07-30T10:21:00.000+01:00,DIAG-DEDUP;EURAUD;s=1;wOpened=07-30 10:18;nd=1;bestStored=07-30 10:18;bestStoredSlot=0;newWins=true
2026-07-30T10:24:00.000+01:00,DIAG-CLOSE;CADJPY;s=0;prev=9;c=10;firstObs=false;slotOn=true;inWindow=true;time_close=07-30 10:27
2026-07-30T10:24:00.000+01:00,DIAG-DEDUP;CADJPY;s=0;wOpened=07-30 09:15;nd=0;bestStored=none;bestStoredSlot=-1;newWins=true
2026-07-30T10:24:00.000+01:00,DIAG-CLOSE;CADJPY;s=1;prev=6;c=7;firstObs=false;slotOn=true;inWindow=true;time_close=07-30 10:27
2026-07-30T10:24:00.000+01:00,DIAG-DEDUP;CADJPY;s=1;wOpened=07-30 08:00;nd=1;bestStored=07-30 09:15;bestStoredSlot=0;newWins=true
2026-07-30T10:24:00.000+01:00,DIAG-CLOSE;CADJPY;s=2;prev=4;c=5;firstObs=false;slotOn=true;inWindow=true;time_close=07-30 10:27
2026-07-30T10:24:00.000+01:00,DIAG-DEDUP;CADJPY;s=2;wOpened=07-30 09:18;nd=1;bestStored=07-30 08:00;bestStoredSlot=1;newWins=false
2026-07-30T10:24:00.000+01:00,DIAG-CLOSE;CADJPY;s=3;prev=3;c=4;firstObs=false;slotOn=true;inWindow=true;time_close=07-30 10:27
2026-07-30T10:24:00.000+01:00,DIAG-DEDUP;CADJPY;s=3;wOpened=07-30 09:18;nd=1;bestStored=07-30 08:00;bestStoredSlot=1;newWins=false
2026-07-30T10:24:00.000+01:00,DIAG-CLOSE;CADJPY;s=5;prev=2;c=3;firstObs=false;slotOn=true;inWindow=true;time_close=07-30 10:27
2026-07-30T10:24:00.000+01:00,DIAG-DEDUP;CADJPY;s=5;wOpened=07-30 09:18;nd=1;bestStored=07-30 08:00;bestStoredSlot=1;newWins=false
2026-07-30T10:39:00.000+01:00,DIAG-CLOSE;AUDCHF;s=1;prev=6;c=7;firstObs=false;slotOn=true;inWindow=true;time_close=07-30 10:42
2026-07-30T10:39:00.000+01:00,DIAG-DEDUP;AUDCHF;s=1;wOpened=07-30 09:21;nd=1;bestStored=07-30 09:21;bestStoredSlot=0;newWins=true
2026-07-30T10:39:00.000+01:00,DIAG-CLOSE;AUDCHF;s=3;prev=4;c=5;firstObs=false;slotOn=true;inWindow=true;time_close=07-30 10:42
2026-07-30T10:39:00.000+01:00,DIAG-DEDUP;AUDCHF;s=3;wOpened=07-30 10:15;nd=1;bestStored=07-30 09:21;bestStoredSlot=1;newWins=false
2026-07-30T10:42:00.000+01:00,DIAG-CLOSE;GBPAUD;s=1;prev=3;c=4;firstObs=false;slotOn=true;inWindow=true;time_close=07-30 10:45
2026-07-30T10:42:00.000+01:00,DIAG-DEDUP;GBPAUD;s=1;wOpened=07-30 09:18;nd=0;bestStored=none;bestStoredSlot=-1;newWins=true
2026-07-30T10:42:00.000+01:00,DIAG-CLOSE;GBPAUD;s=3;prev=4;c=5;firstObs=false;slotOn=true;inWindow=true;time_close=07-30 10:45
2026-07-30T10:42:00.000+01:00,DIAG-DEDUP;GBPAUD;s=3;wOpened=07-30 08:18;nd=1;bestStored=07-30 09:18;bestStoredSlot=1;newWins=true
2026-07-30T12:36:00.000+01:00,DIAG-CLOSE;AUDCAD;s=1;prev=6;c=7;firstObs=false;slotOn=true;inWindow=true;time_close=07-30 12:39
2026-07-30T12:36:00.000+01:00,DIAG-DEDUP;AUDCAD;s=1;wOpened=07-30 10:30;nd=0;bestStored=none;bestStoredSlot=-1;newWins=true
2026-07-30T12:36:00.000+01:00,DIAG-CLOSE;AUDCAD;s=2;prev=5;c=6;firstObs=false;slotOn=true;inWindow=true;time_close=07-30 12:39
2026-07-30T12:36:00.000+01:00,DIAG-DEDUP;AUDCAD;s=2;wOpened=07-30 10:00;nd=1;bestStored=07-30 10:30;bestStoredSlot=1;newWins=true
2026-07-30T12:36:00.000+01:00,DIAG-CLOSE;AUDCAD;s=4;prev=4;c=5;firstObs=false;slotOn=true;inWindow=true;time_close=07-30 12:39
2026-07-30T12:36:00.000+01:00,DIAG-DEDUP;AUDCAD;s=4;wOpened=07-30 10:30;nd=1;bestStored=07-30 10:00;bestStoredSlot=2;newWins=false
2026-07-30T12:36:00.000+01:00,DIAG-CLOSE;AUDCAD;s=5;prev=2;c=3;firstObs=false;slotOn=true;inWindow=true;time_close=07-30 12:39
2026-07-30T12:36:00.000+01:00,DIAG-DEDUP;AUDCAD;s=5;wOpened=07-30 12:30;nd=1;bestStored=07-30 10:00;bestStoredSlot=2;newWins=false
2026-07-30T12:36:00.000+01:00,DIAG-CLOSE;AUDCAD;s=6;prev=1;c=2;firstObs=false;slotOn=true;inWindow=true;time_close=07-30 12:39
2026-07-30T12:36:00.000+01:00,DIAG-DEDUP;AUDCAD;s=6;wOpened=07-30 12:33;nd=1;bestStored=07-30 10:00;bestStoredSlot=2;newWins=false
2026-07-30T12:36:00.000+01:00,DIAG-CLOSE;AUDCAD;s=7;prev=1;c=2;firstObs=false;slotOn=true;inWindow=true;time_close=07-30 12:39
2026-07-30T12:36:00.000+01:00,DIAG-DEDUP;AUDCAD;s=7;wOpened=07-30 12:33;nd=1;bestStored=07-30 10:00;bestStoredSlot=2;newWins=false
2026-07-30T13:03:00.000+01:00,DIAG-CLOSE;AUDCAD;s=0;prev=6;c=7;firstObs=false;slotOn=true;inWindow=true;time_close=07-30 13:06
2026-07-30T13:03:00.000+01:00,DIAG-DEDUP;AUDCAD;s=0;wOpened=07-30 09:42;nd=1;bestStored=07-30 10:00;bestStoredSlot=2;newWins=true
2026-07-30T13:03:00.000+01:00,DIAG-CLOSE;AUDCAD;s=3;prev=4;c=5;firstObs=false;slotOn=true;inWindow=true;time_close=07-30 13:06
2026-07-30T13:03:00.000+01:00,DIAG-DEDUP;AUDCAD;s=3;wOpened=07-30 10:00;nd=1;bestStored=07-30 09:42;bestStoredSlot=0;newWins=false
2026-07-30T13:12:00.000+01:00,DIAG-CLOSE;USDCHF;s=0;prev=6;c=7;firstObs=false;slotOn=true;inWindow=true;time_close=07-30 13:15
2026-07-30T13:12:00.000+01:00,DIAG-DEDUP;USDCHF;s=0;wOpened=07-30 13:09;nd=0;bestStored=none;bestStoredSlot=-1;newWins=true
2026-07-30T13:12:00.000+01:00,DIAG-CLOSE;USDCHF;s=1;prev=5;c=6;firstObs=false;slotOn=true;inWindow=true;time_close=07-30 13:15
2026-07-30T13:12:00.000+01:00,DIAG-DEDUP;USDCHF;s=1;wOpened=07-30 12:48;nd=1;bestStored=07-30 13:09;bestStoredSlot=0;newWins=true
2026-07-30T13:12:00.000+01:00,DIAG-CLOSE;USDCHF;s=5;prev=1;c=2;firstObs=false;slotOn=true;inWindow=true;time_close=07-30 13:15
2026-07-30T13:12:00.000+01:00,DIAG-DEDUP;USDCHF;s=5;wOpened=07-30 12:48;nd=1;bestStored=07-30 12:48;bestStoredSlot=1;newWins=true
2026-07-30T13:12:00.000+01:00,DIAG-CLOSE;USDCHF;s=7;prev=1;c=2;firstObs=false;slotOn=true;inWindow=true;time_close=07-30 13:15
2026-07-30T13:12:00.000+01:00,DIAG-DEDUP;USDCHF;s=7;wOpened=07-30 13:09;nd=1;bestStored=07-30 12:48;bestStoredSlot=5;newWins=false
2026-07-30T13:18:00.000+01:00,DIAG-CLOSE;AUDCHF;s=0;prev=6;c=7;firstObs=false;slotOn=true;inWindow=true;time_close=07-30 13:21
2026-07-30T13:18:00.000+01:00,DIAG-DEDUP;AUDCHF;s=0;wOpened=07-30 12:45;nd=0;bestStored=none;bestStoredSlot=-1;newWins=true
2026-07-30T13:18:00.000+01:00,DIAG-CLOSE;AUDCHF;s=1;prev=7;c=8;firstObs=false;slotOn=true;inWindow=true;time_close=07-30 13:21
2026-07-30T13:18:00.000+01:00,DIAG-DEDUP;AUDCHF;s=1;wOpened=07-30 12:45;nd=1;bestStored=07-30 12:45;bestStoredSlot=0;newWins=true
2026-07-30T13:27:00.000+01:00,DIAG-CLOSE;GBPCHF;s=0;prev=6;c=7;firstObs=false;slotOn=true;inWindow=true;time_close=07-30 13:30
2026-07-30T13:27:00.000+01:00,DIAG-DEDUP;GBPCHF;s=0;wOpened=07-30 13:24;nd=0;bestStored=none;bestStoredSlot=-1;newWins=true
2026-07-30T13:27:00.000+01:00,DIAG-CLOSE;CADCHF;s=0;prev=6;c=7;firstObs=false;slotOn=true;inWindow=true;time_close=07-30 13:30
2026-07-30T13:27:00.000+01:00,DIAG-DEDUP;CADCHF;s=0;wOpened=07-30 12:45;nd=0;bestStored=none;bestStoredSlot=-1;newWins=true
2026-07-30T13:27:00.000+01:00,DIAG-CLOSE;CADCHF;s=3;prev=5;c=6;firstObs=false;slotOn=true;inWindow=true;time_close=07-30 13:30
2026-07-30T13:27:00.000+01:00,DIAG-DEDUP;CADCHF;s=3;wOpened=07-30 13:18;nd=1;bestStored=07-30 12:45;bestStoredSlot=0;newWins=false
2026-07-30T13:57:00.000+01:00,DIAG-CLOSE;EURCAD;s=0;prev=7;c=8;firstObs=false;slotOn=true;inWindow=true;time_close=07-30 14:00
2026-07-30T13:57:00.000+01:00,DIAG-DEDUP;EURCAD;s=0;wOpened=07-30 12:42;nd=0;bestStored=none;bestStoredSlot=-1;newWins=true
2026-07-30T13:57:00.000+01:00,DIAG-CLOSE;EURCAD;s=2;prev=2;c=3;firstObs=false;slotOn=true;inWindow=true;time_close=07-30 14:00
2026-07-30T13:57:00.000+01:00,DIAG-DEDUP;EURCAD;s=2;wOpened=07-30 13:12;nd=1;bestStored=07-30 12:42;bestStoredSlot=0;newWins=false
2026-07-30T13:57:00.000+01:00,DIAG-CLOSE;EURCAD;s=3;prev=4;c=5;firstObs=false;slotOn=true;inWindow=true;time_close=07-30 14:00
2026-07-30T13:57:00.000+01:00,DIAG-DEDUP;EURCAD;s=3;wOpened=07-30 12:42;nd=1;bestStored=07-30 12:42;bestStoredSlot=0;newWins=true
2026-07-30T13:57:00.000+01:00,DIAG-CLOSE;EURCAD;s=4;prev=1;c=2;firstObs=false;slotOn=true;inWindow=true;time_close=07-30 14:00
2026-07-30T13:57:00.000+01:00,DIAG-DEDUP;EURCAD;s=4;wOpened=07-30 13:15;nd=1;bestStored=07-30 12:42;bestStoredSlot=3;newWins=false
2026-07-30T14:00:00.000+01:00,DIAG-CLOSE;CADJPY;s=2;prev=5;c=6;firstObs=false;slotOn=true;inWindow=true;time_close=07-30 14:03
2026-07-30T14:00:00.000+01:00,DIAG-DEDUP;CADJPY;s=2;wOpened=07-30 13:57;nd=0;bestStored=none;bestStoredSlot=-1;newWins=true
2026-07-30T14:12:00.000+01:00,DIAG-CLOSE;EURGBP;s=0;prev=11;c=12;firstObs=false;slotOn=true;inWindow=true;time_close=07-30 14:15
2026-07-30T14:12:00.000+01:00,DIAG-DEDUP;EURGBP;s=0;wOpened=07-30 12:33;nd=0;bestStored=none;bestStoredSlot=-1;newWins=true
2026-07-30T14:12:00.000+01:00,DIAG-CLOSE;EURGBP;s=1;prev=6;c=7;firstObs=false;slotOn=true;inWindow=true;time_close=07-30 14:15
2026-07-30T14:12:00.000+01:00,DIAG-DEDUP;EURGBP;s=1;wOpened=07-30 12:33;nd=1;bestStored=07-30 12:33;bestStoredSlot=0;newWins=true
2026-07-30T14:12:00.000+01:00,DIAG-CLOSE;EURGBP;s=2;prev=4;c=5;firstObs=false;slotOn=true;inWindow=true;time_close=07-30 14:15
2026-07-30T14:12:00.000+01:00,DIAG-DEDUP;EURGBP;s=2;wOpened=07-30 14:09;nd=1;bestStored=07-30 12:33;bestStoredSlot=1;newWins=false
2026-07-30T14:12:00.000+01:00,DIAG-CLOSE;EURGBP;s=3;prev=4;c=5;firstObs=false;slotOn=true;inWindow=true;time_close=07-30 14:15
2026-07-30T14:12:00.000+01:00,DIAG-DEDUP;EURGBP;s=3;wOpened=07-30 14:03;nd=1;bestStored=07-30 12:33;bestStoredSlot=1;newWins=false
2026-07-30T14:12:00.000+01:00,DIAG-CLOSE;EURGBP;s=4;prev=4;c=5;firstObs=false;slotOn=true;inWindow=true;time_close=07-30 14:15
2026-07-30T14:12:00.000+01:00,DIAG-DEDUP;EURGBP;s=4;wOpened=07-30 14:09;nd=1;bestStored=07-30 12:33;bestStoredSlot=1;newWins=false
2026-07-30T14:21:00.000+01:00,DIAG-CLOSE;GBPCHF;s=1;prev=5;c=6;firstObs=false;slotOn=true;inWindow=true;time_close=07-30 14:24
2026-07-30T14:21:00.000+01:00,DIAG-DEDUP;GBPCHF;s=1;wOpened=07-30 13:24;nd=1;bestStored=07-30 13:24;bestStoredSlot=0;newWins=true
2026-07-30T14:30:00.000+01:00,DIAG-CLOSE;USDJPY;s=0;prev=7;c=8;firstObs=false;slotOn=true;inWindow=true;time_close=07-30 14:33
2026-07-30T14:30:00.000+01:00,DIAG-DEDUP;USDJPY;s=0;wOpened=07-30 13:48;nd=0;bestStored=none;bestStoredSlot=-1;newWins=true
2026-07-30T14:30:00.000+01:00,DIAG-CLOSE;USDJPY;s=1;prev=6;c=7;firstObs=false;slotOn=true;inWindow=true;time_close=07-30 14:33
2026-07-30T14:30:00.000+01:00,DIAG-DEDUP;USDJPY;s=1;wOpened=07-30 13:48;nd=1;bestStored=07-30 13:48;bestStoredSlot=0;newWins=true
2026-07-30T14:33:00.000+01:00,DIAG-CLOSE;USDCHF;s=0;prev=7;c=8;firstObs=false;slotOn=true;inWindow=true;time_close=07-30 14:36
2026-07-30T14:33:00.000+01:00,DIAG-DEDUP;USDCHF;s=0;wOpened=07-30 13:30;nd=0;bestStored=none;bestStoredSlot=-1;newWins=true
2026-07-30T14:33:00.000+01:00,DIAG-CLOSE;USDCHF;s=1;prev=6;c=7;firstObs=false;slotOn=true;inWindow=true;time_close=07-30 14:36
2026-07-30T14:33:00.000+01:00,DIAG-DEDUP;USDCHF;s=1;wOpened=07-30 14:30;nd=1;bestStored=07-30 13:30;bestStoredSlot=0;newWins=false
2026-07-30T14:33:00.000+01:00,DIAG-CLOSE;USDCHF;s=3;prev=3;c=4;firstObs=false;slotOn=true;inWindow=true;time_close=07-30 14:36
2026-07-30T14:33:00.000+01:00,DIAG-DEDUP;USDCHF;s=3;wOpened=07-30 14:30;nd=1;bestStored=07-30 13:30;bestStoredSlot=0;newWins=false
2026-07-30T14:42:00.000+01:00,DIAG-CLOSE;CHFJPY;s=0;prev=7;c=8;firstObs=false;slotOn=true;inWindow=true;time_close=07-30 14:45
2026-07-30T14:42:00.000+01:00,DIAG-DEDUP;CHFJPY;s=0;wOpened=07-30 13:30;nd=0;bestStored=none;bestStoredSlot=-1;newWins=true
2026-07-30T14:42:00.000+01:00,DIAG-CLOSE;CHFJPY;s=1;prev=4;c=5;firstObs=false;slotOn=true;inWindow=true;time_close=07-30 14:45
2026-07-30T14:42:00.000+01:00,DIAG-DEDUP;CHFJPY;s=1;wOpened=07-30 13:51;nd=1;bestStored=07-30 13:30;bestStoredSlot=0;newWins=false
2026-07-30T14:42:00.000+01:00,DIAG-CLOSE;CHFJPY;s=2;prev=1;c=2;firstObs=false;slotOn=true;inWindow=true;time_close=07-30 14:45
2026-07-30T14:42:00.000+01:00,DIAG-DEDUP;CHFJPY;s=2;wOpened=07-30 13:54;nd=1;bestStored=07-30 13:30;bestStoredSlot=0;newWins=false
2026-07-30T14:42:00.000+01:00,DIAG-CLOSE;CHFJPY;s=3;prev=1;c=2;firstObs=false;slotOn=true;inWindow=true;time_close=07-30 14:45
2026-07-30T14:42:00.000+01:00,DIAG-DEDUP;CHFJPY;s=3;wOpened=07-30 13:51;nd=1;bestStored=07-30 13:30;bestStoredSlot=0;newWins=false
2026-07-30T14:42:00.000+01:00,DIAG-CLOSE;CHFJPY;s=4;prev=1;c=2;firstObs=false;slotOn=true;inWindow=true;time_close=07-30 14:45
2026-07-30T14:42:00.000+01:00,DIAG-DEDUP;CHFJPY;s=4;wOpened=07-30 13:54;nd=1;bestStored=07-30 13:30;bestStoredSlot=0;newWins=false
2026-07-30T14:42:00.000+01:00,DIAG-CLOSE;CHFJPY;s=5;prev=0;c=1;firstObs=false;slotOn=true;inWindow=true;time_close=07-30 14:45
2026-07-30T14:42:00.000+01:00,DIAG-DEDUP;CHFJPY;s=5;wOpened=07-30 14:00;nd=1;bestStored=07-30 13:30;bestStoredSlot=0;newWins=false
2026-07-30T14:42:00.000+01:00,DIAG-CLOSE;CHFJPY;s=6;prev=0;c=1;firstObs=false;slotOn=true;inWindow=true;time_close=07-30 14:45
2026-07-30T14:42:00.000+01:00,DIAG-DEDUP;CHFJPY;s=6;wOpened=07-30 14:21;nd=1;bestStored=07-30 13:30;bestStoredSlot=0;newWins=false
2026-07-30T14:42:00.000+01:00,DIAG-CLOSE;CHFJPY;s=7;prev=0;c=1;firstObs=false;slotOn=true;inWindow=true;time_close=07-30 14:45
2026-07-30T14:42:00.000+01:00,DIAG-DEDUP;CHFJPY;s=7;wOpened=07-30 14:21;nd=1;bestStored=07-30 13:30;bestStoredSlot=0;newWins=false
2026-07-30T14:42:00.000+01:00,DIAG-CLOSE;CADJPY;s=0;prev=10;c=11;firstObs=false;slotOn=true;inWindow=true;time_close=07-30 14:45
2026-07-30T14:42:00.000+01:00,DIAG-DEDUP;CADJPY;s=0;wOpened=07-30 13:54;nd=1;bestStored=07-30 13:57;bestStoredSlot=2;newWins=true
2026-07-30T14:51:00.000+01:00,DIAG-CLOSE;GBPUSD;s=1;prev=7;c=8;firstObs=false;slotOn=true;inWindow=true;time_close=07-30 14:54
2026-07-30T14:51:00.000+01:00,DIAG-DEDUP;GBPUSD;s=1;wOpened=07-30 14:48;nd=0;bestStored=none;bestStoredSlot=-1;newWins=true
2026-07-30T14:51:00.000+01:00,DIAG-CLOSE;EURCHF;s=1;prev=6;c=7;firstObs=false;slotOn=true;inWindow=true;time_close=07-30 14:54
2026-07-30T14:51:00.000+01:00,DIAG-DEDUP;EURCHF;s=1;wOpened=07-30 14:33;nd=0;bestStored=none;bestStoredSlot=-1;newWins=true
2026-07-30T14:51:00.000+01:00,DIAG-CLOSE;GBPCAD;s=1;prev=4;c=5;firstObs=false;slotOn=true;inWindow=true;time_close=07-30 14:54
2026-07-30T14:51:00.000+01:00,DIAG-DEDUP;GBPCAD;s=1;wOpened=07-30 13:15;nd=0;bestStored=none;bestStoredSlot=-1;newWins=true
2026-07-30T14:57:00.000+01:00,DIAG-CLOSE;EURCAD;s=1;prev=6;c=7;firstObs=false;slotOn=true;inWindow=true;time_close=07-30 15:00
2026-07-30T14:57:00.000+01:00,DIAG-DEDUP;EURCAD;s=1;wOpened=07-30 13:12;nd=1;bestStored=07-30 12:42;bestStoredSlot=3;newWins=false
2026-07-30T14:57:00.000+01:00,DIAG-CLOSE;EURCAD;s=5;prev=2;c=3;firstObs=false;slotOn=true;inWindow=true;time_close=07-30 15:00
2026-07-30T14:57:00.000+01:00,DIAG-DEDUP;EURCAD;s=5;wOpened=07-30 14:03;nd=0;bestStored=none;bestStoredSlot=-1;newWins=true
2026-07-30T16:24:00.000+01:00,DIAG-CLOSE;EURCHF;s=1;prev=7;c=8;firstObs=false;slotOn=true;inWindow=true;time_close=07-30 16:27
2026-07-30T16:24:00.000+01:00,DIAG-DEDUP;EURCHF;s=1;wOpened=07-30 16:12;nd=0;bestStored=none;bestStoredSlot=-1;newWins=true
2026-07-30T16:45:00.000+01:00,DIAG-CLOSE;CADCHF;s=1;prev=7;c=8;firstObs=false;slotOn=true;inWindow=true;time_close=07-30 16:48
2026-07-30T16:45:00.000+01:00,DIAG-DEDUP;CADCHF;s=1;wOpened=07-30 16:30;nd=0;bestStored=none;bestStoredSlot=-1;newWins=true
2026-07-30T16:54:00.000+01:00,DIAG-CLOSE;EURCHF;s=0;prev=10;c=11;firstObs=false;slotOn=true;inWindow=true;time_close=07-30 16:57
2026-07-30T16:54:00.000+01:00,DIAG-DEDUP;EURCHF;s=0;wOpened=07-30 16:15;nd=1;bestStored=07-30 16:12;bestStoredSlot=1;newWins=false
2026-07-30T16:54:00.000+01:00,DIAG-CLOSE;AUDCAD;s=0;prev=7;c=8;firstObs=false;slotOn=true;inWindow=true;time_close=07-30 16:57
2026-07-30T16:54:00.000+01:00,DIAG-DEDUP;AUDCAD;s=0;wOpened=07-30 16:15;nd=0;bestStored=none;bestStoredSlot=-1;newWins=true
2026-07-30T16:54:00.000+01:00,DIAG-CLOSE;AUDCAD;s=1;prev=7;c=8;firstObs=false;slotOn=true;inWindow=true;time_close=07-30 16:57
2026-07-30T16:54:00.000+01:00,DIAG-DEDUP;AUDCAD;s=1;wOpened=07-30 16:18;nd=1;bestStored=07-30 16:15;bestStoredSlot=0;newWins=false
2026-07-30T16:54:00.000+01:00,DIAG-CLOSE;AUDCAD;s=2;prev=6;c=7;firstObs=false;slotOn=true;inWindow=true;time_close=07-30 16:57
2026-07-30T16:54:00.000+01:00,DIAG-DEDUP;AUDCAD;s=2;wOpened=07-30 16:51;nd=1;bestStored=07-30 16:15;bestStoredSlot=0;newWins=false
2026-07-30T16:54:00.000+01:00,DIAG-CLOSE;AUDCAD;s=3;prev=5;c=6;firstObs=false;slotOn=true;inWindow=true;time_close=07-30 16:57
2026-07-30T16:54:00.000+01:00,DIAG-DEDUP;AUDCAD;s=3;wOpened=07-30 16:18;nd=1;bestStored=07-30 16:15;bestStoredSlot=0;newWins=false
2026-07-30T16:54:00.000+01:00,DIAG-CLOSE;AUDCAD;s=4;prev=5;c=6;firstObs=false;slotOn=true;inWindow=true;time_close=07-30 16:57
2026-07-30T16:54:00.000+01:00,DIAG-DEDUP;AUDCAD;s=4;wOpened=07-30 16:51;nd=1;bestStored=07-30 16:15;bestStoredSlot=0;newWins=false
2026-07-30T16:54:00.000+01:00,DIAG-CLOSE;AUDCAD;s=5;prev=3;c=4;firstObs=false;slotOn=true;inWindow=true;time_close=07-30 16:57
2026-07-30T16:54:00.000+01:00,DIAG-DEDUP;AUDCAD;s=5;wOpened=07-30 16:51;nd=1;bestStored=07-30 16:15;bestStoredSlot=0;newWins=false
2026-07-30T17:00:00.000+01:00,DIAG-CLOSE;EURAUD;s=1;prev=7;c=8;firstObs=false;slotOn=true;inWindow=true;time_close=07-30 17:03
2026-07-30T17:00:00.000+01:00,DIAG-DEDUP;EURAUD;s=1;wOpened=07-30 15:03;nd=0;bestStored=none;bestStoredSlot=-1;newWins=true
2026-07-30T18:00:00.000+01:00,DIAG-CLOSE;EURCAD;s=0;prev=8;c=9;firstObs=false;slotOn=true;inWindow=true;time_close=07-30 18:03
2026-07-30T18:00:00.000+01:00,DIAG-DEDUP;EURCAD;s=0;wOpened=07-30 17:36;nd=0;bestStored=none;bestStoredSlot=-1;newWins=true
2026-07-30T18:00:00.000+01:00,DIAG-CLOSE;EURCAD;s=1;prev=7;c=8;firstObs=false;slotOn=true;inWindow=true;time_close=07-30 18:03
2026-07-30T18:00:00.000+01:00,DIAG-DEDUP;EURCAD;s=1;wOpened=07-30 17:33;nd=1;bestStored=07-30 17:36;bestStoredSlot=0;newWins=true
2026-07-30T18:00:00.000+01:00,DIAG-CLOSE;CADCHF;s=0;prev=7;c=8;firstObs=false;slotOn=true;inWindow=true;time_close=07-30 18:03
2026-07-30T18:00:00.000+01:00,DIAG-DEDUP;CADCHF;s=0;wOpened=07-30 17:57;nd=0;bestStored=none;bestStoredSlot=-1;newWins=true
2026-07-30T18:48:00.000+01:00,DIAG-CLOSE;GBPCHF;s=1;prev=6;c=7;firstObs=false;slotOn=true;inWindow=true;time_close=07-30 18:51
2026-07-30T18:48:00.000+01:00,DIAG-DEDUP;GBPCHF;s=1;wOpened=07-30 18:36;nd=0;bestStored=none;bestStoredSlot=-1;newWins=true
2026-07-30T18:51:00.000+01:00,DIAG-CLOSE;CADCHF;s=1;prev=8;c=9;firstObs=false;slotOn=true;inWindow=true;time_close=07-30 18:54
2026-07-30T18:51:00.000+01:00,DIAG-DEDUP;CADCHF;s=1;wOpened=07-30 18:21;nd=0;bestStored=none;bestStoredSlot=-1;newWins=true
2026-07-30T21:33:00.000+01:00,DIAG-CLOSE;AUDUSD;s=0;prev=9;c=10;firstObs=false;slotOn=true;inWindow=true;time_close=07-30 21:36
2026-07-30T21:33:00.000+01:00,DIAG-DEDUP;AUDUSD;s=0;wOpened=07-30 19:06;nd=0;bestStored=none;bestStoredSlot=-1;newWins=true
2026-07-30T21:33:00.000+01:00,DIAG-CLOSE;AUDUSD;s=2;prev=4;c=5;firstObs=false;slotOn=true;inWindow=true;time_close=07-30 21:36
2026-07-30T21:33:00.000+01:00,DIAG-DEDUP;AUDUSD;s=2;wOpened=07-30 19:18;nd=1;bestStored=07-30 19:06;bestStoredSlot=0;newWins=false
2026-07-30T21:33:00.000+01:00,DIAG-CLOSE;AUDUSD;s=3;prev=6;c=7;firstObs=false;slotOn=true;inWindow=true;time_close=07-30 21:36
2026-07-30T21:33:00.000+01:00,DIAG-DEDUP;AUDUSD;s=3;wOpened=07-30 19:18;nd=1;bestStored=07-30 19:06;bestStoredSlot=0;newWins=false
2026-07-30T21:33:00.000+01:00,DIAG-CLOSE;AUDUSD;s=4;prev=1;c=2;firstObs=false;slotOn=true;inWindow=true;time_close=07-30 21:36
2026-07-30T21:33:00.000+01:00,DIAG-DEDUP;AUDUSD;s=4;wOpened=07-30 20:12;nd=1;bestStored=07-30 19:06;bestStoredSlot=0;newWins=false
2026-07-30T21:36:00.000+01:00,DIAG-CLOSE;USDCAD;s=3;prev=5;c=6;firstObs=false;slotOn=true;inWindow=true;time_close=07-30 21:39
2026-07-30T21:36:00.000+01:00,DIAG-DEDUP;USDCAD;s=3;wOpened=07-30 18:09;nd=0;bestStored=none;bestStoredSlot=-1;newWins=true
2026-07-30T21:51:00.000+01:00,DIAG-CLOSE;USDCAD;s=0;prev=10;c=11;firstObs=false;slotOn=true;inWindow=true;time_close=07-30 21:54
2026-07-30T21:51:00.000+01:00,DIAG-DEDUP;USDCAD;s=0;wOpened=07-30 18:09;nd=1;bestStored=07-30 18:09;bestStoredSlot=3;newWins=false
2026-07-30T21:51:00.000+01:00,DIAG-CLOSE;USDCAD;s=1;prev=11;c=12;firstObs=false;slotOn=true;inWindow=true;time_close=07-30 21:54
2026-07-30T21:51:00.000+01:00,DIAG-DEDUP;USDCAD;s=1;wOpened=07-30 19:03;nd=1;bestStored=07-30 18:09;bestStoredSlot=3;newWins=false
2026-07-30T21:51:00.000+01:00,DIAG-CLOSE;USDCAD;s=2;prev=3;c=4;firstObs=false;slotOn=true;inWindow=true;time_close=07-30 21:54
2026-07-30T21:51:00.000+01:00,DIAG-DEDUP;USDCAD;s=2;wOpened=07-30 21:48;nd=0;bestStored=none;bestStoredSlot=-1;newWins=true
2026-07-30T21:51:00.000+01:00,DIAG-CLOSE;USDCAD;s=5;prev=4;c=5;firstObs=false;slotOn=true;inWindow=true;time_close=07-30 21:54
2026-07-30T21:51:00.000+01:00,DIAG-DEDUP;USDCAD;s=5;wOpened=07-30 21:48;nd=1;bestStored=07-30 21:48;bestStoredSlot=2;newWins=true
2026-07-30T22:24:00.000+01:00,DIAG-CLOSE;AUDUSD;s=0;prev=10;c=11;firstObs=false;slotOn=true;inWindow=true;time_close=07-30 22:27
2026-07-30T22:24:00.000+01:00,DIAG-DEDUP;AUDUSD;s=0;wOpened=07-30 22:15;nd=0;bestStored=none;bestStoredSlot=-1;newWins=true
2026-07-30T22:24:00.000+01:00,DIAG-CLOSE;AUDUSD;s=1;prev=7;c=8;firstObs=false;slotOn=true;inWindow=true;time_close=07-30 22:27
2026-07-30T22:24:00.000+01:00,DIAG-DEDUP;AUDUSD;s=1;wOpened=07-30 19:18;nd=2;bestStored=07-30 19:06;bestStoredSlot=0;newWins=false
2026-07-30T22:24:00.000+01:00,DIAG-CLOSE;AUDUSD;s=5;prev=0;c=1;firstObs=false;slotOn=true;inWindow=true;time_close=07-30 22:27
2026-07-30T22:24:00.000+01:00,DIAG-DEDUP;AUDUSD;s=5;wOpened=07-30 21:51;nd=0;bestStored=none;bestStoredSlot=-1;newWins=true
2026-07-30T22:24:00.000+01:00,DIAG-CLOSE;AUDUSD;s=6;prev=0;c=1;firstObs=false;slotOn=true;inWindow=true;time_close=07-30 22:27
2026-07-30T22:24:00.000+01:00,DIAG-DEDUP;AUDUSD;s=6;wOpened=07-30 21:54;nd=1;bestStored=07-30 21:51;bestStoredSlot=5;newWins=false
2026-07-30T22:24:00.000+01:00,DIAG-CLOSE;AUDUSD;s=7;prev=0;c=1;firstObs=false;slotOn=true;inWindow=true;time_close=07-30 22:27
2026-07-30T22:24:00.000+01:00,DIAG-DEDUP;AUDUSD;s=7;wOpened=07-30 21:54;nd=1;bestStored=07-30 21:51;bestStoredSlot=5;newWins=false
2026-07-30T22:51:00.000+01:00,DIAG-CLOSE;GBPJPY;s=0;prev=2;c=3;firstObs=false;slotOn=true;inWindow=true;time_close=07-30 22:54
2026-07-30T22:51:00.000+01:00,DIAG-DEDUP;GBPJPY;s=0;wOpened=07-30 22:27;nd=0;bestStored=none;bestStoredSlot=-1;newWins=true
2026-07-30T22:51:00.000+01:00,DIAG-CLOSE;GBPJPY;s=2;prev=0;c=1;firstObs=false;slotOn=true;inWindow=true;time_close=07-30 22:54
2026-07-30T22:51:00.000+01:00,DIAG-DEDUP;GBPJPY;s=2;wOpened=07-30 22:48;nd=1;bestStored=07-30 22:27;bestStoredSlot=0;newWins=false
2026-07-30T22:51:00.000+01:00,DIAG-CLOSE;CADJPY;s=0;prev=11;c=12;firstObs=false;slotOn=true;inWindow=true;time_close=07-30 22:54
2026-07-30T22:51:00.000+01:00,DIAG-DEDUP;CADJPY;s=0;wOpened=07-30 22:48;nd=0;bestStored=none;bestStoredSlot=-1;newWins=true
2026-07-30T22:51:00.000+01:00,DIAG-CLOSE;CADJPY;s=1;prev=7;c=8;firstObs=false;slotOn=true;inWindow=true;time_close=07-30 22:54
2026-07-30T22:51:00.000+01:00,DIAG-DEDUP;CADJPY;s=1;wOpened=07-30 22:48;nd=1;bestStored=07-30 22:48;bestStoredSlot=0;newWins=true
2026-07-30T23:00:00.000+01:00,DIAG-CLOSE;EURGBP;s=0;prev=12;c=13;firstObs=false;slotOn=true;inWindow=true;time_close=07-30 23:03
2026-07-30T23:00:00.000+01:00,DIAG-DEDUP;EURGBP;s=0;wOpened=07-30 20:18;nd=0;bestStored=none;bestStoredSlot=-1;newWins=true
2026-07-30T23:00:00.000+01:00,DIAG-CLOSE;EURGBP;s=1;prev=7;c=8;firstObs=false;slotOn=true;inWindow=true;time_close=07-30 23:03
2026-07-30T23:00:00.000+01:00,DIAG-DEDUP;EURGBP;s=1;wOpened=07-30 19:18;nd=1;bestStored=07-30 20:18;bestStoredSlot=0;newWins=true
2026-07-30T23:00:00.000+01:00,DIAG-CLOSE;EURGBP;s=3;prev=5;c=6;firstObs=false;slotOn=true;inWindow=true;time_close=07-30 23:03
2026-07-30T23:00:00.000+01:00,DIAG-DEDUP;EURGBP;s=3;wOpened=07-30 20:12;nd=1;bestStored=07-30 19:18;bestStoredSlot=1;newWins=false
2026-07-30T23:00:00.000+01:00,DIAG-CLOSE;EURGBP;s=5;prev=1;c=2;firstObs=false;slotOn=true;inWindow=true;time_close=07-30 23:03
2026-07-30T23:00:00.000+01:00,DIAG-DEDUP;EURGBP;s=5;wOpened=07-30 20:18;nd=1;bestStored=07-30 19:18;bestStoredSlot=1;newWins=false
2026-07-30T23:24:00.000+01:00,DIAG-CLOSE;EURJPY;s=0;prev=5;c=6;firstObs=false;slotOn=true;inWindow=true;time_close=07-30 23:27
2026-07-30T23:24:00.000+01:00,DIAG-DEDUP;EURJPY;s=0;wOpened=07-30 23:03;nd=0;bestStored=none;bestStoredSlot=-1;newWins=true
2026-07-31T00:45:00.000+01:00,DIAG-CLOSE;EURAUD;s=1;prev=8;c=9;firstObs=false;slotOn=true;inWindow=true;time_close=07-31 00:48
2026-07-31T00:45:00.000+01:00,DIAG-DEDUP;EURAUD;s=1;wOpened=07-30 21:42;nd=0;bestStored=none;bestStoredSlot=-1;newWins=true
2026-07-31T01:00:00.000+01:00,DIAG-CLOSE;USDCAD;s=0;prev=11;c=12;firstObs=false;slotOn=true;inWindow=true;time_close=07-31 01:03
2026-07-31T01:00:00.000+01:00,DIAG-DEDUP;USDCAD;s=0;wOpened=07-31 00:21;nd=0;bestStored=none;bestStoredSlot=-1;newWins=true
2026-07-31T01:00:00.000+01:00,DIAG-CLOSE;USDCAD;s=3;prev=6;c=7;firstObs=false;slotOn=true;inWindow=true;time_close=07-31 01:03
2026-07-31T01:00:00.000+01:00,DIAG-DEDUP;USDCAD;s=3;wOpened=07-31 00:42;nd=1;bestStored=07-31 00:21;bestStoredSlot=0;newWins=false
2026-07-31T01:42:00.000+01:00,DIAG-CLOSE;GBPAUD;s=0;prev=9;c=10;firstObs=false;slotOn=true;inWindow=true;time_close=07-31 01:45
2026-07-31T01:42:00.000+01:00,DIAG-DEDUP;GBPAUD;s=0;wOpened=07-31 01:24;nd=0;bestStored=none;bestStoredSlot=-1;newWins=true
2026-07-31T01:42:00.000+01:00,DIAG-CLOSE;GBPAUD;s=1;prev=4;c=5;firstObs=false;slotOn=true;inWindow=true;time_close=07-31 01:45
2026-07-31T01:42:00.000+01:00,DIAG-DEDUP;GBPAUD;s=1;wOpened=07-31 01:24;nd=1;bestStored=07-31 01:24;bestStoredSlot=0;newWins=true
2026-07-31T01:45:00.000+01:00,DIAG-CLOSE;GBPUSD;s=0;prev=5;c=6;firstObs=false;slotOn=true;inWindow=true;time_close=07-31 01:48
2026-07-31T01:45:00.000+01:00,DIAG-DEDUP;GBPUSD;s=0;wOpened=07-30 23:30;nd=0;bestStored=none;bestStoredSlot=-1;newWins=true
2026-07-31T01:45:00.000+01:00,DIAG-CLOSE;GBPUSD;s=3;prev=2;c=3;firstObs=false;slotOn=true;inWindow=true;time_close=07-31 01:48
2026-07-31T01:45:00.000+01:00,DIAG-DEDUP;GBPUSD;s=3;wOpened=07-31 00:21;nd=1;bestStored=07-30 23:30;bestStoredSlot=0;newWins=false
2026-07-31T02:54:00.000+01:00,DIAG-CLOSE;EURCAD;s=0;prev=9;c=10;firstObs=false;slotOn=true;inWindow=true;time_close=07-31 02:57
2026-07-31T02:54:00.000+01:00,DIAG-DEDUP;EURCAD;s=0;wOpened=07-31 01:51;nd=0;bestStored=none;bestStoredSlot=-1;newWins=true
2026-07-31T02:54:00.000+01:00,DIAG-CLOSE;EURCAD;s=1;prev=8;c=9;firstObs=false;slotOn=true;inWindow=true;time_close=07-31 02:57
2026-07-31T02:54:00.000+01:00,DIAG-DEDUP;EURCAD;s=1;wOpened=07-31 01:57;nd=1;bestStored=07-31 01:51;bestStoredSlot=0;newWins=false
2026-07-31T03:48:00.000+01:00,DIAG-CLOSE;USDCAD;s=0;prev=12;c=13;firstObs=false;slotOn=true;inWindow=true;time_close=07-31 03:51
2026-07-31T03:48:00.000+01:00,DIAG-DEDUP;USDCAD;s=0;wOpened=07-31 03:15;nd=0;bestStored=none;bestStoredSlot=-1;newWins=true
2026-07-31T03:48:00.000+01:00,DIAG-CLOSE;USDCAD;s=1;prev=12;c=13;firstObs=false;slotOn=true;inWindow=true;time_close=07-31 03:51
2026-07-31T03:48:00.000+01:00,DIAG-DEDUP;USDCAD;s=1;wOpened=07-31 00:21;nd=2;bestStored=07-31 00:21;bestStoredSlot=0;newWins=true
2026-07-31T03:48:00.000+01:00,DIAG-CLOSE;USDCAD;s=5;prev=5;c=6;firstObs=false;slotOn=true;inWindow=true;time_close=07-31 03:51
2026-07-31T03:48:00.000+01:00,DIAG-DEDUP;USDCAD;s=5;wOpened=07-31 01:09;nd=1;bestStored=07-31 00:21;bestStoredSlot=1;newWins=false
2026-07-31T03:48:00.000+01:00,DIAG-CLOSE;USDCAD;s=6;prev=2;c=3;firstObs=false;slotOn=true;inWindow=true;time_close=07-31 03:51
2026-07-31T03:48:00.000+01:00,DIAG-DEDUP;USDCAD;s=6;wOpened=07-31 03:06;nd=1;bestStored=07-31 00:21;bestStoredSlot=1;newWins=false
2026-07-31T03:48:00.000+01:00,DIAG-CLOSE;USDCAD;s=7;prev=1;c=2;firstObs=false;slotOn=true;inWindow=true;time_close=07-31 03:51
2026-07-31T03:48:00.000+01:00,DIAG-DEDUP;USDCAD;s=7;wOpened=07-31 03:06;nd=1;bestStored=07-31 00:21;bestStoredSlot=1;newWins=false
2026-07-31T03:54:00.000+01:00,DIAG-CLOSE;EURCHF;s=0;prev=11;c=12;firstObs=false;slotOn=true;inWindow=true;time_close=07-31 03:57
2026-07-31T03:54:00.000+01:00,DIAG-DEDUP;EURCHF;s=0;wOpened=07-31 01:36;nd=0;bestStored=none;bestStoredSlot=-1;newWins=true
2026-07-31T03:54:00.000+01:00,DIAG-CLOSE;EURCHF;s=1;prev=8;c=9;firstObs=false;slotOn=true;inWindow=true;time_close=07-31 03:57
2026-07-31T03:54:00.000+01:00,DIAG-DEDUP;EURCHF;s=1;wOpened=07-31 01:36;nd=1;bestStored=07-31 01:36;bestStoredSlot=0;newWins=true
2026-07-31T03:54:00.000+01:00,DIAG-CLOSE;EURCHF;s=2;prev=5;c=6;firstObs=false;slotOn=true;inWindow=true;time_close=07-31 03:57
2026-07-31T03:54:00.000+01:00,DIAG-DEDUP;EURCHF;s=2;wOpened=07-31 03:03;nd=1;bestStored=07-31 01:36;bestStoredSlot=1;newWins=false
2026-07-31T03:54:00.000+01:00,DIAG-CLOSE;EURCHF;s=3;prev=5;c=6;firstObs=false;slotOn=true;inWindow=true;time_close=07-31 03:57
2026-07-31T03:54:00.000+01:00,DIAG-DEDUP;EURCHF;s=3;wOpened=07-31 03:06;nd=1;bestStored=07-31 01:36;bestStoredSlot=1;newWins=false
2026-07-31T03:54:00.000+01:00,DIAG-CLOSE;EURCHF;s=4;prev=4;c=5;firstObs=false;slotOn=true;inWindow=true;time_close=07-31 03:57
2026-07-31T03:54:00.000+01:00,DIAG-DEDUP;EURCHF;s=4;wOpened=07-31 03:06;nd=1;bestStored=07-31 01:36;bestStoredSlot=1;newWins=false
2026-07-31T03:54:00.000+01:00,DIAG-CLOSE;AUDCHF;s=0;prev=7;c=8;firstObs=false;slotOn=true;inWindow=true;time_close=07-31 03:57
2026-07-31T03:54:00.000+01:00,DIAG-DEDUP;AUDCHF;s=0;wOpened=07-31 03:48;nd=0;bestStored=none;bestStoredSlot=-1;newWins=true
2026-07-31T04:27:00.000+01:00,DIAG-CLOSE;GBPJPY;s=1;prev=3;c=4;firstObs=false;slotOn=true;inWindow=true;time_close=07-31 04:30
2026-07-31T04:27:00.000+01:00,DIAG-DEDUP;GBPJPY;s=1;wOpened=07-31 03:03;nd=0;bestStored=none;bestStoredSlot=-1;newWins=true
2026-07-31T05:21:00.000+01:00,DIAG-CLOSE;EURGBP;s=0;prev=13;c=14;firstObs=false;slotOn=true;inWindow=true;time_close=07-31 05:24
2026-07-31T05:21:00.000+01:00,DIAG-DEDUP;EURGBP;s=0;wOpened=07-31 05:09;nd=0;bestStored=none;bestStoredSlot=-1;newWins=true
2026-07-31T05:24:00.000+01:00,DIAG-CLOSE;GBPCAD;s=1;prev=5;c=6;firstObs=false;slotOn=true;inWindow=true;time_close=07-31 05:27
2026-07-31T05:24:00.000+01:00,DIAG-DEDUP;GBPCAD;s=1;wOpened=07-31 03:33;nd=0;bestStored=none;bestStoredSlot=-1;newWins=true
2026-07-31T05:24:00.000+01:00,DIAG-CLOSE;GBPCAD;s=5;prev=1;c=2;firstObs=false;slotOn=true;inWindow=true;time_close=07-31 05:27
2026-07-31T05:24:00.000+01:00,DIAG-DEDUP;GBPCAD;s=5;wOpened=07-31 05:21;nd=1;bestStored=07-31 03:33;bestStoredSlot=1;newWins=false
2026-07-31T05:24:00.000+01:00,DIAG-CLOSE;AUDCHF;s=1;prev=8;c=9;firstObs=false;slotOn=true;inWindow=true;time_close=07-31 05:27
2026-07-31T05:24:00.000+01:00,DIAG-DEDUP;AUDCHF;s=1;wOpened=07-31 03:48;nd=1;bestStored=07-31 03:48;bestStoredSlot=0;newWins=true
2026-07-31T05:24:00.000+01:00,DIAG-CLOSE;AUDCHF;s=5;prev=3;c=4;firstObs=false;slotOn=true;inWindow=true;time_close=07-31 05:27
2026-07-31T05:24:00.000+01:00,DIAG-DEDUP;AUDCHF;s=5;wOpened=07-31 04:48;nd=1;bestStored=07-31 03:48;bestStoredSlot=1;newWins=false
2026-07-31T05:33:00.000+01:00,DIAG-CLOSE;EURAUD;s=0;prev=9;c=10;firstObs=false;slotOn=true;inWindow=true;time_close=07-31 05:36
2026-07-31T05:33:00.000+01:00,DIAG-DEDUP;EURAUD;s=0;wOpened=07-31 04:45;nd=0;bestStored=none;bestStoredSlot=-1;newWins=true
2026-07-31T05:33:00.000+01:00,DIAG-CLOSE;AUDCAD;s=1;prev=8;c=9;firstObs=false;slotOn=true;inWindow=true;time_close=07-31 05:36
2026-07-31T05:33:00.000+01:00,DIAG-DEDUP;AUDCAD;s=1;wOpened=07-31 04:45;nd=0;bestStored=none;bestStoredSlot=-1;newWins=true
2026-07-31T05:33:00.000+01:00,DIAG-CLOSE;AUDCAD;s=2;prev=7;c=8;firstObs=false;slotOn=true;inWindow=true;time_close=07-31 05:36
2026-07-31T05:33:00.000+01:00,DIAG-DEDUP;AUDCAD;s=2;wOpened=07-31 04:45;nd=1;bestStored=07-31 04:45;bestStoredSlot=1;newWins=true
2026-07-31T05:33:00.000+01:00,DIAG-CLOSE;AUDCAD;s=4;prev=6;c=7;firstObs=false;slotOn=true;inWindow=true;time_close=07-31 05:36
2026-07-31T05:33:00.000+01:00,DIAG-DEDUP;AUDCAD;s=4;wOpened=07-31 04:48;nd=1;bestStored=07-31 04:45;bestStoredSlot=2;newWins=false
2026-07-31T06:33:00.000+01:00,DIAG-CLOSE;EURCHF;s=0;prev=12;c=13;firstObs=false;slotOn=true;inWindow=true;time_close=07-31 06:36
2026-07-31T06:33:00.000+01:00,DIAG-DEDUP;EURCHF;s=0;wOpened=07-31 06:30;nd=0;bestStored=none;bestStoredSlot=-1;newWins=true
2026-07-31T07:03:00.000+01:00,DIAG-CLOSE;GBPCHF;s=1;prev=7;c=8;firstObs=false;slotOn=true;inWindow=true;time_close=07-31 07:06
2026-07-31T07:03:00.000+01:00,DIAG-DEDUP;GBPCHF;s=1;wOpened=07-31 07:00;nd=0;bestStored=none;bestStoredSlot=-1;newWins=true
2026-07-31T07:15:00.000+01:00,DIAG-CLOSE;GBPUSD;s=0;prev=6;c=7;firstObs=false;slotOn=true;inWindow=true;time_close=07-31 07:18
2026-07-31T07:15:00.000+01:00,DIAG-DEDUP;GBPUSD;s=0;wOpened=07-31 05:54;nd=0;bestStored=none;bestStoredSlot=-1;newWins=true
2026-07-31T07:15:00.000+01:00,DIAG-CLOSE;GBPUSD;s=1;prev=8;c=9;firstObs=false;slotOn=true;inWindow=true;time_close=07-31 07:18
2026-07-31T07:15:00.000+01:00,DIAG-DEDUP;GBPUSD;s=1;wOpened=07-31 05:54;nd=1;bestStored=07-31 05:54;bestStoredSlot=0;newWins=true
2026-07-31T07:24:00.000+01:00,DIAG-CLOSE;EURCAD;s=3;prev=5;c=6;firstObs=false;slotOn=true;inWindow=true;time_close=07-31 07:27
2026-07-31T07:24:00.000+01:00,DIAG-DEDUP;EURCAD;s=3;wOpened=07-31 07:21;nd=0;bestStored=none;bestStoredSlot=-1;newWins=true
2026-07-31T08:36:00.000+01:00,DIAG-CLOSE;USDJPY;s=0;prev=8;c=9;firstObs=false;slotOn=true;inWindow=true;time_close=07-31 08:39
2026-07-31T08:36:00.000+01:00,DIAG-DEDUP;USDJPY;s=0;wOpened=07-31 06:12;nd=0;bestStored=none;bestStoredSlot=-1;newWins=true
2026-07-31T08:36:00.000+01:00,DIAG-CLOSE;USDJPY;s=1;prev=7;c=8;firstObs=false;slotOn=true;inWindow=true;time_close=07-31 08:39
2026-07-31T08:36:00.000+01:00,DIAG-DEDUP;USDJPY;s=1;wOpened=07-31 06:12;nd=1;bestStored=07-31 06:12;bestStoredSlot=0;newWins=true
2026-07-31T08:36:00.000+01:00,DIAG-CLOSE;USDJPY;s=2;prev=4;c=5;firstObs=false;slotOn=true;inWindow=true;time_close=07-31 08:39
2026-07-31T08:36:00.000+01:00,DIAG-DEDUP;USDJPY;s=2;wOpened=07-31 07:18;nd=1;bestStored=07-31 06:12;bestStoredSlot=1;newWins=false
2026-07-31T08:36:00.000+01:00,DIAG-CLOSE;USDJPY;s=3;prev=5;c=6;firstObs=false;slotOn=true;inWindow=true;time_close=07-31 08:39
2026-07-31T08:36:00.000+01:00,DIAG-DEDUP;USDJPY;s=3;wOpened=07-31 07:18;nd=1;bestStored=07-31 06:12;bestStoredSlot=1;newWins=false
2026-07-31T08:36:00.000+01:00,DIAG-CLOSE;USDJPY;s=5;prev=0;c=1;firstObs=false;slotOn=true;inWindow=true;time_close=07-31 08:39
2026-07-31T08:36:00.000+01:00,DIAG-DEDUP;USDJPY;s=5;wOpened=07-31 07:30;nd=1;bestStored=07-31 06:12;bestStoredSlot=1;newWins=false
2026-07-31T08:36:00.000+01:00,DIAG-CLOSE;EURJPY;s=0;prev=6;c=7;firstObs=false;slotOn=true;inWindow=true;time_close=07-31 08:39
2026-07-31T08:36:00.000+01:00,DIAG-DEDUP;EURJPY;s=0;wOpened=07-31 07:12;nd=0;bestStored=none;bestStoredSlot=-1;newWins=true
2026-07-31T08:36:00.000+01:00,DIAG-CLOSE;EURJPY;s=1;prev=4;c=5;firstObs=false;slotOn=true;inWindow=true;time_close=07-31 08:39
2026-07-31T08:36:00.000+01:00,DIAG-DEDUP;EURJPY;s=1;wOpened=07-31 07:15;nd=1;bestStored=07-31 07:12;bestStoredSlot=0;newWins=false
2026-07-31T08:36:00.000+01:00,DIAG-CLOSE;EURJPY;s=2;prev=3;c=4;firstObs=false;slotOn=true;inWindow=true;time_close=07-31 08:39
2026-07-31T08:36:00.000+01:00,DIAG-DEDUP;EURJPY;s=2;wOpened=07-31 07:15;nd=1;bestStored=07-31 07:12;bestStoredSlot=0;newWins=false
2026-07-31T08:36:00.000+01:00,DIAG-CLOSE;EURJPY;s=3;prev=3;c=4;firstObs=false;slotOn=true;inWindow=true;time_close=07-31 08:39
2026-07-31T08:36:00.000+01:00,DIAG-DEDUP;EURJPY;s=3;wOpened=07-31 07:15;nd=1;bestStored=07-31 07:12;bestStoredSlot=0;newWins=false
2026-07-31T09:21:00.000+01:00,DIAG-CLOSE;GBPUSD;s=0;prev=7;c=8;firstObs=false;slotOn=true;inWindow=true;time_close=07-31 09:24
2026-07-31T09:21:00.000+01:00,DIAG-DEDUP;GBPUSD;s=0;wOpened=07-31 09:18;nd=0;bestStored=none;bestStoredSlot=-1;newWins=true
2026-07-31T09:21:00.000+01:00,DIAG-CLOSE;GBPUSD;s=3;prev=3;c=4;firstObs=false;slotOn=true;inWindow=true;time_close=07-31 09:24
2026-07-31T09:21:00.000+01:00,DIAG-DEDUP;GBPUSD;s=3;wOpened=07-31 09:18;nd=1;bestStored=07-31 09:18;bestStoredSlot=0;newWins=true
2026-07-31T09:24:00.000+01:00,DIAG-CLOSE;EURCAD;s=0;prev=10;c=11;firstObs=false;slotOn=true;inWindow=true;time_close=07-31 09:27
2026-07-31T09:24:00.000+01:00,DIAG-DEDUP;EURCAD;s=0;wOpened=07-31 08:54;nd=0;bestStored=none;bestStoredSlot=-1;newWins=true
2026-07-31T09:24:00.000+01:00,DIAG-CLOSE;EURCAD;s=1;prev=9;c=10;firstObs=false;slotOn=true;inWindow=true;time_close=07-31 09:27
2026-07-31T09:24:00.000+01:00,DIAG-DEDUP;EURCAD;s=1;wOpened=07-31 07:30;nd=1;bestStored=07-31 08:54;bestStoredSlot=0;newWins=true
2026-07-31T09:24:00.000+01:00,DIAG-CLOSE;EURCAD;s=2;prev=3;c=4;firstObs=false;slotOn=true;inWindow=true;time_close=07-31 09:27
2026-07-31T09:24:00.000+01:00,DIAG-DEDUP;EURCAD;s=2;wOpened=07-31 09:21;nd=1;bestStored=07-31 07:30;bestStoredSlot=1;newWins=false
2026-07-31T09:24:00.000+01:00,DIAG-CLOSE;EURCAD;s=3;prev=6;c=7;firstObs=false;slotOn=true;inWindow=true;time_close=07-31 09:27
2026-07-31T09:24:00.000+01:00,DIAG-DEDUP;EURCAD;s=3;wOpened=07-31 09:21;nd=1;bestStored=07-31 07:30;bestStoredSlot=1;newWins=false
2026-07-31T09:24:00.000+01:00,DIAG-CLOSE;EURCAD;s=5;prev=3;c=4;firstObs=false;slotOn=true;inWindow=true;time_close=07-31 09:27
2026-07-31T09:24:00.000+01:00,DIAG-DEDUP;EURCAD;s=5;wOpened=07-31 07:33;nd=1;bestStored=07-31 07:30;bestStoredSlot=1;newWins=false
2026-07-31T09:24:00.000+01:00,DIAG-CLOSE;EURCAD;s=6;prev=1;c=2;firstObs=false;slotOn=true;inWindow=true;time_close=07-31 09:27
2026-07-31T09:24:00.000+01:00,DIAG-DEDUP;EURCAD;s=6;wOpened=07-31 08:54;nd=1;bestStored=07-31 07:30;bestStoredSlot=1;newWins=false
2026-07-31T09:24:00.000+01:00,DIAG-CLOSE;EURCAD;s=7;prev=1;c=2;firstObs=false;slotOn=true;inWindow=true;time_close=07-31 09:27
2026-07-31T09:24:00.000+01:00,DIAG-DEDUP;EURCAD;s=7;wOpened=07-31 08:51;nd=1;bestStored=07-31 07:30;bestStoredSlot=1;newWins=false
2026-07-31T10:00:00.000+01:00,DIAG-CLOSE;EURGBP;s=1;prev=8;c=9;firstObs=false;slotOn=true;inWindow=true;time_close=07-31 10:03
2026-07-31T10:00:00.000+01:00,DIAG-DEDUP;EURGBP;s=1;wOpened=07-31 09:30;nd=0;bestStored=none;bestStoredSlot=-1;newWins=true
2026-07-31T10:00:00.000+01:00,DIAG-CLOSE;GBPCAD;s=1;prev=6;c=7;firstObs=false;slotOn=true;inWindow=true;time_close=07-31 10:03
2026-07-31T10:00:00.000+01:00,DIAG-DEDUP;GBPCAD;s=1;wOpened=07-31 09:00;nd=0;bestStored=none;bestStoredSlot=-1;newWins=true
2026-07-31T10:00:00.000+01:00,DIAG-CLOSE;GBPCAD;s=5;prev=2;c=3;firstObs=false;slotOn=true;inWindow=true;time_close=07-31 10:03
2026-07-31T10:00:00.000+01:00,DIAG-DEDUP;GBPCAD;s=5;wOpened=07-31 09:42;nd=1;bestStored=07-31 09:00;bestStoredSlot=1;newWins=false
2026-07-31T10:00:00.000+01:00,DIAG-CLOSE;GBPCAD;s=6;prev=1;c=2;firstObs=false;slotOn=true;inWindow=true;time_close=07-31 10:03
2026-07-31T10:00:00.000+01:00,DIAG-DEDUP;GBPCAD;s=6;wOpened=07-31 09:42;nd=1;bestStored=07-31 09:00;bestStoredSlot=1;newWins=false
2026-07-31T10:12:00.000+01:00,DIAG-CLOSE;AUDCAD;s=5;prev=4;c=5;firstObs=false;slotOn=true;inWindow=true;time_close=07-31 10:15
2026-07-31T10:12:00.000+01:00,DIAG-DEDUP;AUDCAD;s=5;wOpened=07-31 05:30;nd=1;bestStored=07-31 04:45;bestStoredSlot=2;newWins=false
2026-07-31T10:33:00.000+01:00,DIAG-CLOSE;USDCHF;s=1;prev=7;c=8;firstObs=false;slotOn=true;inWindow=true;time_close=07-31 10:36
2026-07-31T10:33:00.000+01:00,DIAG-DEDUP;USDCHF;s=1;wOpened=07-31 10:06;nd=0;bestStored=none;bestStoredSlot=-1;newWins=true
2026-07-31T10:33:00.000+01:00,DIAG-CLOSE;USDJPY;s=0;prev=9;c=10;firstObs=false;slotOn=true;inWindow=true;time_close=07-31 10:36
2026-07-31T10:33:00.000+01:00,DIAG-DEDUP;USDJPY;s=0;wOpened=07-31 10:06;nd=0;bestStored=none;bestStoredSlot=-1;newWins=true
2026-07-31T10:33:00.000+01:00,DIAG-CLOSE;USDJPY;s=2;prev=5;c=6;firstObs=false;slotOn=true;inWindow=true;time_close=07-31 10:36
2026-07-31T10:33:00.000+01:00,DIAG-DEDUP;USDJPY;s=2;wOpened=07-31 10:12;nd=1;bestStored=07-31 10:06;bestStoredSlot=0;newWins=false
2026-07-31T10:33:00.000+01:00,DIAG-CLOSE;EURCHF;s=0;prev=13;c=14;firstObs=false;slotOn=true;inWindow=true;time_close=07-31 10:36
2026-07-31T10:33:00.000+01:00,DIAG-DEDUP;EURCHF;s=0;wOpened=07-31 10:06;nd=0;bestStored=none;bestStoredSlot=-1;newWins=true
2026-07-31T10:33:00.000+01:00,DIAG-CLOSE;EURCHF;s=3;prev=6;c=7;firstObs=false;slotOn=true;inWindow=true;time_close=07-31 10:36
2026-07-31T10:33:00.000+01:00,DIAG-DEDUP;EURCHF;s=3;wOpened=07-31 10:06;nd=1;bestStored=07-31 10:06;bestStoredSlot=0;newWins=true
2026-07-31T10:33:00.000+01:00,DIAG-CLOSE;EURJPY;s=0;prev=7;c=8;firstObs=false;slotOn=true;inWindow=true;time_close=07-31 10:36
2026-07-31T10:33:00.000+01:00,DIAG-DEDUP;EURJPY;s=0;wOpened=07-31 09:51;nd=0;bestStored=none;bestStoredSlot=-1;newWins=true
2026-07-31T10:33:00.000+01:00,DIAG-CLOSE;EURJPY;s=3;prev=4;c=5;firstObs=false;slotOn=true;inWindow=true;time_close=07-31 10:36
2026-07-31T10:33:00.000+01:00,DIAG-DEDUP;EURJPY;s=3;wOpened=07-31 10:06;nd=1;bestStored=07-31 09:51;bestStoredSlot=0;newWins=false
2026-07-31T10:33:00.000+01:00,DIAG-CLOSE;GBPJPY;s=0;prev=3;c=4;firstObs=false;slotOn=true;inWindow=true;time_close=07-31 10:36
2026-07-31T10:33:00.000+01:00,DIAG-DEDUP;GBPJPY;s=0;wOpened=07-31 10:06;nd=0;bestStored=none;bestStoredSlot=-1;newWins=true
2026-07-31T10:33:00.000+01:00,DIAG-CLOSE;CADJPY;s=0;prev=12;c=13;firstObs=false;slotOn=true;inWindow=true;time_close=07-31 10:36
2026-07-31T10:33:00.000+01:00,DIAG-DEDUP;CADJPY;s=0;wOpened=07-31 09:51;nd=0;bestStored=none;bestStoredSlot=-1;newWins=true
2026-07-31T10:33:00.000+01:00,DIAG-CLOSE;CADJPY;s=2;prev=6;c=7;firstObs=false;slotOn=true;inWindow=true;time_close=07-31 10:36
2026-07-31T10:33:00.000+01:00,DIAG-DEDUP;CADJPY;s=2;wOpened=07-31 10:06;nd=1;bestStored=07-31 09:51;bestStoredSlot=0;newWins=false
2026-07-31T10:33:00.000+01:00,DIAG-CLOSE;CADJPY;s=3;prev=4;c=5;firstObs=false;slotOn=true;inWindow=true;time_close=07-31 10:36
2026-07-31T10:33:00.000+01:00,DIAG-DEDUP;CADJPY;s=3;wOpened=07-31 10:06;nd=1;bestStored=07-31 09:51;bestStoredSlot=0;newWins=false
2026-07-31T10:33:00.000+01:00,DIAG-CLOSE;CADJPY;s=4;prev=1;c=2;firstObs=false;slotOn=true;inWindow=true;time_close=07-31 10:36
2026-07-31T10:33:00.000+01:00,DIAG-DEDUP;CADJPY;s=4;wOpened=07-31 10:12;nd=1;bestStored=07-31 09:51;bestStoredSlot=0;newWins=false
2026-07-31T10:33:00.000+01:00,DIAG-CLOSE;AUDJPY;s=0;prev=8;c=9;firstObs=false;slotOn=true;inWindow=true;time_close=07-31 10:36
2026-07-31T10:33:00.000+01:00,DIAG-DEDUP;AUDJPY;s=0;wOpened=07-31 09:51;nd=0;bestStored=none;bestStoredSlot=-1;newWins=true
2026-07-31T10:33:00.000+01:00,DIAG-CLOSE;AUDJPY;s=3;prev=1;c=2;firstObs=false;slotOn=true;inWindow=true;time_close=07-31 10:36
2026-07-31T10:33:00.000+01:00,DIAG-DEDUP;AUDJPY;s=3;wOpened=07-31 10:06;nd=1;bestStored=07-31 09:51;bestStoredSlot=0;newWins=false
2026-07-31T10:33:00.000+01:00,DIAG-CLOSE;AUDCHF;s=0;prev=8;c=9;firstObs=false;slotOn=true;inWindow=true;time_close=07-31 10:36
2026-07-31T10:33:00.000+01:00,DIAG-DEDUP;AUDCHF;s=0;wOpened=07-31 09:33;nd=0;bestStored=none;bestStoredSlot=-1;newWins=true
2026-07-31T10:33:00.000+01:00,DIAG-CLOSE;AUDCHF;s=1;prev=9;c=10;firstObs=false;slotOn=true;inWindow=true;time_close=07-31 10:36
2026-07-31T10:33:00.000+01:00,DIAG-DEDUP;AUDCHF;s=1;wOpened=07-31 09:33;nd=1;bestStored=07-31 09:33;bestStoredSlot=0;newWins=true
2026-07-31T10:33:00.000+01:00,DIAG-CLOSE;AUDCHF;s=2;prev=3;c=4;firstObs=false;slotOn=true;inWindow=true;time_close=07-31 10:36
2026-07-31T10:33:00.000+01:00,DIAG-DEDUP;AUDCHF;s=2;wOpened=07-31 09:48;nd=1;bestStored=07-31 09:33;bestStoredSlot=1;newWins=false
2026-07-31T10:33:00.000+01:00,DIAG-CLOSE;AUDCHF;s=4;prev=1;c=2;firstObs=false;slotOn=true;inWindow=true;time_close=07-31 10:36
2026-07-31T10:33:00.000+01:00,DIAG-DEDUP;AUDCHF;s=4;wOpened=07-31 09:51;nd=1;bestStored=07-31 09:33;bestStoredSlot=1;newWins=false
2026-07-31T10:33:00.000+01:00,DIAG-CLOSE;AUDCAD;s=0;prev=8;c=9;firstObs=false;slotOn=true;inWindow=true;time_close=07-31 10:36
2026-07-31T10:33:00.000+01:00,DIAG-DEDUP;AUDCAD;s=0;wOpened=07-31 03:48;nd=1;bestStored=07-31 04:45;bestStoredSlot=2;newWins=true
2026-07-31T10:33:00.000+01:00,DIAG-CLOSE;AUDCAD;s=3;prev=6;c=7;firstObs=false;slotOn=true;inWindow=true;time_close=07-31 10:36
2026-07-31T10:33:00.000+01:00,DIAG-DEDUP;AUDCAD;s=3;wOpened=07-31 04:48;nd=1;bestStored=07-31 03:48;bestStoredSlot=0;newWins=false
2026-07-31T10:48:00.000+01:00,DIAG-CLOSE;CADJPY;s=1;prev=8;c=9;firstObs=false;slotOn=true;inWindow=true;time_close=07-31 10:51
2026-07-31T10:48:00.000+01:00,DIAG-DEDUP;CADJPY;s=1;wOpened=07-31 09:51;nd=1;bestStored=07-31 09:51;bestStoredSlot=0;newWins=true
2026-07-31T10:54:00.000+01:00,DIAG-CLOSE;USDJPY;s=1;prev=8;c=9;firstObs=false;slotOn=true;inWindow=true;time_close=07-31 10:57
2026-07-31T10:54:00.000+01:00,DIAG-DEDUP;USDJPY;s=1;wOpened=07-31 10:06;nd=1;bestStored=07-31 10:06;bestStoredSlot=0;newWins=true
2026-07-31T11:18:00.000+01:00,DIAG-CLOSE;AUDCAD;s=1;prev=9;c=10;firstObs=false;slotOn=true;inWindow=true;time_close=07-31 11:21
2026-07-31T11:18:00.000+01:00,DIAG-DEDUP;AUDCAD;s=1;wOpened=07-31 11:15;nd=0;bestStored=none;bestStoredSlot=-1;newWins=true
2026-07-31T11:18:00.000+01:00,DIAG-CLOSE;AUDCAD;s=2;prev=8;c=9;firstObs=false;slotOn=true;inWindow=true;time_close=07-31 11:21
2026-07-31T11:18:00.000+01:00,DIAG-DEDUP;AUDCAD;s=2;wOpened=07-31 10:48;nd=1;bestStored=07-31 11:15;bestStoredSlot=1;newWins=true
2026-07-31T11:18:00.000+01:00,DIAG-CLOSE;AUDCAD;s=4;prev=7;c=8;firstObs=false;slotOn=true;inWindow=true;time_close=07-31 11:21
2026-07-31T11:18:00.000+01:00,DIAG-DEDUP;AUDCAD;s=4;wOpened=07-31 11:15;nd=1;bestStored=07-31 10:48;bestStoredSlot=2;newWins=false
2026-07-31T11:27:00.000+01:00,DIAG-CLOSE;EURUSD;s=1;prev=4;c=5;firstObs=false;slotOn=true;inWindow=true;time_close=07-31 11:30
2026-07-31T11:27:00.000+01:00,DIAG-DEDUP;EURUSD;s=1;wOpened=07-31 10:48;nd=0;bestStored=none;bestStoredSlot=-1;newWins=true
2026-07-31T11:51:00.000+01:00,DIAG-CLOSE;CHFJPY;s=0;prev=8;c=9;firstObs=false;slotOn=true;inWindow=true;time_close=07-31 11:54
2026-07-31T11:51:00.000+01:00,DIAG-DEDUP;CHFJPY;s=0;wOpened=07-31 10:12;nd=0;bestStored=none;bestStoredSlot=-1;newWins=true
2026-07-31T12:09:00.000+01:00,DIAG-CLOSE;CADCHF;s=0;prev=8;c=9;firstObs=false;slotOn=true;inWindow=true;time_close=07-31 12:12
2026-07-31T12:09:00.000+01:00,DIAG-DEDUP;CADCHF;s=0;wOpened=07-31 12:06;nd=0;bestStored=none;bestStoredSlot=-1;newWins=true
2026-07-31T12:21:00.000+01:00,DIAG-CLOSE;EURCAD;s=0;prev=11;c=12;firstObs=false;slotOn=true;inWindow=true;time_close=07-31 12:24
2026-07-31T12:21:00.000+01:00,DIAG-DEDUP;EURCAD;s=0;wOpened=07-31 12:18;nd=0;bestStored=none;bestStoredSlot=-1;newWins=true
2026-07-31T12:27:00.000+01:00,DIAG-CLOSE;GBPUSD;s=0;prev=8;c=9;firstObs=false;slotOn=true;inWindow=true;time_close=07-31 12:30
2026-07-31T12:27:00.000+01:00,DIAG-DEDUP;GBPUSD;s=0;wOpened=07-31 11:24;nd=0;bestStored=none;bestStoredSlot=-1;newWins=true
2026-07-31T12:27:00.000+01:00,DIAG-CLOSE;GBPUSD;s=1;prev=9;c=10;firstObs=false;slotOn=true;inWindow=true;time_close=07-31 12:30
2026-07-31T12:27:00.000+01:00,DIAG-DEDUP;GBPUSD;s=1;wOpened=07-31 11:24;nd=1;bestStored=07-31 11:24;bestStoredSlot=0;newWins=true
2026-07-31T12:36:00.000+01:00,DIAG-CLOSE;AUDUSD;s=1;prev=8;c=9;firstObs=false;slotOn=true;inWindow=true;time_close=07-31 12:39
2026-07-31T12:36:00.000+01:00,DIAG-DEDUP;AUDUSD;s=1;wOpened=07-31 10:48;nd=0;bestStored=none;bestStoredSlot=-1;newWins=true
2026-07-31T12:51:00.000+01:00,DIAG-CLOSE;GBPCHF;s=0;prev=7;c=8;firstObs=false;slotOn=true;inWindow=true;time_close=07-31 12:54
2026-07-31T12:51:00.000+01:00,DIAG-DEDUP;GBPCHF;s=0;wOpened=07-31 11:48;nd=0;bestStored=none;bestStoredSlot=-1;newWins=true
2026-07-31T12:51:00.000+01:00,DIAG-CLOSE;GBPCHF;s=1;prev=8;c=9;firstObs=false;slotOn=true;inWindow=true;time_close=07-31 12:54
2026-07-31T12:51:00.000+01:00,DIAG-DEDUP;GBPCHF;s=1;wOpened=07-31 11:48;nd=1;bestStored=07-31 11:48;bestStoredSlot=0;newWins=true
2026-07-31T12:51:00.000+01:00,DIAG-CLOSE;GBPCHF;s=2;prev=3;c=4;firstObs=false;slotOn=true;inWindow=true;time_close=07-31 12:54
2026-07-31T12:51:00.000+01:00,DIAG-DEDUP;GBPCHF;s=2;wOpened=07-31 12:06;nd=1;bestStored=07-31 11:48;bestStoredSlot=1;newWins=false
2026-07-31T12:51:00.000+01:00,DIAG-CLOSE;GBPCHF;s=3;prev=3;c=4;firstObs=false;slotOn=true;inWindow=true;time_close=07-31 12:54
2026-07-31T12:51:00.000+01:00,DIAG-DEDUP;GBPCHF;s=3;wOpened=07-31 12:06;nd=1;bestStored=07-31 11:48;bestStoredSlot=1;newWins=false
2026-07-31T13:48:00.000+01:00,DIAG-CLOSE;EURCHF;s=1;prev=9;c=10;firstObs=false;slotOn=true;inWindow=true;time_close=07-31 13:51
2026-07-31T13:48:00.000+01:00,DIAG-DEDUP;EURCHF;s=1;wOpened=07-31 13:45;nd=0;bestStored=none;bestStoredSlot=-1;newWins=true
2026-07-31T14:36:00.000+01:00,DIAG-CLOSE;AUDJPY;s=1;prev=4;c=5;firstObs=false;slotOn=true;inWindow=true;time_close=07-31 14:39
2026-07-31T14:36:00.000+01:00,DIAG-DEDUP;AUDJPY;s=1;wOpened=07-31 11:21;nd=0;bestStored=none;bestStoredSlot=-1;newWins=true
2026-07-31T14:36:00.000+01:00,DIAG-CLOSE;AUDJPY;s=2;prev=0;c=1;firstObs=false;slotOn=true;inWindow=true;time_close=07-31 14:39
2026-07-31T14:36:00.000+01:00,DIAG-DEDUP;AUDJPY;s=2;wOpened=07-31 11:21;nd=1;bestStored=07-31 11:21;bestStoredSlot=1;newWins=true
2026-07-31T14:57:00.000+01:00,DIAG-CLOSE;EURUSD;s=0;prev=6;c=7;firstObs=false;slotOn=true;inWindow=true;time_close=07-31 15:00
2026-07-31T14:57:00.000+01:00,DIAG-DEDUP;EURUSD;s=0;wOpened=07-31 14:54;nd=0;bestStored=none;bestStoredSlot=-1;newWins=true
2026-07-31T15:00:00.000+01:00,DIAG-CLOSE;USDCAD;s=0;prev=13;c=14;firstObs=false;slotOn=true;inWindow=true;time_close=07-31 15:03
2026-07-31T15:00:00.000+01:00,DIAG-DEDUP;USDCAD;s=0;wOpened=07-31 14:36;nd=0;bestStored=none;bestStoredSlot=-1;newWins=true
2026-07-31T15:00:00.000+01:00,DIAG-CLOSE;USDCAD;s=1;prev=13;c=14;firstObs=false;slotOn=true;inWindow=true;time_close=07-31 15:03
2026-07-31T15:00:00.000+01:00,DIAG-DEDUP;USDCAD;s=1;wOpened=07-31 14:36;nd=1;bestStored=07-31 14:36;bestStoredSlot=0;newWins=true
2026-07-31T15:06:00.000+01:00,DIAG-CLOSE;EURUSD;s=1;prev=5;c=6;firstObs=false;slotOn=true;inWindow=true;time_close=07-31 15:09
2026-07-31T15:06:00.000+01:00,DIAG-DEDUP;EURUSD;s=1;wOpened=07-31 14:54;nd=1;bestStored=07-31 14:54;bestStoredSlot=0;newWins=true
2026-07-31T15:06:00.000+01:00,DIAG-CLOSE;EURUSD;s=2;prev=1;c=2;firstObs=false;slotOn=true;inWindow=true;time_close=07-31 15:09
2026-07-31T15:06:00.000+01:00,DIAG-DEDUP;EURUSD;s=2;wOpened=07-31 15:03;nd=1;bestStored=07-31 14:54;bestStoredSlot=1;newWins=false
2026-07-31T15:18:00.000+01:00,DIAG-CLOSE;EURCAD;s=1;prev=10;c=11;firstObs=false;slotOn=true;inWindow=true;time_close=07-31 15:21
2026-07-31T15:18:00.000+01:00,DIAG-DEDUP;EURCAD;s=1;wOpened=07-31 15:03;nd=0;bestStored=none;bestStoredSlot=-1;newWins=true
2026-07-31T15:45:00.000+01:00,DIAG-CLOSE;EURAUD;s=0;prev=10;c=11;firstObs=false;slotOn=true;inWindow=true;time_close=07-31 15:48
2026-07-31T15:45:00.000+01:00,DIAG-DEDUP;EURAUD;s=0;wOpened=07-31 15:18;nd=0;bestStored=none;bestStoredSlot=-1;newWins=true
2026-07-31T15:45:00.000+01:00,DIAG-CLOSE;EURAUD;s=2;prev=3;c=4;firstObs=false;slotOn=true;inWindow=true;time_close=07-31 15:48
2026-07-31T15:45:00.000+01:00,DIAG-DEDUP;EURAUD;s=2;wOpened=07-31 15:24;nd=1;bestStored=07-31 15:18;bestStoredSlot=0;newWins=false
2026-07-31T15:45:00.000+01:00,DIAG-CLOSE;EURAUD;s=3;prev=4;c=5;firstObs=false;slotOn=true;inWindow=true;time_close=07-31 15:48
2026-07-31T15:45:00.000+01:00,DIAG-DEDUP;EURAUD;s=3;wOpened=07-31 15:24;nd=1;bestStored=07-31 15:18;bestStoredSlot=0;newWins=false
2026-07-31T15:45:00.000+01:00,DIAG-CLOSE;EURAUD;s=4;prev=2;c=3;firstObs=false;slotOn=true;inWindow=true;time_close=07-31 15:48
2026-07-31T15:45:00.000+01:00,DIAG-DEDUP;EURAUD;s=4;wOpened=07-31 15:30;nd=1;bestStored=07-31 15:18;bestStoredSlot=0;newWins=false
2026-07-31T15:51:00.000+01:00,DIAG-CLOSE;GBPUSD;s=0;prev=9;c=10;firstObs=false;slotOn=true;inWindow=true;time_close=07-31 15:54
2026-07-31T15:51:00.000+01:00,DIAG-DEDUP;GBPUSD;s=0;wOpened=07-31 14:21;nd=0;bestStored=none;bestStoredSlot=-1;newWins=true
2026-07-31T15:51:00.000+01:00,DIAG-CLOSE;AUDUSD;s=0;prev=11;c=12;firstObs=false;slotOn=true;inWindow=true;time_close=07-31 15:54
2026-07-31T15:51:00.000+01:00,DIAG-DEDUP;AUDUSD;s=0;wOpened=07-31 15:12;nd=0;bestStored=none;bestStoredSlot=-1;newWins=true
2026-07-31T15:51:00.000+01:00,DIAG-CLOSE;AUDUSD;s=1;prev=9;c=10;firstObs=false;slotOn=true;inWindow=true;time_close=07-31 15:54
2026-07-31T15:51:00.000+01:00,DIAG-DEDUP;AUDUSD;s=1;wOpened=07-31 15:12;nd=1;bestStored=07-31 15:12;bestStoredSlot=0;newWins=true
2026-07-31T15:51:00.000+01:00,DIAG-CLOSE;AUDUSD;s=2;prev=5;c=6;firstObs=false;slotOn=true;inWindow=true;time_close=07-31 15:54
2026-07-31T15:51:00.000+01:00,DIAG-DEDUP;AUDUSD;s=2;wOpened=07-31 15:15;nd=1;bestStored=07-31 15:12;bestStoredSlot=1;newWins=false
2026-07-31T15:51:00.000+01:00,DIAG-CLOSE;AUDUSD;s=3;prev=7;c=8;firstObs=false;slotOn=true;inWindow=true;time_close=07-31 15:54
2026-07-31T15:51:00.000+01:00,DIAG-DEDUP;AUDUSD;s=3;wOpened=07-31 15:15;nd=1;bestStored=07-31 15:12;bestStoredSlot=1;newWins=false
2026-07-31T17:33:00.000+01:00,DIAG-CLOSE;GBPAUD;s=0;prev=10;c=11;firstObs=false;slotOn=true;inWindow=true;time_close=07-31 17:36
2026-07-31T17:33:00.000+01:00,DIAG-DEDUP;GBPAUD;s=0;wOpened=07-31 15:30;nd=0;bestStored=none;bestStoredSlot=-1;newWins=true
2026-07-31T17:33:00.000+01:00,DIAG-CLOSE;GBPAUD;s=3;prev=5;c=6;firstObs=false;slotOn=true;inWindow=true;time_close=07-31 17:36
2026-07-31T17:33:00.000+01:00,DIAG-DEDUP;GBPAUD;s=3;wOpened=07-31 15:33;nd=1;bestStored=07-31 15:30;bestStoredSlot=0;newWins=false
2026-07-31T17:36:00.000+01:00,DIAG-CLOSE;EURAUD;s=1;prev=9;c=10;firstObs=false;slotOn=true;inWindow=true;time_close=07-31 17:39
2026-07-31T17:36:00.000+01:00,DIAG-DEDUP;EURAUD;s=1;wOpened=07-31 15:18;nd=1;bestStored=07-31 15:18;bestStoredSlot=0;newWins=true
2026-07-31T18:03:00.000+01:00,DIAG-CLOSE;EURAUD;s=5;prev=1;c=2;firstObs=false;slotOn=true;inWindow=true;time_close=07-31 18:06
2026-07-31T18:03:00.000+01:00,DIAG-DEDUP;EURAUD;s=5;wOpened=07-31 17:12;nd=1;bestStored=07-31 15:18;bestStoredSlot=1;newWins=false
2026-07-31T18:03:00.000+01:00,DIAG-CLOSE;EURAUD;s=7;prev=0;c=1;firstObs=false;slotOn=true;inWindow=true;time_close=07-31 18:06
2026-07-31T18:03:00.000+01:00,DIAG-DEDUP;EURAUD;s=7;wOpened=07-31 17:42;nd=0;bestStored=none;bestStoredSlot=-1;newWins=true
2026-07-31T18:15:00.000+01:00,DIAG-CLOSE;CADJPY;s=0;prev=13;c=14;firstObs=false;slotOn=true;inWindow=true;time_close=07-31 18:18
2026-07-31T18:15:00.000+01:00,DIAG-DEDUP;CADJPY;s=0;wOpened=07-31 17:03;nd=0;bestStored=none;bestStoredSlot=-1;newWins=true
2026-07-31T18:21:00.000+01:00,DIAG-CLOSE;AUDUSD;s=0;prev=12;c=13;firstObs=false;slotOn=true;inWindow=true;time_close=07-31 18:24
2026-07-31T18:21:00.000+01:00,DIAG-DEDUP;AUDUSD;s=0;wOpened=07-31 18:18;nd=0;bestStored=none;bestStoredSlot=-1;newWins=true
2026-07-31T18:39:00.000+01:00,DIAG-CLOSE;EURCHF;s=0;prev=14;c=15;firstObs=false;slotOn=true;inWindow=true;time_close=07-31 18:42
2026-07-31T18:39:00.000+01:00,DIAG-DEDUP;EURCHF;s=0;wOpened=07-31 18:18;nd=0;bestStored=none;bestStoredSlot=-1;newWins=true
2026-07-31T18:39:00.000+01:00,DIAG-CLOSE;EURCHF;s=1;prev=10;c=11;firstObs=false;slotOn=true;inWindow=true;time_close=07-31 18:42
2026-07-31T18:39:00.000+01:00,DIAG-DEDUP;EURCHF;s=1;wOpened=07-31 18:18;nd=1;bestStored=07-31 18:18;bestStoredSlot=0;newWins=true
2026-07-31T18:39:00.000+01:00,DIAG-CLOSE;EURCHF;s=2;prev=6;c=7;firstObs=false;slotOn=true;inWindow=true;time_close=07-31 18:42
2026-07-31T18:39:00.000+01:00,DIAG-DEDUP;EURCHF;s=2;wOpened=07-31 18:36;nd=1;bestStored=07-31 18:18;bestStoredSlot=1;newWins=false
2026-07-31T18:39:00.000+01:00,DIAG-CLOSE;EURCHF;s=3;prev=7;c=8;firstObs=false;slotOn=true;inWindow=true;time_close=07-31 18:42
2026-07-31T18:39:00.000+01:00,DIAG-DEDUP;EURCHF;s=3;wOpened=07-31 18:21;nd=1;bestStored=07-31 18:18;bestStoredSlot=1;newWins=false
2026-07-31T19:00:00.000+01:00,DIAG-CLOSE;GBPCAD;s=3;prev=1;c=2;firstObs=false;slotOn=true;inWindow=true;time_close=07-31 19:03
2026-07-31T19:00:00.000+01:00,DIAG-DEDUP;GBPCAD;s=3;wOpened=07-31 18:00;nd=0;bestStored=none;bestStoredSlot=-1;newWins=true
2026-07-31T20:42:00.000+01:00,DIAG-CLOSE;EURAUD;s=1;prev=10;c=11;firstObs=false;slotOn=true;inWindow=true;time_close=07-31 20:45
2026-07-31T20:42:00.000+01:00,DIAG-DEDUP;EURAUD;s=1;wOpened=07-31 20:39;nd=0;bestStored=none;bestStoredSlot=-1;newWins=true
2026-07-31T21:30:00.000+01:00,DIAG-CLOSE;USDJPY;s=1;prev=9;c=10;firstObs=false;slotOn=true;inWindow=true;time_close=07-31 21:33
2026-07-31T21:30:00.000+01:00,DIAG-DEDUP;USDJPY;s=1;wOpened=07-31 20:42;nd=0;bestStored=none;bestStoredSlot=-1;newWins=true
2026-07-31T21:36:00.000+01:00,DIAG-CLOSE;CADCHF;s=0;prev=9;c=10;firstObs=false;slotOn=true;inWindow=true;time_close=07-31 21:39
2026-07-31T21:36:00.000+01:00,DIAG-DEDUP;CADCHF;s=0;wOpened=07-31 20:57;nd=0;bestStored=none;bestStoredSlot=-1;newWins=true
2026-08-02T22:57:00.000+01:00,DIAG-CLOSE;EURCAD;s=0;prev=12;c=13;firstObs=false;slotOn=true;inWindow=true;time_close=08-02 23:00
2026-08-02T22:57:00.000+01:00,DIAG-DEDUP;EURCAD;s=0;wOpened=08-02 22:54;nd=0;bestStored=none;bestStoredSlot=-1;newWins=true
2026-08-02T23:09:00.000+01:00,DIAG-CLOSE;EURGBP;s=0;prev=14;c=15;firstObs=false;slotOn=true;inWindow=true;time_close=08-02 23:12
2026-08-02T23:09:00.000+01:00,DIAG-DEDUP;EURGBP;s=0;wOpened=07-31 21:03;nd=0;bestStored=none;bestStoredSlot=-1;newWins=true
2026-08-02T23:09:00.000+01:00,DIAG-CLOSE;EURGBP;s=1;prev=9;c=10;firstObs=false;slotOn=true;inWindow=true;time_close=08-02 23:12
2026-08-02T23:09:00.000+01:00,DIAG-DEDUP;EURGBP;s=1;wOpened=07-31 20:03;nd=1;bestStored=07-31 21:03;bestStoredSlot=0;newWins=true
2026-08-02T23:09:00.000+01:00,DIAG-CLOSE;EURGBP;s=2;prev=5;c=6;firstObs=false;slotOn=true;inWindow=true;time_close=08-02 23:12
2026-08-02T23:09:00.000+01:00,DIAG-DEDUP;EURGBP;s=2;wOpened=07-31 21:06;nd=1;bestStored=07-31 20:03;bestStoredSlot=1;newWins=false
2026-08-02T23:09:00.000+01:00,DIAG-CLOSE;EURGBP;s=3;prev=6;c=7;firstObs=false;slotOn=true;inWindow=true;time_close=08-02 23:12
2026-08-02T23:09:00.000+01:00,DIAG-DEDUP;EURGBP;s=3;wOpened=07-31 21:06;nd=1;bestStored=07-31 20:03;bestStoredSlot=1;newWins=false
2026-08-02T23:09:00.000+01:00,DIAG-CLOSE;EURGBP;s=4;prev=5;c=6;firstObs=false;slotOn=true;inWindow=true;time_close=08-02 23:12
2026-08-02T23:09:00.000+01:00,DIAG-DEDUP;EURGBP;s=4;wOpened=08-02 22:33;nd=1;bestStored=07-31 20:03;bestStoredSlot=1;newWins=false
2026-08-02T23:09:00.000+01:00,DIAG-CLOSE;EURGBP;s=5;prev=2;c=3;firstObs=false;slotOn=true;inWindow=true;time_close=08-02 23:12
2026-08-02T23:09:00.000+01:00,DIAG-DEDUP;EURGBP;s=5;wOpened=07-31 21:06;nd=1;bestStored=07-31 20:03;bestStoredSlot=1;newWins=false
2026-08-02T23:09:00.000+01:00,DIAG-CLOSE;EURGBP;s=6;prev=1;c=2;firstObs=false;slotOn=true;inWindow=true;time_close=08-02 23:12
2026-08-02T23:09:00.000+01:00,DIAG-DEDUP;EURGBP;s=6;wOpened=08-02 22:33;nd=1;bestStored=07-31 20:03;bestStoredSlot=1;newWins=false
2026-08-02T23:09:00.000+01:00,DIAG-CLOSE;EURGBP;s=7;prev=1;c=2;firstObs=false;slotOn=true;inWindow=true;time_close=08-02 23:12
2026-08-02T23:09:00.000+01:00,DIAG-DEDUP;EURGBP;s=7;wOpened=08-02 22:33;nd=1;bestStored=07-31 20:03;bestStoredSlot=1;newWins=false
2026-08-02T23:30:00.000+01:00,DIAG-CLOSE;AUDCAD;s=0;prev=9;c=10;firstObs=false;slotOn=true;inWindow=true;time_close=08-02 23:33
2026-08-02T23:30:00.000+01:00,DIAG-DEDUP;AUDCAD;s=0;wOpened=07-31 20:57;nd=0;bestStored=none;bestStoredSlot=-1;newWins=true
2026-08-02T23:30:00.000+01:00,DIAG-CLOSE;AUDCAD;s=1;prev=10;c=11;firstObs=false;slotOn=true;inWindow=true;time_close=08-02 23:33
2026-08-02T23:30:00.000+01:00,DIAG-DEDUP;AUDCAD;s=1;wOpened=07-31 21:39;nd=1;bestStored=07-31 20:57;bestStoredSlot=0;newWins=false
2026-08-02T23:30:00.000+01:00,DIAG-CLOSE;AUDCAD;s=2;prev=9;c=10;firstObs=false;slotOn=true;inWindow=true;time_close=08-02 23:33
2026-08-02T23:30:00.000+01:00,DIAG-DEDUP;AUDCAD;s=2;wOpened=07-31 21:39;nd=1;bestStored=07-31 20:57;bestStoredSlot=0;newWins=false
2026-08-02T23:30:00.000+01:00,DIAG-CLOSE;AUDCAD;s=3;prev=7;c=8;firstObs=false;slotOn=true;inWindow=true;time_close=08-02 23:33
2026-08-02T23:30:00.000+01:00,DIAG-DEDUP;AUDCAD;s=3;wOpened=07-31 21:39;nd=1;bestStored=07-31 20:57;bestStoredSlot=0;newWins=false
2026-08-02T23:30:00.000+01:00,DIAG-CLOSE;AUDCAD;s=4;prev=8;c=9;firstObs=false;slotOn=true;inWindow=true;time_close=08-02 23:33
2026-08-02T23:30:00.000+01:00,DIAG-DEDUP;AUDCAD;s=4;wOpened=07-31 21:42;nd=1;bestStored=07-31 20:57;bestStoredSlot=0;newWins=false
2026-08-03T00:30:00.000+01:00,DIAG-CLOSE;USDJPY;s=0;prev=10;c=11;firstObs=false;slotOn=true;inWindow=true;time_close=08-03 00:33
2026-08-03T00:30:00.000+01:00,DIAG-DEDUP;USDJPY;s=0;wOpened=08-02 23:57;nd=0;bestStored=none;bestStoredSlot=-1;newWins=true
2026-08-03T00:30:00.000+01:00,DIAG-CLOSE;USDJPY;s=3;prev=6;c=7;firstObs=false;slotOn=true;inWindow=true;time_close=08-03 00:33
2026-08-03T00:30:00.000+01:00,DIAG-DEDUP;USDJPY;s=3;wOpened=08-03 00:27;nd=1;bestStored=08-02 23:57;bestStoredSlot=0;newWins=false
2026-08-03T00:33:00.000+01:00,DIAG-CLOSE;EURJPY;s=0;prev=8;c=9;firstObs=false;slotOn=true;inWindow=true;time_close=08-03 00:36
2026-08-03T00:33:00.000+01:00,DIAG-DEDUP;EURJPY;s=0;wOpened=08-02 23:15;nd=0;bestStored=none;bestStoredSlot=-1;newWins=true
2026-08-03T00:33:00.000+01:00,DIAG-CLOSE;EURJPY;s=3;prev=5;c=6;firstObs=false;slotOn=true;inWindow=true;time_close=08-03 00:36
2026-08-03T00:33:00.000+01:00,DIAG-DEDUP;EURJPY;s=3;wOpened=08-02 23:15;nd=1;bestStored=08-02 23:15;bestStoredSlot=0;newWins=true
2026-08-03T00:33:00.000+01:00,DIAG-CLOSE;GBPJPY;s=3;prev=0;c=1;firstObs=false;slotOn=true;inWindow=true;time_close=08-03 00:36
2026-08-03T00:33:00.000+01:00,DIAG-DEDUP;GBPJPY;s=3;wOpened=08-02 23:15;nd=0;bestStored=none;bestStoredSlot=-1;newWins=true
2026-08-03T00:33:00.000+01:00,DIAG-CLOSE;CHFJPY;s=0;prev=9;c=10;firstObs=false;slotOn=true;inWindow=true;time_close=08-03 00:36
2026-08-03T00:33:00.000+01:00,DIAG-DEDUP;CHFJPY;s=0;wOpened=08-03 00:30;nd=0;bestStored=none;bestStoredSlot=-1;newWins=true
2026-08-03T00:33:00.000+01:00,DIAG-CLOSE;CHFJPY;s=3;prev=2;c=3;firstObs=false;slotOn=true;inWindow=true;time_close=08-03 00:36
2026-08-03T00:33:00.000+01:00,DIAG-DEDUP;CHFJPY;s=3;wOpened=08-03 00:30;nd=1;bestStored=08-03 00:30;bestStoredSlot=0;newWins=true
2026-08-03T00:33:00.000+01:00,DIAG-CLOSE;CADJPY;s=0;prev=14;c=15;firstObs=false;slotOn=true;inWindow=true;time_close=08-03 00:36
2026-08-03T00:33:00.000+01:00,DIAG-DEDUP;CADJPY;s=0;wOpened=08-02 23:12;nd=0;bestStored=none;bestStoredSlot=-1;newWins=true
2026-08-03T00:33:00.000+01:00,DIAG-CLOSE;CADJPY;s=3;prev=5;c=6;firstObs=false;slotOn=true;inWindow=true;time_close=08-03 00:36
2026-08-03T00:33:00.000+01:00,DIAG-DEDUP;CADJPY;s=3;wOpened=08-02 23:15;nd=1;bestStored=08-02 23:12;bestStoredSlot=0;newWins=false
2026-08-03T00:33:00.000+01:00,DIAG-CLOSE;AUDJPY;s=3;prev=2;c=3;firstObs=false;slotOn=true;inWindow=true;time_close=08-03 00:36
2026-08-03T00:33:00.000+01:00,DIAG-DEDUP;AUDJPY;s=3;wOpened=08-03 00:30;nd=0;bestStored=none;bestStoredSlot=-1;newWins=true
2026-08-03T00:39:00.000+01:00,DIAG-CLOSE;EURJPY;s=1;prev=5;c=6;firstObs=false;slotOn=true;inWindow=true;time_close=08-03 00:42
2026-08-03T00:39:00.000+01:00,DIAG-DEDUP;EURJPY;s=1;wOpened=08-03 00:27;nd=1;bestStored=08-02 23:15;bestStoredSlot=3;newWins=false
2026-08-03T00:39:00.000+01:00,DIAG-CLOSE;EURJPY;s=2;prev=4;c=5;firstObs=false;slotOn=true;inWindow=true;time_close=08-03 00:42
2026-08-03T00:39:00.000+01:00,DIAG-DEDUP;EURJPY;s=2;wOpened=08-03 00:30;nd=1;bestStored=08-02 23:15;bestStoredSlot=3;newWins=false
2026-08-03T00:39:00.000+01:00,DIAG-CLOSE;EURJPY;s=4;prev=3;c=4;firstObs=false;slotOn=true;inWindow=true;time_close=08-03 00:42
2026-08-03T00:39:00.000+01:00,DIAG-DEDUP;EURJPY;s=4;wOpened=08-03 00:27;nd=1;bestStored=08-02 23:15;bestStoredSlot=3;newWins=false
2026-08-03T00:39:00.000+01:00,DIAG-CLOSE;GBPJPY;s=0;prev=4;c=5;firstObs=false;slotOn=true;inWindow=true;time_close=08-03 00:42
2026-08-03T00:39:00.000+01:00,DIAG-DEDUP;GBPJPY;s=0;wOpened=08-03 00:27;nd=1;bestStored=08-02 23:15;bestStoredSlot=3;newWins=false
2026-08-03T00:39:00.000+01:00,DIAG-CLOSE;GBPJPY;s=1;prev=4;c=5;firstObs=false;slotOn=true;inWindow=true;time_close=08-03 00:42
2026-08-03T00:39:00.000+01:00,DIAG-DEDUP;GBPJPY;s=1;wOpened=08-03 00:27;nd=1;bestStored=08-02 23:15;bestStoredSlot=3;newWins=false
2026-08-03T00:39:00.000+01:00,DIAG-CLOSE;GBPJPY;s=2;prev=1;c=2;firstObs=false;slotOn=true;inWindow=true;time_close=08-03 00:42
2026-08-03T00:39:00.000+01:00,DIAG-DEDUP;GBPJPY;s=2;wOpened=08-03 00:30;nd=1;bestStored=08-02 23:15;bestStoredSlot=3;newWins=false
2026-08-03T00:39:00.000+01:00,DIAG-CLOSE;CHFJPY;s=1;prev=5;c=6;firstObs=false;slotOn=true;inWindow=true;time_close=08-03 00:42
2026-08-03T00:39:00.000+01:00,DIAG-DEDUP;CHFJPY;s=1;wOpened=08-03 00:30;nd=1;bestStored=08-03 00:30;bestStoredSlot=3;newWins=false
2026-08-03T00:39:00.000+01:00,DIAG-CLOSE;CADJPY;s=2;prev=7;c=8;firstObs=false;slotOn=true;inWindow=true;time_close=08-03 00:42
2026-08-03T00:39:00.000+01:00,DIAG-DEDUP;CADJPY;s=2;wOpened=08-03 00:27;nd=1;bestStored=08-02 23:12;bestStoredSlot=0;newWins=false
2026-08-03T00:39:00.000+01:00,DIAG-CLOSE;CADJPY;s=4;prev=2;c=3;firstObs=false;slotOn=true;inWindow=true;time_close=08-03 00:42
2026-08-03T00:39:00.000+01:00,DIAG-DEDUP;CADJPY;s=4;wOpened=08-03 00:27;nd=1;bestStored=08-02 23:12;bestStoredSlot=0;newWins=false
2026-08-03T00:39:00.000+01:00,DIAG-CLOSE;AUDJPY;s=0;prev=9;c=10;firstObs=false;slotOn=true;inWindow=true;time_close=08-03 00:42
2026-08-03T00:39:00.000+01:00,DIAG-DEDUP;AUDJPY;s=0;wOpened=08-02 23:57;nd=1;bestStored=08-03 00:30;bestStoredSlot=3;newWins=true
2026-08-03T00:39:00.000+01:00,DIAG-CLOSE;AUDJPY;s=1;prev=5;c=6;firstObs=false;slotOn=true;inWindow=true;time_close=08-03 00:42
2026-08-03T00:39:00.000+01:00,DIAG-DEDUP;AUDJPY;s=1;wOpened=08-03 00:30;nd=1;bestStored=08-02 23:57;bestStoredSlot=0;newWins=false
2026-08-03T01:39:00.000+01:00,DIAG-CLOSE;GBPUSD;s=1;prev=10;c=11;firstObs=false;slotOn=true;inWindow=true;time_close=08-03 01:42
2026-08-03T01:39:00.000+01:00,DIAG-DEDUP;GBPUSD;s=1;wOpened=08-03 01:21;nd=0;bestStored=none;bestStoredSlot=-1;newWins=true
2026-08-03T01:39:00.000+01:00,DIAG-CLOSE;GBPUSD;s=2;prev=4;c=5;firstObs=false;slotOn=true;inWindow=true;time_close=08-03 01:42
2026-08-03T01:39:00.000+01:00,DIAG-DEDUP;GBPUSD;s=2;wOpened=08-03 01:27;nd=1;bestStored=08-03 01:21;bestStoredSlot=1;newWins=false
2026-08-03T02:09:00.000+01:00,DIAG-CLOSE;EURCHF;s=0;prev=15;c=16;firstObs=false;slotOn=true;inWindow=true;time_close=08-03 02:12
2026-08-03T02:09:00.000+01:00,DIAG-DEDUP;EURCHF;s=0;wOpened=08-03 01:39;nd=0;bestStored=none;bestStoredSlot=-1;newWins=true
2026-08-03T02:27:00.000+01:00,DIAG-CLOSE;EURUSD;s=0;prev=7;c=8;firstObs=false;slotOn=true;inWindow=true;time_close=08-03 02:30
2026-08-03T02:27:00.000+01:00,DIAG-DEDUP;EURUSD;s=0;wOpened=08-03 02:24;nd=0;bestStored=none;bestStoredSlot=-1;newWins=true
2026-08-03T02:27:00.000+01:00,DIAG-CLOSE;EURUSD;s=1;prev=6;c=7;firstObs=false;slotOn=true;inWindow=true;time_close=08-03 02:30
2026-08-03T02:27:00.000+01:00,DIAG-DEDUP;EURUSD;s=1;wOpened=08-03 02:24;nd=1;bestStored=08-03 02:24;bestStoredSlot=0;newWins=true
2026-08-03T03:18:00.000+01:00,DIAG-CLOSE;GBPCAD;s=1;prev=7;c=8;firstObs=false;slotOn=true;inWindow=true;time_close=08-03 03:21
2026-08-03T03:18:00.000+01:00,DIAG-DEDUP;GBPCAD;s=1;wOpened=08-03 03:09;nd=0;bestStored=none;bestStoredSlot=-1;newWins=true
2026-08-03T03:18:00.000+01:00,DIAG-CLOSE;GBPCAD;s=2;prev=2;c=3;firstObs=false;slotOn=true;inWindow=true;time_close=08-03 03:21
2026-08-03T03:18:00.000+01:00,DIAG-DEDUP;GBPCAD;s=2;wOpened=08-03 03:15;nd=1;bestStored=08-03 03:09;bestStoredSlot=1;newWins=false
2026-08-03T04:03:00.000+01:00,DIAG-CLOSE;GBPCHF;s=0;prev=8;c=9;firstObs=false;slotOn=true;inWindow=true;time_close=08-03 04:06
2026-08-03T04:03:00.000+01:00,DIAG-DEDUP;GBPCHF;s=0;wOpened=08-03 04:00;nd=0;bestStored=none;bestStoredSlot=-1;newWins=true
2026-08-03T04:09:00.000+01:00,DIAG-CLOSE;EURCAD;s=0;prev=13;c=14;firstObs=false;slotOn=true;inWindow=true;time_close=08-03 04:12
2026-08-03T04:09:00.000+01:00,DIAG-DEDUP;EURCAD;s=0;wOpened=08-03 03:21;nd=0;bestStored=none;bestStoredSlot=-1;newWins=true
2026-08-03T06:09:00.000+01:00,DIAG-CLOSE;EURGBP;s=0;prev=15;c=16;firstObs=false;slotOn=true;inWindow=true;time_close=08-03 06:12
2026-08-03T06:09:00.000+01:00,DIAG-DEDUP;EURGBP;s=0;wOpened=08-03 05:42;nd=0;bestStored=none;bestStoredSlot=-1;newWins=true
2026-08-03T06:54:00.000+01:00,DIAG-CLOSE;USDCAD;s=0;prev=14;c=15;firstObs=false;slotOn=true;inWindow=true;time_close=08-03 06:57
2026-08-03T06:54:00.000+01:00,DIAG-DEDUP;USDCAD;s=0;wOpened=08-03 04:42;nd=0;bestStored=none;bestStoredSlot=-1;newWins=true
2026-08-03T06:54:00.000+01:00,DIAG-CLOSE;USDCAD;s=2;prev=4;c=5;firstObs=false;slotOn=true;inWindow=true;time_close=08-03 06:57
2026-08-03T06:54:00.000+01:00,DIAG-DEDUP;USDCAD;s=2;wOpened=08-03 04:42;nd=1;bestStored=08-03 04:42;bestStoredSlot=0;newWins=true
2026-08-03T07:30:00.000+01:00,DIAG-CLOSE;USDJPY;s=3;prev=7;c=8;firstObs=false;slotOn=true;inWindow=true;time_close=08-03 07:33
2026-08-03T07:30:00.000+01:00,DIAG-DEDUP;USDJPY;s=3;wOpened=08-03 03:45;nd=0;bestStored=none;bestStoredSlot=-1;newWins=true
2026-08-03T10:21:00.000+01:00,DIAG-CLOSE;AUDCHF;s=0;prev=9;c=10;firstObs=false;slotOn=true;inWindow=true;time_close=08-03 10:24
2026-08-03T10:21:00.000+01:00,DIAG-DEDUP;AUDCHF;s=0;wOpened=08-03 10:18;nd=0;bestStored=none;bestStoredSlot=-1;newWins=true
2026-08-03T10:21:00.000+01:00,DIAG-CLOSE;AUDCHF;s=1;prev=10;c=11;firstObs=false;slotOn=true;inWindow=true;time_close=08-03 10:24
2026-08-03T10:21:00.000+01:00,DIAG-DEDUP;AUDCHF;s=1;wOpened=08-03 10:18;nd=1;bestStored=08-03 10:18;bestStoredSlot=0;newWins=true
2026-08-03T11:30:00.000+01:00,DIAG-CLOSE;EURGBP;s=0;prev=16;c=17;firstObs=false;slotOn=true;inWindow=true;time_close=08-03 11:33
2026-08-03T11:30:00.000+01:00,DIAG-DEDUP;EURGBP;s=0;wOpened=08-03 11:27;nd=0;bestStored=none;bestStoredSlot=-1;newWins=true
2026-08-03T12:00:00.000+01:00,DIAG-CLOSE;EURCAD;s=0;prev=14;c=15;firstObs=false;slotOn=true;inWindow=true;time_close=08-03 12:03
2026-08-03T12:00:00.000+01:00,DIAG-DEDUP;EURCAD;s=0;wOpened=08-03 11:24;nd=0;bestStored=none;bestStoredSlot=-1;newWins=true
2026-08-03T12:00:00.000+01:00,DIAG-CLOSE;EURCAD;s=2;prev=4;c=5;firstObs=false;slotOn=true;inWindow=true;time_close=08-03 12:03
2026-08-03T12:00:00.000+01:00,DIAG-DEDUP;EURCAD;s=2;wOpened=08-03 11:27;nd=1;bestStored=08-03 11:24;bestStoredSlot=0;newWins=false
2026-08-03T12:00:00.000+01:00,DIAG-CLOSE;EURCAD;s=3;prev=7;c=8;firstObs=false;slotOn=true;inWindow=true;time_close=08-03 12:03
2026-08-03T12:00:00.000+01:00,DIAG-DEDUP;EURCAD;s=3;wOpened=08-03 11:27;nd=1;bestStored=08-03 11:24;bestStoredSlot=0;newWins=false
2026-08-03T12:42:00.000+01:00,DIAG-CLOSE;CADJPY;s=1;prev=9;c=10;firstObs=false;slotOn=true;inWindow=true;time_close=08-03 12:45
2026-08-03T12:42:00.000+01:00,DIAG-DEDUP;CADJPY;s=1;wOpened=08-03 10:51;nd=0;bestStored=none;bestStoredSlot=-1;newWins=true
2026-08-03T13:18:00.000+01:00,DIAG-CLOSE;USDJPY;s=0;prev=11;c=12;firstObs=false;slotOn=true;inWindow=true;time_close=08-03 13:21
2026-08-03T13:18:00.000+01:00,DIAG-DEDUP;USDJPY;s=0;wOpened=08-03 13:06;nd=0;bestStored=none;bestStoredSlot=-1;newWins=true
2026-08-03T13:18:00.000+01:00,DIAG-CLOSE;USDJPY;s=1;prev=10;c=11;firstObs=false;slotOn=true;inWindow=true;time_close=08-03 13:21
2026-08-03T13:18:00.000+01:00,DIAG-DEDUP;USDJPY;s=1;wOpened=08-03 10:51;nd=1;bestStored=08-03 13:06;bestStoredSlot=0;newWins=true
2026-08-03T13:18:00.000+01:00,DIAG-CLOSE;USDJPY;s=5;prev=1;c=2;firstObs=false;slotOn=true;inWindow=true;time_close=08-03 13:21
2026-08-03T13:18:00.000+01:00,DIAG-DEDUP;USDJPY;s=5;wOpened=08-03 12:45;nd=1;bestStored=08-03 10:51;bestStoredSlot=1;newWins=false
2026-08-03T13:18:00.000+01:00,DIAG-CLOSE;USDJPY;s=6;prev=0;c=1;firstObs=false;slotOn=true;inWindow=true;time_close=08-03 13:21
2026-08-03T13:18:00.000+01:00,DIAG-DEDUP;USDJPY;s=6;wOpened=08-03 13:03;nd=1;bestStored=08-03 10:51;bestStoredSlot=1;newWins=false
2026-08-03T13:18:00.000+01:00,DIAG-CLOSE;USDJPY;s=7;prev=0;c=1;firstObs=false;slotOn=true;inWindow=true;time_close=08-03 13:21
2026-08-03T13:18:00.000+01:00,DIAG-DEDUP;USDJPY;s=7;wOpened=08-03 13:03;nd=1;bestStored=08-03 10:51;bestStoredSlot=1;newWins=false
2026-08-03T13:18:00.000+01:00,DIAG-CLOSE;CADCHF;s=0;prev=10;c=11;firstObs=false;slotOn=true;inWindow=true;time_close=08-03 13:21
2026-08-03T13:18:00.000+01:00,DIAG-DEDUP;CADCHF;s=0;wOpened=08-03 13:09;nd=0;bestStored=none;bestStoredSlot=-1;newWins=true
2026-08-03T13:18:00.000+01:00,DIAG-CLOSE;CADCHF;s=1;prev=9;c=10;firstObs=false;slotOn=true;inWindow=true;time_close=08-03 13:21
2026-08-03T13:18:00.000+01:00,DIAG-DEDUP;CADCHF;s=1;wOpened=08-03 13:09;nd=1;bestStored=08-03 13:09;bestStoredSlot=0;newWins=true
2026-08-03T13:30:00.000+01:00,DIAG-CLOSE;GBPAUD;s=1;prev=5;c=6;firstObs=false;slotOn=true;inWindow=true;time_close=08-03 13:33
2026-08-03T13:30:00.000+01:00,DIAG-DEDUP;GBPAUD;s=1;wOpened=08-03 13:21;nd=0;bestStored=none;bestStoredSlot=-1;newWins=true
2026-08-03T13:30:00.000+01:00,DIAG-CLOSE;GBPAUD;s=2;prev=1;c=2;firstObs=false;slotOn=true;inWindow=true;time_close=08-03 13:33
2026-08-03T13:30:00.000+01:00,DIAG-DEDUP;GBPAUD;s=2;wOpened=08-03 13:24;nd=1;bestStored=08-03 13:21;bestStoredSlot=1;newWins=false
2026-08-03T13:57:00.000+01:00,DIAG-CLOSE;GBPAUD;s=0;prev=11;c=12;firstObs=false;slotOn=true;inWindow=true;time_close=08-03 14:00
2026-08-03T13:57:00.000+01:00,DIAG-DEDUP;GBPAUD;s=0;wOpened=08-03 13:24;nd=1;bestStored=08-03 13:21;bestStoredSlot=1;newWins=false
2026-08-03T13:57:00.000+01:00,DIAG-CLOSE;GBPAUD;s=3;prev=6;c=7;firstObs=false;slotOn=true;inWindow=true;time_close=08-03 14:00
2026-08-03T13:57:00.000+01:00,DIAG-DEDUP;GBPAUD;s=3;wOpened=08-03 13:42;nd=0;bestStored=none;bestStoredSlot=-1;newWins=true
2026-08-03T14:21:00.000+01:00,DIAG-CLOSE;GBPAUD;s=1;prev=6;c=7;firstObs=false;slotOn=true;inWindow=true;time_close=08-03 14:24
2026-08-03T14:21:00.000+01:00,DIAG-DEDUP;GBPAUD;s=1;wOpened=08-03 14:03;nd=0;bestStored=none;bestStoredSlot=-1;newWins=true
2026-08-03T14:21:00.000+01:00,DIAG-CLOSE;GBPAUD;s=5;prev=2;c=3;firstObs=false;slotOn=true;inWindow=true;time_close=08-03 14:24
2026-08-03T14:21:00.000+01:00,DIAG-DEDUP;GBPAUD;s=5;wOpened=08-03 13:24;nd=3;bestStored=08-03 13:21;bestStoredSlot=1;newWins=false
2026-08-03T14:21:00.000+01:00,DIAG-CLOSE;GBPAUD;s=7;prev=0;c=1;firstObs=false;slotOn=true;inWindow=true;time_close=08-03 14:24
2026-08-03T14:21:00.000+01:00,DIAG-DEDUP;GBPAUD;s=7;wOpened=08-03 13:42;nd=0;bestStored=none;bestStoredSlot=-1;newWins=true
2026-08-03T14:27:00.000+01:00,DIAG-CLOSE;EURAUD;s=0;prev=11;c=12;firstObs=false;slotOn=true;inWindow=true;time_close=08-03 14:30
2026-08-03T14:27:00.000+01:00,DIAG-DEDUP;EURAUD;s=0;wOpened=08-03 14:24;nd=0;bestStored=none;bestStoredSlot=-1;newWins=true
2026-08-03T14:27:00.000+01:00,DIAG-CLOSE;EURAUD;s=1;prev=11;c=12;firstObs=false;slotOn=true;inWindow=true;time_close=08-03 14:30
2026-08-03T14:27:00.000+01:00,DIAG-DEDUP;EURAUD;s=1;wOpened=08-03 14:24;nd=1;bestStored=08-03 14:24;bestStoredSlot=0;newWins=true
2026-08-03T15:21:00.000+01:00,DIAG-CLOSE;EURUSD;s=0;prev=8;c=9;firstObs=false;slotOn=true;inWindow=true;time_close=08-03 15:24
2026-08-03T15:21:00.000+01:00,DIAG-DEDUP;EURUSD;s=0;wOpened=08-03 13:54;nd=0;bestStored=none;bestStoredSlot=-1;newWins=true
2026-08-03T15:21:00.000+01:00,DIAG-CLOSE;EURUSD;s=1;prev=7;c=8;firstObs=false;slotOn=true;inWindow=true;time_close=08-03 15:24
2026-08-03T15:21:00.000+01:00,DIAG-DEDUP;EURUSD;s=1;wOpened=08-03 13:57;nd=1;bestStored=08-03 13:54;bestStoredSlot=0;newWins=false
2026-08-03T15:21:00.000+01:00,DIAG-CLOSE;EURUSD;s=2;prev=2;c=3;firstObs=false;slotOn=true;inWindow=true;time_close=08-03 15:24
2026-08-03T15:21:00.000+01:00,DIAG-DEDUP;EURUSD;s=2;wOpened=08-03 14:15;nd=1;bestStored=08-03 13:54;bestStoredSlot=0;newWins=false
2026-08-03T15:21:00.000+01:00,DIAG-CLOSE;EURUSD;s=3;prev=3;c=4;firstObs=false;slotOn=true;inWindow=true;time_close=08-03 15:24
2026-08-03T15:21:00.000+01:00,DIAG-DEDUP;EURUSD;s=3;wOpened=08-03 13:57;nd=1;bestStored=08-03 13:54;bestStoredSlot=0;newWins=false
2026-08-03T15:21:00.000+01:00,DIAG-CLOSE;EURUSD;s=4;prev=0;c=1;firstObs=false;slotOn=true;inWindow=true;time_close=08-03 15:24
2026-08-03T15:21:00.000+01:00,DIAG-DEDUP;EURUSD;s=4;wOpened=08-03 15:18;nd=1;bestStored=08-03 13:54;bestStoredSlot=0;newWins=false
2026-08-03T15:21:00.000+01:00,DIAG-CLOSE;EURUSD;s=5;prev=0;c=1;firstObs=false;slotOn=true;inWindow=true;time_close=08-03 15:24
2026-08-03T15:21:00.000+01:00,DIAG-DEDUP;EURUSD;s=5;wOpened=08-03 15:18;nd=1;bestStored=08-03 13:54;bestStoredSlot=0;newWins=false
2026-08-03T15:39:00.000+01:00,DIAG-CLOSE;AUDCHF;s=0;prev=10;c=11;firstObs=false;slotOn=true;inWindow=true;time_close=08-03 15:42
2026-08-03T15:39:00.000+01:00,DIAG-DEDUP;AUDCHF;s=0;wOpened=08-03 14:39;nd=0;bestStored=none;bestStoredSlot=-1;newWins=true
2026-08-03T15:39:00.000+01:00,DIAG-CLOSE;AUDCHF;s=1;prev=11;c=12;firstObs=false;slotOn=true;inWindow=true;time_close=08-03 15:42
2026-08-03T15:39:00.000+01:00,DIAG-DEDUP;AUDCHF;s=1;wOpened=08-03 14:39;nd=1;bestStored=08-03 14:39;bestStoredSlot=0;newWins=true
2026-08-03T16:00:00.000+01:00,DIAG-CLOSE;AUDJPY;s=1;prev=6;c=7;firstObs=false;slotOn=true;inWindow=true;time_close=08-03 16:03
2026-08-03T16:00:00.000+01:00,DIAG-DEDUP;AUDJPY;s=1;wOpened=08-03 15:54;nd=0;bestStored=none;bestStoredSlot=-1;newWins=true
2026-08-03T16:09:00.000+01:00,DIAG-CLOSE;USDCHF;s=0;prev=8;c=9;firstObs=false;slotOn=true;inWindow=true;time_close=08-03 16:12
2026-08-03T16:09:00.000+01:00,DIAG-DEDUP;USDCHF;s=0;wOpened=08-03 14:03;nd=0;bestStored=none;bestStoredSlot=-1;newWins=true
2026-08-03T16:33:00.000+01:00,DIAG-CLOSE;GBPUSD;s=0;prev=10;c=11;firstObs=false;slotOn=true;inWindow=true;time_close=08-03 16:36
2026-08-03T16:33:00.000+01:00,DIAG-DEDUP;GBPUSD;s=0;wOpened=08-03 15:00;nd=0;bestStored=none;bestStoredSlot=-1;newWins=true
2026-08-03T16:33:00.000+01:00,DIAG-CLOSE;GBPUSD;s=2;prev=5;c=6;firstObs=false;slotOn=true;inWindow=true;time_close=08-03 16:36
2026-08-03T16:33:00.000+01:00,DIAG-DEDUP;GBPUSD;s=2;wOpened=08-03 16:15;nd=1;bestStored=08-03 15:00;bestStoredSlot=0;newWins=false
2026-08-03T16:33:00.000+01:00,DIAG-CLOSE;GBPUSD;s=3;prev=4;c=5;firstObs=false;slotOn=true;inWindow=true;time_close=08-03 16:36
2026-08-03T16:33:00.000+01:00,DIAG-DEDUP;GBPUSD;s=3;wOpened=08-03 16:15;nd=1;bestStored=08-03 15:00;bestStoredSlot=0;newWins=false
2026-08-03T17:30:00.000+01:00,DIAG-CLOSE;AUDJPY;s=1;prev=7;c=8;firstObs=false;slotOn=true;inWindow=true;time_close=08-03 17:33
2026-08-03T17:30:00.000+01:00,DIAG-DEDUP;AUDJPY;s=1;wOpened=08-03 17:12;nd=0;bestStored=none;bestStoredSlot=-1;newWins=true
2026-08-03T18:18:00.000+01:00,DIAG-CLOSE;AUDCAD;s=0;prev=10;c=11;firstObs=false;slotOn=true;inWindow=true;time_close=08-03 18:21
2026-08-03T18:18:00.000+01:00,DIAG-DEDUP;AUDCAD;s=0;wOpened=08-03 18:15;nd=0;bestStored=none;bestStoredSlot=-1;newWins=true
2026-08-03T19:39:00.000+01:00,DIAG-CLOSE;CADCHF;s=0;prev=11;c=12;firstObs=false;slotOn=true;inWindow=true;time_close=08-03 19:42
2026-08-03T19:39:00.000+01:00,DIAG-DEDUP;CADCHF;s=0;wOpened=08-03 19:27;nd=0;bestStored=none;bestStoredSlot=-1;newWins=true
2026-08-03T20:30:00.000+01:00,DIAG-CLOSE;GBPJPY;s=0;prev=5;c=6;firstObs=false;slotOn=true;inWindow=true;time_close=08-03 20:33
2026-08-03T20:30:00.000+01:00,DIAG-DEDUP;GBPJPY;s=0;wOpened=08-03 19:24;nd=0;bestStored=none;bestStoredSlot=-1;newWins=true
2026-08-03T20:30:00.000+01:00,DIAG-CLOSE;GBPJPY;s=3;prev=1;c=2;firstObs=false;slotOn=true;inWindow=true;time_close=08-03 20:33
2026-08-03T20:30:00.000+01:00,DIAG-DEDUP;GBPJPY;s=3;wOpened=08-03 19:27;nd=1;bestStored=08-03 19:24;bestStoredSlot=0;newWins=false
2026-08-03T20:30:00.000+01:00,DIAG-CLOSE;CADJPY;s=0;prev=15;c=16;firstObs=false;slotOn=true;inWindow=true;time_close=08-03 20:33
2026-08-03T20:30:00.000+01:00,DIAG-DEDUP;CADJPY;s=0;wOpened=08-03 16:33;nd=0;bestStored=none;bestStoredSlot=-1;newWins=true
2026-08-03T20:30:00.000+01:00,DIAG-CLOSE;CADJPY;s=1;prev=10;c=11;firstObs=false;slotOn=true;inWindow=true;time_close=08-03 20:33
2026-08-03T20:30:00.000+01:00,DIAG-DEDUP;CADJPY;s=1;wOpened=08-03 16:57;nd=1;bestStored=08-03 16:33;bestStoredSlot=0;newWins=false
2026-08-03T20:30:00.000+01:00,DIAG-CLOSE;CADJPY;s=2;prev=8;c=9;firstObs=false;slotOn=true;inWindow=true;time_close=08-03 20:33
2026-08-03T20:30:00.000+01:00,DIAG-DEDUP;CADJPY;s=2;wOpened=08-03 16:33;nd=1;bestStored=08-03 16:33;bestStoredSlot=0;newWins=true
2026-08-03T20:30:00.000+01:00,DIAG-CLOSE;CADJPY;s=3;prev=6;c=7;firstObs=false;slotOn=true;inWindow=true;time_close=08-03 20:33
2026-08-03T20:30:00.000+01:00,DIAG-DEDUP;CADJPY;s=3;wOpened=08-03 17:00;nd=1;bestStored=08-03 16:33;bestStoredSlot=2;newWins=false
2026-08-03T20:30:00.000+01:00,DIAG-CLOSE;CADJPY;s=4;prev=3;c=4;firstObs=false;slotOn=true;inWindow=true;time_close=08-03 20:33
2026-08-03T20:30:00.000+01:00,DIAG-DEDUP;CADJPY;s=4;wOpened=08-03 17:00;nd=1;bestStored=08-03 16:33;bestStoredSlot=2;newWins=false
2026-08-03T20:30:00.000+01:00,DIAG-CLOSE;CADJPY;s=6;prev=0;c=1;firstObs=false;slotOn=true;inWindow=true;time_close=08-03 20:33
2026-08-03T20:30:00.000+01:00,DIAG-DEDUP;CADJPY;s=6;wOpened=08-03 19:27;nd=1;bestStored=08-03 16:33;bestStoredSlot=2;newWins=false
2026-08-03T20:30:00.000+01:00,DIAG-CLOSE;AUDJPY;s=0;prev=10;c=11;firstObs=false;slotOn=true;inWindow=true;time_close=08-03 20:33
2026-08-03T20:30:00.000+01:00,DIAG-DEDUP;AUDJPY;s=0;wOpened=08-03 17:12;nd=1;bestStored=08-03 17:12;bestStoredSlot=1;newWins=false
2026-08-03T20:30:00.000+01:00,DIAG-CLOSE;AUDJPY;s=2;prev=1;c=2;firstObs=false;slotOn=true;inWindow=true;time_close=08-03 20:33
2026-08-03T20:30:00.000+01:00,DIAG-DEDUP;AUDJPY;s=2;wOpened=08-03 17:12;nd=1;bestStored=08-03 17:12;bestStoredSlot=1;newWins=true
2026-08-03T20:30:00.000+01:00,DIAG-CLOSE;AUDJPY;s=3;prev=3;c=4;firstObs=false;slotOn=true;inWindow=true;time_close=08-03 20:33
2026-08-03T20:30:00.000+01:00,DIAG-DEDUP;AUDJPY;s=3;wOpened=08-03 17:12;nd=1;bestStored=08-03 17:12;bestStoredSlot=2;newWins=true
2026-08-03T20:36:00.000+01:00,DIAG-CLOSE;CADJPY;s=7;prev=1;c=2;firstObs=false;slotOn=true;inWindow=true;time_close=08-03 20:39
2026-08-03T20:36:00.000+01:00,DIAG-DEDUP;CADJPY;s=7;wOpened=08-03 19:27;nd=1;bestStored=08-03 16:33;bestStoredSlot=2;newWins=false
2026-08-03T20:54:00.000+01:00,DIAG-CLOSE;EURJPY;s=0;prev=9;c=10;firstObs=false;slotOn=true;inWindow=true;time_close=08-03 20:57
2026-08-03T20:54:00.000+01:00,DIAG-DEDUP;EURJPY;s=0;wOpened=08-03 20:27;nd=0;bestStored=none;bestStoredSlot=-1;newWins=true
2026-08-03T20:54:00.000+01:00,DIAG-CLOSE;EURJPY;s=1;prev=6;c=7;firstObs=false;slotOn=true;inWindow=true;time_close=08-03 20:57
2026-08-03T20:54:00.000+01:00,DIAG-DEDUP;EURJPY;s=1;wOpened=08-03 20:36;nd=1;bestStored=08-03 20:27;bestStoredSlot=0;newWins=false
2026-08-03T20:54:00.000+01:00,DIAG-CLOSE;EURJPY;s=2;prev=5;c=6;firstObs=false;slotOn=true;inWindow=true;time_close=08-03 20:57
2026-08-03T20:54:00.000+01:00,DIAG-DEDUP;EURJPY;s=2;wOpened=08-03 20:36;nd=1;bestStored=08-03 20:27;bestStoredSlot=0;newWins=false
2026-08-03T20:54:00.000+01:00,DIAG-CLOSE;EURJPY;s=3;prev=6;c=7;firstObs=false;slotOn=true;inWindow=true;time_close=08-03 20:57
2026-08-03T20:54:00.000+01:00,DIAG-DEDUP;EURJPY;s=3;wOpened=08-03 20:51;nd=1;bestStored=08-03 20:27;bestStoredSlot=0;newWins=false
2026-08-03T20:54:00.000+01:00,DIAG-CLOSE;EURJPY;s=5;prev=2;c=3;firstObs=false;slotOn=true;inWindow=true;time_close=08-03 20:57
2026-08-03T20:54:00.000+01:00,DIAG-DEDUP;EURJPY;s=5;wOpened=08-03 20:51;nd=1;bestStored=08-03 20:27;bestStoredSlot=0;newWins=false
2026-08-03T20:54:00.000+01:00,DIAG-CLOSE;CADJPY;s=5;prev=3;c=4;firstObs=false;slotOn=true;inWindow=true;time_close=08-03 20:57
2026-08-03T20:54:00.000+01:00,DIAG-DEDUP;CADJPY;s=5;wOpened=08-03 17:12;nd=1;bestStored=08-03 16:33;bestStoredSlot=2;newWins=false
2026-08-03T21:03:00.000+01:00,DIAG-CLOSE;AUDUSD;s=1;prev=10;c=11;firstObs=false;slotOn=true;inWindow=true;time_close=08-03 21:06
2026-08-03T21:03:00.000+01:00,DIAG-DEDUP;AUDUSD;s=1;wOpened=08-03 20:57;nd=0;bestStored=none;bestStoredSlot=-1;newWins=true
2026-08-03T21:27:00.000+01:00,DIAG-CLOSE;EURUSD;s=0;prev=9;c=10;firstObs=false;slotOn=true;inWindow=true;time_close=08-03 21:30
2026-08-03T21:27:00.000+01:00,DIAG-DEDUP;EURUSD;s=0;wOpened=08-03 20:15;nd=0;bestStored=none;bestStoredSlot=-1;newWins=true
2026-08-03T21:27:00.000+01:00,DIAG-CLOSE;EURUSD;s=2;prev=3;c=4;firstObs=false;slotOn=true;inWindow=true;time_close=08-03 21:30
2026-08-03T21:27:00.000+01:00,DIAG-DEDUP;EURUSD;s=2;wOpened=08-03 21:24;nd=1;bestStored=08-03 20:15;bestStoredSlot=0;newWins=false
2026-08-03T21:27:00.000+01:00,DIAG-CLOSE;EURUSD;s=3;prev=4;c=5;firstObs=false;slotOn=true;inWindow=true;time_close=08-03 21:30
2026-08-03T21:27:00.000+01:00,DIAG-DEDUP;EURUSD;s=3;wOpened=08-03 20:18;nd=1;bestStored=08-03 20:15;bestStoredSlot=0;newWins=false
2026-08-03T21:27:00.000+01:00,DIAG-CLOSE;AUDUSD;s=0;prev=13;c=14;firstObs=false;slotOn=true;inWindow=true;time_close=08-03 21:30
2026-08-03T21:27:00.000+01:00,DIAG-DEDUP;AUDUSD;s=0;wOpened=08-03 20:54;nd=1;bestStored=08-03 20:57;bestStoredSlot=1;newWins=true
2026-08-03T21:27:00.000+01:00,DIAG-CLOSE;AUDUSD;s=2;prev=6;c=7;firstObs=false;slotOn=true;inWindow=true;time_close=08-03 21:30
2026-08-03T21:27:00.000+01:00,DIAG-DEDUP;AUDUSD;s=2;wOpened=08-03 21:21;nd=1;bestStored=08-03 20:54;bestStoredSlot=0;newWins=false
2026-08-03T21:27:00.000+01:00,DIAG-CLOSE;AUDUSD;s=3;prev=8;c=9;firstObs=false;slotOn=true;inWindow=true;time_close=08-03 21:30
2026-08-03T21:27:00.000+01:00,DIAG-DEDUP;AUDUSD;s=3;wOpened=08-03 20:57;nd=1;bestStored=08-03 20:54;bestStoredSlot=0;newWins=false
2026-08-03T21:27:00.000+01:00,DIAG-CLOSE;AUDUSD;s=4;prev=2;c=3;firstObs=false;slotOn=true;inWindow=true;time_close=08-03 21:30
2026-08-03T21:27:00.000+01:00,DIAG-DEDUP;AUDUSD;s=4;wOpened=08-03 21:21;nd=1;bestStored=08-03 20:54;bestStoredSlot=0;newWins=false
2026-08-03T22:57:00.000+01:00,DIAG-CLOSE;USDJPY;s=0;prev=12;c=13;firstObs=false;slotOn=true;inWindow=true;time_close=08-03 23:00
2026-08-03T22:57:00.000+01:00,DIAG-DEDUP;USDJPY;s=0;wOpened=08-03 22:36;nd=0;bestStored=none;bestStoredSlot=-1;newWins=true
2026-08-03T23:09:00.000+01:00,DIAG-CLOSE;CHFJPY;s=1;prev=6;c=7;firstObs=false;slotOn=true;inWindow=true;time_close=08-03 23:12
2026-08-03T23:09:00.000+01:00,DIAG-DEDUP;CHFJPY;s=1;wOpened=08-03 21:54;nd=0;bestStored=none;bestStoredSlot=-1;newWins=true
2026-08-03T23:09:00.000+01:00,DIAG-CLOSE;CADJPY;s=1;prev=11;c=12;firstObs=false;slotOn=true;inWindow=true;time_close=08-03 23:12
2026-08-03T23:09:00.000+01:00,DIAG-DEDUP;CADJPY;s=1;wOpened=08-03 22:39;nd=0;bestStored=none;bestStoredSlot=-1;newWins=true
2026-08-03T23:18:00.000+01:00,DIAG-CLOSE;CADJPY;s=0;prev=16;c=17;firstObs=false;slotOn=true;inWindow=true;time_close=08-03 23:21
2026-08-03T23:18:00.000+01:00,DIAG-DEDUP;CADJPY;s=0;wOpened=08-03 22:42;nd=1;bestStored=08-03 22:39;bestStoredSlot=1;newWins=false
2026-08-04T00:03:00.000+01:00,DIAG-CLOSE;GBPCHF;s=1;prev=9;c=10;firstObs=false;slotOn=true;inWindow=true;time_close=08-04 00:06
2026-08-04T00:03:00.000+01:00,DIAG-DEDUP;GBPCHF;s=1;wOpened=08-04 00:00;nd=0;bestStored=none;bestStoredSlot=-1;newWins=true
2026-08-04T00:45:00.000+01:00,DIAG-CLOSE;EURGBP;s=0;prev=17;c=18;firstObs=false;slotOn=true;inWindow=true;time_close=08-04 00:48
2026-08-04T00:45:00.000+01:00,DIAG-DEDUP;EURGBP;s=0;wOpened=08-04 00:33;nd=0;bestStored=none;bestStoredSlot=-1;newWins=true
2026-08-04T00:45:00.000+01:00,DIAG-CLOSE;EURGBP;s=3;prev=7;c=8;firstObs=false;slotOn=true;inWindow=true;time_close=08-04 00:48
2026-08-04T00:45:00.000+01:00,DIAG-DEDUP;EURGBP;s=3;wOpened=08-04 00:36;nd=1;bestStored=08-04 00:33;bestStoredSlot=0;newWins=false
2026-08-04T00:57:00.000+01:00,DIAG-CLOSE;EURUSD;s=1;prev=8;c=9;firstObs=false;slotOn=true;inWindow=true;time_close=08-04 01:00
2026-08-04T00:57:00.000+01:00,DIAG-DEDUP;EURUSD;s=1;wOpened=08-03 21:21;nd=1;bestStored=08-03 20:15;bestStoredSlot=0;newWins=false
2026-08-04T00:57:00.000+01:00,DIAG-CLOSE;EURUSD;s=5;prev=1;c=2;firstObs=false;slotOn=true;inWindow=true;time_close=08-04 01:00
2026-08-04T00:57:00.000+01:00,DIAG-DEDUP;EURUSD;s=5;wOpened=08-03 21:24;nd=1;bestStored=08-03 20:15;bestStoredSlot=0;newWins=false
2026-08-04T00:57:00.000+01:00,DIAG-CLOSE;EURUSD;s=6;prev=0;c=1;firstObs=false;slotOn=true;inWindow=true;time_close=08-04 01:00
2026-08-04T00:57:00.000+01:00,DIAG-DEDUP;EURUSD;s=6;wOpened=08-03 22:06;nd=0;bestStored=none;bestStoredSlot=-1;newWins=true
2026-08-04T00:57:00.000+01:00,DIAG-CLOSE;EURUSD;s=7;prev=0;c=1;firstObs=false;slotOn=true;inWindow=true;time_close=08-04 01:00
2026-08-04T00:57:00.000+01:00,DIAG-DEDUP;EURUSD;s=7;wOpened=08-03 22:06;nd=1;bestStored=08-03 22:06;bestStoredSlot=6;newWins=true
2026-08-04T02:03:00.000+01:00,DIAG-CLOSE;GBPCAD;s=0;prev=5;c=6;firstObs=false;slotOn=true;inWindow=true;time_close=08-04 02:06
2026-08-04T02:03:00.000+01:00,DIAG-DEDUP;GBPCAD;s=0;wOpened=08-03 23:24;nd=0;bestStored=none;bestStoredSlot=-1;newWins=true
2026-08-04T02:03:00.000+01:00,DIAG-CLOSE;GBPCAD;s=1;prev=8;c=9;firstObs=false;slotOn=true;inWindow=true;time_close=08-04 02:06
2026-08-04T02:03:00.000+01:00,DIAG-DEDUP;GBPCAD;s=1;wOpened=08-03 23:24;nd=1;bestStored=08-03 23:24;bestStoredSlot=0;newWins=true
2026-08-04T02:03:00.000+01:00,DIAG-CLOSE;GBPCAD;s=2;prev=3;c=4;firstObs=false;slotOn=true;inWindow=true;time_close=08-04 02:06
2026-08-04T02:03:00.000+01:00,DIAG-DEDUP;GBPCAD;s=2;wOpened=08-04 00:15;nd=1;bestStored=08-03 23:24;bestStoredSlot=1;newWins=false
2026-08-04T02:03:00.000+01:00,DIAG-CLOSE;GBPCAD;s=3;prev=2;c=3;firstObs=false;slotOn=true;inWindow=true;time_close=08-04 02:06
2026-08-04T02:03:00.000+01:00,DIAG-DEDUP;GBPCAD;s=3;wOpened=08-04 00:15;nd=1;bestStored=08-03 23:24;bestStoredSlot=1;newWins=false
2026-08-04T02:03:00.000+01:00,DIAG-CLOSE;GBPCAD;s=5;prev=3;c=4;firstObs=false;slotOn=true;inWindow=true;time_close=08-04 02:06
2026-08-04T02:03:00.000+01:00,DIAG-DEDUP;GBPCAD;s=5;wOpened=08-04 00:15;nd=1;bestStored=08-03 23:24;bestStoredSlot=1;newWins=false
2026-08-04T02:30:00.000+01:00,DIAG-CLOSE;EURCAD;s=0;prev=15;c=16;firstObs=false;slotOn=true;inWindow=true;time_close=08-04 02:33
2026-08-04T02:30:00.000+01:00,DIAG-DEDUP;EURCAD;s=0;wOpened=08-04 02:12;nd=0;bestStored=none;bestStoredSlot=-1;newWins=true
2026-08-04T02:30:00.000+01:00,DIAG-CLOSE;EURCAD;s=2;prev=5;c=6;firstObs=false;slotOn=true;inWindow=true;time_close=08-04 02:33
2026-08-04T02:30:00.000+01:00,DIAG-DEDUP;EURCAD;s=2;wOpened=08-04 02:15;nd=1;bestStored=08-04 02:12;bestStoredSlot=0;newWins=false
2026-08-04T02:30:00.000+01:00,DIAG-CLOSE;EURCAD;s=3;prev=8;c=9;firstObs=false;slotOn=true;inWindow=true;time_close=08-04 02:33
2026-08-04T02:30:00.000+01:00,DIAG-DEDUP;EURCAD;s=3;wOpened=08-04 02:12;nd=1;bestStored=08-04 02:12;bestStoredSlot=0;newWins=true
2026-08-04T03:39:00.000+01:00,DIAG-CLOSE;EURGBP;s=0;prev=18;c=19;firstObs=false;slotOn=true;inWindow=true;time_close=08-04 03:42
2026-08-04T03:39:00.000+01:00,DIAG-DEDUP;EURGBP;s=0;wOpened=08-04 03:27;nd=0;bestStored=none;bestStoredSlot=-1;newWins=true
2026-08-04T03:39:00.000+01:00,DIAG-CLOSE;EURGBP;s=1;prev=10;c=11;firstObs=false;slotOn=true;inWindow=true;time_close=08-04 03:42
2026-08-04T03:39:00.000+01:00,DIAG-DEDUP;EURGBP;s=1;wOpened=08-04 03:30;nd=1;bestStored=08-04 03:27;bestStoredSlot=0;newWins=false
2026-08-04T03:39:00.000+01:00,DIAG-CLOSE;EURGBP;s=2;prev=6;c=7;firstObs=false;slotOn=true;inWindow=true;time_close=08-04 03:42
2026-08-04T03:39:00.000+01:00,DIAG-DEDUP;EURGBP;s=2;wOpened=08-04 03:30;nd=1;bestStored=08-04 03:27;bestStoredSlot=0;newWins=false
2026-08-04T03:39:00.000+01:00,DIAG-CLOSE;EURGBP;s=3;prev=8;c=9;firstObs=false;slotOn=true;inWindow=true;time_close=08-04 03:42
2026-08-04T03:39:00.000+01:00,DIAG-DEDUP;EURGBP;s=3;wOpened=08-04 03:30;nd=1;bestStored=08-04 03:27;bestStoredSlot=0;newWins=false
2026-08-04T04:21:00.000+01:00,DIAG-CLOSE;CHFJPY;s=0;prev=10;c=11;firstObs=false;slotOn=true;inWindow=true;time_close=08-04 04:24
2026-08-04T04:21:00.000+01:00,DIAG-DEDUP;CHFJPY;s=0;wOpened=08-04 03:09;nd=0;bestStored=none;bestStoredSlot=-1;newWins=true
2026-08-04T04:21:00.000+01:00,DIAG-CLOSE;CHFJPY;s=1;prev=7;c=8;firstObs=false;slotOn=true;inWindow=true;time_close=08-04 04:24
2026-08-04T04:21:00.000+01:00,DIAG-DEDUP;CHFJPY;s=1;wOpened=08-04 03:09;nd=1;bestStored=08-04 03:09;bestStoredSlot=0;newWins=true
2026-08-04T04:21:00.000+01:00,DIAG-CLOSE;CHFJPY;s=2;prev=2;c=3;firstObs=false;slotOn=true;inWindow=true;time_close=08-04 04:24
2026-08-04T04:21:00.000+01:00,DIAG-DEDUP;CHFJPY;s=2;wOpened=08-04 03:54;nd=1;bestStored=08-04 03:09;bestStoredSlot=1;newWins=false
2026-08-04T04:21:00.000+01:00,DIAG-CLOSE;CHFJPY;s=4;prev=2;c=3;firstObs=false;slotOn=true;inWindow=true;time_close=08-04 04:24
2026-08-04T04:21:00.000+01:00,DIAG-DEDUP;CHFJPY;s=4;wOpened=08-04 03:57;nd=1;bestStored=08-04 03:09;bestStoredSlot=1;newWins=false
2026-08-04T04:51:00.000+01:00,DIAG-CLOSE;GBPAUD;s=2;prev=2;c=3;firstObs=false;slotOn=true;inWindow=true;time_close=08-04 04:54
2026-08-04T04:51:00.000+01:00,DIAG-DEDUP;GBPAUD;s=2;wOpened=08-04 04:48;nd=0;bestStored=none;bestStoredSlot=-1;newWins=true
2026-08-04T05:06:00.000+01:00,DIAG-CLOSE;GBPUSD;s=0;prev=11;c=12;firstObs=false;slotOn=true;inWindow=true;time_close=08-04 05:09
2026-08-04T05:06:00.000+01:00,DIAG-DEDUP;GBPUSD;s=0;wOpened=08-04 02:09;nd=0;bestStored=none;bestStoredSlot=-1;newWins=true
2026-08-04T05:06:00.000+01:00,DIAG-CLOSE;GBPUSD;s=2;prev=6;c=7;firstObs=false;slotOn=true;inWindow=true;time_close=08-04 05:09
2026-08-04T05:06:00.000+01:00,DIAG-DEDUP;GBPUSD;s=2;wOpened=08-04 02:15;nd=1;bestStored=08-04 02:09;bestStoredSlot=0;newWins=false
2026-08-04T05:06:00.000+01:00,DIAG-CLOSE;GBPUSD;s=3;prev=5;c=6;firstObs=false;slotOn=true;inWindow=true;time_close=08-04 05:09
2026-08-04T05:06:00.000+01:00,DIAG-DEDUP;GBPUSD;s=3;wOpened=08-04 02:15;nd=1;bestStored=08-04 02:09;bestStoredSlot=0;newWins=false
2026-08-04T05:06:00.000+01:00,DIAG-CLOSE;GBPUSD;s=4;prev=3;c=4;firstObs=false;slotOn=true;inWindow=true;time_close=08-04 05:09
2026-08-04T05:06:00.000+01:00,DIAG-DEDUP;GBPUSD;s=4;wOpened=08-04 02:48;nd=1;bestStored=08-04 02:09;bestStoredSlot=0;newWins=false
2026-08-04T05:06:00.000+01:00,DIAG-CLOSE;USDCHF;s=0;prev=9;c=10;firstObs=false;slotOn=true;inWindow=true;time_close=08-04 05:09
2026-08-04T05:06:00.000+01:00,DIAG-DEDUP;USDCHF;s=0;wOpened=08-04 04:36;nd=0;bestStored=none;bestStoredSlot=-1;newWins=true
2026-08-04T05:06:00.000+01:00,DIAG-CLOSE;USDCHF;s=1;prev=8;c=9;firstObs=false;slotOn=true;inWindow=true;time_close=08-04 05:09
2026-08-04T05:06:00.000+01:00,DIAG-DEDUP;USDCHF;s=1;wOpened=08-04 04:36;nd=1;bestStored=08-04 04:36;bestStoredSlot=0;newWins=true
2026-08-04T05:06:00.000+01:00,DIAG-CLOSE;USDCHF;s=2;prev=3;c=4;firstObs=false;slotOn=true;inWindow=true;time_close=08-04 05:09
2026-08-04T05:06:00.000+01:00,DIAG-DEDUP;USDCHF;s=2;wOpened=08-04 04:39;nd=1;bestStored=08-04 04:36;bestStoredSlot=1;newWins=false
2026-08-04T05:06:00.000+01:00,DIAG-CLOSE;USDCHF;s=3;prev=4;c=5;firstObs=false;slotOn=true;inWindow=true;time_close=08-04 05:09
2026-08-04T05:06:00.000+01:00,DIAG-DEDUP;USDCHF;s=3;wOpened=08-04 04:39;nd=1;bestStored=08-04 04:36;bestStoredSlot=1;newWins=false
2026-08-04T05:06:00.000+01:00,DIAG-CLOSE;USDCHF;s=5;prev=2;c=3;firstObs=false;slotOn=true;inWindow=true;time_close=08-04 05:09
2026-08-04T05:06:00.000+01:00,DIAG-DEDUP;USDCHF;s=5;wOpened=08-04 05:03;nd=1;bestStored=08-04 04:36;bestStoredSlot=1;newWins=false
2026-08-04T05:06:00.000+01:00,DIAG-CLOSE;GBPCHF;s=0;prev=9;c=10;firstObs=false;slotOn=true;inWindow=true;time_close=08-04 05:09
2026-08-04T05:06:00.000+01:00,DIAG-DEDUP;GBPCHF;s=0;wOpened=08-04 04:15;nd=0;bestStored=none;bestStoredSlot=-1;newWins=true
2026-08-04T05:06:00.000+01:00,DIAG-CLOSE;GBPCHF;s=1;prev=10;c=11;firstObs=false;slotOn=true;inWindow=true;time_close=08-04 05:09
2026-08-04T05:06:00.000+01:00,DIAG-DEDUP;GBPCHF;s=1;wOpened=08-04 03:30;nd=1;bestStored=08-04 04:15;bestStoredSlot=0;newWins=true
2026-08-04T05:06:00.000+01:00,DIAG-CLOSE;GBPCHF;s=3;prev=4;c=5;firstObs=false;slotOn=true;inWindow=true;time_close=08-04 05:09
2026-08-04T05:06:00.000+01:00,DIAG-DEDUP;GBPCHF;s=3;wOpened=08-04 04:18;nd=1;bestStored=08-04 03:30;bestStoredSlot=1;newWins=false
2026-08-04T05:06:00.000+01:00,DIAG-CLOSE;GBPCHF;s=5;prev=1;c=2;firstObs=false;slotOn=true;inWindow=true;time_close=08-04 05:09
2026-08-04T05:06:00.000+01:00,DIAG-DEDUP;GBPCHF;s=5;wOpened=08-04 04:12;nd=1;bestStored=08-04 03:30;bestStoredSlot=1;newWins=false
2026-08-04T05:06:00.000+01:00,DIAG-CLOSE;GBPCHF;s=6;prev=1;c=2;firstObs=false;slotOn=true;inWindow=true;time_close=08-04 05:09
2026-08-04T05:06:00.000+01:00,DIAG-DEDUP;GBPCHF;s=6;wOpened=08-04 04:18;nd=1;bestStored=08-04 03:30;bestStoredSlot=1;newWins=false
2026-08-04T05:06:00.000+01:00,DIAG-CLOSE;GBPCHF;s=7;prev=1;c=2;firstObs=false;slotOn=true;inWindow=true;time_close=08-04 05:09
2026-08-04T05:06:00.000+01:00,DIAG-DEDUP;GBPCHF;s=7;wOpened=08-04 04:18;nd=1;bestStored=08-04 03:30;bestStoredSlot=1;newWins=false
2026-08-04T05:36:00.000+01:00,DIAG-CLOSE;GBPAUD;s=0;prev=12;c=13;firstObs=false;slotOn=true;inWindow=true;time_close=08-04 05:39
2026-08-04T05:36:00.000+01:00,DIAG-DEDUP;GBPAUD;s=0;wOpened=08-04 04:45;nd=1;bestStored=08-04 04:48;bestStoredSlot=2;newWins=true
2026-08-04T05:36:00.000+01:00,DIAG-CLOSE;GBPAUD;s=3;prev=7;c=8;firstObs=false;slotOn=true;inWindow=true;time_close=08-04 05:39
2026-08-04T05:36:00.000+01:00,DIAG-DEDUP;GBPAUD;s=3;wOpened=08-04 04:45;nd=1;bestStored=08-04 04:45;bestStoredSlot=0;newWins=true
2026-08-04T05:42:00.000+01:00,DIAG-CLOSE;EURGBP;s=0;prev=19;c=20;firstObs=false;slotOn=true;inWindow=true;time_close=08-04 05:45
2026-08-04T05:42:00.000+01:00,DIAG-DEDUP;EURGBP;s=0;wOpened=08-04 04:27;nd=0;bestStored=none;bestStoredSlot=-1;newWins=true
2026-08-04T05:42:00.000+01:00,DIAG-CLOSE;EURGBP;s=3;prev=9;c=10;firstObs=false;slotOn=true;inWindow=true;time_close=08-04 05:45
2026-08-04T05:42:00.000+01:00,DIAG-DEDUP;EURGBP;s=3;wOpened=08-04 04:24;nd=1;bestStored=08-04 04:27;bestStoredSlot=0;newWins=true
2026-08-04T05:45:00.000+01:00,DIAG-CLOSE;USDJPY;s=1;prev=11;c=12;firstObs=false;slotOn=true;inWindow=true;time_close=08-04 05:48
2026-08-04T05:45:00.000+01:00,DIAG-DEDUP;USDJPY;s=1;wOpened=08-04 04:30;nd=0;bestStored=none;bestStoredSlot=-1;newWins=true
2026-08-04T05:45:00.000+01:00,DIAG-CLOSE;CHFJPY;s=7;prev=1;c=2;firstObs=false;slotOn=true;inWindow=true;time_close=08-04 05:48
2026-08-04T05:45:00.000+01:00,DIAG-DEDUP;CHFJPY;s=7;wOpened=08-04 04:30;nd=0;bestStored=none;bestStoredSlot=-1;newWins=true
2026-08-04T05:54:00.000+01:00,DIAG-CLOSE;EURUSD;s=0;prev=10;c=11;firstObs=false;slotOn=true;inWindow=true;time_close=08-04 05:57
2026-08-04T05:54:00.000+01:00,DIAG-DEDUP;EURUSD;s=0;wOpened=08-04 05:15;nd=0;bestStored=none;bestStoredSlot=-1;newWins=true
2026-08-04T05:54:00.000+01:00,DIAG-CLOSE;EURUSD;s=1;prev=9;c=10;firstObs=false;slotOn=true;inWindow=true;time_close=08-04 05:57
2026-08-04T05:54:00.000+01:00,DIAG-DEDUP;EURUSD;s=1;wOpened=08-04 05:15;nd=1;bestStored=08-04 05:15;bestStoredSlot=0;newWins=true
2026-08-04T05:54:00.000+01:00,DIAG-CLOSE;EURUSD;s=2;prev=4;c=5;firstObs=false;slotOn=true;inWindow=true;time_close=08-04 05:57
2026-08-04T05:54:00.000+01:00,DIAG-DEDUP;EURUSD;s=2;wOpened=08-04 05:21;nd=1;bestStored=08-04 05:15;bestStoredSlot=1;newWins=false
2026-08-04T05:54:00.000+01:00,DIAG-CLOSE;EURUSD;s=3;prev=5;c=6;firstObs=false;slotOn=true;inWindow=true;time_close=08-04 05:57
2026-08-04T05:54:00.000+01:00,DIAG-DEDUP;EURUSD;s=3;wOpened=08-04 05:21;nd=1;bestStored=08-04 05:15;bestStoredSlot=1;newWins=false
2026-08-04T05:54:00.000+01:00,DIAG-CLOSE;EURUSD;s=4;prev=1;c=2;firstObs=false;slotOn=true;inWindow=true;time_close=08-04 05:57
2026-08-04T05:54:00.000+01:00,DIAG-DEDUP;EURUSD;s=4;wOpened=08-04 05:24;nd=1;bestStored=08-04 05:15;bestStoredSlot=1;newWins=false
2026-08-04T07:09:00.000+01:00,DIAG-CLOSE;GBPCHF;s=0;prev=10;c=11;firstObs=false;slotOn=true;inWindow=true;time_close=08-04 07:12
2026-08-04T07:09:00.000+01:00,DIAG-DEDUP;GBPCHF;s=0;wOpened=08-04 07:06;nd=0;bestStored=none;bestStoredSlot=-1;newWins=true
2026-08-04T07:09:00.000+01:00,DIAG-CLOSE;GBPCHF;s=1;prev=11;c=12;firstObs=false;slotOn=true;inWindow=true;time_close=08-04 07:12
2026-08-04T07:09:00.000+01:00,DIAG-DEDUP;GBPCHF;s=1;wOpened=08-04 05:54;nd=1;bestStored=08-04 07:06;bestStoredSlot=0;newWins=true
2026-08-04T07:12:00.000+01:00,DIAG-CLOSE;AUDCAD;s=0;prev=11;c=12;firstObs=false;slotOn=true;inWindow=true;time_close=08-04 07:15
2026-08-04T07:12:00.000+01:00,DIAG-DEDUP;AUDCAD;s=0;wOpened=08-04 07:09;nd=0;bestStored=none;bestStoredSlot=-1;newWins=true
2026-08-04T07:12:00.000+01:00,DIAG-CLOSE;AUDCAD;s=1;prev=11;c=12;firstObs=false;slotOn=true;inWindow=true;time_close=08-04 07:15
2026-08-04T07:12:00.000+01:00,DIAG-DEDUP;AUDCAD;s=1;wOpened=08-04 06:36;nd=1;bestStored=08-04 07:09;bestStoredSlot=0;newWins=true
2026-08-04T07:12:00.000+01:00,DIAG-CLOSE;AUDCAD;s=5;prev=5;c=6;firstObs=false;slotOn=true;inWindow=true;time_close=08-04 07:15
2026-08-04T07:12:00.000+01:00,DIAG-DEDUP;AUDCAD;s=5;wOpened=08-04 07:09;nd=1;bestStored=08-04 06:36;bestStoredSlot=1;newWins=false
2026-08-04T08:15:00.000+01:00,DIAG-CLOSE;GBPUSD;s=1;prev=11;c=12;firstObs=false;slotOn=true;inWindow=true;time_close=08-04 08:18
2026-08-04T08:15:00.000+01:00,DIAG-DEDUP;GBPUSD;s=1;wOpened=08-04 02:48;nd=1;bestStored=08-04 02:09;bestStoredSlot=0;newWins=false
2026-08-04T08:15:00.000+01:00,DIAG-CLOSE;GBPUSD;s=5;prev=2;c=3;firstObs=false;slotOn=true;inWindow=true;time_close=08-04 08:18
2026-08-04T08:15:00.000+01:00,DIAG-DEDUP;GBPUSD;s=5;wOpened=08-04 07:27;nd=0;bestStored=none;bestStoredSlot=-1;newWins=true
2026-08-04T08:18:00.000+01:00,DIAG-CLOSE;AUDCHF;s=0;prev=11;c=12;firstObs=false;slotOn=true;inWindow=true;time_close=08-04 08:21
2026-08-04T08:18:00.000+01:00,DIAG-DEDUP;AUDCHF;s=0;wOpened=08-04 05:51;nd=0;bestStored=none;bestStoredSlot=-1;newWins=true
2026-08-04T08:18:00.000+01:00,DIAG-CLOSE;AUDCHF;s=1;prev=12;c=13;firstObs=false;slotOn=true;inWindow=true;time_close=08-04 08:21
2026-08-04T08:18:00.000+01:00,DIAG-DEDUP;AUDCHF;s=1;wOpened=08-04 04:33;nd=1;bestStored=08-04 05:51;bestStoredSlot=0;newWins=true
2026-08-04T08:18:00.000+01:00,DIAG-CLOSE;AUDCHF;s=2;prev=4;c=5;firstObs=false;slotOn=true;inWindow=true;time_close=08-04 08:21
2026-08-04T08:18:00.000+01:00,DIAG-DEDUP;AUDCHF;s=2;wOpened=08-04 05:54;nd=1;bestStored=08-04 04:33;bestStoredSlot=1;newWins=false
2026-08-04T08:18:00.000+01:00,DIAG-CLOSE;AUDCHF;s=3;prev=5;c=6;firstObs=false;slotOn=true;inWindow=true;time_close=08-04 08:21
2026-08-04T08:18:00.000+01:00,DIAG-DEDUP;AUDCHF;s=3;wOpened=08-04 05:54;nd=1;bestStored=08-04 04:33;bestStoredSlot=1;newWins=false
2026-08-04T08:18:00.000+01:00,DIAG-CLOSE;AUDCHF;s=4;prev=2;c=3;firstObs=false;slotOn=true;inWindow=true;time_close=08-04 08:21
2026-08-04T08:18:00.000+01:00,DIAG-DEDUP;AUDCHF;s=4;wOpened=08-04 07:54;nd=1;bestStored=08-04 04:33;bestStoredSlot=1;newWins=false
2026-08-04T08:18:00.000+01:00,DIAG-CLOSE;AUDCHF;s=6;prev=2;c=3;firstObs=false;slotOn=true;inWindow=true;time_close=08-04 08:21
2026-08-04T08:18:00.000+01:00,DIAG-DEDUP;AUDCHF;s=6;wOpened=08-04 07:54;nd=1;bestStored=08-04 04:33;bestStoredSlot=1;newWins=false
2026-08-04T08:48:00.000+01:00,DIAG-CLOSE;GBPAUD;s=0;prev=13;c=14;firstObs=false;slotOn=true;inWindow=true;time_close=08-04 08:51
2026-08-04T08:48:00.000+01:00,DIAG-DEDUP;GBPAUD;s=0;wOpened=08-04 08:21;nd=0;bestStored=none;bestStoredSlot=-1;newWins=true
2026-08-04T08:48:00.000+01:00,DIAG-CLOSE;GBPAUD;s=1;prev=7;c=8;firstObs=false;slotOn=true;inWindow=true;time_close=08-04 08:51
2026-08-04T08:48:00.000+01:00,DIAG-DEDUP;GBPAUD;s=1;wOpened=08-04 08:03;nd=1;bestStored=08-04 08:21;bestStoredSlot=0;newWins=true
2026-08-04T08:54:00.000+01:00,DIAG-CLOSE;GBPJPY;s=1;prev=5;c=6;firstObs=false;slotOn=true;inWindow=true;time_close=08-04 08:57
2026-08-04T08:54:00.000+01:00,DIAG-DEDUP;GBPJPY;s=1;wOpened=08-04 07:54;nd=0;bestStored=none;bestStoredSlot=-1;newWins=true
2026-08-04T09:24:00.000+01:00,DIAG-CLOSE;EURCHF;s=0;prev=16;c=17;firstObs=false;slotOn=true;inWindow=true;time_close=08-04 09:27
2026-08-04T09:24:00.000+01:00,DIAG-DEDUP;EURCHF;s=0;wOpened=08-04 09:21;nd=0;bestStored=none;bestStoredSlot=-1;newWins=true
2026-08-04T09:24:00.000+01:00,DIAG-CLOSE;EURCHF;s=1;prev=11;c=12;firstObs=false;slotOn=true;inWindow=true;time_close=08-04 09:27
2026-08-04T09:24:00.000+01:00,DIAG-DEDUP;EURCHF;s=1;wOpened=08-04 09:03;nd=1;bestStored=08-04 09:21;bestStoredSlot=0;newWins=true
2026-08-04T09:24:00.000+01:00,DIAG-CLOSE;EURCHF;s=2;prev=7;c=8;firstObs=false;slotOn=true;inWindow=true;time_close=08-04 09:27
2026-08-04T09:24:00.000+01:00,DIAG-DEDUP;EURCHF;s=2;wOpened=08-04 09:03;nd=1;bestStored=08-04 09:03;bestStoredSlot=1;newWins=true
2026-08-04T10:39:00.000+01:00,DIAG-CLOSE;EURUSD;s=5;prev=2;c=3;firstObs=false;slotOn=true;inWindow=true;time_close=08-04 10:42
2026-08-04T10:39:00.000+01:00,DIAG-DEDUP;EURUSD;s=5;wOpened=08-04 06:51;nd=0;bestStored=none;bestStoredSlot=-1;newWins=true
2026-08-04T10:39:00.000+01:00,DIAG-CLOSE;EURUSD;s=7;prev=1;c=2;firstObs=false;slotOn=true;inWindow=true;time_close=08-04 10:42
2026-08-04T10:39:00.000+01:00,DIAG-DEDUP;EURUSD;s=7;wOpened=08-04 06:54;nd=1;bestStored=08-04 06:51;bestStoredSlot=5;newWins=false
2026-08-04T11:36:00.000+01:00,DIAG-CLOSE;EURGBP;s=0;prev=20;c=21;firstObs=false;slotOn=true;inWindow=true;time_close=08-04 11:39
2026-08-04T11:36:00.000+01:00,DIAG-DEDUP;EURGBP;s=0;wOpened=08-04 10:45;nd=0;bestStored=none;bestStoredSlot=-1;newWins=true
2026-08-04T11:39:00.000+01:00,DIAG-CLOSE;USDJPY;s=0;prev=13;c=14;firstObs=false;slotOn=true;inWindow=true;time_close=08-04 11:42
2026-08-04T11:39:00.000+01:00,DIAG-DEDUP;USDJPY;s=0;wOpened=08-04 10:27;nd=0;bestStored=none;bestStoredSlot=-1;newWins=true
2026-08-04T11:54:00.000+01:00,DIAG-CLOSE;EURCAD;s=0;prev=16;c=17;firstObs=false;slotOn=true;inWindow=true;time_close=08-04 11:57
2026-08-04T11:54:00.000+01:00,DIAG-DEDUP;EURCAD;s=0;wOpened=08-04 10:24;nd=0;bestStored=none;bestStoredSlot=-1;newWins=true
2026-08-04T11:54:00.000+01:00,DIAG-CLOSE;EURCAD;s=2;prev=6;c=7;firstObs=false;slotOn=true;inWindow=true;time_close=08-04 11:57
2026-08-04T11:54:00.000+01:00,DIAG-DEDUP;EURCAD;s=2;wOpened=08-04 11:51;nd=1;bestStored=08-04 10:24;bestStoredSlot=0;newWins=false
2026-08-04T11:54:00.000+01:00,DIAG-CLOSE;EURCAD;s=3;prev=9;c=10;firstObs=false;slotOn=true;inWindow=true;time_close=08-04 11:57
2026-08-04T11:54:00.000+01:00,DIAG-DEDUP;EURCAD;s=3;wOpened=08-04 10:24;nd=1;bestStored=08-04 10:24;bestStoredSlot=0;newWins=true
2026-08-04T12:24:00.000+01:00,DIAG-CLOSE;EURJPY;s=0;prev=10;c=11;firstObs=false;slotOn=true;inWindow=true;time_close=08-04 12:27
2026-08-04T12:24:00.000+01:00,DIAG-DEDUP;EURJPY;s=0;wOpened=08-04 11:45;nd=0;bestStored=none;bestStoredSlot=-1;newWins=true
2026-08-04T12:27:00.000+01:00,DIAG-CLOSE;GBPJPY;s=0;prev=6;c=7;firstObs=false;slotOn=true;inWindow=true;time_close=08-04 12:30
2026-08-04T12:27:00.000+01:00,DIAG-DEDUP;GBPJPY;s=0;wOpened=08-04 12:24;nd=0;bestStored=none;bestStoredSlot=-1;newWins=true
2026-08-04T12:27:00.000+01:00,DIAG-CLOSE;GBPCHF;s=0;prev=11;c=12;firstObs=false;slotOn=true;inWindow=true;time_close=08-04 12:30
2026-08-04T12:27:00.000+01:00,DIAG-DEDUP;GBPCHF;s=0;wOpened=08-04 11:00;nd=0;bestStored=none;bestStoredSlot=-1;newWins=true
2026-08-04T12:30:00.000+01:00,DIAG-CLOSE;GBPJPY;s=2;prev=2;c=3;firstObs=false;slotOn=true;inWindow=true;time_close=08-04 12:33
2026-08-04T12:30:00.000+01:00,DIAG-DEDUP;GBPJPY;s=2;wOpened=08-04 12:24;nd=1;bestStored=08-04 12:24;bestStoredSlot=0;newWins=true
2026-08-04T12:33:00.000+01:00,DIAG-CLOSE;GBPJPY;s=1;prev=6;c=7;firstObs=false;slotOn=true;inWindow=true;time_close=08-04 12:36
2026-08-04T12:33:00.000+01:00,DIAG-DEDUP;GBPJPY;s=1;wOpened=08-04 11:48;nd=1;bestStored=08-04 12:24;bestStoredSlot=2;newWins=true
2026-08-04T12:33:00.000+01:00,DIAG-CLOSE;GBPCHF;s=1;prev=12;c=13;firstObs=false;slotOn=true;inWindow=true;time_close=08-04 12:36
2026-08-04T12:33:00.000+01:00,DIAG-DEDUP;GBPCHF;s=1;wOpened=08-04 10:33;nd=1;bestStored=08-04 11:00;bestStoredSlot=0;newWins=true
2026-08-04T12:45:00.000+01:00,DIAG-CLOSE;AUDJPY;s=0;prev=11;c=12;firstObs=false;slotOn=true;inWindow=true;time_close=08-04 12:48
2026-08-04T12:45:00.000+01:00,DIAG-DEDUP;AUDJPY;s=0;wOpened=08-04 12:27;nd=0;bestStored=none;bestStoredSlot=-1;newWins=true
2026-08-04T12:51:00.000+01:00,DIAG-CLOSE;EURCHF;s=1;prev=12;c=13;firstObs=false;slotOn=true;inWindow=true;time_close=08-04 12:54
2026-08-04T12:51:00.000+01:00,DIAG-DEDUP;EURCHF;s=1;wOpened=08-04 12:03;nd=0;bestStored=none;bestStoredSlot=-1;newWins=true
2026-08-04T12:51:00.000+01:00,DIAG-CLOSE;EURCHF;s=2;prev=8;c=9;firstObs=false;slotOn=true;inWindow=true;time_close=08-04 12:54
2026-08-04T12:51:00.000+01:00,DIAG-DEDUP;EURCHF;s=2;wOpened=08-04 12:03;nd=1;bestStored=08-04 12:03;bestStoredSlot=1;newWins=true
2026-08-04T13:21:00.000+01:00,DIAG-CLOSE;AUDUSD;s=1;prev=11;c=12;firstObs=false;slotOn=true;inWindow=true;time_close=08-04 13:24
2026-08-04T13:21:00.000+01:00,DIAG-DEDUP;AUDUSD;s=1;wOpened=08-04 12:39;nd=0;bestStored=none;bestStoredSlot=-1;newWins=true
2026-08-04T13:45:00.000+01:00,DIAG-CLOSE;EURCHF;s=0;prev=17;c=18;firstObs=false;slotOn=true;inWindow=true;time_close=08-04 13:48
2026-08-04T13:45:00.000+01:00,DIAG-DEDUP;EURCHF;s=0;wOpened=08-04 13:42;nd=0;bestStored=none;bestStoredSlot=-1;newWins=true
2026-08-04T14:15:00.000+01:00,DIAG-CLOSE;GBPUSD;s=0;prev=12;c=13;firstObs=false;slotOn=true;inWindow=true;time_close=08-04 14:18
2026-08-04T14:15:00.000+01:00,DIAG-DEDUP;GBPUSD;s=0;wOpened=08-04 14:12;nd=0;bestStored=none;bestStoredSlot=-1;newWins=true
2026-08-04T14:18:00.000+01:00,DIAG-CLOSE;CHFJPY;s=0;prev=11;c=12;firstObs=false;slotOn=true;inWindow=true;time_close=08-04 14:21
2026-08-04T14:18:00.000+01:00,DIAG-DEDUP;CHFJPY;s=0;wOpened=08-04 13:48;nd=0;bestStored=none;bestStoredSlot=-1;newWins=true
2026-08-04T14:18:00.000+01:00,DIAG-CLOSE;CHFJPY;s=1;prev=8;c=9;firstObs=false;slotOn=true;inWindow=true;time_close=08-04 14:21
2026-08-04T14:18:00.000+01:00,DIAG-DEDUP;CHFJPY;s=1;wOpened=08-04 13:45;nd=1;bestStored=08-04 13:48;bestStoredSlot=0;newWins=true
2026-08-04T14:18:00.000+01:00,DIAG-CLOSE;CHFJPY;s=3;prev=3;c=4;firstObs=false;slotOn=true;inWindow=true;time_close=08-04 14:21
2026-08-04T14:18:00.000+01:00,DIAG-DEDUP;CHFJPY;s=3;wOpened=08-04 13:48;nd=1;bestStored=08-04 13:45;bestStoredSlot=1;newWins=false
2026-08-04T15:12:00.000+01:00,DIAG-CLOSE;AUDUSD;s=0;prev=14;c=15;firstObs=false;slotOn=true;inWindow=true;time_close=08-04 15:15
2026-08-04T15:12:00.000+01:00,DIAG-DEDUP;AUDUSD;s=0;wOpened=08-04 14:12;nd=0;bestStored=none;bestStoredSlot=-1;newWins=true
2026-08-04T15:24:00.000+01:00,DIAG-CLOSE;AUDCHF;s=0;prev=12;c=13;firstObs=false;slotOn=true;inWindow=true;time_close=08-04 15:27
2026-08-04T15:24:00.000+01:00,DIAG-DEDUP;AUDCHF;s=0;wOpened=08-04 15:00;nd=0;bestStored=none;bestStoredSlot=-1;newWins=true
2026-08-04T15:24:00.000+01:00,DIAG-CLOSE;AUDCHF;s=3;prev=6;c=7;firstObs=false;slotOn=true;inWindow=true;time_close=08-04 15:27
2026-08-04T15:24:00.000+01:00,DIAG-DEDUP;AUDCHF;s=3;wOpened=08-04 15:00;nd=1;bestStored=08-04 15:00;bestStoredSlot=0;newWins=true
2026-08-04T15:27:00.000+01:00,DIAG-CLOSE;EURJPY;s=0;prev=11;c=12;firstObs=false;slotOn=true;inWindow=true;time_close=08-04 15:30
2026-08-04T15:27:00.000+01:00,DIAG-DEDUP;EURJPY;s=0;wOpened=08-04 15:06;nd=0;bestStored=none;bestStoredSlot=-1;newWins=true
2026-08-04T15:27:00.000+01:00,DIAG-CLOSE;EURJPY;s=1;prev=7;c=8;firstObs=false;slotOn=true;inWindow=true;time_close=08-04 15:30
2026-08-04T15:27:00.000+01:00,DIAG-DEDUP;EURJPY;s=1;wOpened=08-04 15:06;nd=1;bestStored=08-04 15:06;bestStoredSlot=0;newWins=true
2026-08-04T15:27:00.000+01:00,DIAG-CLOSE;EURJPY;s=2;prev=6;c=7;firstObs=false;slotOn=true;inWindow=true;time_close=08-04 15:30
2026-08-04T15:27:00.000+01:00,DIAG-DEDUP;EURJPY;s=2;wOpened=08-04 15:06;nd=1;bestStored=08-04 15:06;bestStoredSlot=1;newWins=true
2026-08-04T15:27:00.000+01:00,DIAG-CLOSE;EURJPY;s=5;prev=3;c=4;firstObs=false;slotOn=true;inWindow=true;time_close=08-04 15:30
2026-08-04T15:27:00.000+01:00,DIAG-DEDUP;EURJPY;s=5;wOpened=08-04 15:06;nd=1;bestStored=08-04 15:06;bestStoredSlot=2;newWins=true
2026-08-04T15:27:00.000+01:00,DIAG-CLOSE;GBPJPY;s=0;prev=7;c=8;firstObs=false;slotOn=true;inWindow=true;time_close=08-04 15:30
2026-08-04T15:27:00.000+01:00,DIAG-DEDUP;GBPJPY;s=0;wOpened=08-04 14:45;nd=0;bestStored=none;bestStoredSlot=-1;newWins=true
2026-08-04T15:27:00.000+01:00,DIAG-CLOSE;GBPJPY;s=2;prev=3;c=4;firstObs=false;slotOn=true;inWindow=true;time_close=08-04 15:30
2026-08-04T15:27:00.000+01:00,DIAG-DEDUP;GBPJPY;s=2;wOpened=08-04 14:48;nd=1;bestStored=08-04 14:45;bestStoredSlot=0;newWins=false
2026-08-04T15:54:00.000+01:00,DIAG-CLOSE;USDJPY;s=0;prev=14;c=15;firstObs=false;slotOn=true;inWindow=true;time_close=08-04 15:57
2026-08-04T15:54:00.000+01:00,DIAG-DEDUP;USDJPY;s=0;wOpened=08-04 14:45;nd=0;bestStored=none;bestStoredSlot=-1;newWins=true
2026-08-04T15:54:00.000+01:00,DIAG-CLOSE;USDJPY;s=3;prev=8;c=9;firstObs=false;slotOn=true;inWindow=true;time_close=08-04 15:57
2026-08-04T15:54:00.000+01:00,DIAG-DEDUP;USDJPY;s=3;wOpened=08-04 14:45;nd=1;bestStored=08-04 14:45;bestStoredSlot=0;newWins=true
2026-08-04T16:21:00.000+01:00,DIAG-CLOSE;AUDJPY;s=0;prev=12;c=13;firstObs=false;slotOn=true;inWindow=true;time_close=08-04 16:24
2026-08-04T16:21:00.000+01:00,DIAG-DEDUP;AUDJPY;s=0;wOpened=08-04 16:00;nd=0;bestStored=none;bestStoredSlot=-1;newWins=true
2026-08-04T16:27:00.000+01:00,DIAG-CLOSE;EURCHF;s=0;prev=18;c=19;firstObs=false;slotOn=true;inWindow=true;time_close=08-04 16:30
2026-08-04T16:27:00.000+01:00,DIAG-DEDUP;EURCHF;s=0;wOpened=08-04 15:42;nd=0;bestStored=none;bestStoredSlot=-1;newWins=true
2026-08-04T16:27:00.000+01:00,DIAG-CLOSE;EURCHF;s=1;prev=13;c=14;firstObs=false;slotOn=true;inWindow=true;time_close=08-04 16:30
2026-08-04T16:27:00.000+01:00,DIAG-DEDUP;EURCHF;s=1;wOpened=08-04 16:12;nd=1;bestStored=08-04 15:42;bestStoredSlot=0;newWins=false
2026-08-04T16:27:00.000+01:00,DIAG-CLOSE;EURCHF;s=2;prev=9;c=10;firstObs=false;slotOn=true;inWindow=true;time_close=08-04 16:30
2026-08-04T16:27:00.000+01:00,DIAG-DEDUP;EURCHF;s=2;wOpened=08-04 16:12;nd=1;bestStored=08-04 15:42;bestStoredSlot=0;newWins=false
2026-08-04T16:27:00.000+01:00,DIAG-CLOSE;EURCHF;s=3;prev=8;c=9;firstObs=false;slotOn=true;inWindow=true;time_close=08-04 16:30
2026-08-04T16:27:00.000+01:00,DIAG-DEDUP;EURCHF;s=3;wOpened=08-04 16:12;nd=1;bestStored=08-04 15:42;bestStoredSlot=0;newWins=false
2026-08-04T16:48:00.000+01:00,DIAG-CLOSE;AUDCAD;s=1;prev=12;c=13;firstObs=false;slotOn=true;inWindow=true;time_close=08-04 16:51
2026-08-04T16:48:00.000+01:00,DIAG-DEDUP;AUDCAD;s=1;wOpened=08-04 16:12;nd=0;bestStored=none;bestStoredSlot=-1;newWins=true
2026-08-04T16:48:00.000+01:00,DIAG-CLOSE;AUDCAD;s=5;prev=6;c=7;firstObs=false;slotOn=true;inWindow=true;time_close=08-04 16:51
2026-08-04T16:48:00.000+01:00,DIAG-DEDUP;AUDCAD;s=5;wOpened=08-04 16:12;nd=1;bestStored=08-04 16:12;bestStoredSlot=1;newWins=true
2026-08-04T17:30:00.000+01:00,DIAG-CLOSE;EURAUD;s=0;prev=12;c=13;firstObs=false;slotOn=true;inWindow=true;time_close=08-04 17:33
2026-08-04T17:30:00.000+01:00,DIAG-DEDUP;EURAUD;s=0;wOpened=08-04 17:03;nd=0;bestStored=none;bestStoredSlot=-1;newWins=true
2026-08-04T17:30:00.000+01:00,DIAG-CLOSE;EURAUD;s=1;prev=12;c=13;firstObs=false;slotOn=true;inWindow=true;time_close=08-04 17:33
2026-08-04T17:30:00.000+01:00,DIAG-DEDUP;EURAUD;s=1;wOpened=08-04 17:03;nd=1;bestStored=08-04 17:03;bestStoredSlot=0;newWins=true
2026-08-04T17:30:00.000+01:00,DIAG-CLOSE;EURAUD;s=2;prev=4;c=5;firstObs=false;slotOn=true;inWindow=true;time_close=08-04 17:33
2026-08-04T17:30:00.000+01:00,DIAG-DEDUP;EURAUD;s=2;wOpened=08-04 17:03;nd=1;bestStored=08-04 17:03;bestStoredSlot=1;newWins=true
2026-08-04T17:39:00.000+01:00,DIAG-CLOSE;AUDJPY;s=0;prev=13;c=14;firstObs=false;slotOn=true;inWindow=true;time_close=08-04 17:42
2026-08-04T17:39:00.000+01:00,DIAG-DEDUP;AUDJPY;s=0;wOpened=08-04 17:21;nd=0;bestStored=none;bestStoredSlot=-1;newWins=true
2026-08-04T17:39:00.000+01:00,DIAG-CLOSE;AUDJPY;s=1;prev=8;c=9;firstObs=false;slotOn=true;inWindow=true;time_close=08-04 17:42
2026-08-04T17:39:00.000+01:00,DIAG-DEDUP;AUDJPY;s=1;wOpened=08-04 17:21;nd=1;bestStored=08-04 17:21;bestStoredSlot=0;newWins=true
2026-08-04T17:48:00.000+01:00,DIAG-CLOSE;EURUSD;s=0;prev=11;c=12;firstObs=false;slotOn=true;inWindow=true;time_close=08-04 17:51
2026-08-04T17:48:00.000+01:00,DIAG-DEDUP;EURUSD;s=0;wOpened=08-04 17:42;nd=0;bestStored=none;bestStoredSlot=-1;newWins=true
2026-08-04T18:00:00.000+01:00,DIAG-CLOSE;EURJPY;s=0;prev=12;c=13;firstObs=false;slotOn=true;inWindow=true;time_close=08-04 18:03
2026-08-04T18:00:00.000+01:00,DIAG-DEDUP;EURJPY;s=0;wOpened=08-04 17:57;nd=0;bestStored=none;bestStoredSlot=-1;newWins=true
2026-08-04T18:00:00.000+01:00,DIAG-CLOSE;EURJPY;s=1;prev=8;c=9;firstObs=false;slotOn=true;inWindow=true;time_close=08-04 18:03
2026-08-04T18:00:00.000+01:00,DIAG-DEDUP;EURJPY;s=1;wOpened=08-04 17:57;nd=1;bestStored=08-04 17:57;bestStoredSlot=0;newWins=true
2026-08-04T18:03:00.000+01:00,DIAG-CLOSE;CADJPY;s=0;prev=17;c=18;firstObs=false;slotOn=true;inWindow=true;time_close=08-04 18:06
2026-08-04T18:03:00.000+01:00,DIAG-DEDUP;CADJPY;s=0;wOpened=08-04 18:00;nd=0;bestStored=none;bestStoredSlot=-1;newWins=true
2026-08-04T18:03:00.000+01:00,DIAG-CLOSE;CADJPY;s=1;prev=12;c=13;firstObs=false;slotOn=true;inWindow=true;time_close=08-04 18:06
2026-08-04T18:03:00.000+01:00,DIAG-DEDUP;CADJPY;s=1;wOpened=08-04 17:57;nd=1;bestStored=08-04 18:00;bestStoredSlot=0;newWins=true
2026-08-04T18:12:00.000+01:00,DIAG-CLOSE;AUDUSD;s=0;prev=15;c=16;firstObs=false;slotOn=true;inWindow=true;time_close=08-04 18:15
2026-08-04T18:12:00.000+01:00,DIAG-DEDUP;AUDUSD;s=0;wOpened=08-04 17:03;nd=0;bestStored=none;bestStoredSlot=-1;newWins=true
2026-08-04T18:12:00.000+01:00,DIAG-CLOSE;AUDUSD;s=2;prev=7;c=8;firstObs=false;slotOn=true;inWindow=true;time_close=08-04 18:15
2026-08-04T18:12:00.000+01:00,DIAG-DEDUP;AUDUSD;s=2;wOpened=08-04 18:09;nd=1;bestStored=08-04 17:03;bestStoredSlot=0;newWins=false
2026-08-04T18:18:00.000+01:00,DIAG-CLOSE;AUDUSD;s=1;prev=12;c=13;firstObs=false;slotOn=true;inWindow=true;time_close=08-04 18:21
2026-08-04T18:18:00.000+01:00,DIAG-DEDUP;AUDUSD;s=1;wOpened=08-04 17:03;nd=1;bestStored=08-04 17:03;bestStoredSlot=0;newWins=true
2026-08-04T18:36:00.000+01:00,DIAG-CLOSE;CADJPY;s=3;prev=7;c=8;firstObs=false;slotOn=true;inWindow=true;time_close=08-04 18:39
2026-08-04T18:36:00.000+01:00,DIAG-DEDUP;CADJPY;s=3;wOpened=08-04 18:00;nd=1;bestStored=08-04 17:57;bestStoredSlot=1;newWins=false
2026-08-04T18:48:00.000+01:00,DIAG-CLOSE;GBPCHF;s=0;prev=12;c=13;firstObs=false;slotOn=true;inWindow=true;time_close=08-04 18:51
2026-08-04T18:48:00.000+01:00,DIAG-DEDUP;GBPCHF;s=0;wOpened=08-04 18:21;nd=0;bestStored=none;bestStoredSlot=-1;newWins=true
2026-08-04T18:48:00.000+01:00,DIAG-CLOSE;GBPCHF;s=1;prev=13;c=14;firstObs=false;slotOn=true;inWindow=true;time_close=08-04 18:51
2026-08-04T18:48:00.000+01:00,DIAG-DEDUP;GBPCHF;s=1;wOpened=08-04 18:21;nd=1;bestStored=08-04 18:21;bestStoredSlot=0;newWins=true
2026-08-04T19:27:00.000+01:00,DIAG-CLOSE;GBPJPY;s=0;prev=8;c=9;firstObs=false;slotOn=true;inWindow=true;time_close=08-04 19:30
2026-08-04T19:27:00.000+01:00,DIAG-DEDUP;GBPJPY;s=0;wOpened=08-04 16:48;nd=0;bestStored=none;bestStoredSlot=-1;newWins=true
2026-08-04T19:27:00.000+01:00,DIAG-CLOSE;GBPJPY;s=1;prev=7;c=8;firstObs=false;slotOn=true;inWindow=true;time_close=08-04 19:30
2026-08-04T19:27:00.000+01:00,DIAG-DEDUP;GBPJPY;s=1;wOpened=08-04 16:54;nd=1;bestStored=08-04 16:48;bestStoredSlot=0;newWins=false
2026-08-04T19:27:00.000+01:00,DIAG-CLOSE;GBPJPY;s=2;prev=4;c=5;firstObs=false;slotOn=true;inWindow=true;time_close=08-04 19:30
2026-08-04T19:27:00.000+01:00,DIAG-DEDUP;GBPJPY;s=2;wOpened=08-04 16:54;nd=1;bestStored=08-04 16:48;bestStoredSlot=0;newWins=false
2026-08-04T19:27:00.000+01:00,DIAG-CLOSE;GBPJPY;s=3;prev=2;c=3;firstObs=false;slotOn=true;inWindow=true;time_close=08-04 19:30
2026-08-04T19:27:00.000+01:00,DIAG-DEDUP;GBPJPY;s=3;wOpened=08-04 16:51;nd=1;bestStored=08-04 16:48;bestStoredSlot=0;newWins=false
2026-08-04T19:27:00.000+01:00,DIAG-CLOSE;GBPJPY;s=4;prev=0;c=1;firstObs=false;slotOn=true;inWindow=true;time_close=08-04 19:30
2026-08-04T19:27:00.000+01:00,DIAG-DEDUP;GBPJPY;s=4;wOpened=08-04 16:54;nd=1;bestStored=08-04 16:48;bestStoredSlot=0;newWins=false
2026-08-04T19:27:00.000+01:00,DIAG-CLOSE;GBPJPY;s=5;prev=1;c=2;firstObs=false;slotOn=true;inWindow=true;time_close=08-04 19:30
2026-08-04T19:27:00.000+01:00,DIAG-DEDUP;GBPJPY;s=5;wOpened=08-04 17:18;nd=1;bestStored=08-04 16:48;bestStoredSlot=0;newWins=false
2026-08-04T19:27:00.000+01:00,DIAG-CLOSE;GBPJPY;s=6;prev=0;c=1;firstObs=false;slotOn=true;inWindow=true;time_close=08-04 19:30
2026-08-04T19:27:00.000+01:00,DIAG-DEDUP;GBPJPY;s=6;wOpened=08-04 17:21;nd=1;bestStored=08-04 16:48;bestStoredSlot=0;newWins=false
2026-08-04T19:27:00.000+01:00,DIAG-CLOSE;GBPJPY;s=7;prev=0;c=1;firstObs=false;slotOn=true;inWindow=true;time_close=08-04 19:30
2026-08-04T19:27:00.000+01:00,DIAG-DEDUP;GBPJPY;s=7;wOpened=08-04 17:21;nd=1;bestStored=08-04 16:48;bestStoredSlot=0;newWins=false
2026-08-04T19:30:00.000+01:00,DIAG-CLOSE;CADCHF;s=0;prev=12;c=13;firstObs=false;slotOn=true;inWindow=true;time_close=08-04 19:33
2026-08-04T19:30:00.000+01:00,DIAG-DEDUP;CADCHF;s=0;wOpened=08-04 16:12;nd=0;bestStored=none;bestStoredSlot=-1;newWins=true
2026-08-04T19:30:00.000+01:00,DIAG-CLOSE;CADCHF;s=2;prev=5;c=6;firstObs=false;slotOn=true;inWindow=true;time_close=08-04 19:33
2026-08-04T19:30:00.000+01:00,DIAG-DEDUP;CADCHF;s=2;wOpened=08-04 17:18;nd=1;bestStored=08-04 16:12;bestStoredSlot=0;newWins=false
2026-08-04T19:30:00.000+01:00,DIAG-CLOSE;CADCHF;s=3;prev=6;c=7;firstObs=false;slotOn=true;inWindow=true;time_close=08-04 19:33
2026-08-04T19:30:00.000+01:00,DIAG-DEDUP;CADCHF;s=3;wOpened=08-04 17:03;nd=1;bestStored=08-04 16:12;bestStoredSlot=0;newWins=false
2026-08-04T19:30:00.000+01:00,DIAG-CLOSE;CADCHF;s=4;prev=2;c=3;firstObs=false;slotOn=true;inWindow=true;time_close=08-04 19:33
2026-08-04T19:30:00.000+01:00,DIAG-DEDUP;CADCHF;s=4;wOpened=08-04 18:00;nd=1;bestStored=08-04 16:12;bestStoredSlot=0;newWins=false
2026-08-04T19:36:00.000+01:00,DIAG-CLOSE;CHFJPY;s=0;prev=12;c=13;firstObs=false;slotOn=true;inWindow=true;time_close=08-04 19:39
2026-08-04T19:36:00.000+01:00,DIAG-DEDUP;CHFJPY;s=0;wOpened=08-04 17:54;nd=0;bestStored=none;bestStoredSlot=-1;newWins=true
2026-08-04T19:36:00.000+01:00,DIAG-CLOSE;CHFJPY;s=2;prev=3;c=4;firstObs=false;slotOn=true;inWindow=true;time_close=08-04 19:39
2026-08-04T19:36:00.000+01:00,DIAG-DEDUP;CHFJPY;s=2;wOpened=08-04 18:48;nd=1;bestStored=08-04 17:54;bestStoredSlot=0;newWins=false
2026-08-04T19:36:00.000+01:00,DIAG-CLOSE;CHFJPY;s=3;prev=4;c=5;firstObs=false;slotOn=true;inWindow=true;time_close=08-04 19:39
2026-08-04T19:36:00.000+01:00,DIAG-DEDUP;CHFJPY;s=3;wOpened=08-04 17:54;nd=1;bestStored=08-04 17:54;bestStoredSlot=0;newWins=true
2026-08-04T19:36:00.000+01:00,DIAG-CLOSE;CHFJPY;s=4;prev=3;c=4;firstObs=false;slotOn=true;inWindow=true;time_close=08-04 19:39
2026-08-04T19:36:00.000+01:00,DIAG-DEDUP;CHFJPY;s=4;wOpened=08-04 18:48;nd=1;bestStored=08-04 17:54;bestStoredSlot=3;newWins=false
2026-08-04T20:00:00.000+01:00,DIAG-CLOSE;GBPUSD;s=0;prev=13;c=14;firstObs=false;slotOn=true;inWindow=true;time_close=08-04 20:03
2026-08-04T20:00:00.000+01:00,DIAG-DEDUP;GBPUSD;s=0;wOpened=08-04 19:21;nd=0;bestStored=none;bestStoredSlot=-1;newWins=true
2026-08-04T20:00:00.000+01:00,DIAG-CLOSE;GBPUSD;s=1;prev=12;c=13;firstObs=false;slotOn=true;inWindow=true;time_close=08-04 20:03
2026-08-04T20:00:00.000+01:00,DIAG-DEDUP;GBPUSD;s=1;wOpened=08-04 19:21;nd=1;bestStored=08-04 19:21;bestStoredSlot=0;newWins=true
2026-08-04T20:00:00.000+01:00,DIAG-CLOSE;GBPUSD;s=5;prev=3;c=4;firstObs=false;slotOn=true;inWindow=true;time_close=08-04 20:03
2026-08-04T20:00:00.000+01:00,DIAG-DEDUP;GBPUSD;s=5;wOpened=08-04 19:21;nd=1;bestStored=08-04 19:21;bestStoredSlot=1;newWins=true
2026-08-04T23:15:00.000+01:00,DIAG-CLOSE;AUDCAD;s=0;prev=12;c=13;firstObs=false;slotOn=true;inWindow=true;time_close=08-04 23:18
2026-08-04T23:15:00.000+01:00,DIAG-DEDUP;AUDCAD;s=0;wOpened=08-04 22:21;nd=0;bestStored=none;bestStoredSlot=-1;newWins=true
2026-08-04T23:15:00.000+01:00,DIAG-CLOSE;AUDCAD;s=2;prev=10;c=11;firstObs=false;slotOn=true;inWindow=true;time_close=08-04 23:18
2026-08-04T23:15:00.000+01:00,DIAG-DEDUP;AUDCAD;s=2;wOpened=08-04 22:42;nd=1;bestStored=08-04 22:21;bestStoredSlot=0;newWins=false
2026-08-04T23:15:00.000+01:00,DIAG-CLOSE;AUDCAD;s=3;prev=8;c=9;firstObs=false;slotOn=true;inWindow=true;time_close=08-04 23:18
2026-08-04T23:15:00.000+01:00,DIAG-DEDUP;AUDCAD;s=3;wOpened=08-04 22:42;nd=1;bestStored=08-04 22:21;bestStoredSlot=0;newWins=false
2026-08-04T23:30:00.000+01:00,DIAG-CLOSE;EURGBP;s=0;prev=21;c=22;firstObs=false;slotOn=true;inWindow=true;time_close=08-04 23:33
2026-08-04T23:30:00.000+01:00,DIAG-DEDUP;EURGBP;s=0;wOpened=08-04 23:27;nd=0;bestStored=none;bestStoredSlot=-1;newWins=true
2026-08-04T23:57:00.000+01:00,DIAG-CLOSE;EURUSD;s=1;prev=10;c=11;firstObs=false;slotOn=true;inWindow=true;time_close=08-05 00:00
2026-08-04T23:57:00.000+01:00,DIAG-DEDUP;EURUSD;s=1;wOpened=08-04 23:18;nd=0;bestStored=none;bestStoredSlot=-1;newWins=true
2026-08-05T00:18:00.000+01:00,DIAG-CLOSE;CADJPY;s=0;prev=18;c=19;firstObs=false;slotOn=true;inWindow=true;time_close=08-05 00:21
2026-08-05T00:18:00.000+01:00,DIAG-DEDUP;CADJPY;s=0;wOpened=08-04 23:57;nd=0;bestStored=none;bestStoredSlot=-1;newWins=true
2026-08-05T00:21:00.000+01:00,DIAG-CLOSE;USDJPY;s=0;prev=15;c=16;firstObs=false;slotOn=true;inWindow=true;time_close=08-05 00:24
2026-08-05T00:21:00.000+01:00,DIAG-DEDUP;USDJPY;s=0;wOpened=08-05 00:18;nd=0;bestStored=none;bestStoredSlot=-1;newWins=true
2026-08-05T00:21:00.000+01:00,DIAG-CLOSE;USDJPY;s=1;prev=12;c=13;firstObs=false;slotOn=true;inWindow=true;time_close=08-05 00:24
2026-08-05T00:21:00.000+01:00,DIAG-DEDUP;USDJPY;s=1;wOpened=08-05 00:00;nd=1;bestStored=08-05 00:18;bestStoredSlot=0;newWins=true
2026-08-05T00:21:00.000+01:00,DIAG-CLOSE;USDJPY;s=2;prev=6;c=7;firstObs=false;slotOn=true;inWindow=true;time_close=08-05 00:24
2026-08-05T00:21:00.000+01:00,DIAG-DEDUP;USDJPY;s=2;wOpened=08-05 00:18;nd=1;bestStored=08-05 00:00;bestStoredSlot=1;newWins=false
2026-08-05T00:27:00.000+01:00,DIAG-CLOSE;GBPJPY;s=1;prev=8;c=9;firstObs=false;slotOn=true;inWindow=true;time_close=08-05 00:30
2026-08-05T00:27:00.000+01:00,DIAG-DEDUP;GBPJPY;s=1;wOpened=08-05 00:21;nd=0;bestStored=none;bestStoredSlot=-1;newWins=true
2026-08-05T00:42:00.000+01:00,DIAG-CLOSE;EURUSD;s=0;prev=12;c=13;firstObs=false;slotOn=true;inWindow=true;time_close=08-05 00:45
2026-08-05T00:42:00.000+01:00,DIAG-DEDUP;EURUSD;s=0;wOpened=08-04 22:21;nd=1;bestStored=08-04 23:18;bestStoredSlot=1;newWins=true
2026-08-05T00:42:00.000+01:00,DIAG-CLOSE;EURUSD;s=2;prev=5;c=6;firstObs=false;slotOn=true;inWindow=true;time_close=08-05 00:45
2026-08-05T00:42:00.000+01:00,DIAG-DEDUP;EURUSD;s=2;wOpened=08-04 23:18;nd=1;bestStored=08-04 22:21;bestStoredSlot=0;newWins=false
2026-08-05T00:42:00.000+01:00,DIAG-CLOSE;EURUSD;s=4;prev=2;c=3;firstObs=false;slotOn=true;inWindow=true;time_close=08-05 00:45
2026-08-05T00:42:00.000+01:00,DIAG-DEDUP;EURUSD;s=4;wOpened=08-04 23:18;nd=1;bestStored=08-04 22:21;bestStoredSlot=0;newWins=false
2026-08-05T01:03:00.000+01:00,DIAG-CLOSE;EURJPY;s=0;prev=13;c=14;firstObs=false;slotOn=true;inWindow=true;time_close=08-05 01:06
2026-08-05T01:03:00.000+01:00,DIAG-DEDUP;EURJPY;s=0;wOpened=08-05 00:18;nd=0;bestStored=none;bestStoredSlot=-1;newWins=true
2026-08-05T01:03:00.000+01:00,DIAG-CLOSE;EURJPY;s=1;prev=9;c=10;firstObs=false;slotOn=true;inWindow=true;time_close=08-05 01:06
2026-08-05T01:03:00.000+01:00,DIAG-DEDUP;EURJPY;s=1;wOpened=08-04 23:36;nd=1;bestStored=08-05 00:18;bestStoredSlot=0;newWins=true
2026-08-05T01:03:00.000+01:00,DIAG-CLOSE;EURJPY;s=5;prev=4;c=5;firstObs=false;slotOn=true;inWindow=true;time_close=08-05 01:06
2026-08-05T01:03:00.000+01:00,DIAG-DEDUP;EURJPY;s=5;wOpened=08-04 23:39;nd=1;bestStored=08-04 23:36;bestStoredSlot=1;newWins=false
2026-08-05T01:03:00.000+01:00,DIAG-CLOSE;EURJPY;s=7;prev=2;c=3;firstObs=false;slotOn=true;inWindow=true;time_close=08-05 01:06
2026-08-05T01:03:00.000+01:00,DIAG-DEDUP;EURJPY;s=7;wOpened=08-05 00:18;nd=1;bestStored=08-04 23:36;bestStoredSlot=1;newWins=false
2026-08-05T01:12:00.000+01:00,DIAG-CLOSE;GBPUSD;s=0;prev=14;c=15;firstObs=false;slotOn=true;inWindow=true;time_close=08-05 01:15
2026-08-05T01:12:00.000+01:00,DIAG-DEDUP;GBPUSD;s=0;wOpened=08-04 23:45;nd=0;bestStored=none;bestStoredSlot=-1;newWins=true
2026-08-05T01:12:00.000+01:00,DIAG-CLOSE;GBPUSD;s=1;prev=13;c=14;firstObs=false;slotOn=true;inWindow=true;time_close=08-05 01:15
2026-08-05T01:12:00.000+01:00,DIAG-DEDUP;GBPUSD;s=1;wOpened=08-04 23:45;nd=1;bestStored=08-04 23:45;bestStoredSlot=0;newWins=true
2026-08-05T01:12:00.000+01:00,DIAG-CLOSE;GBPUSD;s=2;prev=7;c=8;firstObs=false;slotOn=true;inWindow=true;time_close=08-05 01:15
2026-08-05T01:12:00.000+01:00,DIAG-DEDUP;GBPUSD;s=2;wOpened=08-05 00:42;nd=1;bestStored=08-04 23:45;bestStoredSlot=1;newWins=false
2026-08-05T01:12:00.000+01:00,DIAG-CLOSE;GBPUSD;s=3;prev=6;c=7;firstObs=false;slotOn=true;inWindow=true;time_close=08-05 01:15
2026-08-05T01:12:00.000+01:00,DIAG-DEDUP;GBPUSD;s=3;wOpened=08-05 00:42;nd=1;bestStored=08-04 23:45;bestStoredSlot=1;newWins=false
2026-08-05T01:12:00.000+01:00,DIAG-CLOSE;GBPUSD;s=4;prev=4;c=5;firstObs=false;slotOn=true;inWindow=true;time_close=08-05 01:15
2026-08-05T01:12:00.000+01:00,DIAG-DEDUP;GBPUSD;s=4;wOpened=08-05 01:09;nd=1;bestStored=08-04 23:45;bestStoredSlot=1;newWins=false
2026-08-05T01:12:00.000+01:00,DIAG-CLOSE;GBPUSD;s=5;prev=4;c=5;firstObs=false;slotOn=true;inWindow=true;time_close=08-05 01:15
2026-08-05T01:12:00.000+01:00,DIAG-DEDUP;GBPUSD;s=5;wOpened=08-05 01:09;nd=1;bestStored=08-04 23:45;bestStoredSlot=1;newWins=false
2026-08-05T01:45:00.000+01:00,DIAG-CLOSE;EURCHF;s=1;prev=14;c=15;firstObs=false;slotOn=true;inWindow=true;time_close=08-05 01:48
2026-08-05T01:45:00.000+01:00,DIAG-DEDUP;EURCHF;s=1;wOpened=08-05 01:42;nd=0;bestStored=none;bestStoredSlot=-1;newWins=true
2026-08-05T02:03:00.000+01:00,DIAG-CLOSE;GBPCHF;s=0;prev=13;c=14;firstObs=false;slotOn=true;inWindow=true;time_close=08-05 02:06
2026-08-05T02:03:00.000+01:00,DIAG-DEDUP;GBPCHF;s=0;wOpened=08-05 01:09;nd=0;bestStored=none;bestStoredSlot=-1;newWins=true
2026-08-05T02:03:00.000+01:00,DIAG-CLOSE;GBPCHF;s=1;prev=14;c=15;firstObs=false;slotOn=true;inWindow=true;time_close=08-05 02:06
2026-08-05T02:03:00.000+01:00,DIAG-DEDUP;GBPCHF;s=1;wOpened=08-05 01:09;nd=1;bestStored=08-05 01:09;bestStoredSlot=0;newWins=true
2026-08-05T02:03:00.000+01:00,DIAG-CLOSE;GBPCHF;s=2;prev=4;c=5;firstObs=false;slotOn=true;inWindow=true;time_close=08-05 02:06
2026-08-05T02:03:00.000+01:00,DIAG-DEDUP;GBPCHF;s=2;wOpened=08-05 01:57;nd=1;bestStored=08-05 01:09;bestStoredSlot=1;newWins=false
2026-08-05T02:03:00.000+01:00,DIAG-CLOSE;GBPCHF;s=3;prev=5;c=6;firstObs=false;slotOn=true;inWindow=true;time_close=08-05 02:06
2026-08-05T02:03:00.000+01:00,DIAG-DEDUP;GBPCHF;s=3;wOpened=08-05 01:57;nd=1;bestStored=08-05 01:09;bestStoredSlot=1;newWins=false
2026-08-05T02:03:00.000+01:00,DIAG-CLOSE;GBPCHF;s=4;prev=0;c=1;firstObs=false;slotOn=true;inWindow=true;time_close=08-05 02:06
2026-08-05T02:03:00.000+01:00,DIAG-DEDUP;GBPCHF;s=4;wOpened=08-05 02:00;nd=1;bestStored=08-05 01:09;bestStoredSlot=1;newWins=false
2026-08-05T02:09:00.000+01:00,DIAG-CLOSE;GBPCHF;s=5;prev=2;c=3;firstObs=false;slotOn=true;inWindow=true;time_close=08-05 02:12
2026-08-05T02:09:00.000+01:00,DIAG-DEDUP;GBPCHF;s=5;wOpened=08-05 02:00;nd=1;bestStored=08-05 01:09;bestStoredSlot=1;newWins=false
2026-08-05T02:48:00.000+01:00,DIAG-CLOSE;USDCAD;s=0;prev=15;c=16;firstObs=false;slotOn=true;inWindow=true;time_close=08-05 02:51
2026-08-05T02:48:00.000+01:00,DIAG-DEDUP;USDCAD;s=0;wOpened=08-04 22:09;nd=0;bestStored=none;bestStoredSlot=-1;newWins=true
2026-08-05T02:48:00.000+01:00,DIAG-CLOSE;USDCAD;s=2;prev=5;c=6;firstObs=false;slotOn=true;inWindow=true;time_close=08-05 02:51
2026-08-05T02:48:00.000+01:00,DIAG-DEDUP;USDCAD;s=2;wOpened=08-04 22:36;nd=1;bestStored=08-04 22:09;bestStoredSlot=0;newWins=false
2026-08-05T02:48:00.000+01:00,DIAG-CLOSE;USDCAD;s=3;prev=7;c=8;firstObs=false;slotOn=true;inWindow=true;time_close=08-05 02:51
2026-08-05T02:48:00.000+01:00,DIAG-DEDUP;USDCAD;s=3;wOpened=08-04 22:36;nd=1;bestStored=08-04 22:09;bestStoredSlot=0;newWins=false
2026-08-05T02:48:00.000+01:00,DIAG-CLOSE;USDCAD;s=4;prev=2;c=3;firstObs=false;slotOn=true;inWindow=true;time_close=08-05 02:51
2026-08-05T02:48:00.000+01:00,DIAG-DEDUP;USDCAD;s=4;wOpened=08-04 22:39;nd=1;bestStored=08-04 22:09;bestStoredSlot=0;newWins=false
2026-08-05T03:00:00.000+01:00,DIAG-CLOSE;USDCHF;s=0;prev=10;c=11;firstObs=false;slotOn=true;inWindow=true;time_close=08-05 03:03
2026-08-05T03:00:00.000+01:00,DIAG-DEDUP;USDCHF;s=0;wOpened=08-05 01:09;nd=0;bestStored=none;bestStoredSlot=-1;newWins=true
2026-08-05T03:00:00.000+01:00,DIAG-CLOSE;EURCAD;s=0;prev=17;c=18;firstObs=false;slotOn=true;inWindow=true;time_close=08-05 03:03
2026-08-05T03:00:00.000+01:00,DIAG-DEDUP;EURCAD;s=0;wOpened=08-05 00:00;nd=0;bestStored=none;bestStoredSlot=-1;newWins=true
2026-08-05T03:00:00.000+01:00,DIAG-CLOSE;EURCAD;s=1;prev=11;c=12;firstObs=false;slotOn=true;inWindow=true;time_close=08-05 03:03
2026-08-05T03:00:00.000+01:00,DIAG-DEDUP;EURCAD;s=1;wOpened=08-05 01:09;nd=1;bestStored=08-05 00:00;bestStoredSlot=0;newWins=false
2026-08-05T03:00:00.000+01:00,DIAG-CLOSE;EURCAD;s=2;prev=7;c=8;firstObs=false;slotOn=true;inWindow=true;time_close=08-05 03:03
2026-08-05T03:00:00.000+01:00,DIAG-DEDUP;EURCAD;s=2;wOpened=08-05 01:09;nd=1;bestStored=08-05 00:00;bestStoredSlot=0;newWins=false
2026-08-05T03:00:00.000+01:00,DIAG-CLOSE;EURCAD;s=3;prev=10;c=11;firstObs=false;slotOn=true;inWindow=true;time_close=08-05 03:03
2026-08-05T03:00:00.000+01:00,DIAG-DEDUP;EURCAD;s=3;wOpened=08-05 01:09;nd=1;bestStored=08-05 00:00;bestStoredSlot=0;newWins=false
2026-08-05T03:03:00.000+01:00,DIAG-CLOSE;USDCHF;s=1;prev=9;c=10;firstObs=false;slotOn=true;inWindow=true;time_close=08-05 03:06
2026-08-05T03:03:00.000+01:00,DIAG-DEDUP;USDCHF;s=1;wOpened=08-05 01:09;nd=1;bestStored=08-05 01:09;bestStoredSlot=0;newWins=true
2026-08-05T03:03:00.000+01:00,DIAG-CLOSE;USDCHF;s=2;prev=4;c=5;firstObs=false;slotOn=true;inWindow=true;time_close=08-05 03:06
2026-08-05T03:03:00.000+01:00,DIAG-DEDUP;USDCHF;s=2;wOpened=08-05 01:09;nd=1;bestStored=08-05 01:09;bestStoredSlot=1;newWins=true
2026-08-05T03:06:00.000+01:00,DIAG-CLOSE;USDCAD;s=1;prev=14;c=15;firstObs=false;slotOn=true;inWindow=true;time_close=08-05 03:09
2026-08-05T03:06:00.000+01:00,DIAG-DEDUP;USDCAD;s=1;wOpened=08-04 22:09;nd=1;bestStored=08-04 22:09;bestStoredSlot=0;newWins=true
2026-08-05T03:30:00.000+01:00,DIAG-CLOSE;GBPJPY;s=0;prev=9;c=10;firstObs=false;slotOn=true;inWindow=true;time_close=08-05 03:33
2026-08-05T03:30:00.000+01:00,DIAG-DEDUP;GBPJPY;s=0;wOpened=08-05 02:21;nd=0;bestStored=none;bestStoredSlot=-1;newWins=true
2026-08-05T03:30:00.000+01:00,DIAG-CLOSE;GBPJPY;s=1;prev=9;c=10;firstObs=false;slotOn=true;inWindow=true;time_close=08-05 03:33
2026-08-05T03:30:00.000+01:00,DIAG-DEDUP;GBPJPY;s=1;wOpened=08-05 02:21;nd=1;bestStored=08-05 02:21;bestStoredSlot=0;newWins=true
2026-08-05T03:30:00.000+01:00,DIAG-CLOSE;AUDJPY;s=1;prev=9;c=10;firstObs=false;slotOn=true;inWindow=true;time_close=08-05 03:33
2026-08-05T03:30:00.000+01:00,DIAG-DEDUP;AUDJPY;s=1;wOpened=08-05 02:30;nd=0;bestStored=none;bestStoredSlot=-1;newWins=true
2026-08-05T03:30:00.000+01:00,DIAG-CLOSE;AUDJPY;s=2;prev=2;c=3;firstObs=false;slotOn=true;inWindow=true;time_close=08-05 03:33
2026-08-05T03:30:00.000+01:00,DIAG-DEDUP;AUDJPY;s=2;wOpened=08-05 02:30;nd=1;bestStored=08-05 02:30;bestStoredSlot=1;newWins=true
2026-08-05T03:30:00.000+01:00,DIAG-CLOSE;AUDJPY;s=4;prev=0;c=1;firstObs=false;slotOn=true;inWindow=true;time_close=08-05 03:33
2026-08-05T03:30:00.000+01:00,DIAG-DEDUP;AUDJPY;s=4;wOpened=08-05 02:30;nd=1;bestStored=08-05 02:30;bestStoredSlot=2;newWins=true
2026-08-05T03:36:00.000+01:00,DIAG-CLOSE;EURJPY;s=1;prev=10;c=11;firstObs=false;slotOn=true;inWindow=true;time_close=08-05 03:39
2026-08-05T03:36:00.000+01:00,DIAG-DEDUP;EURJPY;s=1;wOpened=08-05 02:18;nd=0;bestStored=none;bestStoredSlot=-1;newWins=true
2026-08-05T03:54:00.000+01:00,DIAG-CLOSE;EURAUD;s=0;prev=13;c=14;firstObs=false;slotOn=true;inWindow=true;time_close=08-05 03:57
2026-08-05T03:54:00.000+01:00,DIAG-DEDUP;EURAUD;s=0;wOpened=08-05 03:30;nd=0;bestStored=none;bestStoredSlot=-1;newWins=true
2026-08-05T03:54:00.000+01:00,DIAG-CLOSE;EURAUD;s=1;prev=13;c=14;firstObs=false;slotOn=true;inWindow=true;time_close=08-05 03:57
2026-08-05T03:54:00.000+01:00,DIAG-DEDUP;EURAUD;s=1;wOpened=08-05 03:30;nd=1;bestStored=08-05 03:30;bestStoredSlot=0;newWins=true
2026-08-05T03:54:00.000+01:00,DIAG-CLOSE;EURAUD;s=2;prev=5;c=6;firstObs=false;slotOn=true;inWindow=true;time_close=08-05 03:57
2026-08-05T03:54:00.000+01:00,DIAG-DEDUP;EURAUD;s=2;wOpened=08-05 03:33;nd=1;bestStored=08-05 03:30;bestStoredSlot=1;newWins=false
2026-08-05T03:54:00.000+01:00,DIAG-CLOSE;EURAUD;s=3;prev=5;c=6;firstObs=false;slotOn=true;inWindow=true;time_close=08-05 03:57
2026-08-05T03:54:00.000+01:00,DIAG-DEDUP;EURAUD;s=3;wOpened=08-05 03:51;nd=1;bestStored=08-05 03:30;bestStoredSlot=1;newWins=false
2026-08-05T03:54:00.000+01:00,DIAG-CLOSE;EURAUD;s=4;prev=3;c=4;firstObs=false;slotOn=true;inWindow=true;time_close=08-05 03:57
2026-08-05T03:54:00.000+01:00,DIAG-DEDUP;EURAUD;s=4;wOpened=08-05 03:51;nd=1;bestStored=08-05 03:30;bestStoredSlot=1;newWins=false
2026-08-05T04:00:00.000+01:00,DIAG-CLOSE;AUDUSD;s=0;prev=16;c=17;firstObs=false;slotOn=true;inWindow=true;time_close=08-05 04:03
2026-08-05T04:00:00.000+01:00,DIAG-DEDUP;AUDUSD;s=0;wOpened=08-05 03:48;nd=0;bestStored=none;bestStoredSlot=-1;newWins=true
2026-08-05T04:00:00.000+01:00,DIAG-CLOSE;AUDUSD;s=1;prev=13;c=14;firstObs=false;slotOn=true;inWindow=true;time_close=08-05 04:03
2026-08-05T04:00:00.000+01:00,DIAG-DEDUP;AUDUSD;s=1;wOpened=08-05 03:51;nd=1;bestStored=08-05 03:48;bestStoredSlot=0;newWins=false
2026-08-05T04:00:00.000+01:00,DIAG-CLOSE;AUDUSD;s=2;prev=8;c=9;firstObs=false;slotOn=true;inWindow=true;time_close=08-05 04:03
2026-08-05T04:00:00.000+01:00,DIAG-DEDUP;AUDUSD;s=2;wOpened=08-05 03:51;nd=1;bestStored=08-05 03:48;bestStoredSlot=0;newWins=false
2026-08-05T04:00:00.000+01:00,DIAG-CLOSE;AUDUSD;s=3;prev=9;c=10;firstObs=false;slotOn=true;inWindow=true;time_close=08-05 04:03
2026-08-05T04:00:00.000+01:00,DIAG-DEDUP;AUDUSD;s=3;wOpened=08-05 03:51;nd=1;bestStored=08-05 03:48;bestStoredSlot=0;newWins=false
2026-08-05T04:54:00.000+01:00,DIAG-CLOSE;USDCHF;s=0;prev=11;c=12;firstObs=false;slotOn=true;inWindow=true;time_close=08-05 04:57
2026-08-05T04:54:00.000+01:00,DIAG-DEDUP;USDCHF;s=0;wOpened=08-05 04:51;nd=0;bestStored=none;bestStoredSlot=-1;newWins=true
2026-08-05T05:18:00.000+01:00,DIAG-CLOSE;AUDCAD;s=0;prev=13;c=14;firstObs=false;slotOn=true;inWindow=true;time_close=08-05 05:21
2026-08-05T05:18:00.000+01:00,DIAG-DEDUP;AUDCAD;s=0;wOpened=08-05 04:00;nd=0;bestStored=none;bestStoredSlot=-1;newWins=true
2026-08-05T05:18:00.000+01:00,DIAG-CLOSE;AUDCAD;s=1;prev=13;c=14;firstObs=false;slotOn=true;inWindow=true;time_close=08-05 05:21
2026-08-05T05:18:00.000+01:00,DIAG-DEDUP;AUDCAD;s=1;wOpened=08-05 04:00;nd=1;bestStored=08-05 04:00;bestStoredSlot=0;newWins=true
2026-08-05T05:30:00.000+01:00,DIAG-CLOSE;AUDCHF;s=0;prev=13;c=14;firstObs=false;slotOn=true;inWindow=true;time_close=08-05 05:33
2026-08-05T05:30:00.000+01:00,DIAG-DEDUP;AUDCHF;s=0;wOpened=08-05 03:33;nd=0;bestStored=none;bestStoredSlot=-1;newWins=true
2026-08-05T05:30:00.000+01:00,DIAG-CLOSE;AUDCHF;s=2;prev=5;c=6;firstObs=false;slotOn=true;inWindow=true;time_close=08-05 05:33
2026-08-05T05:30:00.000+01:00,DIAG-DEDUP;AUDCHF;s=2;wOpened=08-05 04:33;nd=1;bestStored=08-05 03:33;bestStoredSlot=0;newWins=false
2026-08-05T05:30:00.000+01:00,DIAG-CLOSE;AUDCHF;s=3;prev=7;c=8;firstObs=false;slotOn=true;inWindow=true;time_close=08-05 05:33
2026-08-05T05:30:00.000+01:00,DIAG-DEDUP;AUDCHF;s=3;wOpened=08-05 04:30;nd=1;bestStored=08-05 03:33;bestStoredSlot=0;newWins=false
2026-08-05T05:30:00.000+01:00,DIAG-CLOSE;AUDCHF;s=4;prev=3;c=4;firstObs=false;slotOn=true;inWindow=true;time_close=08-05 05:33
2026-08-05T05:30:00.000+01:00,DIAG-DEDUP;AUDCHF;s=4;wOpened=08-05 05:27;nd=1;bestStored=08-05 03:33;bestStoredSlot=0;newWins=false
2026-08-05T05:51:00.000+01:00,DIAG-CLOSE;AUDUSD;s=3;prev=10;c=11;firstObs=false;slotOn=true;inWindow=true;time_close=08-05 05:54
2026-08-05T05:51:00.000+01:00,DIAG-DEDUP;AUDUSD;s=3;wOpened=08-05 05:39;nd=0;bestStored=none;bestStoredSlot=-1;newWins=true
2026-08-05T07:21:00.000+01:00,DIAG-CLOSE;USDCAD;s=1;prev=15;c=16;firstObs=false;slotOn=true;inWindow=true;time_close=08-05 07:24
2026-08-05T07:21:00.000+01:00,DIAG-DEDUP;USDCAD;s=1;wOpened=08-05 06:12;nd=0;bestStored=none;bestStoredSlot=-1;newWins=true
2026-08-05T07:51:00.000+01:00,DIAG-CLOSE;EURCAD;s=0;prev=18;c=19;firstObs=false;slotOn=true;inWindow=true;time_close=08-05 07:54
2026-08-05T07:51:00.000+01:00,DIAG-DEDUP;EURCAD;s=0;wOpened=08-05 06:57;nd=0;bestStored=none;bestStoredSlot=-1;newWins=true
2026-08-05T07:51:00.000+01:00,DIAG-CLOSE;EURCAD;s=2;prev=8;c=9;firstObs=false;slotOn=true;inWindow=true;time_close=08-05 07:54
2026-08-05T07:51:00.000+01:00,DIAG-DEDUP;EURCAD;s=2;wOpened=08-05 06:57;nd=1;bestStored=08-05 06:57;bestStoredSlot=0;newWins=true
2026-08-05T07:51:00.000+01:00,DIAG-CLOSE;GBPCAD;s=0;prev=6;c=7;firstObs=false;slotOn=true;inWindow=true;time_close=08-05 07:54
2026-08-05T07:51:00.000+01:00,DIAG-DEDUP;GBPCAD;s=0;wOpened=08-05 07:15;nd=0;bestStored=none;bestStoredSlot=-1;newWins=true
2026-08-05T07:51:00.000+01:00,DIAG-CLOSE;GBPCAD;s=1;prev=9;c=10;firstObs=false;slotOn=true;inWindow=true;time_close=08-05 07:54
2026-08-05T07:51:00.000+01:00,DIAG-DEDUP;GBPCAD;s=1;wOpened=08-05 07:15;nd=1;bestStored=08-05 07:15;bestStoredSlot=0;newWins=true
2026-08-05T08:24:00.000+01:00,DIAG-CLOSE;AUDUSD;s=1;prev=14;c=15;firstObs=false;slotOn=true;inWindow=true;time_close=08-05 08:27
2026-08-05T08:24:00.000+01:00,DIAG-DEDUP;AUDUSD;s=1;wOpened=08-05 08:06;nd=0;bestStored=none;bestStoredSlot=-1;newWins=true
2026-08-05T08:33:00.000+01:00,DIAG-CLOSE;AUDJPY;s=0;prev=14;c=15;firstObs=false;slotOn=true;inWindow=true;time_close=08-05 08:36
2026-08-05T08:33:00.000+01:00,DIAG-DEDUP;AUDJPY;s=0;wOpened=08-05 08:30;nd=0;bestStored=none;bestStoredSlot=-1;newWins=true
2026-08-05T08:36:00.000+01:00,DIAG-CLOSE;EURGBP;s=0;prev=22;c=23;firstObs=false;slotOn=true;inWindow=true;time_close=08-05 08:39
2026-08-05T08:36:00.000+01:00,DIAG-DEDUP;EURGBP;s=0;wOpened=08-05 06:12;nd=0;bestStored=none;bestStoredSlot=-1;newWins=true
2026-08-05T08:36:00.000+01:00,DIAG-CLOSE;EURGBP;s=1;prev=11;c=12;firstObs=false;slotOn=true;inWindow=true;time_close=08-05 08:39
2026-08-05T08:36:00.000+01:00,DIAG-DEDUP;EURGBP;s=1;wOpened=08-05 03:48;nd=1;bestStored=08-05 06:12;bestStoredSlot=0;newWins=true
2026-08-05T08:36:00.000+01:00,DIAG-CLOSE;EURGBP;s=2;prev=7;c=8;firstObs=false;slotOn=true;inWindow=true;time_close=08-05 08:39
2026-08-05T08:36:00.000+01:00,DIAG-DEDUP;EURGBP;s=2;wOpened=08-05 06:12;nd=1;bestStored=08-05 03:48;bestStoredSlot=1;newWins=false
2026-08-05T08:36:00.000+01:00,DIAG-CLOSE;EURGBP;s=3;prev=10;c=11;firstObs=false;slotOn=true;inWindow=true;time_close=08-05 08:39
2026-08-05T08:36:00.000+01:00,DIAG-DEDUP;EURGBP;s=3;wOpened=08-05 06:27;nd=1;bestStored=08-05 03:48;bestStoredSlot=1;newWins=false
2026-08-05T08:36:00.000+01:00,DIAG-CLOSE;EURGBP;s=4;prev=6;c=7;firstObs=false;slotOn=true;inWindow=true;time_close=08-05 08:39
2026-08-05T08:36:00.000+01:00,DIAG-DEDUP;EURGBP;s=4;wOpened=08-05 06:27;nd=1;bestStored=08-05 03:48;bestStoredSlot=1;newWins=false
2026-08-05T08:36:00.000+01:00,DIAG-CLOSE;EURGBP;s=5;prev=3;c=4;firstObs=false;slotOn=true;inWindow=true;time_close=08-05 08:39
2026-08-05T08:36:00.000+01:00,DIAG-DEDUP;EURGBP;s=5;wOpened=08-05 06:27;nd=1;bestStored=08-05 03:48;bestStoredSlot=1;newWins=false
2026-08-05T08:36:00.000+01:00,DIAG-CLOSE;EURGBP;s=6;prev=2;c=3;firstObs=false;slotOn=true;inWindow=true;time_close=08-05 08:39
2026-08-05T08:36:00.000+01:00,DIAG-DEDUP;EURGBP;s=6;wOpened=08-05 08:33;nd=1;bestStored=08-05 03:48;bestStoredSlot=1;newWins=false
2026-08-05T08:36:00.000+01:00,DIAG-CLOSE;EURGBP;s=7;prev=2;c=3;firstObs=false;slotOn=true;inWindow=true;time_close=08-05 08:39
2026-08-05T08:36:00.000+01:00,DIAG-DEDUP;EURGBP;s=7;wOpened=08-05 08:33;nd=1;bestStored=08-05 03:48;bestStoredSlot=1;newWins=false
2026-08-05T09:45:00.000+01:00,DIAG-CLOSE;USDCAD;s=0;prev=16;c=17;firstObs=false;slotOn=true;inWindow=true;time_close=08-05 09:48
2026-08-05T09:45:00.000+01:00,DIAG-DEDUP;USDCAD;s=0;wOpened=08-05 08:09;nd=0;bestStored=none;bestStoredSlot=-1;newWins=true
2026-08-05T09:45:00.000+01:00,DIAG-CLOSE;USDCAD;s=3;prev=8;c=9;firstObs=false;slotOn=true;inWindow=true;time_close=08-05 09:48
2026-08-05T09:45:00.000+01:00,DIAG-DEDUP;USDCAD;s=3;wOpened=08-05 08:12;nd=1;bestStored=08-05 08:09;bestStoredSlot=0;newWins=false
2026-08-05T09:45:00.000+01:00,DIAG-CLOSE;USDCAD;s=4;prev=3;c=4;firstObs=false;slotOn=true;inWindow=true;time_close=08-05 09:48
2026-08-05T09:45:00.000+01:00,DIAG-DEDUP;USDCAD;s=4;wOpened=08-05 09:03;nd=1;bestStored=08-05 08:09;bestStoredSlot=0;newWins=false
2026-08-05T09:51:00.000+01:00,DIAG-CLOSE;GBPAUD;s=0;prev=14;c=15;firstObs=false;slotOn=true;inWindow=true;time_close=08-05 09:54
2026-08-05T09:51:00.000+01:00,DIAG-DEDUP;GBPAUD;s=0;wOpened=08-05 09:15;nd=0;bestStored=none;bestStoredSlot=-1;newWins=true
2026-08-05T09:57:00.000+01:00,DIAG-CLOSE;AUDUSD;s=0;prev=17;c=18;firstObs=false;slotOn=true;inWindow=true;time_close=08-05 10:00
2026-08-05T09:57:00.000+01:00,DIAG-DEDUP;AUDUSD;s=0;wOpened=08-05 09:54;nd=0;bestStored=none;bestStoredSlot=-1;newWins=true
2026-08-05T09:57:00.000+01:00,DIAG-CLOSE;AUDUSD;s=1;prev=15;c=16;firstObs=false;slotOn=true;inWindow=true;time_close=08-05 10:00
2026-08-05T09:57:00.000+01:00,DIAG-DEDUP;AUDUSD;s=1;wOpened=08-05 09:54;nd=1;bestStored=08-05 09:54;bestStoredSlot=0;newWins=true
2026-08-05T10:00:00.000+01:00,DIAG-CLOSE;AUDCHF;s=0;prev=14;c=15;firstObs=false;slotOn=true;inWindow=true;time_close=08-05 10:03
2026-08-05T10:00:00.000+01:00,DIAG-DEDUP;AUDCHF;s=0;wOpened=08-05 09:51;nd=0;bestStored=none;bestStoredSlot=-1;newWins=true
2026-08-05T10:00:00.000+01:00,DIAG-CLOSE;AUDCHF;s=2;prev=6;c=7;firstObs=false;slotOn=true;inWindow=true;time_close=08-05 10:03
2026-08-05T10:00:00.000+01:00,DIAG-DEDUP;AUDCHF;s=2;wOpened=08-05 09:54;nd=1;bestStored=08-05 09:51;bestStoredSlot=0;newWins=false
2026-08-05T10:00:00.000+01:00,DIAG-CLOSE;AUDCHF;s=3;prev=8;c=9;firstObs=false;slotOn=true;inWindow=true;time_close=08-05 10:03
2026-08-05T10:00:00.000+01:00,DIAG-DEDUP;AUDCHF;s=3;wOpened=08-05 09:54;nd=1;bestStored=08-05 09:51;bestStoredSlot=0;newWins=false
2026-08-05T10:15:00.000+01:00,DIAG-CLOSE;USDCAD;s=1;prev=16;c=17;firstObs=false;slotOn=true;inWindow=true;time_close=08-05 10:18
2026-08-05T10:15:00.000+01:00,DIAG-DEDUP;USDCAD;s=1;wOpened=08-05 08:09;nd=1;bestStored=08-05 08:09;bestStoredSlot=0;newWins=true
2026-08-05T10:15:00.000+01:00,DIAG-CLOSE;USDCAD;s=2;prev=6;c=7;firstObs=false;slotOn=true;inWindow=true;time_close=08-05 10:18
2026-08-05T10:15:00.000+01:00,DIAG-DEDUP;USDCAD;s=2;wOpened=08-05 08:12;nd=1;bestStored=08-05 08:09;bestStoredSlot=1;newWins=false
2026-08-05T10:15:00.000+01:00,DIAG-CLOSE;USDCAD;s=5;prev=6;c=7;firstObs=false;slotOn=true;inWindow=true;time_close=08-05 10:18
2026-08-05T10:15:00.000+01:00,DIAG-DEDUP;USDCAD;s=5;wOpened=08-05 09:03;nd=1;bestStored=08-05 08:09;bestStoredSlot=1;newWins=false
2026-08-05T10:15:00.000+01:00,DIAG-CLOSE;USDCAD;s=6;prev=3;c=4;firstObs=false;slotOn=true;inWindow=true;time_close=08-05 10:18
2026-08-05T10:15:00.000+01:00,DIAG-DEDUP;USDCAD;s=6;wOpened=08-05 09:06;nd=1;bestStored=08-05 08:09;bestStoredSlot=1;newWins=false
2026-08-05T10:15:00.000+01:00,DIAG-CLOSE;USDCAD;s=7;prev=2;c=3;firstObs=false;slotOn=true;inWindow=true;time_close=08-05 10:18
2026-08-05T10:15:00.000+01:00,DIAG-DEDUP;USDCAD;s=7;wOpened=08-05 09:06;nd=1;bestStored=08-05 08:09;bestStoredSlot=1;newWins=false
2026-08-05T10:24:00.000+01:00,DIAG-CLOSE;EURAUD;s=0;prev=14;c=15;firstObs=false;slotOn=true;inWindow=true;time_close=08-05 10:27
2026-08-05T10:24:00.000+01:00,DIAG-DEDUP;EURAUD;s=0;wOpened=08-05 09:39;nd=0;bestStored=none;bestStoredSlot=-1;newWins=true
2026-08-05T10:24:00.000+01:00,DIAG-CLOSE;EURAUD;s=1;prev=14;c=15;firstObs=false;slotOn=true;inWindow=true;time_close=08-05 10:27
2026-08-05T10:24:00.000+01:00,DIAG-DEDUP;EURAUD;s=1;wOpened=08-05 09:39;nd=1;bestStored=08-05 09:39;bestStoredSlot=0;newWins=true
2026-08-05T10:24:00.000+01:00,DIAG-CLOSE;AUDCAD;s=0;prev=14;c=15;firstObs=false;slotOn=true;inWindow=true;time_close=08-05 10:27
2026-08-05T10:24:00.000+01:00,DIAG-DEDUP;AUDCAD;s=0;wOpened=08-05 09:09;nd=0;bestStored=none;bestStoredSlot=-1;newWins=true
2026-08-05T10:24:00.000+01:00,DIAG-CLOSE;AUDCAD;s=1;prev=14;c=15;firstObs=false;slotOn=true;inWindow=true;time_close=08-05 10:27
2026-08-05T10:24:00.000+01:00,DIAG-DEDUP;AUDCAD;s=1;wOpened=08-05 10:06;nd=1;bestStored=08-05 09:09;bestStoredSlot=0;newWins=false
2026-08-05T10:24:00.000+01:00,DIAG-CLOSE;AUDCAD;s=2;prev=11;c=12;firstObs=false;slotOn=true;inWindow=true;time_close=08-05 10:27
2026-08-05T10:24:00.000+01:00,DIAG-DEDUP;AUDCAD;s=2;wOpened=08-05 10:03;nd=1;bestStored=08-05 09:09;bestStoredSlot=0;newWins=false
2026-08-05T10:24:00.000+01:00,DIAG-CLOSE;AUDCAD;s=3;prev=9;c=10;firstObs=false;slotOn=true;inWindow=true;time_close=08-05 10:27
2026-08-05T10:24:00.000+01:00,DIAG-DEDUP;AUDCAD;s=3;wOpened=08-05 10:03;nd=1;bestStored=08-05 09:09;bestStoredSlot=0;newWins=false
2026-08-05T10:24:00.000+01:00,DIAG-CLOSE;AUDCAD;s=4;prev=9;c=10;firstObs=false;slotOn=true;inWindow=true;time_close=08-05 10:27
2026-08-05T10:24:00.000+01:00,DIAG-DEDUP;AUDCAD;s=4;wOpened=08-05 10:06;nd=1;bestStored=08-05 09:09;bestStoredSlot=0;newWins=false
2026-08-05T10:33:00.000+01:00,DIAG-CLOSE;USDCHF;s=0;prev=12;c=13;firstObs=false;slotOn=true;inWindow=true;time_close=08-05 10:36
2026-08-05T10:33:00.000+01:00,DIAG-DEDUP;USDCHF;s=0;wOpened=08-05 10:03;nd=0;bestStored=none;bestStoredSlot=-1;newWins=true
2026-08-05T10:33:00.000+01:00,DIAG-CLOSE;USDCHF;s=2;prev=5;c=6;firstObs=false;slotOn=true;inWindow=true;time_close=08-05 10:36
2026-08-05T10:33:00.000+01:00,DIAG-DEDUP;USDCHF;s=2;wOpened=08-05 10:09;nd=1;bestStored=08-05 10:03;bestStoredSlot=0;newWins=false
2026-08-05T10:33:00.000+01:00,DIAG-CLOSE;USDCHF;s=3;prev=5;c=6;firstObs=false;slotOn=true;inWindow=true;time_close=08-05 10:36
2026-08-05T10:33:00.000+01:00,DIAG-DEDUP;USDCHF;s=3;wOpened=08-05 10:09;nd=1;bestStored=08-05 10:03;bestStoredSlot=0;newWins=false
2026-08-05T10:33:00.000+01:00,DIAG-CLOSE;USDCHF;s=4;prev=0;c=1;firstObs=false;slotOn=true;inWindow=true;time_close=08-05 10:36
2026-08-05T10:33:00.000+01:00,DIAG-DEDUP;USDCHF;s=4;wOpened=08-05 10:27;nd=1;bestStored=08-05 10:03;bestStoredSlot=0;newWins=false
2026-08-05T10:48:00.000+01:00,DIAG-CLOSE;USDCHF;s=1;prev=10;c=11;firstObs=false;slotOn=true;inWindow=true;time_close=08-05 10:51
2026-08-05T10:48:00.000+01:00,DIAG-DEDUP;USDCHF;s=1;wOpened=08-05 10:21;nd=1;bestStored=08-05 10:03;bestStoredSlot=0;newWins=false
2026-08-05T10:51:00.000+01:00,DIAG-CLOSE;CADCHF;s=0;prev=13;c=14;firstObs=false;slotOn=true;inWindow=true;time_close=08-05 10:54
2026-08-05T10:51:00.000+01:00,DIAG-DEDUP;CADCHF;s=0;wOpened=08-05 10:45;nd=0;bestStored=none;bestStoredSlot=-1;newWins=true
2026-08-05T10:51:00.000+01:00,DIAG-CLOSE;CADCHF;s=3;prev=7;c=8;firstObs=false;slotOn=true;inWindow=true;time_close=08-05 10:54
2026-08-05T10:51:00.000+01:00,DIAG-DEDUP;CADCHF;s=3;wOpened=08-05 10:48;nd=1;bestStored=08-05 10:45;bestStoredSlot=0;newWins=false
2026-08-05T11:21:00.000+01:00,DIAG-CLOSE;CADCHF;s=2;prev=6;c=7;firstObs=false;slotOn=true;inWindow=true;time_close=08-05 11:24
2026-08-05T11:21:00.000+01:00,DIAG-DEDUP;CADCHF;s=2;wOpened=08-05 11:15;nd=0;bestStored=none;bestStoredSlot=-1;newWins=true
2026-08-05T11:21:00.000+01:00,DIAG-CLOSE;CADCHF;s=4;prev=3;c=4;firstObs=false;slotOn=true;inWindow=true;time_close=08-05 11:24
2026-08-05T11:21:00.000+01:00,DIAG-DEDUP;CADCHF;s=4;wOpened=08-05 11:18;nd=1;bestStored=08-05 11:15;bestStoredSlot=2;newWins=false
2026-08-05T11:54:00.000+01:00,DIAG-CLOSE;CADJPY;s=0;prev=19;c=20;firstObs=false;slotOn=true;inWindow=true;time_close=08-05 11:57
2026-08-05T11:54:00.000+01:00,DIAG-DEDUP;CADJPY;s=0;wOpened=08-05 10:48;nd=0;bestStored=none;bestStoredSlot=-1;newWins=true
2026-08-05T11:54:00.000+01:00,DIAG-CLOSE;CADJPY;s=1;prev=13;c=14;firstObs=false;slotOn=true;inWindow=true;time_close=08-05 11:57
2026-08-05T11:54:00.000+01:00,DIAG-DEDUP;CADJPY;s=1;wOpened=08-05 10:48;nd=1;bestStored=08-05 10:48;bestStoredSlot=0;newWins=true
2026-08-05T12:18:00.000+01:00,DIAG-CLOSE;CADCHF;s=1;prev=10;c=11;firstObs=false;slotOn=true;inWindow=true;time_close=08-05 12:21
2026-08-05T12:18:00.000+01:00,DIAG-DEDUP;CADCHF;s=1;wOpened=08-05 11:36;nd=0;bestStored=none;bestStoredSlot=-1;newWins=true
2026-08-05T12:18:00.000+01:00,DIAG-CLOSE;CADCHF;s=5;prev=2;c=3;firstObs=false;slotOn=true;inWindow=true;time_close=08-05 12:21
2026-08-05T12:18:00.000+01:00,DIAG-DEDUP;CADCHF;s=5;wOpened=08-05 11:18;nd=2;bestStored=08-05 11:15;bestStoredSlot=2;newWins=false
2026-08-05T12:33:00.000+01:00,DIAG-CLOSE;EURAUD;s=0;prev=15;c=16;firstObs=false;slotOn=true;inWindow=true;time_close=08-05 12:36
2026-08-05T12:33:00.000+01:00,DIAG-DEDUP;EURAUD;s=0;wOpened=08-05 12:30;nd=0;bestStored=none;bestStoredSlot=-1;newWins=true
2026-08-05T12:33:00.000+01:00,DIAG-CLOSE;EURAUD;s=1;prev=15;c=16;firstObs=false;slotOn=true;inWindow=true;time_close=08-05 12:36
2026-08-05T12:33:00.000+01:00,DIAG-DEDUP;EURAUD;s=1;wOpened=08-05 12:30;nd=1;bestStored=08-05 12:30;bestStoredSlot=0;newWins=true
2026-08-05T12:33:00.000+01:00,DIAG-CLOSE;EURAUD;s=3;prev=6;c=7;firstObs=false;slotOn=true;inWindow=true;time_close=08-05 12:36
2026-08-05T12:33:00.000+01:00,DIAG-DEDUP;EURAUD;s=3;wOpened=08-05 12:30;nd=1;bestStored=08-05 12:30;bestStoredSlot=1;newWins=true
2026-08-05T13:54:00.000+01:00,DIAG-CLOSE;AUDJPY;s=0;prev=15;c=16;firstObs=false;slotOn=true;inWindow=true;time_close=08-05 13:57
2026-08-05T13:54:00.000+01:00,DIAG-DEDUP;AUDJPY;s=0;wOpened=08-05 12:57;nd=0;bestStored=none;bestStoredSlot=-1;newWins=true
2026-08-05T13:54:00.000+01:00,DIAG-CLOSE;AUDJPY;s=3;prev=4;c=5;firstObs=false;slotOn=true;inWindow=true;time_close=08-05 13:57
2026-08-05T13:54:00.000+01:00,DIAG-DEDUP;AUDJPY;s=3;wOpened=08-05 12:57;nd=1;bestStored=08-05 12:57;bestStoredSlot=0;newWins=true
2026-08-05T14:09:00.000+01:00,DIAG-CLOSE;GBPJPY;s=1;prev=10;c=11;firstObs=false;slotOn=true;inWindow=true;time_close=08-05 14:12
2026-08-05T14:09:00.000+01:00,DIAG-DEDUP;GBPJPY;s=1;wOpened=08-05 13:27;nd=0;bestStored=none;bestStoredSlot=-1;newWins=true
2026-08-05T14:15:00.000+01:00,DIAG-CLOSE;GBPJPY;s=0;prev=10;c=11;firstObs=false;slotOn=true;inWindow=true;time_close=08-05 14:18
2026-08-05T14:15:00.000+01:00,DIAG-DEDUP;GBPJPY;s=0;wOpened=08-05 12:30;nd=1;bestStored=08-05 13:27;bestStoredSlot=1;newWins=true
2026-08-05T14:15:00.000+01:00,DIAG-CLOSE;GBPJPY;s=2;prev=5;c=6;firstObs=false;slotOn=true;inWindow=true;time_close=08-05 14:18
2026-08-05T14:15:00.000+01:00,DIAG-DEDUP;GBPJPY;s=2;wOpened=08-05 13:24;nd=1;bestStored=08-05 12:30;bestStoredSlot=0;newWins=false
2026-08-05T14:15:00.000+01:00,DIAG-CLOSE;GBPJPY;s=3;prev=3;c=4;firstObs=false;slotOn=true;inWindow=true;time_close=08-05 14:18
2026-08-05T14:15:00.000+01:00,DIAG-DEDUP;GBPJPY;s=3;wOpened=08-05 13:24;nd=1;bestStored=08-05 12:30;bestStoredSlot=0;newWins=false
2026-08-05T14:15:00.000+01:00,DIAG-CLOSE;GBPJPY;s=4;prev=1;c=2;firstObs=false;slotOn=true;inWindow=true;time_close=08-05 14:18
2026-08-05T14:15:00.000+01:00,DIAG-DEDUP;GBPJPY;s=4;wOpened=08-05 13:27;nd=1;bestStored=08-05 12:30;bestStoredSlot=0;newWins=false
2026-08-05T14:21:00.000+01:00,DIAG-CLOSE;EURGBP;s=0;prev=23;c=24;firstObs=false;slotOn=true;inWindow=true;time_close=08-05 14:24
2026-08-05T14:21:00.000+01:00,DIAG-DEDUP;EURGBP;s=0;wOpened=08-05 13:45;nd=0;bestStored=none;bestStoredSlot=-1;newWins=true
2026-08-05T14:21:00.000+01:00,DIAG-CLOSE;EURGBP;s=1;prev=12;c=13;firstObs=false;slotOn=true;inWindow=true;time_close=08-05 14:24
2026-08-05T14:21:00.000+01:00,DIAG-DEDUP;EURGBP;s=1;wOpened=08-05 13:24;nd=1;bestStored=08-05 13:45;bestStoredSlot=0;newWins=true
2026-08-05T14:39:00.000+01:00,DIAG-CLOSE;USDCHF;s=0;prev=13;c=14;firstObs=false;slotOn=true;inWindow=true;time_close=08-05 14:42
2026-08-05T14:39:00.000+01:00,DIAG-DEDUP;USDCHF;s=0;wOpened=08-05 14:36;nd=0;bestStored=none;bestStoredSlot=-1;newWins=true
2026-08-05T14:54:00.000+01:00,DIAG-CLOSE;EURCAD;s=0;prev=19;c=20;firstObs=false;slotOn=true;inWindow=true;time_close=08-05 14:57
2026-08-05T14:54:00.000+01:00,DIAG-DEDUP;EURCAD;s=0;wOpened=08-05 11:18;nd=0;bestStored=none;bestStoredSlot=-1;newWins=true
2026-08-05T14:54:00.000+01:00,DIAG-CLOSE;EURCAD;s=1;prev=12;c=13;firstObs=false;slotOn=true;inWindow=true;time_close=08-05 14:57
2026-08-05T14:54:00.000+01:00,DIAG-DEDUP;EURCAD;s=1;wOpened=08-05 11:18;nd=1;bestStored=08-05 11:18;bestStoredSlot=0;newWins=true
2026-08-05T14:54:00.000+01:00,DIAG-CLOSE;EURCAD;s=2;prev=9;c=10;firstObs=false;slotOn=true;inWindow=true;time_close=08-05 14:57
2026-08-05T14:54:00.000+01:00,DIAG-DEDUP;EURCAD;s=2;wOpened=08-05 13:15;nd=1;bestStored=08-05 11:18;bestStoredSlot=1;newWins=false
2026-08-05T14:54:00.000+01:00,DIAG-CLOSE;EURCAD;s=3;prev=11;c=12;firstObs=false;slotOn=true;inWindow=true;time_close=08-05 14:57
2026-08-05T14:54:00.000+01:00,DIAG-DEDUP;EURCAD;s=3;wOpened=08-05 13:15;nd=1;bestStored=08-05 11:18;bestStoredSlot=1;newWins=false
2026-08-05T15:15:00.000+01:00,DIAG-CLOSE;USDCHF;s=1;prev=11;c=12;firstObs=false;slotOn=true;inWindow=true;time_close=08-05 15:18
2026-08-05T15:15:00.000+01:00,DIAG-DEDUP;USDCHF;s=1;wOpened=08-05 14:36;nd=1;bestStored=08-05 14:36;bestStoredSlot=0;newWins=true
2026-08-05T15:15:00.000+01:00,DIAG-CLOSE;USDCHF;s=2;prev=6;c=7;firstObs=false;slotOn=true;inWindow=true;time_close=08-05 15:18
2026-08-05T15:15:00.000+01:00,DIAG-DEDUP;USDCHF;s=2;wOpened=08-05 14:45;nd=1;bestStored=08-05 14:36;bestStoredSlot=1;newWins=false
2026-08-05T15:15:00.000+01:00,DIAG-CLOSE;USDCHF;s=4;prev=1;c=2;firstObs=false;slotOn=true;inWindow=true;time_close=08-05 15:18
2026-08-05T15:15:00.000+01:00,DIAG-DEDUP;USDCHF;s=4;wOpened=08-05 15:00;nd=1;bestStored=08-05 14:36;bestStoredSlot=1;newWins=false
2026-08-05T15:15:00.000+01:00,DIAG-CLOSE;USDCHF;s=5;prev=3;c=4;firstObs=false;slotOn=true;inWindow=true;time_close=08-05 15:18
2026-08-05T15:15:00.000+01:00,DIAG-DEDUP;USDCHF;s=5;wOpened=08-05 15:00;nd=1;bestStored=08-05 14:36;bestStoredSlot=1;newWins=false
2026-08-05T15:57:00.000+01:00,DIAG-CLOSE;AUDCAD;s=0;prev=15;c=16;firstObs=false;slotOn=true;inWindow=true;time_close=08-05 16:00
2026-08-05T15:57:00.000+01:00,DIAG-DEDUP;AUDCAD;s=0;wOpened=08-05 15:15;nd=0;bestStored=none;bestStoredSlot=-1;newWins=true
2026-08-05T15:57:00.000+01:00,DIAG-CLOSE;AUDCAD;s=3;prev=10;c=11;firstObs=false;slotOn=true;inWindow=true;time_close=08-05 16:00
2026-08-05T15:57:00.000+01:00,DIAG-DEDUP;AUDCAD;s=3;wOpened=08-05 15:15;nd=1;bestStored=08-05 15:15;bestStoredSlot=0;newWins=true
2026-08-05T16:51:00.000+01:00,DIAG-CLOSE;EURAUD;s=0;prev=16;c=17;firstObs=false;slotOn=true;inWindow=true;time_close=08-05 16:54
2026-08-05T16:51:00.000+01:00,DIAG-DEDUP;EURAUD;s=0;wOpened=08-05 16:06;nd=0;bestStored=none;bestStoredSlot=-1;newWins=true
2026-08-05T16:51:00.000+01:00,DIAG-CLOSE;EURAUD;s=3;prev=7;c=8;firstObs=false;slotOn=true;inWindow=true;time_close=08-05 16:54
2026-08-05T16:51:00.000+01:00,DIAG-DEDUP;EURAUD;s=3;wOpened=08-05 16:09;nd=1;bestStored=08-05 16:06;bestStoredSlot=0;newWins=false
2026-08-05T18:06:00.000+01:00,DIAG-CLOSE;GBPUSD;s=1;prev=14;c=15;firstObs=false;slotOn=true;inWindow=true;time_close=08-05 18:09
2026-08-05T18:06:00.000+01:00,DIAG-DEDUP;GBPUSD;s=1;wOpened=08-05 16:54;nd=0;bestStored=none;bestStoredSlot=-1;newWins=true
2026-08-05T18:06:00.000+01:00,DIAG-CLOSE;USDCAD;s=0;prev=17;c=18;firstObs=false;slotOn=true;inWindow=true;time_close=08-05 18:09
2026-08-05T18:06:00.000+01:00,DIAG-DEDUP;USDCAD;s=0;wOpened=08-05 18:03;nd=0;bestStored=none;bestStoredSlot=-1;newWins=true
2026-08-05T18:18:00.000+01:00,DIAG-CLOSE;CADJPY;s=0;prev=20;c=21;firstObs=false;slotOn=true;inWindow=true;time_close=08-05 18:21
2026-08-05T18:18:00.000+01:00,DIAG-DEDUP;CADJPY;s=0;wOpened=08-05 17:54;nd=0;bestStored=none;bestStoredSlot=-1;newWins=true
2026-08-05T18:18:00.000+01:00,DIAG-CLOSE;CADJPY;s=1;prev=14;c=15;firstObs=false;slotOn=true;inWindow=true;time_close=08-05 18:21
2026-08-05T18:18:00.000+01:00,DIAG-DEDUP;CADJPY;s=1;wOpened=08-05 17:09;nd=1;bestStored=08-05 17:54;bestStoredSlot=0;newWins=true
2026-08-05T18:18:00.000+01:00,DIAG-CLOSE;CADJPY;s=2;prev=9;c=10;firstObs=false;slotOn=true;inWindow=true;time_close=08-05 18:21
2026-08-05T18:18:00.000+01:00,DIAG-DEDUP;CADJPY;s=2;wOpened=08-05 17:54;nd=1;bestStored=08-05 17:09;bestStoredSlot=1;newWins=false
2026-08-05T18:18:00.000+01:00,DIAG-CLOSE;CADJPY;s=4;prev=4;c=5;firstObs=false;slotOn=true;inWindow=true;time_close=08-05 18:21
2026-08-05T18:18:00.000+01:00,DIAG-DEDUP;CADJPY;s=4;wOpened=08-05 18:15;nd=1;bestStored=08-05 17:09;bestStoredSlot=1;newWins=false
2026-08-05T18:42:00.000+01:00,DIAG-CLOSE;AUDUSD;s=0;prev=18;c=19;firstObs=false;slotOn=true;inWindow=true;time_close=08-05 18:45
2026-08-05T18:42:00.000+01:00,DIAG-DEDUP;AUDUSD;s=0;wOpened=08-05 17:30;nd=0;bestStored=none;bestStoredSlot=-1;newWins=true
2026-08-05T18:42:00.000+01:00,DIAG-CLOSE;AUDUSD;s=2;prev=9;c=10;firstObs=false;slotOn=true;inWindow=true;time_close=08-05 18:45
2026-08-05T18:42:00.000+01:00,DIAG-DEDUP;AUDUSD;s=2;wOpened=08-05 18:39;nd=1;bestStored=08-05 17:30;bestStoredSlot=0;newWins=false
2026-08-05T18:42:00.000+01:00,DIAG-CLOSE;AUDUSD;s=3;prev=11;c=12;firstObs=false;slotOn=true;inWindow=true;time_close=08-05 18:45
2026-08-05T18:42:00.000+01:00,DIAG-DEDUP;AUDUSD;s=3;wOpened=08-05 17:33;nd=1;bestStored=08-05 17:30;bestStoredSlot=0;newWins=false
2026-08-05T19:00:00.000+01:00,DIAG-CLOSE;AUDCHF;s=0;prev=15;c=16;firstObs=false;slotOn=true;inWindow=true;time_close=08-05 19:03
2026-08-05T19:00:00.000+01:00,DIAG-DEDUP;AUDCHF;s=0;wOpened=08-05 18:33;nd=0;bestStored=none;bestStoredSlot=-1;newWins=true
2026-08-05T19:00:00.000+01:00,DIAG-CLOSE;AUDCHF;s=2;prev=7;c=8;firstObs=false;slotOn=true;inWindow=true;time_close=08-05 19:03
2026-08-05T19:00:00.000+01:00,DIAG-DEDUP;AUDCHF;s=2;wOpened=08-05 18:36;nd=1;bestStored=08-05 18:33;bestStoredSlot=0;newWins=false
2026-08-05T19:00:00.000+01:00,DIAG-CLOSE;AUDCHF;s=3;prev=9;c=10;firstObs=false;slotOn=true;inWindow=true;time_close=08-05 19:03
2026-08-05T19:00:00.000+01:00,DIAG-DEDUP;AUDCHF;s=3;wOpened=08-05 18:36;nd=1;bestStored=08-05 18:33;bestStoredSlot=0;newWins=false
2026-08-05T19:00:00.000+01:00,DIAG-CLOSE;AUDCHF;s=4;prev=4;c=5;firstObs=false;slotOn=true;inWindow=true;time_close=08-05 19:03
2026-08-05T19:00:00.000+01:00,DIAG-DEDUP;AUDCHF;s=4;wOpened=08-05 18:45;nd=1;bestStored=08-05 18:33;bestStoredSlot=0;newWins=false
2026-08-05T19:12:00.000+01:00,DIAG-CLOSE;AUDCHF;s=1;prev=13;c=14;firstObs=false;slotOn=true;inWindow=true;time_close=08-05 19:15
2026-08-05T19:12:00.000+01:00,DIAG-DEDUP;AUDCHF;s=1;wOpened=08-05 18:36;nd=1;bestStored=08-05 18:33;bestStoredSlot=0;newWins=false
2026-08-05T21:09:00.000+01:00,DIAG-CLOSE;EURCHF;s=0;prev=19;c=20;firstObs=false;slotOn=true;inWindow=true;time_close=08-05 21:12
2026-08-05T21:09:00.000+01:00,DIAG-DEDUP;EURCHF;s=0;wOpened=08-05 21:06;nd=0;bestStored=none;bestStoredSlot=-1;newWins=true
2026-08-05T21:33:00.000+01:00,DIAG-CLOSE;AUDJPY;s=0;prev=16;c=17;firstObs=false;slotOn=true;inWindow=true;time_close=08-05 21:36
2026-08-05T21:33:00.000+01:00,DIAG-DEDUP;AUDJPY;s=0;wOpened=08-05 20:45;nd=0;bestStored=none;bestStoredSlot=-1;newWins=true
2026-08-05T21:33:00.000+01:00,DIAG-CLOSE;AUDJPY;s=1;prev=10;c=11;firstObs=false;slotOn=true;inWindow=true;time_close=08-05 21:36
2026-08-05T21:33:00.000+01:00,DIAG-DEDUP;AUDJPY;s=1;wOpened=08-05 20:12;nd=1;bestStored=08-05 20:45;bestStoredSlot=0;newWins=true
2026-08-05T21:33:00.000+01:00,DIAG-CLOSE;AUDJPY;s=2;prev=3;c=4;firstObs=false;slotOn=true;inWindow=true;time_close=08-05 21:36
2026-08-05T21:33:00.000+01:00,DIAG-DEDUP;AUDJPY;s=2;wOpened=08-05 20:45;nd=1;bestStored=08-05 20:12;bestStoredSlot=1;newWins=false
2026-08-05T21:33:00.000+01:00,DIAG-CLOSE;AUDJPY;s=4;prev=1;c=2;firstObs=false;slotOn=true;inWindow=true;time_close=08-05 21:36
2026-08-05T21:33:00.000+01:00,DIAG-DEDUP;AUDJPY;s=4;wOpened=08-05 21:06;nd=1;bestStored=08-05 20:12;bestStoredSlot=1;newWins=false
2026-08-05T21:33:00.000+01:00,DIAG-CLOSE;AUDJPY;s=5;prev=1;c=2;firstObs=false;slotOn=true;inWindow=true;time_close=08-05 21:36
2026-08-05T21:33:00.000+01:00,DIAG-DEDUP;AUDJPY;s=5;wOpened=08-05 21:06;nd=1;bestStored=08-05 20:12;bestStoredSlot=1;newWins=false
2026-08-05T21:33:00.000+01:00,DIAG-CLOSE;AUDJPY;s=6;prev=1;c=2;firstObs=false;slotOn=true;inWindow=true;time_close=08-05 21:36
2026-08-05T21:33:00.000+01:00,DIAG-DEDUP;AUDJPY;s=6;wOpened=08-05 21:06;nd=1;bestStored=08-05 20:12;bestStoredSlot=1;newWins=false
2026-08-05T21:33:00.000+01:00,DIAG-CLOSE;AUDJPY;s=7;prev=1;c=2;firstObs=false;slotOn=true;inWindow=true;time_close=08-05 21:36
2026-08-05T21:33:00.000+01:00,DIAG-DEDUP;AUDJPY;s=7;wOpened=08-05 21:06;nd=1;bestStored=08-05 20:12;bestStoredSlot=1;newWins=false
2026-08-05T21:39:00.000+01:00,DIAG-CLOSE;CADJPY;s=0;prev=21;c=22;firstObs=false;slotOn=true;inWindow=true;time_close=08-05 21:42
2026-08-05T21:39:00.000+01:00,DIAG-DEDUP;CADJPY;s=0;wOpened=08-05 19:27;nd=0;bestStored=none;bestStoredSlot=-1;newWins=true
2026-08-05T21:39:00.000+01:00,DIAG-CLOSE;CADJPY;s=2;prev=10;c=11;firstObs=false;slotOn=true;inWindow=true;time_close=08-05 21:42
2026-08-05T21:39:00.000+01:00,DIAG-DEDUP;CADJPY;s=2;wOpened=08-05 20:45;nd=1;bestStored=08-05 19:27;bestStoredSlot=0;newWins=false
2026-08-05T21:39:00.000+01:00,DIAG-CLOSE;CADJPY;s=3;prev=8;c=9;firstObs=false;slotOn=true;inWindow=true;time_close=08-05 21:42
2026-08-05T21:39:00.000+01:00,DIAG-DEDUP;CADJPY;s=3;wOpened=08-05 20:45;nd=1;bestStored=08-05 19:27;bestStoredSlot=0;newWins=false
2026-08-05T21:39:00.000+01:00,DIAG-CLOSE;CADJPY;s=4;prev=5;c=6;firstObs=false;slotOn=true;inWindow=true;time_close=08-05 21:42
2026-08-05T21:39:00.000+01:00,DIAG-DEDUP;CADJPY;s=4;wOpened=08-05 21:33;nd=1;bestStored=08-05 19:27;bestStoredSlot=0;newWins=false
2026-08-05T22:18:00.000+01:00,DIAG-CLOSE;CADJPY;s=1;prev=15;c=16;firstObs=false;slotOn=true;inWindow=true;time_close=08-05 22:21
2026-08-05T22:18:00.000+01:00,DIAG-DEDUP;CADJPY;s=1;wOpened=08-05 19:33;nd=1;bestStored=08-05 19:27;bestStoredSlot=0;newWins=false
2026-08-05T22:18:00.000+01:00,DIAG-CLOSE;CADJPY;s=5;prev=4;c=5;firstObs=false;slotOn=true;inWindow=true;time_close=08-05 22:21
2026-08-05T22:18:00.000+01:00,DIAG-DEDUP;CADJPY;s=5;wOpened=08-05 21:39;nd=1;bestStored=08-05 19:27;bestStoredSlot=0;newWins=false
2026-08-05T22:18:00.000+01:00,DIAG-CLOSE;AUDCHF;s=1;prev=14;c=15;firstObs=false;slotOn=true;inWindow=true;time_close=08-05 22:21
2026-08-05T22:18:00.000+01:00,DIAG-DEDUP;AUDCHF;s=1;wOpened=08-05 21:42;nd=0;bestStored=none;bestStoredSlot=-1;newWins=true
2026-08-05T22:18:00.000+01:00,DIAG-CLOSE;AUDCHF;s=5;prev=4;c=5;firstObs=false;slotOn=true;inWindow=true;time_close=08-05 22:21
2026-08-05T22:18:00.000+01:00,DIAG-DEDUP;AUDCHF;s=5;wOpened=08-05 22:15;nd=1;bestStored=08-05 21:42;bestStoredSlot=1;newWins=false
2026-08-05T22:51:00.000+01:00,DIAG-CLOSE;EURGBP;s=1;prev=13;c=14;firstObs=false;slotOn=true;inWindow=true;time_close=08-05 22:54
2026-08-05T22:51:00.000+01:00,DIAG-DEDUP;EURGBP;s=1;wOpened=08-05 22:45;nd=0;bestStored=none;bestStoredSlot=-1;newWins=true
2026-08-05T23:06:00.000+01:00,DIAG-CLOSE;GBPCHF;s=0;prev=14;c=15;firstObs=false;slotOn=true;inWindow=true;time_close=08-05 23:09
2026-08-05T23:06:00.000+01:00,DIAG-DEDUP;GBPCHF;s=0;wOpened=08-05 20:39;nd=0;bestStored=none;bestStoredSlot=-1;newWins=true
2026-08-05T23:06:00.000+01:00,DIAG-CLOSE;GBPCHF;s=1;prev=15;c=16;firstObs=false;slotOn=true;inWindow=true;time_close=08-05 23:09
2026-08-05T23:06:00.000+01:00,DIAG-DEDUP;GBPCHF;s=1;wOpened=08-05 20:39;nd=1;bestStored=08-05 20:39;bestStoredSlot=0;newWins=true
2026-08-05T23:06:00.000+01:00,DIAG-CLOSE;GBPCHF;s=2;prev=5;c=6;firstObs=false;slotOn=true;inWindow=true;time_close=08-05 23:09
2026-08-05T23:06:00.000+01:00,DIAG-DEDUP;GBPCHF;s=2;wOpened=08-05 21:12;nd=1;bestStored=08-05 20:39;bestStoredSlot=1;newWins=false
2026-08-05T23:21:00.000+01:00,DIAG-CLOSE;EURGBP;s=0;prev=24;c=25;firstObs=false;slotOn=true;inWindow=true;time_close=08-05 23:24
2026-08-05T23:21:00.000+01:00,DIAG-DEDUP;EURGBP;s=0;wOpened=08-05 23:18;nd=0;bestStored=none;bestStoredSlot=-1;newWins=true
2026-08-06T00:42:00.000+01:00,DIAG-CLOSE;EURCHF;s=1;prev=15;c=16;firstObs=false;slotOn=true;inWindow=true;time_close=08-06 00:45
2026-08-06T00:42:00.000+01:00,DIAG-DEDUP;EURCHF;s=1;wOpened=08-05 22:06;nd=0;bestStored=none;bestStoredSlot=-1;newWins=true
2026-08-06T01:33:00.000+01:00,DIAG-CLOSE;GBPCHF;s=0;prev=15;c=16;firstObs=false;slotOn=true;inWindow=true;time_close=08-06 01:36
2026-08-06T01:33:00.000+01:00,DIAG-DEDUP;GBPCHF;s=0;wOpened=08-06 01:30;nd=0;bestStored=none;bestStoredSlot=-1;newWins=true
2026-08-06T01:36:00.000+01:00,DIAG-CLOSE;EURJPY;s=0;prev=14;c=15;firstObs=false;slotOn=true;inWindow=true;time_close=08-06 01:39
2026-08-06T01:36:00.000+01:00,DIAG-DEDUP;EURJPY;s=0;wOpened=08-06 01:27;nd=0;bestStored=none;bestStoredSlot=-1;newWins=true
2026-08-06T01:36:00.000+01:00,DIAG-CLOSE;EURJPY;s=1;prev=11;c=12;firstObs=false;slotOn=true;inWindow=true;time_close=08-06 01:39
2026-08-06T01:36:00.000+01:00,DIAG-DEDUP;EURJPY;s=1;wOpened=08-06 01:27;nd=1;bestStored=08-06 01:27;bestStoredSlot=0;newWins=true
2026-08-06T02:09:00.000+01:00,DIAG-CLOSE;GBPCAD;s=0;prev=7;c=8;firstObs=false;slotOn=true;inWindow=true;time_close=08-06 02:12
2026-08-06T02:09:00.000+01:00,DIAG-DEDUP;GBPCAD;s=0;wOpened=08-06 00:24;nd=0;bestStored=none;bestStoredSlot=-1;newWins=true
2026-08-06T02:09:00.000+01:00,DIAG-CLOSE;GBPCAD;s=1;prev=10;c=11;firstObs=false;slotOn=true;inWindow=true;time_close=08-06 02:12
2026-08-06T02:09:00.000+01:00,DIAG-DEDUP;GBPCAD;s=1;wOpened=08-06 02:06;nd=1;bestStored=08-06 00:24;bestStoredSlot=0;newWins=false
2026-08-06T02:09:00.000+01:00,DIAG-CLOSE;GBPCAD;s=2;prev=4;c=5;firstObs=false;slotOn=true;inWindow=true;time_close=08-06 02:12
2026-08-06T02:09:00.000+01:00,DIAG-DEDUP;GBPCAD;s=2;wOpened=08-06 02:06;nd=1;bestStored=08-06 00:24;bestStoredSlot=0;newWins=false
2026-08-06T02:09:00.000+01:00,DIAG-CLOSE;GBPCAD;s=3;prev=3;c=4;firstObs=false;slotOn=true;inWindow=true;time_close=08-06 02:12
2026-08-06T02:09:00.000+01:00,DIAG-DEDUP;GBPCAD;s=3;wOpened=08-06 02:06;nd=1;bestStored=08-06 00:24;bestStoredSlot=0;newWins=false
2026-08-06T02:48:00.000+01:00,DIAG-CLOSE;GBPCHF;s=1;prev=16;c=17;firstObs=false;slotOn=true;inWindow=true;time_close=08-06 02:51
2026-08-06T02:48:00.000+01:00,DIAG-DEDUP;GBPCHF;s=1;wOpened=08-06 02:12;nd=0;bestStored=none;bestStoredSlot=-1;newWins=true
2026-08-06T04:12:00.000+01:00,DIAG-CLOSE;GBPCHF;s=0;prev=16;c=17;firstObs=false;slotOn=true;inWindow=true;time_close=08-06 04:15
2026-08-06T04:12:00.000+01:00,DIAG-DEDUP;GBPCHF;s=0;wOpened=08-06 03:57;nd=0;bestStored=none;bestStoredSlot=-1;newWins=true
2026-08-06T04:24:00.000+01:00,DIAG-CLOSE;AUDCHF;s=1;prev=15;c=16;firstObs=false;slotOn=true;inWindow=true;time_close=08-06 04:27
2026-08-06T04:24:00.000+01:00,DIAG-DEDUP;AUDCHF;s=1;wOpened=08-06 00:24;nd=0;bestStored=none;bestStoredSlot=-1;newWins=true
2026-08-06T04:33:00.000+01:00,DIAG-CLOSE;USDCAD;s=0;prev=18;c=19;firstObs=false;slotOn=true;inWindow=true;time_close=08-06 04:36
2026-08-06T04:33:00.000+01:00,DIAG-DEDUP;USDCAD;s=0;wOpened=08-05 23:12;nd=0;bestStored=none;bestStoredSlot=-1;newWins=true
2026-08-06T04:33:00.000+01:00,DIAG-CLOSE;USDCAD;s=1;prev=17;c=18;firstObs=false;slotOn=true;inWindow=true;time_close=08-06 04:36
2026-08-06T04:33:00.000+01:00,DIAG-DEDUP;USDCAD;s=1;wOpened=08-05 23:12;nd=1;bestStored=08-05 23:12;bestStoredSlot=0;newWins=true
2026-08-06T04:33:00.000+01:00,DIAG-CLOSE;USDCAD;s=2;prev=7;c=8;firstObs=false;slotOn=true;inWindow=true;time_close=08-06 04:36
2026-08-06T04:33:00.000+01:00,DIAG-DEDUP;USDCAD;s=2;wOpened=08-06 00:54;nd=1;bestStored=08-05 23:12;bestStoredSlot=1;newWins=false
2026-08-06T04:33:00.000+01:00,DIAG-CLOSE;USDCAD;s=3;prev=9;c=10;firstObs=false;slotOn=true;inWindow=true;time_close=08-06 04:36
2026-08-06T04:33:00.000+01:00,DIAG-DEDUP;USDCAD;s=3;wOpened=08-06 00:54;nd=1;bestStored=08-05 23:12;bestStoredSlot=1;newWins=false
2026-08-06T04:33:00.000+01:00,DIAG-CLOSE;USDCAD;s=4;prev=4;c=5;firstObs=false;slotOn=true;inWindow=true;time_close=08-06 04:36
2026-08-06T04:33:00.000+01:00,DIAG-DEDUP;USDCAD;s=4;wOpened=08-06 02:45;nd=1;bestStored=08-05 23:12;bestStoredSlot=1;newWins=false
2026-08-06T04:33:00.000+01:00,DIAG-CLOSE;USDCAD;s=5;prev=7;c=8;firstObs=false;slotOn=true;inWindow=true;time_close=08-06 04:36
2026-08-06T04:33:00.000+01:00,DIAG-DEDUP;USDCAD;s=5;wOpened=08-06 03:21;nd=1;bestStored=08-05 23:12;bestStoredSlot=1;newWins=false
2026-08-06T04:33:00.000+01:00,DIAG-CLOSE;USDCAD;s=6;prev=4;c=5;firstObs=false;slotOn=true;inWindow=true;time_close=08-06 04:36
2026-08-06T04:33:00.000+01:00,DIAG-DEDUP;USDCAD;s=6;wOpened=08-06 03:21;nd=1;bestStored=08-05 23:12;bestStoredSlot=1;newWins=false
2026-08-06T04:33:00.000+01:00,DIAG-CLOSE;USDCAD;s=7;prev=3;c=4;firstObs=false;slotOn=true;inWindow=true;time_close=08-06 04:36
2026-08-06T04:33:00.000+01:00,DIAG-DEDUP;USDCAD;s=7;wOpened=08-06 04:30;nd=1;bestStored=08-05 23:12;bestStoredSlot=1;newWins=false
2026-08-06T04:33:00.000+01:00,DIAG-CLOSE;GBPAUD;s=0;prev=15;c=16;firstObs=false;slotOn=true;inWindow=true;time_close=08-06 04:36
2026-08-06T04:33:00.000+01:00,DIAG-DEDUP;GBPAUD;s=0;wOpened=08-06 03:54;nd=0;bestStored=none;bestStoredSlot=-1;newWins=true
2026-08-06T04:33:00.000+01:00,DIAG-CLOSE;AUDJPY;s=0;prev=17;c=18;firstObs=false;slotOn=true;inWindow=true;time_close=08-06 04:36
2026-08-06T04:33:00.000+01:00,DIAG-DEDUP;AUDJPY;s=0;wOpened=08-06 01:24;nd=0;bestStored=none;bestStoredSlot=-1;newWins=true
2026-08-06T04:33:00.000+01:00,DIAG-CLOSE;AUDJPY;s=1;prev=11;c=12;firstObs=false;slotOn=true;inWindow=true;time_close=08-06 04:36
2026-08-06T04:33:00.000+01:00,DIAG-DEDUP;AUDJPY;s=1;wOpened=08-06 00:24;nd=1;bestStored=08-06 01:24;bestStoredSlot=0;newWins=true
2026-08-06T04:33:00.000+01:00,DIAG-CLOSE;AUDJPY;s=2;prev=4;c=5;firstObs=false;slotOn=true;inWindow=true;time_close=08-06 04:36
2026-08-06T04:33:00.000+01:00,DIAG-DEDUP;AUDJPY;s=2;wOpened=08-06 02:03;nd=1;bestStored=08-06 00:24;bestStoredSlot=1;newWins=false
2026-08-06T04:33:00.000+01:00,DIAG-CLOSE;AUDJPY;s=3;prev=5;c=6;firstObs=false;slotOn=true;inWindow=true;time_close=08-06 04:36
2026-08-06T04:33:00.000+01:00,DIAG-DEDUP;AUDJPY;s=3;wOpened=08-06 03:51;nd=1;bestStored=08-06 00:24;bestStoredSlot=1;newWins=false
2026-08-06T04:33:00.000+01:00,DIAG-CLOSE;AUDJPY;s=4;prev=2;c=3;firstObs=false;slotOn=true;inWindow=true;time_close=08-06 04:36
2026-08-06T04:33:00.000+01:00,DIAG-DEDUP;AUDJPY;s=4;wOpened=08-06 03:51;nd=1;bestStored=08-06 00:24;bestStoredSlot=1;newWins=false
2026-08-06T04:33:00.000+01:00,DIAG-CLOSE;AUDJPY;s=5;prev=2;c=3;firstObs=false;slotOn=true;inWindow=true;time_close=08-06 04:36
2026-08-06T04:33:00.000+01:00,DIAG-DEDUP;AUDJPY;s=5;wOpened=08-06 01:24;nd=1;bestStored=08-06 00:24;bestStoredSlot=1;newWins=false
2026-08-06T04:33:00.000+01:00,DIAG-CLOSE;AUDJPY;s=6;prev=2;c=3;firstObs=false;slotOn=true;inWindow=true;time_close=08-06 04:36
2026-08-06T04:33:00.000+01:00,DIAG-DEDUP;AUDJPY;s=6;wOpened=08-06 02:48;nd=1;bestStored=08-06 00:24;bestStoredSlot=1;newWins=false
2026-08-06T04:33:00.000+01:00,DIAG-CLOSE;AUDJPY;s=7;prev=2;c=3;firstObs=false;slotOn=true;inWindow=true;time_close=08-06 04:36
2026-08-06T04:33:00.000+01:00,DIAG-DEDUP;AUDJPY;s=7;wOpened=08-06 02:48;nd=1;bestStored=08-06 00:24;bestStoredSlot=1;newWins=false
2026-08-06T04:48:00.000+01:00,DIAG-CLOSE;AUDUSD;s=0;prev=19;c=20;firstObs=false;slotOn=true;inWindow=true;time_close=08-06 04:51
2026-08-06T04:48:00.000+01:00,DIAG-DEDUP;AUDUSD;s=0;wOpened=08-05 21:42;nd=0;bestStored=none;bestStoredSlot=-1;newWins=true
2026-08-06T04:48:00.000+01:00,DIAG-CLOSE;AUDUSD;s=1;prev=16;c=17;firstObs=false;slotOn=true;inWindow=true;time_close=08-06 04:51
2026-08-06T04:48:00.000+01:00,DIAG-DEDUP;AUDUSD;s=1;wOpened=08-05 22:48;nd=1;bestStored=08-05 21:42;bestStoredSlot=0;newWins=false
2026-08-06T04:48:00.000+01:00,DIAG-CLOSE;AUDUSD;s=2;prev=10;c=11;firstObs=false;slotOn=true;inWindow=true;time_close=08-06 04:51
2026-08-06T04:48:00.000+01:00,DIAG-DEDUP;AUDUSD;s=2;wOpened=08-05 21:51;nd=1;bestStored=08-05 21:42;bestStoredSlot=0;newWins=false
2026-08-06T04:48:00.000+01:00,DIAG-CLOSE;AUDUSD;s=3;prev=12;c=13;firstObs=false;slotOn=true;inWindow=true;time_close=08-06 04:51
2026-08-06T04:48:00.000+01:00,DIAG-DEDUP;AUDUSD;s=3;wOpened=08-05 22:48;nd=1;bestStored=08-05 21:42;bestStoredSlot=0;newWins=false
2026-08-06T04:48:00.000+01:00,DIAG-CLOSE;AUDUSD;s=4;prev=3;c=4;firstObs=false;slotOn=true;inWindow=true;time_close=08-06 04:51
2026-08-06T04:48:00.000+01:00,DIAG-DEDUP;AUDUSD;s=4;wOpened=08-05 21:54;nd=1;bestStored=08-05 21:42;bestStoredSlot=0;newWins=false
2026-08-06T04:48:00.000+01:00,DIAG-CLOSE;AUDUSD;s=5;prev=1;c=2;firstObs=false;slotOn=true;inWindow=true;time_close=08-06 04:51
2026-08-06T04:48:00.000+01:00,DIAG-DEDUP;AUDUSD;s=5;wOpened=08-05 23:48;nd=1;bestStored=08-05 21:42;bestStoredSlot=0;newWins=false
2026-08-06T05:03:00.000+01:00,DIAG-CLOSE;USDCHF;s=0;prev=14;c=15;firstObs=false;slotOn=true;inWindow=true;time_close=08-06 05:06
2026-08-06T05:03:00.000+01:00,DIAG-DEDUP;USDCHF;s=0;wOpened=08-06 04:51;nd=0;bestStored=none;bestStoredSlot=-1;newWins=true
2026-08-06T05:03:00.000+01:00,DIAG-CLOSE;USDCHF;s=3;prev=6;c=7;firstObs=false;slotOn=true;inWindow=true;time_close=08-06 05:06
2026-08-06T05:03:00.000+01:00,DIAG-DEDUP;USDCHF;s=3;wOpened=08-06 05:00;nd=1;bestStored=08-06 04:51;bestStoredSlot=0;newWins=false
2026-08-06T05:48:00.000+01:00,DIAG-CLOSE;USDCHF;s=1;prev=12;c=13;firstObs=false;slotOn=true;inWindow=true;time_close=08-06 05:51
2026-08-06T05:48:00.000+01:00,DIAG-DEDUP;USDCHF;s=1;wOpened=08-06 04:51;nd=1;bestStored=08-06 04:51;bestStoredSlot=0;newWins=true
2026-08-06T05:48:00.000+01:00,DIAG-CLOSE;USDCHF;s=2;prev=7;c=8;firstObs=false;slotOn=true;inWindow=true;time_close=08-06 05:51
2026-08-06T05:48:00.000+01:00,DIAG-DEDUP;USDCHF;s=2;wOpened=08-06 05:00;nd=1;bestStored=08-06 04:51;bestStoredSlot=1;newWins=false
2026-08-06T06:27:00.000+01:00,DIAG-CLOSE;EURAUD;s=0;prev=17;c=18;firstObs=false;slotOn=true;inWindow=true;time_close=08-06 06:30
2026-08-06T06:27:00.000+01:00,DIAG-DEDUP;EURAUD;s=0;wOpened=08-06 05:42;nd=0;bestStored=none;bestStoredSlot=-1;newWins=true
2026-08-06T06:27:00.000+01:00,DIAG-CLOSE;EURAUD;s=1;prev=16;c=17;firstObs=false;slotOn=true;inWindow=true;time_close=08-06 06:30
2026-08-06T06:27:00.000+01:00,DIAG-DEDUP;EURAUD;s=1;wOpened=08-06 06:06;nd=1;bestStored=08-06 05:42;bestStoredSlot=0;newWins=false
2026-08-06T06:27:00.000+01:00,DIAG-CLOSE;EURAUD;s=2;prev=6;c=7;firstObs=false;slotOn=true;inWindow=true;time_close=08-06 06:30
2026-08-06T06:27:00.000+01:00,DIAG-DEDUP;EURAUD;s=2;wOpened=08-06 06:06;nd=1;bestStored=08-06 05:42;bestStoredSlot=0;newWins=false
2026-08-06T06:27:00.000+01:00,DIAG-CLOSE;EURAUD;s=3;prev=8;c=9;firstObs=false;slotOn=true;inWindow=true;time_close=08-06 06:30
2026-08-06T06:27:00.000+01:00,DIAG-DEDUP;EURAUD;s=3;wOpened=08-06 06:06;nd=1;bestStored=08-06 05:42;bestStoredSlot=0;newWins=false
2026-08-06T06:27:00.000+01:00,DIAG-CLOSE;EURAUD;s=4;prev=4;c=5;firstObs=false;slotOn=true;inWindow=true;time_close=08-06 06:30
2026-08-06T06:27:00.000+01:00,DIAG-DEDUP;EURAUD;s=4;wOpened=08-06 06:09;nd=1;bestStored=08-06 05:42;bestStoredSlot=0;newWins=false
2026-08-06T07:06:00.000+01:00,DIAG-CLOSE;EURGBP;s=0;prev=25;c=26;firstObs=false;slotOn=true;inWindow=true;time_close=08-06 07:09
2026-08-06T07:06:00.000+01:00,DIAG-DEDUP;EURGBP;s=0;wOpened=08-06 07:03;nd=0;bestStored=none;bestStoredSlot=-1;newWins=true
2026-08-06T07:24:00.000+01:00,DIAG-CLOSE;CADCHF;s=0;prev=14;c=15;firstObs=false;slotOn=true;inWindow=true;time_close=08-06 07:27
2026-08-06T07:24:00.000+01:00,DIAG-DEDUP;CADCHF;s=0;wOpened=08-06 07:21;nd=0;bestStored=none;bestStoredSlot=-1;newWins=true
2026-08-06T07:24:00.000+01:00,DIAG-CLOSE;CADCHF;s=1;prev=11;c=12;firstObs=false;slotOn=true;inWindow=true;time_close=08-06 07:27
2026-08-06T07:24:00.000+01:00,DIAG-DEDUP;CADCHF;s=1;wOpened=08-06 07:21;nd=1;bestStored=08-06 07:21;bestStoredSlot=0;newWins=true
2026-08-06T07:30:00.000+01:00,DIAG-CLOSE;AUDCAD;s=0;prev=16;c=17;firstObs=false;slotOn=true;inWindow=true;time_close=08-06 07:33
2026-08-06T07:30:00.000+01:00,DIAG-DEDUP;AUDCAD;s=0;wOpened=08-06 07:27;nd=0;bestStored=none;bestStoredSlot=-1;newWins=true
2026-08-06T07:39:00.000+01:00,DIAG-CLOSE;EURAUD;s=1;prev=17;c=18;firstObs=false;slotOn=true;inWindow=true;time_close=08-06 07:42
2026-08-06T07:39:00.000+01:00,DIAG-DEDUP;EURAUD;s=1;wOpened=08-06 07:24;nd=0;bestStored=none;bestStoredSlot=-1;newWins=true
2026-08-06T07:39:00.000+01:00,DIAG-CLOSE;AUDCAD;s=1;prev=15;c=16;firstObs=false;slotOn=true;inWindow=true;time_close=08-06 07:42
2026-08-06T07:39:00.000+01:00,DIAG-DEDUP;AUDCAD;s=1;wOpened=08-06 07:21;nd=1;bestStored=08-06 07:27;bestStoredSlot=0;newWins=true
2026-08-06T07:42:00.000+01:00,DIAG-CLOSE;AUDCHF;s=1;prev=16;c=17;firstObs=false;slotOn=true;inWindow=true;time_close=08-06 07:45
2026-08-06T07:42:00.000+01:00,DIAG-DEDUP;AUDCHF;s=1;wOpened=08-06 06:39;nd=0;bestStored=none;bestStoredSlot=-1;newWins=true
2026-08-06T08:06:00.000+01:00,DIAG-CLOSE;EURCAD;s=0;prev=20;c=21;firstObs=false;slotOn=true;inWindow=true;time_close=08-06 08:09
2026-08-06T08:06:00.000+01:00,DIAG-DEDUP;EURCAD;s=0;wOpened=08-06 08:03;nd=0;bestStored=none;bestStoredSlot=-1;newWins=true
2026-08-06T08:06:00.000+01:00,DIAG-CLOSE;EURCAD;s=1;prev=13;c=14;firstObs=false;slotOn=true;inWindow=true;time_close=08-06 08:09
2026-08-06T08:06:00.000+01:00,DIAG-DEDUP;EURCAD;s=1;wOpened=08-06 07:18;nd=1;bestStored=08-06 08:03;bestStoredSlot=0;newWins=true
2026-08-06T08:51:00.000+01:00,DIAG-CLOSE;EURCHF;s=0;prev=20;c=21;firstObs=false;slotOn=true;inWindow=true;time_close=08-06 08:54
2026-08-06T08:51:00.000+01:00,DIAG-DEDUP;EURCHF;s=0;wOpened=08-06 08:48;nd=0;bestStored=none;bestStoredSlot=-1;newWins=true
2026-08-06T08:51:00.000+01:00,DIAG-CLOSE;EURCHF;s=1;prev=16;c=17;firstObs=false;slotOn=true;inWindow=true;time_close=08-06 08:54
2026-08-06T08:51:00.000+01:00,DIAG-DEDUP;EURCHF;s=1;wOpened=08-06 08:48;nd=1;bestStored=08-06 08:48;bestStoredSlot=0;newWins=true
2026-08-06T09:39:00.000+01:00,DIAG-CLOSE;EURAUD;s=0;prev=18;c=19;firstObs=false;slotOn=true;inWindow=true;time_close=08-06 09:42
2026-08-06T09:39:00.000+01:00,DIAG-DEDUP;EURAUD;s=0;wOpened=08-06 09:00;nd=0;bestStored=none;bestStoredSlot=-1;newWins=true
2026-08-06T09:39:00.000+01:00,DIAG-CLOSE;EURAUD;s=3;prev=9;c=10;firstObs=false;slotOn=true;inWindow=true;time_close=08-06 09:42
2026-08-06T09:39:00.000+01:00,DIAG-DEDUP;EURAUD;s=3;wOpened=08-06 09:03;nd=1;bestStored=08-06 09:00;bestStoredSlot=0;newWins=false
2026-08-06T10:21:00.000+01:00,DIAG-CLOSE;GBPCAD;s=0;prev=8;c=9;firstObs=false;slotOn=true;inWindow=true;time_close=08-06 10:24
2026-08-06T10:21:00.000+01:00,DIAG-DEDUP;GBPCAD;s=0;wOpened=08-06 09:51;nd=0;bestStored=none;bestStoredSlot=-1;newWins=true
2026-08-06T10:21:00.000+01:00,DIAG-CLOSE;CADJPY;s=0;prev=22;c=23;firstObs=false;slotOn=true;inWindow=true;time_close=08-06 10:24
2026-08-06T10:21:00.000+01:00,DIAG-DEDUP;CADJPY;s=0;wOpened=08-06 09:54;nd=0;bestStored=none;bestStoredSlot=-1;newWins=true
2026-08-06T10:21:00.000+01:00,DIAG-CLOSE;CADJPY;s=1;prev=16;c=17;firstObs=false;slotOn=true;inWindow=true;time_close=08-06 10:24
2026-08-06T10:21:00.000+01:00,DIAG-DEDUP;CADJPY;s=1;wOpened=08-06 09:54;nd=1;bestStored=08-06 09:54;bestStoredSlot=0;newWins=true
2026-08-06T10:21:00.000+01:00,DIAG-CLOSE;CADJPY;s=2;prev=11;c=12;firstObs=false;slotOn=true;inWindow=true;time_close=08-06 10:24
2026-08-06T10:21:00.000+01:00,DIAG-DEDUP;CADJPY;s=2;wOpened=08-06 10:18;nd=1;bestStored=08-06 09:54;bestStoredSlot=1;newWins=false
2026-08-06T10:21:00.000+01:00,DIAG-CLOSE;CADJPY;s=3;prev=9;c=10;firstObs=false;slotOn=true;inWindow=true;time_close=08-06 10:24
2026-08-06T10:21:00.000+01:00,DIAG-DEDUP;CADJPY;s=3;wOpened=08-06 10:18;nd=1;bestStored=08-06 09:54;bestStoredSlot=1;newWins=false
2026-08-06T12:18:00.000+01:00,DIAG-CLOSE;USDJPY;s=0;prev=16;c=17;firstObs=false;slotOn=true;inWindow=true;time_close=08-06 12:21
2026-08-06T12:18:00.000+01:00,DIAG-DEDUP;USDJPY;s=0;wOpened=08-06 10:51;nd=0;bestStored=none;bestStoredSlot=-1;newWins=true
2026-08-06T12:18:00.000+01:00,DIAG-CLOSE;EURJPY;s=1;prev=12;c=13;firstObs=false;slotOn=true;inWindow=true;time_close=08-06 12:21
2026-08-06T12:18:00.000+01:00,DIAG-DEDUP;EURJPY;s=1;wOpened=08-06 12:15;nd=0;bestStored=none;bestStoredSlot=-1;newWins=true
2026-08-06T12:42:00.000+01:00,DIAG-CLOSE;AUDUSD;s=0;prev=20;c=21;firstObs=false;slotOn=true;inWindow=true;time_close=08-06 12:45
2026-08-06T12:42:00.000+01:00,DIAG-DEDUP;AUDUSD;s=0;wOpened=08-06 09:45;nd=0;bestStored=none;bestStoredSlot=-1;newWins=true
2026-08-06T12:42:00.000+01:00,DIAG-CLOSE;AUDUSD;s=3;prev=13;c=14;firstObs=false;slotOn=true;inWindow=true;time_close=08-06 12:45
2026-08-06T12:42:00.000+01:00,DIAG-DEDUP;AUDUSD;s=3;wOpened=08-06 10:03;nd=1;bestStored=08-06 09:45;bestStoredSlot=0;newWins=false
2026-08-06T12:42:00.000+01:00,DIAG-CLOSE;GBPJPY;s=0;prev=11;c=12;firstObs=false;slotOn=true;inWindow=true;time_close=08-06 12:45
2026-08-06T12:42:00.000+01:00,DIAG-DEDUP;GBPJPY;s=0;wOpened=08-06 12:27;nd=0;bestStored=none;bestStoredSlot=-1;newWins=true
2026-08-06T12:42:00.000+01:00,DIAG-CLOSE;GBPJPY;s=3;prev=4;c=5;firstObs=false;slotOn=true;inWindow=true;time_close=08-06 12:45
2026-08-06T12:42:00.000+01:00,DIAG-DEDUP;GBPJPY;s=3;wOpened=08-06 12:30;nd=1;bestStored=08-06 12:27;bestStoredSlot=0;newWins=false
2026-08-06T13:09:00.000+01:00,DIAG-CLOSE;AUDCAD;s=3;prev=11;c=12;firstObs=false;slotOn=true;inWindow=true;time_close=08-06 13:12
2026-08-06T13:09:00.000+01:00,DIAG-DEDUP;AUDCAD;s=3;wOpened=08-06 12:39;nd=0;bestStored=none;bestStoredSlot=-1;newWins=true
2026-08-06T13:15:00.000+01:00,DIAG-CLOSE;USDJPY;s=0;prev=17;c=18;firstObs=false;slotOn=true;inWindow=true;time_close=08-06 13:18
2026-08-06T13:15:00.000+01:00,DIAG-DEDUP;USDJPY;s=0;wOpened=08-06 13:12;nd=0;bestStored=none;bestStoredSlot=-1;newWins=true
2026-08-06T13:18:00.000+01:00,DIAG-CLOSE;AUDCAD;s=0;prev=17;c=18;firstObs=false;slotOn=true;inWindow=true;time_close=08-06 13:21
2026-08-06T13:18:00.000+01:00,DIAG-DEDUP;AUDCAD;s=0;wOpened=08-06 11:45;nd=1;bestStored=08-06 12:39;bestStoredSlot=3;newWins=true
2026-08-06T13:18:00.000+01:00,DIAG-CLOSE;AUDCAD;s=2;prev=12;c=13;firstObs=false;slotOn=true;inWindow=true;time_close=08-06 13:21
2026-08-06T13:18:00.000+01:00,DIAG-DEDUP;AUDCAD;s=2;wOpened=08-06 12:39;nd=1;bestStored=08-06 11:45;bestStoredSlot=0;newWins=false
2026-08-06T13:30:00.000+01:00,DIAG-CLOSE;GBPCAD;s=0;prev=9;c=10;firstObs=false;slotOn=true;inWindow=true;time_close=08-06 13:33
2026-08-06T13:30:00.000+01:00,DIAG-DEDUP;GBPCAD;s=0;wOpened=08-06 11:48;nd=0;bestStored=none;bestStoredSlot=-1;newWins=true
2026-08-06T13:30:00.000+01:00,DIAG-CLOSE;GBPCAD;s=3;prev=4;c=5;firstObs=false;slotOn=true;inWindow=true;time_close=08-06 13:33
2026-08-06T13:30:00.000+01:00,DIAG-DEDUP;GBPCAD;s=3;wOpened=08-06 12:06;nd=1;bestStored=08-06 11:48;bestStoredSlot=0;newWins=false
2026-08-06T13:48:00.000+01:00,DIAG-CLOSE;USDJPY;s=1;prev=13;c=14;firstObs=false;slotOn=true;inWindow=true;time_close=08-06 13:51
2026-08-06T13:48:00.000+01:00,DIAG-DEDUP;USDJPY;s=1;wOpened=08-06 13:24;nd=0;bestStored=none;bestStoredSlot=-1;newWins=true
2026-08-06T14:09:00.000+01:00,DIAG-CLOSE;AUDJPY;s=0;prev=18;c=19;firstObs=false;slotOn=true;inWindow=true;time_close=08-06 14:12
2026-08-06T14:09:00.000+01:00,DIAG-DEDUP;AUDJPY;s=0;wOpened=08-06 12:42;nd=0;bestStored=none;bestStoredSlot=-1;newWins=true
2026-08-06T14:09:00.000+01:00,DIAG-CLOSE;AUDJPY;s=2;prev=5;c=6;firstObs=false;slotOn=true;inWindow=true;time_close=08-06 14:12
2026-08-06T14:09:00.000+01:00,DIAG-DEDUP;AUDJPY;s=2;wOpened=08-06 12:42;nd=1;bestStored=08-06 12:42;bestStoredSlot=0;newWins=true
2026-08-06T14:09:00.000+01:00,DIAG-CLOSE;AUDJPY;s=3;prev=6;c=7;firstObs=false;slotOn=true;inWindow=true;time_close=08-06 14:12
2026-08-06T14:09:00.000+01:00,DIAG-DEDUP;AUDJPY;s=3;wOpened=08-06 12:51;nd=1;bestStored=08-06 12:42;bestStoredSlot=2;newWins=false
2026-08-06T14:09:00.000+01:00,DIAG-CLOSE;AUDJPY;s=4;prev=3;c=4;firstObs=false;slotOn=true;inWindow=true;time_close=08-06 14:12
2026-08-06T14:09:00.000+01:00,DIAG-DEDUP;AUDJPY;s=4;wOpened=08-06 12:54;nd=1;bestStored=08-06 12:42;bestStoredSlot=2;newWins=false
2026-08-06T14:15:00.000+01:00,DIAG-CLOSE;AUDJPY;s=1;prev=12;c=13;firstObs=false;slotOn=true;inWindow=true;time_close=08-06 14:18
2026-08-06T14:15:00.000+01:00,DIAG-DEDUP;AUDJPY;s=1;wOpened=08-06 12:42;nd=1;bestStored=08-06 12:42;bestStoredSlot=2;newWins=false
2026-08-06T14:27:00.000+01:00,DIAG-CLOSE;AUDCAD;s=1;prev=16;c=17;firstObs=false;slotOn=true;inWindow=true;time_close=08-06 14:30
2026-08-06T14:27:00.000+01:00,DIAG-DEDUP;AUDCAD;s=1;wOpened=08-06 12:39;nd=1;bestStored=08-06 11:45;bestStoredSlot=0;newWins=false
2026-08-06T14:27:00.000+01:00,DIAG-CLOSE;AUDCAD;s=5;prev=7;c=8;firstObs=false;slotOn=true;inWindow=true;time_close=08-06 14:30
2026-08-06T14:27:00.000+01:00,DIAG-DEDUP;AUDCAD;s=5;wOpened=08-06 13:30;nd=0;bestStored=none;bestStoredSlot=-1;newWins=true
2026-08-06T14:27:00.000+01:00,DIAG-CLOSE;AUDCAD;s=6;prev=2;c=3;firstObs=false;slotOn=true;inWindow=true;time_close=08-06 14:30
2026-08-06T14:27:00.000+01:00,DIAG-DEDUP;AUDCAD;s=6;wOpened=08-06 14:24;nd=1;bestStored=08-06 13:30;bestStoredSlot=5;newWins=false
2026-08-06T14:27:00.000+01:00,DIAG-CLOSE;AUDCAD;s=7;prev=2;c=3;firstObs=false;slotOn=true;inWindow=true;time_close=08-06 14:30
2026-08-06T14:27:00.000+01:00,DIAG-DEDUP;AUDCAD;s=7;wOpened=08-06 14:24;nd=1;bestStored=08-06 13:30;bestStoredSlot=5;newWins=false
2026-08-06T15:00:00.000+01:00,DIAG-CLOSE;USDCHF;s=0;prev=15;c=16;firstObs=false;slotOn=true;inWindow=true;time_close=08-06 15:03
2026-08-06T15:00:00.000+01:00,DIAG-DEDUP;USDCHF;s=0;wOpened=08-06 11:48;nd=0;bestStored=none;bestStoredSlot=-1;newWins=true
2026-08-06T15:00:00.000+01:00,DIAG-CLOSE;USDCHF;s=2;prev=8;c=9;firstObs=false;slotOn=true;inWindow=true;time_close=08-06 15:03
2026-08-06T15:00:00.000+01:00,DIAG-DEDUP;USDCHF;s=2;wOpened=08-06 11:51;nd=1;bestStored=08-06 11:48;bestStoredSlot=0;newWins=false
2026-08-06T15:00:00.000+01:00,DIAG-CLOSE;USDCHF;s=3;prev=7;c=8;firstObs=false;slotOn=true;inWindow=true;time_close=08-06 15:03
2026-08-06T15:00:00.000+01:00,DIAG-DEDUP;USDCHF;s=3;wOpened=08-06 14:48;nd=1;bestStored=08-06 11:48;bestStoredSlot=0;newWins=false
2026-08-06T15:00:00.000+01:00,DIAG-CLOSE;USDCHF;s=4;prev=2;c=3;firstObs=false;slotOn=true;inWindow=true;time_close=08-06 15:03
2026-08-06T15:00:00.000+01:00,DIAG-DEDUP;USDCHF;s=4;wOpened=08-06 12:48;nd=1;bestStored=08-06 11:48;bestStoredSlot=0;newWins=false
2026-08-06T15:15:00.000+01:00,DIAG-CLOSE;GBPJPY;s=1;prev=11;c=12;firstObs=false;slotOn=true;inWindow=true;time_close=08-06 15:18
2026-08-06T15:15:00.000+01:00,DIAG-DEDUP;GBPJPY;s=1;wOpened=08-06 13:45;nd=0;bestStored=none;bestStoredSlot=-1;newWins=true
2026-08-06T16:06:00.000+01:00,DIAG-CLOSE;GBPCHF;s=0;prev=17;c=18;firstObs=false;slotOn=true;inWindow=true;time_close=08-06 16:09
2026-08-06T16:06:00.000+01:00,DIAG-DEDUP;GBPCHF;s=0;wOpened=08-06 12:33;nd=0;bestStored=none;bestStoredSlot=-1;newWins=true
2026-08-06T16:09:00.000+01:00,DIAG-CLOSE;GBPAUD;s=0;prev=16;c=17;firstObs=false;slotOn=true;inWindow=true;time_close=08-06 16:12
2026-08-06T16:09:00.000+01:00,DIAG-DEDUP;GBPAUD;s=0;wOpened=08-06 15:30;nd=0;bestStored=none;bestStoredSlot=-1;newWins=true
2026-08-06T16:27:00.000+01:00,DIAG-CLOSE;EURUSD;s=0;prev=13;c=14;firstObs=false;slotOn=true;inWindow=true;time_close=08-06 16:30
2026-08-06T16:27:00.000+01:00,DIAG-DEDUP;EURUSD;s=0;wOpened=08-06 15:57;nd=0;bestStored=none;bestStoredSlot=-1;newWins=true
2026-08-06T16:27:00.000+01:00,DIAG-CLOSE;EURUSD;s=1;prev=11;c=12;firstObs=false;slotOn=true;inWindow=true;time_close=08-06 16:30
2026-08-06T16:27:00.000+01:00,DIAG-DEDUP;EURUSD;s=1;wOpened=08-06 12:51;nd=1;bestStored=08-06 15:57;bestStoredSlot=0;newWins=true
2026-08-06T16:27:00.000+01:00,DIAG-CLOSE;EURUSD;s=2;prev=6;c=7;firstObs=false;slotOn=true;inWindow=true;time_close=08-06 16:30
2026-08-06T16:27:00.000+01:00,DIAG-DEDUP;EURUSD;s=2;wOpened=08-06 14:48;nd=1;bestStored=08-06 12:51;bestStoredSlot=1;newWins=false
2026-08-06T16:27:00.000+01:00,DIAG-CLOSE;EURUSD;s=3;prev=6;c=7;firstObs=false;slotOn=true;inWindow=true;time_close=08-06 16:30
2026-08-06T16:27:00.000+01:00,DIAG-DEDUP;EURUSD;s=3;wOpened=08-06 16:24;nd=1;bestStored=08-06 12:51;bestStoredSlot=1;newWins=false
2026-08-06T16:27:00.000+01:00,DIAG-CLOSE;EURUSD;s=4;prev=3;c=4;firstObs=false;slotOn=true;inWindow=true;time_close=08-06 16:30
2026-08-06T16:27:00.000+01:00,DIAG-DEDUP;EURUSD;s=4;wOpened=08-06 15:33;nd=1;bestStored=08-06 12:51;bestStoredSlot=1;newWins=false
2026-08-06T16:27:00.000+01:00,DIAG-CLOSE;EURUSD;s=6;prev=1;c=2;firstObs=false;slotOn=true;inWindow=true;time_close=08-06 16:30
2026-08-06T16:27:00.000+01:00,DIAG-DEDUP;EURUSD;s=6;wOpened=08-06 16:24;nd=1;bestStored=08-06 12:51;bestStoredSlot=1;newWins=false
2026-08-06T16:27:00.000+01:00,DIAG-CLOSE;EURUSD;s=7;prev=2;c=3;firstObs=false;slotOn=true;inWindow=true;time_close=08-06 16:30
2026-08-06T16:27:00.000+01:00,DIAG-DEDUP;EURUSD;s=7;wOpened=08-06 16:24;nd=1;bestStored=08-06 12:51;bestStoredSlot=1;newWins=false
2026-08-06T17:12:00.000+01:00,DIAG-CLOSE;EURAUD;s=3;prev=10;c=11;firstObs=false;slotOn=true;inWindow=true;time_close=08-06 17:15
2026-08-06T17:12:00.000+01:00,DIAG-DEDUP;EURAUD;s=3;wOpened=08-06 17:06;nd=0;bestStored=none;bestStoredSlot=-1;newWins=true
2026-08-06T17:12:00.000+01:00,DIAG-CLOSE;EURCAD;s=0;prev=21;c=22;firstObs=false;slotOn=true;inWindow=true;time_close=08-06 17:15
2026-08-06T17:12:00.000+01:00,DIAG-DEDUP;EURCAD;s=0;wOpened=08-06 17:09;nd=0;bestStored=none;bestStoredSlot=-1;newWins=true
2026-08-06T17:21:00.000+01:00,DIAG-CLOSE;AUDUSD;s=1;prev=17;c=18;firstObs=false;slotOn=true;inWindow=true;time_close=08-06 17:24
2026-08-06T17:21:00.000+01:00,DIAG-DEDUP;AUDUSD;s=1;wOpened=08-06 17:00;nd=0;bestStored=none;bestStoredSlot=-1;newWins=true
2026-08-06T17:21:00.000+01:00,DIAG-CLOSE;AUDUSD;s=2;prev=11;c=12;firstObs=false;slotOn=true;inWindow=true;time_close=08-06 17:24
2026-08-06T17:21:00.000+01:00,DIAG-DEDUP;AUDUSD;s=2;wOpened=08-06 17:03;nd=1;bestStored=08-06 17:00;bestStoredSlot=1;newWins=false
2026-08-06T17:21:00.000+01:00,DIAG-CLOSE;EURAUD;s=0;prev=19;c=20;firstObs=false;slotOn=true;inWindow=true;time_close=08-06 17:24
2026-08-06T17:21:00.000+01:00,DIAG-DEDUP;EURAUD;s=0;wOpened=08-06 17:03;nd=1;bestStored=08-06 17:06;bestStoredSlot=3;newWins=true
2026-08-06T17:21:00.000+01:00,DIAG-CLOSE;EURAUD;s=1;prev=18;c=19;firstObs=false;slotOn=true;inWindow=true;time_close=08-06 17:24
2026-08-06T17:21:00.000+01:00,DIAG-DEDUP;EURAUD;s=1;wOpened=08-06 17:06;nd=1;bestStored=08-06 17:03;bestStoredSlot=0;newWins=false
2026-08-06T17:21:00.000+01:00,DIAG-CLOSE;EURAUD;s=2;prev=7;c=8;firstObs=false;slotOn=true;inWindow=true;time_close=08-06 17:24
2026-08-06T17:21:00.000+01:00,DIAG-DEDUP;EURAUD;s=2;wOpened=08-06 17:06;nd=1;bestStored=08-06 17:03;bestStoredSlot=0;newWins=false
2026-08-06T17:21:00.000+01:00,DIAG-CLOSE;EURAUD;s=4;prev=5;c=6;firstObs=false;slotOn=true;inWindow=true;time_close=08-06 17:24
2026-08-06T17:21:00.000+01:00,DIAG-DEDUP;EURAUD;s=4;wOpened=08-06 17:18;nd=1;bestStored=08-06 17:03;bestStoredSlot=0;newWins=false
2026-08-06T17:54:00.000+01:00,DIAG-CLOSE;EURJPY;s=0;prev=15;c=16;firstObs=false;slotOn=true;inWindow=true;time_close=08-06 17:57
2026-08-06T17:54:00.000+01:00,DIAG-DEDUP;EURJPY;s=0;wOpened=08-06 17:18;nd=0;bestStored=none;bestStoredSlot=-1;newWins=true
2026-08-06T17:54:00.000+01:00,DIAG-CLOSE;EURJPY;s=3;prev=7;c=8;firstObs=false;slotOn=true;inWindow=true;time_close=08-06 17:57
2026-08-06T17:54:00.000+01:00,DIAG-DEDUP;EURJPY;s=3;wOpened=08-06 17:18;nd=1;bestStored=08-06 17:18;bestStoredSlot=0;newWins=true
2026-08-06T18:03:00.000+01:00,DIAG-CLOSE;USDCAD;s=0;prev=19;c=20;firstObs=false;slotOn=true;inWindow=true;time_close=08-06 18:06
2026-08-06T18:03:00.000+01:00,DIAG-DEDUP;USDCAD;s=0;wOpened=08-06 17:15;nd=0;bestStored=none;bestStoredSlot=-1;newWins=true
2026-08-06T18:03:00.000+01:00,DIAG-CLOSE;USDCAD;s=1;prev=18;c=19;firstObs=false;slotOn=true;inWindow=true;time_close=08-06 18:06
2026-08-06T18:03:00.000+01:00,DIAG-DEDUP;USDCAD;s=1;wOpened=08-06 16:42;nd=1;bestStored=08-06 17:15;bestStoredSlot=0;newWins=true
2026-08-06T18:03:00.000+01:00,DIAG-CLOSE;USDCAD;s=2;prev=8;c=9;firstObs=false;slotOn=true;inWindow=true;time_close=08-06 18:06
2026-08-06T18:03:00.000+01:00,DIAG-DEDUP;USDCAD;s=2;wOpened=08-06 16:45;nd=1;bestStored=08-06 16:42;bestStoredSlot=1;newWins=false
2026-08-06T18:03:00.000+01:00,DIAG-CLOSE;USDCAD;s=4;prev=5;c=6;firstObs=false;slotOn=true;inWindow=true;time_close=08-06 18:06
2026-08-06T18:03:00.000+01:00,DIAG-DEDUP;USDCAD;s=4;wOpened=08-06 17:12;nd=1;bestStored=08-06 16:42;bestStoredSlot=1;newWins=false
2026-08-06T18:03:00.000+01:00,DIAG-CLOSE;USDCAD;s=5;prev=8;c=9;firstObs=false;slotOn=true;inWindow=true;time_close=08-06 18:06
2026-08-06T18:03:00.000+01:00,DIAG-DEDUP;USDCAD;s=5;wOpened=08-06 17:15;nd=1;bestStored=08-06 16:42;bestStoredSlot=1;newWins=false
2026-08-06T18:03:00.000+01:00,DIAG-CLOSE;USDCAD;s=6;prev=5;c=6;firstObs=false;slotOn=true;inWindow=true;time_close=08-06 18:06
2026-08-06T18:03:00.000+01:00,DIAG-DEDUP;USDCAD;s=6;wOpened=08-06 17:15;nd=1;bestStored=08-06 16:42;bestStoredSlot=1;newWins=false
2026-08-06T18:30:00.000+01:00,DIAG-CLOSE;GBPJPY;s=0;prev=12;c=13;firstObs=false;slotOn=true;inWindow=true;time_close=08-06 18:33
2026-08-06T18:30:00.000+01:00,DIAG-DEDUP;GBPJPY;s=0;wOpened=08-06 18:06;nd=0;bestStored=none;bestStoredSlot=-1;newWins=true
2026-08-06T18:30:00.000+01:00,DIAG-CLOSE;GBPJPY;s=1;prev=12;c=13;firstObs=false;slotOn=true;inWindow=true;time_close=08-06 18:33
2026-08-06T18:30:00.000+01:00,DIAG-DEDUP;GBPJPY;s=1;wOpened=08-06 18:03;nd=1;bestStored=08-06 18:06;bestStoredSlot=0;newWins=true
2026-08-06T18:42:00.000+01:00,DIAG-CLOSE;AUDCHF;s=1;prev=17;c=18;firstObs=false;slotOn=true;inWindow=true;time_close=08-06 18:45
2026-08-06T18:42:00.000+01:00,DIAG-DEDUP;AUDCHF;s=1;wOpened=08-06 18:24;nd=0;bestStored=none;bestStoredSlot=-1;newWins=true
2026-08-06T19:15:00.000+01:00,DIAG-CLOSE;EURUSD;s=0;prev=14;c=15;firstObs=false;slotOn=true;inWindow=true;time_close=08-06 19:18
2026-08-06T19:15:00.000+01:00,DIAG-DEDUP;EURUSD;s=0;wOpened=08-06 19:12;nd=0;bestStored=none;bestStoredSlot=-1;newWins=true
2026-08-06T19:15:00.000+01:00,DIAG-CLOSE;EURUSD;s=1;prev=12;c=13;firstObs=false;slotOn=true;inWindow=true;time_close=08-06 19:18
2026-08-06T19:15:00.000+01:00,DIAG-DEDUP;EURUSD;s=1;wOpened=08-06 17:24;nd=1;bestStored=08-06 19:12;bestStoredSlot=0;newWins=true
2026-08-06T19:15:00.000+01:00,DIAG-CLOSE;EURUSD;s=2;prev=7;c=8;firstObs=false;slotOn=true;inWindow=true;time_close=08-06 19:18
2026-08-06T19:15:00.000+01:00,DIAG-DEDUP;EURUSD;s=2;wOpened=08-06 19:12;nd=1;bestStored=08-06 17:24;bestStoredSlot=1;newWins=false
2026-08-06T19:15:00.000+01:00,DIAG-CLOSE;GBPUSD;s=0;prev=15;c=16;firstObs=false;slotOn=true;inWindow=true;time_close=08-06 19:18
2026-08-06T19:15:00.000+01:00,DIAG-DEDUP;GBPUSD;s=0;wOpened=08-06 18:15;nd=0;bestStored=none;bestStoredSlot=-1;newWins=true
2026-08-06T19:15:00.000+01:00,DIAG-CLOSE;GBPUSD;s=1;prev=15;c=16;firstObs=false;slotOn=true;inWindow=true;time_close=08-06 19:18
2026-08-06T19:15:00.000+01:00,DIAG-DEDUP;GBPUSD;s=1;wOpened=08-06 18:45;nd=1;bestStored=08-06 18:15;bestStoredSlot=0;newWins=false
2026-08-06T19:15:00.000+01:00,DIAG-CLOSE;GBPUSD;s=2;prev=8;c=9;firstObs=false;slotOn=true;inWindow=true;time_close=08-06 19:18
2026-08-06T19:15:00.000+01:00,DIAG-DEDUP;GBPUSD;s=2;wOpened=08-06 19:12;nd=1;bestStored=08-06 18:15;bestStoredSlot=0;newWins=false
2026-08-06T19:15:00.000+01:00,DIAG-CLOSE;GBPUSD;s=3;prev=7;c=8;firstObs=false;slotOn=true;inWindow=true;time_close=08-06 19:18
2026-08-06T19:15:00.000+01:00,DIAG-DEDUP;GBPUSD;s=3;wOpened=08-06 18:45;nd=1;bestStored=08-06 18:15;bestStoredSlot=0;newWins=false
2026-08-06T19:24:00.000+01:00,DIAG-CLOSE;GBPCHF;s=1;prev=17;c=18;firstObs=false;slotOn=true;inWindow=true;time_close=08-06 19:27
2026-08-06T19:24:00.000+01:00,DIAG-DEDUP;GBPCHF;s=1;wOpened=08-06 19:21;nd=0;bestStored=none;bestStoredSlot=-1;newWins=true
2026-08-06T20:45:00.000+01:00,DIAG-CLOSE;GBPCAD;s=0;prev=10;c=11;firstObs=false;slotOn=true;inWindow=true;time_close=08-06 20:48
2026-08-06T20:45:00.000+01:00,DIAG-DEDUP;GBPCAD;s=0;wOpened=08-06 20:42;nd=0;bestStored=none;bestStoredSlot=-1;newWins=true
2026-08-06T20:45:00.000+01:00,DIAG-CLOSE;GBPCAD;s=1;prev=11;c=12;firstObs=false;slotOn=true;inWindow=true;time_close=08-06 20:48
2026-08-06T20:45:00.000+01:00,DIAG-DEDUP;GBPCAD;s=1;wOpened=08-06 20:42;nd=1;bestStored=08-06 20:42;bestStoredSlot=0;newWins=true
2026-08-06T21:00:00.000+01:00,DIAG-CLOSE;EURGBP;s=0;prev=26;c=27;firstObs=false;slotOn=true;inWindow=true;time_close=08-06 21:03
2026-08-06T21:00:00.000+01:00,DIAG-DEDUP;EURGBP;s=0;wOpened=08-06 19:03;nd=0;bestStored=none;bestStoredSlot=-1;newWins=true
2026-08-06T21:00:00.000+01:00,DIAG-CLOSE;EURGBP;s=1;prev=14;c=15;firstObs=false;slotOn=true;inWindow=true;time_close=08-06 21:03
2026-08-06T21:00:00.000+01:00,DIAG-DEDUP;EURGBP;s=1;wOpened=08-06 19:51;nd=1;bestStored=08-06 19:03;bestStoredSlot=0;newWins=false
2026-08-06T21:00:00.000+01:00,DIAG-CLOSE;EURGBP;s=2;prev=8;c=9;firstObs=false;slotOn=true;inWindow=true;time_close=08-06 21:03
2026-08-06T21:00:00.000+01:00,DIAG-DEDUP;EURGBP;s=2;wOpened=08-06 19:51;nd=1;bestStored=08-06 19:03;bestStoredSlot=0;newWins=false
2026-08-06T21:00:00.000+01:00,DIAG-CLOSE;EURGBP;s=3;prev=11;c=12;firstObs=false;slotOn=true;inWindow=true;time_close=08-06 21:03
2026-08-06T21:00:00.000+01:00,DIAG-DEDUP;EURGBP;s=3;wOpened=08-06 19:03;nd=1;bestStored=08-06 19:03;bestStoredSlot=0;newWins=true
2026-08-06T21:00:00.000+01:00,DIAG-CLOSE;EURGBP;s=4;prev=7;c=8;firstObs=false;slotOn=true;inWindow=true;time_close=08-06 21:03
2026-08-06T21:00:00.000+01:00,DIAG-DEDUP;EURGBP;s=4;wOpened=08-06 19:54;nd=1;bestStored=08-06 19:03;bestStoredSlot=3;newWins=false
2026-08-06T21:30:00.000+01:00,DIAG-CLOSE;GBPCAD;s=3;prev=5;c=6;firstObs=false;slotOn=true;inWindow=true;time_close=08-06 21:33
2026-08-06T21:30:00.000+01:00,DIAG-DEDUP;GBPCAD;s=3;wOpened=08-06 21:00;nd=0;bestStored=none;bestStoredSlot=-1;newWins=true
2026-08-06T23:24:00.000+01:00,DIAG-CLOSE;GBPCAD;s=0;prev=11;c=12;firstObs=false;slotOn=true;inWindow=true;time_close=08-06 23:27
2026-08-06T23:24:00.000+01:00,DIAG-DEDUP;GBPCAD;s=0;wOpened=08-06 22:30;nd=0;bestStored=none;bestStoredSlot=-1;newWins=true
2026-08-06T23:24:00.000+01:00,DIAG-CLOSE;GBPCAD;s=3;prev=6;c=7;firstObs=false;slotOn=true;inWindow=true;time_close=08-06 23:27
2026-08-06T23:24:00.000+01:00,DIAG-DEDUP;GBPCAD;s=3;wOpened=08-06 22:42;nd=1;bestStored=08-06 22:30;bestStoredSlot=0;newWins=false
2026-08-06T23:27:00.000+01:00,DIAG-CLOSE;CADCHF;s=0;prev=15;c=16;firstObs=false;slotOn=true;inWindow=true;time_close=08-06 23:30
2026-08-06T23:27:00.000+01:00,DIAG-DEDUP;CADCHF;s=0;wOpened=08-06 21:33;nd=0;bestStored=none;bestStoredSlot=-1;newWins=true
2026-08-06T23:27:00.000+01:00,DIAG-CLOSE;CADCHF;s=1;prev=12;c=13;firstObs=false;slotOn=true;inWindow=true;time_close=08-06 23:30
2026-08-06T23:27:00.000+01:00,DIAG-DEDUP;CADCHF;s=1;wOpened=08-06 21:33;nd=1;bestStored=08-06 21:33;bestStoredSlot=0;newWins=true
2026-08-06T23:27:00.000+01:00,DIAG-CLOSE;CADCHF;s=2;prev=7;c=8;firstObs=false;slotOn=true;inWindow=true;time_close=08-06 23:30
2026-08-06T23:27:00.000+01:00,DIAG-DEDUP;CADCHF;s=2;wOpened=08-06 23:15;nd=1;bestStored=08-06 21:33;bestStoredSlot=1;newWins=false
2026-08-06T23:27:00.000+01:00,DIAG-CLOSE;CADCHF;s=3;prev=8;c=9;firstObs=false;slotOn=true;inWindow=true;time_close=08-06 23:30
2026-08-06T23:27:00.000+01:00,DIAG-DEDUP;CADCHF;s=3;wOpened=08-06 23:15;nd=1;bestStored=08-06 21:33;bestStoredSlot=1;newWins=false
2026-08-06T23:27:00.000+01:00,DIAG-CLOSE;CADCHF;s=4;prev=4;c=5;firstObs=false;slotOn=true;inWindow=true;time_close=08-06 23:30
2026-08-06T23:27:00.000+01:00,DIAG-DEDUP;CADCHF;s=4;wOpened=08-06 23:18;nd=1;bestStored=08-06 21:33;bestStoredSlot=1;newWins=false
2026-08-06T23:27:00.000+01:00,DIAG-CLOSE;CADCHF;s=5;prev=3;c=4;firstObs=false;slotOn=true;inWindow=true;time_close=08-06 23:30
2026-08-06T23:27:00.000+01:00,DIAG-DEDUP;CADCHF;s=5;wOpened=08-06 23:18;nd=1;bestStored=08-06 21:33;bestStoredSlot=1;newWins=false
2026-08-06T23:27:00.000+01:00,DIAG-CLOSE;CADCHF;s=6;prev=1;c=2;firstObs=false;slotOn=true;inWindow=true;time_close=08-06 23:30
2026-08-06T23:27:00.000+01:00,DIAG-DEDUP;CADCHF;s=6;wOpened=08-06 23:18;nd=1;bestStored=08-06 21:33;bestStoredSlot=1;newWins=false
2026-08-06T23:42:00.000+01:00,DIAG-CLOSE;GBPJPY;s=0;prev=13;c=14;firstObs=false;slotOn=true;inWindow=true;time_close=08-06 23:45
2026-08-06T23:42:00.000+01:00,DIAG-DEDUP;GBPJPY;s=0;wOpened=08-06 23:24;nd=0;bestStored=none;bestStoredSlot=-1;newWins=true
2026-08-06T23:42:00.000+01:00,DIAG-CLOSE;AUDJPY;s=3;prev=7;c=8;firstObs=false;slotOn=true;inWindow=true;time_close=08-06 23:45
2026-08-06T23:42:00.000+01:00,DIAG-DEDUP;AUDJPY;s=3;wOpened=08-06 23:18;nd=0;bestStored=none;bestStoredSlot=-1;newWins=true
2026-08-06T23:54:00.000+01:00,DIAG-CLOSE;AUDJPY;s=0;prev=19;c=20;firstObs=false;slotOn=true;inWindow=true;time_close=08-06 23:57
2026-08-06T23:54:00.000+01:00,DIAG-DEDUP;AUDJPY;s=0;wOpened=08-06 23:09;nd=1;bestStored=08-06 23:18;bestStoredSlot=3;newWins=true
2026-08-07T00:12:00.000+01:00,DIAG-CLOSE;GBPAUD;s=1;prev=8;c=9;firstObs=false;slotOn=true;inWindow=true;time_close=08-07 00:15
2026-08-07T00:12:00.000+01:00,DIAG-DEDUP;GBPAUD;s=1;wOpened=08-06 22:27;nd=0;bestStored=none;bestStoredSlot=-1;newWins=true
2026-08-07T00:15:00.000+01:00,DIAG-CLOSE;EURGBP;s=2;prev=9;c=10;firstObs=false;slotOn=true;inWindow=true;time_close=08-07 00:18
2026-08-07T00:15:00.000+01:00,DIAG-DEDUP;EURGBP;s=2;wOpened=08-06 22:54;nd=0;bestStored=none;bestStoredSlot=-1;newWins=true
2026-08-07T00:54:00.000+01:00,DIAG-CLOSE;GBPAUD;s=0;prev=17;c=18;firstObs=false;slotOn=true;inWindow=true;time_close=08-07 00:57
2026-08-07T00:54:00.000+01:00,DIAG-DEDUP;GBPAUD;s=0;wOpened=08-06 22:27;nd=1;bestStored=08-06 22:27;bestStoredSlot=1;newWins=false
2026-08-07T00:54:00.000+01:00,DIAG-CLOSE;GBPAUD;s=3;prev=8;c=9;firstObs=false;slotOn=true;inWindow=true;time_close=08-07 00:57
2026-08-07T00:54:00.000+01:00,DIAG-DEDUP;GBPAUD;s=3;wOpened=08-07 00:51;nd=0;bestStored=none;bestStoredSlot=-1;newWins=true
2026-08-07T00:54:00.000+01:00,DIAG-CLOSE;AUDCHF;s=0;prev=16;c=17;firstObs=false;slotOn=true;inWindow=true;time_close=08-07 00:57
2026-08-07T00:54:00.000+01:00,DIAG-DEDUP;AUDCHF;s=0;wOpened=08-06 23:48;nd=0;bestStored=none;bestStoredSlot=-1;newWins=true
2026-08-07T00:54:00.000+01:00,DIAG-CLOSE;AUDCHF;s=1;prev=18;c=19;firstObs=false;slotOn=true;inWindow=true;time_close=08-07 00:57
2026-08-07T00:54:00.000+01:00,DIAG-DEDUP;AUDCHF;s=1;wOpened=08-06 23:57;nd=1;bestStored=08-06 23:48;bestStoredSlot=0;newWins=false
2026-08-07T00:54:00.000+01:00,DIAG-CLOSE;AUDCHF;s=2;prev=8;c=9;firstObs=false;slotOn=true;inWindow=true;time_close=08-07 00:57
2026-08-07T00:54:00.000+01:00,DIAG-DEDUP;AUDCHF;s=2;wOpened=08-06 23:57;nd=1;bestStored=08-06 23:48;bestStoredSlot=0;newWins=false
2026-08-07T02:33:00.000+01:00,DIAG-CLOSE;GBPUSD;s=0;prev=16;c=17;firstObs=false;slotOn=true;inWindow=true;time_close=08-07 02:36
2026-08-07T02:33:00.000+01:00,DIAG-DEDUP;GBPUSD;s=0;wOpened=08-07 01:24;nd=0;bestStored=none;bestStoredSlot=-1;newWins=true
2026-08-07T02:33:00.000+01:00,DIAG-CLOSE;GBPUSD;s=1;prev=16;c=17;firstObs=false;slotOn=true;inWindow=true;time_close=08-07 02:36
2026-08-07T02:33:00.000+01:00,DIAG-DEDUP;GBPUSD;s=1;wOpened=08-07 01:24;nd=1;bestStored=08-07 01:24;bestStoredSlot=0;newWins=true
2026-08-07T02:33:00.000+01:00,DIAG-CLOSE;GBPUSD;s=2;prev=9;c=10;firstObs=false;slotOn=true;inWindow=true;time_close=08-07 02:36
2026-08-07T02:33:00.000+01:00,DIAG-DEDUP;GBPUSD;s=2;wOpened=08-07 01:24;nd=1;bestStored=08-07 01:24;bestStoredSlot=1;newWins=true
2026-08-07T02:33:00.000+01:00,DIAG-CLOSE;GBPUSD;s=4;prev=5;c=6;firstObs=false;slotOn=true;inWindow=true;time_close=08-07 02:36
2026-08-07T02:33:00.000+01:00,DIAG-DEDUP;GBPUSD;s=4;wOpened=08-07 01:30;nd=1;bestStored=08-07 01:24;bestStoredSlot=2;newWins=false
2026-08-07T02:45:00.000+01:00,DIAG-CLOSE;AUDCAD;s=0;prev=18;c=19;firstObs=false;slotOn=true;inWindow=true;time_close=08-07 02:48
2026-08-07T02:45:00.000+01:00,DIAG-DEDUP;AUDCAD;s=0;wOpened=08-07 02:42;nd=0;bestStored=none;bestStoredSlot=-1;newWins=true
2026-08-07T03:21:00.000+01:00,DIAG-CLOSE;USDJPY;s=1;prev=14;c=15;firstObs=false;slotOn=true;inWindow=true;time_close=08-07 03:24
2026-08-07T03:21:00.000+01:00,DIAG-DEDUP;USDJPY;s=1;wOpened=08-07 03:18;nd=0;bestStored=none;bestStoredSlot=-1;newWins=true
2026-08-07T03:27:00.000+01:00,DIAG-CLOSE;USDCAD;s=0;prev=20;c=21;firstObs=false;slotOn=true;inWindow=true;time_close=08-07 03:30
2026-08-07T03:27:00.000+01:00,DIAG-DEDUP;USDCAD;s=0;wOpened=08-07 01:24;nd=0;bestStored=none;bestStoredSlot=-1;newWins=true
2026-08-07T03:27:00.000+01:00,DIAG-CLOSE;USDCAD;s=1;prev=19;c=20;firstObs=false;slotOn=true;inWindow=true;time_close=08-07 03:30
2026-08-07T03:27:00.000+01:00,DIAG-DEDUP;USDCAD;s=1;wOpened=08-07 00:03;nd=1;bestStored=08-07 01:24;bestStoredSlot=0;newWins=true
2026-08-07T03:27:00.000+01:00,DIAG-CLOSE;USDCAD;s=2;prev=9;c=10;firstObs=false;slotOn=true;inWindow=true;time_close=08-07 03:30
2026-08-07T03:27:00.000+01:00,DIAG-DEDUP;USDCAD;s=2;wOpened=08-07 02:30;nd=1;bestStored=08-07 00:03;bestStoredSlot=1;newWins=false
2026-08-07T03:27:00.000+01:00,DIAG-CLOSE;USDCAD;s=3;prev=10;c=11;firstObs=false;slotOn=true;inWindow=true;time_close=08-07 03:30
2026-08-07T03:27:00.000+01:00,DIAG-DEDUP;USDCAD;s=3;wOpened=08-07 02:03;nd=1;bestStored=08-07 00:03;bestStoredSlot=1;newWins=false
2026-08-07T03:27:00.000+01:00,DIAG-CLOSE;USDCAD;s=4;prev=6;c=7;firstObs=false;slotOn=true;inWindow=true;time_close=08-07 03:30
2026-08-07T03:27:00.000+01:00,DIAG-DEDUP;USDCAD;s=4;wOpened=08-07 02:27;nd=1;bestStored=08-07 00:03;bestStoredSlot=1;newWins=false
2026-08-07T03:27:00.000+01:00,DIAG-CLOSE;USDCAD;s=5;prev=9;c=10;firstObs=false;slotOn=true;inWindow=true;time_close=08-07 03:30
2026-08-07T03:27:00.000+01:00,DIAG-DEDUP;USDCAD;s=5;wOpened=08-07 00:03;nd=1;bestStored=08-07 00:03;bestStoredSlot=1;newWins=true
2026-08-07T03:27:00.000+01:00,DIAG-CLOSE;USDCAD;s=6;prev=6;c=7;firstObs=false;slotOn=true;inWindow=true;time_close=08-07 03:30
2026-08-07T03:27:00.000+01:00,DIAG-DEDUP;USDCAD;s=6;wOpened=08-07 02:00;nd=1;bestStored=08-07 00:03;bestStoredSlot=5;newWins=false
2026-08-07T03:27:00.000+01:00,DIAG-CLOSE;USDCAD;s=7;prev=4;c=5;firstObs=false;slotOn=true;inWindow=true;time_close=08-07 03:30
2026-08-07T03:27:00.000+01:00,DIAG-DEDUP;USDCAD;s=7;wOpened=08-07 02:00;nd=1;bestStored=08-07 00:03;bestStoredSlot=5;newWins=false
2026-08-07T03:30:00.000+01:00,DIAG-CLOSE;EURAUD;s=0;prev=20;c=21;firstObs=false;slotOn=true;inWindow=true;time_close=08-07 03:33
2026-08-07T03:30:00.000+01:00,DIAG-DEDUP;EURAUD;s=0;wOpened=08-07 02:15;nd=0;bestStored=none;bestStoredSlot=-1;newWins=true
2026-08-07T03:30:00.000+01:00,DIAG-CLOSE;EURAUD;s=3;prev=11;c=12;firstObs=false;slotOn=true;inWindow=true;time_close=08-07 03:33
2026-08-07T03:30:00.000+01:00,DIAG-DEDUP;EURAUD;s=3;wOpened=08-07 02:42;nd=1;bestStored=08-07 02:15;bestStoredSlot=0;newWins=false
2026-08-07T03:42:00.000+01:00,DIAG-CLOSE;GBPAUD;s=0;prev=18;c=19;firstObs=false;slotOn=true;inWindow=true;time_close=08-07 03:45
2026-08-07T03:42:00.000+01:00,DIAG-DEDUP;GBPAUD;s=0;wOpened=08-07 02:42;nd=0;bestStored=none;bestStoredSlot=-1;newWins=true
2026-08-07T03:42:00.000+01:00,DIAG-CLOSE;GBPAUD;s=1;prev=9;c=10;firstObs=false;slotOn=true;inWindow=true;time_close=08-07 03:45
2026-08-07T03:42:00.000+01:00,DIAG-DEDUP;GBPAUD;s=1;wOpened=08-07 02:42;nd=1;bestStored=08-07 02:42;bestStoredSlot=0;newWins=true
2026-08-07T03:42:00.000+01:00,DIAG-CLOSE;GBPAUD;s=2;prev=3;c=4;firstObs=false;slotOn=true;inWindow=true;time_close=08-07 03:45
2026-08-07T03:42:00.000+01:00,DIAG-DEDUP;GBPAUD;s=2;wOpened=08-07 02:45;nd=1;bestStored=08-07 02:42;bestStoredSlot=1;newWins=false
2026-08-07T03:51:00.000+01:00,DIAG-CLOSE;EURGBP;s=1;prev=15;c=16;firstObs=false;slotOn=true;inWindow=true;time_close=08-07 03:54
2026-08-07T03:51:00.000+01:00,DIAG-DEDUP;EURGBP;s=1;wOpened=08-06 22:21;nd=1;bestStored=08-06 22:54;bestStoredSlot=2;newWins=true
2026-08-07T03:51:00.000+01:00,DIAG-CLOSE;EURGBP;s=5;prev=4;c=5;firstObs=false;slotOn=true;inWindow=true;time_close=08-07 03:54
2026-08-07T03:51:00.000+01:00,DIAG-DEDUP;EURGBP;s=5;wOpened=08-06 22:54;nd=1;bestStored=08-06 22:21;bestStoredSlot=1;newWins=false
2026-08-07T03:54:00.000+01:00,DIAG-CLOSE;EURCAD;s=0;prev=22;c=23;firstObs=false;slotOn=true;inWindow=true;time_close=08-07 03:57
2026-08-07T03:54:00.000+01:00,DIAG-DEDUP;EURCAD;s=0;wOpened=08-07 03:27;nd=0;bestStored=none;bestStoredSlot=-1;newWins=true
2026-08-07T03:54:00.000+01:00,DIAG-CLOSE;EURCAD;s=1;prev=14;c=15;firstObs=false;slotOn=true;inWindow=true;time_close=08-07 03:57
2026-08-07T03:54:00.000+01:00,DIAG-DEDUP;EURCAD;s=1;wOpened=08-07 03:51;nd=1;bestStored=08-07 03:27;bestStoredSlot=0;newWins=false
2026-08-07T03:54:00.000+01:00,DIAG-CLOSE;EURCAD;s=2;prev=10;c=11;firstObs=false;slotOn=true;inWindow=true;time_close=08-07 03:57
2026-08-07T03:54:00.000+01:00,DIAG-DEDUP;EURCAD;s=2;wOpened=08-07 03:51;nd=1;bestStored=08-07 03:27;bestStoredSlot=0;newWins=false
2026-08-07T03:54:00.000+01:00,DIAG-CLOSE;EURCAD;s=3;prev=12;c=13;firstObs=false;slotOn=true;inWindow=true;time_close=08-07 03:57
2026-08-07T03:54:00.000+01:00,DIAG-DEDUP;EURCAD;s=3;wOpened=08-06 23:48;nd=1;bestStored=08-07 03:27;bestStoredSlot=0;newWins=true
2026-08-07T05:33:00.000+01:00,DIAG-CLOSE;EURGBP;s=0;prev=27;c=28;firstObs=false;slotOn=true;inWindow=true;time_close=08-07 05:36
2026-08-07T05:33:00.000+01:00,DIAG-DEDUP;EURGBP;s=0;wOpened=08-07 05:30;nd=0;bestStored=none;bestStoredSlot=-1;newWins=true
2026-08-07T05:36:00.000+01:00,DIAG-CLOSE;GBPCHF;s=0;prev=18;c=19;firstObs=false;slotOn=true;inWindow=true;time_close=08-07 05:39
2026-08-07T05:36:00.000+01:00,DIAG-DEDUP;GBPCHF;s=0;wOpened=08-07 02:18;nd=0;bestStored=none;bestStoredSlot=-1;newWins=true
2026-08-07T05:36:00.000+01:00,DIAG-CLOSE;GBPCHF;s=2;prev=6;c=7;firstObs=false;slotOn=true;inWindow=true;time_close=08-07 05:39
2026-08-07T05:36:00.000+01:00,DIAG-DEDUP;GBPCHF;s=2;wOpened=08-07 04:54;nd=1;bestStored=08-07 02:18;bestStoredSlot=0;newWins=false
2026-08-07T05:36:00.000+01:00,DIAG-CLOSE;GBPCHF;s=3;prev=6;c=7;firstObs=false;slotOn=true;inWindow=true;time_close=08-07 05:39
2026-08-07T05:36:00.000+01:00,DIAG-DEDUP;GBPCHF;s=3;wOpened=08-07 05:33;nd=1;bestStored=08-07 02:18;bestStoredSlot=0;newWins=false
2026-08-07T05:36:00.000+01:00,DIAG-CLOSE;GBPCHF;s=4;prev=1;c=2;firstObs=false;slotOn=true;inWindow=true;time_close=08-07 05:39
2026-08-07T05:36:00.000+01:00,DIAG-DEDUP;GBPCHF;s=4;wOpened=08-07 05:33;nd=1;bestStored=08-07 02:18;bestStoredSlot=0;newWins=false
2026-08-07T06:18:00.000+01:00,DIAG-CLOSE;CADJPY;s=0;prev=23;c=24;firstObs=false;slotOn=true;inWindow=true;time_close=08-07 06:21
2026-08-07T06:18:00.000+01:00,DIAG-DEDUP;CADJPY;s=0;wOpened=08-07 04:54;nd=0;bestStored=none;bestStoredSlot=-1;newWins=true
2026-08-07T06:18:00.000+01:00,DIAG-CLOSE;CADJPY;s=3;prev=10;c=11;firstObs=false;slotOn=true;inWindow=true;time_close=08-07 06:21
2026-08-07T06:18:00.000+01:00,DIAG-DEDUP;CADJPY;s=3;wOpened=08-07 06:15;nd=1;bestStored=08-07 04:54;bestStoredSlot=0;newWins=false
2026-08-07T06:21:00.000+01:00,DIAG-CLOSE;CADJPY;s=2;prev=12;c=13;firstObs=false;slotOn=true;inWindow=true;time_close=08-07 06:24
2026-08-07T06:21:00.000+01:00,DIAG-DEDUP;CADJPY;s=2;wOpened=08-07 06:15;nd=1;bestStored=08-07 04:54;bestStoredSlot=0;newWins=false
2026-08-07T06:48:00.000+01:00,DIAG-CLOSE;GBPCHF;s=1;prev=18;c=19;firstObs=false;slotOn=true;inWindow=true;time_close=08-07 06:51
2026-08-07T06:48:00.000+01:00,DIAG-DEDUP;GBPCHF;s=1;wOpened=08-07 05:33;nd=1;bestStored=08-07 02:18;bestStoredSlot=0;newWins=false
2026-08-07T06:54:00.000+01:00,DIAG-CLOSE;EURAUD;s=1;prev=19;c=20;firstObs=false;slotOn=true;inWindow=true;time_close=08-07 06:57
2026-08-07T06:54:00.000+01:00,DIAG-DEDUP;EURAUD;s=1;wOpened=08-07 05:36;nd=0;bestStored=none;bestStoredSlot=-1;newWins=true
2026-08-07T07:12:00.000+01:00,DIAG-CLOSE;CADJPY;s=1;prev=17;c=18;firstObs=false;slotOn=true;inWindow=true;time_close=08-07 07:15
2026-08-07T07:12:00.000+01:00,DIAG-DEDUP;CADJPY;s=1;wOpened=08-07 04:54;nd=1;bestStored=08-07 04:54;bestStoredSlot=0;newWins=true
2026-08-07T07:12:00.000+01:00,DIAG-CLOSE;CADJPY;s=5;prev=5;c=6;firstObs=false;slotOn=true;inWindow=true;time_close=08-07 07:15
2026-08-07T07:12:00.000+01:00,DIAG-DEDUP;CADJPY;s=5;wOpened=08-07 06:36;nd=1;bestStored=08-07 04:54;bestStoredSlot=1;newWins=false
2026-08-07T07:12:00.000+01:00,DIAG-CLOSE;CADJPY;s=6;prev=1;c=2;firstObs=false;slotOn=true;inWindow=true;time_close=08-07 07:15
2026-08-07T07:12:00.000+01:00,DIAG-DEDUP;CADJPY;s=6;wOpened=08-07 06:45;nd=1;bestStored=08-07 04:54;bestStoredSlot=1;newWins=false
2026-08-07T07:12:00.000+01:00,DIAG-CLOSE;CADJPY;s=7;prev=2;c=3;firstObs=false;slotOn=true;inWindow=true;time_close=08-07 07:15
2026-08-07T07:12:00.000+01:00,DIAG-DEDUP;CADJPY;s=7;wOpened=08-07 06:45;nd=1;bestStored=08-07 04:54;bestStoredSlot=1;newWins=false
2026-08-07T07:33:00.000+01:00,DIAG-CLOSE;AUDUSD;s=1;prev=18;c=19;firstObs=false;slotOn=true;inWindow=true;time_close=08-07 07:36
2026-08-07T07:33:00.000+01:00,DIAG-DEDUP;AUDUSD;s=1;wOpened=08-07 07:03;nd=0;bestStored=none;bestStoredSlot=-1;newWins=true
2026-08-07T07:33:00.000+01:00,DIAG-CLOSE;CHFJPY;s=0;prev=13;c=14;firstObs=false;slotOn=true;inWindow=true;time_close=08-07 07:36
2026-08-07T07:33:00.000+01:00,DIAG-DEDUP;CHFJPY;s=0;wOpened=08-06 23:15;nd=0;bestStored=none;bestStoredSlot=-1;newWins=true
2026-08-07T07:33:00.000+01:00,DIAG-CLOSE;CHFJPY;s=2;prev=4;c=5;firstObs=false;slotOn=true;inWindow=true;time_close=08-07 07:36
2026-08-07T07:33:00.000+01:00,DIAG-DEDUP;CHFJPY;s=2;wOpened=08-07 00:06;nd=1;bestStored=08-06 23:15;bestStoredSlot=0;newWins=false
2026-08-07T07:33:00.000+01:00,DIAG-CLOSE;CHFJPY;s=3;prev=5;c=6;firstObs=false;slotOn=true;inWindow=true;time_close=08-07 07:36
2026-08-07T07:33:00.000+01:00,DIAG-DEDUP;CHFJPY;s=3;wOpened=08-06 23:42;nd=1;bestStored=08-06 23:15;bestStoredSlot=0;newWins=false
2026-08-07T07:33:00.000+01:00,DIAG-CLOSE;CHFJPY;s=4;prev=4;c=5;firstObs=false;slotOn=true;inWindow=true;time_close=08-07 07:36
2026-08-07T07:33:00.000+01:00,DIAG-DEDUP;CHFJPY;s=4;wOpened=08-07 00:06;nd=1;bestStored=08-06 23:15;bestStoredSlot=0;newWins=false
2026-08-07T07:36:00.000+01:00,DIAG-CLOSE;CHFJPY;s=1;prev=9;c=10;firstObs=false;slotOn=true;inWindow=true;time_close=08-07 07:39
2026-08-07T07:36:00.000+01:00,DIAG-DEDUP;CHFJPY;s=1;wOpened=08-07 02:27;nd=1;bestStored=08-06 23:15;bestStoredSlot=0;newWins=false
2026-08-07T07:36:00.000+01:00,DIAG-CLOSE;CHFJPY;s=5;prev=1;c=2;firstObs=false;slotOn=true;inWindow=true;time_close=08-07 07:39
2026-08-07T07:36:00.000+01:00,DIAG-DEDUP;CHFJPY;s=5;wOpened=08-07 02:48;nd=1;bestStored=08-06 23:15;bestStoredSlot=0;newWins=false
2026-08-07T07:36:00.000+01:00,DIAG-CLOSE;CHFJPY;s=6;prev=1;c=2;firstObs=false;slotOn=true;inWindow=true;time_close=08-07 07:39
2026-08-07T07:36:00.000+01:00,DIAG-DEDUP;CHFJPY;s=6;wOpened=08-07 04:27;nd=1;bestStored=08-06 23:15;bestStoredSlot=0;newWins=false
2026-08-07T07:36:00.000+01:00,DIAG-CLOSE;CHFJPY;s=7;prev=2;c=3;firstObs=false;slotOn=true;inWindow=true;time_close=08-07 07:39
2026-08-07T07:36:00.000+01:00,DIAG-DEDUP;CHFJPY;s=7;wOpened=08-07 04:27;nd=1;bestStored=08-06 23:15;bestStoredSlot=0;newWins=false
2026-08-07T07:51:00.000+01:00,DIAG-CLOSE;USDCAD;s=0;prev=21;c=22;firstObs=false;slotOn=true;inWindow=true;time_close=08-07 07:54
2026-08-07T07:51:00.000+01:00,DIAG-DEDUP;USDCAD;s=0;wOpened=08-07 07:24;nd=0;bestStored=none;bestStoredSlot=-1;newWins=true
2026-08-07T07:51:00.000+01:00,DIAG-CLOSE;GBPAUD;s=0;prev=19;c=20;firstObs=false;slotOn=true;inWindow=true;time_close=08-07 07:54
2026-08-07T07:51:00.000+01:00,DIAG-DEDUP;GBPAUD;s=0;wOpened=08-07 07:42;nd=0;bestStored=none;bestStoredSlot=-1;newWins=true
2026-08-07T07:51:00.000+01:00,DIAG-CLOSE;GBPAUD;s=1;prev=10;c=11;firstObs=false;slotOn=true;inWindow=true;time_close=08-07 07:54
2026-08-07T07:51:00.000+01:00,DIAG-DEDUP;GBPAUD;s=1;wOpened=08-07 07:42;nd=1;bestStored=08-07 07:42;bestStoredSlot=0;newWins=true
2026-08-07T07:57:00.000+01:00,DIAG-CLOSE;AUDJPY;s=0;prev=20;c=21;firstObs=false;slotOn=true;inWindow=true;time_close=08-07 08:00
2026-08-07T07:57:00.000+01:00,DIAG-DEDUP;AUDJPY;s=0;wOpened=08-07 04:18;nd=0;bestStored=none;bestStoredSlot=-1;newWins=true
2026-08-07T07:57:00.000+01:00,DIAG-CLOSE;AUDJPY;s=1;prev=13;c=14;firstObs=false;slotOn=true;inWindow=true;time_close=08-07 08:00
2026-08-07T07:57:00.000+01:00,DIAG-DEDUP;AUDJPY;s=1;wOpened=08-07 05:33;nd=1;bestStored=08-07 04:18;bestStoredSlot=0;newWins=false
2026-08-07T07:57:00.000+01:00,DIAG-CLOSE;AUDJPY;s=2;prev=6;c=7;firstObs=false;slotOn=true;inWindow=true;time_close=08-07 08:00
2026-08-07T07:57:00.000+01:00,DIAG-DEDUP;AUDJPY;s=2;wOpened=08-07 05:33;nd=1;bestStored=08-07 04:18;bestStoredSlot=0;newWins=false
2026-08-07T07:57:00.000+01:00,DIAG-CLOSE;AUDJPY;s=3;prev=8;c=9;firstObs=false;slotOn=true;inWindow=true;time_close=08-07 08:00
2026-08-07T07:57:00.000+01:00,DIAG-DEDUP;AUDJPY;s=3;wOpened=08-07 05:30;nd=1;bestStored=08-07 04:18;bestStoredSlot=0;newWins=false
2026-08-07T07:57:00.000+01:00,DIAG-CLOSE;AUDJPY;s=4;prev=4;c=5;firstObs=false;slotOn=true;inWindow=true;time_close=08-07 08:00
2026-08-07T07:57:00.000+01:00,DIAG-DEDUP;AUDJPY;s=4;wOpened=08-07 06:57;nd=1;bestStored=08-07 04:18;bestStoredSlot=0;newWins=false
2026-08-07T08:57:00.000+01:00,DIAG-CLOSE;USDCAD;s=1;prev=20;c=21;firstObs=false;slotOn=true;inWindow=true;time_close=08-07 09:00
2026-08-07T08:57:00.000+01:00,DIAG-DEDUP;USDCAD;s=1;wOpened=08-07 07:39;nd=1;bestStored=08-07 07:24;bestStoredSlot=0;newWins=false
2026-08-07T08:57:00.000+01:00,DIAG-CLOSE;USDCAD;s=5;prev=10;c=11;firstObs=false;slotOn=true;inWindow=true;time_close=08-07 09:00
2026-08-07T08:57:00.000+01:00,DIAG-DEDUP;USDCAD;s=5;wOpened=08-07 08:51;nd=0;bestStored=none;bestStoredSlot=-1;newWins=true
2026-08-07T08:57:00.000+01:00,DIAG-CLOSE;USDCAD;s=6;prev=7;c=8;firstObs=false;slotOn=true;inWindow=true;time_close=08-07 09:00
2026-08-07T08:57:00.000+01:00,DIAG-DEDUP;USDCAD;s=6;wOpened=08-07 08:54;nd=1;bestStored=08-07 08:51;bestStoredSlot=5;newWins=false
2026-08-07T08:57:00.000+01:00,DIAG-CLOSE;USDCAD;s=7;prev=5;c=6;firstObs=false;slotOn=true;inWindow=true;time_close=08-07 09:00
2026-08-07T08:57:00.000+01:00,DIAG-DEDUP;USDCAD;s=7;wOpened=08-07 08:54;nd=1;bestStored=08-07 08:51;bestStoredSlot=5;newWins=false
2026-08-07T09:00:00.000+01:00,DIAG-CLOSE;EURCHF;s=0;prev=21;c=22;firstObs=false;slotOn=true;inWindow=true;time_close=08-07 09:03
2026-08-07T09:00:00.000+01:00,DIAG-DEDUP;EURCHF;s=0;wOpened=08-07 07:45;nd=0;bestStored=none;bestStoredSlot=-1;newWins=true
2026-08-07T09:00:00.000+01:00,DIAG-CLOSE;EURCHF;s=1;prev=17;c=18;firstObs=false;slotOn=true;inWindow=true;time_close=08-07 09:03
2026-08-07T09:00:00.000+01:00,DIAG-DEDUP;EURCHF;s=1;wOpened=08-07 07:45;nd=1;bestStored=08-07 07:45;bestStoredSlot=0;newWins=true
2026-08-07T09:51:00.000+01:00,DIAG-CLOSE;EURUSD;s=0;prev=15;c=16;firstObs=false;slotOn=true;inWindow=true;time_close=08-07 09:54
2026-08-07T09:51:00.000+01:00,DIAG-DEDUP;EURUSD;s=0;wOpened=08-07 09:48;nd=0;bestStored=none;bestStoredSlot=-1;newWins=true
2026-08-07T09:51:00.000+01:00,DIAG-CLOSE;EURUSD;s=1;prev=13;c=14;firstObs=false;slotOn=true;inWindow=true;time_close=08-07 09:54
2026-08-07T09:51:00.000+01:00,DIAG-DEDUP;EURUSD;s=1;wOpened=08-07 09:48;nd=1;bestStored=08-07 09:48;bestStoredSlot=0;newWins=true
2026-08-07T09:51:00.000+01:00,DIAG-CLOSE;EURUSD;s=2;prev=8;c=9;firstObs=false;slotOn=true;inWindow=true;time_close=08-07 09:54
2026-08-07T09:51:00.000+01:00,DIAG-DEDUP;EURUSD;s=2;wOpened=08-07 09:48;nd=1;bestStored=08-07 09:48;bestStoredSlot=1;newWins=true
2026-08-07T09:54:00.000+01:00,DIAG-CLOSE;GBPJPY;s=0;prev=14;c=15;firstObs=false;slotOn=true;inWindow=true;time_close=08-07 09:57
2026-08-07T09:54:00.000+01:00,DIAG-DEDUP;GBPJPY;s=0;wOpened=08-07 07:09;nd=0;bestStored=none;bestStoredSlot=-1;newWins=true
2026-08-07T09:54:00.000+01:00,DIAG-CLOSE;GBPJPY;s=2;prev=6;c=7;firstObs=false;slotOn=true;inWindow=true;time_close=08-07 09:57
2026-08-07T09:54:00.000+01:00,DIAG-DEDUP;GBPJPY;s=2;wOpened=08-07 09:48;nd=1;bestStored=08-07 07:09;bestStoredSlot=0;newWins=false
2026-08-07T09:54:00.000+01:00,DIAG-CLOSE;GBPJPY;s=3;prev=5;c=6;firstObs=false;slotOn=true;inWindow=true;time_close=08-07 09:57
2026-08-07T09:54:00.000+01:00,DIAG-DEDUP;GBPJPY;s=3;wOpened=08-07 09:48;nd=1;bestStored=08-07 07:09;bestStoredSlot=0;newWins=false
2026-08-07T10:00:00.000+01:00,DIAG-CLOSE;USDJPY;s=0;prev=18;c=19;firstObs=false;slotOn=true;inWindow=true;time_close=08-07 10:03
2026-08-07T10:00:00.000+01:00,DIAG-DEDUP;USDJPY;s=0;wOpened=08-07 06:54;nd=0;bestStored=none;bestStoredSlot=-1;newWins=true
2026-08-07T10:00:00.000+01:00,DIAG-CLOSE;USDJPY;s=1;prev=15;c=16;firstObs=false;slotOn=true;inWindow=true;time_close=08-07 10:03
2026-08-07T10:00:00.000+01:00,DIAG-DEDUP;USDJPY;s=1;wOpened=08-07 07:06;nd=1;bestStored=08-07 06:54;bestStoredSlot=0;newWins=false
2026-08-07T10:00:00.000+01:00,DIAG-CLOSE;USDJPY;s=2;prev=7;c=8;firstObs=false;slotOn=true;inWindow=true;time_close=08-07 10:03
2026-08-07T10:00:00.000+01:00,DIAG-DEDUP;USDJPY;s=2;wOpened=08-07 07:06;nd=1;bestStored=08-07 06:54;bestStoredSlot=0;newWins=false
2026-08-07T10:00:00.000+01:00,DIAG-CLOSE;USDJPY;s=3;prev=9;c=10;firstObs=false;slotOn=true;inWindow=true;time_close=08-07 10:03
2026-08-07T10:00:00.000+01:00,DIAG-DEDUP;USDJPY;s=3;wOpened=08-07 07:06;nd=1;bestStored=08-07 06:54;bestStoredSlot=0;newWins=false
2026-08-07T10:00:00.000+01:00,DIAG-CLOSE;USDJPY;s=4;prev=2;c=3;firstObs=false;slotOn=true;inWindow=true;time_close=08-07 10:03
2026-08-07T10:00:00.000+01:00,DIAG-DEDUP;USDJPY;s=4;wOpened=08-07 08:57;nd=1;bestStored=08-07 06:54;bestStoredSlot=0;newWins=false
2026-08-07T10:00:00.000+01:00,DIAG-CLOSE;USDJPY;s=5;prev=2;c=3;firstObs=false;slotOn=true;inWindow=true;time_close=08-07 10:03
2026-08-07T10:00:00.000+01:00,DIAG-DEDUP;USDJPY;s=5;wOpened=08-07 09:18;nd=1;bestStored=08-07 06:54;bestStoredSlot=0;newWins=false
2026-08-07T10:00:00.000+01:00,DIAG-CLOSE;USDJPY;s=6;prev=1;c=2;firstObs=false;slotOn=true;inWindow=true;time_close=08-07 10:03
2026-08-07T10:00:00.000+01:00,DIAG-DEDUP;USDJPY;s=6;wOpened=08-07 09:48;nd=1;bestStored=08-07 06:54;bestStoredSlot=0;newWins=false
2026-08-07T10:00:00.000+01:00,DIAG-CLOSE;USDJPY;s=7;prev=1;c=2;firstObs=false;slotOn=true;inWindow=true;time_close=08-07 10:03
2026-08-07T10:00:00.000+01:00,DIAG-DEDUP;USDJPY;s=7;wOpened=08-07 09:48;nd=1;bestStored=08-07 06:54;bestStoredSlot=0;newWins=false
2026-08-07T10:12:00.000+01:00,DIAG-CLOSE;USDCAD;s=0;prev=22;c=23;firstObs=false;slotOn=true;inWindow=true;time_close=08-07 10:15
2026-08-07T10:12:00.000+01:00,DIAG-DEDUP;USDCAD;s=0;wOpened=08-07 09:15;nd=0;bestStored=none;bestStoredSlot=-1;newWins=true
2026-08-07T10:30:00.000+01:00,DIAG-CLOSE;AUDCHF;s=3;prev=10;c=11;firstObs=false;slotOn=true;inWindow=true;time_close=08-07 10:33
2026-08-07T10:30:00.000+01:00,DIAG-DEDUP;AUDCHF;s=3;wOpened=08-07 07:27;nd=0;bestStored=none;bestStoredSlot=-1;newWins=true
2026-08-07T10:39:00.000+01:00,DIAG-CLOSE;AUDUSD;s=0;prev=21;c=22;firstObs=false;slotOn=true;inWindow=true;time_close=08-07 10:42
2026-08-07T10:39:00.000+01:00,DIAG-DEDUP;AUDUSD;s=0;wOpened=08-07 10:06;nd=0;bestStored=none;bestStoredSlot=-1;newWins=true
2026-08-07T10:39:00.000+01:00,DIAG-CLOSE;AUDUSD;s=1;prev=19;c=20;firstObs=false;slotOn=true;inWindow=true;time_close=08-07 10:42
2026-08-07T10:39:00.000+01:00,DIAG-DEDUP;AUDUSD;s=1;wOpened=08-07 10:06;nd=1;bestStored=08-07 10:06;bestStoredSlot=0;newWins=true
2026-08-07T10:39:00.000+01:00,DIAG-CLOSE;AUDUSD;s=2;prev=12;c=13;firstObs=false;slotOn=true;inWindow=true;time_close=08-07 10:42
2026-08-07T10:39:00.000+01:00,DIAG-DEDUP;AUDUSD;s=2;wOpened=08-07 10:06;nd=1;bestStored=08-07 10:06;bestStoredSlot=1;newWins=true
2026-08-07T10:45:00.000+01:00,DIAG-CLOSE;EURAUD;s=0;prev=21;c=22;firstObs=false;slotOn=true;inWindow=true;time_close=08-07 10:48
2026-08-07T10:45:00.000+01:00,DIAG-DEDUP;EURAUD;s=0;wOpened=08-07 10:42;nd=0;bestStored=none;bestStoredSlot=-1;newWins=true
2026-08-07T11:30:00.000+01:00,DIAG-CLOSE;GBPUSD;s=0;prev=17;c=18;firstObs=false;slotOn=true;inWindow=true;time_close=08-07 11:33
2026-08-07T11:30:00.000+01:00,DIAG-DEDUP;GBPUSD;s=0;wOpened=08-07 10:09;nd=0;bestStored=none;bestStoredSlot=-1;newWins=true
2026-08-07T11:30:00.000+01:00,DIAG-CLOSE;GBPUSD;s=2;prev=10;c=11;firstObs=false;slotOn=true;inWindow=true;time_close=08-07 11:33
2026-08-07T11:30:00.000+01:00,DIAG-DEDUP;GBPUSD;s=2;wOpened=08-07 10:48;nd=1;bestStored=08-07 10:09;bestStoredSlot=0;newWins=false
2026-08-07T11:30:00.000+01:00,DIAG-CLOSE;GBPUSD;s=3;prev=8;c=9;firstObs=false;slotOn=true;inWindow=true;time_close=08-07 11:33
2026-08-07T11:30:00.000+01:00,DIAG-DEDUP;GBPUSD;s=3;wOpened=08-07 10:48;nd=1;bestStored=08-07 10:09;bestStoredSlot=0;newWins=false
2026-08-07T11:30:00.000+01:00,DIAG-CLOSE;GBPUSD;s=4;prev=6;c=7;firstObs=false;slotOn=true;inWindow=true;time_close=08-07 11:33
2026-08-07T11:30:00.000+01:00,DIAG-DEDUP;GBPUSD;s=4;wOpened=08-07 10:51;nd=1;bestStored=08-07 10:09;bestStoredSlot=0;newWins=false
2026-08-07T11:48:00.000+01:00,DIAG-CLOSE;CADJPY;s=0;prev=24;c=25;firstObs=false;slotOn=true;inWindow=true;time_close=08-07 11:51
2026-08-07T11:48:00.000+01:00,DIAG-DEDUP;CADJPY;s=0;wOpened=08-07 10:30;nd=0;bestStored=none;bestStoredSlot=-1;newWins=true
2026-08-07T11:57:00.000+01:00,DIAG-CLOSE;AUDCHF;s=0;prev=17;c=18;firstObs=false;slotOn=true;inWindow=true;time_close=08-07 12:00
2026-08-07T11:57:00.000+01:00,DIAG-DEDUP;AUDCHF;s=0;wOpened=08-07 06:03;nd=1;bestStored=08-07 07:27;bestStoredSlot=3;newWins=true
2026-08-07T11:57:00.000+01:00,DIAG-CLOSE;AUDCHF;s=1;prev=19;c=20;firstObs=false;slotOn=true;inWindow=true;time_close=08-07 12:00
2026-08-07T11:57:00.000+01:00,DIAG-DEDUP;AUDCHF;s=1;wOpened=08-07 07:51;nd=1;bestStored=08-07 06:03;bestStoredSlot=0;newWins=false
2026-08-07T11:57:00.000+01:00,DIAG-CLOSE;AUDCHF;s=2;prev=9;c=10;firstObs=false;slotOn=true;inWindow=true;time_close=08-07 12:00
2026-08-07T11:57:00.000+01:00,DIAG-DEDUP;AUDCHF;s=2;wOpened=08-07 07:27;nd=1;bestStored=08-07 06:03;bestStoredSlot=0;newWins=false
2026-08-07T11:57:00.000+01:00,DIAG-CLOSE;AUDCHF;s=4;prev=5;c=6;firstObs=false;slotOn=true;inWindow=true;time_close=08-07 12:00
2026-08-07T11:57:00.000+01:00,DIAG-DEDUP;AUDCHF;s=4;wOpened=08-07 07:30;nd=1;bestStored=08-07 06:03;bestStoredSlot=0;newWins=false
2026-08-07T11:57:00.000+01:00,DIAG-CLOSE;AUDCHF;s=5;prev=5;c=6;firstObs=false;slotOn=true;inWindow=true;time_close=08-07 12:00
2026-08-07T11:57:00.000+01:00,DIAG-DEDUP;AUDCHF;s=5;wOpened=08-07 11:54;nd=1;bestStored=08-07 06:03;bestStoredSlot=0;newWins=false
2026-08-07T11:57:00.000+01:00,DIAG-CLOSE;AUDCHF;s=6;prev=3;c=4;firstObs=false;slotOn=true;inWindow=true;time_close=08-07 12:00
2026-08-07T11:57:00.000+01:00,DIAG-DEDUP;AUDCHF;s=6;wOpened=08-07 10:24;nd=1;bestStored=08-07 06:03;bestStoredSlot=0;newWins=false
2026-08-07T11:57:00.000+01:00,DIAG-CLOSE;AUDCHF;s=7;prev=2;c=3;firstObs=false;slotOn=true;inWindow=true;time_close=08-07 12:00
2026-08-07T11:57:00.000+01:00,DIAG-DEDUP;AUDCHF;s=7;wOpened=08-07 10:24;nd=1;bestStored=08-07 06:03;bestStoredSlot=0;newWins=false
2026-08-07T12:27:00.000+01:00,DIAG-CLOSE;EURGBP;s=1;prev=16;c=17;firstObs=false;slotOn=true;inWindow=true;time_close=08-07 12:30
2026-08-07T12:27:00.000+01:00,DIAG-DEDUP;EURGBP;s=1;wOpened=08-07 12:24;nd=0;bestStored=none;bestStoredSlot=-1;newWins=true
2026-08-07T12:27:00.000+01:00,DIAG-CLOSE;GBPJPY;s=0;prev=15;c=16;firstObs=false;slotOn=true;inWindow=true;time_close=08-07 12:30
2026-08-07T12:27:00.000+01:00,DIAG-DEDUP;GBPJPY;s=0;wOpened=08-07 12:24;nd=0;bestStored=none;bestStoredSlot=-1;newWins=true
2026-08-07T12:27:00.000+01:00,DIAG-CLOSE;GBPJPY;s=1;prev=13;c=14;firstObs=false;slotOn=true;inWindow=true;time_close=08-07 12:30
2026-08-07T12:27:00.000+01:00,DIAG-DEDUP;GBPJPY;s=1;wOpened=08-07 12:24;nd=1;bestStored=08-07 12:24;bestStoredSlot=0;newWins=true
2026-08-07T12:33:00.000+01:00,DIAG-CLOSE;EURJPY;s=0;prev=16;c=17;firstObs=false;slotOn=true;inWindow=true;time_close=08-07 12:36
2026-08-07T12:33:00.000+01:00,DIAG-DEDUP;EURJPY;s=0;wOpened=08-07 11:48;nd=0;bestStored=none;bestStoredSlot=-1;newWins=true
2026-08-07T12:33:00.000+01:00,DIAG-CLOSE;EURJPY;s=3;prev=8;c=9;firstObs=false;slotOn=true;inWindow=true;time_close=08-07 12:36
2026-08-07T12:33:00.000+01:00,DIAG-DEDUP;EURJPY;s=3;wOpened=08-07 11:48;nd=1;bestStored=08-07 11:48;bestStoredSlot=0;newWins=true
2026-08-07T12:48:00.000+01:00,DIAG-CLOSE;AUDUSD;s=0;prev=22;c=23;firstObs=false;slotOn=true;inWindow=true;time_close=08-07 12:51
2026-08-07T12:48:00.000+01:00,DIAG-DEDUP;AUDUSD;s=0;wOpened=08-07 11:54;nd=0;bestStored=none;bestStoredSlot=-1;newWins=true
2026-08-07T13:51:00.000+01:00,DIAG-CLOSE;AUDJPY;s=0;prev=21;c=22;firstObs=false;slotOn=true;inWindow=true;time_close=08-07 13:54
2026-08-07T13:51:00.000+01:00,DIAG-DEDUP;AUDJPY;s=0;wOpened=08-07 13:39;nd=0;bestStored=none;bestStoredSlot=-1;newWins=true
2026-08-07T13:51:00.000+01:00,DIAG-CLOSE;AUDJPY;s=1;prev=14;c=15;firstObs=false;slotOn=true;inWindow=true;time_close=08-07 13:54
2026-08-07T13:51:00.000+01:00,DIAG-DEDUP;AUDJPY;s=1;wOpened=08-07 13:36;nd=1;bestStored=08-07 13:39;bestStoredSlot=0;newWins=true
2026-08-07T13:51:00.000+01:00,DIAG-CLOSE;AUDJPY;s=2;prev=7;c=8;firstObs=false;slotOn=true;inWindow=true;time_close=08-07 13:54
2026-08-07T13:51:00.000+01:00,DIAG-DEDUP;AUDJPY;s=2;wOpened=08-07 13:39;nd=1;bestStored=08-07 13:36;bestStoredSlot=1;newWins=false
2026-08-07T13:51:00.000+01:00,DIAG-CLOSE;AUDJPY;s=3;prev=9;c=10;firstObs=false;slotOn=true;inWindow=true;time_close=08-07 13:54
2026-08-07T13:51:00.000+01:00,DIAG-DEDUP;AUDJPY;s=3;wOpened=08-07 13:42;nd=1;bestStored=08-07 13:36;bestStoredSlot=1;newWins=false
2026-08-07T13:51:00.000+01:00,DIAG-CLOSE;AUDJPY;s=4;prev=5;c=6;firstObs=false;slotOn=true;inWindow=true;time_close=08-07 13:54
2026-08-07T13:51:00.000+01:00,DIAG-DEDUP;AUDJPY;s=4;wOpened=08-07 13:42;nd=1;bestStored=08-07 13:36;bestStoredSlot=1;newWins=false
2026-08-07T13:51:00.000+01:00,DIAG-CLOSE;AUDJPY;s=5;prev=3;c=4;firstObs=false;slotOn=true;inWindow=true;time_close=08-07 13:54
2026-08-07T13:51:00.000+01:00,DIAG-DEDUP;AUDJPY;s=5;wOpened=08-07 13:42;nd=1;bestStored=08-07 13:36;bestStoredSlot=1;newWins=false
2026-08-07T14:09:00.000+01:00,DIAG-CLOSE;EURAUD;s=0;prev=22;c=23;firstObs=false;slotOn=true;inWindow=true;time_close=08-07 14:12
2026-08-07T14:09:00.000+01:00,DIAG-DEDUP;EURAUD;s=0;wOpened=08-07 13:12;nd=0;bestStored=none;bestStoredSlot=-1;newWins=true
2026-08-07T14:09:00.000+01:00,DIAG-CLOSE;EURAUD;s=2;prev=8;c=9;firstObs=false;slotOn=true;inWindow=true;time_close=08-07 14:12
2026-08-07T14:09:00.000+01:00,DIAG-DEDUP;EURAUD;s=2;wOpened=08-07 13:39;nd=1;bestStored=08-07 13:12;bestStoredSlot=0;newWins=false
2026-08-07T14:09:00.000+01:00,DIAG-CLOSE;EURAUD;s=3;prev=12;c=13;firstObs=false;slotOn=true;inWindow=true;time_close=08-07 14:12
2026-08-07T14:09:00.000+01:00,DIAG-DEDUP;EURAUD;s=3;wOpened=08-07 13:39;nd=1;bestStored=08-07 13:12;bestStoredSlot=0;newWins=false
2026-08-07T14:09:00.000+01:00,DIAG-CLOSE;EURAUD;s=4;prev=6;c=7;firstObs=false;slotOn=true;inWindow=true;time_close=08-07 14:12
2026-08-07T14:09:00.000+01:00,DIAG-DEDUP;EURAUD;s=4;wOpened=08-07 13:42;nd=1;bestStored=08-07 13:12;bestStoredSlot=0;newWins=false
2026-08-07T14:09:00.000+01:00,DIAG-CLOSE;CADJPY;s=0;prev=25;c=26;firstObs=false;slotOn=true;inWindow=true;time_close=08-07 14:12
2026-08-07T14:09:00.000+01:00,DIAG-DEDUP;CADJPY;s=0;wOpened=08-07 13:57;nd=0;bestStored=none;bestStoredSlot=-1;newWins=true
2026-08-07T14:09:00.000+01:00,DIAG-CLOSE;CADJPY;s=3;prev=11;c=12;firstObs=false;slotOn=true;inWindow=true;time_close=08-07 14:12
2026-08-07T14:09:00.000+01:00,DIAG-DEDUP;CADJPY;s=3;wOpened=08-07 13:57;nd=1;bestStored=08-07 13:57;bestStoredSlot=0;newWins=true
2026-08-07T14:45:00.000+01:00,DIAG-CLOSE;CADJPY;s=1;prev=18;c=19;firstObs=false;slotOn=true;inWindow=true;time_close=08-07 14:48
2026-08-07T14:45:00.000+01:00,DIAG-DEDUP;CADJPY;s=1;wOpened=08-07 13:57;nd=1;bestStored=08-07 13:57;bestStoredSlot=3;newWins=false
2026-08-07T15:21:00.000+01:00,DIAG-CLOSE;EURCAD;s=0;prev=23;c=24;firstObs=false;slotOn=true;inWindow=true;time_close=08-07 15:24
2026-08-07T15:21:00.000+01:00,DIAG-DEDUP;EURCAD;s=0;wOpened=08-07 15:12;nd=0;bestStored=none;bestStoredSlot=-1;newWins=true
2026-08-07T15:21:00.000+01:00,DIAG-CLOSE;GBPCAD;s=0;prev=12;c=13;firstObs=false;slotOn=true;inWindow=true;time_close=08-07 15:24
2026-08-07T15:21:00.000+01:00,DIAG-DEDUP;GBPCAD;s=0;wOpened=08-07 15:12;nd=0;bestStored=none;bestStoredSlot=-1;newWins=true
2026-08-07T15:21:00.000+01:00,DIAG-CLOSE;GBPCAD;s=3;prev=7;c=8;firstObs=false;slotOn=true;inWindow=true;time_close=08-07 15:24
2026-08-07T15:21:00.000+01:00,DIAG-DEDUP;GBPCAD;s=3;wOpened=08-07 15:18;nd=1;bestStored=08-07 15:12;bestStoredSlot=0;newWins=false
2026-08-07T15:33:00.000+01:00,DIAG-CLOSE;EURAUD;s=1;prev=20;c=21;firstObs=false;slotOn=true;inWindow=true;time_close=08-07 15:36
2026-08-07T15:33:00.000+01:00,DIAG-DEDUP;EURAUD;s=1;wOpened=08-07 13:54;nd=1;bestStored=08-07 13:12;bestStoredSlot=0;newWins=false
2026-08-07T16:00:00.000+01:00,DIAG-CLOSE;AUDCAD;s=0;prev=19;c=20;firstObs=false;slotOn=true;inWindow=true;time_close=08-07 16:03
2026-08-07T16:00:00.000+01:00,DIAG-DEDUP;AUDCAD;s=0;wOpened=08-07 15:12;nd=0;bestStored=none;bestStoredSlot=-1;newWins=true
2026-08-07T16:00:00.000+01:00,DIAG-CLOSE;AUDCAD;s=1;prev=17;c=18;firstObs=false;slotOn=true;inWindow=true;time_close=08-07 16:03
2026-08-07T16:00:00.000+01:00,DIAG-DEDUP;AUDCAD;s=1;wOpened=08-07 15:12;nd=1;bestStored=08-07 15:12;bestStoredSlot=0;newWins=true
2026-08-07T16:00:00.000+01:00,DIAG-CLOSE;AUDCAD;s=2;prev=13;c=14;firstObs=false;slotOn=true;inWindow=true;time_close=08-07 16:03
2026-08-07T16:00:00.000+01:00,DIAG-DEDUP;AUDCAD;s=2;wOpened=08-07 15:57;nd=1;bestStored=08-07 15:12;bestStoredSlot=1;newWins=false
2026-08-07T16:00:00.000+01:00,DIAG-CLOSE;AUDCAD;s=3;prev=12;c=13;firstObs=false;slotOn=true;inWindow=true;time_close=08-07 16:03
2026-08-07T16:00:00.000+01:00,DIAG-DEDUP;AUDCAD;s=3;wOpened=08-07 15:18;nd=1;bestStored=08-07 15:12;bestStoredSlot=1;newWins=false
2026-08-07T17:30:00.000+01:00,DIAG-CLOSE;CADCHF;s=0;prev=16;c=17;firstObs=false;slotOn=true;inWindow=true;time_close=08-07 17:33
2026-08-07T17:30:00.000+01:00,DIAG-DEDUP;CADCHF;s=0;wOpened=08-07 15:18;nd=0;bestStored=none;bestStoredSlot=-1;newWins=true
2026-08-07T17:30:00.000+01:00,DIAG-CLOSE;CADCHF;s=1;prev=13;c=14;firstObs=false;slotOn=true;inWindow=true;time_close=08-07 17:33
2026-08-07T17:30:00.000+01:00,DIAG-DEDUP;CADCHF;s=1;wOpened=08-07 16:06;nd=1;bestStored=08-07 15:18;bestStoredSlot=0;newWins=false
2026-08-07T17:30:00.000+01:00,DIAG-CLOSE;CADCHF;s=2;prev=8;c=9;firstObs=false;slotOn=true;inWindow=true;time_close=08-07 17:33
2026-08-07T17:30:00.000+01:00,DIAG-DEDUP;CADCHF;s=2;wOpened=08-07 17:27;nd=1;bestStored=08-07 15:18;bestStoredSlot=0;newWins=false
2026-08-07T17:30:00.000+01:00,DIAG-CLOSE;CADCHF;s=3;prev=9;c=10;firstObs=false;slotOn=true;inWindow=true;time_close=08-07 17:33
2026-08-07T17:30:00.000+01:00,DIAG-DEDUP;CADCHF;s=3;wOpened=08-07 16:06;nd=1;bestStored=08-07 15:18;bestStoredSlot=0;newWins=false
2026-08-07T17:30:00.000+01:00,DIAG-CLOSE;CADCHF;s=4;prev=5;c=6;firstObs=false;slotOn=true;inWindow=true;time_close=08-07 17:33
2026-08-07T17:30:00.000+01:00,DIAG-DEDUP;CADCHF;s=4;wOpened=08-07 17:27;nd=1;bestStored=08-07 15:18;bestStoredSlot=0;newWins=false
2026-08-07T18:03:00.000+01:00,DIAG-CLOSE;GBPAUD;s=1;prev=11;c=12;firstObs=false;slotOn=true;inWindow=true;time_close=08-07 18:06
2026-08-07T18:03:00.000+01:00,DIAG-DEDUP;GBPAUD;s=1;wOpened=08-07 16:27;nd=0;bestStored=none;bestStoredSlot=-1;newWins=true
2026-08-07T18:54:00.000+01:00,DIAG-CLOSE;AUDCHF;s=0;prev=18;c=19;firstObs=false;slotOn=true;inWindow=true;time_close=08-07 18:57
2026-08-07T18:54:00.000+01:00,DIAG-DEDUP;AUDCHF;s=0;wOpened=08-07 18:51;nd=0;bestStored=none;bestStoredSlot=-1;newWins=true
2026-08-07T19:21:00.000+01:00,DIAG-CLOSE;EURAUD;s=0;prev=23;c=24;firstObs=false;slotOn=true;inWindow=true;time_close=08-07 19:24
2026-08-07T19:21:00.000+01:00,DIAG-DEDUP;EURAUD;s=0;wOpened=08-07 18:12;nd=0;bestStored=none;bestStoredSlot=-1;newWins=true
2026-08-07T19:21:00.000+01:00,DIAG-CLOSE;EURAUD;s=1;prev=21;c=22;firstObs=false;slotOn=true;inWindow=true;time_close=08-07 19:24
2026-08-07T19:21:00.000+01:00,DIAG-DEDUP;EURAUD;s=1;wOpened=08-07 18:12;nd=1;bestStored=08-07 18:12;bestStoredSlot=0;newWins=true
2026-08-07T19:21:00.000+01:00,DIAG-CLOSE;EURAUD;s=2;prev=9;c=10;firstObs=false;slotOn=true;inWindow=true;time_close=08-07 19:24
2026-08-07T19:21:00.000+01:00,DIAG-DEDUP;EURAUD;s=2;wOpened=08-07 19:15;nd=1;bestStored=08-07 18:12;bestStoredSlot=1;newWins=false
2026-08-07T19:21:00.000+01:00,DIAG-CLOSE;EURAUD;s=3;prev=13;c=14;firstObs=false;slotOn=true;inWindow=true;time_close=08-07 19:24
2026-08-07T19:21:00.000+01:00,DIAG-DEDUP;EURAUD;s=3;wOpened=08-07 19:15;nd=1;bestStored=08-07 18:12;bestStoredSlot=1;newWins=false
2026-08-07T19:21:00.000+01:00,DIAG-CLOSE;EURAUD;s=4;prev=7;c=8;firstObs=false;slotOn=true;inWindow=true;time_close=08-07 19:24
2026-08-07T19:21:00.000+01:00,DIAG-DEDUP;EURAUD;s=4;wOpened=08-07 19:18;nd=1;bestStored=08-07 18:12;bestStoredSlot=1;newWins=false
2026-08-07T20:00:00.000+01:00,DIAG-CLOSE;USDCHF;s=1;prev=13;c=14;firstObs=false;slotOn=true;inWindow=true;time_close=08-07 20:03
2026-08-07T20:00:00.000+01:00,DIAG-DEDUP;USDCHF;s=1;wOpened=08-07 16:09;nd=0;bestStored=none;bestStoredSlot=-1;newWins=true
2026-08-07T20:00:00.000+01:00,DIAG-CLOSE;USDCHF;s=2;prev=9;c=10;firstObs=false;slotOn=true;inWindow=true;time_close=08-07 20:03
2026-08-07T20:00:00.000+01:00,DIAG-DEDUP;USDCHF;s=2;wOpened=08-07 16:27;nd=1;bestStored=08-07 16:09;bestStoredSlot=1;newWins=false
2026-08-07T20:00:00.000+01:00,DIAG-CLOSE;USDCHF;s=4;prev=3;c=4;firstObs=false;slotOn=true;inWindow=true;time_close=08-07 20:03
2026-08-07T20:00:00.000+01:00,DIAG-DEDUP;USDCHF;s=4;wOpened=08-07 19:57;nd=1;bestStored=08-07 16:09;bestStoredSlot=1;newWins=false
2026-08-07T20:00:00.000+01:00,DIAG-CLOSE;USDCHF;s=5;prev=4;c=5;firstObs=false;slotOn=true;inWindow=true;time_close=08-07 20:03
2026-08-07T20:00:00.000+01:00,DIAG-DEDUP;USDCHF;s=5;wOpened=08-07 19:57;nd=1;bestStored=08-07 16:09;bestStoredSlot=1;newWins=false
2026-08-07T20:09:00.000+01:00,DIAG-CLOSE;AUDCHF;s=1;prev=20;c=21;firstObs=false;slotOn=true;inWindow=true;time_close=08-07 20:12
2026-08-07T20:09:00.000+01:00,DIAG-DEDUP;AUDCHF;s=1;wOpened=08-07 18:15;nd=1;bestStored=08-07 18:51;bestStoredSlot=0;newWins=true
2026-08-07T20:15:00.000+01:00,DIAG-CLOSE;AUDUSD;s=0;prev=23;c=24;firstObs=false;slotOn=true;inWindow=true;time_close=08-07 20:18
2026-08-07T20:15:00.000+01:00,DIAG-DEDUP;AUDUSD;s=0;wOpened=08-07 19:24;nd=0;bestStored=none;bestStoredSlot=-1;newWins=true
2026-08-07T20:15:00.000+01:00,DIAG-CLOSE;AUDUSD;s=1;prev=20;c=21;firstObs=false;slotOn=true;inWindow=true;time_close=08-07 20:18
2026-08-07T20:15:00.000+01:00,DIAG-DEDUP;AUDUSD;s=1;wOpened=08-07 19:54;nd=1;bestStored=08-07 19:24;bestStoredSlot=0;newWins=false
2026-08-07T20:15:00.000+01:00,DIAG-CLOSE;AUDUSD;s=2;prev=13;c=14;firstObs=false;slotOn=true;inWindow=true;time_close=08-07 20:18
2026-08-07T20:15:00.000+01:00,DIAG-DEDUP;AUDUSD;s=2;wOpened=08-07 19:54;nd=1;bestStored=08-07 19:24;bestStoredSlot=0;newWins=false
2026-08-07T20:15:00.000+01:00,DIAG-CLOSE;AUDUSD;s=3;prev=14;c=15;firstObs=false;slotOn=true;inWindow=true;time_close=08-07 20:18
2026-08-07T20:15:00.000+01:00,DIAG-DEDUP;AUDUSD;s=3;wOpened=08-07 19:51;nd=1;bestStored=08-07 19:24;bestStoredSlot=0;newWins=false
2026-08-07T20:18:00.000+01:00,DIAG-CLOSE;USDCAD;s=0;prev=23;c=24;firstObs=false;slotOn=true;inWindow=true;time_close=08-07 20:21
2026-08-07T20:18:00.000+01:00,DIAG-DEDUP;USDCAD;s=0;wOpened=08-07 18:39;nd=0;bestStored=none;bestStoredSlot=-1;newWins=true
2026-08-07T20:18:00.000+01:00,DIAG-CLOSE;USDCAD;s=2;prev=10;c=11;firstObs=false;slotOn=true;inWindow=true;time_close=08-07 20:21
2026-08-07T20:18:00.000+01:00,DIAG-DEDUP;USDCAD;s=2;wOpened=08-07 20:15;nd=1;bestStored=08-07 18:39;bestStoredSlot=0;newWins=false
2026-08-07T20:18:00.000+01:00,DIAG-CLOSE;USDCAD;s=3;prev=11;c=12;firstObs=false;slotOn=true;inWindow=true;time_close=08-07 20:21
2026-08-07T20:18:00.000+01:00,DIAG-DEDUP;USDCAD;s=3;wOpened=08-07 20:15;nd=1;bestStored=08-07 18:39;bestStoredSlot=0;newWins=false
2026-08-07T20:39:00.000+01:00,DIAG-CLOSE;EURGBP;s=0;prev=28;c=29;firstObs=false;slotOn=true;inWindow=true;time_close=08-07 20:42
2026-08-07T20:39:00.000+01:00,DIAG-DEDUP;EURGBP;s=0;wOpened=08-07 20:33;nd=0;bestStored=none;bestStoredSlot=-1;newWins=true
2026-08-07T20:39:00.000+01:00,DIAG-CLOSE;EURGBP;s=3;prev=12;c=13;firstObs=false;slotOn=true;inWindow=true;time_close=08-07 20:42
2026-08-07T20:39:00.000+01:00,DIAG-DEDUP;EURGBP;s=3;wOpened=08-07 20:36;nd=1;bestStored=08-07 20:33;bestStoredSlot=0;newWins=false
2026-08-07T21:12:00.000+01:00,DIAG-CLOSE;GBPJPY;s=0;prev=16;c=17;firstObs=false;slotOn=true;inWindow=true;time_close=08-07 21:15
2026-08-07T21:12:00.000+01:00,DIAG-DEDUP;GBPJPY;s=0;wOpened=08-07 20:54;nd=0;bestStored=none;bestStoredSlot=-1;newWins=true
2026-08-07T21:12:00.000+01:00,DIAG-CLOSE;CADJPY;s=0;prev=26;c=27;firstObs=false;slotOn=true;inWindow=true;time_close=08-07 21:15
2026-08-07T21:12:00.000+01:00,DIAG-DEDUP;CADJPY;s=0;wOpened=08-07 20:54;nd=0;bestStored=none;bestStoredSlot=-1;newWins=true
2026-08-07T21:12:00.000+01:00,DIAG-CLOSE;CADJPY;s=1;prev=19;c=20;firstObs=false;slotOn=true;inWindow=true;time_close=08-07 21:15
2026-08-07T21:12:00.000+01:00,DIAG-DEDUP;CADJPY;s=1;wOpened=08-07 20:54;nd=1;bestStored=08-07 20:54;bestStoredSlot=0;newWins=true
2026-08-07T21:15:00.000+01:00,DIAG-CLOSE;EURCAD;s=0;prev=24;c=25;firstObs=false;slotOn=true;inWindow=true;time_close=08-07 21:18
2026-08-07T21:15:00.000+01:00,DIAG-DEDUP;EURCAD;s=0;wOpened=08-07 20:51;nd=0;bestStored=none;bestStoredSlot=-1;newWins=true
2026-08-07T21:15:00.000+01:00,DIAG-CLOSE;EURCAD;s=1;prev=15;c=16;firstObs=false;slotOn=true;inWindow=true;time_close=08-07 21:18
2026-08-07T21:15:00.000+01:00,DIAG-DEDUP;EURCAD;s=1;wOpened=08-07 21:12;nd=1;bestStored=08-07 20:51;bestStoredSlot=0;newWins=false
2026-08-07T21:15:00.000+01:00,DIAG-CLOSE;EURCAD;s=2;prev=11;c=12;firstObs=false;slotOn=true;inWindow=true;time_close=08-07 21:18
2026-08-07T21:15:00.000+01:00,DIAG-DEDUP;EURCAD;s=2;wOpened=08-07 21:12;nd=1;bestStored=08-07 20:51;bestStoredSlot=0;newWins=false
2026-08-07T21:18:00.000+01:00,DIAG-CLOSE;EURCHF;s=1;prev=18;c=19;firstObs=false;slotOn=true;inWindow=true;time_close=08-07 21:21
2026-08-07T21:18:00.000+01:00,DIAG-DEDUP;EURCHF;s=1;wOpened=08-07 20:36;nd=0;bestStored=none;bestStoredSlot=-1;newWins=true
2026-08-07T21:21:00.000+01:00,DIAG-CLOSE;USDJPY;s=0;prev=19;c=20;firstObs=false;slotOn=true;inWindow=true;time_close=08-07 21:24
2026-08-07T21:21:00.000+01:00,DIAG-DEDUP;USDJPY;s=0;wOpened=08-07 20:39;nd=0;bestStored=none;bestStoredSlot=-1;newWins=true
2026-08-07T21:30:00.000+01:00,DIAG-CLOSE;USDCHF;s=0;prev=16;c=17;firstObs=false;slotOn=true;inWindow=true;time_close=08-07 21:33
2026-08-07T21:30:00.000+01:00,DIAG-DEDUP;USDCHF;s=0;wOpened=08-07 14:00;nd=1;bestStored=08-07 16:09;bestStoredSlot=1;newWins=true
2026-08-07T21:30:00.000+01:00,DIAG-CLOSE;USDCHF;s=3;prev=8;c=9;firstObs=false;slotOn=true;inWindow=true;time_close=08-07 21:33
2026-08-07T21:30:00.000+01:00,DIAG-DEDUP;USDCHF;s=3;wOpened=08-07 21:00;nd=1;bestStored=08-07 14:00;bestStoredSlot=0;newWins=false
2026-08-07T21:48:00.000+01:00,DIAG-CLOSE;AUDUSD;s=0;prev=24;c=25;firstObs=false;slotOn=true;inWindow=true;time_close=08-07 21:51
2026-08-07T21:48:00.000+01:00,DIAG-DEDUP;AUDUSD;s=0;wOpened=08-07 21:39;nd=0;bestStored=none;bestStoredSlot=-1;newWins=true
2026-08-07T21:48:00.000+01:00,DIAG-CLOSE;AUDUSD;s=1;prev=21;c=22;firstObs=false;slotOn=true;inWindow=true;time_close=08-07 21:51
2026-08-07T21:48:00.000+01:00,DIAG-DEDUP;AUDUSD;s=1;wOpened=08-07 21:39;nd=1;bestStored=08-07 21:39;bestStoredSlot=0;newWins=true
2026-08-07T21:48:00.000+01:00,DIAG-CLOSE;EURGBP;s=0;prev=29;c=30;firstObs=false;slotOn=true;inWindow=true;time_close=08-07 21:51
2026-08-07T21:48:00.000+01:00,DIAG-DEDUP;EURGBP;s=0;wOpened=08-07 21:45;nd=0;bestStored=none;bestStoredSlot=-1;newWins=true
2026-08-07T21:48:00.000+01:00,DIAG-CLOSE;EURGBP;s=1;prev=17;c=18;firstObs=false;slotOn=true;inWindow=true;time_close=08-07 21:51
2026-08-07T21:48:00.000+01:00,DIAG-DEDUP;EURGBP;s=1;wOpened=08-07 20:36;nd=2;bestStored=08-07 20:33;bestStoredSlot=0;newWins=false
2026-08-07T21:48:00.000+01:00,DIAG-CLOSE;EURGBP;s=5;prev=5;c=6;firstObs=false;slotOn=true;inWindow=true;time_close=08-07 21:51
2026-08-07T21:48:00.000+01:00,DIAG-DEDUP;EURGBP;s=5;wOpened=08-07 20:45;nd=0;bestStored=none;bestStoredSlot=-1;newWins=true
2026-08-07T21:48:00.000+01:00,DIAG-CLOSE;EURGBP;s=6;prev=3;c=4;firstObs=false;slotOn=true;inWindow=true;time_close=08-07 21:51
2026-08-07T21:48:00.000+01:00,DIAG-DEDUP;EURGBP;s=6;wOpened=08-07 21:33;nd=1;bestStored=08-07 20:45;bestStoredSlot=5;newWins=false
2026-08-07T21:48:00.000+01:00,DIAG-CLOSE;EURGBP;s=7;prev=3;c=4;firstObs=false;slotOn=true;inWindow=true;time_close=08-07 21:51
2026-08-07T21:48:00.000+01:00,DIAG-DEDUP;EURGBP;s=7;wOpened=08-07 21:18;nd=1;bestStored=08-07 20:45;bestStoredSlot=5;newWins=false
2026-08-09T23:00:00.000+01:00,DIAG-CLOSE;CADCHF;s=0;prev=17;c=18;firstObs=false;slotOn=true;inWindow=true;time_close=08-09 23:03
2026-08-09T23:00:00.000+01:00,DIAG-DEDUP;CADCHF;s=0;wOpened=08-09 22:33;nd=0;bestStored=none;bestStoredSlot=-1;newWins=true
2026-08-09T23:00:00.000+01:00,DIAG-CLOSE;CADCHF;s=3;prev=10;c=11;firstObs=false;slotOn=true;inWindow=true;time_close=08-09 23:03
2026-08-09T23:00:00.000+01:00,DIAG-DEDUP;CADCHF;s=3;wOpened=08-09 22:33;nd=1;bestStored=08-09 22:33;bestStoredSlot=0;newWins=true
2026-08-09T23:15:00.000+01:00,DIAG-CLOSE;GBPCAD;s=0;prev=13;c=14;firstObs=false;slotOn=true;inWindow=true;time_close=08-09 23:18
2026-08-09T23:15:00.000+01:00,DIAG-DEDUP;GBPCAD;s=0;wOpened=08-09 23:06;nd=0;bestStored=none;bestStoredSlot=-1;newWins=true
2026-08-09T23:15:00.000+01:00,DIAG-CLOSE;GBPCAD;s=2;prev=5;c=6;firstObs=false;slotOn=true;inWindow=true;time_close=08-09 23:18
2026-08-09T23:15:00.000+01:00,DIAG-DEDUP;GBPCAD;s=2;wOpened=08-09 23:09;nd=1;bestStored=08-09 23:06;bestStoredSlot=0;newWins=false
2026-08-09T23:15:00.000+01:00,DIAG-CLOSE;GBPCAD;s=3;prev=8;c=9;firstObs=false;slotOn=true;inWindow=true;time_close=08-09 23:18
2026-08-09T23:15:00.000+01:00,DIAG-DEDUP;GBPCAD;s=3;wOpened=08-09 23:09;nd=1;bestStored=08-09 23:06;bestStoredSlot=0;newWins=false
2026-08-09T23:18:00.000+01:00,DIAG-CLOSE;USDJPY;s=0;prev=20;c=21;firstObs=false;slotOn=true;inWindow=true;time_close=08-09 23:21
2026-08-09T23:18:00.000+01:00,DIAG-DEDUP;USDJPY;s=0;wOpened=08-09 23:15;nd=0;bestStored=none;bestStoredSlot=-1;newWins=true
2026-08-09T23:27:00.000+01:00,DIAG-CLOSE;GBPCAD;s=1;prev=12;c=13;firstObs=false;slotOn=true;inWindow=true;time_close=08-09 23:30
2026-08-09T23:27:00.000+01:00,DIAG-DEDUP;GBPCAD;s=1;wOpened=08-09 23:09;nd=1;bestStored=08-09 23:06;bestStoredSlot=0;newWins=false
2026-08-09T23:30:00.000+01:00,DIAG-CLOSE;AUDUSD;s=1;prev=22;c=23;firstObs=false;slotOn=true;inWindow=true;time_close=08-09 23:33
2026-08-09T23:30:00.000+01:00,DIAG-DEDUP;AUDUSD;s=1;wOpened=08-09 23:15;nd=0;bestStored=none;bestStoredSlot=-1;newWins=true
2026-08-09T23:36:00.000+01:00,DIAG-CLOSE;CADJPY;s=0;prev=27;c=28;firstObs=false;slotOn=true;inWindow=true;time_close=08-09 23:39
2026-08-09T23:36:00.000+01:00,DIAG-DEDUP;CADJPY;s=0;wOpened=08-09 22:57;nd=0;bestStored=none;bestStoredSlot=-1;newWins=true
2026-08-10T00:06:00.000+01:00,DIAG-CLOSE;EURAUD;s=0;prev=24;c=25;firstObs=false;slotOn=true;inWindow=true;time_close=08-10 00:09
2026-08-10T00:06:00.000+01:00,DIAG-DEDUP;EURAUD;s=0;wOpened=08-09 23:24;nd=0;bestStored=none;bestStoredSlot=-1;newWins=true
2026-08-10T00:06:00.000+01:00,DIAG-CLOSE;EURAUD;s=1;prev=22;c=23;firstObs=false;slotOn=true;inWindow=true;time_close=08-10 00:09
2026-08-10T00:06:00.000+01:00,DIAG-DEDUP;EURAUD;s=1;wOpened=08-09 23:27;nd=1;bestStored=08-09 23:24;bestStoredSlot=0;newWins=false
2026-08-10T00:06:00.000+01:00,DIAG-CLOSE;EURAUD;s=2;prev=10;c=11;firstObs=false;slotOn=true;inWindow=true;time_close=08-10 00:09
2026-08-10T00:06:00.000+01:00,DIAG-DEDUP;EURAUD;s=2;wOpened=08-09 23:27;nd=1;bestStored=08-09 23:24;bestStoredSlot=0;newWins=false
2026-08-10T00:06:00.000+01:00,DIAG-CLOSE;EURAUD;s=3;prev=14;c=15;firstObs=false;slotOn=true;inWindow=true;time_close=08-10 00:09
2026-08-10T00:06:00.000+01:00,DIAG-DEDUP;EURAUD;s=3;wOpened=08-09 23:27;nd=1;bestStored=08-09 23:24;bestStoredSlot=0;newWins=false
2026-08-10T00:09:00.000+01:00,DIAG-CLOSE;AUDCHF;s=1;prev=21;c=22;firstObs=false;slotOn=true;inWindow=true;time_close=08-10 00:12
2026-08-10T00:09:00.000+01:00,DIAG-DEDUP;AUDCHF;s=1;wOpened=08-09 23:15;nd=0;bestStored=none;bestStoredSlot=-1;newWins=true
2026-08-10T00:15:00.000+01:00,DIAG-CLOSE;CADCHF;s=1;prev=14;c=15;firstObs=false;slotOn=true;inWindow=true;time_close=08-10 00:18
2026-08-10T00:15:00.000+01:00,DIAG-DEDUP;CADCHF;s=1;wOpened=08-09 22:33;nd=1;bestStored=08-09 22:33;bestStoredSlot=3;newWins=false
2026-08-10T00:15:00.000+01:00,DIAG-CLOSE;CADCHF;s=5;prev=4;c=5;firstObs=false;slotOn=true;inWindow=true;time_close=08-10 00:18
2026-08-10T00:15:00.000+01:00,DIAG-DEDUP;CADCHF;s=5;wOpened=08-09 23:03;nd=0;bestStored=none;bestStoredSlot=-1;newWins=true
2026-08-10T00:15:00.000+01:00,DIAG-CLOSE;CADCHF;s=7;prev=1;c=2;firstObs=false;slotOn=true;inWindow=true;time_close=08-10 00:18
2026-08-10T00:15:00.000+01:00,DIAG-DEDUP;CADCHF;s=7;wOpened=08-09 23:33;nd=1;bestStored=08-09 23:03;bestStoredSlot=5;newWins=false
2026-08-10T00:54:00.000+01:00,DIAG-CLOSE;AUDCHF;s=3;prev=11;c=12;firstObs=false;slotOn=true;inWindow=true;time_close=08-10 00:57
2026-08-10T00:54:00.000+01:00,DIAG-DEDUP;AUDCHF;s=3;wOpened=08-10 00:15;nd=0;bestStored=none;bestStoredSlot=-1;newWins=true
2026-08-10T00:57:00.000+01:00,DIAG-CLOSE;EURCAD;s=0;prev=25;c=26;firstObs=false;slotOn=true;inWindow=true;time_close=08-10 01:00
2026-08-10T00:57:00.000+01:00,DIAG-DEDUP;EURCAD;s=0;wOpened=08-09 23:27;nd=0;bestStored=none;bestStoredSlot=-1;newWins=true
2026-08-10T00:57:00.000+01:00,DIAG-CLOSE;EURCAD;s=1;prev=16;c=17;firstObs=false;slotOn=true;inWindow=true;time_close=08-10 01:00
2026-08-10T00:57:00.000+01:00,DIAG-DEDUP;EURCAD;s=1;wOpened=08-09 23:27;nd=1;bestStored=08-09 23:27;bestStoredSlot=0;newWins=true
2026-08-10T00:57:00.000+01:00,DIAG-CLOSE;EURCAD;s=2;prev=12;c=13;firstObs=false;slotOn=true;inWindow=true;time_close=08-10 01:00
2026-08-10T00:57:00.000+01:00,DIAG-DEDUP;EURCAD;s=2;wOpened=08-10 00:33;nd=1;bestStored=08-09 23:27;bestStoredSlot=1;newWins=false
2026-08-10T00:57:00.000+01:00,DIAG-CLOSE;EURCAD;s=3;prev=13;c=14;firstObs=false;slotOn=true;inWindow=true;time_close=08-10 01:00
2026-08-10T00:57:00.000+01:00,DIAG-DEDUP;EURCAD;s=3;wOpened=08-09 23:27;nd=1;bestStored=08-09 23:27;bestStoredSlot=1;newWins=true
2026-08-10T00:57:00.000+01:00,DIAG-CLOSE;EURCAD;s=4;prev=2;c=3;firstObs=false;slotOn=true;inWindow=true;time_close=08-10 01:00
2026-08-10T00:57:00.000+01:00,DIAG-DEDUP;EURCAD;s=4;wOpened=08-10 00:33;nd=1;bestStored=08-09 23:27;bestStoredSlot=3;newWins=false
2026-08-10T00:57:00.000+01:00,DIAG-CLOSE;EURCAD;s=5;prev=4;c=5;firstObs=false;slotOn=true;inWindow=true;time_close=08-10 01:00
2026-08-10T00:57:00.000+01:00,DIAG-DEDUP;EURCAD;s=5;wOpened=08-09 23:42;nd=1;bestStored=08-09 23:27;bestStoredSlot=3;newWins=false
2026-08-10T00:57:00.000+01:00,DIAG-CLOSE;EURCAD;s=6;prev=2;c=3;firstObs=false;slotOn=true;inWindow=true;time_close=08-10 01:00
2026-08-10T00:57:00.000+01:00,DIAG-DEDUP;EURCAD;s=6;wOpened=08-10 00:33;nd=1;bestStored=08-09 23:27;bestStoredSlot=3;newWins=false
2026-08-10T00:57:00.000+01:00,DIAG-CLOSE;EURCAD;s=7;prev=2;c=3;firstObs=false;slotOn=true;inWindow=true;time_close=08-10 01:00
2026-08-10T00:57:00.000+01:00,DIAG-DEDUP;EURCAD;s=7;wOpened=08-10 00:33;nd=1;bestStored=08-09 23:27;bestStoredSlot=3;newWins=false
2026-08-10T02:00:00.000+01:00,DIAG-CLOSE;GBPAUD;s=0;prev=20;c=21;firstObs=false;slotOn=true;inWindow=true;time_close=08-10 02:03
2026-08-10T02:00:00.000+01:00,DIAG-DEDUP;GBPAUD;s=0;wOpened=08-10 00:09;nd=0;bestStored=none;bestStoredSlot=-1;newWins=true
2026-08-10T02:00:00.000+01:00,DIAG-CLOSE;GBPAUD;s=1;prev=12;c=13;firstObs=false;slotOn=true;inWindow=true;time_close=08-10 02:03
2026-08-10T02:00:00.000+01:00,DIAG-DEDUP;GBPAUD;s=1;wOpened=08-10 00:15;nd=1;bestStored=08-10 00:09;bestStoredSlot=0;newWins=false
2026-08-10T02:00:00.000+01:00,DIAG-CLOSE;GBPAUD;s=2;prev=4;c=5;firstObs=false;slotOn=true;inWindow=true;time_close=08-10 02:03
2026-08-10T02:00:00.000+01:00,DIAG-DEDUP;GBPAUD;s=2;wOpened=08-10 00:15;nd=1;bestStored=08-10 00:09;bestStoredSlot=0;newWins=false
2026-08-10T02:00:00.000+01:00,DIAG-CLOSE;GBPAUD;s=3;prev=9;c=10;firstObs=false;slotOn=true;inWindow=true;time_close=08-10 02:03
2026-08-10T02:00:00.000+01:00,DIAG-DEDUP;GBPAUD;s=3;wOpened=08-10 00:15;nd=1;bestStored=08-10 00:09;bestStoredSlot=0;newWins=false
2026-08-10T02:00:00.000+01:00,DIAG-CLOSE;GBPAUD;s=4;prev=1;c=2;firstObs=false;slotOn=true;inWindow=true;time_close=08-10 02:03
2026-08-10T02:00:00.000+01:00,DIAG-DEDUP;GBPAUD;s=4;wOpened=08-10 01:45;nd=1;bestStored=08-10 00:09;bestStoredSlot=0;newWins=false
2026-08-10T02:00:00.000+01:00,DIAG-CLOSE;GBPAUD;s=5;prev=3;c=4;firstObs=false;slotOn=true;inWindow=true;time_close=08-10 02:03
2026-08-10T02:00:00.000+01:00,DIAG-DEDUP;GBPAUD;s=5;wOpened=08-10 01:48;nd=1;bestStored=08-10 00:09;bestStoredSlot=0;newWins=false
2026-08-10T02:03:00.000+01:00,DIAG-CLOSE;EURGBP;s=0;prev=30;c=31;firstObs=false;slotOn=true;inWindow=true;time_close=08-10 02:06
2026-08-10T02:03:00.000+01:00,DIAG-DEDUP;EURGBP;s=0;wOpened=08-09 23:09;nd=0;bestStored=none;bestStoredSlot=-1;newWins=true
2026-08-10T02:03:00.000+01:00,DIAG-CLOSE;EURGBP;s=1;prev=18;c=19;firstObs=false;slotOn=true;inWindow=true;time_close=08-10 02:06
2026-08-10T02:03:00.000+01:00,DIAG-DEDUP;EURGBP;s=1;wOpened=08-09 23:12;nd=1;bestStored=08-09 23:09;bestStoredSlot=0;newWins=false
2026-08-10T02:03:00.000+01:00,DIAG-CLOSE;EURGBP;s=2;prev=10;c=11;firstObs=false;slotOn=true;inWindow=true;time_close=08-10 02:06
2026-08-10T02:03:00.000+01:00,DIAG-DEDUP;EURGBP;s=2;wOpened=08-09 23:12;nd=1;bestStored=08-09 23:09;bestStoredSlot=0;newWins=false
2026-08-10T02:03:00.000+01:00,DIAG-CLOSE;EURGBP;s=3;prev=13;c=14;firstObs=false;slotOn=true;inWindow=true;time_close=08-10 02:06
2026-08-10T02:03:00.000+01:00,DIAG-DEDUP;EURGBP;s=3;wOpened=08-09 23:12;nd=1;bestStored=08-09 23:09;bestStoredSlot=0;newWins=false
2026-08-10T02:30:00.000+01:00,DIAG-CLOSE;USDJPY;s=0;prev=21;c=22;firstObs=false;slotOn=true;inWindow=true;time_close=08-10 02:33
2026-08-10T02:30:00.000+01:00,DIAG-DEDUP;USDJPY;s=0;wOpened=08-10 02:15;nd=0;bestStored=none;bestStoredSlot=-1;newWins=true
2026-08-10T02:36:00.000+01:00,DIAG-CLOSE;CADCHF;s=0;prev=18;c=19;firstObs=false;slotOn=true;inWindow=true;time_close=08-10 02:39
2026-08-10T02:36:00.000+01:00,DIAG-DEDUP;CADCHF;s=0;wOpened=08-10 00:57;nd=0;bestStored=none;bestStoredSlot=-1;newWins=true
2026-08-10T02:36:00.000+01:00,DIAG-CLOSE;CADCHF;s=1;prev=15;c=16;firstObs=false;slotOn=true;inWindow=true;time_close=08-10 02:39
2026-08-10T02:36:00.000+01:00,DIAG-DEDUP;CADCHF;s=1;wOpened=08-10 01:33;nd=1;bestStored=08-10 00:57;bestStoredSlot=0;newWins=false
2026-08-10T02:36:00.000+01:00,DIAG-CLOSE;CADCHF;s=2;prev=9;c=10;firstObs=false;slotOn=true;inWindow=true;time_close=08-10 02:39
2026-08-10T02:36:00.000+01:00,DIAG-DEDUP;CADCHF;s=2;wOpened=08-09 22:48;nd=3;bestStored=08-09 22:33;bestStoredSlot=3;newWins=false
2026-08-10T02:36:00.000+01:00,DIAG-CLOSE;CADCHF;s=3;prev=11;c=12;firstObs=false;slotOn=true;inWindow=true;time_close=08-10 02:39
2026-08-10T02:36:00.000+01:00,DIAG-DEDUP;CADCHF;s=3;wOpened=08-10 01:06;nd=0;bestStored=none;bestStoredSlot=-1;newWins=true
2026-08-10T02:36:00.000+01:00,DIAG-CLOSE;CADCHF;s=4;prev=6;c=7;firstObs=false;slotOn=true;inWindow=true;time_close=08-10 02:39
2026-08-10T02:36:00.000+01:00,DIAG-DEDUP;CADCHF;s=4;wOpened=08-09 22:48;nd=2;bestStored=08-09 22:33;bestStoredSlot=3;newWins=false
2026-08-10T02:36:00.000+01:00,DIAG-CLOSE;CADCHF;s=5;prev=5;c=6;firstObs=false;slotOn=true;inWindow=true;time_close=08-10 02:39
2026-08-10T02:36:00.000+01:00,DIAG-DEDUP;CADCHF;s=5;wOpened=08-10 01:36;nd=0;bestStored=none;bestStoredSlot=-1;newWins=true
2026-08-10T02:36:00.000+01:00,DIAG-CLOSE;CADCHF;s=7;prev=2;c=3;firstObs=false;slotOn=true;inWindow=true;time_close=08-10 02:39
2026-08-10T02:36:00.000+01:00,DIAG-DEDUP;CADCHF;s=7;wOpened=08-10 01:51;nd=1;bestStored=08-10 01:36;bestStoredSlot=5;newWins=false
2026-08-10T02:51:00.000+01:00,DIAG-CLOSE;GBPCHF;s=0;prev=19;c=20;firstObs=false;slotOn=true;inWindow=true;time_close=08-10 02:54
2026-08-10T02:51:00.000+01:00,DIAG-DEDUP;GBPCHF;s=0;wOpened=08-10 01:36;nd=0;bestStored=none;bestStoredSlot=-1;newWins=true
2026-08-10T02:51:00.000+01:00,DIAG-CLOSE;GBPCHF;s=1;prev=19;c=20;firstObs=false;slotOn=true;inWindow=true;time_close=08-10 02:54
2026-08-10T02:51:00.000+01:00,DIAG-DEDUP;GBPCHF;s=1;wOpened=08-10 01:36;nd=1;bestStored=08-10 01:36;bestStoredSlot=0;newWins=true
2026-08-10T02:51:00.000+01:00,DIAG-CLOSE;GBPCHF;s=2;prev=7;c=8;firstObs=false;slotOn=true;inWindow=true;time_close=08-10 02:54
2026-08-10T02:51:00.000+01:00,DIAG-DEDUP;GBPCHF;s=2;wOpened=08-10 01:48;nd=1;bestStored=08-10 01:36;bestStoredSlot=1;newWins=false
2026-08-10T02:51:00.000+01:00,DIAG-CLOSE;GBPCHF;s=3;prev=7;c=8;firstObs=false;slotOn=true;inWindow=true;time_close=08-10 02:54
2026-08-10T02:51:00.000+01:00,DIAG-DEDUP;GBPCHF;s=3;wOpened=08-10 01:48;nd=1;bestStored=08-10 01:36;bestStoredSlot=1;newWins=false
2026-08-10T03:51:00.000+01:00,DIAG-CLOSE;EURUSD;s=0;prev=16;c=17;firstObs=false;slotOn=true;inWindow=true;time_close=08-10 03:54
2026-08-10T03:51:00.000+01:00,DIAG-DEDUP;EURUSD;s=0;wOpened=08-10 02:03;nd=0;bestStored=none;bestStoredSlot=-1;newWins=true
2026-08-10T04:12:00.000+01:00,DIAG-CLOSE;AUDUSD;s=0;prev=25;c=26;firstObs=false;slotOn=true;inWindow=true;time_close=08-10 04:15
2026-08-10T04:12:00.000+01:00,DIAG-DEDUP;AUDUSD;s=0;wOpened=08-10 03:12;nd=0;bestStored=none;bestStoredSlot=-1;newWins=true
2026-08-10T04:12:00.000+01:00,DIAG-CLOSE;AUDUSD;s=1;prev=23;c=24;firstObs=false;slotOn=true;inWindow=true;time_close=08-10 04:15
2026-08-10T04:12:00.000+01:00,DIAG-DEDUP;AUDUSD;s=1;wOpened=08-10 03:15;nd=1;bestStored=08-10 03:12;bestStoredSlot=0;newWins=false
2026-08-10T04:12:00.000+01:00,DIAG-CLOSE;AUDUSD;s=2;prev=14;c=15;firstObs=false;slotOn=true;inWindow=true;time_close=08-10 04:15
2026-08-10T04:12:00.000+01:00,DIAG-DEDUP;AUDUSD;s=2;wOpened=08-10 03:48;nd=1;bestStored=08-10 03:12;bestStoredSlot=0;newWins=false
2026-08-10T04:12:00.000+01:00,DIAG-CLOSE;AUDUSD;s=3;prev=15;c=16;firstObs=false;slotOn=true;inWindow=true;time_close=08-10 04:15
2026-08-10T04:12:00.000+01:00,DIAG-DEDUP;AUDUSD;s=3;wOpened=08-10 03:15;nd=1;bestStored=08-10 03:12;bestStoredSlot=0;newWins=false
2026-08-10T05:21:00.000+01:00,DIAG-CLOSE;GBPAUD;s=0;prev=21;c=22;firstObs=false;slotOn=true;inWindow=true;time_close=08-10 05:24
2026-08-10T05:21:00.000+01:00,DIAG-DEDUP;GBPAUD;s=0;wOpened=08-10 05:12;nd=0;bestStored=none;bestStoredSlot=-1;newWins=true
2026-08-10T06:00:00.000+01:00,DIAG-CLOSE;GBPAUD;s=2;prev=5;c=6;firstObs=false;slotOn=true;inWindow=true;time_close=08-10 06:03
2026-08-10T06:00:00.000+01:00,DIAG-DEDUP;GBPAUD;s=2;wOpened=08-10 05:30;nd=0;bestStored=none;bestStoredSlot=-1;newWins=true
2026-08-10T08:03:00.000+01:00,DIAG-CLOSE;AUDCAD;s=0;prev=20;c=21;firstObs=false;slotOn=true;inWindow=true;time_close=08-10 08:06
2026-08-10T08:03:00.000+01:00,DIAG-DEDUP;AUDCAD;s=0;wOpened=08-10 06:45;nd=0;bestStored=none;bestStoredSlot=-1;newWins=true
2026-08-10T08:03:00.000+01:00,DIAG-CLOSE;AUDCAD;s=3;prev=13;c=14;firstObs=false;slotOn=true;inWindow=true;time_close=08-10 08:06
2026-08-10T08:03:00.000+01:00,DIAG-DEDUP;AUDCAD;s=3;wOpened=08-10 07:03;nd=1;bestStored=08-10 06:45;bestStoredSlot=0;newWins=false
2026-08-10T08:15:00.000+01:00,DIAG-CLOSE;GBPCAD;s=0;prev=14;c=15;firstObs=false;slotOn=true;inWindow=true;time_close=08-10 08:18
2026-08-10T08:15:00.000+01:00,DIAG-DEDUP;GBPCAD;s=0;wOpened=08-10 08:12;nd=0;bestStored=none;bestStoredSlot=-1;newWins=true
2026-08-10T08:33:00.000+01:00,DIAG-CLOSE;EURGBP;s=0;prev=31;c=32;firstObs=false;slotOn=true;inWindow=true;time_close=08-10 08:36
2026-08-10T08:33:00.000+01:00,DIAG-DEDUP;EURGBP;s=0;wOpened=08-10 07:12;nd=0;bestStored=none;bestStoredSlot=-1;newWins=true
2026-08-10T08:33:00.000+01:00,DIAG-CLOSE;EURGBP;s=1;prev=19;c=20;firstObs=false;slotOn=true;inWindow=true;time_close=08-10 08:36
2026-08-10T08:33:00.000+01:00,DIAG-DEDUP;EURGBP;s=1;wOpened=08-10 07:12;nd=1;bestStored=08-10 07:12;bestStoredSlot=0;newWins=true
2026-08-10T09:03:00.000+01:00,DIAG-CLOSE;EURCAD;s=0;prev=26;c=27;firstObs=false;slotOn=true;inWindow=true;time_close=08-10 09:06
2026-08-10T09:03:00.000+01:00,DIAG-DEDUP;EURCAD;s=0;wOpened=08-10 08:48;nd=0;bestStored=none;bestStoredSlot=-1;newWins=true
2026-08-10T09:03:00.000+01:00,DIAG-CLOSE;EURCAD;s=1;prev=17;c=18;firstObs=false;slotOn=true;inWindow=true;time_close=08-10 09:06
2026-08-10T09:03:00.000+01:00,DIAG-DEDUP;EURCAD;s=1;wOpened=08-10 09:00;nd=1;bestStored=08-10 08:48;bestStoredSlot=0;newWins=false
2026-08-10T09:03:00.000+01:00,DIAG-CLOSE;EURCAD;s=2;prev=13;c=14;firstObs=false;slotOn=true;inWindow=true;time_close=08-10 09:06
2026-08-10T09:03:00.000+01:00,DIAG-DEDUP;EURCAD;s=2;wOpened=08-10 09:00;nd=1;bestStored=08-10 08:48;bestStoredSlot=0;newWins=false
2026-08-10T09:03:00.000+01:00,DIAG-CLOSE;EURCAD;s=3;prev=14;c=15;firstObs=false;slotOn=true;inWindow=true;time_close=08-10 09:06
2026-08-10T09:03:00.000+01:00,DIAG-DEDUP;EURCAD;s=3;wOpened=08-10 09:00;nd=1;bestStored=08-10 08:48;bestStoredSlot=0;newWins=false
2026-08-10T09:33:00.000+01:00,DIAG-CLOSE;EURUSD;s=0;prev=17;c=18;firstObs=false;slotOn=true;inWindow=true;time_close=08-10 09:36
2026-08-10T09:33:00.000+01:00,DIAG-DEDUP;EURUSD;s=0;wOpened=08-10 08:51;nd=0;bestStored=none;bestStoredSlot=-1;newWins=true
2026-08-10T09:33:00.000+01:00,DIAG-CLOSE;EURUSD;s=1;prev=14;c=15;firstObs=false;slotOn=true;inWindow=true;time_close=08-10 09:36
2026-08-10T09:33:00.000+01:00,DIAG-DEDUP;EURUSD;s=1;wOpened=08-10 07:00;nd=1;bestStored=08-10 08:51;bestStoredSlot=0;newWins=true
2026-08-10T09:33:00.000+01:00,DIAG-CLOSE;EURUSD;s=2;prev=9;c=10;firstObs=false;slotOn=true;inWindow=true;time_close=08-10 09:36
2026-08-10T09:33:00.000+01:00,DIAG-DEDUP;EURUSD;s=2;wOpened=08-10 08:48;nd=1;bestStored=08-10 07:00;bestStoredSlot=1;newWins=false
2026-08-10T09:33:00.000+01:00,DIAG-CLOSE;EURUSD;s=5;prev=3;c=4;firstObs=false;slotOn=true;inWindow=true;time_close=08-10 09:36
2026-08-10T09:33:00.000+01:00,DIAG-DEDUP;EURUSD;s=5;wOpened=08-10 08:51;nd=1;bestStored=08-10 07:00;bestStoredSlot=1;newWins=false
2026-08-10T09:45:00.000+01:00,DIAG-CLOSE;AUDCHF;s=0;prev=19;c=20;firstObs=false;slotOn=true;inWindow=true;time_close=08-10 09:48
2026-08-10T09:45:00.000+01:00,DIAG-DEDUP;AUDCHF;s=0;wOpened=08-10 09:21;nd=0;bestStored=none;bestStoredSlot=-1;newWins=true
2026-08-10T10:51:00.000+01:00,DIAG-CLOSE;EURGBP;s=1;prev=20;c=21;firstObs=false;slotOn=true;inWindow=true;time_close=08-10 10:54
2026-08-10T10:51:00.000+01:00,DIAG-DEDUP;EURGBP;s=1;wOpened=08-10 10:48;nd=0;bestStored=none;bestStoredSlot=-1;newWins=true
2026-08-10T10:54:00.000+01:00,DIAG-CLOSE;GBPUSD;s=0;prev=18;c=19;firstObs=false;slotOn=true;inWindow=true;time_close=08-10 10:57
2026-08-10T10:54:00.000+01:00,DIAG-DEDUP;GBPUSD;s=0;wOpened=08-10 10:51;nd=0;bestStored=none;bestStoredSlot=-1;newWins=true
2026-08-10T10:57:00.000+01:00,DIAG-CLOSE;AUDCAD;s=1;prev=18;c=19;firstObs=false;slotOn=true;inWindow=true;time_close=08-10 11:00
2026-08-10T10:57:00.000+01:00,DIAG-DEDUP;AUDCAD;s=1;wOpened=08-10 06:45;nd=1;bestStored=08-10 06:45;bestStoredSlot=0;newWins=true
2026-08-10T10:57:00.000+01:00,DIAG-CLOSE;AUDCAD;s=2;prev=14;c=15;firstObs=false;slotOn=true;inWindow=true;time_close=08-10 11:00
2026-08-10T10:57:00.000+01:00,DIAG-DEDUP;AUDCAD;s=2;wOpened=08-10 08:21;nd=1;bestStored=08-10 06:45;bestStoredSlot=1;newWins=false
2026-08-10T10:57:00.000+01:00,DIAG-CLOSE;AUDCAD;s=5;prev=8;c=9;firstObs=false;slotOn=true;inWindow=true;time_close=08-10 11:00
2026-08-10T10:57:00.000+01:00,DIAG-DEDUP;AUDCAD;s=5;wOpened=08-10 08:18;nd=1;bestStored=08-10 06:45;bestStoredSlot=1;newWins=false
2026-08-10T10:57:00.000+01:00,DIAG-CLOSE;AUDCAD;s=6;prev=3;c=4;firstObs=false;slotOn=true;inWindow=true;time_close=08-10 11:00
2026-08-10T10:57:00.000+01:00,DIAG-DEDUP;AUDCAD;s=6;wOpened=08-10 08:21;nd=1;bestStored=08-10 06:45;bestStoredSlot=1;newWins=false
2026-08-10T10:57:00.000+01:00,DIAG-CLOSE;AUDCAD;s=7;prev=3;c=4;firstObs=false;slotOn=true;inWindow=true;time_close=08-10 11:00
2026-08-10T10:57:00.000+01:00,DIAG-DEDUP;AUDCAD;s=7;wOpened=08-10 08:21;nd=1;bestStored=08-10 06:45;bestStoredSlot=1;newWins=false
2026-08-10T11:00:00.000+01:00,DIAG-CLOSE;EURAUD;s=0;prev=25;c=26;firstObs=false;slotOn=true;inWindow=true;time_close=08-10 11:03
2026-08-10T11:00:00.000+01:00,DIAG-DEDUP;EURAUD;s=0;wOpened=08-10 10:57;nd=0;bestStored=none;bestStoredSlot=-1;newWins=true
2026-08-10T11:00:00.000+01:00,DIAG-CLOSE;EURAUD;s=1;prev=23;c=24;firstObs=false;slotOn=true;inWindow=true;time_close=08-10 11:03
2026-08-10T11:00:00.000+01:00,DIAG-DEDUP;EURAUD;s=1;wOpened=08-10 10:57;nd=1;bestStored=08-10 10:57;bestStoredSlot=0;newWins=true
2026-08-10T11:51:00.000+01:00,DIAG-CLOSE;USDCAD;s=0;prev=24;c=25;firstObs=false;slotOn=true;inWindow=true;time_close=08-10 11:54
2026-08-10T11:51:00.000+01:00,DIAG-DEDUP;USDCAD;s=0;wOpened=08-10 10:42;nd=0;bestStored=none;bestStoredSlot=-1;newWins=true
2026-08-10T12:00:00.000+01:00,DIAG-CLOSE;USDCAD;s=1;prev=21;c=22;firstObs=false;slotOn=true;inWindow=true;time_close=08-10 12:03
2026-08-10T12:00:00.000+01:00,DIAG-DEDUP;USDCAD;s=1;wOpened=08-10 09:57;nd=1;bestStored=08-10 10:42;bestStoredSlot=0;newWins=true
2026-08-10T12:06:00.000+01:00,DIAG-CLOSE;CADJPY;s=0;prev=28;c=29;firstObs=false;slotOn=true;inWindow=true;time_close=08-10 12:09
2026-08-10T12:06:00.000+01:00,DIAG-DEDUP;CADJPY;s=0;wOpened=08-10 11:12;nd=0;bestStored=none;bestStoredSlot=-1;newWins=true
2026-08-10T12:06:00.000+01:00,DIAG-CLOSE;CADJPY;s=2;prev=13;c=14;firstObs=false;slotOn=true;inWindow=true;time_close=08-10 12:09
2026-08-10T12:06:00.000+01:00,DIAG-DEDUP;CADJPY;s=2;wOpened=08-10 11:36;nd=1;bestStored=08-10 11:12;bestStoredSlot=0;newWins=false
2026-08-10T12:06:00.000+01:00,DIAG-CLOSE;CADJPY;s=3;prev=12;c=13;firstObs=false;slotOn=true;inWindow=true;time_close=08-10 12:09
2026-08-10T12:06:00.000+01:00,DIAG-DEDUP;CADJPY;s=3;wOpened=08-10 11:39;nd=1;bestStored=08-10 11:12;bestStoredSlot=0;newWins=false
2026-08-10T12:06:00.000+01:00,DIAG-CLOSE;CADJPY;s=4;prev=6;c=7;firstObs=false;slotOn=true;inWindow=true;time_close=08-10 12:09
2026-08-10T12:06:00.000+01:00,DIAG-DEDUP;CADJPY;s=4;wOpened=08-10 11:36;nd=1;bestStored=08-10 11:12;bestStoredSlot=0;newWins=false
2026-08-10T12:27:00.000+01:00,DIAG-CLOSE;GBPAUD;s=0;prev=22;c=23;firstObs=false;slotOn=true;inWindow=true;time_close=08-10 12:30
2026-08-10T12:27:00.000+01:00,DIAG-DEDUP;GBPAUD;s=0;wOpened=08-10 11:21;nd=0;bestStored=none;bestStoredSlot=-1;newWins=true
2026-08-10T12:27:00.000+01:00,DIAG-CLOSE;GBPAUD;s=2;prev=6;c=7;firstObs=false;slotOn=true;inWindow=true;time_close=08-10 12:30
2026-08-10T12:27:00.000+01:00,DIAG-DEDUP;GBPAUD;s=2;wOpened=08-10 11:57;nd=1;bestStored=08-10 11:21;bestStoredSlot=0;newWins=false
2026-08-10T12:27:00.000+01:00,DIAG-CLOSE;GBPAUD;s=3;prev=10;c=11;firstObs=false;slotOn=true;inWindow=true;time_close=08-10 12:30
2026-08-10T12:27:00.000+01:00,DIAG-DEDUP;GBPAUD;s=3;wOpened=08-10 11:57;nd=1;bestStored=08-10 11:21;bestStoredSlot=0;newWins=false
2026-08-10T12:27:00.000+01:00,DIAG-CLOSE;GBPAUD;s=4;prev=2;c=3;firstObs=false;slotOn=true;inWindow=true;time_close=08-10 12:30
2026-08-10T12:27:00.000+01:00,DIAG-DEDUP;GBPAUD;s=4;wOpened=08-10 12:24;nd=1;bestStored=08-10 11:21;bestStoredSlot=0;newWins=false
2026-08-10T12:48:00.000+01:00,DIAG-CLOSE;GBPJPY;s=0;prev=17;c=18;firstObs=false;slotOn=true;inWindow=true;time_close=08-10 12:51
2026-08-10T12:48:00.000+01:00,DIAG-DEDUP;GBPJPY;s=0;wOpened=08-10 11:00;nd=0;bestStored=none;bestStoredSlot=-1;newWins=true
2026-08-10T12:48:00.000+01:00,DIAG-CLOSE;GBPJPY;s=1;prev=14;c=15;firstObs=false;slotOn=true;inWindow=true;time_close=08-10 12:51
2026-08-10T12:48:00.000+01:00,DIAG-DEDUP;GBPJPY;s=1;wOpened=08-10 11:00;nd=1;bestStored=08-10 11:00;bestStoredSlot=0;newWins=true
2026-08-10T12:48:00.000+01:00,DIAG-CLOSE;GBPJPY;s=2;prev=7;c=8;firstObs=false;slotOn=true;inWindow=true;time_close=08-10 12:51
2026-08-10T12:48:00.000+01:00,DIAG-DEDUP;GBPJPY;s=2;wOpened=08-10 11:15;nd=1;bestStored=08-10 11:00;bestStoredSlot=1;newWins=false
2026-08-10T12:48:00.000+01:00,DIAG-CLOSE;GBPJPY;s=3;prev=6;c=7;firstObs=false;slotOn=true;inWindow=true;time_close=08-10 12:51
2026-08-10T12:48:00.000+01:00,DIAG-DEDUP;GBPJPY;s=3;wOpened=08-10 12:45;nd=1;bestStored=08-10 11:00;bestStoredSlot=1;newWins=false
2026-08-10T12:48:00.000+01:00,DIAG-CLOSE;GBPJPY;s=5;prev=2;c=3;firstObs=false;slotOn=true;inWindow=true;time_close=08-10 12:51
2026-08-10T12:48:00.000+01:00,DIAG-DEDUP;GBPJPY;s=5;wOpened=08-10 12:45;nd=1;bestStored=08-10 11:00;bestStoredSlot=1;newWins=false
2026-08-10T13:51:00.000+01:00,DIAG-CLOSE;USDJPY;s=0;prev=22;c=23;firstObs=false;slotOn=true;inWindow=true;time_close=08-10 13:54
2026-08-10T13:51:00.000+01:00,DIAG-DEDUP;USDJPY;s=0;wOpened=08-10 11:36;nd=0;bestStored=none;bestStoredSlot=-1;newWins=true
2026-08-10T13:51:00.000+01:00,DIAG-CLOSE;USDJPY;s=1;prev=16;c=17;firstObs=false;slotOn=true;inWindow=true;time_close=08-10 13:54
2026-08-10T13:51:00.000+01:00,DIAG-DEDUP;USDJPY;s=1;wOpened=08-10 13:15;nd=1;bestStored=08-10 11:36;bestStoredSlot=0;newWins=false
2026-08-10T13:51:00.000+01:00,DIAG-CLOSE;USDJPY;s=2;prev=8;c=9;firstObs=false;slotOn=true;inWindow=true;time_close=08-10 13:54
2026-08-10T13:51:00.000+01:00,DIAG-DEDUP;USDJPY;s=2;wOpened=08-10 11:54;nd=1;bestStored=08-10 11:36;bestStoredSlot=0;newWins=false
2026-08-10T13:51:00.000+01:00,DIAG-CLOSE;USDJPY;s=3;prev=10;c=11;firstObs=false;slotOn=true;inWindow=true;time_close=08-10 13:54
2026-08-10T13:51:00.000+01:00,DIAG-DEDUP;USDJPY;s=3;wOpened=08-10 11:39;nd=1;bestStored=08-10 11:36;bestStoredSlot=0;newWins=false
2026-08-10T13:51:00.000+01:00,DIAG-CLOSE;USDJPY;s=4;prev=3;c=4;firstObs=false;slotOn=true;inWindow=true;time_close=08-10 13:54
2026-08-10T13:51:00.000+01:00,DIAG-DEDUP;USDJPY;s=4;wOpened=08-10 11:54;nd=1;bestStored=08-10 11:36;bestStoredSlot=0;newWins=false
2026-08-10T14:15:00.000+01:00,DIAG-CLOSE;GBPCHF;s=0;prev=20;c=21;firstObs=false;slotOn=true;inWindow=true;time_close=08-10 14:18
2026-08-10T14:15:00.000+01:00,DIAG-DEDUP;GBPCHF;s=0;wOpened=08-10 14:12;nd=0;bestStored=none;bestStoredSlot=-1;newWins=true
2026-08-10T14:15:00.000+01:00,DIAG-CLOSE;GBPCHF;s=1;prev=20;c=21;firstObs=false;slotOn=true;inWindow=true;time_close=08-10 14:18
2026-08-10T14:15:00.000+01:00,DIAG-DEDUP;GBPCHF;s=1;wOpened=08-10 14:12;nd=1;bestStored=08-10 14:12;bestStoredSlot=0;newWins=true
2026-08-10T14:48:00.000+01:00,DIAG-CLOSE;EURCHF;s=0;prev=22;c=23;firstObs=false;slotOn=true;inWindow=true;time_close=08-10 14:51
2026-08-10T14:48:00.000+01:00,DIAG-DEDUP;EURCHF;s=0;wOpened=08-10 10:30;nd=0;bestStored=none;bestStoredSlot=-1;newWins=true
2026-08-10T14:48:00.000+01:00,DIAG-CLOSE;EURCHF;s=1;prev=19;c=20;firstObs=false;slotOn=true;inWindow=true;time_close=08-10 14:51
2026-08-10T14:48:00.000+01:00,DIAG-DEDUP;EURCHF;s=1;wOpened=08-10 13:57;nd=1;bestStored=08-10 10:30;bestStoredSlot=0;newWins=false
2026-08-10T14:48:00.000+01:00,DIAG-CLOSE;EURCHF;s=2;prev=10;c=11;firstObs=false;slotOn=true;inWindow=true;time_close=08-10 14:51
2026-08-10T14:48:00.000+01:00,DIAG-DEDUP;EURCHF;s=2;wOpened=08-10 13:57;nd=1;bestStored=08-10 10:30;bestStoredSlot=0;newWins=false
2026-08-10T14:48:00.000+01:00,DIAG-CLOSE;EURCHF;s=3;prev=9;c=10;firstObs=false;slotOn=true;inWindow=true;time_close=08-10 14:51
2026-08-10T14:48:00.000+01:00,DIAG-DEDUP;EURCHF;s=3;wOpened=08-10 13:57;nd=1;bestStored=08-10 10:30;bestStoredSlot=0;newWins=false
2026-08-10T14:48:00.000+01:00,DIAG-CLOSE;EURCHF;s=4;prev=5;c=6;firstObs=false;slotOn=true;inWindow=true;time_close=08-10 14:51
2026-08-10T14:48:00.000+01:00,DIAG-DEDUP;EURCHF;s=4;wOpened=08-10 14:12;nd=1;bestStored=08-10 10:30;bestStoredSlot=0;newWins=false
2026-08-10T15:18:00.000+01:00,DIAG-CLOSE;AUDUSD;s=0;prev=26;c=27;firstObs=false;slotOn=true;inWindow=true;time_close=08-10 15:21
2026-08-10T15:18:00.000+01:00,DIAG-DEDUP;AUDUSD;s=0;wOpened=08-10 14:00;nd=0;bestStored=none;bestStoredSlot=-1;newWins=true
2026-08-10T15:18:00.000+01:00,DIAG-CLOSE;AUDUSD;s=1;prev=24;c=25;firstObs=false;slotOn=true;inWindow=true;time_close=08-10 15:21
2026-08-10T15:18:00.000+01:00,DIAG-DEDUP;AUDUSD;s=1;wOpened=08-10 14:00;nd=1;bestStored=08-10 14:00;bestStoredSlot=0;newWins=true
2026-08-10T15:24:00.000+01:00,DIAG-CLOSE;AUDCAD;s=0;prev=21;c=22;firstObs=false;slotOn=true;inWindow=true;time_close=08-10 15:27
2026-08-10T15:24:00.000+01:00,DIAG-DEDUP;AUDCAD;s=0;wOpened=08-10 14:00;nd=0;bestStored=none;bestStoredSlot=-1;newWins=true
2026-08-10T17:30:00.000+01:00,DIAG-CLOSE;GBPCAD;s=0;prev=15;c=16;firstObs=false;slotOn=true;inWindow=true;time_close=08-10 17:33
2026-08-10T17:30:00.000+01:00,DIAG-DEDUP;GBPCAD;s=0;wOpened=08-10 17:27;nd=0;bestStored=none;bestStoredSlot=-1;newWins=true
2026-08-10T17:30:00.000+01:00,DIAG-CLOSE;GBPCAD;s=1;prev=13;c=14;firstObs=false;slotOn=true;inWindow=true;time_close=08-10 17:33
2026-08-10T17:30:00.000+01:00,DIAG-DEDUP;GBPCAD;s=1;wOpened=08-10 17:27;nd=1;bestStored=08-10 17:27;bestStoredSlot=0;newWins=true
2026-08-10T17:30:00.000+01:00,DIAG-CLOSE;GBPCAD;s=2;prev=6;c=7;firstObs=false;slotOn=true;inWindow=true;time_close=08-10 17:33
2026-08-10T17:30:00.000+01:00,DIAG-DEDUP;GBPCAD;s=2;wOpened=08-10 17:27;nd=1;bestStored=08-10 17:27;bestStoredSlot=1;newWins=true
2026-08-10T18:42:00.000+01:00,DIAG-CLOSE;EURJPY;s=0;prev=17;c=18;firstObs=false;slotOn=true;inWindow=true;time_close=08-10 18:45
2026-08-10T18:42:00.000+01:00,DIAG-DEDUP;EURJPY;s=0;wOpened=08-10 18:15;nd=0;bestStored=none;bestStoredSlot=-1;newWins=true
2026-08-10T18:42:00.000+01:00,DIAG-CLOSE;EURJPY;s=1;prev=13;c=14;firstObs=false;slotOn=true;inWindow=true;time_close=08-10 18:45
2026-08-10T18:42:00.000+01:00,DIAG-DEDUP;EURJPY;s=1;wOpened=08-10 17:21;nd=1;bestStored=08-10 18:15;bestStoredSlot=0;newWins=true
2026-08-10T19:33:00.000+01:00,DIAG-CLOSE;GBPCHF;s=1;prev=21;c=22;firstObs=false;slotOn=true;inWindow=true;time_close=08-10 19:36
2026-08-10T19:33:00.000+01:00,DIAG-DEDUP;GBPCHF;s=1;wOpened=08-10 19:27;nd=0;bestStored=none;bestStoredSlot=-1;newWins=true
2026-08-10T19:33:00.000+01:00,DIAG-CLOSE;GBPCHF;s=2;prev=8;c=9;firstObs=false;slotOn=true;inWindow=true;time_close=08-10 19:36
2026-08-10T19:33:00.000+01:00,DIAG-DEDUP;GBPCHF;s=2;wOpened=08-10 19:30;nd=1;bestStored=08-10 19:27;bestStoredSlot=1;newWins=false
2026-08-10T19:39:00.000+01:00,DIAG-CLOSE;EURGBP;s=1;prev=21;c=22;firstObs=false;slotOn=true;inWindow=true;time_close=08-10 19:42
2026-08-10T19:39:00.000+01:00,DIAG-DEDUP;EURGBP;s=1;wOpened=08-10 19:33;nd=0;bestStored=none;bestStoredSlot=-1;newWins=true
2026-08-10T20:03:00.000+01:00,DIAG-CLOSE;EURJPY;s=3;prev=9;c=10;firstObs=false;slotOn=true;inWindow=true;time_close=08-10 20:06
2026-08-10T20:03:00.000+01:00,DIAG-DEDUP;EURJPY;s=3;wOpened=08-10 19:57;nd=0;bestStored=none;bestStoredSlot=-1;newWins=true
2026-08-10T20:15:00.000+01:00,DIAG-CLOSE;USDJPY;s=0;prev=23;c=24;firstObs=false;slotOn=true;inWindow=true;time_close=08-10 20:18
2026-08-10T20:15:00.000+01:00,DIAG-DEDUP;USDJPY;s=0;wOpened=08-10 20:00;nd=0;bestStored=none;bestStoredSlot=-1;newWins=true
2026-08-10T20:15:00.000+01:00,DIAG-CLOSE;USDJPY;s=1;prev=17;c=18;firstObs=false;slotOn=true;inWindow=true;time_close=08-10 20:18
2026-08-10T20:15:00.000+01:00,DIAG-DEDUP;USDJPY;s=1;wOpened=08-10 20:00;nd=1;bestStored=08-10 20:00;bestStoredSlot=0;newWins=true
2026-08-10T20:15:00.000+01:00,DIAG-CLOSE;USDJPY;s=2;prev=9;c=10;firstObs=false;slotOn=true;inWindow=true;time_close=08-10 20:18
2026-08-10T20:15:00.000+01:00,DIAG-DEDUP;USDJPY;s=2;wOpened=08-10 20:12;nd=1;bestStored=08-10 20:00;bestStoredSlot=1;newWins=false
2026-08-10T20:15:00.000+01:00,DIAG-CLOSE;USDJPY;s=3;prev=11;c=12;firstObs=false;slotOn=true;inWindow=true;time_close=08-10 20:18
2026-08-10T20:15:00.000+01:00,DIAG-DEDUP;USDJPY;s=3;wOpened=08-10 20:12;nd=1;bestStored=08-10 20:00;bestStoredSlot=1;newWins=false
2026-08-10T20:36:00.000+01:00,DIAG-CLOSE;CHFJPY;s=0;prev=14;c=15;firstObs=false;slotOn=true;inWindow=true;time_close=08-10 20:39
2026-08-10T20:36:00.000+01:00,DIAG-DEDUP;CHFJPY;s=0;wOpened=08-10 20:03;nd=0;bestStored=none;bestStoredSlot=-1;newWins=true
2026-08-10T20:36:00.000+01:00,DIAG-CLOSE;CHFJPY;s=1;prev=10;c=11;firstObs=false;slotOn=true;inWindow=true;time_close=08-10 20:39
2026-08-10T20:36:00.000+01:00,DIAG-DEDUP;CHFJPY;s=1;wOpened=08-10 20:00;nd=1;bestStored=08-10 20:03;bestStoredSlot=0;newWins=true
2026-08-10T20:36:00.000+01:00,DIAG-CLOSE;CHFJPY;s=3;prev=6;c=7;firstObs=false;slotOn=true;inWindow=true;time_close=08-10 20:39
2026-08-10T20:36:00.000+01:00,DIAG-DEDUP;CHFJPY;s=3;wOpened=08-10 20:06;nd=1;bestStored=08-10 20:00;bestStoredSlot=1;newWins=false
2026-08-10T20:39:00.000+01:00,GCLOSEHDR;1970-01-01 01:00;2026-08-11 20:45;584;1131;8
2026-08-10T20:39:00.000+01:00,GCLOSE;1;EURCAD;A2:25;2026-07-27 10:06;2026-07-27 10:09;1;long;2026-07-27 09:39
2026-08-10T20:39:00.000+01:00,GCLOSE;2;USDJPY;B2:11;2026-07-27 11:00;2026-07-27 11:03;1;short;2026-07-27 10:24
2026-08-10T20:39:00.000+01:00,GCLOSE;3;GBPCAD;A1:12;2026-07-27 11:39;2026-07-27 11:42;1;short;2026-07-27 10:12
2026-08-10T20:39:00.000+01:00,GCLOSE;4;EURGBP;A1:12;2026-07-27 11:42;2026-07-27 11:45;1;long;2026-07-27 11:39
2026-08-10T20:39:00.000+01:00,GCLOSE;5;EURJPY;A2:25;2026-07-27 11:48;2026-07-27 11:51;1;long;2026-07-27 10:24
2026-08-10T20:39:00.000+01:00,GCLOSE;6;AUDJPY;A1:12;2026-07-27 11:48;2026-07-27 11:51;1;long;2026-07-27 10:24
2026-08-10T20:39:00.000+01:00,GCLOSE;7;GBPCHF;A1:12;2026-07-27 12:12;2026-07-27 12:18;2;short;2026-07-27 12:00
2026-08-10T20:39:00.000+01:00,GCLOSE;8;EURUSD;A1:12;2026-07-27 12:18;2026-07-27 12:21;1;short;2026-07-27 10:39
2026-08-10T20:39:00.000+01:00,GCLOSE;9;EURCHF;A2:25;2026-07-27 13:00;2026-07-27 13:03;1;short;2026-07-27 12:57
2026-08-10T20:39:00.000+01:00,GCLOSE;10;CADJPY;A1:12;2026-07-27 13:18;2026-07-27 13:21;1;long;2026-07-27 12:42
2026-08-10T20:39:00.000+01:00,GCLOSE;11;AUDUSD;A1:12;2026-07-27 13:39;2026-07-27 13:42;1;short;2026-07-27 13:24
2026-08-10T20:39:00.000+01:00,GCLOSE;12;EURJPY;A1:12;2026-07-27 13:39;2026-07-27 13:42;1;short;2026-07-27 13:00
2026-08-10T20:39:00.000+01:00,GCLOSE;13;EURCHF;A1:12;2026-07-27 14:00;2026-07-27 14:03;1;long;2026-07-27 13:36
2026-08-10T20:39:00.000+01:00,GCLOSE;14;EURGBP;A2:25;2026-07-27 14:45;2026-07-27 14:48;1;short;2026-07-27 13:12
2026-08-10T20:39:00.000+01:00,GCLOSE;15;EURAUD;B2:11;2026-07-27 13:57;2026-07-27 14:48;3;short;2026-07-27 13:54
2026-08-10T20:39:00.000+01:00,GCLOSE;16;USDCAD;A2:25;2026-07-27 14:57;2026-07-27 15:00;1;short;2026-07-27 10:39
2026-08-10T20:39:00.000+01:00,GCLOSE;17;EURUSD;A1:12;2026-07-27 15:03;2026-07-27 15:06;1;short;2026-07-27 13:45
2026-08-10T20:39:00.000+01:00,GCLOSE;18;CADJPY;A1:12;2026-07-27 15:27;2026-07-27 15:30;1;short;2026-07-27 15:06
2026-08-10T20:39:00.000+01:00,GCLOSE;19;EURCAD;B2:11;2026-07-27 15:33;2026-07-27 15:36;1;long;2026-07-27 15:30
2026-08-10T20:39:00.000+01:00,GCLOSE;20;AUDJPY;A2:25;2026-07-27 15:39;2026-07-27 15:42;1;short;2026-07-27 14:54
2026-08-10T20:39:00.000+01:00,GCLOSE;21;GBPUSD;A2:25;2026-07-27 12:15;2026-07-27 15:51;2;short;2026-07-27 12:12
2026-08-10T20:39:00.000+01:00,GCLOSE;22;GBPCAD;A2:25;2026-07-27 16:09;2026-07-27 16:12;1;short;2026-07-27 16:06
2026-08-10T20:39:00.000+01:00,GCLOSE;23;EURGBP;A1:12;2026-07-27 16:06;2026-07-27 16:45;3;long;2026-07-27 15:51
2026-08-10T20:39:00.000+01:00,GCLOSE;24;CADCHF;A2:25;2026-07-27 17:06;2026-07-27 17:09;1;long;2026-07-27 14:36
2026-08-10T20:39:00.000+01:00,GCLOSE;25;GBPCHF;B2:11;2026-07-27 17:36;2026-07-27 17:39;1;short;2026-07-27 16:39
2026-08-10T20:39:00.000+01:00,GCLOSE;26;EURCAD;A2:25;2026-07-27 17:42;2026-07-27 17:45;1;long;2026-07-27 17:39
2026-08-10T20:39:00.000+01:00,GCLOSE;27;GBPAUD;A1:12;2026-07-27 16:45;2026-07-27 17:48;3;short;2026-07-27 16:24
2026-08-10T20:39:00.000+01:00,GCLOSE;28;CHFJPY;A1:12;2026-07-27 17:45;2026-07-27 17:48;1;long;2026-07-27 17:42
2026-08-10T20:39:00.000+01:00,GCLOSE;29;EURUSD;A1:12;2026-07-27 18:09;2026-07-27 18:12;1;short;2026-07-27 17:42
2026-08-10T20:39:00.000+01:00,GCLOSE;30;USDJPY;A1:12;2026-07-27 16:30;2026-07-27 18:12;3;long;2026-07-27 16:27
2026-08-10T20:39:00.000+01:00,GCLOSE;31;EURAUD;B1:15;2026-07-27 16:45;2026-07-27 18:18;4;long;2026-07-27 16:42
2026-08-10T20:39:00.000+01:00,GCLOSE;32;CADCHF;B2:11;2026-07-27 18:15;2026-07-27 18:18;1;long;2026-07-27 17:39
2026-08-10T20:39:00.000+01:00,GCLOSE;33;AUDCAD;A1:12;2026-07-27 17:42;2026-07-27 18:18;3;short;2026-07-27 17:15
2026-08-10T20:39:00.000+01:00,GCLOSE;34;AUDJPY;A1:12;2026-07-27 18:21;2026-07-27 18:24;1;short;2026-07-27 17:45
2026-08-10T20:39:00.000+01:00,GCLOSE;35;EURCHF;A1:12;2026-07-27 18:33;2026-07-27 18:42;3;long;2026-07-27 18:30
2026-08-10T20:39:00.000+01:00,GCLOSE;36;AUDCHF;A2:25;2026-07-27 16:48;2026-07-27 18:42;6;long;2026-07-27 16:45
2026-08-10T20:39:00.000+01:00,GCLOSE;37;EURCAD;A1:12;2026-07-27 20:15;2026-07-27 20:18;1;short;2026-07-27 19:18
2026-08-10T20:39:00.000+01:00,GCLOSE;38;EURUSD;A2:25;2026-07-27 20:51;2026-07-27 20:54;1;long;2026-07-27 20:48
2026-08-10T20:39:00.000+01:00,GCLOSE;39;USDCHF;A2:25;2026-07-27 19:39;2026-07-27 21:45;5;long;2026-07-27 18:54
2026-08-10T20:39:00.000+01:00,GCLOSE;40;EURJPY;A1:12;2026-07-27 21:48;2026-07-27 21:51;1;short;2026-07-27 21:18
2026-08-10T20:39:00.000+01:00,GCLOSE;41;USDCHF;A2:25;2026-07-27 22:30;2026-07-27 22:33;1;short;2026-07-27 22:21
2026-08-10T20:39:00.000+01:00,GCLOSE;42;CADCHF;B1:15;2026-07-27 18:39;2026-07-27 22:33;5;short;2026-07-27 18:36
2026-08-10T20:39:00.000+01:00,GCLOSE;43;USDJPY;A1:12;2026-07-27 23:15;2026-07-27 23:33;3;long;2026-07-27 22:48
2026-08-10T20:39:00.000+01:00,GCLOSE;44;GBPAUD;A1:12;2026-07-28 00:24;2026-07-28 00:27;1;long;2026-07-28 00:21
2026-08-10T20:39:00.000+01:00,GCLOSE;45;GBPJPY;A2:25;2026-07-28 01:06;2026-07-28 01:09;1;long;2026-07-28 00:48
2026-08-10T20:39:00.000+01:00,GCLOSE;46;EURCHF;A1:12;2026-07-28 00:33;2026-07-28 01:12;3;long;2026-07-28 00:03
2026-08-10T20:39:00.000+01:00,GCLOSE;47;CADJPY;B2:11;2026-07-28 01:12;2026-07-28 01:18;2;long;2026-07-28 01:09
2026-08-10T20:39:00.000+01:00,GCLOSE;48;GBPAUD;A1:12;2026-07-28 02:03;2026-07-28 02:06;1;short;2026-07-28 02:00
2026-08-10T20:39:00.000+01:00,GCLOSE;49;AUDCAD;A2:25;2026-07-28 02:42;2026-07-28 02:45;1;long;2026-07-28 01:33
2026-08-10T20:39:00.000+01:00,GCLOSE;50;GBPCHF;A2:25;2026-07-28 02:57;2026-07-28 03:12;2;long;2026-07-28 01:51
2026-08-10T20:39:00.000+01:00,GCLOSE;51;EURAUD;B2:11;2026-07-28 03:24;2026-07-28 03:33;2;short;2026-07-28 02:45
2026-08-10T20:39:00.000+01:00,GCLOSE;52;GBPUSD;A2:25;2026-07-28 03:57;2026-07-28 04:15;3;long;2026-07-28 03:27
2026-08-10T20:39:00.000+01:00,GCLOSE;53;AUDCAD;A1:12;2026-07-28 04:18;2026-07-28 04:30;3;short;2026-07-28 03:30
2026-08-10T20:39:00.000+01:00,GCLOSE;54;CADCHF;A1:12;2026-07-28 04:09;2026-07-28 05:00;2;long;2026-07-28 04:06
2026-08-10T20:39:00.000+01:00,GCLOSE;55;EURUSD;B2:11;2026-07-28 05:00;2026-07-28 05:03;1;short;2026-07-28 04:06
2026-08-10T20:39:00.000+01:00,GCLOSE;56;AUDUSD;A1:12;2026-07-28 04:48;2026-07-28 05:03;2;short;2026-07-28 03:48
2026-08-10T20:39:00.000+01:00,GCLOSE;57;USDCHF;A1:12;2026-07-28 05:06;2026-07-28 05:09;1;long;2026-07-28 04:09
2026-08-10T20:39:00.000+01:00,GCLOSE;58;GBPCHF;A1:12;2026-07-28 05:45;2026-07-28 05:48;1;long;2026-07-28 05:42
2026-08-10T20:39:00.000+01:00,GCLOSE;59;CHFJPY;A1:12;2026-07-28 06:00;2026-07-28 06:03;1;short;2026-07-28 05:18
2026-08-10T20:39:00.000+01:00,GCLOSE;60;GBPCHF;A2:25;2026-07-28 06:39;2026-07-28 06:42;1;short;2026-07-28 06:36
2026-08-10T20:39:00.000+01:00,GCLOSE;61;USDCAD;A1:12;2026-07-28 04:09;2026-07-28 06:54;5;short;2026-07-28 04:06
2026-08-10T20:39:00.000+01:00,GCLOSE;62;AUDCAD;A2:25;2026-07-28 06:27;2026-07-28 07:42;5;long;2026-07-28 05:33
2026-08-10T20:39:00.000+01:00,GCLOSE;63;USDJPY;A2:25;2026-07-28 08:18;2026-07-28 08:21;1;long;2026-07-28 07:33
2026-08-10T20:39:00.000+01:00,GCLOSE;64;USDCHF;A2:25;2026-07-28 08:57;2026-07-28 09:00;1;long;2026-07-28 08:09
2026-08-10T20:39:00.000+01:00,GCLOSE;65;CHFJPY;A1:12;2026-07-28 08:57;2026-07-28 09:00;1;short;2026-07-28 08:30
2026-08-10T20:39:00.000+01:00,GCLOSE;66;USDJPY;A2:25;2026-07-28 09:06;2026-07-28 09:15;2;long;2026-07-28 08:54
2026-08-10T20:39:00.000+01:00,GCLOSE;67;EURJPY;B2:11;2026-07-28 09:27;2026-07-28 09:30;1;long;2026-07-28 08:30
2026-08-10T20:39:00.000+01:00,GCLOSE;68;CHFJPY;A1:12;2026-07-28 09:27;2026-07-28 09:30;1;long;2026-07-28 09:15
2026-08-10T20:39:00.000+01:00,GCLOSE;69;CADJPY;A1:12;2026-07-28 11:00;2026-07-28 11:03;1;short;2026-07-28 10:42
2026-08-10T20:39:00.000+01:00,GCLOSE;70;USDCAD;A2:25;2026-07-28 10:24;2026-07-28 11:06;2;long;2026-07-28 10:06
2026-08-10T20:39:00.000+01:00,GCLOSE;71;EURCHF;A1:12;2026-07-28 09:39;2026-07-28 11:15;3;short;2026-07-28 09:24
2026-08-10T20:39:00.000+01:00,GCLOSE;72;USDCAD;A2:25;2026-07-28 12:48;2026-07-28 12:51;1;short;2026-07-28 12:45
2026-08-10T20:39:00.000+01:00,GCLOSE;73;AUDCAD;A1:12;2026-07-28 13:12;2026-07-28 13:15;1;long;2026-07-28 12:54
2026-08-10T20:39:00.000+01:00,GCLOSE;74;GBPCAD;A2:25;2026-07-28 13:24;2026-07-28 13:30;2;long;2026-07-28 12:57
2026-08-10T20:39:00.000+01:00,GCLOSE;75;EURUSD;A1:12;2026-07-28 14:06;2026-07-28 14:09;1;long;2026-07-28 12:42
2026-08-10T20:39:00.000+01:00,GCLOSE;76;EURAUD;A2:25;2026-07-28 14:45;2026-07-28 14:48;1;long;2026-07-28 14:42
2026-08-10T20:39:00.000+01:00,GCLOSE;77;AUDJPY;A1:12;2026-07-28 14:42;2026-07-28 14:48;2;short;2026-07-28 14:15
2026-08-10T20:39:00.000+01:00,GCLOSE;78;AUDCHF;A1:12;2026-07-28 14:12;2026-07-28 14:48;3;short;2026-07-28 14:09
2026-08-10T20:39:00.000+01:00,GCLOSE;79;EURJPY;A1:12;2026-07-28 13:36;2026-07-28 15:03;4;long;2026-07-28 12:48
2026-08-10T20:39:00.000+01:00,GCLOSE;80;EURUSD;B2:11;2026-07-28 15:03;2026-07-28 15:06;1;long;2026-07-28 15:00
2026-08-10T20:39:00.000+01:00,GCLOSE;81;EURGBP;A1:12;2026-07-28 15:24;2026-07-28 15:27;1;long;2026-07-28 14:45
2026-08-10T20:39:00.000+01:00,GCLOSE;82;EURCAD;A2:25;2026-07-28 15:33;2026-07-28 15:39;2;long;2026-07-28 14:21
2026-08-10T20:39:00.000+01:00,GCLOSE;83;EURAUD;A1:12;2026-07-28 15:42;2026-07-28 15:45;1;long;2026-07-28 15:39
2026-08-10T20:39:00.000+01:00,GCLOSE;84;GBPUSD;A2:25;2026-07-28 16:03;2026-07-28 16:06;1;short;2026-07-28 16:00
2026-08-10T20:39:00.000+01:00,GCLOSE;85;EURCHF;A2:25;2026-07-28 16:42;2026-07-28 16:45;1;short;2026-07-28 16:30
2026-08-10T20:39:00.000+01:00,GCLOSE;86;AUDJPY;A2:25;2026-07-28 14:54;2026-07-28 16:45;4;long;2026-07-28 14:51
2026-08-10T20:39:00.000+01:00,GCLOSE;87;CADCHF;A2:25;2026-07-28 17:09;2026-07-28 17:54;2;long;2026-07-28 17:06
2026-08-10T20:39:00.000+01:00,GCLOSE;88;EURCHF;A1:12;2026-07-28 17:54;2026-07-28 17:57;1;long;2026-07-28 17:51
2026-08-10T20:39:00.000+01:00,GCLOSE;89;USDCAD;A2:25;2026-07-28 18:21;2026-07-28 18:24;1;long;2026-07-28 18:18
2026-08-10T20:39:00.000+01:00,GCLOSE;90;GBPCAD;A1:12;2026-07-28 18:24;2026-07-28 18:30;2;long;2026-07-28 18:03
2026-08-10T20:39:00.000+01:00,GCLOSE;91;EURGBP;A2:25;2026-07-28 20:03;2026-07-28 20:06;1;short;2026-07-28 20:00
2026-08-10T20:39:00.000+01:00,GCLOSE;92;CADJPY;A2:25;2026-07-28 20:36;2026-07-28 20:39;1;short;2026-07-28 20:21
2026-08-10T20:39:00.000+01:00,GCLOSE;93;GBPUSD;A2:25;2026-07-28 21:45;2026-07-28 21:48;1;short;2026-07-28 19:33
2026-08-10T20:39:00.000+01:00,GCLOSE;94;GBPAUD;A2:25;2026-07-29 00:18;2026-07-29 00:21;1;short;2026-07-29 00:15
2026-08-10T20:39:00.000+01:00,GCLOSE;95;AUDUSD;A2:25;2026-07-29 00:42;2026-07-29 00:45;1;long;2026-07-29 00:30
2026-08-10T20:39:00.000+01:00,GCLOSE;96;EURCAD;A1:12;2026-07-29 00:42;2026-07-29 00:45;1;long;2026-07-28 23:39
2026-08-10T20:39:00.000+01:00,GCLOSE;97;GBPCHF;A2:25;2026-07-29 00:54;2026-07-29 00:57;1;long;2026-07-28 22:42
2026-08-10T20:39:00.000+01:00,GCLOSE;98;USDCAD;A1:12;2026-07-29 01:36;2026-07-29 01:39;1;short;2026-07-29 01:15
2026-08-10T20:39:00.000+01:00,GCLOSE;99;AUDCHF;A2:25;2026-07-29 02:45;2026-07-29 02:48;1;short;2026-07-29 02:18
2026-08-10T20:39:00.000+01:00,GCLOSE;100;EURCAD;A2:25;2026-07-29 01:09;2026-07-29 03:18;3;long;2026-07-29 01:06
2026-08-10T20:39:00.000+01:00,GCLOSE;101;EURGBP;A2:25;2026-07-29 03:42;2026-07-29 03:45;1;short;2026-07-29 03:30
2026-08-10T20:39:00.000+01:00,GCLOSE;102;AUDUSD;A1:12;2026-07-29 04:00;2026-07-29 04:06;2;short;2026-07-29 03:57
2026-08-10T20:39:00.000+01:00,GCLOSE;103;GBPAUD;A1:12;2026-07-29 04:03;2026-07-29 04:06;1;long;2026-07-29 03:57
2026-08-10T20:39:00.000+01:00,GCLOSE;104;USDJPY;A1:12;2026-07-29 04:24;2026-07-29 04:27;1;short;2026-07-29 02:48
2026-08-10T20:39:00.000+01:00,GCLOSE;105;USDCAD;A2:25;2026-07-29 04:45;2026-07-29 04:48;1;short;2026-07-29 04:42
2026-08-10T20:39:00.000+01:00,GCLOSE;106;CADJPY;A1:12;2026-07-29 02:00;2026-07-29 05:09;6;short;2026-07-29 01:57
2026-08-10T20:39:00.000+01:00,GCLOSE;107;GBPAUD;A2:25;2026-07-29 04:36;2026-07-29 05:30;3;long;2026-07-29 04:09
2026-08-10T20:39:00.000+01:00,GCLOSE;108;AUDCHF;A2:25;2026-07-29 04:39;2026-07-29 05:30;3;short;2026-07-29 04:36
2026-08-10T20:39:00.000+01:00,GCLOSE;109;AUDCAD;C1:14;2026-07-29 05:27;2026-07-29 05:30;1;short;2026-07-29 05:24
2026-08-10T20:39:00.000+01:00,GCLOSE;110;CADCHF;A2:25;2026-07-29 04:36;2026-07-29 05:42;2;short;2026-07-29 04:33
2026-08-10T20:39:00.000+01:00,GCLOSE;111;EURAUD;A2:25;2026-07-29 05:24;2026-07-29 06:03;3;short;2026-07-29 04:36
2026-08-10T20:39:00.000+01:00,GCLOSE;112;EURCAD;A2:25;2026-07-29 05:06;2026-07-29 07:21;4;short;2026-07-29 05:03
2026-08-10T20:39:00.000+01:00,GCLOSE;113;USDCAD;A2:25;2026-07-29 07:51;2026-07-29 07:54;1;long;2026-07-29 05:45
2026-08-10T20:39:00.000+01:00,GCLOSE;114;GBPCAD;A2:25;2026-07-29 05:06;2026-07-29 07:54;6;long;2026-07-29 05:03
2026-08-10T20:39:00.000+01:00,GCLOSE;115;CADJPY;A2:25;2026-07-29 08:18;2026-07-29 08:21;1;long;2026-07-29 08:15
2026-08-10T20:39:00.000+01:00,GCLOSE;116;GBPJPY;A2:25;2026-07-29 08:42;2026-07-29 08:45;1;long;2026-07-29 07:15
2026-08-10T20:39:00.000+01:00,GCLOSE;117;AUDCAD;A1:12;2026-07-29 08:24;2026-07-29 08:57;2;short;2026-07-29 06:54
2026-08-10T20:39:00.000+01:00,GCLOSE;118;CHFJPY;A1:12;2026-07-29 09:12;2026-07-29 09:15;1;short;2026-07-29 07:30
2026-08-10T20:39:00.000+01:00,GCLOSE;119;USDJPY;A2:25;2026-07-29 09:30;2026-07-29 09:33;1;long;2026-07-29 09:15
2026-08-10T20:39:00.000+01:00,GCLOSE;120;AUDJPY;A2:25;2026-07-29 09:33;2026-07-29 09:36;1;short;2026-07-29 09:30
2026-08-10T20:39:00.000+01:00,GCLOSE;121;USDJPY;B2:11;2026-07-29 09:54;2026-07-29 10:06;3;short;2026-07-29 09:51
2026-08-10T20:39:00.000+01:00,GCLOSE;122;EURCHF;A1:12;2026-07-29 10:48;2026-07-29 10:51;1;long;2026-07-29 10:45
2026-08-10T20:39:00.000+01:00,GCLOSE;123;EURGBP;A2:25;2026-07-29 10:00;2026-07-29 12:12;2;short;2026-07-29 08:00
2026-08-10T20:39:00.000+01:00,GCLOSE;124;EURCAD;A2:25;2026-07-29 12:12;2026-07-29 12:15;1;short;2026-07-29 12:03
2026-08-10T20:39:00.000+01:00,GCLOSE;125;GBPAUD;A1:12;2026-07-29 13:12;2026-07-29 13:18;2;short;2026-07-29 11:33
2026-08-10T20:39:00.000+01:00,GCLOSE;126;EURGBP;A1:12;2026-07-29 13:21;2026-07-29 13:24;1;long;2026-07-29 13:18
2026-08-10T20:39:00.000+01:00,GCLOSE;127;CADJPY;A2:25;2026-07-29 13:30;2026-07-29 13:36;2;long;2026-07-29 13:15
2026-08-10T20:39:00.000+01:00,GCLOSE;128;GBPCAD;A2:25;2026-07-29 13:42;2026-07-29 13:45;1;short;2026-07-29 13:33
2026-08-10T20:39:00.000+01:00,GCLOSE;129;AUDJPY;A2:25;2026-07-29 13:54;2026-07-29 13:57;1;long;2026-07-29 13:45
2026-08-10T20:39:00.000+01:00,GCLOSE;130;CADCHF;A1:12;2026-07-29 10:45;2026-07-29 14:30;5;short;2026-07-29 10:30
2026-08-10T20:39:00.000+01:00,GCLOSE;131;EURUSD;A2:25;2026-07-29 14:33;2026-07-29 14:45;2;long;2026-07-29 14:30
2026-08-10T20:39:00.000+01:00,GCLOSE;132;USDCAD;A2:25;2026-07-29 13:39;2026-07-29 14:51;2;short;2026-07-29 13:15
2026-08-10T20:39:00.000+01:00,GCLOSE;133;USDCHF;A1:12;2026-07-29 14:33;2026-07-29 14:54;2;short;2026-07-29 13:30
2026-08-10T20:39:00.000+01:00,GCLOSE;134;AUDUSD;A2:25;2026-07-29 14:39;2026-07-29 14:54;2;long;2026-07-29 14:30
2026-08-10T20:39:00.000+01:00,GCLOSE;135;AUDCHF;A1:12;2026-07-29 15:51;2026-07-29 15:57;2;short;2026-07-29 15:48
2026-08-10T20:39:00.000+01:00,GCLOSE;136;EURAUD;A1:12;2026-07-29 16:03;2026-07-29 16:06;1;long;2026-07-29 13:12
2026-08-10T20:39:00.000+01:00,GCLOSE;137;EURUSD;A2:25;2026-07-29 16:06;2026-07-29 16:09;1;short;2026-07-29 16:03
2026-08-10T20:39:00.000+01:00,GCLOSE;138;USDJPY;A1:12;2026-07-29 16:03;2026-07-29 16:09;2;long;2026-07-29 15:24
2026-08-10T20:39:00.000+01:00,GCLOSE;139;USDCHF;A1:12;2026-07-29 16:18;2026-07-29 16:21;1;long;2026-07-29 16:15
2026-08-10T20:39:00.000+01:00,GCLOSE;140;AUDUSD;C1:14;2026-07-29 15:09;2026-07-29 16:27;5;short;2026-07-29 15:06
2026-08-10T20:39:00.000+01:00,GCLOSE;141;AUDJPY;A1:12;2026-07-29 16:24;2026-07-29 16:27;1;short;2026-07-29 16:21
2026-08-10T20:39:00.000+01:00,GCLOSE;142;GBPCHF;A1:12;2026-07-29 17:30;2026-07-29 17:33;1;long;2026-07-29 16:45
2026-08-10T20:39:00.000+01:00,GCLOSE;143;AUDCHF;C2:28;2026-07-29 17:18;2026-07-29 18:03;2;long;2026-07-29 16:03
2026-08-10T20:39:00.000+01:00,GCLOSE;144;AUDJPY;A1:12;2026-07-29 18:06;2026-07-29 18:09;1;long;2026-07-29 17:24
2026-08-10T20:39:00.000+01:00,GCLOSE;145;AUDCAD;A1:12;2026-07-29 14:30;2026-07-29 18:09;5;long;2026-07-29 14:27
2026-08-10T20:39:00.000+01:00,GCLOSE;146;GBPUSD;A1:12;2026-07-29 15:15;2026-07-29 18:15;5;long;2026-07-29 15:12
2026-08-10T20:39:00.000+01:00,GCLOSE;147;USDCHF;B2:11;2026-07-29 17:24;2026-07-29 18:21;3;short;2026-07-29 17:21
2026-08-10T20:39:00.000+01:00,GCLOSE;148;CADCHF;B1:15;2026-07-29 16:45;2026-07-29 18:21;3;short;2026-07-29 16:42
2026-08-10T20:39:00.000+01:00,GCLOSE;149;AUDUSD;A1:12;2026-07-29 18:30;2026-07-29 18:33;1;long;2026-07-29 18:27
2026-08-10T20:39:00.000+01:00,GCLOSE;150;GBPAUD;A1:12;2026-07-29 18:39;2026-07-29 19:06;4;short;2026-07-29 17:21
2026-08-10T20:39:00.000+01:00,GCLOSE;151;GBPAUD;C2:28;2026-07-29 19:09;2026-07-29 19:12;1;short;2026-07-29 19:06
2026-08-10T20:39:00.000+01:00,GCLOSE;152;EURAUD;A2:25;2026-07-29 19:09;2026-07-29 19:15;2;short;2026-07-29 18:57
2026-08-10T20:39:00.000+01:00,GCLOSE;153;AUDJPY;A1:12;2026-07-29 19:51;2026-07-29 19:54;1;long;2026-07-29 19:24
2026-08-10T20:39:00.000+01:00,GCLOSE;154;CHFJPY;A2:25;2026-07-29 19:57;2026-07-29 20:00;1;long;2026-07-29 19:21
2026-08-10T20:39:00.000+01:00,GCLOSE;155;EURGBP;A1:12;2026-07-29 20:36;2026-07-29 20:39;1;long;2026-07-29 20:18
2026-08-10T20:39:00.000+01:00,GCLOSE;156;GBPUSD;A2:25;2026-07-29 21:21;2026-07-29 21:24;1;short;2026-07-29 21:15
2026-08-10T20:39:00.000+01:00,GCLOSE;157;GBPCHF;A2:25;2026-07-29 20:48;2026-07-29 21:24;4;short;2026-07-29 20:09
2026-08-10T20:39:00.000+01:00,GCLOSE;158;CADCHF;A1:12;2026-07-29 21:45;2026-07-29 21:48;1;short;2026-07-29 21:09
2026-08-10T20:39:00.000+01:00,GCLOSE;159;USDJPY;A1:12;2026-07-29 21:51;2026-07-29 21:54;1;short;2026-07-29 21:33
2026-08-10T20:39:00.000+01:00,GCLOSE;160;USDCAD;A2:25;2026-07-29 21:09;2026-07-29 22:18;2;short;2026-07-29 20:21
2026-08-10T20:39:00.000+01:00,GCLOSE;161;CHFJPY;A2:25;2026-07-30 00:00;2026-07-30 00:03;1;short;2026-07-29 22:27
2026-08-10T20:39:00.000+01:00,GCLOSE;162;GBPJPY;A2:25;2026-07-30 00:33;2026-07-30 00:48;3;short;2026-07-30 00:03
2026-08-10T20:39:00.000+01:00,GCLOSE;163;EURAUD;A1:12;2026-07-30 00:51;2026-07-30 00:54;1;short;2026-07-30 00:12
2026-08-10T20:39:00.000+01:00,GCLOSE;164;EURCHF;A2:25;2026-07-30 01:33;2026-07-30 01:39;2;long;2026-07-30 01:00
2026-08-10T20:39:00.000+01:00,GCLOSE;165;USDCAD;A1:12;2026-07-30 01:48;2026-07-30 01:51;1;long;2026-07-30 01:45
2026-08-10T20:39:00.000+01:00,GCLOSE;166;AUDUSD;A2:25;2026-07-30 01:48;2026-07-30 02:21;3;long;2026-07-30 00:42
2026-08-10T20:39:00.000+01:00,GCLOSE;167;AUDCHF;A2:25;2026-07-30 02:30;2026-07-30 02:33;1;long;2026-07-30 01:33
2026-08-10T20:39:00.000+01:00,GCLOSE;168;AUDCAD;A2:25;2026-07-30 02:39;2026-07-30 02:42;1;long;2026-07-30 01:48
2026-08-10T20:39:00.000+01:00,GCLOSE;169;USDCAD;A1:12;2026-07-30 02:48;2026-07-30 02:51;1;long;2026-07-30 02:15
2026-08-10T20:39:00.000+01:00,GCLOSE;170;EURUSD;A2:25;2026-07-30 03:12;2026-07-30 03:15;1;short;2026-07-30 01:57
2026-08-10T20:39:00.000+01:00,GCLOSE;171;AUDUSD;B2:11;2026-07-30 03:54;2026-07-30 03:57;1;short;2026-07-30 02:51
2026-08-10T20:39:00.000+01:00,GCLOSE;172;EURGBP;A2:25;2026-07-29 22:15;2026-07-30 04:18;5;long;2026-07-29 21:39
2026-08-10T20:39:00.000+01:00,GCLOSE;173;CADJPY;A2:25;2026-07-30 01:33;2026-07-30 05:24;3;short;2026-07-29 23:36
2026-08-10T20:39:00.000+01:00,GCLOSE;174;USDCAD;B2:11;2026-07-30 05:42;2026-07-30 05:45;1;long;2026-07-30 05:39
2026-08-10T20:39:00.000+01:00,GCLOSE;175;EURCHF;A1:12;2026-07-30 05:12;2026-07-30 06:30;4;short;2026-07-30 04:57
2026-08-10T20:39:00.000+01:00,GCLOSE;176;CHFJPY;B1:15;2026-07-30 05:57;2026-07-30 06:30;3;long;2026-07-30 05:15
2026-08-10T20:39:00.000+01:00,GCLOSE;177;EURGBP;A1:12;2026-07-30 05:03;2026-07-30 06:39;3;short;2026-07-30 05:00
2026-08-10T20:39:00.000+01:00,GCLOSE;178;AUDUSD;A2:25;2026-07-30 06:39;2026-07-30 06:42;1;long;2026-07-30 06:36
2026-08-10T20:39:00.000+01:00,GCLOSE;179;EURCAD;A1:12;2026-07-30 07:03;2026-07-30 07:06;1;short;2026-07-30 06:45
2026-08-10T20:39:00.000+01:00,GCLOSE;180;GBPUSD;A1:12;2026-07-30 06:48;2026-07-30 07:09;4;short;2026-07-30 06:36
2026-08-10T20:39:00.000+01:00,GCLOSE;181;AUDUSD;B2:11;2026-07-30 07:18;2026-07-30 07:21;1;short;2026-07-30 07:03
2026-08-10T20:39:00.000+01:00,GCLOSE;182;GBPAUD;A1:12;2026-07-30 07:48;2026-07-30 07:51;1;short;2026-07-30 07:45
2026-08-10T20:39:00.000+01:00,GCLOSE;183;EURJPY;A2:25;2026-07-30 08:06;2026-07-30 09:03;4;long;2026-07-30 08:03
2026-08-10T20:39:00.000+01:00,GCLOSE;184;AUDUSD;A2:25;2026-07-30 09:45;2026-07-30 09:48;1;long;2026-07-30 09:36
2026-08-10T20:39:00.000+01:00,GCLOSE;185;USDCAD;A2:25;2026-07-30 08:39;2026-07-30 10:18;4;short;2026-07-30 08:36
2026-08-10T20:39:00.000+01:00,GCLOSE;186;EURAUD;A2:25;2026-07-30 10:21;2026-07-30 10:24;1;short;2026-07-30 10:18
2026-08-10T20:39:00.000+01:00,GCLOSE;187;CADJPY;A2:25;2026-07-30 09:15;2026-07-30 10:27;3;short;2026-07-30 08:00
2026-08-10T20:39:00.000+01:00,GCLOSE;188;AUDCHF;A2:25;2026-07-30 10:15;2026-07-30 10:42;2;short;2026-07-30 09:21
2026-08-10T20:39:00.000+01:00,GCLOSE;189;GBPAUD;B2:11;2026-07-30 10:42;2026-07-30 10:45;1;long;2026-07-30 08:18
2026-08-10T20:39:00.000+01:00,GCLOSE;190;AUDCAD;A1:12;2026-07-30 10:00;2026-07-30 13:06;5;long;2026-07-30 09:42
2026-08-10T20:39:00.000+01:00,GCLOSE;191;USDCHF;C2:28;2026-07-30 13:09;2026-07-30 13:15;2;short;2026-07-30 12:48
2026-08-10T20:39:00.000+01:00,GCLOSE;192;AUDCHF;A2:25;2026-07-30 13:18;2026-07-30 13:21;1;short;2026-07-30 12:45
2026-08-10T20:39:00.000+01:00,GCLOSE;193;CADCHF;A1:12;2026-07-30 13:18;2026-07-30 13:30;2;short;2026-07-30 12:45
2026-08-10T20:39:00.000+01:00,GCLOSE;194;EURCAD;B2:11;2026-07-30 13:12;2026-07-30 14:00;4;long;2026-07-30 12:42
2026-08-10T20:39:00.000+01:00,GCLOSE;195;EURGBP;A2:25;2026-07-30 14:03;2026-07-30 14:15;2;long;2026-07-30 12:33
2026-08-10T20:39:00.000+01:00,GCLOSE;196;GBPCHF;A2:25;2026-07-30 13:33;2026-07-30 14:24;2;short;2026-07-30 13:24
2026-08-10T20:39:00.000+01:00,GCLOSE;197;USDJPY;A2:25;2026-07-30 14:30;2026-07-30 14:33;1;short;2026-07-30 13:48
2026-08-10T20:39:00.000+01:00,GCLOSE;198;USDCHF;A1:12;2026-07-30 14:30;2026-07-30 14:36;2;short;2026-07-30 13:30
2026-08-10T20:39:00.000+01:00,GCLOSE;199;CHFJPY;A1:12;2026-07-30 13:51;2026-07-30 14:45;4;short;2026-07-30 13:30
2026-08-10T20:39:00.000+01:00,GCLOSE;200;CADJPY;A1:12;2026-07-30 14:42;2026-07-30 14:45;1;short;2026-07-30 13:54
2026-08-10T20:39:00.000+01:00,GCLOSE;201;GBPUSD;A2:25;2026-07-30 14:51;2026-07-30 14:54;1;long;2026-07-30 14:48
2026-08-10T20:39:00.000+01:00,GCLOSE;202;EURCHF;A2:25;2026-07-30 14:51;2026-07-30 14:54;1;short;2026-07-30 14:33
2026-08-10T20:39:00.000+01:00,GCLOSE;203;GBPCAD;A2:25;2026-07-30 14:48;2026-07-30 14:54;2;long;2026-07-30 13:15
2026-08-10T20:39:00.000+01:00,GCLOSE;204;EURCAD;C2:28;2026-07-30 14:57;2026-07-30 15:00;1;long;2026-07-30 14:03
2026-08-10T20:39:00.000+01:00,GCLOSE;205;EURCHF;A2:25;2026-07-30 16:24;2026-07-30 16:27;1;short;2026-07-30 16:12
2026-08-10T20:39:00.000+01:00,GCLOSE;206;CADCHF;A2:25;2026-07-30 16:45;2026-07-30 16:48;1;short;2026-07-30 16:30
2026-08-10T20:39:00.000+01:00,GCLOSE;207;AUDCAD;A1:12;2026-07-30 16:18;2026-07-30 16:57;3;long;2026-07-30 16:15
2026-08-10T20:39:00.000+01:00,GCLOSE;208;EURAUD;A2:25;2026-07-30 17:00;2026-07-30 17:03;1;short;2026-07-30 15:03
2026-08-10T20:39:00.000+01:00,GCLOSE;209;EURCAD;A2:25;2026-07-30 17:36;2026-07-30 18:03;2;short;2026-07-30 17:33
2026-08-10T20:39:00.000+01:00,GCLOSE;210;CADCHF;A1:12;2026-07-30 18:00;2026-07-30 18:03;1;long;2026-07-30 17:57
2026-08-10T20:39:00.000+01:00,GCLOSE;211;GBPCHF;A2:25;2026-07-30 18:48;2026-07-30 18:51;1;short;2026-07-30 18:36
2026-08-10T20:39:00.000+01:00,GCLOSE;212;CADCHF;A2:25;2026-07-30 18:51;2026-07-30 18:54;1;short;2026-07-30 18:21
2026-08-10T20:39:00.000+01:00,GCLOSE;213;AUDUSD;A1:12;2026-07-30 19:18;2026-07-30 21:36;3;short;2026-07-30 19:06
2026-08-10T20:39:00.000+01:00,GCLOSE;214;USDCAD;B2:11;2026-07-30 19:03;2026-07-30 21:39;2;long;2026-07-30 18:09
2026-08-10T20:39:00.000+01:00,GCLOSE;215;USDCAD;C2:28;2026-07-30 21:51;2026-07-30 21:54;1;long;2026-07-30 21:48
2026-08-10T20:39:00.000+01:00,GCLOSE;216;AUDUSD;C2:28;2026-07-30 21:54;2026-07-30 22:27;4;short;2026-07-30 21:51
2026-08-10T20:39:00.000+01:00,GCLOSE;217;GBPJPY;A1:12;2026-07-30 22:48;2026-07-30 22:54;2;long;2026-07-30 22:27
2026-08-10T20:39:00.000+01:00,GCLOSE;218;CADJPY;A2:25;2026-07-30 22:51;2026-07-30 22:54;1;long;2026-07-30 22:48
2026-08-10T20:39:00.000+01:00,GCLOSE;219;EURGBP;A2:25;2026-07-30 20:15;2026-07-30 23:03;3;long;2026-07-30 19:18
2026-08-10T20:39:00.000+01:00,GCLOSE;220;EURJPY;A1:12;2026-07-30 23:24;2026-07-30 23:27;1;long;2026-07-30 23:03
2026-08-10T20:39:00.000+01:00,GCLOSE;221;EURAUD;A2:25;2026-07-31 00:45;2026-07-31 00:48;1;long;2026-07-30 21:42
2026-08-10T20:39:00.000+01:00,GCLOSE;222;GBPAUD;A2:25;2026-07-31 01:42;2026-07-31 01:45;1;short;2026-07-31 01:24
2026-08-10T20:39:00.000+01:00,GCLOSE;223;GBPUSD;A1:12;2026-07-31 00:21;2026-07-31 01:48;2;short;2026-07-30 23:30
2026-08-10T20:39:00.000+01:00,GCLOSE;224;EURCAD;A1:12;2026-07-31 02:54;2026-07-31 02:57;1;short;2026-07-31 01:51
2026-08-10T20:39:00.000+01:00,GCLOSE;225;USDCAD;A2:25;2026-07-31 00:42;2026-07-31 03:51;5;long;2026-07-31 00:21
2026-08-10T20:39:00.000+01:00,GCLOSE;226;EURCHF;A2:25;2026-07-31 03:09;2026-07-31 03:57;2;long;2026-07-31 01:36
2026-08-10T20:39:00.000+01:00,GCLOSE;227;GBPJPY;A2:25;2026-07-31 04:27;2026-07-31 04:30;1;long;2026-07-31 03:03
2026-08-10T20:39:00.000+01:00,GCLOSE;228;EURGBP;A1:12;2026-07-31 05:21;2026-07-31 05:24;1;long;2026-07-31 05:09
2026-08-10T20:39:00.000+01:00,GCLOSE;229;GBPCAD;A2:25;2026-07-31 04:06;2026-07-31 05:27;3;short;2026-07-31 03:33
2026-08-10T20:39:00.000+01:00,GCLOSE;230;AUDCHF;A2:25;2026-07-31 04:03;2026-07-31 05:27;3;long;2026-07-31 03:48
2026-08-10T20:39:00.000+01:00,GCLOSE;231;EURAUD;A1:12;2026-07-31 05:33;2026-07-31 05:36;1;short;2026-07-31 04:45
2026-08-10T20:39:00.000+01:00,GCLOSE;232;EURCHF;A1:12;2026-07-31 06:33;2026-07-31 06:36;1;long;2026-07-31 06:30
2026-08-10T20:39:00.000+01:00,GCLOSE;233;GBPCHF;A2:25;2026-07-31 07:03;2026-07-31 07:06;1;long;2026-07-31 07:00
2026-08-10T20:39:00.000+01:00,GCLOSE;234;GBPUSD;A2:25;2026-07-31 06:51;2026-07-31 07:18;2;long;2026-07-31 05:54
2026-08-10T20:39:00.000+01:00,GCLOSE;235;EURCAD;B2:11;2026-07-31 07:24;2026-07-31 07:27;1;long;2026-07-31 07:21
2026-08-10T20:39:00.000+01:00,GCLOSE;236;USDJPY;A2:25;2026-07-31 07:18;2026-07-31 08:39;3;long;2026-07-31 06:12
2026-08-10T20:39:00.000+01:00,GCLOSE;237;EURJPY;A1:12;2026-07-31 07:15;2026-07-31 08:39;2;long;2026-07-31 07:12
2026-08-10T20:39:00.000+01:00,GCLOSE;238;GBPUSD;B2:11;2026-07-31 09:21;2026-07-31 09:24;1;short;2026-07-31 09:18
2026-08-10T20:39:00.000+01:00,GCLOSE;239;EURCAD;A2:25;2026-07-31 07:33;2026-07-31 09:27;5;short;2026-07-31 07:30
2026-08-10T20:39:00.000+01:00,GCLOSE;240;EURGBP;A2:25;2026-07-31 10:00;2026-07-31 10:03;1;short;2026-07-31 09:30
2026-08-10T20:39:00.000+01:00,GCLOSE;241;GBPCAD;A2:25;2026-07-31 09:30;2026-07-31 10:03;4;long;2026-07-31 09:00
2026-08-10T20:39:00.000+01:00,GCLOSE;242;USDCHF;A2:25;2026-07-31 10:33;2026-07-31 10:36;1;long;2026-07-31 10:06
2026-08-10T20:39:00.000+01:00,GCLOSE;243;EURCHF;B2:11;2026-07-31 10:33;2026-07-31 10:36;1;long;2026-07-31 10:06
2026-08-10T20:39:00.000+01:00,GCLOSE;244;EURJPY;A1:12;2026-07-31 10:06;2026-07-31 10:36;2;long;2026-07-31 09:51
2026-08-10T20:39:00.000+01:00,GCLOSE;245;GBPJPY;A1:12;2026-07-31 10:33;2026-07-31 10:36;1;long;2026-07-31 10:06
2026-08-10T20:39:00.000+01:00,GCLOSE;246;AUDJPY;A1:12;2026-07-31 10:06;2026-07-31 10:36;2;long;2026-07-31 09:51
2026-08-10T20:39:00.000+01:00,GCLOSE;247;AUDCHF;A2:25;2026-07-31 09:51;2026-07-31 10:36;2;long;2026-07-31 09:33
2026-08-10T20:39:00.000+01:00,GCLOSE;248;AUDCAD;A1:12;2026-07-31 04:45;2026-07-31 10:36;8;short;2026-07-31 03:48
2026-08-10T20:39:00.000+01:00,GCLOSE;249;CADJPY;A2:25;2026-07-31 10:06;2026-07-31 10:51;2;long;2026-07-31 09:51
2026-08-10T20:39:00.000+01:00,GCLOSE;250;USDJPY;A2:25;2026-07-31 10:51;2026-07-31 10:57;2;long;2026-07-31 10:06
2026-08-10T20:39:00.000+01:00,GCLOSE;251;AUDCAD;B1:15;2026-07-31 10:54;2026-07-31 11:21;3;long;2026-07-31 10:48
2026-08-10T20:39:00.000+01:00,GCLOSE;252;EURUSD;A2:25;2026-07-31 11:24;2026-07-31 11:30;2;short;2026-07-31 10:48
2026-08-10T20:39:00.000+01:00,GCLOSE;253;CHFJPY;A1:12;2026-07-31 11:51;2026-07-31 11:54;1;short;2026-07-31 10:12
2026-08-10T20:39:00.000+01:00,GCLOSE;254;CADCHF;A1:12;2026-07-31 12:09;2026-07-31 12:12;1;long;2026-07-31 12:06
2026-08-10T20:39:00.000+01:00,GCLOSE;255;EURCAD;A1:12;2026-07-31 12:21;2026-07-31 12:24;1;short;2026-07-31 12:18
2026-08-10T20:39:00.000+01:00,GCLOSE;256;GBPUSD;A2:25;2026-07-31 12:27;2026-07-31 12:30;1;short;2026-07-31 11:24
2026-08-10T20:39:00.000+01:00,GCLOSE;257;AUDUSD;A2:25;2026-07-31 11:33;2026-07-31 12:39;2;short;2026-07-31 10:48
2026-08-10T20:39:00.000+01:00,GCLOSE;258;GBPCHF;A2:25;2026-07-31 12:51;2026-07-31 12:54;1;short;2026-07-31 11:48
2026-08-10T20:39:00.000+01:00,GCLOSE;259;EURCHF;A2:25;2026-07-31 13:48;2026-07-31 13:51;1;long;2026-07-31 13:45
2026-08-10T20:39:00.000+01:00,GCLOSE;260;AUDJPY;B1:15;2026-07-31 11:24;2026-07-31 14:39;2;short;2026-07-31 11:21
2026-08-10T20:39:00.000+01:00,GCLOSE;261;USDCAD;A2:25;2026-07-31 15:00;2026-07-31 15:03;1;long;2026-07-31 14:36
2026-08-10T20:39:00.000+01:00,GCLOSE;262;EURUSD;A2:25;2026-07-31 15:03;2026-07-31 15:09;2;short;2026-07-31 14:54
2026-08-10T20:39:00.000+01:00,GCLOSE;263;EURCAD;A2:25;2026-07-31 15:18;2026-07-31 15:21;1;long;2026-07-31 15:03
2026-08-10T20:39:00.000+01:00,GCLOSE;264;GBPUSD;A1:12;2026-07-31 15:51;2026-07-31 15:54;1;long;2026-07-31 14:21
2026-08-10T20:39:00.000+01:00,GCLOSE;265;AUDUSD;A2:25;2026-07-31 15:15;2026-07-31 15:54;2;long;2026-07-31 15:12
2026-08-10T20:39:00.000+01:00,GCLOSE;266;GBPAUD;A1:12;2026-07-31 15:33;2026-07-31 17:36;4;short;2026-07-31 15:30
2026-08-10T20:39:00.000+01:00,GCLOSE;267;EURAUD;A2:25;2026-07-31 15:33;2026-07-31 17:39;3;short;2026-07-31 15:18
2026-08-10T20:39:00.000+01:00,GCLOSE;268;EURAUD;D2:27;2026-07-31 18:03;2026-07-31 18:06;1;long;2026-07-31 17:42
2026-08-10T20:39:00.000+01:00,GCLOSE;269;CADJPY;A1:12;2026-07-31 18:15;2026-07-31 18:18;1;long;2026-07-31 17:03
2026-08-10T20:39:00.000+01:00,GCLOSE;270;AUDUSD;A1:12;2026-07-31 18:21;2026-07-31 18:24;1;long;2026-07-31 18:18
2026-08-10T20:39:00.000+01:00,GCLOSE;271;EURCHF;A2:25;2026-07-31 18:36;2026-07-31 18:42;2;short;2026-07-31 18:18
2026-08-10T20:39:00.000+01:00,GCLOSE;272;GBPCAD;B2:11;2026-07-31 19:00;2026-07-31 19:03;1;long;2026-07-31 18:00
2026-08-10T20:39:00.000+01:00,GCLOSE;273;EURAUD;A2:25;2026-07-31 20:42;2026-07-31 20:45;1;short;2026-07-31 20:39
2026-08-10T20:39:00.000+01:00,GCLOSE;274;USDJPY;A2:25;2026-07-31 21:30;2026-07-31 21:33;1;short;2026-07-31 20:42
2026-08-10T20:39:00.000+01:00,GCLOSE;275;CADCHF;A1:12;2026-07-31 21:36;2026-07-31 21:39;1;short;2026-07-31 20:57
2026-08-10T20:39:00.000+01:00,GCLOSE;276;EURCAD;A1:12;2026-08-02 22:57;2026-08-02 23:00;1;long;2026-08-02 22:54
2026-08-10T20:39:00.000+01:00,GCLOSE;277;EURGBP;A2:25;2026-07-31 21:03;2026-08-02 23:12;4;long;2026-07-31 20:03
2026-08-10T20:39:00.000+01:00,GCLOSE;278;AUDCAD;A1:12;2026-07-31 21:39;2026-08-02 23:33;3;long;2026-07-31 20:57
2026-08-10T20:39:00.000+01:00,GCLOSE;279;USDJPY;A1:12;2026-08-03 00:27;2026-08-03 00:33;2;long;2026-08-02 23:57
2026-08-10T20:39:00.000+01:00,GCLOSE;280;EURJPY;B2:11;2026-08-02 23:57;2026-08-03 00:36;4;long;2026-08-02 23:15
2026-08-10T20:39:00.000+01:00,GCLOSE;281;GBPJPY;B2:11;2026-08-02 23:54;2026-08-03 00:36;5;long;2026-08-02 23:15
2026-08-10T20:39:00.000+01:00,GCLOSE;282;CHFJPY;B2:11;2026-08-03 00:33;2026-08-03 00:36;1;long;2026-08-03 00:30
2026-08-10T20:39:00.000+01:00,GCLOSE;283;CADJPY;A1:12;2026-08-02 23:15;2026-08-03 00:36;5;long;2026-08-02 23:12
2026-08-10T20:39:00.000+01:00,GCLOSE;284;AUDJPY;A1:12;2026-08-03 00:30;2026-08-03 00:42;2;long;2026-08-02 23:57
2026-08-10T20:39:00.000+01:00,GCLOSE;285;GBPUSD;A2:25;2026-08-03 01:39;2026-08-03 01:42;1;long;2026-08-03 01:21
2026-08-10T20:39:00.000+01:00,GCLOSE;286;EURCHF;A1:12;2026-08-03 02:09;2026-08-03 02:12;1;long;2026-08-03 01:39
2026-08-10T20:39:00.000+01:00,GCLOSE;287;EURUSD;A2:25;2026-08-03 02:27;2026-08-03 02:30;1;short;2026-08-03 02:24
2026-08-10T20:39:00.000+01:00,GCLOSE;288;GBPCAD;A2:25;2026-08-03 03:18;2026-08-03 03:21;1;long;2026-08-03 03:09
2026-08-10T20:39:00.000+01:00,GCLOSE;289;GBPCHF;A1:12;2026-08-03 04:03;2026-08-03 04:06;1;short;2026-08-03 04:00
2026-08-10T20:39:00.000+01:00,GCLOSE;290;EURCAD;A1:12;2026-08-03 04:09;2026-08-03 04:12;1;short;2026-08-03 03:21
2026-08-10T20:39:00.000+01:00,GCLOSE;291;EURGBP;A1:12;2026-08-03 06:09;2026-08-03 06:12;1;short;2026-08-03 05:42
2026-08-10T20:39:00.000+01:00,GCLOSE;292;USDCAD;B1:15;2026-08-03 06:54;2026-08-03 06:57;1;short;2026-08-03 04:42
2026-08-10T20:39:00.000+01:00,GCLOSE;293;USDJPY;B2:11;2026-08-03 04:15;2026-08-03 07:33;2;long;2026-08-03 03:45
2026-08-10T20:39:00.000+01:00,GCLOSE;294;AUDCHF;A2:25;2026-08-03 10:21;2026-08-03 10:24;1;short;2026-08-03 10:18
2026-08-10T20:39:00.000+01:00,GCLOSE;295;EURGBP;A1:12;2026-08-03 11:30;2026-08-03 11:33;1;short;2026-08-03 11:27
2026-08-10T20:39:00.000+01:00,GCLOSE;296;EURCAD;A1:12;2026-08-03 11:27;2026-08-03 12:03;2;long;2026-08-03 11:24
2026-08-10T20:39:00.000+01:00,GCLOSE;297;CADJPY;A2:25;2026-08-03 11:42;2026-08-03 12:45;2;long;2026-08-03 10:51
2026-08-10T20:39:00.000+01:00,GCLOSE;298;USDJPY;A2:25;2026-08-03 12:42;2026-08-03 13:21;5;short;2026-08-03 10:51
2026-08-10T20:39:00.000+01:00,GCLOSE;299;CADCHF;A2:25;2026-08-03 13:18;2026-08-03 13:21;1;short;2026-08-03 13:09
2026-08-10T20:39:00.000+01:00,GCLOSE;300;GBPAUD;A2:25;2026-08-03 13:24;2026-08-03 13:33;2;long;2026-08-03 13:21
2026-08-10T20:39:00.000+01:00,GCLOSE;301;GBPAUD;D2:27;2026-08-03 13:45;2026-08-03 14:24;4;long;2026-08-03 13:42
2026-08-10T20:39:00.000+01:00,GCLOSE;302;EURAUD;A2:25;2026-08-03 14:27;2026-08-03 14:30;1;long;2026-08-03 14:24
2026-08-10T20:39:00.000+01:00,GCLOSE;303;EURUSD;A1:12;2026-08-03 13:57;2026-08-03 15:24;4;short;2026-08-03 13:54
2026-08-10T20:39:00.000+01:00,GCLOSE;304;AUDCHF;A2:25;2026-08-03 15:39;2026-08-03 15:42;1;long;2026-08-03 14:39
2026-08-10T20:39:00.000+01:00,GCLOSE;305;AUDJPY;A2:25;2026-08-03 16:00;2026-08-03 16:03;1;long;2026-08-03 15:54
2026-08-10T20:39:00.000+01:00,GCLOSE;306;USDCHF;A1:12;2026-08-03 16:09;2026-08-03 16:12;1;long;2026-08-03 14:03
2026-08-10T20:39:00.000+01:00,GCLOSE;307;GBPUSD;A1:12;2026-08-03 16:15;2026-08-03 16:36;2;short;2026-08-03 15:00
2026-08-10T20:39:00.000+01:00,GCLOSE;308;AUDCAD;A1:12;2026-08-03 18:18;2026-08-03 18:21;1;short;2026-08-03 18:15
2026-08-10T20:39:00.000+01:00,GCLOSE;309;CADCHF;A1:12;2026-08-03 19:39;2026-08-03 19:42;1;short;2026-08-03 19:27
2026-08-10T20:39:00.000+01:00,GCLOSE;310;GBPJPY;A1:12;2026-08-03 19:27;2026-08-03 20:33;3;long;2026-08-03 19:24
2026-08-10T20:39:00.000+01:00,GCLOSE;311;CADJPY;B1:15;2026-08-03 16:57;2026-08-03 20:33;7;long;2026-08-03 16:33
2026-08-10T20:39:00.000+01:00,GCLOSE;312;AUDJPY;B2:11;2026-08-03 20:27;2026-08-03 20:33;2;long;2026-08-03 17:12
2026-08-10T20:39:00.000+01:00,GCLOSE;313;EURJPY;A1:12;2026-08-03 20:51;2026-08-03 20:57;2;long;2026-08-03 20:27
2026-08-10T20:39:00.000+01:00,GCLOSE;314;EURUSD;A1:12;2026-08-03 20:18;2026-08-03 21:30;4;short;2026-08-03 20:15
2026-08-10T20:39:00.000+01:00,GCLOSE;315;AUDUSD;A1:12;2026-08-03 20:57;2026-08-03 21:30;3;short;2026-08-03 20:54
2026-08-10T20:39:00.000+01:00,GCLOSE;316;USDJPY;A1:12;2026-08-03 22:57;2026-08-03 23:00;1;long;2026-08-03 22:36
2026-08-10T20:39:00.000+01:00,GCLOSE;317;CHFJPY;A2:25;2026-08-03 23:09;2026-08-03 23:12;1;long;2026-08-03 21:54
2026-08-10T20:39:00.000+01:00,GCLOSE;318;CADJPY;A2:25;2026-08-03 23:09;2026-08-03 23:12;1;long;2026-08-03 22:39
2026-08-10T20:39:00.000+01:00,GCLOSE;319;GBPCHF;A2:25;2026-08-04 00:03;2026-08-04 00:06;1;short;2026-08-04 00:00
2026-08-10T20:39:00.000+01:00,GCLOSE;320;EURGBP;A1:12;2026-08-04 00:36;2026-08-04 00:48;2;long;2026-08-04 00:33
2026-08-10T20:39:00.000+01:00,GCLOSE;321;EURUSD;D2:27;2026-08-04 00:21;2026-08-04 01:00;2;short;2026-08-03 22:06
2026-08-10T20:39:00.000+01:00,GCLOSE;322;GBPCAD;A2:25;2026-08-04 00:15;2026-08-04 02:06;2;short;2026-08-03 23:24
2026-08-10T20:39:00.000+01:00,GCLOSE;323;EURCAD;B2:11;2026-08-04 02:15;2026-08-04 02:33;2;long;2026-08-04 02:12
2026-08-10T20:39:00.000+01:00,GCLOSE;324;EURGBP;A1:12;2026-08-04 03:30;2026-08-04 03:42;2;short;2026-08-04 03:27
2026-08-10T20:39:00.000+01:00,GCLOSE;325;CHFJPY;A2:25;2026-08-04 03:54;2026-08-04 04:24;3;short;2026-08-04 03:09
2026-08-10T20:39:00.000+01:00,GCLOSE;326;GBPUSD;A1:12;2026-08-04 02:15;2026-08-04 05:09;3;short;2026-08-04 02:09
2026-08-10T20:39:00.000+01:00,GCLOSE;327;USDCHF;A2:25;2026-08-04 04:39;2026-08-04 05:09;3;long;2026-08-04 04:36
2026-08-10T20:39:00.000+01:00,GCLOSE;328;GBPCHF;A2:25;2026-08-04 04:09;2026-08-04 05:09;4;long;2026-08-04 03:30
2026-08-10T20:39:00.000+01:00,GCLOSE;329;GBPAUD;B2:11;2026-08-04 05:36;2026-08-04 05:39;1;short;2026-08-04 04:45
2026-08-10T20:39:00.000+01:00,GCLOSE;330;EURGBP;B2:11;2026-08-04 04:27;2026-08-04 05:45;2;long;2026-08-04 04:24
2026-08-10T20:39:00.000+01:00,GCLOSE;331;USDJPY;A2:25;2026-08-04 05:45;2026-08-04 05:48;1;short;2026-08-04 04:30
2026-08-10T20:39:00.000+01:00,GCLOSE;332;CHFJPY;D2:27;2026-08-04 05:45;2026-08-04 05:48;1;short;2026-08-04 04:30
2026-08-10T20:39:00.000+01:00,GCLOSE;333;EURUSD;A2:25;2026-08-04 05:54;2026-08-04 05:57;1;long;2026-08-04 05:15
2026-08-10T20:39:00.000+01:00,GCLOSE;334;GBPCHF;A2:25;2026-08-04 07:09;2026-08-04 07:12;1;long;2026-08-04 05:54
2026-08-10T20:39:00.000+01:00,GCLOSE;335;AUDCAD;A2:25;2026-08-04 06:39;2026-08-04 07:15;3;long;2026-08-04 06:36
2026-08-10T20:39:00.000+01:00,GCLOSE;336;GBPUSD;C2:28;2026-08-04 08:15;2026-08-04 08:18;1;long;2026-08-04 07:27
2026-08-10T20:39:00.000+01:00,GCLOSE;337;AUDCHF;A2:25;2026-08-04 05:51;2026-08-04 08:21;4;long;2026-08-04 04:33
2026-08-10T20:39:00.000+01:00,GCLOSE;338;GBPAUD;A2:25;2026-08-04 08:21;2026-08-04 08:51;2;long;2026-08-04 08:03
2026-08-10T20:39:00.000+01:00,GCLOSE;339;GBPJPY;A2:25;2026-08-04 08:54;2026-08-04 08:57;1;long;2026-08-04 07:54
2026-08-10T20:39:00.000+01:00,GCLOSE;340;EURCHF;B1:15;2026-08-04 09:21;2026-08-04 09:27;2;short;2026-08-04 09:03
2026-08-10T20:39:00.000+01:00,GCLOSE;341;EURUSD;C2:28;2026-08-04 06:54;2026-08-04 10:42;2;long;2026-08-04 06:51
2026-08-10T20:39:00.000+01:00,GCLOSE;342;EURGBP;A1:12;2026-08-04 11:36;2026-08-04 11:39;1;long;2026-08-04 10:45
2026-08-10T20:39:00.000+01:00,GCLOSE;343;USDJPY;A1:12;2026-08-04 10:54;2026-08-04 11:42;2;short;2026-08-04 10:27
2026-08-10T20:39:00.000+01:00,GCLOSE;344;EURCAD;B2:11;2026-08-04 11:51;2026-08-04 11:57;2;long;2026-08-04 10:24
2026-08-10T20:39:00.000+01:00,GCLOSE;345;EURJPY;A1:12;2026-08-04 12:24;2026-08-04 12:27;1;short;2026-08-04 11:45
2026-08-10T20:39:00.000+01:00,GCLOSE;346;GBPJPY;A2:25;2026-08-04 12:24;2026-08-04 12:36;2;short;2026-08-04 11:48
2026-08-10T20:39:00.000+01:00,GCLOSE;347;GBPCHF;A2:25;2026-08-04 11:00;2026-08-04 12:36;2;short;2026-08-04 10:33
2026-08-10T20:39:00.000+01:00,GCLOSE;348;AUDJPY;A1:12;2026-08-04 12:45;2026-08-04 12:48;1;short;2026-08-04 12:27
2026-08-10T20:39:00.000+01:00,GCLOSE;349;EURCHF;B1:15;2026-08-04 12:51;2026-08-04 12:54;1;short;2026-08-04 12:03
2026-08-10T20:39:00.000+01:00,GCLOSE;350;AUDUSD;A2:25;2026-08-04 12:45;2026-08-04 13:24;2;short;2026-08-04 12:39
2026-08-10T20:39:00.000+01:00,GCLOSE;351;EURCHF;A1:12;2026-08-04 13:45;2026-08-04 13:48;1;short;2026-08-04 13:42
2026-08-10T20:39:00.000+01:00,GCLOSE;352;GBPUSD;A1:12;2026-08-04 14:15;2026-08-04 14:18;1;short;2026-08-04 14:12
2026-08-10T20:39:00.000+01:00,GCLOSE;353;CHFJPY;A2:25;2026-08-04 13:48;2026-08-04 14:21;2;short;2026-08-04 13:45
2026-08-10T20:39:00.000+01:00,GCLOSE;354;AUDUSD;A1:12;2026-08-04 15:12;2026-08-04 15:15;1;long;2026-08-04 14:12
2026-08-10T20:39:00.000+01:00,GCLOSE;355;AUDCHF;B2:11;2026-08-04 15:24;2026-08-04 15:27;1;long;2026-08-04 15:00
2026-08-10T20:39:00.000+01:00,GCLOSE;356;EURJPY;C2:28;2026-08-04 15:27;2026-08-04 15:30;1;long;2026-08-04 15:06
2026-08-10T20:39:00.000+01:00,GCLOSE;357;GBPJPY;A1:12;2026-08-04 15:27;2026-08-04 15:30;1;long;2026-08-04 14:45
2026-08-10T20:39:00.000+01:00,GCLOSE;358;USDJPY;B2:11;2026-08-04 14:48;2026-08-04 15:57;2;long;2026-08-04 14:45
2026-08-10T20:39:00.000+01:00,GCLOSE;359;AUDJPY;A1:12;2026-08-04 16:21;2026-08-04 16:24;1;short;2026-08-04 16:00
2026-08-10T20:39:00.000+01:00,GCLOSE;360;EURCHF;A1:12;2026-08-04 16:12;2026-08-04 16:30;2;long;2026-08-04 15:42
2026-08-10T20:39:00.000+01:00,GCLOSE;361;AUDCAD;C2:28;2026-08-04 16:48;2026-08-04 16:51;1;long;2026-08-04 16:12
2026-08-10T20:39:00.000+01:00,GCLOSE;362;EURAUD;B1:15;2026-08-04 17:30;2026-08-04 17:33;1;short;2026-08-04 17:03
2026-08-10T20:39:00.000+01:00,GCLOSE;363;AUDJPY;A2:25;2026-08-04 17:39;2026-08-04 17:42;1;long;2026-08-04 17:21
2026-08-10T20:39:00.000+01:00,GCLOSE;364;EURUSD;A1:12;2026-08-04 17:48;2026-08-04 17:51;1;short;2026-08-04 17:42
2026-08-10T20:39:00.000+01:00,GCLOSE;365;EURJPY;A2:25;2026-08-04 18:00;2026-08-04 18:03;1;long;2026-08-04 17:57
2026-08-10T20:39:00.000+01:00,GCLOSE;366;CADJPY;A2:25;2026-08-04 18:00;2026-08-04 18:06;2;long;2026-08-04 17:57
2026-08-10T20:39:00.000+01:00,GCLOSE;367;AUDUSD;A2:25;2026-08-04 18:09;2026-08-04 18:21;2;long;2026-08-04 17:03
2026-08-10T20:39:00.000+01:00,GCLOSE;368;GBPCHF;A2:25;2026-08-04 18:48;2026-08-04 18:51;1;short;2026-08-04 18:21
2026-08-10T20:39:00.000+01:00,GCLOSE;369;GBPJPY;A1:12;2026-08-04 16:51;2026-08-04 19:30;6;long;2026-08-04 16:48
2026-08-10T20:39:00.000+01:00,GCLOSE;370;CADCHF;A1:12;2026-08-04 17:03;2026-08-04 19:33;4;short;2026-08-04 16:12
2026-08-10T20:39:00.000+01:00,GCLOSE;371;CHFJPY;B2:11;2026-08-04 17:57;2026-08-04 19:39;3;long;2026-08-04 17:54
2026-08-10T20:39:00.000+01:00,GCLOSE;372;GBPUSD;C2:28;2026-08-04 20:00;2026-08-04 20:03;1;long;2026-08-04 19:21
2026-08-10T20:39:00.000+01:00,GCLOSE;373;AUDCAD;A1:12;2026-08-04 22:42;2026-08-04 23:18;2;long;2026-08-04 22:21
2026-08-10T20:39:00.000+01:00,GCLOSE;374;EURGBP;A1:12;2026-08-04 23:30;2026-08-04 23:33;1;long;2026-08-04 23:27
2026-08-10T20:39:00.000+01:00,GCLOSE;375;CADJPY;A1:12;2026-08-05 00:18;2026-08-05 00:21;1;long;2026-08-04 23:57
2026-08-10T20:39:00.000+01:00,GCLOSE;376;USDJPY;A2:25;2026-08-05 00:18;2026-08-05 00:24;2;long;2026-08-05 00:00
2026-08-10T20:39:00.000+01:00,GCLOSE;377;GBPJPY;A2:25;2026-08-05 00:27;2026-08-05 00:30;1;long;2026-08-05 00:21
2026-08-10T20:39:00.000+01:00,GCLOSE;378;EURUSD;A1:12;2026-08-04 23:18;2026-08-05 00:45;2;short;2026-08-04 22:21
2026-08-10T20:39:00.000+01:00,GCLOSE;379;EURJPY;A2:25;2026-08-04 23:39;2026-08-05 01:06;3;short;2026-08-04 23:36
2026-08-10T20:39:00.000+01:00,GCLOSE;380;GBPUSD;A2:25;2026-08-05 00:42;2026-08-05 01:15;3;long;2026-08-04 23:45
2026-08-10T20:39:00.000+01:00,GCLOSE;381;EURCHF;A2:25;2026-08-05 01:45;2026-08-05 01:48;1;short;2026-08-05 01:42
2026-08-10T20:39:00.000+01:00,GCLOSE;382;GBPCHF;A2:25;2026-08-05 01:57;2026-08-05 02:06;3;short;2026-08-05 01:09
2026-08-10T20:39:00.000+01:00,GCLOSE;383;EURCAD;A1:12;2026-08-05 01:09;2026-08-05 03:03;2;long;2026-08-05 00:00
2026-08-10T20:39:00.000+01:00,GCLOSE;384;USDCHF;B1:15;2026-08-05 03:03;2026-08-05 03:06;1;short;2026-08-05 01:09
2026-08-10T20:39:00.000+01:00,GCLOSE;385;USDCAD;A2:25;2026-08-04 22:54;2026-08-05 03:09;3;long;2026-08-04 22:09
2026-08-10T20:39:00.000+01:00,GCLOSE;386;GBPJPY;A2:25;2026-08-05 03:30;2026-08-05 03:33;1;short;2026-08-05 02:21
2026-08-10T20:39:00.000+01:00,GCLOSE;387;AUDJPY;C1:14;2026-08-05 03:06;2026-08-05 03:33;2;short;2026-08-05 02:30
2026-08-10T20:39:00.000+01:00,GCLOSE;388;EURJPY;A2:25;2026-08-05 03:36;2026-08-05 03:39;1;short;2026-08-05 02:18
2026-08-10T20:39:00.000+01:00,GCLOSE;389;EURAUD;A2:25;2026-08-05 03:33;2026-08-05 03:57;3;short;2026-08-05 03:30
2026-08-10T20:39:00.000+01:00,GCLOSE;390;AUDUSD;A1:12;2026-08-05 03:51;2026-08-05 04:03;2;long;2026-08-05 03:48
2026-08-10T20:39:00.000+01:00,GCLOSE;391;USDCHF;A1:12;2026-08-05 04:54;2026-08-05 04:57;1;long;2026-08-05 04:51
2026-08-10T20:39:00.000+01:00,GCLOSE;392;AUDCAD;A2:25;2026-08-05 05:18;2026-08-05 05:21;1;long;2026-08-05 04:00
2026-08-10T20:39:00.000+01:00,GCLOSE;393;AUDCHF;A1:12;2026-08-05 04:30;2026-08-05 05:33;5;long;2026-08-05 03:33
2026-08-10T20:39:00.000+01:00,GCLOSE;394;AUDUSD;B2:11;2026-08-05 05:51;2026-08-05 05:54;1;short;2026-08-05 05:39
2026-08-10T20:39:00.000+01:00,GCLOSE;395;USDCAD;A2:25;2026-08-05 07:21;2026-08-05 07:24;1;long;2026-08-05 06:12
2026-08-10T20:39:00.000+01:00,GCLOSE;396;EURCAD;B1:15;2026-08-05 07:51;2026-08-05 07:54;1;long;2026-08-05 06:57
2026-08-10T20:39:00.000+01:00,GCLOSE;397;GBPCAD;A2:25;2026-08-05 07:51;2026-08-05 07:54;1;long;2026-08-05 07:15
2026-08-10T20:39:00.000+01:00,GCLOSE;398;AUDUSD;A2:25;2026-08-05 08:24;2026-08-05 08:27;1;short;2026-08-05 08:06
2026-08-10T20:39:00.000+01:00,GCLOSE;399;AUDJPY;A1:12;2026-08-05 08:33;2026-08-05 08:36;1;short;2026-08-05 08:30
2026-08-10T20:39:00.000+01:00,GCLOSE;400;EURGBP;A2:25;2026-08-05 06:12;2026-08-05 08:39;4;short;2026-08-05 03:48
2026-08-10T20:39:00.000+01:00,GCLOSE;401;GBPAUD;A1:12;2026-08-05 09:51;2026-08-05 09:54;1;short;2026-08-05 09:15
2026-08-10T20:39:00.000+01:00,GCLOSE;402;AUDUSD;A2:25;2026-08-05 09:57;2026-08-05 10:00;1;short;2026-08-05 09:54
2026-08-10T20:39:00.000+01:00,GCLOSE;403;AUDCHF;A1:12;2026-08-05 09:54;2026-08-05 10:03;2;long;2026-08-05 09:51
2026-08-10T20:39:00.000+01:00,GCLOSE;404;USDCAD;A2:25;2026-08-05 08:12;2026-08-05 10:18;4;short;2026-08-05 08:09
2026-08-10T20:39:00.000+01:00,GCLOSE;405;EURAUD;A2:25;2026-08-05 10:24;2026-08-05 10:27;1;long;2026-08-05 09:39
2026-08-10T20:39:00.000+01:00,GCLOSE;406;AUDCAD;A1:12;2026-08-05 10:03;2026-08-05 10:27;3;short;2026-08-05 09:09
2026-08-10T20:39:00.000+01:00,GCLOSE;407;USDCHF;A1:12;2026-08-05 10:09;2026-08-05 10:36;4;short;2026-08-05 10:03
2026-08-10T20:39:00.000+01:00,GCLOSE;408;CADCHF;A1:12;2026-08-05 10:48;2026-08-05 10:54;2;short;2026-08-05 10:45
2026-08-10T20:39:00.000+01:00,GCLOSE;409;CADCHF;B1:15;2026-08-05 11:18;2026-08-05 11:24;2;long;2026-08-05 11:15
2026-08-10T20:39:00.000+01:00,GCLOSE;410;CADJPY;A2:25;2026-08-05 11:54;2026-08-05 11:57;1;short;2026-08-05 10:48
2026-08-10T20:39:00.000+01:00,GCLOSE;411;EURAUD;B2:11;2026-08-05 12:33;2026-08-05 12:36;1;long;2026-08-05 12:30
2026-08-10T20:39:00.000+01:00,GCLOSE;412;AUDJPY;B2:11;2026-08-05 13:54;2026-08-05 13:57;1;long;2026-08-05 12:57
2026-08-10T20:39:00.000+01:00,GCLOSE;413;GBPJPY;A1:12;2026-08-05 13:24;2026-08-05 14:18;3;short;2026-08-05 12:30
2026-08-10T20:39:00.000+01:00,GCLOSE;414;EURGBP;A2:25;2026-08-05 13:45;2026-08-05 14:24;2;long;2026-08-05 13:24
2026-08-10T20:39:00.000+01:00,GCLOSE;415;EURCAD;A2:25;2026-08-05 14:54;2026-08-05 14:57;1;short;2026-08-05 11:18
2026-08-10T20:39:00.000+01:00,GCLOSE;416;USDCHF;A2:25;2026-08-05 14:45;2026-08-05 15:18;3;short;2026-08-05 14:36
2026-08-10T20:39:00.000+01:00,GCLOSE;417;AUDCAD;B2:11;2026-08-05 15:57;2026-08-05 16:00;1;short;2026-08-05 15:15
2026-08-10T20:39:00.000+01:00,GCLOSE;418;EURAUD;A1:12;2026-08-05 16:09;2026-08-05 16:54;2;long;2026-08-05 16:06
2026-08-10T20:39:00.000+01:00,GCLOSE;419;GBPUSD;A2:25;2026-08-05 18:06;2026-08-05 18:09;1;short;2026-08-05 16:54
2026-08-10T20:39:00.000+01:00,GCLOSE;420;USDCAD;A1:12;2026-08-05 18:06;2026-08-05 18:09;1;long;2026-08-05 18:03
2026-08-10T20:39:00.000+01:00,GCLOSE;421;CADJPY;A2:25;2026-08-05 18:15;2026-08-05 18:21;2;long;2026-08-05 17:09
2026-08-10T20:39:00.000+01:00,GCLOSE;422;AUDUSD;A1:12;2026-08-05 17:33;2026-08-05 18:45;3;long;2026-08-05 17:30
2026-08-10T20:39:00.000+01:00,GCLOSE;423;AUDCHF;A1:12;2026-08-05 18:36;2026-08-05 19:03;3;long;2026-08-05 18:33
2026-08-10T20:39:00.000+01:00,GCLOSE;424;EURCHF;A1:12;2026-08-05 21:09;2026-08-05 21:12;1;short;2026-08-05 21:06
2026-08-10T20:39:00.000+01:00,GCLOSE;425;AUDJPY;A2:25;2026-08-05 20:45;2026-08-05 21:36;4;long;2026-08-05 20:12
2026-08-10T20:39:00.000+01:00,GCLOSE;426;CADJPY;A1:12;2026-08-05 20:45;2026-08-05 21:42;3;long;2026-08-05 19:27
2026-08-10T20:39:00.000+01:00,GCLOSE;427;AUDCHF;A2:25;2026-08-05 21:45;2026-08-05 22:21;3;short;2026-08-05 21:42
2026-08-10T20:39:00.000+01:00,GCLOSE;428;EURGBP;A2:25;2026-08-05 22:48;2026-08-05 22:54;2;short;2026-08-05 22:45
2026-08-10T20:39:00.000+01:00,GCLOSE;429;GBPCHF;A2:25;2026-08-05 21:12;2026-08-05 23:09;2;long;2026-08-05 20:39
2026-08-10T20:39:00.000+01:00,GCLOSE;430;EURGBP;A1:12;2026-08-05 23:21;2026-08-05 23:24;1;long;2026-08-05 23:18
2026-08-10T20:39:00.000+01:00,GCLOSE;431;EURCHF;A2:25;2026-08-06 00:42;2026-08-06 00:45;1;short;2026-08-05 22:06
2026-08-10T20:39:00.000+01:00,GCLOSE;432;GBPCHF;A1:12;2026-08-06 01:33;2026-08-06 01:36;1;short;2026-08-06 01:30
2026-08-10T20:39:00.000+01:00,GCLOSE;433;EURJPY;A2:25;2026-08-06 01:36;2026-08-06 01:39;1;long;2026-08-06 01:27
2026-08-10T20:39:00.000+01:00,GCLOSE;434;GBPCAD;A1:12;2026-08-06 02:06;2026-08-06 02:12;2;short;2026-08-06 00:24
2026-08-10T20:39:00.000+01:00,GCLOSE;435;GBPCHF;A2:25;2026-08-06 02:48;2026-08-06 02:51;1;short;2026-08-06 02:12
2026-08-10T20:39:00.000+01:00,GCLOSE;436;GBPCHF;A1:12;2026-08-06 04:12;2026-08-06 04:15;1;long;2026-08-06 03:57
2026-08-10T20:39:00.000+01:00,GCLOSE;437;AUDCHF;A2:25;2026-08-06 03:39;2026-08-06 04:27;3;short;2026-08-06 00:24
2026-08-10T20:39:00.000+01:00,GCLOSE;438;USDCAD;A2:25;2026-08-06 00:54;2026-08-06 04:36;5;long;2026-08-05 23:12
2026-08-10T20:39:00.000+01:00,GCLOSE;439;GBPAUD;A1:12;2026-08-06 04:33;2026-08-06 04:36;1;long;2026-08-06 03:54
2026-08-10T20:39:00.000+01:00,GCLOSE;440;AUDJPY;A2:25;2026-08-06 01:21;2026-08-06 04:36;5;short;2026-08-06 00:24
2026-08-10T20:39:00.000+01:00,GCLOSE;441;AUDUSD;A1:12;2026-08-05 22:48;2026-08-06 04:51;4;short;2026-08-05 21:42
2026-08-10T20:39:00.000+01:00,GCLOSE;442;USDCHF;A2:25;2026-08-06 05:00;2026-08-06 05:51;2;long;2026-08-06 04:51
2026-08-10T20:39:00.000+01:00,GCLOSE;443;EURAUD;A1:12;2026-08-06 06:06;2026-08-06 06:30;3;long;2026-08-06 05:42
2026-08-10T20:39:00.000+01:00,GCLOSE;444;EURGBP;A1:12;2026-08-06 07:06;2026-08-06 07:09;1;short;2026-08-06 07:03
2026-08-10T20:39:00.000+01:00,GCLOSE;445;CADCHF;A2:25;2026-08-06 07:24;2026-08-06 07:27;1;long;2026-08-06 07:21
2026-08-10T20:39:00.000+01:00,GCLOSE;446;EURAUD;A2:25;2026-08-06 07:39;2026-08-06 07:42;1;long;2026-08-06 07:24
2026-08-10T20:39:00.000+01:00,GCLOSE;447;AUDCAD;A2:25;2026-08-06 07:39;2026-08-06 07:42;1;short;2026-08-06 07:21
2026-08-10T20:39:00.000+01:00,GCLOSE;448;AUDCHF;A2:25;2026-08-06 07:42;2026-08-06 07:45;1;long;2026-08-06 06:39
2026-08-10T20:39:00.000+01:00,GCLOSE;449;EURCAD;A2:25;2026-08-06 08:03;2026-08-06 08:09;2;short;2026-08-06 07:18
2026-08-10T20:39:00.000+01:00,GCLOSE;450;EURCHF;A2:25;2026-08-06 08:51;2026-08-06 08:54;1;long;2026-08-06 08:48
2026-08-10T20:39:00.000+01:00,GCLOSE;451;EURAUD;A1:12;2026-08-06 09:03;2026-08-06 09:42;2;short;2026-08-06 09:00
2026-08-10T20:39:00.000+01:00,GCLOSE;452;GBPCAD;A1:12;2026-08-06 10:21;2026-08-06 10:24;1;short;2026-08-06 09:51
2026-08-10T20:39:00.000+01:00,GCLOSE;453;CADJPY;A2:25;2026-08-06 10:18;2026-08-06 10:24;2;long;2026-08-06 09:54
2026-08-10T20:39:00.000+01:00,GCLOSE;454;USDJPY;A1:12;2026-08-06 12:18;2026-08-06 12:21;1;long;2026-08-06 10:51
2026-08-10T20:39:00.000+01:00,GCLOSE;455;EURJPY;A2:25;2026-08-06 12:18;2026-08-06 12:21;1;long;2026-08-06 12:15
2026-08-10T20:39:00.000+01:00,GCLOSE;456;AUDUSD;A1:12;2026-08-06 10:03;2026-08-06 12:45;2;short;2026-08-06 09:45
2026-08-10T20:39:00.000+01:00,GCLOSE;457;GBPJPY;A1:12;2026-08-06 12:30;2026-08-06 12:45;2;short;2026-08-06 12:27
2026-08-10T20:39:00.000+01:00,GCLOSE;458;USDJPY;A1:12;2026-08-06 13:15;2026-08-06 13:18;1;short;2026-08-06 13:12
2026-08-10T20:39:00.000+01:00,GCLOSE;459;AUDCAD;A1:12;2026-08-06 12:39;2026-08-06 13:21;2;long;2026-08-06 11:45
2026-08-10T20:39:00.000+01:00,GCLOSE;460;GBPCAD;A1:12;2026-08-06 12:06;2026-08-06 13:33;2;long;2026-08-06 11:48
2026-08-10T20:39:00.000+01:00,GCLOSE;461;USDJPY;A2:25;2026-08-06 13:45;2026-08-06 13:51;2;long;2026-08-06 13:24
2026-08-10T20:39:00.000+01:00,GCLOSE;462;AUDJPY;B1:15;2026-08-06 12:54;2026-08-06 14:12;2;short;2026-08-06 12:42
2026-08-10T20:39:00.000+01:00,GCLOSE;463;AUDCAD;C2:28;2026-08-06 14:24;2026-08-06 14:30;2;long;2026-08-06 13:30
2026-08-10T20:39:00.000+01:00,GCLOSE;464;USDCHF;A1:12;2026-08-06 11:51;2026-08-06 15:03;4;short;2026-08-06 11:48
2026-08-10T20:39:00.000+01:00,GCLOSE;465;GBPJPY;A2:25;2026-08-06 14:48;2026-08-06 15:18;2;long;2026-08-06 13:45
2026-08-10T20:39:00.000+01:00,GCLOSE;466;GBPCHF;A1:12;2026-08-06 16:06;2026-08-06 16:09;1;long;2026-08-06 12:33
2026-08-10T20:39:00.000+01:00,GCLOSE;467;GBPAUD;A1:12;2026-08-06 16:09;2026-08-06 16:12;1;short;2026-08-06 15:30
2026-08-10T20:39:00.000+01:00,GCLOSE;468;EURUSD;A2:25;2026-08-06 14:48;2026-08-06 16:30;4;short;2026-08-06 12:51
2026-08-10T20:39:00.000+01:00,GCLOSE;469;EURCAD;A1:12;2026-08-06 17:12;2026-08-06 17:15;1;short;2026-08-06 17:09
2026-08-10T20:39:00.000+01:00,GCLOSE;470;AUDUSD;A2:25;2026-08-06 17:03;2026-08-06 17:24;2;short;2026-08-06 17:00
2026-08-10T20:39:00.000+01:00,GCLOSE;471;EURAUD;A1:12;2026-08-06 17:06;2026-08-06 17:24;3;long;2026-08-06 17:03
2026-08-10T20:39:00.000+01:00,GCLOSE;472;EURJPY;B2:11;2026-08-06 17:54;2026-08-06 17:57;1;long;2026-08-06 17:18
2026-08-10T20:39:00.000+01:00,GCLOSE;473;USDCAD;A2:25;2026-08-06 16:45;2026-08-06 18:06;4;short;2026-08-06 16:42
2026-08-10T20:39:00.000+01:00,GCLOSE;474;GBPJPY;A2:25;2026-08-06 18:30;2026-08-06 18:33;1;short;2026-08-06 18:03
2026-08-10T20:39:00.000+01:00,GCLOSE;475;AUDCHF;A2:25;2026-08-06 18:42;2026-08-06 18:45;1;long;2026-08-06 18:24
2026-08-10T20:39:00.000+01:00,GCLOSE;476;EURUSD;A2:25;2026-08-06 19:12;2026-08-06 19:18;2;long;2026-08-06 17:24
2026-08-10T20:39:00.000+01:00,GCLOSE;477;GBPUSD;A1:12;2026-08-06 18:45;2026-08-06 19:18;3;long;2026-08-06 18:15
2026-08-10T20:39:00.000+01:00,GCLOSE;478;GBPCHF;A2:25;2026-08-06 19:24;2026-08-06 19:27;1;short;2026-08-06 19:21
2026-08-10T20:39:00.000+01:00,GCLOSE;479;GBPCAD;A2:25;2026-08-06 20:45;2026-08-06 20:48;1;short;2026-08-06 20:42
2026-08-10T20:39:00.000+01:00,GCLOSE;480;EURGBP;B2:11;2026-08-06 19:06;2026-08-06 21:03;5;long;2026-08-06 19:03
2026-08-10T20:39:00.000+01:00,GCLOSE;481;GBPCAD;B2:11;2026-08-06 21:30;2026-08-06 21:33;1;short;2026-08-06 21:00
2026-08-10T20:39:00.000+01:00,GCLOSE;482;GBPCAD;A1:12;2026-08-06 23:24;2026-08-06 23:27;1;long;2026-08-06 22:30
2026-08-10T20:39:00.000+01:00,GCLOSE;483;CADCHF;A2:25;2026-08-06 22:51;2026-08-06 23:30;4;long;2026-08-06 21:33
2026-08-10T20:39:00.000+01:00,GCLOSE;484;GBPJPY;A1:12;2026-08-06 23:42;2026-08-06 23:45;1;short;2026-08-06 23:24
2026-08-10T20:39:00.000+01:00,GCLOSE;485;AUDJPY;A1:12;2026-08-06 23:18;2026-08-06 23:57;2;short;2026-08-06 23:09
2026-08-10T20:39:00.000+01:00,GCLOSE;486;GBPAUD;A2:25;2026-08-07 00:12;2026-08-07 00:15;1;long;2026-08-06 22:27
2026-08-10T20:39:00.000+01:00,GCLOSE;487;GBPAUD;B2:11;2026-08-07 00:54;2026-08-07 00:57;1;short;2026-08-07 00:51
2026-08-10T20:39:00.000+01:00,GCLOSE;488;AUDCHF;A1:12;2026-08-07 00:54;2026-08-07 00:57;1;long;2026-08-06 23:48
2026-08-10T20:39:00.000+01:00,GCLOSE;489;GBPUSD;B1:15;2026-08-07 01:30;2026-08-07 02:36;2;long;2026-08-07 01:24
2026-08-10T20:39:00.000+01:00,GCLOSE;490;AUDCAD;A1:12;2026-08-07 02:45;2026-08-07 02:48;1;short;2026-08-07 02:42
2026-08-10T20:39:00.000+01:00,GCLOSE;491;USDJPY;A2:25;2026-08-07 03:21;2026-08-07 03:24;1;short;2026-08-07 03:18
2026-08-10T20:39:00.000+01:00,GCLOSE;492;USDCAD;C2:28;2026-08-07 00:30;2026-08-07 03:30;5;long;2026-08-07 00:03
2026-08-10T20:39:00.000+01:00,GCLOSE;493;EURAUD;A1:12;2026-08-07 02:42;2026-08-07 03:33;3;long;2026-08-07 02:15
2026-08-10T20:39:00.000+01:00,GCLOSE;494;GBPAUD;A2:25;2026-08-07 02:45;2026-08-07 03:45;2;long;2026-08-07 02:42
2026-08-10T20:39:00.000+01:00,GCLOSE;495;EURGBP;A2:25;2026-08-06 22:36;2026-08-07 03:54;3;long;2026-08-06 22:21
2026-08-10T20:39:00.000+01:00,GCLOSE;496;EURCAD;B2:11;2026-08-07 03:27;2026-08-07 03:57;4;long;2026-08-06 23:48
2026-08-10T20:39:00.000+01:00,GCLOSE;497;EURGBP;A1:12;2026-08-07 05:33;2026-08-07 05:36;1;short;2026-08-07 05:30
2026-08-10T20:39:00.000+01:00,GCLOSE;498;GBPCHF;A1:12;2026-08-07 05:33;2026-08-07 05:39;2;long;2026-08-07 02:18
2026-08-10T20:39:00.000+01:00,GCLOSE;499;EURAUD;A2:25;2026-08-07 06:54;2026-08-07 06:57;1;short;2026-08-07 05:36
2026-08-10T20:39:00.000+01:00,GCLOSE;500;CADJPY;A2:25;2026-08-07 06:15;2026-08-07 07:15;5;short;2026-08-07 04:54
2026-08-10T20:39:00.000+01:00,GCLOSE;501;AUDUSD;A2:25;2026-08-07 07:33;2026-08-07 07:36;1;long;2026-08-07 07:03
2026-08-10T20:39:00.000+01:00,GCLOSE;502;CHFJPY;A1:12;2026-08-06 23:42;2026-08-07 07:36;14;long;2026-08-06 23:15
2026-08-10T20:39:00.000+01:00,GCLOSE;503;USDCAD;A1:12;2026-08-07 07:51;2026-08-07 07:54;1;short;2026-08-07 07:24
2026-08-10T20:39:00.000+01:00,GCLOSE;504;GBPAUD;A2:25;2026-08-07 07:51;2026-08-07 07:54;1;short;2026-08-07 07:42
2026-08-10T20:39:00.000+01:00,GCLOSE;505;AUDJPY;A1:12;2026-08-07 05:30;2026-08-07 08:00;4;long;2026-08-07 04:18
2026-08-10T20:39:00.000+01:00,GCLOSE;506;USDCAD;C2:28;2026-08-07 08:54;2026-08-07 09:00;2;long;2026-08-07 08:51
2026-08-10T20:39:00.000+01:00,GCLOSE;507;EURCHF;A2:25;2026-08-07 09:00;2026-08-07 09:03;1;short;2026-08-07 07:45
2026-08-10T20:39:00.000+01:00,GCLOSE;508;EURUSD;B1:15;2026-08-07 09:51;2026-08-07 09:54;1;long;2026-08-07 09:48
2026-08-10T20:39:00.000+01:00,GCLOSE;509;GBPJPY;A1:12;2026-08-07 09:48;2026-08-07 09:57;2;short;2026-08-07 07:09
2026-08-10T20:39:00.000+01:00,GCLOSE;510;USDJPY;A1:12;2026-08-07 07:06;2026-08-07 10:03;6;short;2026-08-07 06:54
2026-08-10T20:39:00.000+01:00,GCLOSE;511;USDCAD;A1:12;2026-08-07 10:12;2026-08-07 10:15;1;short;2026-08-07 09:15
2026-08-10T20:39:00.000+01:00,GCLOSE;512;AUDUSD;B1:15;2026-08-07 10:39;2026-08-07 10:42;1;long;2026-08-07 10:06
2026-08-10T20:39:00.000+01:00,GCLOSE;513;EURAUD;A1:12;2026-08-07 10:45;2026-08-07 10:48;1;short;2026-08-07 10:42
2026-08-10T20:39:00.000+01:00,GCLOSE;514;GBPUSD;A1:12;2026-08-07 10:48;2026-08-07 11:33;4;short;2026-08-07 10:09
2026-08-10T20:39:00.000+01:00,GCLOSE;515;CADJPY;A1:12;2026-08-07 11:45;2026-08-07 11:51;2;short;2026-08-07 10:30
2026-08-10T20:39:00.000+01:00,GCLOSE;516;AUDCHF;A1:12;2026-08-07 06:57;2026-08-07 12:00;9;short;2026-08-07 06:03
2026-08-10T20:39:00.000+01:00,GCLOSE;517;EURGBP;A2:25;2026-08-07 12:27;2026-08-07 12:30;1;short;2026-08-07 12:24
2026-08-10T20:39:00.000+01:00,GCLOSE;518;GBPJPY;A2:25;2026-08-07 12:27;2026-08-07 12:30;1;long;2026-08-07 12:24
2026-08-10T20:39:00.000+01:00,GCLOSE;519;EURJPY;B2:11;2026-08-07 12:33;2026-08-07 12:36;1;long;2026-08-07 11:48
2026-08-10T20:39:00.000+01:00,GCLOSE;520;AUDUSD;A1:12;2026-08-07 12:48;2026-08-07 12:51;1;long;2026-08-07 11:54
2026-08-10T20:39:00.000+01:00,GCLOSE;521;AUDJPY;A2:25;2026-08-07 13:39;2026-08-07 13:54;3;short;2026-08-07 13:36
2026-08-10T20:39:00.000+01:00,GCLOSE;522;EURAUD;A1:12;2026-08-07 13:39;2026-08-07 14:12;4;long;2026-08-07 13:12
2026-08-10T20:39:00.000+01:00,GCLOSE;523;CADJPY;B2:11;2026-08-07 14:09;2026-08-07 14:12;1;long;2026-08-07 13:57
2026-08-10T20:39:00.000+01:00,GCLOSE;524;EURCAD;A1:12;2026-08-07 15:21;2026-08-07 15:24;1;short;2026-08-07 15:12
2026-08-10T20:39:00.000+01:00,GCLOSE;525;GBPCAD;A1:12;2026-08-07 15:18;2026-08-07 15:24;2;short;2026-08-07 15:12
2026-08-10T20:39:00.000+01:00,GCLOSE;526;AUDCAD;A2:25;2026-08-07 15:57;2026-08-07 16:03;2;short;2026-08-07 15:12
2026-08-10T20:39:00.000+01:00,GCLOSE;527;CADCHF;A1:12;2026-08-07 16:06;2026-08-07 17:33;4;short;2026-08-07 15:18
2026-08-10T20:39:00.000+01:00,GCLOSE;528;GBPAUD;A2:25;2026-08-07 18:03;2026-08-07 18:06;1;short;2026-08-07 16:27
2026-08-10T20:39:00.000+01:00,GCLOSE;529;EURAUD;A2:25;2026-08-07 19:21;2026-08-07 19:24;1;long;2026-08-07 18:12
2026-08-10T20:39:00.000+01:00,GCLOSE;530;AUDCHF;A2:25;2026-08-07 18:51;2026-08-07 20:12;2;long;2026-08-07 18:15
2026-08-10T20:39:00.000+01:00,GCLOSE;531;AUDUSD;A1:12;2026-08-07 19:51;2026-08-07 20:18;3;long;2026-08-07 19:24
2026-08-10T20:39:00.000+01:00,GCLOSE;532;USDCAD;A1:12;2026-08-07 20:15;2026-08-07 20:21;2;long;2026-08-07 18:39
2026-08-10T20:39:00.000+01:00,GCLOSE;533;EURGBP;A1:12;2026-08-07 20:36;2026-08-07 20:42;2;long;2026-08-07 20:33
2026-08-10T20:39:00.000+01:00,GCLOSE;534;GBPJPY;A1:12;2026-08-07 21:12;2026-08-07 21:15;1;long;2026-08-07 20:54
2026-08-10T20:39:00.000+01:00,GCLOSE;535;CADJPY;A2:25;2026-08-07 21:12;2026-08-07 21:15;1;long;2026-08-07 20:54
2026-08-10T20:39:00.000+01:00,GCLOSE;536;EURCAD;A1:12;2026-08-07 21:12;2026-08-07 21:18;2;short;2026-08-07 20:51
2026-08-10T20:39:00.000+01:00,GCLOSE;537;EURCHF;A2:25;2026-08-07 21:18;2026-08-07 21:21;1;long;2026-08-07 20:36
2026-08-10T20:39:00.000+01:00,GCLOSE;538;USDJPY;A1:12;2026-08-07 21:21;2026-08-07 21:24;1;long;2026-08-07 20:39
2026-08-10T20:39:00.000+01:00,GCLOSE;539;USDCHF;A1:12;2026-08-07 16:09;2026-08-07 21:33;6;long;2026-08-07 14:00
2026-08-10T20:39:00.000+01:00,GCLOSE;540;AUDUSD;A2:25;2026-08-07 21:48;2026-08-07 21:51;1;short;2026-08-07 21:39
2026-08-10T20:39:00.000+01:00,GCLOSE;541;EURGBP;C2:28;2026-08-07 21:18;2026-08-07 21:51;4;long;2026-08-07 20:45
2026-08-10T20:39:00.000+01:00,GCLOSE;542;CADCHF;B2:11;2026-08-09 23:00;2026-08-09 23:03;1;long;2026-08-09 22:33
2026-08-10T20:39:00.000+01:00,GCLOSE;543;GBPCAD;A1:12;2026-08-09 23:09;2026-08-09 23:18;2;short;2026-08-09 23:06
2026-08-10T20:39:00.000+01:00,GCLOSE;544;USDJPY;A1:12;2026-08-09 23:18;2026-08-09 23:21;1;long;2026-08-09 23:15
2026-08-10T20:39:00.000+01:00,GCLOSE;545;AUDUSD;A2:25;2026-08-09 23:30;2026-08-09 23:33;1;long;2026-08-09 23:15
2026-08-10T20:39:00.000+01:00,GCLOSE;546;CADJPY;A1:12;2026-08-09 23:36;2026-08-09 23:39;1;long;2026-08-09 22:57
2026-08-10T20:39:00.000+01:00,GCLOSE;547;EURAUD;A1:12;2026-08-09 23:27;2026-08-10 00:09;2;long;2026-08-09 23:24
2026-08-10T20:39:00.000+01:00,GCLOSE;548;AUDCHF;A2:25;2026-08-09 23:18;2026-08-10 00:12;2;long;2026-08-09 23:15
2026-08-10T20:39:00.000+01:00,GCLOSE;549;AUDCHF;B2:11;2026-08-10 00:54;2026-08-10 00:57;1;short;2026-08-10 00:15
2026-08-10T20:39:00.000+01:00,GCLOSE;550;EURCAD;B2:11;2026-08-09 23:30;2026-08-10 01:00;3;long;2026-08-09 23:27
2026-08-10T20:39:00.000+01:00,GCLOSE;551;GBPAUD;A1:12;2026-08-10 00:15;2026-08-10 02:03;4;long;2026-08-10 00:09
2026-08-10T20:39:00.000+01:00,GCLOSE;552;EURGBP;A1:12;2026-08-09 23:12;2026-08-10 02:06;2;long;2026-08-09 23:09
2026-08-10T20:39:00.000+01:00,GCLOSE;553;USDJPY;A1:12;2026-08-10 02:30;2026-08-10 02:33;1;long;2026-08-10 02:15
2026-08-10T20:39:00.000+01:00,GCLOSE;554;CADCHF;C2:28;2026-08-10 01:51;2026-08-10 02:39;2;long;2026-08-10 01:36
2026-08-10T20:39:00.000+01:00,GCLOSE;555;GBPCHF;A2:25;2026-08-10 01:48;2026-08-10 02:54;2;long;2026-08-10 01:36
2026-08-10T20:39:00.000+01:00,GCLOSE;556;EURUSD;A1:12;2026-08-10 03:51;2026-08-10 03:54;1;short;2026-08-10 02:03
2026-08-10T20:39:00.000+01:00,GCLOSE;557;AUDUSD;A1:12;2026-08-10 03:15;2026-08-10 04:15;3;short;2026-08-10 03:12
2026-08-10T20:39:00.000+01:00,GCLOSE;558;GBPAUD;A1:12;2026-08-10 05:21;2026-08-10 05:24;1;long;2026-08-10 05:12
2026-08-10T20:39:00.000+01:00,GCLOSE;559;GBPAUD;B1:15;2026-08-10 06:00;2026-08-10 06:03;1;short;2026-08-10 05:30
2026-08-10T20:39:00.000+01:00,GCLOSE;560;GBPCAD;A1:12;2026-08-10 08:15;2026-08-10 08:18;1;short;2026-08-10 08:12
2026-08-10T20:39:00.000+01:00,GCLOSE;561;EURGBP;A2:25;2026-08-10 08:33;2026-08-10 08:36;1;long;2026-08-10 07:12
2026-08-10T20:39:00.000+01:00,GCLOSE;562;EURCAD;A1:12;2026-08-10 09:00;2026-08-10 09:06;2;short;2026-08-10 08:48
2026-08-10T20:39:00.000+01:00,GCLOSE;563;EURUSD;A2:25;2026-08-10 08:48;2026-08-10 09:36;3;long;2026-08-10 07:00
2026-08-10T20:39:00.000+01:00,GCLOSE;564;AUDCHF;A1:12;2026-08-10 09:45;2026-08-10 09:48;1;long;2026-08-10 09:21
2026-08-10T20:39:00.000+01:00,GCLOSE;565;EURGBP;A2:25;2026-08-10 10:51;2026-08-10 10:54;1;long;2026-08-10 10:48
2026-08-10T20:39:00.000+01:00,GCLOSE;566;GBPUSD;A1:12;2026-08-10 10:54;2026-08-10 10:57;1;short;2026-08-10 10:51
2026-08-10T20:39:00.000+01:00,GCLOSE;567;AUDCAD;A2:25;2026-08-10 07:03;2026-08-10 11:00;4;short;2026-08-10 06:45
2026-08-10T20:39:00.000+01:00,GCLOSE;568;EURAUD;A2:25;2026-08-10 11:00;2026-08-10 11:03;1;long;2026-08-10 10:57
2026-08-10T20:39:00.000+01:00,GCLOSE;569;USDCAD;A2:25;2026-08-10 10:42;2026-08-10 12:03;2;short;2026-08-10 09:57
2026-08-10T20:39:00.000+01:00,GCLOSE;570;CADJPY;A1:12;2026-08-10 11:33;2026-08-10 12:09;4;long;2026-08-10 11:12
2026-08-10T20:39:00.000+01:00,GCLOSE;571;GBPAUD;A1:12;2026-08-10 11:57;2026-08-10 12:30;3;long;2026-08-10 11:21
2026-08-10T20:39:00.000+01:00,GCLOSE;572;GBPJPY;A2:25;2026-08-10 11:15;2026-08-10 12:51;3;long;2026-08-10 11:00
2026-08-10T20:39:00.000+01:00,GCLOSE;573;USDJPY;A1:12;2026-08-10 11:39;2026-08-10 13:54;4;long;2026-08-10 11:36
2026-08-10T20:39:00.000+01:00,GCLOSE;574;GBPCHF;A2:25;2026-08-10 14:15;2026-08-10 14:18;1;long;2026-08-10 14:12
2026-08-10T20:39:00.000+01:00,GCLOSE;575;EURCHF;A1:12;2026-08-10 13:57;2026-08-10 14:51;3;long;2026-08-10 10:30
2026-08-10T20:39:00.000+01:00,GCLOSE;576;AUDUSD;A2:25;2026-08-10 15:18;2026-08-10 15:21;1;long;2026-08-10 14:00
2026-08-10T20:39:00.000+01:00,GCLOSE;577;AUDCAD;A1:12;2026-08-10 15:24;2026-08-10 15:27;1;long;2026-08-10 14:00
2026-08-10T20:39:00.000+01:00,GCLOSE;578;GBPCAD;B1:15;2026-08-10 17:30;2026-08-10 17:33;1;short;2026-08-10 17:27
2026-08-10T20:39:00.000+01:00,GCLOSE;579;EURJPY;A2:25;2026-08-10 18:12;2026-08-10 18:45;3;long;2026-08-10 17:21
2026-08-10T20:39:00.000+01:00,GCLOSE;580;GBPCHF;A2:25;2026-08-10 19:30;2026-08-10 19:36;2;long;2026-08-10 19:27
2026-08-10T20:39:00.000+01:00,GCLOSE;581;EURGBP;A2:25;2026-08-10 19:36;2026-08-10 19:42;2;short;2026-08-10 19:33
2026-08-10T20:39:00.000+01:00,GCLOSE;582;EURJPY;B2:11;2026-08-10 20:00;2026-08-10 20:06;2;long;2026-08-10 19:57
2026-08-10T20:39:00.000+01:00,GCLOSE;583;USDJPY;A2:25;2026-08-10 20:12;2026-08-10 20:18;2;long;2026-08-10 20:00
2026-08-10T20:39:00.000+01:00,GCLOSE;584;CHFJPY;A2:25;2026-08-10 20:36;2026-08-10 20:39;1;long;2026-08-10 20:00
