Date,Message
2026-08-04T07:48:00.000+01:00,MAR1GSOPEN;AUDJPY;B1;08-03 17:12;0;
2026-08-04T07:51:00.000+01:00,MAR1GSOPEN;AUDJPY;A2;08-03 17:12;1;08-03 17:12
2026-08-04T07:51:00.000+01:00,MAR1GSOPEN;AUDJPY;B1;08-03 17:12;0;
2026-08-04T07:54:00.000+01:00,MAR1GSOPEN;AUDJPY;A2;08-03 17:12;1;08-03 17:12
2026-08-04T07:54:00.000+01:00,MAR1GSOPEN;AUDJPY;B1;08-03 17:12;0;
2026-08-04T07:57:00.000+01:00,MAR1GSOPEN;AUDJPY;A2;08-03 17:12;1;08-03 17:12
2026-08-04T07:57:00.000+01:00,MAR1GSOPEN;AUDJPY;B1;08-03 17:12;0;
2026-08-04T08:00:00.000+01:00,MAR1GSOPEN;AUDJPY;A2;08-03 17:12;1;08-03 17:12
2026-08-04T08:00:00.000+01:00,MAR1GSOPEN;AUDJPY;B1;08-03 17:12;0;
2026-08-04T08:03:00.000+01:00,MAR1GSOPEN;AUDJPY;A2;08-03 17:12;1;08-03 17:12
2026-08-04T08:03:00.000+01:00,MAR1GSOPEN;AUDJPY;B1;08-03 17:12;0;
2026-08-04T08:06:00.000+01:00,MAR1GSOPEN;AUDJPY;A2;08-03 17:12;1;08-03 17:12
2026-08-04T08:06:00.000+01:00,MAR1GSOPEN;AUDJPY;B1;08-03 17:12;0;
2026-08-04T08:09:00.000+01:00,MAR1GSOPEN;AUDJPY;A2;08-03 17:12;1;08-03 17:12
2026-08-04T08:09:00.000+01:00,MAR1GSOPEN;AUDJPY;B1;08-03 17:12;0;
2026-08-04T08:12:00.000+01:00,MAR1GSOPEN;AUDJPY;A2;08-03 17:12;1;08-03 17:12
2026-08-04T08:12:00.000+01:00,MAR1GSOPEN;AUDJPY;B1;08-03 17:12;0;
2026-08-04T08:15:00.000+01:00,MAR1GSOPEN;AUDJPY;A2;08-03 17:12;1;08-03 17:12
2026-08-04T08:15:00.000+01:00,MAR1GSOPEN;AUDJPY;B1;08-03 17:12;0;
2026-08-04T08:18:00.000+01:00,"MAR1GSOPEN;AUDJPY;A2;08-03 17:12;2;08-03 17:12,08-04 08:18"
2026-08-04T08:18:00.000+01:00,MAR1GSOPEN;AUDJPY;B1;08-04 08:18;1;08-04 08:18
2026-08-04T08:18:00.000+01:00,MAR1GSOPEN;AUDJPY;C2;08-04 08:18;0;
2026-08-04T08:21:00.000+01:00,"MAR1GSCLOSE;AUDJPY;A2;08-03 17:12;08-04 08:24;3;long;08-03 17:12,08-04 08:18,08-04 08:21"
2026-08-04T08:21:00.000+01:00,"MAR1GSCLOSE;AUDJPY;B1;08-04 08:18;08-04 08:24;2;long;08-04 08:18,08-04 08:21"
2026-08-04T08:21:00.000+01:00,MAR1GSCLOSE;AUDJPY;C2;08-04 08:21;08-04 08:24;1;long;08-04 08:21
2026-08-04T13:45:00.000+01:00,MAR1GSOPEN;AUDJPY;A2;08-04 13:45;0;
2026-08-04T13:48:00.000+01:00,MAR1GSOPEN;AUDJPY;A2;08-04 13:45;0;
2026-08-04T13:51:00.000+01:00,MAR1GSOPEN;AUDJPY;A2;08-04 13:45;0;
2026-08-04T13:54:00.000+01:00,MAR1GSOPEN;AUDJPY;A2;08-04 13:45;0;
2026-08-04T13:57:00.000+01:00,MAR1GSOPEN;AUDJPY;A2;08-04 13:45;0;
2026-08-04T14:00:00.000+01:00,MAR1GSOPEN;AUDJPY;A2;08-04 13:45;0;
2026-08-04T14:03:00.000+01:00,MAR1GSOPEN;AUDJPY;A2;08-04 13:45;0;
2026-08-04T14:06:00.000+01:00,MAR1GSOPEN;AUDJPY;A2;08-04 13:45;0;
2026-08-04T14:09:00.000+01:00,MAR1GSOPEN;AUDJPY;A2;08-04 13:45;0;
2026-08-04T14:12:00.000+01:00,MAR1GSOPEN;AUDJPY;A2;08-04 13:45;0;
2026-08-04T14:15:00.000+01:00,MAR1GSOPEN;AUDJPY;A2;08-04 13:45;0;
2026-08-04T14:18:00.000+01:00,MAR1GSOPEN;AUDJPY;A2;08-04 13:45;0;
2026-08-04T14:21:00.000+01:00,MAR1GSOPEN;AUDJPY;A2;08-04 13:45;0;
2026-08-04T14:24:00.000+01:00,MAR1GSOPEN;AUDJPY;A2;08-04 13:45;0;
2026-08-04T14:27:00.000+01:00,MAR1GSOPEN;AUDJPY;A2;08-04 13:45;0;
2026-08-04T14:30:00.000+01:00,MAR1GSOPEN;AUDJPY;A2;08-04 13:45;0;
2026-08-04T14:33:00.000+01:00,MAR1GSOPEN;AUDJPY;A2;08-04 13:45;0;
2026-08-04T14:36:00.000+01:00,MAR1GSCLOSE;AUDJPY;A2;08-04 14:36;08-04 14:39;1;short;08-04 14:36
2026-08-04T17:21:00.000+01:00,MAR1GSOPEN;AUDJPY;A1;08-04 17:21;0;
2026-08-04T17:21:00.000+01:00,MAR1GSOPEN;AUDJPY;A2;08-04 17:21;0;
2026-08-04T17:24:00.000+01:00,MAR1GSOPEN;AUDJPY;A1;08-04 17:21;0;
2026-08-04T17:24:00.000+01:00,MAR1GSOPEN;AUDJPY;A2;08-04 17:21;0;
2026-08-04T17:27:00.000+01:00,MAR1GSOPEN;AUDJPY;A1;08-04 17:21;0;
2026-08-04T17:27:00.000+01:00,MAR1GSOPEN;AUDJPY;A2;08-04 17:21;0;
2026-08-04T17:30:00.000+01:00,MAR1GSOPEN;AUDJPY;A1;08-04 17:21;0;
2026-08-04T17:30:00.000+01:00,MAR1GSOPEN;AUDJPY;A2;08-04 17:21;0;
2026-08-04T17:33:00.000+01:00,MAR1GSOPEN;AUDJPY;A1;08-04 17:21;0;
2026-08-04T17:33:00.000+01:00,MAR1GSOPEN;AUDJPY;A2;08-04 17:21;0;
2026-08-04T17:36:00.000+01:00,MAR1GSOPEN;AUDJPY;A1;08-04 17:21;0;
2026-08-04T17:36:00.000+01:00,MAR1GSOPEN;AUDJPY;A2;08-04 17:21;0;
2026-08-04T17:39:00.000+01:00,MAR1GSCLOSE;AUDJPY;A1;08-04 17:39;08-04 17:42;1;long;08-04 17:39
2026-08-04T17:39:00.000+01:00,MAR1GSCLOSE;AUDJPY;A2;08-04 17:39;08-04 17:42;1;long;08-04 17:39
2026-08-05T12:57:00.000+01:00,MAR1GSOPEN;AUDJPY;A2;08-05 12:57;0;
2026-08-05T13:00:00.000+01:00,MAR1GSOPEN;AUDJPY;A2;08-05 12:57;0;
2026-08-05T13:03:00.000+01:00,MAR1GSOPEN;AUDJPY;A2;08-05 12:57;0;
2026-08-05T13:06:00.000+01:00,MAR1GSOPEN;AUDJPY;A2;08-05 12:57;0;
2026-08-05T13:09:00.000+01:00,MAR1GSOPEN;AUDJPY;A2;08-05 12:57;0;
2026-08-05T13:12:00.000+01:00,MAR1GSOPEN;AUDJPY;A2;08-05 12:57;0;
2026-08-05T13:15:00.000+01:00,MAR1GSOPEN;AUDJPY;A2;08-05 12:57;0;
2026-08-05T13:18:00.000+01:00,MAR1GSOPEN;AUDJPY;A2;08-05 12:57;0;
2026-08-05T13:21:00.000+01:00,MAR1GSOPEN;AUDJPY;A2;08-05 12:57;0;
2026-08-05T13:24:00.000+01:00,MAR1GSOPEN;AUDJPY;A2;08-05 12:57;0;
2026-08-05T13:27:00.000+01:00,MAR1GSOPEN;AUDJPY;A2;08-05 12:57;0;
2026-08-05T13:30:00.000+01:00,MAR1GSOPEN;AUDJPY;A2;08-05 12:57;0;
2026-08-05T13:33:00.000+01:00,MAR1GSOPEN;AUDJPY;A2;08-05 12:57;0;
2026-08-05T13:36:00.000+01:00,MAR1GSOPEN;AUDJPY;A2;08-05 12:57;0;
2026-08-05T13:39:00.000+01:00,MAR1GSOPEN;AUDJPY;A2;08-05 12:57;0;
2026-08-05T13:42:00.000+01:00,MAR1GSOPEN;AUDJPY;A2;08-05 12:57;0;
2026-08-05T13:45:00.000+01:00,MAR1GSOPEN;AUDJPY;A2;08-05 12:57;0;
2026-08-05T13:48:00.000+01:00,MAR1GSOPEN;AUDJPY;A2;08-05 12:57;0;
2026-08-05T13:51:00.000+01:00,MAR1GSOPEN;AUDJPY;A2;08-05 12:57;0;
2026-08-05T13:54:00.000+01:00,MAR1GSCLOSE;AUDJPY;A2;08-05 13:54;08-05 13:57;1;long;08-05 13:54
2026-08-06T10:03:00.000+01:00,MAR1GSOPEN;AUDJPY;A1;08-06 10:03;0;
2026-08-06T10:03:00.000+01:00,MAR1GSOPEN;AUDJPY;A2;08-06 10:03;0;
2026-08-06T10:06:00.000+01:00,MAR1GSOPEN;AUDJPY;A1;08-06 10:03;0;
2026-08-06T10:06:00.000+01:00,MAR1GSOPEN;AUDJPY;A2;08-06 10:03;0;
2026-08-06T10:09:00.000+01:00,MAR1GSOPEN;AUDJPY;A1;08-06 10:03;0;
2026-08-06T10:09:00.000+01:00,MAR1GSOPEN;AUDJPY;A2;08-06 10:03;0;
2026-08-06T10:12:00.000+01:00,MAR1GSOPEN;AUDJPY;A1;08-06 10:03;0;
2026-08-06T10:12:00.000+01:00,MAR1GSOPEN;AUDJPY;A2;08-06 10:03;0;
2026-08-06T10:15:00.000+01:00,MAR1GSOPEN;AUDJPY;A1;08-06 10:03;0;
2026-08-06T10:15:00.000+01:00,MAR1GSOPEN;AUDJPY;A2;08-06 10:03;0;
2026-08-06T10:18:00.000+01:00,MAR1GSOPEN;AUDJPY;A1;08-06 10:03;0;
2026-08-06T10:18:00.000+01:00,MAR1GSOPEN;AUDJPY;A2;08-06 10:03;0;
2026-08-06T10:21:00.000+01:00,MAR1GSOPEN;AUDJPY;A1;08-06 10:03;0;
2026-08-06T10:21:00.000+01:00,MAR1GSOPEN;AUDJPY;A2;08-06 10:03;0;
2026-08-06T10:24:00.000+01:00,MAR1GSOPEN;AUDJPY;A1;08-06 10:03;0;
2026-08-06T10:24:00.000+01:00,MAR1GSOPEN;AUDJPY;A2;08-06 10:03;0;
2026-08-06T10:27:00.000+01:00,MAR1GSOPEN;AUDJPY;A1;08-06 10:03;0;
2026-08-06T10:27:00.000+01:00,MAR1GSOPEN;AUDJPY;A2;08-06 10:03;0;
2026-08-06T10:30:00.000+01:00,MAR1GSOPEN;AUDJPY;A1;08-06 10:03;0;
2026-08-06T10:30:00.000+01:00,MAR1GSOPEN;AUDJPY;A2;08-06 10:03;0;
2026-08-06T10:33:00.000+01:00,MAR1GSOPEN;AUDJPY;A1;08-06 10:03;0;
2026-08-06T10:33:00.000+01:00,MAR1GSOPEN;AUDJPY;A2;08-06 10:03;0;
2026-08-06T10:36:00.000+01:00,MAR1GSOPEN;AUDJPY;A1;08-06 10:03;0;
2026-08-06T10:36:00.000+01:00,MAR1GSOPEN;AUDJPY;A2;08-06 10:03;0;
2026-08-06T10:39:00.000+01:00,MAR1GSOPEN;AUDJPY;A1;08-06 10:03;0;
2026-08-06T10:39:00.000+01:00,MAR1GSOPEN;AUDJPY;A2;08-06 10:03;0;
2026-08-06T10:42:00.000+01:00,MAR1GSOPEN;AUDJPY;A1;08-06 10:03;0;
2026-08-06T10:42:00.000+01:00,MAR1GSOPEN;AUDJPY;A2;08-06 10:03;0;
2026-08-06T10:45:00.000+01:00,MAR1GSOPEN;AUDJPY;A1;08-06 10:03;0;
2026-08-06T10:45:00.000+01:00,MAR1GSOPEN;AUDJPY;A2;08-06 10:03;0;
2026-08-06T10:48:00.000+01:00,MAR1GSOPEN;AUDJPY;A1;08-06 10:03;0;
2026-08-06T10:48:00.000+01:00,MAR1GSOPEN;AUDJPY;A2;08-06 10:03;0;
2026-08-06T10:51:00.000+01:00,MAR1GSOPEN;AUDJPY;A1;08-06 10:03;0;
2026-08-06T10:51:00.000+01:00,MAR1GSOPEN;AUDJPY;A2;08-06 10:03;0;
2026-08-06T10:54:00.000+01:00,MAR1GSOPEN;AUDJPY;A1;08-06 10:03;0;
2026-08-06T10:54:00.000+01:00,MAR1GSOPEN;AUDJPY;A2;08-06 10:03;0;
2026-08-06T10:57:00.000+01:00,MAR1GSOPEN;AUDJPY;A1;08-06 10:03;0;
2026-08-06T10:57:00.000+01:00,MAR1GSOPEN;AUDJPY;A2;08-06 10:03;0;
2026-08-06T11:00:00.000+01:00,MAR1GSOPEN;AUDJPY;A1;08-06 10:03;0;
2026-08-06T11:00:00.000+01:00,MAR1GSOPEN;AUDJPY;A2;08-06 10:03;0;
2026-08-06T11:03:00.000+01:00,MAR1GSOPEN;AUDJPY;A1;08-06 10:03;0;
2026-08-06T11:03:00.000+01:00,MAR1GSOPEN;AUDJPY;A2;08-06 10:03;0;
2026-08-06T11:06:00.000+01:00,MAR1GSOPEN;AUDJPY;A1;08-06 10:03;0;
2026-08-06T11:06:00.000+01:00,MAR1GSOPEN;AUDJPY;A2;08-06 10:03;0;
2026-08-06T11:09:00.000+01:00,MAR1GSOPEN;AUDJPY;A1;08-06 10:03;0;
2026-08-06T11:09:00.000+01:00,MAR1GSOPEN;AUDJPY;A2;08-06 10:03;0;
2026-08-06T11:12:00.000+01:00,MAR1GSOPEN;AUDJPY;A1;08-06 10:03;0;
2026-08-06T11:12:00.000+01:00,MAR1GSOPEN;AUDJPY;A2;08-06 10:03;0;
2026-08-06T11:15:00.000+01:00,MAR1GSOPEN;AUDJPY;A1;08-06 10:03;0;
2026-08-06T11:15:00.000+01:00,MAR1GSOPEN;AUDJPY;A2;08-06 10:03;0;
2026-08-06T11:18:00.000+01:00,MAR1GSOPEN;AUDJPY;A1;08-06 10:03;0;
2026-08-06T11:18:00.000+01:00,MAR1GSOPEN;AUDJPY;A2;08-06 10:03;0;
2026-08-06T11:21:00.000+01:00,MAR1GSOPEN;AUDJPY;A1;08-06 10:03;0;
2026-08-06T11:21:00.000+01:00,MAR1GSOPEN;AUDJPY;A2;08-06 10:03;0;
2026-08-06T11:24:00.000+01:00,MAR1GSOPEN;AUDJPY;A1;08-06 10:03;0;
2026-08-06T11:24:00.000+01:00,MAR1GSOPEN;AUDJPY;A2;08-06 10:03;0;
2026-08-06T11:27:00.000+01:00,MAR1GSOPEN;AUDJPY;A1;08-06 10:03;0;
2026-08-06T11:27:00.000+01:00,MAR1GSOPEN;AUDJPY;A2;08-06 10:03;0;
2026-08-06T11:30:00.000+01:00,MAR1GSOPEN;AUDJPY;A1;08-06 10:03;0;
2026-08-06T11:30:00.000+01:00,MAR1GSOPEN;AUDJPY;A2;08-06 10:03;0;
2026-08-06T11:33:00.000+01:00,MAR1GSOPEN;AUDJPY;A1;08-06 10:03;0;
2026-08-06T11:33:00.000+01:00,MAR1GSOPEN;AUDJPY;A2;08-06 10:03;0;
2026-08-06T11:36:00.000+01:00,MAR1GSOPEN;AUDJPY;A1;08-06 10:03;0;
2026-08-06T11:36:00.000+01:00,MAR1GSOPEN;AUDJPY;A2;08-06 10:03;0;
2026-08-06T11:39:00.000+01:00,MAR1GSOPEN;AUDJPY;A1;08-06 10:03;0;
2026-08-06T11:39:00.000+01:00,MAR1GSOPEN;AUDJPY;A2;08-06 10:03;0;
2026-08-06T11:42:00.000+01:00,MAR1GSOPEN;AUDJPY;A1;08-06 10:03;0;
2026-08-06T11:42:00.000+01:00,MAR1GSOPEN;AUDJPY;A2;08-06 10:03;0;
2026-08-06T11:45:00.000+01:00,MAR1GSOPEN;AUDJPY;A1;08-06 10:03;0;
2026-08-06T11:45:00.000+01:00,MAR1GSOPEN;AUDJPY;A2;08-06 10:03;0;
2026-08-06T11:48:00.000+01:00,MAR1GSOPEN;AUDJPY;A1;08-06 10:03;0;
2026-08-06T11:48:00.000+01:00,MAR1GSOPEN;AUDJPY;A2;08-06 10:03;0;
2026-08-06T11:51:00.000+01:00,MAR1GSOPEN;AUDJPY;A1;08-06 10:03;0;
2026-08-06T11:51:00.000+01:00,MAR1GSOPEN;AUDJPY;A2;08-06 10:03;0;
2026-08-06T11:54:00.000+01:00,MAR1GSOPEN;AUDJPY;A1;08-06 10:03;0;
2026-08-06T11:54:00.000+01:00,MAR1GSOPEN;AUDJPY;A2;08-06 10:03;0;
2026-08-06T11:57:00.000+01:00,MAR1GSOPEN;AUDJPY;A1;08-06 10:03;0;
2026-08-06T11:57:00.000+01:00,MAR1GSOPEN;AUDJPY;A2;08-06 10:03;0;
2026-08-06T12:00:00.000+01:00,MAR1GSOPEN;AUDJPY;A1;08-06 10:03;0;
2026-08-06T12:00:00.000+01:00,MAR1GSOPEN;AUDJPY;A2;08-06 10:03;0;
2026-08-06T12:03:00.000+01:00,MAR1GSOPEN;AUDJPY;A1;08-06 10:03;0;
2026-08-06T12:03:00.000+01:00,MAR1GSOPEN;AUDJPY;A2;08-06 10:03;0;
2026-08-06T12:06:00.000+01:00,MAR1GSOPEN;AUDJPY;A1;08-06 10:03;0;
2026-08-06T12:06:00.000+01:00,MAR1GSOPEN;AUDJPY;A2;08-06 10:03;0;
2026-08-06T12:09:00.000+01:00,MAR1GSOPEN;AUDJPY;A1;08-06 10:03;0;
2026-08-06T12:09:00.000+01:00,MAR1GSOPEN;AUDJPY;A2;08-06 10:03;0;
2026-08-06T12:12:00.000+01:00,MAR1GSOPEN;AUDJPY;A1;08-06 10:03;0;
2026-08-06T12:12:00.000+01:00,MAR1GSOPEN;AUDJPY;A2;08-06 10:03;0;
2026-08-06T12:15:00.000+01:00,MAR1GSOPEN;AUDJPY;A1;08-06 10:03;0;
2026-08-06T12:15:00.000+01:00,MAR1GSOPEN;AUDJPY;A2;08-06 10:03;0;
2026-08-06T12:18:00.000+01:00,MAR1GSOPEN;AUDJPY;A1;08-06 10:03;0;
2026-08-06T12:18:00.000+01:00,MAR1GSOPEN;AUDJPY;A2;08-06 10:03;0;
2026-08-06T12:21:00.000+01:00,MAR1GSOPEN;AUDJPY;A1;08-06 10:03;0;
2026-08-06T12:21:00.000+01:00,MAR1GSOPEN;AUDJPY;A2;08-06 10:03;0;
2026-08-06T12:24:00.000+01:00,MAR1GSOPEN;AUDJPY;A1;08-06 10:03;0;
2026-08-06T12:24:00.000+01:00,MAR1GSOPEN;AUDJPY;A2;08-06 10:03;0;
2026-08-06T12:27:00.000+01:00,MAR1GSOPEN;AUDJPY;A1;08-06 10:03;0;
2026-08-06T12:27:00.000+01:00,MAR1GSOPEN;AUDJPY;A2;08-06 10:03;0;
2026-08-06T12:30:00.000+01:00,MAR1GSOPEN;AUDJPY;A1;08-06 10:03;0;
2026-08-06T12:30:00.000+01:00,MAR1GSOPEN;AUDJPY;A2;08-06 10:03;0;
2026-08-06T12:33:00.000+01:00,MAR1GSOPEN;AUDJPY;A1;08-06 10:03;0;
2026-08-06T12:33:00.000+01:00,MAR1GSOPEN;AUDJPY;A2;08-06 10:03;0;
2026-08-06T12:36:00.000+01:00,MAR1GSOPEN;AUDJPY;A1;08-06 10:03;0;
2026-08-06T12:36:00.000+01:00,MAR1GSOPEN;AUDJPY;A2;08-06 10:03;0;
2026-08-06T12:39:00.000+01:00,MAR1GSOPEN;AUDJPY;A1;08-06 10:03;0;
2026-08-06T12:39:00.000+01:00,MAR1GSOPEN;AUDJPY;A2;08-06 10:03;0;
2026-08-06T12:42:00.000+01:00,MAR1GSOPEN;AUDJPY;A1;08-06 12:42;1;08-06 12:42
2026-08-06T12:42:00.000+01:00,MAR1GSOPEN;AUDJPY;A2;08-06 12:42;1;08-06 12:42
2026-08-06T12:42:00.000+01:00,MAR1GSOPEN;AUDJPY;B1;08-06 12:42;0;
2026-08-06T12:42:00.000+01:00,MAR1GSOPEN;AUDJPY;B2;08-06 12:42;0;
2026-08-06T12:45:00.000+01:00,MAR1GSOPEN;AUDJPY;A1;08-06 12:42;1;08-06 12:42
2026-08-06T12:45:00.000+01:00,MAR1GSOPEN;AUDJPY;A2;08-06 12:42;1;08-06 12:42
2026-08-06T12:45:00.000+01:00,MAR1GSOPEN;AUDJPY;B1;08-06 12:42;0;
2026-08-06T12:45:00.000+01:00,MAR1GSOPEN;AUDJPY;B2;08-06 12:42;0;
2026-08-06T12:48:00.000+01:00,MAR1GSOPEN;AUDJPY;A1;08-06 12:42;1;08-06 12:42
2026-08-06T12:48:00.000+01:00,MAR1GSOPEN;AUDJPY;A2;08-06 12:42;1;08-06 12:42
2026-08-06T12:48:00.000+01:00,MAR1GSOPEN;AUDJPY;B1;08-06 12:42;0;
2026-08-06T12:48:00.000+01:00,MAR1GSOPEN;AUDJPY;B2;08-06 12:42;0;
2026-08-06T12:51:00.000+01:00,MAR1GSOPEN;AUDJPY;A1;08-06 12:42;1;08-06 12:42
2026-08-06T12:51:00.000+01:00,MAR1GSOPEN;AUDJPY;A2;08-06 12:42;1;08-06 12:42
2026-08-06T12:51:00.000+01:00,MAR1GSOPEN;AUDJPY;B1;08-06 12:42;0;
2026-08-06T12:51:00.000+01:00,MAR1GSOPEN;AUDJPY;B2;08-06 12:42;0;
2026-08-06T12:51:00.000+01:00,MAR1GSOPEN;AUDJPY;C1;08-06 12:51;0;
2026-08-06T12:54:00.000+01:00,"MAR1GSOPEN;AUDJPY;A1;08-06 12:42;2;08-06 12:42,08-06 12:54"
2026-08-06T12:54:00.000+01:00,"MAR1GSOPEN;AUDJPY;A2;08-06 12:42;2;08-06 12:42,08-06 12:54"
2026-08-06T12:54:00.000+01:00,MAR1GSOPEN;AUDJPY;B1;08-06 12:54;1;08-06 12:54
2026-08-06T12:54:00.000+01:00,MAR1GSOPEN;AUDJPY;B2;08-06 12:54;1;08-06 12:54
2026-08-06T12:54:00.000+01:00,MAR1GSOPEN;AUDJPY;C1;08-06 12:54;1;08-06 12:54
2026-08-06T12:57:00.000+01:00,"MAR1GSOPEN;AUDJPY;A1;08-06 12:42;2;08-06 12:42,08-06 12:54"
2026-08-06T12:57:00.000+01:00,"MAR1GSOPEN;AUDJPY;A2;08-06 12:42;2;08-06 12:42,08-06 12:54"
2026-08-06T12:57:00.000+01:00,MAR1GSOPEN;AUDJPY;B1;08-06 12:54;1;08-06 12:54
2026-08-06T12:57:00.000+01:00,MAR1GSOPEN;AUDJPY;B2;08-06 12:54;1;08-06 12:54
2026-08-06T12:57:00.000+01:00,MAR1GSOPEN;AUDJPY;C1;08-06 12:54;1;08-06 12:54
2026-08-06T13:00:00.000+01:00,"MAR1GSOPEN;AUDJPY;A1;08-06 12:42;2;08-06 12:42,08-06 12:54"
2026-08-06T13:00:00.000+01:00,"MAR1GSOPEN;AUDJPY;A2;08-06 12:42;2;08-06 12:42,08-06 12:54"
2026-08-06T13:00:00.000+01:00,MAR1GSOPEN;AUDJPY;B1;08-06 12:54;1;08-06 12:54
2026-08-06T13:00:00.000+01:00,MAR1GSOPEN;AUDJPY;B2;08-06 12:54;1;08-06 12:54
2026-08-06T13:00:00.000+01:00,MAR1GSOPEN;AUDJPY;C1;08-06 12:54;1;08-06 12:54
2026-08-06T13:03:00.000+01:00,"MAR1GSOPEN;AUDJPY;A1;08-06 12:42;2;08-06 12:42,08-06 12:54"
2026-08-06T13:03:00.000+01:00,"MAR1GSOPEN;AUDJPY;A2;08-06 12:42;2;08-06 12:42,08-06 12:54"
2026-08-06T13:03:00.000+01:00,MAR1GSOPEN;AUDJPY;B1;08-06 12:54;1;08-06 12:54
2026-08-06T13:03:00.000+01:00,MAR1GSOPEN;AUDJPY;B2;08-06 12:54;1;08-06 12:54
2026-08-06T13:03:00.000+01:00,MAR1GSOPEN;AUDJPY;C1;08-06 12:54;1;08-06 12:54
2026-08-06T13:06:00.000+01:00,"MAR1GSOPEN;AUDJPY;A1;08-06 12:42;2;08-06 12:42,08-06 12:54"
2026-08-06T13:06:00.000+01:00,"MAR1GSOPEN;AUDJPY;A2;08-06 12:42;2;08-06 12:42,08-06 12:54"
2026-08-06T13:06:00.000+01:00,MAR1GSOPEN;AUDJPY;B1;08-06 12:54;1;08-06 12:54
2026-08-06T13:06:00.000+01:00,MAR1GSOPEN;AUDJPY;B2;08-06 12:54;1;08-06 12:54
2026-08-06T13:06:00.000+01:00,MAR1GSOPEN;AUDJPY;C1;08-06 12:54;1;08-06 12:54
2026-08-06T13:09:00.000+01:00,"MAR1GSOPEN;AUDJPY;A1;08-06 12:42;2;08-06 12:42,08-06 12:54"
2026-08-06T13:09:00.000+01:00,"MAR1GSOPEN;AUDJPY;A2;08-06 12:42;2;08-06 12:42,08-06 12:54"
2026-08-06T13:09:00.000+01:00,MAR1GSOPEN;AUDJPY;B1;08-06 12:54;1;08-06 12:54
2026-08-06T13:09:00.000+01:00,MAR1GSOPEN;AUDJPY;B2;08-06 12:54;1;08-06 12:54
2026-08-06T13:09:00.000+01:00,MAR1GSOPEN;AUDJPY;C1;08-06 12:54;1;08-06 12:54
2026-08-06T13:12:00.000+01:00,"MAR1GSOPEN;AUDJPY;A1;08-06 12:42;2;08-06 12:42,08-06 12:54"
2026-08-06T13:12:00.000+01:00,"MAR1GSOPEN;AUDJPY;A2;08-06 12:42;2;08-06 12:42,08-06 12:54"
2026-08-06T13:12:00.000+01:00,MAR1GSOPEN;AUDJPY;B1;08-06 12:54;1;08-06 12:54
2026-08-06T13:12:00.000+01:00,MAR1GSOPEN;AUDJPY;B2;08-06 12:54;1;08-06 12:54
2026-08-06T13:12:00.000+01:00,MAR1GSOPEN;AUDJPY;C1;08-06 12:54;1;08-06 12:54
2026-08-06T13:15:00.000+01:00,"MAR1GSOPEN;AUDJPY;A1;08-06 12:42;2;08-06 12:42,08-06 12:54"
2026-08-06T13:15:00.000+01:00,"MAR1GSOPEN;AUDJPY;A2;08-06 12:42;2;08-06 12:42,08-06 12:54"
2026-08-06T13:15:00.000+01:00,MAR1GSOPEN;AUDJPY;B1;08-06 12:54;1;08-06 12:54
2026-08-06T13:15:00.000+01:00,MAR1GSOPEN;AUDJPY;B2;08-06 12:54;1;08-06 12:54
2026-08-06T13:15:00.000+01:00,MAR1GSOPEN;AUDJPY;C1;08-06 12:54;1;08-06 12:54
2026-08-06T13:18:00.000+01:00,"MAR1GSOPEN;AUDJPY;A1;08-06 12:42;2;08-06 12:42,08-06 12:54"
2026-08-06T13:18:00.000+01:00,"MAR1GSOPEN;AUDJPY;A2;08-06 12:42;2;08-06 12:42,08-06 12:54"
2026-08-06T13:18:00.000+01:00,MAR1GSOPEN;AUDJPY;B1;08-06 12:54;1;08-06 12:54
2026-08-06T13:18:00.000+01:00,MAR1GSOPEN;AUDJPY;B2;08-06 12:54;1;08-06 12:54
2026-08-06T13:18:00.000+01:00,MAR1GSOPEN;AUDJPY;C1;08-06 12:54;1;08-06 12:54
2026-08-06T13:21:00.000+01:00,"MAR1GSOPEN;AUDJPY;A1;08-06 12:42;2;08-06 12:42,08-06 12:54"
2026-08-06T13:21:00.000+01:00,"MAR1GSOPEN;AUDJPY;A2;08-06 12:42;2;08-06 12:42,08-06 12:54"
2026-08-06T13:21:00.000+01:00,MAR1GSOPEN;AUDJPY;B1;08-06 12:54;1;08-06 12:54
2026-08-06T13:21:00.000+01:00,MAR1GSOPEN;AUDJPY;B2;08-06 12:54;1;08-06 12:54
2026-08-06T13:21:00.000+01:00,MAR1GSOPEN;AUDJPY;C1;08-06 12:54;1;08-06 12:54
2026-08-06T13:24:00.000+01:00,"MAR1GSOPEN;AUDJPY;A1;08-06 12:42;2;08-06 12:42,08-06 12:54"
2026-08-06T13:24:00.000+01:00,"MAR1GSOPEN;AUDJPY;A2;08-06 12:42;2;08-06 12:42,08-06 12:54"
2026-08-06T13:24:00.000+01:00,MAR1GSOPEN;AUDJPY;B1;08-06 12:54;1;08-06 12:54
2026-08-06T13:24:00.000+01:00,MAR1GSOPEN;AUDJPY;B2;08-06 12:54;1;08-06 12:54
2026-08-06T13:24:00.000+01:00,MAR1GSOPEN;AUDJPY;C1;08-06 12:54;1;08-06 12:54
2026-08-06T13:27:00.000+01:00,"MAR1GSOPEN;AUDJPY;A1;08-06 12:42;2;08-06 12:42,08-06 12:54"
2026-08-06T13:27:00.000+01:00,"MAR1GSOPEN;AUDJPY;A2;08-06 12:42;2;08-06 12:42,08-06 12:54"
2026-08-06T13:27:00.000+01:00,MAR1GSOPEN;AUDJPY;B1;08-06 12:54;1;08-06 12:54
2026-08-06T13:27:00.000+01:00,MAR1GSOPEN;AUDJPY;B2;08-06 12:54;1;08-06 12:54
2026-08-06T13:27:00.000+01:00,MAR1GSOPEN;AUDJPY;C1;08-06 12:54;1;08-06 12:54
2026-08-06T13:30:00.000+01:00,"MAR1GSOPEN;AUDJPY;A1;08-06 12:42;2;08-06 12:42,08-06 12:54"
2026-08-06T13:30:00.000+01:00,"MAR1GSOPEN;AUDJPY;A2;08-06 12:42;2;08-06 12:42,08-06 12:54"
2026-08-06T13:30:00.000+01:00,MAR1GSOPEN;AUDJPY;B1;08-06 12:54;1;08-06 12:54
2026-08-06T13:30:00.000+01:00,MAR1GSOPEN;AUDJPY;B2;08-06 12:54;1;08-06 12:54
2026-08-06T13:30:00.000+01:00,MAR1GSOPEN;AUDJPY;C1;08-06 12:54;1;08-06 12:54
2026-08-06T13:33:00.000+01:00,"MAR1GSOPEN;AUDJPY;A1;08-06 12:42;2;08-06 12:42,08-06 12:54"
2026-08-06T13:33:00.000+01:00,"MAR1GSOPEN;AUDJPY;A2;08-06 12:42;2;08-06 12:42,08-06 12:54"
2026-08-06T13:33:00.000+01:00,MAR1GSOPEN;AUDJPY;B1;08-06 12:54;1;08-06 12:54
2026-08-06T13:33:00.000+01:00,MAR1GSOPEN;AUDJPY;B2;08-06 12:54;1;08-06 12:54
2026-08-06T13:33:00.000+01:00,MAR1GSOPEN;AUDJPY;C1;08-06 12:54;1;08-06 12:54
2026-08-06T13:36:00.000+01:00,"MAR1GSOPEN;AUDJPY;A1;08-06 12:42;2;08-06 12:42,08-06 12:54"
2026-08-06T13:36:00.000+01:00,"MAR1GSOPEN;AUDJPY;A2;08-06 12:42;2;08-06 12:42,08-06 12:54"
2026-08-06T13:36:00.000+01:00,MAR1GSOPEN;AUDJPY;B1;08-06 12:54;1;08-06 12:54
2026-08-06T13:36:00.000+01:00,MAR1GSOPEN;AUDJPY;B2;08-06 12:54;1;08-06 12:54
2026-08-06T13:36:00.000+01:00,MAR1GSOPEN;AUDJPY;C1;08-06 12:54;1;08-06 12:54
2026-08-06T13:39:00.000+01:00,"MAR1GSOPEN;AUDJPY;A1;08-06 12:42;2;08-06 12:42,08-06 12:54"
2026-08-06T13:39:00.000+01:00,"MAR1GSOPEN;AUDJPY;A2;08-06 12:42;2;08-06 12:42,08-06 12:54"
2026-08-06T13:39:00.000+01:00,MAR1GSOPEN;AUDJPY;B1;08-06 12:54;1;08-06 12:54
2026-08-06T13:39:00.000+01:00,MAR1GSOPEN;AUDJPY;B2;08-06 12:54;1;08-06 12:54
2026-08-06T13:39:00.000+01:00,MAR1GSOPEN;AUDJPY;C1;08-06 12:54;1;08-06 12:54
2026-08-06T13:42:00.000+01:00,"MAR1GSOPEN;AUDJPY;A1;08-06 12:42;2;08-06 12:42,08-06 12:54"
2026-08-06T13:42:00.000+01:00,"MAR1GSOPEN;AUDJPY;A2;08-06 12:42;2;08-06 12:42,08-06 12:54"
2026-08-06T13:42:00.000+01:00,MAR1GSOPEN;AUDJPY;B1;08-06 12:54;1;08-06 12:54
2026-08-06T13:42:00.000+01:00,MAR1GSOPEN;AUDJPY;B2;08-06 12:54;1;08-06 12:54
2026-08-06T13:42:00.000+01:00,MAR1GSOPEN;AUDJPY;C1;08-06 12:54;1;08-06 12:54
2026-08-06T13:45:00.000+01:00,"MAR1GSOPEN;AUDJPY;A1;08-06 12:42;2;08-06 12:42,08-06 12:54"
2026-08-06T13:45:00.000+01:00,"MAR1GSOPEN;AUDJPY;A2;08-06 12:42;2;08-06 12:42,08-06 12:54"
2026-08-06T13:45:00.000+01:00,MAR1GSOPEN;AUDJPY;B1;08-06 12:54;1;08-06 12:54
2026-08-06T13:45:00.000+01:00,MAR1GSOPEN;AUDJPY;B2;08-06 12:54;1;08-06 12:54
2026-08-06T13:45:00.000+01:00,MAR1GSOPEN;AUDJPY;C1;08-06 12:54;1;08-06 12:54
2026-08-06T13:48:00.000+01:00,"MAR1GSOPEN;AUDJPY;A1;08-06 12:42;2;08-06 12:42,08-06 12:54"
2026-08-06T13:48:00.000+01:00,"MAR1GSOPEN;AUDJPY;A2;08-06 12:42;2;08-06 12:42,08-06 12:54"
2026-08-06T13:48:00.000+01:00,MAR1GSOPEN;AUDJPY;B1;08-06 12:54;1;08-06 12:54
2026-08-06T13:48:00.000+01:00,MAR1GSOPEN;AUDJPY;B2;08-06 12:54;1;08-06 12:54
2026-08-06T13:48:00.000+01:00,MAR1GSOPEN;AUDJPY;C1;08-06 12:54;1;08-06 12:54
2026-08-06T13:51:00.000+01:00,"MAR1GSOPEN;AUDJPY;A1;08-06 12:42;2;08-06 12:42,08-06 12:54"
2026-08-06T13:51:00.000+01:00,"MAR1GSOPEN;AUDJPY;A2;08-06 12:42;2;08-06 12:42,08-06 12:54"
2026-08-06T13:51:00.000+01:00,MAR1GSOPEN;AUDJPY;B1;08-06 12:54;1;08-06 12:54
2026-08-06T13:51:00.000+01:00,MAR1GSOPEN;AUDJPY;B2;08-06 12:54;1;08-06 12:54
2026-08-06T13:51:00.000+01:00,MAR1GSOPEN;AUDJPY;C1;08-06 12:54;1;08-06 12:54
2026-08-06T13:54:00.000+01:00,"MAR1GSOPEN;AUDJPY;A1;08-06 12:42;2;08-06 12:42,08-06 12:54"
2026-08-06T13:54:00.000+01:00,"MAR1GSOPEN;AUDJPY;A2;08-06 12:42;2;08-06 12:42,08-06 12:54"
2026-08-06T13:54:00.000+01:00,MAR1GSOPEN;AUDJPY;B1;08-06 12:54;1;08-06 12:54
2026-08-06T13:54:00.000+01:00,MAR1GSOPEN;AUDJPY;B2;08-06 12:54;1;08-06 12:54
2026-08-06T13:54:00.000+01:00,MAR1GSOPEN;AUDJPY;C1;08-06 12:54;1;08-06 12:54
2026-08-06T13:57:00.000+01:00,"MAR1GSOPEN;AUDJPY;A1;08-06 12:42;2;08-06 12:42,08-06 12:54"
2026-08-06T13:57:00.000+01:00,"MAR1GSOPEN;AUDJPY;A2;08-06 12:42;2;08-06 12:42,08-06 12:54"
2026-08-06T13:57:00.000+01:00,MAR1GSOPEN;AUDJPY;B1;08-06 12:54;1;08-06 12:54
2026-08-06T13:57:00.000+01:00,MAR1GSOPEN;AUDJPY;B2;08-06 12:54;1;08-06 12:54
2026-08-06T13:57:00.000+01:00,MAR1GSOPEN;AUDJPY;C1;08-06 12:54;1;08-06 12:54
2026-08-06T14:00:00.000+01:00,"MAR1GSOPEN;AUDJPY;A1;08-06 12:42;2;08-06 12:42,08-06 12:54"
2026-08-06T14:00:00.000+01:00,"MAR1GSOPEN;AUDJPY;A2;08-06 12:42;2;08-06 12:42,08-06 12:54"
2026-08-06T14:00:00.000+01:00,MAR1GSOPEN;AUDJPY;B1;08-06 12:54;1;08-06 12:54
2026-08-06T14:00:00.000+01:00,MAR1GSOPEN;AUDJPY;B2;08-06 12:54;1;08-06 12:54
2026-08-06T14:00:00.000+01:00,MAR1GSOPEN;AUDJPY;C1;08-06 12:54;1;08-06 12:54
2026-08-06T14:03:00.000+01:00,"MAR1GSOPEN;AUDJPY;A1;08-06 12:42;2;08-06 12:42,08-06 12:54"
2026-08-06T14:03:00.000+01:00,"MAR1GSOPEN;AUDJPY;A2;08-06 12:42;2;08-06 12:42,08-06 12:54"
2026-08-06T14:03:00.000+01:00,MAR1GSOPEN;AUDJPY;B1;08-06 12:54;1;08-06 12:54
2026-08-06T14:03:00.000+01:00,MAR1GSOPEN;AUDJPY;B2;08-06 12:54;1;08-06 12:54
2026-08-06T14:03:00.000+01:00,MAR1GSOPEN;AUDJPY;C1;08-06 12:54;1;08-06 12:54
2026-08-06T14:06:00.000+01:00,"MAR1GSOPEN;AUDJPY;A1;08-06 12:42;2;08-06 12:42,08-06 12:54"
2026-08-06T14:06:00.000+01:00,"MAR1GSOPEN;AUDJPY;A2;08-06 12:42;2;08-06 12:42,08-06 12:54"
2026-08-06T14:06:00.000+01:00,MAR1GSOPEN;AUDJPY;B1;08-06 12:54;1;08-06 12:54
2026-08-06T14:06:00.000+01:00,MAR1GSOPEN;AUDJPY;B2;08-06 12:54;1;08-06 12:54
2026-08-06T14:06:00.000+01:00,MAR1GSOPEN;AUDJPY;C1;08-06 12:54;1;08-06 12:54
2026-08-06T14:09:00.000+01:00,"MAR1GSOPEN;AUDJPY;A1;08-06 12:42;2;08-06 12:42,08-06 12:54"
2026-08-06T14:09:00.000+01:00,"MAR1GSCLOSE;AUDJPY;A2;08-06 12:42;08-06 14:12;3;short;08-06 12:42,08-06 12:54,08-06 14:09"
2026-08-06T14:09:00.000+01:00,"MAR1GSCLOSE;AUDJPY;B1;08-06 12:54;08-06 14:12;2;short;08-06 12:54,08-06 14:09"
2026-08-06T14:09:00.000+01:00,MAR1GSOPEN;AUDJPY;B2;08-06 12:54;1;08-06 12:54
2026-08-06T14:09:00.000+01:00,"MAR1GSCLOSE;AUDJPY;C1;08-06 12:54;08-06 14:12;2;short;08-06 12:54,08-06 14:09"
2026-08-06T14:12:00.000+01:00,"MAR1GSOPEN;AUDJPY;A1;08-06 12:42;2;08-06 12:42,08-06 12:54"
2026-08-06T14:12:00.000+01:00,MAR1GSOPEN;AUDJPY;B2;08-06 12:54;1;08-06 12:54
2026-08-06T14:15:00.000+01:00,"MAR1GSCLOSE;AUDJPY;A1;08-06 12:42;08-06 14:18;3;short;08-06 12:42,08-06 12:54,08-06 14:15"
2026-08-06T14:15:00.000+01:00,"MAR1GSCLOSE;AUDJPY;B2;08-06 12:54;08-06 14:18;2;short;08-06 12:54,08-06 14:15"
2026-08-07T13:39:00.000+01:00,MAR1GSOPEN;AUDJPY;A1;08-07 13:39;0;
2026-08-07T13:39:00.000+01:00,MAR1GSOPEN;AUDJPY;A2;08-07 13:39;0;
2026-08-07T13:42:00.000+01:00,MAR1GSOPEN;AUDJPY;A1;08-07 13:42;1;08-07 13:42
2026-08-07T13:42:00.000+01:00,MAR1GSOPEN;AUDJPY;A2;08-07 13:42;1;08-07 13:42
2026-08-07T13:42:00.000+01:00,MAR1GSOPEN;AUDJPY;B1;08-07 13:42;0;
2026-08-07T13:42:00.000+01:00,MAR1GSOPEN;AUDJPY;B2;08-07 13:42;0;
2026-08-07T13:45:00.000+01:00,MAR1GSOPEN;AUDJPY;A1;08-07 13:42;1;08-07 13:42
2026-08-07T13:45:00.000+01:00,MAR1GSOPEN;AUDJPY;A2;08-07 13:42;1;08-07 13:42
2026-08-07T13:45:00.000+01:00,MAR1GSOPEN;AUDJPY;B1;08-07 13:42;0;
2026-08-07T13:45:00.000+01:00,MAR1GSOPEN;AUDJPY;B2;08-07 13:42;0;
2026-08-07T13:48:00.000+01:00,MAR1GSOPEN;AUDJPY;A1;08-07 13:42;1;08-07 13:42
2026-08-07T13:48:00.000+01:00,"MAR1GSOPEN;AUDJPY;A2;08-07 13:42;2;08-07 13:42,08-07 13:48"
2026-08-07T13:48:00.000+01:00,MAR1GSOPEN;AUDJPY;B1;08-07 13:48;1;08-07 13:48
2026-08-07T13:48:00.000+01:00,MAR1GSOPEN;AUDJPY;B2;08-07 13:42;0;
2026-08-07T13:48:00.000+01:00,MAR1GSOPEN;AUDJPY;C1;08-07 13:48;0;
2026-08-07T13:51:00.000+01:00,"MAR1GSCLOSE;AUDJPY;A1;08-07 13:42;08-07 13:54;2;short;08-07 13:42,08-07 13:51"
2026-08-07T13:51:00.000+01:00,"MAR1GSCLOSE;AUDJPY;A2;08-07 13:42;08-07 13:54;3;short;08-07 13:42,08-07 13:48,08-07 13:51"
2026-08-07T13:51:00.000+01:00,"MAR1GSCLOSE;AUDJPY;B1;08-07 13:48;08-07 13:54;2;short;08-07 13:48,08-07 13:51"
2026-08-07T13:51:00.000+01:00,MAR1GSCLOSE;AUDJPY;B2;08-07 13:51;08-07 13:54;1;short;08-07 13:51
2026-08-07T13:51:00.000+01:00,MAR1GSCLOSE;AUDJPY;C1;08-07 13:51;08-07 13:54;1;short;08-07 13:51
2026-08-10T08:00:00.000+01:00,MAR1GSOPEN;AUDJPY;A2;08-10 08:00;0;
2026-08-10T08:03:00.000+01:00,MAR1GSOPEN;AUDJPY;A2;08-10 08:00;0;
2026-08-10T08:06:00.000+01:00,MAR1GSOPEN;AUDJPY;A2;08-10 08:00;0;
2026-08-10T08:09:00.000+01:00,MAR1GSOPEN;AUDJPY;A2;08-10 08:00;0;
2026-08-10T08:12:00.000+01:00,MAR1GSOPEN;AUDJPY;A2;08-10 08:00;0;
2026-08-10T08:15:00.000+01:00,MAR1GSOPEN;AUDJPY;A2;08-10 08:00;0;
2026-08-10T08:18:00.000+01:00,MAR1GSOPEN;AUDJPY;A2;08-10 08:00;0;
2026-08-10T08:21:00.000+01:00,MAR1GSOPEN;AUDJPY;A2;08-10 08:00;0;
2026-08-10T08:24:00.000+01:00,MAR1GSOPEN;AUDJPY;A2;08-10 08:00;0;
2026-08-10T08:27:00.000+01:00,MAR1GSCLOSE;AUDJPY;A2;08-10 08:27;08-10 08:30;1;long;08-10 08:27
2026-08-11T11:57:00.000+01:00,MAR1GSOPEN;AUDJPY;A1;08-11 11:57;0;
2026-08-11T11:57:00.000+01:00,MAR1GSOPEN;AUDJPY;A2;08-11 11:57;0;
2026-08-11T12:00:00.000+01:00,MAR1GSOPEN;AUDJPY;A1;08-11 11:57;0;
2026-08-11T12:00:00.000+01:00,MAR1GSOPEN;AUDJPY;A2;08-11 11:57;0;
2026-08-11T12:03:00.000+01:00,MAR1GSOPEN;AUDJPY;A1;08-11 11:57;0;
2026-08-11T12:03:00.000+01:00,MAR1GSOPEN;AUDJPY;A2;08-11 11:57;0;
2026-08-11T12:06:00.000+01:00,MAR1GSOPEN;AUDJPY;A1;08-11 11:57;0;
2026-08-11T12:06:00.000+01:00,MAR1GSOPEN;AUDJPY;A2;08-11 11:57;0;
2026-08-11T12:09:00.000+01:00,MAR1GSOPEN;AUDJPY;A1;08-11 11:57;0;
2026-08-11T12:09:00.000+01:00,MAR1GSOPEN;AUDJPY;A2;08-11 11:57;0;
2026-08-11T12:12:00.000+01:00,MAR1GSOPEN;AUDJPY;A1;08-11 11:57;0;
2026-08-11T12:12:00.000+01:00,MAR1GSOPEN;AUDJPY;A2;08-11 11:57;0;
2026-08-11T12:15:00.000+01:00,MAR1GSOPEN;AUDJPY;A1;08-11 11:57;0;
2026-08-11T12:15:00.000+01:00,MAR1GSOPEN;AUDJPY;A2;08-11 11:57;0;
2026-08-11T12:18:00.000+01:00,MAR1GSCLOSE;AUDJPY;A1;08-11 12:18;08-11 12:21;1;short;08-11 12:18
2026-08-11T12:18:00.000+01:00,MAR1GSCLOSE;AUDJPY;A2;08-11 12:18;08-11 12:21;1;short;08-11 12:18
2026-07-27T16:45:00.000+01:00,MAR1GSOPEN;AUDCHF;A1;07-27 16:45;0;
2026-07-27T16:48:00.000+01:00,MAR1GSOPEN;AUDCHF;A1;07-27 16:48;1;07-27 16:48
2026-07-27T16:48:00.000+01:00,MAR1GSOPEN;AUDCHF;B2;07-27 16:48;0;
2026-07-27T16:51:00.000+01:00,MAR1GSOPEN;AUDCHF;A1;07-27 16:48;1;07-27 16:48
2026-07-27T16:51:00.000+01:00,MAR1GSOPEN;AUDCHF;B2;07-27 16:48;0;
2026-07-27T16:54:00.000+01:00,MAR1GSOPEN;AUDCHF;A1;07-27 16:48;1;07-27 16:48
2026-07-27T16:54:00.000+01:00,MAR1GSOPEN;AUDCHF;B2;07-27 16:48;0;
2026-07-27T16:57:00.000+01:00,MAR1GSOPEN;AUDCHF;A1;07-27 16:48;1;07-27 16:48
2026-07-27T16:57:00.000+01:00,MAR1GSOPEN;AUDCHF;B2;07-27 16:48;0;
2026-07-27T17:00:00.000+01:00,MAR1GSOPEN;AUDCHF;A1;07-27 16:48;1;07-27 16:48
2026-07-27T17:00:00.000+01:00,MAR1GSOPEN;AUDCHF;B2;07-27 16:48;0;
2026-07-27T17:03:00.000+01:00,MAR1GSOPEN;AUDCHF;A1;07-27 16:48;1;07-27 16:48
2026-07-27T17:03:00.000+01:00,MAR1GSOPEN;AUDCHF;B2;07-27 16:48;0;
2026-07-27T17:06:00.000+01:00,MAR1GSOPEN;AUDCHF;A1;07-27 16:48;1;07-27 16:48
2026-07-27T17:06:00.000+01:00,MAR1GSOPEN;AUDCHF;B2;07-27 16:48;0;
2026-07-27T17:09:00.000+01:00,MAR1GSOPEN;AUDCHF;A1;07-27 16:48;1;07-27 16:48
2026-07-27T17:09:00.000+01:00,MAR1GSOPEN;AUDCHF;B2;07-27 16:48;0;
2026-07-27T17:12:00.000+01:00,"MAR1GSOPEN;AUDCHF;A1;07-27 16:48;2;07-27 16:48,07-27 17:12"
2026-07-27T17:12:00.000+01:00,MAR1GSOPEN;AUDCHF;B2;07-27 17:12;1;07-27 17:12
2026-07-27T17:15:00.000+01:00,"MAR1GSOPEN;AUDCHF;A1;07-27 16:48;2;07-27 16:48,07-27 17:12"
2026-07-27T17:15:00.000+01:00,MAR1GSOPEN;AUDCHF;B2;07-27 17:12;1;07-27 17:12
2026-07-27T17:18:00.000+01:00,"MAR1GSOPEN;AUDCHF;A1;07-27 16:48;2;07-27 16:48,07-27 17:12"
2026-07-27T17:18:00.000+01:00,MAR1GSOPEN;AUDCHF;B2;07-27 17:12;1;07-27 17:12
2026-07-27T17:21:00.000+01:00,"MAR1GSOPEN;AUDCHF;A1;07-27 16:48;2;07-27 16:48,07-27 17:12"
2026-07-27T17:21:00.000+01:00,MAR1GSOPEN;AUDCHF;B2;07-27 17:12;1;07-27 17:12
2026-07-27T17:24:00.000+01:00,"MAR1GSOPEN;AUDCHF;A1;07-27 16:48;2;07-27 16:48,07-27 17:12"
2026-07-27T17:24:00.000+01:00,MAR1GSOPEN;AUDCHF;B2;07-27 17:12;1;07-27 17:12
2026-07-27T17:27:00.000+01:00,"MAR1GSOPEN;AUDCHF;A1;07-27 16:48;2;07-27 16:48,07-27 17:12"
2026-07-27T17:27:00.000+01:00,MAR1GSOPEN;AUDCHF;B2;07-27 17:12;1;07-27 17:12
2026-07-27T17:30:00.000+01:00,"MAR1GSOPEN;AUDCHF;A1;07-27 16:48;2;07-27 16:48,07-27 17:12"
2026-07-27T17:30:00.000+01:00,MAR1GSOPEN;AUDCHF;B2;07-27 17:12;1;07-27 17:12
2026-07-27T17:33:00.000+01:00,"MAR1GSOPEN;AUDCHF;A1;07-27 16:48;3;07-27 16:48,07-27 17:12,07-27 17:33"
2026-07-27T17:33:00.000+01:00,"MAR1GSOPEN;AUDCHF;B2;07-27 17:12;2;07-27 17:12,07-27 17:33"
2026-07-27T17:33:00.000+01:00,MAR1GSOPEN;AUDCHF;D1;07-27 17:33;0;
2026-07-27T17:36:00.000+01:00,"MAR1GSOPEN;AUDCHF;A1;07-27 16:48;4;07-27 16:48,07-27 17:12,07-27 17:33,07-27 17:36"
2026-07-27T17:36:00.000+01:00,MAR1GSOPEN;AUDCHF;A2;07-27 17:36;0;
2026-07-27T17:36:00.000+01:00,"MAR1GSOPEN;AUDCHF;B2;07-27 17:12;3;07-27 17:12,07-27 17:33,07-27 17:36"
2026-07-27T17:36:00.000+01:00,MAR1GSOPEN;AUDCHF;D1;07-27 17:36;1;07-27 17:36
2026-07-27T17:39:00.000+01:00,"MAR1GSOPEN;AUDCHF;A1;07-27 16:48;4;07-27 16:48,07-27 17:12,07-27 17:33,07-27 17:36"
2026-07-27T17:39:00.000+01:00,MAR1GSOPEN;AUDCHF;A2;07-27 17:36;0;
2026-07-27T17:39:00.000+01:00,"MAR1GSOPEN;AUDCHF;B2;07-27 17:12;3;07-27 17:12,07-27 17:33,07-27 17:36"
2026-07-27T17:39:00.000+01:00,MAR1GSOPEN;AUDCHF;D1;07-27 17:36;1;07-27 17:36
2026-07-27T17:42:00.000+01:00,"MAR1GSOPEN;AUDCHF;A1;07-27 16:48;4;07-27 16:48,07-27 17:12,07-27 17:33,07-27 17:36"
2026-07-27T17:42:00.000+01:00,MAR1GSOPEN;AUDCHF;A2;07-27 17:36;0;
2026-07-27T17:42:00.000+01:00,"MAR1GSOPEN;AUDCHF;B2;07-27 17:12;3;07-27 17:12,07-27 17:33,07-27 17:36"
2026-07-27T17:42:00.000+01:00,MAR1GSOPEN;AUDCHF;D1;07-27 17:36;1;07-27 17:36
2026-07-27T17:45:00.000+01:00,"MAR1GSOPEN;AUDCHF;A1;07-27 16:48;4;07-27 16:48,07-27 17:12,07-27 17:33,07-27 17:36"
2026-07-27T17:45:00.000+01:00,MAR1GSOPEN;AUDCHF;A2;07-27 17:36;0;
2026-07-27T17:45:00.000+01:00,"MAR1GSOPEN;AUDCHF;B2;07-27 17:12;3;07-27 17:12,07-27 17:33,07-27 17:36"
2026-07-27T17:45:00.000+01:00,MAR1GSOPEN;AUDCHF;D1;07-27 17:36;1;07-27 17:36
2026-07-27T17:48:00.000+01:00,"MAR1GSOPEN;AUDCHF;A1;07-27 16:48;4;07-27 16:48,07-27 17:12,07-27 17:33,07-27 17:36"
2026-07-27T17:48:00.000+01:00,MAR1GSOPEN;AUDCHF;A2;07-27 17:36;0;
2026-07-27T17:48:00.000+01:00,"MAR1GSOPEN;AUDCHF;B2;07-27 17:12;3;07-27 17:12,07-27 17:33,07-27 17:36"
2026-07-27T17:48:00.000+01:00,MAR1GSOPEN;AUDCHF;D1;07-27 17:36;1;07-27 17:36
2026-07-27T17:51:00.000+01:00,"MAR1GSOPEN;AUDCHF;A1;07-27 16:48;4;07-27 16:48,07-27 17:12,07-27 17:33,07-27 17:36"
2026-07-27T17:51:00.000+01:00,MAR1GSOPEN;AUDCHF;A2;07-27 17:36;0;
2026-07-27T17:51:00.000+01:00,"MAR1GSOPEN;AUDCHF;B2;07-27 17:12;3;07-27 17:12,07-27 17:33,07-27 17:36"
2026-07-27T17:51:00.000+01:00,MAR1GSOPEN;AUDCHF;D1;07-27 17:36;1;07-27 17:36
2026-07-27T17:54:00.000+01:00,"MAR1GSOPEN;AUDCHF;A1;07-27 16:48;4;07-27 16:48,07-27 17:12,07-27 17:33,07-27 17:36"
2026-07-27T17:54:00.000+01:00,MAR1GSOPEN;AUDCHF;A2;07-27 17:36;0;
2026-07-27T17:54:00.000+01:00,"MAR1GSOPEN;AUDCHF;B2;07-27 17:12;3;07-27 17:12,07-27 17:33,07-27 17:36"
2026-07-27T17:54:00.000+01:00,MAR1GSOPEN;AUDCHF;D1;07-27 17:36;1;07-27 17:36
2026-07-27T17:57:00.000+01:00,"MAR1GSOPEN;AUDCHF;A1;07-27 16:48;4;07-27 16:48,07-27 17:12,07-27 17:33,07-27 17:36"
2026-07-27T17:57:00.000+01:00,MAR1GSOPEN;AUDCHF;A2;07-27 17:36;0;
2026-07-27T17:57:00.000+01:00,"MAR1GSOPEN;AUDCHF;B2;07-27 17:12;3;07-27 17:12,07-27 17:33,07-27 17:36"
2026-07-27T17:57:00.000+01:00,MAR1GSOPEN;AUDCHF;D1;07-27 17:36;1;07-27 17:36
2026-07-27T18:00:00.000+01:00,"MAR1GSOPEN;AUDCHF;A1;07-27 16:48;4;07-27 16:48,07-27 17:12,07-27 17:33,07-27 17:36"
2026-07-27T18:00:00.000+01:00,MAR1GSOPEN;AUDCHF;A2;07-27 17:36;0;
2026-07-27T18:00:00.000+01:00,"MAR1GSOPEN;AUDCHF;B2;07-27 17:12;3;07-27 17:12,07-27 17:33,07-27 17:36"
2026-07-27T18:00:00.000+01:00,MAR1GSOPEN;AUDCHF;D1;07-27 17:36;1;07-27 17:36
2026-07-27T18:03:00.000+01:00,"MAR1GSOPEN;AUDCHF;A1;07-27 16:48;4;07-27 16:48,07-27 17:12,07-27 17:33,07-27 17:36"
2026-07-27T18:03:00.000+01:00,MAR1GSOPEN;AUDCHF;A2;07-27 17:36;0;
2026-07-27T18:03:00.000+01:00,"MAR1GSOPEN;AUDCHF;B2;07-27 17:12;3;07-27 17:12,07-27 17:33,07-27 17:36"
2026-07-27T18:03:00.000+01:00,MAR1GSOPEN;AUDCHF;D1;07-27 17:36;1;07-27 17:36
2026-07-27T18:06:00.000+01:00,"MAR1GSOPEN;AUDCHF;A1;07-27 16:48;4;07-27 16:48,07-27 17:12,07-27 17:33,07-27 17:36"
2026-07-27T18:06:00.000+01:00,MAR1GSOPEN;AUDCHF;A2;07-27 17:36;0;
2026-07-27T18:06:00.000+01:00,"MAR1GSOPEN;AUDCHF;B2;07-27 17:12;3;07-27 17:12,07-27 17:33,07-27 17:36"
2026-07-27T18:06:00.000+01:00,MAR1GSOPEN;AUDCHF;D1;07-27 17:36;1;07-27 17:36
2026-07-27T18:09:00.000+01:00,"MAR1GSOPEN;AUDCHF;A1;07-27 16:48;4;07-27 16:48,07-27 17:12,07-27 17:33,07-27 17:36"
2026-07-27T18:09:00.000+01:00,MAR1GSOPEN;AUDCHF;A2;07-27 17:36;0;
2026-07-27T18:09:00.000+01:00,"MAR1GSOPEN;AUDCHF;B2;07-27 17:12;3;07-27 17:12,07-27 17:33,07-27 17:36"
2026-07-27T18:09:00.000+01:00,MAR1GSOPEN;AUDCHF;D1;07-27 17:36;1;07-27 17:36
2026-07-27T18:12:00.000+01:00,"MAR1GSOPEN;AUDCHF;A1;07-27 16:48;4;07-27 16:48,07-27 17:12,07-27 17:33,07-27 17:36"
2026-07-27T18:12:00.000+01:00,MAR1GSOPEN;AUDCHF;A2;07-27 17:36;0;
2026-07-27T18:12:00.000+01:00,"MAR1GSOPEN;AUDCHF;B2;07-27 17:12;3;07-27 17:12,07-27 17:33,07-27 17:36"
2026-07-27T18:12:00.000+01:00,MAR1GSOPEN;AUDCHF;D1;07-27 17:36;1;07-27 17:36
2026-07-27T18:15:00.000+01:00,"MAR1GSOPEN;AUDCHF;A1;07-27 16:48;4;07-27 16:48,07-27 17:12,07-27 17:33,07-27 17:36"
2026-07-27T18:15:00.000+01:00,MAR1GSOPEN;AUDCHF;A2;07-27 17:36;0;
2026-07-27T18:15:00.000+01:00,"MAR1GSOPEN;AUDCHF;B2;07-27 17:12;3;07-27 17:12,07-27 17:33,07-27 17:36"
2026-07-27T18:15:00.000+01:00,MAR1GSOPEN;AUDCHF;D1;07-27 17:36;1;07-27 17:36
2026-07-27T18:18:00.000+01:00,"MAR1GSOPEN;AUDCHF;A1;07-27 16:48;4;07-27 16:48,07-27 17:12,07-27 17:33,07-27 17:36"
2026-07-27T18:18:00.000+01:00,MAR1GSOPEN;AUDCHF;A2;07-27 17:36;0;
2026-07-27T18:18:00.000+01:00,"MAR1GSOPEN;AUDCHF;B2;07-27 17:12;3;07-27 17:12,07-27 17:33,07-27 17:36"
2026-07-27T18:18:00.000+01:00,MAR1GSOPEN;AUDCHF;D1;07-27 17:36;1;07-27 17:36
2026-07-27T18:21:00.000+01:00,"MAR1GSOPEN;AUDCHF;A1;07-27 16:48;4;07-27 16:48,07-27 17:12,07-27 17:33,07-27 17:36"
2026-07-27T18:21:00.000+01:00,MAR1GSOPEN;AUDCHF;A2;07-27 17:36;0;
2026-07-27T18:21:00.000+01:00,"MAR1GSOPEN;AUDCHF;B2;07-27 17:12;3;07-27 17:12,07-27 17:33,07-27 17:36"
2026-07-27T18:21:00.000+01:00,MAR1GSOPEN;AUDCHF;D1;07-27 17:36;1;07-27 17:36
2026-07-27T18:24:00.000+01:00,"MAR1GSOPEN;AUDCHF;A1;07-27 16:48;4;07-27 16:48,07-27 17:12,07-27 17:33,07-27 17:36"
2026-07-27T18:24:00.000+01:00,MAR1GSOPEN;AUDCHF;A2;07-27 17:36;0;
2026-07-27T18:24:00.000+01:00,"MAR1GSOPEN;AUDCHF;B2;07-27 17:12;3;07-27 17:12,07-27 17:33,07-27 17:36"
2026-07-27T18:24:00.000+01:00,MAR1GSOPEN;AUDCHF;D1;07-27 17:36;1;07-27 17:36
2026-07-27T18:27:00.000+01:00,"MAR1GSOPEN;AUDCHF;A1;07-27 16:48;4;07-27 16:48,07-27 17:12,07-27 17:33,07-27 17:36"
2026-07-27T18:27:00.000+01:00,MAR1GSOPEN;AUDCHF;A2;07-27 17:36;0;
2026-07-27T18:27:00.000+01:00,"MAR1GSOPEN;AUDCHF;B2;07-27 17:12;3;07-27 17:12,07-27 17:33,07-27 17:36"
2026-07-27T18:27:00.000+01:00,MAR1GSOPEN;AUDCHF;D1;07-27 17:36;1;07-27 17:36
2026-07-27T18:30:00.000+01:00,"MAR1GSOPEN;AUDCHF;A1;07-27 16:48;4;07-27 16:48,07-27 17:12,07-27 17:33,07-27 17:36"
2026-07-27T18:30:00.000+01:00,MAR1GSOPEN;AUDCHF;A2;07-27 17:36;0;
2026-07-27T18:30:00.000+01:00,"MAR1GSOPEN;AUDCHF;B2;07-27 17:12;3;07-27 17:12,07-27 17:33,07-27 17:36"
2026-07-27T18:30:00.000+01:00,MAR1GSOPEN;AUDCHF;D1;07-27 17:36;1;07-27 17:36
2026-07-27T18:33:00.000+01:00,"MAR1GSOPEN;AUDCHF;A1;07-27 16:48;4;07-27 16:48,07-27 17:12,07-27 17:33,07-27 17:36"
2026-07-27T18:33:00.000+01:00,MAR1GSOPEN;AUDCHF;A2;07-27 17:36;0;
2026-07-27T18:33:00.000+01:00,"MAR1GSOPEN;AUDCHF;B2;07-27 17:12;3;07-27 17:12,07-27 17:33,07-27 17:36"
2026-07-27T18:33:00.000+01:00,MAR1GSOPEN;AUDCHF;D1;07-27 17:36;1;07-27 17:36
2026-07-27T18:36:00.000+01:00,"MAR1GSOPEN;AUDCHF;A1;07-27 16:48;5;07-27 16:48,07-27 17:12,07-27 17:33,07-27 17:36,07-27 18:36"
2026-07-27T18:36:00.000+01:00,MAR1GSOPEN;AUDCHF;A2;07-27 18:36;1;07-27 18:36
2026-07-27T18:36:00.000+01:00,MAR1GSOPEN;AUDCHF;B1;07-27 18:36;0;
2026-07-27T18:36:00.000+01:00,"MAR1GSOPEN;AUDCHF;B2;07-27 17:12;4;07-27 17:12,07-27 17:33,07-27 17:36,07-27 18:36"
2026-07-27T18:36:00.000+01:00,"MAR1GSOPEN;AUDCHF;D1;07-27 17:36;2;07-27 17:36,07-27 18:36"
2026-07-27T18:39:00.000+01:00,"MAR1GSCLOSE;AUDCHF;A1;07-27 16:48;07-27 18:42;6;long;07-27 16:48,07-27 17:12,07-27 17:33,07-27 17:36,07-27 18:36,07-27 18:39"
2026-07-27T18:39:00.000+01:00,"MAR1GSCLOSE;AUDCHF;A2;07-27 18:36;07-27 18:42;2;long;07-27 18:36,07-27 18:39"
2026-07-27T18:39:00.000+01:00,MAR1GSCLOSE;AUDCHF;B1;07-27 18:39;07-27 18:42;1;long;07-27 18:39
2026-07-27T18:39:00.000+01:00,"MAR1GSCLOSE;AUDCHF;B2;07-27 17:12;07-27 18:42;5;long;07-27 17:12,07-27 17:33,07-27 17:36,07-27 18:36,07-27 18:39"
2026-07-27T18:39:00.000+01:00,"MAR1GSCLOSE;AUDCHF;D1;07-27 17:36;07-27 18:42;3;long;07-27 17:36,07-27 18:36,07-27 18:39"
2026-07-28T14:09:00.000+01:00,MAR1GSOPEN;AUDCHF;A2;07-28 14:09;0;
2026-07-28T14:12:00.000+01:00,MAR1GSOPEN;AUDCHF;A1;07-28 14:12;0;
2026-07-28T14:12:00.000+01:00,MAR1GSOPEN;AUDCHF;A2;07-28 14:12;1;07-28 14:12
2026-07-28T14:12:00.000+01:00,MAR1GSOPEN;AUDCHF;B1;07-28 14:12;0;
2026-07-28T14:15:00.000+01:00,MAR1GSOPEN;AUDCHF;A1;07-28 14:15;1;07-28 14:15
2026-07-28T14:15:00.000+01:00,"MAR1GSOPEN;AUDCHF;A2;07-28 14:12;2;07-28 14:12,07-28 14:15"
2026-07-28T14:15:00.000+01:00,MAR1GSOPEN;AUDCHF;B1;07-28 14:15;1;07-28 14:15
2026-07-28T14:15:00.000+01:00,MAR1GSOPEN;AUDCHF;C1;07-28 14:15;0;
2026-07-28T14:15:00.000+01:00,MAR1GSOPEN;AUDCHF;C2;07-28 14:15;0;
2026-07-28T14:18:00.000+01:00,MAR1GSOPEN;AUDCHF;A1;07-28 14:15;1;07-28 14:15
2026-07-28T14:18:00.000+01:00,"MAR1GSOPEN;AUDCHF;A2;07-28 14:12;2;07-28 14:12,07-28 14:15"
2026-07-28T14:18:00.000+01:00,MAR1GSOPEN;AUDCHF;B1;07-28 14:15;1;07-28 14:15
2026-07-28T14:18:00.000+01:00,MAR1GSOPEN;AUDCHF;C1;07-28 14:15;0;
2026-07-28T14:18:00.000+01:00,MAR1GSOPEN;AUDCHF;C2;07-28 14:15;0;
2026-07-28T14:21:00.000+01:00,MAR1GSOPEN;AUDCHF;A1;07-28 14:15;1;07-28 14:15
2026-07-28T14:21:00.000+01:00,"MAR1GSOPEN;AUDCHF;A2;07-28 14:12;2;07-28 14:12,07-28 14:15"
2026-07-28T14:21:00.000+01:00,MAR1GSOPEN;AUDCHF;B1;07-28 14:15;1;07-28 14:15
2026-07-28T14:21:00.000+01:00,MAR1GSOPEN;AUDCHF;C1;07-28 14:15;0;
2026-07-28T14:21:00.000+01:00,MAR1GSOPEN;AUDCHF;C2;07-28 14:15;0;
2026-07-28T14:24:00.000+01:00,MAR1GSOPEN;AUDCHF;A1;07-28 14:15;1;07-28 14:15
2026-07-28T14:24:00.000+01:00,"MAR1GSOPEN;AUDCHF;A2;07-28 14:12;2;07-28 14:12,07-28 14:15"
2026-07-28T14:24:00.000+01:00,MAR1GSOPEN;AUDCHF;B1;07-28 14:15;1;07-28 14:15
2026-07-28T14:24:00.000+01:00,MAR1GSOPEN;AUDCHF;C1;07-28 14:15;0;
2026-07-28T14:24:00.000+01:00,MAR1GSOPEN;AUDCHF;C2;07-28 14:15;0;
2026-07-28T14:27:00.000+01:00,MAR1GSOPEN;AUDCHF;A1;07-28 14:15;1;07-28 14:15
2026-07-28T14:27:00.000+01:00,"MAR1GSOPEN;AUDCHF;A2;07-28 14:12;2;07-28 14:12,07-28 14:15"
2026-07-28T14:27:00.000+01:00,MAR1GSOPEN;AUDCHF;B1;07-28 14:15;1;07-28 14:15
2026-07-28T14:27:00.000+01:00,MAR1GSOPEN;AUDCHF;C1;07-28 14:15;0;
2026-07-28T14:27:00.000+01:00,MAR1GSOPEN;AUDCHF;C2;07-28 14:15;0;
2026-07-28T14:30:00.000+01:00,MAR1GSOPEN;AUDCHF;A1;07-28 14:15;1;07-28 14:15
2026-07-28T14:30:00.000+01:00,"MAR1GSOPEN;AUDCHF;A2;07-28 14:12;2;07-28 14:12,07-28 14:15"
2026-07-28T14:30:00.000+01:00,MAR1GSOPEN;AUDCHF;B1;07-28 14:15;1;07-28 14:15
2026-07-28T14:30:00.000+01:00,MAR1GSOPEN;AUDCHF;C1;07-28 14:15;0;
2026-07-28T14:30:00.000+01:00,MAR1GSOPEN;AUDCHF;C2;07-28 14:15;0;
2026-07-28T14:33:00.000+01:00,MAR1GSOPEN;AUDCHF;A1;07-28 14:15;1;07-28 14:15
2026-07-28T14:33:00.000+01:00,"MAR1GSOPEN;AUDCHF;A2;07-28 14:12;2;07-28 14:12,07-28 14:15"
2026-07-28T14:33:00.000+01:00,MAR1GSOPEN;AUDCHF;B1;07-28 14:15;1;07-28 14:15
2026-07-28T14:33:00.000+01:00,MAR1GSOPEN;AUDCHF;C1;07-28 14:15;0;
2026-07-28T14:33:00.000+01:00,MAR1GSOPEN;AUDCHF;C2;07-28 14:15;0;
2026-07-28T14:36:00.000+01:00,MAR1GSOPEN;AUDCHF;A1;07-28 14:15;1;07-28 14:15
2026-07-28T14:36:00.000+01:00,"MAR1GSOPEN;AUDCHF;A2;07-28 14:12;2;07-28 14:12,07-28 14:15"
2026-07-28T14:36:00.000+01:00,MAR1GSOPEN;AUDCHF;B1;07-28 14:15;1;07-28 14:15
2026-07-28T14:36:00.000+01:00,MAR1GSOPEN;AUDCHF;C1;07-28 14:15;0;
2026-07-28T14:36:00.000+01:00,MAR1GSOPEN;AUDCHF;C2;07-28 14:15;0;
2026-07-28T14:39:00.000+01:00,MAR1GSOPEN;AUDCHF;A1;07-28 14:15;1;07-28 14:15
2026-07-28T14:39:00.000+01:00,"MAR1GSOPEN;AUDCHF;A2;07-28 14:12;2;07-28 14:12,07-28 14:15"
2026-07-28T14:39:00.000+01:00,MAR1GSOPEN;AUDCHF;B1;07-28 14:15;1;07-28 14:15
2026-07-28T14:39:00.000+01:00,MAR1GSOPEN;AUDCHF;C1;07-28 14:15;0;
2026-07-28T14:39:00.000+01:00,MAR1GSOPEN;AUDCHF;C2;07-28 14:15;0;
2026-07-28T14:42:00.000+01:00,MAR1GSOPEN;AUDCHF;A1;07-28 14:15;1;07-28 14:15
2026-07-28T14:42:00.000+01:00,"MAR1GSOPEN;AUDCHF;A2;07-28 14:12;2;07-28 14:12,07-28 14:15"
2026-07-28T14:42:00.000+01:00,MAR1GSOPEN;AUDCHF;B1;07-28 14:15;1;07-28 14:15
2026-07-28T14:42:00.000+01:00,MAR1GSOPEN;AUDCHF;C1;07-28 14:15;0;
2026-07-28T14:42:00.000+01:00,MAR1GSOPEN;AUDCHF;C2;07-28 14:15;0;
2026-07-28T14:45:00.000+01:00,"MAR1GSCLOSE;AUDCHF;A1;07-28 14:15;07-28 14:48;2;short;07-28 14:15,07-28 14:45"
2026-07-28T14:45:00.000+01:00,"MAR1GSCLOSE;AUDCHF;A2;07-28 14:12;07-28 14:48;3;short;07-28 14:12,07-28 14:15,07-28 14:45"
2026-07-28T14:45:00.000+01:00,"MAR1GSCLOSE;AUDCHF;B1;07-28 14:15;07-28 14:48;2;short;07-28 14:15,07-28 14:45"
2026-07-28T14:45:00.000+01:00,MAR1GSCLOSE;AUDCHF;B2;07-28 14:45;07-28 14:48;1;short;07-28 14:45
2026-07-28T14:45:00.000+01:00,MAR1GSCLOSE;AUDCHF;C1;07-28 14:45;07-28 14:48;1;short;07-28 14:45
2026-07-28T14:45:00.000+01:00,MAR1GSCLOSE;AUDCHF;C2;07-28 14:45;07-28 14:48;1;short;07-28 14:45
2026-07-29T15:48:00.000+01:00,MAR1GSOPEN;AUDCHF;A2;07-29 15:48;0;
2026-07-29T15:51:00.000+01:00,MAR1GSOPEN;AUDCHF;A1;07-29 15:51;0;
2026-07-29T15:51:00.000+01:00,MAR1GSOPEN;AUDCHF;A2;07-29 15:51;1;07-29 15:51
2026-07-29T15:51:00.000+01:00,MAR1GSOPEN;AUDCHF;B1;07-29 15:51;0;
2026-07-29T15:54:00.000+01:00,MAR1GSOPEN;AUDCHF;A1;07-29 15:51;0;
2026-07-29T15:54:00.000+01:00,"MAR1GSCLOSE;AUDCHF;A2;07-29 15:51;07-29 15:57;2;short;07-29 15:51,07-29 15:54"
2026-07-29T15:54:00.000+01:00,MAR1GSCLOSE;AUDCHF;B1;07-29 15:54;07-29 15:57;1;short;07-29 15:54
2026-07-29T15:57:00.000+01:00,MAR1GSOPEN;AUDCHF;A1;07-29 15:51;0;
2026-07-29T16:00:00.000+01:00,MAR1GSOPEN;AUDCHF;A1;07-29 16:00;1;07-29 16:00
2026-07-29T16:00:00.000+01:00,MAR1GSOPEN;AUDCHF;B2;07-29 16:00;0;
2026-07-29T16:03:00.000+01:00,"MAR1GSOPEN;AUDCHF;A1;07-29 16:00;2;07-29 16:00,07-29 16:03"
2026-07-29T16:03:00.000+01:00,MAR1GSOPEN;AUDCHF;B2;07-29 16:03;1;07-29 16:03
2026-07-29T16:06:00.000+01:00,"MAR1GSOPEN;AUDCHF;A1;07-29 16:00;2;07-29 16:00,07-29 16:03"
2026-07-29T16:06:00.000+01:00,MAR1GSOPEN;AUDCHF;B2;07-29 16:03;1;07-29 16:03
2026-07-29T16:09:00.000+01:00,"MAR1GSOPEN;AUDCHF;A1;07-29 16:00;2;07-29 16:00,07-29 16:03"
2026-07-29T16:09:00.000+01:00,MAR1GSOPEN;AUDCHF;B2;07-29 16:03;1;07-29 16:03
2026-07-29T16:12:00.000+01:00,"MAR1GSOPEN;AUDCHF;A1;07-29 16:00;2;07-29 16:00,07-29 16:03"
2026-07-29T16:12:00.000+01:00,MAR1GSOPEN;AUDCHF;B2;07-29 16:03;1;07-29 16:03
2026-07-29T16:15:00.000+01:00,"MAR1GSOPEN;AUDCHF;A1;07-29 16:00;2;07-29 16:00,07-29 16:03"
2026-07-29T16:15:00.000+01:00,MAR1GSOPEN;AUDCHF;B2;07-29 16:03;1;07-29 16:03
2026-07-29T16:18:00.000+01:00,"MAR1GSOPEN;AUDCHF;A1;07-29 16:00;2;07-29 16:00,07-29 16:03"
2026-07-29T16:18:00.000+01:00,MAR1GSOPEN;AUDCHF;B2;07-29 16:03;1;07-29 16:03
2026-07-29T16:21:00.000+01:00,"MAR1GSOPEN;AUDCHF;A1;07-29 16:00;2;07-29 16:00,07-29 16:03"
2026-07-29T16:21:00.000+01:00,MAR1GSOPEN;AUDCHF;B2;07-29 16:03;1;07-29 16:03
2026-07-29T16:24:00.000+01:00,"MAR1GSOPEN;AUDCHF;A1;07-29 16:00;2;07-29 16:00,07-29 16:03"
2026-07-29T16:24:00.000+01:00,MAR1GSOPEN;AUDCHF;B2;07-29 16:03;1;07-29 16:03
2026-07-29T16:27:00.000+01:00,"MAR1GSOPEN;AUDCHF;A1;07-29 16:00;2;07-29 16:00,07-29 16:03"
2026-07-29T16:27:00.000+01:00,MAR1GSOPEN;AUDCHF;B2;07-29 16:03;1;07-29 16:03
2026-07-29T16:30:00.000+01:00,"MAR1GSOPEN;AUDCHF;A1;07-29 16:00;2;07-29 16:00,07-29 16:03"
2026-07-29T16:30:00.000+01:00,MAR1GSOPEN;AUDCHF;B2;07-29 16:03;1;07-29 16:03
2026-07-29T16:33:00.000+01:00,"MAR1GSOPEN;AUDCHF;A1;07-29 16:00;2;07-29 16:00,07-29 16:03"
2026-07-29T16:33:00.000+01:00,MAR1GSOPEN;AUDCHF;B2;07-29 16:03;1;07-29 16:03
2026-07-29T16:36:00.000+01:00,"MAR1GSOPEN;AUDCHF;A1;07-29 16:00;2;07-29 16:00,07-29 16:03"
2026-07-29T16:36:00.000+01:00,MAR1GSOPEN;AUDCHF;B2;07-29 16:03;1;07-29 16:03
2026-07-29T16:39:00.000+01:00,"MAR1GSOPEN;AUDCHF;A1;07-29 16:00;2;07-29 16:00,07-29 16:03"
2026-07-29T16:39:00.000+01:00,MAR1GSOPEN;AUDCHF;B2;07-29 16:03;1;07-29 16:03
2026-07-29T16:42:00.000+01:00,"MAR1GSOPEN;AUDCHF;A1;07-29 16:00;2;07-29 16:00,07-29 16:03"
2026-07-29T16:42:00.000+01:00,MAR1GSOPEN;AUDCHF;B2;07-29 16:03;1;07-29 16:03
2026-07-29T16:45:00.000+01:00,"MAR1GSOPEN;AUDCHF;A1;07-29 16:00;2;07-29 16:00,07-29 16:03"
2026-07-29T16:45:00.000+01:00,MAR1GSOPEN;AUDCHF;B2;07-29 16:03;1;07-29 16:03
2026-07-29T16:48:00.000+01:00,"MAR1GSOPEN;AUDCHF;A1;07-29 16:00;2;07-29 16:00,07-29 16:03"
2026-07-29T16:48:00.000+01:00,MAR1GSOPEN;AUDCHF;B2;07-29 16:03;1;07-29 16:03
2026-07-29T16:51:00.000+01:00,"MAR1GSOPEN;AUDCHF;A1;07-29 16:00;2;07-29 16:00,07-29 16:03"
2026-07-29T16:51:00.000+01:00,MAR1GSOPEN;AUDCHF;B2;07-29 16:03;1;07-29 16:03
2026-07-29T16:54:00.000+01:00,"MAR1GSOPEN;AUDCHF;A1;07-29 16:00;2;07-29 16:00,07-29 16:03"
2026-07-29T16:54:00.000+01:00,MAR1GSOPEN;AUDCHF;B2;07-29 16:03;1;07-29 16:03
2026-07-29T16:57:00.000+01:00,"MAR1GSOPEN;AUDCHF;A1;07-29 16:00;2;07-29 16:00,07-29 16:03"
2026-07-29T16:57:00.000+01:00,MAR1GSOPEN;AUDCHF;B2;07-29 16:03;1;07-29 16:03
2026-07-29T17:00:00.000+01:00,"MAR1GSOPEN;AUDCHF;A1;07-29 16:00;2;07-29 16:00,07-29 16:03"
2026-07-29T17:00:00.000+01:00,MAR1GSOPEN;AUDCHF;B2;07-29 16:03;1;07-29 16:03
2026-07-29T17:03:00.000+01:00,"MAR1GSOPEN;AUDCHF;A1;07-29 16:00;2;07-29 16:00,07-29 16:03"
2026-07-29T17:03:00.000+01:00,MAR1GSOPEN;AUDCHF;B2;07-29 16:03;1;07-29 16:03
2026-07-29T17:06:00.000+01:00,"MAR1GSOPEN;AUDCHF;A1;07-29 16:00;2;07-29 16:00,07-29 16:03"
2026-07-29T17:06:00.000+01:00,MAR1GSOPEN;AUDCHF;B2;07-29 16:03;1;07-29 16:03
2026-07-29T17:09:00.000+01:00,"MAR1GSOPEN;AUDCHF;A1;07-29 16:00;2;07-29 16:00,07-29 16:03"
2026-07-29T17:09:00.000+01:00,MAR1GSOPEN;AUDCHF;B2;07-29 16:03;1;07-29 16:03
2026-07-29T17:12:00.000+01:00,"MAR1GSOPEN;AUDCHF;A1;07-29 16:00;2;07-29 16:00,07-29 16:03"
2026-07-29T17:12:00.000+01:00,MAR1GSOPEN;AUDCHF;B2;07-29 16:03;1;07-29 16:03
2026-07-29T17:15:00.000+01:00,"MAR1GSOPEN;AUDCHF;A1;07-29 16:00;2;07-29 16:00,07-29 16:03"
2026-07-29T17:15:00.000+01:00,MAR1GSOPEN;AUDCHF;B2;07-29 16:03;1;07-29 16:03
2026-07-29T17:18:00.000+01:00,"MAR1GSOPEN;AUDCHF;A1;07-29 16:00;3;07-29 16:00,07-29 16:03,07-29 17:18"
2026-07-29T17:18:00.000+01:00,"MAR1GSOPEN;AUDCHF;B2;07-29 16:03;2;07-29 16:03,07-29 17:18"
2026-07-29T17:21:00.000+01:00,"MAR1GSOPEN;AUDCHF;A1;07-29 16:00;3;07-29 16:00,07-29 16:03,07-29 17:18"
2026-07-29T17:21:00.000+01:00,"MAR1GSOPEN;AUDCHF;B2;07-29 16:03;2;07-29 16:03,07-29 17:18"
2026-07-29T17:24:00.000+01:00,"MAR1GSOPEN;AUDCHF;A1;07-29 16:00;3;07-29 16:00,07-29 16:03,07-29 17:18"
2026-07-29T17:24:00.000+01:00,"MAR1GSOPEN;AUDCHF;B2;07-29 16:03;2;07-29 16:03,07-29 17:18"
2026-07-29T17:27:00.000+01:00,"MAR1GSOPEN;AUDCHF;A1;07-29 16:00;3;07-29 16:00,07-29 16:03,07-29 17:18"
2026-07-29T17:27:00.000+01:00,"MAR1GSOPEN;AUDCHF;B2;07-29 16:03;2;07-29 16:03,07-29 17:18"
2026-07-29T17:30:00.000+01:00,"MAR1GSOPEN;AUDCHF;A1;07-29 16:00;3;07-29 16:00,07-29 16:03,07-29 17:18"
2026-07-29T17:30:00.000+01:00,"MAR1GSOPEN;AUDCHF;B2;07-29 16:03;2;07-29 16:03,07-29 17:18"
2026-07-29T17:33:00.000+01:00,"MAR1GSOPEN;AUDCHF;A1;07-29 16:00;3;07-29 16:00,07-29 16:03,07-29 17:18"
2026-07-29T17:33:00.000+01:00,"MAR1GSOPEN;AUDCHF;B2;07-29 16:03;2;07-29 16:03,07-29 17:18"
2026-07-29T17:36:00.000+01:00,"MAR1GSOPEN;AUDCHF;A1;07-29 16:00;3;07-29 16:00,07-29 16:03,07-29 17:18"
2026-07-29T17:36:00.000+01:00,"MAR1GSOPEN;AUDCHF;B2;07-29 16:03;2;07-29 16:03,07-29 17:18"
2026-07-29T17:39:00.000+01:00,"MAR1GSOPEN;AUDCHF;A1;07-29 16:00;3;07-29 16:00,07-29 16:03,07-29 17:18"
2026-07-29T17:39:00.000+01:00,"MAR1GSOPEN;AUDCHF;B2;07-29 16:03;2;07-29 16:03,07-29 17:18"
2026-07-29T17:42:00.000+01:00,"MAR1GSOPEN;AUDCHF;A1;07-29 16:00;3;07-29 16:00,07-29 16:03,07-29 17:18"
2026-07-29T17:42:00.000+01:00,"MAR1GSOPEN;AUDCHF;B2;07-29 16:03;2;07-29 16:03,07-29 17:18"
2026-07-29T17:45:00.000+01:00,"MAR1GSOPEN;AUDCHF;A1;07-29 16:00;3;07-29 16:00,07-29 16:03,07-29 17:18"
2026-07-29T17:45:00.000+01:00,"MAR1GSOPEN;AUDCHF;B2;07-29 16:03;2;07-29 16:03,07-29 17:18"
2026-07-29T17:48:00.000+01:00,"MAR1GSOPEN;AUDCHF;A1;07-29 16:00;3;07-29 16:00,07-29 16:03,07-29 17:18"
2026-07-29T17:48:00.000+01:00,"MAR1GSOPEN;AUDCHF;B2;07-29 16:03;2;07-29 16:03,07-29 17:18"
2026-07-29T17:51:00.000+01:00,"MAR1GSOPEN;AUDCHF;A1;07-29 16:00;3;07-29 16:00,07-29 16:03,07-29 17:18"
2026-07-29T17:51:00.000+01:00,"MAR1GSOPEN;AUDCHF;B2;07-29 16:03;2;07-29 16:03,07-29 17:18"
2026-07-29T17:54:00.000+01:00,"MAR1GSOPEN;AUDCHF;A1;07-29 16:00;3;07-29 16:00,07-29 16:03,07-29 17:18"
2026-07-29T17:54:00.000+01:00,"MAR1GSOPEN;AUDCHF;B2;07-29 16:03;2;07-29 16:03,07-29 17:18"
2026-07-29T17:57:00.000+01:00,"MAR1GSOPEN;AUDCHF;A1;07-29 16:00;3;07-29 16:00,07-29 16:03,07-29 17:18"
2026-07-29T17:57:00.000+01:00,"MAR1GSOPEN;AUDCHF;B2;07-29 16:03;2;07-29 16:03,07-29 17:18"
2026-07-29T18:00:00.000+01:00,"MAR1GSCLOSE;AUDCHF;A1;07-29 16:00;07-29 18:03;4;long;07-29 16:00,07-29 16:03,07-29 17:18,07-29 18:00"
2026-07-29T18:00:00.000+01:00,"MAR1GSCLOSE;AUDCHF;B2;07-29 16:03;07-29 18:03;3;long;07-29 16:03,07-29 17:18,07-29 18:00"
2026-07-30T09:21:00.000+01:00,MAR1GSOPEN;AUDCHF;A1;07-30 09:21;0;
2026-07-30T09:21:00.000+01:00,MAR1GSOPEN;AUDCHF;A2;07-30 09:21;0;
2026-07-30T09:24:00.000+01:00,MAR1GSOPEN;AUDCHF;A1;07-30 09:21;0;
2026-07-30T09:24:00.000+01:00,MAR1GSOPEN;AUDCHF;A2;07-30 09:21;0;
2026-07-30T09:27:00.000+01:00,MAR1GSOPEN;AUDCHF;A1;07-30 09:21;0;
2026-07-30T09:27:00.000+01:00,MAR1GSCLOSE;AUDCHF;A2;07-30 09:27;07-30 09:30;1;short;07-30 09:27
2026-07-30T09:30:00.000+01:00,MAR1GSOPEN;AUDCHF;A1;07-30 09:21;0;
2026-07-30T09:33:00.000+01:00,MAR1GSOPEN;AUDCHF;A1;07-30 09:21;0;
2026-07-30T09:36:00.000+01:00,MAR1GSOPEN;AUDCHF;A1;07-30 09:21;0;
2026-07-30T09:39:00.000+01:00,MAR1GSOPEN;AUDCHF;A1;07-30 09:21;0;
2026-07-30T09:42:00.000+01:00,MAR1GSOPEN;AUDCHF;A1;07-30 09:21;0;
2026-07-30T09:45:00.000+01:00,MAR1GSOPEN;AUDCHF;A1;07-30 09:21;0;
2026-07-30T09:48:00.000+01:00,MAR1GSOPEN;AUDCHF;A1;07-30 09:21;0;
2026-07-30T09:51:00.000+01:00,MAR1GSOPEN;AUDCHF;A1;07-30 09:21;0;
2026-07-30T09:54:00.000+01:00,MAR1GSOPEN;AUDCHF;A1;07-30 09:21;0;
2026-07-30T09:57:00.000+01:00,MAR1GSOPEN;AUDCHF;A1;07-30 09:21;0;
2026-07-30T10:00:00.000+01:00,MAR1GSOPEN;AUDCHF;A1;07-30 09:21;0;
2026-07-30T10:03:00.000+01:00,MAR1GSOPEN;AUDCHF;A1;07-30 09:21;0;
2026-07-30T10:06:00.000+01:00,MAR1GSOPEN;AUDCHF;A1;07-30 09:21;0;
2026-07-30T10:09:00.000+01:00,MAR1GSOPEN;AUDCHF;A1;07-30 09:21;0;
2026-07-30T10:12:00.000+01:00,MAR1GSOPEN;AUDCHF;A1;07-30 09:21;0;
2026-07-30T10:15:00.000+01:00,MAR1GSOPEN;AUDCHF;A1;07-30 10:15;1;07-30 10:15
2026-07-30T10:15:00.000+01:00,MAR1GSOPEN;AUDCHF;B2;07-30 10:15;0;
2026-07-30T10:18:00.000+01:00,MAR1GSOPEN;AUDCHF;A1;07-30 10:15;1;07-30 10:15
2026-07-30T10:18:00.000+01:00,MAR1GSOPEN;AUDCHF;B2;07-30 10:15;0;
2026-07-30T10:18:00.000+01:00,MAR1GSOPEN;AUDCHF;C2;07-30 10:18;0;
2026-07-30T10:21:00.000+01:00,MAR1GSOPEN;AUDCHF;A1;07-30 10:15;1;07-30 10:15
2026-07-30T10:21:00.000+01:00,MAR1GSOPEN;AUDCHF;B2;07-30 10:15;0;
2026-07-30T10:21:00.000+01:00,MAR1GSOPEN;AUDCHF;C2;07-30 10:18;0;
2026-07-30T10:24:00.000+01:00,MAR1GSOPEN;AUDCHF;A1;07-30 10:15;1;07-30 10:15
2026-07-30T10:24:00.000+01:00,MAR1GSOPEN;AUDCHF;B2;07-30 10:15;0;
2026-07-30T10:24:00.000+01:00,MAR1GSOPEN;AUDCHF;C2;07-30 10:18;0;
2026-07-30T10:27:00.000+01:00,MAR1GSOPEN;AUDCHF;A1;07-30 10:15;1;07-30 10:15
2026-07-30T10:27:00.000+01:00,MAR1GSOPEN;AUDCHF;B2;07-30 10:15;0;
2026-07-30T10:27:00.000+01:00,MAR1GSOPEN;AUDCHF;C2;07-30 10:18;0;
2026-07-30T10:30:00.000+01:00,MAR1GSOPEN;AUDCHF;A1;07-30 10:15;1;07-30 10:15
2026-07-30T10:30:00.000+01:00,MAR1GSOPEN;AUDCHF;B2;07-30 10:15;0;
2026-07-30T10:30:00.000+01:00,MAR1GSOPEN;AUDCHF;C2;07-30 10:18;0;
2026-07-30T10:33:00.000+01:00,MAR1GSOPEN;AUDCHF;A1;07-30 10:15;1;07-30 10:15
2026-07-30T10:33:00.000+01:00,MAR1GSOPEN;AUDCHF;B2;07-30 10:15;0;
2026-07-30T10:33:00.000+01:00,MAR1GSOPEN;AUDCHF;C2;07-30 10:18;0;
2026-07-30T10:36:00.000+01:00,MAR1GSOPEN;AUDCHF;A1;07-30 10:15;1;07-30 10:15
2026-07-30T10:36:00.000+01:00,MAR1GSOPEN;AUDCHF;B2;07-30 10:15;0;
2026-07-30T10:36:00.000+01:00,MAR1GSOPEN;AUDCHF;C2;07-30 10:18;0;
2026-07-30T10:39:00.000+01:00,"MAR1GSCLOSE;AUDCHF;A1;07-30 10:15;07-30 10:42;2;short;07-30 10:15,07-30 10:39"
2026-07-30T10:39:00.000+01:00,MAR1GSCLOSE;AUDCHF;B2;07-30 10:39;07-30 10:42;1;short;07-30 10:39
2026-07-30T10:39:00.000+01:00,MAR1GSCLOSE;AUDCHF;C2;07-30 10:39;07-30 10:42;1;short;07-30 10:39
2026-07-30T12:45:00.000+01:00,MAR1GSOPEN;AUDCHF;A1;07-30 12:45;0;
2026-07-30T12:45:00.000+01:00,MAR1GSOPEN;AUDCHF;A2;07-30 12:45;0;
2026-07-30T12:48:00.000+01:00,MAR1GSOPEN;AUDCHF;A1;07-30 12:45;0;
2026-07-30T12:48:00.000+01:00,MAR1GSOPEN;AUDCHF;A2;07-30 12:45;0;
2026-07-30T12:51:00.000+01:00,MAR1GSOPEN;AUDCHF;A1;07-30 12:45;0;
2026-07-30T12:51:00.000+01:00,MAR1GSOPEN;AUDCHF;A2;07-30 12:45;0;
2026-07-30T12:54:00.000+01:00,MAR1GSOPEN;AUDCHF;A1;07-30 12:45;0;
2026-07-30T12:54:00.000+01:00,MAR1GSOPEN;AUDCHF;A2;07-30 12:45;0;
2026-07-30T12:57:00.000+01:00,MAR1GSOPEN;AUDCHF;A1;07-30 12:45;0;
2026-07-30T12:57:00.000+01:00,MAR1GSOPEN;AUDCHF;A2;07-30 12:45;0;
2026-07-30T13:00:00.000+01:00,MAR1GSOPEN;AUDCHF;A1;07-30 12:45;0;
2026-07-30T13:00:00.000+01:00,MAR1GSOPEN;AUDCHF;A2;07-30 12:45;0;
2026-07-30T13:03:00.000+01:00,MAR1GSOPEN;AUDCHF;A1;07-30 12:45;0;
2026-07-30T13:03:00.000+01:00,MAR1GSOPEN;AUDCHF;A2;07-30 12:45;0;
2026-07-30T13:06:00.000+01:00,MAR1GSOPEN;AUDCHF;A1;07-30 12:45;0;
2026-07-30T13:06:00.000+01:00,MAR1GSOPEN;AUDCHF;A2;07-30 12:45;0;
2026-07-30T13:09:00.000+01:00,MAR1GSOPEN;AUDCHF;A1;07-30 12:45;0;
2026-07-30T13:09:00.000+01:00,MAR1GSOPEN;AUDCHF;A2;07-30 12:45;0;
2026-07-30T13:12:00.000+01:00,MAR1GSOPEN;AUDCHF;A1;07-30 12:45;0;
2026-07-30T13:12:00.000+01:00,MAR1GSOPEN;AUDCHF;A2;07-30 12:45;0;
2026-07-30T13:15:00.000+01:00,MAR1GSOPEN;AUDCHF;A1;07-30 12:45;0;
2026-07-30T13:15:00.000+01:00,MAR1GSOPEN;AUDCHF;A2;07-30 12:45;0;
2026-07-30T13:18:00.000+01:00,MAR1GSCLOSE;AUDCHF;A1;07-30 13:18;07-30 13:21;1;short;07-30 13:18
2026-07-30T13:18:00.000+01:00,MAR1GSCLOSE;AUDCHF;A2;07-30 13:18;07-30 13:21;1;short;07-30 13:18
2026-07-31T09:33:00.000+01:00,MAR1GSOPEN;AUDCHF;A1;07-31 09:33;0;
2026-07-31T09:33:00.000+01:00,MAR1GSOPEN;AUDCHF;A2;07-31 09:33;0;
2026-07-31T09:36:00.000+01:00,MAR1GSOPEN;AUDCHF;A1;07-31 09:33;0;
2026-07-31T09:36:00.000+01:00,MAR1GSOPEN;AUDCHF;A2;07-31 09:33;0;
2026-07-31T09:39:00.000+01:00,MAR1GSOPEN;AUDCHF;A1;07-31 09:33;0;
2026-07-31T09:39:00.000+01:00,MAR1GSOPEN;AUDCHF;A2;07-31 09:33;0;
2026-07-31T09:42:00.000+01:00,MAR1GSOPEN;AUDCHF;A1;07-31 09:33;0;
2026-07-31T09:42:00.000+01:00,MAR1GSOPEN;AUDCHF;A2;07-31 09:33;0;
2026-07-31T09:45:00.000+01:00,MAR1GSOPEN;AUDCHF;A1;07-31 09:33;0;
2026-07-31T09:45:00.000+01:00,MAR1GSOPEN;AUDCHF;A2;07-31 09:33;0;
2026-07-31T09:48:00.000+01:00,MAR1GSOPEN;AUDCHF;A1;07-31 09:33;0;
2026-07-31T09:48:00.000+01:00,MAR1GSOPEN;AUDCHF;A2;07-31 09:48;1;07-31 09:48
2026-07-31T09:48:00.000+01:00,MAR1GSOPEN;AUDCHF;B1;07-31 09:48;0;
2026-07-31T09:51:00.000+01:00,MAR1GSOPEN;AUDCHF;A1;07-31 09:51;1;07-31 09:51
2026-07-31T09:51:00.000+01:00,"MAR1GSOPEN;AUDCHF;A2;07-31 09:48;2;07-31 09:48,07-31 09:51"
2026-07-31T09:51:00.000+01:00,MAR1GSOPEN;AUDCHF;B1;07-31 09:51;1;07-31 09:51
2026-07-31T09:51:00.000+01:00,MAR1GSOPEN;AUDCHF;B2;07-31 09:51;0;
2026-07-31T09:51:00.000+01:00,MAR1GSOPEN;AUDCHF;C1;07-31 09:51;0;
2026-07-31T09:54:00.000+01:00,MAR1GSOPEN;AUDCHF;A1;07-31 09:51;1;07-31 09:51
2026-07-31T09:54:00.000+01:00,"MAR1GSOPEN;AUDCHF;A2;07-31 09:48;2;07-31 09:48,07-31 09:51"
2026-07-31T09:54:00.000+01:00,MAR1GSOPEN;AUDCHF;B1;07-31 09:51;1;07-31 09:51
2026-07-31T09:54:00.000+01:00,MAR1GSOPEN;AUDCHF;B2;07-31 09:51;0;
2026-07-31T09:54:00.000+01:00,MAR1GSOPEN;AUDCHF;C1;07-31 09:51;0;
2026-07-31T09:57:00.000+01:00,MAR1GSOPEN;AUDCHF;A1;07-31 09:51;1;07-31 09:51
2026-07-31T09:57:00.000+01:00,"MAR1GSOPEN;AUDCHF;A2;07-31 09:48;2;07-31 09:48,07-31 09:51"
2026-07-31T09:57:00.000+01:00,MAR1GSOPEN;AUDCHF;B1;07-31 09:51;1;07-31 09:51
2026-07-31T09:57:00.000+01:00,MAR1GSOPEN;AUDCHF;B2;07-31 09:51;0;
2026-07-31T09:57:00.000+01:00,MAR1GSOPEN;AUDCHF;C1;07-31 09:51;0;
2026-07-31T10:00:00.000+01:00,MAR1GSOPEN;AUDCHF;A1;07-31 09:51;1;07-31 09:51
2026-07-31T10:00:00.000+01:00,"MAR1GSOPEN;AUDCHF;A2;07-31 09:48;2;07-31 09:48,07-31 09:51"
2026-07-31T10:00:00.000+01:00,MAR1GSOPEN;AUDCHF;B1;07-31 09:51;1;07-31 09:51
2026-07-31T10:00:00.000+01:00,MAR1GSOPEN;AUDCHF;B2;07-31 09:51;0;
2026-07-31T10:00:00.000+01:00,MAR1GSOPEN;AUDCHF;C1;07-31 09:51;0;
2026-07-31T10:03:00.000+01:00,MAR1GSOPEN;AUDCHF;A1;07-31 09:51;1;07-31 09:51
2026-07-31T10:03:00.000+01:00,"MAR1GSOPEN;AUDCHF;A2;07-31 09:48;2;07-31 09:48,07-31 09:51"
2026-07-31T10:03:00.000+01:00,MAR1GSOPEN;AUDCHF;B1;07-31 09:51;1;07-31 09:51
2026-07-31T10:03:00.000+01:00,MAR1GSOPEN;AUDCHF;B2;07-31 09:51;0;
2026-07-31T10:03:00.000+01:00,MAR1GSOPEN;AUDCHF;C1;07-31 09:51;0;
2026-07-31T10:06:00.000+01:00,MAR1GSOPEN;AUDCHF;A1;07-31 09:51;1;07-31 09:51
2026-07-31T10:06:00.000+01:00,"MAR1GSOPEN;AUDCHF;A2;07-31 09:48;2;07-31 09:48,07-31 09:51"
2026-07-31T10:06:00.000+01:00,MAR1GSOPEN;AUDCHF;B1;07-31 09:51;1;07-31 09:51
2026-07-31T10:06:00.000+01:00,MAR1GSOPEN;AUDCHF;B2;07-31 09:51;0;
2026-07-31T10:06:00.000+01:00,MAR1GSOPEN;AUDCHF;C1;07-31 09:51;0;
2026-07-31T10:09:00.000+01:00,MAR1GSOPEN;AUDCHF;A1;07-31 09:51;1;07-31 09:51
2026-07-31T10:09:00.000+01:00,"MAR1GSOPEN;AUDCHF;A2;07-31 09:48;2;07-31 09:48,07-31 09:51"
2026-07-31T10:09:00.000+01:00,MAR1GSOPEN;AUDCHF;B1;07-31 09:51;1;07-31 09:51
2026-07-31T10:09:00.000+01:00,MAR1GSOPEN;AUDCHF;B2;07-31 09:51;0;
2026-07-31T10:09:00.000+01:00,MAR1GSOPEN;AUDCHF;C1;07-31 09:51;0;
2026-07-31T10:12:00.000+01:00,MAR1GSOPEN;AUDCHF;A1;07-31 09:51;1;07-31 09:51
2026-07-31T10:12:00.000+01:00,"MAR1GSOPEN;AUDCHF;A2;07-31 09:48;2;07-31 09:48,07-31 09:51"
2026-07-31T10:12:00.000+01:00,MAR1GSOPEN;AUDCHF;B1;07-31 09:51;1;07-31 09:51
2026-07-31T10:12:00.000+01:00,MAR1GSOPEN;AUDCHF;B2;07-31 09:51;0;
2026-07-31T10:12:00.000+01:00,MAR1GSOPEN;AUDCHF;C1;07-31 09:51;0;
2026-07-31T10:15:00.000+01:00,MAR1GSOPEN;AUDCHF;A1;07-31 09:51;1;07-31 09:51
2026-07-31T10:15:00.000+01:00,"MAR1GSOPEN;AUDCHF;A2;07-31 09:48;2;07-31 09:48,07-31 09:51"
2026-07-31T10:15:00.000+01:00,MAR1GSOPEN;AUDCHF;B1;07-31 09:51;1;07-31 09:51
2026-07-31T10:15:00.000+01:00,MAR1GSOPEN;AUDCHF;B2;07-31 09:51;0;
2026-07-31T10:15:00.000+01:00,MAR1GSOPEN;AUDCHF;C1;07-31 09:51;0;
2026-07-31T10:18:00.000+01:00,MAR1GSOPEN;AUDCHF;A1;07-31 09:51;1;07-31 09:51
2026-07-31T10:18:00.000+01:00,"MAR1GSOPEN;AUDCHF;A2;07-31 09:48;2;07-31 09:48,07-31 09:51"
2026-07-31T10:18:00.000+01:00,MAR1GSOPEN;AUDCHF;B1;07-31 09:51;1;07-31 09:51
2026-07-31T10:18:00.000+01:00,MAR1GSOPEN;AUDCHF;B2;07-31 09:51;0;
2026-07-31T10:18:00.000+01:00,MAR1GSOPEN;AUDCHF;C1;07-31 09:51;0;
2026-07-31T10:21:00.000+01:00,MAR1GSOPEN;AUDCHF;A1;07-31 09:51;1;07-31 09:51
2026-07-31T10:21:00.000+01:00,"MAR1GSOPEN;AUDCHF;A2;07-31 09:48;2;07-31 09:48,07-31 09:51"
2026-07-31T10:21:00.000+01:00,MAR1GSOPEN;AUDCHF;B1;07-31 09:51;1;07-31 09:51
2026-07-31T10:21:00.000+01:00,MAR1GSOPEN;AUDCHF;B2;07-31 09:51;0;
2026-07-31T10:21:00.000+01:00,MAR1GSOPEN;AUDCHF;C1;07-31 09:51;0;
2026-07-31T10:24:00.000+01:00,MAR1GSOPEN;AUDCHF;A1;07-31 09:51;1;07-31 09:51
2026-07-31T10:24:00.000+01:00,"MAR1GSOPEN;AUDCHF;A2;07-31 09:48;2;07-31 09:48,07-31 09:51"
2026-07-31T10:24:00.000+01:00,MAR1GSOPEN;AUDCHF;B1;07-31 09:51;1;07-31 09:51
2026-07-31T10:24:00.000+01:00,MAR1GSOPEN;AUDCHF;B2;07-31 09:51;0;
2026-07-31T10:24:00.000+01:00,MAR1GSOPEN;AUDCHF;C1;07-31 09:51;0;
2026-07-31T10:27:00.000+01:00,MAR1GSOPEN;AUDCHF;A1;07-31 09:51;1;07-31 09:51
2026-07-31T10:27:00.000+01:00,"MAR1GSOPEN;AUDCHF;A2;07-31 09:48;2;07-31 09:48,07-31 09:51"
2026-07-31T10:27:00.000+01:00,MAR1GSOPEN;AUDCHF;B1;07-31 09:51;1;07-31 09:51
2026-07-31T10:27:00.000+01:00,MAR1GSOPEN;AUDCHF;B2;07-31 09:51;0;
2026-07-31T10:27:00.000+01:00,MAR1GSOPEN;AUDCHF;C1;07-31 09:51;0;
2026-07-31T10:30:00.000+01:00,MAR1GSOPEN;AUDCHF;A1;07-31 09:51;1;07-31 09:51
2026-07-31T10:30:00.000+01:00,"MAR1GSOPEN;AUDCHF;A2;07-31 09:48;2;07-31 09:48,07-31 09:51"
2026-07-31T10:30:00.000+01:00,MAR1GSOPEN;AUDCHF;B1;07-31 09:51;1;07-31 09:51
2026-07-31T10:30:00.000+01:00,MAR1GSOPEN;AUDCHF;B2;07-31 09:51;0;
2026-07-31T10:30:00.000+01:00,MAR1GSOPEN;AUDCHF;C1;07-31 09:51;0;
2026-07-31T10:33:00.000+01:00,"MAR1GSCLOSE;AUDCHF;A1;07-31 09:51;07-31 10:36;2;long;07-31 09:51,07-31 10:33"
2026-07-31T10:33:00.000+01:00,"MAR1GSCLOSE;AUDCHF;A2;07-31 09:48;07-31 10:36;3;long;07-31 09:48,07-31 09:51,07-31 10:33"
2026-07-31T10:33:00.000+01:00,"MAR1GSCLOSE;AUDCHF;B1;07-31 09:51;07-31 10:36;2;long;07-31 09:51,07-31 10:33"
2026-07-31T10:33:00.000+01:00,MAR1GSCLOSE;AUDCHF;B2;07-31 10:33;07-31 10:36;1;long;07-31 10:33
2026-07-31T10:33:00.000+01:00,MAR1GSCLOSE;AUDCHF;C1;07-31 10:33;07-31 10:36;1;long;07-31 10:33
2026-08-03T10:18:00.000+01:00,MAR1GSOPEN;AUDCHF;A1;08-03 10:18;0;
2026-08-03T10:18:00.000+01:00,MAR1GSOPEN;AUDCHF;A2;08-03 10:18;0;
2026-08-03T10:21:00.000+01:00,MAR1GSCLOSE;AUDCHF;A1;08-03 10:21;08-03 10:24;1;short;08-03 10:21
2026-08-03T10:21:00.000+01:00,MAR1GSCLOSE;AUDCHF;A2;08-03 10:21;08-03 10:24;1;short;08-03 10:21
2026-08-03T14:39:00.000+01:00,MAR1GSOPEN;AUDCHF;A1;08-03 14:39;0;
2026-08-03T14:39:00.000+01:00,MAR1GSOPEN;AUDCHF;A2;08-03 14:39;0;
2026-08-03T14:42:00.000+01:00,MAR1GSOPEN;AUDCHF;A1;08-03 14:39;0;
2026-08-03T14:42:00.000+01:00,MAR1GSOPEN;AUDCHF;A2;08-03 14:39;0;
2026-08-03T14:45:00.000+01:00,MAR1GSOPEN;AUDCHF;A1;08-03 14:39;0;
2026-08-03T14:45:00.000+01:00,MAR1GSOPEN;AUDCHF;A2;08-03 14:39;0;
2026-08-03T14:48:00.000+01:00,MAR1GSOPEN;AUDCHF;A1;08-03 14:39;0;
2026-08-03T14:48:00.000+01:00,MAR1GSOPEN;AUDCHF;A2;08-03 14:39;0;
2026-08-03T14:51:00.000+01:00,MAR1GSOPEN;AUDCHF;A1;08-03 14:39;0;
2026-08-03T14:51:00.000+01:00,MAR1GSOPEN;AUDCHF;A2;08-03 14:39;0;
2026-08-03T14:54:00.000+01:00,MAR1GSOPEN;AUDCHF;A1;08-03 14:39;0;
2026-08-03T14:54:00.000+01:00,MAR1GSOPEN;AUDCHF;A2;08-03 14:39;0;
2026-08-03T14:57:00.000+01:00,MAR1GSOPEN;AUDCHF;A1;08-03 14:39;0;
2026-08-03T14:57:00.000+01:00,MAR1GSOPEN;AUDCHF;A2;08-03 14:39;0;
2026-08-03T15:00:00.000+01:00,MAR1GSOPEN;AUDCHF;A1;08-03 14:39;0;
2026-08-03T15:00:00.000+01:00,MAR1GSOPEN;AUDCHF;A2;08-03 14:39;0;
2026-08-03T15:03:00.000+01:00,MAR1GSOPEN;AUDCHF;A1;08-03 14:39;0;
2026-08-03T15:03:00.000+01:00,MAR1GSOPEN;AUDCHF;A2;08-03 14:39;0;
2026-08-03T15:06:00.000+01:00,MAR1GSOPEN;AUDCHF;A1;08-03 14:39;0;
2026-08-03T15:06:00.000+01:00,MAR1GSOPEN;AUDCHF;A2;08-03 14:39;0;
2026-08-03T15:09:00.000+01:00,MAR1GSOPEN;AUDCHF;A1;08-03 14:39;0;
2026-08-03T15:09:00.000+01:00,MAR1GSOPEN;AUDCHF;A2;08-03 14:39;0;
2026-08-03T15:12:00.000+01:00,MAR1GSOPEN;AUDCHF;A1;08-03 14:39;0;
2026-08-03T15:12:00.000+01:00,MAR1GSOPEN;AUDCHF;A2;08-03 14:39;0;
2026-08-03T15:15:00.000+01:00,MAR1GSOPEN;AUDCHF;A1;08-03 14:39;0;
2026-08-03T15:15:00.000+01:00,MAR1GSOPEN;AUDCHF;A2;08-03 14:39;0;
2026-08-03T15:18:00.000+01:00,MAR1GSOPEN;AUDCHF;A1;08-03 14:39;0;
2026-08-03T15:18:00.000+01:00,MAR1GSOPEN;AUDCHF;A2;08-03 14:39;0;
2026-08-03T15:21:00.000+01:00,MAR1GSOPEN;AUDCHF;A1;08-03 14:39;0;
2026-08-03T15:21:00.000+01:00,MAR1GSOPEN;AUDCHF;A2;08-03 14:39;0;
2026-08-03T15:24:00.000+01:00,MAR1GSOPEN;AUDCHF;A1;08-03 14:39;0;
2026-08-03T15:24:00.000+01:00,MAR1GSOPEN;AUDCHF;A2;08-03 14:39;0;
2026-08-03T15:27:00.000+01:00,MAR1GSOPEN;AUDCHF;A1;08-03 14:39;0;
2026-08-03T15:27:00.000+01:00,MAR1GSOPEN;AUDCHF;A2;08-03 14:39;0;
2026-08-03T15:30:00.000+01:00,MAR1GSOPEN;AUDCHF;A1;08-03 14:39;0;
2026-08-03T15:30:00.000+01:00,MAR1GSOPEN;AUDCHF;A2;08-03 14:39;0;
2026-08-03T15:33:00.000+01:00,MAR1GSOPEN;AUDCHF;A1;08-03 14:39;0;
2026-08-03T15:33:00.000+01:00,MAR1GSOPEN;AUDCHF;A2;08-03 14:39;0;
2026-08-03T15:36:00.000+01:00,MAR1GSOPEN;AUDCHF;A1;08-03 14:39;0;
2026-08-03T15:36:00.000+01:00,MAR1GSOPEN;AUDCHF;A2;08-03 14:39;0;
2026-08-03T15:39:00.000+01:00,MAR1GSCLOSE;AUDCHF;A1;08-03 15:39;08-03 15:42;1;long;08-03 15:39
2026-08-03T15:39:00.000+01:00,MAR1GSCLOSE;AUDCHF;A2;08-03 15:39;08-03 15:42;1;long;08-03 15:39
2026-08-05T09:51:00.000+01:00,MAR1GSOPEN;AUDCHF;A2;08-05 09:51;0;
2026-08-05T09:54:00.000+01:00,MAR1GSOPEN;AUDCHF;A1;08-05 09:54;0;
2026-08-05T09:54:00.000+01:00,MAR1GSOPEN;AUDCHF;A2;08-05 09:54;1;08-05 09:54
2026-08-05T09:54:00.000+01:00,MAR1GSOPEN;AUDCHF;B1;08-05 09:54;0;
2026-08-05T09:57:00.000+01:00,MAR1GSOPEN;AUDCHF;A1;08-05 09:54;0;
2026-08-05T09:57:00.000+01:00,MAR1GSOPEN;AUDCHF;A2;08-05 09:54;1;08-05 09:54
2026-08-05T09:57:00.000+01:00,MAR1GSOPEN;AUDCHF;B1;08-05 09:54;0;
2026-08-05T10:00:00.000+01:00,MAR1GSOPEN;AUDCHF;A1;08-05 09:54;0;
2026-08-05T10:00:00.000+01:00,"MAR1GSCLOSE;AUDCHF;A2;08-05 09:54;08-05 10:03;2;long;08-05 09:54,08-05 10:00"
2026-08-05T10:00:00.000+01:00,MAR1GSCLOSE;AUDCHF;B1;08-05 10:00;08-05 10:03;1;long;08-05 10:00
2026-08-05T10:03:00.000+01:00,MAR1GSOPEN;AUDCHF;A1;08-05 09:54;0;
2026-08-05T10:06:00.000+01:00,MAR1GSOPEN;AUDCHF;A1;08-05 09:54;0;
2026-08-05T10:09:00.000+01:00,MAR1GSOPEN;AUDCHF;A1;08-05 09:54;0;
2026-08-05T10:12:00.000+01:00,MAR1GSOPEN;AUDCHF;A1;08-05 09:54;0;
2026-08-05T10:15:00.000+01:00,MAR1GSOPEN;AUDCHF;A1;08-05 09:54;0;
2026-08-05T10:18:00.000+01:00,MAR1GSOPEN;AUDCHF;A1;08-05 09:54;0;
2026-08-05T10:21:00.000+01:00,MAR1GSOPEN;AUDCHF;A1;08-05 09:54;0;
2026-08-05T10:24:00.000+01:00,MAR1GSOPEN;AUDCHF;A1;08-05 09:54;0;
2026-08-05T10:27:00.000+01:00,MAR1GSOPEN;AUDCHF;A1;08-05 09:54;0;
2026-08-05T10:30:00.000+01:00,MAR1GSOPEN;AUDCHF;A1;08-05 09:54;0;
2026-08-05T10:33:00.000+01:00,MAR1GSCLOSE;AUDCHF;A1;08-05 10:33;08-05 10:36;1;short;08-05 10:33
2026-08-05T18:33:00.000+01:00,MAR1GSOPEN;AUDCHF;A2;08-05 18:33;0;
2026-08-05T18:36:00.000+01:00,MAR1GSOPEN;AUDCHF;A1;08-05 18:36;0;
2026-08-05T18:36:00.000+01:00,MAR1GSOPEN;AUDCHF;A2;08-05 18:36;1;08-05 18:36
2026-08-05T18:36:00.000+01:00,MAR1GSOPEN;AUDCHF;B1;08-05 18:36;0;
2026-08-05T18:39:00.000+01:00,MAR1GSOPEN;AUDCHF;A1;08-05 18:36;0;
2026-08-05T18:39:00.000+01:00,MAR1GSOPEN;AUDCHF;A2;08-05 18:36;1;08-05 18:36
2026-08-05T18:39:00.000+01:00,MAR1GSOPEN;AUDCHF;B1;08-05 18:36;0;
2026-08-05T18:42:00.000+01:00,MAR1GSOPEN;AUDCHF;A1;08-05 18:36;0;
2026-08-05T18:42:00.000+01:00,MAR1GSOPEN;AUDCHF;A2;08-05 18:36;1;08-05 18:36
2026-08-05T18:42:00.000+01:00,MAR1GSOPEN;AUDCHF;B1;08-05 18:36;0;
2026-08-05T18:45:00.000+01:00,MAR1GSOPEN;AUDCHF;A1;08-05 18:45;1;08-05 18:45
2026-08-05T18:45:00.000+01:00,"MAR1GSOPEN;AUDCHF;A2;08-05 18:36;2;08-05 18:36,08-05 18:45"
2026-08-05T18:45:00.000+01:00,MAR1GSOPEN;AUDCHF;B1;08-05 18:45;1;08-05 18:45
2026-08-05T18:45:00.000+01:00,MAR1GSOPEN;AUDCHF;B2;08-05 18:45;0;
2026-08-05T18:45:00.000+01:00,MAR1GSOPEN;AUDCHF;C1;08-05 18:45;0;
2026-08-05T18:45:00.000+01:00,MAR1GSOPEN;AUDCHF;C2;08-05 18:45;0;
2026-08-05T18:48:00.000+01:00,MAR1GSOPEN;AUDCHF;A1;08-05 18:45;1;08-05 18:45
2026-08-05T18:48:00.000+01:00,"MAR1GSOPEN;AUDCHF;A2;08-05 18:36;2;08-05 18:36,08-05 18:45"
2026-08-05T18:48:00.000+01:00,MAR1GSOPEN;AUDCHF;B1;08-05 18:45;1;08-05 18:45
2026-08-05T18:48:00.000+01:00,MAR1GSOPEN;AUDCHF;B2;08-05 18:45;0;
2026-08-05T18:48:00.000+01:00,MAR1GSOPEN;AUDCHF;C1;08-05 18:45;0;
2026-08-05T18:48:00.000+01:00,MAR1GSOPEN;AUDCHF;C2;08-05 18:45;0;
2026-08-05T18:51:00.000+01:00,MAR1GSOPEN;AUDCHF;A1;08-05 18:45;1;08-05 18:45
2026-08-05T18:51:00.000+01:00,"MAR1GSOPEN;AUDCHF;A2;08-05 18:36;2;08-05 18:36,08-05 18:45"
2026-08-05T18:51:00.000+01:00,MAR1GSOPEN;AUDCHF;B1;08-05 18:45;1;08-05 18:45
2026-08-05T18:51:00.000+01:00,MAR1GSOPEN;AUDCHF;B2;08-05 18:45;0;
2026-08-05T18:51:00.000+01:00,MAR1GSOPEN;AUDCHF;C1;08-05 18:45;0;
2026-08-05T18:51:00.000+01:00,MAR1GSOPEN;AUDCHF;C2;08-05 18:45;0;
2026-08-05T18:54:00.000+01:00,MAR1GSOPEN;AUDCHF;A1;08-05 18:45;1;08-05 18:45
2026-08-05T18:54:00.000+01:00,"MAR1GSOPEN;AUDCHF;A2;08-05 18:36;2;08-05 18:36,08-05 18:45"
2026-08-05T18:54:00.000+01:00,MAR1GSOPEN;AUDCHF;B1;08-05 18:45;1;08-05 18:45
2026-08-05T18:54:00.000+01:00,MAR1GSOPEN;AUDCHF;B2;08-05 18:45;0;
2026-08-05T18:54:00.000+01:00,MAR1GSOPEN;AUDCHF;C1;08-05 18:45;0;
2026-08-05T18:54:00.000+01:00,MAR1GSOPEN;AUDCHF;C2;08-05 18:45;0;
2026-08-05T18:57:00.000+01:00,MAR1GSOPEN;AUDCHF;A1;08-05 18:45;1;08-05 18:45
2026-08-05T18:57:00.000+01:00,"MAR1GSOPEN;AUDCHF;A2;08-05 18:36;2;08-05 18:36,08-05 18:45"
2026-08-05T18:57:00.000+01:00,MAR1GSOPEN;AUDCHF;B1;08-05 18:45;1;08-05 18:45
2026-08-05T18:57:00.000+01:00,MAR1GSOPEN;AUDCHF;B2;08-05 18:45;0;
2026-08-05T18:57:00.000+01:00,MAR1GSOPEN;AUDCHF;C1;08-05 18:45;0;
2026-08-05T18:57:00.000+01:00,MAR1GSOPEN;AUDCHF;C2;08-05 18:45;0;
2026-08-05T19:00:00.000+01:00,MAR1GSOPEN;AUDCHF;A1;08-05 18:45;1;08-05 18:45
2026-08-05T19:00:00.000+01:00,"MAR1GSCLOSE;AUDCHF;A2;08-05 18:36;08-05 19:03;3;long;08-05 18:36,08-05 18:45,08-05 19:00"
2026-08-05T19:00:00.000+01:00,"MAR1GSCLOSE;AUDCHF;B1;08-05 18:45;08-05 19:03;2;long;08-05 18:45,08-05 19:00"
2026-08-05T19:00:00.000+01:00,MAR1GSOPEN;AUDCHF;B2;08-05 18:45;0;
2026-08-05T19:00:00.000+01:00,MAR1GSCLOSE;AUDCHF;C1;08-05 19:00;08-05 19:03;1;long;08-05 19:00
2026-08-05T19:00:00.000+01:00,MAR1GSCLOSE;AUDCHF;C2;08-05 19:00;08-05 19:03;1;long;08-05 19:00
2026-08-05T19:03:00.000+01:00,MAR1GSOPEN;AUDCHF;A1;08-05 18:45;1;08-05 18:45
2026-08-05T19:03:00.000+01:00,MAR1GSOPEN;AUDCHF;B2;08-05 18:45;0;
2026-08-05T19:06:00.000+01:00,MAR1GSOPEN;AUDCHF;A1;08-05 18:45;1;08-05 18:45
2026-08-05T19:06:00.000+01:00,MAR1GSOPEN;AUDCHF;B2;08-05 18:45;0;
2026-08-05T19:09:00.000+01:00,MAR1GSOPEN;AUDCHF;A1;08-05 18:45;1;08-05 18:45
2026-08-05T19:09:00.000+01:00,MAR1GSOPEN;AUDCHF;B2;08-05 18:45;0;
2026-08-05T19:12:00.000+01:00,"MAR1GSCLOSE;AUDCHF;A1;08-05 18:45;08-05 19:15;2;long;08-05 18:45,08-05 19:12"
2026-08-05T19:12:00.000+01:00,MAR1GSCLOSE;AUDCHF;B2;08-05 19:12;08-05 19:15;1;long;08-05 19:12
2026-08-06T18:24:00.000+01:00,MAR1GSOPEN;AUDCHF;A1;08-06 18:24;0;
2026-08-06T18:27:00.000+01:00,MAR1GSOPEN;AUDCHF;A1;08-06 18:24;0;
2026-08-06T18:30:00.000+01:00,MAR1GSOPEN;AUDCHF;A1;08-06 18:24;0;
2026-08-06T18:33:00.000+01:00,MAR1GSOPEN;AUDCHF;A1;08-06 18:24;0;
2026-08-06T18:36:00.000+01:00,MAR1GSOPEN;AUDCHF;A1;08-06 18:24;0;
2026-08-06T18:39:00.000+01:00,MAR1GSOPEN;AUDCHF;A1;08-06 18:24;0;
2026-08-06T18:42:00.000+01:00,MAR1GSCLOSE;AUDCHF;A1;08-06 18:42;08-06 18:45;1;long;08-06 18:42
2026-08-07T09:42:00.000+01:00,MAR1GSOPEN;AUDCHF;A1;08-07 09:42;0;
2026-08-07T09:45:00.000+01:00,MAR1GSOPEN;AUDCHF;A1;08-07 09:42;0;
2026-08-07T09:48:00.000+01:00,MAR1GSOPEN;AUDCHF;A1;08-07 09:42;0;
2026-08-07T09:51:00.000+01:00,MAR1GSOPEN;AUDCHF;A1;08-07 09:42;0;
2026-08-07T09:54:00.000+01:00,MAR1GSOPEN;AUDCHF;A1;08-07 09:42;0;
2026-08-07T09:57:00.000+01:00,MAR1GSOPEN;AUDCHF;A1;08-07 09:42;0;
2026-08-07T10:00:00.000+01:00,MAR1GSOPEN;AUDCHF;A1;08-07 09:42;0;
2026-08-07T10:03:00.000+01:00,MAR1GSOPEN;AUDCHF;A1;08-07 09:42;0;
2026-08-07T10:06:00.000+01:00,MAR1GSOPEN;AUDCHF;A1;08-07 09:42;0;
2026-08-07T10:09:00.000+01:00,MAR1GSOPEN;AUDCHF;A1;08-07 09:42;0;
2026-08-07T10:12:00.000+01:00,MAR1GSOPEN;AUDCHF;A1;08-07 09:42;0;
2026-08-07T10:15:00.000+01:00,MAR1GSOPEN;AUDCHF;A1;08-07 09:42;0;
2026-08-07T10:18:00.000+01:00,MAR1GSOPEN;AUDCHF;A1;08-07 09:42;0;
2026-08-07T10:21:00.000+01:00,MAR1GSOPEN;AUDCHF;A1;08-07 09:42;0;
2026-08-07T10:24:00.000+01:00,MAR1GSOPEN;AUDCHF;A1;08-07 10:24;1;08-07 10:24
2026-08-07T10:24:00.000+01:00,MAR1GSOPEN;AUDCHF;B2;08-07 10:24;0;
2026-08-07T10:27:00.000+01:00,MAR1GSOPEN;AUDCHF;A1;08-07 10:24;1;08-07 10:24
2026-08-07T10:27:00.000+01:00,MAR1GSOPEN;AUDCHF;B2;08-07 10:24;0;
2026-08-07T10:30:00.000+01:00,MAR1GSOPEN;AUDCHF;A1;08-07 10:24;1;08-07 10:24
2026-08-07T10:30:00.000+01:00,MAR1GSOPEN;AUDCHF;B2;08-07 10:24;0;
2026-08-07T10:33:00.000+01:00,MAR1GSOPEN;AUDCHF;A1;08-07 10:24;1;08-07 10:24
2026-08-07T10:33:00.000+01:00,MAR1GSOPEN;AUDCHF;B2;08-07 10:24;0;
2026-08-07T10:36:00.000+01:00,MAR1GSOPEN;AUDCHF;A1;08-07 10:24;1;08-07 10:24
2026-08-07T10:36:00.000+01:00,MAR1GSOPEN;AUDCHF;B2;08-07 10:24;0;
2026-08-07T10:39:00.000+01:00,MAR1GSOPEN;AUDCHF;A1;08-07 10:24;1;08-07 10:24
2026-08-07T10:39:00.000+01:00,MAR1GSOPEN;AUDCHF;B2;08-07 10:24;0;
2026-08-07T10:42:00.000+01:00,MAR1GSOPEN;AUDCHF;A1;08-07 10:24;1;08-07 10:24
2026-08-07T10:42:00.000+01:00,MAR1GSOPEN;AUDCHF;B2;08-07 10:24;0;
2026-08-07T10:45:00.000+01:00,MAR1GSOPEN;AUDCHF;A1;08-07 10:24;1;08-07 10:24
2026-08-07T10:45:00.000+01:00,MAR1GSOPEN;AUDCHF;B2;08-07 10:24;0;
2026-08-07T10:48:00.000+01:00,MAR1GSOPEN;AUDCHF;A1;08-07 10:24;1;08-07 10:24
2026-08-07T10:48:00.000+01:00,MAR1GSOPEN;AUDCHF;B2;08-07 10:24;0;
2026-08-07T10:51:00.000+01:00,MAR1GSOPEN;AUDCHF;A1;08-07 10:24;1;08-07 10:24
2026-08-07T10:51:00.000+01:00,MAR1GSOPEN;AUDCHF;B2;08-07 10:24;0;
2026-08-07T10:54:00.000+01:00,MAR1GSOPEN;AUDCHF;A1;08-07 10:24;1;08-07 10:24
2026-08-07T10:54:00.000+01:00,MAR1GSOPEN;AUDCHF;B2;08-07 10:24;0;
2026-08-07T10:57:00.000+01:00,MAR1GSOPEN;AUDCHF;A1;08-07 10:24;1;08-07 10:24
2026-08-07T10:57:00.000+01:00,MAR1GSOPEN;AUDCHF;B2;08-07 10:24;0;
2026-08-07T11:00:00.000+01:00,MAR1GSOPEN;AUDCHF;A1;08-07 10:24;1;08-07 10:24
2026-08-07T11:00:00.000+01:00,MAR1GSOPEN;AUDCHF;B2;08-07 10:24;0;
2026-08-07T11:03:00.000+01:00,MAR1GSOPEN;AUDCHF;A1;08-07 10:24;1;08-07 10:24
2026-08-07T11:03:00.000+01:00,MAR1GSOPEN;AUDCHF;B2;08-07 10:24;0;
2026-08-07T11:06:00.000+01:00,MAR1GSOPEN;AUDCHF;A1;08-07 10:24;1;08-07 10:24
2026-08-07T11:06:00.000+01:00,MAR1GSOPEN;AUDCHF;B2;08-07 10:24;0;
2026-08-07T11:09:00.000+01:00,MAR1GSOPEN;AUDCHF;A1;08-07 10:24;1;08-07 10:24
2026-08-07T11:09:00.000+01:00,MAR1GSOPEN;AUDCHF;B2;08-07 10:24;0;
2026-08-07T11:12:00.000+01:00,MAR1GSOPEN;AUDCHF;A1;08-07 10:24;1;08-07 10:24
2026-08-07T11:12:00.000+01:00,MAR1GSOPEN;AUDCHF;B2;08-07 10:24;0;
2026-08-07T11:15:00.000+01:00,MAR1GSOPEN;AUDCHF;A1;08-07 10:24;1;08-07 10:24
2026-08-07T11:15:00.000+01:00,MAR1GSOPEN;AUDCHF;B2;08-07 10:24;0;
2026-08-07T11:18:00.000+01:00,MAR1GSOPEN;AUDCHF;A1;08-07 10:24;1;08-07 10:24
2026-08-07T11:18:00.000+01:00,MAR1GSOPEN;AUDCHF;B2;08-07 10:24;0;
2026-08-07T11:21:00.000+01:00,MAR1GSOPEN;AUDCHF;A1;08-07 10:24;1;08-07 10:24
2026-08-07T11:21:00.000+01:00,MAR1GSOPEN;AUDCHF;B2;08-07 10:24;0;
2026-08-07T11:24:00.000+01:00,MAR1GSOPEN;AUDCHF;A1;08-07 10:24;1;08-07 10:24
2026-08-07T11:24:00.000+01:00,MAR1GSOPEN;AUDCHF;B2;08-07 10:24;0;
2026-08-07T11:27:00.000+01:00,MAR1GSOPEN;AUDCHF;A1;08-07 10:24;1;08-07 10:24
2026-08-07T11:27:00.000+01:00,MAR1GSOPEN;AUDCHF;B2;08-07 10:24;0;
2026-08-07T11:30:00.000+01:00,MAR1GSOPEN;AUDCHF;A1;08-07 10:24;1;08-07 10:24
2026-08-07T11:30:00.000+01:00,MAR1GSOPEN;AUDCHF;B2;08-07 10:24;0;
2026-08-07T11:33:00.000+01:00,MAR1GSOPEN;AUDCHF;A1;08-07 10:24;1;08-07 10:24
2026-08-07T11:33:00.000+01:00,MAR1GSOPEN;AUDCHF;B2;08-07 10:24;0;
2026-08-07T11:36:00.000+01:00,MAR1GSOPEN;AUDCHF;A1;08-07 10:24;1;08-07 10:24
2026-08-07T11:36:00.000+01:00,MAR1GSOPEN;AUDCHF;B2;08-07 10:24;0;
2026-08-07T11:39:00.000+01:00,MAR1GSOPEN;AUDCHF;A1;08-07 10:24;1;08-07 10:24
2026-08-07T11:39:00.000+01:00,MAR1GSOPEN;AUDCHF;B2;08-07 10:24;0;
2026-08-07T11:42:00.000+01:00,MAR1GSOPEN;AUDCHF;A1;08-07 10:24;1;08-07 10:24
2026-08-07T11:42:00.000+01:00,MAR1GSOPEN;AUDCHF;B2;08-07 10:24;0;
2026-08-07T11:45:00.000+01:00,MAR1GSOPEN;AUDCHF;A1;08-07 10:24;1;08-07 10:24
2026-08-07T11:45:00.000+01:00,MAR1GSOPEN;AUDCHF;B2;08-07 10:24;0;
2026-08-07T11:48:00.000+01:00,MAR1GSOPEN;AUDCHF;A1;08-07 10:24;1;08-07 10:24
2026-08-07T11:48:00.000+01:00,MAR1GSOPEN;AUDCHF;B2;08-07 10:24;0;
2026-08-07T11:51:00.000+01:00,MAR1GSOPEN;AUDCHF;A1;08-07 10:24;1;08-07 10:24
2026-08-07T11:51:00.000+01:00,MAR1GSOPEN;AUDCHF;B2;08-07 10:24;0;
2026-08-07T11:54:00.000+01:00,"MAR1GSOPEN;AUDCHF;A1;08-07 10:24;2;08-07 10:24,08-07 11:54"
2026-08-07T11:54:00.000+01:00,MAR1GSOPEN;AUDCHF;A2;08-07 11:54;0;
2026-08-07T11:54:00.000+01:00,MAR1GSOPEN;AUDCHF;B2;08-07 11:54;1;08-07 11:54
2026-08-07T11:57:00.000+01:00,"MAR1GSCLOSE;AUDCHF;A1;08-07 10:24;08-07 12:00;3;short;08-07 10:24,08-07 11:54,08-07 11:57"
2026-08-07T11:57:00.000+01:00,MAR1GSCLOSE;AUDCHF;A2;08-07 11:57;08-07 12:00;1;short;08-07 11:57
2026-08-07T11:57:00.000+01:00,"MAR1GSCLOSE;AUDCHF;B2;08-07 11:54;08-07 12:00;2;short;08-07 11:54,08-07 11:57"
2026-08-07T18:15:00.000+01:00,MAR1GSOPEN;AUDCHF;A1;08-07 18:15;0;
2026-08-07T18:18:00.000+01:00,MAR1GSOPEN;AUDCHF;A1;08-07 18:15;0;
2026-08-07T18:21:00.000+01:00,MAR1GSOPEN;AUDCHF;A1;08-07 18:15;0;
2026-08-07T18:24:00.000+01:00,MAR1GSOPEN;AUDCHF;A1;08-07 18:15;0;
2026-08-07T18:27:00.000+01:00,MAR1GSOPEN;AUDCHF;A1;08-07 18:15;0;
2026-08-07T18:30:00.000+01:00,MAR1GSOPEN;AUDCHF;A1;08-07 18:15;0;
2026-08-07T18:33:00.000+01:00,MAR1GSOPEN;AUDCHF;A1;08-07 18:15;0;
2026-08-07T18:36:00.000+01:00,MAR1GSOPEN;AUDCHF;A1;08-07 18:15;0;
2026-08-07T18:39:00.000+01:00,MAR1GSOPEN;AUDCHF;A1;08-07 18:15;0;
2026-08-07T18:42:00.000+01:00,MAR1GSOPEN;AUDCHF;A1;08-07 18:15;0;
2026-08-07T18:45:00.000+01:00,MAR1GSOPEN;AUDCHF;A1;08-07 18:15;0;
2026-08-07T18:48:00.000+01:00,MAR1GSOPEN;AUDCHF;A1;08-07 18:15;0;
2026-08-07T18:51:00.000+01:00,MAR1GSOPEN;AUDCHF;A1;08-07 18:51;1;08-07 18:51
2026-08-07T18:51:00.000+01:00,MAR1GSOPEN;AUDCHF;A2;08-07 18:51;0;
2026-08-07T18:51:00.000+01:00,MAR1GSOPEN;AUDCHF;B2;08-07 18:51;0;
2026-08-07T18:54:00.000+01:00,MAR1GSOPEN;AUDCHF;A1;08-07 18:51;1;08-07 18:51
2026-08-07T18:54:00.000+01:00,MAR1GSOPEN;AUDCHF;A2;08-07 18:51;0;
2026-08-07T18:54:00.000+01:00,MAR1GSOPEN;AUDCHF;B2;08-07 18:51;0;
2026-08-07T18:57:00.000+01:00,MAR1GSOPEN;AUDCHF;A1;08-07 18:51;1;08-07 18:51
2026-08-07T18:57:00.000+01:00,MAR1GSOPEN;AUDCHF;A2;08-07 18:51;0;
2026-08-07T18:57:00.000+01:00,MAR1GSOPEN;AUDCHF;B2;08-07 18:51;0;
2026-08-07T19:00:00.000+01:00,MAR1GSOPEN;AUDCHF;A1;08-07 18:51;1;08-07 18:51
2026-08-07T19:00:00.000+01:00,MAR1GSOPEN;AUDCHF;A2;08-07 18:51;0;
2026-08-07T19:00:00.000+01:00,MAR1GSOPEN;AUDCHF;B2;08-07 18:51;0;
2026-08-07T19:03:00.000+01:00,MAR1GSOPEN;AUDCHF;A1;08-07 18:51;1;08-07 18:51
2026-08-07T19:03:00.000+01:00,MAR1GSOPEN;AUDCHF;A2;08-07 18:51;0;
2026-08-07T19:03:00.000+01:00,MAR1GSOPEN;AUDCHF;B2;08-07 18:51;0;
2026-08-07T19:06:00.000+01:00,MAR1GSOPEN;AUDCHF;A1;08-07 18:51;1;08-07 18:51
2026-08-07T19:06:00.000+01:00,MAR1GSOPEN;AUDCHF;A2;08-07 18:51;0;
2026-08-07T19:06:00.000+01:00,MAR1GSOPEN;AUDCHF;B2;08-07 18:51;0;
2026-08-07T19:09:00.000+01:00,MAR1GSOPEN;AUDCHF;A1;08-07 18:51;1;08-07 18:51
2026-08-07T19:09:00.000+01:00,MAR1GSOPEN;AUDCHF;A2;08-07 18:51;0;
2026-08-07T19:09:00.000+01:00,MAR1GSOPEN;AUDCHF;B2;08-07 18:51;0;
2026-08-07T19:12:00.000+01:00,MAR1GSOPEN;AUDCHF;A1;08-07 18:51;1;08-07 18:51
2026-08-07T19:12:00.000+01:00,MAR1GSOPEN;AUDCHF;A2;08-07 18:51;0;
2026-08-07T19:12:00.000+01:00,MAR1GSOPEN;AUDCHF;B2;08-07 18:51;0;
2026-08-07T19:15:00.000+01:00,MAR1GSOPEN;AUDCHF;A1;08-07 18:51;1;08-07 18:51
2026-08-07T19:15:00.000+01:00,MAR1GSOPEN;AUDCHF;A2;08-07 18:51;0;
2026-08-07T19:15:00.000+01:00,MAR1GSOPEN;AUDCHF;B2;08-07 18:51;0;
2026-08-07T19:18:00.000+01:00,MAR1GSOPEN;AUDCHF;A1;08-07 18:51;1;08-07 18:51
2026-08-07T19:18:00.000+01:00,MAR1GSOPEN;AUDCHF;A2;08-07 18:51;0;
2026-08-07T19:18:00.000+01:00,MAR1GSOPEN;AUDCHF;B2;08-07 18:51;0;
2026-08-07T19:21:00.000+01:00,MAR1GSOPEN;AUDCHF;A1;08-07 18:51;1;08-07 18:51
2026-08-07T19:21:00.000+01:00,MAR1GSOPEN;AUDCHF;A2;08-07 18:51;0;
2026-08-07T19:21:00.000+01:00,MAR1GSOPEN;AUDCHF;B2;08-07 18:51;0;
2026-08-07T19:24:00.000+01:00,MAR1GSOPEN;AUDCHF;A1;08-07 18:51;1;08-07 18:51
2026-08-07T19:24:00.000+01:00,MAR1GSOPEN;AUDCHF;A2;08-07 18:51;0;
2026-08-07T19:24:00.000+01:00,MAR1GSOPEN;AUDCHF;B2;08-07 18:51;0;
2026-08-07T19:27:00.000+01:00,MAR1GSOPEN;AUDCHF;A1;08-07 18:51;1;08-07 18:51
2026-08-07T19:27:00.000+01:00,MAR1GSOPEN;AUDCHF;A2;08-07 18:51;0;
2026-08-07T19:27:00.000+01:00,MAR1GSOPEN;AUDCHF;B2;08-07 18:51;0;
2026-08-07T19:30:00.000+01:00,MAR1GSOPEN;AUDCHF;A1;08-07 18:51;1;08-07 18:51
2026-08-07T19:30:00.000+01:00,MAR1GSOPEN;AUDCHF;A2;08-07 18:51;0;
2026-08-07T19:30:00.000+01:00,MAR1GSOPEN;AUDCHF;B2;08-07 18:51;0;
2026-08-07T19:33:00.000+01:00,MAR1GSOPEN;AUDCHF;A1;08-07 18:51;1;08-07 18:51
2026-08-07T19:33:00.000+01:00,MAR1GSOPEN;AUDCHF;A2;08-07 18:51;0;
2026-08-07T19:33:00.000+01:00,MAR1GSOPEN;AUDCHF;B2;08-07 18:51;0;
2026-08-07T19:36:00.000+01:00,MAR1GSOPEN;AUDCHF;A1;08-07 18:51;1;08-07 18:51
2026-08-07T19:36:00.000+01:00,MAR1GSOPEN;AUDCHF;A2;08-07 18:51;0;
2026-08-07T19:36:00.000+01:00,MAR1GSOPEN;AUDCHF;B2;08-07 18:51;0;
2026-08-07T19:39:00.000+01:00,MAR1GSOPEN;AUDCHF;A1;08-07 18:51;1;08-07 18:51
2026-08-07T19:39:00.000+01:00,MAR1GSOPEN;AUDCHF;A2;08-07 18:51;0;
2026-08-07T19:39:00.000+01:00,MAR1GSOPEN;AUDCHF;B2;08-07 18:51;0;
2026-08-07T19:42:00.000+01:00,MAR1GSOPEN;AUDCHF;A1;08-07 18:51;1;08-07 18:51
2026-08-07T19:42:00.000+01:00,MAR1GSOPEN;AUDCHF;A2;08-07 18:51;0;
2026-08-07T19:42:00.000+01:00,MAR1GSOPEN;AUDCHF;B2;08-07 18:51;0;
2026-08-07T19:45:00.000+01:00,MAR1GSOPEN;AUDCHF;A1;08-07 18:51;1;08-07 18:51
2026-08-07T19:45:00.000+01:00,MAR1GSOPEN;AUDCHF;A2;08-07 18:51;0;
2026-08-07T19:45:00.000+01:00,MAR1GSOPEN;AUDCHF;B2;08-07 18:51;0;
2026-08-07T19:48:00.000+01:00,MAR1GSOPEN;AUDCHF;A1;08-07 18:51;1;08-07 18:51
2026-08-07T19:48:00.000+01:00,MAR1GSOPEN;AUDCHF;A2;08-07 18:51;0;
2026-08-07T19:48:00.000+01:00,MAR1GSOPEN;AUDCHF;B2;08-07 18:51;0;
2026-08-07T19:51:00.000+01:00,MAR1GSOPEN;AUDCHF;A1;08-07 18:51;1;08-07 18:51
2026-08-07T19:51:00.000+01:00,MAR1GSOPEN;AUDCHF;A2;08-07 18:51;0;
2026-08-07T19:51:00.000+01:00,MAR1GSOPEN;AUDCHF;B2;08-07 18:51;0;
2026-08-07T19:54:00.000+01:00,MAR1GSOPEN;AUDCHF;A1;08-07 18:51;1;08-07 18:51
2026-08-07T19:54:00.000+01:00,MAR1GSOPEN;AUDCHF;A2;08-07 18:51;0;
2026-08-07T19:54:00.000+01:00,MAR1GSOPEN;AUDCHF;B2;08-07 18:51;0;
2026-08-07T19:57:00.000+01:00,MAR1GSOPEN;AUDCHF;A1;08-07 18:51;1;08-07 18:51
2026-08-07T19:57:00.000+01:00,MAR1GSOPEN;AUDCHF;A2;08-07 18:51;0;
2026-08-07T19:57:00.000+01:00,MAR1GSOPEN;AUDCHF;B2;08-07 18:51;0;
2026-08-07T20:00:00.000+01:00,MAR1GSOPEN;AUDCHF;A1;08-07 18:51;1;08-07 18:51
2026-08-07T20:00:00.000+01:00,MAR1GSSESSIONCLOSE;AUDCHF;A1;08-07 18:51;08-07 20:00;1;08-07 18:51
2026-08-07T20:00:00.000+01:00,MAR1GSOPEN;AUDCHF;A2;08-07 18:51;0;
2026-08-07T20:00:00.000+01:00,MAR1GSSESSIONCLOSE;AUDCHF;A2;08-07 18:51;08-07 20:00;0;
2026-08-07T20:00:00.000+01:00,MAR1GSOPEN;AUDCHF;B2;08-07 18:51;0;
2026-08-07T20:00:00.000+01:00,MAR1GSSESSIONCLOSE;AUDCHF;B2;08-07 18:51;08-07 20:00;0;
2026-08-07T20:03:00.000+01:00,MAR1GSOPEN;AUDCHF;A1;08-07 18:51;1;08-07 18:51
2026-08-07T20:03:00.000+01:00,MAR1GSOPEN;AUDCHF;A2;08-07 18:51;0;
2026-08-07T20:03:00.000+01:00,MAR1GSOPEN;AUDCHF;B2;08-07 18:51;0;
2026-08-07T20:06:00.000+01:00,MAR1GSOPEN;AUDCHF;A1;08-07 18:51;1;08-07 18:51
2026-08-07T20:06:00.000+01:00,MAR1GSOPEN;AUDCHF;A2;08-07 18:51;0;
2026-08-07T20:06:00.000+01:00,MAR1GSOPEN;AUDCHF;B2;08-07 18:51;0;
2026-08-07T20:09:00.000+01:00,MAR1GSOPEN;AUDCHF;A1;08-07 18:51;1;08-07 18:51
2026-08-07T20:09:00.000+01:00,MAR1GSOPEN;AUDCHF;A2;08-07 18:51;0;
2026-08-07T20:09:00.000+01:00,MAR1GSOPEN;AUDCHF;B2;08-07 18:51;0;
2026-08-07T20:12:00.000+01:00,MAR1GSOPEN;AUDCHF;A1;08-07 18:51;1;08-07 18:51
2026-08-07T20:12:00.000+01:00,MAR1GSOPEN;AUDCHF;A2;08-07 18:51;0;
2026-08-07T20:12:00.000+01:00,MAR1GSOPEN;AUDCHF;B2;08-07 18:51;0;
2026-08-07T20:15:00.000+01:00,MAR1GSOPEN;AUDCHF;A1;08-07 18:51;1;08-07 18:51
2026-08-07T20:15:00.000+01:00,MAR1GSOPEN;AUDCHF;A2;08-07 18:51;0;
2026-08-07T20:15:00.000+01:00,MAR1GSOPEN;AUDCHF;B2;08-07 18:51;0;
2026-08-07T20:18:00.000+01:00,MAR1GSOPEN;AUDCHF;A1;08-07 18:51;1;08-07 18:51
2026-08-07T20:18:00.000+01:00,MAR1GSOPEN;AUDCHF;A2;08-07 18:51;0;
2026-08-07T20:18:00.000+01:00,MAR1GSOPEN;AUDCHF;B2;08-07 18:51;0;
2026-08-07T20:21:00.000+01:00,MAR1GSOPEN;AUDCHF;A1;08-07 18:51;1;08-07 18:51
2026-08-07T20:21:00.000+01:00,MAR1GSOPEN;AUDCHF;A2;08-07 18:51;0;
2026-08-07T20:21:00.000+01:00,MAR1GSOPEN;AUDCHF;B2;08-07 18:51;0;
2026-08-07T20:24:00.000+01:00,MAR1GSOPEN;AUDCHF;A1;08-07 18:51;1;08-07 18:51
2026-08-07T20:24:00.000+01:00,MAR1GSOPEN;AUDCHF;A2;08-07 18:51;0;
2026-08-07T20:24:00.000+01:00,MAR1GSOPEN;AUDCHF;B2;08-07 18:51;0;
2026-08-07T20:27:00.000+01:00,MAR1GSOPEN;AUDCHF;A1;08-07 18:51;1;08-07 18:51
2026-08-07T20:27:00.000+01:00,MAR1GSOPEN;AUDCHF;A2;08-07 18:51;0;
2026-08-07T20:27:00.000+01:00,MAR1GSOPEN;AUDCHF;B2;08-07 18:51;0;
2026-08-07T20:30:00.000+01:00,MAR1GSOPEN;AUDCHF;A1;08-07 18:51;1;08-07 18:51
2026-08-07T20:30:00.000+01:00,MAR1GSOPEN;AUDCHF;A2;08-07 18:51;0;
2026-08-07T20:30:00.000+01:00,MAR1GSOPEN;AUDCHF;B2;08-07 18:51;0;
2026-08-07T20:33:00.000+01:00,MAR1GSOPEN;AUDCHF;A1;08-07 18:51;1;08-07 18:51
2026-08-07T20:33:00.000+01:00,MAR1GSOPEN;AUDCHF;A2;08-07 18:51;0;
2026-08-07T20:33:00.000+01:00,MAR1GSOPEN;AUDCHF;B2;08-07 18:51;0;
2026-08-07T20:36:00.000+01:00,MAR1GSOPEN;AUDCHF;A1;08-07 18:51;1;08-07 18:51
2026-08-07T20:36:00.000+01:00,MAR1GSOPEN;AUDCHF;A2;08-07 18:51;0;
2026-08-07T20:36:00.000+01:00,MAR1GSOPEN;AUDCHF;B2;08-07 18:51;0;
2026-08-07T20:39:00.000+01:00,MAR1GSOPEN;AUDCHF;A1;08-07 18:51;1;08-07 18:51
2026-08-07T20:39:00.000+01:00,MAR1GSOPEN;AUDCHF;A2;08-07 18:51;0;
2026-08-07T20:39:00.000+01:00,MAR1GSOPEN;AUDCHF;B2;08-07 18:51;0;
2026-08-07T20:42:00.000+01:00,MAR1GSOPEN;AUDCHF;A1;08-07 18:51;1;08-07 18:51
2026-08-07T20:42:00.000+01:00,MAR1GSOPEN;AUDCHF;A2;08-07 18:51;0;
2026-08-07T20:42:00.000+01:00,MAR1GSOPEN;AUDCHF;B2;08-07 18:51;0;
2026-08-07T20:45:00.000+01:00,MAR1GSOPEN;AUDCHF;A1;08-07 18:51;1;08-07 18:51
2026-08-07T20:45:00.000+01:00,MAR1GSOPEN;AUDCHF;A2;08-07 18:51;0;
2026-08-07T20:45:00.000+01:00,MAR1GSOPEN;AUDCHF;B2;08-07 18:51;0;
2026-08-07T20:48:00.000+01:00,MAR1GSOPEN;AUDCHF;A1;08-07 18:51;1;08-07 18:51
2026-08-07T20:48:00.000+01:00,MAR1GSOPEN;AUDCHF;A2;08-07 18:51;0;
2026-08-07T20:48:00.000+01:00,MAR1GSOPEN;AUDCHF;B2;08-07 18:51;0;
2026-08-07T20:51:00.000+01:00,MAR1GSOPEN;AUDCHF;A1;08-07 18:51;1;08-07 18:51
2026-08-07T20:51:00.000+01:00,MAR1GSOPEN;AUDCHF;A2;08-07 18:51;0;
2026-08-07T20:51:00.000+01:00,MAR1GSOPEN;AUDCHF;B2;08-07 18:51;0;
2026-08-07T20:54:00.000+01:00,MAR1GSOPEN;AUDCHF;A1;08-07 18:51;1;08-07 18:51
2026-08-07T20:54:00.000+01:00,MAR1GSOPEN;AUDCHF;A2;08-07 18:51;0;
2026-08-07T20:54:00.000+01:00,MAR1GSOPEN;AUDCHF;B2;08-07 18:51;0;
2026-08-07T20:57:00.000+01:00,MAR1GSOPEN;AUDCHF;A1;08-07 18:51;1;08-07 18:51
2026-08-07T20:57:00.000+01:00,MAR1GSOPEN;AUDCHF;A2;08-07 18:51;0;
2026-08-07T20:57:00.000+01:00,MAR1GSOPEN;AUDCHF;B2;08-07 18:51;0;
2026-08-07T21:00:00.000+01:00,MAR1GSOPEN;AUDCHF;A1;08-07 18:51;1;08-07 18:51
2026-08-07T21:00:00.000+01:00,MAR1GSOPEN;AUDCHF;A2;08-07 18:51;0;
2026-08-07T21:00:00.000+01:00,MAR1GSOPEN;AUDCHF;B2;08-07 18:51;0;
2026-08-07T21:03:00.000+01:00,MAR1GSOPEN;AUDCHF;A1;08-07 18:51;1;08-07 18:51
2026-08-07T21:03:00.000+01:00,MAR1GSOPEN;AUDCHF;A2;08-07 18:51;0;
2026-08-07T21:03:00.000+01:00,MAR1GSOPEN;AUDCHF;B2;08-07 18:51;0;
2026-08-07T21:06:00.000+01:00,MAR1GSOPEN;AUDCHF;A1;08-07 18:51;1;08-07 18:51
2026-08-07T21:06:00.000+01:00,MAR1GSOPEN;AUDCHF;A2;08-07 18:51;0;
2026-08-07T21:06:00.000+01:00,MAR1GSOPEN;AUDCHF;B2;08-07 18:51;0;
2026-08-07T21:09:00.000+01:00,MAR1GSOPEN;AUDCHF;A1;08-07 18:51;1;08-07 18:51
2026-08-07T21:09:00.000+01:00,MAR1GSOPEN;AUDCHF;A2;08-07 18:51;0;
2026-08-07T21:09:00.000+01:00,MAR1GSOPEN;AUDCHF;B2;08-07 18:51;0;
2026-08-07T21:12:00.000+01:00,MAR1GSOPEN;AUDCHF;A1;08-07 18:51;1;08-07 18:51
2026-08-07T21:12:00.000+01:00,MAR1GSOPEN;AUDCHF;A2;08-07 18:51;0;
2026-08-07T21:12:00.000+01:00,MAR1GSOPEN;AUDCHF;B2;08-07 18:51;0;
2026-08-07T21:15:00.000+01:00,MAR1GSOPEN;AUDCHF;A1;08-07 18:51;1;08-07 18:51
2026-08-07T21:15:00.000+01:00,MAR1GSOPEN;AUDCHF;A2;08-07 18:51;0;
2026-08-07T21:15:00.000+01:00,MAR1GSOPEN;AUDCHF;B2;08-07 18:51;0;
2026-08-07T21:18:00.000+01:00,MAR1GSOPEN;AUDCHF;A1;08-07 18:51;1;08-07 18:51
2026-08-07T21:18:00.000+01:00,MAR1GSOPEN;AUDCHF;A2;08-07 18:51;0;
2026-08-07T21:18:00.000+01:00,MAR1GSOPEN;AUDCHF;B2;08-07 18:51;0;
2026-08-07T21:21:00.000+01:00,MAR1GSOPEN;AUDCHF;A1;08-07 18:51;1;08-07 18:51
2026-08-07T21:21:00.000+01:00,MAR1GSOPEN;AUDCHF;A2;08-07 18:51;0;
2026-08-07T21:21:00.000+01:00,MAR1GSOPEN;AUDCHF;B2;08-07 18:51;0;
2026-08-07T21:24:00.000+01:00,MAR1GSOPEN;AUDCHF;A1;08-07 18:51;1;08-07 18:51
2026-08-07T21:24:00.000+01:00,MAR1GSOPEN;AUDCHF;A2;08-07 18:51;0;
2026-08-07T21:24:00.000+01:00,MAR1GSOPEN;AUDCHF;B2;08-07 18:51;0;
2026-08-07T21:27:00.000+01:00,MAR1GSOPEN;AUDCHF;A1;08-07 18:51;1;08-07 18:51
2026-08-07T21:27:00.000+01:00,MAR1GSOPEN;AUDCHF;A2;08-07 18:51;0;
2026-08-07T21:27:00.000+01:00,MAR1GSOPEN;AUDCHF;B2;08-07 18:51;0;
2026-08-07T21:30:00.000+01:00,MAR1GSOPEN;AUDCHF;A1;08-07 18:51;1;08-07 18:51
2026-08-07T21:30:00.000+01:00,MAR1GSOPEN;AUDCHF;A2;08-07 18:51;0;
2026-08-07T21:30:00.000+01:00,MAR1GSOPEN;AUDCHF;B2;08-07 18:51;0;
2026-08-07T21:33:00.000+01:00,MAR1GSOPEN;AUDCHF;A1;08-07 18:51;1;08-07 18:51
2026-08-07T21:33:00.000+01:00,MAR1GSOPEN;AUDCHF;A2;08-07 18:51;0;
2026-08-07T21:33:00.000+01:00,MAR1GSOPEN;AUDCHF;B2;08-07 18:51;0;
2026-08-07T21:36:00.000+01:00,MAR1GSOPEN;AUDCHF;A1;08-07 18:51;1;08-07 18:51
2026-08-07T21:36:00.000+01:00,MAR1GSOPEN;AUDCHF;A2;08-07 18:51;0;
2026-08-07T21:36:00.000+01:00,MAR1GSOPEN;AUDCHF;B2;08-07 18:51;0;
2026-08-07T21:39:00.000+01:00,MAR1GSOPEN;AUDCHF;A1;08-07 18:51;1;08-07 18:51
2026-08-07T21:39:00.000+01:00,MAR1GSOPEN;AUDCHF;A2;08-07 18:51;0;
2026-08-07T21:39:00.000+01:00,MAR1GSOPEN;AUDCHF;B2;08-07 18:51;0;
2026-08-07T21:42:00.000+01:00,MAR1GSOPEN;AUDCHF;A1;08-07 18:51;1;08-07 18:51
2026-08-07T21:42:00.000+01:00,MAR1GSOPEN;AUDCHF;A2;08-07 18:51;0;
2026-08-07T21:42:00.000+01:00,MAR1GSOPEN;AUDCHF;B2;08-07 18:51;0;
2026-08-07T21:45:00.000+01:00,MAR1GSOPEN;AUDCHF;A1;08-07 18:51;1;08-07 18:51
2026-08-07T21:45:00.000+01:00,MAR1GSOPEN;AUDCHF;A2;08-07 18:51;0;
2026-08-07T21:45:00.000+01:00,MAR1GSOPEN;AUDCHF;B2;08-07 18:51;0;
2026-08-07T21:48:00.000+01:00,MAR1GSOPEN;AUDCHF;A1;08-07 18:51;1;08-07 18:51
2026-08-07T21:48:00.000+01:00,MAR1GSOPEN;AUDCHF;A2;08-07 18:51;0;
2026-08-07T21:48:00.000+01:00,MAR1GSOPEN;AUDCHF;B2;08-07 18:51;0;
2026-08-07T21:51:00.000+01:00,MAR1GSOPEN;AUDCHF;A1;08-07 18:51;1;08-07 18:51
2026-08-07T21:51:00.000+01:00,MAR1GSOPEN;AUDCHF;A2;08-07 18:51;0;
2026-08-07T21:51:00.000+01:00,MAR1GSOPEN;AUDCHF;B2;08-07 18:51;0;
2026-08-07T21:54:00.000+01:00,MAR1GSOPEN;AUDCHF;A1;08-07 18:51;1;08-07 18:51
2026-08-07T21:54:00.000+01:00,MAR1GSOPEN;AUDCHF;A2;08-07 18:51;0;
2026-08-07T21:54:00.000+01:00,MAR1GSOPEN;AUDCHF;B2;08-07 18:51;0;
2026-08-07T21:57:00.000+01:00,MAR1GSOPEN;AUDCHF;A1;08-07 18:51;1;08-07 18:51
2026-08-07T21:57:00.000+01:00,MAR1GSOPEN;AUDCHF;A2;08-07 18:51;0;
2026-08-07T21:57:00.000+01:00,MAR1GSOPEN;AUDCHF;B2;08-07 18:51;0;
2026-08-09T22:15:00.000+01:00,MAR1GSOPEN;AUDCHF;A1;08-07 18:51;1;08-07 18:51
2026-08-09T22:15:00.000+01:00,MAR1GSOPEN;AUDCHF;A2;08-07 18:51;0;
2026-08-09T22:15:00.000+01:00,MAR1GSOPEN;AUDCHF;B2;08-07 18:51;0;
2026-08-09T22:18:00.000+01:00,MAR1GSOPEN;AUDCHF;A1;08-07 18:51;1;08-07 18:51
2026-08-09T22:18:00.000+01:00,MAR1GSOPEN;AUDCHF;A2;08-07 18:51;0;
2026-08-09T22:18:00.000+01:00,MAR1GSOPEN;AUDCHF;B2;08-07 18:51;0;
2026-08-09T22:21:00.000+01:00,MAR1GSOPEN;AUDCHF;A1;08-07 18:51;1;08-07 18:51
2026-08-09T22:21:00.000+01:00,MAR1GSOPEN;AUDCHF;A2;08-07 18:51;0;
2026-08-09T22:21:00.000+01:00,MAR1GSOPEN;AUDCHF;B2;08-07 18:51;0;
2026-08-09T22:24:00.000+01:00,MAR1GSOPEN;AUDCHF;A1;08-07 18:51;1;08-07 18:51
2026-08-09T22:24:00.000+01:00,MAR1GSOPEN;AUDCHF;A2;08-07 18:51;0;
2026-08-09T22:24:00.000+01:00,MAR1GSOPEN;AUDCHF;B2;08-07 18:51;0;
2026-08-09T22:27:00.000+01:00,MAR1GSOPEN;AUDCHF;A1;08-07 18:51;1;08-07 18:51
2026-08-09T22:27:00.000+01:00,MAR1GSOPEN;AUDCHF;A2;08-07 18:51;0;
2026-08-09T22:27:00.000+01:00,MAR1GSOPEN;AUDCHF;B2;08-07 18:51;0;
2026-08-09T22:30:00.000+01:00,MAR1GSOPEN;AUDCHF;A1;08-07 18:51;1;08-07 18:51
2026-08-09T22:30:00.000+01:00,MAR1GSOPEN;AUDCHF;A2;08-07 18:51;0;
2026-08-09T22:30:00.000+01:00,MAR1GSOPEN;AUDCHF;B2;08-07 18:51;0;
2026-08-09T22:33:00.000+01:00,MAR1GSOPEN;AUDCHF;A1;08-07 18:51;1;08-07 18:51
2026-08-09T22:33:00.000+01:00,MAR1GSOPEN;AUDCHF;A2;08-07 18:51;0;
2026-08-09T22:33:00.000+01:00,MAR1GSOPEN;AUDCHF;B2;08-07 18:51;0;
2026-08-09T22:36:00.000+01:00,MAR1GSOPEN;AUDCHF;A1;08-07 18:51;1;08-07 18:51
2026-08-09T22:36:00.000+01:00,MAR1GSOPEN;AUDCHF;A2;08-07 18:51;0;
2026-08-09T22:36:00.000+01:00,MAR1GSOPEN;AUDCHF;B2;08-07 18:51;0;
2026-08-09T22:39:00.000+01:00,MAR1GSOPEN;AUDCHF;A1;08-07 18:51;1;08-07 18:51
2026-08-09T22:39:00.000+01:00,MAR1GSOPEN;AUDCHF;A2;08-07 18:51;0;
2026-08-09T22:39:00.000+01:00,MAR1GSOPEN;AUDCHF;B2;08-07 18:51;0;
2026-08-09T22:42:00.000+01:00,MAR1GSOPEN;AUDCHF;A1;08-07 18:51;1;08-07 18:51
2026-08-09T22:42:00.000+01:00,MAR1GSOPEN;AUDCHF;A2;08-07 18:51;0;
2026-08-09T22:42:00.000+01:00,MAR1GSOPEN;AUDCHF;B2;08-07 18:51;0;
2026-08-09T22:45:00.000+01:00,MAR1GSOPEN;AUDCHF;A1;08-07 18:51;1;08-07 18:51
2026-08-09T22:45:00.000+01:00,MAR1GSOPEN;AUDCHF;A2;08-07 18:51;0;
2026-08-09T22:45:00.000+01:00,MAR1GSOPEN;AUDCHF;B2;08-07 18:51;0;
2026-08-09T22:48:00.000+01:00,MAR1GSOPEN;AUDCHF;A1;08-07 18:51;1;08-07 18:51
2026-08-09T22:48:00.000+01:00,MAR1GSOPEN;AUDCHF;A2;08-07 18:51;0;
2026-08-09T22:48:00.000+01:00,MAR1GSOPEN;AUDCHF;B2;08-07 18:51;0;
2026-08-09T22:51:00.000+01:00,MAR1GSOPEN;AUDCHF;A1;08-07 18:51;1;08-07 18:51
2026-08-09T22:51:00.000+01:00,MAR1GSOPEN;AUDCHF;A2;08-07 18:51;0;
2026-08-09T22:51:00.000+01:00,MAR1GSOPEN;AUDCHF;B2;08-07 18:51;0;
2026-08-09T22:54:00.000+01:00,MAR1GSOPEN;AUDCHF;A1;08-07 18:51;1;08-07 18:51
2026-08-09T22:54:00.000+01:00,MAR1GSOPEN;AUDCHF;A2;08-07 18:51;0;
2026-08-09T22:54:00.000+01:00,MAR1GSOPEN;AUDCHF;B2;08-07 18:51;0;
2026-08-09T23:00:00.000+01:00,MAR1GSOPEN;AUDCHF;A1;08-07 18:51;1;08-07 18:51
2026-08-09T23:00:00.000+01:00,MAR1GSOPEN;AUDCHF;A2;08-07 18:51;0;
2026-08-09T23:00:00.000+01:00,MAR1GSOPEN;AUDCHF;B2;08-07 18:51;0;
2026-08-09T23:03:00.000+01:00,MAR1GSOPEN;AUDCHF;A1;08-07 18:51;1;08-07 18:51
2026-08-09T23:03:00.000+01:00,MAR1GSOPEN;AUDCHF;A2;08-07 18:51;0;
2026-08-09T23:03:00.000+01:00,MAR1GSOPEN;AUDCHF;B2;08-07 18:51;0;
2026-08-09T23:06:00.000+01:00,MAR1GSOPEN;AUDCHF;A1;08-07 18:51;1;08-07 18:51
2026-08-09T23:06:00.000+01:00,MAR1GSOPEN;AUDCHF;A2;08-07 18:51;0;
2026-08-09T23:06:00.000+01:00,MAR1GSOPEN;AUDCHF;B2;08-07 18:51;0;
2026-08-09T23:09:00.000+01:00,MAR1GSOPEN;AUDCHF;A1;08-07 18:51;1;08-07 18:51
2026-08-09T23:09:00.000+01:00,MAR1GSOPEN;AUDCHF;A2;08-07 18:51;0;
2026-08-09T23:09:00.000+01:00,MAR1GSOPEN;AUDCHF;B2;08-07 18:51;0;
2026-08-09T23:12:00.000+01:00,MAR1GSOPEN;AUDCHF;A1;08-07 18:51;1;08-07 18:51
2026-08-09T23:12:00.000+01:00,MAR1GSOPEN;AUDCHF;A2;08-07 18:51;0;
2026-08-09T23:12:00.000+01:00,MAR1GSOPEN;AUDCHF;B2;08-07 18:51;0;
2026-08-09T23:15:00.000+01:00,MAR1GSOPEN;AUDCHF;A1;08-07 18:51;1;08-07 18:51
2026-08-09T23:15:00.000+01:00,MAR1GSOPEN;AUDCHF;A2;08-07 18:51;0;
2026-08-09T23:15:00.000+01:00,MAR1GSOPEN;AUDCHF;B2;08-07 18:51;0;
2026-08-09T23:18:00.000+01:00,MAR1GSOPEN;AUDCHF;A1;08-07 18:51;1;08-07 18:51
2026-08-09T23:18:00.000+01:00,MAR1GSOPEN;AUDCHF;A2;08-07 18:51;0;
2026-08-09T23:18:00.000+01:00,MAR1GSOPEN;AUDCHF;B2;08-07 18:51;0;
2026-08-09T23:21:00.000+01:00,MAR1GSOPEN;AUDCHF;A1;08-07 18:51;1;08-07 18:51
2026-08-09T23:21:00.000+01:00,MAR1GSOPEN;AUDCHF;A2;08-07 18:51;0;
2026-08-09T23:21:00.000+01:00,MAR1GSOPEN;AUDCHF;B2;08-07 18:51;0;
2026-08-09T23:24:00.000+01:00,MAR1GSOPEN;AUDCHF;A1;08-07 18:51;1;08-07 18:51
2026-08-09T23:24:00.000+01:00,MAR1GSOPEN;AUDCHF;A2;08-07 18:51;0;
2026-08-09T23:24:00.000+01:00,MAR1GSOPEN;AUDCHF;B2;08-07 18:51;0;
2026-08-09T23:27:00.000+01:00,MAR1GSOPEN;AUDCHF;A1;08-07 18:51;1;08-07 18:51
2026-08-09T23:27:00.000+01:00,MAR1GSOPEN;AUDCHF;A2;08-07 18:51;0;
2026-08-09T23:27:00.000+01:00,MAR1GSOPEN;AUDCHF;B2;08-07 18:51;0;
2026-08-09T23:30:00.000+01:00,MAR1GSOPEN;AUDCHF;A1;08-07 18:51;1;08-07 18:51
2026-08-09T23:30:00.000+01:00,MAR1GSOPEN;AUDCHF;A2;08-07 18:51;0;
2026-08-09T23:30:00.000+01:00,MAR1GSOPEN;AUDCHF;B2;08-07 18:51;0;
2026-08-09T23:33:00.000+01:00,MAR1GSOPEN;AUDCHF;A1;08-07 18:51;1;08-07 18:51
2026-08-09T23:33:00.000+01:00,MAR1GSOPEN;AUDCHF;A2;08-07 18:51;0;
2026-08-09T23:33:00.000+01:00,MAR1GSOPEN;AUDCHF;B2;08-07 18:51;0;
2026-08-09T23:36:00.000+01:00,MAR1GSOPEN;AUDCHF;A1;08-07 18:51;1;08-07 18:51
2026-08-09T23:36:00.000+01:00,MAR1GSOPEN;AUDCHF;A2;08-07 18:51;0;
2026-08-09T23:36:00.000+01:00,MAR1GSOPEN;AUDCHF;B2;08-07 18:51;0;
2026-08-09T23:39:00.000+01:00,MAR1GSOPEN;AUDCHF;A1;08-07 18:51;1;08-07 18:51
2026-08-09T23:39:00.000+01:00,MAR1GSOPEN;AUDCHF;A2;08-07 18:51;0;
2026-08-09T23:39:00.000+01:00,MAR1GSOPEN;AUDCHF;B2;08-07 18:51;0;
2026-08-09T23:42:00.000+01:00,MAR1GSOPEN;AUDCHF;A1;08-07 18:51;1;08-07 18:51
2026-08-09T23:42:00.000+01:00,MAR1GSOPEN;AUDCHF;A2;08-07 18:51;0;
2026-08-09T23:42:00.000+01:00,MAR1GSOPEN;AUDCHF;B2;08-07 18:51;0;
2026-08-09T23:45:00.000+01:00,MAR1GSOPEN;AUDCHF;A1;08-07 18:51;1;08-07 18:51
2026-08-09T23:45:00.000+01:00,MAR1GSOPEN;AUDCHF;A2;08-07 18:51;0;
2026-08-09T23:45:00.000+01:00,MAR1GSOPEN;AUDCHF;B2;08-07 18:51;0;
2026-08-09T23:48:00.000+01:00,MAR1GSOPEN;AUDCHF;A1;08-07 18:51;1;08-07 18:51
2026-08-09T23:48:00.000+01:00,MAR1GSOPEN;AUDCHF;A2;08-07 18:51;0;
2026-08-09T23:48:00.000+01:00,MAR1GSOPEN;AUDCHF;B2;08-07 18:51;0;
2026-08-09T23:51:00.000+01:00,MAR1GSOPEN;AUDCHF;A1;08-07 18:51;1;08-07 18:51
2026-08-09T23:51:00.000+01:00,MAR1GSOPEN;AUDCHF;A2;08-07 18:51;0;
2026-08-09T23:51:00.000+01:00,MAR1GSOPEN;AUDCHF;B2;08-07 18:51;0;
2026-08-09T23:54:00.000+01:00,MAR1GSOPEN;AUDCHF;A1;08-07 18:51;1;08-07 18:51
2026-08-09T23:54:00.000+01:00,MAR1GSOPEN;AUDCHF;A2;08-07 18:51;0;
2026-08-09T23:54:00.000+01:00,MAR1GSOPEN;AUDCHF;B2;08-07 18:51;0;
2026-08-09T23:57:00.000+01:00,MAR1GSOPEN;AUDCHF;A1;08-07 18:51;1;08-07 18:51
2026-08-09T23:57:00.000+01:00,MAR1GSOPEN;AUDCHF;A2;08-07 18:51;0;
2026-08-09T23:57:00.000+01:00,MAR1GSOPEN;AUDCHF;B2;08-07 18:51;0;
2026-08-10T00:00:00.000+01:00,MAR1GSOPEN;AUDCHF;A1;08-07 18:51;1;08-07 18:51
2026-08-10T00:00:00.000+01:00,MAR1GSOPEN;AUDCHF;A2;08-07 18:51;0;
2026-08-10T00:00:00.000+01:00,MAR1GSOPEN;AUDCHF;B2;08-07 18:51;0;
2026-08-10T00:03:00.000+01:00,MAR1GSOPEN;AUDCHF;A1;08-07 18:51;1;08-07 18:51
2026-08-10T00:03:00.000+01:00,MAR1GSOPEN;AUDCHF;A2;08-07 18:51;0;
2026-08-10T00:03:00.000+01:00,MAR1GSOPEN;AUDCHF;B2;08-07 18:51;0;
2026-08-10T00:06:00.000+01:00,MAR1GSOPEN;AUDCHF;A1;08-07 18:51;1;08-07 18:51
2026-08-10T00:06:00.000+01:00,MAR1GSOPEN;AUDCHF;A2;08-07 18:51;0;
2026-08-10T00:06:00.000+01:00,MAR1GSOPEN;AUDCHF;B2;08-07 18:51;0;
2026-08-10T00:09:00.000+01:00,MAR1GSOPEN;AUDCHF;A1;08-07 18:51;1;08-07 18:51
2026-08-10T00:09:00.000+01:00,MAR1GSOPEN;AUDCHF;A2;08-07 18:51;0;
2026-08-10T00:09:00.000+01:00,MAR1GSOPEN;AUDCHF;B2;08-07 18:51;0;
2026-08-10T00:12:00.000+01:00,MAR1GSOPEN;AUDCHF;A1;08-07 18:51;1;08-07 18:51
2026-08-10T00:12:00.000+01:00,MAR1GSOPEN;AUDCHF;A2;08-07 18:51;0;
2026-08-10T00:12:00.000+01:00,MAR1GSOPEN;AUDCHF;B2;08-07 18:51;0;
2026-08-10T00:15:00.000+01:00,MAR1GSOPEN;AUDCHF;A1;08-07 18:51;1;08-07 18:51
2026-08-10T00:15:00.000+01:00,MAR1GSOPEN;AUDCHF;A2;08-07 18:51;0;
2026-08-10T00:15:00.000+01:00,MAR1GSOPEN;AUDCHF;B2;08-07 18:51;0;
2026-08-10T00:18:00.000+01:00,MAR1GSOPEN;AUDCHF;A1;08-07 18:51;1;08-07 18:51
2026-08-10T00:18:00.000+01:00,MAR1GSOPEN;AUDCHF;A2;08-07 18:51;0;
2026-08-10T00:18:00.000+01:00,MAR1GSOPEN;AUDCHF;B2;08-07 18:51;0;
2026-08-10T00:21:00.000+01:00,MAR1GSOPEN;AUDCHF;A1;08-07 18:51;1;08-07 18:51
2026-08-10T00:21:00.000+01:00,MAR1GSOPEN;AUDCHF;A2;08-07 18:51;0;
2026-08-10T00:21:00.000+01:00,MAR1GSOPEN;AUDCHF;B2;08-07 18:51;0;
2026-08-10T00:24:00.000+01:00,MAR1GSOPEN;AUDCHF;A1;08-07 18:51;1;08-07 18:51
2026-08-10T00:24:00.000+01:00,MAR1GSOPEN;AUDCHF;A2;08-07 18:51;0;
2026-08-10T00:24:00.000+01:00,MAR1GSOPEN;AUDCHF;B2;08-07 18:51;0;
2026-08-10T00:27:00.000+01:00,MAR1GSOPEN;AUDCHF;A1;08-07 18:51;1;08-07 18:51
2026-08-10T00:27:00.000+01:00,MAR1GSOPEN;AUDCHF;A2;08-07 18:51;0;
2026-08-10T00:27:00.000+01:00,MAR1GSOPEN;AUDCHF;B2;08-07 18:51;0;
2026-08-10T00:30:00.000+01:00,MAR1GSOPEN;AUDCHF;A1;08-07 18:51;1;08-07 18:51
2026-08-10T00:30:00.000+01:00,MAR1GSOPEN;AUDCHF;A2;08-07 18:51;0;
2026-08-10T00:30:00.000+01:00,MAR1GSOPEN;AUDCHF;B2;08-07 18:51;0;
2026-08-10T00:33:00.000+01:00,MAR1GSOPEN;AUDCHF;A1;08-07 18:51;1;08-07 18:51
2026-08-10T00:33:00.000+01:00,MAR1GSOPEN;AUDCHF;A2;08-07 18:51;0;
2026-08-10T00:33:00.000+01:00,MAR1GSOPEN;AUDCHF;B2;08-07 18:51;0;
2026-08-10T00:36:00.000+01:00,MAR1GSOPEN;AUDCHF;A1;08-07 18:51;1;08-07 18:51
2026-08-10T00:36:00.000+01:00,MAR1GSOPEN;AUDCHF;A2;08-07 18:51;0;
2026-08-10T00:36:00.000+01:00,MAR1GSOPEN;AUDCHF;B2;08-07 18:51;0;
2026-08-10T00:39:00.000+01:00,MAR1GSOPEN;AUDCHF;A1;08-07 18:51;1;08-07 18:51
2026-08-10T00:39:00.000+01:00,MAR1GSOPEN;AUDCHF;A2;08-07 18:51;0;
2026-08-10T00:39:00.000+01:00,MAR1GSOPEN;AUDCHF;B2;08-07 18:51;0;
2026-08-10T00:42:00.000+01:00,MAR1GSOPEN;AUDCHF;A1;08-07 18:51;1;08-07 18:51
2026-08-10T00:42:00.000+01:00,MAR1GSOPEN;AUDCHF;A2;08-07 18:51;0;
2026-08-10T00:42:00.000+01:00,MAR1GSOPEN;AUDCHF;B2;08-07 18:51;0;
2026-08-10T00:45:00.000+01:00,MAR1GSOPEN;AUDCHF;A1;08-07 18:51;1;08-07 18:51
2026-08-10T00:45:00.000+01:00,MAR1GSOPEN;AUDCHF;A2;08-07 18:51;0;
2026-08-10T00:45:00.000+01:00,MAR1GSOPEN;AUDCHF;B2;08-07 18:51;0;
2026-08-10T00:48:00.000+01:00,MAR1GSOPEN;AUDCHF;A1;08-07 18:51;1;08-07 18:51
2026-08-10T00:48:00.000+01:00,MAR1GSOPEN;AUDCHF;A2;08-07 18:51;0;
2026-08-10T00:48:00.000+01:00,MAR1GSOPEN;AUDCHF;B2;08-07 18:51;0;
2026-08-10T00:51:00.000+01:00,MAR1GSOPEN;AUDCHF;A1;08-07 18:51;1;08-07 18:51
2026-08-10T00:51:00.000+01:00,MAR1GSOPEN;AUDCHF;A2;08-07 18:51;0;
2026-08-10T00:51:00.000+01:00,MAR1GSOPEN;AUDCHF;B2;08-07 18:51;0;
2026-08-10T00:54:00.000+01:00,MAR1GSOPEN;AUDCHF;A1;08-07 18:51;1;08-07 18:51
2026-08-10T00:54:00.000+01:00,MAR1GSOPEN;AUDCHF;A2;08-07 18:51;0;
2026-08-10T00:54:00.000+01:00,MAR1GSOPEN;AUDCHF;B2;08-07 18:51;0;
2026-08-10T00:57:00.000+01:00,MAR1GSOPEN;AUDCHF;A1;08-07 18:51;1;08-07 18:51
2026-08-10T00:57:00.000+01:00,MAR1GSOPEN;AUDCHF;A2;08-07 18:51;0;
2026-08-10T00:57:00.000+01:00,MAR1GSOPEN;AUDCHF;B2;08-07 18:51;0;
2026-08-10T01:00:00.000+01:00,MAR1GSOPEN;AUDCHF;A1;08-07 18:51;1;08-07 18:51
2026-08-10T01:00:00.000+01:00,MAR1GSOPEN;AUDCHF;A2;08-07 18:51;0;
2026-08-10T01:00:00.000+01:00,MAR1GSOPEN;AUDCHF;B2;08-07 18:51;0;
2026-08-10T01:03:00.000+01:00,MAR1GSOPEN;AUDCHF;A1;08-07 18:51;1;08-07 18:51
2026-08-10T01:03:00.000+01:00,MAR1GSOPEN;AUDCHF;A2;08-07 18:51;0;
2026-08-10T01:03:00.000+01:00,MAR1GSOPEN;AUDCHF;B2;08-07 18:51;0;
2026-08-10T01:06:00.000+01:00,MAR1GSOPEN;AUDCHF;A1;08-07 18:51;1;08-07 18:51
2026-08-10T01:06:00.000+01:00,MAR1GSOPEN;AUDCHF;A2;08-07 18:51;0;
2026-08-10T01:06:00.000+01:00,MAR1GSOPEN;AUDCHF;B2;08-07 18:51;0;
2026-08-10T01:09:00.000+01:00,MAR1GSOPEN;AUDCHF;A1;08-07 18:51;1;08-07 18:51
2026-08-10T01:09:00.000+01:00,MAR1GSOPEN;AUDCHF;A2;08-07 18:51;0;
2026-08-10T01:09:00.000+01:00,MAR1GSOPEN;AUDCHF;B2;08-07 18:51;0;
2026-08-10T01:12:00.000+01:00,MAR1GSOPEN;AUDCHF;A1;08-07 18:51;1;08-07 18:51
2026-08-10T01:12:00.000+01:00,MAR1GSOPEN;AUDCHF;A2;08-07 18:51;0;
2026-08-10T01:12:00.000+01:00,MAR1GSOPEN;AUDCHF;B2;08-07 18:51;0;
2026-08-10T01:15:00.000+01:00,MAR1GSOPEN;AUDCHF;A1;08-07 18:51;1;08-07 18:51
2026-08-10T01:15:00.000+01:00,MAR1GSOPEN;AUDCHF;A2;08-07 18:51;0;
2026-08-10T01:15:00.000+01:00,MAR1GSOPEN;AUDCHF;B2;08-07 18:51;0;
2026-08-10T01:18:00.000+01:00,MAR1GSOPEN;AUDCHF;A1;08-07 18:51;1;08-07 18:51
2026-08-10T01:18:00.000+01:00,MAR1GSOPEN;AUDCHF;A2;08-07 18:51;0;
2026-08-10T01:18:00.000+01:00,MAR1GSOPEN;AUDCHF;B2;08-07 18:51;0;
2026-08-10T01:21:00.000+01:00,MAR1GSOPEN;AUDCHF;A1;08-07 18:51;1;08-07 18:51
2026-08-10T01:21:00.000+01:00,MAR1GSOPEN;AUDCHF;A2;08-07 18:51;0;
2026-08-10T01:21:00.000+01:00,MAR1GSOPEN;AUDCHF;B2;08-07 18:51;0;
2026-08-10T01:24:00.000+01:00,MAR1GSOPEN;AUDCHF;A1;08-07 18:51;1;08-07 18:51
2026-08-10T01:24:00.000+01:00,MAR1GSOPEN;AUDCHF;A2;08-07 18:51;0;
2026-08-10T01:24:00.000+01:00,MAR1GSOPEN;AUDCHF;B2;08-07 18:51;0;
2026-08-10T01:27:00.000+01:00,MAR1GSOPEN;AUDCHF;A1;08-07 18:51;1;08-07 18:51
2026-08-10T01:27:00.000+01:00,MAR1GSOPEN;AUDCHF;A2;08-07 18:51;0;
2026-08-10T01:27:00.000+01:00,MAR1GSOPEN;AUDCHF;B2;08-07 18:51;0;
2026-08-10T01:30:00.000+01:00,MAR1GSOPEN;AUDCHF;A1;08-07 18:51;1;08-07 18:51
2026-08-10T01:30:00.000+01:00,MAR1GSOPEN;AUDCHF;A2;08-07 18:51;0;
2026-08-10T01:30:00.000+01:00,MAR1GSOPEN;AUDCHF;B2;08-07 18:51;0;
2026-08-10T01:33:00.000+01:00,MAR1GSOPEN;AUDCHF;A1;08-07 18:51;1;08-07 18:51
2026-08-10T01:33:00.000+01:00,MAR1GSOPEN;AUDCHF;A2;08-07 18:51;0;
2026-08-10T01:33:00.000+01:00,MAR1GSOPEN;AUDCHF;B2;08-07 18:51;0;
2026-08-10T01:36:00.000+01:00,MAR1GSOPEN;AUDCHF;A1;08-07 18:51;1;08-07 18:51
2026-08-10T01:36:00.000+01:00,MAR1GSOPEN;AUDCHF;A2;08-07 18:51;0;
2026-08-10T01:36:00.000+01:00,MAR1GSOPEN;AUDCHF;B2;08-07 18:51;0;
2026-08-10T01:39:00.000+01:00,MAR1GSOPEN;AUDCHF;A1;08-07 18:51;1;08-07 18:51
2026-08-10T01:39:00.000+01:00,MAR1GSOPEN;AUDCHF;A2;08-07 18:51;0;
2026-08-10T01:39:00.000+01:00,MAR1GSOPEN;AUDCHF;B2;08-07 18:51;0;
2026-08-10T01:42:00.000+01:00,MAR1GSOPEN;AUDCHF;A1;08-07 18:51;1;08-07 18:51
2026-08-10T01:42:00.000+01:00,MAR1GSOPEN;AUDCHF;A2;08-07 18:51;0;
2026-08-10T01:42:00.000+01:00,MAR1GSOPEN;AUDCHF;B2;08-07 18:51;0;
2026-08-10T01:45:00.000+01:00,MAR1GSOPEN;AUDCHF;A1;08-07 18:51;1;08-07 18:51
2026-08-10T01:45:00.000+01:00,MAR1GSOPEN;AUDCHF;A2;08-07 18:51;0;
2026-08-10T01:45:00.000+01:00,MAR1GSOPEN;AUDCHF;B2;08-07 18:51;0;
2026-08-10T01:48:00.000+01:00,MAR1GSOPEN;AUDCHF;A1;08-07 18:51;1;08-07 18:51
2026-08-10T01:48:00.000+01:00,MAR1GSOPEN;AUDCHF;A2;08-07 18:51;0;
2026-08-10T01:48:00.000+01:00,MAR1GSOPEN;AUDCHF;B2;08-07 18:51;0;
2026-08-10T01:51:00.000+01:00,MAR1GSOPEN;AUDCHF;A1;08-07 18:51;1;08-07 18:51
2026-08-10T01:51:00.000+01:00,MAR1GSOPEN;AUDCHF;A2;08-07 18:51;0;
2026-08-10T01:51:00.000+01:00,MAR1GSOPEN;AUDCHF;B2;08-07 18:51;0;
2026-08-10T01:54:00.000+01:00,MAR1GSOPEN;AUDCHF;A1;08-07 18:51;1;08-07 18:51
2026-08-10T01:54:00.000+01:00,MAR1GSOPEN;AUDCHF;A2;08-07 18:51;0;
2026-08-10T01:54:00.000+01:00,MAR1GSOPEN;AUDCHF;B2;08-07 18:51;0;
2026-08-10T01:57:00.000+01:00,MAR1GSOPEN;AUDCHF;A1;08-07 18:51;1;08-07 18:51
2026-08-10T01:57:00.000+01:00,MAR1GSOPEN;AUDCHF;A2;08-07 18:51;0;
2026-08-10T01:57:00.000+01:00,MAR1GSOPEN;AUDCHF;B2;08-07 18:51;0;
2026-08-10T02:00:00.000+01:00,MAR1GSOPEN;AUDCHF;A1;08-07 18:51;1;08-07 18:51
2026-08-10T02:00:00.000+01:00,MAR1GSOPEN;AUDCHF;A2;08-07 18:51;0;
2026-08-10T02:00:00.000+01:00,MAR1GSOPEN;AUDCHF;B2;08-07 18:51;0;
2026-08-10T02:03:00.000+01:00,MAR1GSOPEN;AUDCHF;A1;08-07 18:51;1;08-07 18:51
2026-08-10T02:03:00.000+01:00,MAR1GSOPEN;AUDCHF;A2;08-07 18:51;0;
2026-08-10T02:03:00.000+01:00,MAR1GSOPEN;AUDCHF;B2;08-07 18:51;0;
2026-08-10T02:06:00.000+01:00,MAR1GSOPEN;AUDCHF;A1;08-07 18:51;1;08-07 18:51
2026-08-10T02:06:00.000+01:00,MAR1GSOPEN;AUDCHF;A2;08-07 18:51;0;
2026-08-10T02:06:00.000+01:00,MAR1GSOPEN;AUDCHF;B2;08-07 18:51;0;
2026-08-10T02:09:00.000+01:00,MAR1GSOPEN;AUDCHF;A1;08-07 18:51;1;08-07 18:51
2026-08-10T02:09:00.000+01:00,MAR1GSOPEN;AUDCHF;A2;08-07 18:51;0;
2026-08-10T02:09:00.000+01:00,MAR1GSOPEN;AUDCHF;B2;08-07 18:51;0;
2026-08-10T02:12:00.000+01:00,MAR1GSOPEN;AUDCHF;A1;08-07 18:51;1;08-07 18:51
2026-08-10T02:12:00.000+01:00,MAR1GSOPEN;AUDCHF;A2;08-07 18:51;0;
2026-08-10T02:12:00.000+01:00,MAR1GSOPEN;AUDCHF;B2;08-07 18:51;0;
2026-08-10T02:15:00.000+01:00,MAR1GSOPEN;AUDCHF;A1;08-07 18:51;1;08-07 18:51
2026-08-10T02:15:00.000+01:00,MAR1GSOPEN;AUDCHF;A2;08-07 18:51;0;
2026-08-10T02:15:00.000+01:00,MAR1GSOPEN;AUDCHF;B2;08-07 18:51;0;
2026-08-10T02:18:00.000+01:00,MAR1GSOPEN;AUDCHF;A1;08-07 18:51;1;08-07 18:51
2026-08-10T02:18:00.000+01:00,MAR1GSOPEN;AUDCHF;A2;08-07 18:51;0;
2026-08-10T02:18:00.000+01:00,MAR1GSOPEN;AUDCHF;B2;08-07 18:51;0;
2026-08-10T02:21:00.000+01:00,MAR1GSOPEN;AUDCHF;A1;08-07 18:51;1;08-07 18:51
2026-08-10T02:21:00.000+01:00,MAR1GSOPEN;AUDCHF;A2;08-07 18:51;0;
2026-08-10T02:21:00.000+01:00,MAR1GSOPEN;AUDCHF;B2;08-07 18:51;0;
2026-08-10T02:24:00.000+01:00,MAR1GSOPEN;AUDCHF;A1;08-07 18:51;1;08-07 18:51
2026-08-10T02:24:00.000+01:00,MAR1GSOPEN;AUDCHF;A2;08-07 18:51;0;
2026-08-10T02:24:00.000+01:00,MAR1GSOPEN;AUDCHF;B2;08-07 18:51;0;
2026-08-10T02:27:00.000+01:00,MAR1GSOPEN;AUDCHF;A1;08-07 18:51;1;08-07 18:51
2026-08-10T02:27:00.000+01:00,MAR1GSOPEN;AUDCHF;A2;08-07 18:51;0;
2026-08-10T02:27:00.000+01:00,MAR1GSOPEN;AUDCHF;B2;08-07 18:51;0;
2026-08-10T02:30:00.000+01:00,MAR1GSOPEN;AUDCHF;A1;08-07 18:51;1;08-07 18:51
2026-08-10T02:30:00.000+01:00,MAR1GSOPEN;AUDCHF;A2;08-07 18:51;0;
2026-08-10T02:30:00.000+01:00,MAR1GSOPEN;AUDCHF;B2;08-07 18:51;0;
2026-08-10T02:33:00.000+01:00,MAR1GSOPEN;AUDCHF;A1;08-07 18:51;1;08-07 18:51
2026-08-10T02:33:00.000+01:00,MAR1GSOPEN;AUDCHF;A2;08-07 18:51;0;
2026-08-10T02:33:00.000+01:00,MAR1GSOPEN;AUDCHF;B2;08-07 18:51;0;
2026-08-10T02:36:00.000+01:00,MAR1GSOPEN;AUDCHF;A1;08-07 18:51;1;08-07 18:51
2026-08-10T02:36:00.000+01:00,MAR1GSOPEN;AUDCHF;A2;08-07 18:51;0;
2026-08-10T02:36:00.000+01:00,MAR1GSOPEN;AUDCHF;B2;08-07 18:51;0;
2026-08-10T02:39:00.000+01:00,MAR1GSOPEN;AUDCHF;A1;08-07 18:51;1;08-07 18:51
2026-08-10T02:39:00.000+01:00,MAR1GSOPEN;AUDCHF;A2;08-07 18:51;0;
2026-08-10T02:39:00.000+01:00,MAR1GSOPEN;AUDCHF;B2;08-07 18:51;0;
2026-08-10T02:42:00.000+01:00,MAR1GSOPEN;AUDCHF;A1;08-07 18:51;1;08-07 18:51
2026-08-10T02:42:00.000+01:00,MAR1GSOPEN;AUDCHF;A2;08-07 18:51;0;
2026-08-10T02:42:00.000+01:00,MAR1GSOPEN;AUDCHF;B2;08-07 18:51;0;
2026-08-10T02:45:00.000+01:00,MAR1GSOPEN;AUDCHF;A1;08-07 18:51;1;08-07 18:51
2026-08-10T02:45:00.000+01:00,MAR1GSOPEN;AUDCHF;A2;08-07 18:51;0;
2026-08-10T02:45:00.000+01:00,MAR1GSOPEN;AUDCHF;B2;08-07 18:51;0;
2026-08-10T02:48:00.000+01:00,MAR1GSOPEN;AUDCHF;A1;08-07 18:51;1;08-07 18:51
2026-08-10T02:48:00.000+01:00,MAR1GSOPEN;AUDCHF;A2;08-07 18:51;0;
2026-08-10T02:48:00.000+01:00,MAR1GSOPEN;AUDCHF;B2;08-07 18:51;0;
2026-08-10T02:51:00.000+01:00,MAR1GSOPEN;AUDCHF;A1;08-07 18:51;1;08-07 18:51
2026-08-10T02:51:00.000+01:00,MAR1GSOPEN;AUDCHF;A2;08-07 18:51;0;
2026-08-10T02:51:00.000+01:00,MAR1GSOPEN;AUDCHF;B2;08-07 18:51;0;
2026-08-10T02:54:00.000+01:00,MAR1GSOPEN;AUDCHF;A1;08-07 18:51;1;08-07 18:51
2026-08-10T02:54:00.000+01:00,MAR1GSOPEN;AUDCHF;A2;08-07 18:51;0;
2026-08-10T02:54:00.000+01:00,MAR1GSOPEN;AUDCHF;B2;08-07 18:51;0;
2026-08-10T02:57:00.000+01:00,MAR1GSOPEN;AUDCHF;A1;08-07 18:51;1;08-07 18:51
2026-08-10T02:57:00.000+01:00,MAR1GSOPEN;AUDCHF;A2;08-07 18:51;0;
2026-08-10T02:57:00.000+01:00,MAR1GSOPEN;AUDCHF;B2;08-07 18:51;0;
2026-08-10T03:00:00.000+01:00,MAR1GSOPEN;AUDCHF;A1;08-07 18:51;1;08-07 18:51
2026-08-10T03:00:00.000+01:00,MAR1GSOPEN;AUDCHF;A2;08-07 18:51;0;
2026-08-10T03:00:00.000+01:00,MAR1GSOPEN;AUDCHF;B2;08-07 18:51;0;
2026-08-10T03:03:00.000+01:00,MAR1GSOPEN;AUDCHF;A1;08-07 18:51;1;08-07 18:51
2026-08-10T03:03:00.000+01:00,MAR1GSOPEN;AUDCHF;A2;08-07 18:51;0;
2026-08-10T03:03:00.000+01:00,MAR1GSOPEN;AUDCHF;B2;08-07 18:51;0;
2026-08-10T03:06:00.000+01:00,MAR1GSOPEN;AUDCHF;A1;08-07 18:51;1;08-07 18:51
2026-08-10T03:06:00.000+01:00,MAR1GSOPEN;AUDCHF;A2;08-07 18:51;0;
2026-08-10T03:06:00.000+01:00,MAR1GSOPEN;AUDCHF;B2;08-07 18:51;0;
2026-08-10T03:09:00.000+01:00,MAR1GSOPEN;AUDCHF;A1;08-07 18:51;1;08-07 18:51
2026-08-10T03:09:00.000+01:00,MAR1GSOPEN;AUDCHF;A2;08-07 18:51;0;
2026-08-10T03:09:00.000+01:00,MAR1GSOPEN;AUDCHF;B2;08-07 18:51;0;
2026-08-10T03:12:00.000+01:00,MAR1GSOPEN;AUDCHF;A1;08-07 18:51;1;08-07 18:51
2026-08-10T03:12:00.000+01:00,MAR1GSOPEN;AUDCHF;A2;08-07 18:51;0;
2026-08-10T03:12:00.000+01:00,MAR1GSOPEN;AUDCHF;B2;08-07 18:51;0;
2026-08-10T03:15:00.000+01:00,MAR1GSOPEN;AUDCHF;A1;08-07 18:51;1;08-07 18:51
2026-08-10T03:15:00.000+01:00,MAR1GSOPEN;AUDCHF;A2;08-07 18:51;0;
2026-08-10T03:15:00.000+01:00,MAR1GSOPEN;AUDCHF;B2;08-07 18:51;0;
2026-08-10T03:18:00.000+01:00,MAR1GSOPEN;AUDCHF;A1;08-07 18:51;1;08-07 18:51
2026-08-10T03:18:00.000+01:00,MAR1GSOPEN;AUDCHF;A2;08-07 18:51;0;
2026-08-10T03:18:00.000+01:00,MAR1GSOPEN;AUDCHF;B2;08-07 18:51;0;
2026-08-10T03:21:00.000+01:00,MAR1GSOPEN;AUDCHF;A1;08-07 18:51;1;08-07 18:51
2026-08-10T03:21:00.000+01:00,MAR1GSOPEN;AUDCHF;A2;08-07 18:51;0;
2026-08-10T03:21:00.000+01:00,MAR1GSOPEN;AUDCHF;B2;08-07 18:51;0;
2026-08-10T03:24:00.000+01:00,MAR1GSOPEN;AUDCHF;A1;08-07 18:51;1;08-07 18:51
2026-08-10T03:24:00.000+01:00,MAR1GSOPEN;AUDCHF;A2;08-07 18:51;0;
2026-08-10T03:24:00.000+01:00,MAR1GSOPEN;AUDCHF;B2;08-07 18:51;0;
2026-08-10T03:27:00.000+01:00,MAR1GSOPEN;AUDCHF;A1;08-07 18:51;1;08-07 18:51
2026-08-10T03:27:00.000+01:00,MAR1GSOPEN;AUDCHF;A2;08-07 18:51;0;
2026-08-10T03:27:00.000+01:00,MAR1GSOPEN;AUDCHF;B2;08-07 18:51;0;
2026-08-10T03:30:00.000+01:00,MAR1GSOPEN;AUDCHF;A1;08-07 18:51;1;08-07 18:51
2026-08-10T03:30:00.000+01:00,MAR1GSOPEN;AUDCHF;A2;08-07 18:51;0;
2026-08-10T03:30:00.000+01:00,MAR1GSOPEN;AUDCHF;B2;08-07 18:51;0;
2026-08-10T03:33:00.000+01:00,MAR1GSOPEN;AUDCHF;A1;08-07 18:51;1;08-07 18:51
2026-08-10T03:33:00.000+01:00,MAR1GSOPEN;AUDCHF;A2;08-07 18:51;0;
2026-08-10T03:33:00.000+01:00,MAR1GSOPEN;AUDCHF;B2;08-07 18:51;0;
2026-08-10T03:36:00.000+01:00,MAR1GSOPEN;AUDCHF;A1;08-07 18:51;1;08-07 18:51
2026-08-10T03:36:00.000+01:00,MAR1GSOPEN;AUDCHF;A2;08-07 18:51;0;
2026-08-10T03:36:00.000+01:00,MAR1GSOPEN;AUDCHF;B2;08-07 18:51;0;
2026-08-10T03:39:00.000+01:00,MAR1GSOPEN;AUDCHF;A1;08-07 18:51;1;08-07 18:51
2026-08-10T03:39:00.000+01:00,MAR1GSOPEN;AUDCHF;A2;08-07 18:51;0;
2026-08-10T03:39:00.000+01:00,MAR1GSOPEN;AUDCHF;B2;08-07 18:51;0;
2026-08-10T03:42:00.000+01:00,MAR1GSOPEN;AUDCHF;A1;08-07 18:51;1;08-07 18:51
2026-08-10T03:42:00.000+01:00,MAR1GSOPEN;AUDCHF;A2;08-07 18:51;0;
2026-08-10T03:42:00.000+01:00,MAR1GSOPEN;AUDCHF;B2;08-07 18:51;0;
2026-08-10T03:45:00.000+01:00,MAR1GSOPEN;AUDCHF;A1;08-07 18:51;1;08-07 18:51
2026-08-10T03:45:00.000+01:00,MAR1GSOPEN;AUDCHF;A2;08-07 18:51;0;
2026-08-10T03:45:00.000+01:00,MAR1GSOPEN;AUDCHF;B2;08-07 18:51;0;
2026-08-10T03:48:00.000+01:00,MAR1GSOPEN;AUDCHF;A1;08-07 18:51;1;08-07 18:51
2026-08-10T03:48:00.000+01:00,MAR1GSOPEN;AUDCHF;A2;08-07 18:51;0;
2026-08-10T03:48:00.000+01:00,MAR1GSOPEN;AUDCHF;B2;08-07 18:51;0;
2026-08-10T03:51:00.000+01:00,MAR1GSOPEN;AUDCHF;A1;08-07 18:51;1;08-07 18:51
2026-08-10T03:51:00.000+01:00,MAR1GSOPEN;AUDCHF;A2;08-07 18:51;0;
2026-08-10T03:51:00.000+01:00,MAR1GSOPEN;AUDCHF;B2;08-07 18:51;0;
2026-08-10T03:54:00.000+01:00,MAR1GSOPEN;AUDCHF;A1;08-07 18:51;1;08-07 18:51
2026-08-10T03:54:00.000+01:00,MAR1GSOPEN;AUDCHF;A2;08-07 18:51;0;
2026-08-10T03:54:00.000+01:00,MAR1GSOPEN;AUDCHF;B2;08-07 18:51;0;
2026-08-10T03:57:00.000+01:00,MAR1GSOPEN;AUDCHF;A1;08-07 18:51;1;08-07 18:51
2026-08-10T03:57:00.000+01:00,MAR1GSOPEN;AUDCHF;A2;08-07 18:51;0;
2026-08-10T03:57:00.000+01:00,MAR1GSOPEN;AUDCHF;B2;08-07 18:51;0;
2026-08-10T04:00:00.000+01:00,MAR1GSOPEN;AUDCHF;A1;08-07 18:51;1;08-07 18:51
2026-08-10T04:00:00.000+01:00,MAR1GSOPEN;AUDCHF;A2;08-07 18:51;0;
2026-08-10T04:00:00.000+01:00,MAR1GSOPEN;AUDCHF;B2;08-07 18:51;0;
2026-08-10T04:03:00.000+01:00,MAR1GSOPEN;AUDCHF;A1;08-07 18:51;1;08-07 18:51
2026-08-10T04:03:00.000+01:00,MAR1GSOPEN;AUDCHF;A2;08-07 18:51;0;
2026-08-10T04:03:00.000+01:00,MAR1GSOPEN;AUDCHF;B2;08-07 18:51;0;
2026-08-10T04:06:00.000+01:00,MAR1GSOPEN;AUDCHF;A1;08-07 18:51;1;08-07 18:51
2026-08-10T04:06:00.000+01:00,MAR1GSOPEN;AUDCHF;A2;08-07 18:51;0;
2026-08-10T04:06:00.000+01:00,MAR1GSOPEN;AUDCHF;B2;08-07 18:51;0;
2026-08-10T04:09:00.000+01:00,MAR1GSOPEN;AUDCHF;A1;08-07 18:51;1;08-07 18:51
2026-08-10T04:09:00.000+01:00,MAR1GSOPEN;AUDCHF;A2;08-07 18:51;0;
2026-08-10T04:09:00.000+01:00,MAR1GSOPEN;AUDCHF;B2;08-07 18:51;0;
2026-08-10T04:12:00.000+01:00,MAR1GSOPEN;AUDCHF;A1;08-07 18:51;1;08-07 18:51
2026-08-10T04:12:00.000+01:00,MAR1GSOPEN;AUDCHF;A2;08-07 18:51;0;
2026-08-10T04:12:00.000+01:00,MAR1GSOPEN;AUDCHF;B2;08-07 18:51;0;
2026-08-10T04:15:00.000+01:00,MAR1GSOPEN;AUDCHF;A1;08-07 18:51;1;08-07 18:51
2026-08-10T04:15:00.000+01:00,MAR1GSOPEN;AUDCHF;A2;08-07 18:51;0;
2026-08-10T04:15:00.000+01:00,MAR1GSOPEN;AUDCHF;B2;08-07 18:51;0;
2026-08-10T04:18:00.000+01:00,MAR1GSOPEN;AUDCHF;A1;08-07 18:51;1;08-07 18:51
2026-08-10T04:18:00.000+01:00,MAR1GSOPEN;AUDCHF;A2;08-07 18:51;0;
2026-08-10T04:18:00.000+01:00,MAR1GSOPEN;AUDCHF;B2;08-07 18:51;0;
2026-08-10T04:21:00.000+01:00,MAR1GSOPEN;AUDCHF;A1;08-07 18:51;1;08-07 18:51
2026-08-10T04:21:00.000+01:00,MAR1GSOPEN;AUDCHF;A2;08-07 18:51;0;
2026-08-10T04:21:00.000+01:00,MAR1GSOPEN;AUDCHF;B2;08-07 18:51;0;
2026-08-10T04:24:00.000+01:00,MAR1GSOPEN;AUDCHF;A1;08-07 18:51;1;08-07 18:51
2026-08-10T04:24:00.000+01:00,MAR1GSOPEN;AUDCHF;A2;08-07 18:51;0;
2026-08-10T04:24:00.000+01:00,MAR1GSOPEN;AUDCHF;B2;08-07 18:51;0;
2026-08-10T04:27:00.000+01:00,MAR1GSOPEN;AUDCHF;A1;08-07 18:51;1;08-07 18:51
2026-08-10T04:27:00.000+01:00,MAR1GSOPEN;AUDCHF;A2;08-07 18:51;0;
2026-08-10T04:27:00.000+01:00,MAR1GSOPEN;AUDCHF;B2;08-07 18:51;0;
2026-08-10T04:30:00.000+01:00,MAR1GSOPEN;AUDCHF;A1;08-07 18:51;1;08-07 18:51
2026-08-10T04:30:00.000+01:00,MAR1GSOPEN;AUDCHF;A2;08-07 18:51;0;
2026-08-10T04:30:00.000+01:00,MAR1GSOPEN;AUDCHF;B2;08-07 18:51;0;
2026-08-10T04:33:00.000+01:00,MAR1GSOPEN;AUDCHF;A1;08-07 18:51;1;08-07 18:51
2026-08-10T04:33:00.000+01:00,MAR1GSOPEN;AUDCHF;A2;08-07 18:51;0;
2026-08-10T04:33:00.000+01:00,MAR1GSOPEN;AUDCHF;B2;08-07 18:51;0;
2026-08-10T04:36:00.000+01:00,MAR1GSOPEN;AUDCHF;A1;08-07 18:51;1;08-07 18:51
2026-08-10T04:36:00.000+01:00,MAR1GSOPEN;AUDCHF;A2;08-07 18:51;0;
2026-08-10T04:36:00.000+01:00,MAR1GSOPEN;AUDCHF;B2;08-07 18:51;0;
2026-08-10T04:39:00.000+01:00,MAR1GSOPEN;AUDCHF;A1;08-07 18:51;1;08-07 18:51
2026-08-10T04:39:00.000+01:00,MAR1GSOPEN;AUDCHF;A2;08-07 18:51;0;
2026-08-10T04:39:00.000+01:00,MAR1GSOPEN;AUDCHF;B2;08-07 18:51;0;
2026-08-10T04:42:00.000+01:00,MAR1GSOPEN;AUDCHF;A1;08-07 18:51;1;08-07 18:51
2026-08-10T04:42:00.000+01:00,MAR1GSOPEN;AUDCHF;A2;08-07 18:51;0;
2026-08-10T04:42:00.000+01:00,MAR1GSOPEN;AUDCHF;B2;08-07 18:51;0;
2026-08-10T04:45:00.000+01:00,MAR1GSOPEN;AUDCHF;A1;08-07 18:51;1;08-07 18:51
2026-08-10T04:45:00.000+01:00,MAR1GSOPEN;AUDCHF;A2;08-07 18:51;0;
2026-08-10T04:45:00.000+01:00,MAR1GSOPEN;AUDCHF;B2;08-07 18:51;0;
2026-08-10T04:48:00.000+01:00,MAR1GSOPEN;AUDCHF;A1;08-07 18:51;1;08-07 18:51
2026-08-10T04:48:00.000+01:00,MAR1GSOPEN;AUDCHF;A2;08-07 18:51;0;
2026-08-10T04:48:00.000+01:00,MAR1GSOPEN;AUDCHF;B2;08-07 18:51;0;
2026-08-10T04:51:00.000+01:00,MAR1GSOPEN;AUDCHF;A1;08-07 18:51;1;08-07 18:51
2026-08-10T04:51:00.000+01:00,MAR1GSOPEN;AUDCHF;A2;08-07 18:51;0;
2026-08-10T04:51:00.000+01:00,MAR1GSOPEN;AUDCHF;B2;08-07 18:51;0;
2026-08-10T04:54:00.000+01:00,MAR1GSOPEN;AUDCHF;A1;08-07 18:51;1;08-07 18:51
2026-08-10T04:54:00.000+01:00,MAR1GSOPEN;AUDCHF;A2;08-07 18:51;0;
2026-08-10T04:54:00.000+01:00,MAR1GSOPEN;AUDCHF;B2;08-07 18:51;0;
2026-08-10T04:57:00.000+01:00,MAR1GSOPEN;AUDCHF;A1;08-07 18:51;1;08-07 18:51
2026-08-10T04:57:00.000+01:00,MAR1GSOPEN;AUDCHF;A2;08-07 18:51;0;
2026-08-10T04:57:00.000+01:00,MAR1GSOPEN;AUDCHF;B2;08-07 18:51;0;
2026-08-10T05:00:00.000+01:00,MAR1GSOPEN;AUDCHF;A1;08-07 18:51;1;08-07 18:51
2026-08-10T05:00:00.000+01:00,MAR1GSOPEN;AUDCHF;A2;08-07 18:51;0;
2026-08-10T05:00:00.000+01:00,MAR1GSOPEN;AUDCHF;B2;08-07 18:51;0;
2026-08-10T05:03:00.000+01:00,MAR1GSOPEN;AUDCHF;A1;08-07 18:51;1;08-07 18:51
2026-08-10T05:03:00.000+01:00,MAR1GSOPEN;AUDCHF;A2;08-07 18:51;0;
2026-08-10T05:03:00.000+01:00,MAR1GSOPEN;AUDCHF;B2;08-07 18:51;0;
2026-08-10T05:06:00.000+01:00,MAR1GSOPEN;AUDCHF;A1;08-07 18:51;1;08-07 18:51
2026-08-10T05:06:00.000+01:00,MAR1GSOPEN;AUDCHF;A2;08-07 18:51;0;
2026-08-10T05:06:00.000+01:00,MAR1GSOPEN;AUDCHF;B2;08-07 18:51;0;
2026-08-10T05:09:00.000+01:00,MAR1GSOPEN;AUDCHF;A1;08-07 18:51;1;08-07 18:51
2026-08-10T05:09:00.000+01:00,MAR1GSOPEN;AUDCHF;A2;08-07 18:51;0;
2026-08-10T05:09:00.000+01:00,MAR1GSOPEN;AUDCHF;B2;08-07 18:51;0;
2026-08-10T05:12:00.000+01:00,MAR1GSOPEN;AUDCHF;A1;08-07 18:51;1;08-07 18:51
2026-08-10T05:12:00.000+01:00,MAR1GSOPEN;AUDCHF;A2;08-07 18:51;0;
2026-08-10T05:12:00.000+01:00,MAR1GSOPEN;AUDCHF;B2;08-07 18:51;0;
2026-08-10T05:15:00.000+01:00,MAR1GSOPEN;AUDCHF;A1;08-07 18:51;1;08-07 18:51
2026-08-10T05:15:00.000+01:00,MAR1GSOPEN;AUDCHF;A2;08-07 18:51;0;
2026-08-10T05:15:00.000+01:00,MAR1GSOPEN;AUDCHF;B2;08-07 18:51;0;
2026-08-10T05:18:00.000+01:00,MAR1GSOPEN;AUDCHF;A1;08-07 18:51;1;08-07 18:51
2026-08-10T05:18:00.000+01:00,MAR1GSOPEN;AUDCHF;A2;08-07 18:51;0;
2026-08-10T05:18:00.000+01:00,MAR1GSOPEN;AUDCHF;B2;08-07 18:51;0;
2026-08-10T05:21:00.000+01:00,MAR1GSOPEN;AUDCHF;A1;08-07 18:51;1;08-07 18:51
2026-08-10T05:21:00.000+01:00,MAR1GSOPEN;AUDCHF;A2;08-07 18:51;0;
2026-08-10T05:21:00.000+01:00,MAR1GSOPEN;AUDCHF;B2;08-07 18:51;0;
2026-08-10T05:24:00.000+01:00,MAR1GSOPEN;AUDCHF;A1;08-07 18:51;1;08-07 18:51
2026-08-10T05:24:00.000+01:00,MAR1GSOPEN;AUDCHF;A2;08-07 18:51;0;
2026-08-10T05:24:00.000+01:00,MAR1GSOPEN;AUDCHF;B2;08-07 18:51;0;
2026-08-10T05:27:00.000+01:00,MAR1GSOPEN;AUDCHF;A1;08-07 18:51;1;08-07 18:51
2026-08-10T05:27:00.000+01:00,MAR1GSOPEN;AUDCHF;A2;08-07 18:51;0;
2026-08-10T05:27:00.000+01:00,MAR1GSOPEN;AUDCHF;B2;08-07 18:51;0;
2026-08-10T05:30:00.000+01:00,MAR1GSOPEN;AUDCHF;A1;08-07 18:51;1;08-07 18:51
2026-08-10T05:30:00.000+01:00,MAR1GSOPEN;AUDCHF;A2;08-07 18:51;0;
2026-08-10T05:30:00.000+01:00,MAR1GSOPEN;AUDCHF;B2;08-07 18:51;0;
2026-08-10T05:33:00.000+01:00,MAR1GSOPEN;AUDCHF;A1;08-07 18:51;1;08-07 18:51
2026-08-10T05:33:00.000+01:00,MAR1GSOPEN;AUDCHF;A2;08-07 18:51;0;
2026-08-10T05:33:00.000+01:00,MAR1GSOPEN;AUDCHF;B2;08-07 18:51;0;
2026-08-10T05:36:00.000+01:00,MAR1GSOPEN;AUDCHF;A1;08-07 18:51;1;08-07 18:51
2026-08-10T05:36:00.000+01:00,MAR1GSOPEN;AUDCHF;A2;08-07 18:51;0;
2026-08-10T05:36:00.000+01:00,MAR1GSOPEN;AUDCHF;B2;08-07 18:51;0;
2026-08-10T05:39:00.000+01:00,MAR1GSOPEN;AUDCHF;A1;08-07 18:51;1;08-07 18:51
2026-08-10T05:39:00.000+01:00,MAR1GSOPEN;AUDCHF;A2;08-07 18:51;0;
2026-08-10T05:39:00.000+01:00,MAR1GSOPEN;AUDCHF;B2;08-07 18:51;0;
2026-08-10T05:42:00.000+01:00,MAR1GSOPEN;AUDCHF;A1;08-07 18:51;1;08-07 18:51
2026-08-10T05:42:00.000+01:00,MAR1GSOPEN;AUDCHF;A2;08-07 18:51;0;
2026-08-10T05:42:00.000+01:00,MAR1GSOPEN;AUDCHF;B2;08-07 18:51;0;
2026-08-10T05:45:00.000+01:00,MAR1GSOPEN;AUDCHF;A1;08-07 18:51;1;08-07 18:51
2026-08-10T05:45:00.000+01:00,MAR1GSOPEN;AUDCHF;A2;08-07 18:51;0;
2026-08-10T05:45:00.000+01:00,MAR1GSOPEN;AUDCHF;B2;08-07 18:51;0;
2026-08-10T05:48:00.000+01:00,MAR1GSOPEN;AUDCHF;A1;08-07 18:51;1;08-07 18:51
2026-08-10T05:48:00.000+01:00,MAR1GSOPEN;AUDCHF;A2;08-07 18:51;0;
2026-08-10T05:48:00.000+01:00,MAR1GSOPEN;AUDCHF;B2;08-07 18:51;0;
2026-08-10T05:51:00.000+01:00,MAR1GSOPEN;AUDCHF;A1;08-07 18:51;1;08-07 18:51
2026-08-10T05:51:00.000+01:00,MAR1GSOPEN;AUDCHF;A2;08-07 18:51;0;
2026-08-10T05:51:00.000+01:00,MAR1GSOPEN;AUDCHF;B2;08-07 18:51;0;
2026-08-10T05:54:00.000+01:00,MAR1GSOPEN;AUDCHF;A1;08-07 18:51;1;08-07 18:51
2026-08-10T05:54:00.000+01:00,MAR1GSOPEN;AUDCHF;A2;08-07 18:51;0;
2026-08-10T05:54:00.000+01:00,MAR1GSOPEN;AUDCHF;B2;08-07 18:51;0;
2026-08-10T05:57:00.000+01:00,MAR1GSOPEN;AUDCHF;A1;08-07 18:51;1;08-07 18:51
2026-08-10T05:57:00.000+01:00,MAR1GSOPEN;AUDCHF;A2;08-07 18:51;0;
2026-08-10T05:57:00.000+01:00,MAR1GSOPEN;AUDCHF;B2;08-07 18:51;0;
2026-08-10T06:00:00.000+01:00,MAR1GSOPEN;AUDCHF;A1;08-07 18:51;1;08-07 18:51
2026-08-10T06:00:00.000+01:00,MAR1GSOPEN;AUDCHF;A2;08-07 18:51;0;
2026-08-10T06:00:00.000+01:00,MAR1GSOPEN;AUDCHF;B2;08-07 18:51;0;
2026-08-10T06:03:00.000+01:00,MAR1GSOPEN;AUDCHF;A1;08-07 18:51;1;08-07 18:51
2026-08-10T06:03:00.000+01:00,MAR1GSOPEN;AUDCHF;A2;08-07 18:51;0;
2026-08-10T06:03:00.000+01:00,MAR1GSOPEN;AUDCHF;B2;08-07 18:51;0;
2026-08-10T06:06:00.000+01:00,MAR1GSOPEN;AUDCHF;A1;08-07 18:51;1;08-07 18:51
2026-08-10T06:06:00.000+01:00,MAR1GSOPEN;AUDCHF;A2;08-07 18:51;0;
2026-08-10T06:06:00.000+01:00,MAR1GSOPEN;AUDCHF;B2;08-07 18:51;0;
2026-08-10T06:09:00.000+01:00,MAR1GSOPEN;AUDCHF;A1;08-07 18:51;1;08-07 18:51
2026-08-10T06:09:00.000+01:00,MAR1GSOPEN;AUDCHF;A2;08-07 18:51;0;
2026-08-10T06:09:00.000+01:00,MAR1GSOPEN;AUDCHF;B2;08-07 18:51;0;
2026-08-10T06:12:00.000+01:00,MAR1GSOPEN;AUDCHF;A1;08-07 18:51;1;08-07 18:51
2026-08-10T06:12:00.000+01:00,MAR1GSOPEN;AUDCHF;A2;08-07 18:51;0;
2026-08-10T06:12:00.000+01:00,MAR1GSOPEN;AUDCHF;B2;08-07 18:51;0;
2026-08-10T06:15:00.000+01:00,MAR1GSOPEN;AUDCHF;A1;08-07 18:51;1;08-07 18:51
2026-08-10T06:15:00.000+01:00,MAR1GSOPEN;AUDCHF;A2;08-07 18:51;0;
2026-08-10T06:15:00.000+01:00,MAR1GSOPEN;AUDCHF;B2;08-07 18:51;0;
2026-08-10T06:18:00.000+01:00,MAR1GSOPEN;AUDCHF;A1;08-07 18:51;1;08-07 18:51
2026-08-10T06:18:00.000+01:00,MAR1GSOPEN;AUDCHF;A2;08-07 18:51;0;
2026-08-10T06:18:00.000+01:00,MAR1GSOPEN;AUDCHF;B2;08-07 18:51;0;
2026-08-10T06:21:00.000+01:00,MAR1GSOPEN;AUDCHF;A1;08-07 18:51;1;08-07 18:51
2026-08-10T06:21:00.000+01:00,MAR1GSOPEN;AUDCHF;A2;08-07 18:51;0;
2026-08-10T06:21:00.000+01:00,MAR1GSOPEN;AUDCHF;B2;08-07 18:51;0;
2026-08-10T06:24:00.000+01:00,MAR1GSOPEN;AUDCHF;A1;08-07 18:51;1;08-07 18:51
2026-08-10T06:24:00.000+01:00,MAR1GSOPEN;AUDCHF;A2;08-07 18:51;0;
2026-08-10T06:24:00.000+01:00,MAR1GSOPEN;AUDCHF;B2;08-07 18:51;0;
2026-08-10T06:27:00.000+01:00,MAR1GSOPEN;AUDCHF;A1;08-07 18:51;1;08-07 18:51
2026-08-10T06:27:00.000+01:00,MAR1GSOPEN;AUDCHF;A2;08-07 18:51;0;
2026-08-10T06:27:00.000+01:00,MAR1GSOPEN;AUDCHF;B2;08-07 18:51;0;
2026-08-10T06:30:00.000+01:00,MAR1GSOPEN;AUDCHF;A1;08-07 18:51;1;08-07 18:51
2026-08-10T06:30:00.000+01:00,MAR1GSOPEN;AUDCHF;A2;08-07 18:51;0;
2026-08-10T06:30:00.000+01:00,MAR1GSOPEN;AUDCHF;B2;08-07 18:51;0;
2026-08-10T06:33:00.000+01:00,MAR1GSOPEN;AUDCHF;A1;08-07 18:51;1;08-07 18:51
2026-08-10T06:33:00.000+01:00,MAR1GSOPEN;AUDCHF;A2;08-07 18:51;0;
2026-08-10T06:33:00.000+01:00,MAR1GSOPEN;AUDCHF;B2;08-07 18:51;0;
2026-08-10T06:36:00.000+01:00,MAR1GSOPEN;AUDCHF;A1;08-07 18:51;1;08-07 18:51
2026-08-10T06:36:00.000+01:00,MAR1GSOPEN;AUDCHF;A2;08-07 18:51;0;
2026-08-10T06:36:00.000+01:00,MAR1GSOPEN;AUDCHF;B2;08-07 18:51;0;
2026-08-10T06:39:00.000+01:00,MAR1GSOPEN;AUDCHF;A1;08-07 18:51;1;08-07 18:51
2026-08-10T06:39:00.000+01:00,MAR1GSOPEN;AUDCHF;A2;08-07 18:51;0;
2026-08-10T06:39:00.000+01:00,MAR1GSOPEN;AUDCHF;B2;08-07 18:51;0;
2026-08-10T06:42:00.000+01:00,MAR1GSOPEN;AUDCHF;A1;08-07 18:51;1;08-07 18:51
2026-08-10T06:42:00.000+01:00,MAR1GSOPEN;AUDCHF;A2;08-07 18:51;0;
2026-08-10T06:42:00.000+01:00,MAR1GSOPEN;AUDCHF;B2;08-07 18:51;0;
2026-08-10T06:45:00.000+01:00,MAR1GSOPEN;AUDCHF;A1;08-07 18:51;1;08-07 18:51
2026-08-10T06:45:00.000+01:00,MAR1GSOPEN;AUDCHF;A2;08-07 18:51;0;
2026-08-10T06:45:00.000+01:00,MAR1GSOPEN;AUDCHF;B2;08-07 18:51;0;
2026-08-10T06:48:00.000+01:00,MAR1GSOPEN;AUDCHF;A1;08-07 18:51;1;08-07 18:51
2026-08-10T06:48:00.000+01:00,MAR1GSOPEN;AUDCHF;A2;08-07 18:51;0;
2026-08-10T06:48:00.000+01:00,MAR1GSOPEN;AUDCHF;B2;08-07 18:51;0;
2026-08-10T06:51:00.000+01:00,MAR1GSOPEN;AUDCHF;A1;08-07 18:51;1;08-07 18:51
2026-08-10T06:51:00.000+01:00,MAR1GSOPEN;AUDCHF;A2;08-07 18:51;0;
2026-08-10T06:51:00.000+01:00,MAR1GSOPEN;AUDCHF;B2;08-07 18:51;0;
2026-08-10T06:54:00.000+01:00,MAR1GSOPEN;AUDCHF;A1;08-07 18:51;1;08-07 18:51
2026-08-10T06:54:00.000+01:00,MAR1GSOPEN;AUDCHF;A2;08-07 18:51;0;
2026-08-10T06:54:00.000+01:00,MAR1GSOPEN;AUDCHF;B2;08-07 18:51;0;
2026-08-10T06:57:00.000+01:00,MAR1GSOPEN;AUDCHF;A1;08-07 18:51;1;08-07 18:51
2026-08-10T06:57:00.000+01:00,MAR1GSOPEN;AUDCHF;A2;08-07 18:51;0;
2026-08-10T06:57:00.000+01:00,MAR1GSOPEN;AUDCHF;B2;08-07 18:51;0;
2026-08-10T07:00:00.000+01:00,MAR1GSOPEN;AUDCHF;A1;08-07 18:51;1;08-07 18:51
2026-08-10T07:00:00.000+01:00,MAR1GSOPEN;AUDCHF;A2;08-07 18:51;0;
2026-08-10T07:00:00.000+01:00,MAR1GSOPEN;AUDCHF;B2;08-07 18:51;0;
2026-08-10T07:03:00.000+01:00,MAR1GSOPEN;AUDCHF;A1;08-07 18:51;1;08-07 18:51
2026-08-10T07:03:00.000+01:00,MAR1GSOPEN;AUDCHF;A2;08-07 18:51;0;
2026-08-10T07:03:00.000+01:00,MAR1GSOPEN;AUDCHF;B2;08-07 18:51;0;
2026-08-10T07:06:00.000+01:00,MAR1GSOPEN;AUDCHF;A1;08-07 18:51;1;08-07 18:51
2026-08-10T07:06:00.000+01:00,MAR1GSOPEN;AUDCHF;A2;08-07 18:51;0;
2026-08-10T07:06:00.000+01:00,MAR1GSOPEN;AUDCHF;B2;08-07 18:51;0;
2026-08-10T07:09:00.000+01:00,MAR1GSOPEN;AUDCHF;A1;08-07 18:51;1;08-07 18:51
2026-08-10T07:09:00.000+01:00,MAR1GSOPEN;AUDCHF;A2;08-07 18:51;0;
2026-08-10T07:09:00.000+01:00,MAR1GSOPEN;AUDCHF;B2;08-07 18:51;0;
2026-08-10T07:12:00.000+01:00,MAR1GSOPEN;AUDCHF;A1;08-07 18:51;1;08-07 18:51
2026-08-10T07:12:00.000+01:00,MAR1GSOPEN;AUDCHF;A2;08-07 18:51;0;
2026-08-10T07:12:00.000+01:00,MAR1GSOPEN;AUDCHF;B2;08-07 18:51;0;
2026-08-10T07:15:00.000+01:00,MAR1GSOPEN;AUDCHF;A1;08-07 18:51;1;08-07 18:51
2026-08-10T07:15:00.000+01:00,MAR1GSOPEN;AUDCHF;A2;08-07 18:51;0;
2026-08-10T07:15:00.000+01:00,MAR1GSOPEN;AUDCHF;B2;08-07 18:51;0;
2026-08-10T07:18:00.000+01:00,MAR1GSOPEN;AUDCHF;A1;08-07 18:51;1;08-07 18:51
2026-08-10T07:18:00.000+01:00,MAR1GSOPEN;AUDCHF;A2;08-07 18:51;0;
2026-08-10T07:18:00.000+01:00,MAR1GSOPEN;AUDCHF;B2;08-07 18:51;0;
2026-08-10T07:21:00.000+01:00,MAR1GSOPEN;AUDCHF;A1;08-07 18:51;1;08-07 18:51
2026-08-10T07:21:00.000+01:00,MAR1GSOPEN;AUDCHF;A2;08-07 18:51;0;
2026-08-10T07:21:00.000+01:00,MAR1GSOPEN;AUDCHF;B2;08-07 18:51;0;
2026-08-10T07:24:00.000+01:00,MAR1GSOPEN;AUDCHF;A1;08-07 18:51;1;08-07 18:51
2026-08-10T07:24:00.000+01:00,MAR1GSOPEN;AUDCHF;A2;08-07 18:51;0;
2026-08-10T07:24:00.000+01:00,MAR1GSOPEN;AUDCHF;B2;08-07 18:51;0;
2026-08-10T07:27:00.000+01:00,MAR1GSOPEN;AUDCHF;A1;08-07 18:51;1;08-07 18:51
2026-08-10T07:27:00.000+01:00,MAR1GSOPEN;AUDCHF;A2;08-07 18:51;0;
2026-08-10T07:27:00.000+01:00,MAR1GSOPEN;AUDCHF;B2;08-07 18:51;0;
2026-08-10T07:30:00.000+01:00,MAR1GSOPEN;AUDCHF;A1;08-07 18:51;1;08-07 18:51
2026-08-10T07:30:00.000+01:00,MAR1GSOPEN;AUDCHF;A2;08-07 18:51;0;
2026-08-10T07:30:00.000+01:00,MAR1GSOPEN;AUDCHF;B2;08-07 18:51;0;
2026-08-10T07:33:00.000+01:00,MAR1GSOPEN;AUDCHF;A1;08-07 18:51;1;08-07 18:51
2026-08-10T07:33:00.000+01:00,MAR1GSOPEN;AUDCHF;A2;08-07 18:51;0;
2026-08-10T07:33:00.000+01:00,MAR1GSOPEN;AUDCHF;B2;08-07 18:51;0;
2026-08-10T07:36:00.000+01:00,MAR1GSOPEN;AUDCHF;A1;08-07 18:51;1;08-07 18:51
2026-08-10T07:36:00.000+01:00,MAR1GSOPEN;AUDCHF;A2;08-07 18:51;0;
2026-08-10T07:36:00.000+01:00,MAR1GSOPEN;AUDCHF;B2;08-07 18:51;0;
2026-08-10T07:39:00.000+01:00,MAR1GSOPEN;AUDCHF;A1;08-07 18:51;1;08-07 18:51
2026-08-10T07:39:00.000+01:00,MAR1GSOPEN;AUDCHF;A2;08-07 18:51;0;
2026-08-10T07:39:00.000+01:00,MAR1GSOPEN;AUDCHF;B2;08-07 18:51;0;
2026-08-10T07:42:00.000+01:00,MAR1GSOPEN;AUDCHF;A1;08-07 18:51;1;08-07 18:51
2026-08-10T07:42:00.000+01:00,MAR1GSOPEN;AUDCHF;A2;08-07 18:51;0;
2026-08-10T07:42:00.000+01:00,MAR1GSOPEN;AUDCHF;B2;08-07 18:51;0;
2026-08-10T07:45:00.000+01:00,MAR1GSOPEN;AUDCHF;A1;08-07 18:51;1;08-07 18:51
2026-08-10T07:45:00.000+01:00,MAR1GSOPEN;AUDCHF;A2;08-07 18:51;0;
2026-08-10T07:45:00.000+01:00,MAR1GSOPEN;AUDCHF;B2;08-07 18:51;0;
2026-08-10T07:48:00.000+01:00,MAR1GSOPEN;AUDCHF;A1;08-07 18:51;1;08-07 18:51
2026-08-10T07:48:00.000+01:00,MAR1GSOPEN;AUDCHF;A2;08-07 18:51;0;
2026-08-10T07:48:00.000+01:00,MAR1GSOPEN;AUDCHF;B2;08-07 18:51;0;
2026-08-10T07:51:00.000+01:00,MAR1GSOPEN;AUDCHF;A1;08-07 18:51;1;08-07 18:51
2026-08-10T07:51:00.000+01:00,MAR1GSOPEN;AUDCHF;A2;08-07 18:51;0;
2026-08-10T07:51:00.000+01:00,MAR1GSOPEN;AUDCHF;B2;08-07 18:51;0;
2026-08-10T07:54:00.000+01:00,MAR1GSOPEN;AUDCHF;A1;08-07 18:51;1;08-07 18:51
2026-08-10T07:54:00.000+01:00,MAR1GSOPEN;AUDCHF;A2;08-07 18:51;0;
2026-08-10T07:54:00.000+01:00,MAR1GSOPEN;AUDCHF;B2;08-07 18:51;0;
2026-08-10T07:57:00.000+01:00,MAR1GSOPEN;AUDCHF;A1;08-07 18:51;1;08-07 18:51
2026-08-10T07:57:00.000+01:00,MAR1GSOPEN;AUDCHF;A2;08-07 18:51;0;
2026-08-10T07:57:00.000+01:00,MAR1GSOPEN;AUDCHF;B2;08-07 18:51;0;
2026-08-10T08:00:00.000+01:00,MAR1GSOPEN;AUDCHF;A1;08-07 18:51;1;08-07 18:51
2026-08-10T08:00:00.000+01:00,MAR1GSOPEN;AUDCHF;A2;08-07 18:51;0;
2026-08-10T08:00:00.000+01:00,MAR1GSOPEN;AUDCHF;B2;08-07 18:51;0;
2026-08-10T08:03:00.000+01:00,MAR1GSOPEN;AUDCHF;A1;08-07 18:51;1;08-07 18:51
2026-08-10T08:03:00.000+01:00,MAR1GSOPEN;AUDCHF;A2;08-07 18:51;0;
2026-08-10T08:03:00.000+01:00,MAR1GSOPEN;AUDCHF;B2;08-07 18:51;0;
2026-08-10T08:06:00.000+01:00,MAR1GSOPEN;AUDCHF;A1;08-07 18:51;1;08-07 18:51
2026-08-10T08:06:00.000+01:00,MAR1GSOPEN;AUDCHF;A2;08-07 18:51;0;
2026-08-10T08:06:00.000+01:00,MAR1GSOPEN;AUDCHF;B2;08-07 18:51;0;
2026-08-10T08:09:00.000+01:00,MAR1GSOPEN;AUDCHF;A1;08-07 18:51;1;08-07 18:51
2026-08-10T08:09:00.000+01:00,MAR1GSOPEN;AUDCHF;A2;08-07 18:51;0;
2026-08-10T08:09:00.000+01:00,MAR1GSOPEN;AUDCHF;B2;08-07 18:51;0;
2026-08-10T08:12:00.000+01:00,MAR1GSOPEN;AUDCHF;A1;08-07 18:51;1;08-07 18:51
2026-08-10T08:12:00.000+01:00,MAR1GSOPEN;AUDCHF;A2;08-07 18:51;0;
2026-08-10T08:12:00.000+01:00,MAR1GSOPEN;AUDCHF;B2;08-07 18:51;0;
2026-08-10T08:15:00.000+01:00,MAR1GSOPEN;AUDCHF;A1;08-07 18:51;1;08-07 18:51
2026-08-10T08:15:00.000+01:00,MAR1GSOPEN;AUDCHF;A2;08-07 18:51;0;
2026-08-10T08:15:00.000+01:00,MAR1GSOPEN;AUDCHF;B2;08-07 18:51;0;
2026-08-10T08:18:00.000+01:00,MAR1GSOPEN;AUDCHF;A1;08-07 18:51;1;08-07 18:51
2026-08-10T08:18:00.000+01:00,MAR1GSOPEN;AUDCHF;A2;08-07 18:51;0;
2026-08-10T08:18:00.000+01:00,MAR1GSOPEN;AUDCHF;B2;08-07 18:51;0;
2026-08-10T08:21:00.000+01:00,MAR1GSOPEN;AUDCHF;A1;08-07 18:51;1;08-07 18:51
2026-08-10T08:21:00.000+01:00,MAR1GSOPEN;AUDCHF;A2;08-07 18:51;0;
2026-08-10T08:21:00.000+01:00,MAR1GSOPEN;AUDCHF;B2;08-07 18:51;0;
2026-08-10T08:24:00.000+01:00,MAR1GSOPEN;AUDCHF;A1;08-07 18:51;1;08-07 18:51
2026-08-10T08:24:00.000+01:00,MAR1GSOPEN;AUDCHF;A2;08-07 18:51;0;
2026-08-10T08:24:00.000+01:00,MAR1GSOPEN;AUDCHF;B2;08-07 18:51;0;
2026-08-10T08:27:00.000+01:00,MAR1GSOPEN;AUDCHF;A1;08-07 18:51;1;08-07 18:51
2026-08-10T08:27:00.000+01:00,MAR1GSOPEN;AUDCHF;A2;08-07 18:51;0;
2026-08-10T08:27:00.000+01:00,MAR1GSOPEN;AUDCHF;B2;08-07 18:51;0;
2026-08-10T08:30:00.000+01:00,MAR1GSOPEN;AUDCHF;A1;08-07 18:51;1;08-07 18:51
2026-08-10T08:30:00.000+01:00,MAR1GSOPEN;AUDCHF;A2;08-07 18:51;0;
2026-08-10T08:30:00.000+01:00,MAR1GSOPEN;AUDCHF;B2;08-07 18:51;0;
2026-08-10T08:33:00.000+01:00,MAR1GSOPEN;AUDCHF;A1;08-07 18:51;1;08-07 18:51
2026-08-10T08:33:00.000+01:00,MAR1GSOPEN;AUDCHF;A2;08-07 18:51;0;
2026-08-10T08:33:00.000+01:00,MAR1GSOPEN;AUDCHF;B2;08-07 18:51;0;
2026-08-10T08:36:00.000+01:00,MAR1GSOPEN;AUDCHF;A1;08-07 18:51;1;08-07 18:51
2026-08-10T08:36:00.000+01:00,MAR1GSOPEN;AUDCHF;A2;08-07 18:51;0;
2026-08-10T08:36:00.000+01:00,MAR1GSOPEN;AUDCHF;B2;08-07 18:51;0;
2026-08-10T08:39:00.000+01:00,MAR1GSOPEN;AUDCHF;A1;08-07 18:51;1;08-07 18:51
2026-08-10T08:39:00.000+01:00,MAR1GSOPEN;AUDCHF;A2;08-07 18:51;0;
2026-08-10T08:39:00.000+01:00,MAR1GSOPEN;AUDCHF;B2;08-07 18:51;0;
2026-08-10T08:42:00.000+01:00,MAR1GSOPEN;AUDCHF;A1;08-07 18:51;1;08-07 18:51
2026-08-10T08:42:00.000+01:00,MAR1GSOPEN;AUDCHF;A2;08-07 18:51;0;
2026-08-10T08:42:00.000+01:00,MAR1GSOPEN;AUDCHF;B2;08-07 18:51;0;
2026-08-10T08:45:00.000+01:00,MAR1GSOPEN;AUDCHF;A1;08-07 18:51;1;08-07 18:51
2026-08-10T08:45:00.000+01:00,MAR1GSOPEN;AUDCHF;A2;08-07 18:51;0;
2026-08-10T08:45:00.000+01:00,MAR1GSOPEN;AUDCHF;B2;08-07 18:51;0;
2026-08-10T08:48:00.000+01:00,MAR1GSOPEN;AUDCHF;A1;08-07 18:51;1;08-07 18:51
2026-08-10T08:48:00.000+01:00,MAR1GSOPEN;AUDCHF;A2;08-07 18:51;0;
2026-08-10T08:48:00.000+01:00,MAR1GSOPEN;AUDCHF;B2;08-07 18:51;0;
2026-08-10T08:51:00.000+01:00,"MAR1GSOPEN;AUDCHF;A1;08-07 18:51;2;08-07 18:51,08-10 08:51"
2026-08-10T08:51:00.000+01:00,MAR1GSOPEN;AUDCHF;A2;08-10 08:51;1;08-10 08:51
2026-08-10T08:51:00.000+01:00,MAR1GSOPEN;AUDCHF;B1;08-10 08:51;0;
2026-08-10T08:51:00.000+01:00,MAR1GSOPEN;AUDCHF;B2;08-10 08:51;1;08-10 08:51
2026-08-10T08:54:00.000+01:00,"MAR1GSOPEN;AUDCHF;A1;08-07 18:51;2;08-07 18:51,08-10 08:51"
2026-08-10T08:54:00.000+01:00,MAR1GSOPEN;AUDCHF;A2;08-10 08:51;1;08-10 08:51
2026-08-10T08:54:00.000+01:00,MAR1GSOPEN;AUDCHF;B1;08-10 08:51;0;
2026-08-10T08:54:00.000+01:00,MAR1GSOPEN;AUDCHF;B2;08-10 08:51;1;08-10 08:51
2026-08-10T08:57:00.000+01:00,"MAR1GSOPEN;AUDCHF;A1;08-07 18:51;2;08-07 18:51,08-10 08:51"
2026-08-10T08:57:00.000+01:00,MAR1GSOPEN;AUDCHF;A2;08-10 08:51;1;08-10 08:51
2026-08-10T08:57:00.000+01:00,MAR1GSOPEN;AUDCHF;B1;08-10 08:51;0;
2026-08-10T08:57:00.000+01:00,MAR1GSOPEN;AUDCHF;B2;08-10 08:51;1;08-10 08:51
2026-08-10T09:00:00.000+01:00,"MAR1GSOPEN;AUDCHF;A1;08-07 18:51;2;08-07 18:51,08-10 08:51"
2026-08-10T09:00:00.000+01:00,MAR1GSOPEN;AUDCHF;A2;08-10 08:51;1;08-10 08:51
2026-08-10T09:00:00.000+01:00,MAR1GSOPEN;AUDCHF;B1;08-10 08:51;0;
2026-08-10T09:00:00.000+01:00,MAR1GSOPEN;AUDCHF;B2;08-10 08:51;1;08-10 08:51
2026-08-10T09:03:00.000+01:00,"MAR1GSOPEN;AUDCHF;A1;08-07 18:51;2;08-07 18:51,08-10 08:51"
2026-08-10T09:03:00.000+01:00,MAR1GSOPEN;AUDCHF;A2;08-10 08:51;1;08-10 08:51
2026-08-10T09:03:00.000+01:00,MAR1GSOPEN;AUDCHF;B1;08-10 08:51;0;
2026-08-10T09:03:00.000+01:00,MAR1GSOPEN;AUDCHF;B2;08-10 08:51;1;08-10 08:51
2026-08-10T09:06:00.000+01:00,"MAR1GSOPEN;AUDCHF;A1;08-07 18:51;2;08-07 18:51,08-10 08:51"
2026-08-10T09:06:00.000+01:00,MAR1GSOPEN;AUDCHF;A2;08-10 08:51;1;08-10 08:51
2026-08-10T09:06:00.000+01:00,MAR1GSOPEN;AUDCHF;B1;08-10 08:51;0;
2026-08-10T09:06:00.000+01:00,MAR1GSOPEN;AUDCHF;B2;08-10 08:51;1;08-10 08:51
2026-08-10T09:09:00.000+01:00,"MAR1GSOPEN;AUDCHF;A1;08-07 18:51;2;08-07 18:51,08-10 08:51"
2026-08-10T09:09:00.000+01:00,MAR1GSOPEN;AUDCHF;A2;08-10 08:51;1;08-10 08:51
2026-08-10T09:09:00.000+01:00,MAR1GSOPEN;AUDCHF;B1;08-10 08:51;0;
2026-08-10T09:09:00.000+01:00,MAR1GSOPEN;AUDCHF;B2;08-10 08:51;1;08-10 08:51
2026-08-10T09:12:00.000+01:00,"MAR1GSOPEN;AUDCHF;A1;08-07 18:51;2;08-07 18:51,08-10 08:51"
2026-08-10T09:12:00.000+01:00,MAR1GSOPEN;AUDCHF;A2;08-10 08:51;1;08-10 08:51
2026-08-10T09:12:00.000+01:00,MAR1GSOPEN;AUDCHF;B1;08-10 08:51;0;
2026-08-10T09:12:00.000+01:00,MAR1GSOPEN;AUDCHF;B2;08-10 08:51;1;08-10 08:51
2026-08-10T09:15:00.000+01:00,"MAR1GSOPEN;AUDCHF;A1;08-07 18:51;2;08-07 18:51,08-10 08:51"
2026-08-10T09:15:00.000+01:00,MAR1GSOPEN;AUDCHF;A2;08-10 08:51;1;08-10 08:51
2026-08-10T09:15:00.000+01:00,MAR1GSOPEN;AUDCHF;B1;08-10 08:51;0;
2026-08-10T09:15:00.000+01:00,MAR1GSOPEN;AUDCHF;B2;08-10 08:51;1;08-10 08:51
2026-08-10T09:18:00.000+01:00,"MAR1GSOPEN;AUDCHF;A1;08-07 18:51;2;08-07 18:51,08-10 08:51"
2026-08-10T09:18:00.000+01:00,MAR1GSOPEN;AUDCHF;A2;08-10 08:51;1;08-10 08:51
2026-08-10T09:18:00.000+01:00,MAR1GSOPEN;AUDCHF;B1;08-10 08:51;0;
2026-08-10T09:18:00.000+01:00,MAR1GSOPEN;AUDCHF;B2;08-10 08:51;1;08-10 08:51
2026-08-10T09:21:00.000+01:00,"MAR1GSOPEN;AUDCHF;A1;08-07 18:51;2;08-07 18:51,08-10 08:51"
2026-08-10T09:21:00.000+01:00,"MAR1GSOPEN;AUDCHF;A2;08-10 08:51;2;08-10 08:51,08-10 09:21"
2026-08-10T09:21:00.000+01:00,MAR1GSOPEN;AUDCHF;B1;08-10 09:21;1;08-10 09:21
2026-08-10T09:21:00.000+01:00,MAR1GSOPEN;AUDCHF;B2;08-10 08:51;1;08-10 08:51
2026-08-10T09:24:00.000+01:00,"MAR1GSOPEN;AUDCHF;A1;08-07 18:51;2;08-07 18:51,08-10 08:51"
2026-08-10T09:24:00.000+01:00,"MAR1GSOPEN;AUDCHF;A2;08-10 08:51;2;08-10 08:51,08-10 09:21"
2026-08-10T09:24:00.000+01:00,MAR1GSOPEN;AUDCHF;B1;08-10 09:21;1;08-10 09:21
2026-08-10T09:24:00.000+01:00,MAR1GSOPEN;AUDCHF;B2;08-10 08:51;1;08-10 08:51
2026-08-10T09:27:00.000+01:00,"MAR1GSOPEN;AUDCHF;A1;08-07 18:51;2;08-07 18:51,08-10 08:51"
2026-08-10T09:27:00.000+01:00,"MAR1GSOPEN;AUDCHF;A2;08-10 08:51;2;08-10 08:51,08-10 09:21"
2026-08-10T09:27:00.000+01:00,MAR1GSOPEN;AUDCHF;B1;08-10 09:21;1;08-10 09:21
2026-08-10T09:27:00.000+01:00,MAR1GSOPEN;AUDCHF;B2;08-10 08:51;1;08-10 08:51
2026-08-10T09:30:00.000+01:00,"MAR1GSOPEN;AUDCHF;A1;08-07 18:51;2;08-07 18:51,08-10 08:51"
2026-08-10T09:30:00.000+01:00,"MAR1GSOPEN;AUDCHF;A2;08-10 08:51;2;08-10 08:51,08-10 09:21"
2026-08-10T09:30:00.000+01:00,MAR1GSOPEN;AUDCHF;B1;08-10 09:21;1;08-10 09:21
2026-08-10T09:30:00.000+01:00,MAR1GSOPEN;AUDCHF;B2;08-10 08:51;1;08-10 08:51
2026-08-10T09:33:00.000+01:00,"MAR1GSOPEN;AUDCHF;A1;08-07 18:51;2;08-07 18:51,08-10 08:51"
2026-08-10T09:33:00.000+01:00,"MAR1GSOPEN;AUDCHF;A2;08-10 08:51;2;08-10 08:51,08-10 09:21"
2026-08-10T09:33:00.000+01:00,MAR1GSOPEN;AUDCHF;B1;08-10 09:21;1;08-10 09:21
2026-08-10T09:33:00.000+01:00,MAR1GSOPEN;AUDCHF;B2;08-10 08:51;1;08-10 08:51
2026-08-10T09:36:00.000+01:00,"MAR1GSOPEN;AUDCHF;A1;08-07 18:51;2;08-07 18:51,08-10 08:51"
2026-08-10T09:36:00.000+01:00,"MAR1GSOPEN;AUDCHF;A2;08-10 08:51;2;08-10 08:51,08-10 09:21"
2026-08-10T09:36:00.000+01:00,MAR1GSOPEN;AUDCHF;B1;08-10 09:21;1;08-10 09:21
2026-08-10T09:36:00.000+01:00,MAR1GSOPEN;AUDCHF;B2;08-10 08:51;1;08-10 08:51
2026-08-10T09:39:00.000+01:00,"MAR1GSOPEN;AUDCHF;A1;08-07 18:51;2;08-07 18:51,08-10 08:51"
2026-08-10T09:39:00.000+01:00,"MAR1GSOPEN;AUDCHF;A2;08-10 08:51;2;08-10 08:51,08-10 09:21"
2026-08-10T09:39:00.000+01:00,MAR1GSOPEN;AUDCHF;B1;08-10 09:21;1;08-10 09:21
2026-08-10T09:39:00.000+01:00,MAR1GSOPEN;AUDCHF;B2;08-10 08:51;1;08-10 08:51
2026-08-10T09:42:00.000+01:00,"MAR1GSOPEN;AUDCHF;A1;08-07 18:51;2;08-07 18:51,08-10 08:51"
2026-08-10T09:42:00.000+01:00,"MAR1GSOPEN;AUDCHF;A2;08-10 08:51;2;08-10 08:51,08-10 09:21"
2026-08-10T09:42:00.000+01:00,MAR1GSOPEN;AUDCHF;B1;08-10 09:21;1;08-10 09:21
2026-08-10T09:42:00.000+01:00,MAR1GSOPEN;AUDCHF;B2;08-10 08:51;1;08-10 08:51
2026-08-10T09:45:00.000+01:00,"MAR1GSCLOSE;AUDCHF;A1;08-07 18:51;08-10 09:48;3;long;08-07 18:51,08-10 08:51,08-10 09:45"
2026-08-10T09:45:00.000+01:00,"MAR1GSCLOSE;AUDCHF;A2;08-10 08:51;08-10 09:48;3;long;08-10 08:51,08-10 09:21,08-10 09:45"
2026-08-10T09:45:00.000+01:00,"MAR1GSCLOSE;AUDCHF;B1;08-10 09:21;08-10 09:48;2;long;08-10 09:21,08-10 09:45"
2026-08-10T09:45:00.000+01:00,"MAR1GSCLOSE;AUDCHF;B2;08-10 08:51;08-10 09:48;2;long;08-10 08:51,08-10 09:45"
2026-08-11T14:48:00.000+01:00,MAR1GSOPEN;AUDCHF;A2;08-11 14:48;0;
2026-08-11T14:51:00.000+01:00,MAR1GSOPEN;AUDCHF;A2;08-11 14:48;0;
2026-08-11T14:54:00.000+01:00,MAR1GSOPEN;AUDCHF;A2;08-11 14:48;0;
2026-08-11T14:57:00.000+01:00,MAR1GSOPEN;AUDCHF;A2;08-11 14:48;0;
2026-08-11T15:00:00.000+01:00,MAR1GSOPEN;AUDCHF;A2;08-11 14:48;0;
2026-08-11T15:03:00.000+01:00,MAR1GSOPEN;AUDCHF;A2;08-11 14:48;0;
2026-08-11T15:06:00.000+01:00,MAR1GSOPEN;AUDCHF;A2;08-11 14:48;0;
2026-08-11T15:09:00.000+01:00,MAR1GSOPEN;AUDCHF;A2;08-11 14:48;0;
2026-08-11T15:12:00.000+01:00,MAR1GSOPEN;AUDCHF;A2;08-11 14:48;0;
2026-08-11T15:15:00.000+01:00,MAR1GSOPEN;AUDCHF;A2;08-11 14:48;0;
2026-08-11T15:18:00.000+01:00,MAR1GSOPEN;AUDCHF;A2;08-11 14:48;0;
2026-08-11T15:21:00.000+01:00,MAR1GSOPEN;AUDCHF;A2;08-11 14:48;0;
2026-08-11T15:24:00.000+01:00,MAR1GSCLOSE;AUDCHF;A2;08-11 15:24;08-11 15:27;1;long;08-11 15:24
2026-08-11T15:51:00.000+01:00,MAR1GSOPEN;AUDCHF;A2;08-11 15:51;0;
2026-08-11T15:54:00.000+01:00,MAR1GSOPEN;AUDCHF;A2;08-11 15:51;0;
2026-08-11T15:57:00.000+01:00,MAR1GSOPEN;AUDCHF;A2;08-11 15:51;0;
2026-08-11T16:00:00.000+01:00,MAR1GSOPEN;AUDCHF;A2;08-11 15:51;0;
2026-08-11T16:03:00.000+01:00,MAR1GSCLOSE;AUDCHF;A2;08-11 16:03;08-11 16:06;1;short;08-11 16:03
2026-08-11T16:15:00.000+01:00,MAR1GSOPEN;AUDCHF;A1;08-11 16:15;0;
2026-08-11T16:18:00.000+01:00,MAR1GSOPEN;AUDCHF;A1;08-11 16:15;0;
2026-08-11T16:21:00.000+01:00,MAR1GSOPEN;AUDCHF;A1;08-11 16:15;0;
2026-08-11T16:24:00.000+01:00,MAR1GSOPEN;AUDCHF;A1;08-11 16:24;1;08-11 16:24
2026-08-11T16:24:00.000+01:00,MAR1GSOPEN;AUDCHF;B2;08-11 16:24;0;
2026-08-11T16:27:00.000+01:00,MAR1GSOPEN;AUDCHF;A1;08-11 16:24;1;08-11 16:24
2026-08-11T16:27:00.000+01:00,MAR1GSOPEN;AUDCHF;B2;08-11 16:24;0;
2026-08-11T16:30:00.000+01:00,MAR1GSOPEN;AUDCHF;A1;08-11 16:24;1;08-11 16:24
2026-08-11T16:30:00.000+01:00,MAR1GSOPEN;AUDCHF;B2;08-11 16:24;0;
2026-08-11T16:33:00.000+01:00,MAR1GSOPEN;AUDCHF;A1;08-11 16:24;1;08-11 16:24
2026-08-11T16:33:00.000+01:00,MAR1GSOPEN;AUDCHF;B2;08-11 16:24;0;
2026-08-11T16:36:00.000+01:00,MAR1GSOPEN;AUDCHF;A1;08-11 16:24;1;08-11 16:24
2026-08-11T16:36:00.000+01:00,MAR1GSOPEN;AUDCHF;B2;08-11 16:24;0;
2026-08-11T16:39:00.000+01:00,MAR1GSOPEN;AUDCHF;A1;08-11 16:24;1;08-11 16:24
2026-08-11T16:39:00.000+01:00,MAR1GSOPEN;AUDCHF;B2;08-11 16:24;0;
2026-08-11T16:42:00.000+01:00,MAR1GSOPEN;AUDCHF;A1;08-11 16:24;1;08-11 16:24
2026-08-11T16:42:00.000+01:00,MAR1GSOPEN;AUDCHF;B2;08-11 16:24;0;
2026-08-11T16:45:00.000+01:00,MAR1GSOPEN;AUDCHF;A1;08-11 16:24;1;08-11 16:24
2026-08-11T16:45:00.000+01:00,MAR1GSOPEN;AUDCHF;B2;08-11 16:24;0;
2026-08-11T16:48:00.000+01:00,MAR1GSOPEN;AUDCHF;A1;08-11 16:24;1;08-11 16:24
2026-08-11T16:48:00.000+01:00,MAR1GSOPEN;AUDCHF;B2;08-11 16:24;0;
2026-08-11T16:51:00.000+01:00,MAR1GSOPEN;AUDCHF;A1;08-11 16:24;1;08-11 16:24
2026-08-11T16:51:00.000+01:00,MAR1GSOPEN;AUDCHF;B2;08-11 16:24;0;
2026-08-11T16:54:00.000+01:00,MAR1GSOPEN;AUDCHF;A1;08-11 16:24;1;08-11 16:24
2026-08-11T16:54:00.000+01:00,MAR1GSOPEN;AUDCHF;B2;08-11 16:24;0;
2026-08-11T16:57:00.000+01:00,MAR1GSOPEN;AUDCHF;A1;08-11 16:24;1;08-11 16:24
2026-08-11T16:57:00.000+01:00,MAR1GSOPEN;AUDCHF;B2;08-11 16:24;0;
2026-08-11T17:00:00.000+01:00,MAR1GSOPEN;AUDCHF;A1;08-11 16:24;1;08-11 16:24
2026-08-11T17:00:00.000+01:00,MAR1GSOPEN;AUDCHF;B2;08-11 16:24;0;
2026-08-11T17:03:00.000+01:00,MAR1GSOPEN;AUDCHF;A1;08-11 16:24;1;08-11 16:24
2026-08-11T17:03:00.000+01:00,MAR1GSOPEN;AUDCHF;B2;08-11 16:24;0;
2026-08-11T17:06:00.000+01:00,MAR1GSOPEN;AUDCHF;A1;08-11 16:24;1;08-11 16:24
2026-08-11T17:06:00.000+01:00,MAR1GSOPEN;AUDCHF;B2;08-11 16:24;0;
2026-08-11T17:09:00.000+01:00,MAR1GSOPEN;AUDCHF;A1;08-11 16:24;1;08-11 16:24
2026-08-11T17:09:00.000+01:00,MAR1GSOPEN;AUDCHF;B2;08-11 16:24;0;
2026-08-11T17:12:00.000+01:00,MAR1GSOPEN;AUDCHF;A1;08-11 16:24;1;08-11 16:24
2026-08-11T17:12:00.000+01:00,MAR1GSOPEN;AUDCHF;B2;08-11 16:24;0;
2026-08-11T17:15:00.000+01:00,MAR1GSOPEN;AUDCHF;A1;08-11 16:24;1;08-11 16:24
2026-08-11T17:15:00.000+01:00,MAR1GSOPEN;AUDCHF;B2;08-11 16:24;0;
2026-08-11T17:18:00.000+01:00,MAR1GSOPEN;AUDCHF;A1;08-11 16:24;1;08-11 16:24
2026-08-11T17:18:00.000+01:00,MAR1GSOPEN;AUDCHF;B2;08-11 16:24;0;
2026-08-11T17:21:00.000+01:00,MAR1GSOPEN;AUDCHF;A1;08-11 16:24;1;08-11 16:24
2026-08-11T17:21:00.000+01:00,MAR1GSOPEN;AUDCHF;B2;08-11 16:24;0;
2026-08-11T17:24:00.000+01:00,MAR1GSOPEN;AUDCHF;A1;08-11 16:24;1;08-11 16:24
2026-08-11T17:24:00.000+01:00,MAR1GSOPEN;AUDCHF;B2;08-11 16:24;0;
2026-08-11T17:27:00.000+01:00,MAR1GSOPEN;AUDCHF;A1;08-11 16:24;1;08-11 16:24
2026-08-11T17:27:00.000+01:00,MAR1GSOPEN;AUDCHF;B2;08-11 16:24;0;
2026-08-11T17:30:00.000+01:00,MAR1GSOPEN;AUDCHF;A1;08-11 16:24;1;08-11 16:24
2026-08-11T17:30:00.000+01:00,MAR1GSOPEN;AUDCHF;B2;08-11 16:24;0;
2026-08-11T17:33:00.000+01:00,MAR1GSOPEN;AUDCHF;A1;08-11 16:24;1;08-11 16:24
2026-08-11T17:33:00.000+01:00,MAR1GSOPEN;AUDCHF;B2;08-11 16:24;0;
2026-08-11T17:36:00.000+01:00,MAR1GSOPEN;AUDCHF;A1;08-11 16:24;1;08-11 16:24
2026-08-11T17:36:00.000+01:00,MAR1GSOPEN;AUDCHF;B2;08-11 16:24;0;
2026-08-11T17:39:00.000+01:00,MAR1GSOPEN;AUDCHF;A1;08-11 16:24;1;08-11 16:24
2026-08-11T17:39:00.000+01:00,MAR1GSOPEN;AUDCHF;B2;08-11 16:24;0;
2026-08-11T17:42:00.000+01:00,MAR1GSOPEN;AUDCHF;A1;08-11 16:24;1;08-11 16:24
2026-08-11T17:42:00.000+01:00,MAR1GSOPEN;AUDCHF;B2;08-11 16:24;0;
2026-08-11T17:45:00.000+01:00,MAR1GSOPEN;AUDCHF;A1;08-11 16:24;1;08-11 16:24
2026-08-11T17:45:00.000+01:00,MAR1GSOPEN;AUDCHF;B2;08-11 16:24;0;
2026-08-11T17:48:00.000+01:00,MAR1GSOPEN;AUDCHF;A1;08-11 16:24;1;08-11 16:24
2026-08-11T17:48:00.000+01:00,MAR1GSOPEN;AUDCHF;B2;08-11 16:24;0;
2026-08-11T17:51:00.000+01:00,MAR1GSOPEN;AUDCHF;A1;08-11 16:24;1;08-11 16:24
2026-08-11T17:51:00.000+01:00,MAR1GSOPEN;AUDCHF;B2;08-11 16:24;0;
2026-08-11T17:54:00.000+01:00,MAR1GSOPEN;AUDCHF;A1;08-11 16:24;1;08-11 16:24
2026-08-11T17:54:00.000+01:00,MAR1GSOPEN;AUDCHF;B2;08-11 16:24;0;
2026-08-11T17:57:00.000+01:00,MAR1GSOPEN;AUDCHF;A1;08-11 16:24;1;08-11 16:24
2026-08-11T17:57:00.000+01:00,MAR1GSOPEN;AUDCHF;B2;08-11 16:24;0;
2026-08-11T18:00:00.000+01:00,MAR1GSOPEN;AUDCHF;A1;08-11 16:24;1;08-11 16:24
2026-08-11T18:00:00.000+01:00,MAR1GSOPEN;AUDCHF;B2;08-11 16:24;0;
2026-08-11T18:03:00.000+01:00,MAR1GSOPEN;AUDCHF;A1;08-11 16:24;1;08-11 16:24
2026-08-11T18:03:00.000+01:00,MAR1GSOPEN;AUDCHF;B2;08-11 16:24;0;
2026-08-11T18:06:00.000+01:00,MAR1GSOPEN;AUDCHF;A1;08-11 16:24;1;08-11 16:24
2026-08-11T18:06:00.000+01:00,MAR1GSOPEN;AUDCHF;B2;08-11 16:24;0;
2026-08-11T18:09:00.000+01:00,MAR1GSOPEN;AUDCHF;A1;08-11 16:24;1;08-11 16:24
2026-08-11T18:09:00.000+01:00,MAR1GSOPEN;AUDCHF;B2;08-11 16:24;0;
2026-08-11T18:12:00.000+01:00,"MAR1GSOPEN;AUDCHF;A1;08-11 16:24;2;08-11 16:24,08-11 18:12"
2026-08-11T18:12:00.000+01:00,MAR1GSOPEN;AUDCHF;A2;08-11 18:12;0;
2026-08-11T18:12:00.000+01:00,MAR1GSOPEN;AUDCHF;B2;08-11 18:12;1;08-11 18:12
2026-08-11T18:15:00.000+01:00,"MAR1GSOPEN;AUDCHF;A1;08-11 16:24;3;08-11 16:24,08-11 18:12,08-11 18:15"
2026-08-11T18:15:00.000+01:00,MAR1GSOPEN;AUDCHF;A2;08-11 18:15;1;08-11 18:15
2026-08-11T18:15:00.000+01:00,MAR1GSOPEN;AUDCHF;B1;08-11 18:15;0;
2026-08-11T18:15:00.000+01:00,"MAR1GSOPEN;AUDCHF;B2;08-11 18:12;2;08-11 18:12,08-11 18:15"
2026-08-11T18:15:00.000+01:00,MAR1GSOPEN;AUDCHF;D1;08-11 18:15;0;
2026-08-11T18:18:00.000+01:00,"MAR1GSOPEN;AUDCHF;A1;08-11 16:24;3;08-11 16:24,08-11 18:12,08-11 18:15"
2026-08-11T18:18:00.000+01:00,MAR1GSOPEN;AUDCHF;A2;08-11 18:15;1;08-11 18:15
2026-08-11T18:18:00.000+01:00,MAR1GSOPEN;AUDCHF;B1;08-11 18:15;0;
2026-08-11T18:18:00.000+01:00,"MAR1GSOPEN;AUDCHF;B2;08-11 18:12;2;08-11 18:12,08-11 18:15"
2026-08-11T18:18:00.000+01:00,MAR1GSOPEN;AUDCHF;D1;08-11 18:15;0;
2026-08-11T18:21:00.000+01:00,"MAR1GSOPEN;AUDCHF;A1;08-11 16:24;3;08-11 16:24,08-11 18:12,08-11 18:15"
2026-08-11T18:21:00.000+01:00,MAR1GSOPEN;AUDCHF;A2;08-11 18:15;1;08-11 18:15
2026-08-11T18:21:00.000+01:00,MAR1GSOPEN;AUDCHF;B1;08-11 18:15;0;
2026-08-11T18:21:00.000+01:00,"MAR1GSOPEN;AUDCHF;B2;08-11 18:12;2;08-11 18:12,08-11 18:15"
2026-08-11T18:21:00.000+01:00,MAR1GSOPEN;AUDCHF;D1;08-11 18:15;0;
2026-08-11T18:24:00.000+01:00,"MAR1GSOPEN;AUDCHF;A1;08-11 16:24;3;08-11 16:24,08-11 18:12,08-11 18:15"
2026-08-11T18:24:00.000+01:00,MAR1GSOPEN;AUDCHF;A2;08-11 18:15;1;08-11 18:15
2026-08-11T18:24:00.000+01:00,MAR1GSOPEN;AUDCHF;B1;08-11 18:15;0;
2026-08-11T18:24:00.000+01:00,"MAR1GSOPEN;AUDCHF;B2;08-11 18:12;2;08-11 18:12,08-11 18:15"
2026-08-11T18:24:00.000+01:00,MAR1GSOPEN;AUDCHF;D1;08-11 18:15;0;
2026-08-11T18:27:00.000+01:00,"MAR1GSOPEN;AUDCHF;A1;08-11 16:24;3;08-11 16:24,08-11 18:12,08-11 18:15"
2026-08-11T18:27:00.000+01:00,MAR1GSOPEN;AUDCHF;A2;08-11 18:15;1;08-11 18:15
2026-08-11T18:27:00.000+01:00,MAR1GSOPEN;AUDCHF;B1;08-11 18:15;0;
2026-08-11T18:27:00.000+01:00,"MAR1GSOPEN;AUDCHF;B2;08-11 18:12;2;08-11 18:12,08-11 18:15"
2026-08-11T18:27:00.000+01:00,MAR1GSOPEN;AUDCHF;D1;08-11 18:15;0;
2026-08-11T18:30:00.000+01:00,"MAR1GSOPEN;AUDCHF;A1;08-11 16:24;4;08-11 16:24,08-11 18:12,08-11 18:15,08-11 18:30"
2026-08-11T18:30:00.000+01:00,"MAR1GSOPEN;AUDCHF;A2;08-11 18:15;2;08-11 18:15,08-11 18:30"
2026-08-11T18:30:00.000+01:00,MAR1GSOPEN;AUDCHF;B1;08-11 18:30;1;08-11 18:30
2026-08-11T18:30:00.000+01:00,"MAR1GSOPEN;AUDCHF;B2;08-11 18:12;3;08-11 18:12,08-11 18:15,08-11 18:30"
2026-08-11T18:30:00.000+01:00,MAR1GSOPEN;AUDCHF;C1;08-11 18:30;0;
2026-08-11T18:30:00.000+01:00,MAR1GSOPEN;AUDCHF;C2;08-11 18:30;0;
2026-08-11T18:30:00.000+01:00,MAR1GSOPEN;AUDCHF;D1;08-11 18:30;1;08-11 18:30
2026-08-11T18:33:00.000+01:00,"MAR1GSCLOSE;AUDCHF;A1;08-11 16:24;08-11 18:36;5;long;08-11 16:24,08-11 18:12,08-11 18:15,08-11 18:30,08-11 18:33"
2026-08-11T18:33:00.000+01:00,"MAR1GSCLOSE;AUDCHF;A2;08-11 18:15;08-11 18:36;3;long;08-11 18:15,08-11 18:30,08-11 18:33"
2026-08-11T18:33:00.000+01:00,"MAR1GSCLOSE;AUDCHF;B1;08-11 18:30;08-11 18:36;2;long;08-11 18:30,08-11 18:33"
2026-08-11T18:33:00.000+01:00,"MAR1GSCLOSE;AUDCHF;B2;08-11 18:12;08-11 18:36;4;long;08-11 18:12,08-11 18:15,08-11 18:30,08-11 18:33"
2026-08-11T18:33:00.000+01:00,MAR1GSCLOSE;AUDCHF;C1;08-11 18:33;08-11 18:36;1;long;08-11 18:33
2026-08-11T18:33:00.000+01:00,MAR1GSCLOSE;AUDCHF;C2;08-11 18:33;08-11 18:36;1;long;08-11 18:33
2026-08-11T18:33:00.000+01:00,"MAR1GSCLOSE;AUDCHF;D1;08-11 18:30;08-11 18:36;2;long;08-11 18:30,08-11 18:33"
2026-07-27T17:42:00.000+01:00,MAR1GSOPEN;AUDCAD;A1;07-27 17:42;0;
2026-07-27T17:42:00.000+01:00,MAR1GSOPEN;AUDCAD;A2;07-27 17:42;0;
2026-07-27T17:45:00.000+01:00,MAR1GSOPEN;AUDCAD;A1;07-27 17:45;1;07-27 17:45
2026-07-27T17:45:00.000+01:00,MAR1GSOPEN;AUDCAD;A2;07-27 17:45;1;07-27 17:45
2026-07-27T17:45:00.000+01:00,MAR1GSOPEN;AUDCAD;B1;07-27 17:45;0;
2026-07-27T17:45:00.000+01:00,MAR1GSOPEN;AUDCAD;B2;07-27 17:45;0;
2026-07-27T17:48:00.000+01:00,MAR1GSOPEN;AUDCAD;A1;07-27 17:45;1;07-27 17:45
2026-07-27T17:48:00.000+01:00,MAR1GSOPEN;AUDCAD;A2;07-27 17:45;1;07-27 17:45
2026-07-27T17:48:00.000+01:00,MAR1GSOPEN;AUDCAD;B1;07-27 17:45;0;
2026-07-27T17:48:00.000+01:00,MAR1GSOPEN;AUDCAD;B2;07-27 17:45;0;
2026-07-27T17:51:00.000+01:00,MAR1GSOPEN;AUDCAD;A1;07-27 17:45;1;07-27 17:45
2026-07-27T17:51:00.000+01:00,MAR1GSOPEN;AUDCAD;A2;07-27 17:45;1;07-27 17:45
2026-07-27T17:51:00.000+01:00,MAR1GSOPEN;AUDCAD;B1;07-27 17:45;0;
2026-07-27T17:51:00.000+01:00,MAR1GSOPEN;AUDCAD;B2;07-27 17:45;0;
2026-07-27T17:54:00.000+01:00,MAR1GSOPEN;AUDCAD;A1;07-27 17:45;1;07-27 17:45
2026-07-27T17:54:00.000+01:00,MAR1GSOPEN;AUDCAD;A2;07-27 17:45;1;07-27 17:45
2026-07-27T17:54:00.000+01:00,MAR1GSOPEN;AUDCAD;B1;07-27 17:45;0;
2026-07-27T17:54:00.000+01:00,MAR1GSOPEN;AUDCAD;B2;07-27 17:45;0;
2026-07-27T17:57:00.000+01:00,MAR1GSOPEN;AUDCAD;A1;07-27 17:45;1;07-27 17:45
2026-07-27T17:57:00.000+01:00,MAR1GSOPEN;AUDCAD;A2;07-27 17:45;1;07-27 17:45
2026-07-27T17:57:00.000+01:00,MAR1GSOPEN;AUDCAD;B1;07-27 17:45;0;
2026-07-27T17:57:00.000+01:00,MAR1GSOPEN;AUDCAD;B2;07-27 17:45;0;
2026-07-27T18:00:00.000+01:00,MAR1GSOPEN;AUDCAD;A1;07-27 17:45;1;07-27 17:45
2026-07-27T18:00:00.000+01:00,MAR1GSOPEN;AUDCAD;A2;07-27 17:45;1;07-27 17:45
2026-07-27T18:00:00.000+01:00,MAR1GSOPEN;AUDCAD;B1;07-27 17:45;0;
2026-07-27T18:00:00.000+01:00,MAR1GSOPEN;AUDCAD;B2;07-27 17:45;0;
2026-07-27T18:03:00.000+01:00,MAR1GSOPEN;AUDCAD;A1;07-27 17:45;1;07-27 17:45
2026-07-27T18:03:00.000+01:00,MAR1GSOPEN;AUDCAD;A2;07-27 17:45;1;07-27 17:45
2026-07-27T18:03:00.000+01:00,MAR1GSOPEN;AUDCAD;B1;07-27 17:45;0;
2026-07-27T18:03:00.000+01:00,MAR1GSOPEN;AUDCAD;B2;07-27 17:45;0;
2026-07-27T18:06:00.000+01:00,MAR1GSOPEN;AUDCAD;A1;07-27 17:45;1;07-27 17:45
2026-07-27T18:06:00.000+01:00,MAR1GSOPEN;AUDCAD;A2;07-27 17:45;1;07-27 17:45
2026-07-27T18:06:00.000+01:00,MAR1GSOPEN;AUDCAD;B1;07-27 17:45;0;
2026-07-27T18:06:00.000+01:00,MAR1GSOPEN;AUDCAD;B2;07-27 17:45;0;
2026-07-27T18:09:00.000+01:00,MAR1GSOPEN;AUDCAD;A1;07-27 17:45;1;07-27 17:45
2026-07-27T18:09:00.000+01:00,MAR1GSOPEN;AUDCAD;A2;07-27 17:45;1;07-27 17:45
2026-07-27T18:09:00.000+01:00,MAR1GSOPEN;AUDCAD;B1;07-27 17:45;0;
2026-07-27T18:09:00.000+01:00,MAR1GSOPEN;AUDCAD;B2;07-27 17:45;0;
2026-07-27T18:12:00.000+01:00,"MAR1GSOPEN;AUDCAD;A1;07-27 17:45;2;07-27 17:45,07-27 18:12"
2026-07-27T18:12:00.000+01:00,MAR1GSOPEN;AUDCAD;A2;07-27 17:45;1;07-27 17:45
2026-07-27T18:12:00.000+01:00,MAR1GSOPEN;AUDCAD;B1;07-27 17:45;0;
2026-07-27T18:12:00.000+01:00,MAR1GSOPEN;AUDCAD;B2;07-27 18:12;1;07-27 18:12
2026-07-27T18:15:00.000+01:00,"MAR1GSCLOSE;AUDCAD;A1;07-27 17:45;07-27 18:18;3;short;07-27 17:45,07-27 18:12,07-27 18:15"
2026-07-27T18:15:00.000+01:00,"MAR1GSCLOSE;AUDCAD;A2;07-27 17:45;07-27 18:18;2;short;07-27 17:45,07-27 18:15"
2026-07-27T18:15:00.000+01:00,MAR1GSCLOSE;AUDCAD;B1;07-27 18:15;07-27 18:18;1;short;07-27 18:15
2026-07-27T18:15:00.000+01:00,"MAR1GSCLOSE;AUDCAD;B2;07-27 18:12;07-27 18:18;2;short;07-27 18:12,07-27 18:15"
2026-07-28T12:54:00.000+01:00,MAR1GSOPEN;AUDCAD;A2;07-28 12:54;0;
2026-07-28T12:57:00.000+01:00,MAR1GSOPEN;AUDCAD;A2;07-28 12:54;0;
2026-07-28T13:00:00.000+01:00,MAR1GSOPEN;AUDCAD;A2;07-28 12:54;0;
2026-07-28T13:03:00.000+01:00,MAR1GSOPEN;AUDCAD;A2;07-28 12:54;0;
2026-07-28T13:06:00.000+01:00,MAR1GSOPEN;AUDCAD;A2;07-28 12:54;0;
2026-07-28T13:09:00.000+01:00,MAR1GSOPEN;AUDCAD;A2;07-28 12:54;0;
2026-07-28T13:12:00.000+01:00,MAR1GSCLOSE;AUDCAD;A2;07-28 13:12;07-28 13:15;1;long;07-28 13:12
2026-07-29T16:03:00.000+01:00,MAR1GSOPEN;AUDCAD;A2;07-29 16:03;0;
2026-07-29T16:06:00.000+01:00,MAR1GSOPEN;AUDCAD;A1;07-29 16:06;0;
2026-07-29T16:06:00.000+01:00,MAR1GSOPEN;AUDCAD;A2;07-29 16:06;1;07-29 16:06
2026-07-29T16:06:00.000+01:00,MAR1GSOPEN;AUDCAD;B1;07-29 16:06;0;
2026-07-29T16:06:00.000+01:00,MAR1GSOPEN;AUDCAD;C2;07-29 16:06;0;
2026-07-29T16:09:00.000+01:00,MAR1GSOPEN;AUDCAD;A1;07-29 16:06;0;
2026-07-29T16:09:00.000+01:00,MAR1GSOPEN;AUDCAD;A2;07-29 16:06;1;07-29 16:06
2026-07-29T16:09:00.000+01:00,MAR1GSOPEN;AUDCAD;B1;07-29 16:06;0;
2026-07-29T16:09:00.000+01:00,MAR1GSOPEN;AUDCAD;C2;07-29 16:06;0;
2026-07-29T16:12:00.000+01:00,MAR1GSOPEN;AUDCAD;A1;07-29 16:06;0;
2026-07-29T16:12:00.000+01:00,MAR1GSOPEN;AUDCAD;A2;07-29 16:06;1;07-29 16:06
2026-07-29T16:12:00.000+01:00,MAR1GSOPEN;AUDCAD;B1;07-29 16:06;0;
2026-07-29T16:12:00.000+01:00,MAR1GSOPEN;AUDCAD;C2;07-29 16:06;0;
2026-07-29T16:15:00.000+01:00,MAR1GSOPEN;AUDCAD;A1;07-29 16:06;0;
2026-07-29T16:15:00.000+01:00,MAR1GSOPEN;AUDCAD;A2;07-29 16:06;1;07-29 16:06
2026-07-29T16:15:00.000+01:00,MAR1GSOPEN;AUDCAD;B1;07-29 16:06;0;
2026-07-29T16:15:00.000+01:00,MAR1GSOPEN;AUDCAD;C2;07-29 16:06;0;
2026-07-29T16:18:00.000+01:00,MAR1GSOPEN;AUDCAD;A1;07-29 16:06;0;
2026-07-29T16:18:00.000+01:00,MAR1GSOPEN;AUDCAD;A2;07-29 16:06;1;07-29 16:06
2026-07-29T16:18:00.000+01:00,MAR1GSOPEN;AUDCAD;B1;07-29 16:06;0;
2026-07-29T16:18:00.000+01:00,MAR1GSOPEN;AUDCAD;C2;07-29 16:06;0;
2026-07-29T16:21:00.000+01:00,MAR1GSOPEN;AUDCAD;A1;07-29 16:06;0;
2026-07-29T16:21:00.000+01:00,MAR1GSOPEN;AUDCAD;A2;07-29 16:06;1;07-29 16:06
2026-07-29T16:21:00.000+01:00,MAR1GSOPEN;AUDCAD;B1;07-29 16:06;0;
2026-07-29T16:21:00.000+01:00,MAR1GSOPEN;AUDCAD;C2;07-29 16:06;0;
2026-07-29T16:24:00.000+01:00,MAR1GSOPEN;AUDCAD;A1;07-29 16:06;0;
2026-07-29T16:24:00.000+01:00,MAR1GSOPEN;AUDCAD;A2;07-29 16:06;1;07-29 16:06
2026-07-29T16:24:00.000+01:00,MAR1GSOPEN;AUDCAD;B1;07-29 16:06;0;
2026-07-29T16:24:00.000+01:00,MAR1GSOPEN;AUDCAD;C2;07-29 16:06;0;
2026-07-29T16:27:00.000+01:00,MAR1GSOPEN;AUDCAD;A1;07-29 16:06;0;
2026-07-29T16:27:00.000+01:00,MAR1GSOPEN;AUDCAD;A2;07-29 16:06;1;07-29 16:06
2026-07-29T16:27:00.000+01:00,MAR1GSOPEN;AUDCAD;B1;07-29 16:06;0;
2026-07-29T16:27:00.000+01:00,MAR1GSOPEN;AUDCAD;C2;07-29 16:06;0;
2026-07-29T16:30:00.000+01:00,MAR1GSOPEN;AUDCAD;A1;07-29 16:06;0;
2026-07-29T16:30:00.000+01:00,MAR1GSOPEN;AUDCAD;A2;07-29 16:06;1;07-29 16:06
2026-07-29T16:30:00.000+01:00,MAR1GSOPEN;AUDCAD;B1;07-29 16:06;0;
2026-07-29T16:30:00.000+01:00,MAR1GSOPEN;AUDCAD;C2;07-29 16:06;0;
2026-07-29T16:33:00.000+01:00,MAR1GSOPEN;AUDCAD;A1;07-29 16:06;0;
2026-07-29T16:33:00.000+01:00,MAR1GSOPEN;AUDCAD;A2;07-29 16:06;1;07-29 16:06
2026-07-29T16:33:00.000+01:00,MAR1GSOPEN;AUDCAD;B1;07-29 16:06;0;
2026-07-29T16:33:00.000+01:00,MAR1GSOPEN;AUDCAD;C2;07-29 16:06;0;
2026-07-29T16:36:00.000+01:00,MAR1GSOPEN;AUDCAD;A1;07-29 16:06;0;
2026-07-29T16:36:00.000+01:00,MAR1GSOPEN;AUDCAD;A2;07-29 16:06;1;07-29 16:06
2026-07-29T16:36:00.000+01:00,MAR1GSOPEN;AUDCAD;B1;07-29 16:06;0;
2026-07-29T16:36:00.000+01:00,MAR1GSOPEN;AUDCAD;C2;07-29 16:06;0;
2026-07-29T16:39:00.000+01:00,MAR1GSOPEN;AUDCAD;A1;07-29 16:06;0;
2026-07-29T16:39:00.000+01:00,MAR1GSOPEN;AUDCAD;A2;07-29 16:06;1;07-29 16:06
2026-07-29T16:39:00.000+01:00,MAR1GSOPEN;AUDCAD;B1;07-29 16:06;0;
2026-07-29T16:39:00.000+01:00,MAR1GSOPEN;AUDCAD;C2;07-29 16:06;0;
2026-07-29T16:42:00.000+01:00,MAR1GSOPEN;AUDCAD;A1;07-29 16:06;0;
2026-07-29T16:42:00.000+01:00,MAR1GSOPEN;AUDCAD;A2;07-29 16:06;1;07-29 16:06
2026-07-29T16:42:00.000+01:00,MAR1GSOPEN;AUDCAD;B1;07-29 16:06;0;
2026-07-29T16:42:00.000+01:00,MAR1GSOPEN;AUDCAD;C2;07-29 16:06;0;
2026-07-29T16:45:00.000+01:00,MAR1GSOPEN;AUDCAD;A1;07-29 16:06;0;
2026-07-29T16:45:00.000+01:00,MAR1GSOPEN;AUDCAD;A2;07-29 16:06;1;07-29 16:06
2026-07-29T16:45:00.000+01:00,MAR1GSOPEN;AUDCAD;B1;07-29 16:06;0;
2026-07-29T16:45:00.000+01:00,MAR1GSOPEN;AUDCAD;C2;07-29 16:06;0;
2026-07-29T16:48:00.000+01:00,MAR1GSOPEN;AUDCAD;A1;07-29 16:06;0;
2026-07-29T16:48:00.000+01:00,MAR1GSOPEN;AUDCAD;A2;07-29 16:06;1;07-29 16:06
2026-07-29T16:48:00.000+01:00,MAR1GSOPEN;AUDCAD;B1;07-29 16:06;0;
2026-07-29T16:48:00.000+01:00,MAR1GSOPEN;AUDCAD;C2;07-29 16:06;0;
2026-07-29T16:51:00.000+01:00,MAR1GSOPEN;AUDCAD;A1;07-29 16:06;0;
2026-07-29T16:51:00.000+01:00,MAR1GSOPEN;AUDCAD;A2;07-29 16:06;1;07-29 16:06
2026-07-29T16:51:00.000+01:00,MAR1GSOPEN;AUDCAD;B1;07-29 16:06;0;
2026-07-29T16:51:00.000+01:00,MAR1GSOPEN;AUDCAD;C2;07-29 16:06;0;
2026-07-29T16:54:00.000+01:00,MAR1GSOPEN;AUDCAD;A1;07-29 16:06;0;
2026-07-29T16:54:00.000+01:00,MAR1GSOPEN;AUDCAD;A2;07-29 16:06;1;07-29 16:06
2026-07-29T16:54:00.000+01:00,MAR1GSOPEN;AUDCAD;B1;07-29 16:06;0;
2026-07-29T16:54:00.000+01:00,MAR1GSOPEN;AUDCAD;C2;07-29 16:06;0;
2026-07-29T16:57:00.000+01:00,MAR1GSOPEN;AUDCAD;A1;07-29 16:06;0;
2026-07-29T16:57:00.000+01:00,MAR1GSOPEN;AUDCAD;A2;07-29 16:06;1;07-29 16:06
2026-07-29T16:57:00.000+01:00,MAR1GSOPEN;AUDCAD;B1;07-29 16:06;0;
2026-07-29T16:57:00.000+01:00,MAR1GSOPEN;AUDCAD;C2;07-29 16:06;0;
2026-07-29T17:00:00.000+01:00,MAR1GSOPEN;AUDCAD;A1;07-29 16:06;0;
2026-07-29T17:00:00.000+01:00,MAR1GSOPEN;AUDCAD;A2;07-29 16:06;1;07-29 16:06
2026-07-29T17:00:00.000+01:00,MAR1GSOPEN;AUDCAD;B1;07-29 16:06;0;
2026-07-29T17:00:00.000+01:00,MAR1GSOPEN;AUDCAD;C2;07-29 16:06;0;
2026-07-29T17:03:00.000+01:00,MAR1GSOPEN;AUDCAD;A1;07-29 16:06;0;
2026-07-29T17:03:00.000+01:00,MAR1GSOPEN;AUDCAD;A2;07-29 16:06;1;07-29 16:06
2026-07-29T17:03:00.000+01:00,MAR1GSOPEN;AUDCAD;B1;07-29 16:06;0;
2026-07-29T17:03:00.000+01:00,MAR1GSOPEN;AUDCAD;C2;07-29 16:06;0;
2026-07-29T17:06:00.000+01:00,MAR1GSOPEN;AUDCAD;A1;07-29 16:06;0;
2026-07-29T17:06:00.000+01:00,MAR1GSOPEN;AUDCAD;A2;07-29 16:06;1;07-29 16:06
2026-07-29T17:06:00.000+01:00,MAR1GSOPEN;AUDCAD;B1;07-29 16:06;0;
2026-07-29T17:06:00.000+01:00,MAR1GSOPEN;AUDCAD;C2;07-29 16:06;0;
2026-07-29T17:09:00.000+01:00,MAR1GSCLOSE;AUDCAD;A1;07-29 17:09;07-29 17:12;1;short;07-29 17:09
2026-07-29T17:09:00.000+01:00,"MAR1GSCLOSE;AUDCAD;A2;07-29 16:06;07-29 17:12;2;short;07-29 16:06,07-29 17:09"
2026-07-29T17:09:00.000+01:00,MAR1GSCLOSE;AUDCAD;B1;07-29 17:09;07-29 17:12;1;short;07-29 17:09
2026-07-29T17:09:00.000+01:00,MAR1GSOPEN;AUDCAD;C2;07-29 16:06;0;
2026-07-29T17:12:00.000+01:00,MAR1GSOPEN;AUDCAD;C2;07-29 16:06;0;
2026-07-29T17:15:00.000+01:00,MAR1GSOPEN;AUDCAD;C2;07-29 16:06;0;
2026-07-29T17:18:00.000+01:00,MAR1GSOPEN;AUDCAD;C1;07-29 17:18;0;
2026-07-29T17:18:00.000+01:00,MAR1GSOPEN;AUDCAD;C2;07-29 17:18;1;07-29 17:18
2026-07-29T17:18:00.000+01:00,MAR1GSOPEN;AUDCAD;D2;07-29 17:18;0;
2026-07-29T17:21:00.000+01:00,MAR1GSOPEN;AUDCAD;C1;07-29 17:18;0;
2026-07-29T17:21:00.000+01:00,MAR1GSOPEN;AUDCAD;C2;07-29 17:18;1;07-29 17:18
2026-07-29T17:21:00.000+01:00,MAR1GSOPEN;AUDCAD;D2;07-29 17:18;0;
2026-07-29T17:24:00.000+01:00,MAR1GSOPEN;AUDCAD;C1;07-29 17:18;0;
2026-07-29T17:24:00.000+01:00,MAR1GSOPEN;AUDCAD;C2;07-29 17:18;1;07-29 17:18
2026-07-29T17:24:00.000+01:00,MAR1GSOPEN;AUDCAD;D2;07-29 17:18;0;
2026-07-29T17:27:00.000+01:00,MAR1GSOPEN;AUDCAD;C1;07-29 17:18;0;
2026-07-29T17:27:00.000+01:00,MAR1GSOPEN;AUDCAD;C2;07-29 17:18;1;07-29 17:18
2026-07-29T17:27:00.000+01:00,MAR1GSOPEN;AUDCAD;D2;07-29 17:18;0;
2026-07-29T17:30:00.000+01:00,MAR1GSOPEN;AUDCAD;C1;07-29 17:18;0;
2026-07-29T17:30:00.000+01:00,MAR1GSOPEN;AUDCAD;C2;07-29 17:18;1;07-29 17:18
2026-07-29T17:30:00.000+01:00,MAR1GSOPEN;AUDCAD;D2;07-29 17:18;0;
2026-07-29T17:33:00.000+01:00,MAR1GSOPEN;AUDCAD;C1;07-29 17:18;0;
2026-07-29T17:33:00.000+01:00,MAR1GSOPEN;AUDCAD;C2;07-29 17:18;1;07-29 17:18
2026-07-29T17:33:00.000+01:00,MAR1GSOPEN;AUDCAD;D2;07-29 17:18;0;
2026-07-29T17:36:00.000+01:00,MAR1GSOPEN;AUDCAD;C1;07-29 17:18;0;
2026-07-29T17:36:00.000+01:00,MAR1GSOPEN;AUDCAD;C2;07-29 17:18;1;07-29 17:18
2026-07-29T17:36:00.000+01:00,MAR1GSOPEN;AUDCAD;D2;07-29 17:18;0;
2026-07-29T17:39:00.000+01:00,MAR1GSOPEN;AUDCAD;C1;07-29 17:18;0;
2026-07-29T17:39:00.000+01:00,MAR1GSOPEN;AUDCAD;C2;07-29 17:18;1;07-29 17:18
2026-07-29T17:39:00.000+01:00,MAR1GSOPEN;AUDCAD;D2;07-29 17:18;0;
2026-07-29T17:42:00.000+01:00,MAR1GSOPEN;AUDCAD;C1;07-29 17:18;0;
2026-07-29T17:42:00.000+01:00,MAR1GSOPEN;AUDCAD;C2;07-29 17:18;1;07-29 17:18
2026-07-29T17:42:00.000+01:00,MAR1GSOPEN;AUDCAD;D2;07-29 17:18;0;
2026-07-29T17:45:00.000+01:00,MAR1GSOPEN;AUDCAD;C1;07-29 17:18;0;
2026-07-29T17:45:00.000+01:00,MAR1GSOPEN;AUDCAD;C2;07-29 17:18;1;07-29 17:18
2026-07-29T17:45:00.000+01:00,MAR1GSOPEN;AUDCAD;D2;07-29 17:18;0;
2026-07-29T17:48:00.000+01:00,MAR1GSOPEN;AUDCAD;C1;07-29 17:18;0;
2026-07-29T17:48:00.000+01:00,MAR1GSOPEN;AUDCAD;C2;07-29 17:18;1;07-29 17:18
2026-07-29T17:48:00.000+01:00,MAR1GSOPEN;AUDCAD;D2;07-29 17:18;0;
2026-07-29T17:51:00.000+01:00,MAR1GSOPEN;AUDCAD;C1;07-29 17:18;0;
2026-07-29T17:51:00.000+01:00,MAR1GSOPEN;AUDCAD;C2;07-29 17:18;1;07-29 17:18
2026-07-29T17:51:00.000+01:00,MAR1GSOPEN;AUDCAD;D2;07-29 17:18;0;
2026-07-29T17:54:00.000+01:00,MAR1GSOPEN;AUDCAD;C1;07-29 17:18;0;
2026-07-29T17:54:00.000+01:00,MAR1GSOPEN;AUDCAD;C2;07-29 17:18;1;07-29 17:18
2026-07-29T17:54:00.000+01:00,MAR1GSOPEN;AUDCAD;D2;07-29 17:18;0;
2026-07-29T17:57:00.000+01:00,MAR1GSOPEN;AUDCAD;C1;07-29 17:18;0;
2026-07-29T17:57:00.000+01:00,MAR1GSOPEN;AUDCAD;C2;07-29 17:18;1;07-29 17:18
2026-07-29T17:57:00.000+01:00,MAR1GSOPEN;AUDCAD;D2;07-29 17:18;0;
2026-07-29T18:00:00.000+01:00,MAR1GSOPEN;AUDCAD;C1;07-29 17:18;0;
2026-07-29T18:00:00.000+01:00,MAR1GSOPEN;AUDCAD;C2;07-29 17:18;1;07-29 17:18
2026-07-29T18:00:00.000+01:00,MAR1GSOPEN;AUDCAD;D2;07-29 17:18;0;
2026-07-29T18:03:00.000+01:00,MAR1GSOPEN;AUDCAD;C1;07-29 17:18;0;
2026-07-29T18:03:00.000+01:00,MAR1GSOPEN;AUDCAD;C2;07-29 17:18;1;07-29 17:18
2026-07-29T18:03:00.000+01:00,MAR1GSOPEN;AUDCAD;D2;07-29 17:18;0;
2026-07-29T18:06:00.000+01:00,MAR1GSCLOSE;AUDCAD;C1;07-29 18:06;07-29 18:09;1;long;07-29 18:06
2026-07-29T18:06:00.000+01:00,"MAR1GSCLOSE;AUDCAD;C2;07-29 17:18;07-29 18:09;2;long;07-29 17:18,07-29 18:06"
2026-07-29T18:06:00.000+01:00,MAR1GSCLOSE;AUDCAD;D2;07-29 18:06;07-29 18:09;1;long;07-29 18:06
2026-07-30T09:42:00.000+01:00,MAR1GSOPEN;AUDCAD;A2;07-30 09:42;0;
2026-07-30T09:45:00.000+01:00,MAR1GSOPEN;AUDCAD;A2;07-30 09:42;0;
2026-07-30T09:48:00.000+01:00,MAR1GSOPEN;AUDCAD;A2;07-30 09:42;0;
2026-07-30T09:51:00.000+01:00,MAR1GSOPEN;AUDCAD;A2;07-30 09:42;0;
2026-07-30T09:54:00.000+01:00,MAR1GSOPEN;AUDCAD;A2;07-30 09:42;0;
2026-07-30T09:57:00.000+01:00,MAR1GSOPEN;AUDCAD;A2;07-30 09:42;0;
2026-07-30T10:00:00.000+01:00,MAR1GSOPEN;AUDCAD;A2;07-30 10:00;1;07-30 10:00
2026-07-30T10:00:00.000+01:00,MAR1GSOPEN;AUDCAD;B1;07-30 10:00;0;
2026-07-30T10:03:00.000+01:00,MAR1GSOPEN;AUDCAD;A2;07-30 10:00;1;07-30 10:00
2026-07-30T10:03:00.000+01:00,MAR1GSOPEN;AUDCAD;B1;07-30 10:00;0;
2026-07-30T10:06:00.000+01:00,MAR1GSOPEN;AUDCAD;A2;07-30 10:00;1;07-30 10:00
2026-07-30T10:06:00.000+01:00,MAR1GSOPEN;AUDCAD;B1;07-30 10:00;0;
2026-07-30T10:09:00.000+01:00,MAR1GSOPEN;AUDCAD;A2;07-30 10:00;1;07-30 10:00
2026-07-30T10:09:00.000+01:00,MAR1GSOPEN;AUDCAD;B1;07-30 10:00;0;
2026-07-30T10:12:00.000+01:00,MAR1GSOPEN;AUDCAD;A2;07-30 10:00;1;07-30 10:00
2026-07-30T10:12:00.000+01:00,MAR1GSOPEN;AUDCAD;B1;07-30 10:00;0;
2026-07-30T10:15:00.000+01:00,MAR1GSOPEN;AUDCAD;A2;07-30 10:00;1;07-30 10:00
2026-07-30T10:15:00.000+01:00,MAR1GSOPEN;AUDCAD;B1;07-30 10:00;0;
2026-07-30T10:18:00.000+01:00,MAR1GSOPEN;AUDCAD;A2;07-30 10:00;1;07-30 10:00
2026-07-30T10:18:00.000+01:00,MAR1GSOPEN;AUDCAD;B1;07-30 10:00;0;
2026-07-30T10:21:00.000+01:00,MAR1GSOPEN;AUDCAD;A2;07-30 10:00;1;07-30 10:00
2026-07-30T10:21:00.000+01:00,MAR1GSOPEN;AUDCAD;B1;07-30 10:00;0;
2026-07-30T10:24:00.000+01:00,MAR1GSOPEN;AUDCAD;A2;07-30 10:00;1;07-30 10:00
2026-07-30T10:24:00.000+01:00,MAR1GSOPEN;AUDCAD;B1;07-30 10:00;0;
2026-07-30T10:27:00.000+01:00,MAR1GSOPEN;AUDCAD;A2;07-30 10:00;1;07-30 10:00
2026-07-30T10:27:00.000+01:00,MAR1GSOPEN;AUDCAD;B1;07-30 10:00;0;
2026-07-30T10:30:00.000+01:00,MAR1GSOPEN;AUDCAD;A1;07-30 10:30;0;
2026-07-30T10:30:00.000+01:00,"MAR1GSOPEN;AUDCAD;A2;07-30 10:00;2;07-30 10:00,07-30 10:30"
2026-07-30T10:30:00.000+01:00,MAR1GSOPEN;AUDCAD;B1;07-30 10:30;1;07-30 10:30
2026-07-30T10:30:00.000+01:00,MAR1GSOPEN;AUDCAD;C1;07-30 10:30;0;
2026-07-30T10:30:00.000+01:00,MAR1GSOPEN;AUDCAD;C2;07-30 10:30;0;
2026-07-30T10:33:00.000+01:00,MAR1GSOPEN;AUDCAD;A1;07-30 10:30;0;
2026-07-30T10:33:00.000+01:00,"MAR1GSOPEN;AUDCAD;A2;07-30 10:00;2;07-30 10:00,07-30 10:30"
2026-07-30T10:33:00.000+01:00,MAR1GSOPEN;AUDCAD;B1;07-30 10:30;1;07-30 10:30
2026-07-30T10:33:00.000+01:00,MAR1GSOPEN;AUDCAD;C1;07-30 10:30;0;
2026-07-30T10:33:00.000+01:00,MAR1GSOPEN;AUDCAD;C2;07-30 10:30;0;
2026-07-30T10:36:00.000+01:00,MAR1GSOPEN;AUDCAD;A1;07-30 10:30;0;
2026-07-30T10:36:00.000+01:00,"MAR1GSOPEN;AUDCAD;A2;07-30 10:00;2;07-30 10:00,07-30 10:30"
2026-07-30T10:36:00.000+01:00,MAR1GSOPEN;AUDCAD;B1;07-30 10:30;1;07-30 10:30
2026-07-30T10:36:00.000+01:00,MAR1GSOPEN;AUDCAD;C1;07-30 10:30;0;
2026-07-30T10:36:00.000+01:00,MAR1GSOPEN;AUDCAD;C2;07-30 10:30;0;
2026-07-30T10:39:00.000+01:00,MAR1GSOPEN;AUDCAD;A1;07-30 10:30;0;
2026-07-30T10:39:00.000+01:00,"MAR1GSOPEN;AUDCAD;A2;07-30 10:00;2;07-30 10:00,07-30 10:30"
2026-07-30T10:39:00.000+01:00,MAR1GSOPEN;AUDCAD;B1;07-30 10:30;1;07-30 10:30
2026-07-30T10:39:00.000+01:00,MAR1GSOPEN;AUDCAD;C1;07-30 10:30;0;
2026-07-30T10:39:00.000+01:00,MAR1GSOPEN;AUDCAD;C2;07-30 10:30;0;
2026-07-30T10:42:00.000+01:00,MAR1GSOPEN;AUDCAD;A1;07-30 10:30;0;
2026-07-30T10:42:00.000+01:00,"MAR1GSOPEN;AUDCAD;A2;07-30 10:00;2;07-30 10:00,07-30 10:30"
2026-07-30T10:42:00.000+01:00,MAR1GSOPEN;AUDCAD;B1;07-30 10:30;1;07-30 10:30
2026-07-30T10:42:00.000+01:00,MAR1GSOPEN;AUDCAD;C1;07-30 10:30;0;
2026-07-30T10:42:00.000+01:00,MAR1GSOPEN;AUDCAD;C2;07-30 10:30;0;
2026-07-30T10:45:00.000+01:00,MAR1GSOPEN;AUDCAD;A1;07-30 10:30;0;
2026-07-30T10:45:00.000+01:00,"MAR1GSOPEN;AUDCAD;A2;07-30 10:00;2;07-30 10:00,07-30 10:30"
2026-07-30T10:45:00.000+01:00,MAR1GSOPEN;AUDCAD;B1;07-30 10:30;1;07-30 10:30
2026-07-30T10:45:00.000+01:00,MAR1GSOPEN;AUDCAD;C1;07-30 10:30;0;
2026-07-30T10:45:00.000+01:00,MAR1GSOPEN;AUDCAD;C2;07-30 10:30;0;
2026-07-30T10:48:00.000+01:00,MAR1GSOPEN;AUDCAD;A1;07-30 10:30;0;
2026-07-30T10:48:00.000+01:00,"MAR1GSOPEN;AUDCAD;A2;07-30 10:00;2;07-30 10:00,07-30 10:30"
2026-07-30T10:48:00.000+01:00,MAR1GSOPEN;AUDCAD;B1;07-30 10:30;1;07-30 10:30
2026-07-30T10:48:00.000+01:00,MAR1GSOPEN;AUDCAD;C1;07-30 10:30;0;
2026-07-30T10:48:00.000+01:00,MAR1GSOPEN;AUDCAD;C2;07-30 10:30;0;
2026-07-30T10:51:00.000+01:00,MAR1GSOPEN;AUDCAD;A1;07-30 10:30;0;
2026-07-30T10:51:00.000+01:00,"MAR1GSOPEN;AUDCAD;A2;07-30 10:00;2;07-30 10:00,07-30 10:30"
2026-07-30T10:51:00.000+01:00,MAR1GSOPEN;AUDCAD;B1;07-30 10:30;1;07-30 10:30
2026-07-30T10:51:00.000+01:00,MAR1GSOPEN;AUDCAD;C1;07-30 10:30;0;
2026-07-30T10:51:00.000+01:00,MAR1GSOPEN;AUDCAD;C2;07-30 10:30;0;
2026-07-30T10:54:00.000+01:00,MAR1GSOPEN;AUDCAD;A1;07-30 10:30;0;
2026-07-30T10:54:00.000+01:00,"MAR1GSOPEN;AUDCAD;A2;07-30 10:00;2;07-30 10:00,07-30 10:30"
2026-07-30T10:54:00.000+01:00,MAR1GSOPEN;AUDCAD;B1;07-30 10:30;1;07-30 10:30
2026-07-30T10:54:00.000+01:00,MAR1GSOPEN;AUDCAD;C1;07-30 10:30;0;
2026-07-30T10:54:00.000+01:00,MAR1GSOPEN;AUDCAD;C2;07-30 10:30;0;
2026-07-30T10:57:00.000+01:00,MAR1GSOPEN;AUDCAD;A1;07-30 10:30;0;
2026-07-30T10:57:00.000+01:00,"MAR1GSOPEN;AUDCAD;A2;07-30 10:00;2;07-30 10:00,07-30 10:30"
2026-07-30T10:57:00.000+01:00,MAR1GSOPEN;AUDCAD;B1;07-30 10:30;1;07-30 10:30
2026-07-30T10:57:00.000+01:00,MAR1GSOPEN;AUDCAD;C1;07-30 10:30;0;
2026-07-30T10:57:00.000+01:00,MAR1GSOPEN;AUDCAD;C2;07-30 10:30;0;
2026-07-30T11:00:00.000+01:00,MAR1GSOPEN;AUDCAD;A1;07-30 10:30;0;
2026-07-30T11:00:00.000+01:00,"MAR1GSOPEN;AUDCAD;A2;07-30 10:00;2;07-30 10:00,07-30 10:30"
2026-07-30T11:00:00.000+01:00,MAR1GSOPEN;AUDCAD;B1;07-30 10:30;1;07-30 10:30
2026-07-30T11:00:00.000+01:00,MAR1GSOPEN;AUDCAD;C1;07-30 10:30;0;
2026-07-30T11:00:00.000+01:00,MAR1GSOPEN;AUDCAD;C2;07-30 10:30;0;
2026-07-30T11:03:00.000+01:00,MAR1GSOPEN;AUDCAD;A1;07-30 10:30;0;
2026-07-30T11:03:00.000+01:00,"MAR1GSOPEN;AUDCAD;A2;07-30 10:00;2;07-30 10:00,07-30 10:30"
2026-07-30T11:03:00.000+01:00,MAR1GSOPEN;AUDCAD;B1;07-30 10:30;1;07-30 10:30
2026-07-30T11:03:00.000+01:00,MAR1GSOPEN;AUDCAD;C1;07-30 10:30;0;
2026-07-30T11:03:00.000+01:00,MAR1GSOPEN;AUDCAD;C2;07-30 10:30;0;
2026-07-30T11:06:00.000+01:00,MAR1GSOPEN;AUDCAD;A1;07-30 10:30;0;
2026-07-30T11:06:00.000+01:00,"MAR1GSOPEN;AUDCAD;A2;07-30 10:00;2;07-30 10:00,07-30 10:30"
2026-07-30T11:06:00.000+01:00,MAR1GSOPEN;AUDCAD;B1;07-30 10:30;1;07-30 10:30
2026-07-30T11:06:00.000+01:00,MAR1GSOPEN;AUDCAD;C1;07-30 10:30;0;
2026-07-30T11:06:00.000+01:00,MAR1GSOPEN;AUDCAD;C2;07-30 10:30;0;
2026-07-30T11:09:00.000+01:00,MAR1GSOPEN;AUDCAD;A1;07-30 10:30;0;
2026-07-30T11:09:00.000+01:00,"MAR1GSOPEN;AUDCAD;A2;07-30 10:00;2;07-30 10:00,07-30 10:30"
2026-07-30T11:09:00.000+01:00,MAR1GSOPEN;AUDCAD;B1;07-30 10:30;1;07-30 10:30
2026-07-30T11:09:00.000+01:00,MAR1GSOPEN;AUDCAD;C1;07-30 10:30;0;
2026-07-30T11:09:00.000+01:00,MAR1GSOPEN;AUDCAD;C2;07-30 10:30;0;
2026-07-30T11:12:00.000+01:00,MAR1GSOPEN;AUDCAD;A1;07-30 10:30;0;
2026-07-30T11:12:00.000+01:00,"MAR1GSOPEN;AUDCAD;A2;07-30 10:00;2;07-30 10:00,07-30 10:30"
2026-07-30T11:12:00.000+01:00,MAR1GSOPEN;AUDCAD;B1;07-30 10:30;1;07-30 10:30
2026-07-30T11:12:00.000+01:00,MAR1GSOPEN;AUDCAD;C1;07-30 10:30;0;
2026-07-30T11:12:00.000+01:00,MAR1GSOPEN;AUDCAD;C2;07-30 10:30;0;
2026-07-30T11:15:00.000+01:00,MAR1GSOPEN;AUDCAD;A1;07-30 11:15;1;07-30 11:15
2026-07-30T11:15:00.000+01:00,"MAR1GSOPEN;AUDCAD;A2;07-30 10:00;3;07-30 10:00,07-30 10:30,07-30 11:15"
2026-07-30T11:15:00.000+01:00,"MAR1GSOPEN;AUDCAD;B1;07-30 10:30;2;07-30 10:30,07-30 11:15"
2026-07-30T11:15:00.000+01:00,MAR1GSOPEN;AUDCAD;B2;07-30 11:15;0;
2026-07-30T11:15:00.000+01:00,MAR1GSOPEN;AUDCAD;C1;07-30 10:30;0;
2026-07-30T11:15:00.000+01:00,MAR1GSOPEN;AUDCAD;C2;07-30 10:30;0;
2026-07-30T11:18:00.000+01:00,MAR1GSOPEN;AUDCAD;A1;07-30 11:15;1;07-30 11:15
2026-07-30T11:18:00.000+01:00,"MAR1GSOPEN;AUDCAD;A2;07-30 10:00;3;07-30 10:00,07-30 10:30,07-30 11:15"
2026-07-30T11:18:00.000+01:00,"MAR1GSOPEN;AUDCAD;B1;07-30 10:30;2;07-30 10:30,07-30 11:15"
2026-07-30T11:18:00.000+01:00,MAR1GSOPEN;AUDCAD;B2;07-30 11:15;0;
2026-07-30T11:18:00.000+01:00,MAR1GSOPEN;AUDCAD;C1;07-30 10:30;0;
2026-07-30T11:18:00.000+01:00,MAR1GSOPEN;AUDCAD;C2;07-30 10:30;0;
2026-07-30T11:21:00.000+01:00,MAR1GSOPEN;AUDCAD;A1;07-30 11:15;1;07-30 11:15
2026-07-30T11:21:00.000+01:00,"MAR1GSOPEN;AUDCAD;A2;07-30 10:00;3;07-30 10:00,07-30 10:30,07-30 11:15"
2026-07-30T11:21:00.000+01:00,"MAR1GSOPEN;AUDCAD;B1;07-30 10:30;2;07-30 10:30,07-30 11:15"
2026-07-30T11:21:00.000+01:00,MAR1GSOPEN;AUDCAD;B2;07-30 11:15;0;
2026-07-30T11:21:00.000+01:00,MAR1GSOPEN;AUDCAD;C1;07-30 10:30;0;
2026-07-30T11:21:00.000+01:00,MAR1GSOPEN;AUDCAD;C2;07-30 10:30;0;
2026-07-30T11:24:00.000+01:00,MAR1GSOPEN;AUDCAD;A1;07-30 11:15;1;07-30 11:15
2026-07-30T11:24:00.000+01:00,"MAR1GSOPEN;AUDCAD;A2;07-30 10:00;3;07-30 10:00,07-30 10:30,07-30 11:15"
2026-07-30T11:24:00.000+01:00,"MAR1GSOPEN;AUDCAD;B1;07-30 10:30;2;07-30 10:30,07-30 11:15"
2026-07-30T11:24:00.000+01:00,MAR1GSOPEN;AUDCAD;B2;07-30 11:15;0;
2026-07-30T11:24:00.000+01:00,MAR1GSOPEN;AUDCAD;C1;07-30 10:30;0;
2026-07-30T11:24:00.000+01:00,MAR1GSOPEN;AUDCAD;C2;07-30 10:30;0;
2026-07-30T11:27:00.000+01:00,MAR1GSOPEN;AUDCAD;A1;07-30 11:15;1;07-30 11:15
2026-07-30T11:27:00.000+01:00,"MAR1GSOPEN;AUDCAD;A2;07-30 10:00;3;07-30 10:00,07-30 10:30,07-30 11:15"
2026-07-30T11:27:00.000+01:00,"MAR1GSOPEN;AUDCAD;B1;07-30 10:30;2;07-30 10:30,07-30 11:15"
2026-07-30T11:27:00.000+01:00,MAR1GSOPEN;AUDCAD;B2;07-30 11:15;0;
2026-07-30T11:27:00.000+01:00,MAR1GSOPEN;AUDCAD;C1;07-30 10:30;0;
2026-07-30T11:27:00.000+01:00,MAR1GSOPEN;AUDCAD;C2;07-30 10:30;0;
2026-07-30T11:30:00.000+01:00,MAR1GSOPEN;AUDCAD;A1;07-30 11:15;1;07-30 11:15
2026-07-30T11:30:00.000+01:00,"MAR1GSOPEN;AUDCAD;A2;07-30 10:00;3;07-30 10:00,07-30 10:30,07-30 11:15"
2026-07-30T11:30:00.000+01:00,"MAR1GSOPEN;AUDCAD;B1;07-30 10:30;2;07-30 10:30,07-30 11:15"
2026-07-30T11:30:00.000+01:00,MAR1GSOPEN;AUDCAD;B2;07-30 11:15;0;
2026-07-30T11:30:00.000+01:00,MAR1GSOPEN;AUDCAD;C1;07-30 10:30;0;
2026-07-30T11:30:00.000+01:00,MAR1GSOPEN;AUDCAD;C2;07-30 10:30;0;
2026-07-30T11:33:00.000+01:00,MAR1GSOPEN;AUDCAD;A1;07-30 11:15;1;07-30 11:15
2026-07-30T11:33:00.000+01:00,"MAR1GSOPEN;AUDCAD;A2;07-30 10:00;3;07-30 10:00,07-30 10:30,07-30 11:15"
2026-07-30T11:33:00.000+01:00,"MAR1GSOPEN;AUDCAD;B1;07-30 10:30;2;07-30 10:30,07-30 11:15"
2026-07-30T11:33:00.000+01:00,MAR1GSOPEN;AUDCAD;B2;07-30 11:15;0;
2026-07-30T11:33:00.000+01:00,MAR1GSOPEN;AUDCAD;C1;07-30 10:30;0;
2026-07-30T11:33:00.000+01:00,MAR1GSOPEN;AUDCAD;C2;07-30 10:30;0;
2026-07-30T11:36:00.000+01:00,MAR1GSOPEN;AUDCAD;A1;07-30 11:15;1;07-30 11:15
2026-07-30T11:36:00.000+01:00,"MAR1GSOPEN;AUDCAD;A2;07-30 10:00;3;07-30 10:00,07-30 10:30,07-30 11:15"
2026-07-30T11:36:00.000+01:00,"MAR1GSOPEN;AUDCAD;B1;07-30 10:30;2;07-30 10:30,07-30 11:15"
2026-07-30T11:36:00.000+01:00,MAR1GSOPEN;AUDCAD;B2;07-30 11:15;0;
2026-07-30T11:36:00.000+01:00,MAR1GSOPEN;AUDCAD;C1;07-30 10:30;0;
2026-07-30T11:36:00.000+01:00,MAR1GSOPEN;AUDCAD;C2;07-30 10:30;0;
2026-07-30T11:39:00.000+01:00,MAR1GSOPEN;AUDCAD;A1;07-30 11:15;1;07-30 11:15
2026-07-30T11:39:00.000+01:00,"MAR1GSOPEN;AUDCAD;A2;07-30 10:00;3;07-30 10:00,07-30 10:30,07-30 11:15"
2026-07-30T11:39:00.000+01:00,"MAR1GSOPEN;AUDCAD;B1;07-30 10:30;2;07-30 10:30,07-30 11:15"
2026-07-30T11:39:00.000+01:00,MAR1GSOPEN;AUDCAD;B2;07-30 11:15;0;
2026-07-30T11:39:00.000+01:00,MAR1GSOPEN;AUDCAD;C1;07-30 10:30;0;
2026-07-30T11:39:00.000+01:00,MAR1GSOPEN;AUDCAD;C2;07-30 10:30;0;
2026-07-30T11:42:00.000+01:00,MAR1GSOPEN;AUDCAD;A1;07-30 11:15;1;07-30 11:15
2026-07-30T11:42:00.000+01:00,"MAR1GSOPEN;AUDCAD;A2;07-30 10:00;3;07-30 10:00,07-30 10:30,07-30 11:15"
2026-07-30T11:42:00.000+01:00,"MAR1GSOPEN;AUDCAD;B1;07-30 10:30;2;07-30 10:30,07-30 11:15"
2026-07-30T11:42:00.000+01:00,MAR1GSOPEN;AUDCAD;B2;07-30 11:15;0;
2026-07-30T11:42:00.000+01:00,MAR1GSOPEN;AUDCAD;C1;07-30 10:30;0;
2026-07-30T11:42:00.000+01:00,MAR1GSOPEN;AUDCAD;C2;07-30 10:30;0;
2026-07-30T11:45:00.000+01:00,MAR1GSOPEN;AUDCAD;A1;07-30 11:15;1;07-30 11:15
2026-07-30T11:45:00.000+01:00,"MAR1GSOPEN;AUDCAD;A2;07-30 10:00;3;07-30 10:00,07-30 10:30,07-30 11:15"
2026-07-30T11:45:00.000+01:00,"MAR1GSOPEN;AUDCAD;B1;07-30 10:30;2;07-30 10:30,07-30 11:15"
2026-07-30T11:45:00.000+01:00,MAR1GSOPEN;AUDCAD;B2;07-30 11:15;0;
2026-07-30T11:45:00.000+01:00,MAR1GSOPEN;AUDCAD;C1;07-30 10:30;0;
2026-07-30T11:45:00.000+01:00,MAR1GSOPEN;AUDCAD;C2;07-30 10:30;0;
2026-07-30T11:48:00.000+01:00,MAR1GSOPEN;AUDCAD;A1;07-30 11:15;1;07-30 11:15
2026-07-30T11:48:00.000+01:00,"MAR1GSOPEN;AUDCAD;A2;07-30 10:00;3;07-30 10:00,07-30 10:30,07-30 11:15"
2026-07-30T11:48:00.000+01:00,"MAR1GSOPEN;AUDCAD;B1;07-30 10:30;2;07-30 10:30,07-30 11:15"
2026-07-30T11:48:00.000+01:00,MAR1GSOPEN;AUDCAD;B2;07-30 11:15;0;
2026-07-30T11:48:00.000+01:00,MAR1GSOPEN;AUDCAD;C1;07-30 10:30;0;
2026-07-30T11:48:00.000+01:00,MAR1GSOPEN;AUDCAD;C2;07-30 10:30;0;
2026-07-30T11:51:00.000+01:00,MAR1GSOPEN;AUDCAD;A1;07-30 11:15;1;07-30 11:15
2026-07-30T11:51:00.000+01:00,"MAR1GSOPEN;AUDCAD;A2;07-30 10:00;3;07-30 10:00,07-30 10:30,07-30 11:15"
2026-07-30T11:51:00.000+01:00,"MAR1GSOPEN;AUDCAD;B1;07-30 10:30;2;07-30 10:30,07-30 11:15"
2026-07-30T11:51:00.000+01:00,MAR1GSOPEN;AUDCAD;B2;07-30 11:15;0;
2026-07-30T11:51:00.000+01:00,MAR1GSOPEN;AUDCAD;C1;07-30 10:30;0;
2026-07-30T11:51:00.000+01:00,MAR1GSOPEN;AUDCAD;C2;07-30 10:30;0;
2026-07-30T11:54:00.000+01:00,MAR1GSOPEN;AUDCAD;A1;07-30 11:15;1;07-30 11:15
2026-07-30T11:54:00.000+01:00,"MAR1GSOPEN;AUDCAD;A2;07-30 10:00;3;07-30 10:00,07-30 10:30,07-30 11:15"
2026-07-30T11:54:00.000+01:00,"MAR1GSOPEN;AUDCAD;B1;07-30 10:30;2;07-30 10:30,07-30 11:15"
2026-07-30T11:54:00.000+01:00,MAR1GSOPEN;AUDCAD;B2;07-30 11:15;0;
2026-07-30T11:54:00.000+01:00,MAR1GSOPEN;AUDCAD;C1;07-30 10:30;0;
2026-07-30T11:54:00.000+01:00,MAR1GSOPEN;AUDCAD;C2;07-30 10:30;0;
2026-07-30T11:57:00.000+01:00,MAR1GSOPEN;AUDCAD;A1;07-30 11:15;1;07-30 11:15
2026-07-30T11:57:00.000+01:00,"MAR1GSOPEN;AUDCAD;A2;07-30 10:00;3;07-30 10:00,07-30 10:30,07-30 11:15"
2026-07-30T11:57:00.000+01:00,"MAR1GSOPEN;AUDCAD;B1;07-30 10:30;2;07-30 10:30,07-30 11:15"
2026-07-30T11:57:00.000+01:00,MAR1GSOPEN;AUDCAD;B2;07-30 11:15;0;
2026-07-30T11:57:00.000+01:00,MAR1GSOPEN;AUDCAD;C1;07-30 10:30;0;
2026-07-30T11:57:00.000+01:00,MAR1GSOPEN;AUDCAD;C2;07-30 10:30;0;
2026-07-30T12:00:00.000+01:00,MAR1GSOPEN;AUDCAD;A1;07-30 11:15;1;07-30 11:15
2026-07-30T12:00:00.000+01:00,"MAR1GSOPEN;AUDCAD;A2;07-30 10:00;3;07-30 10:00,07-30 10:30,07-30 11:15"
2026-07-30T12:00:00.000+01:00,"MAR1GSOPEN;AUDCAD;B1;07-30 10:30;2;07-30 10:30,07-30 11:15"
2026-07-30T12:00:00.000+01:00,MAR1GSOPEN;AUDCAD;B2;07-30 11:15;0;
2026-07-30T12:00:00.000+01:00,MAR1GSOPEN;AUDCAD;C1;07-30 10:30;0;
2026-07-30T12:00:00.000+01:00,MAR1GSOPEN;AUDCAD;C2;07-30 10:30;0;
2026-07-30T12:03:00.000+01:00,MAR1GSOPEN;AUDCAD;A1;07-30 11:15;1;07-30 11:15
2026-07-30T12:03:00.000+01:00,"MAR1GSOPEN;AUDCAD;A2;07-30 10:00;3;07-30 10:00,07-30 10:30,07-30 11:15"
2026-07-30T12:03:00.000+01:00,"MAR1GSOPEN;AUDCAD;B1;07-30 10:30;2;07-30 10:30,07-30 11:15"
2026-07-30T12:03:00.000+01:00,MAR1GSOPEN;AUDCAD;B2;07-30 11:15;0;
2026-07-30T12:03:00.000+01:00,MAR1GSOPEN;AUDCAD;C1;07-30 10:30;0;
2026-07-30T12:03:00.000+01:00,MAR1GSOPEN;AUDCAD;C2;07-30 10:30;0;
2026-07-30T12:06:00.000+01:00,MAR1GSOPEN;AUDCAD;A1;07-30 11:15;1;07-30 11:15
2026-07-30T12:06:00.000+01:00,"MAR1GSOPEN;AUDCAD;A2;07-30 10:00;3;07-30 10:00,07-30 10:30,07-30 11:15"
2026-07-30T12:06:00.000+01:00,"MAR1GSOPEN;AUDCAD;B1;07-30 10:30;2;07-30 10:30,07-30 11:15"
2026-07-30T12:06:00.000+01:00,MAR1GSOPEN;AUDCAD;B2;07-30 11:15;0;
2026-07-30T12:06:00.000+01:00,MAR1GSOPEN;AUDCAD;C1;07-30 10:30;0;
2026-07-30T12:06:00.000+01:00,MAR1GSOPEN;AUDCAD;C2;07-30 10:30;0;
2026-07-30T12:09:00.000+01:00,MAR1GSOPEN;AUDCAD;A1;07-30 11:15;1;07-30 11:15
2026-07-30T12:09:00.000+01:00,"MAR1GSOPEN;AUDCAD;A2;07-30 10:00;3;07-30 10:00,07-30 10:30,07-30 11:15"
2026-07-30T12:09:00.000+01:00,"MAR1GSOPEN;AUDCAD;B1;07-30 10:30;2;07-30 10:30,07-30 11:15"
2026-07-30T12:09:00.000+01:00,MAR1GSOPEN;AUDCAD;B2;07-30 11:15;0;
2026-07-30T12:09:00.000+01:00,MAR1GSOPEN;AUDCAD;C1;07-30 10:30;0;
2026-07-30T12:09:00.000+01:00,MAR1GSOPEN;AUDCAD;C2;07-30 10:30;0;
2026-07-30T12:12:00.000+01:00,MAR1GSOPEN;AUDCAD;A1;07-30 11:15;1;07-30 11:15
2026-07-30T12:12:00.000+01:00,"MAR1GSOPEN;AUDCAD;A2;07-30 10:00;3;07-30 10:00,07-30 10:30,07-30 11:15"
2026-07-30T12:12:00.000+01:00,"MAR1GSOPEN;AUDCAD;B1;07-30 10:30;2;07-30 10:30,07-30 11:15"
2026-07-30T12:12:00.000+01:00,MAR1GSOPEN;AUDCAD;B2;07-30 11:15;0;
2026-07-30T12:12:00.000+01:00,MAR1GSOPEN;AUDCAD;C1;07-30 10:30;0;
2026-07-30T12:12:00.000+01:00,MAR1GSOPEN;AUDCAD;C2;07-30 10:30;0;
2026-07-30T12:15:00.000+01:00,MAR1GSOPEN;AUDCAD;A1;07-30 11:15;1;07-30 11:15
2026-07-30T12:15:00.000+01:00,"MAR1GSOPEN;AUDCAD;A2;07-30 10:00;3;07-30 10:00,07-30 10:30,07-30 11:15"
2026-07-30T12:15:00.000+01:00,"MAR1GSOPEN;AUDCAD;B1;07-30 10:30;2;07-30 10:30,07-30 11:15"
2026-07-30T12:15:00.000+01:00,MAR1GSOPEN;AUDCAD;B2;07-30 11:15;0;
2026-07-30T12:15:00.000+01:00,MAR1GSOPEN;AUDCAD;C1;07-30 10:30;0;
2026-07-30T12:15:00.000+01:00,MAR1GSOPEN;AUDCAD;C2;07-30 10:30;0;
2026-07-30T12:18:00.000+01:00,MAR1GSOPEN;AUDCAD;A1;07-30 11:15;1;07-30 11:15
2026-07-30T12:18:00.000+01:00,"MAR1GSOPEN;AUDCAD;A2;07-30 10:00;3;07-30 10:00,07-30 10:30,07-30 11:15"
2026-07-30T12:18:00.000+01:00,"MAR1GSOPEN;AUDCAD;B1;07-30 10:30;2;07-30 10:30,07-30 11:15"
2026-07-30T12:18:00.000+01:00,MAR1GSOPEN;AUDCAD;B2;07-30 11:15;0;
2026-07-30T12:18:00.000+01:00,MAR1GSOPEN;AUDCAD;C1;07-30 10:30;0;
2026-07-30T12:18:00.000+01:00,MAR1GSOPEN;AUDCAD;C2;07-30 10:30;0;
2026-07-30T12:21:00.000+01:00,MAR1GSOPEN;AUDCAD;A1;07-30 11:15;1;07-30 11:15
2026-07-30T12:21:00.000+01:00,"MAR1GSOPEN;AUDCAD;A2;07-30 10:00;3;07-30 10:00,07-30 10:30,07-30 11:15"
2026-07-30T12:21:00.000+01:00,"MAR1GSOPEN;AUDCAD;B1;07-30 10:30;2;07-30 10:30,07-30 11:15"
2026-07-30T12:21:00.000+01:00,MAR1GSOPEN;AUDCAD;B2;07-30 11:15;0;
2026-07-30T12:21:00.000+01:00,MAR1GSOPEN;AUDCAD;C1;07-30 10:30;0;
2026-07-30T12:21:00.000+01:00,MAR1GSOPEN;AUDCAD;C2;07-30 10:30;0;
2026-07-30T12:24:00.000+01:00,MAR1GSOPEN;AUDCAD;A1;07-30 11:15;1;07-30 11:15
2026-07-30T12:24:00.000+01:00,"MAR1GSOPEN;AUDCAD;A2;07-30 10:00;3;07-30 10:00,07-30 10:30,07-30 11:15"
2026-07-30T12:24:00.000+01:00,"MAR1GSOPEN;AUDCAD;B1;07-30 10:30;2;07-30 10:30,07-30 11:15"
2026-07-30T12:24:00.000+01:00,MAR1GSOPEN;AUDCAD;B2;07-30 11:15;0;
2026-07-30T12:24:00.000+01:00,MAR1GSOPEN;AUDCAD;C1;07-30 10:30;0;
2026-07-30T12:24:00.000+01:00,MAR1GSOPEN;AUDCAD;C2;07-30 10:30;0;
2026-07-30T12:27:00.000+01:00,MAR1GSOPEN;AUDCAD;A1;07-30 11:15;1;07-30 11:15
2026-07-30T12:27:00.000+01:00,"MAR1GSOPEN;AUDCAD;A2;07-30 10:00;3;07-30 10:00,07-30 10:30,07-30 11:15"
2026-07-30T12:27:00.000+01:00,"MAR1GSOPEN;AUDCAD;B1;07-30 10:30;2;07-30 10:30,07-30 11:15"
2026-07-30T12:27:00.000+01:00,MAR1GSOPEN;AUDCAD;B2;07-30 11:15;0;
2026-07-30T12:27:00.000+01:00,MAR1GSOPEN;AUDCAD;C1;07-30 10:30;0;
2026-07-30T12:27:00.000+01:00,MAR1GSOPEN;AUDCAD;C2;07-30 10:30;0;
2026-07-30T12:30:00.000+01:00,"MAR1GSOPEN;AUDCAD;A1;07-30 11:15;2;07-30 11:15,07-30 12:30"
2026-07-30T12:30:00.000+01:00,"MAR1GSOPEN;AUDCAD;A2;07-30 10:00;4;07-30 10:00,07-30 10:30,07-30 11:15,07-30 12:30"
2026-07-30T12:30:00.000+01:00,"MAR1GSOPEN;AUDCAD;B1;07-30 10:30;3;07-30 10:30,07-30 11:15,07-30 12:30"
2026-07-30T12:30:00.000+01:00,MAR1GSOPEN;AUDCAD;B2;07-30 12:30;1;07-30 12:30
2026-07-30T12:30:00.000+01:00,MAR1GSOPEN;AUDCAD;C1;07-30 12:30;1;07-30 12:30
2026-07-30T12:30:00.000+01:00,MAR1GSOPEN;AUDCAD;C2;07-30 12:30;1;07-30 12:30
2026-07-30T12:30:00.000+01:00,MAR1GSOPEN;AUDCAD;D2;07-30 12:30;0;
2026-07-30T12:33:00.000+01:00,"MAR1GSOPEN;AUDCAD;A1;07-30 11:15;3;07-30 11:15,07-30 12:30,07-30 12:33"
2026-07-30T12:33:00.000+01:00,"MAR1GSOPEN;AUDCAD;A2;07-30 10:00;5;07-30 10:00,07-30 10:30,07-30 11:15,07-30 12:30,07-30 12:33"
2026-07-30T12:33:00.000+01:00,"MAR1GSOPEN;AUDCAD;B1;07-30 10:30;4;07-30 10:30,07-30 11:15,07-30 12:30,07-30 12:33"
2026-07-30T12:33:00.000+01:00,"MAR1GSOPEN;AUDCAD;B2;07-30 12:30;2;07-30 12:30,07-30 12:33"
2026-07-30T12:33:00.000+01:00,"MAR1GSOPEN;AUDCAD;C1;07-30 12:30;2;07-30 12:30,07-30 12:33"
2026-07-30T12:33:00.000+01:00,"MAR1GSOPEN;AUDCAD;C2;07-30 12:30;2;07-30 12:30,07-30 12:33"
2026-07-30T12:33:00.000+01:00,MAR1GSOPEN;AUDCAD;D1;07-30 12:33;0;
2026-07-30T12:33:00.000+01:00,MAR1GSOPEN;AUDCAD;D2;07-30 12:33;1;07-30 12:33
2026-07-30T12:36:00.000+01:00,"MAR1GSCLOSE;AUDCAD;A1;07-30 11:15;07-30 12:39;4;long;07-30 11:15,07-30 12:30,07-30 12:33,07-30 12:36"
2026-07-30T12:36:00.000+01:00,"MAR1GSCLOSE;AUDCAD;A2;07-30 10:00;07-30 12:39;6;long;07-30 10:00,07-30 10:30,07-30 11:15,07-30 12:30,07-30 12:33,07-30 12:36"
2026-07-30T12:36:00.000+01:00,"MAR1GSCLOSE;AUDCAD;B1;07-30 10:30;07-30 12:39;5;long;07-30 10:30,07-30 11:15,07-30 12:30,07-30 12:33,07-30 12:36"
2026-07-30T12:36:00.000+01:00,"MAR1GSCLOSE;AUDCAD;B2;07-30 12:30;07-30 12:39;3;long;07-30 12:30,07-30 12:33,07-30 12:36"
2026-07-30T12:36:00.000+01:00,"MAR1GSCLOSE;AUDCAD;C1;07-30 12:30;07-30 12:39;3;long;07-30 12:30,07-30 12:33,07-30 12:36"
2026-07-30T12:36:00.000+01:00,"MAR1GSOPEN;AUDCAD;C2;07-30 12:30;2;07-30 12:30,07-30 12:33"
2026-07-30T12:36:00.000+01:00,MAR1GSCLOSE;AUDCAD;D1;07-30 12:36;07-30 12:39;1;long;07-30 12:36
2026-07-30T12:36:00.000+01:00,MAR1GSOPEN;AUDCAD;D2;07-30 12:33;1;07-30 12:33
2026-07-30T12:39:00.000+01:00,"MAR1GSOPEN;AUDCAD;C2;07-30 12:30;2;07-30 12:30,07-30 12:33"
2026-07-30T12:39:00.000+01:00,MAR1GSOPEN;AUDCAD;D2;07-30 12:33;1;07-30 12:33
2026-07-30T12:42:00.000+01:00,"MAR1GSOPEN;AUDCAD;C2;07-30 12:30;2;07-30 12:30,07-30 12:33"
2026-07-30T12:42:00.000+01:00,MAR1GSOPEN;AUDCAD;D2;07-30 12:33;1;07-30 12:33
2026-07-30T12:45:00.000+01:00,"MAR1GSOPEN;AUDCAD;C2;07-30 12:30;2;07-30 12:30,07-30 12:33"
2026-07-30T12:45:00.000+01:00,MAR1GSOPEN;AUDCAD;D2;07-30 12:33;1;07-30 12:33
2026-07-30T12:48:00.000+01:00,"MAR1GSOPEN;AUDCAD;C2;07-30 12:30;2;07-30 12:30,07-30 12:33"
2026-07-30T12:48:00.000+01:00,MAR1GSOPEN;AUDCAD;D2;07-30 12:33;1;07-30 12:33
2026-07-30T12:51:00.000+01:00,"MAR1GSOPEN;AUDCAD;C2;07-30 12:30;2;07-30 12:30,07-30 12:33"
2026-07-30T12:51:00.000+01:00,MAR1GSOPEN;AUDCAD;D2;07-30 12:33;1;07-30 12:33
2026-07-30T12:54:00.000+01:00,"MAR1GSOPEN;AUDCAD;C2;07-30 12:30;2;07-30 12:30,07-30 12:33"
2026-07-30T12:54:00.000+01:00,MAR1GSOPEN;AUDCAD;D2;07-30 12:33;1;07-30 12:33
2026-07-30T12:57:00.000+01:00,"MAR1GSOPEN;AUDCAD;C2;07-30 12:30;2;07-30 12:30,07-30 12:33"
2026-07-30T12:57:00.000+01:00,MAR1GSOPEN;AUDCAD;D2;07-30 12:33;1;07-30 12:33
2026-07-30T13:00:00.000+01:00,"MAR1GSOPEN;AUDCAD;C2;07-30 12:30;2;07-30 12:30,07-30 12:33"
2026-07-30T13:00:00.000+01:00,MAR1GSOPEN;AUDCAD;D2;07-30 12:33;1;07-30 12:33
2026-07-30T13:03:00.000+01:00,"MAR1GSCLOSE;AUDCAD;C2;07-30 12:30;07-30 13:06;3;long;07-30 12:30,07-30 12:33,07-30 13:03"
2026-07-30T13:03:00.000+01:00,"MAR1GSCLOSE;AUDCAD;D2;07-30 12:33;07-30 13:06;2;long;07-30 12:33,07-30 13:03"
2026-07-30T16:18:00.000+01:00,MAR1GSOPEN;AUDCAD;A1;07-30 16:18;0;
2026-07-30T16:18:00.000+01:00,MAR1GSOPEN;AUDCAD;A2;07-30 16:18;0;
2026-07-30T16:21:00.000+01:00,MAR1GSOPEN;AUDCAD;A1;07-30 16:18;0;
2026-07-30T16:21:00.000+01:00,MAR1GSOPEN;AUDCAD;A2;07-30 16:18;0;
2026-07-30T16:24:00.000+01:00,MAR1GSOPEN;AUDCAD;A1;07-30 16:18;0;
2026-07-30T16:24:00.000+01:00,MAR1GSOPEN;AUDCAD;A2;07-30 16:18;0;
2026-07-30T16:27:00.000+01:00,MAR1GSOPEN;AUDCAD;A1;07-30 16:18;0;
2026-07-30T16:27:00.000+01:00,MAR1GSOPEN;AUDCAD;A2;07-30 16:18;0;
2026-07-30T16:30:00.000+01:00,MAR1GSOPEN;AUDCAD;A1;07-30 16:18;0;
2026-07-30T16:30:00.000+01:00,MAR1GSOPEN;AUDCAD;A2;07-30 16:18;0;
2026-07-30T16:33:00.000+01:00,MAR1GSOPEN;AUDCAD;A1;07-30 16:18;0;
2026-07-30T16:33:00.000+01:00,MAR1GSOPEN;AUDCAD;A2;07-30 16:18;0;
2026-07-30T16:36:00.000+01:00,MAR1GSOPEN;AUDCAD;A1;07-30 16:18;0;
2026-07-30T16:36:00.000+01:00,MAR1GSOPEN;AUDCAD;A2;07-30 16:18;0;
2026-07-30T16:39:00.000+01:00,MAR1GSOPEN;AUDCAD;A1;07-30 16:18;0;
2026-07-30T16:39:00.000+01:00,MAR1GSOPEN;AUDCAD;A2;07-30 16:18;0;
2026-07-30T16:42:00.000+01:00,MAR1GSOPEN;AUDCAD;A1;07-30 16:18;0;
2026-07-30T16:42:00.000+01:00,MAR1GSOPEN;AUDCAD;A2;07-30 16:18;0;
2026-07-30T16:45:00.000+01:00,MAR1GSOPEN;AUDCAD;A1;07-30 16:18;0;
2026-07-30T16:45:00.000+01:00,MAR1GSOPEN;AUDCAD;A2;07-30 16:18;0;
2026-07-30T16:48:00.000+01:00,MAR1GSOPEN;AUDCAD;A1;07-30 16:18;0;
2026-07-30T16:48:00.000+01:00,MAR1GSOPEN;AUDCAD;A2;07-30 16:18;0;
2026-07-30T16:51:00.000+01:00,MAR1GSOPEN;AUDCAD;A1;07-30 16:51;1;07-30 16:51
2026-07-30T16:51:00.000+01:00,MAR1GSOPEN;AUDCAD;A2;07-30 16:51;1;07-30 16:51
2026-07-30T16:51:00.000+01:00,MAR1GSOPEN;AUDCAD;B1;07-30 16:51;0;
2026-07-30T16:51:00.000+01:00,MAR1GSOPEN;AUDCAD;B2;07-30 16:51;0;
2026-07-30T16:51:00.000+01:00,MAR1GSOPEN;AUDCAD;C1;07-30 16:51;0;
2026-07-30T16:51:00.000+01:00,MAR1GSOPEN;AUDCAD;C2;07-30 16:51;0;
2026-07-30T16:54:00.000+01:00,"MAR1GSCLOSE;AUDCAD;A1;07-30 16:51;07-30 16:57;2;long;07-30 16:51,07-30 16:54"
2026-07-30T16:54:00.000+01:00,"MAR1GSCLOSE;AUDCAD;A2;07-30 16:51;07-30 16:57;2;long;07-30 16:51,07-30 16:54"
2026-07-30T16:54:00.000+01:00,MAR1GSCLOSE;AUDCAD;B1;07-30 16:54;07-30 16:57;1;long;07-30 16:54
2026-07-30T16:54:00.000+01:00,MAR1GSCLOSE;AUDCAD;B2;07-30 16:54;07-30 16:57;1;long;07-30 16:54
2026-07-30T16:54:00.000+01:00,MAR1GSCLOSE;AUDCAD;C1;07-30 16:54;07-30 16:57;1;long;07-30 16:54
2026-07-30T16:54:00.000+01:00,MAR1GSCLOSE;AUDCAD;C2;07-30 16:54;07-30 16:57;1;long;07-30 16:54
2026-07-31T10:45:00.000+01:00,MAR1GSOPEN;AUDCAD;A2;07-31 10:45;0;
2026-07-31T10:48:00.000+01:00,MAR1GSOPEN;AUDCAD;A2;07-31 10:48;1;07-31 10:48
2026-07-31T10:48:00.000+01:00,MAR1GSOPEN;AUDCAD;B1;07-31 10:48;0;
2026-07-31T10:51:00.000+01:00,MAR1GSOPEN;AUDCAD;A2;07-31 10:48;1;07-31 10:48
2026-07-31T10:51:00.000+01:00,MAR1GSOPEN;AUDCAD;B1;07-31 10:48;0;
2026-07-31T10:54:00.000+01:00,"MAR1GSOPEN;AUDCAD;A2;07-31 10:48;2;07-31 10:48,07-31 10:54"
2026-07-31T10:54:00.000+01:00,MAR1GSOPEN;AUDCAD;B1;07-31 10:54;1;07-31 10:54
2026-07-31T10:57:00.000+01:00,"MAR1GSOPEN;AUDCAD;A2;07-31 10:48;2;07-31 10:48,07-31 10:54"
2026-07-31T10:57:00.000+01:00,MAR1GSOPEN;AUDCAD;B1;07-31 10:54;1;07-31 10:54
2026-07-31T11:00:00.000+01:00,"MAR1GSOPEN;AUDCAD;A2;07-31 10:48;2;07-31 10:48,07-31 10:54"
2026-07-31T11:00:00.000+01:00,MAR1GSOPEN;AUDCAD;B1;07-31 10:54;1;07-31 10:54
2026-07-31T11:03:00.000+01:00,"MAR1GSOPEN;AUDCAD;A2;07-31 10:48;2;07-31 10:48,07-31 10:54"
2026-07-31T11:03:00.000+01:00,MAR1GSOPEN;AUDCAD;B1;07-31 10:54;1;07-31 10:54
2026-07-31T11:06:00.000+01:00,"MAR1GSOPEN;AUDCAD;A2;07-31 10:48;2;07-31 10:48,07-31 10:54"
2026-07-31T11:06:00.000+01:00,MAR1GSOPEN;AUDCAD;B1;07-31 10:54;1;07-31 10:54
2026-07-31T11:09:00.000+01:00,"MAR1GSOPEN;AUDCAD;A2;07-31 10:48;2;07-31 10:48,07-31 10:54"
2026-07-31T11:09:00.000+01:00,MAR1GSOPEN;AUDCAD;B1;07-31 10:54;1;07-31 10:54
2026-07-31T11:12:00.000+01:00,"MAR1GSOPEN;AUDCAD;A2;07-31 10:48;2;07-31 10:48,07-31 10:54"
2026-07-31T11:12:00.000+01:00,MAR1GSOPEN;AUDCAD;B1;07-31 10:54;1;07-31 10:54
2026-07-31T11:15:00.000+01:00,MAR1GSOPEN;AUDCAD;A1;07-31 11:15;0;
2026-07-31T11:15:00.000+01:00,"MAR1GSOPEN;AUDCAD;A2;07-31 10:48;3;07-31 10:48,07-31 10:54,07-31 11:15"
2026-07-31T11:15:00.000+01:00,"MAR1GSOPEN;AUDCAD;B1;07-31 10:54;2;07-31 10:54,07-31 11:15"
2026-07-31T11:15:00.000+01:00,MAR1GSOPEN;AUDCAD;C1;07-31 11:15;0;
2026-07-31T11:18:00.000+01:00,MAR1GSCLOSE;AUDCAD;A1;07-31 11:18;07-31 11:21;1;long;07-31 11:18
2026-07-31T11:18:00.000+01:00,"MAR1GSCLOSE;AUDCAD;A2;07-31 10:48;07-31 11:21;4;long;07-31 10:48,07-31 10:54,07-31 11:15,07-31 11:18"
2026-07-31T11:18:00.000+01:00,"MAR1GSCLOSE;AUDCAD;B1;07-31 10:54;07-31 11:21;3;long;07-31 10:54,07-31 11:15,07-31 11:18"
2026-07-31T11:18:00.000+01:00,MAR1GSCLOSE;AUDCAD;C1;07-31 11:18;07-31 11:21;1;long;07-31 11:18
2026-08-03T08:06:00.000+01:00,MAR1GSOPEN;AUDCAD;A2;08-03 08:06;0;
2026-08-03T08:09:00.000+01:00,MAR1GSOPEN;AUDCAD;A2;08-03 08:06;0;
2026-08-03T08:12:00.000+01:00,MAR1GSOPEN;AUDCAD;A2;08-03 08:06;0;
2026-08-03T08:15:00.000+01:00,MAR1GSOPEN;AUDCAD;A2;08-03 08:06;0;
2026-08-03T08:18:00.000+01:00,MAR1GSOPEN;AUDCAD;A2;08-03 08:06;0;
2026-08-03T08:21:00.000+01:00,MAR1GSOPEN;AUDCAD;A1;08-03 08:21;0;
2026-08-03T08:21:00.000+01:00,MAR1GSOPEN;AUDCAD;A2;08-03 08:21;1;08-03 08:21
2026-08-03T08:21:00.000+01:00,MAR1GSOPEN;AUDCAD;B1;08-03 08:21;0;
2026-08-03T08:24:00.000+01:00,MAR1GSOPEN;AUDCAD;A1;08-03 08:24;1;08-03 08:24
2026-08-03T08:24:00.000+01:00,"MAR1GSOPEN;AUDCAD;A2;08-03 08:21;2;08-03 08:21,08-03 08:24"
2026-08-03T08:24:00.000+01:00,MAR1GSOPEN;AUDCAD;B1;08-03 08:24;1;08-03 08:24
2026-08-03T08:24:00.000+01:00,MAR1GSOPEN;AUDCAD;B2;08-03 08:24;0;
2026-08-03T08:27:00.000+01:00,MAR1GSOPEN;AUDCAD;A1;08-03 08:24;1;08-03 08:24
2026-08-03T08:27:00.000+01:00,"MAR1GSOPEN;AUDCAD;A2;08-03 08:21;2;08-03 08:21,08-03 08:24"
2026-08-03T08:27:00.000+01:00,MAR1GSOPEN;AUDCAD;B1;08-03 08:24;1;08-03 08:24
2026-08-03T08:27:00.000+01:00,MAR1GSOPEN;AUDCAD;B2;08-03 08:24;0;
2026-08-03T08:30:00.000+01:00,MAR1GSOPEN;AUDCAD;A1;08-03 08:24;1;08-03 08:24
2026-08-03T08:30:00.000+01:00,"MAR1GSOPEN;AUDCAD;A2;08-03 08:21;2;08-03 08:21,08-03 08:24"
2026-08-03T08:30:00.000+01:00,MAR1GSOPEN;AUDCAD;B1;08-03 08:24;1;08-03 08:24
2026-08-03T08:30:00.000+01:00,MAR1GSOPEN;AUDCAD;B2;08-03 08:24;0;
2026-08-03T08:33:00.000+01:00,MAR1GSOPEN;AUDCAD;A1;08-03 08:24;1;08-03 08:24
2026-08-03T08:33:00.000+01:00,"MAR1GSOPEN;AUDCAD;A2;08-03 08:21;2;08-03 08:21,08-03 08:24"
2026-08-03T08:33:00.000+01:00,MAR1GSOPEN;AUDCAD;B1;08-03 08:24;1;08-03 08:24
2026-08-03T08:33:00.000+01:00,MAR1GSOPEN;AUDCAD;B2;08-03 08:24;0;
2026-08-03T08:36:00.000+01:00,MAR1GSOPEN;AUDCAD;A1;08-03 08:24;1;08-03 08:24
2026-08-03T08:36:00.000+01:00,"MAR1GSOPEN;AUDCAD;A2;08-03 08:21;2;08-03 08:21,08-03 08:24"
2026-08-03T08:36:00.000+01:00,MAR1GSOPEN;AUDCAD;B1;08-03 08:24;1;08-03 08:24
2026-08-03T08:36:00.000+01:00,MAR1GSOPEN;AUDCAD;B2;08-03 08:24;0;
2026-08-03T08:39:00.000+01:00,MAR1GSOPEN;AUDCAD;A1;08-03 08:24;1;08-03 08:24
2026-08-03T08:39:00.000+01:00,"MAR1GSOPEN;AUDCAD;A2;08-03 08:21;2;08-03 08:21,08-03 08:24"
2026-08-03T08:39:00.000+01:00,MAR1GSOPEN;AUDCAD;B1;08-03 08:24;1;08-03 08:24
2026-08-03T08:39:00.000+01:00,MAR1GSOPEN;AUDCAD;B2;08-03 08:24;0;
2026-08-03T08:42:00.000+01:00,MAR1GSOPEN;AUDCAD;A1;08-03 08:24;1;08-03 08:24
2026-08-03T08:42:00.000+01:00,"MAR1GSOPEN;AUDCAD;A2;08-03 08:21;2;08-03 08:21,08-03 08:24"
2026-08-03T08:42:00.000+01:00,MAR1GSOPEN;AUDCAD;B1;08-03 08:24;1;08-03 08:24
2026-08-03T08:42:00.000+01:00,MAR1GSOPEN;AUDCAD;B2;08-03 08:24;0;
2026-08-03T08:45:00.000+01:00,"MAR1GSCLOSE;AUDCAD;A1;08-03 08:24;08-03 08:48;2;short;08-03 08:24,08-03 08:45"
2026-08-03T08:45:00.000+01:00,"MAR1GSCLOSE;AUDCAD;A2;08-03 08:21;08-03 08:48;3;short;08-03 08:21,08-03 08:24,08-03 08:45"
2026-08-03T08:45:00.000+01:00,"MAR1GSCLOSE;AUDCAD;B1;08-03 08:24;08-03 08:48;2;short;08-03 08:24,08-03 08:45"
2026-08-03T08:45:00.000+01:00,MAR1GSCLOSE;AUDCAD;B2;08-03 08:45;08-03 08:48;1;short;08-03 08:45
2026-08-04T16:12:00.000+01:00,MAR1GSOPEN;AUDCAD;A1;08-04 16:12;0;
2026-08-04T16:15:00.000+01:00,MAR1GSOPEN;AUDCAD;A1;08-04 16:12;0;
2026-08-04T16:18:00.000+01:00,MAR1GSOPEN;AUDCAD;A1;08-04 16:12;0;
2026-08-04T16:21:00.000+01:00,MAR1GSOPEN;AUDCAD;A1;08-04 16:12;0;
2026-08-04T16:24:00.000+01:00,MAR1GSOPEN;AUDCAD;A1;08-04 16:12;0;
2026-08-04T16:27:00.000+01:00,MAR1GSOPEN;AUDCAD;A1;08-04 16:12;0;
2026-08-04T16:30:00.000+01:00,MAR1GSOPEN;AUDCAD;A1;08-04 16:12;0;
2026-08-04T16:33:00.000+01:00,MAR1GSOPEN;AUDCAD;A1;08-04 16:12;0;
2026-08-04T16:36:00.000+01:00,MAR1GSOPEN;AUDCAD;A1;08-04 16:12;0;
2026-08-04T16:39:00.000+01:00,MAR1GSOPEN;AUDCAD;A1;08-04 16:12;0;
2026-08-04T16:42:00.000+01:00,MAR1GSOPEN;AUDCAD;A1;08-04 16:12;0;
2026-08-04T16:45:00.000+01:00,MAR1GSOPEN;AUDCAD;A1;08-04 16:12;0;
2026-08-04T16:48:00.000+01:00,MAR1GSCLOSE;AUDCAD;A1;08-04 16:48;08-04 16:51;1;long;08-04 16:48
2026-08-05T09:09:00.000+01:00,MAR1GSOPEN;AUDCAD;A2;08-05 09:09;0;
2026-08-05T09:12:00.000+01:00,MAR1GSOPEN;AUDCAD;A2;08-05 09:09;0;
2026-08-05T09:15:00.000+01:00,MAR1GSOPEN;AUDCAD;A2;08-05 09:09;0;
2026-08-05T09:18:00.000+01:00,MAR1GSOPEN;AUDCAD;A2;08-05 09:09;0;
2026-08-05T09:21:00.000+01:00,MAR1GSOPEN;AUDCAD;A2;08-05 09:09;0;
2026-08-05T09:24:00.000+01:00,MAR1GSOPEN;AUDCAD;A2;08-05 09:09;0;
2026-08-05T09:27:00.000+01:00,MAR1GSOPEN;AUDCAD;A2;08-05 09:09;0;
2026-08-05T09:30:00.000+01:00,MAR1GSOPEN;AUDCAD;A2;08-05 09:09;0;
2026-08-05T09:33:00.000+01:00,MAR1GSOPEN;AUDCAD;A2;08-05 09:09;0;
2026-08-05T09:36:00.000+01:00,MAR1GSOPEN;AUDCAD;A2;08-05 09:09;0;
2026-08-05T09:39:00.000+01:00,MAR1GSOPEN;AUDCAD;A2;08-05 09:09;0;
2026-08-05T09:42:00.000+01:00,MAR1GSOPEN;AUDCAD;A2;08-05 09:09;0;
2026-08-05T09:45:00.000+01:00,MAR1GSOPEN;AUDCAD;A2;08-05 09:09;0;
2026-08-05T09:48:00.000+01:00,MAR1GSOPEN;AUDCAD;A2;08-05 09:09;0;
2026-08-05T09:51:00.000+01:00,MAR1GSOPEN;AUDCAD;A2;08-05 09:09;0;
2026-08-05T09:54:00.000+01:00,MAR1GSOPEN;AUDCAD;A2;08-05 09:09;0;
2026-08-05T09:57:00.000+01:00,MAR1GSOPEN;AUDCAD;A2;08-05 09:09;0;
2026-08-05T10:00:00.000+01:00,MAR1GSOPEN;AUDCAD;A2;08-05 09:09;0;
2026-08-05T10:03:00.000+01:00,MAR1GSOPEN;AUDCAD;A2;08-05 10:03;1;08-05 10:03
2026-08-05T10:03:00.000+01:00,MAR1GSOPEN;AUDCAD;B1;08-05 10:03;0;
2026-08-05T10:06:00.000+01:00,MAR1GSOPEN;AUDCAD;A1;08-05 10:06;0;
2026-08-05T10:06:00.000+01:00,"MAR1GSOPEN;AUDCAD;A2;08-05 10:03;2;08-05 10:03,08-05 10:06"
2026-08-05T10:06:00.000+01:00,MAR1GSOPEN;AUDCAD;B1;08-05 10:06;1;08-05 10:06
2026-08-05T10:06:00.000+01:00,MAR1GSOPEN;AUDCAD;C1;08-05 10:06;0;
2026-08-05T10:06:00.000+01:00,MAR1GSOPEN;AUDCAD;C2;08-05 10:06;0;
2026-08-05T10:09:00.000+01:00,MAR1GSOPEN;AUDCAD;A1;08-05 10:06;0;
2026-08-05T10:09:00.000+01:00,"MAR1GSOPEN;AUDCAD;A2;08-05 10:03;2;08-05 10:03,08-05 10:06"
2026-08-05T10:09:00.000+01:00,MAR1GSOPEN;AUDCAD;B1;08-05 10:06;1;08-05 10:06
2026-08-05T10:09:00.000+01:00,MAR1GSOPEN;AUDCAD;C1;08-05 10:06;0;
2026-08-05T10:09:00.000+01:00,MAR1GSOPEN;AUDCAD;C2;08-05 10:06;0;
2026-08-05T10:12:00.000+01:00,MAR1GSOPEN;AUDCAD;A1;08-05 10:06;0;
2026-08-05T10:12:00.000+01:00,"MAR1GSOPEN;AUDCAD;A2;08-05 10:03;2;08-05 10:03,08-05 10:06"
2026-08-05T10:12:00.000+01:00,MAR1GSOPEN;AUDCAD;B1;08-05 10:06;1;08-05 10:06
2026-08-05T10:12:00.000+01:00,MAR1GSOPEN;AUDCAD;C1;08-05 10:06;0;
2026-08-05T10:12:00.000+01:00,MAR1GSOPEN;AUDCAD;C2;08-05 10:06;0;
2026-08-05T10:15:00.000+01:00,MAR1GSOPEN;AUDCAD;A1;08-05 10:06;0;
2026-08-05T10:15:00.000+01:00,"MAR1GSOPEN;AUDCAD;A2;08-05 10:03;2;08-05 10:03,08-05 10:06"
2026-08-05T10:15:00.000+01:00,MAR1GSOPEN;AUDCAD;B1;08-05 10:06;1;08-05 10:06
2026-08-05T10:15:00.000+01:00,MAR1GSOPEN;AUDCAD;C1;08-05 10:06;0;
2026-08-05T10:15:00.000+01:00,MAR1GSOPEN;AUDCAD;C2;08-05 10:06;0;
2026-08-05T10:18:00.000+01:00,MAR1GSOPEN;AUDCAD;A1;08-05 10:06;0;
2026-08-05T10:18:00.000+01:00,"MAR1GSOPEN;AUDCAD;A2;08-05 10:03;2;08-05 10:03,08-05 10:06"
2026-08-05T10:18:00.000+01:00,MAR1GSOPEN;AUDCAD;B1;08-05 10:06;1;08-05 10:06
2026-08-05T10:18:00.000+01:00,MAR1GSOPEN;AUDCAD;C1;08-05 10:06;0;
2026-08-05T10:18:00.000+01:00,MAR1GSOPEN;AUDCAD;C2;08-05 10:06;0;
2026-08-05T10:21:00.000+01:00,MAR1GSOPEN;AUDCAD;A1;08-05 10:06;0;
2026-08-05T10:21:00.000+01:00,"MAR1GSOPEN;AUDCAD;A2;08-05 10:03;2;08-05 10:03,08-05 10:06"
2026-08-05T10:21:00.000+01:00,MAR1GSOPEN;AUDCAD;B1;08-05 10:06;1;08-05 10:06
2026-08-05T10:21:00.000+01:00,MAR1GSOPEN;AUDCAD;C1;08-05 10:06;0;
2026-08-05T10:21:00.000+01:00,MAR1GSOPEN;AUDCAD;C2;08-05 10:06;0;
2026-08-05T10:24:00.000+01:00,MAR1GSCLOSE;AUDCAD;A1;08-05 10:24;08-05 10:27;1;short;08-05 10:24
2026-08-05T10:24:00.000+01:00,"MAR1GSCLOSE;AUDCAD;A2;08-05 10:03;08-05 10:27;3;short;08-05 10:03,08-05 10:06,08-05 10:24"
2026-08-05T10:24:00.000+01:00,"MAR1GSCLOSE;AUDCAD;B1;08-05 10:06;08-05 10:27;2;short;08-05 10:06,08-05 10:24"
2026-08-05T10:24:00.000+01:00,MAR1GSCLOSE;AUDCAD;C1;08-05 10:24;08-05 10:27;1;short;08-05 10:24
2026-08-05T10:24:00.000+01:00,MAR1GSCLOSE;AUDCAD;C2;08-05 10:24;08-05 10:27;1;short;08-05 10:24
2026-08-06T11:45:00.000+01:00,MAR1GSOPEN;AUDCAD;A2;08-06 11:45;0;
2026-08-06T11:48:00.000+01:00,MAR1GSOPEN;AUDCAD;A2;08-06 11:45;0;
2026-08-06T11:51:00.000+01:00,MAR1GSOPEN;AUDCAD;A2;08-06 11:45;0;
2026-08-06T11:54:00.000+01:00,MAR1GSOPEN;AUDCAD;A2;08-06 11:45;0;
2026-08-06T11:57:00.000+01:00,MAR1GSOPEN;AUDCAD;A2;08-06 11:45;0;
2026-08-06T12:00:00.000+01:00,MAR1GSOPEN;AUDCAD;A2;08-06 11:45;0;
2026-08-06T12:03:00.000+01:00,MAR1GSOPEN;AUDCAD;A2;08-06 11:45;0;
2026-08-06T12:06:00.000+01:00,MAR1GSOPEN;AUDCAD;A2;08-06 11:45;0;
2026-08-06T12:09:00.000+01:00,MAR1GSOPEN;AUDCAD;A2;08-06 11:45;0;
2026-08-06T12:12:00.000+01:00,MAR1GSOPEN;AUDCAD;A2;08-06 11:45;0;
2026-08-06T12:15:00.000+01:00,MAR1GSOPEN;AUDCAD;A2;08-06 11:45;0;
2026-08-06T12:18:00.000+01:00,MAR1GSOPEN;AUDCAD;A2;08-06 11:45;0;
2026-08-06T12:21:00.000+01:00,MAR1GSOPEN;AUDCAD;A2;08-06 11:45;0;
2026-08-06T12:24:00.000+01:00,MAR1GSOPEN;AUDCAD;A2;08-06 11:45;0;
2026-08-06T12:27:00.000+01:00,MAR1GSOPEN;AUDCAD;A2;08-06 11:45;0;
2026-08-06T12:30:00.000+01:00,MAR1GSOPEN;AUDCAD;A2;08-06 11:45;0;
2026-08-06T12:33:00.000+01:00,MAR1GSOPEN;AUDCAD;A2;08-06 11:45;0;
2026-08-06T12:36:00.000+01:00,MAR1GSOPEN;AUDCAD;A2;08-06 11:45;0;
2026-08-06T12:39:00.000+01:00,MAR1GSOPEN;AUDCAD;A1;08-06 12:39;0;
2026-08-06T12:39:00.000+01:00,MAR1GSOPEN;AUDCAD;A2;08-06 12:39;1;08-06 12:39
2026-08-06T12:39:00.000+01:00,MAR1GSOPEN;AUDCAD;B1;08-06 12:39;0;
2026-08-06T12:42:00.000+01:00,MAR1GSOPEN;AUDCAD;A1;08-06 12:39;0;
2026-08-06T12:42:00.000+01:00,MAR1GSOPEN;AUDCAD;A2;08-06 12:39;1;08-06 12:39
2026-08-06T12:42:00.000+01:00,MAR1GSOPEN;AUDCAD;B1;08-06 12:39;0;
2026-08-06T12:45:00.000+01:00,MAR1GSOPEN;AUDCAD;A1;08-06 12:39;0;
2026-08-06T12:45:00.000+01:00,MAR1GSOPEN;AUDCAD;A2;08-06 12:39;1;08-06 12:39
2026-08-06T12:45:00.000+01:00,MAR1GSOPEN;AUDCAD;B1;08-06 12:39;0;
2026-08-06T12:48:00.000+01:00,MAR1GSOPEN;AUDCAD;A1;08-06 12:39;0;
2026-08-06T12:48:00.000+01:00,MAR1GSOPEN;AUDCAD;A2;08-06 12:39;1;08-06 12:39
2026-08-06T12:48:00.000+01:00,MAR1GSOPEN;AUDCAD;B1;08-06 12:39;0;
2026-08-06T12:51:00.000+01:00,MAR1GSOPEN;AUDCAD;A1;08-06 12:39;0;
2026-08-06T12:51:00.000+01:00,MAR1GSOPEN;AUDCAD;A2;08-06 12:39;1;08-06 12:39
2026-08-06T12:51:00.000+01:00,MAR1GSOPEN;AUDCAD;B1;08-06 12:39;0;
2026-08-06T12:54:00.000+01:00,MAR1GSOPEN;AUDCAD;A1;08-06 12:39;0;
2026-08-06T12:54:00.000+01:00,MAR1GSOPEN;AUDCAD;A2;08-06 12:39;1;08-06 12:39
2026-08-06T12:54:00.000+01:00,MAR1GSOPEN;AUDCAD;B1;08-06 12:39;0;
2026-08-06T12:57:00.000+01:00,MAR1GSOPEN;AUDCAD;A1;08-06 12:39;0;
2026-08-06T12:57:00.000+01:00,MAR1GSOPEN;AUDCAD;A2;08-06 12:39;1;08-06 12:39
2026-08-06T12:57:00.000+01:00,MAR1GSOPEN;AUDCAD;B1;08-06 12:39;0;
2026-08-06T13:00:00.000+01:00,MAR1GSOPEN;AUDCAD;A1;08-06 12:39;0;
2026-08-06T13:00:00.000+01:00,MAR1GSOPEN;AUDCAD;A2;08-06 12:39;1;08-06 12:39
2026-08-06T13:00:00.000+01:00,MAR1GSOPEN;AUDCAD;B1;08-06 12:39;0;
2026-08-06T13:03:00.000+01:00,MAR1GSOPEN;AUDCAD;A1;08-06 12:39;0;
2026-08-06T13:03:00.000+01:00,MAR1GSOPEN;AUDCAD;A2;08-06 12:39;1;08-06 12:39
2026-08-06T13:03:00.000+01:00,MAR1GSOPEN;AUDCAD;B1;08-06 12:39;0;
2026-08-06T13:06:00.000+01:00,MAR1GSOPEN;AUDCAD;A1;08-06 12:39;0;
2026-08-06T13:06:00.000+01:00,MAR1GSOPEN;AUDCAD;A2;08-06 12:39;1;08-06 12:39
2026-08-06T13:06:00.000+01:00,MAR1GSOPEN;AUDCAD;B1;08-06 12:39;0;
2026-08-06T13:09:00.000+01:00,MAR1GSOPEN;AUDCAD;A1;08-06 12:39;0;
2026-08-06T13:09:00.000+01:00,MAR1GSOPEN;AUDCAD;A2;08-06 12:39;1;08-06 12:39
2026-08-06T13:09:00.000+01:00,MAR1GSOPEN;AUDCAD;B1;08-06 12:39;0;
2026-08-06T13:12:00.000+01:00,MAR1GSOPEN;AUDCAD;A1;08-06 12:39;0;
2026-08-06T13:12:00.000+01:00,MAR1GSOPEN;AUDCAD;A2;08-06 12:39;1;08-06 12:39
2026-08-06T13:12:00.000+01:00,MAR1GSOPEN;AUDCAD;B1;08-06 12:39;0;
2026-08-06T13:15:00.000+01:00,MAR1GSOPEN;AUDCAD;A1;08-06 12:39;0;
2026-08-06T13:15:00.000+01:00,MAR1GSOPEN;AUDCAD;A2;08-06 12:39;1;08-06 12:39
2026-08-06T13:15:00.000+01:00,MAR1GSOPEN;AUDCAD;B1;08-06 12:39;0;
2026-08-06T13:18:00.000+01:00,MAR1GSCLOSE;AUDCAD;A1;08-06 13:18;08-06 13:21;1;long;08-06 13:18
2026-08-06T13:18:00.000+01:00,"MAR1GSCLOSE;AUDCAD;A2;08-06 12:39;08-06 13:21;2;long;08-06 12:39,08-06 13:18"
2026-08-06T13:18:00.000+01:00,MAR1GSCLOSE;AUDCAD;B1;08-06 13:18;08-06 13:21;1;long;08-06 13:18
2026-08-07T15:12:00.000+01:00,MAR1GSOPEN;AUDCAD;A1;08-07 15:12;0;
2026-08-07T15:12:00.000+01:00,MAR1GSOPEN;AUDCAD;A2;08-07 15:12;0;
2026-08-07T15:15:00.000+01:00,MAR1GSOPEN;AUDCAD;A1;08-07 15:12;0;
2026-08-07T15:15:00.000+01:00,MAR1GSOPEN;AUDCAD;A2;08-07 15:12;0;
2026-08-07T15:18:00.000+01:00,MAR1GSOPEN;AUDCAD;A1;08-07 15:12;0;
2026-08-07T15:18:00.000+01:00,MAR1GSOPEN;AUDCAD;A2;08-07 15:12;0;
2026-08-07T15:21:00.000+01:00,MAR1GSOPEN;AUDCAD;A1;08-07 15:12;0;
2026-08-07T15:21:00.000+01:00,MAR1GSOPEN;AUDCAD;A2;08-07 15:12;0;
2026-08-07T15:24:00.000+01:00,MAR1GSOPEN;AUDCAD;A1;08-07 15:12;0;
2026-08-07T15:24:00.000+01:00,MAR1GSOPEN;AUDCAD;A2;08-07 15:12;0;
2026-08-07T15:27:00.000+01:00,MAR1GSOPEN;AUDCAD;A1;08-07 15:12;0;
2026-08-07T15:27:00.000+01:00,MAR1GSOPEN;AUDCAD;A2;08-07 15:12;0;
2026-08-07T15:30:00.000+01:00,MAR1GSOPEN;AUDCAD;A1;08-07 15:12;0;
2026-08-07T15:30:00.000+01:00,MAR1GSOPEN;AUDCAD;A2;08-07 15:12;0;
2026-08-07T15:33:00.000+01:00,MAR1GSOPEN;AUDCAD;A1;08-07 15:12;0;
2026-08-07T15:33:00.000+01:00,MAR1GSOPEN;AUDCAD;A2;08-07 15:12;0;
2026-08-07T15:36:00.000+01:00,MAR1GSCLOSE;AUDCAD;A1;08-07 15:36;08-07 15:39;1;short;08-07 15:36
2026-08-07T15:36:00.000+01:00,MAR1GSOPEN;AUDCAD;A2;08-07 15:12;0;
2026-08-07T15:39:00.000+01:00,MAR1GSOPEN;AUDCAD;A2;08-07 15:12;0;
2026-08-07T15:42:00.000+01:00,MAR1GSOPEN;AUDCAD;A2;08-07 15:12;0;
2026-08-07T15:45:00.000+01:00,MAR1GSOPEN;AUDCAD;A2;08-07 15:12;0;
2026-08-07T15:48:00.000+01:00,MAR1GSOPEN;AUDCAD;A2;08-07 15:12;0;
2026-08-07T15:51:00.000+01:00,MAR1GSOPEN;AUDCAD;A2;08-07 15:12;0;
2026-08-07T15:54:00.000+01:00,MAR1GSOPEN;AUDCAD;A2;08-07 15:12;0;
2026-08-07T15:57:00.000+01:00,MAR1GSOPEN;AUDCAD;A2;08-07 15:57;1;08-07 15:57
2026-08-07T15:57:00.000+01:00,MAR1GSOPEN;AUDCAD;B1;08-07 15:57;0;
2026-08-07T15:57:00.000+01:00,MAR1GSOPEN;AUDCAD;C2;08-07 15:57;0;
2026-08-07T16:00:00.000+01:00,"MAR1GSCLOSE;AUDCAD;A2;08-07 15:57;08-07 16:03;2;short;08-07 15:57,08-07 16:00"
2026-08-07T16:00:00.000+01:00,MAR1GSCLOSE;AUDCAD;B1;08-07 16:00;08-07 16:03;1;short;08-07 16:00
2026-08-07T16:00:00.000+01:00,MAR1GSCLOSE;AUDCAD;C2;08-07 16:00;08-07 16:03;1;short;08-07 16:00
2026-08-11T17:33:00.000+01:00,MAR1GSOPEN;AUDCAD;A1;08-11 17:33;0;
2026-08-11T17:33:00.000+01:00,MAR1GSOPEN;AUDCAD;A2;08-11 17:33;0;
2026-08-11T17:36:00.000+01:00,MAR1GSOPEN;AUDCAD;A1;08-11 17:36;1;08-11 17:36
2026-08-11T17:36:00.000+01:00,MAR1GSOPEN;AUDCAD;A2;08-11 17:36;1;08-11 17:36
2026-08-11T17:36:00.000+01:00,MAR1GSOPEN;AUDCAD;B1;08-11 17:36;0;
2026-08-11T17:36:00.000+01:00,MAR1GSOPEN;AUDCAD;B2;08-11 17:36;0;
2026-08-11T17:39:00.000+01:00,MAR1GSOPEN;AUDCAD;A1;08-11 17:36;1;08-11 17:36
2026-08-11T17:39:00.000+01:00,"MAR1GSOPEN;AUDCAD;A2;08-11 17:36;2;08-11 17:36,08-11 17:39"
2026-08-11T17:39:00.000+01:00,MAR1GSOPEN;AUDCAD;B1;08-11 17:39;1;08-11 17:39
2026-08-11T17:39:00.000+01:00,MAR1GSOPEN;AUDCAD;B2;08-11 17:36;0;
2026-08-11T17:42:00.000+01:00,MAR1GSOPEN;AUDCAD;A1;08-11 17:36;1;08-11 17:36
2026-08-11T17:42:00.000+01:00,"MAR1GSOPEN;AUDCAD;A2;08-11 17:36;2;08-11 17:36,08-11 17:39"
2026-08-11T17:42:00.000+01:00,MAR1GSOPEN;AUDCAD;B1;08-11 17:39;1;08-11 17:39
2026-08-11T17:42:00.000+01:00,MAR1GSOPEN;AUDCAD;B2;08-11 17:36;0;
2026-08-11T17:45:00.000+01:00,MAR1GSOPEN;AUDCAD;A1;08-11 17:36;1;08-11 17:36
2026-08-11T17:45:00.000+01:00,"MAR1GSOPEN;AUDCAD;A2;08-11 17:36;2;08-11 17:36,08-11 17:39"
2026-08-11T17:45:00.000+01:00,MAR1GSOPEN;AUDCAD;B1;08-11 17:39;1;08-11 17:39
2026-08-11T17:45:00.000+01:00,MAR1GSOPEN;AUDCAD;B2;08-11 17:36;0;
2026-08-11T17:48:00.000+01:00,MAR1GSOPEN;AUDCAD;A1;08-11 17:36;1;08-11 17:36
2026-08-11T17:48:00.000+01:00,"MAR1GSOPEN;AUDCAD;A2;08-11 17:36;2;08-11 17:36,08-11 17:39"
2026-08-11T17:48:00.000+01:00,MAR1GSOPEN;AUDCAD;B1;08-11 17:39;1;08-11 17:39
2026-08-11T17:48:00.000+01:00,MAR1GSOPEN;AUDCAD;B2;08-11 17:36;0;
2026-08-11T17:51:00.000+01:00,MAR1GSOPEN;AUDCAD;A1;08-11 17:36;1;08-11 17:36
2026-08-11T17:51:00.000+01:00,"MAR1GSOPEN;AUDCAD;A2;08-11 17:36;2;08-11 17:36,08-11 17:39"
2026-08-11T17:51:00.000+01:00,MAR1GSOPEN;AUDCAD;B1;08-11 17:39;1;08-11 17:39
2026-08-11T17:51:00.000+01:00,MAR1GSOPEN;AUDCAD;B2;08-11 17:36;0;
2026-08-11T17:54:00.000+01:00,"MAR1GSOPEN;AUDCAD;A1;08-11 17:36;2;08-11 17:36,08-11 17:54"
2026-08-11T17:54:00.000+01:00,"MAR1GSOPEN;AUDCAD;A2;08-11 17:36;3;08-11 17:36,08-11 17:39,08-11 17:54"
2026-08-11T17:54:00.000+01:00,"MAR1GSOPEN;AUDCAD;B1;08-11 17:39;2;08-11 17:39,08-11 17:54"
2026-08-11T17:54:00.000+01:00,MAR1GSOPEN;AUDCAD;B2;08-11 17:54;1;08-11 17:54
2026-08-11T17:57:00.000+01:00,"MAR1GSOPEN;AUDCAD;A1;08-11 17:36;2;08-11 17:36,08-11 17:54"
2026-08-11T17:57:00.000+01:00,"MAR1GSOPEN;AUDCAD;A2;08-11 17:36;3;08-11 17:36,08-11 17:39,08-11 17:54"
2026-08-11T17:57:00.000+01:00,"MAR1GSOPEN;AUDCAD;B1;08-11 17:39;2;08-11 17:39,08-11 17:54"
2026-08-11T17:57:00.000+01:00,MAR1GSOPEN;AUDCAD;B2;08-11 17:54;1;08-11 17:54
2026-08-11T18:00:00.000+01:00,"MAR1GSOPEN;AUDCAD;A1;08-11 17:36;2;08-11 17:36,08-11 17:54"
2026-08-11T18:00:00.000+01:00,"MAR1GSOPEN;AUDCAD;A2;08-11 17:36;3;08-11 17:36,08-11 17:39,08-11 17:54"
2026-08-11T18:00:00.000+01:00,"MAR1GSOPEN;AUDCAD;B1;08-11 17:39;2;08-11 17:39,08-11 17:54"
2026-08-11T18:00:00.000+01:00,MAR1GSOPEN;AUDCAD;B2;08-11 17:54;1;08-11 17:54
2026-08-11T18:03:00.000+01:00,"MAR1GSOPEN;AUDCAD;A1;08-11 17:36;2;08-11 17:36,08-11 17:54"
2026-08-11T18:03:00.000+01:00,"MAR1GSOPEN;AUDCAD;A2;08-11 17:36;3;08-11 17:36,08-11 17:39,08-11 17:54"
2026-08-11T18:03:00.000+01:00,"MAR1GSOPEN;AUDCAD;B1;08-11 17:39;2;08-11 17:39,08-11 17:54"
2026-08-11T18:03:00.000+01:00,MAR1GSOPEN;AUDCAD;B2;08-11 17:54;1;08-11 17:54
2026-08-11T18:06:00.000+01:00,"MAR1GSOPEN;AUDCAD;A1;08-11 17:36;2;08-11 17:36,08-11 17:54"
2026-08-11T18:06:00.000+01:00,"MAR1GSOPEN;AUDCAD;A2;08-11 17:36;3;08-11 17:36,08-11 17:39,08-11 17:54"
2026-08-11T18:06:00.000+01:00,"MAR1GSOPEN;AUDCAD;B1;08-11 17:39;2;08-11 17:39,08-11 17:54"
2026-08-11T18:06:00.000+01:00,MAR1GSOPEN;AUDCAD;B2;08-11 17:54;1;08-11 17:54
2026-08-11T18:09:00.000+01:00,"MAR1GSOPEN;AUDCAD;A1;08-11 17:36;2;08-11 17:36,08-11 17:54"
2026-08-11T18:09:00.000+01:00,"MAR1GSOPEN;AUDCAD;A2;08-11 17:36;3;08-11 17:36,08-11 17:39,08-11 17:54"
2026-08-11T18:09:00.000+01:00,"MAR1GSOPEN;AUDCAD;B1;08-11 17:39;2;08-11 17:39,08-11 17:54"
2026-08-11T18:09:00.000+01:00,MAR1GSOPEN;AUDCAD;B2;08-11 17:54;1;08-11 17:54
2026-08-11T18:12:00.000+01:00,"MAR1GSOPEN;AUDCAD;A1;08-11 17:36;2;08-11 17:36,08-11 17:54"
2026-08-11T18:12:00.000+01:00,"MAR1GSOPEN;AUDCAD;A2;08-11 17:36;3;08-11 17:36,08-11 17:39,08-11 17:54"
2026-08-11T18:12:00.000+01:00,"MAR1GSOPEN;AUDCAD;B1;08-11 17:39;2;08-11 17:39,08-11 17:54"
2026-08-11T18:12:00.000+01:00,MAR1GSOPEN;AUDCAD;B2;08-11 17:54;1;08-11 17:54
2026-08-11T18:15:00.000+01:00,"MAR1GSOPEN;AUDCAD;A1;08-11 17:36;2;08-11 17:36,08-11 17:54"
2026-08-11T18:15:00.000+01:00,"MAR1GSOPEN;AUDCAD;A2;08-11 17:36;3;08-11 17:36,08-11 17:39,08-11 17:54"
2026-08-11T18:15:00.000+01:00,"MAR1GSOPEN;AUDCAD;B1;08-11 17:39;2;08-11 17:39,08-11 17:54"
2026-08-11T18:15:00.000+01:00,MAR1GSOPEN;AUDCAD;B2;08-11 17:54;1;08-11 17:54
2026-08-11T18:18:00.000+01:00,"MAR1GSOPEN;AUDCAD;A1;08-11 17:36;2;08-11 17:36,08-11 17:54"
2026-08-11T18:18:00.000+01:00,"MAR1GSOPEN;AUDCAD;A2;08-11 17:36;3;08-11 17:36,08-11 17:39,08-11 17:54"
2026-08-11T18:18:00.000+01:00,"MAR1GSOPEN;AUDCAD;B1;08-11 17:39;2;08-11 17:39,08-11 17:54"
2026-08-11T18:18:00.000+01:00,MAR1GSOPEN;AUDCAD;B2;08-11 17:54;1;08-11 17:54
2026-08-11T18:21:00.000+01:00,"MAR1GSOPEN;AUDCAD;A1;08-11 17:36;2;08-11 17:36,08-11 17:54"
2026-08-11T18:21:00.000+01:00,"MAR1GSOPEN;AUDCAD;A2;08-11 17:36;3;08-11 17:36,08-11 17:39,08-11 17:54"
2026-08-11T18:21:00.000+01:00,"MAR1GSOPEN;AUDCAD;B1;08-11 17:39;2;08-11 17:39,08-11 17:54"
2026-08-11T18:21:00.000+01:00,MAR1GSOPEN;AUDCAD;B2;08-11 17:54;1;08-11 17:54
2026-08-11T18:24:00.000+01:00,"MAR1GSOPEN;AUDCAD;A1;08-11 17:36;2;08-11 17:36,08-11 17:54"
2026-08-11T18:24:00.000+01:00,"MAR1GSOPEN;AUDCAD;A2;08-11 17:36;3;08-11 17:36,08-11 17:39,08-11 17:54"
2026-08-11T18:24:00.000+01:00,"MAR1GSOPEN;AUDCAD;B1;08-11 17:39;2;08-11 17:39,08-11 17:54"
2026-08-11T18:24:00.000+01:00,MAR1GSOPEN;AUDCAD;B2;08-11 17:54;1;08-11 17:54
2026-08-11T18:27:00.000+01:00,"MAR1GSOPEN;AUDCAD;A1;08-11 17:36;2;08-11 17:36,08-11 17:54"
2026-08-11T18:27:00.000+01:00,"MAR1GSOPEN;AUDCAD;A2;08-11 17:36;3;08-11 17:36,08-11 17:39,08-11 17:54"
2026-08-11T18:27:00.000+01:00,"MAR1GSOPEN;AUDCAD;B1;08-11 17:39;2;08-11 17:39,08-11 17:54"
2026-08-11T18:27:00.000+01:00,MAR1GSOPEN;AUDCAD;B2;08-11 17:54;1;08-11 17:54
2026-08-11T18:30:00.000+01:00,"MAR1GSOPEN;AUDCAD;A1;08-11 17:36;2;08-11 17:36,08-11 17:54"
2026-08-11T18:30:00.000+01:00,"MAR1GSOPEN;AUDCAD;A2;08-11 17:36;3;08-11 17:36,08-11 17:39,08-11 17:54"
2026-08-11T18:30:00.000+01:00,"MAR1GSOPEN;AUDCAD;B1;08-11 17:39;2;08-11 17:39,08-11 17:54"
2026-08-11T18:30:00.000+01:00,MAR1GSOPEN;AUDCAD;B2;08-11 17:54;1;08-11 17:54
2026-08-11T18:33:00.000+01:00,"MAR1GSOPEN;AUDCAD;A1;08-11 17:36;2;08-11 17:36,08-11 17:54"
2026-08-11T18:33:00.000+01:00,"MAR1GSOPEN;AUDCAD;A2;08-11 17:36;3;08-11 17:36,08-11 17:39,08-11 17:54"
2026-08-11T18:33:00.000+01:00,"MAR1GSOPEN;AUDCAD;B1;08-11 17:39;2;08-11 17:39,08-11 17:54"
2026-08-11T18:33:00.000+01:00,MAR1GSOPEN;AUDCAD;B2;08-11 17:54;1;08-11 17:54
2026-08-11T18:36:00.000+01:00,"MAR1GSOPEN;AUDCAD;A1;08-11 17:36;2;08-11 17:36,08-11 17:54"
2026-08-11T18:36:00.000+01:00,"MAR1GSOPEN;AUDCAD;A2;08-11 17:36;3;08-11 17:36,08-11 17:39,08-11 17:54"
2026-08-11T18:36:00.000+01:00,"MAR1GSOPEN;AUDCAD;B1;08-11 17:39;2;08-11 17:39,08-11 17:54"
2026-08-11T18:36:00.000+01:00,MAR1GSOPEN;AUDCAD;B2;08-11 17:54;1;08-11 17:54
2026-08-11T18:39:00.000+01:00,"MAR1GSOPEN;AUDCAD;A1;08-11 17:36;2;08-11 17:36,08-11 17:54"
2026-08-11T18:39:00.000+01:00,"MAR1GSOPEN;AUDCAD;A2;08-11 17:36;3;08-11 17:36,08-11 17:39,08-11 17:54"
2026-08-11T18:39:00.000+01:00,"MAR1GSOPEN;AUDCAD;B1;08-11 17:39;2;08-11 17:39,08-11 17:54"
2026-08-11T18:39:00.000+01:00,MAR1GSOPEN;AUDCAD;B2;08-11 17:54;1;08-11 17:54
2026-08-11T18:42:00.000+01:00,"MAR1GSOPEN;AUDCAD;A1;08-11 17:36;2;08-11 17:36,08-11 17:54"
2026-08-11T18:42:00.000+01:00,"MAR1GSOPEN;AUDCAD;A2;08-11 17:36;3;08-11 17:36,08-11 17:39,08-11 17:54"
2026-08-11T18:42:00.000+01:00,"MAR1GSOPEN;AUDCAD;B1;08-11 17:39;2;08-11 17:39,08-11 17:54"
2026-08-11T18:42:00.000+01:00,MAR1GSOPEN;AUDCAD;B2;08-11 17:54;1;08-11 17:54
2026-08-11T18:45:00.000+01:00,"MAR1GSOPEN;AUDCAD;A1;08-11 17:36;2;08-11 17:36,08-11 17:54"
2026-08-11T18:45:00.000+01:00,"MAR1GSOPEN;AUDCAD;A2;08-11 17:36;3;08-11 17:36,08-11 17:39,08-11 17:54"
2026-08-11T18:45:00.000+01:00,"MAR1GSOPEN;AUDCAD;B1;08-11 17:39;2;08-11 17:39,08-11 17:54"
2026-08-11T18:45:00.000+01:00,MAR1GSOPEN;AUDCAD;B2;08-11 17:54;1;08-11 17:54
2026-08-11T18:48:00.000+01:00,"MAR1GSOPEN;AUDCAD;A1;08-11 17:36;2;08-11 17:36,08-11 17:54"
2026-08-11T18:48:00.000+01:00,"MAR1GSOPEN;AUDCAD;A2;08-11 17:36;3;08-11 17:36,08-11 17:39,08-11 17:54"
2026-08-11T18:48:00.000+01:00,"MAR1GSOPEN;AUDCAD;B1;08-11 17:39;2;08-11 17:39,08-11 17:54"
2026-08-11T18:48:00.000+01:00,MAR1GSOPEN;AUDCAD;B2;08-11 17:54;1;08-11 17:54
2026-08-11T18:51:00.000+01:00,"MAR1GSOPEN;AUDCAD;A1;08-11 17:36;2;08-11 17:36,08-11 17:54"
2026-08-11T18:51:00.000+01:00,"MAR1GSOPEN;AUDCAD;A2;08-11 17:36;3;08-11 17:36,08-11 17:39,08-11 17:54"
2026-08-11T18:51:00.000+01:00,"MAR1GSOPEN;AUDCAD;B1;08-11 17:39;2;08-11 17:39,08-11 17:54"
2026-08-11T18:51:00.000+01:00,MAR1GSOPEN;AUDCAD;B2;08-11 17:54;1;08-11 17:54
2026-08-11T18:54:00.000+01:00,"MAR1GSOPEN;AUDCAD;A1;08-11 17:36;2;08-11 17:36,08-11 17:54"
2026-08-11T18:54:00.000+01:00,"MAR1GSOPEN;AUDCAD;A2;08-11 17:36;3;08-11 17:36,08-11 17:39,08-11 17:54"
2026-08-11T18:54:00.000+01:00,"MAR1GSOPEN;AUDCAD;B1;08-11 17:39;2;08-11 17:39,08-11 17:54"
2026-08-11T18:54:00.000+01:00,MAR1GSOPEN;AUDCAD;B2;08-11 17:54;1;08-11 17:54
2026-08-11T18:57:00.000+01:00,"MAR1GSOPEN;AUDCAD;A1;08-11 17:36;2;08-11 17:36,08-11 17:54"
2026-08-11T18:57:00.000+01:00,"MAR1GSOPEN;AUDCAD;A2;08-11 17:36;3;08-11 17:36,08-11 17:39,08-11 17:54"
2026-08-11T18:57:00.000+01:00,"MAR1GSOPEN;AUDCAD;B1;08-11 17:39;2;08-11 17:39,08-11 17:54"
2026-08-11T18:57:00.000+01:00,MAR1GSOPEN;AUDCAD;B2;08-11 17:54;1;08-11 17:54
2026-08-11T19:00:00.000+01:00,"MAR1GSOPEN;AUDCAD;A1;08-11 17:36;2;08-11 17:36,08-11 17:54"
2026-08-11T19:00:00.000+01:00,"MAR1GSOPEN;AUDCAD;A2;08-11 17:36;3;08-11 17:36,08-11 17:39,08-11 17:54"
2026-08-11T19:00:00.000+01:00,"MAR1GSOPEN;AUDCAD;B1;08-11 17:39;2;08-11 17:39,08-11 17:54"
2026-08-11T19:00:00.000+01:00,MAR1GSOPEN;AUDCAD;B2;08-11 17:54;1;08-11 17:54
2026-08-11T19:03:00.000+01:00,"MAR1GSOPEN;AUDCAD;A1;08-11 17:36;2;08-11 17:36,08-11 17:54"
2026-08-11T19:03:00.000+01:00,"MAR1GSOPEN;AUDCAD;A2;08-11 17:36;3;08-11 17:36,08-11 17:39,08-11 17:54"
2026-08-11T19:03:00.000+01:00,"MAR1GSOPEN;AUDCAD;B1;08-11 17:39;2;08-11 17:39,08-11 17:54"
2026-08-11T19:03:00.000+01:00,MAR1GSOPEN;AUDCAD;B2;08-11 17:54;1;08-11 17:54
2026-08-11T19:06:00.000+01:00,"MAR1GSOPEN;AUDCAD;A1;08-11 17:36;2;08-11 17:36,08-11 17:54"
2026-08-11T19:06:00.000+01:00,"MAR1GSOPEN;AUDCAD;A2;08-11 17:36;3;08-11 17:36,08-11 17:39,08-11 17:54"
2026-08-11T19:06:00.000+01:00,"MAR1GSOPEN;AUDCAD;B1;08-11 17:39;2;08-11 17:39,08-11 17:54"
2026-08-11T19:06:00.000+01:00,MAR1GSOPEN;AUDCAD;B2;08-11 17:54;1;08-11 17:54
2026-08-11T19:09:00.000+01:00,"MAR1GSOPEN;AUDCAD;A1;08-11 17:36;2;08-11 17:36,08-11 17:54"
2026-08-11T19:09:00.000+01:00,"MAR1GSOPEN;AUDCAD;A2;08-11 17:36;3;08-11 17:36,08-11 17:39,08-11 17:54"
2026-08-11T19:09:00.000+01:00,"MAR1GSOPEN;AUDCAD;B1;08-11 17:39;2;08-11 17:39,08-11 17:54"
2026-08-11T19:09:00.000+01:00,MAR1GSOPEN;AUDCAD;B2;08-11 17:54;1;08-11 17:54
2026-08-11T19:12:00.000+01:00,"MAR1GSOPEN;AUDCAD;A1;08-11 17:36;3;08-11 17:36,08-11 17:54,08-11 19:12"
2026-08-11T19:12:00.000+01:00,"MAR1GSOPEN;AUDCAD;A2;08-11 17:36;4;08-11 17:36,08-11 17:39,08-11 17:54,08-11 19:12"
2026-08-11T19:12:00.000+01:00,"MAR1GSOPEN;AUDCAD;B1;08-11 17:39;3;08-11 17:39,08-11 17:54,08-11 19:12"
2026-08-11T19:12:00.000+01:00,"MAR1GSOPEN;AUDCAD;B2;08-11 17:54;2;08-11 17:54,08-11 19:12"
2026-08-11T19:12:00.000+01:00,MAR1GSOPEN;AUDCAD;D1;08-11 19:12;0;
2026-08-11T19:15:00.000+01:00,"MAR1GSOPEN;AUDCAD;A1;08-11 17:36;3;08-11 17:36,08-11 17:54,08-11 19:12"
2026-08-11T19:15:00.000+01:00,"MAR1GSOPEN;AUDCAD;A2;08-11 17:36;4;08-11 17:36,08-11 17:39,08-11 17:54,08-11 19:12"
2026-08-11T19:15:00.000+01:00,"MAR1GSOPEN;AUDCAD;B1;08-11 17:39;3;08-11 17:39,08-11 17:54,08-11 19:12"
2026-08-11T19:15:00.000+01:00,"MAR1GSOPEN;AUDCAD;B2;08-11 17:54;2;08-11 17:54,08-11 19:12"
2026-08-11T19:15:00.000+01:00,MAR1GSOPEN;AUDCAD;D1;08-11 19:12;0;
2026-08-11T19:18:00.000+01:00,"MAR1GSOPEN;AUDCAD;A1;08-11 17:36;3;08-11 17:36,08-11 17:54,08-11 19:12"
2026-08-11T19:18:00.000+01:00,"MAR1GSOPEN;AUDCAD;A2;08-11 17:36;4;08-11 17:36,08-11 17:39,08-11 17:54,08-11 19:12"
2026-08-11T19:18:00.000+01:00,"MAR1GSOPEN;AUDCAD;B1;08-11 17:39;3;08-11 17:39,08-11 17:54,08-11 19:12"
2026-08-11T19:18:00.000+01:00,"MAR1GSOPEN;AUDCAD;B2;08-11 17:54;2;08-11 17:54,08-11 19:12"
2026-08-11T19:18:00.000+01:00,MAR1GSOPEN;AUDCAD;D1;08-11 19:12;0;
2026-08-11T19:21:00.000+01:00,"MAR1GSOPEN;AUDCAD;A1;08-11 17:36;3;08-11 17:36,08-11 17:54,08-11 19:12"
2026-08-11T19:21:00.000+01:00,"MAR1GSOPEN;AUDCAD;A2;08-11 17:36;4;08-11 17:36,08-11 17:39,08-11 17:54,08-11 19:12"
2026-08-11T19:21:00.000+01:00,"MAR1GSOPEN;AUDCAD;B1;08-11 17:39;3;08-11 17:39,08-11 17:54,08-11 19:12"
2026-08-11T19:21:00.000+01:00,"MAR1GSOPEN;AUDCAD;B2;08-11 17:54;2;08-11 17:54,08-11 19:12"
2026-08-11T19:21:00.000+01:00,MAR1GSOPEN;AUDCAD;D1;08-11 19:12;0;
2026-08-11T19:24:00.000+01:00,"MAR1GSOPEN;AUDCAD;A1;08-11 17:36;3;08-11 17:36,08-11 17:54,08-11 19:12"
2026-08-11T19:24:00.000+01:00,"MAR1GSOPEN;AUDCAD;A2;08-11 17:36;4;08-11 17:36,08-11 17:39,08-11 17:54,08-11 19:12"
2026-08-11T19:24:00.000+01:00,"MAR1GSOPEN;AUDCAD;B1;08-11 17:39;3;08-11 17:39,08-11 17:54,08-11 19:12"
2026-08-11T19:24:00.000+01:00,"MAR1GSOPEN;AUDCAD;B2;08-11 17:54;2;08-11 17:54,08-11 19:12"
2026-08-11T19:24:00.000+01:00,MAR1GSOPEN;AUDCAD;D1;08-11 19:12;0;
2026-08-11T19:27:00.000+01:00,"MAR1GSOPEN;AUDCAD;A1;08-11 17:36;3;08-11 17:36,08-11 17:54,08-11 19:12"
2026-08-11T19:27:00.000+01:00,"MAR1GSOPEN;AUDCAD;A2;08-11 17:36;4;08-11 17:36,08-11 17:39,08-11 17:54,08-11 19:12"
2026-08-11T19:27:00.000+01:00,"MAR1GSOPEN;AUDCAD;B1;08-11 17:39;3;08-11 17:39,08-11 17:54,08-11 19:12"
2026-08-11T19:27:00.000+01:00,"MAR1GSOPEN;AUDCAD;B2;08-11 17:54;2;08-11 17:54,08-11 19:12"
2026-08-11T19:27:00.000+01:00,MAR1GSOPEN;AUDCAD;D1;08-11 19:12;0;
2026-08-11T19:30:00.000+01:00,"MAR1GSOPEN;AUDCAD;A1;08-11 17:36;3;08-11 17:36,08-11 17:54,08-11 19:12"
2026-08-11T19:30:00.000+01:00,"MAR1GSOPEN;AUDCAD;A2;08-11 17:36;4;08-11 17:36,08-11 17:39,08-11 17:54,08-11 19:12"
2026-08-11T19:30:00.000+01:00,"MAR1GSOPEN;AUDCAD;B1;08-11 17:39;3;08-11 17:39,08-11 17:54,08-11 19:12"
2026-08-11T19:30:00.000+01:00,"MAR1GSOPEN;AUDCAD;B2;08-11 17:54;2;08-11 17:54,08-11 19:12"
2026-08-11T19:30:00.000+01:00,MAR1GSOPEN;AUDCAD;D1;08-11 19:12;0;
2026-08-11T19:33:00.000+01:00,"MAR1GSOPEN;AUDCAD;A1;08-11 17:36;4;08-11 17:36,08-11 17:54,08-11 19:12,08-11 19:33"
2026-08-11T19:33:00.000+01:00,"MAR1GSOPEN;AUDCAD;A2;08-11 17:36;5;08-11 17:36,08-11 17:39,08-11 17:54,08-11 19:12,08-11 19:33"
2026-08-11T19:33:00.000+01:00,"MAR1GSOPEN;AUDCAD;B1;08-11 17:39;4;08-11 17:39,08-11 17:54,08-11 19:12,08-11 19:33"
2026-08-11T19:33:00.000+01:00,"MAR1GSOPEN;AUDCAD;B2;08-11 17:54;3;08-11 17:54,08-11 19:12,08-11 19:33"
2026-08-11T19:33:00.000+01:00,MAR1GSOPEN;AUDCAD;D1;08-11 19:33;1;08-11 19:33
2026-08-11T19:36:00.000+01:00,"MAR1GSOPEN;AUDCAD;A1;08-11 17:36;5;08-11 17:36,08-11 17:54,08-11 19:12,08-11 19:33,08-11 19:36"
2026-08-11T19:36:00.000+01:00,"MAR1GSOPEN;AUDCAD;A2;08-11 17:36;6;08-11 17:36,08-11 17:39,08-11 17:54,08-11 19:12,08-11 19:33,08-11 19:36"
2026-08-11T19:36:00.000+01:00,"MAR1GSOPEN;AUDCAD;B1;08-11 17:39;5;08-11 17:39,08-11 17:54,08-11 19:12,08-11 19:33,08-11 19:36"
2026-08-11T19:36:00.000+01:00,"MAR1GSOPEN;AUDCAD;B2;08-11 17:54;4;08-11 17:54,08-11 19:12,08-11 19:33,08-11 19:36"
2026-08-11T19:36:00.000+01:00,MAR1GSOPEN;AUDCAD;C1;08-11 19:36;0;
2026-08-11T19:36:00.000+01:00,MAR1GSOPEN;AUDCAD;C2;08-11 19:36;0;
2026-08-11T19:36:00.000+01:00,"MAR1GSOPEN;AUDCAD;D1;08-11 19:33;2;08-11 19:33,08-11 19:36"
2026-08-11T19:39:00.000+01:00,"MAR1GSOPEN;AUDCAD;A1;08-11 17:36;5;08-11 17:36,08-11 17:54,08-11 19:12,08-11 19:33,08-11 19:36"
2026-08-11T19:39:00.000+01:00,"MAR1GSOPEN;AUDCAD;A2;08-11 17:36;6;08-11 17:36,08-11 17:39,08-11 17:54,08-11 19:12,08-11 19:33,08-11 19:36"
2026-08-11T19:39:00.000+01:00,"MAR1GSOPEN;AUDCAD;B1;08-11 17:39;5;08-11 17:39,08-11 17:54,08-11 19:12,08-11 19:33,08-11 19:36"
2026-08-11T19:39:00.000+01:00,"MAR1GSOPEN;AUDCAD;B2;08-11 17:54;4;08-11 17:54,08-11 19:12,08-11 19:33,08-11 19:36"
2026-08-11T19:39:00.000+01:00,MAR1GSOPEN;AUDCAD;C1;08-11 19:36;0;
2026-08-11T19:39:00.000+01:00,MAR1GSOPEN;AUDCAD;C2;08-11 19:36;0;
2026-08-11T19:39:00.000+01:00,"MAR1GSOPEN;AUDCAD;D1;08-11 19:33;2;08-11 19:33,08-11 19:36"
2026-08-11T19:42:00.000+01:00,"MAR1GSOPEN;AUDCAD;A1;08-11 17:36;5;08-11 17:36,08-11 17:54,08-11 19:12,08-11 19:33,08-11 19:36"
2026-08-11T19:42:00.000+01:00,"MAR1GSOPEN;AUDCAD;A2;08-11 17:36;6;08-11 17:36,08-11 17:39,08-11 17:54,08-11 19:12,08-11 19:33,08-11 19:36"
2026-08-11T19:42:00.000+01:00,"MAR1GSOPEN;AUDCAD;B1;08-11 17:39;5;08-11 17:39,08-11 17:54,08-11 19:12,08-11 19:33,08-11 19:36"
2026-08-11T19:42:00.000+01:00,"MAR1GSOPEN;AUDCAD;B2;08-11 17:54;4;08-11 17:54,08-11 19:12,08-11 19:33,08-11 19:36"
2026-08-11T19:42:00.000+01:00,MAR1GSOPEN;AUDCAD;C1;08-11 19:36;0;
2026-08-11T19:42:00.000+01:00,MAR1GSOPEN;AUDCAD;C2;08-11 19:36;0;
2026-08-11T19:42:00.000+01:00,"MAR1GSOPEN;AUDCAD;D1;08-11 19:33;2;08-11 19:33,08-11 19:36"
2026-08-11T19:45:00.000+01:00,"MAR1GSOPEN;AUDCAD;A1;08-11 17:36;6;08-11 17:36,08-11 17:54,08-11 19:12,08-11 19:33,08-11 19:36,08-11 19:45"
2026-08-11T19:45:00.000+01:00,"MAR1GSOPEN;AUDCAD;A2;08-11 17:36;7;08-11 17:36,08-11 17:39,08-11 17:54,08-11 19:12,08-11 19:33,08-11 19:36,08-11 19:45"
2026-08-11T19:45:00.000+01:00,"MAR1GSOPEN;AUDCAD;B1;08-11 17:39;6;08-11 17:39,08-11 17:54,08-11 19:12,08-11 19:33,08-11 19:36,08-11 19:45"
2026-08-11T19:45:00.000+01:00,"MAR1GSOPEN;AUDCAD;B2;08-11 17:54;5;08-11 17:54,08-11 19:12,08-11 19:33,08-11 19:36,08-11 19:45"
2026-08-11T19:45:00.000+01:00,MAR1GSOPEN;AUDCAD;C1;08-11 19:45;1;08-11 19:45
2026-08-11T19:45:00.000+01:00,MAR1GSOPEN;AUDCAD;C2;08-11 19:45;1;08-11 19:45
2026-08-11T19:45:00.000+01:00,"MAR1GSOPEN;AUDCAD;D1;08-11 19:33;3;08-11 19:33,08-11 19:36,08-11 19:45"
2026-08-11T19:45:00.000+01:00,MAR1GSOPEN;AUDCAD;D2;08-11 19:45;0;
2026-08-11T19:48:00.000+01:00,"MAR1GSOPEN;AUDCAD;A1;08-11 17:36;6;08-11 17:36,08-11 17:54,08-11 19:12,08-11 19:33,08-11 19:36,08-11 19:45"
2026-08-11T19:48:00.000+01:00,"MAR1GSOPEN;AUDCAD;A2;08-11 17:36;7;08-11 17:36,08-11 17:39,08-11 17:54,08-11 19:12,08-11 19:33,08-11 19:36,08-11 19:45"
2026-08-11T19:48:00.000+01:00,"MAR1GSOPEN;AUDCAD;B1;08-11 17:39;6;08-11 17:39,08-11 17:54,08-11 19:12,08-11 19:33,08-11 19:36,08-11 19:45"
2026-08-11T19:48:00.000+01:00,"MAR1GSOPEN;AUDCAD;B2;08-11 17:54;5;08-11 17:54,08-11 19:12,08-11 19:33,08-11 19:36,08-11 19:45"
2026-08-11T19:48:00.000+01:00,MAR1GSOPEN;AUDCAD;C1;08-11 19:45;1;08-11 19:45
2026-08-11T19:48:00.000+01:00,MAR1GSOPEN;AUDCAD;C2;08-11 19:45;1;08-11 19:45
2026-08-11T19:48:00.000+01:00,"MAR1GSOPEN;AUDCAD;D1;08-11 19:33;3;08-11 19:33,08-11 19:36,08-11 19:45"
2026-08-11T19:48:00.000+01:00,MAR1GSOPEN;AUDCAD;D2;08-11 19:45;0;
2026-08-11T19:51:00.000+01:00,"MAR1GSOPEN;AUDCAD;A1;08-11 17:36;6;08-11 17:36,08-11 17:54,08-11 19:12,08-11 19:33,08-11 19:36,08-11 19:45"
2026-08-11T19:51:00.000+01:00,"MAR1GSOPEN;AUDCAD;A2;08-11 17:36;7;08-11 17:36,08-11 17:39,08-11 17:54,08-11 19:12,08-11 19:33,08-11 19:36,08-11 19:45"
2026-08-11T19:51:00.000+01:00,"MAR1GSOPEN;AUDCAD;B1;08-11 17:39;6;08-11 17:39,08-11 17:54,08-11 19:12,08-11 19:33,08-11 19:36,08-11 19:45"
2026-08-11T19:51:00.000+01:00,"MAR1GSOPEN;AUDCAD;B2;08-11 17:54;5;08-11 17:54,08-11 19:12,08-11 19:33,08-11 19:36,08-11 19:45"
2026-08-11T19:51:00.000+01:00,MAR1GSOPEN;AUDCAD;C1;08-11 19:45;1;08-11 19:45
2026-08-11T19:51:00.000+01:00,MAR1GSOPEN;AUDCAD;C2;08-11 19:45;1;08-11 19:45
2026-08-11T19:51:00.000+01:00,"MAR1GSOPEN;AUDCAD;D1;08-11 19:33;3;08-11 19:33,08-11 19:36,08-11 19:45"
2026-08-11T19:51:00.000+01:00,MAR1GSOPEN;AUDCAD;D2;08-11 19:45;0;
2026-08-11T19:54:00.000+01:00,"MAR1GSOPEN;AUDCAD;A1;08-11 17:36;6;08-11 17:36,08-11 17:54,08-11 19:12,08-11 19:33,08-11 19:36,08-11 19:45"
2026-08-11T19:54:00.000+01:00,"MAR1GSOPEN;AUDCAD;A2;08-11 17:36;7;08-11 17:36,08-11 17:39,08-11 17:54,08-11 19:12,08-11 19:33,08-11 19:36,08-11 19:45"
2026-08-11T19:54:00.000+01:00,"MAR1GSOPEN;AUDCAD;B1;08-11 17:39;6;08-11 17:39,08-11 17:54,08-11 19:12,08-11 19:33,08-11 19:36,08-11 19:45"
2026-08-11T19:54:00.000+01:00,"MAR1GSOPEN;AUDCAD;B2;08-11 17:54;5;08-11 17:54,08-11 19:12,08-11 19:33,08-11 19:36,08-11 19:45"
2026-08-11T19:54:00.000+01:00,MAR1GSOPEN;AUDCAD;C1;08-11 19:45;1;08-11 19:45
2026-08-11T19:54:00.000+01:00,MAR1GSOPEN;AUDCAD;C2;08-11 19:45;1;08-11 19:45
2026-08-11T19:54:00.000+01:00,"MAR1GSOPEN;AUDCAD;D1;08-11 19:33;3;08-11 19:33,08-11 19:36,08-11 19:45"
2026-08-11T19:54:00.000+01:00,MAR1GSOPEN;AUDCAD;D2;08-11 19:45;0;
2026-08-11T19:57:00.000+01:00,"MAR1GSOPEN;AUDCAD;A1;08-11 17:36;6;08-11 17:36,08-11 17:54,08-11 19:12,08-11 19:33,08-11 19:36,08-11 19:45"
2026-08-11T19:57:00.000+01:00,"MAR1GSOPEN;AUDCAD;A2;08-11 17:36;7;08-11 17:36,08-11 17:39,08-11 17:54,08-11 19:12,08-11 19:33,08-11 19:36,08-11 19:45"
2026-08-11T19:57:00.000+01:00,"MAR1GSOPEN;AUDCAD;B1;08-11 17:39;6;08-11 17:39,08-11 17:54,08-11 19:12,08-11 19:33,08-11 19:36,08-11 19:45"
2026-08-11T19:57:00.000+01:00,"MAR1GSOPEN;AUDCAD;B2;08-11 17:54;5;08-11 17:54,08-11 19:12,08-11 19:33,08-11 19:36,08-11 19:45"
2026-08-11T19:57:00.000+01:00,MAR1GSOPEN;AUDCAD;C1;08-11 19:45;1;08-11 19:45
2026-08-11T19:57:00.000+01:00,MAR1GSOPEN;AUDCAD;C2;08-11 19:45;1;08-11 19:45
2026-08-11T19:57:00.000+01:00,"MAR1GSOPEN;AUDCAD;D1;08-11 19:33;3;08-11 19:33,08-11 19:36,08-11 19:45"
2026-08-11T19:57:00.000+01:00,MAR1GSOPEN;AUDCAD;D2;08-11 19:45;0;
2026-08-11T20:00:00.000+01:00,"MAR1GSOPEN;AUDCAD;A1;08-11 17:36;6;08-11 17:36,08-11 17:54,08-11 19:12,08-11 19:33,08-11 19:36,08-11 19:45"
2026-08-11T20:00:00.000+01:00,"MAR1GSSESSIONCLOSE;AUDCAD;A1;08-11 17:36;08-11 20:00;6;08-11 17:36,08-11 17:54,08-11 19:12,08-11 19:33,08-11 19:36,08-11 19:45"
2026-08-11T20:00:00.000+01:00,"MAR1GSOPEN;AUDCAD;A2;08-11 17:36;7;08-11 17:36,08-11 17:39,08-11 17:54,08-11 19:12,08-11 19:33,08-11 19:36,08-11 19:45"
2026-08-11T20:00:00.000+01:00,"MAR1GSSESSIONCLOSE;AUDCAD;A2;08-11 17:36;08-11 20:00;7;08-11 17:36,08-11 17:39,08-11 17:54,08-11 19:12,08-11 19:33,08-11 19:36,08-11 19:45"
2026-08-11T20:00:00.000+01:00,"MAR1GSOPEN;AUDCAD;B1;08-11 17:39;6;08-11 17:39,08-11 17:54,08-11 19:12,08-11 19:33,08-11 19:36,08-11 19:45"
2026-08-11T20:00:00.000+01:00,"MAR1GSSESSIONCLOSE;AUDCAD;B1;08-11 17:39;08-11 20:00;6;08-11 17:39,08-11 17:54,08-11 19:12,08-11 19:33,08-11 19:36,08-11 19:45"
2026-08-11T20:00:00.000+01:00,"MAR1GSOPEN;AUDCAD;B2;08-11 17:54;5;08-11 17:54,08-11 19:12,08-11 19:33,08-11 19:36,08-11 19:45"
2026-08-11T20:00:00.000+01:00,"MAR1GSSESSIONCLOSE;AUDCAD;B2;08-11 17:54;08-11 20:00;5;08-11 17:54,08-11 19:12,08-11 19:33,08-11 19:36,08-11 19:45"
2026-08-11T20:00:00.000+01:00,MAR1GSOPEN;AUDCAD;C1;08-11 19:45;1;08-11 19:45
2026-08-11T20:00:00.000+01:00,MAR1GSSESSIONCLOSE;AUDCAD;C1;08-11 19:45;08-11 20:00;1;08-11 19:45
2026-08-11T20:00:00.000+01:00,MAR1GSOPEN;AUDCAD;C2;08-11 19:45;1;08-11 19:45
2026-08-11T20:00:00.000+01:00,MAR1GSSESSIONCLOSE;AUDCAD;C2;08-11 19:45;08-11 20:00;1;08-11 19:45
2026-08-11T20:00:00.000+01:00,"MAR1GSOPEN;AUDCAD;D1;08-11 19:33;3;08-11 19:33,08-11 19:36,08-11 19:45"
2026-08-11T20:00:00.000+01:00,"MAR1GSSESSIONCLOSE;AUDCAD;D1;08-11 19:33;08-11 20:00;3;08-11 19:33,08-11 19:36,08-11 19:45"
2026-08-11T20:00:00.000+01:00,MAR1GSOPEN;AUDCAD;D2;08-11 19:45;0;
2026-08-11T20:00:00.000+01:00,MAR1GSSESSIONCLOSE;AUDCAD;D2;08-11 19:45;08-11 20:00;0;
2026-08-11T20:03:00.000+01:00,"MAR1GSOPEN;AUDCAD;A1;08-11 17:36;6;08-11 17:36,08-11 17:54,08-11 19:12,08-11 19:33,08-11 19:36,08-11 19:45"
2026-08-11T20:03:00.000+01:00,"MAR1GSOPEN;AUDCAD;A2;08-11 17:36;7;08-11 17:36,08-11 17:39,08-11 17:54,08-11 19:12,08-11 19:33,08-11 19:36,08-11 19:45"
2026-08-11T20:03:00.000+01:00,"MAR1GSOPEN;AUDCAD;B1;08-11 17:39;6;08-11 17:39,08-11 17:54,08-11 19:12,08-11 19:33,08-11 19:36,08-11 19:45"
2026-08-11T20:03:00.000+01:00,"MAR1GSOPEN;AUDCAD;B2;08-11 17:54;5;08-11 17:54,08-11 19:12,08-11 19:33,08-11 19:36,08-11 19:45"
2026-08-11T20:03:00.000+01:00,MAR1GSOPEN;AUDCAD;C1;08-11 19:45;1;08-11 19:45
2026-08-11T20:03:00.000+01:00,MAR1GSOPEN;AUDCAD;C2;08-11 19:45;1;08-11 19:45
2026-08-11T20:03:00.000+01:00,"MAR1GSOPEN;AUDCAD;D1;08-11 19:33;3;08-11 19:33,08-11 19:36,08-11 19:45"
2026-08-11T20:03:00.000+01:00,MAR1GSOPEN;AUDCAD;D2;08-11 19:45;0;
2026-08-11T20:06:00.000+01:00,"MAR1GSOPEN;AUDCAD;A1;08-11 17:36;6;08-11 17:36,08-11 17:54,08-11 19:12,08-11 19:33,08-11 19:36,08-11 19:45"
2026-08-11T20:06:00.000+01:00,"MAR1GSOPEN;AUDCAD;A2;08-11 17:36;7;08-11 17:36,08-11 17:39,08-11 17:54,08-11 19:12,08-11 19:33,08-11 19:36,08-11 19:45"
2026-08-11T20:06:00.000+01:00,"MAR1GSOPEN;AUDCAD;B1;08-11 17:39;6;08-11 17:39,08-11 17:54,08-11 19:12,08-11 19:33,08-11 19:36,08-11 19:45"
2026-08-11T20:06:00.000+01:00,"MAR1GSOPEN;AUDCAD;B2;08-11 17:54;5;08-11 17:54,08-11 19:12,08-11 19:33,08-11 19:36,08-11 19:45"
2026-08-11T20:06:00.000+01:00,MAR1GSOPEN;AUDCAD;C1;08-11 19:45;1;08-11 19:45
2026-08-11T20:06:00.000+01:00,MAR1GSOPEN;AUDCAD;C2;08-11 19:45;1;08-11 19:45
2026-08-11T20:06:00.000+01:00,"MAR1GSOPEN;AUDCAD;D1;08-11 19:33;3;08-11 19:33,08-11 19:36,08-11 19:45"
2026-08-11T20:06:00.000+01:00,MAR1GSOPEN;AUDCAD;D2;08-11 19:45;0;
2026-08-11T20:09:00.000+01:00,"MAR1GSOPEN;AUDCAD;A1;08-11 17:36;6;08-11 17:36,08-11 17:54,08-11 19:12,08-11 19:33,08-11 19:36,08-11 19:45"
2026-08-11T20:09:00.000+01:00,"MAR1GSOPEN;AUDCAD;A2;08-11 17:36;7;08-11 17:36,08-11 17:39,08-11 17:54,08-11 19:12,08-11 19:33,08-11 19:36,08-11 19:45"
2026-08-11T20:09:00.000+01:00,"MAR1GSOPEN;AUDCAD;B1;08-11 17:39;6;08-11 17:39,08-11 17:54,08-11 19:12,08-11 19:33,08-11 19:36,08-11 19:45"
2026-08-11T20:09:00.000+01:00,"MAR1GSOPEN;AUDCAD;B2;08-11 17:54;5;08-11 17:54,08-11 19:12,08-11 19:33,08-11 19:36,08-11 19:45"
2026-08-11T20:09:00.000+01:00,MAR1GSOPEN;AUDCAD;C1;08-11 19:45;1;08-11 19:45
2026-08-11T20:09:00.000+01:00,MAR1GSOPEN;AUDCAD;C2;08-11 19:45;1;08-11 19:45
2026-08-11T20:09:00.000+01:00,"MAR1GSOPEN;AUDCAD;D1;08-11 19:33;3;08-11 19:33,08-11 19:36,08-11 19:45"
2026-08-11T20:09:00.000+01:00,MAR1GSOPEN;AUDCAD;D2;08-11 19:45;0;
2026-08-11T20:12:00.000+01:00,"MAR1GSOPEN;AUDCAD;A1;08-11 17:36;6;08-11 17:36,08-11 17:54,08-11 19:12,08-11 19:33,08-11 19:36,08-11 19:45"
2026-08-11T20:12:00.000+01:00,"MAR1GSOPEN;AUDCAD;A2;08-11 17:36;7;08-11 17:36,08-11 17:39,08-11 17:54,08-11 19:12,08-11 19:33,08-11 19:36,08-11 19:45"
2026-08-11T20:12:00.000+01:00,"MAR1GSOPEN;AUDCAD;B1;08-11 17:39;6;08-11 17:39,08-11 17:54,08-11 19:12,08-11 19:33,08-11 19:36,08-11 19:45"
2026-08-11T20:12:00.000+01:00,"MAR1GSOPEN;AUDCAD;B2;08-11 17:54;5;08-11 17:54,08-11 19:12,08-11 19:33,08-11 19:36,08-11 19:45"
2026-08-11T20:12:00.000+01:00,MAR1GSOPEN;AUDCAD;C1;08-11 19:45;1;08-11 19:45
2026-08-11T20:12:00.000+01:00,MAR1GSOPEN;AUDCAD;C2;08-11 19:45;1;08-11 19:45
2026-08-11T20:12:00.000+01:00,"MAR1GSOPEN;AUDCAD;D1;08-11 19:33;3;08-11 19:33,08-11 19:36,08-11 19:45"
2026-08-11T20:12:00.000+01:00,MAR1GSOPEN;AUDCAD;D2;08-11 19:45;0;
2026-08-11T20:15:00.000+01:00,"MAR1GSOPEN;AUDCAD;A1;08-11 17:36;6;08-11 17:36,08-11 17:54,08-11 19:12,08-11 19:33,08-11 19:36,08-11 19:45"
2026-08-11T20:15:00.000+01:00,"MAR1GSOPEN;AUDCAD;A2;08-11 17:36;7;08-11 17:36,08-11 17:39,08-11 17:54,08-11 19:12,08-11 19:33,08-11 19:36,08-11 19:45"
2026-08-11T20:15:00.000+01:00,"MAR1GSOPEN;AUDCAD;B1;08-11 17:39;6;08-11 17:39,08-11 17:54,08-11 19:12,08-11 19:33,08-11 19:36,08-11 19:45"
2026-08-11T20:15:00.000+01:00,"MAR1GSOPEN;AUDCAD;B2;08-11 17:54;5;08-11 17:54,08-11 19:12,08-11 19:33,08-11 19:36,08-11 19:45"
2026-08-11T20:15:00.000+01:00,MAR1GSOPEN;AUDCAD;C1;08-11 19:45;1;08-11 19:45
2026-08-11T20:15:00.000+01:00,MAR1GSOPEN;AUDCAD;C2;08-11 19:45;1;08-11 19:45
2026-08-11T20:15:00.000+01:00,"MAR1GSOPEN;AUDCAD;D1;08-11 19:33;3;08-11 19:33,08-11 19:36,08-11 19:45"
2026-08-11T20:15:00.000+01:00,MAR1GSOPEN;AUDCAD;D2;08-11 19:45;0;
2026-08-11T20:18:00.000+01:00,"MAR1GSOPEN;AUDCAD;A1;08-11 17:36;6;08-11 17:36,08-11 17:54,08-11 19:12,08-11 19:33,08-11 19:36,08-11 19:45"
2026-08-11T20:18:00.000+01:00,"MAR1GSOPEN;AUDCAD;A2;08-11 17:36;7;08-11 17:36,08-11 17:39,08-11 17:54,08-11 19:12,08-11 19:33,08-11 19:36,08-11 19:45"
2026-08-11T20:18:00.000+01:00,"MAR1GSOPEN;AUDCAD;B1;08-11 17:39;6;08-11 17:39,08-11 17:54,08-11 19:12,08-11 19:33,08-11 19:36,08-11 19:45"
2026-08-11T20:18:00.000+01:00,"MAR1GSOPEN;AUDCAD;B2;08-11 17:54;5;08-11 17:54,08-11 19:12,08-11 19:33,08-11 19:36,08-11 19:45"
2026-08-11T20:18:00.000+01:00,MAR1GSOPEN;AUDCAD;C1;08-11 19:45;1;08-11 19:45
2026-08-11T20:18:00.000+01:00,MAR1GSOPEN;AUDCAD;C2;08-11 19:45;1;08-11 19:45
2026-08-11T20:18:00.000+01:00,"MAR1GSOPEN;AUDCAD;D1;08-11 19:33;3;08-11 19:33,08-11 19:36,08-11 19:45"
2026-08-11T20:18:00.000+01:00,MAR1GSOPEN;AUDCAD;D2;08-11 19:45;0;
2026-08-11T20:21:00.000+01:00,"MAR1GSOPEN;AUDCAD;A1;08-11 17:36;6;08-11 17:36,08-11 17:54,08-11 19:12,08-11 19:33,08-11 19:36,08-11 19:45"
2026-08-11T20:21:00.000+01:00,"MAR1GSOPEN;AUDCAD;A2;08-11 17:36;7;08-11 17:36,08-11 17:39,08-11 17:54,08-11 19:12,08-11 19:33,08-11 19:36,08-11 19:45"
2026-08-11T20:21:00.000+01:00,"MAR1GSOPEN;AUDCAD;B1;08-11 17:39;6;08-11 17:39,08-11 17:54,08-11 19:12,08-11 19:33,08-11 19:36,08-11 19:45"
2026-08-11T20:21:00.000+01:00,"MAR1GSOPEN;AUDCAD;B2;08-11 17:54;5;08-11 17:54,08-11 19:12,08-11 19:33,08-11 19:36,08-11 19:45"
2026-08-11T20:21:00.000+01:00,MAR1GSOPEN;AUDCAD;C1;08-11 19:45;1;08-11 19:45
2026-08-11T20:21:00.000+01:00,MAR1GSOPEN;AUDCAD;C2;08-11 19:45;1;08-11 19:45
2026-08-11T20:21:00.000+01:00,"MAR1GSOPEN;AUDCAD;D1;08-11 19:33;3;08-11 19:33,08-11 19:36,08-11 19:45"
2026-08-11T20:21:00.000+01:00,MAR1GSOPEN;AUDCAD;D2;08-11 19:45;0;
2026-08-11T20:24:00.000+01:00,"MAR1GSOPEN;AUDCAD;A1;08-11 17:36;6;08-11 17:36,08-11 17:54,08-11 19:12,08-11 19:33,08-11 19:36,08-11 19:45"
2026-08-11T20:24:00.000+01:00,"MAR1GSOPEN;AUDCAD;A2;08-11 17:36;7;08-11 17:36,08-11 17:39,08-11 17:54,08-11 19:12,08-11 19:33,08-11 19:36,08-11 19:45"
2026-08-11T20:24:00.000+01:00,"MAR1GSOPEN;AUDCAD;B1;08-11 17:39;6;08-11 17:39,08-11 17:54,08-11 19:12,08-11 19:33,08-11 19:36,08-11 19:45"
2026-08-11T20:24:00.000+01:00,"MAR1GSOPEN;AUDCAD;B2;08-11 17:54;5;08-11 17:54,08-11 19:12,08-11 19:33,08-11 19:36,08-11 19:45"
2026-08-11T20:24:00.000+01:00,MAR1GSOPEN;AUDCAD;C1;08-11 19:45;1;08-11 19:45
2026-08-11T20:24:00.000+01:00,MAR1GSOPEN;AUDCAD;C2;08-11 19:45;1;08-11 19:45
2026-08-11T20:24:00.000+01:00,"MAR1GSOPEN;AUDCAD;D1;08-11 19:33;3;08-11 19:33,08-11 19:36,08-11 19:45"
2026-08-11T20:24:00.000+01:00,MAR1GSOPEN;AUDCAD;D2;08-11 19:45;0;
2026-08-11T20:27:00.000+01:00,"MAR1GSOPEN;AUDCAD;A1;08-11 17:36;6;08-11 17:36,08-11 17:54,08-11 19:12,08-11 19:33,08-11 19:36,08-11 19:45"
2026-08-11T20:27:00.000+01:00,"MAR1GSOPEN;AUDCAD;A2;08-11 17:36;7;08-11 17:36,08-11 17:39,08-11 17:54,08-11 19:12,08-11 19:33,08-11 19:36,08-11 19:45"
2026-08-11T20:27:00.000+01:00,"MAR1GSOPEN;AUDCAD;B1;08-11 17:39;6;08-11 17:39,08-11 17:54,08-11 19:12,08-11 19:33,08-11 19:36,08-11 19:45"
2026-08-11T20:27:00.000+01:00,"MAR1GSOPEN;AUDCAD;B2;08-11 17:54;5;08-11 17:54,08-11 19:12,08-11 19:33,08-11 19:36,08-11 19:45"
2026-08-11T20:27:00.000+01:00,MAR1GSOPEN;AUDCAD;C1;08-11 19:45;1;08-11 19:45
2026-08-11T20:27:00.000+01:00,MAR1GSOPEN;AUDCAD;C2;08-11 19:45;1;08-11 19:45
2026-08-11T20:27:00.000+01:00,"MAR1GSOPEN;AUDCAD;D1;08-11 19:33;3;08-11 19:33,08-11 19:36,08-11 19:45"
2026-08-11T20:27:00.000+01:00,MAR1GSOPEN;AUDCAD;D2;08-11 19:45;0;
2026-08-11T20:30:00.000+01:00,"MAR1GSOPEN;AUDCAD;A1;08-11 17:36;6;08-11 17:36,08-11 17:54,08-11 19:12,08-11 19:33,08-11 19:36,08-11 19:45"
2026-08-11T20:30:00.000+01:00,"MAR1GSOPEN;AUDCAD;A2;08-11 17:36;7;08-11 17:36,08-11 17:39,08-11 17:54,08-11 19:12,08-11 19:33,08-11 19:36,08-11 19:45"
2026-08-11T20:30:00.000+01:00,"MAR1GSOPEN;AUDCAD;B1;08-11 17:39;6;08-11 17:39,08-11 17:54,08-11 19:12,08-11 19:33,08-11 19:36,08-11 19:45"
2026-08-11T20:30:00.000+01:00,"MAR1GSOPEN;AUDCAD;B2;08-11 17:54;5;08-11 17:54,08-11 19:12,08-11 19:33,08-11 19:36,08-11 19:45"
2026-08-11T20:30:00.000+01:00,MAR1GSOPEN;AUDCAD;C1;08-11 19:45;1;08-11 19:45
2026-08-11T20:30:00.000+01:00,MAR1GSOPEN;AUDCAD;C2;08-11 19:45;1;08-11 19:45
2026-08-11T20:30:00.000+01:00,"MAR1GSOPEN;AUDCAD;D1;08-11 19:33;3;08-11 19:33,08-11 19:36,08-11 19:45"
2026-08-11T20:30:00.000+01:00,MAR1GSOPEN;AUDCAD;D2;08-11 19:45;0;
2026-08-11T20:33:00.000+01:00,"MAR1GSOPEN;AUDCAD;A1;08-11 17:36;6;08-11 17:36,08-11 17:54,08-11 19:12,08-11 19:33,08-11 19:36,08-11 19:45"
2026-08-11T20:33:00.000+01:00,"MAR1GSOPEN;AUDCAD;A2;08-11 17:36;7;08-11 17:36,08-11 17:39,08-11 17:54,08-11 19:12,08-11 19:33,08-11 19:36,08-11 19:45"
2026-08-11T20:33:00.000+01:00,"MAR1GSOPEN;AUDCAD;B1;08-11 17:39;6;08-11 17:39,08-11 17:54,08-11 19:12,08-11 19:33,08-11 19:36,08-11 19:45"
2026-08-11T20:33:00.000+01:00,"MAR1GSOPEN;AUDCAD;B2;08-11 17:54;5;08-11 17:54,08-11 19:12,08-11 19:33,08-11 19:36,08-11 19:45"
2026-08-11T20:33:00.000+01:00,MAR1GSOPEN;AUDCAD;C1;08-11 19:45;1;08-11 19:45
2026-08-11T20:33:00.000+01:00,MAR1GSOPEN;AUDCAD;C2;08-11 19:45;1;08-11 19:45
2026-08-11T20:33:00.000+01:00,"MAR1GSOPEN;AUDCAD;D1;08-11 19:33;3;08-11 19:33,08-11 19:36,08-11 19:45"
2026-08-11T20:33:00.000+01:00,MAR1GSOPEN;AUDCAD;D2;08-11 19:45;0;
2026-08-11T20:36:00.000+01:00,"MAR1GSOPEN;AUDCAD;A1;08-11 17:36;6;08-11 17:36,08-11 17:54,08-11 19:12,08-11 19:33,08-11 19:36,08-11 19:45"
2026-08-11T20:36:00.000+01:00,"MAR1GSOPEN;AUDCAD;A2;08-11 17:36;7;08-11 17:36,08-11 17:39,08-11 17:54,08-11 19:12,08-11 19:33,08-11 19:36,08-11 19:45"
2026-08-11T20:36:00.000+01:00,"MAR1GSOPEN;AUDCAD;B1;08-11 17:39;6;08-11 17:39,08-11 17:54,08-11 19:12,08-11 19:33,08-11 19:36,08-11 19:45"
2026-08-11T20:36:00.000+01:00,"MAR1GSOPEN;AUDCAD;B2;08-11 17:54;5;08-11 17:54,08-11 19:12,08-11 19:33,08-11 19:36,08-11 19:45"
2026-08-11T20:36:00.000+01:00,MAR1GSOPEN;AUDCAD;C1;08-11 19:45;1;08-11 19:45
2026-08-11T20:36:00.000+01:00,MAR1GSOPEN;AUDCAD;C2;08-11 19:45;1;08-11 19:45
2026-08-11T20:36:00.000+01:00,"MAR1GSOPEN;AUDCAD;D1;08-11 19:33;3;08-11 19:33,08-11 19:36,08-11 19:45"
2026-08-11T20:36:00.000+01:00,MAR1GSOPEN;AUDCAD;D2;08-11 19:45;0;
2026-08-11T20:39:00.000+01:00,"MAR1GSOPEN;AUDCAD;A1;08-11 17:36;6;08-11 17:36,08-11 17:54,08-11 19:12,08-11 19:33,08-11 19:36,08-11 19:45"
2026-08-11T20:39:00.000+01:00,"MAR1GSOPEN;AUDCAD;A2;08-11 17:36;7;08-11 17:36,08-11 17:39,08-11 17:54,08-11 19:12,08-11 19:33,08-11 19:36,08-11 19:45"
2026-08-11T20:39:00.000+01:00,"MAR1GSOPEN;AUDCAD;B1;08-11 17:39;6;08-11 17:39,08-11 17:54,08-11 19:12,08-11 19:33,08-11 19:36,08-11 19:45"
2026-08-11T20:39:00.000+01:00,"MAR1GSOPEN;AUDCAD;B2;08-11 17:54;5;08-11 17:54,08-11 19:12,08-11 19:33,08-11 19:36,08-11 19:45"
2026-08-11T20:39:00.000+01:00,MAR1GSOPEN;AUDCAD;C1;08-11 19:45;1;08-11 19:45
2026-08-11T20:39:00.000+01:00,MAR1GSOPEN;AUDCAD;C2;08-11 19:45;1;08-11 19:45
2026-08-11T20:39:00.000+01:00,"MAR1GSOPEN;AUDCAD;D1;08-11 19:33;3;08-11 19:33,08-11 19:36,08-11 19:45"
2026-08-11T20:39:00.000+01:00,MAR1GSOPEN;AUDCAD;D2;08-11 19:45;0;
2026-08-11T20:42:00.000+01:00,"MAR1GSOPEN;AUDCAD;A1;08-11 17:36;6;08-11 17:36,08-11 17:54,08-11 19:12,08-11 19:33,08-11 19:36,08-11 19:45"
2026-08-11T20:42:00.000+01:00,"MAR1GSOPEN;AUDCAD;A2;08-11 17:36;7;08-11 17:36,08-11 17:39,08-11 17:54,08-11 19:12,08-11 19:33,08-11 19:36,08-11 19:45"
2026-08-11T20:42:00.000+01:00,"MAR1GSOPEN;AUDCAD;B1;08-11 17:39;6;08-11 17:39,08-11 17:54,08-11 19:12,08-11 19:33,08-11 19:36,08-11 19:45"
2026-08-11T20:42:00.000+01:00,"MAR1GSOPEN;AUDCAD;B2;08-11 17:54;5;08-11 17:54,08-11 19:12,08-11 19:33,08-11 19:36,08-11 19:45"
2026-08-11T20:42:00.000+01:00,MAR1GSOPEN;AUDCAD;C1;08-11 19:45;1;08-11 19:45
2026-08-11T20:42:00.000+01:00,MAR1GSOPEN;AUDCAD;C2;08-11 19:45;1;08-11 19:45
2026-08-11T20:42:00.000+01:00,"MAR1GSOPEN;AUDCAD;D1;08-11 19:33;3;08-11 19:33,08-11 19:36,08-11 19:45"
2026-08-11T20:42:00.000+01:00,MAR1GSOPEN;AUDCAD;D2;08-11 19:45;0;
2026-08-11T20:45:00.000+01:00,"MAR1GSOPEN;AUDCAD;A1;08-11 17:36;6;08-11 17:36,08-11 17:54,08-11 19:12,08-11 19:33,08-11 19:36,08-11 19:45"
2026-08-11T20:45:00.000+01:00,"MAR1GSOPEN;AUDCAD;A2;08-11 17:36;7;08-11 17:36,08-11 17:39,08-11 17:54,08-11 19:12,08-11 19:33,08-11 19:36,08-11 19:45"
2026-08-11T20:45:00.000+01:00,"MAR1GSOPEN;AUDCAD;B1;08-11 17:39;6;08-11 17:39,08-11 17:54,08-11 19:12,08-11 19:33,08-11 19:36,08-11 19:45"
2026-08-11T20:45:00.000+01:00,"MAR1GSOPEN;AUDCAD;B2;08-11 17:54;5;08-11 17:54,08-11 19:12,08-11 19:33,08-11 19:36,08-11 19:45"
2026-08-11T20:45:00.000+01:00,MAR1GSOPEN;AUDCAD;C1;08-11 19:45;1;08-11 19:45
2026-08-11T20:45:00.000+01:00,MAR1GSOPEN;AUDCAD;C2;08-11 19:45;1;08-11 19:45
2026-08-11T20:45:00.000+01:00,"MAR1GSOPEN;AUDCAD;D1;08-11 19:33;3;08-11 19:33,08-11 19:36,08-11 19:45"
2026-08-11T20:45:00.000+01:00,MAR1GSOPEN;AUDCAD;D2;08-11 19:45;0;
2026-08-11T20:48:00.000+01:00,"MAR1GSOPEN;AUDCAD;A1;08-11 17:36;6;08-11 17:36,08-11 17:54,08-11 19:12,08-11 19:33,08-11 19:36,08-11 19:45"
2026-08-11T20:48:00.000+01:00,"MAR1GSOPEN;AUDCAD;A2;08-11 17:36;7;08-11 17:36,08-11 17:39,08-11 17:54,08-11 19:12,08-11 19:33,08-11 19:36,08-11 19:45"
2026-08-11T20:48:00.000+01:00,"MAR1GSOPEN;AUDCAD;B1;08-11 17:39;6;08-11 17:39,08-11 17:54,08-11 19:12,08-11 19:33,08-11 19:36,08-11 19:45"
2026-08-11T20:48:00.000+01:00,"MAR1GSOPEN;AUDCAD;B2;08-11 17:54;5;08-11 17:54,08-11 19:12,08-11 19:33,08-11 19:36,08-11 19:45"
2026-08-11T20:48:00.000+01:00,MAR1GSOPEN;AUDCAD;C1;08-11 19:45;1;08-11 19:45
2026-08-11T20:48:00.000+01:00,MAR1GSOPEN;AUDCAD;C2;08-11 19:45;1;08-11 19:45
2026-08-11T20:48:00.000+01:00,"MAR1GSOPEN;AUDCAD;D1;08-11 19:33;3;08-11 19:33,08-11 19:36,08-11 19:45"
2026-08-11T20:48:00.000+01:00,MAR1GSOPEN;AUDCAD;D2;08-11 19:45;0;
2026-08-11T20:51:00.000+01:00,"MAR1GSOPEN;AUDCAD;A1;08-11 17:36;6;08-11 17:36,08-11 17:54,08-11 19:12,08-11 19:33,08-11 19:36,08-11 19:45"
2026-08-11T20:51:00.000+01:00,"MAR1GSOPEN;AUDCAD;A2;08-11 17:36;7;08-11 17:36,08-11 17:39,08-11 17:54,08-11 19:12,08-11 19:33,08-11 19:36,08-11 19:45"
2026-08-11T20:51:00.000+01:00,"MAR1GSOPEN;AUDCAD;B1;08-11 17:39;6;08-11 17:39,08-11 17:54,08-11 19:12,08-11 19:33,08-11 19:36,08-11 19:45"
2026-08-11T20:51:00.000+01:00,"MAR1GSOPEN;AUDCAD;B2;08-11 17:54;5;08-11 17:54,08-11 19:12,08-11 19:33,08-11 19:36,08-11 19:45"
2026-08-11T20:51:00.000+01:00,MAR1GSOPEN;AUDCAD;C1;08-11 19:45;1;08-11 19:45
2026-08-11T20:51:00.000+01:00,MAR1GSOPEN;AUDCAD;C2;08-11 19:45;1;08-11 19:45
2026-08-11T20:51:00.000+01:00,"MAR1GSOPEN;AUDCAD;D1;08-11 19:33;3;08-11 19:33,08-11 19:36,08-11 19:45"
2026-08-11T20:51:00.000+01:00,MAR1GSOPEN;AUDCAD;D2;08-11 19:45;0;
2026-08-11T20:54:00.000+01:00,"MAR1GSOPEN;AUDCAD;A1;08-11 17:36;6;08-11 17:36,08-11 17:54,08-11 19:12,08-11 19:33,08-11 19:36,08-11 19:45"
2026-08-11T20:54:00.000+01:00,"MAR1GSOPEN;AUDCAD;A2;08-11 17:36;7;08-11 17:36,08-11 17:39,08-11 17:54,08-11 19:12,08-11 19:33,08-11 19:36,08-11 19:45"
2026-08-11T20:54:00.000+01:00,"MAR1GSOPEN;AUDCAD;B1;08-11 17:39;6;08-11 17:39,08-11 17:54,08-11 19:12,08-11 19:33,08-11 19:36,08-11 19:45"
2026-08-11T20:54:00.000+01:00,"MAR1GSOPEN;AUDCAD;B2;08-11 17:54;5;08-11 17:54,08-11 19:12,08-11 19:33,08-11 19:36,08-11 19:45"
2026-08-11T20:54:00.000+01:00,MAR1GSOPEN;AUDCAD;C1;08-11 19:45;1;08-11 19:45
2026-08-11T20:54:00.000+01:00,MAR1GSOPEN;AUDCAD;C2;08-11 19:45;1;08-11 19:45
2026-08-11T20:54:00.000+01:00,"MAR1GSOPEN;AUDCAD;D1;08-11 19:33;3;08-11 19:33,08-11 19:36,08-11 19:45"
2026-08-11T20:54:00.000+01:00,MAR1GSOPEN;AUDCAD;D2;08-11 19:45;0;
2026-08-11T20:57:00.000+01:00,"MAR1GSOPEN;AUDCAD;A1;08-11 17:36;6;08-11 17:36,08-11 17:54,08-11 19:12,08-11 19:33,08-11 19:36,08-11 19:45"
2026-08-11T20:57:00.000+01:00,"MAR1GSOPEN;AUDCAD;A2;08-11 17:36;7;08-11 17:36,08-11 17:39,08-11 17:54,08-11 19:12,08-11 19:33,08-11 19:36,08-11 19:45"
2026-08-11T20:57:00.000+01:00,"MAR1GSOPEN;AUDCAD;B1;08-11 17:39;6;08-11 17:39,08-11 17:54,08-11 19:12,08-11 19:33,08-11 19:36,08-11 19:45"
2026-08-11T20:57:00.000+01:00,"MAR1GSOPEN;AUDCAD;B2;08-11 17:54;5;08-11 17:54,08-11 19:12,08-11 19:33,08-11 19:36,08-11 19:45"
2026-08-11T20:57:00.000+01:00,MAR1GSOPEN;AUDCAD;C1;08-11 19:45;1;08-11 19:45
2026-08-11T20:57:00.000+01:00,MAR1GSOPEN;AUDCAD;C2;08-11 19:45;1;08-11 19:45
2026-08-11T20:57:00.000+01:00,"MAR1GSOPEN;AUDCAD;D1;08-11 19:33;3;08-11 19:33,08-11 19:36,08-11 19:45"
2026-08-11T20:57:00.000+01:00,MAR1GSOPEN;AUDCAD;D2;08-11 19:45;0;
2026-08-11T21:00:00.000+01:00,"MAR1GSOPEN;AUDCAD;A1;08-11 17:36;6;08-11 17:36,08-11 17:54,08-11 19:12,08-11 19:33,08-11 19:36,08-11 19:45"
2026-08-11T21:00:00.000+01:00,"MAR1GSOPEN;AUDCAD;A2;08-11 17:36;7;08-11 17:36,08-11 17:39,08-11 17:54,08-11 19:12,08-11 19:33,08-11 19:36,08-11 19:45"
2026-08-11T21:00:00.000+01:00,"MAR1GSOPEN;AUDCAD;B1;08-11 17:39;6;08-11 17:39,08-11 17:54,08-11 19:12,08-11 19:33,08-11 19:36,08-11 19:45"
2026-08-11T21:00:00.000+01:00,"MAR1GSOPEN;AUDCAD;B2;08-11 17:54;5;08-11 17:54,08-11 19:12,08-11 19:33,08-11 19:36,08-11 19:45"
2026-08-11T21:00:00.000+01:00,MAR1GSOPEN;AUDCAD;C1;08-11 19:45;1;08-11 19:45
2026-08-11T21:00:00.000+01:00,MAR1GSOPEN;AUDCAD;C2;08-11 19:45;1;08-11 19:45
2026-08-11T21:00:00.000+01:00,"MAR1GSOPEN;AUDCAD;D1;08-11 19:33;3;08-11 19:33,08-11 19:36,08-11 19:45"
2026-08-11T21:00:00.000+01:00,MAR1GSOPEN;AUDCAD;D2;08-11 19:45;0;
2026-08-11T21:03:00.000+01:00,"MAR1GSOPEN;AUDCAD;A1;08-11 17:36;6;08-11 17:36,08-11 17:54,08-11 19:12,08-11 19:33,08-11 19:36,08-11 19:45"
2026-08-11T21:03:00.000+01:00,"MAR1GSOPEN;AUDCAD;A2;08-11 17:36;7;08-11 17:36,08-11 17:39,08-11 17:54,08-11 19:12,08-11 19:33,08-11 19:36,08-11 19:45"
2026-08-11T21:03:00.000+01:00,"MAR1GSOPEN;AUDCAD;B1;08-11 17:39;6;08-11 17:39,08-11 17:54,08-11 19:12,08-11 19:33,08-11 19:36,08-11 19:45"
2026-08-11T21:03:00.000+01:00,"MAR1GSOPEN;AUDCAD;B2;08-11 17:54;5;08-11 17:54,08-11 19:12,08-11 19:33,08-11 19:36,08-11 19:45"
2026-08-11T21:03:00.000+01:00,MAR1GSOPEN;AUDCAD;C1;08-11 19:45;1;08-11 19:45
2026-08-11T21:03:00.000+01:00,MAR1GSOPEN;AUDCAD;C2;08-11 19:45;1;08-11 19:45
2026-08-11T21:03:00.000+01:00,"MAR1GSOPEN;AUDCAD;D1;08-11 19:33;3;08-11 19:33,08-11 19:36,08-11 19:45"
2026-08-11T21:03:00.000+01:00,MAR1GSOPEN;AUDCAD;D2;08-11 19:45;0;
2026-08-11T21:06:00.000+01:00,"MAR1GSOPEN;AUDCAD;A1;08-11 17:36;6;08-11 17:36,08-11 17:54,08-11 19:12,08-11 19:33,08-11 19:36,08-11 19:45"
2026-08-11T21:06:00.000+01:00,"MAR1GSOPEN;AUDCAD;A2;08-11 17:36;7;08-11 17:36,08-11 17:39,08-11 17:54,08-11 19:12,08-11 19:33,08-11 19:36,08-11 19:45"
2026-08-11T21:06:00.000+01:00,"MAR1GSOPEN;AUDCAD;B1;08-11 17:39;6;08-11 17:39,08-11 17:54,08-11 19:12,08-11 19:33,08-11 19:36,08-11 19:45"
2026-08-11T21:06:00.000+01:00,"MAR1GSOPEN;AUDCAD;B2;08-11 17:54;5;08-11 17:54,08-11 19:12,08-11 19:33,08-11 19:36,08-11 19:45"
2026-08-11T21:06:00.000+01:00,MAR1GSOPEN;AUDCAD;C1;08-11 19:45;1;08-11 19:45
2026-08-11T21:06:00.000+01:00,MAR1GSOPEN;AUDCAD;C2;08-11 19:45;1;08-11 19:45
2026-08-11T21:06:00.000+01:00,"MAR1GSOPEN;AUDCAD;D1;08-11 19:33;3;08-11 19:33,08-11 19:36,08-11 19:45"
2026-08-11T21:06:00.000+01:00,MAR1GSOPEN;AUDCAD;D2;08-11 19:45;0;
2026-08-11T21:09:00.000+01:00,"MAR1GSOPEN;AUDCAD;A1;08-11 17:36;6;08-11 17:36,08-11 17:54,08-11 19:12,08-11 19:33,08-11 19:36,08-11 19:45"
2026-08-11T21:09:00.000+01:00,"MAR1GSOPEN;AUDCAD;A2;08-11 17:36;7;08-11 17:36,08-11 17:39,08-11 17:54,08-11 19:12,08-11 19:33,08-11 19:36,08-11 19:45"
2026-08-11T21:09:00.000+01:00,"MAR1GSOPEN;AUDCAD;B1;08-11 17:39;6;08-11 17:39,08-11 17:54,08-11 19:12,08-11 19:33,08-11 19:36,08-11 19:45"
2026-08-11T21:09:00.000+01:00,"MAR1GSOPEN;AUDCAD;B2;08-11 17:54;5;08-11 17:54,08-11 19:12,08-11 19:33,08-11 19:36,08-11 19:45"
2026-08-11T21:09:00.000+01:00,MAR1GSOPEN;AUDCAD;C1;08-11 19:45;1;08-11 19:45
2026-08-11T21:09:00.000+01:00,MAR1GSOPEN;AUDCAD;C2;08-11 19:45;1;08-11 19:45
2026-08-11T21:09:00.000+01:00,"MAR1GSOPEN;AUDCAD;D1;08-11 19:33;3;08-11 19:33,08-11 19:36,08-11 19:45"
2026-08-11T21:09:00.000+01:00,MAR1GSOPEN;AUDCAD;D2;08-11 19:45;0;
2026-08-11T21:12:00.000+01:00,"MAR1GSOPEN;AUDCAD;A1;08-11 17:36;6;08-11 17:36,08-11 17:54,08-11 19:12,08-11 19:33,08-11 19:36,08-11 19:45"
2026-08-11T21:12:00.000+01:00,"MAR1GSOPEN;AUDCAD;A2;08-11 17:36;7;08-11 17:36,08-11 17:39,08-11 17:54,08-11 19:12,08-11 19:33,08-11 19:36,08-11 19:45"
2026-08-11T21:12:00.000+01:00,"MAR1GSOPEN;AUDCAD;B1;08-11 17:39;6;08-11 17:39,08-11 17:54,08-11 19:12,08-11 19:33,08-11 19:36,08-11 19:45"
2026-08-11T21:12:00.000+01:00,"MAR1GSOPEN;AUDCAD;B2;08-11 17:54;5;08-11 17:54,08-11 19:12,08-11 19:33,08-11 19:36,08-11 19:45"
2026-08-11T21:12:00.000+01:00,MAR1GSOPEN;AUDCAD;C1;08-11 19:45;1;08-11 19:45
2026-08-11T21:12:00.000+01:00,MAR1GSOPEN;AUDCAD;C2;08-11 19:45;1;08-11 19:45
2026-08-11T21:12:00.000+01:00,"MAR1GSOPEN;AUDCAD;D1;08-11 19:33;3;08-11 19:33,08-11 19:36,08-11 19:45"
2026-08-11T21:12:00.000+01:00,MAR1GSOPEN;AUDCAD;D2;08-11 19:45;0;
2026-08-11T21:15:00.000+01:00,"MAR1GSOPEN;AUDCAD;A1;08-11 17:36;6;08-11 17:36,08-11 17:54,08-11 19:12,08-11 19:33,08-11 19:36,08-11 19:45"
2026-08-11T21:15:00.000+01:00,"MAR1GSOPEN;AUDCAD;A2;08-11 17:36;7;08-11 17:36,08-11 17:39,08-11 17:54,08-11 19:12,08-11 19:33,08-11 19:36,08-11 19:45"
2026-08-11T21:15:00.000+01:00,"MAR1GSOPEN;AUDCAD;B1;08-11 17:39;6;08-11 17:39,08-11 17:54,08-11 19:12,08-11 19:33,08-11 19:36,08-11 19:45"
2026-08-11T21:15:00.000+01:00,"MAR1GSOPEN;AUDCAD;B2;08-11 17:54;5;08-11 17:54,08-11 19:12,08-11 19:33,08-11 19:36,08-11 19:45"
2026-08-11T21:15:00.000+01:00,MAR1GSOPEN;AUDCAD;C1;08-11 19:45;1;08-11 19:45
2026-08-11T21:15:00.000+01:00,MAR1GSOPEN;AUDCAD;C2;08-11 19:45;1;08-11 19:45
2026-08-11T21:15:00.000+01:00,"MAR1GSOPEN;AUDCAD;D1;08-11 19:33;3;08-11 19:33,08-11 19:36,08-11 19:45"
2026-08-11T21:15:00.000+01:00,MAR1GSOPEN;AUDCAD;D2;08-11 19:45;0;
2026-08-11T21:18:00.000+01:00,"MAR1GSOPEN;AUDCAD;A1;08-11 17:36;6;08-11 17:36,08-11 17:54,08-11 19:12,08-11 19:33,08-11 19:36,08-11 19:45"
2026-08-11T21:18:00.000+01:00,"MAR1GSOPEN;AUDCAD;A2;08-11 17:36;7;08-11 17:36,08-11 17:39,08-11 17:54,08-11 19:12,08-11 19:33,08-11 19:36,08-11 19:45"
2026-08-11T21:18:00.000+01:00,"MAR1GSOPEN;AUDCAD;B1;08-11 17:39;6;08-11 17:39,08-11 17:54,08-11 19:12,08-11 19:33,08-11 19:36,08-11 19:45"
2026-08-11T21:18:00.000+01:00,"MAR1GSOPEN;AUDCAD;B2;08-11 17:54;5;08-11 17:54,08-11 19:12,08-11 19:33,08-11 19:36,08-11 19:45"
2026-08-11T21:18:00.000+01:00,MAR1GSOPEN;AUDCAD;C1;08-11 19:45;1;08-11 19:45
2026-08-11T21:18:00.000+01:00,MAR1GSOPEN;AUDCAD;C2;08-11 19:45;1;08-11 19:45
2026-08-11T21:18:00.000+01:00,"MAR1GSOPEN;AUDCAD;D1;08-11 19:33;3;08-11 19:33,08-11 19:36,08-11 19:45"
2026-08-11T21:18:00.000+01:00,MAR1GSOPEN;AUDCAD;D2;08-11 19:45;0;
2026-08-11T21:21:00.000+01:00,"MAR1GSOPEN;AUDCAD;A1;08-11 17:36;6;08-11 17:36,08-11 17:54,08-11 19:12,08-11 19:33,08-11 19:36,08-11 19:45"
2026-08-11T21:21:00.000+01:00,"MAR1GSOPEN;AUDCAD;A2;08-11 17:36;7;08-11 17:36,08-11 17:39,08-11 17:54,08-11 19:12,08-11 19:33,08-11 19:36,08-11 19:45"
2026-08-11T21:21:00.000+01:00,"MAR1GSOPEN;AUDCAD;B1;08-11 17:39;6;08-11 17:39,08-11 17:54,08-11 19:12,08-11 19:33,08-11 19:36,08-11 19:45"
2026-08-11T21:21:00.000+01:00,"MAR1GSOPEN;AUDCAD;B2;08-11 17:54;5;08-11 17:54,08-11 19:12,08-11 19:33,08-11 19:36,08-11 19:45"
2026-08-11T21:21:00.000+01:00,MAR1GSOPEN;AUDCAD;C1;08-11 19:45;1;08-11 19:45
2026-08-11T21:21:00.000+01:00,MAR1GSOPEN;AUDCAD;C2;08-11 19:45;1;08-11 19:45
2026-08-11T21:21:00.000+01:00,"MAR1GSOPEN;AUDCAD;D1;08-11 19:33;3;08-11 19:33,08-11 19:36,08-11 19:45"
2026-08-11T21:21:00.000+01:00,MAR1GSOPEN;AUDCAD;D2;08-11 19:45;0;
2026-08-11T21:24:00.000+01:00,"MAR1GSOPEN;AUDCAD;A1;08-11 17:36;6;08-11 17:36,08-11 17:54,08-11 19:12,08-11 19:33,08-11 19:36,08-11 19:45"
2026-08-11T21:24:00.000+01:00,"MAR1GSOPEN;AUDCAD;A2;08-11 17:36;7;08-11 17:36,08-11 17:39,08-11 17:54,08-11 19:12,08-11 19:33,08-11 19:36,08-11 19:45"
2026-08-11T21:24:00.000+01:00,"MAR1GSOPEN;AUDCAD;B1;08-11 17:39;6;08-11 17:39,08-11 17:54,08-11 19:12,08-11 19:33,08-11 19:36,08-11 19:45"
2026-08-11T21:24:00.000+01:00,"MAR1GSOPEN;AUDCAD;B2;08-11 17:54;5;08-11 17:54,08-11 19:12,08-11 19:33,08-11 19:36,08-11 19:45"
2026-08-11T21:24:00.000+01:00,MAR1GSOPEN;AUDCAD;C1;08-11 19:45;1;08-11 19:45
2026-08-11T21:24:00.000+01:00,MAR1GSOPEN;AUDCAD;C2;08-11 19:45;1;08-11 19:45
2026-08-11T21:24:00.000+01:00,"MAR1GSOPEN;AUDCAD;D1;08-11 19:33;3;08-11 19:33,08-11 19:36,08-11 19:45"
2026-08-11T21:24:00.000+01:00,MAR1GSOPEN;AUDCAD;D2;08-11 19:45;0;
2026-08-11T21:27:00.000+01:00,"MAR1GSOPEN;AUDCAD;A1;08-11 17:36;6;08-11 17:36,08-11 17:54,08-11 19:12,08-11 19:33,08-11 19:36,08-11 19:45"
2026-08-11T21:27:00.000+01:00,"MAR1GSOPEN;AUDCAD;A2;08-11 17:36;7;08-11 17:36,08-11 17:39,08-11 17:54,08-11 19:12,08-11 19:33,08-11 19:36,08-11 19:45"
2026-08-11T21:27:00.000+01:00,"MAR1GSOPEN;AUDCAD;B1;08-11 17:39;6;08-11 17:39,08-11 17:54,08-11 19:12,08-11 19:33,08-11 19:36,08-11 19:45"
2026-08-11T21:27:00.000+01:00,"MAR1GSOPEN;AUDCAD;B2;08-11 17:54;5;08-11 17:54,08-11 19:12,08-11 19:33,08-11 19:36,08-11 19:45"
2026-08-11T21:27:00.000+01:00,MAR1GSOPEN;AUDCAD;C1;08-11 19:45;1;08-11 19:45
2026-08-11T21:27:00.000+01:00,MAR1GSOPEN;AUDCAD;C2;08-11 19:45;1;08-11 19:45
2026-08-11T21:27:00.000+01:00,"MAR1GSOPEN;AUDCAD;D1;08-11 19:33;3;08-11 19:33,08-11 19:36,08-11 19:45"
2026-08-11T21:27:00.000+01:00,MAR1GSOPEN;AUDCAD;D2;08-11 19:45;0;
2026-08-11T21:30:00.000+01:00,"MAR1GSOPEN;AUDCAD;A1;08-11 17:36;6;08-11 17:36,08-11 17:54,08-11 19:12,08-11 19:33,08-11 19:36,08-11 19:45"
2026-08-11T21:30:00.000+01:00,"MAR1GSOPEN;AUDCAD;A2;08-11 17:36;7;08-11 17:36,08-11 17:39,08-11 17:54,08-11 19:12,08-11 19:33,08-11 19:36,08-11 19:45"
2026-08-11T21:30:00.000+01:00,"MAR1GSOPEN;AUDCAD;B1;08-11 17:39;6;08-11 17:39,08-11 17:54,08-11 19:12,08-11 19:33,08-11 19:36,08-11 19:45"
2026-08-11T21:30:00.000+01:00,"MAR1GSOPEN;AUDCAD;B2;08-11 17:54;5;08-11 17:54,08-11 19:12,08-11 19:33,08-11 19:36,08-11 19:45"
2026-08-11T21:30:00.000+01:00,MAR1GSOPEN;AUDCAD;C1;08-11 19:45;1;08-11 19:45
2026-08-11T21:30:00.000+01:00,MAR1GSOPEN;AUDCAD;C2;08-11 19:45;1;08-11 19:45
2026-08-11T21:30:00.000+01:00,"MAR1GSOPEN;AUDCAD;D1;08-11 19:33;3;08-11 19:33,08-11 19:36,08-11 19:45"
2026-08-11T21:30:00.000+01:00,MAR1GSOPEN;AUDCAD;D2;08-11 19:45;0;
2026-08-11T21:33:00.000+01:00,"MAR1GSOPEN;AUDCAD;A1;08-11 17:36;6;08-11 17:36,08-11 17:54,08-11 19:12,08-11 19:33,08-11 19:36,08-11 19:45"
2026-08-11T21:33:00.000+01:00,"MAR1GSOPEN;AUDCAD;A2;08-11 17:36;7;08-11 17:36,08-11 17:39,08-11 17:54,08-11 19:12,08-11 19:33,08-11 19:36,08-11 19:45"
2026-08-11T21:33:00.000+01:00,"MAR1GSOPEN;AUDCAD;B1;08-11 17:39;6;08-11 17:39,08-11 17:54,08-11 19:12,08-11 19:33,08-11 19:36,08-11 19:45"
2026-08-11T21:33:00.000+01:00,"MAR1GSOPEN;AUDCAD;B2;08-11 17:54;5;08-11 17:54,08-11 19:12,08-11 19:33,08-11 19:36,08-11 19:45"
2026-08-11T21:33:00.000+01:00,MAR1GSOPEN;AUDCAD;C1;08-11 19:45;1;08-11 19:45
2026-08-11T21:33:00.000+01:00,MAR1GSOPEN;AUDCAD;C2;08-11 19:45;1;08-11 19:45
2026-08-11T21:33:00.000+01:00,"MAR1GSOPEN;AUDCAD;D1;08-11 19:33;3;08-11 19:33,08-11 19:36,08-11 19:45"
2026-08-11T21:33:00.000+01:00,MAR1GSOPEN;AUDCAD;D2;08-11 19:45;0;
2026-08-11T21:36:00.000+01:00,"MAR1GSOPEN;AUDCAD;A1;08-11 17:36;6;08-11 17:36,08-11 17:54,08-11 19:12,08-11 19:33,08-11 19:36,08-11 19:45"
2026-08-11T21:36:00.000+01:00,"MAR1GSOPEN;AUDCAD;A2;08-11 17:36;7;08-11 17:36,08-11 17:39,08-11 17:54,08-11 19:12,08-11 19:33,08-11 19:36,08-11 19:45"
2026-08-11T21:36:00.000+01:00,"MAR1GSOPEN;AUDCAD;B1;08-11 17:39;6;08-11 17:39,08-11 17:54,08-11 19:12,08-11 19:33,08-11 19:36,08-11 19:45"
2026-08-11T21:36:00.000+01:00,"MAR1GSOPEN;AUDCAD;B2;08-11 17:54;5;08-11 17:54,08-11 19:12,08-11 19:33,08-11 19:36,08-11 19:45"
2026-08-11T21:36:00.000+01:00,MAR1GSOPEN;AUDCAD;C1;08-11 19:45;1;08-11 19:45
2026-08-11T21:36:00.000+01:00,MAR1GSOPEN;AUDCAD;C2;08-11 19:45;1;08-11 19:45
2026-08-11T21:36:00.000+01:00,"MAR1GSOPEN;AUDCAD;D1;08-11 19:33;3;08-11 19:33,08-11 19:36,08-11 19:45"
2026-08-11T21:36:00.000+01:00,MAR1GSOPEN;AUDCAD;D2;08-11 19:45;0;
2026-08-11T21:39:00.000+01:00,"MAR1GSOPEN;AUDCAD;A1;08-11 17:36;6;08-11 17:36,08-11 17:54,08-11 19:12,08-11 19:33,08-11 19:36,08-11 19:45"
2026-08-11T21:39:00.000+01:00,"MAR1GSOPEN;AUDCAD;A2;08-11 17:36;7;08-11 17:36,08-11 17:39,08-11 17:54,08-11 19:12,08-11 19:33,08-11 19:36,08-11 19:45"
2026-08-11T21:39:00.000+01:00,"MAR1GSOPEN;AUDCAD;B1;08-11 17:39;6;08-11 17:39,08-11 17:54,08-11 19:12,08-11 19:33,08-11 19:36,08-11 19:45"
2026-08-11T21:39:00.000+01:00,"MAR1GSOPEN;AUDCAD;B2;08-11 17:54;5;08-11 17:54,08-11 19:12,08-11 19:33,08-11 19:36,08-11 19:45"
2026-08-11T21:39:00.000+01:00,MAR1GSOPEN;AUDCAD;C1;08-11 19:45;1;08-11 19:45
2026-08-11T21:39:00.000+01:00,MAR1GSOPEN;AUDCAD;C2;08-11 19:45;1;08-11 19:45
2026-08-11T21:39:00.000+01:00,"MAR1GSOPEN;AUDCAD;D1;08-11 19:33;3;08-11 19:33,08-11 19:36,08-11 19:45"
2026-08-11T21:39:00.000+01:00,MAR1GSOPEN;AUDCAD;D2;08-11 19:45;0;
2026-08-11T21:42:00.000+01:00,"MAR1GSOPEN;AUDCAD;A1;08-11 17:36;6;08-11 17:36,08-11 17:54,08-11 19:12,08-11 19:33,08-11 19:36,08-11 19:45"
2026-08-11T21:42:00.000+01:00,"MAR1GSOPEN;AUDCAD;A2;08-11 17:36;7;08-11 17:36,08-11 17:39,08-11 17:54,08-11 19:12,08-11 19:33,08-11 19:36,08-11 19:45"
2026-08-11T21:42:00.000+01:00,"MAR1GSOPEN;AUDCAD;B1;08-11 17:39;6;08-11 17:39,08-11 17:54,08-11 19:12,08-11 19:33,08-11 19:36,08-11 19:45"
2026-08-11T21:42:00.000+01:00,"MAR1GSOPEN;AUDCAD;B2;08-11 17:54;5;08-11 17:54,08-11 19:12,08-11 19:33,08-11 19:36,08-11 19:45"
2026-08-11T21:42:00.000+01:00,MAR1GSOPEN;AUDCAD;C1;08-11 19:45;1;08-11 19:45
2026-08-11T21:42:00.000+01:00,MAR1GSOPEN;AUDCAD;C2;08-11 19:45;1;08-11 19:45
2026-08-11T21:42:00.000+01:00,"MAR1GSOPEN;AUDCAD;D1;08-11 19:33;3;08-11 19:33,08-11 19:36,08-11 19:45"
2026-08-11T21:42:00.000+01:00,MAR1GSOPEN;AUDCAD;D2;08-11 19:45;0;
2026-08-11T21:45:00.000+01:00,"MAR1GSOPEN;AUDCAD;A1;08-11 17:36;6;08-11 17:36,08-11 17:54,08-11 19:12,08-11 19:33,08-11 19:36,08-11 19:45"
2026-08-11T21:45:00.000+01:00,"MAR1GSOPEN;AUDCAD;A2;08-11 17:36;7;08-11 17:36,08-11 17:39,08-11 17:54,08-11 19:12,08-11 19:33,08-11 19:36,08-11 19:45"
2026-08-11T21:45:00.000+01:00,"MAR1GSOPEN;AUDCAD;B1;08-11 17:39;6;08-11 17:39,08-11 17:54,08-11 19:12,08-11 19:33,08-11 19:36,08-11 19:45"
2026-08-11T21:45:00.000+01:00,"MAR1GSOPEN;AUDCAD;B2;08-11 17:54;5;08-11 17:54,08-11 19:12,08-11 19:33,08-11 19:36,08-11 19:45"
2026-08-11T21:45:00.000+01:00,MAR1GSOPEN;AUDCAD;C1;08-11 19:45;1;08-11 19:45
2026-08-11T21:45:00.000+01:00,MAR1GSOPEN;AUDCAD;C2;08-11 19:45;1;08-11 19:45
2026-08-11T21:45:00.000+01:00,"MAR1GSOPEN;AUDCAD;D1;08-11 19:33;3;08-11 19:33,08-11 19:36,08-11 19:45"
2026-08-11T21:45:00.000+01:00,MAR1GSOPEN;AUDCAD;D2;08-11 19:45;0;
2026-08-11T21:48:00.000+01:00,"MAR1GSOPEN;AUDCAD;A1;08-11 17:36;6;08-11 17:36,08-11 17:54,08-11 19:12,08-11 19:33,08-11 19:36,08-11 19:45"
2026-08-11T21:48:00.000+01:00,"MAR1GSOPEN;AUDCAD;A2;08-11 17:36;7;08-11 17:36,08-11 17:39,08-11 17:54,08-11 19:12,08-11 19:33,08-11 19:36,08-11 19:45"
2026-08-11T21:48:00.000+01:00,"MAR1GSOPEN;AUDCAD;B1;08-11 17:39;6;08-11 17:39,08-11 17:54,08-11 19:12,08-11 19:33,08-11 19:36,08-11 19:45"
2026-08-11T21:48:00.000+01:00,"MAR1GSOPEN;AUDCAD;B2;08-11 17:54;5;08-11 17:54,08-11 19:12,08-11 19:33,08-11 19:36,08-11 19:45"
2026-08-11T21:48:00.000+01:00,MAR1GSOPEN;AUDCAD;C1;08-11 19:45;1;08-11 19:45
2026-08-11T21:48:00.000+01:00,MAR1GSOPEN;AUDCAD;C2;08-11 19:45;1;08-11 19:45
2026-08-11T21:48:00.000+01:00,"MAR1GSOPEN;AUDCAD;D1;08-11 19:33;3;08-11 19:33,08-11 19:36,08-11 19:45"
2026-08-11T21:48:00.000+01:00,MAR1GSOPEN;AUDCAD;D2;08-11 19:45;0;
2026-08-11T21:51:00.000+01:00,"MAR1GSOPEN;AUDCAD;A1;08-11 17:36;6;08-11 17:36,08-11 17:54,08-11 19:12,08-11 19:33,08-11 19:36,08-11 19:45"
2026-08-11T21:51:00.000+01:00,"MAR1GSOPEN;AUDCAD;A2;08-11 17:36;7;08-11 17:36,08-11 17:39,08-11 17:54,08-11 19:12,08-11 19:33,08-11 19:36,08-11 19:45"
2026-08-11T21:51:00.000+01:00,"MAR1GSOPEN;AUDCAD;B1;08-11 17:39;6;08-11 17:39,08-11 17:54,08-11 19:12,08-11 19:33,08-11 19:36,08-11 19:45"
2026-08-11T21:51:00.000+01:00,"MAR1GSOPEN;AUDCAD;B2;08-11 17:54;5;08-11 17:54,08-11 19:12,08-11 19:33,08-11 19:36,08-11 19:45"
2026-08-11T21:51:00.000+01:00,MAR1GSOPEN;AUDCAD;C1;08-11 19:45;1;08-11 19:45
2026-08-11T21:51:00.000+01:00,MAR1GSOPEN;AUDCAD;C2;08-11 19:45;1;08-11 19:45
2026-08-11T21:51:00.000+01:00,"MAR1GSOPEN;AUDCAD;D1;08-11 19:33;3;08-11 19:33,08-11 19:36,08-11 19:45"
2026-08-11T21:51:00.000+01:00,MAR1GSOPEN;AUDCAD;D2;08-11 19:45;0;
2026-08-11T21:54:00.000+01:00,"MAR1GSOPEN;AUDCAD;A1;08-11 17:36;6;08-11 17:36,08-11 17:54,08-11 19:12,08-11 19:33,08-11 19:36,08-11 19:45"
2026-08-11T21:54:00.000+01:00,"MAR1GSOPEN;AUDCAD;A2;08-11 17:36;7;08-11 17:36,08-11 17:39,08-11 17:54,08-11 19:12,08-11 19:33,08-11 19:36,08-11 19:45"
2026-08-11T21:54:00.000+01:00,"MAR1GSOPEN;AUDCAD;B1;08-11 17:39;6;08-11 17:39,08-11 17:54,08-11 19:12,08-11 19:33,08-11 19:36,08-11 19:45"
2026-08-11T21:54:00.000+01:00,"MAR1GSOPEN;AUDCAD;B2;08-11 17:54;5;08-11 17:54,08-11 19:12,08-11 19:33,08-11 19:36,08-11 19:45"
2026-08-11T21:54:00.000+01:00,MAR1GSOPEN;AUDCAD;C1;08-11 19:45;1;08-11 19:45
2026-08-11T21:54:00.000+01:00,MAR1GSOPEN;AUDCAD;C2;08-11 19:45;1;08-11 19:45
2026-08-11T21:54:00.000+01:00,"MAR1GSOPEN;AUDCAD;D1;08-11 19:33;3;08-11 19:33,08-11 19:36,08-11 19:45"
2026-08-11T21:54:00.000+01:00,MAR1GSOPEN;AUDCAD;D2;08-11 19:45;0;
2026-08-11T21:57:00.000+01:00,"MAR1GSOPEN;AUDCAD;A1;08-11 17:36;6;08-11 17:36,08-11 17:54,08-11 19:12,08-11 19:33,08-11 19:36,08-11 19:45"
2026-08-11T21:57:00.000+01:00,"MAR1GSOPEN;AUDCAD;A2;08-11 17:36;7;08-11 17:36,08-11 17:39,08-11 17:54,08-11 19:12,08-11 19:33,08-11 19:36,08-11 19:45"
2026-08-11T21:57:00.000+01:00,"MAR1GSOPEN;AUDCAD;B1;08-11 17:39;6;08-11 17:39,08-11 17:54,08-11 19:12,08-11 19:33,08-11 19:36,08-11 19:45"
2026-08-11T21:57:00.000+01:00,"MAR1GSOPEN;AUDCAD;B2;08-11 17:54;5;08-11 17:54,08-11 19:12,08-11 19:33,08-11 19:36,08-11 19:45"
2026-08-11T21:57:00.000+01:00,MAR1GSOPEN;AUDCAD;C1;08-11 19:45;1;08-11 19:45
2026-08-11T21:57:00.000+01:00,MAR1GSOPEN;AUDCAD;C2;08-11 19:45;1;08-11 19:45
2026-08-11T21:57:00.000+01:00,"MAR1GSOPEN;AUDCAD;D1;08-11 19:33;3;08-11 19:33,08-11 19:36,08-11 19:45"
2026-08-11T21:57:00.000+01:00,MAR1GSOPEN;AUDCAD;D2;08-11 19:45;0;
2026-08-11T22:03:00.000+01:00,"MAR1GSOPEN;AUDCAD;A1;08-11 17:36;6;08-11 17:36,08-11 17:54,08-11 19:12,08-11 19:33,08-11 19:36,08-11 19:45"
2026-08-11T22:03:00.000+01:00,"MAR1GSOPEN;AUDCAD;A2;08-11 17:36;7;08-11 17:36,08-11 17:39,08-11 17:54,08-11 19:12,08-11 19:33,08-11 19:36,08-11 19:45"
2026-08-11T22:03:00.000+01:00,"MAR1GSOPEN;AUDCAD;B1;08-11 17:39;6;08-11 17:39,08-11 17:54,08-11 19:12,08-11 19:33,08-11 19:36,08-11 19:45"
2026-08-11T22:03:00.000+01:00,"MAR1GSOPEN;AUDCAD;B2;08-11 17:54;5;08-11 17:54,08-11 19:12,08-11 19:33,08-11 19:36,08-11 19:45"
2026-08-11T22:03:00.000+01:00,MAR1GSOPEN;AUDCAD;C1;08-11 19:45;1;08-11 19:45
2026-08-11T22:03:00.000+01:00,MAR1GSOPEN;AUDCAD;C2;08-11 19:45;1;08-11 19:45
2026-08-11T22:03:00.000+01:00,"MAR1GSOPEN;AUDCAD;D1;08-11 19:33;3;08-11 19:33,08-11 19:36,08-11 19:45"
2026-08-11T22:03:00.000+01:00,MAR1GSOPEN;AUDCAD;D2;08-11 19:45;0;
2026-08-11T22:06:00.000+01:00,"MAR1GSOPEN;AUDCAD;A1;08-11 17:36;6;08-11 17:36,08-11 17:54,08-11 19:12,08-11 19:33,08-11 19:36,08-11 19:45"
2026-08-11T22:06:00.000+01:00,"MAR1GSOPEN;AUDCAD;A2;08-11 17:36;7;08-11 17:36,08-11 17:39,08-11 17:54,08-11 19:12,08-11 19:33,08-11 19:36,08-11 19:45"
2026-08-11T22:06:00.000+01:00,"MAR1GSOPEN;AUDCAD;B1;08-11 17:39;6;08-11 17:39,08-11 17:54,08-11 19:12,08-11 19:33,08-11 19:36,08-11 19:45"
2026-08-11T22:06:00.000+01:00,"MAR1GSOPEN;AUDCAD;B2;08-11 17:54;5;08-11 17:54,08-11 19:12,08-11 19:33,08-11 19:36,08-11 19:45"
2026-08-11T22:06:00.000+01:00,MAR1GSOPEN;AUDCAD;C1;08-11 19:45;1;08-11 19:45
2026-08-11T22:06:00.000+01:00,MAR1GSOPEN;AUDCAD;C2;08-11 19:45;1;08-11 19:45
2026-08-11T22:06:00.000+01:00,"MAR1GSOPEN;AUDCAD;D1;08-11 19:33;3;08-11 19:33,08-11 19:36,08-11 19:45"
2026-08-11T22:06:00.000+01:00,MAR1GSOPEN;AUDCAD;D2;08-11 19:45;0;
2026-08-11T22:09:00.000+01:00,"MAR1GSOPEN;AUDCAD;A1;08-11 17:36;6;08-11 17:36,08-11 17:54,08-11 19:12,08-11 19:33,08-11 19:36,08-11 19:45"
2026-08-11T22:09:00.000+01:00,"MAR1GSOPEN;AUDCAD;A2;08-11 17:36;7;08-11 17:36,08-11 17:39,08-11 17:54,08-11 19:12,08-11 19:33,08-11 19:36,08-11 19:45"
2026-08-11T22:09:00.000+01:00,"MAR1GSOPEN;AUDCAD;B1;08-11 17:39;6;08-11 17:39,08-11 17:54,08-11 19:12,08-11 19:33,08-11 19:36,08-11 19:45"
2026-08-11T22:09:00.000+01:00,"MAR1GSOPEN;AUDCAD;B2;08-11 17:54;5;08-11 17:54,08-11 19:12,08-11 19:33,08-11 19:36,08-11 19:45"
2026-08-11T22:09:00.000+01:00,MAR1GSOPEN;AUDCAD;C1;08-11 19:45;1;08-11 19:45
2026-08-11T22:09:00.000+01:00,MAR1GSOPEN;AUDCAD;C2;08-11 19:45;1;08-11 19:45
2026-08-11T22:09:00.000+01:00,"MAR1GSOPEN;AUDCAD;D1;08-11 19:33;3;08-11 19:33,08-11 19:36,08-11 19:45"
2026-08-11T22:09:00.000+01:00,MAR1GSOPEN;AUDCAD;D2;08-11 19:45;0;
2026-08-11T22:12:00.000+01:00,"MAR1GSOPEN;AUDCAD;A1;08-11 17:36;6;08-11 17:36,08-11 17:54,08-11 19:12,08-11 19:33,08-11 19:36,08-11 19:45"
2026-08-11T22:12:00.000+01:00,"MAR1GSOPEN;AUDCAD;A2;08-11 17:36;7;08-11 17:36,08-11 17:39,08-11 17:54,08-11 19:12,08-11 19:33,08-11 19:36,08-11 19:45"
2026-08-11T22:12:00.000+01:00,"MAR1GSOPEN;AUDCAD;B1;08-11 17:39;6;08-11 17:39,08-11 17:54,08-11 19:12,08-11 19:33,08-11 19:36,08-11 19:45"
2026-08-11T22:12:00.000+01:00,"MAR1GSOPEN;AUDCAD;B2;08-11 17:54;5;08-11 17:54,08-11 19:12,08-11 19:33,08-11 19:36,08-11 19:45"
2026-08-11T22:12:00.000+01:00,MAR1GSOPEN;AUDCAD;C1;08-11 19:45;1;08-11 19:45
2026-08-11T22:12:00.000+01:00,MAR1GSOPEN;AUDCAD;C2;08-11 19:45;1;08-11 19:45
2026-08-11T22:12:00.000+01:00,"MAR1GSOPEN;AUDCAD;D1;08-11 19:33;3;08-11 19:33,08-11 19:36,08-11 19:45"
2026-08-11T22:12:00.000+01:00,MAR1GSOPEN;AUDCAD;D2;08-11 19:45;0;
2026-08-11T22:15:00.000+01:00,"MAR1GSOPEN;AUDCAD;A1;08-11 17:36;6;08-11 17:36,08-11 17:54,08-11 19:12,08-11 19:33,08-11 19:36,08-11 19:45"
2026-08-11T22:15:00.000+01:00,"MAR1GSOPEN;AUDCAD;A2;08-11 17:36;7;08-11 17:36,08-11 17:39,08-11 17:54,08-11 19:12,08-11 19:33,08-11 19:36,08-11 19:45"
2026-08-11T22:15:00.000+01:00,"MAR1GSOPEN;AUDCAD;B1;08-11 17:39;6;08-11 17:39,08-11 17:54,08-11 19:12,08-11 19:33,08-11 19:36,08-11 19:45"
2026-08-11T22:15:00.000+01:00,"MAR1GSOPEN;AUDCAD;B2;08-11 17:54;5;08-11 17:54,08-11 19:12,08-11 19:33,08-11 19:36,08-11 19:45"
2026-08-11T22:15:00.000+01:00,MAR1GSOPEN;AUDCAD;C1;08-11 19:45;1;08-11 19:45
2026-08-11T22:15:00.000+01:00,MAR1GSOPEN;AUDCAD;C2;08-11 19:45;1;08-11 19:45
2026-08-11T22:15:00.000+01:00,"MAR1GSOPEN;AUDCAD;D1;08-11 19:33;3;08-11 19:33,08-11 19:36,08-11 19:45"
2026-08-11T22:15:00.000+01:00,MAR1GSOPEN;AUDCAD;D2;08-11 19:45;0;
2026-08-11T22:18:00.000+01:00,"MAR1GSOPEN;AUDCAD;A1;08-11 17:36;6;08-11 17:36,08-11 17:54,08-11 19:12,08-11 19:33,08-11 19:36,08-11 19:45"
2026-08-11T22:18:00.000+01:00,"MAR1GSOPEN;AUDCAD;A2;08-11 17:36;7;08-11 17:36,08-11 17:39,08-11 17:54,08-11 19:12,08-11 19:33,08-11 19:36,08-11 19:45"
2026-08-11T22:18:00.000+01:00,"MAR1GSOPEN;AUDCAD;B1;08-11 17:39;6;08-11 17:39,08-11 17:54,08-11 19:12,08-11 19:33,08-11 19:36,08-11 19:45"
2026-08-11T22:18:00.000+01:00,"MAR1GSOPEN;AUDCAD;B2;08-11 17:54;5;08-11 17:54,08-11 19:12,08-11 19:33,08-11 19:36,08-11 19:45"
2026-08-11T22:18:00.000+01:00,MAR1GSOPEN;AUDCAD;C1;08-11 19:45;1;08-11 19:45
2026-08-11T22:18:00.000+01:00,MAR1GSOPEN;AUDCAD;C2;08-11 19:45;1;08-11 19:45
2026-08-11T22:18:00.000+01:00,"MAR1GSOPEN;AUDCAD;D1;08-11 19:33;3;08-11 19:33,08-11 19:36,08-11 19:45"
2026-08-11T22:18:00.000+01:00,MAR1GSOPEN;AUDCAD;D2;08-11 19:45;0;
2026-08-11T22:21:00.000+01:00,"MAR1GSOPEN;AUDCAD;A1;08-11 17:36;6;08-11 17:36,08-11 17:54,08-11 19:12,08-11 19:33,08-11 19:36,08-11 19:45"
2026-08-11T22:21:00.000+01:00,"MAR1GSOPEN;AUDCAD;A2;08-11 17:36;7;08-11 17:36,08-11 17:39,08-11 17:54,08-11 19:12,08-11 19:33,08-11 19:36,08-11 19:45"
2026-08-11T22:21:00.000+01:00,"MAR1GSOPEN;AUDCAD;B1;08-11 17:39;6;08-11 17:39,08-11 17:54,08-11 19:12,08-11 19:33,08-11 19:36,08-11 19:45"
2026-08-11T22:21:00.000+01:00,"MAR1GSOPEN;AUDCAD;B2;08-11 17:54;5;08-11 17:54,08-11 19:12,08-11 19:33,08-11 19:36,08-11 19:45"
2026-08-11T22:21:00.000+01:00,MAR1GSOPEN;AUDCAD;C1;08-11 19:45;1;08-11 19:45
2026-08-11T22:21:00.000+01:00,MAR1GSOPEN;AUDCAD;C2;08-11 19:45;1;08-11 19:45
2026-08-11T22:21:00.000+01:00,"MAR1GSOPEN;AUDCAD;D1;08-11 19:33;3;08-11 19:33,08-11 19:36,08-11 19:45"
2026-08-11T22:21:00.000+01:00,MAR1GSOPEN;AUDCAD;D2;08-11 19:45;0;
2026-08-11T22:24:00.000+01:00,"MAR1GSOPEN;AUDCAD;A1;08-11 17:36;6;08-11 17:36,08-11 17:54,08-11 19:12,08-11 19:33,08-11 19:36,08-11 19:45"
2026-08-11T22:24:00.000+01:00,"MAR1GSOPEN;AUDCAD;A2;08-11 17:36;7;08-11 17:36,08-11 17:39,08-11 17:54,08-11 19:12,08-11 19:33,08-11 19:36,08-11 19:45"
2026-08-11T22:24:00.000+01:00,"MAR1GSOPEN;AUDCAD;B1;08-11 17:39;6;08-11 17:39,08-11 17:54,08-11 19:12,08-11 19:33,08-11 19:36,08-11 19:45"
2026-08-11T22:24:00.000+01:00,"MAR1GSOPEN;AUDCAD;B2;08-11 17:54;5;08-11 17:54,08-11 19:12,08-11 19:33,08-11 19:36,08-11 19:45"
2026-08-11T22:24:00.000+01:00,MAR1GSOPEN;AUDCAD;C1;08-11 19:45;1;08-11 19:45
2026-08-11T22:24:00.000+01:00,MAR1GSOPEN;AUDCAD;C2;08-11 19:45;1;08-11 19:45
2026-08-11T22:24:00.000+01:00,"MAR1GSOPEN;AUDCAD;D1;08-11 19:33;3;08-11 19:33,08-11 19:36,08-11 19:45"
2026-08-11T22:24:00.000+01:00,MAR1GSOPEN;AUDCAD;D2;08-11 19:45;0;
2026-08-11T22:27:00.000+01:00,"MAR1GSOPEN;AUDCAD;A1;08-11 17:36;6;08-11 17:36,08-11 17:54,08-11 19:12,08-11 19:33,08-11 19:36,08-11 19:45"
2026-08-11T22:27:00.000+01:00,"MAR1GSOPEN;AUDCAD;A2;08-11 17:36;7;08-11 17:36,08-11 17:39,08-11 17:54,08-11 19:12,08-11 19:33,08-11 19:36,08-11 19:45"
2026-08-11T22:27:00.000+01:00,"MAR1GSOPEN;AUDCAD;B1;08-11 17:39;6;08-11 17:39,08-11 17:54,08-11 19:12,08-11 19:33,08-11 19:36,08-11 19:45"
2026-08-11T22:27:00.000+01:00,"MAR1GSOPEN;AUDCAD;B2;08-11 17:54;5;08-11 17:54,08-11 19:12,08-11 19:33,08-11 19:36,08-11 19:45"
2026-08-11T22:27:00.000+01:00,MAR1GSOPEN;AUDCAD;C1;08-11 19:45;1;08-11 19:45
2026-08-11T22:27:00.000+01:00,MAR1GSOPEN;AUDCAD;C2;08-11 19:45;1;08-11 19:45
2026-08-11T22:27:00.000+01:00,"MAR1GSOPEN;AUDCAD;D1;08-11 19:33;3;08-11 19:33,08-11 19:36,08-11 19:45"
2026-08-11T22:27:00.000+01:00,MAR1GSOPEN;AUDCAD;D2;08-11 19:45;0;
2026-08-11T22:30:00.000+01:00,"MAR1GSOPEN;AUDCAD;A1;08-11 17:36;6;08-11 17:36,08-11 17:54,08-11 19:12,08-11 19:33,08-11 19:36,08-11 19:45"
2026-08-11T22:30:00.000+01:00,"MAR1GSOPEN;AUDCAD;A2;08-11 17:36;7;08-11 17:36,08-11 17:39,08-11 17:54,08-11 19:12,08-11 19:33,08-11 19:36,08-11 19:45"
2026-08-11T22:30:00.000+01:00,"MAR1GSOPEN;AUDCAD;B1;08-11 17:39;6;08-11 17:39,08-11 17:54,08-11 19:12,08-11 19:33,08-11 19:36,08-11 19:45"
2026-08-11T22:30:00.000+01:00,"MAR1GSOPEN;AUDCAD;B2;08-11 17:54;5;08-11 17:54,08-11 19:12,08-11 19:33,08-11 19:36,08-11 19:45"
2026-08-11T22:30:00.000+01:00,MAR1GSOPEN;AUDCAD;C1;08-11 19:45;1;08-11 19:45
2026-08-11T22:30:00.000+01:00,MAR1GSOPEN;AUDCAD;C2;08-11 19:45;1;08-11 19:45
2026-08-11T22:30:00.000+01:00,"MAR1GSOPEN;AUDCAD;D1;08-11 19:33;3;08-11 19:33,08-11 19:36,08-11 19:45"
2026-08-11T22:30:00.000+01:00,MAR1GSOPEN;AUDCAD;D2;08-11 19:45;0;
2026-08-11T22:33:00.000+01:00,"MAR1GSOPEN;AUDCAD;A1;08-11 17:36;6;08-11 17:36,08-11 17:54,08-11 19:12,08-11 19:33,08-11 19:36,08-11 19:45"
2026-08-11T22:33:00.000+01:00,"MAR1GSOPEN;AUDCAD;A2;08-11 17:36;7;08-11 17:36,08-11 17:39,08-11 17:54,08-11 19:12,08-11 19:33,08-11 19:36,08-11 19:45"
2026-08-11T22:33:00.000+01:00,"MAR1GSOPEN;AUDCAD;B1;08-11 17:39;6;08-11 17:39,08-11 17:54,08-11 19:12,08-11 19:33,08-11 19:36,08-11 19:45"
2026-08-11T22:33:00.000+01:00,"MAR1GSOPEN;AUDCAD;B2;08-11 17:54;5;08-11 17:54,08-11 19:12,08-11 19:33,08-11 19:36,08-11 19:45"
2026-08-11T22:33:00.000+01:00,MAR1GSOPEN;AUDCAD;C1;08-11 19:45;1;08-11 19:45
2026-08-11T22:33:00.000+01:00,MAR1GSOPEN;AUDCAD;C2;08-11 19:45;1;08-11 19:45
2026-08-11T22:33:00.000+01:00,"MAR1GSOPEN;AUDCAD;D1;08-11 19:33;3;08-11 19:33,08-11 19:36,08-11 19:45"
2026-08-11T22:33:00.000+01:00,MAR1GSOPEN;AUDCAD;D2;08-11 19:45;0;
2026-08-11T22:36:00.000+01:00,"MAR1GSOPEN;AUDCAD;A1;08-11 17:36;6;08-11 17:36,08-11 17:54,08-11 19:12,08-11 19:33,08-11 19:36,08-11 19:45"
2026-08-11T22:36:00.000+01:00,"MAR1GSOPEN;AUDCAD;A2;08-11 17:36;7;08-11 17:36,08-11 17:39,08-11 17:54,08-11 19:12,08-11 19:33,08-11 19:36,08-11 19:45"
2026-08-11T22:36:00.000+01:00,"MAR1GSOPEN;AUDCAD;B1;08-11 17:39;6;08-11 17:39,08-11 17:54,08-11 19:12,08-11 19:33,08-11 19:36,08-11 19:45"
2026-08-11T22:36:00.000+01:00,"MAR1GSOPEN;AUDCAD;B2;08-11 17:54;5;08-11 17:54,08-11 19:12,08-11 19:33,08-11 19:36,08-11 19:45"
2026-08-11T22:36:00.000+01:00,MAR1GSOPEN;AUDCAD;C1;08-11 19:45;1;08-11 19:45
2026-08-11T22:36:00.000+01:00,MAR1GSOPEN;AUDCAD;C2;08-11 19:45;1;08-11 19:45
2026-08-11T22:36:00.000+01:00,"MAR1GSOPEN;AUDCAD;D1;08-11 19:33;3;08-11 19:33,08-11 19:36,08-11 19:45"
2026-08-11T22:36:00.000+01:00,MAR1GSOPEN;AUDCAD;D2;08-11 19:45;0;
2026-08-11T22:39:00.000+01:00,"MAR1GSOPEN;AUDCAD;A1;08-11 17:36;6;08-11 17:36,08-11 17:54,08-11 19:12,08-11 19:33,08-11 19:36,08-11 19:45"
2026-08-11T22:39:00.000+01:00,"MAR1GSOPEN;AUDCAD;A2;08-11 17:36;7;08-11 17:36,08-11 17:39,08-11 17:54,08-11 19:12,08-11 19:33,08-11 19:36,08-11 19:45"
2026-08-11T22:39:00.000+01:00,"MAR1GSOPEN;AUDCAD;B1;08-11 17:39;6;08-11 17:39,08-11 17:54,08-11 19:12,08-11 19:33,08-11 19:36,08-11 19:45"
2026-08-11T22:39:00.000+01:00,"MAR1GSOPEN;AUDCAD;B2;08-11 17:54;5;08-11 17:54,08-11 19:12,08-11 19:33,08-11 19:36,08-11 19:45"
2026-08-11T22:39:00.000+01:00,MAR1GSOPEN;AUDCAD;C1;08-11 19:45;1;08-11 19:45
2026-08-11T22:39:00.000+01:00,MAR1GSOPEN;AUDCAD;C2;08-11 19:45;1;08-11 19:45
2026-08-11T22:39:00.000+01:00,"MAR1GSOPEN;AUDCAD;D1;08-11 19:33;3;08-11 19:33,08-11 19:36,08-11 19:45"
2026-08-11T22:39:00.000+01:00,MAR1GSOPEN;AUDCAD;D2;08-11 19:45;0;
2026-08-11T22:42:00.000+01:00,"MAR1GSOPEN;AUDCAD;A1;08-11 17:36;6;08-11 17:36,08-11 17:54,08-11 19:12,08-11 19:33,08-11 19:36,08-11 19:45"
2026-08-11T22:42:00.000+01:00,"MAR1GSOPEN;AUDCAD;A2;08-11 17:36;7;08-11 17:36,08-11 17:39,08-11 17:54,08-11 19:12,08-11 19:33,08-11 19:36,08-11 19:45"
2026-08-11T22:42:00.000+01:00,"MAR1GSOPEN;AUDCAD;B1;08-11 17:39;6;08-11 17:39,08-11 17:54,08-11 19:12,08-11 19:33,08-11 19:36,08-11 19:45"
2026-08-11T22:42:00.000+01:00,"MAR1GSOPEN;AUDCAD;B2;08-11 17:54;5;08-11 17:54,08-11 19:12,08-11 19:33,08-11 19:36,08-11 19:45"
2026-08-11T22:42:00.000+01:00,MAR1GSOPEN;AUDCAD;C1;08-11 19:45;1;08-11 19:45
2026-08-11T22:42:00.000+01:00,MAR1GSOPEN;AUDCAD;C2;08-11 19:45;1;08-11 19:45
2026-08-11T22:42:00.000+01:00,"MAR1GSOPEN;AUDCAD;D1;08-11 19:33;3;08-11 19:33,08-11 19:36,08-11 19:45"
2026-08-11T22:42:00.000+01:00,MAR1GSOPEN;AUDCAD;D2;08-11 19:45;0;
2026-08-11T22:45:00.000+01:00,"MAR1GSOPEN;AUDCAD;A1;08-11 17:36;6;08-11 17:36,08-11 17:54,08-11 19:12,08-11 19:33,08-11 19:36,08-11 19:45"
2026-08-11T22:45:00.000+01:00,"MAR1GSOPEN;AUDCAD;A2;08-11 17:36;7;08-11 17:36,08-11 17:39,08-11 17:54,08-11 19:12,08-11 19:33,08-11 19:36,08-11 19:45"
2026-08-11T22:45:00.000+01:00,"MAR1GSOPEN;AUDCAD;B1;08-11 17:39;6;08-11 17:39,08-11 17:54,08-11 19:12,08-11 19:33,08-11 19:36,08-11 19:45"
2026-08-11T22:45:00.000+01:00,"MAR1GSOPEN;AUDCAD;B2;08-11 17:54;5;08-11 17:54,08-11 19:12,08-11 19:33,08-11 19:36,08-11 19:45"
2026-08-11T22:45:00.000+01:00,MAR1GSOPEN;AUDCAD;C1;08-11 19:45;1;08-11 19:45
2026-08-11T22:45:00.000+01:00,MAR1GSOPEN;AUDCAD;C2;08-11 19:45;1;08-11 19:45
2026-08-11T22:45:00.000+01:00,"MAR1GSOPEN;AUDCAD;D1;08-11 19:33;3;08-11 19:33,08-11 19:36,08-11 19:45"
2026-08-11T22:45:00.000+01:00,MAR1GSOPEN;AUDCAD;D2;08-11 19:45;0;
2026-08-11T22:48:00.000+01:00,"MAR1GSOPEN;AUDCAD;A1;08-11 17:36;6;08-11 17:36,08-11 17:54,08-11 19:12,08-11 19:33,08-11 19:36,08-11 19:45"
2026-08-11T22:48:00.000+01:00,"MAR1GSOPEN;AUDCAD;A2;08-11 17:36;7;08-11 17:36,08-11 17:39,08-11 17:54,08-11 19:12,08-11 19:33,08-11 19:36,08-11 19:45"
2026-08-11T22:48:00.000+01:00,"MAR1GSOPEN;AUDCAD;B1;08-11 17:39;6;08-11 17:39,08-11 17:54,08-11 19:12,08-11 19:33,08-11 19:36,08-11 19:45"
2026-08-11T22:48:00.000+01:00,"MAR1GSOPEN;AUDCAD;B2;08-11 17:54;5;08-11 17:54,08-11 19:12,08-11 19:33,08-11 19:36,08-11 19:45"
2026-08-11T22:48:00.000+01:00,MAR1GSOPEN;AUDCAD;C1;08-11 19:45;1;08-11 19:45
2026-08-11T22:48:00.000+01:00,MAR1GSOPEN;AUDCAD;C2;08-11 19:45;1;08-11 19:45
2026-08-11T22:48:00.000+01:00,"MAR1GSOPEN;AUDCAD;D1;08-11 19:33;3;08-11 19:33,08-11 19:36,08-11 19:45"
2026-08-11T22:48:00.000+01:00,MAR1GSOPEN;AUDCAD;D2;08-11 19:45;0;
2026-08-11T22:51:00.000+01:00,"MAR1GSOPEN;AUDCAD;A1;08-11 17:36;6;08-11 17:36,08-11 17:54,08-11 19:12,08-11 19:33,08-11 19:36,08-11 19:45"
2026-08-11T22:51:00.000+01:00,"MAR1GSOPEN;AUDCAD;A2;08-11 17:36;7;08-11 17:36,08-11 17:39,08-11 17:54,08-11 19:12,08-11 19:33,08-11 19:36,08-11 19:45"
2026-08-11T22:51:00.000+01:00,"MAR1GSOPEN;AUDCAD;B1;08-11 17:39;6;08-11 17:39,08-11 17:54,08-11 19:12,08-11 19:33,08-11 19:36,08-11 19:45"
2026-08-11T22:51:00.000+01:00,"MAR1GSOPEN;AUDCAD;B2;08-11 17:54;5;08-11 17:54,08-11 19:12,08-11 19:33,08-11 19:36,08-11 19:45"
2026-08-11T22:51:00.000+01:00,MAR1GSOPEN;AUDCAD;C1;08-11 19:45;1;08-11 19:45
2026-08-11T22:51:00.000+01:00,MAR1GSOPEN;AUDCAD;C2;08-11 19:45;1;08-11 19:45
2026-08-11T22:51:00.000+01:00,"MAR1GSOPEN;AUDCAD;D1;08-11 19:33;3;08-11 19:33,08-11 19:36,08-11 19:45"
2026-08-11T22:51:00.000+01:00,MAR1GSOPEN;AUDCAD;D2;08-11 19:45;0;
2026-08-11T22:54:00.000+01:00,"MAR1GSOPEN;AUDCAD;A1;08-11 17:36;6;08-11 17:36,08-11 17:54,08-11 19:12,08-11 19:33,08-11 19:36,08-11 19:45"
2026-08-11T22:54:00.000+01:00,"MAR1GSOPEN;AUDCAD;A2;08-11 17:36;7;08-11 17:36,08-11 17:39,08-11 17:54,08-11 19:12,08-11 19:33,08-11 19:36,08-11 19:45"
2026-08-11T22:54:00.000+01:00,"MAR1GSOPEN;AUDCAD;B1;08-11 17:39;6;08-11 17:39,08-11 17:54,08-11 19:12,08-11 19:33,08-11 19:36,08-11 19:45"
2026-08-11T22:54:00.000+01:00,"MAR1GSOPEN;AUDCAD;B2;08-11 17:54;5;08-11 17:54,08-11 19:12,08-11 19:33,08-11 19:36,08-11 19:45"
2026-08-11T22:54:00.000+01:00,MAR1GSOPEN;AUDCAD;C1;08-11 19:45;1;08-11 19:45
2026-08-11T22:54:00.000+01:00,MAR1GSOPEN;AUDCAD;C2;08-11 19:45;1;08-11 19:45
2026-08-11T22:54:00.000+01:00,"MAR1GSOPEN;AUDCAD;D1;08-11 19:33;3;08-11 19:33,08-11 19:36,08-11 19:45"
2026-08-11T22:54:00.000+01:00,MAR1GSOPEN;AUDCAD;D2;08-11 19:45;0;
2026-08-11T22:57:00.000+01:00,"MAR1GSOPEN;AUDCAD;A1;08-11 17:36;6;08-11 17:36,08-11 17:54,08-11 19:12,08-11 19:33,08-11 19:36,08-11 19:45"
2026-08-11T22:57:00.000+01:00,"MAR1GSOPEN;AUDCAD;A2;08-11 17:36;7;08-11 17:36,08-11 17:39,08-11 17:54,08-11 19:12,08-11 19:33,08-11 19:36,08-11 19:45"
2026-08-11T22:57:00.000+01:00,"MAR1GSOPEN;AUDCAD;B1;08-11 17:39;6;08-11 17:39,08-11 17:54,08-11 19:12,08-11 19:33,08-11 19:36,08-11 19:45"
2026-08-11T22:57:00.000+01:00,"MAR1GSOPEN;AUDCAD;B2;08-11 17:54;5;08-11 17:54,08-11 19:12,08-11 19:33,08-11 19:36,08-11 19:45"
2026-08-11T22:57:00.000+01:00,MAR1GSOPEN;AUDCAD;C1;08-11 19:45;1;08-11 19:45
2026-08-11T22:57:00.000+01:00,MAR1GSOPEN;AUDCAD;C2;08-11 19:45;1;08-11 19:45
2026-08-11T22:57:00.000+01:00,"MAR1GSOPEN;AUDCAD;D1;08-11 19:33;3;08-11 19:33,08-11 19:36,08-11 19:45"
2026-08-11T22:57:00.000+01:00,MAR1GSOPEN;AUDCAD;D2;08-11 19:45;0;
2026-08-11T23:00:00.000+01:00,"MAR1GSOPEN;AUDCAD;A1;08-11 17:36;6;08-11 17:36,08-11 17:54,08-11 19:12,08-11 19:33,08-11 19:36,08-11 19:45"
2026-08-11T23:00:00.000+01:00,"MAR1GSOPEN;AUDCAD;A2;08-11 17:36;7;08-11 17:36,08-11 17:39,08-11 17:54,08-11 19:12,08-11 19:33,08-11 19:36,08-11 19:45"
2026-08-11T23:00:00.000+01:00,"MAR1GSOPEN;AUDCAD;B1;08-11 17:39;6;08-11 17:39,08-11 17:54,08-11 19:12,08-11 19:33,08-11 19:36,08-11 19:45"
2026-08-11T23:00:00.000+01:00,"MAR1GSOPEN;AUDCAD;B2;08-11 17:54;5;08-11 17:54,08-11 19:12,08-11 19:33,08-11 19:36,08-11 19:45"
2026-08-11T23:00:00.000+01:00,MAR1GSOPEN;AUDCAD;C1;08-11 19:45;1;08-11 19:45
2026-08-11T23:00:00.000+01:00,MAR1GSOPEN;AUDCAD;C2;08-11 19:45;1;08-11 19:45
2026-08-11T23:00:00.000+01:00,"MAR1GSOPEN;AUDCAD;D1;08-11 19:33;3;08-11 19:33,08-11 19:36,08-11 19:45"
2026-08-11T23:00:00.000+01:00,MAR1GSOPEN;AUDCAD;D2;08-11 19:45;0;
2026-08-11T23:03:00.000+01:00,"MAR1GSOPEN;AUDCAD;A1;08-11 17:36;6;08-11 17:36,08-11 17:54,08-11 19:12,08-11 19:33,08-11 19:36,08-11 19:45"
2026-08-11T23:03:00.000+01:00,"MAR1GSOPEN;AUDCAD;A2;08-11 17:36;7;08-11 17:36,08-11 17:39,08-11 17:54,08-11 19:12,08-11 19:33,08-11 19:36,08-11 19:45"
2026-08-11T23:03:00.000+01:00,"MAR1GSOPEN;AUDCAD;B1;08-11 17:39;6;08-11 17:39,08-11 17:54,08-11 19:12,08-11 19:33,08-11 19:36,08-11 19:45"
2026-08-11T23:03:00.000+01:00,"MAR1GSOPEN;AUDCAD;B2;08-11 17:54;5;08-11 17:54,08-11 19:12,08-11 19:33,08-11 19:36,08-11 19:45"
2026-08-11T23:03:00.000+01:00,MAR1GSOPEN;AUDCAD;C1;08-11 19:45;1;08-11 19:45
2026-08-11T23:03:00.000+01:00,MAR1GSOPEN;AUDCAD;C2;08-11 19:45;1;08-11 19:45
2026-08-11T23:03:00.000+01:00,"MAR1GSOPEN;AUDCAD;D1;08-11 19:33;3;08-11 19:33,08-11 19:36,08-11 19:45"
2026-08-11T23:03:00.000+01:00,MAR1GSOPEN;AUDCAD;D2;08-11 19:45;0;
2026-08-11T23:06:00.000+01:00,"MAR1GSOPEN;AUDCAD;A1;08-11 17:36;6;08-11 17:36,08-11 17:54,08-11 19:12,08-11 19:33,08-11 19:36,08-11 19:45"
2026-08-11T23:06:00.000+01:00,"MAR1GSOPEN;AUDCAD;A2;08-11 17:36;7;08-11 17:36,08-11 17:39,08-11 17:54,08-11 19:12,08-11 19:33,08-11 19:36,08-11 19:45"
2026-08-11T23:06:00.000+01:00,"MAR1GSOPEN;AUDCAD;B1;08-11 17:39;6;08-11 17:39,08-11 17:54,08-11 19:12,08-11 19:33,08-11 19:36,08-11 19:45"
2026-08-11T23:06:00.000+01:00,"MAR1GSOPEN;AUDCAD;B2;08-11 17:54;5;08-11 17:54,08-11 19:12,08-11 19:33,08-11 19:36,08-11 19:45"
2026-08-11T23:06:00.000+01:00,MAR1GSOPEN;AUDCAD;C1;08-11 19:45;1;08-11 19:45
2026-08-11T23:06:00.000+01:00,MAR1GSOPEN;AUDCAD;C2;08-11 19:45;1;08-11 19:45
2026-08-11T23:06:00.000+01:00,"MAR1GSOPEN;AUDCAD;D1;08-11 19:33;3;08-11 19:33,08-11 19:36,08-11 19:45"
2026-08-11T23:06:00.000+01:00,MAR1GSOPEN;AUDCAD;D2;08-11 19:45;0;
2026-08-11T23:09:00.000+01:00,"MAR1GSOPEN;AUDCAD;A1;08-11 17:36;6;08-11 17:36,08-11 17:54,08-11 19:12,08-11 19:33,08-11 19:36,08-11 19:45"
2026-08-11T23:09:00.000+01:00,"MAR1GSOPEN;AUDCAD;A2;08-11 17:36;7;08-11 17:36,08-11 17:39,08-11 17:54,08-11 19:12,08-11 19:33,08-11 19:36,08-11 19:45"
2026-08-11T23:09:00.000+01:00,"MAR1GSOPEN;AUDCAD;B1;08-11 17:39;6;08-11 17:39,08-11 17:54,08-11 19:12,08-11 19:33,08-11 19:36,08-11 19:45"
2026-08-11T23:09:00.000+01:00,"MAR1GSOPEN;AUDCAD;B2;08-11 17:54;5;08-11 17:54,08-11 19:12,08-11 19:33,08-11 19:36,08-11 19:45"
2026-08-11T23:09:00.000+01:00,MAR1GSOPEN;AUDCAD;C1;08-11 19:45;1;08-11 19:45
2026-08-11T23:09:00.000+01:00,MAR1GSOPEN;AUDCAD;C2;08-11 19:45;1;08-11 19:45
2026-08-11T23:09:00.000+01:00,"MAR1GSOPEN;AUDCAD;D1;08-11 19:33;3;08-11 19:33,08-11 19:36,08-11 19:45"
2026-08-11T23:09:00.000+01:00,MAR1GSOPEN;AUDCAD;D2;08-11 19:45;0;
2026-08-11T23:12:00.000+01:00,"MAR1GSOPEN;AUDCAD;A1;08-11 17:36;6;08-11 17:36,08-11 17:54,08-11 19:12,08-11 19:33,08-11 19:36,08-11 19:45"
2026-08-11T23:12:00.000+01:00,"MAR1GSOPEN;AUDCAD;A2;08-11 17:36;7;08-11 17:36,08-11 17:39,08-11 17:54,08-11 19:12,08-11 19:33,08-11 19:36,08-11 19:45"
2026-08-11T23:12:00.000+01:00,"MAR1GSOPEN;AUDCAD;B1;08-11 17:39;6;08-11 17:39,08-11 17:54,08-11 19:12,08-11 19:33,08-11 19:36,08-11 19:45"
2026-08-11T23:12:00.000+01:00,"MAR1GSOPEN;AUDCAD;B2;08-11 17:54;5;08-11 17:54,08-11 19:12,08-11 19:33,08-11 19:36,08-11 19:45"
2026-08-11T23:12:00.000+01:00,MAR1GSOPEN;AUDCAD;C1;08-11 19:45;1;08-11 19:45
2026-08-11T23:12:00.000+01:00,MAR1GSOPEN;AUDCAD;C2;08-11 19:45;1;08-11 19:45
2026-08-11T23:12:00.000+01:00,"MAR1GSOPEN;AUDCAD;D1;08-11 19:33;3;08-11 19:33,08-11 19:36,08-11 19:45"
2026-08-11T23:12:00.000+01:00,MAR1GSOPEN;AUDCAD;D2;08-11 19:45;0;
2026-08-11T23:15:00.000+01:00,"MAR1GSOPEN;AUDCAD;A1;08-11 17:36;6;08-11 17:36,08-11 17:54,08-11 19:12,08-11 19:33,08-11 19:36,08-11 19:45"
2026-08-11T23:15:00.000+01:00,"MAR1GSOPEN;AUDCAD;A2;08-11 17:36;7;08-11 17:36,08-11 17:39,08-11 17:54,08-11 19:12,08-11 19:33,08-11 19:36,08-11 19:45"
2026-08-11T23:15:00.000+01:00,"MAR1GSOPEN;AUDCAD;B1;08-11 17:39;6;08-11 17:39,08-11 17:54,08-11 19:12,08-11 19:33,08-11 19:36,08-11 19:45"
2026-08-11T23:15:00.000+01:00,"MAR1GSOPEN;AUDCAD;B2;08-11 17:54;5;08-11 17:54,08-11 19:12,08-11 19:33,08-11 19:36,08-11 19:45"
2026-08-11T23:15:00.000+01:00,MAR1GSOPEN;AUDCAD;C1;08-11 19:45;1;08-11 19:45
2026-08-11T23:15:00.000+01:00,MAR1GSOPEN;AUDCAD;C2;08-11 19:45;1;08-11 19:45
2026-08-11T23:15:00.000+01:00,"MAR1GSOPEN;AUDCAD;D1;08-11 19:33;3;08-11 19:33,08-11 19:36,08-11 19:45"
2026-08-11T23:15:00.000+01:00,MAR1GSOPEN;AUDCAD;D2;08-11 19:45;0;
2026-08-11T23:18:00.000+01:00,"MAR1GSOPEN;AUDCAD;A1;08-11 17:36;6;08-11 17:36,08-11 17:54,08-11 19:12,08-11 19:33,08-11 19:36,08-11 19:45"
2026-08-11T23:18:00.000+01:00,"MAR1GSOPEN;AUDCAD;A2;08-11 17:36;7;08-11 17:36,08-11 17:39,08-11 17:54,08-11 19:12,08-11 19:33,08-11 19:36,08-11 19:45"
2026-08-11T23:18:00.000+01:00,"MAR1GSOPEN;AUDCAD;B1;08-11 17:39;6;08-11 17:39,08-11 17:54,08-11 19:12,08-11 19:33,08-11 19:36,08-11 19:45"
2026-08-11T23:18:00.000+01:00,"MAR1GSOPEN;AUDCAD;B2;08-11 17:54;5;08-11 17:54,08-11 19:12,08-11 19:33,08-11 19:36,08-11 19:45"
2026-08-11T23:18:00.000+01:00,MAR1GSOPEN;AUDCAD;C1;08-11 19:45;1;08-11 19:45
2026-08-11T23:18:00.000+01:00,MAR1GSOPEN;AUDCAD;C2;08-11 19:45;1;08-11 19:45
2026-08-11T23:18:00.000+01:00,"MAR1GSOPEN;AUDCAD;D1;08-11 19:33;3;08-11 19:33,08-11 19:36,08-11 19:45"
2026-08-11T23:18:00.000+01:00,MAR1GSOPEN;AUDCAD;D2;08-11 19:45;0;
2026-08-11T23:21:00.000+01:00,"MAR1GSOPEN;AUDCAD;A1;08-11 17:36;6;08-11 17:36,08-11 17:54,08-11 19:12,08-11 19:33,08-11 19:36,08-11 19:45"
2026-08-11T23:21:00.000+01:00,"MAR1GSOPEN;AUDCAD;A2;08-11 17:36;7;08-11 17:36,08-11 17:39,08-11 17:54,08-11 19:12,08-11 19:33,08-11 19:36,08-11 19:45"
2026-08-11T23:21:00.000+01:00,"MAR1GSOPEN;AUDCAD;B1;08-11 17:39;6;08-11 17:39,08-11 17:54,08-11 19:12,08-11 19:33,08-11 19:36,08-11 19:45"
2026-08-11T23:21:00.000+01:00,"MAR1GSOPEN;AUDCAD;B2;08-11 17:54;5;08-11 17:54,08-11 19:12,08-11 19:33,08-11 19:36,08-11 19:45"
2026-08-11T23:21:00.000+01:00,MAR1GSOPEN;AUDCAD;C1;08-11 19:45;1;08-11 19:45
2026-08-11T23:21:00.000+01:00,MAR1GSOPEN;AUDCAD;C2;08-11 19:45;1;08-11 19:45
2026-08-11T23:21:00.000+01:00,"MAR1GSOPEN;AUDCAD;D1;08-11 19:33;3;08-11 19:33,08-11 19:36,08-11 19:45"
2026-08-11T23:21:00.000+01:00,MAR1GSOPEN;AUDCAD;D2;08-11 19:45;0;
2026-08-11T23:24:00.000+01:00,"MAR1GSOPEN;AUDCAD;A1;08-11 17:36;6;08-11 17:36,08-11 17:54,08-11 19:12,08-11 19:33,08-11 19:36,08-11 19:45"
2026-08-11T23:24:00.000+01:00,"MAR1GSOPEN;AUDCAD;A2;08-11 17:36;7;08-11 17:36,08-11 17:39,08-11 17:54,08-11 19:12,08-11 19:33,08-11 19:36,08-11 19:45"
2026-08-11T23:24:00.000+01:00,"MAR1GSOPEN;AUDCAD;B1;08-11 17:39;6;08-11 17:39,08-11 17:54,08-11 19:12,08-11 19:33,08-11 19:36,08-11 19:45"
2026-08-11T23:24:00.000+01:00,"MAR1GSOPEN;AUDCAD;B2;08-11 17:54;5;08-11 17:54,08-11 19:12,08-11 19:33,08-11 19:36,08-11 19:45"
2026-08-11T23:24:00.000+01:00,MAR1GSOPEN;AUDCAD;C1;08-11 19:45;1;08-11 19:45
2026-08-11T23:24:00.000+01:00,MAR1GSOPEN;AUDCAD;C2;08-11 19:45;1;08-11 19:45
2026-08-11T23:24:00.000+01:00,"MAR1GSOPEN;AUDCAD;D1;08-11 19:33;3;08-11 19:33,08-11 19:36,08-11 19:45"
2026-08-11T23:24:00.000+01:00,MAR1GSOPEN;AUDCAD;D2;08-11 19:45;0;
2026-08-11T23:27:00.000+01:00,"MAR1GSOPEN;AUDCAD;A1;08-11 17:36;6;08-11 17:36,08-11 17:54,08-11 19:12,08-11 19:33,08-11 19:36,08-11 19:45"
2026-08-11T23:27:00.000+01:00,"MAR1GSOPEN;AUDCAD;A2;08-11 17:36;7;08-11 17:36,08-11 17:39,08-11 17:54,08-11 19:12,08-11 19:33,08-11 19:36,08-11 19:45"
2026-08-11T23:27:00.000+01:00,"MAR1GSOPEN;AUDCAD;B1;08-11 17:39;6;08-11 17:39,08-11 17:54,08-11 19:12,08-11 19:33,08-11 19:36,08-11 19:45"
2026-08-11T23:27:00.000+01:00,"MAR1GSOPEN;AUDCAD;B2;08-11 17:54;5;08-11 17:54,08-11 19:12,08-11 19:33,08-11 19:36,08-11 19:45"
2026-08-11T23:27:00.000+01:00,MAR1GSOPEN;AUDCAD;C1;08-11 19:45;1;08-11 19:45
2026-08-11T23:27:00.000+01:00,MAR1GSOPEN;AUDCAD;C2;08-11 19:45;1;08-11 19:45
2026-08-11T23:27:00.000+01:00,"MAR1GSOPEN;AUDCAD;D1;08-11 19:33;3;08-11 19:33,08-11 19:36,08-11 19:45"
2026-08-11T23:27:00.000+01:00,MAR1GSOPEN;AUDCAD;D2;08-11 19:45;0;
2026-07-27T10:24:00.000+01:00,MAR1GSOPEN;EURJPY;A1;07-27 10:24;0;
2026-07-27T10:27:00.000+01:00,MAR1GSOPEN;EURJPY;A1;07-27 10:24;0;
2026-07-27T10:30:00.000+01:00,MAR1GSOPEN;EURJPY;A1;07-27 10:24;0;
2026-07-27T10:33:00.000+01:00,MAR1GSOPEN;EURJPY;A1;07-27 10:24;0;
2026-07-27T10:36:00.000+01:00,MAR1GSOPEN;EURJPY;A1;07-27 10:24;0;
2026-07-27T10:39:00.000+01:00,MAR1GSOPEN;EURJPY;A1;07-27 10:24;0;
2026-07-27T10:42:00.000+01:00,MAR1GSOPEN;EURJPY;A1;07-27 10:24;0;
2026-07-27T10:45:00.000+01:00,MAR1GSOPEN;EURJPY;A1;07-27 10:24;0;
2026-07-27T10:48:00.000+01:00,MAR1GSOPEN;EURJPY;A1;07-27 10:24;0;
2026-07-27T10:51:00.000+01:00,MAR1GSOPEN;EURJPY;A1;07-27 10:24;0;
2026-07-27T10:54:00.000+01:00,MAR1GSOPEN;EURJPY;A1;07-27 10:24;0;
2026-07-27T10:57:00.000+01:00,MAR1GSOPEN;EURJPY;A1;07-27 10:24;0;
2026-07-27T11:00:00.000+01:00,MAR1GSOPEN;EURJPY;A1;07-27 10:24;0;
2026-07-27T11:03:00.000+01:00,MAR1GSOPEN;EURJPY;A1;07-27 10:24;0;
2026-07-27T11:06:00.000+01:00,MAR1GSOPEN;EURJPY;A1;07-27 10:24;0;
2026-07-27T11:09:00.000+01:00,MAR1GSOPEN;EURJPY;A1;07-27 10:24;0;
2026-07-27T11:12:00.000+01:00,MAR1GSOPEN;EURJPY;A1;07-27 10:24;0;
2026-07-27T11:15:00.000+01:00,MAR1GSOPEN;EURJPY;A1;07-27 10:24;0;
2026-07-27T11:18:00.000+01:00,MAR1GSOPEN;EURJPY;A1;07-27 10:24;0;
2026-07-27T11:21:00.000+01:00,MAR1GSOPEN;EURJPY;A1;07-27 10:24;0;
2026-07-27T11:24:00.000+01:00,MAR1GSOPEN;EURJPY;A1;07-27 10:24;0;
2026-07-27T11:27:00.000+01:00,MAR1GSOPEN;EURJPY;A1;07-27 10:24;0;
2026-07-27T11:30:00.000+01:00,MAR1GSOPEN;EURJPY;A1;07-27 10:24;0;
2026-07-27T11:33:00.000+01:00,MAR1GSOPEN;EURJPY;A1;07-27 10:24;0;
2026-07-27T11:36:00.000+01:00,MAR1GSOPEN;EURJPY;A1;07-27 10:24;0;
2026-07-27T11:39:00.000+01:00,MAR1GSOPEN;EURJPY;A1;07-27 10:24;0;
2026-07-27T11:42:00.000+01:00,MAR1GSOPEN;EURJPY;A1;07-27 10:24;0;
2026-07-27T11:45:00.000+01:00,MAR1GSOPEN;EURJPY;A1;07-27 10:24;0;
2026-07-27T11:48:00.000+01:00,MAR1GSCLOSE;EURJPY;A1;07-27 11:48;07-27 11:51;1;long;07-27 11:48
2026-07-28T08:27:00.000+01:00,MAR1GSOPEN;EURJPY;C1;07-28 08:27;0;
2026-07-28T08:30:00.000+01:00,MAR1GSOPEN;EURJPY;A1;07-28 08:30;0;
2026-07-28T08:30:00.000+01:00,MAR1GSOPEN;EURJPY;A2;07-28 08:30;0;
2026-07-28T08:30:00.000+01:00,MAR1GSOPEN;EURJPY;C1;07-28 08:30;1;07-28 08:30
2026-07-28T08:30:00.000+01:00,MAR1GSOPEN;EURJPY;C2;07-28 08:30;0;
2026-07-28T08:33:00.000+01:00,MAR1GSOPEN;EURJPY;A1;07-28 08:30;0;
2026-07-28T08:33:00.000+01:00,MAR1GSOPEN;EURJPY;A2;07-28 08:30;0;
2026-07-28T08:33:00.000+01:00,MAR1GSOPEN;EURJPY;C1;07-28 08:30;1;07-28 08:30
2026-07-28T08:33:00.000+01:00,MAR1GSOPEN;EURJPY;C2;07-28 08:30;0;
2026-07-28T08:36:00.000+01:00,MAR1GSOPEN;EURJPY;A1;07-28 08:30;0;
2026-07-28T08:36:00.000+01:00,MAR1GSOPEN;EURJPY;A2;07-28 08:36;1;07-28 08:36
2026-07-28T08:36:00.000+01:00,MAR1GSOPEN;EURJPY;B1;07-28 08:36;0;
2026-07-28T08:36:00.000+01:00,"MAR1GSOPEN;EURJPY;C1;07-28 08:30;2;07-28 08:30,07-28 08:36"
2026-07-28T08:36:00.000+01:00,MAR1GSOPEN;EURJPY;C2;07-28 08:30;0;
2026-07-28T08:39:00.000+01:00,MAR1GSOPEN;EURJPY;A1;07-28 08:30;0;
2026-07-28T08:39:00.000+01:00,MAR1GSOPEN;EURJPY;A2;07-28 08:36;1;07-28 08:36
2026-07-28T08:39:00.000+01:00,MAR1GSOPEN;EURJPY;B1;07-28 08:36;0;
2026-07-28T08:39:00.000+01:00,"MAR1GSOPEN;EURJPY;C1;07-28 08:30;2;07-28 08:30,07-28 08:36"
2026-07-28T08:39:00.000+01:00,MAR1GSOPEN;EURJPY;C2;07-28 08:30;0;
2026-07-28T08:42:00.000+01:00,MAR1GSOPEN;EURJPY;A1;07-28 08:30;0;
2026-07-28T08:42:00.000+01:00,MAR1GSOPEN;EURJPY;A2;07-28 08:36;1;07-28 08:36
2026-07-28T08:42:00.000+01:00,MAR1GSOPEN;EURJPY;B1;07-28 08:36;0;
2026-07-28T08:42:00.000+01:00,"MAR1GSOPEN;EURJPY;C1;07-28 08:30;2;07-28 08:30,07-28 08:36"
2026-07-28T08:42:00.000+01:00,MAR1GSOPEN;EURJPY;C2;07-28 08:30;0;
2026-07-28T08:45:00.000+01:00,MAR1GSOPEN;EURJPY;A1;07-28 08:30;0;
2026-07-28T08:45:00.000+01:00,MAR1GSOPEN;EURJPY;A2;07-28 08:36;1;07-28 08:36
2026-07-28T08:45:00.000+01:00,MAR1GSOPEN;EURJPY;B1;07-28 08:36;0;
2026-07-28T08:45:00.000+01:00,"MAR1GSOPEN;EURJPY;C1;07-28 08:30;2;07-28 08:30,07-28 08:36"
2026-07-28T08:45:00.000+01:00,MAR1GSOPEN;EURJPY;C2;07-28 08:30;0;
2026-07-28T08:48:00.000+01:00,MAR1GSOPEN;EURJPY;A1;07-28 08:30;0;
2026-07-28T08:48:00.000+01:00,MAR1GSOPEN;EURJPY;A2;07-28 08:36;1;07-28 08:36
2026-07-28T08:48:00.000+01:00,MAR1GSOPEN;EURJPY;B1;07-28 08:36;0;
2026-07-28T08:48:00.000+01:00,"MAR1GSOPEN;EURJPY;C1;07-28 08:30;2;07-28 08:30,07-28 08:36"
2026-07-28T08:48:00.000+01:00,MAR1GSOPEN;EURJPY;C2;07-28 08:30;0;
2026-07-28T08:51:00.000+01:00,MAR1GSOPEN;EURJPY;A1;07-28 08:30;0;
2026-07-28T08:51:00.000+01:00,MAR1GSOPEN;EURJPY;A2;07-28 08:36;1;07-28 08:36
2026-07-28T08:51:00.000+01:00,MAR1GSOPEN;EURJPY;B1;07-28 08:36;0;
2026-07-28T08:51:00.000+01:00,"MAR1GSOPEN;EURJPY;C1;07-28 08:30;2;07-28 08:30,07-28 08:36"
2026-07-28T08:51:00.000+01:00,MAR1GSOPEN;EURJPY;C2;07-28 08:30;0;
2026-07-28T08:54:00.000+01:00,MAR1GSOPEN;EURJPY;A1;07-28 08:30;0;
2026-07-28T08:54:00.000+01:00,MAR1GSOPEN;EURJPY;A2;07-28 08:36;1;07-28 08:36
2026-07-28T08:54:00.000+01:00,MAR1GSOPEN;EURJPY;B1;07-28 08:36;0;
2026-07-28T08:54:00.000+01:00,"MAR1GSOPEN;EURJPY;C1;07-28 08:30;2;07-28 08:30,07-28 08:36"
2026-07-28T08:54:00.000+01:00,MAR1GSOPEN;EURJPY;C2;07-28 08:30;0;
2026-07-28T08:57:00.000+01:00,MAR1GSOPEN;EURJPY;A1;07-28 08:30;0;
2026-07-28T08:57:00.000+01:00,MAR1GSOPEN;EURJPY;A2;07-28 08:36;1;07-28 08:36
2026-07-28T08:57:00.000+01:00,MAR1GSOPEN;EURJPY;B1;07-28 08:36;0;
2026-07-28T08:57:00.000+01:00,"MAR1GSOPEN;EURJPY;C1;07-28 08:30;2;07-28 08:30,07-28 08:36"
2026-07-28T08:57:00.000+01:00,MAR1GSOPEN;EURJPY;C2;07-28 08:30;0;
2026-07-28T09:00:00.000+01:00,MAR1GSOPEN;EURJPY;A1;07-28 08:30;0;
2026-07-28T09:00:00.000+01:00,MAR1GSOPEN;EURJPY;A2;07-28 08:36;1;07-28 08:36
2026-07-28T09:00:00.000+01:00,MAR1GSOPEN;EURJPY;B1;07-28 08:36;0;
2026-07-28T09:00:00.000+01:00,"MAR1GSOPEN;EURJPY;C1;07-28 08:30;2;07-28 08:30,07-28 08:36"
2026-07-28T09:00:00.000+01:00,MAR1GSOPEN;EURJPY;C2;07-28 08:30;0;
2026-07-28T09:03:00.000+01:00,MAR1GSOPEN;EURJPY;A1;07-28 08:30;0;
2026-07-28T09:03:00.000+01:00,MAR1GSOPEN;EURJPY;A2;07-28 08:36;1;07-28 08:36
2026-07-28T09:03:00.000+01:00,MAR1GSOPEN;EURJPY;B1;07-28 08:36;0;
2026-07-28T09:03:00.000+01:00,"MAR1GSOPEN;EURJPY;C1;07-28 08:30;2;07-28 08:30,07-28 08:36"
2026-07-28T09:03:00.000+01:00,MAR1GSOPEN;EURJPY;C2;07-28 08:30;0;
2026-07-28T09:06:00.000+01:00,MAR1GSOPEN;EURJPY;A1;07-28 08:30;0;
2026-07-28T09:06:00.000+01:00,MAR1GSOPEN;EURJPY;A2;07-28 08:36;1;07-28 08:36
2026-07-28T09:06:00.000+01:00,MAR1GSOPEN;EURJPY;B1;07-28 08:36;0;
2026-07-28T09:06:00.000+01:00,"MAR1GSOPEN;EURJPY;C1;07-28 08:30;2;07-28 08:30,07-28 08:36"
2026-07-28T09:06:00.000+01:00,MAR1GSOPEN;EURJPY;C2;07-28 08:30;0;
2026-07-28T09:09:00.000+01:00,MAR1GSOPEN;EURJPY;A1;07-28 08:30;0;
2026-07-28T09:09:00.000+01:00,MAR1GSOPEN;EURJPY;A2;07-28 08:36;1;07-28 08:36
2026-07-28T09:09:00.000+01:00,MAR1GSOPEN;EURJPY;B1;07-28 08:36;0;
2026-07-28T09:09:00.000+01:00,"MAR1GSOPEN;EURJPY;C1;07-28 08:30;2;07-28 08:30,07-28 08:36"
2026-07-28T09:09:00.000+01:00,MAR1GSOPEN;EURJPY;C2;07-28 08:30;0;
2026-07-28T09:12:00.000+01:00,MAR1GSOPEN;EURJPY;A1;07-28 08:30;0;
2026-07-28T09:12:00.000+01:00,MAR1GSOPEN;EURJPY;A2;07-28 08:36;1;07-28 08:36
2026-07-28T09:12:00.000+01:00,MAR1GSOPEN;EURJPY;B1;07-28 08:36;0;
2026-07-28T09:12:00.000+01:00,"MAR1GSOPEN;EURJPY;C1;07-28 08:30;2;07-28 08:30,07-28 08:36"
2026-07-28T09:12:00.000+01:00,MAR1GSOPEN;EURJPY;C2;07-28 08:30;0;
2026-07-28T09:15:00.000+01:00,MAR1GSOPEN;EURJPY;A1;07-28 08:30;0;
2026-07-28T09:15:00.000+01:00,MAR1GSOPEN;EURJPY;A2;07-28 08:36;1;07-28 08:36
2026-07-28T09:15:00.000+01:00,MAR1GSOPEN;EURJPY;B1;07-28 08:36;0;
2026-07-28T09:15:00.000+01:00,"MAR1GSOPEN;EURJPY;C1;07-28 08:30;2;07-28 08:30,07-28 08:36"
2026-07-28T09:15:00.000+01:00,MAR1GSOPEN;EURJPY;C2;07-28 08:30;0;
2026-07-28T09:18:00.000+01:00,MAR1GSOPEN;EURJPY;A1;07-28 08:30;0;
2026-07-28T09:18:00.000+01:00,MAR1GSOPEN;EURJPY;A2;07-28 08:36;1;07-28 08:36
2026-07-28T09:18:00.000+01:00,MAR1GSOPEN;EURJPY;B1;07-28 08:36;0;
2026-07-28T09:18:00.000+01:00,"MAR1GSOPEN;EURJPY;C1;07-28 08:30;2;07-28 08:30,07-28 08:36"
2026-07-28T09:18:00.000+01:00,MAR1GSOPEN;EURJPY;C2;07-28 08:30;0;
2026-07-28T09:21:00.000+01:00,MAR1GSOPEN;EURJPY;A1;07-28 08:30;0;
2026-07-28T09:21:00.000+01:00,MAR1GSOPEN;EURJPY;A2;07-28 08:36;1;07-28 08:36
2026-07-28T09:21:00.000+01:00,MAR1GSOPEN;EURJPY;B1;07-28 08:36;0;
2026-07-28T09:21:00.000+01:00,"MAR1GSOPEN;EURJPY;C1;07-28 08:30;2;07-28 08:30,07-28 08:36"
2026-07-28T09:21:00.000+01:00,MAR1GSOPEN;EURJPY;C2;07-28 08:30;0;
2026-07-28T09:24:00.000+01:00,MAR1GSOPEN;EURJPY;A1;07-28 08:30;0;
2026-07-28T09:24:00.000+01:00,MAR1GSOPEN;EURJPY;A2;07-28 08:36;1;07-28 08:36
2026-07-28T09:24:00.000+01:00,MAR1GSOPEN;EURJPY;B1;07-28 08:36;0;
2026-07-28T09:24:00.000+01:00,"MAR1GSOPEN;EURJPY;C1;07-28 08:30;2;07-28 08:30,07-28 08:36"
2026-07-28T09:24:00.000+01:00,MAR1GSOPEN;EURJPY;C2;07-28 08:30;0;
2026-07-28T09:27:00.000+01:00,MAR1GSCLOSE;EURJPY;A1;07-28 09:27;07-28 09:30;1;long;07-28 09:27
2026-07-28T09:27:00.000+01:00,"MAR1GSCLOSE;EURJPY;A2;07-28 08:36;07-28 09:30;2;long;07-28 08:36,07-28 09:27"
2026-07-28T09:27:00.000+01:00,MAR1GSCLOSE;EURJPY;B1;07-28 09:27;07-28 09:30;1;long;07-28 09:27
2026-07-28T09:27:00.000+01:00,"MAR1GSCLOSE;EURJPY;C1;07-28 08:30;07-28 09:30;3;long;07-28 08:30,07-28 08:36,07-28 09:27"
2026-07-28T09:27:00.000+01:00,MAR1GSCLOSE;EURJPY;C2;07-28 09:27;07-28 09:30;1;long;07-28 09:27
2026-07-28T12:48:00.000+01:00,MAR1GSOPEN;EURJPY;A2;07-28 12:48;0;
2026-07-28T12:51:00.000+01:00,MAR1GSOPEN;EURJPY;A2;07-28 12:48;0;
2026-07-28T12:54:00.000+01:00,MAR1GSOPEN;EURJPY;A2;07-28 12:48;0;
2026-07-28T12:57:00.000+01:00,MAR1GSOPEN;EURJPY;A2;07-28 12:48;0;
2026-07-28T13:00:00.000+01:00,MAR1GSOPEN;EURJPY;A2;07-28 12:48;0;
2026-07-28T13:03:00.000+01:00,MAR1GSOPEN;EURJPY;A2;07-28 12:48;0;
2026-07-28T13:06:00.000+01:00,MAR1GSOPEN;EURJPY;A2;07-28 12:48;0;
2026-07-28T13:09:00.000+01:00,MAR1GSOPEN;EURJPY;A2;07-28 12:48;0;
2026-07-28T13:12:00.000+01:00,MAR1GSOPEN;EURJPY;A2;07-28 12:48;0;
2026-07-28T13:15:00.000+01:00,MAR1GSOPEN;EURJPY;A2;07-28 12:48;0;
2026-07-28T13:18:00.000+01:00,MAR1GSOPEN;EURJPY;A2;07-28 12:48;0;
2026-07-28T13:21:00.000+01:00,MAR1GSOPEN;EURJPY;A2;07-28 12:48;0;
2026-07-28T13:24:00.000+01:00,MAR1GSOPEN;EURJPY;A2;07-28 12:48;0;
2026-07-28T13:27:00.000+01:00,MAR1GSOPEN;EURJPY;A2;07-28 12:48;0;
2026-07-28T13:30:00.000+01:00,MAR1GSOPEN;EURJPY;A2;07-28 12:48;0;
2026-07-28T13:33:00.000+01:00,MAR1GSOPEN;EURJPY;A2;07-28 12:48;0;
2026-07-28T13:36:00.000+01:00,MAR1GSOPEN;EURJPY;A1;07-28 13:36;0;
2026-07-28T13:36:00.000+01:00,MAR1GSOPEN;EURJPY;A2;07-28 13:36;1;07-28 13:36
2026-07-28T13:36:00.000+01:00,MAR1GSOPEN;EURJPY;B1;07-28 13:36;0;
2026-07-28T13:39:00.000+01:00,MAR1GSOPEN;EURJPY;A1;07-28 13:39;1;07-28 13:39
2026-07-28T13:39:00.000+01:00,"MAR1GSOPEN;EURJPY;A2;07-28 13:36;2;07-28 13:36,07-28 13:39"
2026-07-28T13:39:00.000+01:00,MAR1GSOPEN;EURJPY;B1;07-28 13:39;1;07-28 13:39
2026-07-28T13:39:00.000+01:00,MAR1GSOPEN;EURJPY;B2;07-28 13:39;0;
2026-07-28T13:42:00.000+01:00,MAR1GSOPEN;EURJPY;A1;07-28 13:39;1;07-28 13:39
2026-07-28T13:42:00.000+01:00,"MAR1GSOPEN;EURJPY;A2;07-28 13:36;2;07-28 13:36,07-28 13:39"
2026-07-28T13:42:00.000+01:00,MAR1GSOPEN;EURJPY;B1;07-28 13:39;1;07-28 13:39
2026-07-28T13:42:00.000+01:00,MAR1GSOPEN;EURJPY;B2;07-28 13:39;0;
2026-07-28T13:45:00.000+01:00,"MAR1GSOPEN;EURJPY;A1;07-28 13:39;2;07-28 13:39,07-28 13:45"
2026-07-28T13:45:00.000+01:00,"MAR1GSOPEN;EURJPY;A2;07-28 13:36;3;07-28 13:36,07-28 13:39,07-28 13:45"
2026-07-28T13:45:00.000+01:00,"MAR1GSOPEN;EURJPY;B1;07-28 13:39;2;07-28 13:39,07-28 13:45"
2026-07-28T13:45:00.000+01:00,MAR1GSOPEN;EURJPY;B2;07-28 13:45;1;07-28 13:45
2026-07-28T13:45:00.000+01:00,MAR1GSOPEN;EURJPY;C1;07-28 13:45;1;07-28 13:45
2026-07-28T13:48:00.000+01:00,"MAR1GSOPEN;EURJPY;A1;07-28 13:39;3;07-28 13:39,07-28 13:45,07-28 13:48"
2026-07-28T13:48:00.000+01:00,"MAR1GSOPEN;EURJPY;A2;07-28 13:36;3;07-28 13:36,07-28 13:39,07-28 13:45"
2026-07-28T13:48:00.000+01:00,"MAR1GSOPEN;EURJPY;B1;07-28 13:39;2;07-28 13:39,07-28 13:45"
2026-07-28T13:48:00.000+01:00,"MAR1GSOPEN;EURJPY;B2;07-28 13:45;2;07-28 13:45,07-28 13:48"
2026-07-28T13:48:00.000+01:00,MAR1GSOPEN;EURJPY;C1;07-28 13:45;1;07-28 13:45
2026-07-28T13:48:00.000+01:00,MAR1GSOPEN;EURJPY;D1;07-28 13:48;0;
2026-07-28T13:51:00.000+01:00,"MAR1GSOPEN;EURJPY;A1;07-28 13:39;3;07-28 13:39,07-28 13:45,07-28 13:48"
2026-07-28T13:51:00.000+01:00,"MAR1GSOPEN;EURJPY;A2;07-28 13:36;3;07-28 13:36,07-28 13:39,07-28 13:45"
2026-07-28T13:51:00.000+01:00,"MAR1GSOPEN;EURJPY;B1;07-28 13:39;2;07-28 13:39,07-28 13:45"
2026-07-28T13:51:00.000+01:00,"MAR1GSOPEN;EURJPY;B2;07-28 13:45;2;07-28 13:45,07-28 13:48"
2026-07-28T13:51:00.000+01:00,MAR1GSOPEN;EURJPY;C1;07-28 13:45;1;07-28 13:45
2026-07-28T13:51:00.000+01:00,MAR1GSOPEN;EURJPY;D1;07-28 13:48;0;
2026-07-28T13:54:00.000+01:00,"MAR1GSOPEN;EURJPY;A1;07-28 13:39;3;07-28 13:39,07-28 13:45,07-28 13:48"
2026-07-28T13:54:00.000+01:00,"MAR1GSOPEN;EURJPY;A2;07-28 13:36;3;07-28 13:36,07-28 13:39,07-28 13:45"
2026-07-28T13:54:00.000+01:00,"MAR1GSOPEN;EURJPY;B1;07-28 13:39;2;07-28 13:39,07-28 13:45"
2026-07-28T13:54:00.000+01:00,"MAR1GSOPEN;EURJPY;B2;07-28 13:45;2;07-28 13:45,07-28 13:48"
2026-07-28T13:54:00.000+01:00,MAR1GSOPEN;EURJPY;C1;07-28 13:45;1;07-28 13:45
2026-07-28T13:54:00.000+01:00,MAR1GSOPEN;EURJPY;D1;07-28 13:48;0;
2026-07-28T13:57:00.000+01:00,"MAR1GSOPEN;EURJPY;A1;07-28 13:39;3;07-28 13:39,07-28 13:45,07-28 13:48"
2026-07-28T13:57:00.000+01:00,"MAR1GSOPEN;EURJPY;A2;07-28 13:36;3;07-28 13:36,07-28 13:39,07-28 13:45"
2026-07-28T13:57:00.000+01:00,"MAR1GSOPEN;EURJPY;B1;07-28 13:39;2;07-28 13:39,07-28 13:45"
2026-07-28T13:57:00.000+01:00,"MAR1GSOPEN;EURJPY;B2;07-28 13:45;2;07-28 13:45,07-28 13:48"
2026-07-28T13:57:00.000+01:00,MAR1GSOPEN;EURJPY;C1;07-28 13:45;1;07-28 13:45
2026-07-28T13:57:00.000+01:00,MAR1GSOPEN;EURJPY;D1;07-28 13:48;0;
2026-07-28T14:00:00.000+01:00,"MAR1GSOPEN;EURJPY;A1;07-28 13:39;3;07-28 13:39,07-28 13:45,07-28 13:48"
2026-07-28T14:00:00.000+01:00,"MAR1GSOPEN;EURJPY;A2;07-28 13:36;3;07-28 13:36,07-28 13:39,07-28 13:45"
2026-07-28T14:00:00.000+01:00,"MAR1GSOPEN;EURJPY;B1;07-28 13:39;2;07-28 13:39,07-28 13:45"
2026-07-28T14:00:00.000+01:00,"MAR1GSOPEN;EURJPY;B2;07-28 13:45;2;07-28 13:45,07-28 13:48"
2026-07-28T14:00:00.000+01:00,MAR1GSOPEN;EURJPY;C1;07-28 13:45;1;07-28 13:45
2026-07-28T14:00:00.000+01:00,MAR1GSOPEN;EURJPY;D1;07-28 13:48;0;
2026-07-28T14:03:00.000+01:00,"MAR1GSOPEN;EURJPY;A1;07-28 13:39;3;07-28 13:39,07-28 13:45,07-28 13:48"
2026-07-28T14:03:00.000+01:00,"MAR1GSOPEN;EURJPY;A2;07-28 13:36;3;07-28 13:36,07-28 13:39,07-28 13:45"
2026-07-28T14:03:00.000+01:00,"MAR1GSOPEN;EURJPY;B1;07-28 13:39;2;07-28 13:39,07-28 13:45"
2026-07-28T14:03:00.000+01:00,"MAR1GSOPEN;EURJPY;B2;07-28 13:45;2;07-28 13:45,07-28 13:48"
2026-07-28T14:03:00.000+01:00,MAR1GSOPEN;EURJPY;C1;07-28 13:45;1;07-28 13:45
2026-07-28T14:03:00.000+01:00,MAR1GSOPEN;EURJPY;D1;07-28 13:48;0;
2026-07-28T14:06:00.000+01:00,"MAR1GSOPEN;EURJPY;A1;07-28 13:39;3;07-28 13:39,07-28 13:45,07-28 13:48"
2026-07-28T14:06:00.000+01:00,"MAR1GSOPEN;EURJPY;A2;07-28 13:36;3;07-28 13:36,07-28 13:39,07-28 13:45"
2026-07-28T14:06:00.000+01:00,"MAR1GSOPEN;EURJPY;B1;07-28 13:39;2;07-28 13:39,07-28 13:45"
2026-07-28T14:06:00.000+01:00,"MAR1GSOPEN;EURJPY;B2;07-28 13:45;2;07-28 13:45,07-28 13:48"
2026-07-28T14:06:00.000+01:00,MAR1GSOPEN;EURJPY;C1;07-28 13:45;1;07-28 13:45
2026-07-28T14:06:00.000+01:00,MAR1GSOPEN;EURJPY;D1;07-28 13:48;0;
2026-07-28T14:09:00.000+01:00,"MAR1GSOPEN;EURJPY;A1;07-28 13:39;3;07-28 13:39,07-28 13:45,07-28 13:48"
2026-07-28T14:09:00.000+01:00,"MAR1GSOPEN;EURJPY;A2;07-28 13:36;3;07-28 13:36,07-28 13:39,07-28 13:45"
2026-07-28T14:09:00.000+01:00,"MAR1GSOPEN;EURJPY;B1;07-28 13:39;2;07-28 13:39,07-28 13:45"
2026-07-28T14:09:00.000+01:00,"MAR1GSOPEN;EURJPY;B2;07-28 13:45;2;07-28 13:45,07-28 13:48"
2026-07-28T14:09:00.000+01:00,MAR1GSOPEN;EURJPY;C1;07-28 13:45;1;07-28 13:45
2026-07-28T14:09:00.000+01:00,MAR1GSOPEN;EURJPY;D1;07-28 13:48;0;
2026-07-28T14:12:00.000+01:00,"MAR1GSOPEN;EURJPY;A1;07-28 13:39;3;07-28 13:39,07-28 13:45,07-28 13:48"
2026-07-28T14:12:00.000+01:00,"MAR1GSOPEN;EURJPY;A2;07-28 13:36;3;07-28 13:36,07-28 13:39,07-28 13:45"
2026-07-28T14:12:00.000+01:00,"MAR1GSOPEN;EURJPY;B1;07-28 13:39;2;07-28 13:39,07-28 13:45"
2026-07-28T14:12:00.000+01:00,"MAR1GSOPEN;EURJPY;B2;07-28 13:45;2;07-28 13:45,07-28 13:48"
2026-07-28T14:12:00.000+01:00,MAR1GSOPEN;EURJPY;C1;07-28 13:45;1;07-28 13:45
2026-07-28T14:12:00.000+01:00,MAR1GSOPEN;EURJPY;D1;07-28 13:48;0;
2026-07-28T14:15:00.000+01:00,"MAR1GSOPEN;EURJPY;A1;07-28 13:39;3;07-28 13:39,07-28 13:45,07-28 13:48"
2026-07-28T14:15:00.000+01:00,"MAR1GSOPEN;EURJPY;A2;07-28 13:36;3;07-28 13:36,07-28 13:39,07-28 13:45"
2026-07-28T14:15:00.000+01:00,"MAR1GSOPEN;EURJPY;B1;07-28 13:39;2;07-28 13:39,07-28 13:45"
2026-07-28T14:15:00.000+01:00,"MAR1GSOPEN;EURJPY;B2;07-28 13:45;2;07-28 13:45,07-28 13:48"
2026-07-28T14:15:00.000+01:00,MAR1GSOPEN;EURJPY;C1;07-28 13:45;1;07-28 13:45
2026-07-28T14:15:00.000+01:00,MAR1GSOPEN;EURJPY;D1;07-28 13:48;0;
2026-07-28T14:18:00.000+01:00,"MAR1GSOPEN;EURJPY;A1;07-28 13:39;3;07-28 13:39,07-28 13:45,07-28 13:48"
2026-07-28T14:18:00.000+01:00,"MAR1GSOPEN;EURJPY;A2;07-28 13:36;3;07-28 13:36,07-28 13:39,07-28 13:45"
2026-07-28T14:18:00.000+01:00,"MAR1GSOPEN;EURJPY;B1;07-28 13:39;2;07-28 13:39,07-28 13:45"
2026-07-28T14:18:00.000+01:00,"MAR1GSOPEN;EURJPY;B2;07-28 13:45;2;07-28 13:45,07-28 13:48"
2026-07-28T14:18:00.000+01:00,MAR1GSOPEN;EURJPY;C1;07-28 13:45;1;07-28 13:45
2026-07-28T14:18:00.000+01:00,MAR1GSOPEN;EURJPY;D1;07-28 13:48;0;
2026-07-28T14:21:00.000+01:00,"MAR1GSOPEN;EURJPY;A1;07-28 13:39;3;07-28 13:39,07-28 13:45,07-28 13:48"
2026-07-28T14:21:00.000+01:00,"MAR1GSOPEN;EURJPY;A2;07-28 13:36;3;07-28 13:36,07-28 13:39,07-28 13:45"
2026-07-28T14:21:00.000+01:00,"MAR1GSOPEN;EURJPY;B1;07-28 13:39;2;07-28 13:39,07-28 13:45"
2026-07-28T14:21:00.000+01:00,"MAR1GSOPEN;EURJPY;B2;07-28 13:45;2;07-28 13:45,07-28 13:48"
2026-07-28T14:21:00.000+01:00,MAR1GSOPEN;EURJPY;C1;07-28 13:45;1;07-28 13:45
2026-07-28T14:21:00.000+01:00,MAR1GSOPEN;EURJPY;D1;07-28 13:48;0;
2026-07-28T14:24:00.000+01:00,"MAR1GSOPEN;EURJPY;A1;07-28 13:39;3;07-28 13:39,07-28 13:45,07-28 13:48"
2026-07-28T14:24:00.000+01:00,"MAR1GSOPEN;EURJPY;A2;07-28 13:36;3;07-28 13:36,07-28 13:39,07-28 13:45"
2026-07-28T14:24:00.000+01:00,"MAR1GSOPEN;EURJPY;B1;07-28 13:39;2;07-28 13:39,07-28 13:45"
2026-07-28T14:24:00.000+01:00,"MAR1GSOPEN;EURJPY;B2;07-28 13:45;2;07-28 13:45,07-28 13:48"
2026-07-28T14:24:00.000+01:00,MAR1GSOPEN;EURJPY;C1;07-28 13:45;1;07-28 13:45
2026-07-28T14:24:00.000+01:00,MAR1GSOPEN;EURJPY;D1;07-28 13:48;0;
2026-07-28T14:27:00.000+01:00,"MAR1GSOPEN;EURJPY;A1;07-28 13:39;3;07-28 13:39,07-28 13:45,07-28 13:48"
2026-07-28T14:27:00.000+01:00,"MAR1GSOPEN;EURJPY;A2;07-28 13:36;3;07-28 13:36,07-28 13:39,07-28 13:45"
2026-07-28T14:27:00.000+01:00,"MAR1GSOPEN;EURJPY;B1;07-28 13:39;2;07-28 13:39,07-28 13:45"
2026-07-28T14:27:00.000+01:00,"MAR1GSOPEN;EURJPY;B2;07-28 13:45;2;07-28 13:45,07-28 13:48"
2026-07-28T14:27:00.000+01:00,MAR1GSOPEN;EURJPY;C1;07-28 13:45;1;07-28 13:45
2026-07-28T14:27:00.000+01:00,MAR1GSOPEN;EURJPY;D1;07-28 13:48;0;
2026-07-28T14:30:00.000+01:00,"MAR1GSOPEN;EURJPY;A1;07-28 13:39;3;07-28 13:39,07-28 13:45,07-28 13:48"
2026-07-28T14:30:00.000+01:00,"MAR1GSOPEN;EURJPY;A2;07-28 13:36;3;07-28 13:36,07-28 13:39,07-28 13:45"
2026-07-28T14:30:00.000+01:00,"MAR1GSOPEN;EURJPY;B1;07-28 13:39;2;07-28 13:39,07-28 13:45"
2026-07-28T14:30:00.000+01:00,"MAR1GSOPEN;EURJPY;B2;07-28 13:45;2;07-28 13:45,07-28 13:48"
2026-07-28T14:30:00.000+01:00,MAR1GSOPEN;EURJPY;C1;07-28 13:45;1;07-28 13:45
2026-07-28T14:30:00.000+01:00,MAR1GSOPEN;EURJPY;D1;07-28 13:48;0;
2026-07-28T14:33:00.000+01:00,"MAR1GSOPEN;EURJPY;A1;07-28 13:39;3;07-28 13:39,07-28 13:45,07-28 13:48"
2026-07-28T14:33:00.000+01:00,"MAR1GSOPEN;EURJPY;A2;07-28 13:36;3;07-28 13:36,07-28 13:39,07-28 13:45"
2026-07-28T14:33:00.000+01:00,"MAR1GSOPEN;EURJPY;B1;07-28 13:39;2;07-28 13:39,07-28 13:45"
2026-07-28T14:33:00.000+01:00,"MAR1GSOPEN;EURJPY;B2;07-28 13:45;2;07-28 13:45,07-28 13:48"
2026-07-28T14:33:00.000+01:00,MAR1GSOPEN;EURJPY;C1;07-28 13:45;1;07-28 13:45
2026-07-28T14:33:00.000+01:00,MAR1GSOPEN;EURJPY;D1;07-28 13:48;0;
2026-07-28T14:36:00.000+01:00,"MAR1GSOPEN;EURJPY;A1;07-28 13:39;3;07-28 13:39,07-28 13:45,07-28 13:48"
2026-07-28T14:36:00.000+01:00,"MAR1GSOPEN;EURJPY;A2;07-28 13:36;3;07-28 13:36,07-28 13:39,07-28 13:45"
2026-07-28T14:36:00.000+01:00,"MAR1GSOPEN;EURJPY;B1;07-28 13:39;2;07-28 13:39,07-28 13:45"
2026-07-28T14:36:00.000+01:00,"MAR1GSOPEN;EURJPY;B2;07-28 13:45;2;07-28 13:45,07-28 13:48"
2026-07-28T14:36:00.000+01:00,MAR1GSOPEN;EURJPY;C1;07-28 13:45;1;07-28 13:45
2026-07-28T14:36:00.000+01:00,MAR1GSOPEN;EURJPY;D1;07-28 13:48;0;
2026-07-28T14:39:00.000+01:00,"MAR1GSOPEN;EURJPY;A1;07-28 13:39;3;07-28 13:39,07-28 13:45,07-28 13:48"
2026-07-28T14:39:00.000+01:00,"MAR1GSOPEN;EURJPY;A2;07-28 13:36;3;07-28 13:36,07-28 13:39,07-28 13:45"
2026-07-28T14:39:00.000+01:00,"MAR1GSOPEN;EURJPY;B1;07-28 13:39;2;07-28 13:39,07-28 13:45"
2026-07-28T14:39:00.000+01:00,"MAR1GSOPEN;EURJPY;B2;07-28 13:45;2;07-28 13:45,07-28 13:48"
2026-07-28T14:39:00.000+01:00,MAR1GSOPEN;EURJPY;C1;07-28 13:45;1;07-28 13:45
2026-07-28T14:39:00.000+01:00,MAR1GSOPEN;EURJPY;D1;07-28 13:48;0;
2026-07-28T14:42:00.000+01:00,"MAR1GSOPEN;EURJPY;A1;07-28 13:39;3;07-28 13:39,07-28 13:45,07-28 13:48"
2026-07-28T14:42:00.000+01:00,"MAR1GSOPEN;EURJPY;A2;07-28 13:36;3;07-28 13:36,07-28 13:39,07-28 13:45"
2026-07-28T14:42:00.000+01:00,"MAR1GSOPEN;EURJPY;B1;07-28 13:39;2;07-28 13:39,07-28 13:45"
2026-07-28T14:42:00.000+01:00,"MAR1GSOPEN;EURJPY;B2;07-28 13:45;2;07-28 13:45,07-28 13:48"
2026-07-28T14:42:00.000+01:00,MAR1GSOPEN;EURJPY;C1;07-28 13:45;1;07-28 13:45
2026-07-28T14:42:00.000+01:00,MAR1GSOPEN;EURJPY;D1;07-28 13:48;0;
2026-07-28T14:45:00.000+01:00,"MAR1GSOPEN;EURJPY;A1;07-28 13:39;3;07-28 13:39,07-28 13:45,07-28 13:48"
2026-07-28T14:45:00.000+01:00,"MAR1GSOPEN;EURJPY;A2;07-28 13:36;3;07-28 13:36,07-28 13:39,07-28 13:45"
2026-07-28T14:45:00.000+01:00,"MAR1GSOPEN;EURJPY;B1;07-28 13:39;2;07-28 13:39,07-28 13:45"
2026-07-28T14:45:00.000+01:00,"MAR1GSOPEN;EURJPY;B2;07-28 13:45;2;07-28 13:45,07-28 13:48"
2026-07-28T14:45:00.000+01:00,MAR1GSOPEN;EURJPY;C1;07-28 13:45;1;07-28 13:45
2026-07-28T14:45:00.000+01:00,MAR1GSOPEN;EURJPY;D1;07-28 13:48;0;
2026-07-28T14:48:00.000+01:00,"MAR1GSOPEN;EURJPY;A1;07-28 13:39;3;07-28 13:39,07-28 13:45,07-28 13:48"
2026-07-28T14:48:00.000+01:00,"MAR1GSOPEN;EURJPY;A2;07-28 13:36;3;07-28 13:36,07-28 13:39,07-28 13:45"
2026-07-28T14:48:00.000+01:00,"MAR1GSOPEN;EURJPY;B1;07-28 13:39;2;07-28 13:39,07-28 13:45"
2026-07-28T14:48:00.000+01:00,"MAR1GSOPEN;EURJPY;B2;07-28 13:45;2;07-28 13:45,07-28 13:48"
2026-07-28T14:48:00.000+01:00,MAR1GSOPEN;EURJPY;C1;07-28 13:45;1;07-28 13:45
2026-07-28T14:48:00.000+01:00,MAR1GSOPEN;EURJPY;D1;07-28 13:48;0;
2026-07-28T14:51:00.000+01:00,"MAR1GSOPEN;EURJPY;A1;07-28 13:39;3;07-28 13:39,07-28 13:45,07-28 13:48"
2026-07-28T14:51:00.000+01:00,"MAR1GSOPEN;EURJPY;A2;07-28 13:36;3;07-28 13:36,07-28 13:39,07-28 13:45"
2026-07-28T14:51:00.000+01:00,"MAR1GSOPEN;EURJPY;B1;07-28 13:39;2;07-28 13:39,07-28 13:45"
2026-07-28T14:51:00.000+01:00,"MAR1GSOPEN;EURJPY;B2;07-28 13:45;2;07-28 13:45,07-28 13:48"
2026-07-28T14:51:00.000+01:00,MAR1GSOPEN;EURJPY;C1;07-28 13:45;1;07-28 13:45
2026-07-28T14:51:00.000+01:00,MAR1GSOPEN;EURJPY;D1;07-28 13:48;0;
2026-07-28T14:54:00.000+01:00,"MAR1GSOPEN;EURJPY;A1;07-28 13:39;3;07-28 13:39,07-28 13:45,07-28 13:48"
2026-07-28T14:54:00.000+01:00,"MAR1GSOPEN;EURJPY;A2;07-28 13:36;3;07-28 13:36,07-28 13:39,07-28 13:45"
2026-07-28T14:54:00.000+01:00,"MAR1GSOPEN;EURJPY;B1;07-28 13:39;2;07-28 13:39,07-28 13:45"
2026-07-28T14:54:00.000+01:00,"MAR1GSOPEN;EURJPY;B2;07-28 13:45;2;07-28 13:45,07-28 13:48"
2026-07-28T14:54:00.000+01:00,MAR1GSOPEN;EURJPY;C1;07-28 13:45;1;07-28 13:45
2026-07-28T14:54:00.000+01:00,MAR1GSOPEN;EURJPY;D1;07-28 13:48;0;
2026-07-28T14:57:00.000+01:00,"MAR1GSOPEN;EURJPY;A1;07-28 13:39;3;07-28 13:39,07-28 13:45,07-28 13:48"
2026-07-28T14:57:00.000+01:00,"MAR1GSOPEN;EURJPY;A2;07-28 13:36;3;07-28 13:36,07-28 13:39,07-28 13:45"
2026-07-28T14:57:00.000+01:00,"MAR1GSOPEN;EURJPY;B1;07-28 13:39;2;07-28 13:39,07-28 13:45"
2026-07-28T14:57:00.000+01:00,"MAR1GSOPEN;EURJPY;B2;07-28 13:45;2;07-28 13:45,07-28 13:48"
2026-07-28T14:57:00.000+01:00,MAR1GSOPEN;EURJPY;C1;07-28 13:45;1;07-28 13:45
2026-07-28T14:57:00.000+01:00,MAR1GSOPEN;EURJPY;D1;07-28 13:48;0;
2026-07-28T15:00:00.000+01:00,"MAR1GSCLOSE;EURJPY;A1;07-28 13:39;07-28 15:03;4;long;07-28 13:39,07-28 13:45,07-28 13:48,07-28 15:00"
2026-07-28T15:00:00.000+01:00,"MAR1GSCLOSE;EURJPY;A2;07-28 13:36;07-28 15:03;4;long;07-28 13:36,07-28 13:39,07-28 13:45,07-28 15:00"
2026-07-28T15:00:00.000+01:00,"MAR1GSCLOSE;EURJPY;B1;07-28 13:39;07-28 15:03;3;long;07-28 13:39,07-28 13:45,07-28 15:00"
2026-07-28T15:00:00.000+01:00,"MAR1GSCLOSE;EURJPY;B2;07-28 13:45;07-28 15:03;3;long;07-28 13:45,07-28 13:48,07-28 15:00"
2026-07-28T15:00:00.000+01:00,"MAR1GSCLOSE;EURJPY;C1;07-28 13:45;07-28 15:03;2;long;07-28 13:45,07-28 15:00"
2026-07-28T15:00:00.000+01:00,MAR1GSCLOSE;EURJPY;D1;07-28 15:00;07-28 15:03;1;long;07-28 15:00
2026-07-30T08:03:00.000+01:00,MAR1GSOPEN;EURJPY;A1;07-30 08:03;0;
2026-07-30T08:06:00.000+01:00,MAR1GSOPEN;EURJPY;A1;07-30 08:06;1;07-30 08:06
2026-07-30T08:06:00.000+01:00,MAR1GSOPEN;EURJPY;A2;07-30 08:06;0;
2026-07-30T08:06:00.000+01:00,MAR1GSOPEN;EURJPY;B2;07-30 08:06;0;
2026-07-30T08:09:00.000+01:00,MAR1GSOPEN;EURJPY;A1;07-30 08:06;1;07-30 08:06
2026-07-30T08:09:00.000+01:00,MAR1GSOPEN;EURJPY;A2;07-30 08:06;0;
2026-07-30T08:09:00.000+01:00,MAR1GSOPEN;EURJPY;B2;07-30 08:06;0;
2026-07-30T08:12:00.000+01:00,MAR1GSOPEN;EURJPY;A1;07-30 08:06;1;07-30 08:06
2026-07-30T08:12:00.000+01:00,MAR1GSOPEN;EURJPY;A2;07-30 08:06;0;
2026-07-30T08:12:00.000+01:00,MAR1GSOPEN;EURJPY;B2;07-30 08:06;0;
2026-07-30T08:15:00.000+01:00,MAR1GSOPEN;EURJPY;A1;07-30 08:06;1;07-30 08:06
2026-07-30T08:15:00.000+01:00,MAR1GSOPEN;EURJPY;A2;07-30 08:06;0;
2026-07-30T08:15:00.000+01:00,MAR1GSOPEN;EURJPY;B2;07-30 08:06;0;
2026-07-30T08:18:00.000+01:00,MAR1GSOPEN;EURJPY;A1;07-30 08:06;1;07-30 08:06
2026-07-30T08:18:00.000+01:00,MAR1GSOPEN;EURJPY;A2;07-30 08:06;0;
2026-07-30T08:18:00.000+01:00,MAR1GSOPEN;EURJPY;B2;07-30 08:06;0;
2026-07-30T08:21:00.000+01:00,MAR1GSOPEN;EURJPY;A1;07-30 08:06;1;07-30 08:06
2026-07-30T08:21:00.000+01:00,MAR1GSOPEN;EURJPY;A2;07-30 08:06;0;
2026-07-30T08:21:00.000+01:00,MAR1GSOPEN;EURJPY;B2;07-30 08:06;0;
2026-07-30T08:24:00.000+01:00,MAR1GSOPEN;EURJPY;A1;07-30 08:06;1;07-30 08:06
2026-07-30T08:24:00.000+01:00,MAR1GSOPEN;EURJPY;A2;07-30 08:06;0;
2026-07-30T08:24:00.000+01:00,MAR1GSOPEN;EURJPY;B2;07-30 08:06;0;
2026-07-30T08:27:00.000+01:00,MAR1GSOPEN;EURJPY;A1;07-30 08:06;1;07-30 08:06
2026-07-30T08:27:00.000+01:00,MAR1GSOPEN;EURJPY;A2;07-30 08:06;0;
2026-07-30T08:27:00.000+01:00,MAR1GSOPEN;EURJPY;B2;07-30 08:06;0;
2026-07-30T08:30:00.000+01:00,MAR1GSOPEN;EURJPY;A1;07-30 08:06;1;07-30 08:06
2026-07-30T08:30:00.000+01:00,MAR1GSOPEN;EURJPY;A2;07-30 08:06;0;
2026-07-30T08:30:00.000+01:00,MAR1GSOPEN;EURJPY;B2;07-30 08:06;0;
2026-07-30T08:33:00.000+01:00,"MAR1GSOPEN;EURJPY;A1;07-30 08:06;2;07-30 08:06,07-30 08:33"
2026-07-30T08:33:00.000+01:00,MAR1GSOPEN;EURJPY;A2;07-30 08:33;1;07-30 08:33
2026-07-30T08:33:00.000+01:00,MAR1GSOPEN;EURJPY;B1;07-30 08:33;0;
2026-07-30T08:33:00.000+01:00,MAR1GSOPEN;EURJPY;B2;07-30 08:33;1;07-30 08:33
2026-07-30T08:36:00.000+01:00,"MAR1GSOPEN;EURJPY;A1;07-30 08:06;3;07-30 08:06,07-30 08:33,07-30 08:36"
2026-07-30T08:36:00.000+01:00,"MAR1GSOPEN;EURJPY;A2;07-30 08:33;2;07-30 08:33,07-30 08:36"
2026-07-30T08:36:00.000+01:00,MAR1GSOPEN;EURJPY;B1;07-30 08:36;1;07-30 08:36
2026-07-30T08:36:00.000+01:00,"MAR1GSOPEN;EURJPY;B2;07-30 08:33;2;07-30 08:33,07-30 08:36"
2026-07-30T08:36:00.000+01:00,MAR1GSOPEN;EURJPY;D1;07-30 08:36;0;
2026-07-30T08:39:00.000+01:00,"MAR1GSOPEN;EURJPY;A1;07-30 08:06;3;07-30 08:06,07-30 08:33,07-30 08:36"
2026-07-30T08:39:00.000+01:00,"MAR1GSOPEN;EURJPY;A2;07-30 08:33;3;07-30 08:33,07-30 08:36,07-30 08:39"
2026-07-30T08:39:00.000+01:00,"MAR1GSOPEN;EURJPY;B1;07-30 08:36;2;07-30 08:36,07-30 08:39"
2026-07-30T08:39:00.000+01:00,"MAR1GSOPEN;EURJPY;B2;07-30 08:33;2;07-30 08:33,07-30 08:36"
2026-07-30T08:39:00.000+01:00,MAR1GSOPEN;EURJPY;C1;07-30 08:39;0;
2026-07-30T08:39:00.000+01:00,MAR1GSOPEN;EURJPY;D1;07-30 08:36;0;
2026-07-30T08:42:00.000+01:00,"MAR1GSOPEN;EURJPY;A1;07-30 08:06;3;07-30 08:06,07-30 08:33,07-30 08:36"
2026-07-30T08:42:00.000+01:00,"MAR1GSOPEN;EURJPY;A2;07-30 08:33;3;07-30 08:33,07-30 08:36,07-30 08:39"
2026-07-30T08:42:00.000+01:00,"MAR1GSOPEN;EURJPY;B1;07-30 08:36;2;07-30 08:36,07-30 08:39"
2026-07-30T08:42:00.000+01:00,"MAR1GSOPEN;EURJPY;B2;07-30 08:33;2;07-30 08:33,07-30 08:36"
2026-07-30T08:42:00.000+01:00,MAR1GSOPEN;EURJPY;C1;07-30 08:39;0;
2026-07-30T08:42:00.000+01:00,MAR1GSOPEN;EURJPY;D1;07-30 08:36;0;
2026-07-30T08:45:00.000+01:00,"MAR1GSOPEN;EURJPY;A1;07-30 08:06;3;07-30 08:06,07-30 08:33,07-30 08:36"
2026-07-30T08:45:00.000+01:00,"MAR1GSOPEN;EURJPY;A2;07-30 08:33;3;07-30 08:33,07-30 08:36,07-30 08:39"
2026-07-30T08:45:00.000+01:00,"MAR1GSOPEN;EURJPY;B1;07-30 08:36;2;07-30 08:36,07-30 08:39"
2026-07-30T08:45:00.000+01:00,"MAR1GSOPEN;EURJPY;B2;07-30 08:33;2;07-30 08:33,07-30 08:36"
2026-07-30T08:45:00.000+01:00,MAR1GSOPEN;EURJPY;C1;07-30 08:39;0;
2026-07-30T08:45:00.000+01:00,MAR1GSOPEN;EURJPY;D1;07-30 08:36;0;
2026-07-30T08:48:00.000+01:00,"MAR1GSOPEN;EURJPY;A1;07-30 08:06;3;07-30 08:06,07-30 08:33,07-30 08:36"
2026-07-30T08:48:00.000+01:00,"MAR1GSOPEN;EURJPY;A2;07-30 08:33;3;07-30 08:33,07-30 08:36,07-30 08:39"
2026-07-30T08:48:00.000+01:00,"MAR1GSOPEN;EURJPY;B1;07-30 08:36;2;07-30 08:36,07-30 08:39"
2026-07-30T08:48:00.000+01:00,"MAR1GSOPEN;EURJPY;B2;07-30 08:33;2;07-30 08:33,07-30 08:36"
2026-07-30T08:48:00.000+01:00,MAR1GSOPEN;EURJPY;C1;07-30 08:39;0;
2026-07-30T08:48:00.000+01:00,MAR1GSOPEN;EURJPY;D1;07-30 08:36;0;
2026-07-30T08:51:00.000+01:00,"MAR1GSOPEN;EURJPY;A1;07-30 08:06;3;07-30 08:06,07-30 08:33,07-30 08:36"
2026-07-30T08:51:00.000+01:00,"MAR1GSOPEN;EURJPY;A2;07-30 08:33;3;07-30 08:33,07-30 08:36,07-30 08:39"
2026-07-30T08:51:00.000+01:00,"MAR1GSOPEN;EURJPY;B1;07-30 08:36;2;07-30 08:36,07-30 08:39"
2026-07-30T08:51:00.000+01:00,"MAR1GSOPEN;EURJPY;B2;07-30 08:33;2;07-30 08:33,07-30 08:36"
2026-07-30T08:51:00.000+01:00,MAR1GSOPEN;EURJPY;C1;07-30 08:39;0;
2026-07-30T08:51:00.000+01:00,MAR1GSOPEN;EURJPY;D1;07-30 08:36;0;
2026-07-30T08:54:00.000+01:00,"MAR1GSOPEN;EURJPY;A1;07-30 08:06;3;07-30 08:06,07-30 08:33,07-30 08:36"
2026-07-30T08:54:00.000+01:00,"MAR1GSOPEN;EURJPY;A2;07-30 08:33;3;07-30 08:33,07-30 08:36,07-30 08:39"
2026-07-30T08:54:00.000+01:00,"MAR1GSOPEN;EURJPY;B1;07-30 08:36;2;07-30 08:36,07-30 08:39"
2026-07-30T08:54:00.000+01:00,"MAR1GSOPEN;EURJPY;B2;07-30 08:33;2;07-30 08:33,07-30 08:36"
2026-07-30T08:54:00.000+01:00,MAR1GSOPEN;EURJPY;C1;07-30 08:39;0;
2026-07-30T08:54:00.000+01:00,MAR1GSOPEN;EURJPY;D1;07-30 08:36;0;
2026-07-30T08:57:00.000+01:00,"MAR1GSOPEN;EURJPY;A1;07-30 08:06;3;07-30 08:06,07-30 08:33,07-30 08:36"
2026-07-30T08:57:00.000+01:00,"MAR1GSOPEN;EURJPY;A2;07-30 08:33;3;07-30 08:33,07-30 08:36,07-30 08:39"
2026-07-30T08:57:00.000+01:00,"MAR1GSOPEN;EURJPY;B1;07-30 08:36;2;07-30 08:36,07-30 08:39"
2026-07-30T08:57:00.000+01:00,"MAR1GSOPEN;EURJPY;B2;07-30 08:33;2;07-30 08:33,07-30 08:36"
2026-07-30T08:57:00.000+01:00,MAR1GSOPEN;EURJPY;C1;07-30 08:39;0;
2026-07-30T08:57:00.000+01:00,MAR1GSOPEN;EURJPY;D1;07-30 08:36;0;
2026-07-30T09:00:00.000+01:00,"MAR1GSCLOSE;EURJPY;A1;07-30 08:06;07-30 09:03;4;long;07-30 08:06,07-30 08:33,07-30 08:36,07-30 09:00"
2026-07-30T09:00:00.000+01:00,"MAR1GSCLOSE;EURJPY;A2;07-30 08:33;07-30 09:03;4;long;07-30 08:33,07-30 08:36,07-30 08:39,07-30 09:00"
2026-07-30T09:00:00.000+01:00,"MAR1GSCLOSE;EURJPY;B1;07-30 08:36;07-30 09:03;3;long;07-30 08:36,07-30 08:39,07-30 09:00"
2026-07-30T09:00:00.000+01:00,"MAR1GSCLOSE;EURJPY;B2;07-30 08:33;07-30 09:03;3;long;07-30 08:33,07-30 08:36,07-30 09:00"
2026-07-30T09:00:00.000+01:00,MAR1GSCLOSE;EURJPY;C1;07-30 09:00;07-30 09:03;1;long;07-30 09:00
2026-07-30T09:00:00.000+01:00,MAR1GSCLOSE;EURJPY;D1;07-30 09:00;07-30 09:03;1;long;07-30 09:00
2026-07-31T10:06:00.000+01:00,MAR1GSOPEN;EURJPY;A2;07-31 10:06;0;
2026-07-31T10:09:00.000+01:00,MAR1GSOPEN;EURJPY;A2;07-31 10:06;0;
2026-07-31T10:12:00.000+01:00,MAR1GSOPEN;EURJPY;A2;07-31 10:06;0;
2026-07-31T10:15:00.000+01:00,MAR1GSOPEN;EURJPY;A2;07-31 10:06;0;
2026-07-31T10:18:00.000+01:00,MAR1GSOPEN;EURJPY;A2;07-31 10:06;0;
2026-07-31T10:21:00.000+01:00,MAR1GSOPEN;EURJPY;A2;07-31 10:06;0;
2026-07-31T10:24:00.000+01:00,MAR1GSOPEN;EURJPY;A2;07-31 10:06;0;
2026-07-31T10:27:00.000+01:00,MAR1GSOPEN;EURJPY;A2;07-31 10:06;0;
2026-07-31T10:30:00.000+01:00,MAR1GSOPEN;EURJPY;A2;07-31 10:06;0;
2026-07-31T10:33:00.000+01:00,MAR1GSCLOSE;EURJPY;A2;07-31 10:33;07-31 10:36;1;long;07-31 10:33
2026-08-04T09:00:00.000+01:00,MAR1GSOPEN;EURJPY;A2;08-04 09:00;0;
2026-08-04T09:03:00.000+01:00,MAR1GSCLOSE;EURJPY;A2;08-04 09:03;08-04 09:06;1;long;08-04 09:03
2026-08-04T11:45:00.000+01:00,MAR1GSOPEN;EURJPY;A2;08-04 11:45;0;
2026-08-04T11:48:00.000+01:00,MAR1GSOPEN;EURJPY;A2;08-04 11:45;0;
2026-08-04T11:51:00.000+01:00,MAR1GSOPEN;EURJPY;A2;08-04 11:45;0;
2026-08-04T11:54:00.000+01:00,MAR1GSOPEN;EURJPY;A2;08-04 11:45;0;
2026-08-04T11:57:00.000+01:00,MAR1GSOPEN;EURJPY;A2;08-04 11:45;0;
2026-08-04T12:00:00.000+01:00,MAR1GSOPEN;EURJPY;A2;08-04 11:45;0;
2026-08-04T12:03:00.000+01:00,MAR1GSOPEN;EURJPY;A2;08-04 11:45;0;
2026-08-04T12:06:00.000+01:00,MAR1GSOPEN;EURJPY;A2;08-04 11:45;0;
2026-08-04T12:09:00.000+01:00,MAR1GSOPEN;EURJPY;A2;08-04 11:45;0;
2026-08-04T12:12:00.000+01:00,MAR1GSOPEN;EURJPY;A2;08-04 11:45;0;
2026-08-04T12:15:00.000+01:00,MAR1GSOPEN;EURJPY;A2;08-04 11:45;0;
2026-08-04T12:18:00.000+01:00,MAR1GSOPEN;EURJPY;A2;08-04 11:45;0;
2026-08-04T12:21:00.000+01:00,MAR1GSOPEN;EURJPY;A2;08-04 11:45;0;
2026-08-04T12:24:00.000+01:00,MAR1GSCLOSE;EURJPY;A2;08-04 12:24;08-04 12:27;1;short;08-04 12:24
2026-08-04T14:45:00.000+01:00,MAR1GSOPEN;EURJPY;A2;08-04 14:45;0;
2026-08-04T14:48:00.000+01:00,MAR1GSOPEN;EURJPY;A2;08-04 14:45;0;
2026-08-04T14:51:00.000+01:00,MAR1GSOPEN;EURJPY;A2;08-04 14:45;0;
2026-08-04T14:54:00.000+01:00,MAR1GSOPEN;EURJPY;A2;08-04 14:45;0;
2026-08-04T14:57:00.000+01:00,MAR1GSOPEN;EURJPY;A2;08-04 14:45;0;
2026-08-04T15:00:00.000+01:00,MAR1GSOPEN;EURJPY;A2;08-04 14:45;0;
2026-08-04T15:03:00.000+01:00,MAR1GSOPEN;EURJPY;A2;08-04 14:45;0;
2026-08-04T15:06:00.000+01:00,MAR1GSOPEN;EURJPY;A1;08-04 15:06;0;
2026-08-04T15:06:00.000+01:00,MAR1GSOPEN;EURJPY;A2;08-04 15:06;1;08-04 15:06
2026-08-04T15:06:00.000+01:00,MAR1GSOPEN;EURJPY;B1;08-04 15:06;0;
2026-08-04T15:09:00.000+01:00,MAR1GSOPEN;EURJPY;A1;08-04 15:06;0;
2026-08-04T15:09:00.000+01:00,MAR1GSOPEN;EURJPY;A2;08-04 15:06;1;08-04 15:06
2026-08-04T15:09:00.000+01:00,MAR1GSOPEN;EURJPY;B1;08-04 15:06;0;
2026-08-04T15:12:00.000+01:00,MAR1GSOPEN;EURJPY;A1;08-04 15:06;0;
2026-08-04T15:12:00.000+01:00,MAR1GSOPEN;EURJPY;A2;08-04 15:06;1;08-04 15:06
2026-08-04T15:12:00.000+01:00,MAR1GSOPEN;EURJPY;B1;08-04 15:06;0;
2026-08-04T15:15:00.000+01:00,MAR1GSOPEN;EURJPY;A1;08-04 15:06;0;
2026-08-04T15:15:00.000+01:00,MAR1GSOPEN;EURJPY;A2;08-04 15:06;1;08-04 15:06
2026-08-04T15:15:00.000+01:00,MAR1GSOPEN;EURJPY;B1;08-04 15:06;0;
2026-08-04T15:18:00.000+01:00,MAR1GSOPEN;EURJPY;A1;08-04 15:06;0;
2026-08-04T15:18:00.000+01:00,MAR1GSOPEN;EURJPY;A2;08-04 15:06;1;08-04 15:06
2026-08-04T15:18:00.000+01:00,MAR1GSOPEN;EURJPY;B1;08-04 15:06;0;
2026-08-04T15:21:00.000+01:00,MAR1GSOPEN;EURJPY;A1;08-04 15:06;0;
2026-08-04T15:21:00.000+01:00,MAR1GSOPEN;EURJPY;A2;08-04 15:06;1;08-04 15:06
2026-08-04T15:21:00.000+01:00,MAR1GSOPEN;EURJPY;B1;08-04 15:06;0;
2026-08-04T15:24:00.000+01:00,MAR1GSOPEN;EURJPY;A1;08-04 15:06;0;
2026-08-04T15:24:00.000+01:00,MAR1GSOPEN;EURJPY;A2;08-04 15:06;1;08-04 15:06
2026-08-04T15:24:00.000+01:00,MAR1GSOPEN;EURJPY;B1;08-04 15:06;0;
2026-08-04T15:27:00.000+01:00,MAR1GSCLOSE;EURJPY;A1;08-04 15:27;08-04 15:30;1;long;08-04 15:27
2026-08-04T15:27:00.000+01:00,"MAR1GSCLOSE;EURJPY;A2;08-04 15:06;08-04 15:30;2;long;08-04 15:06,08-04 15:27"
2026-08-04T15:27:00.000+01:00,MAR1GSCLOSE;EURJPY;B1;08-04 15:27;08-04 15:30;1;long;08-04 15:27
2026-08-04T17:57:00.000+01:00,MAR1GSOPEN;EURJPY;A1;08-04 17:57;0;
2026-08-04T17:57:00.000+01:00,MAR1GSOPEN;EURJPY;A2;08-04 17:57;0;
2026-08-04T18:00:00.000+01:00,MAR1GSCLOSE;EURJPY;A1;08-04 18:00;08-04 18:03;1;long;08-04 18:00
2026-08-04T18:00:00.000+01:00,MAR1GSCLOSE;EURJPY;A2;08-04 18:00;08-04 18:03;1;long;08-04 18:00
2026-08-06T08:48:00.000+01:00,MAR1GSOPEN;EURJPY;A1;08-06 08:48;0;
2026-08-06T08:48:00.000+01:00,MAR1GSOPEN;EURJPY;A2;08-06 08:48;0;
2026-08-06T08:51:00.000+01:00,MAR1GSCLOSE;EURJPY;A1;08-06 08:51;08-06 08:54;1;long;08-06 08:51
2026-08-06T08:51:00.000+01:00,MAR1GSCLOSE;EURJPY;A2;08-06 08:51;08-06 08:54;1;long;08-06 08:51
2026-08-06T12:15:00.000+01:00,MAR1GSOPEN;EURJPY;A1;08-06 12:15;0;
2026-08-06T12:18:00.000+01:00,MAR1GSCLOSE;EURJPY;A1;08-06 12:18;08-06 12:21;1;long;08-06 12:18
2026-08-06T17:12:00.000+01:00,MAR1GSOPEN;EURJPY;A1;08-06 17:12;0;
2026-08-06T17:12:00.000+01:00,MAR1GSOPEN;EURJPY;A2;08-06 17:12;0;
2026-08-06T17:15:00.000+01:00,MAR1GSOPEN;EURJPY;A1;08-06 17:12;0;
2026-08-06T17:15:00.000+01:00,MAR1GSOPEN;EURJPY;A2;08-06 17:12;0;
2026-08-06T17:18:00.000+01:00,MAR1GSOPEN;EURJPY;A1;08-06 17:12;0;
2026-08-06T17:18:00.000+01:00,MAR1GSOPEN;EURJPY;A2;08-06 17:18;1;08-06 17:18
2026-08-06T17:18:00.000+01:00,MAR1GSOPEN;EURJPY;B1;08-06 17:18;0;
2026-08-06T17:18:00.000+01:00,MAR1GSOPEN;EURJPY;C2;08-06 17:18;0;
2026-08-06T17:21:00.000+01:00,MAR1GSOPEN;EURJPY;A1;08-06 17:12;0;
2026-08-06T17:21:00.000+01:00,MAR1GSOPEN;EURJPY;A2;08-06 17:18;1;08-06 17:18
2026-08-06T17:21:00.000+01:00,MAR1GSOPEN;EURJPY;B1;08-06 17:18;0;
2026-08-06T17:21:00.000+01:00,MAR1GSOPEN;EURJPY;C2;08-06 17:18;0;
2026-08-06T17:24:00.000+01:00,MAR1GSOPEN;EURJPY;A1;08-06 17:12;0;
2026-08-06T17:24:00.000+01:00,MAR1GSOPEN;EURJPY;A2;08-06 17:18;1;08-06 17:18
2026-08-06T17:24:00.000+01:00,MAR1GSOPEN;EURJPY;B1;08-06 17:18;0;
2026-08-06T17:24:00.000+01:00,MAR1GSOPEN;EURJPY;C2;08-06 17:18;0;
2026-08-06T17:27:00.000+01:00,MAR1GSOPEN;EURJPY;A1;08-06 17:12;0;
2026-08-06T17:27:00.000+01:00,MAR1GSOPEN;EURJPY;A2;08-06 17:18;1;08-06 17:18
2026-08-06T17:27:00.000+01:00,MAR1GSOPEN;EURJPY;B1;08-06 17:18;0;
2026-08-06T17:27:00.000+01:00,MAR1GSOPEN;EURJPY;C2;08-06 17:18;0;
2026-08-06T17:30:00.000+01:00,MAR1GSOPEN;EURJPY;A1;08-06 17:12;0;
2026-08-06T17:30:00.000+01:00,MAR1GSOPEN;EURJPY;A2;08-06 17:18;1;08-06 17:18
2026-08-06T17:30:00.000+01:00,MAR1GSOPEN;EURJPY;B1;08-06 17:18;0;
2026-08-06T17:30:00.000+01:00,MAR1GSOPEN;EURJPY;C2;08-06 17:18;0;
2026-08-06T17:33:00.000+01:00,MAR1GSOPEN;EURJPY;A1;08-06 17:12;0;
2026-08-06T17:33:00.000+01:00,MAR1GSOPEN;EURJPY;A2;08-06 17:18;1;08-06 17:18
2026-08-06T17:33:00.000+01:00,MAR1GSOPEN;EURJPY;B1;08-06 17:18;0;
2026-08-06T17:33:00.000+01:00,MAR1GSOPEN;EURJPY;C2;08-06 17:18;0;
2026-08-06T17:36:00.000+01:00,MAR1GSOPEN;EURJPY;A1;08-06 17:12;0;
2026-08-06T17:36:00.000+01:00,MAR1GSOPEN;EURJPY;A2;08-06 17:18;1;08-06 17:18
2026-08-06T17:36:00.000+01:00,MAR1GSOPEN;EURJPY;B1;08-06 17:18;0;
2026-08-06T17:36:00.000+01:00,MAR1GSOPEN;EURJPY;C2;08-06 17:18;0;
2026-08-06T17:39:00.000+01:00,MAR1GSOPEN;EURJPY;A1;08-06 17:12;0;
2026-08-06T17:39:00.000+01:00,MAR1GSOPEN;EURJPY;A2;08-06 17:18;1;08-06 17:18
2026-08-06T17:39:00.000+01:00,MAR1GSOPEN;EURJPY;B1;08-06 17:18;0;
2026-08-06T17:39:00.000+01:00,MAR1GSOPEN;EURJPY;C2;08-06 17:18;0;
2026-08-06T17:42:00.000+01:00,MAR1GSOPEN;EURJPY;A1;08-06 17:12;0;
2026-08-06T17:42:00.000+01:00,MAR1GSOPEN;EURJPY;A2;08-06 17:18;1;08-06 17:18
2026-08-06T17:42:00.000+01:00,MAR1GSOPEN;EURJPY;B1;08-06 17:18;0;
2026-08-06T17:42:00.000+01:00,MAR1GSOPEN;EURJPY;C2;08-06 17:18;0;
2026-08-06T17:45:00.000+01:00,MAR1GSOPEN;EURJPY;A1;08-06 17:12;0;
2026-08-06T17:45:00.000+01:00,MAR1GSOPEN;EURJPY;A2;08-06 17:18;1;08-06 17:18
2026-08-06T17:45:00.000+01:00,MAR1GSOPEN;EURJPY;B1;08-06 17:18;0;
2026-08-06T17:45:00.000+01:00,MAR1GSOPEN;EURJPY;C2;08-06 17:18;0;
2026-08-06T17:48:00.000+01:00,MAR1GSOPEN;EURJPY;A1;08-06 17:12;0;
2026-08-06T17:48:00.000+01:00,MAR1GSOPEN;EURJPY;A2;08-06 17:18;1;08-06 17:18
2026-08-06T17:48:00.000+01:00,MAR1GSOPEN;EURJPY;B1;08-06 17:18;0;
2026-08-06T17:48:00.000+01:00,MAR1GSOPEN;EURJPY;C2;08-06 17:18;0;
2026-08-06T17:51:00.000+01:00,MAR1GSOPEN;EURJPY;A1;08-06 17:12;0;
2026-08-06T17:51:00.000+01:00,MAR1GSOPEN;EURJPY;A2;08-06 17:18;1;08-06 17:18
2026-08-06T17:51:00.000+01:00,MAR1GSOPEN;EURJPY;B1;08-06 17:18;0;
2026-08-06T17:51:00.000+01:00,MAR1GSOPEN;EURJPY;C2;08-06 17:18;0;
2026-08-06T17:54:00.000+01:00,MAR1GSCLOSE;EURJPY;A1;08-06 17:54;08-06 17:57;1;long;08-06 17:54
2026-08-06T17:54:00.000+01:00,"MAR1GSCLOSE;EURJPY;A2;08-06 17:18;08-06 17:57;2;long;08-06 17:18,08-06 17:54"
2026-08-06T17:54:00.000+01:00,MAR1GSCLOSE;EURJPY;B1;08-06 17:54;08-06 17:57;1;long;08-06 17:54
2026-08-06T17:54:00.000+01:00,MAR1GSCLOSE;EURJPY;C2;08-06 17:54;08-06 17:57;1;long;08-06 17:54
2026-08-07T11:48:00.000+01:00,MAR1GSOPEN;EURJPY;A2;08-07 11:48;0;
2026-08-07T11:51:00.000+01:00,MAR1GSOPEN;EURJPY;A2;08-07 11:48;0;
2026-08-07T11:54:00.000+01:00,MAR1GSOPEN;EURJPY;A2;08-07 11:48;0;
2026-08-07T11:57:00.000+01:00,MAR1GSOPEN;EURJPY;A2;08-07 11:48;0;
2026-08-07T12:00:00.000+01:00,MAR1GSOPEN;EURJPY;A2;08-07 11:48;0;
2026-08-07T12:03:00.000+01:00,MAR1GSCLOSE;EURJPY;A2;08-07 12:03;08-07 12:06;1;short;08-07 12:03
2026-08-10T17:21:00.000+01:00,MAR1GSOPEN;EURJPY;A1;08-10 17:21;0;
2026-08-10T17:24:00.000+01:00,MAR1GSOPEN;EURJPY;A1;08-10 17:21;0;
2026-08-10T17:27:00.000+01:00,MAR1GSOPEN;EURJPY;A1;08-10 17:21;0;
2026-08-10T17:30:00.000+01:00,MAR1GSOPEN;EURJPY;A1;08-10 17:21;0;
2026-08-10T17:33:00.000+01:00,MAR1GSOPEN;EURJPY;A1;08-10 17:21;0;
2026-08-10T17:36:00.000+01:00,MAR1GSOPEN;EURJPY;A1;08-10 17:21;0;
2026-08-10T17:39:00.000+01:00,MAR1GSOPEN;EURJPY;A1;08-10 17:21;0;
2026-08-10T17:42:00.000+01:00,MAR1GSOPEN;EURJPY;A1;08-10 17:21;0;
2026-08-10T17:45:00.000+01:00,MAR1GSOPEN;EURJPY;A1;08-10 17:21;0;
2026-08-10T17:48:00.000+01:00,MAR1GSOPEN;EURJPY;A1;08-10 17:21;0;
2026-08-10T17:51:00.000+01:00,MAR1GSOPEN;EURJPY;A1;08-10 17:21;0;
2026-08-10T17:54:00.000+01:00,MAR1GSOPEN;EURJPY;A1;08-10 17:21;0;
2026-08-10T17:57:00.000+01:00,MAR1GSOPEN;EURJPY;A1;08-10 17:21;0;
2026-08-10T18:00:00.000+01:00,MAR1GSOPEN;EURJPY;A1;08-10 17:21;0;
2026-08-10T18:03:00.000+01:00,MAR1GSOPEN;EURJPY;A1;08-10 17:21;0;
2026-08-10T18:06:00.000+01:00,MAR1GSOPEN;EURJPY;A1;08-10 17:21;0;
2026-08-10T18:09:00.000+01:00,MAR1GSOPEN;EURJPY;A1;08-10 17:21;0;
2026-08-10T18:12:00.000+01:00,MAR1GSOPEN;EURJPY;A1;08-10 18:12;1;08-10 18:12
2026-08-10T18:12:00.000+01:00,MAR1GSOPEN;EURJPY;B2;08-10 18:12;0;
2026-08-10T18:15:00.000+01:00,"MAR1GSOPEN;EURJPY;A1;08-10 18:12;2;08-10 18:12,08-10 18:15"
2026-08-10T18:15:00.000+01:00,MAR1GSOPEN;EURJPY;A2;08-10 18:15;0;
2026-08-10T18:15:00.000+01:00,MAR1GSOPEN;EURJPY;B2;08-10 18:15;1;08-10 18:15
2026-08-10T18:18:00.000+01:00,"MAR1GSOPEN;EURJPY;A1;08-10 18:12;2;08-10 18:12,08-10 18:15"
2026-08-10T18:18:00.000+01:00,MAR1GSOPEN;EURJPY;A2;08-10 18:15;0;
2026-08-10T18:18:00.000+01:00,MAR1GSOPEN;EURJPY;B2;08-10 18:15;1;08-10 18:15
2026-08-10T18:21:00.000+01:00,"MAR1GSOPEN;EURJPY;A1;08-10 18:12;2;08-10 18:12,08-10 18:15"
2026-08-10T18:21:00.000+01:00,MAR1GSOPEN;EURJPY;A2;08-10 18:15;0;
2026-08-10T18:21:00.000+01:00,MAR1GSOPEN;EURJPY;B2;08-10 18:15;1;08-10 18:15
2026-08-10T18:24:00.000+01:00,"MAR1GSOPEN;EURJPY;A1;08-10 18:12;2;08-10 18:12,08-10 18:15"
2026-08-10T18:24:00.000+01:00,MAR1GSOPEN;EURJPY;A2;08-10 18:15;0;
2026-08-10T18:24:00.000+01:00,MAR1GSOPEN;EURJPY;B2;08-10 18:15;1;08-10 18:15
2026-08-10T18:27:00.000+01:00,"MAR1GSOPEN;EURJPY;A1;08-10 18:12;2;08-10 18:12,08-10 18:15"
2026-08-10T18:27:00.000+01:00,MAR1GSOPEN;EURJPY;A2;08-10 18:15;0;
2026-08-10T18:27:00.000+01:00,MAR1GSOPEN;EURJPY;B2;08-10 18:15;1;08-10 18:15
2026-08-10T18:30:00.000+01:00,"MAR1GSOPEN;EURJPY;A1;08-10 18:12;2;08-10 18:12,08-10 18:15"
2026-08-10T18:30:00.000+01:00,MAR1GSOPEN;EURJPY;A2;08-10 18:15;0;
2026-08-10T18:30:00.000+01:00,MAR1GSOPEN;EURJPY;B2;08-10 18:15;1;08-10 18:15
2026-08-10T18:33:00.000+01:00,"MAR1GSOPEN;EURJPY;A1;08-10 18:12;2;08-10 18:12,08-10 18:15"
2026-08-10T18:33:00.000+01:00,MAR1GSOPEN;EURJPY;A2;08-10 18:15;0;
2026-08-10T18:33:00.000+01:00,MAR1GSOPEN;EURJPY;B2;08-10 18:15;1;08-10 18:15
2026-08-10T18:36:00.000+01:00,"MAR1GSOPEN;EURJPY;A1;08-10 18:12;2;08-10 18:12,08-10 18:15"
2026-08-10T18:36:00.000+01:00,MAR1GSOPEN;EURJPY;A2;08-10 18:15;0;
2026-08-10T18:36:00.000+01:00,MAR1GSOPEN;EURJPY;B2;08-10 18:15;1;08-10 18:15
2026-08-10T18:39:00.000+01:00,"MAR1GSOPEN;EURJPY;A1;08-10 18:12;2;08-10 18:12,08-10 18:15"
2026-08-10T18:39:00.000+01:00,MAR1GSOPEN;EURJPY;A2;08-10 18:15;0;
2026-08-10T18:39:00.000+01:00,MAR1GSOPEN;EURJPY;B2;08-10 18:15;1;08-10 18:15
2026-08-10T18:42:00.000+01:00,"MAR1GSCLOSE;EURJPY;A1;08-10 18:12;08-10 18:45;3;long;08-10 18:12,08-10 18:15,08-10 18:42"
2026-08-10T18:42:00.000+01:00,MAR1GSCLOSE;EURJPY;A2;08-10 18:42;08-10 18:45;1;long;08-10 18:42
2026-08-10T18:42:00.000+01:00,"MAR1GSCLOSE;EURJPY;B2;08-10 18:15;08-10 18:45;2;long;08-10 18:15,08-10 18:42"
2026-08-11T08:15:00.000+01:00,MAR1GSOPEN;EURJPY;C2;08-11 08:15;0;
2026-08-11T08:18:00.000+01:00,MAR1GSCLOSE;EURJPY;C2;08-11 08:18;08-11 08:21;1;long;08-11 08:18
2026-08-11T15:36:00.000+01:00,MAR1GSOPEN;EURJPY;A1;08-11 15:36;0;
2026-08-11T15:36:00.000+01:00,MAR1GSOPEN;EURJPY;A2;08-11 15:36;0;
2026-08-11T15:39:00.000+01:00,MAR1GSOPEN;EURJPY;A1;08-11 15:36;0;
2026-08-11T15:39:00.000+01:00,MAR1GSOPEN;EURJPY;A2;08-11 15:36;0;
2026-08-11T15:42:00.000+01:00,MAR1GSOPEN;EURJPY;A1;08-11 15:36;0;
2026-08-11T15:42:00.000+01:00,MAR1GSOPEN;EURJPY;A2;08-11 15:36;0;
2026-08-11T15:45:00.000+01:00,MAR1GSCLOSE;EURJPY;A1;08-11 15:45;08-11 15:48;1;short;08-11 15:45
2026-08-11T15:45:00.000+01:00,MAR1GSCLOSE;EURJPY;A2;08-11 15:45;08-11 15:48;1;short;08-11 15:45
2026-08-11T16:45:00.000+01:00,MAR1GSOPEN;EURJPY;C2;08-11 16:45;0;
2026-08-11T16:48:00.000+01:00,MAR1GSCLOSE;EURJPY;C2;08-11 16:48;08-11 16:51;1;long;08-11 16:48
2026-07-27T10:24:00.000+01:00,MAR1GSOPEN;EURJPY;A1;07-27 10:24;0;
2026-07-27T10:27:00.000+01:00,MAR1GSOPEN;EURJPY;A1;07-27 10:24;0;
2026-07-27T10:30:00.000+01:00,MAR1GSOPEN;EURJPY;A1;07-27 10:24;0;
2026-07-27T10:33:00.000+01:00,MAR1GSOPEN;EURJPY;A1;07-27 10:24;0;
2026-07-27T10:36:00.000+01:00,MAR1GSOPEN;EURJPY;A1;07-27 10:24;0;
2026-07-27T10:39:00.000+01:00,MAR1GSOPEN;EURJPY;A1;07-27 10:24;0;
2026-07-27T10:42:00.000+01:00,MAR1GSOPEN;EURJPY;A1;07-27 10:24;0;
2026-07-27T10:45:00.000+01:00,MAR1GSOPEN;EURJPY;A1;07-27 10:24;0;
2026-07-27T10:48:00.000+01:00,MAR1GSOPEN;EURJPY;A1;07-27 10:24;0;
2026-07-27T10:51:00.000+01:00,MAR1GSOPEN;EURJPY;A1;07-27 10:24;0;
2026-07-27T10:54:00.000+01:00,MAR1GSOPEN;EURJPY;A1;07-27 10:24;0;
2026-07-27T10:57:00.000+01:00,MAR1GSOPEN;EURJPY;A1;07-27 10:24;0;
2026-07-27T11:00:00.000+01:00,MAR1GSOPEN;EURJPY;A1;07-27 10:24;0;
2026-07-27T11:03:00.000+01:00,MAR1GSOPEN;EURJPY;A1;07-27 10:24;0;
2026-07-27T11:06:00.000+01:00,MAR1GSOPEN;EURJPY;A1;07-27 10:24;0;
2026-07-27T11:09:00.000+01:00,MAR1GSOPEN;EURJPY;A1;07-27 10:24;0;
2026-07-27T11:12:00.000+01:00,MAR1GSOPEN;EURJPY;A1;07-27 10:24;0;
2026-07-27T11:15:00.000+01:00,MAR1GSOPEN;EURJPY;A1;07-27 10:24;0;
2026-07-27T11:18:00.000+01:00,MAR1GSOPEN;EURJPY;A1;07-27 10:24;0;
2026-07-27T11:21:00.000+01:00,MAR1GSOPEN;EURJPY;A1;07-27 10:24;0;
2026-07-27T11:24:00.000+01:00,MAR1GSOPEN;EURJPY;A1;07-27 10:24;0;
2026-07-27T11:27:00.000+01:00,MAR1GSOPEN;EURJPY;A1;07-27 10:24;0;
2026-07-27T11:30:00.000+01:00,MAR1GSOPEN;EURJPY;A1;07-27 10:24;0;
2026-07-27T11:33:00.000+01:00,MAR1GSOPEN;EURJPY;A1;07-27 10:24;0;
2026-07-27T11:36:00.000+01:00,MAR1GSOPEN;EURJPY;A1;07-27 10:24;0;
2026-07-27T11:39:00.000+01:00,MAR1GSOPEN;EURJPY;A1;07-27 10:24;0;
2026-07-27T11:42:00.000+01:00,MAR1GSOPEN;EURJPY;A1;07-27 10:24;0;
2026-07-27T11:45:00.000+01:00,MAR1GSOPEN;EURJPY;A1;07-27 10:24;0;
2026-07-27T11:48:00.000+01:00,MAR1GSCLOSE;EURJPY;A1;07-27 11:48;07-27 11:51;1;long;07-27 11:48
2026-07-28T08:27:00.000+01:00,MAR1GSOPEN;EURJPY;C1;07-28 08:27;0;
2026-07-28T08:30:00.000+01:00,MAR1GSOPEN;EURJPY;A1;07-28 08:30;0;
2026-07-28T08:30:00.000+01:00,MAR1GSOPEN;EURJPY;A2;07-28 08:30;0;
2026-07-28T08:30:00.000+01:00,MAR1GSOPEN;EURJPY;C1;07-28 08:30;1;07-28 08:30
2026-07-28T08:30:00.000+01:00,MAR1GSOPEN;EURJPY;C2;07-28 08:30;0;
2026-07-28T08:33:00.000+01:00,MAR1GSOPEN;EURJPY;A1;07-28 08:30;0;
2026-07-28T08:33:00.000+01:00,MAR1GSOPEN;EURJPY;A2;07-28 08:30;0;
2026-07-28T08:33:00.000+01:00,MAR1GSOPEN;EURJPY;C1;07-28 08:30;1;07-28 08:30
2026-07-28T08:33:00.000+01:00,MAR1GSOPEN;EURJPY;C2;07-28 08:30;0;
2026-07-28T08:36:00.000+01:00,MAR1GSOPEN;EURJPY;A1;07-28 08:30;0;
2026-07-28T08:36:00.000+01:00,MAR1GSOPEN;EURJPY;A2;07-28 08:36;1;07-28 08:36
2026-07-28T08:36:00.000+01:00,MAR1GSOPEN;EURJPY;B1;07-28 08:36;0;
2026-07-28T08:36:00.000+01:00,"MAR1GSOPEN;EURJPY;C1;07-28 08:30;2;07-28 08:30,07-28 08:36"
2026-07-28T08:36:00.000+01:00,MAR1GSOPEN;EURJPY;C2;07-28 08:30;0;
2026-07-28T08:39:00.000+01:00,MAR1GSOPEN;EURJPY;A1;07-28 08:30;0;
2026-07-28T08:39:00.000+01:00,MAR1GSOPEN;EURJPY;A2;07-28 08:36;1;07-28 08:36
2026-07-28T08:39:00.000+01:00,MAR1GSOPEN;EURJPY;B1;07-28 08:36;0;
2026-07-28T08:39:00.000+01:00,"MAR1GSOPEN;EURJPY;C1;07-28 08:30;2;07-28 08:30,07-28 08:36"
2026-07-28T08:39:00.000+01:00,MAR1GSOPEN;EURJPY;C2;07-28 08:30;0;
2026-07-28T08:42:00.000+01:00,MAR1GSOPEN;EURJPY;A1;07-28 08:30;0;
2026-07-28T08:42:00.000+01:00,MAR1GSOPEN;EURJPY;A2;07-28 08:36;1;07-28 08:36
2026-07-28T08:42:00.000+01:00,MAR1GSOPEN;EURJPY;B1;07-28 08:36;0;
2026-07-28T08:42:00.000+01:00,"MAR1GSOPEN;EURJPY;C1;07-28 08:30;2;07-28 08:30,07-28 08:36"
2026-07-28T08:42:00.000+01:00,MAR1GSOPEN;EURJPY;C2;07-28 08:30;0;
2026-07-28T08:45:00.000+01:00,MAR1GSOPEN;EURJPY;A1;07-28 08:30;0;
2026-07-28T08:45:00.000+01:00,MAR1GSOPEN;EURJPY;A2;07-28 08:36;1;07-28 08:36
2026-07-28T08:45:00.000+01:00,MAR1GSOPEN;EURJPY;B1;07-28 08:36;0;
2026-07-28T08:45:00.000+01:00,"MAR1GSOPEN;EURJPY;C1;07-28 08:30;2;07-28 08:30,07-28 08:36"
2026-07-28T08:45:00.000+01:00,MAR1GSOPEN;EURJPY;C2;07-28 08:30;0;
2026-07-28T08:48:00.000+01:00,MAR1GSOPEN;EURJPY;A1;07-28 08:30;0;
2026-07-28T08:48:00.000+01:00,MAR1GSOPEN;EURJPY;A2;07-28 08:36;1;07-28 08:36
2026-07-28T08:48:00.000+01:00,MAR1GSOPEN;EURJPY;B1;07-28 08:36;0;
2026-07-28T08:48:00.000+01:00,"MAR1GSOPEN;EURJPY;C1;07-28 08:30;2;07-28 08:30,07-28 08:36"
2026-07-28T08:48:00.000+01:00,MAR1GSOPEN;EURJPY;C2;07-28 08:30;0;
2026-07-28T08:51:00.000+01:00,MAR1GSOPEN;EURJPY;A1;07-28 08:30;0;
2026-07-28T08:51:00.000+01:00,MAR1GSOPEN;EURJPY;A2;07-28 08:36;1;07-28 08:36
2026-07-28T08:51:00.000+01:00,MAR1GSOPEN;EURJPY;B1;07-28 08:36;0;
2026-07-28T08:51:00.000+01:00,"MAR1GSOPEN;EURJPY;C1;07-28 08:30;2;07-28 08:30,07-28 08:36"
2026-07-28T08:51:00.000+01:00,MAR1GSOPEN;EURJPY;C2;07-28 08:30;0;
2026-07-28T08:54:00.000+01:00,MAR1GSOPEN;EURJPY;A1;07-28 08:30;0;
2026-07-28T08:54:00.000+01:00,MAR1GSOPEN;EURJPY;A2;07-28 08:36;1;07-28 08:36
2026-07-28T08:54:00.000+01:00,MAR1GSOPEN;EURJPY;B1;07-28 08:36;0;
2026-07-28T08:54:00.000+01:00,"MAR1GSOPEN;EURJPY;C1;07-28 08:30;2;07-28 08:30,07-28 08:36"
2026-07-28T08:54:00.000+01:00,MAR1GSOPEN;EURJPY;C2;07-28 08:30;0;
2026-07-28T08:57:00.000+01:00,MAR1GSOPEN;EURJPY;A1;07-28 08:30;0;
2026-07-28T08:57:00.000+01:00,MAR1GSOPEN;EURJPY;A2;07-28 08:36;1;07-28 08:36
2026-07-28T08:57:00.000+01:00,MAR1GSOPEN;EURJPY;B1;07-28 08:36;0;
2026-07-28T08:57:00.000+01:00,"MAR1GSOPEN;EURJPY;C1;07-28 08:30;2;07-28 08:30,07-28 08:36"
2026-07-28T08:57:00.000+01:00,MAR1GSOPEN;EURJPY;C2;07-28 08:30;0;
2026-07-28T09:00:00.000+01:00,MAR1GSOPEN;EURJPY;A1;07-28 08:30;0;
2026-07-28T09:00:00.000+01:00,MAR1GSOPEN;EURJPY;A2;07-28 08:36;1;07-28 08:36
2026-07-28T09:00:00.000+01:00,MAR1GSOPEN;EURJPY;B1;07-28 08:36;0;
2026-07-28T09:00:00.000+01:00,"MAR1GSOPEN;EURJPY;C1;07-28 08:30;2;07-28 08:30,07-28 08:36"
2026-07-28T09:00:00.000+01:00,MAR1GSOPEN;EURJPY;C2;07-28 08:30;0;
2026-07-28T09:03:00.000+01:00,MAR1GSOPEN;EURJPY;A1;07-28 08:30;0;
2026-07-28T09:03:00.000+01:00,MAR1GSOPEN;EURJPY;A2;07-28 08:36;1;07-28 08:36
2026-07-28T09:03:00.000+01:00,MAR1GSOPEN;EURJPY;B1;07-28 08:36;0;
2026-07-28T09:03:00.000+01:00,"MAR1GSOPEN;EURJPY;C1;07-28 08:30;2;07-28 08:30,07-28 08:36"
2026-07-28T09:03:00.000+01:00,MAR1GSOPEN;EURJPY;C2;07-28 08:30;0;
2026-07-28T09:06:00.000+01:00,MAR1GSOPEN;EURJPY;A1;07-28 08:30;0;
2026-07-28T09:06:00.000+01:00,MAR1GSOPEN;EURJPY;A2;07-28 08:36;1;07-28 08:36
2026-07-28T09:06:00.000+01:00,MAR1GSOPEN;EURJPY;B1;07-28 08:36;0;
2026-07-28T09:06:00.000+01:00,"MAR1GSOPEN;EURJPY;C1;07-28 08:30;2;07-28 08:30,07-28 08:36"
2026-07-28T09:06:00.000+01:00,MAR1GSOPEN;EURJPY;C2;07-28 08:30;0;
2026-07-28T09:09:00.000+01:00,MAR1GSOPEN;EURJPY;A1;07-28 08:30;0;
2026-07-28T09:09:00.000+01:00,MAR1GSOPEN;EURJPY;A2;07-28 08:36;1;07-28 08:36
2026-07-28T09:09:00.000+01:00,MAR1GSOPEN;EURJPY;B1;07-28 08:36;0;
2026-07-28T09:09:00.000+01:00,"MAR1GSOPEN;EURJPY;C1;07-28 08:30;2;07-28 08:30,07-28 08:36"
2026-07-28T09:09:00.000+01:00,MAR1GSOPEN;EURJPY;C2;07-28 08:30;0;
2026-07-28T09:12:00.000+01:00,MAR1GSOPEN;EURJPY;A1;07-28 08:30;0;
2026-07-28T09:12:00.000+01:00,MAR1GSOPEN;EURJPY;A2;07-28 08:36;1;07-28 08:36
2026-07-28T09:12:00.000+01:00,MAR1GSOPEN;EURJPY;B1;07-28 08:36;0;
2026-07-28T09:12:00.000+01:00,"MAR1GSOPEN;EURJPY;C1;07-28 08:30;2;07-28 08:30,07-28 08:36"
2026-07-28T09:12:00.000+01:00,MAR1GSOPEN;EURJPY;C2;07-28 08:30;0;
2026-07-28T09:15:00.000+01:00,MAR1GSOPEN;EURJPY;A1;07-28 08:30;0;
2026-07-28T09:15:00.000+01:00,MAR1GSOPEN;EURJPY;A2;07-28 08:36;1;07-28 08:36
2026-07-28T09:15:00.000+01:00,MAR1GSOPEN;EURJPY;B1;07-28 08:36;0;
2026-07-28T09:15:00.000+01:00,"MAR1GSOPEN;EURJPY;C1;07-28 08:30;2;07-28 08:30,07-28 08:36"
2026-07-28T09:15:00.000+01:00,MAR1GSOPEN;EURJPY;C2;07-28 08:30;0;
2026-07-28T09:18:00.000+01:00,MAR1GSOPEN;EURJPY;A1;07-28 08:30;0;
2026-07-28T09:18:00.000+01:00,MAR1GSOPEN;EURJPY;A2;07-28 08:36;1;07-28 08:36
2026-07-28T09:18:00.000+01:00,MAR1GSOPEN;EURJPY;B1;07-28 08:36;0;
2026-07-28T09:18:00.000+01:00,"MAR1GSOPEN;EURJPY;C1;07-28 08:30;2;07-28 08:30,07-28 08:36"
2026-07-28T09:18:00.000+01:00,MAR1GSOPEN;EURJPY;C2;07-28 08:30;0;
2026-07-28T09:21:00.000+01:00,MAR1GSOPEN;EURJPY;A1;07-28 08:30;0;
2026-07-28T09:21:00.000+01:00,MAR1GSOPEN;EURJPY;A2;07-28 08:36;1;07-28 08:36
2026-07-28T09:21:00.000+01:00,MAR1GSOPEN;EURJPY;B1;07-28 08:36;0;
2026-07-28T09:21:00.000+01:00,"MAR1GSOPEN;EURJPY;C1;07-28 08:30;2;07-28 08:30,07-28 08:36"
2026-07-28T09:21:00.000+01:00,MAR1GSOPEN;EURJPY;C2;07-28 08:30;0;
2026-07-28T09:24:00.000+01:00,MAR1GSOPEN;EURJPY;A1;07-28 08:30;0;
2026-07-28T09:24:00.000+01:00,MAR1GSOPEN;EURJPY;A2;07-28 08:36;1;07-28 08:36
2026-07-28T09:24:00.000+01:00,MAR1GSOPEN;EURJPY;B1;07-28 08:36;0;
2026-07-28T09:24:00.000+01:00,"MAR1GSOPEN;EURJPY;C1;07-28 08:30;2;07-28 08:30,07-28 08:36"
2026-07-28T09:24:00.000+01:00,MAR1GSOPEN;EURJPY;C2;07-28 08:30;0;
2026-07-28T09:27:00.000+01:00,MAR1GSCLOSE;EURJPY;A1;07-28 09:27;07-28 09:30;1;long;07-28 09:27
2026-07-28T09:27:00.000+01:00,"MAR1GSCLOSE;EURJPY;A2;07-28 08:36;07-28 09:30;2;long;07-28 08:36,07-28 09:27"
2026-07-28T09:27:00.000+01:00,MAR1GSCLOSE;EURJPY;B1;07-28 09:27;07-28 09:30;1;long;07-28 09:27
2026-07-28T09:27:00.000+01:00,"MAR1GSCLOSE;EURJPY;C1;07-28 08:30;07-28 09:30;3;long;07-28 08:30,07-28 08:36,07-28 09:27"
2026-07-28T09:27:00.000+01:00,MAR1GSCLOSE;EURJPY;C2;07-28 09:27;07-28 09:30;1;long;07-28 09:27
2026-07-28T12:48:00.000+01:00,MAR1GSOPEN;EURJPY;A2;07-28 12:48;0;
2026-07-28T12:51:00.000+01:00,MAR1GSOPEN;EURJPY;A2;07-28 12:48;0;
2026-07-28T12:54:00.000+01:00,MAR1GSOPEN;EURJPY;A2;07-28 12:48;0;
2026-07-28T12:57:00.000+01:00,MAR1GSOPEN;EURJPY;A2;07-28 12:48;0;
2026-07-28T13:00:00.000+01:00,MAR1GSOPEN;EURJPY;A2;07-28 12:48;0;
2026-07-28T13:03:00.000+01:00,MAR1GSOPEN;EURJPY;A2;07-28 12:48;0;
2026-07-28T13:06:00.000+01:00,MAR1GSOPEN;EURJPY;A2;07-28 12:48;0;
2026-07-28T13:09:00.000+01:00,MAR1GSOPEN;EURJPY;A2;07-28 12:48;0;
2026-07-28T13:12:00.000+01:00,MAR1GSOPEN;EURJPY;A2;07-28 12:48;0;
2026-07-28T13:15:00.000+01:00,MAR1GSOPEN;EURJPY;A2;07-28 12:48;0;
2026-07-28T13:18:00.000+01:00,MAR1GSOPEN;EURJPY;A2;07-28 12:48;0;
2026-07-28T13:21:00.000+01:00,MAR1GSOPEN;EURJPY;A2;07-28 12:48;0;
2026-07-28T13:24:00.000+01:00,MAR1GSOPEN;EURJPY;A2;07-28 12:48;0;
2026-07-28T13:27:00.000+01:00,MAR1GSOPEN;EURJPY;A2;07-28 12:48;0;
2026-07-28T13:30:00.000+01:00,MAR1GSOPEN;EURJPY;A2;07-28 12:48;0;
2026-07-28T13:33:00.000+01:00,MAR1GSOPEN;EURJPY;A2;07-28 12:48;0;
2026-07-28T13:36:00.000+01:00,MAR1GSOPEN;EURJPY;A1;07-28 13:36;0;
2026-07-28T13:36:00.000+01:00,MAR1GSOPEN;EURJPY;A2;07-28 13:36;1;07-28 13:36
2026-07-28T13:36:00.000+01:00,MAR1GSOPEN;EURJPY;B1;07-28 13:36;0;
2026-07-28T13:39:00.000+01:00,MAR1GSOPEN;EURJPY;A1;07-28 13:39;1;07-28 13:39
2026-07-28T13:39:00.000+01:00,"MAR1GSOPEN;EURJPY;A2;07-28 13:36;2;07-28 13:36,07-28 13:39"
2026-07-28T13:39:00.000+01:00,MAR1GSOPEN;EURJPY;B1;07-28 13:39;1;07-28 13:39
2026-07-28T13:39:00.000+01:00,MAR1GSOPEN;EURJPY;B2;07-28 13:39;0;
2026-07-28T13:42:00.000+01:00,MAR1GSOPEN;EURJPY;A1;07-28 13:39;1;07-28 13:39
2026-07-28T13:42:00.000+01:00,"MAR1GSOPEN;EURJPY;A2;07-28 13:36;2;07-28 13:36,07-28 13:39"
2026-07-28T13:42:00.000+01:00,MAR1GSOPEN;EURJPY;B1;07-28 13:39;1;07-28 13:39
2026-07-28T13:42:00.000+01:00,MAR1GSOPEN;EURJPY;B2;07-28 13:39;0;
2026-07-28T13:45:00.000+01:00,"MAR1GSOPEN;EURJPY;A1;07-28 13:39;2;07-28 13:39,07-28 13:45"
2026-07-28T13:45:00.000+01:00,"MAR1GSOPEN;EURJPY;A2;07-28 13:36;3;07-28 13:36,07-28 13:39,07-28 13:45"
2026-07-28T13:45:00.000+01:00,"MAR1GSOPEN;EURJPY;B1;07-28 13:39;2;07-28 13:39,07-28 13:45"
2026-07-28T13:45:00.000+01:00,MAR1GSOPEN;EURJPY;B2;07-28 13:45;1;07-28 13:45
2026-07-28T13:45:00.000+01:00,MAR1GSOPEN;EURJPY;C1;07-28 13:45;1;07-28 13:45
2026-07-28T13:48:00.000+01:00,"MAR1GSOPEN;EURJPY;A1;07-28 13:39;3;07-28 13:39,07-28 13:45,07-28 13:48"
2026-07-28T13:48:00.000+01:00,"MAR1GSOPEN;EURJPY;A2;07-28 13:36;3;07-28 13:36,07-28 13:39,07-28 13:45"
2026-07-28T13:48:00.000+01:00,"MAR1GSOPEN;EURJPY;B1;07-28 13:39;2;07-28 13:39,07-28 13:45"
2026-07-28T13:48:00.000+01:00,"MAR1GSOPEN;EURJPY;B2;07-28 13:45;2;07-28 13:45,07-28 13:48"
2026-07-28T13:48:00.000+01:00,MAR1GSOPEN;EURJPY;C1;07-28 13:45;1;07-28 13:45
2026-07-28T13:48:00.000+01:00,MAR1GSOPEN;EURJPY;D1;07-28 13:48;0;
2026-07-28T13:51:00.000+01:00,"MAR1GSOPEN;EURJPY;A1;07-28 13:39;3;07-28 13:39,07-28 13:45,07-28 13:48"
2026-07-28T13:51:00.000+01:00,"MAR1GSOPEN;EURJPY;A2;07-28 13:36;3;07-28 13:36,07-28 13:39,07-28 13:45"
2026-07-28T13:51:00.000+01:00,"MAR1GSOPEN;EURJPY;B1;07-28 13:39;2;07-28 13:39,07-28 13:45"
2026-07-28T13:51:00.000+01:00,"MAR1GSOPEN;EURJPY;B2;07-28 13:45;2;07-28 13:45,07-28 13:48"
2026-07-28T13:51:00.000+01:00,MAR1GSOPEN;EURJPY;C1;07-28 13:45;1;07-28 13:45
2026-07-28T13:51:00.000+01:00,MAR1GSOPEN;EURJPY;D1;07-28 13:48;0;
2026-07-28T13:54:00.000+01:00,"MAR1GSOPEN;EURJPY;A1;07-28 13:39;3;07-28 13:39,07-28 13:45,07-28 13:48"
2026-07-28T13:54:00.000+01:00,"MAR1GSOPEN;EURJPY;A2;07-28 13:36;3;07-28 13:36,07-28 13:39,07-28 13:45"
2026-07-28T13:54:00.000+01:00,"MAR1GSOPEN;EURJPY;B1;07-28 13:39;2;07-28 13:39,07-28 13:45"
2026-07-28T13:54:00.000+01:00,"MAR1GSOPEN;EURJPY;B2;07-28 13:45;2;07-28 13:45,07-28 13:48"
2026-07-28T13:54:00.000+01:00,MAR1GSOPEN;EURJPY;C1;07-28 13:45;1;07-28 13:45
2026-07-28T13:54:00.000+01:00,MAR1GSOPEN;EURJPY;D1;07-28 13:48;0;
2026-07-28T13:57:00.000+01:00,"MAR1GSOPEN;EURJPY;A1;07-28 13:39;3;07-28 13:39,07-28 13:45,07-28 13:48"
2026-07-28T13:57:00.000+01:00,"MAR1GSOPEN;EURJPY;A2;07-28 13:36;3;07-28 13:36,07-28 13:39,07-28 13:45"
2026-07-28T13:57:00.000+01:00,"MAR1GSOPEN;EURJPY;B1;07-28 13:39;2;07-28 13:39,07-28 13:45"
2026-07-28T13:57:00.000+01:00,"MAR1GSOPEN;EURJPY;B2;07-28 13:45;2;07-28 13:45,07-28 13:48"
2026-07-28T13:57:00.000+01:00,MAR1GSOPEN;EURJPY;C1;07-28 13:45;1;07-28 13:45
2026-07-28T13:57:00.000+01:00,MAR1GSOPEN;EURJPY;D1;07-28 13:48;0;
2026-07-28T14:00:00.000+01:00,"MAR1GSOPEN;EURJPY;A1;07-28 13:39;3;07-28 13:39,07-28 13:45,07-28 13:48"
2026-07-28T14:00:00.000+01:00,"MAR1GSOPEN;EURJPY;A2;07-28 13:36;3;07-28 13:36,07-28 13:39,07-28 13:45"
2026-07-28T14:00:00.000+01:00,"MAR1GSOPEN;EURJPY;B1;07-28 13:39;2;07-28 13:39,07-28 13:45"
2026-07-28T14:00:00.000+01:00,"MAR1GSOPEN;EURJPY;B2;07-28 13:45;2;07-28 13:45,07-28 13:48"
2026-07-28T14:00:00.000+01:00,MAR1GSOPEN;EURJPY;C1;07-28 13:45;1;07-28 13:45
2026-07-28T14:00:00.000+01:00,MAR1GSOPEN;EURJPY;D1;07-28 13:48;0;
2026-07-28T14:03:00.000+01:00,"MAR1GSOPEN;EURJPY;A1;07-28 13:39;3;07-28 13:39,07-28 13:45,07-28 13:48"
2026-07-28T14:03:00.000+01:00,"MAR1GSOPEN;EURJPY;A2;07-28 13:36;3;07-28 13:36,07-28 13:39,07-28 13:45"
2026-07-28T14:03:00.000+01:00,"MAR1GSOPEN;EURJPY;B1;07-28 13:39;2;07-28 13:39,07-28 13:45"
2026-07-28T14:03:00.000+01:00,"MAR1GSOPEN;EURJPY;B2;07-28 13:45;2;07-28 13:45,07-28 13:48"
2026-07-28T14:03:00.000+01:00,MAR1GSOPEN;EURJPY;C1;07-28 13:45;1;07-28 13:45
2026-07-28T14:03:00.000+01:00,MAR1GSOPEN;EURJPY;D1;07-28 13:48;0;
2026-07-28T14:06:00.000+01:00,"MAR1GSOPEN;EURJPY;A1;07-28 13:39;3;07-28 13:39,07-28 13:45,07-28 13:48"
2026-07-28T14:06:00.000+01:00,"MAR1GSOPEN;EURJPY;A2;07-28 13:36;3;07-28 13:36,07-28 13:39,07-28 13:45"
2026-07-28T14:06:00.000+01:00,"MAR1GSOPEN;EURJPY;B1;07-28 13:39;2;07-28 13:39,07-28 13:45"
2026-07-28T14:06:00.000+01:00,"MAR1GSOPEN;EURJPY;B2;07-28 13:45;2;07-28 13:45,07-28 13:48"
2026-07-28T14:06:00.000+01:00,MAR1GSOPEN;EURJPY;C1;07-28 13:45;1;07-28 13:45
2026-07-28T14:06:00.000+01:00,MAR1GSOPEN;EURJPY;D1;07-28 13:48;0;
2026-07-28T14:09:00.000+01:00,"MAR1GSOPEN;EURJPY;A1;07-28 13:39;3;07-28 13:39,07-28 13:45,07-28 13:48"
2026-07-28T14:09:00.000+01:00,"MAR1GSOPEN;EURJPY;A2;07-28 13:36;3;07-28 13:36,07-28 13:39,07-28 13:45"
2026-07-28T14:09:00.000+01:00,"MAR1GSOPEN;EURJPY;B1;07-28 13:39;2;07-28 13:39,07-28 13:45"
2026-07-28T14:09:00.000+01:00,"MAR1GSOPEN;EURJPY;B2;07-28 13:45;2;07-28 13:45,07-28 13:48"
2026-07-28T14:09:00.000+01:00,MAR1GSOPEN;EURJPY;C1;07-28 13:45;1;07-28 13:45
2026-07-28T14:09:00.000+01:00,MAR1GSOPEN;EURJPY;D1;07-28 13:48;0;
2026-07-28T14:12:00.000+01:00,"MAR1GSOPEN;EURJPY;A1;07-28 13:39;3;07-28 13:39,07-28 13:45,07-28 13:48"
2026-07-28T14:12:00.000+01:00,"MAR1GSOPEN;EURJPY;A2;07-28 13:36;3;07-28 13:36,07-28 13:39,07-28 13:45"
2026-07-28T14:12:00.000+01:00,"MAR1GSOPEN;EURJPY;B1;07-28 13:39;2;07-28 13:39,07-28 13:45"
2026-07-28T14:12:00.000+01:00,"MAR1GSOPEN;EURJPY;B2;07-28 13:45;2;07-28 13:45,07-28 13:48"
2026-07-28T14:12:00.000+01:00,MAR1GSOPEN;EURJPY;C1;07-28 13:45;1;07-28 13:45
2026-07-28T14:12:00.000+01:00,MAR1GSOPEN;EURJPY;D1;07-28 13:48;0;
2026-07-28T14:15:00.000+01:00,"MAR1GSOPEN;EURJPY;A1;07-28 13:39;3;07-28 13:39,07-28 13:45,07-28 13:48"
2026-07-28T14:15:00.000+01:00,"MAR1GSOPEN;EURJPY;A2;07-28 13:36;3;07-28 13:36,07-28 13:39,07-28 13:45"
2026-07-28T14:15:00.000+01:00,"MAR1GSOPEN;EURJPY;B1;07-28 13:39;2;07-28 13:39,07-28 13:45"
2026-07-28T14:15:00.000+01:00,"MAR1GSOPEN;EURJPY;B2;07-28 13:45;2;07-28 13:45,07-28 13:48"
2026-07-28T14:15:00.000+01:00,MAR1GSOPEN;EURJPY;C1;07-28 13:45;1;07-28 13:45
2026-07-28T14:15:00.000+01:00,MAR1GSOPEN;EURJPY;D1;07-28 13:48;0;
2026-07-28T14:18:00.000+01:00,"MAR1GSOPEN;EURJPY;A1;07-28 13:39;3;07-28 13:39,07-28 13:45,07-28 13:48"
2026-07-28T14:18:00.000+01:00,"MAR1GSOPEN;EURJPY;A2;07-28 13:36;3;07-28 13:36,07-28 13:39,07-28 13:45"
2026-07-28T14:18:00.000+01:00,"MAR1GSOPEN;EURJPY;B1;07-28 13:39;2;07-28 13:39,07-28 13:45"
2026-07-28T14:18:00.000+01:00,"MAR1GSOPEN;EURJPY;B2;07-28 13:45;2;07-28 13:45,07-28 13:48"
2026-07-28T14:18:00.000+01:00,MAR1GSOPEN;EURJPY;C1;07-28 13:45;1;07-28 13:45
2026-07-28T14:18:00.000+01:00,MAR1GSOPEN;EURJPY;D1;07-28 13:48;0;
2026-07-28T14:21:00.000+01:00,"MAR1GSOPEN;EURJPY;A1;07-28 13:39;3;07-28 13:39,07-28 13:45,07-28 13:48"
2026-07-28T14:21:00.000+01:00,"MAR1GSOPEN;EURJPY;A2;07-28 13:36;3;07-28 13:36,07-28 13:39,07-28 13:45"
2026-07-28T14:21:00.000+01:00,"MAR1GSOPEN;EURJPY;B1;07-28 13:39;2;07-28 13:39,07-28 13:45"
2026-07-28T14:21:00.000+01:00,"MAR1GSOPEN;EURJPY;B2;07-28 13:45;2;07-28 13:45,07-28 13:48"
2026-07-28T14:21:00.000+01:00,MAR1GSOPEN;EURJPY;C1;07-28 13:45;1;07-28 13:45
2026-07-28T14:21:00.000+01:00,MAR1GSOPEN;EURJPY;D1;07-28 13:48;0;
2026-07-28T14:24:00.000+01:00,"MAR1GSOPEN;EURJPY;A1;07-28 13:39;3;07-28 13:39,07-28 13:45,07-28 13:48"
2026-07-28T14:24:00.000+01:00,"MAR1GSOPEN;EURJPY;A2;07-28 13:36;3;07-28 13:36,07-28 13:39,07-28 13:45"
2026-07-28T14:24:00.000+01:00,"MAR1GSOPEN;EURJPY;B1;07-28 13:39;2;07-28 13:39,07-28 13:45"
2026-07-28T14:24:00.000+01:00,"MAR1GSOPEN;EURJPY;B2;07-28 13:45;2;07-28 13:45,07-28 13:48"
2026-07-28T14:24:00.000+01:00,MAR1GSOPEN;EURJPY;C1;07-28 13:45;1;07-28 13:45
2026-07-28T14:24:00.000+01:00,MAR1GSOPEN;EURJPY;D1;07-28 13:48;0;
2026-07-28T14:27:00.000+01:00,"MAR1GSOPEN;EURJPY;A1;07-28 13:39;3;07-28 13:39,07-28 13:45,07-28 13:48"
2026-07-28T14:27:00.000+01:00,"MAR1GSOPEN;EURJPY;A2;07-28 13:36;3;07-28 13:36,07-28 13:39,07-28 13:45"
2026-07-28T14:27:00.000+01:00,"MAR1GSOPEN;EURJPY;B1;07-28 13:39;2;07-28 13:39,07-28 13:45"
2026-07-28T14:27:00.000+01:00,"MAR1GSOPEN;EURJPY;B2;07-28 13:45;2;07-28 13:45,07-28 13:48"
2026-07-28T14:27:00.000+01:00,MAR1GSOPEN;EURJPY;C1;07-28 13:45;1;07-28 13:45
2026-07-28T14:27:00.000+01:00,MAR1GSOPEN;EURJPY;D1;07-28 13:48;0;
2026-07-28T14:30:00.000+01:00,"MAR1GSOPEN;EURJPY;A1;07-28 13:39;3;07-28 13:39,07-28 13:45,07-28 13:48"
2026-07-28T14:30:00.000+01:00,"MAR1GSOPEN;EURJPY;A2;07-28 13:36;3;07-28 13:36,07-28 13:39,07-28 13:45"
2026-07-28T14:30:00.000+01:00,"MAR1GSOPEN;EURJPY;B1;07-28 13:39;2;07-28 13:39,07-28 13:45"
2026-07-28T14:30:00.000+01:00,"MAR1GSOPEN;EURJPY;B2;07-28 13:45;2;07-28 13:45,07-28 13:48"
2026-07-28T14:30:00.000+01:00,MAR1GSOPEN;EURJPY;C1;07-28 13:45;1;07-28 13:45
2026-07-28T14:30:00.000+01:00,MAR1GSOPEN;EURJPY;D1;07-28 13:48;0;
2026-07-28T14:33:00.000+01:00,"MAR1GSOPEN;EURJPY;A1;07-28 13:39;3;07-28 13:39,07-28 13:45,07-28 13:48"
2026-07-28T14:33:00.000+01:00,"MAR1GSOPEN;EURJPY;A2;07-28 13:36;3;07-28 13:36,07-28 13:39,07-28 13:45"
2026-07-28T14:33:00.000+01:00,"MAR1GSOPEN;EURJPY;B1;07-28 13:39;2;07-28 13:39,07-28 13:45"
2026-07-28T14:33:00.000+01:00,"MAR1GSOPEN;EURJPY;B2;07-28 13:45;2;07-28 13:45,07-28 13:48"
2026-07-28T14:33:00.000+01:00,MAR1GSOPEN;EURJPY;C1;07-28 13:45;1;07-28 13:45
2026-07-28T14:33:00.000+01:00,MAR1GSOPEN;EURJPY;D1;07-28 13:48;0;
2026-07-28T14:36:00.000+01:00,"MAR1GSOPEN;EURJPY;A1;07-28 13:39;3;07-28 13:39,07-28 13:45,07-28 13:48"
2026-07-28T14:36:00.000+01:00,"MAR1GSOPEN;EURJPY;A2;07-28 13:36;3;07-28 13:36,07-28 13:39,07-28 13:45"
2026-07-28T14:36:00.000+01:00,"MAR1GSOPEN;EURJPY;B1;07-28 13:39;2;07-28 13:39,07-28 13:45"
2026-07-28T14:36:00.000+01:00,"MAR1GSOPEN;EURJPY;B2;07-28 13:45;2;07-28 13:45,07-28 13:48"
2026-07-28T14:36:00.000+01:00,MAR1GSOPEN;EURJPY;C1;07-28 13:45;1;07-28 13:45
2026-07-28T14:36:00.000+01:00,MAR1GSOPEN;EURJPY;D1;07-28 13:48;0;
2026-07-28T14:39:00.000+01:00,"MAR1GSOPEN;EURJPY;A1;07-28 13:39;3;07-28 13:39,07-28 13:45,07-28 13:48"
2026-07-28T14:39:00.000+01:00,"MAR1GSOPEN;EURJPY;A2;07-28 13:36;3;07-28 13:36,07-28 13:39,07-28 13:45"
2026-07-28T14:39:00.000+01:00,"MAR1GSOPEN;EURJPY;B1;07-28 13:39;2;07-28 13:39,07-28 13:45"
2026-07-28T14:39:00.000+01:00,"MAR1GSOPEN;EURJPY;B2;07-28 13:45;2;07-28 13:45,07-28 13:48"
2026-07-28T14:39:00.000+01:00,MAR1GSOPEN;EURJPY;C1;07-28 13:45;1;07-28 13:45
2026-07-28T14:39:00.000+01:00,MAR1GSOPEN;EURJPY;D1;07-28 13:48;0;
2026-07-28T14:42:00.000+01:00,"MAR1GSOPEN;EURJPY;A1;07-28 13:39;3;07-28 13:39,07-28 13:45,07-28 13:48"
2026-07-28T14:42:00.000+01:00,"MAR1GSOPEN;EURJPY;A2;07-28 13:36;3;07-28 13:36,07-28 13:39,07-28 13:45"
2026-07-28T14:42:00.000+01:00,"MAR1GSOPEN;EURJPY;B1;07-28 13:39;2;07-28 13:39,07-28 13:45"
2026-07-28T14:42:00.000+01:00,"MAR1GSOPEN;EURJPY;B2;07-28 13:45;2;07-28 13:45,07-28 13:48"
2026-07-28T14:42:00.000+01:00,MAR1GSOPEN;EURJPY;C1;07-28 13:45;1;07-28 13:45
2026-07-28T14:42:00.000+01:00,MAR1GSOPEN;EURJPY;D1;07-28 13:48;0;
2026-07-28T14:45:00.000+01:00,"MAR1GSOPEN;EURJPY;A1;07-28 13:39;3;07-28 13:39,07-28 13:45,07-28 13:48"
2026-07-28T14:45:00.000+01:00,"MAR1GSOPEN;EURJPY;A2;07-28 13:36;3;07-28 13:36,07-28 13:39,07-28 13:45"
2026-07-28T14:45:00.000+01:00,"MAR1GSOPEN;EURJPY;B1;07-28 13:39;2;07-28 13:39,07-28 13:45"
2026-07-28T14:45:00.000+01:00,"MAR1GSOPEN;EURJPY;B2;07-28 13:45;2;07-28 13:45,07-28 13:48"
2026-07-28T14:45:00.000+01:00,MAR1GSOPEN;EURJPY;C1;07-28 13:45;1;07-28 13:45
2026-07-28T14:45:00.000+01:00,MAR1GSOPEN;EURJPY;D1;07-28 13:48;0;
2026-07-28T14:48:00.000+01:00,"MAR1GSOPEN;EURJPY;A1;07-28 13:39;3;07-28 13:39,07-28 13:45,07-28 13:48"
2026-07-28T14:48:00.000+01:00,"MAR1GSOPEN;EURJPY;A2;07-28 13:36;3;07-28 13:36,07-28 13:39,07-28 13:45"
2026-07-28T14:48:00.000+01:00,"MAR1GSOPEN;EURJPY;B1;07-28 13:39;2;07-28 13:39,07-28 13:45"
2026-07-28T14:48:00.000+01:00,"MAR1GSOPEN;EURJPY;B2;07-28 13:45;2;07-28 13:45,07-28 13:48"
2026-07-28T14:48:00.000+01:00,MAR1GSOPEN;EURJPY;C1;07-28 13:45;1;07-28 13:45
2026-07-28T14:48:00.000+01:00,MAR1GSOPEN;EURJPY;D1;07-28 13:48;0;
2026-07-28T14:51:00.000+01:00,"MAR1GSOPEN;EURJPY;A1;07-28 13:39;3;07-28 13:39,07-28 13:45,07-28 13:48"
2026-07-28T14:51:00.000+01:00,"MAR1GSOPEN;EURJPY;A2;07-28 13:36;3;07-28 13:36,07-28 13:39,07-28 13:45"
2026-07-28T14:51:00.000+01:00,"MAR1GSOPEN;EURJPY;B1;07-28 13:39;2;07-28 13:39,07-28 13:45"
2026-07-28T14:51:00.000+01:00,"MAR1GSOPEN;EURJPY;B2;07-28 13:45;2;07-28 13:45,07-28 13:48"
2026-07-28T14:51:00.000+01:00,MAR1GSOPEN;EURJPY;C1;07-28 13:45;1;07-28 13:45
2026-07-28T14:51:00.000+01:00,MAR1GSOPEN;EURJPY;D1;07-28 13:48;0;
2026-07-28T14:54:00.000+01:00,"MAR1GSOPEN;EURJPY;A1;07-28 13:39;3;07-28 13:39,07-28 13:45,07-28 13:48"
2026-07-28T14:54:00.000+01:00,"MAR1GSOPEN;EURJPY;A2;07-28 13:36;3;07-28 13:36,07-28 13:39,07-28 13:45"
2026-07-28T14:54:00.000+01:00,"MAR1GSOPEN;EURJPY;B1;07-28 13:39;2;07-28 13:39,07-28 13:45"
2026-07-28T14:54:00.000+01:00,"MAR1GSOPEN;EURJPY;B2;07-28 13:45;2;07-28 13:45,07-28 13:48"
2026-07-28T14:54:00.000+01:00,MAR1GSOPEN;EURJPY;C1;07-28 13:45;1;07-28 13:45
2026-07-28T14:54:00.000+01:00,MAR1GSOPEN;EURJPY;D1;07-28 13:48;0;
2026-07-28T14:57:00.000+01:00,"MAR1GSOPEN;EURJPY;A1;07-28 13:39;3;07-28 13:39,07-28 13:45,07-28 13:48"
2026-07-28T14:57:00.000+01:00,"MAR1GSOPEN;EURJPY;A2;07-28 13:36;3;07-28 13:36,07-28 13:39,07-28 13:45"
2026-07-28T14:57:00.000+01:00,"MAR1GSOPEN;EURJPY;B1;07-28 13:39;2;07-28 13:39,07-28 13:45"
2026-07-28T14:57:00.000+01:00,"MAR1GSOPEN;EURJPY;B2;07-28 13:45;2;07-28 13:45,07-28 13:48"
2026-07-28T14:57:00.000+01:00,MAR1GSOPEN;EURJPY;C1;07-28 13:45;1;07-28 13:45
2026-07-28T14:57:00.000+01:00,MAR1GSOPEN;EURJPY;D1;07-28 13:48;0;
2026-07-28T15:00:00.000+01:00,"MAR1GSCLOSE;EURJPY;A1;07-28 13:39;07-28 15:03;4;long;07-28 13:39,07-28 13:45,07-28 13:48,07-28 15:00"
2026-07-28T15:00:00.000+01:00,"MAR1GSCLOSE;EURJPY;A2;07-28 13:36;07-28 15:03;4;long;07-28 13:36,07-28 13:39,07-28 13:45,07-28 15:00"
2026-07-28T15:00:00.000+01:00,"MAR1GSCLOSE;EURJPY;B1;07-28 13:39;07-28 15:03;3;long;07-28 13:39,07-28 13:45,07-28 15:00"
2026-07-28T15:00:00.000+01:00,"MAR1GSCLOSE;EURJPY;B2;07-28 13:45;07-28 15:03;3;long;07-28 13:45,07-28 13:48,07-28 15:00"
2026-07-28T15:00:00.000+01:00,"MAR1GSCLOSE;EURJPY;C1;07-28 13:45;07-28 15:03;2;long;07-28 13:45,07-28 15:00"
2026-07-28T15:00:00.000+01:00,MAR1GSCLOSE;EURJPY;D1;07-28 15:00;07-28 15:03;1;long;07-28 15:00
2026-07-30T08:03:00.000+01:00,MAR1GSOPEN;EURJPY;A1;07-30 08:03;0;
2026-07-30T08:06:00.000+01:00,MAR1GSOPEN;EURJPY;A1;07-30 08:06;1;07-30 08:06
2026-07-30T08:06:00.000+01:00,MAR1GSOPEN;EURJPY;A2;07-30 08:06;0;
2026-07-30T08:06:00.000+01:00,MAR1GSOPEN;EURJPY;B2;07-30 08:06;0;
2026-07-30T08:09:00.000+01:00,MAR1GSOPEN;EURJPY;A1;07-30 08:06;1;07-30 08:06
2026-07-30T08:09:00.000+01:00,MAR1GSOPEN;EURJPY;A2;07-30 08:06;0;
2026-07-30T08:09:00.000+01:00,MAR1GSOPEN;EURJPY;B2;07-30 08:06;0;
2026-07-30T08:12:00.000+01:00,MAR1GSOPEN;EURJPY;A1;07-30 08:06;1;07-30 08:06
2026-07-30T08:12:00.000+01:00,MAR1GSOPEN;EURJPY;A2;07-30 08:06;0;
2026-07-30T08:12:00.000+01:00,MAR1GSOPEN;EURJPY;B2;07-30 08:06;0;
2026-07-30T08:15:00.000+01:00,MAR1GSOPEN;EURJPY;A1;07-30 08:06;1;07-30 08:06
2026-07-30T08:15:00.000+01:00,MAR1GSOPEN;EURJPY;A2;07-30 08:06;0;
2026-07-30T08:15:00.000+01:00,MAR1GSOPEN;EURJPY;B2;07-30 08:06;0;
2026-07-30T08:18:00.000+01:00,MAR1GSOPEN;EURJPY;A1;07-30 08:06;1;07-30 08:06
2026-07-30T08:18:00.000+01:00,MAR1GSOPEN;EURJPY;A2;07-30 08:06;0;
2026-07-30T08:18:00.000+01:00,MAR1GSOPEN;EURJPY;B2;07-30 08:06;0;
2026-07-30T08:21:00.000+01:00,MAR1GSOPEN;EURJPY;A1;07-30 08:06;1;07-30 08:06
2026-07-30T08:21:00.000+01:00,MAR1GSOPEN;EURJPY;A2;07-30 08:06;0;
2026-07-30T08:21:00.000+01:00,MAR1GSOPEN;EURJPY;B2;07-30 08:06;0;
2026-07-30T08:24:00.000+01:00,MAR1GSOPEN;EURJPY;A1;07-30 08:06;1;07-30 08:06
2026-07-30T08:24:00.000+01:00,MAR1GSOPEN;EURJPY;A2;07-30 08:06;0;
2026-07-30T08:24:00.000+01:00,MAR1GSOPEN;EURJPY;B2;07-30 08:06;0;
2026-07-30T08:27:00.000+01:00,MAR1GSOPEN;EURJPY;A1;07-30 08:06;1;07-30 08:06
2026-07-30T08:27:00.000+01:00,MAR1GSOPEN;EURJPY;A2;07-30 08:06;0;
2026-07-30T08:27:00.000+01:00,MAR1GSOPEN;EURJPY;B2;07-30 08:06;0;
2026-07-30T08:30:00.000+01:00,MAR1GSOPEN;EURJPY;A1;07-30 08:06;1;07-30 08:06
2026-07-30T08:30:00.000+01:00,MAR1GSOPEN;EURJPY;A2;07-30 08:06;0;
2026-07-30T08:30:00.000+01:00,MAR1GSOPEN;EURJPY;B2;07-30 08:06;0;
2026-07-30T08:33:00.000+01:00,"MAR1GSOPEN;EURJPY;A1;07-30 08:06;2;07-30 08:06,07-30 08:33"
2026-07-30T08:33:00.000+01:00,MAR1GSOPEN;EURJPY;A2;07-30 08:33;1;07-30 08:33
2026-07-30T08:33:00.000+01:00,MAR1GSOPEN;EURJPY;B1;07-30 08:33;0;
2026-07-30T08:33:00.000+01:00,MAR1GSOPEN;EURJPY;B2;07-30 08:33;1;07-30 08:33
2026-07-30T08:36:00.000+01:00,"MAR1GSOPEN;EURJPY;A1;07-30 08:06;3;07-30 08:06,07-30 08:33,07-30 08:36"
2026-07-30T08:36:00.000+01:00,"MAR1GSOPEN;EURJPY;A2;07-30 08:33;2;07-30 08:33,07-30 08:36"
2026-07-30T08:36:00.000+01:00,MAR1GSOPEN;EURJPY;B1;07-30 08:36;1;07-30 08:36
2026-07-30T08:36:00.000+01:00,"MAR1GSOPEN;EURJPY;B2;07-30 08:33;2;07-30 08:33,07-30 08:36"
2026-07-30T08:36:00.000+01:00,MAR1GSOPEN;EURJPY;D1;07-30 08:36;0;
2026-07-30T08:39:00.000+01:00,"MAR1GSOPEN;EURJPY;A1;07-30 08:06;3;07-30 08:06,07-30 08:33,07-30 08:36"
2026-07-30T08:39:00.000+01:00,"MAR1GSOPEN;EURJPY;A2;07-30 08:33;3;07-30 08:33,07-30 08:36,07-30 08:39"
2026-07-30T08:39:00.000+01:00,"MAR1GSOPEN;EURJPY;B1;07-30 08:36;2;07-30 08:36,07-30 08:39"
2026-07-30T08:39:00.000+01:00,"MAR1GSOPEN;EURJPY;B2;07-30 08:33;2;07-30 08:33,07-30 08:36"
2026-07-30T08:39:00.000+01:00,MAR1GSOPEN;EURJPY;C1;07-30 08:39;0;
2026-07-30T08:39:00.000+01:00,MAR1GSOPEN;EURJPY;D1;07-30 08:36;0;
2026-07-30T08:42:00.000+01:00,"MAR1GSOPEN;EURJPY;A1;07-30 08:06;3;07-30 08:06,07-30 08:33,07-30 08:36"
2026-07-30T08:42:00.000+01:00,"MAR1GSOPEN;EURJPY;A2;07-30 08:33;3;07-30 08:33,07-30 08:36,07-30 08:39"
2026-07-30T08:42:00.000+01:00,"MAR1GSOPEN;EURJPY;B1;07-30 08:36;2;07-30 08:36,07-30 08:39"
2026-07-30T08:42:00.000+01:00,"MAR1GSOPEN;EURJPY;B2;07-30 08:33;2;07-30 08:33,07-30 08:36"
2026-07-30T08:42:00.000+01:00,MAR1GSOPEN;EURJPY;C1;07-30 08:39;0;
2026-07-30T08:42:00.000+01:00,MAR1GSOPEN;EURJPY;D1;07-30 08:36;0;
2026-07-30T08:45:00.000+01:00,"MAR1GSOPEN;EURJPY;A1;07-30 08:06;3;07-30 08:06,07-30 08:33,07-30 08:36"
2026-07-30T08:45:00.000+01:00,"MAR1GSOPEN;EURJPY;A2;07-30 08:33;3;07-30 08:33,07-30 08:36,07-30 08:39"
2026-07-30T08:45:00.000+01:00,"MAR1GSOPEN;EURJPY;B1;07-30 08:36;2;07-30 08:36,07-30 08:39"
2026-07-30T08:45:00.000+01:00,"MAR1GSOPEN;EURJPY;B2;07-30 08:33;2;07-30 08:33,07-30 08:36"
2026-07-30T08:45:00.000+01:00,MAR1GSOPEN;EURJPY;C1;07-30 08:39;0;
2026-07-30T08:45:00.000+01:00,MAR1GSOPEN;EURJPY;D1;07-30 08:36;0;
2026-07-30T08:48:00.000+01:00,"MAR1GSOPEN;EURJPY;A1;07-30 08:06;3;07-30 08:06,07-30 08:33,07-30 08:36"
2026-07-30T08:48:00.000+01:00,"MAR1GSOPEN;EURJPY;A2;07-30 08:33;3;07-30 08:33,07-30 08:36,07-30 08:39"
2026-07-30T08:48:00.000+01:00,"MAR1GSOPEN;EURJPY;B1;07-30 08:36;2;07-30 08:36,07-30 08:39"
2026-07-30T08:48:00.000+01:00,"MAR1GSOPEN;EURJPY;B2;07-30 08:33;2;07-30 08:33,07-30 08:36"
2026-07-30T08:48:00.000+01:00,MAR1GSOPEN;EURJPY;C1;07-30 08:39;0;
2026-07-30T08:48:00.000+01:00,MAR1GSOPEN;EURJPY;D1;07-30 08:36;0;
2026-07-30T08:51:00.000+01:00,"MAR1GSOPEN;EURJPY;A1;07-30 08:06;3;07-30 08:06,07-30 08:33,07-30 08:36"
2026-07-30T08:51:00.000+01:00,"MAR1GSOPEN;EURJPY;A2;07-30 08:33;3;07-30 08:33,07-30 08:36,07-30 08:39"
2026-07-30T08:51:00.000+01:00,"MAR1GSOPEN;EURJPY;B1;07-30 08:36;2;07-30 08:36,07-30 08:39"
2026-07-30T08:51:00.000+01:00,"MAR1GSOPEN;EURJPY;B2;07-30 08:33;2;07-30 08:33,07-30 08:36"
2026-07-30T08:51:00.000+01:00,MAR1GSOPEN;EURJPY;C1;07-30 08:39;0;
2026-07-30T08:51:00.000+01:00,MAR1GSOPEN;EURJPY;D1;07-30 08:36;0;
2026-07-30T08:54:00.000+01:00,"MAR1GSOPEN;EURJPY;A1;07-30 08:06;3;07-30 08:06,07-30 08:33,07-30 08:36"
2026-07-30T08:54:00.000+01:00,"MAR1GSOPEN;EURJPY;A2;07-30 08:33;3;07-30 08:33,07-30 08:36,07-30 08:39"
2026-07-30T08:54:00.000+01:00,"MAR1GSOPEN;EURJPY;B1;07-30 08:36;2;07-30 08:36,07-30 08:39"
2026-07-30T08:54:00.000+01:00,"MAR1GSOPEN;EURJPY;B2;07-30 08:33;2;07-30 08:33,07-30 08:36"
2026-07-30T08:54:00.000+01:00,MAR1GSOPEN;EURJPY;C1;07-30 08:39;0;
2026-07-30T08:54:00.000+01:00,MAR1GSOPEN;EURJPY;D1;07-30 08:36;0;
2026-07-30T08:57:00.000+01:00,"MAR1GSOPEN;EURJPY;A1;07-30 08:06;3;07-30 08:06,07-30 08:33,07-30 08:36"
2026-07-30T08:57:00.000+01:00,"MAR1GSOPEN;EURJPY;A2;07-30 08:33;3;07-30 08:33,07-30 08:36,07-30 08:39"
2026-07-30T08:57:00.000+01:00,"MAR1GSOPEN;EURJPY;B1;07-30 08:36;2;07-30 08:36,07-30 08:39"
2026-07-30T08:57:00.000+01:00,"MAR1GSOPEN;EURJPY;B2;07-30 08:33;2;07-30 08:33,07-30 08:36"
2026-07-30T08:57:00.000+01:00,MAR1GSOPEN;EURJPY;C1;07-30 08:39;0;
2026-07-30T08:57:00.000+01:00,MAR1GSOPEN;EURJPY;D1;07-30 08:36;0;
2026-07-30T09:00:00.000+01:00,"MAR1GSCLOSE;EURJPY;A1;07-30 08:06;07-30 09:03;4;long;07-30 08:06,07-30 08:33,07-30 08:36,07-30 09:00"
2026-07-30T09:00:00.000+01:00,"MAR1GSCLOSE;EURJPY;A2;07-30 08:33;07-30 09:03;4;long;07-30 08:33,07-30 08:36,07-30 08:39,07-30 09:00"
2026-07-30T09:00:00.000+01:00,"MAR1GSCLOSE;EURJPY;B1;07-30 08:36;07-30 09:03;3;long;07-30 08:36,07-30 08:39,07-30 09:00"
2026-07-30T09:00:00.000+01:00,"MAR1GSCLOSE;EURJPY;B2;07-30 08:33;07-30 09:03;3;long;07-30 08:33,07-30 08:36,07-30 09:00"
2026-07-30T09:00:00.000+01:00,MAR1GSCLOSE;EURJPY;C1;07-30 09:00;07-30 09:03;1;long;07-30 09:00
2026-07-30T09:00:00.000+01:00,MAR1GSCLOSE;EURJPY;D1;07-30 09:00;07-30 09:03;1;long;07-30 09:00
2026-07-31T10:06:00.000+01:00,MAR1GSOPEN;EURJPY;A2;07-31 10:06;0;
2026-07-31T10:09:00.000+01:00,MAR1GSOPEN;EURJPY;A2;07-31 10:06;0;
2026-07-31T10:12:00.000+01:00,MAR1GSOPEN;EURJPY;A2;07-31 10:06;0;
2026-07-31T10:15:00.000+01:00,MAR1GSOPEN;EURJPY;A2;07-31 10:06;0;
2026-07-31T10:18:00.000+01:00,MAR1GSOPEN;EURJPY;A2;07-31 10:06;0;
2026-07-31T10:21:00.000+01:00,MAR1GSOPEN;EURJPY;A2;07-31 10:06;0;
2026-07-31T10:24:00.000+01:00,MAR1GSOPEN;EURJPY;A2;07-31 10:06;0;
2026-07-31T10:27:00.000+01:00,MAR1GSOPEN;EURJPY;A2;07-31 10:06;0;
2026-07-31T10:30:00.000+01:00,MAR1GSOPEN;EURJPY;A2;07-31 10:06;0;
2026-07-31T10:33:00.000+01:00,MAR1GSCLOSE;EURJPY;A2;07-31 10:33;07-31 10:36;1;long;07-31 10:33
2026-08-04T09:00:00.000+01:00,MAR1GSOPEN;EURJPY;A2;08-04 09:00;0;
2026-08-04T09:03:00.000+01:00,MAR1GSCLOSE;EURJPY;A2;08-04 09:03;08-04 09:06;1;long;08-04 09:03
2026-08-04T11:45:00.000+01:00,MAR1GSOPEN;EURJPY;A2;08-04 11:45;0;
2026-08-04T11:48:00.000+01:00,MAR1GSOPEN;EURJPY;A2;08-04 11:45;0;
2026-08-04T11:51:00.000+01:00,MAR1GSOPEN;EURJPY;A2;08-04 11:45;0;
2026-08-04T11:54:00.000+01:00,MAR1GSOPEN;EURJPY;A2;08-04 11:45;0;
2026-08-04T11:57:00.000+01:00,MAR1GSOPEN;EURJPY;A2;08-04 11:45;0;
2026-08-04T12:00:00.000+01:00,MAR1GSOPEN;EURJPY;A2;08-04 11:45;0;
2026-08-04T12:03:00.000+01:00,MAR1GSOPEN;EURJPY;A2;08-04 11:45;0;
2026-08-04T12:06:00.000+01:00,MAR1GSOPEN;EURJPY;A2;08-04 11:45;0;
2026-08-04T12:09:00.000+01:00,MAR1GSOPEN;EURJPY;A2;08-04 11:45;0;
2026-08-04T12:12:00.000+01:00,MAR1GSOPEN;EURJPY;A2;08-04 11:45;0;
2026-08-04T12:15:00.000+01:00,MAR1GSOPEN;EURJPY;A2;08-04 11:45;0;
2026-08-04T12:18:00.000+01:00,MAR1GSOPEN;EURJPY;A2;08-04 11:45;0;
2026-08-04T12:21:00.000+01:00,MAR1GSOPEN;EURJPY;A2;08-04 11:45;0;
2026-08-04T12:24:00.000+01:00,MAR1GSCLOSE;EURJPY;A2;08-04 12:24;08-04 12:27;1;short;08-04 12:24
2026-08-04T14:45:00.000+01:00,MAR1GSOPEN;EURJPY;A2;08-04 14:45;0;
2026-08-04T14:48:00.000+01:00,MAR1GSOPEN;EURJPY;A2;08-04 14:45;0;
2026-08-04T14:51:00.000+01:00,MAR1GSOPEN;EURJPY;A2;08-04 14:45;0;
2026-08-04T14:54:00.000+01:00,MAR1GSOPEN;EURJPY;A2;08-04 14:45;0;
2026-08-04T14:57:00.000+01:00,MAR1GSOPEN;EURJPY;A2;08-04 14:45;0;
2026-08-04T15:00:00.000+01:00,MAR1GSOPEN;EURJPY;A2;08-04 14:45;0;
2026-08-04T15:03:00.000+01:00,MAR1GSOPEN;EURJPY;A2;08-04 14:45;0;
2026-08-04T15:06:00.000+01:00,MAR1GSOPEN;EURJPY;A1;08-04 15:06;0;
2026-08-04T15:06:00.000+01:00,MAR1GSOPEN;EURJPY;A2;08-04 15:06;1;08-04 15:06
2026-08-04T15:06:00.000+01:00,MAR1GSOPEN;EURJPY;B1;08-04 15:06;0;
2026-08-04T15:09:00.000+01:00,MAR1GSOPEN;EURJPY;A1;08-04 15:06;0;
2026-08-04T15:09:00.000+01:00,MAR1GSOPEN;EURJPY;A2;08-04 15:06;1;08-04 15:06
2026-08-04T15:09:00.000+01:00,MAR1GSOPEN;EURJPY;B1;08-04 15:06;0;
2026-08-04T15:12:00.000+01:00,MAR1GSOPEN;EURJPY;A1;08-04 15:06;0;
2026-08-04T15:12:00.000+01:00,MAR1GSOPEN;EURJPY;A2;08-04 15:06;1;08-04 15:06
2026-08-04T15:12:00.000+01:00,MAR1GSOPEN;EURJPY;B1;08-04 15:06;0;
2026-08-04T15:15:00.000+01:00,MAR1GSOPEN;EURJPY;A1;08-04 15:06;0;
2026-08-04T15:15:00.000+01:00,MAR1GSOPEN;EURJPY;A2;08-04 15:06;1;08-04 15:06
2026-08-04T15:15:00.000+01:00,MAR1GSOPEN;EURJPY;B1;08-04 15:06;0;
2026-08-04T15:18:00.000+01:00,MAR1GSOPEN;EURJPY;A1;08-04 15:06;0;
2026-08-04T15:18:00.000+01:00,MAR1GSOPEN;EURJPY;A2;08-04 15:06;1;08-04 15:06
2026-08-04T15:18:00.000+01:00,MAR1GSOPEN;EURJPY;B1;08-04 15:06;0;
2026-08-04T15:21:00.000+01:00,MAR1GSOPEN;EURJPY;A1;08-04 15:06;0;
2026-08-04T15:21:00.000+01:00,MAR1GSOPEN;EURJPY;A2;08-04 15:06;1;08-04 15:06
2026-08-04T15:21:00.000+01:00,MAR1GSOPEN;EURJPY;B1;08-04 15:06;0;
2026-08-04T15:24:00.000+01:00,MAR1GSOPEN;EURJPY;A1;08-04 15:06;0;
2026-08-04T15:24:00.000+01:00,MAR1GSOPEN;EURJPY;A2;08-04 15:06;1;08-04 15:06
2026-08-04T15:24:00.000+01:00,MAR1GSOPEN;EURJPY;B1;08-04 15:06;0;
2026-08-04T15:27:00.000+01:00,MAR1GSCLOSE;EURJPY;A1;08-04 15:27;08-04 15:30;1;long;08-04 15:27
2026-08-04T15:27:00.000+01:00,"MAR1GSCLOSE;EURJPY;A2;08-04 15:06;08-04 15:30;2;long;08-04 15:06,08-04 15:27"
2026-08-04T15:27:00.000+01:00,MAR1GSCLOSE;EURJPY;B1;08-04 15:27;08-04 15:30;1;long;08-04 15:27
2026-08-04T17:57:00.000+01:00,MAR1GSOPEN;EURJPY;A1;08-04 17:57;0;
2026-08-04T17:57:00.000+01:00,MAR1GSOPEN;EURJPY;A2;08-04 17:57;0;
2026-08-04T18:00:00.000+01:00,MAR1GSCLOSE;EURJPY;A1;08-04 18:00;08-04 18:03;1;long;08-04 18:00
2026-08-04T18:00:00.000+01:00,MAR1GSCLOSE;EURJPY;A2;08-04 18:00;08-04 18:03;1;long;08-04 18:00
2026-08-06T08:48:00.000+01:00,MAR1GSOPEN;EURJPY;A1;08-06 08:48;0;
2026-08-06T08:48:00.000+01:00,MAR1GSOPEN;EURJPY;A2;08-06 08:48;0;
2026-08-06T08:51:00.000+01:00,MAR1GSCLOSE;EURJPY;A1;08-06 08:51;08-06 08:54;1;long;08-06 08:51
2026-08-06T08:51:00.000+01:00,MAR1GSCLOSE;EURJPY;A2;08-06 08:51;08-06 08:54;1;long;08-06 08:51
2026-08-06T12:15:00.000+01:00,MAR1GSOPEN;EURJPY;A1;08-06 12:15;0;
2026-08-06T12:18:00.000+01:00,MAR1GSCLOSE;EURJPY;A1;08-06 12:18;08-06 12:21;1;long;08-06 12:18
2026-08-06T17:12:00.000+01:00,MAR1GSOPEN;EURJPY;A1;08-06 17:12;0;
2026-08-06T17:12:00.000+01:00,MAR1GSOPEN;EURJPY;A2;08-06 17:12;0;
2026-08-06T17:15:00.000+01:00,MAR1GSOPEN;EURJPY;A1;08-06 17:12;0;
2026-08-06T17:15:00.000+01:00,MAR1GSOPEN;EURJPY;A2;08-06 17:12;0;
2026-08-06T17:18:00.000+01:00,MAR1GSOPEN;EURJPY;A1;08-06 17:12;0;
2026-08-06T17:18:00.000+01:00,MAR1GSOPEN;EURJPY;A2;08-06 17:18;1;08-06 17:18
2026-08-06T17:18:00.000+01:00,MAR1GSOPEN;EURJPY;B1;08-06 17:18;0;
2026-08-06T17:18:00.000+01:00,MAR1GSOPEN;EURJPY;C2;08-06 17:18;0;
2026-08-06T17:21:00.000+01:00,MAR1GSOPEN;EURJPY;A1;08-06 17:12;0;
2026-08-06T17:21:00.000+01:00,MAR1GSOPEN;EURJPY;A2;08-06 17:18;1;08-06 17:18
2026-08-06T17:21:00.000+01:00,MAR1GSOPEN;EURJPY;B1;08-06 17:18;0;
2026-08-06T17:21:00.000+01:00,MAR1GSOPEN;EURJPY;C2;08-06 17:18;0;
2026-08-06T17:24:00.000+01:00,MAR1GSOPEN;EURJPY;A1;08-06 17:12;0;
2026-08-06T17:24:00.000+01:00,MAR1GSOPEN;EURJPY;A2;08-06 17:18;1;08-06 17:18
2026-08-06T17:24:00.000+01:00,MAR1GSOPEN;EURJPY;B1;08-06 17:18;0;
2026-08-06T17:24:00.000+01:00,MAR1GSOPEN;EURJPY;C2;08-06 17:18;0;
2026-08-06T17:27:00.000+01:00,MAR1GSOPEN;EURJPY;A1;08-06 17:12;0;
2026-08-06T17:27:00.000+01:00,MAR1GSOPEN;EURJPY;A2;08-06 17:18;1;08-06 17:18
2026-08-06T17:27:00.000+01:00,MAR1GSOPEN;EURJPY;B1;08-06 17:18;0;
2026-08-06T17:27:00.000+01:00,MAR1GSOPEN;EURJPY;C2;08-06 17:18;0;
2026-08-06T17:30:00.000+01:00,MAR1GSOPEN;EURJPY;A1;08-06 17:12;0;
2026-08-06T17:30:00.000+01:00,MAR1GSOPEN;EURJPY;A2;08-06 17:18;1;08-06 17:18
2026-08-06T17:30:00.000+01:00,MAR1GSOPEN;EURJPY;B1;08-06 17:18;0;
2026-08-06T17:30:00.000+01:00,MAR1GSOPEN;EURJPY;C2;08-06 17:18;0;
2026-08-06T17:33:00.000+01:00,MAR1GSOPEN;EURJPY;A1;08-06 17:12;0;
2026-08-06T17:33:00.000+01:00,MAR1GSOPEN;EURJPY;A2;08-06 17:18;1;08-06 17:18
2026-08-06T17:33:00.000+01:00,MAR1GSOPEN;EURJPY;B1;08-06 17:18;0;
2026-08-06T17:33:00.000+01:00,MAR1GSOPEN;EURJPY;C2;08-06 17:18;0;
2026-08-06T17:36:00.000+01:00,MAR1GSOPEN;EURJPY;A1;08-06 17:12;0;
2026-08-06T17:36:00.000+01:00,MAR1GSOPEN;EURJPY;A2;08-06 17:18;1;08-06 17:18
2026-08-06T17:36:00.000+01:00,MAR1GSOPEN;EURJPY;B1;08-06 17:18;0;
2026-08-06T17:36:00.000+01:00,MAR1GSOPEN;EURJPY;C2;08-06 17:18;0;
2026-08-06T17:39:00.000+01:00,MAR1GSOPEN;EURJPY;A1;08-06 17:12;0;
2026-08-06T17:39:00.000+01:00,MAR1GSOPEN;EURJPY;A2;08-06 17:18;1;08-06 17:18
2026-08-06T17:39:00.000+01:00,MAR1GSOPEN;EURJPY;B1;08-06 17:18;0;
2026-08-06T17:39:00.000+01:00,MAR1GSOPEN;EURJPY;C2;08-06 17:18;0;
2026-08-06T17:42:00.000+01:00,MAR1GSOPEN;EURJPY;A1;08-06 17:12;0;
2026-08-06T17:42:00.000+01:00,MAR1GSOPEN;EURJPY;A2;08-06 17:18;1;08-06 17:18
2026-08-06T17:42:00.000+01:00,MAR1GSOPEN;EURJPY;B1;08-06 17:18;0;
2026-08-06T17:42:00.000+01:00,MAR1GSOPEN;EURJPY;C2;08-06 17:18;0;
2026-08-06T17:45:00.000+01:00,MAR1GSOPEN;EURJPY;A1;08-06 17:12;0;
2026-08-06T17:45:00.000+01:00,MAR1GSOPEN;EURJPY;A2;08-06 17:18;1;08-06 17:18
2026-08-06T17:45:00.000+01:00,MAR1GSOPEN;EURJPY;B1;08-06 17:18;0;
2026-08-06T17:45:00.000+01:00,MAR1GSOPEN;EURJPY;C2;08-06 17:18;0;
2026-08-06T17:48:00.000+01:00,MAR1GSOPEN;EURJPY;A1;08-06 17:12;0;
2026-08-06T17:48:00.000+01:00,MAR1GSOPEN;EURJPY;A2;08-06 17:18;1;08-06 17:18
2026-08-06T17:48:00.000+01:00,MAR1GSOPEN;EURJPY;B1;08-06 17:18;0;
2026-08-06T17:48:00.000+01:00,MAR1GSOPEN;EURJPY;C2;08-06 17:18;0;
2026-08-06T17:51:00.000+01:00,MAR1GSOPEN;EURJPY;A1;08-06 17:12;0;
2026-08-06T17:51:00.000+01:00,MAR1GSOPEN;EURJPY;A2;08-06 17:18;1;08-06 17:18
2026-08-06T17:51:00.000+01:00,MAR1GSOPEN;EURJPY;B1;08-06 17:18;0;
2026-08-06T17:51:00.000+01:00,MAR1GSOPEN;EURJPY;C2;08-06 17:18;0;
2026-08-06T17:54:00.000+01:00,MAR1GSCLOSE;EURJPY;A1;08-06 17:54;08-06 17:57;1;long;08-06 17:54
2026-08-06T17:54:00.000+01:00,"MAR1GSCLOSE;EURJPY;A2;08-06 17:18;08-06 17:57;2;long;08-06 17:18,08-06 17:54"
2026-08-06T17:54:00.000+01:00,MAR1GSCLOSE;EURJPY;B1;08-06 17:54;08-06 17:57;1;long;08-06 17:54
2026-08-06T17:54:00.000+01:00,MAR1GSCLOSE;EURJPY;C2;08-06 17:54;08-06 17:57;1;long;08-06 17:54
2026-08-07T11:48:00.000+01:00,MAR1GSOPEN;EURJPY;A2;08-07 11:48;0;
2026-08-07T11:51:00.000+01:00,MAR1GSOPEN;EURJPY;A2;08-07 11:48;0;
2026-08-07T11:54:00.000+01:00,MAR1GSOPEN;EURJPY;A2;08-07 11:48;0;
2026-08-07T11:57:00.000+01:00,MAR1GSOPEN;EURJPY;A2;08-07 11:48;0;
2026-08-07T12:00:00.000+01:00,MAR1GSOPEN;EURJPY;A2;08-07 11:48;0;
2026-08-07T12:03:00.000+01:00,MAR1GSCLOSE;EURJPY;A2;08-07 12:03;08-07 12:06;1;short;08-07 12:03
2026-08-10T17:21:00.000+01:00,MAR1GSOPEN;EURJPY;A1;08-10 17:21;0;
2026-08-10T17:24:00.000+01:00,MAR1GSOPEN;EURJPY;A1;08-10 17:21;0;
2026-08-10T17:27:00.000+01:00,MAR1GSOPEN;EURJPY;A1;08-10 17:21;0;
2026-08-10T17:30:00.000+01:00,MAR1GSOPEN;EURJPY;A1;08-10 17:21;0;
2026-08-10T17:33:00.000+01:00,MAR1GSOPEN;EURJPY;A1;08-10 17:21;0;
2026-08-10T17:36:00.000+01:00,MAR1GSOPEN;EURJPY;A1;08-10 17:21;0;
2026-08-10T17:39:00.000+01:00,MAR1GSOPEN;EURJPY;A1;08-10 17:21;0;
2026-08-10T17:42:00.000+01:00,MAR1GSOPEN;EURJPY;A1;08-10 17:21;0;
2026-08-10T17:45:00.000+01:00,MAR1GSOPEN;EURJPY;A1;08-10 17:21;0;
2026-08-10T17:48:00.000+01:00,MAR1GSOPEN;EURJPY;A1;08-10 17:21;0;
2026-08-10T17:51:00.000+01:00,MAR1GSOPEN;EURJPY;A1;08-10 17:21;0;
2026-08-10T17:54:00.000+01:00,MAR1GSOPEN;EURJPY;A1;08-10 17:21;0;
2026-08-10T17:57:00.000+01:00,MAR1GSOPEN;EURJPY;A1;08-10 17:21;0;
2026-08-10T18:00:00.000+01:00,MAR1GSOPEN;EURJPY;A1;08-10 17:21;0;
2026-08-10T18:03:00.000+01:00,MAR1GSOPEN;EURJPY;A1;08-10 17:21;0;
2026-08-10T18:06:00.000+01:00,MAR1GSOPEN;EURJPY;A1;08-10 17:21;0;
2026-08-10T18:09:00.000+01:00,MAR1GSOPEN;EURJPY;A1;08-10 17:21;0;
2026-08-10T18:12:00.000+01:00,MAR1GSOPEN;EURJPY;A1;08-10 18:12;1;08-10 18:12
2026-08-10T18:12:00.000+01:00,MAR1GSOPEN;EURJPY;B2;08-10 18:12;0;
2026-08-10T18:15:00.000+01:00,"MAR1GSOPEN;EURJPY;A1;08-10 18:12;2;08-10 18:12,08-10 18:15"
2026-08-10T18:15:00.000+01:00,MAR1GSOPEN;EURJPY;A2;08-10 18:15;0;
2026-08-10T18:15:00.000+01:00,MAR1GSOPEN;EURJPY;B2;08-10 18:15;1;08-10 18:15
2026-08-10T18:18:00.000+01:00,"MAR1GSOPEN;EURJPY;A1;08-10 18:12;2;08-10 18:12,08-10 18:15"
2026-08-10T18:18:00.000+01:00,MAR1GSOPEN;EURJPY;A2;08-10 18:15;0;
2026-08-10T18:18:00.000+01:00,MAR1GSOPEN;EURJPY;B2;08-10 18:15;1;08-10 18:15
2026-08-10T18:21:00.000+01:00,"MAR1GSOPEN;EURJPY;A1;08-10 18:12;2;08-10 18:12,08-10 18:15"
2026-08-10T18:21:00.000+01:00,MAR1GSOPEN;EURJPY;A2;08-10 18:15;0;
2026-08-10T18:21:00.000+01:00,MAR1GSOPEN;EURJPY;B2;08-10 18:15;1;08-10 18:15
2026-08-10T18:24:00.000+01:00,"MAR1GSOPEN;EURJPY;A1;08-10 18:12;2;08-10 18:12,08-10 18:15"
2026-08-10T18:24:00.000+01:00,MAR1GSOPEN;EURJPY;A2;08-10 18:15;0;
2026-08-10T18:24:00.000+01:00,MAR1GSOPEN;EURJPY;B2;08-10 18:15;1;08-10 18:15
2026-08-10T18:27:00.000+01:00,"MAR1GSOPEN;EURJPY;A1;08-10 18:12;2;08-10 18:12,08-10 18:15"
2026-08-10T18:27:00.000+01:00,MAR1GSOPEN;EURJPY;A2;08-10 18:15;0;
2026-08-10T18:27:00.000+01:00,MAR1GSOPEN;EURJPY;B2;08-10 18:15;1;08-10 18:15
2026-08-10T18:30:00.000+01:00,"MAR1GSOPEN;EURJPY;A1;08-10 18:12;2;08-10 18:12,08-10 18:15"
2026-08-10T18:30:00.000+01:00,MAR1GSOPEN;EURJPY;A2;08-10 18:15;0;
2026-08-10T18:30:00.000+01:00,MAR1GSOPEN;EURJPY;B2;08-10 18:15;1;08-10 18:15
2026-08-10T18:33:00.000+01:00,"MAR1GSOPEN;EURJPY;A1;08-10 18:12;2;08-10 18:12,08-10 18:15"
2026-08-10T18:33:00.000+01:00,MAR1GSOPEN;EURJPY;A2;08-10 18:15;0;
2026-08-10T18:33:00.000+01:00,MAR1GSOPEN;EURJPY;B2;08-10 18:15;1;08-10 18:15
2026-08-10T18:36:00.000+01:00,"MAR1GSOPEN;EURJPY;A1;08-10 18:12;2;08-10 18:12,08-10 18:15"
2026-08-10T18:36:00.000+01:00,MAR1GSOPEN;EURJPY;A2;08-10 18:15;0;
2026-08-10T18:36:00.000+01:00,MAR1GSOPEN;EURJPY;B2;08-10 18:15;1;08-10 18:15
2026-08-10T18:39:00.000+01:00,"MAR1GSOPEN;EURJPY;A1;08-10 18:12;2;08-10 18:12,08-10 18:15"
2026-08-10T18:39:00.000+01:00,MAR1GSOPEN;EURJPY;A2;08-10 18:15;0;
2026-08-10T18:39:00.000+01:00,MAR1GSOPEN;EURJPY;B2;08-10 18:15;1;08-10 18:15
2026-08-10T18:42:00.000+01:00,"MAR1GSCLOSE;EURJPY;A1;08-10 18:12;08-10 18:45;3;long;08-10 18:12,08-10 18:15,08-10 18:42"
2026-08-10T18:42:00.000+01:00,MAR1GSCLOSE;EURJPY;A2;08-10 18:42;08-10 18:45;1;long;08-10 18:42
2026-08-10T18:42:00.000+01:00,"MAR1GSCLOSE;EURJPY;B2;08-10 18:15;08-10 18:45;2;long;08-10 18:15,08-10 18:42"
2026-08-11T08:15:00.000+01:00,MAR1GSOPEN;EURJPY;C2;08-11 08:15;0;
2026-08-11T08:18:00.000+01:00,MAR1GSCLOSE;EURJPY;C2;08-11 08:18;08-11 08:21;1;long;08-11 08:18
2026-08-11T15:36:00.000+01:00,MAR1GSOPEN;EURJPY;A1;08-11 15:36;0;
2026-08-11T15:36:00.000+01:00,MAR1GSOPEN;EURJPY;A2;08-11 15:36;0;
2026-08-11T15:39:00.000+01:00,MAR1GSOPEN;EURJPY;A1;08-11 15:36;0;
2026-08-11T15:39:00.000+01:00,MAR1GSOPEN;EURJPY;A2;08-11 15:36;0;
2026-08-11T15:42:00.000+01:00,MAR1GSOPEN;EURJPY;A1;08-11 15:36;0;
2026-08-11T15:42:00.000+01:00,MAR1GSOPEN;EURJPY;A2;08-11 15:36;0;
2026-08-11T15:45:00.000+01:00,MAR1GSCLOSE;EURJPY;A1;08-11 15:45;08-11 15:48;1;short;08-11 15:45
2026-08-11T15:45:00.000+01:00,MAR1GSCLOSE;EURJPY;A2;08-11 15:45;08-11 15:48;1;short;08-11 15:45
2026-08-11T16:45:00.000+01:00,MAR1GSOPEN;EURJPY;C2;08-11 16:45;0;
2026-08-11T16:48:00.000+01:00,MAR1GSCLOSE;EURJPY;C2;08-11 16:48;08-11 16:51;1;long;08-11 16:48
2026-07-27T10:24:00.000+01:00,MAR1GSOPEN;EURJPY;A1;07-27 10:24;0;
2026-07-27T10:27:00.000+01:00,MAR1GSOPEN;EURJPY;A1;07-27 10:24;0;
2026-07-27T10:30:00.000+01:00,MAR1GSOPEN;EURJPY;A1;07-27 10:24;0;
2026-07-27T10:33:00.000+01:00,MAR1GSOPEN;EURJPY;A1;07-27 10:24;0;
2026-07-27T10:36:00.000+01:00,MAR1GSOPEN;EURJPY;A1;07-27 10:24;0;
2026-07-27T10:39:00.000+01:00,MAR1GSOPEN;EURJPY;A1;07-27 10:24;0;
2026-07-27T10:42:00.000+01:00,MAR1GSOPEN;EURJPY;A1;07-27 10:24;0;
2026-07-27T10:45:00.000+01:00,MAR1GSOPEN;EURJPY;A1;07-27 10:24;0;
2026-07-27T10:48:00.000+01:00,MAR1GSOPEN;EURJPY;A1;07-27 10:24;0;
2026-07-27T10:51:00.000+01:00,MAR1GSOPEN;EURJPY;A1;07-27 10:24;0;
2026-07-27T10:54:00.000+01:00,MAR1GSOPEN;EURJPY;A1;07-27 10:24;0;
2026-07-27T10:57:00.000+01:00,MAR1GSOPEN;EURJPY;A1;07-27 10:24;0;
2026-07-27T11:00:00.000+01:00,MAR1GSOPEN;EURJPY;A1;07-27 10:24;0;
2026-07-27T11:03:00.000+01:00,MAR1GSOPEN;EURJPY;A1;07-27 10:24;0;
2026-07-27T11:06:00.000+01:00,MAR1GSOPEN;EURJPY;A1;07-27 10:24;0;
2026-07-27T11:09:00.000+01:00,MAR1GSOPEN;EURJPY;A1;07-27 10:24;0;
2026-07-27T11:12:00.000+01:00,MAR1GSOPEN;EURJPY;A1;07-27 10:24;0;
2026-07-27T11:15:00.000+01:00,MAR1GSOPEN;EURJPY;A1;07-27 10:24;0;
2026-07-27T11:18:00.000+01:00,MAR1GSOPEN;EURJPY;A1;07-27 10:24;0;
2026-07-27T11:21:00.000+01:00,MAR1GSOPEN;EURJPY;A1;07-27 10:24;0;
2026-07-27T11:24:00.000+01:00,MAR1GSOPEN;EURJPY;A1;07-27 10:24;0;
2026-07-27T11:27:00.000+01:00,MAR1GSOPEN;EURJPY;A1;07-27 10:24;0;
2026-07-27T11:30:00.000+01:00,MAR1GSOPEN;EURJPY;A1;07-27 10:24;0;
2026-07-27T11:33:00.000+01:00,MAR1GSOPEN;EURJPY;A1;07-27 10:24;0;
2026-07-27T11:36:00.000+01:00,MAR1GSOPEN;EURJPY;A1;07-27 10:24;0;
2026-07-27T11:39:00.000+01:00,MAR1GSOPEN;EURJPY;A1;07-27 10:24;0;
2026-07-27T11:42:00.000+01:00,MAR1GSOPEN;EURJPY;A1;07-27 10:24;0;
2026-07-27T11:45:00.000+01:00,MAR1GSOPEN;EURJPY;A1;07-27 10:24;0;
2026-07-27T11:48:00.000+01:00,MAR1GSCLOSE;EURJPY;A1;07-27 11:48;07-27 11:51;1;long;07-27 11:48
2026-07-28T08:27:00.000+01:00,MAR1GSOPEN;EURJPY;C1;07-28 08:27;0;
2026-07-28T08:30:00.000+01:00,MAR1GSOPEN;EURJPY;A1;07-28 08:30;0;
2026-07-28T08:30:00.000+01:00,MAR1GSOPEN;EURJPY;A2;07-28 08:30;0;
2026-07-28T08:30:00.000+01:00,MAR1GSOPEN;EURJPY;C1;07-28 08:30;1;07-28 08:30
2026-07-28T08:30:00.000+01:00,MAR1GSOPEN;EURJPY;C2;07-28 08:30;0;
2026-07-28T08:33:00.000+01:00,MAR1GSOPEN;EURJPY;A1;07-28 08:30;0;
2026-07-28T08:33:00.000+01:00,MAR1GSOPEN;EURJPY;A2;07-28 08:30;0;
2026-07-28T08:33:00.000+01:00,MAR1GSOPEN;EURJPY;C1;07-28 08:30;1;07-28 08:30
2026-07-28T08:33:00.000+01:00,MAR1GSOPEN;EURJPY;C2;07-28 08:30;0;
2026-07-28T08:36:00.000+01:00,MAR1GSOPEN;EURJPY;A1;07-28 08:30;0;
2026-07-28T08:36:00.000+01:00,MAR1GSOPEN;EURJPY;A2;07-28 08:36;1;07-28 08:36
2026-07-28T08:36:00.000+01:00,MAR1GSOPEN;EURJPY;B1;07-28 08:36;0;
2026-07-28T08:36:00.000+01:00,"MAR1GSOPEN;EURJPY;C1;07-28 08:30;2;07-28 08:30,07-28 08:36"
2026-07-28T08:36:00.000+01:00,MAR1GSOPEN;EURJPY;C2;07-28 08:30;0;
2026-07-28T08:39:00.000+01:00,MAR1GSOPEN;EURJPY;A1;07-28 08:30;0;
2026-07-28T08:39:00.000+01:00,MAR1GSOPEN;EURJPY;A2;07-28 08:36;1;07-28 08:36
2026-07-28T08:39:00.000+01:00,MAR1GSOPEN;EURJPY;B1;07-28 08:36;0;
2026-07-28T08:39:00.000+01:00,"MAR1GSOPEN;EURJPY;C1;07-28 08:30;2;07-28 08:30,07-28 08:36"
2026-07-28T08:39:00.000+01:00,MAR1GSOPEN;EURJPY;C2;07-28 08:30;0;
2026-07-28T08:42:00.000+01:00,MAR1GSOPEN;EURJPY;A1;07-28 08:30;0;
2026-07-28T08:42:00.000+01:00,MAR1GSOPEN;EURJPY;A2;07-28 08:36;1;07-28 08:36
2026-07-28T08:42:00.000+01:00,MAR1GSOPEN;EURJPY;B1;07-28 08:36;0;
2026-07-28T08:42:00.000+01:00,"MAR1GSOPEN;EURJPY;C1;07-28 08:30;2;07-28 08:30,07-28 08:36"
2026-07-28T08:42:00.000+01:00,MAR1GSOPEN;EURJPY;C2;07-28 08:30;0;
2026-07-28T08:45:00.000+01:00,MAR1GSOPEN;EURJPY;A1;07-28 08:30;0;
2026-07-28T08:45:00.000+01:00,MAR1GSOPEN;EURJPY;A2;07-28 08:36;1;07-28 08:36
2026-07-28T08:45:00.000+01:00,MAR1GSOPEN;EURJPY;B1;07-28 08:36;0;
2026-07-28T08:45:00.000+01:00,"MAR1GSOPEN;EURJPY;C1;07-28 08:30;2;07-28 08:30,07-28 08:36"
2026-07-28T08:45:00.000+01:00,MAR1GSOPEN;EURJPY;C2;07-28 08:30;0;
2026-07-28T08:48:00.000+01:00,MAR1GSOPEN;EURJPY;A1;07-28 08:30;0;
2026-07-28T08:48:00.000+01:00,MAR1GSOPEN;EURJPY;A2;07-28 08:36;1;07-28 08:36
2026-07-28T08:48:00.000+01:00,MAR1GSOPEN;EURJPY;B1;07-28 08:36;0;
2026-07-28T08:48:00.000+01:00,"MAR1GSOPEN;EURJPY;C1;07-28 08:30;2;07-28 08:30,07-28 08:36"
2026-07-28T08:48:00.000+01:00,MAR1GSOPEN;EURJPY;C2;07-28 08:30;0;
2026-07-28T08:51:00.000+01:00,MAR1GSOPEN;EURJPY;A1;07-28 08:30;0;
2026-07-28T08:51:00.000+01:00,MAR1GSOPEN;EURJPY;A2;07-28 08:36;1;07-28 08:36
2026-07-28T08:51:00.000+01:00,MAR1GSOPEN;EURJPY;B1;07-28 08:36;0;
2026-07-28T08:51:00.000+01:00,"MAR1GSOPEN;EURJPY;C1;07-28 08:30;2;07-28 08:30,07-28 08:36"
2026-07-28T08:51:00.000+01:00,MAR1GSOPEN;EURJPY;C2;07-28 08:30;0;
2026-07-28T08:54:00.000+01:00,MAR1GSOPEN;EURJPY;A1;07-28 08:30;0;
2026-07-28T08:54:00.000+01:00,MAR1GSOPEN;EURJPY;A2;07-28 08:36;1;07-28 08:36
2026-07-28T08:54:00.000+01:00,MAR1GSOPEN;EURJPY;B1;07-28 08:36;0;
2026-07-28T08:54:00.000+01:00,"MAR1GSOPEN;EURJPY;C1;07-28 08:30;2;07-28 08:30,07-28 08:36"
2026-07-28T08:54:00.000+01:00,MAR1GSOPEN;EURJPY;C2;07-28 08:30;0;
2026-07-28T08:57:00.000+01:00,MAR1GSOPEN;EURJPY;A1;07-28 08:30;0;
2026-07-28T08:57:00.000+01:00,MAR1GSOPEN;EURJPY;A2;07-28 08:36;1;07-28 08:36
2026-07-28T08:57:00.000+01:00,MAR1GSOPEN;EURJPY;B1;07-28 08:36;0;
2026-07-28T08:57:00.000+01:00,"MAR1GSOPEN;EURJPY;C1;07-28 08:30;2;07-28 08:30,07-28 08:36"
2026-07-28T08:57:00.000+01:00,MAR1GSOPEN;EURJPY;C2;07-28 08:30;0;
2026-07-28T09:00:00.000+01:00,MAR1GSOPEN;EURJPY;A1;07-28 08:30;0;
2026-07-28T09:00:00.000+01:00,MAR1GSOPEN;EURJPY;A2;07-28 08:36;1;07-28 08:36
2026-07-28T09:00:00.000+01:00,MAR1GSOPEN;EURJPY;B1;07-28 08:36;0;
2026-07-28T09:00:00.000+01:00,"MAR1GSOPEN;EURJPY;C1;07-28 08:30;2;07-28 08:30,07-28 08:36"
2026-07-28T09:00:00.000+01:00,MAR1GSOPEN;EURJPY;C2;07-28 08:30;0;
2026-07-28T09:03:00.000+01:00,MAR1GSOPEN;EURJPY;A1;07-28 08:30;0;
2026-07-28T09:03:00.000+01:00,MAR1GSOPEN;EURJPY;A2;07-28 08:36;1;07-28 08:36
2026-07-28T09:03:00.000+01:00,MAR1GSOPEN;EURJPY;B1;07-28 08:36;0;
2026-07-28T09:03:00.000+01:00,"MAR1GSOPEN;EURJPY;C1;07-28 08:30;2;07-28 08:30,07-28 08:36"
2026-07-28T09:03:00.000+01:00,MAR1GSOPEN;EURJPY;C2;07-28 08:30;0;
2026-07-28T09:06:00.000+01:00,MAR1GSOPEN;EURJPY;A1;07-28 08:30;0;
2026-07-28T09:06:00.000+01:00,MAR1GSOPEN;EURJPY;A2;07-28 08:36;1;07-28 08:36
2026-07-28T09:06:00.000+01:00,MAR1GSOPEN;EURJPY;B1;07-28 08:36;0;
2026-07-28T09:06:00.000+01:00,"MAR1GSOPEN;EURJPY;C1;07-28 08:30;2;07-28 08:30,07-28 08:36"
2026-07-28T09:06:00.000+01:00,MAR1GSOPEN;EURJPY;C2;07-28 08:30;0;
2026-07-28T09:09:00.000+01:00,MAR1GSOPEN;EURJPY;A1;07-28 08:30;0;
2026-07-28T09:09:00.000+01:00,MAR1GSOPEN;EURJPY;A2;07-28 08:36;1;07-28 08:36
2026-07-28T09:09:00.000+01:00,MAR1GSOPEN;EURJPY;B1;07-28 08:36;0;
2026-07-28T09:09:00.000+01:00,"MAR1GSOPEN;EURJPY;C1;07-28 08:30;2;07-28 08:30,07-28 08:36"
2026-07-28T09:09:00.000+01:00,MAR1GSOPEN;EURJPY;C2;07-28 08:30;0;
2026-07-28T09:12:00.000+01:00,MAR1GSOPEN;EURJPY;A1;07-28 08:30;0;
2026-07-28T09:12:00.000+01:00,MAR1GSOPEN;EURJPY;A2;07-28 08:36;1;07-28 08:36
2026-07-28T09:12:00.000+01:00,MAR1GSOPEN;EURJPY;B1;07-28 08:36;0;
2026-07-28T09:12:00.000+01:00,"MAR1GSOPEN;EURJPY;C1;07-28 08:30;2;07-28 08:30,07-28 08:36"
2026-07-28T09:12:00.000+01:00,MAR1GSOPEN;EURJPY;C2;07-28 08:30;0;
2026-07-28T09:15:00.000+01:00,MAR1GSOPEN;EURJPY;A1;07-28 08:30;0;
2026-07-28T09:15:00.000+01:00,MAR1GSOPEN;EURJPY;A2;07-28 08:36;1;07-28 08:36
2026-07-28T09:15:00.000+01:00,MAR1GSOPEN;EURJPY;B1;07-28 08:36;0;
2026-07-28T09:15:00.000+01:00,"MAR1GSOPEN;EURJPY;C1;07-28 08:30;2;07-28 08:30,07-28 08:36"
2026-07-28T09:15:00.000+01:00,MAR1GSOPEN;EURJPY;C2;07-28 08:30;0;
2026-07-28T09:18:00.000+01:00,MAR1GSOPEN;EURJPY;A1;07-28 08:30;0;
2026-07-28T09:18:00.000+01:00,MAR1GSOPEN;EURJPY;A2;07-28 08:36;1;07-28 08:36
2026-07-28T09:18:00.000+01:00,MAR1GSOPEN;EURJPY;B1;07-28 08:36;0;
2026-07-28T09:18:00.000+01:00,"MAR1GSOPEN;EURJPY;C1;07-28 08:30;2;07-28 08:30,07-28 08:36"
2026-07-28T09:18:00.000+01:00,MAR1GSOPEN;EURJPY;C2;07-28 08:30;0;
2026-07-28T09:21:00.000+01:00,MAR1GSOPEN;EURJPY;A1;07-28 08:30;0;
2026-07-28T09:21:00.000+01:00,MAR1GSOPEN;EURJPY;A2;07-28 08:36;1;07-28 08:36
2026-07-28T09:21:00.000+01:00,MAR1GSOPEN;EURJPY;B1;07-28 08:36;0;
2026-07-28T09:21:00.000+01:00,"MAR1GSOPEN;EURJPY;C1;07-28 08:30;2;07-28 08:30,07-28 08:36"
2026-07-28T09:21:00.000+01:00,MAR1GSOPEN;EURJPY;C2;07-28 08:30;0;
2026-07-28T09:24:00.000+01:00,MAR1GSOPEN;EURJPY;A1;07-28 08:30;0;
2026-07-28T09:24:00.000+01:00,MAR1GSOPEN;EURJPY;A2;07-28 08:36;1;07-28 08:36
2026-07-28T09:24:00.000+01:00,MAR1GSOPEN;EURJPY;B1;07-28 08:36;0;
2026-07-28T09:24:00.000+01:00,"MAR1GSOPEN;EURJPY;C1;07-28 08:30;2;07-28 08:30,07-28 08:36"
2026-07-28T09:24:00.000+01:00,MAR1GSOPEN;EURJPY;C2;07-28 08:30;0;
2026-07-28T09:27:00.000+01:00,MAR1GSCLOSE;EURJPY;A1;07-28 09:27;07-28 09:30;1;long;07-28 09:27
2026-07-28T09:27:00.000+01:00,"MAR1GSCLOSE;EURJPY;A2;07-28 08:36;07-28 09:30;2;long;07-28 08:36,07-28 09:27"
2026-07-28T09:27:00.000+01:00,MAR1GSCLOSE;EURJPY;B1;07-28 09:27;07-28 09:30;1;long;07-28 09:27
2026-07-28T09:27:00.000+01:00,"MAR1GSCLOSE;EURJPY;C1;07-28 08:30;07-28 09:30;3;long;07-28 08:30,07-28 08:36,07-28 09:27"
2026-07-28T09:27:00.000+01:00,MAR1GSCLOSE;EURJPY;C2;07-28 09:27;07-28 09:30;1;long;07-28 09:27
2026-07-28T12:48:00.000+01:00,MAR1GSOPEN;EURJPY;A2;07-28 12:48;0;
2026-07-28T12:51:00.000+01:00,MAR1GSOPEN;EURJPY;A2;07-28 12:48;0;
2026-07-28T12:54:00.000+01:00,MAR1GSOPEN;EURJPY;A2;07-28 12:48;0;
2026-07-28T12:57:00.000+01:00,MAR1GSOPEN;EURJPY;A2;07-28 12:48;0;
2026-07-28T13:00:00.000+01:00,MAR1GSOPEN;EURJPY;A2;07-28 12:48;0;
2026-07-28T13:03:00.000+01:00,MAR1GSOPEN;EURJPY;A2;07-28 12:48;0;
2026-07-28T13:06:00.000+01:00,MAR1GSOPEN;EURJPY;A2;07-28 12:48;0;
2026-07-28T13:09:00.000+01:00,MAR1GSOPEN;EURJPY;A2;07-28 12:48;0;
2026-07-28T13:12:00.000+01:00,MAR1GSOPEN;EURJPY;A2;07-28 12:48;0;
2026-07-28T13:15:00.000+01:00,MAR1GSOPEN;EURJPY;A2;07-28 12:48;0;
2026-07-28T13:18:00.000+01:00,MAR1GSOPEN;EURJPY;A2;07-28 12:48;0;
2026-07-28T13:21:00.000+01:00,MAR1GSOPEN;EURJPY;A2;07-28 12:48;0;
2026-07-28T13:24:00.000+01:00,MAR1GSOPEN;EURJPY;A2;07-28 12:48;0;
2026-07-28T13:27:00.000+01:00,MAR1GSOPEN;EURJPY;A2;07-28 12:48;0;
2026-07-28T13:30:00.000+01:00,MAR1GSOPEN;EURJPY;A2;07-28 12:48;0;
2026-07-28T13:33:00.000+01:00,MAR1GSOPEN;EURJPY;A2;07-28 12:48;0;
2026-07-28T13:36:00.000+01:00,MAR1GSOPEN;EURJPY;A1;07-28 13:36;0;
2026-07-28T13:36:00.000+01:00,MAR1GSOPEN;EURJPY;A2;07-28 13:36;1;07-28 13:36
2026-07-28T13:36:00.000+01:00,MAR1GSOPEN;EURJPY;B1;07-28 13:36;0;
2026-07-28T13:39:00.000+01:00,MAR1GSOPEN;EURJPY;A1;07-28 13:39;1;07-28 13:39
2026-07-28T13:39:00.000+01:00,"MAR1GSOPEN;EURJPY;A2;07-28 13:36;2;07-28 13:36,07-28 13:39"
2026-07-28T13:39:00.000+01:00,MAR1GSOPEN;EURJPY;B1;07-28 13:39;1;07-28 13:39
2026-07-28T13:39:00.000+01:00,MAR1GSOPEN;EURJPY;B2;07-28 13:39;0;
2026-07-28T13:42:00.000+01:00,MAR1GSOPEN;EURJPY;A1;07-28 13:39;1;07-28 13:39
2026-07-28T13:42:00.000+01:00,"MAR1GSOPEN;EURJPY;A2;07-28 13:36;2;07-28 13:36,07-28 13:39"
2026-07-28T13:42:00.000+01:00,MAR1GSOPEN;EURJPY;B1;07-28 13:39;1;07-28 13:39
2026-07-28T13:42:00.000+01:00,MAR1GSOPEN;EURJPY;B2;07-28 13:39;0;
2026-07-28T13:45:00.000+01:00,"MAR1GSOPEN;EURJPY;A1;07-28 13:39;2;07-28 13:39,07-28 13:45"
2026-07-28T13:45:00.000+01:00,"MAR1GSOPEN;EURJPY;A2;07-28 13:36;3;07-28 13:36,07-28 13:39,07-28 13:45"
2026-07-28T13:45:00.000+01:00,"MAR1GSOPEN;EURJPY;B1;07-28 13:39;2;07-28 13:39,07-28 13:45"
2026-07-28T13:45:00.000+01:00,MAR1GSOPEN;EURJPY;B2;07-28 13:45;1;07-28 13:45
2026-07-28T13:45:00.000+01:00,MAR1GSOPEN;EURJPY;C1;07-28 13:45;1;07-28 13:45
2026-07-28T13:48:00.000+01:00,"MAR1GSOPEN;EURJPY;A1;07-28 13:39;3;07-28 13:39,07-28 13:45,07-28 13:48"
2026-07-28T13:48:00.000+01:00,"MAR1GSOPEN;EURJPY;A2;07-28 13:36;3;07-28 13:36,07-28 13:39,07-28 13:45"
2026-07-28T13:48:00.000+01:00,"MAR1GSOPEN;EURJPY;B1;07-28 13:39;2;07-28 13:39,07-28 13:45"
2026-07-28T13:48:00.000+01:00,"MAR1GSOPEN;EURJPY;B2;07-28 13:45;2;07-28 13:45,07-28 13:48"
2026-07-28T13:48:00.000+01:00,MAR1GSOPEN;EURJPY;C1;07-28 13:45;1;07-28 13:45
2026-07-28T13:48:00.000+01:00,MAR1GSOPEN;EURJPY;D1;07-28 13:48;0;
2026-07-28T13:51:00.000+01:00,"MAR1GSOPEN;EURJPY;A1;07-28 13:39;3;07-28 13:39,07-28 13:45,07-28 13:48"
2026-07-28T13:51:00.000+01:00,"MAR1GSOPEN;EURJPY;A2;07-28 13:36;3;07-28 13:36,07-28 13:39,07-28 13:45"
2026-07-28T13:51:00.000+01:00,"MAR1GSOPEN;EURJPY;B1;07-28 13:39;2;07-28 13:39,07-28 13:45"
2026-07-28T13:51:00.000+01:00,"MAR1GSOPEN;EURJPY;B2;07-28 13:45;2;07-28 13:45,07-28 13:48"
2026-07-28T13:51:00.000+01:00,MAR1GSOPEN;EURJPY;C1;07-28 13:45;1;07-28 13:45
2026-07-28T13:51:00.000+01:00,MAR1GSOPEN;EURJPY;D1;07-28 13:48;0;
2026-07-28T13:54:00.000+01:00,"MAR1GSOPEN;EURJPY;A1;07-28 13:39;3;07-28 13:39,07-28 13:45,07-28 13:48"
2026-07-28T13:54:00.000+01:00,"MAR1GSOPEN;EURJPY;A2;07-28 13:36;3;07-28 13:36,07-28 13:39,07-28 13:45"
2026-07-28T13:54:00.000+01:00,"MAR1GSOPEN;EURJPY;B1;07-28 13:39;2;07-28 13:39,07-28 13:45"
2026-07-28T13:54:00.000+01:00,"MAR1GSOPEN;EURJPY;B2;07-28 13:45;2;07-28 13:45,07-28 13:48"
2026-07-28T13:54:00.000+01:00,MAR1GSOPEN;EURJPY;C1;07-28 13:45;1;07-28 13:45
2026-07-28T13:54:00.000+01:00,MAR1GSOPEN;EURJPY;D1;07-28 13:48;0;
2026-07-28T13:57:00.000+01:00,"MAR1GSOPEN;EURJPY;A1;07-28 13:39;3;07-28 13:39,07-28 13:45,07-28 13:48"
2026-07-28T13:57:00.000+01:00,"MAR1GSOPEN;EURJPY;A2;07-28 13:36;3;07-28 13:36,07-28 13:39,07-28 13:45"
2026-07-28T13:57:00.000+01:00,"MAR1GSOPEN;EURJPY;B1;07-28 13:39;2;07-28 13:39,07-28 13:45"
2026-07-28T13:57:00.000+01:00,"MAR1GSOPEN;EURJPY;B2;07-28 13:45;2;07-28 13:45,07-28 13:48"
2026-07-28T13:57:00.000+01:00,MAR1GSOPEN;EURJPY;C1;07-28 13:45;1;07-28 13:45
2026-07-28T13:57:00.000+01:00,MAR1GSOPEN;EURJPY;D1;07-28 13:48;0;
2026-07-28T14:00:00.000+01:00,"MAR1GSOPEN;EURJPY;A1;07-28 13:39;3;07-28 13:39,07-28 13:45,07-28 13:48"
2026-07-28T14:00:00.000+01:00,"MAR1GSOPEN;EURJPY;A2;07-28 13:36;3;07-28 13:36,07-28 13:39,07-28 13:45"
2026-07-28T14:00:00.000+01:00,"MAR1GSOPEN;EURJPY;B1;07-28 13:39;2;07-28 13:39,07-28 13:45"
2026-07-28T14:00:00.000+01:00,"MAR1GSOPEN;EURJPY;B2;07-28 13:45;2;07-28 13:45,07-28 13:48"
2026-07-28T14:00:00.000+01:00,MAR1GSOPEN;EURJPY;C1;07-28 13:45;1;07-28 13:45
2026-07-28T14:00:00.000+01:00,MAR1GSOPEN;EURJPY;D1;07-28 13:48;0;
2026-07-28T14:03:00.000+01:00,"MAR1GSOPEN;EURJPY;A1;07-28 13:39;3;07-28 13:39,07-28 13:45,07-28 13:48"
2026-07-28T14:03:00.000+01:00,"MAR1GSOPEN;EURJPY;A2;07-28 13:36;3;07-28 13:36,07-28 13:39,07-28 13:45"
2026-07-28T14:03:00.000+01:00,"MAR1GSOPEN;EURJPY;B1;07-28 13:39;2;07-28 13:39,07-28 13:45"
2026-07-28T14:03:00.000+01:00,"MAR1GSOPEN;EURJPY;B2;07-28 13:45;2;07-28 13:45,07-28 13:48"
2026-07-28T14:03:00.000+01:00,MAR1GSOPEN;EURJPY;C1;07-28 13:45;1;07-28 13:45
2026-07-28T14:03:00.000+01:00,MAR1GSOPEN;EURJPY;D1;07-28 13:48;0;
2026-07-28T14:06:00.000+01:00,"MAR1GSOPEN;EURJPY;A1;07-28 13:39;3;07-28 13:39,07-28 13:45,07-28 13:48"
2026-07-28T14:06:00.000+01:00,"MAR1GSOPEN;EURJPY;A2;07-28 13:36;3;07-28 13:36,07-28 13:39,07-28 13:45"
2026-07-28T14:06:00.000+01:00,"MAR1GSOPEN;EURJPY;B1;07-28 13:39;2;07-28 13:39,07-28 13:45"
2026-07-28T14:06:00.000+01:00,"MAR1GSOPEN;EURJPY;B2;07-28 13:45;2;07-28 13:45,07-28 13:48"
2026-07-28T14:06:00.000+01:00,MAR1GSOPEN;EURJPY;C1;07-28 13:45;1;07-28 13:45
2026-07-28T14:06:00.000+01:00,MAR1GSOPEN;EURJPY;D1;07-28 13:48;0;
2026-07-28T14:09:00.000+01:00,"MAR1GSOPEN;EURJPY;A1;07-28 13:39;3;07-28 13:39,07-28 13:45,07-28 13:48"
2026-07-28T14:09:00.000+01:00,"MAR1GSOPEN;EURJPY;A2;07-28 13:36;3;07-28 13:36,07-28 13:39,07-28 13:45"
2026-07-28T14:09:00.000+01:00,"MAR1GSOPEN;EURJPY;B1;07-28 13:39;2;07-28 13:39,07-28 13:45"
2026-07-28T14:09:00.000+01:00,"MAR1GSOPEN;EURJPY;B2;07-28 13:45;2;07-28 13:45,07-28 13:48"
2026-07-28T14:09:00.000+01:00,MAR1GSOPEN;EURJPY;C1;07-28 13:45;1;07-28 13:45
2026-07-28T14:09:00.000+01:00,MAR1GSOPEN;EURJPY;D1;07-28 13:48;0;
2026-07-28T14:12:00.000+01:00,"MAR1GSOPEN;EURJPY;A1;07-28 13:39;3;07-28 13:39,07-28 13:45,07-28 13:48"
2026-07-28T14:12:00.000+01:00,"MAR1GSOPEN;EURJPY;A2;07-28 13:36;3;07-28 13:36,07-28 13:39,07-28 13:45"
2026-07-28T14:12:00.000+01:00,"MAR1GSOPEN;EURJPY;B1;07-28 13:39;2;07-28 13:39,07-28 13:45"
2026-07-28T14:12:00.000+01:00,"MAR1GSOPEN;EURJPY;B2;07-28 13:45;2;07-28 13:45,07-28 13:48"
2026-07-28T14:12:00.000+01:00,MAR1GSOPEN;EURJPY;C1;07-28 13:45;1;07-28 13:45
2026-07-28T14:12:00.000+01:00,MAR1GSOPEN;EURJPY;D1;07-28 13:48;0;
2026-07-28T14:15:00.000+01:00,"MAR1GSOPEN;EURJPY;A1;07-28 13:39;3;07-28 13:39,07-28 13:45,07-28 13:48"
2026-07-28T14:15:00.000+01:00,"MAR1GSOPEN;EURJPY;A2;07-28 13:36;3;07-28 13:36,07-28 13:39,07-28 13:45"
2026-07-28T14:15:00.000+01:00,"MAR1GSOPEN;EURJPY;B1;07-28 13:39;2;07-28 13:39,07-28 13:45"
2026-07-28T14:15:00.000+01:00,"MAR1GSOPEN;EURJPY;B2;07-28 13:45;2;07-28 13:45,07-28 13:48"
2026-07-28T14:15:00.000+01:00,MAR1GSOPEN;EURJPY;C1;07-28 13:45;1;07-28 13:45
2026-07-28T14:15:00.000+01:00,MAR1GSOPEN;EURJPY;D1;07-28 13:48;0;
2026-07-28T14:18:00.000+01:00,"MAR1GSOPEN;EURJPY;A1;07-28 13:39;3;07-28 13:39,07-28 13:45,07-28 13:48"
2026-07-28T14:18:00.000+01:00,"MAR1GSOPEN;EURJPY;A2;07-28 13:36;3;07-28 13:36,07-28 13:39,07-28 13:45"
2026-07-28T14:18:00.000+01:00,"MAR1GSOPEN;EURJPY;B1;07-28 13:39;2;07-28 13:39,07-28 13:45"
2026-07-28T14:18:00.000+01:00,"MAR1GSOPEN;EURJPY;B2;07-28 13:45;2;07-28 13:45,07-28 13:48"
2026-07-28T14:18:00.000+01:00,MAR1GSOPEN;EURJPY;C1;07-28 13:45;1;07-28 13:45
2026-07-28T14:18:00.000+01:00,MAR1GSOPEN;EURJPY;D1;07-28 13:48;0;
2026-07-28T14:21:00.000+01:00,"MAR1GSOPEN;EURJPY;A1;07-28 13:39;3;07-28 13:39,07-28 13:45,07-28 13:48"
2026-07-28T14:21:00.000+01:00,"MAR1GSOPEN;EURJPY;A2;07-28 13:36;3;07-28 13:36,07-28 13:39,07-28 13:45"
2026-07-28T14:21:00.000+01:00,"MAR1GSOPEN;EURJPY;B1;07-28 13:39;2;07-28 13:39,07-28 13:45"
2026-07-28T14:21:00.000+01:00,"MAR1GSOPEN;EURJPY;B2;07-28 13:45;2;07-28 13:45,07-28 13:48"
2026-07-28T14:21:00.000+01:00,MAR1GSOPEN;EURJPY;C1;07-28 13:45;1;07-28 13:45
2026-07-28T14:21:00.000+01:00,MAR1GSOPEN;EURJPY;D1;07-28 13:48;0;
2026-07-28T14:24:00.000+01:00,"MAR1GSOPEN;EURJPY;A1;07-28 13:39;3;07-28 13:39,07-28 13:45,07-28 13:48"
2026-07-28T14:24:00.000+01:00,"MAR1GSOPEN;EURJPY;A2;07-28 13:36;3;07-28 13:36,07-28 13:39,07-28 13:45"
2026-07-28T14:24:00.000+01:00,"MAR1GSOPEN;EURJPY;B1;07-28 13:39;2;07-28 13:39,07-28 13:45"
2026-07-28T14:24:00.000+01:00,"MAR1GSOPEN;EURJPY;B2;07-28 13:45;2;07-28 13:45,07-28 13:48"
2026-07-28T14:24:00.000+01:00,MAR1GSOPEN;EURJPY;C1;07-28 13:45;1;07-28 13:45
2026-07-28T14:24:00.000+01:00,MAR1GSOPEN;EURJPY;D1;07-28 13:48;0;
2026-07-28T14:27:00.000+01:00,"MAR1GSOPEN;EURJPY;A1;07-28 13:39;3;07-28 13:39,07-28 13:45,07-28 13:48"
2026-07-28T14:27:00.000+01:00,"MAR1GSOPEN;EURJPY;A2;07-28 13:36;3;07-28 13:36,07-28 13:39,07-28 13:45"
2026-07-28T14:27:00.000+01:00,"MAR1GSOPEN;EURJPY;B1;07-28 13:39;2;07-28 13:39,07-28 13:45"
2026-07-28T14:27:00.000+01:00,"MAR1GSOPEN;EURJPY;B2;07-28 13:45;2;07-28 13:45,07-28 13:48"
2026-07-28T14:27:00.000+01:00,MAR1GSOPEN;EURJPY;C1;07-28 13:45;1;07-28 13:45
2026-07-28T14:27:00.000+01:00,MAR1GSOPEN;EURJPY;D1;07-28 13:48;0;
2026-07-28T14:30:00.000+01:00,"MAR1GSOPEN;EURJPY;A1;07-28 13:39;3;07-28 13:39,07-28 13:45,07-28 13:48"
2026-07-28T14:30:00.000+01:00,"MAR1GSOPEN;EURJPY;A2;07-28 13:36;3;07-28 13:36,07-28 13:39,07-28 13:45"
2026-07-28T14:30:00.000+01:00,"MAR1GSOPEN;EURJPY;B1;07-28 13:39;2;07-28 13:39,07-28 13:45"
2026-07-28T14:30:00.000+01:00,"MAR1GSOPEN;EURJPY;B2;07-28 13:45;2;07-28 13:45,07-28 13:48"
2026-07-28T14:30:00.000+01:00,MAR1GSOPEN;EURJPY;C1;07-28 13:45;1;07-28 13:45
2026-07-28T14:30:00.000+01:00,MAR1GSOPEN;EURJPY;D1;07-28 13:48;0;
2026-07-28T14:33:00.000+01:00,"MAR1GSOPEN;EURJPY;A1;07-28 13:39;3;07-28 13:39,07-28 13:45,07-28 13:48"
2026-07-28T14:33:00.000+01:00,"MAR1GSOPEN;EURJPY;A2;07-28 13:36;3;07-28 13:36,07-28 13:39,07-28 13:45"
2026-07-28T14:33:00.000+01:00,"MAR1GSOPEN;EURJPY;B1;07-28 13:39;2;07-28 13:39,07-28 13:45"
2026-07-28T14:33:00.000+01:00,"MAR1GSOPEN;EURJPY;B2;07-28 13:45;2;07-28 13:45,07-28 13:48"
2026-07-28T14:33:00.000+01:00,MAR1GSOPEN;EURJPY;C1;07-28 13:45;1;07-28 13:45
2026-07-28T14:33:00.000+01:00,MAR1GSOPEN;EURJPY;D1;07-28 13:48;0;
2026-07-28T14:36:00.000+01:00,"MAR1GSOPEN;EURJPY;A1;07-28 13:39;3;07-28 13:39,07-28 13:45,07-28 13:48"
2026-07-28T14:36:00.000+01:00,"MAR1GSOPEN;EURJPY;A2;07-28 13:36;3;07-28 13:36,07-28 13:39,07-28 13:45"
2026-07-28T14:36:00.000+01:00,"MAR1GSOPEN;EURJPY;B1;07-28 13:39;2;07-28 13:39,07-28 13:45"
2026-07-28T14:36:00.000+01:00,"MAR1GSOPEN;EURJPY;B2;07-28 13:45;2;07-28 13:45,07-28 13:48"
2026-07-28T14:36:00.000+01:00,MAR1GSOPEN;EURJPY;C1;07-28 13:45;1;07-28 13:45
2026-07-28T14:36:00.000+01:00,MAR1GSOPEN;EURJPY;D1;07-28 13:48;0;
2026-07-28T14:39:00.000+01:00,"MAR1GSOPEN;EURJPY;A1;07-28 13:39;3;07-28 13:39,07-28 13:45,07-28 13:48"
2026-07-28T14:39:00.000+01:00,"MAR1GSOPEN;EURJPY;A2;07-28 13:36;3;07-28 13:36,07-28 13:39,07-28 13:45"
2026-07-28T14:39:00.000+01:00,"MAR1GSOPEN;EURJPY;B1;07-28 13:39;2;07-28 13:39,07-28 13:45"
2026-07-28T14:39:00.000+01:00,"MAR1GSOPEN;EURJPY;B2;07-28 13:45;2;07-28 13:45,07-28 13:48"
2026-07-28T14:39:00.000+01:00,MAR1GSOPEN;EURJPY;C1;07-28 13:45;1;07-28 13:45
2026-07-28T14:39:00.000+01:00,MAR1GSOPEN;EURJPY;D1;07-28 13:48;0;
2026-07-28T14:42:00.000+01:00,"MAR1GSOPEN;EURJPY;A1;07-28 13:39;3;07-28 13:39,07-28 13:45,07-28 13:48"
2026-07-28T14:42:00.000+01:00,"MAR1GSOPEN;EURJPY;A2;07-28 13:36;3;07-28 13:36,07-28 13:39,07-28 13:45"
2026-07-28T14:42:00.000+01:00,"MAR1GSOPEN;EURJPY;B1;07-28 13:39;2;07-28 13:39,07-28 13:45"
2026-07-28T14:42:00.000+01:00,"MAR1GSOPEN;EURJPY;B2;07-28 13:45;2;07-28 13:45,07-28 13:48"
2026-07-28T14:42:00.000+01:00,MAR1GSOPEN;EURJPY;C1;07-28 13:45;1;07-28 13:45
2026-07-28T14:42:00.000+01:00,MAR1GSOPEN;EURJPY;D1;07-28 13:48;0;
2026-07-28T14:45:00.000+01:00,"MAR1GSOPEN;EURJPY;A1;07-28 13:39;3;07-28 13:39,07-28 13:45,07-28 13:48"
2026-07-28T14:45:00.000+01:00,"MAR1GSOPEN;EURJPY;A2;07-28 13:36;3;07-28 13:36,07-28 13:39,07-28 13:45"
2026-07-28T14:45:00.000+01:00,"MAR1GSOPEN;EURJPY;B1;07-28 13:39;2;07-28 13:39,07-28 13:45"
2026-07-28T14:45:00.000+01:00,"MAR1GSOPEN;EURJPY;B2;07-28 13:45;2;07-28 13:45,07-28 13:48"
2026-07-28T14:45:00.000+01:00,MAR1GSOPEN;EURJPY;C1;07-28 13:45;1;07-28 13:45
2026-07-28T14:45:00.000+01:00,MAR1GSOPEN;EURJPY;D1;07-28 13:48;0;
2026-07-28T14:48:00.000+01:00,"MAR1GSOPEN;EURJPY;A1;07-28 13:39;3;07-28 13:39,07-28 13:45,07-28 13:48"
2026-07-28T14:48:00.000+01:00,"MAR1GSOPEN;EURJPY;A2;07-28 13:36;3;07-28 13:36,07-28 13:39,07-28 13:45"
2026-07-28T14:48:00.000+01:00,"MAR1GSOPEN;EURJPY;B1;07-28 13:39;2;07-28 13:39,07-28 13:45"
2026-07-28T14:48:00.000+01:00,"MAR1GSOPEN;EURJPY;B2;07-28 13:45;2;07-28 13:45,07-28 13:48"
2026-07-28T14:48:00.000+01:00,MAR1GSOPEN;EURJPY;C1;07-28 13:45;1;07-28 13:45
2026-07-28T14:48:00.000+01:00,MAR1GSOPEN;EURJPY;D1;07-28 13:48;0;
2026-07-28T14:51:00.000+01:00,"MAR1GSOPEN;EURJPY;A1;07-28 13:39;3;07-28 13:39,07-28 13:45,07-28 13:48"
2026-07-28T14:51:00.000+01:00,"MAR1GSOPEN;EURJPY;A2;07-28 13:36;3;07-28 13:36,07-28 13:39,07-28 13:45"
2026-07-28T14:51:00.000+01:00,"MAR1GSOPEN;EURJPY;B1;07-28 13:39;2;07-28 13:39,07-28 13:45"
2026-07-28T14:51:00.000+01:00,"MAR1GSOPEN;EURJPY;B2;07-28 13:45;2;07-28 13:45,07-28 13:48"
2026-07-28T14:51:00.000+01:00,MAR1GSOPEN;EURJPY;C1;07-28 13:45;1;07-28 13:45
2026-07-28T14:51:00.000+01:00,MAR1GSOPEN;EURJPY;D1;07-28 13:48;0;
2026-07-28T14:54:00.000+01:00,"MAR1GSOPEN;EURJPY;A1;07-28 13:39;3;07-28 13:39,07-28 13:45,07-28 13:48"
2026-07-28T14:54:00.000+01:00,"MAR1GSOPEN;EURJPY;A2;07-28 13:36;3;07-28 13:36,07-28 13:39,07-28 13:45"
2026-07-28T14:54:00.000+01:00,"MAR1GSOPEN;EURJPY;B1;07-28 13:39;2;07-28 13:39,07-28 13:45"
2026-07-28T14:54:00.000+01:00,"MAR1GSOPEN;EURJPY;B2;07-28 13:45;2;07-28 13:45,07-28 13:48"
2026-07-28T14:54:00.000+01:00,MAR1GSOPEN;EURJPY;C1;07-28 13:45;1;07-28 13:45
2026-07-28T14:54:00.000+01:00,MAR1GSOPEN;EURJPY;D1;07-28 13:48;0;
2026-07-28T14:57:00.000+01:00,"MAR1GSOPEN;EURJPY;A1;07-28 13:39;3;07-28 13:39,07-28 13:45,07-28 13:48"
2026-07-28T14:57:00.000+01:00,"MAR1GSOPEN;EURJPY;A2;07-28 13:36;3;07-28 13:36,07-28 13:39,07-28 13:45"
2026-07-28T14:57:00.000+01:00,"MAR1GSOPEN;EURJPY;B1;07-28 13:39;2;07-28 13:39,07-28 13:45"
2026-07-28T14:57:00.000+01:00,"MAR1GSOPEN;EURJPY;B2;07-28 13:45;2;07-28 13:45,07-28 13:48"
2026-07-28T14:57:00.000+01:00,MAR1GSOPEN;EURJPY;C1;07-28 13:45;1;07-28 13:45
2026-07-28T14:57:00.000+01:00,MAR1GSOPEN;EURJPY;D1;07-28 13:48;0;
2026-07-28T15:00:00.000+01:00,"MAR1GSCLOSE;EURJPY;A1;07-28 13:39;07-28 15:03;4;long;07-28 13:39,07-28 13:45,07-28 13:48,07-28 15:00"
2026-07-28T15:00:00.000+01:00,"MAR1GSCLOSE;EURJPY;A2;07-28 13:36;07-28 15:03;4;long;07-28 13:36,07-28 13:39,07-28 13:45,07-28 15:00"
2026-07-28T15:00:00.000+01:00,"MAR1GSCLOSE;EURJPY;B1;07-28 13:39;07-28 15:03;3;long;07-28 13:39,07-28 13:45,07-28 15:00"
2026-07-28T15:00:00.000+01:00,"MAR1GSCLOSE;EURJPY;B2;07-28 13:45;07-28 15:03;3;long;07-28 13:45,07-28 13:48,07-28 15:00"
2026-07-28T15:00:00.000+01:00,"MAR1GSCLOSE;EURJPY;C1;07-28 13:45;07-28 15:03;2;long;07-28 13:45,07-28 15:00"
2026-07-28T15:00:00.000+01:00,MAR1GSCLOSE;EURJPY;D1;07-28 15:00;07-28 15:03;1;long;07-28 15:00
2026-07-30T08:03:00.000+01:00,MAR1GSOPEN;EURJPY;A1;07-30 08:03;0;
2026-07-30T08:06:00.000+01:00,MAR1GSOPEN;EURJPY;A1;07-30 08:06;1;07-30 08:06
2026-07-30T08:06:00.000+01:00,MAR1GSOPEN;EURJPY;A2;07-30 08:06;0;
2026-07-30T08:06:00.000+01:00,MAR1GSOPEN;EURJPY;B2;07-30 08:06;0;
2026-07-30T08:09:00.000+01:00,MAR1GSOPEN;EURJPY;A1;07-30 08:06;1;07-30 08:06
2026-07-30T08:09:00.000+01:00,MAR1GSOPEN;EURJPY;A2;07-30 08:06;0;
2026-07-30T08:09:00.000+01:00,MAR1GSOPEN;EURJPY;B2;07-30 08:06;0;
2026-07-30T08:12:00.000+01:00,MAR1GSOPEN;EURJPY;A1;07-30 08:06;1;07-30 08:06
2026-07-30T08:12:00.000+01:00,MAR1GSOPEN;EURJPY;A2;07-30 08:06;0;
2026-07-30T08:12:00.000+01:00,MAR1GSOPEN;EURJPY;B2;07-30 08:06;0;
2026-07-30T08:15:00.000+01:00,MAR1GSOPEN;EURJPY;A1;07-30 08:06;1;07-30 08:06
2026-07-30T08:15:00.000+01:00,MAR1GSOPEN;EURJPY;A2;07-30 08:06;0;
2026-07-30T08:15:00.000+01:00,MAR1GSOPEN;EURJPY;B2;07-30 08:06;0;
2026-07-30T08:18:00.000+01:00,MAR1GSOPEN;EURJPY;A1;07-30 08:06;1;07-30 08:06
2026-07-30T08:18:00.000+01:00,MAR1GSOPEN;EURJPY;A2;07-30 08:06;0;
2026-07-30T08:18:00.000+01:00,MAR1GSOPEN;EURJPY;B2;07-30 08:06;0;
2026-07-30T08:21:00.000+01:00,MAR1GSOPEN;EURJPY;A1;07-30 08:06;1;07-30 08:06
2026-07-30T08:21:00.000+01:00,MAR1GSOPEN;EURJPY;A2;07-30 08:06;0;
2026-07-30T08:21:00.000+01:00,MAR1GSOPEN;EURJPY;B2;07-30 08:06;0;
2026-07-30T08:24:00.000+01:00,MAR1GSOPEN;EURJPY;A1;07-30 08:06;1;07-30 08:06
2026-07-30T08:24:00.000+01:00,MAR1GSOPEN;EURJPY;A2;07-30 08:06;0;
2026-07-30T08:24:00.000+01:00,MAR1GSOPEN;EURJPY;B2;07-30 08:06;0;
2026-07-30T08:27:00.000+01:00,MAR1GSOPEN;EURJPY;A1;07-30 08:06;1;07-30 08:06
2026-07-30T08:27:00.000+01:00,MAR1GSOPEN;EURJPY;A2;07-30 08:06;0;
2026-07-30T08:27:00.000+01:00,MAR1GSOPEN;EURJPY;B2;07-30 08:06;0;
2026-07-30T08:30:00.000+01:00,MAR1GSOPEN;EURJPY;A1;07-30 08:06;1;07-30 08:06
2026-07-30T08:30:00.000+01:00,MAR1GSOPEN;EURJPY;A2;07-30 08:06;0;
2026-07-30T08:30:00.000+01:00,MAR1GSOPEN;EURJPY;B2;07-30 08:06;0;
2026-07-30T08:33:00.000+01:00,"MAR1GSOPEN;EURJPY;A1;07-30 08:06;2;07-30 08:06,07-30 08:33"
2026-07-30T08:33:00.000+01:00,MAR1GSOPEN;EURJPY;A2;07-30 08:33;1;07-30 08:33
2026-07-30T08:33:00.000+01:00,MAR1GSOPEN;EURJPY;B1;07-30 08:33;0;
2026-07-30T08:33:00.000+01:00,MAR1GSOPEN;EURJPY;B2;07-30 08:33;1;07-30 08:33
2026-07-30T08:36:00.000+01:00,"MAR1GSOPEN;EURJPY;A1;07-30 08:06;3;07-30 08:06,07-30 08:33,07-30 08:36"
2026-07-30T08:36:00.000+01:00,"MAR1GSOPEN;EURJPY;A2;07-30 08:33;2;07-30 08:33,07-30 08:36"
2026-07-30T08:36:00.000+01:00,MAR1GSOPEN;EURJPY;B1;07-30 08:36;1;07-30 08:36
2026-07-30T08:36:00.000+01:00,"MAR1GSOPEN;EURJPY;B2;07-30 08:33;2;07-30 08:33,07-30 08:36"
2026-07-30T08:36:00.000+01:00,MAR1GSOPEN;EURJPY;D1;07-30 08:36;0;
2026-07-30T08:39:00.000+01:00,"MAR1GSOPEN;EURJPY;A1;07-30 08:06;3;07-30 08:06,07-30 08:33,07-30 08:36"
2026-07-30T08:39:00.000+01:00,"MAR1GSOPEN;EURJPY;A2;07-30 08:33;3;07-30 08:33,07-30 08:36,07-30 08:39"
2026-07-30T08:39:00.000+01:00,"MAR1GSOPEN;EURJPY;B1;07-30 08:36;2;07-30 08:36,07-30 08:39"
2026-07-30T08:39:00.000+01:00,"MAR1GSOPEN;EURJPY;B2;07-30 08:33;2;07-30 08:33,07-30 08:36"
2026-07-30T08:39:00.000+01:00,MAR1GSOPEN;EURJPY;C1;07-30 08:39;0;
2026-07-30T08:39:00.000+01:00,MAR1GSOPEN;EURJPY;D1;07-30 08:36;0;
2026-07-30T08:42:00.000+01:00,"MAR1GSOPEN;EURJPY;A1;07-30 08:06;3;07-30 08:06,07-30 08:33,07-30 08:36"
2026-07-30T08:42:00.000+01:00,"MAR1GSOPEN;EURJPY;A2;07-30 08:33;3;07-30 08:33,07-30 08:36,07-30 08:39"
2026-07-30T08:42:00.000+01:00,"MAR1GSOPEN;EURJPY;B1;07-30 08:36;2;07-30 08:36,07-30 08:39"
2026-07-30T08:42:00.000+01:00,"MAR1GSOPEN;EURJPY;B2;07-30 08:33;2;07-30 08:33,07-30 08:36"
2026-07-30T08:42:00.000+01:00,MAR1GSOPEN;EURJPY;C1;07-30 08:39;0;
2026-07-30T08:42:00.000+01:00,MAR1GSOPEN;EURJPY;D1;07-30 08:36;0;
2026-07-30T08:45:00.000+01:00,"MAR1GSOPEN;EURJPY;A1;07-30 08:06;3;07-30 08:06,07-30 08:33,07-30 08:36"
2026-07-30T08:45:00.000+01:00,"MAR1GSOPEN;EURJPY;A2;07-30 08:33;3;07-30 08:33,07-30 08:36,07-30 08:39"
2026-07-30T08:45:00.000+01:00,"MAR1GSOPEN;EURJPY;B1;07-30 08:36;2;07-30 08:36,07-30 08:39"
2026-07-30T08:45:00.000+01:00,"MAR1GSOPEN;EURJPY;B2;07-30 08:33;2;07-30 08:33,07-30 08:36"
2026-07-30T08:45:00.000+01:00,MAR1GSOPEN;EURJPY;C1;07-30 08:39;0;
2026-07-30T08:45:00.000+01:00,MAR1GSOPEN;EURJPY;D1;07-30 08:36;0;
2026-07-30T08:48:00.000+01:00,"MAR1GSOPEN;EURJPY;A1;07-30 08:06;3;07-30 08:06,07-30 08:33,07-30 08:36"
2026-07-30T08:48:00.000+01:00,"MAR1GSOPEN;EURJPY;A2;07-30 08:33;3;07-30 08:33,07-30 08:36,07-30 08:39"
2026-07-30T08:48:00.000+01:00,"MAR1GSOPEN;EURJPY;B1;07-30 08:36;2;07-30 08:36,07-30 08:39"
2026-07-30T08:48:00.000+01:00,"MAR1GSOPEN;EURJPY;B2;07-30 08:33;2;07-30 08:33,07-30 08:36"
2026-07-30T08:48:00.000+01:00,MAR1GSOPEN;EURJPY;C1;07-30 08:39;0;
2026-07-30T08:48:00.000+01:00,MAR1GSOPEN;EURJPY;D1;07-30 08:36;0;
2026-07-30T08:51:00.000+01:00,"MAR1GSOPEN;EURJPY;A1;07-30 08:06;3;07-30 08:06,07-30 08:33,07-30 08:36"
2026-07-30T08:51:00.000+01:00,"MAR1GSOPEN;EURJPY;A2;07-30 08:33;3;07-30 08:33,07-30 08:36,07-30 08:39"
2026-07-30T08:51:00.000+01:00,"MAR1GSOPEN;EURJPY;B1;07-30 08:36;2;07-30 08:36,07-30 08:39"
2026-07-30T08:51:00.000+01:00,"MAR1GSOPEN;EURJPY;B2;07-30 08:33;2;07-30 08:33,07-30 08:36"
2026-07-30T08:51:00.000+01:00,MAR1GSOPEN;EURJPY;C1;07-30 08:39;0;
2026-07-30T08:51:00.000+01:00,MAR1GSOPEN;EURJPY;D1;07-30 08:36;0;
2026-07-30T08:54:00.000+01:00,"MAR1GSOPEN;EURJPY;A1;07-30 08:06;3;07-30 08:06,07-30 08:33,07-30 08:36"
2026-07-30T08:54:00.000+01:00,"MAR1GSOPEN;EURJPY;A2;07-30 08:33;3;07-30 08:33,07-30 08:36,07-30 08:39"
2026-07-30T08:54:00.000+01:00,"MAR1GSOPEN;EURJPY;B1;07-30 08:36;2;07-30 08:36,07-30 08:39"
2026-07-30T08:54:00.000+01:00,"MAR1GSOPEN;EURJPY;B2;07-30 08:33;2;07-30 08:33,07-30 08:36"
2026-07-30T08:54:00.000+01:00,MAR1GSOPEN;EURJPY;C1;07-30 08:39;0;
2026-07-30T08:54:00.000+01:00,MAR1GSOPEN;EURJPY;D1;07-30 08:36;0;
2026-07-30T08:57:00.000+01:00,"MAR1GSOPEN;EURJPY;A1;07-30 08:06;3;07-30 08:06,07-30 08:33,07-30 08:36"
2026-07-30T08:57:00.000+01:00,"MAR1GSOPEN;EURJPY;A2;07-30 08:33;3;07-30 08:33,07-30 08:36,07-30 08:39"
2026-07-30T08:57:00.000+01:00,"MAR1GSOPEN;EURJPY;B1;07-30 08:36;2;07-30 08:36,07-30 08:39"
2026-07-30T08:57:00.000+01:00,"MAR1GSOPEN;EURJPY;B2;07-30 08:33;2;07-30 08:33,07-30 08:36"
2026-07-30T08:57:00.000+01:00,MAR1GSOPEN;EURJPY;C1;07-30 08:39;0;
2026-07-30T08:57:00.000+01:00,MAR1GSOPEN;EURJPY;D1;07-30 08:36;0;
2026-07-30T09:00:00.000+01:00,"MAR1GSCLOSE;EURJPY;A1;07-30 08:06;07-30 09:03;4;long;07-30 08:06,07-30 08:33,07-30 08:36,07-30 09:00"
2026-07-30T09:00:00.000+01:00,"MAR1GSCLOSE;EURJPY;A2;07-30 08:33;07-30 09:03;4;long;07-30 08:33,07-30 08:36,07-30 08:39,07-30 09:00"
2026-07-30T09:00:00.000+01:00,"MAR1GSCLOSE;EURJPY;B1;07-30 08:36;07-30 09:03;3;long;07-30 08:36,07-30 08:39,07-30 09:00"
2026-07-30T09:00:00.000+01:00,"MAR1GSCLOSE;EURJPY;B2;07-30 08:33;07-30 09:03;3;long;07-30 08:33,07-30 08:36,07-30 09:00"
2026-07-30T09:00:00.000+01:00,MAR1GSCLOSE;EURJPY;C1;07-30 09:00;07-30 09:03;1;long;07-30 09:00
2026-07-30T09:00:00.000+01:00,MAR1GSCLOSE;EURJPY;D1;07-30 09:00;07-30 09:03;1;long;07-30 09:00
2026-07-31T10:06:00.000+01:00,MAR1GSOPEN;EURJPY;A2;07-31 10:06;0;
2026-07-31T10:09:00.000+01:00,MAR1GSOPEN;EURJPY;A2;07-31 10:06;0;
2026-07-31T10:12:00.000+01:00,MAR1GSOPEN;EURJPY;A2;07-31 10:06;0;
2026-07-31T10:15:00.000+01:00,MAR1GSOPEN;EURJPY;A2;07-31 10:06;0;
2026-07-31T10:18:00.000+01:00,MAR1GSOPEN;EURJPY;A2;07-31 10:06;0;
2026-07-31T10:21:00.000+01:00,MAR1GSOPEN;EURJPY;A2;07-31 10:06;0;
2026-07-31T10:24:00.000+01:00,MAR1GSOPEN;EURJPY;A2;07-31 10:06;0;
2026-07-31T10:27:00.000+01:00,MAR1GSOPEN;EURJPY;A2;07-31 10:06;0;
2026-07-31T10:30:00.000+01:00,MAR1GSOPEN;EURJPY;A2;07-31 10:06;0;
2026-07-31T10:33:00.000+01:00,MAR1GSCLOSE;EURJPY;A2;07-31 10:33;07-31 10:36;1;long;07-31 10:33
2026-08-04T09:00:00.000+01:00,MAR1GSOPEN;EURJPY;A2;08-04 09:00;0;
2026-08-04T09:03:00.000+01:00,MAR1GSCLOSE;EURJPY;A2;08-04 09:03;08-04 09:06;1;long;08-04 09:03
2026-08-04T11:45:00.000+01:00,MAR1GSOPEN;EURJPY;A2;08-04 11:45;0;
2026-08-04T11:48:00.000+01:00,MAR1GSOPEN;EURJPY;A2;08-04 11:45;0;
2026-08-04T11:51:00.000+01:00,MAR1GSOPEN;EURJPY;A2;08-04 11:45;0;
2026-08-04T11:54:00.000+01:00,MAR1GSOPEN;EURJPY;A2;08-04 11:45;0;
2026-08-04T11:57:00.000+01:00,MAR1GSOPEN;EURJPY;A2;08-04 11:45;0;
2026-08-04T12:00:00.000+01:00,MAR1GSOPEN;EURJPY;A2;08-04 11:45;0;
2026-08-04T12:03:00.000+01:00,MAR1GSOPEN;EURJPY;A2;08-04 11:45;0;
2026-08-04T12:06:00.000+01:00,MAR1GSOPEN;EURJPY;A2;08-04 11:45;0;
2026-08-04T12:09:00.000+01:00,MAR1GSOPEN;EURJPY;A2;08-04 11:45;0;
2026-08-04T12:12:00.000+01:00,MAR1GSOPEN;EURJPY;A2;08-04 11:45;0;
2026-08-04T12:15:00.000+01:00,MAR1GSOPEN;EURJPY;A2;08-04 11:45;0;
2026-08-04T12:18:00.000+01:00,MAR1GSOPEN;EURJPY;A2;08-04 11:45;0;
2026-08-04T12:21:00.000+01:00,MAR1GSOPEN;EURJPY;A2;08-04 11:45;0;
2026-08-04T12:24:00.000+01:00,MAR1GSCLOSE;EURJPY;A2;08-04 12:24;08-04 12:27;1;short;08-04 12:24
2026-08-04T14:45:00.000+01:00,MAR1GSOPEN;EURJPY;A2;08-04 14:45;0;
2026-08-04T14:48:00.000+01:00,MAR1GSOPEN;EURJPY;A2;08-04 14:45;0;
2026-08-04T14:51:00.000+01:00,MAR1GSOPEN;EURJPY;A2;08-04 14:45;0;
2026-08-04T14:54:00.000+01:00,MAR1GSOPEN;EURJPY;A2;08-04 14:45;0;
2026-08-04T14:57:00.000+01:00,MAR1GSOPEN;EURJPY;A2;08-04 14:45;0;
2026-08-04T15:00:00.000+01:00,MAR1GSOPEN;EURJPY;A2;08-04 14:45;0;
2026-08-04T15:03:00.000+01:00,MAR1GSOPEN;EURJPY;A2;08-04 14:45;0;
2026-08-04T15:06:00.000+01:00,MAR1GSOPEN;EURJPY;A1;08-04 15:06;0;
2026-08-04T15:06:00.000+01:00,MAR1GSOPEN;EURJPY;A2;08-04 15:06;1;08-04 15:06
2026-08-04T15:06:00.000+01:00,MAR1GSOPEN;EURJPY;B1;08-04 15:06;0;
2026-08-04T15:09:00.000+01:00,MAR1GSOPEN;EURJPY;A1;08-04 15:06;0;
2026-08-04T15:09:00.000+01:00,MAR1GSOPEN;EURJPY;A2;08-04 15:06;1;08-04 15:06
2026-08-04T15:09:00.000+01:00,MAR1GSOPEN;EURJPY;B1;08-04 15:06;0;
2026-08-04T15:12:00.000+01:00,MAR1GSOPEN;EURJPY;A1;08-04 15:06;0;
2026-08-04T15:12:00.000+01:00,MAR1GSOPEN;EURJPY;A2;08-04 15:06;1;08-04 15:06
2026-08-04T15:12:00.000+01:00,MAR1GSOPEN;EURJPY;B1;08-04 15:06;0;
2026-08-04T15:15:00.000+01:00,MAR1GSOPEN;EURJPY;A1;08-04 15:06;0;
2026-08-04T15:15:00.000+01:00,MAR1GSOPEN;EURJPY;A2;08-04 15:06;1;08-04 15:06
2026-08-04T15:15:00.000+01:00,MAR1GSOPEN;EURJPY;B1;08-04 15:06;0;
2026-08-04T15:18:00.000+01:00,MAR1GSOPEN;EURJPY;A1;08-04 15:06;0;
2026-08-04T15:18:00.000+01:00,MAR1GSOPEN;EURJPY;A2;08-04 15:06;1;08-04 15:06
2026-08-04T15:18:00.000+01:00,MAR1GSOPEN;EURJPY;B1;08-04 15:06;0;
2026-08-04T15:21:00.000+01:00,MAR1GSOPEN;EURJPY;A1;08-04 15:06;0;
2026-08-04T15:21:00.000+01:00,MAR1GSOPEN;EURJPY;A2;08-04 15:06;1;08-04 15:06
2026-08-04T15:21:00.000+01:00,MAR1GSOPEN;EURJPY;B1;08-04 15:06;0;
2026-08-04T15:24:00.000+01:00,MAR1GSOPEN;EURJPY;A1;08-04 15:06;0;
2026-08-04T15:24:00.000+01:00,MAR1GSOPEN;EURJPY;A2;08-04 15:06;1;08-04 15:06
2026-08-04T15:24:00.000+01:00,MAR1GSOPEN;EURJPY;B1;08-04 15:06;0;
2026-08-04T15:27:00.000+01:00,MAR1GSCLOSE;EURJPY;A1;08-04 15:27;08-04 15:30;1;long;08-04 15:27
2026-08-04T15:27:00.000+01:00,"MAR1GSCLOSE;EURJPY;A2;08-04 15:06;08-04 15:30;2;long;08-04 15:06,08-04 15:27"
2026-08-04T15:27:00.000+01:00,MAR1GSCLOSE;EURJPY;B1;08-04 15:27;08-04 15:30;1;long;08-04 15:27
2026-08-04T17:57:00.000+01:00,MAR1GSOPEN;EURJPY;A1;08-04 17:57;0;
2026-08-04T17:57:00.000+01:00,MAR1GSOPEN;EURJPY;A2;08-04 17:57;0;
2026-08-04T18:00:00.000+01:00,MAR1GSCLOSE;EURJPY;A1;08-04 18:00;08-04 18:03;1;long;08-04 18:00
2026-08-04T18:00:00.000+01:00,MAR1GSCLOSE;EURJPY;A2;08-04 18:00;08-04 18:03;1;long;08-04 18:00
2026-08-06T08:48:00.000+01:00,MAR1GSOPEN;EURJPY;A1;08-06 08:48;0;
2026-08-06T08:48:00.000+01:00,MAR1GSOPEN;EURJPY;A2;08-06 08:48;0;
2026-08-06T08:51:00.000+01:00,MAR1GSCLOSE;EURJPY;A1;08-06 08:51;08-06 08:54;1;long;08-06 08:51
2026-08-06T08:51:00.000+01:00,MAR1GSCLOSE;EURJPY;A2;08-06 08:51;08-06 08:54;1;long;08-06 08:51
2026-08-06T12:15:00.000+01:00,MAR1GSOPEN;EURJPY;A1;08-06 12:15;0;
2026-08-06T12:18:00.000+01:00,MAR1GSCLOSE;EURJPY;A1;08-06 12:18;08-06 12:21;1;long;08-06 12:18
2026-08-06T17:12:00.000+01:00,MAR1GSOPEN;EURJPY;A1;08-06 17:12;0;
2026-08-06T17:12:00.000+01:00,MAR1GSOPEN;EURJPY;A2;08-06 17:12;0;
2026-08-06T17:15:00.000+01:00,MAR1GSOPEN;EURJPY;A1;08-06 17:12;0;
2026-08-06T17:15:00.000+01:00,MAR1GSOPEN;EURJPY;A2;08-06 17:12;0;
2026-08-06T17:18:00.000+01:00,MAR1GSOPEN;EURJPY;A1;08-06 17:12;0;
2026-08-06T17:18:00.000+01:00,MAR1GSOPEN;EURJPY;A2;08-06 17:18;1;08-06 17:18
2026-08-06T17:18:00.000+01:00,MAR1GSOPEN;EURJPY;B1;08-06 17:18;0;
2026-08-06T17:18:00.000+01:00,MAR1GSOPEN;EURJPY;C2;08-06 17:18;0;
2026-08-06T17:21:00.000+01:00,MAR1GSOPEN;EURJPY;A1;08-06 17:12;0;
2026-08-06T17:21:00.000+01:00,MAR1GSOPEN;EURJPY;A2;08-06 17:18;1;08-06 17:18
2026-08-06T17:21:00.000+01:00,MAR1GSOPEN;EURJPY;B1;08-06 17:18;0;
2026-08-06T17:21:00.000+01:00,MAR1GSOPEN;EURJPY;C2;08-06 17:18;0;
2026-08-06T17:24:00.000+01:00,MAR1GSOPEN;EURJPY;A1;08-06 17:12;0;
2026-08-06T17:24:00.000+01:00,MAR1GSOPEN;EURJPY;A2;08-06 17:18;1;08-06 17:18
2026-08-06T17:24:00.000+01:00,MAR1GSOPEN;EURJPY;B1;08-06 17:18;0;
2026-08-06T17:24:00.000+01:00,MAR1GSOPEN;EURJPY;C2;08-06 17:18;0;
2026-08-06T17:27:00.000+01:00,MAR1GSOPEN;EURJPY;A1;08-06 17:12;0;
2026-08-06T17:27:00.000+01:00,MAR1GSOPEN;EURJPY;A2;08-06 17:18;1;08-06 17:18
2026-08-06T17:27:00.000+01:00,MAR1GSOPEN;EURJPY;B1;08-06 17:18;0;
2026-08-06T17:27:00.000+01:00,MAR1GSOPEN;EURJPY;C2;08-06 17:18;0;
2026-08-06T17:30:00.000+01:00,MAR1GSOPEN;EURJPY;A1;08-06 17:12;0;
2026-08-06T17:30:00.000+01:00,MAR1GSOPEN;EURJPY;A2;08-06 17:18;1;08-06 17:18
2026-08-06T17:30:00.000+01:00,MAR1GSOPEN;EURJPY;B1;08-06 17:18;0;
2026-08-06T17:30:00.000+01:00,MAR1GSOPEN;EURJPY;C2;08-06 17:18;0;
2026-08-06T17:33:00.000+01:00,MAR1GSOPEN;EURJPY;A1;08-06 17:12;0;
2026-08-06T17:33:00.000+01:00,MAR1GSOPEN;EURJPY;A2;08-06 17:18;1;08-06 17:18
2026-08-06T17:33:00.000+01:00,MAR1GSOPEN;EURJPY;B1;08-06 17:18;0;
2026-08-06T17:33:00.000+01:00,MAR1GSOPEN;EURJPY;C2;08-06 17:18;0;
2026-08-06T17:36:00.000+01:00,MAR1GSOPEN;EURJPY;A1;08-06 17:12;0;
2026-08-06T17:36:00.000+01:00,MAR1GSOPEN;EURJPY;A2;08-06 17:18;1;08-06 17:18
2026-08-06T17:36:00.000+01:00,MAR1GSOPEN;EURJPY;B1;08-06 17:18;0;
2026-08-06T17:36:00.000+01:00,MAR1GSOPEN;EURJPY;C2;08-06 17:18;0;
2026-08-06T17:39:00.000+01:00,MAR1GSOPEN;EURJPY;A1;08-06 17:12;0;
2026-08-06T17:39:00.000+01:00,MAR1GSOPEN;EURJPY;A2;08-06 17:18;1;08-06 17:18
2026-08-06T17:39:00.000+01:00,MAR1GSOPEN;EURJPY;B1;08-06 17:18;0;
2026-08-06T17:39:00.000+01:00,MAR1GSOPEN;EURJPY;C2;08-06 17:18;0;
2026-08-06T17:42:00.000+01:00,MAR1GSOPEN;EURJPY;A1;08-06 17:12;0;
2026-08-06T17:42:00.000+01:00,MAR1GSOPEN;EURJPY;A2;08-06 17:18;1;08-06 17:18
2026-08-06T17:42:00.000+01:00,MAR1GSOPEN;EURJPY;B1;08-06 17:18;0;
2026-08-06T17:42:00.000+01:00,MAR1GSOPEN;EURJPY;C2;08-06 17:18;0;
2026-08-06T17:45:00.000+01:00,MAR1GSOPEN;EURJPY;A1;08-06 17:12;0;
2026-08-06T17:45:00.000+01:00,MAR1GSOPEN;EURJPY;A2;08-06 17:18;1;08-06 17:18
2026-08-06T17:45:00.000+01:00,MAR1GSOPEN;EURJPY;B1;08-06 17:18;0;
2026-08-06T17:45:00.000+01:00,MAR1GSOPEN;EURJPY;C2;08-06 17:18;0;
2026-08-06T17:48:00.000+01:00,MAR1GSOPEN;EURJPY;A1;08-06 17:12;0;
2026-08-06T17:48:00.000+01:00,MAR1GSOPEN;EURJPY;A2;08-06 17:18;1;08-06 17:18
2026-08-06T17:48:00.000+01:00,MAR1GSOPEN;EURJPY;B1;08-06 17:18;0;
2026-08-06T17:48:00.000+01:00,MAR1GSOPEN;EURJPY;C2;08-06 17:18;0;
2026-08-06T17:51:00.000+01:00,MAR1GSOPEN;EURJPY;A1;08-06 17:12;0;
2026-08-06T17:51:00.000+01:00,MAR1GSOPEN;EURJPY;A2;08-06 17:18;1;08-06 17:18
2026-08-06T17:51:00.000+01:00,MAR1GSOPEN;EURJPY;B1;08-06 17:18;0;
2026-08-06T17:51:00.000+01:00,MAR1GSOPEN;EURJPY;C2;08-06 17:18;0;
2026-08-06T17:54:00.000+01:00,MAR1GSCLOSE;EURJPY;A1;08-06 17:54;08-06 17:57;1;long;08-06 17:54
2026-08-06T17:54:00.000+01:00,"MAR1GSCLOSE;EURJPY;A2;08-06 17:18;08-06 17:57;2;long;08-06 17:18,08-06 17:54"
2026-08-06T17:54:00.000+01:00,MAR1GSCLOSE;EURJPY;B1;08-06 17:54;08-06 17:57;1;long;08-06 17:54
2026-08-06T17:54:00.000+01:00,MAR1GSCLOSE;EURJPY;C2;08-06 17:54;08-06 17:57;1;long;08-06 17:54
2026-08-07T11:48:00.000+01:00,MAR1GSOPEN;EURJPY;A2;08-07 11:48;0;
2026-08-07T11:51:00.000+01:00,MAR1GSOPEN;EURJPY;A2;08-07 11:48;0;
2026-08-07T11:54:00.000+01:00,MAR1GSOPEN;EURJPY;A2;08-07 11:48;0;
2026-08-07T11:57:00.000+01:00,MAR1GSOPEN;EURJPY;A2;08-07 11:48;0;
2026-08-07T12:00:00.000+01:00,MAR1GSOPEN;EURJPY;A2;08-07 11:48;0;
2026-08-07T12:03:00.000+01:00,MAR1GSCLOSE;EURJPY;A2;08-07 12:03;08-07 12:06;1;short;08-07 12:03
2026-08-10T17:21:00.000+01:00,MAR1GSOPEN;EURJPY;A1;08-10 17:21;0;
2026-08-10T17:24:00.000+01:00,MAR1GSOPEN;EURJPY;A1;08-10 17:21;0;
2026-08-10T17:27:00.000+01:00,MAR1GSOPEN;EURJPY;A1;08-10 17:21;0;
2026-08-10T17:30:00.000+01:00,MAR1GSOPEN;EURJPY;A1;08-10 17:21;0;
2026-08-10T17:33:00.000+01:00,MAR1GSOPEN;EURJPY;A1;08-10 17:21;0;
2026-08-10T17:36:00.000+01:00,MAR1GSOPEN;EURJPY;A1;08-10 17:21;0;
2026-08-10T17:39:00.000+01:00,MAR1GSOPEN;EURJPY;A1;08-10 17:21;0;
2026-08-10T17:42:00.000+01:00,MAR1GSOPEN;EURJPY;A1;08-10 17:21;0;
2026-08-10T17:45:00.000+01:00,MAR1GSOPEN;EURJPY;A1;08-10 17:21;0;
2026-08-10T17:48:00.000+01:00,MAR1GSOPEN;EURJPY;A1;08-10 17:21;0;
2026-08-10T17:51:00.000+01:00,MAR1GSOPEN;EURJPY;A1;08-10 17:21;0;
2026-08-10T17:54:00.000+01:00,MAR1GSOPEN;EURJPY;A1;08-10 17:21;0;
2026-08-10T17:57:00.000+01:00,MAR1GSOPEN;EURJPY;A1;08-10 17:21;0;
2026-08-10T18:00:00.000+01:00,MAR1GSOPEN;EURJPY;A1;08-10 17:21;0;
2026-08-10T18:03:00.000+01:00,MAR1GSOPEN;EURJPY;A1;08-10 17:21;0;
2026-08-10T18:06:00.000+01:00,MAR1GSOPEN;EURJPY;A1;08-10 17:21;0;
2026-08-10T18:09:00.000+01:00,MAR1GSOPEN;EURJPY;A1;08-10 17:21;0;
2026-08-10T18:12:00.000+01:00,MAR1GSOPEN;EURJPY;A1;08-10 18:12;1;08-10 18:12
2026-08-10T18:12:00.000+01:00,MAR1GSOPEN;EURJPY;B2;08-10 18:12;0;
2026-08-10T18:15:00.000+01:00,"MAR1GSOPEN;EURJPY;A1;08-10 18:12;2;08-10 18:12,08-10 18:15"
2026-08-10T18:15:00.000+01:00,MAR1GSOPEN;EURJPY;A2;08-10 18:15;0;
2026-08-10T18:15:00.000+01:00,MAR1GSOPEN;EURJPY;B2;08-10 18:15;1;08-10 18:15
2026-08-10T18:18:00.000+01:00,"MAR1GSOPEN;EURJPY;A1;08-10 18:12;2;08-10 18:12,08-10 18:15"
2026-08-10T18:18:00.000+01:00,MAR1GSOPEN;EURJPY;A2;08-10 18:15;0;
2026-08-10T18:18:00.000+01:00,MAR1GSOPEN;EURJPY;B2;08-10 18:15;1;08-10 18:15
2026-08-10T18:21:00.000+01:00,"MAR1GSOPEN;EURJPY;A1;08-10 18:12;2;08-10 18:12,08-10 18:15"
2026-08-10T18:21:00.000+01:00,MAR1GSOPEN;EURJPY;A2;08-10 18:15;0;
2026-08-10T18:21:00.000+01:00,MAR1GSOPEN;EURJPY;B2;08-10 18:15;1;08-10 18:15
2026-08-10T18:24:00.000+01:00,"MAR1GSOPEN;EURJPY;A1;08-10 18:12;2;08-10 18:12,08-10 18:15"
2026-08-10T18:24:00.000+01:00,MAR1GSOPEN;EURJPY;A2;08-10 18:15;0;
2026-08-10T18:24:00.000+01:00,MAR1GSOPEN;EURJPY;B2;08-10 18:15;1;08-10 18:15
2026-08-10T18:27:00.000+01:00,"MAR1GSOPEN;EURJPY;A1;08-10 18:12;2;08-10 18:12,08-10 18:15"
2026-08-10T18:27:00.000+01:00,MAR1GSOPEN;EURJPY;A2;08-10 18:15;0;
2026-08-10T18:27:00.000+01:00,MAR1GSOPEN;EURJPY;B2;08-10 18:15;1;08-10 18:15
2026-08-10T18:30:00.000+01:00,"MAR1GSOPEN;EURJPY;A1;08-10 18:12;2;08-10 18:12,08-10 18:15"
2026-08-10T18:30:00.000+01:00,MAR1GSOPEN;EURJPY;A2;08-10 18:15;0;
2026-08-10T18:30:00.000+01:00,MAR1GSOPEN;EURJPY;B2;08-10 18:15;1;08-10 18:15
2026-08-10T18:33:00.000+01:00,"MAR1GSOPEN;EURJPY;A1;08-10 18:12;2;08-10 18:12,08-10 18:15"
2026-08-10T18:33:00.000+01:00,MAR1GSOPEN;EURJPY;A2;08-10 18:15;0;
2026-08-10T18:33:00.000+01:00,MAR1GSOPEN;EURJPY;B2;08-10 18:15;1;08-10 18:15
2026-08-10T18:36:00.000+01:00,"MAR1GSOPEN;EURJPY;A1;08-10 18:12;2;08-10 18:12,08-10 18:15"
2026-08-10T18:36:00.000+01:00,MAR1GSOPEN;EURJPY;A2;08-10 18:15;0;
2026-08-10T18:36:00.000+01:00,MAR1GSOPEN;EURJPY;B2;08-10 18:15;1;08-10 18:15
2026-08-10T18:39:00.000+01:00,"MAR1GSOPEN;EURJPY;A1;08-10 18:12;2;08-10 18:12,08-10 18:15"
2026-08-10T18:39:00.000+01:00,MAR1GSOPEN;EURJPY;A2;08-10 18:15;0;
2026-08-10T18:39:00.000+01:00,MAR1GSOPEN;EURJPY;B2;08-10 18:15;1;08-10 18:15
2026-08-10T18:42:00.000+01:00,"MAR1GSCLOSE;EURJPY;A1;08-10 18:12;08-10 18:45;3;long;08-10 18:12,08-10 18:15,08-10 18:42"
2026-08-10T18:42:00.000+01:00,MAR1GSCLOSE;EURJPY;A2;08-10 18:42;08-10 18:45;1;long;08-10 18:42
2026-08-10T18:42:00.000+01:00,"MAR1GSCLOSE;EURJPY;B2;08-10 18:15;08-10 18:45;2;long;08-10 18:15,08-10 18:42"
2026-08-11T08:15:00.000+01:00,MAR1GSOPEN;EURJPY;C2;08-11 08:15;0;
2026-08-11T08:18:00.000+01:00,MAR1GSCLOSE;EURJPY;C2;08-11 08:18;08-11 08:21;1;long;08-11 08:18
2026-08-11T15:36:00.000+01:00,MAR1GSOPEN;EURJPY;A1;08-11 15:36;0;
2026-08-11T15:36:00.000+01:00,MAR1GSOPEN;EURJPY;A2;08-11 15:36;0;
2026-08-11T15:39:00.000+01:00,MAR1GSOPEN;EURJPY;A1;08-11 15:36;0;
2026-08-11T15:39:00.000+01:00,MAR1GSOPEN;EURJPY;A2;08-11 15:36;0;
2026-08-11T15:42:00.000+01:00,MAR1GSOPEN;EURJPY;A1;08-11 15:36;0;
2026-08-11T15:42:00.000+01:00,MAR1GSOPEN;EURJPY;A2;08-11 15:36;0;
2026-08-11T15:45:00.000+01:00,MAR1GSCLOSE;EURJPY;A1;08-11 15:45;08-11 15:48;1;short;08-11 15:45
2026-08-11T15:45:00.000+01:00,MAR1GSCLOSE;EURJPY;A2;08-11 15:45;08-11 15:48;1;short;08-11 15:45
2026-08-11T16:45:00.000+01:00,MAR1GSOPEN;EURJPY;C2;08-11 16:45;0;
2026-08-11T16:48:00.000+01:00,MAR1GSCLOSE;EURJPY;C2;08-11 16:48;08-11 16:51;1;long;08-11 16:48
2026-07-27T10:24:00.000+01:00,MAR1GSOPEN;EURJPY;A1;07-27 10:24;0;
2026-07-27T10:27:00.000+01:00,MAR1GSOPEN;EURJPY;A1;07-27 10:24;0;
2026-07-27T10:30:00.000+01:00,MAR1GSOPEN;EURJPY;A1;07-27 10:24;0;
2026-07-27T10:33:00.000+01:00,MAR1GSOPEN;EURJPY;A1;07-27 10:24;0;
2026-07-27T10:36:00.000+01:00,MAR1GSOPEN;EURJPY;A1;07-27 10:24;0;
2026-07-27T10:39:00.000+01:00,MAR1GSOPEN;EURJPY;A1;07-27 10:24;0;
2026-07-27T10:42:00.000+01:00,MAR1GSOPEN;EURJPY;A1;07-27 10:24;0;
2026-07-27T10:45:00.000+01:00,MAR1GSOPEN;EURJPY;A1;07-27 10:24;0;
2026-07-27T10:48:00.000+01:00,MAR1GSOPEN;EURJPY;A1;07-27 10:24;0;
2026-07-27T10:51:00.000+01:00,MAR1GSOPEN;EURJPY;A1;07-27 10:24;0;
2026-07-27T10:54:00.000+01:00,MAR1GSOPEN;EURJPY;A1;07-27 10:24;0;
2026-07-27T10:57:00.000+01:00,MAR1GSOPEN;EURJPY;A1;07-27 10:24;0;
2026-07-27T11:00:00.000+01:00,MAR1GSOPEN;EURJPY;A1;07-27 10:24;0;
2026-07-27T11:03:00.000+01:00,MAR1GSOPEN;EURJPY;A1;07-27 10:24;0;
2026-07-27T11:06:00.000+01:00,MAR1GSOPEN;EURJPY;A1;07-27 10:24;0;
2026-07-27T11:09:00.000+01:00,MAR1GSOPEN;EURJPY;A1;07-27 10:24;0;
2026-07-27T11:12:00.000+01:00,MAR1GSOPEN;EURJPY;A1;07-27 10:24;0;
2026-07-27T11:15:00.000+01:00,MAR1GSOPEN;EURJPY;A1;07-27 10:24;0;
2026-07-27T11:18:00.000+01:00,MAR1GSOPEN;EURJPY;A1;07-27 10:24;0;
2026-07-27T11:21:00.000+01:00,MAR1GSOPEN;EURJPY;A1;07-27 10:24;0;
2026-07-27T11:24:00.000+01:00,MAR1GSOPEN;EURJPY;A1;07-27 10:24;0;
2026-07-27T11:27:00.000+01:00,MAR1GSOPEN;EURJPY;A1;07-27 10:24;0;
2026-07-27T11:30:00.000+01:00,MAR1GSOPEN;EURJPY;A1;07-27 10:24;0;
2026-07-27T11:33:00.000+01:00,MAR1GSOPEN;EURJPY;A1;07-27 10:24;0;
2026-07-27T11:36:00.000+01:00,MAR1GSOPEN;EURJPY;A1;07-27 10:24;0;
2026-07-27T11:39:00.000+01:00,MAR1GSOPEN;EURJPY;A1;07-27 10:24;0;
2026-07-27T11:42:00.000+01:00,MAR1GSOPEN;EURJPY;A1;07-27 10:24;0;
2026-07-27T11:45:00.000+01:00,MAR1GSOPEN;EURJPY;A1;07-27 10:24;0;
2026-07-27T11:48:00.000+01:00,MAR1GSCLOSE;EURJPY;A1;07-27 11:48;07-27 11:51;1;long;07-27 11:48
2026-07-28T08:27:00.000+01:00,MAR1GSOPEN;EURJPY;C1;07-28 08:27;0;
2026-07-28T08:30:00.000+01:00,MAR1GSOPEN;EURJPY;A1;07-28 08:30;0;
2026-07-28T08:30:00.000+01:00,MAR1GSOPEN;EURJPY;A2;07-28 08:30;0;
2026-07-28T08:30:00.000+01:00,MAR1GSOPEN;EURJPY;C1;07-28 08:30;1;07-28 08:30
2026-07-28T08:30:00.000+01:00,MAR1GSOPEN;EURJPY;C2;07-28 08:30;0;
2026-07-28T08:33:00.000+01:00,MAR1GSOPEN;EURJPY;A1;07-28 08:30;0;
2026-07-28T08:33:00.000+01:00,MAR1GSOPEN;EURJPY;A2;07-28 08:30;0;
2026-07-28T08:33:00.000+01:00,MAR1GSOPEN;EURJPY;C1;07-28 08:30;1;07-28 08:30
2026-07-28T08:33:00.000+01:00,MAR1GSOPEN;EURJPY;C2;07-28 08:30;0;
2026-07-28T08:36:00.000+01:00,MAR1GSOPEN;EURJPY;A1;07-28 08:30;0;
2026-07-28T08:36:00.000+01:00,MAR1GSOPEN;EURJPY;A2;07-28 08:36;1;07-28 08:36
2026-07-28T08:36:00.000+01:00,MAR1GSOPEN;EURJPY;B1;07-28 08:36;0;
2026-07-28T08:36:00.000+01:00,"MAR1GSOPEN;EURJPY;C1;07-28 08:30;2;07-28 08:30,07-28 08:36"
2026-07-28T08:36:00.000+01:00,MAR1GSOPEN;EURJPY;C2;07-28 08:30;0;
2026-07-28T08:39:00.000+01:00,MAR1GSOPEN;EURJPY;A1;07-28 08:30;0;
2026-07-28T08:39:00.000+01:00,MAR1GSOPEN;EURJPY;A2;07-28 08:36;1;07-28 08:36
2026-07-28T08:39:00.000+01:00,MAR1GSOPEN;EURJPY;B1;07-28 08:36;0;
2026-07-28T08:39:00.000+01:00,"MAR1GSOPEN;EURJPY;C1;07-28 08:30;2;07-28 08:30,07-28 08:36"
2026-07-28T08:39:00.000+01:00,MAR1GSOPEN;EURJPY;C2;07-28 08:30;0;
2026-07-28T08:42:00.000+01:00,MAR1GSOPEN;EURJPY;A1;07-28 08:30;0;
2026-07-28T08:42:00.000+01:00,MAR1GSOPEN;EURJPY;A2;07-28 08:36;1;07-28 08:36
2026-07-28T08:42:00.000+01:00,MAR1GSOPEN;EURJPY;B1;07-28 08:36;0;
2026-07-28T08:42:00.000+01:00,"MAR1GSOPEN;EURJPY;C1;07-28 08:30;2;07-28 08:30,07-28 08:36"
2026-07-28T08:42:00.000+01:00,MAR1GSOPEN;EURJPY;C2;07-28 08:30;0;
2026-07-28T08:45:00.000+01:00,MAR1GSOPEN;EURJPY;A1;07-28 08:30;0;
2026-07-28T08:45:00.000+01:00,MAR1GSOPEN;EURJPY;A2;07-28 08:36;1;07-28 08:36
2026-07-28T08:45:00.000+01:00,MAR1GSOPEN;EURJPY;B1;07-28 08:36;0;
2026-07-28T08:45:00.000+01:00,"MAR1GSOPEN;EURJPY;C1;07-28 08:30;2;07-28 08:30,07-28 08:36"
2026-07-28T08:45:00.000+01:00,MAR1GSOPEN;EURJPY;C2;07-28 08:30;0;
2026-07-28T08:48:00.000+01:00,MAR1GSOPEN;EURJPY;A1;07-28 08:30;0;
2026-07-28T08:48:00.000+01:00,MAR1GSOPEN;EURJPY;A2;07-28 08:36;1;07-28 08:36
2026-07-28T08:48:00.000+01:00,MAR1GSOPEN;EURJPY;B1;07-28 08:36;0;
2026-07-28T08:48:00.000+01:00,"MAR1GSOPEN;EURJPY;C1;07-28 08:30;2;07-28 08:30,07-28 08:36"
2026-07-28T08:48:00.000+01:00,MAR1GSOPEN;EURJPY;C2;07-28 08:30;0;
2026-07-28T08:51:00.000+01:00,MAR1GSOPEN;EURJPY;A1;07-28 08:30;0;
2026-07-28T08:51:00.000+01:00,MAR1GSOPEN;EURJPY;A2;07-28 08:36;1;07-28 08:36
2026-07-28T08:51:00.000+01:00,MAR1GSOPEN;EURJPY;B1;07-28 08:36;0;
2026-07-28T08:51:00.000+01:00,"MAR1GSOPEN;EURJPY;C1;07-28 08:30;2;07-28 08:30,07-28 08:36"
2026-07-28T08:51:00.000+01:00,MAR1GSOPEN;EURJPY;C2;07-28 08:30;0;
2026-07-28T08:54:00.000+01:00,MAR1GSOPEN;EURJPY;A1;07-28 08:30;0;
2026-07-28T08:54:00.000+01:00,MAR1GSOPEN;EURJPY;A2;07-28 08:36;1;07-28 08:36
2026-07-28T08:54:00.000+01:00,MAR1GSOPEN;EURJPY;B1;07-28 08:36;0;
2026-07-28T08:54:00.000+01:00,"MAR1GSOPEN;EURJPY;C1;07-28 08:30;2;07-28 08:30,07-28 08:36"
2026-07-28T08:54:00.000+01:00,MAR1GSOPEN;EURJPY;C2;07-28 08:30;0;
2026-07-28T08:57:00.000+01:00,MAR1GSOPEN;EURJPY;A1;07-28 08:30;0;
2026-07-28T08:57:00.000+01:00,MAR1GSOPEN;EURJPY;A2;07-28 08:36;1;07-28 08:36
2026-07-28T08:57:00.000+01:00,MAR1GSOPEN;EURJPY;B1;07-28 08:36;0;
2026-07-28T08:57:00.000+01:00,"MAR1GSOPEN;EURJPY;C1;07-28 08:30;2;07-28 08:30,07-28 08:36"
2026-07-28T08:57:00.000+01:00,MAR1GSOPEN;EURJPY;C2;07-28 08:30;0;
2026-07-28T09:00:00.000+01:00,MAR1GSOPEN;EURJPY;A1;07-28 08:30;0;
2026-07-28T09:00:00.000+01:00,MAR1GSOPEN;EURJPY;A2;07-28 08:36;1;07-28 08:36
2026-07-28T09:00:00.000+01:00,MAR1GSOPEN;EURJPY;B1;07-28 08:36;0;
2026-07-28T09:00:00.000+01:00,"MAR1GSOPEN;EURJPY;C1;07-28 08:30;2;07-28 08:30,07-28 08:36"
2026-07-28T09:00:00.000+01:00,MAR1GSOPEN;EURJPY;C2;07-28 08:30;0;
2026-07-28T09:03:00.000+01:00,MAR1GSOPEN;EURJPY;A1;07-28 08:30;0;
2026-07-28T09:03:00.000+01:00,MAR1GSOPEN;EURJPY;A2;07-28 08:36;1;07-28 08:36
2026-07-28T09:03:00.000+01:00,MAR1GSOPEN;EURJPY;B1;07-28 08:36;0;
2026-07-28T09:03:00.000+01:00,"MAR1GSOPEN;EURJPY;C1;07-28 08:30;2;07-28 08:30,07-28 08:36"
2026-07-28T09:03:00.000+01:00,MAR1GSOPEN;EURJPY;C2;07-28 08:30;0;
2026-07-28T09:06:00.000+01:00,MAR1GSOPEN;EURJPY;A1;07-28 08:30;0;
2026-07-28T09:06:00.000+01:00,MAR1GSOPEN;EURJPY;A2;07-28 08:36;1;07-28 08:36
2026-07-28T09:06:00.000+01:00,MAR1GSOPEN;EURJPY;B1;07-28 08:36;0;
2026-07-28T09:06:00.000+01:00,"MAR1GSOPEN;EURJPY;C1;07-28 08:30;2;07-28 08:30,07-28 08:36"
2026-07-28T09:06:00.000+01:00,MAR1GSOPEN;EURJPY;C2;07-28 08:30;0;
2026-07-28T09:09:00.000+01:00,MAR1GSOPEN;EURJPY;A1;07-28 08:30;0;
2026-07-28T09:09:00.000+01:00,MAR1GSOPEN;EURJPY;A2;07-28 08:36;1;07-28 08:36
2026-07-28T09:09:00.000+01:00,MAR1GSOPEN;EURJPY;B1;07-28 08:36;0;
2026-07-28T09:09:00.000+01:00,"MAR1GSOPEN;EURJPY;C1;07-28 08:30;2;07-28 08:30,07-28 08:36"
2026-07-28T09:09:00.000+01:00,MAR1GSOPEN;EURJPY;C2;07-28 08:30;0;
2026-07-28T09:12:00.000+01:00,MAR1GSOPEN;EURJPY;A1;07-28 08:30;0;
2026-07-28T09:12:00.000+01:00,MAR1GSOPEN;EURJPY;A2;07-28 08:36;1;07-28 08:36
2026-07-28T09:12:00.000+01:00,MAR1GSOPEN;EURJPY;B1;07-28 08:36;0;
2026-07-28T09:12:00.000+01:00,"MAR1GSOPEN;EURJPY;C1;07-28 08:30;2;07-28 08:30,07-28 08:36"
2026-07-28T09:12:00.000+01:00,MAR1GSOPEN;EURJPY;C2;07-28 08:30;0;
2026-07-28T09:15:00.000+01:00,MAR1GSOPEN;EURJPY;A1;07-28 08:30;0;
2026-07-28T09:15:00.000+01:00,MAR1GSOPEN;EURJPY;A2;07-28 08:36;1;07-28 08:36
2026-07-28T09:15:00.000+01:00,MAR1GSOPEN;EURJPY;B1;07-28 08:36;0;
2026-07-28T09:15:00.000+01:00,"MAR1GSOPEN;EURJPY;C1;07-28 08:30;2;07-28 08:30,07-28 08:36"
2026-07-28T09:15:00.000+01:00,MAR1GSOPEN;EURJPY;C2;07-28 08:30;0;
2026-07-28T09:18:00.000+01:00,MAR1GSOPEN;EURJPY;A1;07-28 08:30;0;
2026-07-28T09:18:00.000+01:00,MAR1GSOPEN;EURJPY;A2;07-28 08:36;1;07-28 08:36
2026-07-28T09:18:00.000+01:00,MAR1GSOPEN;EURJPY;B1;07-28 08:36;0;
2026-07-28T09:18:00.000+01:00,"MAR1GSOPEN;EURJPY;C1;07-28 08:30;2;07-28 08:30,07-28 08:36"
2026-07-28T09:18:00.000+01:00,MAR1GSOPEN;EURJPY;C2;07-28 08:30;0;
2026-07-28T09:21:00.000+01:00,MAR1GSOPEN;EURJPY;A1;07-28 08:30;0;
2026-07-28T09:21:00.000+01:00,MAR1GSOPEN;EURJPY;A2;07-28 08:36;1;07-28 08:36
2026-07-28T09:21:00.000+01:00,MAR1GSOPEN;EURJPY;B1;07-28 08:36;0;
2026-07-28T09:21:00.000+01:00,"MAR1GSOPEN;EURJPY;C1;07-28 08:30;2;07-28 08:30,07-28 08:36"
2026-07-28T09:21:00.000+01:00,MAR1GSOPEN;EURJPY;C2;07-28 08:30;0;
2026-07-28T09:24:00.000+01:00,MAR1GSOPEN;EURJPY;A1;07-28 08:30;0;
2026-07-28T09:24:00.000+01:00,MAR1GSOPEN;EURJPY;A2;07-28 08:36;1;07-28 08:36
2026-07-28T09:24:00.000+01:00,MAR1GSOPEN;EURJPY;B1;07-28 08:36;0;
2026-07-28T09:24:00.000+01:00,"MAR1GSOPEN;EURJPY;C1;07-28 08:30;2;07-28 08:30,07-28 08:36"
2026-07-28T09:24:00.000+01:00,MAR1GSOPEN;EURJPY;C2;07-28 08:30;0;
2026-07-28T09:27:00.000+01:00,MAR1GSCLOSE;EURJPY;A1;07-28 09:27;07-28 09:30;1;long;07-28 09:27
2026-07-28T09:27:00.000+01:00,"MAR1GSCLOSE;EURJPY;A2;07-28 08:36;07-28 09:30;2;long;07-28 08:36,07-28 09:27"
2026-07-28T09:27:00.000+01:00,MAR1GSCLOSE;EURJPY;B1;07-28 09:27;07-28 09:30;1;long;07-28 09:27
2026-07-28T09:27:00.000+01:00,"MAR1GSCLOSE;EURJPY;C1;07-28 08:30;07-28 09:30;3;long;07-28 08:30,07-28 08:36,07-28 09:27"
2026-07-28T09:27:00.000+01:00,MAR1GSCLOSE;EURJPY;C2;07-28 09:27;07-28 09:30;1;long;07-28 09:27
2026-07-28T12:48:00.000+01:00,MAR1GSOPEN;EURJPY;A2;07-28 12:48;0;
2026-07-28T12:51:00.000+01:00,MAR1GSOPEN;EURJPY;A2;07-28 12:48;0;
2026-07-28T12:54:00.000+01:00,MAR1GSOPEN;EURJPY;A2;07-28 12:48;0;
2026-07-28T12:57:00.000+01:00,MAR1GSOPEN;EURJPY;A2;07-28 12:48;0;
2026-07-28T13:00:00.000+01:00,MAR1GSOPEN;EURJPY;A2;07-28 12:48;0;
2026-07-28T13:03:00.000+01:00,MAR1GSOPEN;EURJPY;A2;07-28 12:48;0;
2026-07-28T13:06:00.000+01:00,MAR1GSOPEN;EURJPY;A2;07-28 12:48;0;
2026-07-28T13:09:00.000+01:00,MAR1GSOPEN;EURJPY;A2;07-28 12:48;0;
2026-07-28T13:12:00.000+01:00,MAR1GSOPEN;EURJPY;A2;07-28 12:48;0;
2026-07-28T13:15:00.000+01:00,MAR1GSOPEN;EURJPY;A2;07-28 12:48;0;
2026-07-28T13:18:00.000+01:00,MAR1GSOPEN;EURJPY;A2;07-28 12:48;0;
2026-07-28T13:21:00.000+01:00,MAR1GSOPEN;EURJPY;A2;07-28 12:48;0;
2026-07-28T13:24:00.000+01:00,MAR1GSOPEN;EURJPY;A2;07-28 12:48;0;
2026-07-28T13:27:00.000+01:00,MAR1GSOPEN;EURJPY;A2;07-28 12:48;0;
2026-07-28T13:30:00.000+01:00,MAR1GSOPEN;EURJPY;A2;07-28 12:48;0;
2026-07-28T13:33:00.000+01:00,MAR1GSOPEN;EURJPY;A2;07-28 12:48;0;
2026-07-28T13:36:00.000+01:00,MAR1GSOPEN;EURJPY;A1;07-28 13:36;0;
2026-07-28T13:36:00.000+01:00,MAR1GSOPEN;EURJPY;A2;07-28 13:36;1;07-28 13:36
2026-07-28T13:36:00.000+01:00,MAR1GSOPEN;EURJPY;B1;07-28 13:36;0;
2026-07-28T13:39:00.000+01:00,MAR1GSOPEN;EURJPY;A1;07-28 13:39;1;07-28 13:39
2026-07-28T13:39:00.000+01:00,"MAR1GSOPEN;EURJPY;A2;07-28 13:36;2;07-28 13:36,07-28 13:39"
2026-07-28T13:39:00.000+01:00,MAR1GSOPEN;EURJPY;B1;07-28 13:39;1;07-28 13:39
2026-07-28T13:39:00.000+01:00,MAR1GSOPEN;EURJPY;B2;07-28 13:39;0;
2026-07-28T13:42:00.000+01:00,MAR1GSOPEN;EURJPY;A1;07-28 13:39;1;07-28 13:39
2026-07-28T13:42:00.000+01:00,"MAR1GSOPEN;EURJPY;A2;07-28 13:36;2;07-28 13:36,07-28 13:39"
2026-07-28T13:42:00.000+01:00,MAR1GSOPEN;EURJPY;B1;07-28 13:39;1;07-28 13:39
2026-07-28T13:42:00.000+01:00,MAR1GSOPEN;EURJPY;B2;07-28 13:39;0;
2026-07-28T13:45:00.000+01:00,"MAR1GSOPEN;EURJPY;A1;07-28 13:39;2;07-28 13:39,07-28 13:45"
2026-07-28T13:45:00.000+01:00,"MAR1GSOPEN;EURJPY;A2;07-28 13:36;3;07-28 13:36,07-28 13:39,07-28 13:45"
2026-07-28T13:45:00.000+01:00,"MAR1GSOPEN;EURJPY;B1;07-28 13:39;2;07-28 13:39,07-28 13:45"
2026-07-28T13:45:00.000+01:00,MAR1GSOPEN;EURJPY;B2;07-28 13:45;1;07-28 13:45
2026-07-28T13:45:00.000+01:00,MAR1GSOPEN;EURJPY;C1;07-28 13:45;1;07-28 13:45
2026-07-28T13:48:00.000+01:00,"MAR1GSOPEN;EURJPY;A1;07-28 13:39;3;07-28 13:39,07-28 13:45,07-28 13:48"
2026-07-28T13:48:00.000+01:00,"MAR1GSOPEN;EURJPY;A2;07-28 13:36;3;07-28 13:36,07-28 13:39,07-28 13:45"
2026-07-28T13:48:00.000+01:00,"MAR1GSOPEN;EURJPY;B1;07-28 13:39;2;07-28 13:39,07-28 13:45"
2026-07-28T13:48:00.000+01:00,"MAR1GSOPEN;EURJPY;B2;07-28 13:45;2;07-28 13:45,07-28 13:48"
2026-07-28T13:48:00.000+01:00,MAR1GSOPEN;EURJPY;C1;07-28 13:45;1;07-28 13:45
2026-07-28T13:48:00.000+01:00,MAR1GSOPEN;EURJPY;D1;07-28 13:48;0;
2026-07-28T13:51:00.000+01:00,"MAR1GSOPEN;EURJPY;A1;07-28 13:39;3;07-28 13:39,07-28 13:45,07-28 13:48"
2026-07-28T13:51:00.000+01:00,"MAR1GSOPEN;EURJPY;A2;07-28 13:36;3;07-28 13:36,07-28 13:39,07-28 13:45"
2026-07-28T13:51:00.000+01:00,"MAR1GSOPEN;EURJPY;B1;07-28 13:39;2;07-28 13:39,07-28 13:45"
2026-07-28T13:51:00.000+01:00,"MAR1GSOPEN;EURJPY;B2;07-28 13:45;2;07-28 13:45,07-28 13:48"
2026-07-28T13:51:00.000+01:00,MAR1GSOPEN;EURJPY;C1;07-28 13:45;1;07-28 13:45
2026-07-28T13:51:00.000+01:00,MAR1GSOPEN;EURJPY;D1;07-28 13:48;0;
2026-07-28T13:54:00.000+01:00,"MAR1GSOPEN;EURJPY;A1;07-28 13:39;3;07-28 13:39,07-28 13:45,07-28 13:48"
2026-07-28T13:54:00.000+01:00,"MAR1GSOPEN;EURJPY;A2;07-28 13:36;3;07-28 13:36,07-28 13:39,07-28 13:45"
2026-07-28T13:54:00.000+01:00,"MAR1GSOPEN;EURJPY;B1;07-28 13:39;2;07-28 13:39,07-28 13:45"
2026-07-28T13:54:00.000+01:00,"MAR1GSOPEN;EURJPY;B2;07-28 13:45;2;07-28 13:45,07-28 13:48"
2026-07-28T13:54:00.000+01:00,MAR1GSOPEN;EURJPY;C1;07-28 13:45;1;07-28 13:45
2026-07-28T13:54:00.000+01:00,MAR1GSOPEN;EURJPY;D1;07-28 13:48;0;
2026-07-28T13:57:00.000+01:00,"MAR1GSOPEN;EURJPY;A1;07-28 13:39;3;07-28 13:39,07-28 13:45,07-28 13:48"
2026-07-28T13:57:00.000+01:00,"MAR1GSOPEN;EURJPY;A2;07-28 13:36;3;07-28 13:36,07-28 13:39,07-28 13:45"
2026-07-28T13:57:00.000+01:00,"MAR1GSOPEN;EURJPY;B1;07-28 13:39;2;07-28 13:39,07-28 13:45"
2026-07-28T13:57:00.000+01:00,"MAR1GSOPEN;EURJPY;B2;07-28 13:45;2;07-28 13:45,07-28 13:48"
2026-07-28T13:57:00.000+01:00,MAR1GSOPEN;EURJPY;C1;07-28 13:45;1;07-28 13:45
2026-07-28T13:57:00.000+01:00,MAR1GSOPEN;EURJPY;D1;07-28 13:48;0;
2026-07-28T14:00:00.000+01:00,"MAR1GSOPEN;EURJPY;A1;07-28 13:39;3;07-28 13:39,07-28 13:45,07-28 13:48"
2026-07-28T14:00:00.000+01:00,"MAR1GSOPEN;EURJPY;A2;07-28 13:36;3;07-28 13:36,07-28 13:39,07-28 13:45"
2026-07-28T14:00:00.000+01:00,"MAR1GSOPEN;EURJPY;B1;07-28 13:39;2;07-28 13:39,07-28 13:45"
2026-07-28T14:00:00.000+01:00,"MAR1GSOPEN;EURJPY;B2;07-28 13:45;2;07-28 13:45,07-28 13:48"
2026-07-28T14:00:00.000+01:00,MAR1GSOPEN;EURJPY;C1;07-28 13:45;1;07-28 13:45
2026-07-28T14:00:00.000+01:00,MAR1GSOPEN;EURJPY;D1;07-28 13:48;0;
2026-07-28T14:03:00.000+01:00,"MAR1GSOPEN;EURJPY;A1;07-28 13:39;3;07-28 13:39,07-28 13:45,07-28 13:48"
2026-07-28T14:03:00.000+01:00,"MAR1GSOPEN;EURJPY;A2;07-28 13:36;3;07-28 13:36,07-28 13:39,07-28 13:45"
2026-07-28T14:03:00.000+01:00,"MAR1GSOPEN;EURJPY;B1;07-28 13:39;2;07-28 13:39,07-28 13:45"
2026-07-28T14:03:00.000+01:00,"MAR1GSOPEN;EURJPY;B2;07-28 13:45;2;07-28 13:45,07-28 13:48"
2026-07-28T14:03:00.000+01:00,MAR1GSOPEN;EURJPY;C1;07-28 13:45;1;07-28 13:45
2026-07-28T14:03:00.000+01:00,MAR1GSOPEN;EURJPY;D1;07-28 13:48;0;
2026-07-28T14:06:00.000+01:00,"MAR1GSOPEN;EURJPY;A1;07-28 13:39;3;07-28 13:39,07-28 13:45,07-28 13:48"
2026-07-28T14:06:00.000+01:00,"MAR1GSOPEN;EURJPY;A2;07-28 13:36;3;07-28 13:36,07-28 13:39,07-28 13:45"
2026-07-28T14:06:00.000+01:00,"MAR1GSOPEN;EURJPY;B1;07-28 13:39;2;07-28 13:39,07-28 13:45"
2026-07-28T14:06:00.000+01:00,"MAR1GSOPEN;EURJPY;B2;07-28 13:45;2;07-28 13:45,07-28 13:48"
2026-07-28T14:06:00.000+01:00,MAR1GSOPEN;EURJPY;C1;07-28 13:45;1;07-28 13:45
2026-07-28T14:06:00.000+01:00,MAR1GSOPEN;EURJPY;D1;07-28 13:48;0;
2026-07-28T14:09:00.000+01:00,"MAR1GSOPEN;EURJPY;A1;07-28 13:39;3;07-28 13:39,07-28 13:45,07-28 13:48"
2026-07-28T14:09:00.000+01:00,"MAR1GSOPEN;EURJPY;A2;07-28 13:36;3;07-28 13:36,07-28 13:39,07-28 13:45"
2026-07-28T14:09:00.000+01:00,"MAR1GSOPEN;EURJPY;B1;07-28 13:39;2;07-28 13:39,07-28 13:45"
2026-07-28T14:09:00.000+01:00,"MAR1GSOPEN;EURJPY;B2;07-28 13:45;2;07-28 13:45,07-28 13:48"
2026-07-28T14:09:00.000+01:00,MAR1GSOPEN;EURJPY;C1;07-28 13:45;1;07-28 13:45
2026-07-28T14:09:00.000+01:00,MAR1GSOPEN;EURJPY;D1;07-28 13:48;0;
2026-07-28T14:12:00.000+01:00,"MAR1GSOPEN;EURJPY;A1;07-28 13:39;3;07-28 13:39,07-28 13:45,07-28 13:48"
2026-07-28T14:12:00.000+01:00,"MAR1GSOPEN;EURJPY;A2;07-28 13:36;3;07-28 13:36,07-28 13:39,07-28 13:45"
2026-07-28T14:12:00.000+01:00,"MAR1GSOPEN;EURJPY;B1;07-28 13:39;2;07-28 13:39,07-28 13:45"
2026-07-28T14:12:00.000+01:00,"MAR1GSOPEN;EURJPY;B2;07-28 13:45;2;07-28 13:45,07-28 13:48"
2026-07-28T14:12:00.000+01:00,MAR1GSOPEN;EURJPY;C1;07-28 13:45;1;07-28 13:45
2026-07-28T14:12:00.000+01:00,MAR1GSOPEN;EURJPY;D1;07-28 13:48;0;
2026-07-28T14:15:00.000+01:00,"MAR1GSOPEN;EURJPY;A1;07-28 13:39;3;07-28 13:39,07-28 13:45,07-28 13:48"
2026-07-28T14:15:00.000+01:00,"MAR1GSOPEN;EURJPY;A2;07-28 13:36;3;07-28 13:36,07-28 13:39,07-28 13:45"
2026-07-28T14:15:00.000+01:00,"MAR1GSOPEN;EURJPY;B1;07-28 13:39;2;07-28 13:39,07-28 13:45"
2026-07-28T14:15:00.000+01:00,"MAR1GSOPEN;EURJPY;B2;07-28 13:45;2;07-28 13:45,07-28 13:48"
2026-07-28T14:15:00.000+01:00,MAR1GSOPEN;EURJPY;C1;07-28 13:45;1;07-28 13:45
2026-07-28T14:15:00.000+01:00,MAR1GSOPEN;EURJPY;D1;07-28 13:48;0;
2026-07-28T14:18:00.000+01:00,"MAR1GSOPEN;EURJPY;A1;07-28 13:39;3;07-28 13:39,07-28 13:45,07-28 13:48"
2026-07-28T14:18:00.000+01:00,"MAR1GSOPEN;EURJPY;A2;07-28 13:36;3;07-28 13:36,07-28 13:39,07-28 13:45"
2026-07-28T14:18:00.000+01:00,"MAR1GSOPEN;EURJPY;B1;07-28 13:39;2;07-28 13:39,07-28 13:45"
2026-07-28T14:18:00.000+01:00,"MAR1GSOPEN;EURJPY;B2;07-28 13:45;2;07-28 13:45,07-28 13:48"
2026-07-28T14:18:00.000+01:00,MAR1GSOPEN;EURJPY;C1;07-28 13:45;1;07-28 13:45
2026-07-28T14:18:00.000+01:00,MAR1GSOPEN;EURJPY;D1;07-28 13:48;0;
2026-07-28T14:21:00.000+01:00,"MAR1GSOPEN;EURJPY;A1;07-28 13:39;3;07-28 13:39,07-28 13:45,07-28 13:48"
2026-07-28T14:21:00.000+01:00,"MAR1GSOPEN;EURJPY;A2;07-28 13:36;3;07-28 13:36,07-28 13:39,07-28 13:45"
2026-07-28T14:21:00.000+01:00,"MAR1GSOPEN;EURJPY;B1;07-28 13:39;2;07-28 13:39,07-28 13:45"
2026-07-28T14:21:00.000+01:00,"MAR1GSOPEN;EURJPY;B2;07-28 13:45;2;07-28 13:45,07-28 13:48"
2026-07-28T14:21:00.000+01:00,MAR1GSOPEN;EURJPY;C1;07-28 13:45;1;07-28 13:45
2026-07-28T14:21:00.000+01:00,MAR1GSOPEN;EURJPY;D1;07-28 13:48;0;
2026-07-28T14:24:00.000+01:00,"MAR1GSOPEN;EURJPY;A1;07-28 13:39;3;07-28 13:39,07-28 13:45,07-28 13:48"
2026-07-28T14:24:00.000+01:00,"MAR1GSOPEN;EURJPY;A2;07-28 13:36;3;07-28 13:36,07-28 13:39,07-28 13:45"
2026-07-28T14:24:00.000+01:00,"MAR1GSOPEN;EURJPY;B1;07-28 13:39;2;07-28 13:39,07-28 13:45"
2026-07-28T14:24:00.000+01:00,"MAR1GSOPEN;EURJPY;B2;07-28 13:45;2;07-28 13:45,07-28 13:48"
2026-07-28T14:24:00.000+01:00,MAR1GSOPEN;EURJPY;C1;07-28 13:45;1;07-28 13:45
2026-07-28T14:24:00.000+01:00,MAR1GSOPEN;EURJPY;D1;07-28 13:48;0;
2026-07-28T14:27:00.000+01:00,"MAR1GSOPEN;EURJPY;A1;07-28 13:39;3;07-28 13:39,07-28 13:45,07-28 13:48"
2026-07-28T14:27:00.000+01:00,"MAR1GSOPEN;EURJPY;A2;07-28 13:36;3;07-28 13:36,07-28 13:39,07-28 13:45"
2026-07-28T14:27:00.000+01:00,"MAR1GSOPEN;EURJPY;B1;07-28 13:39;2;07-28 13:39,07-28 13:45"
2026-07-28T14:27:00.000+01:00,"MAR1GSOPEN;EURJPY;B2;07-28 13:45;2;07-28 13:45,07-28 13:48"
2026-07-28T14:27:00.000+01:00,MAR1GSOPEN;EURJPY;C1;07-28 13:45;1;07-28 13:45
2026-07-28T14:27:00.000+01:00,MAR1GSOPEN;EURJPY;D1;07-28 13:48;0;
2026-07-28T14:30:00.000+01:00,"MAR1GSOPEN;EURJPY;A1;07-28 13:39;3;07-28 13:39,07-28 13:45,07-28 13:48"
2026-07-28T14:30:00.000+01:00,"MAR1GSOPEN;EURJPY;A2;07-28 13:36;3;07-28 13:36,07-28 13:39,07-28 13:45"
2026-07-28T14:30:00.000+01:00,"MAR1GSOPEN;EURJPY;B1;07-28 13:39;2;07-28 13:39,07-28 13:45"
2026-07-28T14:30:00.000+01:00,"MAR1GSOPEN;EURJPY;B2;07-28 13:45;2;07-28 13:45,07-28 13:48"
2026-07-28T14:30:00.000+01:00,MAR1GSOPEN;EURJPY;C1;07-28 13:45;1;07-28 13:45
2026-07-28T14:30:00.000+01:00,MAR1GSOPEN;EURJPY;D1;07-28 13:48;0;
2026-07-28T14:33:00.000+01:00,"MAR1GSOPEN;EURJPY;A1;07-28 13:39;3;07-28 13:39,07-28 13:45,07-28 13:48"
2026-07-28T14:33:00.000+01:00,"MAR1GSOPEN;EURJPY;A2;07-28 13:36;3;07-28 13:36,07-28 13:39,07-28 13:45"
2026-07-28T14:33:00.000+01:00,"MAR1GSOPEN;EURJPY;B1;07-28 13:39;2;07-28 13:39,07-28 13:45"
2026-07-28T14:33:00.000+01:00,"MAR1GSOPEN;EURJPY;B2;07-28 13:45;2;07-28 13:45,07-28 13:48"
2026-07-28T14:33:00.000+01:00,MAR1GSOPEN;EURJPY;C1;07-28 13:45;1;07-28 13:45
2026-07-28T14:33:00.000+01:00,MAR1GSOPEN;EURJPY;D1;07-28 13:48;0;
2026-07-28T14:36:00.000+01:00,"MAR1GSOPEN;EURJPY;A1;07-28 13:39;3;07-28 13:39,07-28 13:45,07-28 13:48"
2026-07-28T14:36:00.000+01:00,"MAR1GSOPEN;EURJPY;A2;07-28 13:36;3;07-28 13:36,07-28 13:39,07-28 13:45"
2026-07-28T14:36:00.000+01:00,"MAR1GSOPEN;EURJPY;B1;07-28 13:39;2;07-28 13:39,07-28 13:45"
2026-07-28T14:36:00.000+01:00,"MAR1GSOPEN;EURJPY;B2;07-28 13:45;2;07-28 13:45,07-28 13:48"
2026-07-28T14:36:00.000+01:00,MAR1GSOPEN;EURJPY;C1;07-28 13:45;1;07-28 13:45
2026-07-28T14:36:00.000+01:00,MAR1GSOPEN;EURJPY;D1;07-28 13:48;0;
2026-07-28T14:39:00.000+01:00,"MAR1GSOPEN;EURJPY;A1;07-28 13:39;3;07-28 13:39,07-28 13:45,07-28 13:48"
2026-07-28T14:39:00.000+01:00,"MAR1GSOPEN;EURJPY;A2;07-28 13:36;3;07-28 13:36,07-28 13:39,07-28 13:45"
2026-07-28T14:39:00.000+01:00,"MAR1GSOPEN;EURJPY;B1;07-28 13:39;2;07-28 13:39,07-28 13:45"
2026-07-28T14:39:00.000+01:00,"MAR1GSOPEN;EURJPY;B2;07-28 13:45;2;07-28 13:45,07-28 13:48"
2026-07-28T14:39:00.000+01:00,MAR1GSOPEN;EURJPY;C1;07-28 13:45;1;07-28 13:45
2026-07-28T14:39:00.000+01:00,MAR1GSOPEN;EURJPY;D1;07-28 13:48;0;
2026-07-28T14:42:00.000+01:00,"MAR1GSOPEN;EURJPY;A1;07-28 13:39;3;07-28 13:39,07-28 13:45,07-28 13:48"
2026-07-28T14:42:00.000+01:00,"MAR1GSOPEN;EURJPY;A2;07-28 13:36;3;07-28 13:36,07-28 13:39,07-28 13:45"
2026-07-28T14:42:00.000+01:00,"MAR1GSOPEN;EURJPY;B1;07-28 13:39;2;07-28 13:39,07-28 13:45"
2026-07-28T14:42:00.000+01:00,"MAR1GSOPEN;EURJPY;B2;07-28 13:45;2;07-28 13:45,07-28 13:48"
2026-07-28T14:42:00.000+01:00,MAR1GSOPEN;EURJPY;C1;07-28 13:45;1;07-28 13:45
2026-07-28T14:42:00.000+01:00,MAR1GSOPEN;EURJPY;D1;07-28 13:48;0;
2026-07-28T14:45:00.000+01:00,"MAR1GSOPEN;EURJPY;A1;07-28 13:39;3;07-28 13:39,07-28 13:45,07-28 13:48"
2026-07-28T14:45:00.000+01:00,"MAR1GSOPEN;EURJPY;A2;07-28 13:36;3;07-28 13:36,07-28 13:39,07-28 13:45"
2026-07-28T14:45:00.000+01:00,"MAR1GSOPEN;EURJPY;B1;07-28 13:39;2;07-28 13:39,07-28 13:45"
2026-07-28T14:45:00.000+01:00,"MAR1GSOPEN;EURJPY;B2;07-28 13:45;2;07-28 13:45,07-28 13:48"
2026-07-28T14:45:00.000+01:00,MAR1GSOPEN;EURJPY;C1;07-28 13:45;1;07-28 13:45
2026-07-28T14:45:00.000+01:00,MAR1GSOPEN;EURJPY;D1;07-28 13:48;0;
2026-07-28T14:48:00.000+01:00,"MAR1GSOPEN;EURJPY;A1;07-28 13:39;3;07-28 13:39,07-28 13:45,07-28 13:48"
2026-07-28T14:48:00.000+01:00,"MAR1GSOPEN;EURJPY;A2;07-28 13:36;3;07-28 13:36,07-28 13:39,07-28 13:45"
2026-07-28T14:48:00.000+01:00,"MAR1GSOPEN;EURJPY;B1;07-28 13:39;2;07-28 13:39,07-28 13:45"
2026-07-28T14:48:00.000+01:00,"MAR1GSOPEN;EURJPY;B2;07-28 13:45;2;07-28 13:45,07-28 13:48"
2026-07-28T14:48:00.000+01:00,MAR1GSOPEN;EURJPY;C1;07-28 13:45;1;07-28 13:45
2026-07-28T14:48:00.000+01:00,MAR1GSOPEN;EURJPY;D1;07-28 13:48;0;
2026-07-28T14:51:00.000+01:00,"MAR1GSOPEN;EURJPY;A1;07-28 13:39;3;07-28 13:39,07-28 13:45,07-28 13:48"
2026-07-28T14:51:00.000+01:00,"MAR1GSOPEN;EURJPY;A2;07-28 13:36;3;07-28 13:36,07-28 13:39,07-28 13:45"
2026-07-28T14:51:00.000+01:00,"MAR1GSOPEN;EURJPY;B1;07-28 13:39;2;07-28 13:39,07-28 13:45"
2026-07-28T14:51:00.000+01:00,"MAR1GSOPEN;EURJPY;B2;07-28 13:45;2;07-28 13:45,07-28 13:48"
2026-07-28T14:51:00.000+01:00,MAR1GSOPEN;EURJPY;C1;07-28 13:45;1;07-28 13:45
2026-07-28T14:51:00.000+01:00,MAR1GSOPEN;EURJPY;D1;07-28 13:48;0;
2026-07-28T14:54:00.000+01:00,"MAR1GSOPEN;EURJPY;A1;07-28 13:39;3;07-28 13:39,07-28 13:45,07-28 13:48"
2026-07-28T14:54:00.000+01:00,"MAR1GSOPEN;EURJPY;A2;07-28 13:36;3;07-28 13:36,07-28 13:39,07-28 13:45"
2026-07-28T14:54:00.000+01:00,"MAR1GSOPEN;EURJPY;B1;07-28 13:39;2;07-28 13:39,07-28 13:45"
2026-07-28T14:54:00.000+01:00,"MAR1GSOPEN;EURJPY;B2;07-28 13:45;2;07-28 13:45,07-28 13:48"
2026-07-28T14:54:00.000+01:00,MAR1GSOPEN;EURJPY;C1;07-28 13:45;1;07-28 13:45
2026-07-28T14:54:00.000+01:00,MAR1GSOPEN;EURJPY;D1;07-28 13:48;0;
2026-07-28T14:57:00.000+01:00,"MAR1GSOPEN;EURJPY;A1;07-28 13:39;3;07-28 13:39,07-28 13:45,07-28 13:48"
2026-07-28T14:57:00.000+01:00,"MAR1GSOPEN;EURJPY;A2;07-28 13:36;3;07-28 13:36,07-28 13:39,07-28 13:45"
2026-07-28T14:57:00.000+01:00,"MAR1GSOPEN;EURJPY;B1;07-28 13:39;2;07-28 13:39,07-28 13:45"
2026-07-28T14:57:00.000+01:00,"MAR1GSOPEN;EURJPY;B2;07-28 13:45;2;07-28 13:45,07-28 13:48"
2026-07-28T14:57:00.000+01:00,MAR1GSOPEN;EURJPY;C1;07-28 13:45;1;07-28 13:45
2026-07-28T14:57:00.000+01:00,MAR1GSOPEN;EURJPY;D1;07-28 13:48;0;
2026-07-28T15:00:00.000+01:00,"MAR1GSCLOSE;EURJPY;A1;07-28 13:39;07-28 15:03;4;long;07-28 13:39,07-28 13:45,07-28 13:48,07-28 15:00"
2026-07-28T15:00:00.000+01:00,"MAR1GSCLOSE;EURJPY;A2;07-28 13:36;07-28 15:03;4;long;07-28 13:36,07-28 13:39,07-28 13:45,07-28 15:00"
2026-07-28T15:00:00.000+01:00,"MAR1GSCLOSE;EURJPY;B1;07-28 13:39;07-28 15:03;3;long;07-28 13:39,07-28 13:45,07-28 15:00"
2026-07-28T15:00:00.000+01:00,"MAR1GSCLOSE;EURJPY;B2;07-28 13:45;07-28 15:03;3;long;07-28 13:45,07-28 13:48,07-28 15:00"
2026-07-28T15:00:00.000+01:00,"MAR1GSCLOSE;EURJPY;C1;07-28 13:45;07-28 15:03;2;long;07-28 13:45,07-28 15:00"
2026-07-28T15:00:00.000+01:00,MAR1GSCLOSE;EURJPY;D1;07-28 15:00;07-28 15:03;1;long;07-28 15:00
2026-07-30T08:03:00.000+01:00,MAR1GSOPEN;EURJPY;A1;07-30 08:03;0;
2026-07-30T08:06:00.000+01:00,MAR1GSOPEN;EURJPY;A1;07-30 08:06;1;07-30 08:06
2026-07-30T08:06:00.000+01:00,MAR1GSOPEN;EURJPY;A2;07-30 08:06;0;
2026-07-30T08:06:00.000+01:00,MAR1GSOPEN;EURJPY;B2;07-30 08:06;0;
2026-07-30T08:09:00.000+01:00,MAR1GSOPEN;EURJPY;A1;07-30 08:06;1;07-30 08:06
2026-07-30T08:09:00.000+01:00,MAR1GSOPEN;EURJPY;A2;07-30 08:06;0;
2026-07-30T08:09:00.000+01:00,MAR1GSOPEN;EURJPY;B2;07-30 08:06;0;
2026-07-30T08:12:00.000+01:00,MAR1GSOPEN;EURJPY;A1;07-30 08:06;1;07-30 08:06
2026-07-30T08:12:00.000+01:00,MAR1GSOPEN;EURJPY;A2;07-30 08:06;0;
2026-07-30T08:12:00.000+01:00,MAR1GSOPEN;EURJPY;B2;07-30 08:06;0;
2026-07-30T08:15:00.000+01:00,MAR1GSOPEN;EURJPY;A1;07-30 08:06;1;07-30 08:06
2026-07-30T08:15:00.000+01:00,MAR1GSOPEN;EURJPY;A2;07-30 08:06;0;
2026-07-30T08:15:00.000+01:00,MAR1GSOPEN;EURJPY;B2;07-30 08:06;0;
2026-07-30T08:18:00.000+01:00,MAR1GSOPEN;EURJPY;A1;07-30 08:06;1;07-30 08:06
2026-07-30T08:18:00.000+01:00,MAR1GSOPEN;EURJPY;A2;07-30 08:06;0;
2026-07-30T08:18:00.000+01:00,MAR1GSOPEN;EURJPY;B2;07-30 08:06;0;
2026-07-30T08:21:00.000+01:00,MAR1GSOPEN;EURJPY;A1;07-30 08:06;1;07-30 08:06
2026-07-30T08:21:00.000+01:00,MAR1GSOPEN;EURJPY;A2;07-30 08:06;0;
2026-07-30T08:21:00.000+01:00,MAR1GSOPEN;EURJPY;B2;07-30 08:06;0;
2026-07-30T08:24:00.000+01:00,MAR1GSOPEN;EURJPY;A1;07-30 08:06;1;07-30 08:06
2026-07-30T08:24:00.000+01:00,MAR1GSOPEN;EURJPY;A2;07-30 08:06;0;
2026-07-30T08:24:00.000+01:00,MAR1GSOPEN;EURJPY;B2;07-30 08:06;0;
2026-07-30T08:27:00.000+01:00,MAR1GSOPEN;EURJPY;A1;07-30 08:06;1;07-30 08:06
2026-07-30T08:27:00.000+01:00,MAR1GSOPEN;EURJPY;A2;07-30 08:06;0;
2026-07-30T08:27:00.000+01:00,MAR1GSOPEN;EURJPY;B2;07-30 08:06;0;
2026-07-30T08:30:00.000+01:00,MAR1GSOPEN;EURJPY;A1;07-30 08:06;1;07-30 08:06
2026-07-30T08:30:00.000+01:00,MAR1GSOPEN;EURJPY;A2;07-30 08:06;0;
2026-07-30T08:30:00.000+01:00,MAR1GSOPEN;EURJPY;B2;07-30 08:06;0;
2026-07-30T08:33:00.000+01:00,"MAR1GSOPEN;EURJPY;A1;07-30 08:06;2;07-30 08:06,07-30 08:33"
2026-07-30T08:33:00.000+01:00,MAR1GSOPEN;EURJPY;A2;07-30 08:33;1;07-30 08:33
2026-07-30T08:33:00.000+01:00,MAR1GSOPEN;EURJPY;B1;07-30 08:33;0;
2026-07-30T08:33:00.000+01:00,MAR1GSOPEN;EURJPY;B2;07-30 08:33;1;07-30 08:33
2026-07-30T08:36:00.000+01:00,"MAR1GSOPEN;EURJPY;A1;07-30 08:06;3;07-30 08:06,07-30 08:33,07-30 08:36"
2026-07-30T08:36:00.000+01:00,"MAR1GSOPEN;EURJPY;A2;07-30 08:33;2;07-30 08:33,07-30 08:36"
2026-07-30T08:36:00.000+01:00,MAR1GSOPEN;EURJPY;B1;07-30 08:36;1;07-30 08:36
2026-07-30T08:36:00.000+01:00,"MAR1GSOPEN;EURJPY;B2;07-30 08:33;2;07-30 08:33,07-30 08:36"
2026-07-30T08:36:00.000+01:00,MAR1GSOPEN;EURJPY;D1;07-30 08:36;0;
2026-07-30T08:39:00.000+01:00,"MAR1GSOPEN;EURJPY;A1;07-30 08:06;3;07-30 08:06,07-30 08:33,07-30 08:36"
2026-07-30T08:39:00.000+01:00,"MAR1GSOPEN;EURJPY;A2;07-30 08:33;3;07-30 08:33,07-30 08:36,07-30 08:39"
2026-07-30T08:39:00.000+01:00,"MAR1GSOPEN;EURJPY;B1;07-30 08:36;2;07-30 08:36,07-30 08:39"
2026-07-30T08:39:00.000+01:00,"MAR1GSOPEN;EURJPY;B2;07-30 08:33;2;07-30 08:33,07-30 08:36"
2026-07-30T08:39:00.000+01:00,MAR1GSOPEN;EURJPY;C1;07-30 08:39;0;
2026-07-30T08:39:00.000+01:00,MAR1GSOPEN;EURJPY;D1;07-30 08:36;0;
2026-07-30T08:42:00.000+01:00,"MAR1GSOPEN;EURJPY;A1;07-30 08:06;3;07-30 08:06,07-30 08:33,07-30 08:36"
2026-07-30T08:42:00.000+01:00,"MAR1GSOPEN;EURJPY;A2;07-30 08:33;3;07-30 08:33,07-30 08:36,07-30 08:39"
2026-07-30T08:42:00.000+01:00,"MAR1GSOPEN;EURJPY;B1;07-30 08:36;2;07-30 08:36,07-30 08:39"
2026-07-30T08:42:00.000+01:00,"MAR1GSOPEN;EURJPY;B2;07-30 08:33;2;07-30 08:33,07-30 08:36"
2026-07-30T08:42:00.000+01:00,MAR1GSOPEN;EURJPY;C1;07-30 08:39;0;
2026-07-30T08:42:00.000+01:00,MAR1GSOPEN;EURJPY;D1;07-30 08:36;0;
2026-07-30T08:45:00.000+01:00,"MAR1GSOPEN;EURJPY;A1;07-30 08:06;3;07-30 08:06,07-30 08:33,07-30 08:36"
2026-07-30T08:45:00.000+01:00,"MAR1GSOPEN;EURJPY;A2;07-30 08:33;3;07-30 08:33,07-30 08:36,07-30 08:39"
2026-07-30T08:45:00.000+01:00,"MAR1GSOPEN;EURJPY;B1;07-30 08:36;2;07-30 08:36,07-30 08:39"
2026-07-30T08:45:00.000+01:00,"MAR1GSOPEN;EURJPY;B2;07-30 08:33;2;07-30 08:33,07-30 08:36"
2026-07-30T08:45:00.000+01:00,MAR1GSOPEN;EURJPY;C1;07-30 08:39;0;
2026-07-30T08:45:00.000+01:00,MAR1GSOPEN;EURJPY;D1;07-30 08:36;0;
2026-07-30T08:48:00.000+01:00,"MAR1GSOPEN;EURJPY;A1;07-30 08:06;3;07-30 08:06,07-30 08:33,07-30 08:36"
2026-07-30T08:48:00.000+01:00,"MAR1GSOPEN;EURJPY;A2;07-30 08:33;3;07-30 08:33,07-30 08:36,07-30 08:39"
2026-07-30T08:48:00.000+01:00,"MAR1GSOPEN;EURJPY;B1;07-30 08:36;2;07-30 08:36,07-30 08:39"
2026-07-30T08:48:00.000+01:00,"MAR1GSOPEN;EURJPY;B2;07-30 08:33;2;07-30 08:33,07-30 08:36"
2026-07-30T08:48:00.000+01:00,MAR1GSOPEN;EURJPY;C1;07-30 08:39;0;
2026-07-30T08:48:00.000+01:00,MAR1GSOPEN;EURJPY;D1;07-30 08:36;0;
2026-07-30T08:51:00.000+01:00,"MAR1GSOPEN;EURJPY;A1;07-30 08:06;3;07-30 08:06,07-30 08:33,07-30 08:36"
2026-07-30T08:51:00.000+01:00,"MAR1GSOPEN;EURJPY;A2;07-30 08:33;3;07-30 08:33,07-30 08:36,07-30 08:39"
2026-07-30T08:51:00.000+01:00,"MAR1GSOPEN;EURJPY;B1;07-30 08:36;2;07-30 08:36,07-30 08:39"
2026-07-30T08:51:00.000+01:00,"MAR1GSOPEN;EURJPY;B2;07-30 08:33;2;07-30 08:33,07-30 08:36"
2026-07-30T08:51:00.000+01:00,MAR1GSOPEN;EURJPY;C1;07-30 08:39;0;
2026-07-30T08:51:00.000+01:00,MAR1GSOPEN;EURJPY;D1;07-30 08:36;0;
2026-07-30T08:54:00.000+01:00,"MAR1GSOPEN;EURJPY;A1;07-30 08:06;3;07-30 08:06,07-30 08:33,07-30 08:36"
2026-07-30T08:54:00.000+01:00,"MAR1GSOPEN;EURJPY;A2;07-30 08:33;3;07-30 08:33,07-30 08:36,07-30 08:39"
2026-07-30T08:54:00.000+01:00,"MAR1GSOPEN;EURJPY;B1;07-30 08:36;2;07-30 08:36,07-30 08:39"
2026-07-30T08:54:00.000+01:00,"MAR1GSOPEN;EURJPY;B2;07-30 08:33;2;07-30 08:33,07-30 08:36"
2026-07-30T08:54:00.000+01:00,MAR1GSOPEN;EURJPY;C1;07-30 08:39;0;
2026-07-30T08:54:00.000+01:00,MAR1GSOPEN;EURJPY;D1;07-30 08:36;0;
2026-07-30T08:57:00.000+01:00,"MAR1GSOPEN;EURJPY;A1;07-30 08:06;3;07-30 08:06,07-30 08:33,07-30 08:36"
2026-07-30T08:57:00.000+01:00,"MAR1GSOPEN;EURJPY;A2;07-30 08:33;3;07-30 08:33,07-30 08:36,07-30 08:39"
2026-07-30T08:57:00.000+01:00,"MAR1GSOPEN;EURJPY;B1;07-30 08:36;2;07-30 08:36,07-30 08:39"
2026-07-30T08:57:00.000+01:00,"MAR1GSOPEN;EURJPY;B2;07-30 08:33;2;07-30 08:33,07-30 08:36"
2026-07-30T08:57:00.000+01:00,MAR1GSOPEN;EURJPY;C1;07-30 08:39;0;
2026-07-30T08:57:00.000+01:00,MAR1GSOPEN;EURJPY;D1;07-30 08:36;0;
2026-07-30T09:00:00.000+01:00,"MAR1GSCLOSE;EURJPY;A1;07-30 08:06;07-30 09:03;4;long;07-30 08:06,07-30 08:33,07-30 08:36,07-30 09:00"
2026-07-30T09:00:00.000+01:00,"MAR1GSCLOSE;EURJPY;A2;07-30 08:33;07-30 09:03;4;long;07-30 08:33,07-30 08:36,07-30 08:39,07-30 09:00"
2026-07-30T09:00:00.000+01:00,"MAR1GSCLOSE;EURJPY;B1;07-30 08:36;07-30 09:03;3;long;07-30 08:36,07-30 08:39,07-30 09:00"
2026-07-30T09:00:00.000+01:00,"MAR1GSCLOSE;EURJPY;B2;07-30 08:33;07-30 09:03;3;long;07-30 08:33,07-30 08:36,07-30 09:00"
2026-07-30T09:00:00.000+01:00,MAR1GSCLOSE;EURJPY;C1;07-30 09:00;07-30 09:03;1;long;07-30 09:00
2026-07-30T09:00:00.000+01:00,MAR1GSCLOSE;EURJPY;D1;07-30 09:00;07-30 09:03;1;long;07-30 09:00
2026-07-31T10:06:00.000+01:00,MAR1GSOPEN;EURJPY;A2;07-31 10:06;0;
2026-07-31T10:09:00.000+01:00,MAR1GSOPEN;EURJPY;A2;07-31 10:06;0;
2026-07-31T10:12:00.000+01:00,MAR1GSOPEN;EURJPY;A2;07-31 10:06;0;
2026-07-31T10:15:00.000+01:00,MAR1GSOPEN;EURJPY;A2;07-31 10:06;0;
2026-07-31T10:18:00.000+01:00,MAR1GSOPEN;EURJPY;A2;07-31 10:06;0;
2026-07-31T10:21:00.000+01:00,MAR1GSOPEN;EURJPY;A2;07-31 10:06;0;
2026-07-31T10:24:00.000+01:00,MAR1GSOPEN;EURJPY;A2;07-31 10:06;0;
2026-07-31T10:27:00.000+01:00,MAR1GSOPEN;EURJPY;A2;07-31 10:06;0;
2026-07-31T10:30:00.000+01:00,MAR1GSOPEN;EURJPY;A2;07-31 10:06;0;
2026-07-31T10:33:00.000+01:00,MAR1GSCLOSE;EURJPY;A2;07-31 10:33;07-31 10:36;1;long;07-31 10:33
2026-08-04T09:00:00.000+01:00,MAR1GSOPEN;EURJPY;A2;08-04 09:00;0;
2026-08-04T09:03:00.000+01:00,MAR1GSCLOSE;EURJPY;A2;08-04 09:03;08-04 09:06;1;long;08-04 09:03
2026-08-04T11:45:00.000+01:00,MAR1GSOPEN;EURJPY;A2;08-04 11:45;0;
2026-08-04T11:48:00.000+01:00,MAR1GSOPEN;EURJPY;A2;08-04 11:45;0;
2026-08-04T11:51:00.000+01:00,MAR1GSOPEN;EURJPY;A2;08-04 11:45;0;
2026-08-04T11:54:00.000+01:00,MAR1GSOPEN;EURJPY;A2;08-04 11:45;0;
2026-08-04T11:57:00.000+01:00,MAR1GSOPEN;EURJPY;A2;08-04 11:45;0;
2026-08-04T12:00:00.000+01:00,MAR1GSOPEN;EURJPY;A2;08-04 11:45;0;
2026-08-04T12:03:00.000+01:00,MAR1GSOPEN;EURJPY;A2;08-04 11:45;0;
2026-08-04T12:06:00.000+01:00,MAR1GSOPEN;EURJPY;A2;08-04 11:45;0;
2026-08-04T12:09:00.000+01:00,MAR1GSOPEN;EURJPY;A2;08-04 11:45;0;
2026-08-04T12:12:00.000+01:00,MAR1GSOPEN;EURJPY;A2;08-04 11:45;0;
2026-08-04T12:15:00.000+01:00,MAR1GSOPEN;EURJPY;A2;08-04 11:45;0;
2026-08-04T12:18:00.000+01:00,MAR1GSOPEN;EURJPY;A2;08-04 11:45;0;
2026-08-04T12:21:00.000+01:00,MAR1GSOPEN;EURJPY;A2;08-04 11:45;0;
2026-08-04T12:24:00.000+01:00,MAR1GSCLOSE;EURJPY;A2;08-04 12:24;08-04 12:27;1;short;08-04 12:24
2026-08-04T14:45:00.000+01:00,MAR1GSOPEN;EURJPY;A2;08-04 14:45;0;
2026-08-04T14:48:00.000+01:00,MAR1GSOPEN;EURJPY;A2;08-04 14:45;0;
2026-08-04T14:51:00.000+01:00,MAR1GSOPEN;EURJPY;A2;08-04 14:45;0;
2026-08-04T14:54:00.000+01:00,MAR1GSOPEN;EURJPY;A2;08-04 14:45;0;
2026-08-04T14:57:00.000+01:00,MAR1GSOPEN;EURJPY;A2;08-04 14:45;0;
2026-08-04T15:00:00.000+01:00,MAR1GSOPEN;EURJPY;A2;08-04 14:45;0;
2026-08-04T15:03:00.000+01:00,MAR1GSOPEN;EURJPY;A2;08-04 14:45;0;
2026-08-04T15:06:00.000+01:00,MAR1GSOPEN;EURJPY;A1;08-04 15:06;0;
2026-08-04T15:06:00.000+01:00,MAR1GSOPEN;EURJPY;A2;08-04 15:06;1;08-04 15:06
2026-08-04T15:06:00.000+01:00,MAR1GSOPEN;EURJPY;B1;08-04 15:06;0;
2026-08-04T15:09:00.000+01:00,MAR1GSOPEN;EURJPY;A1;08-04 15:06;0;
2026-08-04T15:09:00.000+01:00,MAR1GSOPEN;EURJPY;A2;08-04 15:06;1;08-04 15:06
2026-08-04T15:09:00.000+01:00,MAR1GSOPEN;EURJPY;B1;08-04 15:06;0;
2026-08-04T15:12:00.000+01:00,MAR1GSOPEN;EURJPY;A1;08-04 15:06;0;
2026-08-04T15:12:00.000+01:00,MAR1GSOPEN;EURJPY;A2;08-04 15:06;1;08-04 15:06
2026-08-04T15:12:00.000+01:00,MAR1GSOPEN;EURJPY;B1;08-04 15:06;0;
2026-08-04T15:15:00.000+01:00,MAR1GSOPEN;EURJPY;A1;08-04 15:06;0;
2026-08-04T15:15:00.000+01:00,MAR1GSOPEN;EURJPY;A2;08-04 15:06;1;08-04 15:06
2026-08-04T15:15:00.000+01:00,MAR1GSOPEN;EURJPY;B1;08-04 15:06;0;
2026-08-04T15:18:00.000+01:00,MAR1GSOPEN;EURJPY;A1;08-04 15:06;0;
2026-08-04T15:18:00.000+01:00,MAR1GSOPEN;EURJPY;A2;08-04 15:06;1;08-04 15:06
2026-08-04T15:18:00.000+01:00,MAR1GSOPEN;EURJPY;B1;08-04 15:06;0;
2026-08-04T15:21:00.000+01:00,MAR1GSOPEN;EURJPY;A1;08-04 15:06;0;
2026-08-04T15:21:00.000+01:00,MAR1GSOPEN;EURJPY;A2;08-04 15:06;1;08-04 15:06
2026-08-04T15:21:00.000+01:00,MAR1GSOPEN;EURJPY;B1;08-04 15:06;0;
2026-08-04T15:24:00.000+01:00,MAR1GSOPEN;EURJPY;A1;08-04 15:06;0;
2026-08-04T15:24:00.000+01:00,MAR1GSOPEN;EURJPY;A2;08-04 15:06;1;08-04 15:06
2026-08-04T15:24:00.000+01:00,MAR1GSOPEN;EURJPY;B1;08-04 15:06;0;
2026-08-04T15:27:00.000+01:00,MAR1GSCLOSE;EURJPY;A1;08-04 15:27;08-04 15:30;1;long;08-04 15:27
2026-08-04T15:27:00.000+01:00,"MAR1GSCLOSE;EURJPY;A2;08-04 15:06;08-04 15:30;2;long;08-04 15:06,08-04 15:27"
2026-08-04T15:27:00.000+01:00,MAR1GSCLOSE;EURJPY;B1;08-04 15:27;08-04 15:30;1;long;08-04 15:27
2026-08-04T17:57:00.000+01:00,MAR1GSOPEN;EURJPY;A1;08-04 17:57;0;
2026-08-04T17:57:00.000+01:00,MAR1GSOPEN;EURJPY;A2;08-04 17:57;0;
2026-08-04T18:00:00.000+01:00,MAR1GSCLOSE;EURJPY;A1;08-04 18:00;08-04 18:03;1;long;08-04 18:00
2026-08-04T18:00:00.000+01:00,MAR1GSCLOSE;EURJPY;A2;08-04 18:00;08-04 18:03;1;long;08-04 18:00
2026-08-06T08:48:00.000+01:00,MAR1GSOPEN;EURJPY;A1;08-06 08:48;0;
2026-08-06T08:48:00.000+01:00,MAR1GSOPEN;EURJPY;A2;08-06 08:48;0;
2026-08-06T08:51:00.000+01:00,MAR1GSCLOSE;EURJPY;A1;08-06 08:51;08-06 08:54;1;long;08-06 08:51
2026-08-06T08:51:00.000+01:00,MAR1GSCLOSE;EURJPY;A2;08-06 08:51;08-06 08:54;1;long;08-06 08:51
2026-08-06T12:15:00.000+01:00,MAR1GSOPEN;EURJPY;A1;08-06 12:15;0;
2026-08-06T12:18:00.000+01:00,MAR1GSCLOSE;EURJPY;A1;08-06 12:18;08-06 12:21;1;long;08-06 12:18
2026-08-06T17:12:00.000+01:00,MAR1GSOPEN;EURJPY;A1;08-06 17:12;0;
2026-08-06T17:12:00.000+01:00,MAR1GSOPEN;EURJPY;A2;08-06 17:12;0;
2026-08-06T17:15:00.000+01:00,MAR1GSOPEN;EURJPY;A1;08-06 17:12;0;
2026-08-06T17:15:00.000+01:00,MAR1GSOPEN;EURJPY;A2;08-06 17:12;0;
2026-08-06T17:18:00.000+01:00,MAR1GSOPEN;EURJPY;A1;08-06 17:12;0;
2026-08-06T17:18:00.000+01:00,MAR1GSOPEN;EURJPY;A2;08-06 17:18;1;08-06 17:18
2026-08-06T17:18:00.000+01:00,MAR1GSOPEN;EURJPY;B1;08-06 17:18;0;
2026-08-06T17:18:00.000+01:00,MAR1GSOPEN;EURJPY;C2;08-06 17:18;0;
2026-08-06T17:21:00.000+01:00,MAR1GSOPEN;EURJPY;A1;08-06 17:12;0;
2026-08-06T17:21:00.000+01:00,MAR1GSOPEN;EURJPY;A2;08-06 17:18;1;08-06 17:18
2026-08-06T17:21:00.000+01:00,MAR1GSOPEN;EURJPY;B1;08-06 17:18;0;
2026-08-06T17:21:00.000+01:00,MAR1GSOPEN;EURJPY;C2;08-06 17:18;0;
2026-08-06T17:24:00.000+01:00,MAR1GSOPEN;EURJPY;A1;08-06 17:12;0;
2026-08-06T17:24:00.000+01:00,MAR1GSOPEN;EURJPY;A2;08-06 17:18;1;08-06 17:18
2026-08-06T17:24:00.000+01:00,MAR1GSOPEN;EURJPY;B1;08-06 17:18;0;
2026-08-06T17:24:00.000+01:00,MAR1GSOPEN;EURJPY;C2;08-06 17:18;0;
2026-08-06T17:27:00.000+01:00,MAR1GSOPEN;EURJPY;A1;08-06 17:12;0;
2026-08-06T17:27:00.000+01:00,MAR1GSOPEN;EURJPY;A2;08-06 17:18;1;08-06 17:18
2026-08-06T17:27:00.000+01:00,MAR1GSOPEN;EURJPY;B1;08-06 17:18;0;
2026-08-06T17:27:00.000+01:00,MAR1GSOPEN;EURJPY;C2;08-06 17:18;0;
2026-08-06T17:30:00.000+01:00,MAR1GSOPEN;EURJPY;A1;08-06 17:12;0;
2026-08-06T17:30:00.000+01:00,MAR1GSOPEN;EURJPY;A2;08-06 17:18;1;08-06 17:18
2026-08-06T17:30:00.000+01:00,MAR1GSOPEN;EURJPY;B1;08-06 17:18;0;
2026-08-06T17:30:00.000+01:00,MAR1GSOPEN;EURJPY;C2;08-06 17:18;0;
2026-08-06T17:33:00.000+01:00,MAR1GSOPEN;EURJPY;A1;08-06 17:12;0;
2026-08-06T17:33:00.000+01:00,MAR1GSOPEN;EURJPY;A2;08-06 17:18;1;08-06 17:18
2026-08-06T17:33:00.000+01:00,MAR1GSOPEN;EURJPY;B1;08-06 17:18;0;
2026-08-06T17:33:00.000+01:00,MAR1GSOPEN;EURJPY;C2;08-06 17:18;0;
2026-08-06T17:36:00.000+01:00,MAR1GSOPEN;EURJPY;A1;08-06 17:12;0;
2026-08-06T17:36:00.000+01:00,MAR1GSOPEN;EURJPY;A2;08-06 17:18;1;08-06 17:18
2026-08-06T17:36:00.000+01:00,MAR1GSOPEN;EURJPY;B1;08-06 17:18;0;
2026-08-06T17:36:00.000+01:00,MAR1GSOPEN;EURJPY;C2;08-06 17:18;0;
2026-08-06T17:39:00.000+01:00,MAR1GSOPEN;EURJPY;A1;08-06 17:12;0;
2026-08-06T17:39:00.000+01:00,MAR1GSOPEN;EURJPY;A2;08-06 17:18;1;08-06 17:18
2026-08-06T17:39:00.000+01:00,MAR1GSOPEN;EURJPY;B1;08-06 17:18;0;
2026-08-06T17:39:00.000+01:00,MAR1GSOPEN;EURJPY;C2;08-06 17:18;0;
2026-08-06T17:42:00.000+01:00,MAR1GSOPEN;EURJPY;A1;08-06 17:12;0;
2026-08-06T17:42:00.000+01:00,MAR1GSOPEN;EURJPY;A2;08-06 17:18;1;08-06 17:18
2026-08-06T17:42:00.000+01:00,MAR1GSOPEN;EURJPY;B1;08-06 17:18;0;
2026-08-06T17:42:00.000+01:00,MAR1GSOPEN;EURJPY;C2;08-06 17:18;0;
2026-08-06T17:45:00.000+01:00,MAR1GSOPEN;EURJPY;A1;08-06 17:12;0;
2026-08-06T17:45:00.000+01:00,MAR1GSOPEN;EURJPY;A2;08-06 17:18;1;08-06 17:18
2026-08-06T17:45:00.000+01:00,MAR1GSOPEN;EURJPY;B1;08-06 17:18;0;
2026-08-06T17:45:00.000+01:00,MAR1GSOPEN;EURJPY;C2;08-06 17:18;0;
2026-08-06T17:48:00.000+01:00,MAR1GSOPEN;EURJPY;A1;08-06 17:12;0;
2026-08-06T17:48:00.000+01:00,MAR1GSOPEN;EURJPY;A2;08-06 17:18;1;08-06 17:18
2026-08-06T17:48:00.000+01:00,MAR1GSOPEN;EURJPY;B1;08-06 17:18;0;
2026-08-06T17:48:00.000+01:00,MAR1GSOPEN;EURJPY;C2;08-06 17:18;0;
2026-08-06T17:51:00.000+01:00,MAR1GSOPEN;EURJPY;A1;08-06 17:12;0;
2026-08-06T17:51:00.000+01:00,MAR1GSOPEN;EURJPY;A2;08-06 17:18;1;08-06 17:18
2026-08-06T17:51:00.000+01:00,MAR1GSOPEN;EURJPY;B1;08-06 17:18;0;
2026-08-06T17:51:00.000+01:00,MAR1GSOPEN;EURJPY;C2;08-06 17:18;0;
2026-08-06T17:54:00.000+01:00,MAR1GSCLOSE;EURJPY;A1;08-06 17:54;08-06 17:57;1;long;08-06 17:54
2026-08-06T17:54:00.000+01:00,"MAR1GSCLOSE;EURJPY;A2;08-06 17:18;08-06 17:57;2;long;08-06 17:18,08-06 17:54"
2026-08-06T17:54:00.000+01:00,MAR1GSCLOSE;EURJPY;B1;08-06 17:54;08-06 17:57;1;long;08-06 17:54
2026-08-06T17:54:00.000+01:00,MAR1GSCLOSE;EURJPY;C2;08-06 17:54;08-06 17:57;1;long;08-06 17:54
2026-08-07T11:48:00.000+01:00,MAR1GSOPEN;EURJPY;A2;08-07 11:48;0;
2026-08-07T11:51:00.000+01:00,MAR1GSOPEN;EURJPY;A2;08-07 11:48;0;
2026-08-07T11:54:00.000+01:00,MAR1GSOPEN;EURJPY;A2;08-07 11:48;0;
2026-08-07T11:57:00.000+01:00,MAR1GSOPEN;EURJPY;A2;08-07 11:48;0;
2026-08-07T12:00:00.000+01:00,MAR1GSOPEN;EURJPY;A2;08-07 11:48;0;
2026-08-07T12:03:00.000+01:00,MAR1GSCLOSE;EURJPY;A2;08-07 12:03;08-07 12:06;1;short;08-07 12:03
2026-08-10T17:21:00.000+01:00,MAR1GSOPEN;EURJPY;A1;08-10 17:21;0;
2026-08-10T17:24:00.000+01:00,MAR1GSOPEN;EURJPY;A1;08-10 17:21;0;
2026-08-10T17:27:00.000+01:00,MAR1GSOPEN;EURJPY;A1;08-10 17:21;0;
2026-08-10T17:30:00.000+01:00,MAR1GSOPEN;EURJPY;A1;08-10 17:21;0;
2026-08-10T17:33:00.000+01:00,MAR1GSOPEN;EURJPY;A1;08-10 17:21;0;
2026-08-10T17:36:00.000+01:00,MAR1GSOPEN;EURJPY;A1;08-10 17:21;0;
2026-08-10T17:39:00.000+01:00,MAR1GSOPEN;EURJPY;A1;08-10 17:21;0;
2026-08-10T17:42:00.000+01:00,MAR1GSOPEN;EURJPY;A1;08-10 17:21;0;
2026-08-10T17:45:00.000+01:00,MAR1GSOPEN;EURJPY;A1;08-10 17:21;0;
2026-08-10T17:48:00.000+01:00,MAR1GSOPEN;EURJPY;A1;08-10 17:21;0;
2026-08-10T17:51:00.000+01:00,MAR1GSOPEN;EURJPY;A1;08-10 17:21;0;
2026-08-10T17:54:00.000+01:00,MAR1GSOPEN;EURJPY;A1;08-10 17:21;0;
2026-08-10T17:57:00.000+01:00,MAR1GSOPEN;EURJPY;A1;08-10 17:21;0;
2026-08-10T18:00:00.000+01:00,MAR1GSOPEN;EURJPY;A1;08-10 17:21;0;
2026-08-10T18:03:00.000+01:00,MAR1GSOPEN;EURJPY;A1;08-10 17:21;0;
2026-08-10T18:06:00.000+01:00,MAR1GSOPEN;EURJPY;A1;08-10 17:21;0;
2026-08-10T18:09:00.000+01:00,MAR1GSOPEN;EURJPY;A1;08-10 17:21;0;
2026-08-10T18:12:00.000+01:00,MAR1GSOPEN;EURJPY;A1;08-10 18:12;1;08-10 18:12
2026-08-10T18:12:00.000+01:00,MAR1GSOPEN;EURJPY;B2;08-10 18:12;0;
2026-08-10T18:15:00.000+01:00,"MAR1GSOPEN;EURJPY;A1;08-10 18:12;2;08-10 18:12,08-10 18:15"
2026-08-10T18:15:00.000+01:00,MAR1GSOPEN;EURJPY;A2;08-10 18:15;0;
2026-08-10T18:15:00.000+01:00,MAR1GSOPEN;EURJPY;B2;08-10 18:15;1;08-10 18:15
2026-08-10T18:18:00.000+01:00,"MAR1GSOPEN;EURJPY;A1;08-10 18:12;2;08-10 18:12,08-10 18:15"
2026-08-10T18:18:00.000+01:00,MAR1GSOPEN;EURJPY;A2;08-10 18:15;0;
2026-08-10T18:18:00.000+01:00,MAR1GSOPEN;EURJPY;B2;08-10 18:15;1;08-10 18:15
2026-08-10T18:21:00.000+01:00,"MAR1GSOPEN;EURJPY;A1;08-10 18:12;2;08-10 18:12,08-10 18:15"
2026-08-10T18:21:00.000+01:00,MAR1GSOPEN;EURJPY;A2;08-10 18:15;0;
2026-08-10T18:21:00.000+01:00,MAR1GSOPEN;EURJPY;B2;08-10 18:15;1;08-10 18:15
2026-08-10T18:24:00.000+01:00,"MAR1GSOPEN;EURJPY;A1;08-10 18:12;2;08-10 18:12,08-10 18:15"
2026-08-10T18:24:00.000+01:00,MAR1GSOPEN;EURJPY;A2;08-10 18:15;0;
2026-08-10T18:24:00.000+01:00,MAR1GSOPEN;EURJPY;B2;08-10 18:15;1;08-10 18:15
2026-08-10T18:27:00.000+01:00,"MAR1GSOPEN;EURJPY;A1;08-10 18:12;2;08-10 18:12,08-10 18:15"
2026-08-10T18:27:00.000+01:00,MAR1GSOPEN;EURJPY;A2;08-10 18:15;0;
2026-08-10T18:27:00.000+01:00,MAR1GSOPEN;EURJPY;B2;08-10 18:15;1;08-10 18:15
2026-08-10T18:30:00.000+01:00,"MAR1GSOPEN;EURJPY;A1;08-10 18:12;2;08-10 18:12,08-10 18:15"
2026-08-10T18:30:00.000+01:00,MAR1GSOPEN;EURJPY;A2;08-10 18:15;0;
2026-08-10T18:30:00.000+01:00,MAR1GSOPEN;EURJPY;B2;08-10 18:15;1;08-10 18:15
2026-08-10T18:33:00.000+01:00,"MAR1GSOPEN;EURJPY;A1;08-10 18:12;2;08-10 18:12,08-10 18:15"
2026-08-10T18:33:00.000+01:00,MAR1GSOPEN;EURJPY;A2;08-10 18:15;0;
2026-08-10T18:33:00.000+01:00,MAR1GSOPEN;EURJPY;B2;08-10 18:15;1;08-10 18:15
2026-08-10T18:36:00.000+01:00,"MAR1GSOPEN;EURJPY;A1;08-10 18:12;2;08-10 18:12,08-10 18:15"
2026-08-10T18:36:00.000+01:00,MAR1GSOPEN;EURJPY;A2;08-10 18:15;0;
2026-08-10T18:36:00.000+01:00,MAR1GSOPEN;EURJPY;B2;08-10 18:15;1;08-10 18:15
2026-08-10T18:39:00.000+01:00,"MAR1GSOPEN;EURJPY;A1;08-10 18:12;2;08-10 18:12,08-10 18:15"
2026-08-10T18:39:00.000+01:00,MAR1GSOPEN;EURJPY;A2;08-10 18:15;0;
2026-08-10T18:39:00.000+01:00,MAR1GSOPEN;EURJPY;B2;08-10 18:15;1;08-10 18:15
2026-08-10T18:42:00.000+01:00,"MAR1GSCLOSE;EURJPY;A1;08-10 18:12;08-10 18:45;3;long;08-10 18:12,08-10 18:15,08-10 18:42"
2026-08-10T18:42:00.000+01:00,MAR1GSCLOSE;EURJPY;A2;08-10 18:42;08-10 18:45;1;long;08-10 18:42
2026-08-10T18:42:00.000+01:00,"MAR1GSCLOSE;EURJPY;B2;08-10 18:15;08-10 18:45;2;long;08-10 18:15,08-10 18:42"
2026-08-11T08:15:00.000+01:00,MAR1GSOPEN;EURJPY;C2;08-11 08:15;0;
2026-08-11T08:18:00.000+01:00,MAR1GSCLOSE;EURJPY;C2;08-11 08:18;08-11 08:21;1;long;08-11 08:18
2026-08-11T15:36:00.000+01:00,MAR1GSOPEN;EURJPY;A1;08-11 15:36;0;
2026-08-11T15:36:00.000+01:00,MAR1GSOPEN;EURJPY;A2;08-11 15:36;0;
2026-08-11T15:39:00.000+01:00,MAR1GSOPEN;EURJPY;A1;08-11 15:36;0;
2026-08-11T15:39:00.000+01:00,MAR1GSOPEN;EURJPY;A2;08-11 15:36;0;
2026-08-11T15:42:00.000+01:00,MAR1GSOPEN;EURJPY;A1;08-11 15:36;0;
2026-08-11T15:42:00.000+01:00,MAR1GSOPEN;EURJPY;A2;08-11 15:36;0;
2026-08-11T15:45:00.000+01:00,MAR1GSCLOSE;EURJPY;A1;08-11 15:45;08-11 15:48;1;short;08-11 15:45
2026-08-11T15:45:00.000+01:00,MAR1GSCLOSE;EURJPY;A2;08-11 15:45;08-11 15:48;1;short;08-11 15:45
2026-08-11T16:45:00.000+01:00,MAR1GSOPEN;EURJPY;C2;08-11 16:45;0;
2026-08-11T16:48:00.000+01:00,MAR1GSCLOSE;EURJPY;C2;08-11 16:48;08-11 16:51;1;long;08-11 16:48
2026-07-27T10:24:00.000+01:00,MAR1GSOPEN;EURJPY;A1;07-27 10:24;0;
2026-07-27T10:27:00.000+01:00,MAR1GSOPEN;EURJPY;A1;07-27 10:24;0;
2026-07-27T10:30:00.000+01:00,MAR1GSOPEN;EURJPY;A1;07-27 10:24;0;
2026-07-27T10:33:00.000+01:00,MAR1GSOPEN;EURJPY;A1;07-27 10:24;0;
2026-07-27T10:36:00.000+01:00,MAR1GSOPEN;EURJPY;A1;07-27 10:24;0;
2026-07-27T10:39:00.000+01:00,MAR1GSOPEN;EURJPY;A1;07-27 10:24;0;
2026-07-27T10:42:00.000+01:00,MAR1GSOPEN;EURJPY;A1;07-27 10:24;0;
2026-07-27T10:45:00.000+01:00,MAR1GSOPEN;EURJPY;A1;07-27 10:24;0;
2026-07-27T10:48:00.000+01:00,MAR1GSOPEN;EURJPY;A1;07-27 10:24;0;
2026-07-27T10:51:00.000+01:00,MAR1GSOPEN;EURJPY;A1;07-27 10:24;0;
2026-07-27T10:54:00.000+01:00,MAR1GSOPEN;EURJPY;A1;07-27 10:24;0;
2026-07-27T10:57:00.000+01:00,MAR1GSOPEN;EURJPY;A1;07-27 10:24;0;
2026-07-27T11:00:00.000+01:00,MAR1GSOPEN;EURJPY;A1;07-27 10:24;0;
2026-07-27T11:03:00.000+01:00,MAR1GSOPEN;EURJPY;A1;07-27 10:24;0;
2026-07-27T11:06:00.000+01:00,MAR1GSOPEN;EURJPY;A1;07-27 10:24;0;
2026-07-27T11:09:00.000+01:00,MAR1GSOPEN;EURJPY;A1;07-27 10:24;0;
2026-07-27T11:12:00.000+01:00,MAR1GSOPEN;EURJPY;A1;07-27 10:24;0;
2026-07-27T11:15:00.000+01:00,MAR1GSOPEN;EURJPY;A1;07-27 10:24;0;
2026-07-27T11:18:00.000+01:00,MAR1GSOPEN;EURJPY;A1;07-27 10:24;0;
2026-07-27T11:21:00.000+01:00,MAR1GSOPEN;EURJPY;A1;07-27 10:24;0;
2026-07-27T11:24:00.000+01:00,MAR1GSOPEN;EURJPY;A1;07-27 10:24;0;
2026-07-27T11:27:00.000+01:00,MAR1GSOPEN;EURJPY;A1;07-27 10:24;0;
2026-07-27T11:30:00.000+01:00,MAR1GSOPEN;EURJPY;A1;07-27 10:24;0;
2026-07-27T11:33:00.000+01:00,MAR1GSOPEN;EURJPY;A1;07-27 10:24;0;
2026-07-27T11:36:00.000+01:00,MAR1GSOPEN;EURJPY;A1;07-27 10:24;0;
2026-07-27T11:39:00.000+01:00,MAR1GSOPEN;EURJPY;A1;07-27 10:24;0;
2026-07-27T11:42:00.000+01:00,MAR1GSOPEN;EURJPY;A1;07-27 10:24;0;
2026-07-27T11:45:00.000+01:00,MAR1GSOPEN;EURJPY;A1;07-27 10:24;0;
2026-07-27T11:48:00.000+01:00,MAR1GSCLOSE;EURJPY;A1;07-27 11:48;07-27 11:51;1;long;07-27 11:48
2026-07-28T08:27:00.000+01:00,MAR1GSOPEN;EURJPY;C1;07-28 08:27;0;
2026-07-28T08:30:00.000+01:00,MAR1GSOPEN;EURJPY;A1;07-28 08:30;0;
2026-07-28T08:30:00.000+01:00,MAR1GSOPEN;EURJPY;A2;07-28 08:30;0;
2026-07-28T08:30:00.000+01:00,MAR1GSOPEN;EURJPY;C1;07-28 08:30;1;07-28 08:30
2026-07-28T08:30:00.000+01:00,MAR1GSOPEN;EURJPY;C2;07-28 08:30;0;
2026-07-28T08:33:00.000+01:00,MAR1GSOPEN;EURJPY;A1;07-28 08:30;0;
2026-07-28T08:33:00.000+01:00,MAR1GSOPEN;EURJPY;A2;07-28 08:30;0;
2026-07-28T08:33:00.000+01:00,MAR1GSOPEN;EURJPY;C1;07-28 08:30;1;07-28 08:30
2026-07-28T08:33:00.000+01:00,MAR1GSOPEN;EURJPY;C2;07-28 08:30;0;
2026-07-28T08:36:00.000+01:00,MAR1GSOPEN;EURJPY;A1;07-28 08:30;0;
2026-07-28T08:36:00.000+01:00,MAR1GSOPEN;EURJPY;A2;07-28 08:36;1;07-28 08:36
2026-07-28T08:36:00.000+01:00,MAR1GSOPEN;EURJPY;B1;07-28 08:36;0;
2026-07-28T08:36:00.000+01:00,"MAR1GSOPEN;EURJPY;C1;07-28 08:30;2;07-28 08:30,07-28 08:36"
2026-07-28T08:36:00.000+01:00,MAR1GSOPEN;EURJPY;C2;07-28 08:30;0;
2026-07-28T08:39:00.000+01:00,MAR1GSOPEN;EURJPY;A1;07-28 08:30;0;
2026-07-28T08:39:00.000+01:00,MAR1GSOPEN;EURJPY;A2;07-28 08:36;1;07-28 08:36
2026-07-28T08:39:00.000+01:00,MAR1GSOPEN;EURJPY;B1;07-28 08:36;0;
2026-07-28T08:39:00.000+01:00,"MAR1GSOPEN;EURJPY;C1;07-28 08:30;2;07-28 08:30,07-28 08:36"
2026-07-28T08:39:00.000+01:00,MAR1GSOPEN;EURJPY;C2;07-28 08:30;0;
2026-07-28T08:42:00.000+01:00,MAR1GSOPEN;EURJPY;A1;07-28 08:30;0;
2026-07-28T08:42:00.000+01:00,MAR1GSOPEN;EURJPY;A2;07-28 08:36;1;07-28 08:36
2026-07-28T08:42:00.000+01:00,MAR1GSOPEN;EURJPY;B1;07-28 08:36;0;
2026-07-28T08:42:00.000+01:00,"MAR1GSOPEN;EURJPY;C1;07-28 08:30;2;07-28 08:30,07-28 08:36"
2026-07-28T08:42:00.000+01:00,MAR1GSOPEN;EURJPY;C2;07-28 08:30;0;
2026-07-28T08:45:00.000+01:00,MAR1GSOPEN;EURJPY;A1;07-28 08:30;0;
2026-07-28T08:45:00.000+01:00,MAR1GSOPEN;EURJPY;A2;07-28 08:36;1;07-28 08:36
2026-07-28T08:45:00.000+01:00,MAR1GSOPEN;EURJPY;B1;07-28 08:36;0;
2026-07-28T08:45:00.000+01:00,"MAR1GSOPEN;EURJPY;C1;07-28 08:30;2;07-28 08:30,07-28 08:36"
2026-07-28T08:45:00.000+01:00,MAR1GSOPEN;EURJPY;C2;07-28 08:30;0;
2026-07-28T08:48:00.000+01:00,MAR1GSOPEN;EURJPY;A1;07-28 08:30;0;
2026-07-28T08:48:00.000+01:00,MAR1GSOPEN;EURJPY;A2;07-28 08:36;1;07-28 08:36
2026-07-28T08:48:00.000+01:00,MAR1GSOPEN;EURJPY;B1;07-28 08:36;0;
2026-07-28T08:48:00.000+01:00,"MAR1GSOPEN;EURJPY;C1;07-28 08:30;2;07-28 08:30,07-28 08:36"
2026-07-28T08:48:00.000+01:00,MAR1GSOPEN;EURJPY;C2;07-28 08:30;0;
2026-07-28T08:51:00.000+01:00,MAR1GSOPEN;EURJPY;A1;07-28 08:30;0;
2026-07-28T08:51:00.000+01:00,MAR1GSOPEN;EURJPY;A2;07-28 08:36;1;07-28 08:36
2026-07-28T08:51:00.000+01:00,MAR1GSOPEN;EURJPY;B1;07-28 08:36;0;
2026-07-28T08:51:00.000+01:00,"MAR1GSOPEN;EURJPY;C1;07-28 08:30;2;07-28 08:30,07-28 08:36"
2026-07-28T08:51:00.000+01:00,MAR1GSOPEN;EURJPY;C2;07-28 08:30;0;
2026-07-28T08:54:00.000+01:00,MAR1GSOPEN;EURJPY;A1;07-28 08:30;0;
2026-07-28T08:54:00.000+01:00,MAR1GSOPEN;EURJPY;A2;07-28 08:36;1;07-28 08:36
2026-07-28T08:54:00.000+01:00,MAR1GSOPEN;EURJPY;B1;07-28 08:36;0;
2026-07-28T08:54:00.000+01:00,"MAR1GSOPEN;EURJPY;C1;07-28 08:30;2;07-28 08:30,07-28 08:36"
2026-07-28T08:54:00.000+01:00,MAR1GSOPEN;EURJPY;C2;07-28 08:30;0;
2026-07-28T08:57:00.000+01:00,MAR1GSOPEN;EURJPY;A1;07-28 08:30;0;
2026-07-28T08:57:00.000+01:00,MAR1GSOPEN;EURJPY;A2;07-28 08:36;1;07-28 08:36
2026-07-28T08:57:00.000+01:00,MAR1GSOPEN;EURJPY;B1;07-28 08:36;0;
2026-07-28T08:57:00.000+01:00,"MAR1GSOPEN;EURJPY;C1;07-28 08:30;2;07-28 08:30,07-28 08:36"
2026-07-28T08:57:00.000+01:00,MAR1GSOPEN;EURJPY;C2;07-28 08:30;0;
2026-07-28T09:00:00.000+01:00,MAR1GSOPEN;EURJPY;A1;07-28 08:30;0;
2026-07-28T09:00:00.000+01:00,MAR1GSOPEN;EURJPY;A2;07-28 08:36;1;07-28 08:36
2026-07-28T09:00:00.000+01:00,MAR1GSOPEN;EURJPY;B1;07-28 08:36;0;
2026-07-28T09:00:00.000+01:00,"MAR1GSOPEN;EURJPY;C1;07-28 08:30;2;07-28 08:30,07-28 08:36"
2026-07-28T09:00:00.000+01:00,MAR1GSOPEN;EURJPY;C2;07-28 08:30;0;
2026-07-28T09:03:00.000+01:00,MAR1GSOPEN;EURJPY;A1;07-28 08:30;0;
2026-07-28T09:03:00.000+01:00,MAR1GSOPEN;EURJPY;A2;07-28 08:36;1;07-28 08:36
2026-07-28T09:03:00.000+01:00,MAR1GSOPEN;EURJPY;B1;07-28 08:36;0;
2026-07-28T09:03:00.000+01:00,"MAR1GSOPEN;EURJPY;C1;07-28 08:30;2;07-28 08:30,07-28 08:36"
2026-07-28T09:03:00.000+01:00,MAR1GSOPEN;EURJPY;C2;07-28 08:30;0;
2026-07-28T09:06:00.000+01:00,MAR1GSOPEN;EURJPY;A1;07-28 08:30;0;
2026-07-28T09:06:00.000+01:00,MAR1GSOPEN;EURJPY;A2;07-28 08:36;1;07-28 08:36
2026-07-28T09:06:00.000+01:00,MAR1GSOPEN;EURJPY;B1;07-28 08:36;0;
2026-07-28T09:06:00.000+01:00,"MAR1GSOPEN;EURJPY;C1;07-28 08:30;2;07-28 08:30,07-28 08:36"
2026-07-28T09:06:00.000+01:00,MAR1GSOPEN;EURJPY;C2;07-28 08:30;0;
2026-07-28T09:09:00.000+01:00,MAR1GSOPEN;EURJPY;A1;07-28 08:30;0;
2026-07-28T09:09:00.000+01:00,MAR1GSOPEN;EURJPY;A2;07-28 08:36;1;07-28 08:36
2026-07-28T09:09:00.000+01:00,MAR1GSOPEN;EURJPY;B1;07-28 08:36;0;
2026-07-28T09:09:00.000+01:00,"MAR1GSOPEN;EURJPY;C1;07-28 08:30;2;07-28 08:30,07-28 08:36"
2026-07-28T09:09:00.000+01:00,MAR1GSOPEN;EURJPY;C2;07-28 08:30;0;
2026-07-28T09:12:00.000+01:00,MAR1GSOPEN;EURJPY;A1;07-28 08:30;0;
2026-07-28T09:12:00.000+01:00,MAR1GSOPEN;EURJPY;A2;07-28 08:36;1;07-28 08:36
2026-07-28T09:12:00.000+01:00,MAR1GSOPEN;EURJPY;B1;07-28 08:36;0;
2026-07-28T09:12:00.000+01:00,"MAR1GSOPEN;EURJPY;C1;07-28 08:30;2;07-28 08:30,07-28 08:36"
2026-07-28T09:12:00.000+01:00,MAR1GSOPEN;EURJPY;C2;07-28 08:30;0;
2026-07-28T09:15:00.000+01:00,MAR1GSOPEN;EURJPY;A1;07-28 08:30;0;
2026-07-28T09:15:00.000+01:00,MAR1GSOPEN;EURJPY;A2;07-28 08:36;1;07-28 08:36
2026-07-28T09:15:00.000+01:00,MAR1GSOPEN;EURJPY;B1;07-28 08:36;0;
2026-07-28T09:15:00.000+01:00,"MAR1GSOPEN;EURJPY;C1;07-28 08:30;2;07-28 08:30,07-28 08:36"
2026-07-28T09:15:00.000+01:00,MAR1GSOPEN;EURJPY;C2;07-28 08:30;0;
2026-07-28T09:18:00.000+01:00,MAR1GSOPEN;EURJPY;A1;07-28 08:30;0;
2026-07-28T09:18:00.000+01:00,MAR1GSOPEN;EURJPY;A2;07-28 08:36;1;07-28 08:36
2026-07-28T09:18:00.000+01:00,MAR1GSOPEN;EURJPY;B1;07-28 08:36;0;
2026-07-28T09:18:00.000+01:00,"MAR1GSOPEN;EURJPY;C1;07-28 08:30;2;07-28 08:30,07-28 08:36"
2026-07-28T09:18:00.000+01:00,MAR1GSOPEN;EURJPY;C2;07-28 08:30;0;
2026-07-28T09:21:00.000+01:00,MAR1GSOPEN;EURJPY;A1;07-28 08:30;0;
2026-07-28T09:21:00.000+01:00,MAR1GSOPEN;EURJPY;A2;07-28 08:36;1;07-28 08:36
2026-07-28T09:21:00.000+01:00,MAR1GSOPEN;EURJPY;B1;07-28 08:36;0;
2026-07-28T09:21:00.000+01:00,"MAR1GSOPEN;EURJPY;C1;07-28 08:30;2;07-28 08:30,07-28 08:36"
2026-07-28T09:21:00.000+01:00,MAR1GSOPEN;EURJPY;C2;07-28 08:30;0;
2026-07-28T09:24:00.000+01:00,MAR1GSOPEN;EURJPY;A1;07-28 08:30;0;
2026-07-28T09:24:00.000+01:00,MAR1GSOPEN;EURJPY;A2;07-28 08:36;1;07-28 08:36
2026-07-28T09:24:00.000+01:00,MAR1GSOPEN;EURJPY;B1;07-28 08:36;0;
2026-07-28T09:24:00.000+01:00,"MAR1GSOPEN;EURJPY;C1;07-28 08:30;2;07-28 08:30,07-28 08:36"
2026-07-28T09:24:00.000+01:00,MAR1GSOPEN;EURJPY;C2;07-28 08:30;0;
2026-07-28T09:27:00.000+01:00,MAR1GSCLOSE;EURJPY;A1;07-28 09:27;07-28 09:30;1;long;07-28 09:27
2026-07-28T09:27:00.000+01:00,"MAR1GSCLOSE;EURJPY;A2;07-28 08:36;07-28 09:30;2;long;07-28 08:36,07-28 09:27"
2026-07-28T09:27:00.000+01:00,MAR1GSCLOSE;EURJPY;B1;07-28 09:27;07-28 09:30;1;long;07-28 09:27
2026-07-28T09:27:00.000+01:00,"MAR1GSCLOSE;EURJPY;C1;07-28 08:30;07-28 09:30;3;long;07-28 08:30,07-28 08:36,07-28 09:27"
2026-07-28T09:27:00.000+01:00,MAR1GSCLOSE;EURJPY;C2;07-28 09:27;07-28 09:30;1;long;07-28 09:27
2026-07-28T12:48:00.000+01:00,MAR1GSOPEN;EURJPY;A2;07-28 12:48;0;
2026-07-28T12:51:00.000+01:00,MAR1GSOPEN;EURJPY;A2;07-28 12:48;0;
2026-07-28T12:54:00.000+01:00,MAR1GSOPEN;EURJPY;A2;07-28 12:48;0;
2026-07-28T12:57:00.000+01:00,MAR1GSOPEN;EURJPY;A2;07-28 12:48;0;
2026-07-28T13:00:00.000+01:00,MAR1GSOPEN;EURJPY;A2;07-28 12:48;0;
2026-07-28T13:03:00.000+01:00,MAR1GSOPEN;EURJPY;A2;07-28 12:48;0;
2026-07-28T13:06:00.000+01:00,MAR1GSOPEN;EURJPY;A2;07-28 12:48;0;
2026-07-28T13:09:00.000+01:00,MAR1GSOPEN;EURJPY;A2;07-28 12:48;0;
2026-07-28T13:12:00.000+01:00,MAR1GSOPEN;EURJPY;A2;07-28 12:48;0;
2026-07-28T13:15:00.000+01:00,MAR1GSOPEN;EURJPY;A2;07-28 12:48;0;
2026-07-28T13:18:00.000+01:00,MAR1GSOPEN;EURJPY;A2;07-28 12:48;0;
2026-07-28T13:21:00.000+01:00,MAR1GSOPEN;EURJPY;A2;07-28 12:48;0;
2026-07-28T13:24:00.000+01:00,MAR1GSOPEN;EURJPY;A2;07-28 12:48;0;
2026-07-28T13:27:00.000+01:00,MAR1GSOPEN;EURJPY;A2;07-28 12:48;0;
2026-07-28T13:30:00.000+01:00,MAR1GSOPEN;EURJPY;A2;07-28 12:48;0;
2026-07-28T13:33:00.000+01:00,MAR1GSOPEN;EURJPY;A2;07-28 12:48;0;
2026-07-28T13:36:00.000+01:00,MAR1GSOPEN;EURJPY;A1;07-28 13:36;0;
2026-07-28T13:36:00.000+01:00,MAR1GSOPEN;EURJPY;A2;07-28 13:36;1;07-28 13:36
2026-07-28T13:36:00.000+01:00,MAR1GSOPEN;EURJPY;B1;07-28 13:36;0;
2026-07-28T13:39:00.000+01:00,MAR1GSOPEN;EURJPY;A1;07-28 13:39;1;07-28 13:39
2026-07-28T13:39:00.000+01:00,"MAR1GSOPEN;EURJPY;A2;07-28 13:36;2;07-28 13:36,07-28 13:39"
2026-07-28T13:39:00.000+01:00,MAR1GSOPEN;EURJPY;B1;07-28 13:39;1;07-28 13:39
2026-07-28T13:39:00.000+01:00,MAR1GSOPEN;EURJPY;B2;07-28 13:39;0;
2026-07-28T13:42:00.000+01:00,MAR1GSOPEN;EURJPY;A1;07-28 13:39;1;07-28 13:39
2026-07-28T13:42:00.000+01:00,"MAR1GSOPEN;EURJPY;A2;07-28 13:36;2;07-28 13:36,07-28 13:39"
2026-07-28T13:42:00.000+01:00,MAR1GSOPEN;EURJPY;B1;07-28 13:39;1;07-28 13:39
2026-07-28T13:42:00.000+01:00,MAR1GSOPEN;EURJPY;B2;07-28 13:39;0;
2026-07-28T13:45:00.000+01:00,"MAR1GSOPEN;EURJPY;A1;07-28 13:39;2;07-28 13:39,07-28 13:45"
2026-07-28T13:45:00.000+01:00,"MAR1GSOPEN;EURJPY;A2;07-28 13:36;3;07-28 13:36,07-28 13:39,07-28 13:45"
2026-07-28T13:45:00.000+01:00,"MAR1GSOPEN;EURJPY;B1;07-28 13:39;2;07-28 13:39,07-28 13:45"
2026-07-28T13:45:00.000+01:00,MAR1GSOPEN;EURJPY;B2;07-28 13:45;1;07-28 13:45
2026-07-28T13:45:00.000+01:00,MAR1GSOPEN;EURJPY;C1;07-28 13:45;1;07-28 13:45
2026-07-28T13:48:00.000+01:00,"MAR1GSOPEN;EURJPY;A1;07-28 13:39;3;07-28 13:39,07-28 13:45,07-28 13:48"
2026-07-28T13:48:00.000+01:00,"MAR1GSOPEN;EURJPY;A2;07-28 13:36;3;07-28 13:36,07-28 13:39,07-28 13:45"
2026-07-28T13:48:00.000+01:00,"MAR1GSOPEN;EURJPY;B1;07-28 13:39;2;07-28 13:39,07-28 13:45"
2026-07-28T13:48:00.000+01:00,"MAR1GSOPEN;EURJPY;B2;07-28 13:45;2;07-28 13:45,07-28 13:48"
2026-07-28T13:48:00.000+01:00,MAR1GSOPEN;EURJPY;C1;07-28 13:45;1;07-28 13:45
2026-07-28T13:48:00.000+01:00,MAR1GSOPEN;EURJPY;D1;07-28 13:48;0;
2026-07-28T13:51:00.000+01:00,"MAR1GSOPEN;EURJPY;A1;07-28 13:39;3;07-28 13:39,07-28 13:45,07-28 13:48"
2026-07-28T13:51:00.000+01:00,"MAR1GSOPEN;EURJPY;A2;07-28 13:36;3;07-28 13:36,07-28 13:39,07-28 13:45"
2026-07-28T13:51:00.000+01:00,"MAR1GSOPEN;EURJPY;B1;07-28 13:39;2;07-28 13:39,07-28 13:45"
2026-07-28T13:51:00.000+01:00,"MAR1GSOPEN;EURJPY;B2;07-28 13:45;2;07-28 13:45,07-28 13:48"
2026-07-28T13:51:00.000+01:00,MAR1GSOPEN;EURJPY;C1;07-28 13:45;1;07-28 13:45
2026-07-28T13:51:00.000+01:00,MAR1GSOPEN;EURJPY;D1;07-28 13:48;0;
2026-07-28T13:54:00.000+01:00,"MAR1GSOPEN;EURJPY;A1;07-28 13:39;3;07-28 13:39,07-28 13:45,07-28 13:48"
2026-07-28T13:54:00.000+01:00,"MAR1GSOPEN;EURJPY;A2;07-28 13:36;3;07-28 13:36,07-28 13:39,07-28 13:45"
2026-07-28T13:54:00.000+01:00,"MAR1GSOPEN;EURJPY;B1;07-28 13:39;2;07-28 13:39,07-28 13:45"
2026-07-28T13:54:00.000+01:00,"MAR1GSOPEN;EURJPY;B2;07-28 13:45;2;07-28 13:45,07-28 13:48"
2026-07-28T13:54:00.000+01:00,MAR1GSOPEN;EURJPY;C1;07-28 13:45;1;07-28 13:45
2026-07-28T13:54:00.000+01:00,MAR1GSOPEN;EURJPY;D1;07-28 13:48;0;
2026-07-28T13:57:00.000+01:00,"MAR1GSOPEN;EURJPY;A1;07-28 13:39;3;07-28 13:39,07-28 13:45,07-28 13:48"
2026-07-28T13:57:00.000+01:00,"MAR1GSOPEN;EURJPY;A2;07-28 13:36;3;07-28 13:36,07-28 13:39,07-28 13:45"
2026-07-28T13:57:00.000+01:00,"MAR1GSOPEN;EURJPY;B1;07-28 13:39;2;07-28 13:39,07-28 13:45"
2026-07-28T13:57:00.000+01:00,"MAR1GSOPEN;EURJPY;B2;07-28 13:45;2;07-28 13:45,07-28 13:48"
2026-07-28T13:57:00.000+01:00,MAR1GSOPEN;EURJPY;C1;07-28 13:45;1;07-28 13:45
2026-07-28T13:57:00.000+01:00,MAR1GSOPEN;EURJPY;D1;07-28 13:48;0;
2026-07-28T14:00:00.000+01:00,"MAR1GSOPEN;EURJPY;A1;07-28 13:39;3;07-28 13:39,07-28 13:45,07-28 13:48"
2026-07-28T14:00:00.000+01:00,"MAR1GSOPEN;EURJPY;A2;07-28 13:36;3;07-28 13:36,07-28 13:39,07-28 13:45"
2026-07-28T14:00:00.000+01:00,"MAR1GSOPEN;EURJPY;B1;07-28 13:39;2;07-28 13:39,07-28 13:45"
2026-07-28T14:00:00.000+01:00,"MAR1GSOPEN;EURJPY;B2;07-28 13:45;2;07-28 13:45,07-28 13:48"
2026-07-28T14:00:00.000+01:00,MAR1GSOPEN;EURJPY;C1;07-28 13:45;1;07-28 13:45
2026-07-28T14:00:00.000+01:00,MAR1GSOPEN;EURJPY;D1;07-28 13:48;0;
2026-07-28T14:03:00.000+01:00,"MAR1GSOPEN;EURJPY;A1;07-28 13:39;3;07-28 13:39,07-28 13:45,07-28 13:48"
2026-07-28T14:03:00.000+01:00,"MAR1GSOPEN;EURJPY;A2;07-28 13:36;3;07-28 13:36,07-28 13:39,07-28 13:45"
2026-07-28T14:03:00.000+01:00,"MAR1GSOPEN;EURJPY;B1;07-28 13:39;2;07-28 13:39,07-28 13:45"
2026-07-28T14:03:00.000+01:00,"MAR1GSOPEN;EURJPY;B2;07-28 13:45;2;07-28 13:45,07-28 13:48"
2026-07-28T14:03:00.000+01:00,MAR1GSOPEN;EURJPY;C1;07-28 13:45;1;07-28 13:45
2026-07-28T14:03:00.000+01:00,MAR1GSOPEN;EURJPY;D1;07-28 13:48;0;
2026-07-28T14:06:00.000+01:00,"MAR1GSOPEN;EURJPY;A1;07-28 13:39;3;07-28 13:39,07-28 13:45,07-28 13:48"
2026-07-28T14:06:00.000+01:00,"MAR1GSOPEN;EURJPY;A2;07-28 13:36;3;07-28 13:36,07-28 13:39,07-28 13:45"
2026-07-28T14:06:00.000+01:00,"MAR1GSOPEN;EURJPY;B1;07-28 13:39;2;07-28 13:39,07-28 13:45"
2026-07-28T14:06:00.000+01:00,"MAR1GSOPEN;EURJPY;B2;07-28 13:45;2;07-28 13:45,07-28 13:48"
2026-07-28T14:06:00.000+01:00,MAR1GSOPEN;EURJPY;C1;07-28 13:45;1;07-28 13:45
2026-07-28T14:06:00.000+01:00,MAR1GSOPEN;EURJPY;D1;07-28 13:48;0;
2026-07-28T14:09:00.000+01:00,"MAR1GSOPEN;EURJPY;A1;07-28 13:39;3;07-28 13:39,07-28 13:45,07-28 13:48"
2026-07-28T14:09:00.000+01:00,"MAR1GSOPEN;EURJPY;A2;07-28 13:36;3;07-28 13:36,07-28 13:39,07-28 13:45"
2026-07-28T14:09:00.000+01:00,"MAR1GSOPEN;EURJPY;B1;07-28 13:39;2;07-28 13:39,07-28 13:45"
2026-07-28T14:09:00.000+01:00,"MAR1GSOPEN;EURJPY;B2;07-28 13:45;2;07-28 13:45,07-28 13:48"
2026-07-28T14:09:00.000+01:00,MAR1GSOPEN;EURJPY;C1;07-28 13:45;1;07-28 13:45
2026-07-28T14:09:00.000+01:00,MAR1GSOPEN;EURJPY;D1;07-28 13:48;0;
2026-07-28T14:12:00.000+01:00,"MAR1GSOPEN;EURJPY;A1;07-28 13:39;3;07-28 13:39,07-28 13:45,07-28 13:48"
2026-07-28T14:12:00.000+01:00,"MAR1GSOPEN;EURJPY;A2;07-28 13:36;3;07-28 13:36,07-28 13:39,07-28 13:45"
2026-07-28T14:12:00.000+01:00,"MAR1GSOPEN;EURJPY;B1;07-28 13:39;2;07-28 13:39,07-28 13:45"
2026-07-28T14:12:00.000+01:00,"MAR1GSOPEN;EURJPY;B2;07-28 13:45;2;07-28 13:45,07-28 13:48"
2026-07-28T14:12:00.000+01:00,MAR1GSOPEN;EURJPY;C1;07-28 13:45;1;07-28 13:45
2026-07-28T14:12:00.000+01:00,MAR1GSOPEN;EURJPY;D1;07-28 13:48;0;
2026-07-28T14:15:00.000+01:00,"MAR1GSOPEN;EURJPY;A1;07-28 13:39;3;07-28 13:39,07-28 13:45,07-28 13:48"
2026-07-28T14:15:00.000+01:00,"MAR1GSOPEN;EURJPY;A2;07-28 13:36;3;07-28 13:36,07-28 13:39,07-28 13:45"
2026-07-28T14:15:00.000+01:00,"MAR1GSOPEN;EURJPY;B1;07-28 13:39;2;07-28 13:39,07-28 13:45"
2026-07-28T14:15:00.000+01:00,"MAR1GSOPEN;EURJPY;B2;07-28 13:45;2;07-28 13:45,07-28 13:48"
2026-07-28T14:15:00.000+01:00,MAR1GSOPEN;EURJPY;C1;07-28 13:45;1;07-28 13:45
2026-07-28T14:15:00.000+01:00,MAR1GSOPEN;EURJPY;D1;07-28 13:48;0;
2026-07-28T14:18:00.000+01:00,"MAR1GSOPEN;EURJPY;A1;07-28 13:39;3;07-28 13:39,07-28 13:45,07-28 13:48"
2026-07-28T14:18:00.000+01:00,"MAR1GSOPEN;EURJPY;A2;07-28 13:36;3;07-28 13:36,07-28 13:39,07-28 13:45"
2026-07-28T14:18:00.000+01:00,"MAR1GSOPEN;EURJPY;B1;07-28 13:39;2;07-28 13:39,07-28 13:45"
2026-07-28T14:18:00.000+01:00,"MAR1GSOPEN;EURJPY;B2;07-28 13:45;2;07-28 13:45,07-28 13:48"
2026-07-28T14:18:00.000+01:00,MAR1GSOPEN;EURJPY;C1;07-28 13:45;1;07-28 13:45
2026-07-28T14:18:00.000+01:00,MAR1GSOPEN;EURJPY;D1;07-28 13:48;0;
2026-07-28T14:21:00.000+01:00,"MAR1GSOPEN;EURJPY;A1;07-28 13:39;3;07-28 13:39,07-28 13:45,07-28 13:48"
2026-07-28T14:21:00.000+01:00,"MAR1GSOPEN;EURJPY;A2;07-28 13:36;3;07-28 13:36,07-28 13:39,07-28 13:45"
2026-07-28T14:21:00.000+01:00,"MAR1GSOPEN;EURJPY;B1;07-28 13:39;2;07-28 13:39,07-28 13:45"
2026-07-28T14:21:00.000+01:00,"MAR1GSOPEN;EURJPY;B2;07-28 13:45;2;07-28 13:45,07-28 13:48"
2026-07-28T14:21:00.000+01:00,MAR1GSOPEN;EURJPY;C1;07-28 13:45;1;07-28 13:45
2026-07-28T14:21:00.000+01:00,MAR1GSOPEN;EURJPY;D1;07-28 13:48;0;
2026-07-28T14:24:00.000+01:00,"MAR1GSOPEN;EURJPY;A1;07-28 13:39;3;07-28 13:39,07-28 13:45,07-28 13:48"
2026-07-28T14:24:00.000+01:00,"MAR1GSOPEN;EURJPY;A2;07-28 13:36;3;07-28 13:36,07-28 13:39,07-28 13:45"
2026-07-28T14:24:00.000+01:00,"MAR1GSOPEN;EURJPY;B1;07-28 13:39;2;07-28 13:39,07-28 13:45"
2026-07-28T14:24:00.000+01:00,"MAR1GSOPEN;EURJPY;B2;07-28 13:45;2;07-28 13:45,07-28 13:48"
2026-07-28T14:24:00.000+01:00,MAR1GSOPEN;EURJPY;C1;07-28 13:45;1;07-28 13:45
2026-07-28T14:24:00.000+01:00,MAR1GSOPEN;EURJPY;D1;07-28 13:48;0;
2026-07-28T14:27:00.000+01:00,"MAR1GSOPEN;EURJPY;A1;07-28 13:39;3;07-28 13:39,07-28 13:45,07-28 13:48"
2026-07-28T14:27:00.000+01:00,"MAR1GSOPEN;EURJPY;A2;07-28 13:36;3;07-28 13:36,07-28 13:39,07-28 13:45"
2026-07-28T14:27:00.000+01:00,"MAR1GSOPEN;EURJPY;B1;07-28 13:39;2;07-28 13:39,07-28 13:45"
2026-07-28T14:27:00.000+01:00,"MAR1GSOPEN;EURJPY;B2;07-28 13:45;2;07-28 13:45,07-28 13:48"
2026-07-28T14:27:00.000+01:00,MAR1GSOPEN;EURJPY;C1;07-28 13:45;1;07-28 13:45
2026-07-28T14:27:00.000+01:00,MAR1GSOPEN;EURJPY;D1;07-28 13:48;0;
2026-07-28T14:30:00.000+01:00,"MAR1GSOPEN;EURJPY;A1;07-28 13:39;3;07-28 13:39,07-28 13:45,07-28 13:48"
2026-07-28T14:30:00.000+01:00,"MAR1GSOPEN;EURJPY;A2;07-28 13:36;3;07-28 13:36,07-28 13:39,07-28 13:45"
2026-07-28T14:30:00.000+01:00,"MAR1GSOPEN;EURJPY;B1;07-28 13:39;2;07-28 13:39,07-28 13:45"
2026-07-28T14:30:00.000+01:00,"MAR1GSOPEN;EURJPY;B2;07-28 13:45;2;07-28 13:45,07-28 13:48"
2026-07-28T14:30:00.000+01:00,MAR1GSOPEN;EURJPY;C1;07-28 13:45;1;07-28 13:45
2026-07-28T14:30:00.000+01:00,MAR1GSOPEN;EURJPY;D1;07-28 13:48;0;
2026-07-28T14:33:00.000+01:00,"MAR1GSOPEN;EURJPY;A1;07-28 13:39;3;07-28 13:39,07-28 13:45,07-28 13:48"
2026-07-28T14:33:00.000+01:00,"MAR1GSOPEN;EURJPY;A2;07-28 13:36;3;07-28 13:36,07-28 13:39,07-28 13:45"
2026-07-28T14:33:00.000+01:00,"MAR1GSOPEN;EURJPY;B1;07-28 13:39;2;07-28 13:39,07-28 13:45"
2026-07-28T14:33:00.000+01:00,"MAR1GSOPEN;EURJPY;B2;07-28 13:45;2;07-28 13:45,07-28 13:48"
2026-07-28T14:33:00.000+01:00,MAR1GSOPEN;EURJPY;C1;07-28 13:45;1;07-28 13:45
2026-07-28T14:33:00.000+01:00,MAR1GSOPEN;EURJPY;D1;07-28 13:48;0;
2026-07-28T14:36:00.000+01:00,"MAR1GSOPEN;EURJPY;A1;07-28 13:39;3;07-28 13:39,07-28 13:45,07-28 13:48"
2026-07-28T14:36:00.000+01:00,"MAR1GSOPEN;EURJPY;A2;07-28 13:36;3;07-28 13:36,07-28 13:39,07-28 13:45"
2026-07-28T14:36:00.000+01:00,"MAR1GSOPEN;EURJPY;B1;07-28 13:39;2;07-28 13:39,07-28 13:45"
2026-07-28T14:36:00.000+01:00,"MAR1GSOPEN;EURJPY;B2;07-28 13:45;2;07-28 13:45,07-28 13:48"
2026-07-28T14:36:00.000+01:00,MAR1GSOPEN;EURJPY;C1;07-28 13:45;1;07-28 13:45
2026-07-28T14:36:00.000+01:00,MAR1GSOPEN;EURJPY;D1;07-28 13:48;0;
2026-07-28T14:39:00.000+01:00,"MAR1GSOPEN;EURJPY;A1;07-28 13:39;3;07-28 13:39,07-28 13:45,07-28 13:48"
2026-07-28T14:39:00.000+01:00,"MAR1GSOPEN;EURJPY;A2;07-28 13:36;3;07-28 13:36,07-28 13:39,07-28 13:45"
2026-07-28T14:39:00.000+01:00,"MAR1GSOPEN;EURJPY;B1;07-28 13:39;2;07-28 13:39,07-28 13:45"
2026-07-28T14:39:00.000+01:00,"MAR1GSOPEN;EURJPY;B2;07-28 13:45;2;07-28 13:45,07-28 13:48"
2026-07-28T14:39:00.000+01:00,MAR1GSOPEN;EURJPY;C1;07-28 13:45;1;07-28 13:45
2026-07-28T14:39:00.000+01:00,MAR1GSOPEN;EURJPY;D1;07-28 13:48;0;
2026-07-28T14:42:00.000+01:00,"MAR1GSOPEN;EURJPY;A1;07-28 13:39;3;07-28 13:39,07-28 13:45,07-28 13:48"
2026-07-28T14:42:00.000+01:00,"MAR1GSOPEN;EURJPY;A2;07-28 13:36;3;07-28 13:36,07-28 13:39,07-28 13:45"
2026-07-28T14:42:00.000+01:00,"MAR1GSOPEN;EURJPY;B1;07-28 13:39;2;07-28 13:39,07-28 13:45"
2026-07-28T14:42:00.000+01:00,"MAR1GSOPEN;EURJPY;B2;07-28 13:45;2;07-28 13:45,07-28 13:48"
2026-07-28T14:42:00.000+01:00,MAR1GSOPEN;EURJPY;C1;07-28 13:45;1;07-28 13:45
2026-07-28T14:42:00.000+01:00,MAR1GSOPEN;EURJPY;D1;07-28 13:48;0;
2026-07-28T14:45:00.000+01:00,"MAR1GSOPEN;EURJPY;A1;07-28 13:39;3;07-28 13:39,07-28 13:45,07-28 13:48"
2026-07-28T14:45:00.000+01:00,"MAR1GSOPEN;EURJPY;A2;07-28 13:36;3;07-28 13:36,07-28 13:39,07-28 13:45"
2026-07-28T14:45:00.000+01:00,"MAR1GSOPEN;EURJPY;B1;07-28 13:39;2;07-28 13:39,07-28 13:45"
2026-07-28T14:45:00.000+01:00,"MAR1GSOPEN;EURJPY;B2;07-28 13:45;2;07-28 13:45,07-28 13:48"
2026-07-28T14:45:00.000+01:00,MAR1GSOPEN;EURJPY;C1;07-28 13:45;1;07-28 13:45
2026-07-28T14:45:00.000+01:00,MAR1GSOPEN;EURJPY;D1;07-28 13:48;0;
2026-07-28T14:48:00.000+01:00,"MAR1GSOPEN;EURJPY;A1;07-28 13:39;3;07-28 13:39,07-28 13:45,07-28 13:48"
2026-07-28T14:48:00.000+01:00,"MAR1GSOPEN;EURJPY;A2;07-28 13:36;3;07-28 13:36,07-28 13:39,07-28 13:45"
2026-07-28T14:48:00.000+01:00,"MAR1GSOPEN;EURJPY;B1;07-28 13:39;2;07-28 13:39,07-28 13:45"
2026-07-28T14:48:00.000+01:00,"MAR1GSOPEN;EURJPY;B2;07-28 13:45;2;07-28 13:45,07-28 13:48"
2026-07-28T14:48:00.000+01:00,MAR1GSOPEN;EURJPY;C1;07-28 13:45;1;07-28 13:45
2026-07-28T14:48:00.000+01:00,MAR1GSOPEN;EURJPY;D1;07-28 13:48;0;
2026-07-28T14:51:00.000+01:00,"MAR1GSOPEN;EURJPY;A1;07-28 13:39;3;07-28 13:39,07-28 13:45,07-28 13:48"
2026-07-28T14:51:00.000+01:00,"MAR1GSOPEN;EURJPY;A2;07-28 13:36;3;07-28 13:36,07-28 13:39,07-28 13:45"
2026-07-28T14:51:00.000+01:00,"MAR1GSOPEN;EURJPY;B1;07-28 13:39;2;07-28 13:39,07-28 13:45"
2026-07-28T14:51:00.000+01:00,"MAR1GSOPEN;EURJPY;B2;07-28 13:45;2;07-28 13:45,07-28 13:48"
2026-07-28T14:51:00.000+01:00,MAR1GSOPEN;EURJPY;C1;07-28 13:45;1;07-28 13:45
2026-07-28T14:51:00.000+01:00,MAR1GSOPEN;EURJPY;D1;07-28 13:48;0;
2026-07-28T14:54:00.000+01:00,"MAR1GSOPEN;EURJPY;A1;07-28 13:39;3;07-28 13:39,07-28 13:45,07-28 13:48"
2026-07-28T14:54:00.000+01:00,"MAR1GSOPEN;EURJPY;A2;07-28 13:36;3;07-28 13:36,07-28 13:39,07-28 13:45"
2026-07-28T14:54:00.000+01:00,"MAR1GSOPEN;EURJPY;B1;07-28 13:39;2;07-28 13:39,07-28 13:45"
2026-07-28T14:54:00.000+01:00,"MAR1GSOPEN;EURJPY;B2;07-28 13:45;2;07-28 13:45,07-28 13:48"
2026-07-28T14:54:00.000+01:00,MAR1GSOPEN;EURJPY;C1;07-28 13:45;1;07-28 13:45
2026-07-28T14:54:00.000+01:00,MAR1GSOPEN;EURJPY;D1;07-28 13:48;0;
2026-07-28T14:57:00.000+01:00,"MAR1GSOPEN;EURJPY;A1;07-28 13:39;3;07-28 13:39,07-28 13:45,07-28 13:48"
2026-07-28T14:57:00.000+01:00,"MAR1GSOPEN;EURJPY;A2;07-28 13:36;3;07-28 13:36,07-28 13:39,07-28 13:45"
2026-07-28T14:57:00.000+01:00,"MAR1GSOPEN;EURJPY;B1;07-28 13:39;2;07-28 13:39,07-28 13:45"
2026-07-28T14:57:00.000+01:00,"MAR1GSOPEN;EURJPY;B2;07-28 13:45;2;07-28 13:45,07-28 13:48"
2026-07-28T14:57:00.000+01:00,MAR1GSOPEN;EURJPY;C1;07-28 13:45;1;07-28 13:45
2026-07-28T14:57:00.000+01:00,MAR1GSOPEN;EURJPY;D1;07-28 13:48;0;
2026-07-28T15:00:00.000+01:00,"MAR1GSCLOSE;EURJPY;A1;07-28 13:39;07-28 15:03;4;long;07-28 13:39,07-28 13:45,07-28 13:48,07-28 15:00"
2026-07-28T15:00:00.000+01:00,"MAR1GSCLOSE;EURJPY;A2;07-28 13:36;07-28 15:03;4;long;07-28 13:36,07-28 13:39,07-28 13:45,07-28 15:00"
2026-07-28T15:00:00.000+01:00,"MAR1GSCLOSE;EURJPY;B1;07-28 13:39;07-28 15:03;3;long;07-28 13:39,07-28 13:45,07-28 15:00"
2026-07-28T15:00:00.000+01:00,"MAR1GSCLOSE;EURJPY;B2;07-28 13:45;07-28 15:03;3;long;07-28 13:45,07-28 13:48,07-28 15:00"
2026-07-28T15:00:00.000+01:00,"MAR1GSCLOSE;EURJPY;C1;07-28 13:45;07-28 15:03;2;long;07-28 13:45,07-28 15:00"
2026-07-28T15:00:00.000+01:00,MAR1GSCLOSE;EURJPY;D1;07-28 15:00;07-28 15:03;1;long;07-28 15:00
2026-07-30T08:03:00.000+01:00,MAR1GSOPEN;EURJPY;A1;07-30 08:03;0;
2026-07-30T08:06:00.000+01:00,MAR1GSOPEN;EURJPY;A1;07-30 08:06;1;07-30 08:06
2026-07-30T08:06:00.000+01:00,MAR1GSOPEN;EURJPY;A2;07-30 08:06;0;
2026-07-30T08:06:00.000+01:00,MAR1GSOPEN;EURJPY;B2;07-30 08:06;0;
2026-07-30T08:09:00.000+01:00,MAR1GSOPEN;EURJPY;A1;07-30 08:06;1;07-30 08:06
2026-07-30T08:09:00.000+01:00,MAR1GSOPEN;EURJPY;A2;07-30 08:06;0;
2026-07-30T08:09:00.000+01:00,MAR1GSOPEN;EURJPY;B2;07-30 08:06;0;
2026-07-30T08:12:00.000+01:00,MAR1GSOPEN;EURJPY;A1;07-30 08:06;1;07-30 08:06
2026-07-30T08:12:00.000+01:00,MAR1GSOPEN;EURJPY;A2;07-30 08:06;0;
2026-07-30T08:12:00.000+01:00,MAR1GSOPEN;EURJPY;B2;07-30 08:06;0;
2026-07-30T08:15:00.000+01:00,MAR1GSOPEN;EURJPY;A1;07-30 08:06;1;07-30 08:06
2026-07-30T08:15:00.000+01:00,MAR1GSOPEN;EURJPY;A2;07-30 08:06;0;
2026-07-30T08:15:00.000+01:00,MAR1GSOPEN;EURJPY;B2;07-30 08:06;0;
2026-07-30T08:18:00.000+01:00,MAR1GSOPEN;EURJPY;A1;07-30 08:06;1;07-30 08:06
2026-07-30T08:18:00.000+01:00,MAR1GSOPEN;EURJPY;A2;07-30 08:06;0;
2026-07-30T08:18:00.000+01:00,MAR1GSOPEN;EURJPY;B2;07-30 08:06;0;
2026-07-30T08:21:00.000+01:00,MAR1GSOPEN;EURJPY;A1;07-30 08:06;1;07-30 08:06
2026-07-30T08:21:00.000+01:00,MAR1GSOPEN;EURJPY;A2;07-30 08:06;0;
2026-07-30T08:21:00.000+01:00,MAR1GSOPEN;EURJPY;B2;07-30 08:06;0;
2026-07-30T08:24:00.000+01:00,MAR1GSOPEN;EURJPY;A1;07-30 08:06;1;07-30 08:06
2026-07-30T08:24:00.000+01:00,MAR1GSOPEN;EURJPY;A2;07-30 08:06;0;
2026-07-30T08:24:00.000+01:00,MAR1GSOPEN;EURJPY;B2;07-30 08:06;0;
2026-07-30T08:27:00.000+01:00,MAR1GSOPEN;EURJPY;A1;07-30 08:06;1;07-30 08:06
2026-07-30T08:27:00.000+01:00,MAR1GSOPEN;EURJPY;A2;07-30 08:06;0;
2026-07-30T08:27:00.000+01:00,MAR1GSOPEN;EURJPY;B2;07-30 08:06;0;
2026-07-30T08:30:00.000+01:00,MAR1GSOPEN;EURJPY;A1;07-30 08:06;1;07-30 08:06
2026-07-30T08:30:00.000+01:00,MAR1GSOPEN;EURJPY;A2;07-30 08:06;0;
2026-07-30T08:30:00.000+01:00,MAR1GSOPEN;EURJPY;B2;07-30 08:06;0;
2026-07-30T08:33:00.000+01:00,"MAR1GSOPEN;EURJPY;A1;07-30 08:06;2;07-30 08:06,07-30 08:33"
2026-07-30T08:33:00.000+01:00,MAR1GSOPEN;EURJPY;A2;07-30 08:33;1;07-30 08:33
2026-07-30T08:33:00.000+01:00,MAR1GSOPEN;EURJPY;B1;07-30 08:33;0;
2026-07-30T08:33:00.000+01:00,MAR1GSOPEN;EURJPY;B2;07-30 08:33;1;07-30 08:33
2026-07-30T08:36:00.000+01:00,"MAR1GSOPEN;EURJPY;A1;07-30 08:06;3;07-30 08:06,07-30 08:33,07-30 08:36"
2026-07-30T08:36:00.000+01:00,"MAR1GSOPEN;EURJPY;A2;07-30 08:33;2;07-30 08:33,07-30 08:36"
2026-07-30T08:36:00.000+01:00,MAR1GSOPEN;EURJPY;B1;07-30 08:36;1;07-30 08:36
2026-07-30T08:36:00.000+01:00,"MAR1GSOPEN;EURJPY;B2;07-30 08:33;2;07-30 08:33,07-30 08:36"
2026-07-30T08:36:00.000+01:00,MAR1GSOPEN;EURJPY;D1;07-30 08:36;0;
2026-07-30T08:39:00.000+01:00,"MAR1GSOPEN;EURJPY;A1;07-30 08:06;3;07-30 08:06,07-30 08:33,07-30 08:36"
2026-07-30T08:39:00.000+01:00,"MAR1GSOPEN;EURJPY;A2;07-30 08:33;3;07-30 08:33,07-30 08:36,07-30 08:39"
2026-07-30T08:39:00.000+01:00,"MAR1GSOPEN;EURJPY;B1;07-30 08:36;2;07-30 08:36,07-30 08:39"
2026-07-30T08:39:00.000+01:00,"MAR1GSOPEN;EURJPY;B2;07-30 08:33;2;07-30 08:33,07-30 08:36"
2026-07-30T08:39:00.000+01:00,MAR1GSOPEN;EURJPY;C1;07-30 08:39;0;
2026-07-30T08:39:00.000+01:00,MAR1GSOPEN;EURJPY;D1;07-30 08:36;0;
2026-07-30T08:42:00.000+01:00,"MAR1GSOPEN;EURJPY;A1;07-30 08:06;3;07-30 08:06,07-30 08:33,07-30 08:36"
2026-07-30T08:42:00.000+01:00,"MAR1GSOPEN;EURJPY;A2;07-30 08:33;3;07-30 08:33,07-30 08:36,07-30 08:39"
2026-07-30T08:42:00.000+01:00,"MAR1GSOPEN;EURJPY;B1;07-30 08:36;2;07-30 08:36,07-30 08:39"
2026-07-30T08:42:00.000+01:00,"MAR1GSOPEN;EURJPY;B2;07-30 08:33;2;07-30 08:33,07-30 08:36"
2026-07-30T08:42:00.000+01:00,MAR1GSOPEN;EURJPY;C1;07-30 08:39;0;
2026-07-30T08:42:00.000+01:00,MAR1GSOPEN;EURJPY;D1;07-30 08:36;0;
2026-07-30T08:45:00.000+01:00,"MAR1GSOPEN;EURJPY;A1;07-30 08:06;3;07-30 08:06,07-30 08:33,07-30 08:36"
2026-07-30T08:45:00.000+01:00,"MAR1GSOPEN;EURJPY;A2;07-30 08:33;3;07-30 08:33,07-30 08:36,07-30 08:39"
2026-07-30T08:45:00.000+01:00,"MAR1GSOPEN;EURJPY;B1;07-30 08:36;2;07-30 08:36,07-30 08:39"
2026-07-30T08:45:00.000+01:00,"MAR1GSOPEN;EURJPY;B2;07-30 08:33;2;07-30 08:33,07-30 08:36"
2026-07-30T08:45:00.000+01:00,MAR1GSOPEN;EURJPY;C1;07-30 08:39;0;
2026-07-30T08:45:00.000+01:00,MAR1GSOPEN;EURJPY;D1;07-30 08:36;0;
2026-07-30T08:48:00.000+01:00,"MAR1GSOPEN;EURJPY;A1;07-30 08:06;3;07-30 08:06,07-30 08:33,07-30 08:36"
2026-07-30T08:48:00.000+01:00,"MAR1GSOPEN;EURJPY;A2;07-30 08:33;3;07-30 08:33,07-30 08:36,07-30 08:39"
2026-07-30T08:48:00.000+01:00,"MAR1GSOPEN;EURJPY;B1;07-30 08:36;2;07-30 08:36,07-30 08:39"
2026-07-30T08:48:00.000+01:00,"MAR1GSOPEN;EURJPY;B2;07-30 08:33;2;07-30 08:33,07-30 08:36"
2026-07-30T08:48:00.000+01:00,MAR1GSOPEN;EURJPY;C1;07-30 08:39;0;
2026-07-30T08:48:00.000+01:00,MAR1GSOPEN;EURJPY;D1;07-30 08:36;0;
2026-07-30T08:51:00.000+01:00,"MAR1GSOPEN;EURJPY;A1;07-30 08:06;3;07-30 08:06,07-30 08:33,07-30 08:36"
2026-07-30T08:51:00.000+01:00,"MAR1GSOPEN;EURJPY;A2;07-30 08:33;3;07-30 08:33,07-30 08:36,07-30 08:39"
2026-07-30T08:51:00.000+01:00,"MAR1GSOPEN;EURJPY;B1;07-30 08:36;2;07-30 08:36,07-30 08:39"
2026-07-30T08:51:00.000+01:00,"MAR1GSOPEN;EURJPY;B2;07-30 08:33;2;07-30 08:33,07-30 08:36"
2026-07-30T08:51:00.000+01:00,MAR1GSOPEN;EURJPY;C1;07-30 08:39;0;
2026-07-30T08:51:00.000+01:00,MAR1GSOPEN;EURJPY;D1;07-30 08:36;0;
2026-07-30T08:54:00.000+01:00,"MAR1GSOPEN;EURJPY;A1;07-30 08:06;3;07-30 08:06,07-30 08:33,07-30 08:36"
2026-07-30T08:54:00.000+01:00,"MAR1GSOPEN;EURJPY;A2;07-30 08:33;3;07-30 08:33,07-30 08:36,07-30 08:39"
2026-07-30T08:54:00.000+01:00,"MAR1GSOPEN;EURJPY;B1;07-30 08:36;2;07-30 08:36,07-30 08:39"
2026-07-30T08:54:00.000+01:00,"MAR1GSOPEN;EURJPY;B2;07-30 08:33;2;07-30 08:33,07-30 08:36"
2026-07-30T08:54:00.000+01:00,MAR1GSOPEN;EURJPY;C1;07-30 08:39;0;
2026-07-30T08:54:00.000+01:00,MAR1GSOPEN;EURJPY;D1;07-30 08:36;0;
2026-07-30T08:57:00.000+01:00,"MAR1GSOPEN;EURJPY;A1;07-30 08:06;3;07-30 08:06,07-30 08:33,07-30 08:36"
2026-07-30T08:57:00.000+01:00,"MAR1GSOPEN;EURJPY;A2;07-30 08:33;3;07-30 08:33,07-30 08:36,07-30 08:39"
2026-07-30T08:57:00.000+01:00,"MAR1GSOPEN;EURJPY;B1;07-30 08:36;2;07-30 08:36,07-30 08:39"
2026-07-30T08:57:00.000+01:00,"MAR1GSOPEN;EURJPY;B2;07-30 08:33;2;07-30 08:33,07-30 08:36"
2026-07-30T08:57:00.000+01:00,MAR1GSOPEN;EURJPY;C1;07-30 08:39;0;
2026-07-30T08:57:00.000+01:00,MAR1GSOPEN;EURJPY;D1;07-30 08:36;0;
2026-07-30T09:00:00.000+01:00,"MAR1GSCLOSE;EURJPY;A1;07-30 08:06;07-30 09:03;4;long;07-30 08:06,07-30 08:33,07-30 08:36,07-30 09:00"
2026-07-30T09:00:00.000+01:00,"MAR1GSCLOSE;EURJPY;A2;07-30 08:33;07-30 09:03;4;long;07-30 08:33,07-30 08:36,07-30 08:39,07-30 09:00"
2026-07-30T09:00:00.000+01:00,"MAR1GSCLOSE;EURJPY;B1;07-30 08:36;07-30 09:03;3;long;07-30 08:36,07-30 08:39,07-30 09:00"
2026-07-30T09:00:00.000+01:00,"MAR1GSCLOSE;EURJPY;B2;07-30 08:33;07-30 09:03;3;long;07-30 08:33,07-30 08:36,07-30 09:00"
2026-07-30T09:00:00.000+01:00,MAR1GSCLOSE;EURJPY;C1;07-30 09:00;07-30 09:03;1;long;07-30 09:00
2026-07-30T09:00:00.000+01:00,MAR1GSCLOSE;EURJPY;D1;07-30 09:00;07-30 09:03;1;long;07-30 09:00
2026-07-31T10:06:00.000+01:00,MAR1GSOPEN;EURJPY;A2;07-31 10:06;0;
2026-07-31T10:09:00.000+01:00,MAR1GSOPEN;EURJPY;A2;07-31 10:06;0;
2026-07-31T10:12:00.000+01:00,MAR1GSOPEN;EURJPY;A2;07-31 10:06;0;
2026-07-31T10:15:00.000+01:00,MAR1GSOPEN;EURJPY;A2;07-31 10:06;0;
2026-07-31T10:18:00.000+01:00,MAR1GSOPEN;EURJPY;A2;07-31 10:06;0;
2026-07-31T10:21:00.000+01:00,MAR1GSOPEN;EURJPY;A2;07-31 10:06;0;
2026-07-31T10:24:00.000+01:00,MAR1GSOPEN;EURJPY;A2;07-31 10:06;0;
2026-07-31T10:27:00.000+01:00,MAR1GSOPEN;EURJPY;A2;07-31 10:06;0;
2026-07-31T10:30:00.000+01:00,MAR1GSOPEN;EURJPY;A2;07-31 10:06;0;
2026-07-31T10:33:00.000+01:00,MAR1GSCLOSE;EURJPY;A2;07-31 10:33;07-31 10:36;1;long;07-31 10:33
2026-08-04T09:00:00.000+01:00,MAR1GSOPEN;EURJPY;A2;08-04 09:00;0;
2026-08-04T09:03:00.000+01:00,MAR1GSCLOSE;EURJPY;A2;08-04 09:03;08-04 09:06;1;long;08-04 09:03
2026-08-04T11:45:00.000+01:00,MAR1GSOPEN;EURJPY;A2;08-04 11:45;0;
2026-08-04T11:48:00.000+01:00,MAR1GSOPEN;EURJPY;A2;08-04 11:45;0;
2026-08-04T11:51:00.000+01:00,MAR1GSOPEN;EURJPY;A2;08-04 11:45;0;
2026-08-04T11:54:00.000+01:00,MAR1GSOPEN;EURJPY;A2;08-04 11:45;0;
2026-08-04T11:57:00.000+01:00,MAR1GSOPEN;EURJPY;A2;08-04 11:45;0;
2026-08-04T12:00:00.000+01:00,MAR1GSOPEN;EURJPY;A2;08-04 11:45;0;
2026-08-04T12:03:00.000+01:00,MAR1GSOPEN;EURJPY;A2;08-04 11:45;0;
2026-08-04T12:06:00.000+01:00,MAR1GSOPEN;EURJPY;A2;08-04 11:45;0;
2026-08-04T12:09:00.000+01:00,MAR1GSOPEN;EURJPY;A2;08-04 11:45;0;
2026-08-04T12:12:00.000+01:00,MAR1GSOPEN;EURJPY;A2;08-04 11:45;0;
2026-08-04T12:15:00.000+01:00,MAR1GSOPEN;EURJPY;A2;08-04 11:45;0;
2026-08-04T12:18:00.000+01:00,MAR1GSOPEN;EURJPY;A2;08-04 11:45;0;
2026-08-04T12:21:00.000+01:00,MAR1GSOPEN;EURJPY;A2;08-04 11:45;0;
2026-08-04T12:24:00.000+01:00,MAR1GSCLOSE;EURJPY;A2;08-04 12:24;08-04 12:27;1;short;08-04 12:24
2026-08-04T14:45:00.000+01:00,MAR1GSOPEN;EURJPY;A2;08-04 14:45;0;
2026-08-04T14:48:00.000+01:00,MAR1GSOPEN;EURJPY;A2;08-04 14:45;0;
2026-08-04T14:51:00.000+01:00,MAR1GSOPEN;EURJPY;A2;08-04 14:45;0;
2026-08-04T14:54:00.000+01:00,MAR1GSOPEN;EURJPY;A2;08-04 14:45;0;
2026-08-04T14:57:00.000+01:00,MAR1GSOPEN;EURJPY;A2;08-04 14:45;0;
2026-08-04T15:00:00.000+01:00,MAR1GSOPEN;EURJPY;A2;08-04 14:45;0;
2026-08-04T15:03:00.000+01:00,MAR1GSOPEN;EURJPY;A2;08-04 14:45;0;
2026-08-04T15:06:00.000+01:00,MAR1GSOPEN;EURJPY;A1;08-04 15:06;0;
2026-08-04T15:06:00.000+01:00,MAR1GSOPEN;EURJPY;A2;08-04 15:06;1;08-04 15:06
2026-08-04T15:06:00.000+01:00,MAR1GSOPEN;EURJPY;B1;08-04 15:06;0;
2026-08-04T15:09:00.000+01:00,MAR1GSOPEN;EURJPY;A1;08-04 15:06;0;
2026-08-04T15:09:00.000+01:00,MAR1GSOPEN;EURJPY;A2;08-04 15:06;1;08-04 15:06
2026-08-04T15:09:00.000+01:00,MAR1GSOPEN;EURJPY;B1;08-04 15:06;0;
2026-08-04T15:12:00.000+01:00,MAR1GSOPEN;EURJPY;A1;08-04 15:06;0;
2026-08-04T15:12:00.000+01:00,MAR1GSOPEN;EURJPY;A2;08-04 15:06;1;08-04 15:06
2026-08-04T15:12:00.000+01:00,MAR1GSOPEN;EURJPY;B1;08-04 15:06;0;
2026-08-04T15:15:00.000+01:00,MAR1GSOPEN;EURJPY;A1;08-04 15:06;0;
2026-08-04T15:15:00.000+01:00,MAR1GSOPEN;EURJPY;A2;08-04 15:06;1;08-04 15:06
2026-08-04T15:15:00.000+01:00,MAR1GSOPEN;EURJPY;B1;08-04 15:06;0;
2026-08-04T15:18:00.000+01:00,MAR1GSOPEN;EURJPY;A1;08-04 15:06;0;
2026-08-04T15:18:00.000+01:00,MAR1GSOPEN;EURJPY;A2;08-04 15:06;1;08-04 15:06
2026-08-04T15:18:00.000+01:00,MAR1GSOPEN;EURJPY;B1;08-04 15:06;0;
2026-08-04T15:21:00.000+01:00,MAR1GSOPEN;EURJPY;A1;08-04 15:06;0;
2026-08-04T15:21:00.000+01:00,MAR1GSOPEN;EURJPY;A2;08-04 15:06;1;08-04 15:06
2026-08-04T15:21:00.000+01:00,MAR1GSOPEN;EURJPY;B1;08-04 15:06;0;
2026-08-04T15:24:00.000+01:00,MAR1GSOPEN;EURJPY;A1;08-04 15:06;0;
2026-08-04T15:24:00.000+01:00,MAR1GSOPEN;EURJPY;A2;08-04 15:06;1;08-04 15:06
2026-08-04T15:24:00.000+01:00,MAR1GSOPEN;EURJPY;B1;08-04 15:06;0;
2026-08-04T15:27:00.000+01:00,MAR1GSCLOSE;EURJPY;A1;08-04 15:27;08-04 15:30;1;long;08-04 15:27
2026-08-04T15:27:00.000+01:00,"MAR1GSCLOSE;EURJPY;A2;08-04 15:06;08-04 15:30;2;long;08-04 15:06,08-04 15:27"
2026-08-04T15:27:00.000+01:00,MAR1GSCLOSE;EURJPY;B1;08-04 15:27;08-04 15:30;1;long;08-04 15:27
2026-08-04T17:57:00.000+01:00,MAR1GSOPEN;EURJPY;A1;08-04 17:57;0;
2026-08-04T17:57:00.000+01:00,MAR1GSOPEN;EURJPY;A2;08-04 17:57;0;
2026-08-04T18:00:00.000+01:00,MAR1GSCLOSE;EURJPY;A1;08-04 18:00;08-04 18:03;1;long;08-04 18:00
2026-08-04T18:00:00.000+01:00,MAR1GSCLOSE;EURJPY;A2;08-04 18:00;08-04 18:03;1;long;08-04 18:00
2026-08-06T08:48:00.000+01:00,MAR1GSOPEN;EURJPY;A1;08-06 08:48;0;
2026-08-06T08:48:00.000+01:00,MAR1GSOPEN;EURJPY;A2;08-06 08:48;0;
2026-08-06T08:51:00.000+01:00,MAR1GSCLOSE;EURJPY;A1;08-06 08:51;08-06 08:54;1;long;08-06 08:51
2026-08-06T08:51:00.000+01:00,MAR1GSCLOSE;EURJPY;A2;08-06 08:51;08-06 08:54;1;long;08-06 08:51
2026-08-06T12:15:00.000+01:00,MAR1GSOPEN;EURJPY;A1;08-06 12:15;0;
2026-08-06T12:18:00.000+01:00,MAR1GSCLOSE;EURJPY;A1;08-06 12:18;08-06 12:21;1;long;08-06 12:18
2026-08-06T17:12:00.000+01:00,MAR1GSOPEN;EURJPY;A1;08-06 17:12;0;
2026-08-06T17:12:00.000+01:00,MAR1GSOPEN;EURJPY;A2;08-06 17:12;0;
2026-08-06T17:15:00.000+01:00,MAR1GSOPEN;EURJPY;A1;08-06 17:12;0;
2026-08-06T17:15:00.000+01:00,MAR1GSOPEN;EURJPY;A2;08-06 17:12;0;
2026-08-06T17:18:00.000+01:00,MAR1GSOPEN;EURJPY;A1;08-06 17:12;0;
2026-08-06T17:18:00.000+01:00,MAR1GSOPEN;EURJPY;A2;08-06 17:18;1;08-06 17:18
2026-08-06T17:18:00.000+01:00,MAR1GSOPEN;EURJPY;B1;08-06 17:18;0;
2026-08-06T17:18:00.000+01:00,MAR1GSOPEN;EURJPY;C2;08-06 17:18;0;
2026-08-06T17:21:00.000+01:00,MAR1GSOPEN;EURJPY;A1;08-06 17:12;0;
2026-08-06T17:21:00.000+01:00,MAR1GSOPEN;EURJPY;A2;08-06 17:18;1;08-06 17:18
2026-08-06T17:21:00.000+01:00,MAR1GSOPEN;EURJPY;B1;08-06 17:18;0;
2026-08-06T17:21:00.000+01:00,MAR1GSOPEN;EURJPY;C2;08-06 17:18;0;
2026-08-06T17:24:00.000+01:00,MAR1GSOPEN;EURJPY;A1;08-06 17:12;0;
2026-08-06T17:24:00.000+01:00,MAR1GSOPEN;EURJPY;A2;08-06 17:18;1;08-06 17:18
2026-08-06T17:24:00.000+01:00,MAR1GSOPEN;EURJPY;B1;08-06 17:18;0;
2026-08-06T17:24:00.000+01:00,MAR1GSOPEN;EURJPY;C2;08-06 17:18;0;
2026-08-06T17:27:00.000+01:00,MAR1GSOPEN;EURJPY;A1;08-06 17:12;0;
2026-08-06T17:27:00.000+01:00,MAR1GSOPEN;EURJPY;A2;08-06 17:18;1;08-06 17:18
2026-08-06T17:27:00.000+01:00,MAR1GSOPEN;EURJPY;B1;08-06 17:18;0;
2026-08-06T17:27:00.000+01:00,MAR1GSOPEN;EURJPY;C2;08-06 17:18;0;
2026-08-06T17:30:00.000+01:00,MAR1GSOPEN;EURJPY;A1;08-06 17:12;0;
2026-08-06T17:30:00.000+01:00,MAR1GSOPEN;EURJPY;A2;08-06 17:18;1;08-06 17:18
2026-08-06T17:30:00.000+01:00,MAR1GSOPEN;EURJPY;B1;08-06 17:18;0;
2026-08-06T17:30:00.000+01:00,MAR1GSOPEN;EURJPY;C2;08-06 17:18;0;
2026-08-06T17:33:00.000+01:00,MAR1GSOPEN;EURJPY;A1;08-06 17:12;0;
2026-08-06T17:33:00.000+01:00,MAR1GSOPEN;EURJPY;A2;08-06 17:18;1;08-06 17:18
2026-08-06T17:33:00.000+01:00,MAR1GSOPEN;EURJPY;B1;08-06 17:18;0;
2026-08-06T17:33:00.000+01:00,MAR1GSOPEN;EURJPY;C2;08-06 17:18;0;
2026-08-06T17:36:00.000+01:00,MAR1GSOPEN;EURJPY;A1;08-06 17:12;0;
2026-08-06T17:36:00.000+01:00,MAR1GSOPEN;EURJPY;A2;08-06 17:18;1;08-06 17:18
2026-08-06T17:36:00.000+01:00,MAR1GSOPEN;EURJPY;B1;08-06 17:18;0;
2026-08-06T17:36:00.000+01:00,MAR1GSOPEN;EURJPY;C2;08-06 17:18;0;
2026-08-06T17:39:00.000+01:00,MAR1GSOPEN;EURJPY;A1;08-06 17:12;0;
2026-08-06T17:39:00.000+01:00,MAR1GSOPEN;EURJPY;A2;08-06 17:18;1;08-06 17:18
2026-08-06T17:39:00.000+01:00,MAR1GSOPEN;EURJPY;B1;08-06 17:18;0;
2026-08-06T17:39:00.000+01:00,MAR1GSOPEN;EURJPY;C2;08-06 17:18;0;
2026-08-06T17:42:00.000+01:00,MAR1GSOPEN;EURJPY;A1;08-06 17:12;0;
2026-08-06T17:42:00.000+01:00,MAR1GSOPEN;EURJPY;A2;08-06 17:18;1;08-06 17:18
2026-08-06T17:42:00.000+01:00,MAR1GSOPEN;EURJPY;B1;08-06 17:18;0;
2026-08-06T17:42:00.000+01:00,MAR1GSOPEN;EURJPY;C2;08-06 17:18;0;
2026-08-06T17:45:00.000+01:00,MAR1GSOPEN;EURJPY;A1;08-06 17:12;0;
2026-08-06T17:45:00.000+01:00,MAR1GSOPEN;EURJPY;A2;08-06 17:18;1;08-06 17:18
2026-08-06T17:45:00.000+01:00,MAR1GSOPEN;EURJPY;B1;08-06 17:18;0;
2026-08-06T17:45:00.000+01:00,MAR1GSOPEN;EURJPY;C2;08-06 17:18;0;
2026-08-06T17:48:00.000+01:00,MAR1GSOPEN;EURJPY;A1;08-06 17:12;0;
2026-08-06T17:48:00.000+01:00,MAR1GSOPEN;EURJPY;A2;08-06 17:18;1;08-06 17:18
2026-08-06T17:48:00.000+01:00,MAR1GSOPEN;EURJPY;B1;08-06 17:18;0;
2026-08-06T17:48:00.000+01:00,MAR1GSOPEN;EURJPY;C2;08-06 17:18;0;
2026-08-06T17:51:00.000+01:00,MAR1GSOPEN;EURJPY;A1;08-06 17:12;0;
2026-08-06T17:51:00.000+01:00,MAR1GSOPEN;EURJPY;A2;08-06 17:18;1;08-06 17:18
2026-08-06T17:51:00.000+01:00,MAR1GSOPEN;EURJPY;B1;08-06 17:18;0;
2026-08-06T17:51:00.000+01:00,MAR1GSOPEN;EURJPY;C2;08-06 17:18;0;
2026-08-06T17:54:00.000+01:00,MAR1GSCLOSE;EURJPY;A1;08-06 17:54;08-06 17:57;1;long;08-06 17:54
2026-08-06T17:54:00.000+01:00,"MAR1GSCLOSE;EURJPY;A2;08-06 17:18;08-06 17:57;2;long;08-06 17:18,08-06 17:54"
2026-08-06T17:54:00.000+01:00,MAR1GSCLOSE;EURJPY;B1;08-06 17:54;08-06 17:57;1;long;08-06 17:54
2026-08-06T17:54:00.000+01:00,MAR1GSCLOSE;EURJPY;C2;08-06 17:54;08-06 17:57;1;long;08-06 17:54
2026-08-07T11:48:00.000+01:00,MAR1GSOPEN;EURJPY;A2;08-07 11:48;0;
2026-08-07T11:51:00.000+01:00,MAR1GSOPEN;EURJPY;A2;08-07 11:48;0;
2026-08-07T11:54:00.000+01:00,MAR1GSOPEN;EURJPY;A2;08-07 11:48;0;
2026-08-07T11:57:00.000+01:00,MAR1GSOPEN;EURJPY;A2;08-07 11:48;0;
2026-08-07T12:00:00.000+01:00,MAR1GSOPEN;EURJPY;A2;08-07 11:48;0;
2026-08-07T12:03:00.000+01:00,MAR1GSCLOSE;EURJPY;A2;08-07 12:03;08-07 12:06;1;short;08-07 12:03
2026-08-10T17:21:00.000+01:00,MAR1GSOPEN;EURJPY;A1;08-10 17:21;0;
2026-08-10T17:24:00.000+01:00,MAR1GSOPEN;EURJPY;A1;08-10 17:21;0;
2026-08-10T17:27:00.000+01:00,MAR1GSOPEN;EURJPY;A1;08-10 17:21;0;
2026-08-10T17:30:00.000+01:00,MAR1GSOPEN;EURJPY;A1;08-10 17:21;0;
2026-08-10T17:33:00.000+01:00,MAR1GSOPEN;EURJPY;A1;08-10 17:21;0;
2026-08-10T17:36:00.000+01:00,MAR1GSOPEN;EURJPY;A1;08-10 17:21;0;
2026-08-10T17:39:00.000+01:00,MAR1GSOPEN;EURJPY;A1;08-10 17:21;0;
2026-08-10T17:42:00.000+01:00,MAR1GSOPEN;EURJPY;A1;08-10 17:21;0;
2026-08-10T17:45:00.000+01:00,MAR1GSOPEN;EURJPY;A1;08-10 17:21;0;
2026-08-10T17:48:00.000+01:00,MAR1GSOPEN;EURJPY;A1;08-10 17:21;0;
2026-08-10T17:51:00.000+01:00,MAR1GSOPEN;EURJPY;A1;08-10 17:21;0;
2026-08-10T17:54:00.000+01:00,MAR1GSOPEN;EURJPY;A1;08-10 17:21;0;
2026-08-10T17:57:00.000+01:00,MAR1GSOPEN;EURJPY;A1;08-10 17:21;0;
2026-08-10T18:00:00.000+01:00,MAR1GSOPEN;EURJPY;A1;08-10 17:21;0;
2026-08-10T18:03:00.000+01:00,MAR1GSOPEN;EURJPY;A1;08-10 17:21;0;
2026-08-10T18:06:00.000+01:00,MAR1GSOPEN;EURJPY;A1;08-10 17:21;0;
2026-08-10T18:09:00.000+01:00,MAR1GSOPEN;EURJPY;A1;08-10 17:21;0;
2026-08-10T18:12:00.000+01:00,MAR1GSOPEN;EURJPY;A1;08-10 18:12;1;08-10 18:12
2026-08-10T18:12:00.000+01:00,MAR1GSOPEN;EURJPY;B2;08-10 18:12;0;
2026-08-10T18:15:00.000+01:00,"MAR1GSOPEN;EURJPY;A1;08-10 18:12;2;08-10 18:12,08-10 18:15"
2026-08-10T18:15:00.000+01:00,MAR1GSOPEN;EURJPY;A2;08-10 18:15;0;
2026-08-10T18:15:00.000+01:00,MAR1GSOPEN;EURJPY;B2;08-10 18:15;1;08-10 18:15
2026-08-10T18:18:00.000+01:00,"MAR1GSOPEN;EURJPY;A1;08-10 18:12;2;08-10 18:12,08-10 18:15"
2026-08-10T18:18:00.000+01:00,MAR1GSOPEN;EURJPY;A2;08-10 18:15;0;
2026-08-10T18:18:00.000+01:00,MAR1GSOPEN;EURJPY;B2;08-10 18:15;1;08-10 18:15
2026-08-10T18:21:00.000+01:00,"MAR1GSOPEN;EURJPY;A1;08-10 18:12;2;08-10 18:12,08-10 18:15"
2026-08-10T18:21:00.000+01:00,MAR1GSOPEN;EURJPY;A2;08-10 18:15;0;
2026-08-10T18:21:00.000+01:00,MAR1GSOPEN;EURJPY;B2;08-10 18:15;1;08-10 18:15
2026-08-10T18:24:00.000+01:00,"MAR1GSOPEN;EURJPY;A1;08-10 18:12;2;08-10 18:12,08-10 18:15"
2026-08-10T18:24:00.000+01:00,MAR1GSOPEN;EURJPY;A2;08-10 18:15;0;
2026-08-10T18:24:00.000+01:00,MAR1GSOPEN;EURJPY;B2;08-10 18:15;1;08-10 18:15
2026-08-10T18:27:00.000+01:00,"MAR1GSOPEN;EURJPY;A1;08-10 18:12;2;08-10 18:12,08-10 18:15"
2026-08-10T18:27:00.000+01:00,MAR1GSOPEN;EURJPY;A2;08-10 18:15;0;
2026-08-10T18:27:00.000+01:00,MAR1GSOPEN;EURJPY;B2;08-10 18:15;1;08-10 18:15
2026-08-10T18:30:00.000+01:00,"MAR1GSOPEN;EURJPY;A1;08-10 18:12;2;08-10 18:12,08-10 18:15"
2026-08-10T18:30:00.000+01:00,MAR1GSOPEN;EURJPY;A2;08-10 18:15;0;
2026-08-10T18:30:00.000+01:00,MAR1GSOPEN;EURJPY;B2;08-10 18:15;1;08-10 18:15
2026-08-10T18:33:00.000+01:00,"MAR1GSOPEN;EURJPY;A1;08-10 18:12;2;08-10 18:12,08-10 18:15"
2026-08-10T18:33:00.000+01:00,MAR1GSOPEN;EURJPY;A2;08-10 18:15;0;
2026-08-10T18:33:00.000+01:00,MAR1GSOPEN;EURJPY;B2;08-10 18:15;1;08-10 18:15
2026-08-10T18:36:00.000+01:00,"MAR1GSOPEN;EURJPY;A1;08-10 18:12;2;08-10 18:12,08-10 18:15"
2026-08-10T18:36:00.000+01:00,MAR1GSOPEN;EURJPY;A2;08-10 18:15;0;
2026-08-10T18:36:00.000+01:00,MAR1GSOPEN;EURJPY;B2;08-10 18:15;1;08-10 18:15
2026-08-10T18:39:00.000+01:00,"MAR1GSOPEN;EURJPY;A1;08-10 18:12;2;08-10 18:12,08-10 18:15"
2026-08-10T18:39:00.000+01:00,MAR1GSOPEN;EURJPY;A2;08-10 18:15;0;
2026-08-10T18:39:00.000+01:00,MAR1GSOPEN;EURJPY;B2;08-10 18:15;1;08-10 18:15
2026-08-10T18:42:00.000+01:00,"MAR1GSCLOSE;EURJPY;A1;08-10 18:12;08-10 18:45;3;long;08-10 18:12,08-10 18:15,08-10 18:42"
2026-08-10T18:42:00.000+01:00,MAR1GSCLOSE;EURJPY;A2;08-10 18:42;08-10 18:45;1;long;08-10 18:42
2026-08-10T18:42:00.000+01:00,"MAR1GSCLOSE;EURJPY;B2;08-10 18:15;08-10 18:45;2;long;08-10 18:15,08-10 18:42"
2026-08-11T08:15:00.000+01:00,MAR1GSOPEN;EURJPY;C2;08-11 08:15;0;
2026-08-11T08:18:00.000+01:00,MAR1GSCLOSE;EURJPY;C2;08-11 08:18;08-11 08:21;1;long;08-11 08:18
2026-08-11T15:36:00.000+01:00,MAR1GSOPEN;EURJPY;A1;08-11 15:36;0;
2026-08-11T15:36:00.000+01:00,MAR1GSOPEN;EURJPY;A2;08-11 15:36;0;
2026-08-11T15:39:00.000+01:00,MAR1GSOPEN;EURJPY;A1;08-11 15:36;0;
2026-08-11T15:39:00.000+01:00,MAR1GSOPEN;EURJPY;A2;08-11 15:36;0;
2026-08-11T15:42:00.000+01:00,MAR1GSOPEN;EURJPY;A1;08-11 15:36;0;
2026-08-11T15:42:00.000+01:00,MAR1GSOPEN;EURJPY;A2;08-11 15:36;0;
2026-08-11T15:45:00.000+01:00,MAR1GSCLOSE;EURJPY;A1;08-11 15:45;08-11 15:48;1;short;08-11 15:45
2026-08-11T15:45:00.000+01:00,MAR1GSCLOSE;EURJPY;A2;08-11 15:45;08-11 15:48;1;short;08-11 15:45
2026-08-11T16:45:00.000+01:00,MAR1GSOPEN;EURJPY;C2;08-11 16:45;0;
2026-08-11T16:48:00.000+01:00,MAR1GSCLOSE;EURJPY;C2;08-11 16:48;08-11 16:51;1;long;08-11 16:48
2026-07-27T10:24:00.000+01:00,MAR1GSOPEN;EURJPY;A1;07-27 10:24;0;
2026-07-27T10:27:00.000+01:00,MAR1GSOPEN;EURJPY;A1;07-27 10:24;0;
2026-07-27T10:30:00.000+01:00,MAR1GSOPEN;EURJPY;A1;07-27 10:24;0;
2026-07-27T10:33:00.000+01:00,MAR1GSOPEN;EURJPY;A1;07-27 10:24;0;
2026-07-27T10:36:00.000+01:00,MAR1GSOPEN;EURJPY;A1;07-27 10:24;0;
2026-07-27T10:39:00.000+01:00,MAR1GSOPEN;EURJPY;A1;07-27 10:24;0;
2026-07-27T10:42:00.000+01:00,MAR1GSOPEN;EURJPY;A1;07-27 10:24;0;
2026-07-27T10:45:00.000+01:00,MAR1GSOPEN;EURJPY;A1;07-27 10:24;0;
2026-07-27T10:48:00.000+01:00,MAR1GSOPEN;EURJPY;A1;07-27 10:24;0;
2026-07-27T10:51:00.000+01:00,MAR1GSOPEN;EURJPY;A1;07-27 10:24;0;
2026-07-27T10:54:00.000+01:00,MAR1GSOPEN;EURJPY;A1;07-27 10:24;0;
2026-07-27T10:57:00.000+01:00,MAR1GSOPEN;EURJPY;A1;07-27 10:24;0;
2026-07-27T11:00:00.000+01:00,MAR1GSOPEN;EURJPY;A1;07-27 10:24;0;
2026-07-27T11:03:00.000+01:00,MAR1GSOPEN;EURJPY;A1;07-27 10:24;0;
2026-07-27T11:06:00.000+01:00,MAR1GSOPEN;EURJPY;A1;07-27 10:24;0;
2026-07-27T11:09:00.000+01:00,MAR1GSOPEN;EURJPY;A1;07-27 10:24;0;
2026-07-27T11:12:00.000+01:00,MAR1GSOPEN;EURJPY;A1;07-27 10:24;0;
2026-07-27T11:15:00.000+01:00,MAR1GSOPEN;EURJPY;A1;07-27 10:24;0;
2026-07-27T11:18:00.000+01:00,MAR1GSOPEN;EURJPY;A1;07-27 10:24;0;
2026-07-27T11:21:00.000+01:00,MAR1GSOPEN;EURJPY;A1;07-27 10:24;0;
2026-07-27T11:24:00.000+01:00,MAR1GSOPEN;EURJPY;A1;07-27 10:24;0;
2026-07-27T11:27:00.000+01:00,MAR1GSOPEN;EURJPY;A1;07-27 10:24;0;
2026-07-27T11:30:00.000+01:00,MAR1GSOPEN;EURJPY;A1;07-27 10:24;0;
2026-07-27T11:33:00.000+01:00,MAR1GSOPEN;EURJPY;A1;07-27 10:24;0;
2026-07-27T11:36:00.000+01:00,MAR1GSOPEN;EURJPY;A1;07-27 10:24;0;
2026-07-27T11:39:00.000+01:00,MAR1GSOPEN;EURJPY;A1;07-27 10:24;0;
2026-07-27T11:42:00.000+01:00,MAR1GSOPEN;EURJPY;A1;07-27 10:24;0;
2026-07-27T11:45:00.000+01:00,MAR1GSOPEN;EURJPY;A1;07-27 10:24;0;
2026-07-27T11:48:00.000+01:00,MAR1GSCLOSE;EURJPY;A1;07-27 11:48;07-27 11:51;1;long;07-27 11:48
2026-07-28T08:27:00.000+01:00,MAR1GSOPEN;EURJPY;C1;07-28 08:27;0;
2026-07-28T08:30:00.000+01:00,MAR1GSOPEN;EURJPY;A1;07-28 08:30;0;
2026-07-28T08:30:00.000+01:00,MAR1GSOPEN;EURJPY;A2;07-28 08:30;0;
2026-07-28T08:30:00.000+01:00,MAR1GSOPEN;EURJPY;C1;07-28 08:30;1;07-28 08:30
2026-07-28T08:30:00.000+01:00,MAR1GSOPEN;EURJPY;C2;07-28 08:30;0;
2026-07-28T08:33:00.000+01:00,MAR1GSOPEN;EURJPY;A1;07-28 08:30;0;
2026-07-28T08:33:00.000+01:00,MAR1GSOPEN;EURJPY;A2;07-28 08:30;0;
2026-07-28T08:33:00.000+01:00,MAR1GSOPEN;EURJPY;C1;07-28 08:30;1;07-28 08:30
2026-07-28T08:33:00.000+01:00,MAR1GSOPEN;EURJPY;C2;07-28 08:30;0;
2026-07-28T08:36:00.000+01:00,MAR1GSOPEN;EURJPY;A1;07-28 08:30;0;
2026-07-28T08:36:00.000+01:00,MAR1GSOPEN;EURJPY;A2;07-28 08:36;1;07-28 08:36
2026-07-28T08:36:00.000+01:00,MAR1GSOPEN;EURJPY;B1;07-28 08:36;0;
2026-07-28T08:36:00.000+01:00,"MAR1GSOPEN;EURJPY;C1;07-28 08:30;2;07-28 08:30,07-28 08:36"
2026-07-28T08:36:00.000+01:00,MAR1GSOPEN;EURJPY;C2;07-28 08:30;0;
2026-07-28T08:39:00.000+01:00,MAR1GSOPEN;EURJPY;A1;07-28 08:30;0;
2026-07-28T08:39:00.000+01:00,MAR1GSOPEN;EURJPY;A2;07-28 08:36;1;07-28 08:36
2026-07-28T08:39:00.000+01:00,MAR1GSOPEN;EURJPY;B1;07-28 08:36;0;
2026-07-28T08:39:00.000+01:00,"MAR1GSOPEN;EURJPY;C1;07-28 08:30;2;07-28 08:30,07-28 08:36"
2026-07-28T08:39:00.000+01:00,MAR1GSOPEN;EURJPY;C2;07-28 08:30;0;
2026-07-28T08:42:00.000+01:00,MAR1GSOPEN;EURJPY;A1;07-28 08:30;0;
2026-07-28T08:42:00.000+01:00,MAR1GSOPEN;EURJPY;A2;07-28 08:36;1;07-28 08:36
2026-07-28T08:42:00.000+01:00,MAR1GSOPEN;EURJPY;B1;07-28 08:36;0;
2026-07-28T08:42:00.000+01:00,"MAR1GSOPEN;EURJPY;C1;07-28 08:30;2;07-28 08:30,07-28 08:36"
2026-07-28T08:42:00.000+01:00,MAR1GSOPEN;EURJPY;C2;07-28 08:30;0;
2026-07-28T08:45:00.000+01:00,MAR1GSOPEN;EURJPY;A1;07-28 08:30;0;
2026-07-28T08:45:00.000+01:00,MAR1GSOPEN;EURJPY;A2;07-28 08:36;1;07-28 08:36
2026-07-28T08:45:00.000+01:00,MAR1GSOPEN;EURJPY;B1;07-28 08:36;0;
2026-07-28T08:45:00.000+01:00,"MAR1GSOPEN;EURJPY;C1;07-28 08:30;2;07-28 08:30,07-28 08:36"
2026-07-28T08:45:00.000+01:00,MAR1GSOPEN;EURJPY;C2;07-28 08:30;0;
2026-07-28T08:48:00.000+01:00,MAR1GSOPEN;EURJPY;A1;07-28 08:30;0;
2026-07-28T08:48:00.000+01:00,MAR1GSOPEN;EURJPY;A2;07-28 08:36;1;07-28 08:36
2026-07-28T08:48:00.000+01:00,MAR1GSOPEN;EURJPY;B1;07-28 08:36;0;
2026-07-28T08:48:00.000+01:00,"MAR1GSOPEN;EURJPY;C1;07-28 08:30;2;07-28 08:30,07-28 08:36"
2026-07-28T08:48:00.000+01:00,MAR1GSOPEN;EURJPY;C2;07-28 08:30;0;
2026-07-28T08:51:00.000+01:00,MAR1GSOPEN;EURJPY;A1;07-28 08:30;0;
2026-07-28T08:51:00.000+01:00,MAR1GSOPEN;EURJPY;A2;07-28 08:36;1;07-28 08:36
2026-07-28T08:51:00.000+01:00,MAR1GSOPEN;EURJPY;B1;07-28 08:36;0;
2026-07-28T08:51:00.000+01:00,"MAR1GSOPEN;EURJPY;C1;07-28 08:30;2;07-28 08:30,07-28 08:36"
2026-07-28T08:51:00.000+01:00,MAR1GSOPEN;EURJPY;C2;07-28 08:30;0;
2026-07-28T08:54:00.000+01:00,MAR1GSOPEN;EURJPY;A1;07-28 08:30;0;
2026-07-28T08:54:00.000+01:00,MAR1GSOPEN;EURJPY;A2;07-28 08:36;1;07-28 08:36
2026-07-28T08:54:00.000+01:00,MAR1GSOPEN;EURJPY;B1;07-28 08:36;0;
2026-07-28T08:54:00.000+01:00,"MAR1GSOPEN;EURJPY;C1;07-28 08:30;2;07-28 08:30,07-28 08:36"
2026-07-28T08:54:00.000+01:00,MAR1GSOPEN;EURJPY;C2;07-28 08:30;0;
2026-07-28T08:57:00.000+01:00,MAR1GSOPEN;EURJPY;A1;07-28 08:30;0;
2026-07-28T08:57:00.000+01:00,MAR1GSOPEN;EURJPY;A2;07-28 08:36;1;07-28 08:36
2026-07-28T08:57:00.000+01:00,MAR1GSOPEN;EURJPY;B1;07-28 08:36;0;
2026-07-28T08:57:00.000+01:00,"MAR1GSOPEN;EURJPY;C1;07-28 08:30;2;07-28 08:30,07-28 08:36"
2026-07-28T08:57:00.000+01:00,MAR1GSOPEN;EURJPY;C2;07-28 08:30;0;
2026-07-28T09:00:00.000+01:00,MAR1GSOPEN;EURJPY;A1;07-28 08:30;0;
2026-07-28T09:00:00.000+01:00,MAR1GSOPEN;EURJPY;A2;07-28 08:36;1;07-28 08:36
2026-07-28T09:00:00.000+01:00,MAR1GSOPEN;EURJPY;B1;07-28 08:36;0;
2026-07-28T09:00:00.000+01:00,"MAR1GSOPEN;EURJPY;C1;07-28 08:30;2;07-28 08:30,07-28 08:36"
2026-07-28T09:00:00.000+01:00,MAR1GSOPEN;EURJPY;C2;07-28 08:30;0;
2026-07-28T09:03:00.000+01:00,MAR1GSOPEN;EURJPY;A1;07-28 08:30;0;
2026-07-28T09:03:00.000+01:00,MAR1GSOPEN;EURJPY;A2;07-28 08:36;1;07-28 08:36
2026-07-28T09:03:00.000+01:00,MAR1GSOPEN;EURJPY;B1;07-28 08:36;0;
2026-07-28T09:03:00.000+01:00,"MAR1GSOPEN;EURJPY;C1;07-28 08:30;2;07-28 08:30,07-28 08:36"
2026-07-28T09:03:00.000+01:00,MAR1GSOPEN;EURJPY;C2;07-28 08:30;0;
2026-07-28T09:06:00.000+01:00,MAR1GSOPEN;EURJPY;A1;07-28 08:30;0;
2026-07-28T09:06:00.000+01:00,MAR1GSOPEN;EURJPY;A2;07-28 08:36;1;07-28 08:36
2026-07-28T09:06:00.000+01:00,MAR1GSOPEN;EURJPY;B1;07-28 08:36;0;
2026-07-28T09:06:00.000+01:00,"MAR1GSOPEN;EURJPY;C1;07-28 08:30;2;07-28 08:30,07-28 08:36"
2026-07-28T09:06:00.000+01:00,MAR1GSOPEN;EURJPY;C2;07-28 08:30;0;
2026-07-28T09:09:00.000+01:00,MAR1GSOPEN;EURJPY;A1;07-28 08:30;0;
2026-07-28T09:09:00.000+01:00,MAR1GSOPEN;EURJPY;A2;07-28 08:36;1;07-28 08:36
2026-07-28T09:09:00.000+01:00,MAR1GSOPEN;EURJPY;B1;07-28 08:36;0;
2026-07-28T09:09:00.000+01:00,"MAR1GSOPEN;EURJPY;C1;07-28 08:30;2;07-28 08:30,07-28 08:36"
2026-07-28T09:09:00.000+01:00,MAR1GSOPEN;EURJPY;C2;07-28 08:30;0;
2026-07-28T09:12:00.000+01:00,MAR1GSOPEN;EURJPY;A1;07-28 08:30;0;
2026-07-28T09:12:00.000+01:00,MAR1GSOPEN;EURJPY;A2;07-28 08:36;1;07-28 08:36
2026-07-28T09:12:00.000+01:00,MAR1GSOPEN;EURJPY;B1;07-28 08:36;0;
2026-07-28T09:12:00.000+01:00,"MAR1GSOPEN;EURJPY;C1;07-28 08:30;2;07-28 08:30,07-28 08:36"
2026-07-28T09:12:00.000+01:00,MAR1GSOPEN;EURJPY;C2;07-28 08:30;0;
2026-07-28T09:15:00.000+01:00,MAR1GSOPEN;EURJPY;A1;07-28 08:30;0;
2026-07-28T09:15:00.000+01:00,MAR1GSOPEN;EURJPY;A2;07-28 08:36;1;07-28 08:36
2026-07-28T09:15:00.000+01:00,MAR1GSOPEN;EURJPY;B1;07-28 08:36;0;
2026-07-28T09:15:00.000+01:00,"MAR1GSOPEN;EURJPY;C1;07-28 08:30;2;07-28 08:30,07-28 08:36"
2026-07-28T09:15:00.000+01:00,MAR1GSOPEN;EURJPY;C2;07-28 08:30;0;
2026-07-28T09:18:00.000+01:00,MAR1GSOPEN;EURJPY;A1;07-28 08:30;0;
2026-07-28T09:18:00.000+01:00,MAR1GSOPEN;EURJPY;A2;07-28 08:36;1;07-28 08:36
2026-07-28T09:18:00.000+01:00,MAR1GSOPEN;EURJPY;B1;07-28 08:36;0;
2026-07-28T09:18:00.000+01:00,"MAR1GSOPEN;EURJPY;C1;07-28 08:30;2;07-28 08:30,07-28 08:36"
2026-07-28T09:18:00.000+01:00,MAR1GSOPEN;EURJPY;C2;07-28 08:30;0;
2026-07-28T09:21:00.000+01:00,MAR1GSOPEN;EURJPY;A1;07-28 08:30;0;
2026-07-28T09:21:00.000+01:00,MAR1GSOPEN;EURJPY;A2;07-28 08:36;1;07-28 08:36
2026-07-28T09:21:00.000+01:00,MAR1GSOPEN;EURJPY;B1;07-28 08:36;0;
2026-07-28T09:21:00.000+01:00,"MAR1GSOPEN;EURJPY;C1;07-28 08:30;2;07-28 08:30,07-28 08:36"
2026-07-28T09:21:00.000+01:00,MAR1GSOPEN;EURJPY;C2;07-28 08:30;0;
2026-07-28T09:24:00.000+01:00,MAR1GSOPEN;EURJPY;A1;07-28 08:30;0;
2026-07-28T09:24:00.000+01:00,MAR1GSOPEN;EURJPY;A2;07-28 08:36;1;07-28 08:36
2026-07-28T09:24:00.000+01:00,MAR1GSOPEN;EURJPY;B1;07-28 08:36;0;
2026-07-28T09:24:00.000+01:00,"MAR1GSOPEN;EURJPY;C1;07-28 08:30;2;07-28 08:30,07-28 08:36"
2026-07-28T09:24:00.000+01:00,MAR1GSOPEN;EURJPY;C2;07-28 08:30;0;
2026-07-28T09:27:00.000+01:00,MAR1GSCLOSE;EURJPY;A1;07-28 09:27;07-28 09:30;1;long;07-28 09:27
2026-07-28T09:27:00.000+01:00,"MAR1GSCLOSE;EURJPY;A2;07-28 08:36;07-28 09:30;2;long;07-28 08:36,07-28 09:27"
2026-07-28T09:27:00.000+01:00,MAR1GSCLOSE;EURJPY;B1;07-28 09:27;07-28 09:30;1;long;07-28 09:27
2026-07-28T09:27:00.000+01:00,"MAR1GSCLOSE;EURJPY;C1;07-28 08:30;07-28 09:30;3;long;07-28 08:30,07-28 08:36,07-28 09:27"
2026-07-28T09:27:00.000+01:00,MAR1GSCLOSE;EURJPY;C2;07-28 09:27;07-28 09:30;1;long;07-28 09:27
2026-07-28T12:48:00.000+01:00,MAR1GSOPEN;EURJPY;A2;07-28 12:48;0;
2026-07-28T12:51:00.000+01:00,MAR1GSOPEN;EURJPY;A2;07-28 12:48;0;
2026-07-28T12:54:00.000+01:00,MAR1GSOPEN;EURJPY;A2;07-28 12:48;0;
2026-07-28T12:57:00.000+01:00,MAR1GSOPEN;EURJPY;A2;07-28 12:48;0;
2026-07-28T13:00:00.000+01:00,MAR1GSOPEN;EURJPY;A2;07-28 12:48;0;
2026-07-28T13:03:00.000+01:00,MAR1GSOPEN;EURJPY;A2;07-28 12:48;0;
2026-07-28T13:06:00.000+01:00,MAR1GSOPEN;EURJPY;A2;07-28 12:48;0;
2026-07-28T13:09:00.000+01:00,MAR1GSOPEN;EURJPY;A2;07-28 12:48;0;
2026-07-28T13:12:00.000+01:00,MAR1GSOPEN;EURJPY;A2;07-28 12:48;0;
2026-07-28T13:15:00.000+01:00,MAR1GSOPEN;EURJPY;A2;07-28 12:48;0;
2026-07-28T13:18:00.000+01:00,MAR1GSOPEN;EURJPY;A2;07-28 12:48;0;
2026-07-28T13:21:00.000+01:00,MAR1GSOPEN;EURJPY;A2;07-28 12:48;0;
2026-07-28T13:24:00.000+01:00,MAR1GSOPEN;EURJPY;A2;07-28 12:48;0;
2026-07-28T13:27:00.000+01:00,MAR1GSOPEN;EURJPY;A2;07-28 12:48;0;
2026-07-28T13:30:00.000+01:00,MAR1GSOPEN;EURJPY;A2;07-28 12:48;0;
2026-07-28T13:33:00.000+01:00,MAR1GSOPEN;EURJPY;A2;07-28 12:48;0;
2026-07-28T13:36:00.000+01:00,MAR1GSOPEN;EURJPY;A1;07-28 13:36;0;
2026-07-28T13:36:00.000+01:00,MAR1GSOPEN;EURJPY;A2;07-28 13:36;1;07-28 13:36
2026-07-28T13:36:00.000+01:00,MAR1GSOPEN;EURJPY;B1;07-28 13:36;0;
2026-07-28T13:39:00.000+01:00,MAR1GSOPEN;EURJPY;A1;07-28 13:39;1;07-28 13:39
2026-07-28T13:39:00.000+01:00,"MAR1GSOPEN;EURJPY;A2;07-28 13:36;2;07-28 13:36,07-28 13:39"
2026-07-28T13:39:00.000+01:00,MAR1GSOPEN;EURJPY;B1;07-28 13:39;1;07-28 13:39
2026-07-28T13:39:00.000+01:00,MAR1GSOPEN;EURJPY;B2;07-28 13:39;0;
2026-07-28T13:42:00.000+01:00,MAR1GSOPEN;EURJPY;A1;07-28 13:39;1;07-28 13:39
2026-07-28T13:42:00.000+01:00,"MAR1GSOPEN;EURJPY;A2;07-28 13:36;2;07-28 13:36,07-28 13:39"
2026-07-28T13:42:00.000+01:00,MAR1GSOPEN;EURJPY;B1;07-28 13:39;1;07-28 13:39
2026-07-28T13:42:00.000+01:00,MAR1GSOPEN;EURJPY;B2;07-28 13:39;0;
2026-07-28T13:45:00.000+01:00,"MAR1GSOPEN;EURJPY;A1;07-28 13:39;2;07-28 13:39,07-28 13:45"
2026-07-28T13:45:00.000+01:00,"MAR1GSOPEN;EURJPY;A2;07-28 13:36;3;07-28 13:36,07-28 13:39,07-28 13:45"
2026-07-28T13:45:00.000+01:00,"MAR1GSOPEN;EURJPY;B1;07-28 13:39;2;07-28 13:39,07-28 13:45"
2026-07-28T13:45:00.000+01:00,MAR1GSOPEN;EURJPY;B2;07-28 13:45;1;07-28 13:45
2026-07-28T13:45:00.000+01:00,MAR1GSOPEN;EURJPY;C1;07-28 13:45;1;07-28 13:45
2026-07-28T13:48:00.000+01:00,"MAR1GSOPEN;EURJPY;A1;07-28 13:39;3;07-28 13:39,07-28 13:45,07-28 13:48"
2026-07-28T13:48:00.000+01:00,"MAR1GSOPEN;EURJPY;A2;07-28 13:36;3;07-28 13:36,07-28 13:39,07-28 13:45"
2026-07-28T13:48:00.000+01:00,"MAR1GSOPEN;EURJPY;B1;07-28 13:39;2;07-28 13:39,07-28 13:45"
2026-07-28T13:48:00.000+01:00,"MAR1GSOPEN;EURJPY;B2;07-28 13:45;2;07-28 13:45,07-28 13:48"
2026-07-28T13:48:00.000+01:00,MAR1GSOPEN;EURJPY;C1;07-28 13:45;1;07-28 13:45
2026-07-28T13:48:00.000+01:00,MAR1GSOPEN;EURJPY;D1;07-28 13:48;0;
2026-07-28T13:51:00.000+01:00,"MAR1GSOPEN;EURJPY;A1;07-28 13:39;3;07-28 13:39,07-28 13:45,07-28 13:48"
2026-07-28T13:51:00.000+01:00,"MAR1GSOPEN;EURJPY;A2;07-28 13:36;3;07-28 13:36,07-28 13:39,07-28 13:45"
2026-07-28T13:51:00.000+01:00,"MAR1GSOPEN;EURJPY;B1;07-28 13:39;2;07-28 13:39,07-28 13:45"
2026-07-28T13:51:00.000+01:00,"MAR1GSOPEN;EURJPY;B2;07-28 13:45;2;07-28 13:45,07-28 13:48"
2026-07-28T13:51:00.000+01:00,MAR1GSOPEN;EURJPY;C1;07-28 13:45;1;07-28 13:45
2026-07-28T13:51:00.000+01:00,MAR1GSOPEN;EURJPY;D1;07-28 13:48;0;
2026-07-28T13:54:00.000+01:00,"MAR1GSOPEN;EURJPY;A1;07-28 13:39;3;07-28 13:39,07-28 13:45,07-28 13:48"
2026-07-28T13:54:00.000+01:00,"MAR1GSOPEN;EURJPY;A2;07-28 13:36;3;07-28 13:36,07-28 13:39,07-28 13:45"
2026-07-28T13:54:00.000+01:00,"MAR1GSOPEN;EURJPY;B1;07-28 13:39;2;07-28 13:39,07-28 13:45"
2026-07-28T13:54:00.000+01:00,"MAR1GSOPEN;EURJPY;B2;07-28 13:45;2;07-28 13:45,07-28 13:48"
2026-07-28T13:54:00.000+01:00,MAR1GSOPEN;EURJPY;C1;07-28 13:45;1;07-28 13:45
2026-07-28T13:54:00.000+01:00,MAR1GSOPEN;EURJPY;D1;07-28 13:48;0;
2026-07-28T13:57:00.000+01:00,"MAR1GSOPEN;EURJPY;A1;07-28 13:39;3;07-28 13:39,07-28 13:45,07-28 13:48"
2026-07-28T13:57:00.000+01:00,"MAR1GSOPEN;EURJPY;A2;07-28 13:36;3;07-28 13:36,07-28 13:39,07-28 13:45"
2026-07-28T13:57:00.000+01:00,"MAR1GSOPEN;EURJPY;B1;07-28 13:39;2;07-28 13:39,07-28 13:45"
2026-07-28T13:57:00.000+01:00,"MAR1GSOPEN;EURJPY;B2;07-28 13:45;2;07-28 13:45,07-28 13:48"
2026-07-28T13:57:00.000+01:00,MAR1GSOPEN;EURJPY;C1;07-28 13:45;1;07-28 13:45
2026-07-28T13:57:00.000+01:00,MAR1GSOPEN;EURJPY;D1;07-28 13:48;0;
2026-07-28T14:00:00.000+01:00,"MAR1GSOPEN;EURJPY;A1;07-28 13:39;3;07-28 13:39,07-28 13:45,07-28 13:48"
2026-07-28T14:00:00.000+01:00,"MAR1GSOPEN;EURJPY;A2;07-28 13:36;3;07-28 13:36,07-28 13:39,07-28 13:45"
2026-07-28T14:00:00.000+01:00,"MAR1GSOPEN;EURJPY;B1;07-28 13:39;2;07-28 13:39,07-28 13:45"
2026-07-28T14:00:00.000+01:00,"MAR1GSOPEN;EURJPY;B2;07-28 13:45;2;07-28 13:45,07-28 13:48"
2026-07-28T14:00:00.000+01:00,MAR1GSOPEN;EURJPY;C1;07-28 13:45;1;07-28 13:45
2026-07-28T14:00:00.000+01:00,MAR1GSOPEN;EURJPY;D1;07-28 13:48;0;
2026-07-28T14:03:00.000+01:00,"MAR1GSOPEN;EURJPY;A1;07-28 13:39;3;07-28 13:39,07-28 13:45,07-28 13:48"
2026-07-28T14:03:00.000+01:00,"MAR1GSOPEN;EURJPY;A2;07-28 13:36;3;07-28 13:36,07-28 13:39,07-28 13:45"
2026-07-28T14:03:00.000+01:00,"MAR1GSOPEN;EURJPY;B1;07-28 13:39;2;07-28 13:39,07-28 13:45"
2026-07-28T14:03:00.000+01:00,"MAR1GSOPEN;EURJPY;B2;07-28 13:45;2;07-28 13:45,07-28 13:48"
2026-07-28T14:03:00.000+01:00,MAR1GSOPEN;EURJPY;C1;07-28 13:45;1;07-28 13:45
2026-07-28T14:03:00.000+01:00,MAR1GSOPEN;EURJPY;D1;07-28 13:48;0;
2026-07-28T14:06:00.000+01:00,"MAR1GSOPEN;EURJPY;A1;07-28 13:39;3;07-28 13:39,07-28 13:45,07-28 13:48"
2026-07-28T14:06:00.000+01:00,"MAR1GSOPEN;EURJPY;A2;07-28 13:36;3;07-28 13:36,07-28 13:39,07-28 13:45"
2026-07-28T14:06:00.000+01:00,"MAR1GSOPEN;EURJPY;B1;07-28 13:39;2;07-28 13:39,07-28 13:45"
2026-07-28T14:06:00.000+01:00,"MAR1GSOPEN;EURJPY;B2;07-28 13:45;2;07-28 13:45,07-28 13:48"
2026-07-28T14:06:00.000+01:00,MAR1GSOPEN;EURJPY;C1;07-28 13:45;1;07-28 13:45
2026-07-28T14:06:00.000+01:00,MAR1GSOPEN;EURJPY;D1;07-28 13:48;0;
2026-07-28T14:09:00.000+01:00,"MAR1GSOPEN;EURJPY;A1;07-28 13:39;3;07-28 13:39,07-28 13:45,07-28 13:48"
2026-07-28T14:09:00.000+01:00,"MAR1GSOPEN;EURJPY;A2;07-28 13:36;3;07-28 13:36,07-28 13:39,07-28 13:45"
2026-07-28T14:09:00.000+01:00,"MAR1GSOPEN;EURJPY;B1;07-28 13:39;2;07-28 13:39,07-28 13:45"
2026-07-28T14:09:00.000+01:00,"MAR1GSOPEN;EURJPY;B2;07-28 13:45;2;07-28 13:45,07-28 13:48"
2026-07-28T14:09:00.000+01:00,MAR1GSOPEN;EURJPY;C1;07-28 13:45;1;07-28 13:45
2026-07-28T14:09:00.000+01:00,MAR1GSOPEN;EURJPY;D1;07-28 13:48;0;
2026-07-28T14:12:00.000+01:00,"MAR1GSOPEN;EURJPY;A1;07-28 13:39;3;07-28 13:39,07-28 13:45,07-28 13:48"
2026-07-28T14:12:00.000+01:00,"MAR1GSOPEN;EURJPY;A2;07-28 13:36;3;07-28 13:36,07-28 13:39,07-28 13:45"
2026-07-28T14:12:00.000+01:00,"MAR1GSOPEN;EURJPY;B1;07-28 13:39;2;07-28 13:39,07-28 13:45"
2026-07-28T14:12:00.000+01:00,"MAR1GSOPEN;EURJPY;B2;07-28 13:45;2;07-28 13:45,07-28 13:48"
2026-07-28T14:12:00.000+01:00,MAR1GSOPEN;EURJPY;C1;07-28 13:45;1;07-28 13:45
2026-07-28T14:12:00.000+01:00,MAR1GSOPEN;EURJPY;D1;07-28 13:48;0;
2026-07-28T14:15:00.000+01:00,"MAR1GSOPEN;EURJPY;A1;07-28 13:39;3;07-28 13:39,07-28 13:45,07-28 13:48"
2026-07-28T14:15:00.000+01:00,"MAR1GSOPEN;EURJPY;A2;07-28 13:36;3;07-28 13:36,07-28 13:39,07-28 13:45"
2026-07-28T14:15:00.000+01:00,"MAR1GSOPEN;EURJPY;B1;07-28 13:39;2;07-28 13:39,07-28 13:45"
2026-07-28T14:15:00.000+01:00,"MAR1GSOPEN;EURJPY;B2;07-28 13:45;2;07-28 13:45,07-28 13:48"
2026-07-28T14:15:00.000+01:00,MAR1GSOPEN;EURJPY;C1;07-28 13:45;1;07-28 13:45
2026-07-28T14:15:00.000+01:00,MAR1GSOPEN;EURJPY;D1;07-28 13:48;0;
2026-07-28T14:18:00.000+01:00,"MAR1GSOPEN;EURJPY;A1;07-28 13:39;3;07-28 13:39,07-28 13:45,07-28 13:48"
2026-07-28T14:18:00.000+01:00,"MAR1GSOPEN;EURJPY;A2;07-28 13:36;3;07-28 13:36,07-28 13:39,07-28 13:45"
2026-07-28T14:18:00.000+01:00,"MAR1GSOPEN;EURJPY;B1;07-28 13:39;2;07-28 13:39,07-28 13:45"
2026-07-28T14:18:00.000+01:00,"MAR1GSOPEN;EURJPY;B2;07-28 13:45;2;07-28 13:45,07-28 13:48"
2026-07-28T14:18:00.000+01:00,MAR1GSOPEN;EURJPY;C1;07-28 13:45;1;07-28 13:45
2026-07-28T14:18:00.000+01:00,MAR1GSOPEN;EURJPY;D1;07-28 13:48;0;
2026-07-28T14:21:00.000+01:00,"MAR1GSOPEN;EURJPY;A1;07-28 13:39;3;07-28 13:39,07-28 13:45,07-28 13:48"
2026-07-28T14:21:00.000+01:00,"MAR1GSOPEN;EURJPY;A2;07-28 13:36;3;07-28 13:36,07-28 13:39,07-28 13:45"
2026-07-28T14:21:00.000+01:00,"MAR1GSOPEN;EURJPY;B1;07-28 13:39;2;07-28 13:39,07-28 13:45"
2026-07-28T14:21:00.000+01:00,"MAR1GSOPEN;EURJPY;B2;07-28 13:45;2;07-28 13:45,07-28 13:48"
2026-07-28T14:21:00.000+01:00,MAR1GSOPEN;EURJPY;C1;07-28 13:45;1;07-28 13:45
2026-07-28T14:21:00.000+01:00,MAR1GSOPEN;EURJPY;D1;07-28 13:48;0;
2026-07-28T14:24:00.000+01:00,"MAR1GSOPEN;EURJPY;A1;07-28 13:39;3;07-28 13:39,07-28 13:45,07-28 13:48"
2026-07-28T14:24:00.000+01:00,"MAR1GSOPEN;EURJPY;A2;07-28 13:36;3;07-28 13:36,07-28 13:39,07-28 13:45"
2026-07-28T14:24:00.000+01:00,"MAR1GSOPEN;EURJPY;B1;07-28 13:39;2;07-28 13:39,07-28 13:45"
2026-07-28T14:24:00.000+01:00,"MAR1GSOPEN;EURJPY;B2;07-28 13:45;2;07-28 13:45,07-28 13:48"
2026-07-28T14:24:00.000+01:00,MAR1GSOPEN;EURJPY;C1;07-28 13:45;1;07-28 13:45
2026-07-28T14:24:00.000+01:00,MAR1GSOPEN;EURJPY;D1;07-28 13:48;0;
2026-07-28T14:27:00.000+01:00,"MAR1GSOPEN;EURJPY;A1;07-28 13:39;3;07-28 13:39,07-28 13:45,07-28 13:48"
2026-07-28T14:27:00.000+01:00,"MAR1GSOPEN;EURJPY;A2;07-28 13:36;3;07-28 13:36,07-28 13:39,07-28 13:45"
2026-07-28T14:27:00.000+01:00,"MAR1GSOPEN;EURJPY;B1;07-28 13:39;2;07-28 13:39,07-28 13:45"
2026-07-28T14:27:00.000+01:00,"MAR1GSOPEN;EURJPY;B2;07-28 13:45;2;07-28 13:45,07-28 13:48"
2026-07-28T14:27:00.000+01:00,MAR1GSOPEN;EURJPY;C1;07-28 13:45;1;07-28 13:45
2026-07-28T14:27:00.000+01:00,MAR1GSOPEN;EURJPY;D1;07-28 13:48;0;
2026-07-28T14:30:00.000+01:00,"MAR1GSOPEN;EURJPY;A1;07-28 13:39;3;07-28 13:39,07-28 13:45,07-28 13:48"
2026-07-28T14:30:00.000+01:00,"MAR1GSOPEN;EURJPY;A2;07-28 13:36;3;07-28 13:36,07-28 13:39,07-28 13:45"
2026-07-28T14:30:00.000+01:00,"MAR1GSOPEN;EURJPY;B1;07-28 13:39;2;07-28 13:39,07-28 13:45"
2026-07-28T14:30:00.000+01:00,"MAR1GSOPEN;EURJPY;B2;07-28 13:45;2;07-28 13:45,07-28 13:48"
2026-07-28T14:30:00.000+01:00,MAR1GSOPEN;EURJPY;C1;07-28 13:45;1;07-28 13:45
2026-07-28T14:30:00.000+01:00,MAR1GSOPEN;EURJPY;D1;07-28 13:48;0;
2026-07-28T14:33:00.000+01:00,"MAR1GSOPEN;EURJPY;A1;07-28 13:39;3;07-28 13:39,07-28 13:45,07-28 13:48"
2026-07-28T14:33:00.000+01:00,"MAR1GSOPEN;EURJPY;A2;07-28 13:36;3;07-28 13:36,07-28 13:39,07-28 13:45"
2026-07-28T14:33:00.000+01:00,"MAR1GSOPEN;EURJPY;B1;07-28 13:39;2;07-28 13:39,07-28 13:45"
2026-07-28T14:33:00.000+01:00,"MAR1GSOPEN;EURJPY;B2;07-28 13:45;2;07-28 13:45,07-28 13:48"
2026-07-28T14:33:00.000+01:00,MAR1GSOPEN;EURJPY;C1;07-28 13:45;1;07-28 13:45
2026-07-28T14:33:00.000+01:00,MAR1GSOPEN;EURJPY;D1;07-28 13:48;0;
2026-07-28T14:36:00.000+01:00,"MAR1GSOPEN;EURJPY;A1;07-28 13:39;3;07-28 13:39,07-28 13:45,07-28 13:48"
2026-07-28T14:36:00.000+01:00,"MAR1GSOPEN;EURJPY;A2;07-28 13:36;3;07-28 13:36,07-28 13:39,07-28 13:45"
2026-07-28T14:36:00.000+01:00,"MAR1GSOPEN;EURJPY;B1;07-28 13:39;2;07-28 13:39,07-28 13:45"
2026-07-28T14:36:00.000+01:00,"MAR1GSOPEN;EURJPY;B2;07-28 13:45;2;07-28 13:45,07-28 13:48"
2026-07-28T14:36:00.000+01:00,MAR1GSOPEN;EURJPY;C1;07-28 13:45;1;07-28 13:45
2026-07-28T14:36:00.000+01:00,MAR1GSOPEN;EURJPY;D1;07-28 13:48;0;
2026-07-28T14:39:00.000+01:00,"MAR1GSOPEN;EURJPY;A1;07-28 13:39;3;07-28 13:39,07-28 13:45,07-28 13:48"
2026-07-28T14:39:00.000+01:00,"MAR1GSOPEN;EURJPY;A2;07-28 13:36;3;07-28 13:36,07-28 13:39,07-28 13:45"
2026-07-28T14:39:00.000+01:00,"MAR1GSOPEN;EURJPY;B1;07-28 13:39;2;07-28 13:39,07-28 13:45"
2026-07-28T14:39:00.000+01:00,"MAR1GSOPEN;EURJPY;B2;07-28 13:45;2;07-28 13:45,07-28 13:48"
2026-07-28T14:39:00.000+01:00,MAR1GSOPEN;EURJPY;C1;07-28 13:45;1;07-28 13:45
2026-07-28T14:39:00.000+01:00,MAR1GSOPEN;EURJPY;D1;07-28 13:48;0;
2026-07-28T14:42:00.000+01:00,"MAR1GSOPEN;EURJPY;A1;07-28 13:39;3;07-28 13:39,07-28 13:45,07-28 13:48"
2026-07-28T14:42:00.000+01:00,"MAR1GSOPEN;EURJPY;A2;07-28 13:36;3;07-28 13:36,07-28 13:39,07-28 13:45"
2026-07-28T14:42:00.000+01:00,"MAR1GSOPEN;EURJPY;B1;07-28 13:39;2;07-28 13:39,07-28 13:45"
2026-07-28T14:42:00.000+01:00,"MAR1GSOPEN;EURJPY;B2;07-28 13:45;2;07-28 13:45,07-28 13:48"
2026-07-28T14:42:00.000+01:00,MAR1GSOPEN;EURJPY;C1;07-28 13:45;1;07-28 13:45
2026-07-28T14:42:00.000+01:00,MAR1GSOPEN;EURJPY;D1;07-28 13:48;0;
2026-07-28T14:45:00.000+01:00,"MAR1GSOPEN;EURJPY;A1;07-28 13:39;3;07-28 13:39,07-28 13:45,07-28 13:48"
2026-07-28T14:45:00.000+01:00,"MAR1GSOPEN;EURJPY;A2;07-28 13:36;3;07-28 13:36,07-28 13:39,07-28 13:45"
2026-07-28T14:45:00.000+01:00,"MAR1GSOPEN;EURJPY;B1;07-28 13:39;2;07-28 13:39,07-28 13:45"
2026-07-28T14:45:00.000+01:00,"MAR1GSOPEN;EURJPY;B2;07-28 13:45;2;07-28 13:45,07-28 13:48"
2026-07-28T14:45:00.000+01:00,MAR1GSOPEN;EURJPY;C1;07-28 13:45;1;07-28 13:45
2026-07-28T14:45:00.000+01:00,MAR1GSOPEN;EURJPY;D1;07-28 13:48;0;
2026-07-28T14:48:00.000+01:00,"MAR1GSOPEN;EURJPY;A1;07-28 13:39;3;07-28 13:39,07-28 13:45,07-28 13:48"
2026-07-28T14:48:00.000+01:00,"MAR1GSOPEN;EURJPY;A2;07-28 13:36;3;07-28 13:36,07-28 13:39,07-28 13:45"
2026-07-28T14:48:00.000+01:00,"MAR1GSOPEN;EURJPY;B1;07-28 13:39;2;07-28 13:39,07-28 13:45"
2026-07-28T14:48:00.000+01:00,"MAR1GSOPEN;EURJPY;B2;07-28 13:45;2;07-28 13:45,07-28 13:48"
2026-07-28T14:48:00.000+01:00,MAR1GSOPEN;EURJPY;C1;07-28 13:45;1;07-28 13:45
2026-07-28T14:48:00.000+01:00,MAR1GSOPEN;EURJPY;D1;07-28 13:48;0;
2026-07-28T14:51:00.000+01:00,"MAR1GSOPEN;EURJPY;A1;07-28 13:39;3;07-28 13:39,07-28 13:45,07-28 13:48"
2026-07-28T14:51:00.000+01:00,"MAR1GSOPEN;EURJPY;A2;07-28 13:36;3;07-28 13:36,07-28 13:39,07-28 13:45"
2026-07-28T14:51:00.000+01:00,"MAR1GSOPEN;EURJPY;B1;07-28 13:39;2;07-28 13:39,07-28 13:45"
2026-07-28T14:51:00.000+01:00,"MAR1GSOPEN;EURJPY;B2;07-28 13:45;2;07-28 13:45,07-28 13:48"
2026-07-28T14:51:00.000+01:00,MAR1GSOPEN;EURJPY;C1;07-28 13:45;1;07-28 13:45
2026-07-28T14:51:00.000+01:00,MAR1GSOPEN;EURJPY;D1;07-28 13:48;0;
2026-07-28T14:54:00.000+01:00,"MAR1GSOPEN;EURJPY;A1;07-28 13:39;3;07-28 13:39,07-28 13:45,07-28 13:48"
2026-07-28T14:54:00.000+01:00,"MAR1GSOPEN;EURJPY;A2;07-28 13:36;3;07-28 13:36,07-28 13:39,07-28 13:45"
2026-07-28T14:54:00.000+01:00,"MAR1GSOPEN;EURJPY;B1;07-28 13:39;2;07-28 13:39,07-28 13:45"
2026-07-28T14:54:00.000+01:00,"MAR1GSOPEN;EURJPY;B2;07-28 13:45;2;07-28 13:45,07-28 13:48"
2026-07-28T14:54:00.000+01:00,MAR1GSOPEN;EURJPY;C1;07-28 13:45;1;07-28 13:45
2026-07-28T14:54:00.000+01:00,MAR1GSOPEN;EURJPY;D1;07-28 13:48;0;
2026-07-28T14:57:00.000+01:00,"MAR1GSOPEN;EURJPY;A1;07-28 13:39;3;07-28 13:39,07-28 13:45,07-28 13:48"
2026-07-28T14:57:00.000+01:00,"MAR1GSOPEN;EURJPY;A2;07-28 13:36;3;07-28 13:36,07-28 13:39,07-28 13:45"
2026-07-28T14:57:00.000+01:00,"MAR1GSOPEN;EURJPY;B1;07-28 13:39;2;07-28 13:39,07-28 13:45"
2026-07-28T14:57:00.000+01:00,"MAR1GSOPEN;EURJPY;B2;07-28 13:45;2;07-28 13:45,07-28 13:48"
2026-07-28T14:57:00.000+01:00,MAR1GSOPEN;EURJPY;C1;07-28 13:45;1;07-28 13:45
2026-07-28T14:57:00.000+01:00,MAR1GSOPEN;EURJPY;D1;07-28 13:48;0;
2026-07-28T15:00:00.000+01:00,"MAR1GSCLOSE;EURJPY;A1;07-28 13:39;07-28 15:03;4;long;07-28 13:39,07-28 13:45,07-28 13:48,07-28 15:00"
2026-07-28T15:00:00.000+01:00,"MAR1GSCLOSE;EURJPY;A2;07-28 13:36;07-28 15:03;4;long;07-28 13:36,07-28 13:39,07-28 13:45,07-28 15:00"
2026-07-28T15:00:00.000+01:00,"MAR1GSCLOSE;EURJPY;B1;07-28 13:39;07-28 15:03;3;long;07-28 13:39,07-28 13:45,07-28 15:00"
2026-07-28T15:00:00.000+01:00,"MAR1GSCLOSE;EURJPY;B2;07-28 13:45;07-28 15:03;3;long;07-28 13:45,07-28 13:48,07-28 15:00"
2026-07-28T15:00:00.000+01:00,"MAR1GSCLOSE;EURJPY;C1;07-28 13:45;07-28 15:03;2;long;07-28 13:45,07-28 15:00"
2026-07-28T15:00:00.000+01:00,MAR1GSCLOSE;EURJPY;D1;07-28 15:00;07-28 15:03;1;long;07-28 15:00
2026-07-30T08:03:00.000+01:00,MAR1GSOPEN;EURJPY;A1;07-30 08:03;0;
2026-07-30T08:06:00.000+01:00,MAR1GSOPEN;EURJPY;A1;07-30 08:06;1;07-30 08:06
2026-07-30T08:06:00.000+01:00,MAR1GSOPEN;EURJPY;A2;07-30 08:06;0;
2026-07-30T08:06:00.000+01:00,MAR1GSOPEN;EURJPY;B2;07-30 08:06;0;
2026-07-30T08:09:00.000+01:00,MAR1GSOPEN;EURJPY;A1;07-30 08:06;1;07-30 08:06
2026-07-30T08:09:00.000+01:00,MAR1GSOPEN;EURJPY;A2;07-30 08:06;0;
2026-07-30T08:09:00.000+01:00,MAR1GSOPEN;EURJPY;B2;07-30 08:06;0;
2026-07-30T08:12:00.000+01:00,MAR1GSOPEN;EURJPY;A1;07-30 08:06;1;07-30 08:06
2026-07-30T08:12:00.000+01:00,MAR1GSOPEN;EURJPY;A2;07-30 08:06;0;
2026-07-30T08:12:00.000+01:00,MAR1GSOPEN;EURJPY;B2;07-30 08:06;0;
2026-07-30T08:15:00.000+01:00,MAR1GSOPEN;EURJPY;A1;07-30 08:06;1;07-30 08:06
2026-07-30T08:15:00.000+01:00,MAR1GSOPEN;EURJPY;A2;07-30 08:06;0;
2026-07-30T08:15:00.000+01:00,MAR1GSOPEN;EURJPY;B2;07-30 08:06;0;
2026-07-30T08:18:00.000+01:00,MAR1GSOPEN;EURJPY;A1;07-30 08:06;1;07-30 08:06
2026-07-30T08:18:00.000+01:00,MAR1GSOPEN;EURJPY;A2;07-30 08:06;0;
2026-07-30T08:18:00.000+01:00,MAR1GSOPEN;EURJPY;B2;07-30 08:06;0;
2026-07-30T08:21:00.000+01:00,MAR1GSOPEN;EURJPY;A1;07-30 08:06;1;07-30 08:06
2026-07-30T08:21:00.000+01:00,MAR1GSOPEN;EURJPY;A2;07-30 08:06;0;
2026-07-30T08:21:00.000+01:00,MAR1GSOPEN;EURJPY;B2;07-30 08:06;0;
2026-07-30T08:24:00.000+01:00,MAR1GSOPEN;EURJPY;A1;07-30 08:06;1;07-30 08:06
2026-07-30T08:24:00.000+01:00,MAR1GSOPEN;EURJPY;A2;07-30 08:06;0;
2026-07-30T08:24:00.000+01:00,MAR1GSOPEN;EURJPY;B2;07-30 08:06;0;
2026-07-30T08:27:00.000+01:00,MAR1GSOPEN;EURJPY;A1;07-30 08:06;1;07-30 08:06
2026-07-30T08:27:00.000+01:00,MAR1GSOPEN;EURJPY;A2;07-30 08:06;0;
2026-07-30T08:27:00.000+01:00,MAR1GSOPEN;EURJPY;B2;07-30 08:06;0;
2026-07-30T08:30:00.000+01:00,MAR1GSOPEN;EURJPY;A1;07-30 08:06;1;07-30 08:06
2026-07-30T08:30:00.000+01:00,MAR1GSOPEN;EURJPY;A2;07-30 08:06;0;
2026-07-30T08:30:00.000+01:00,MAR1GSOPEN;EURJPY;B2;07-30 08:06;0;
2026-07-30T08:33:00.000+01:00,"MAR1GSOPEN;EURJPY;A1;07-30 08:06;2;07-30 08:06,07-30 08:33"
2026-07-30T08:33:00.000+01:00,MAR1GSOPEN;EURJPY;A2;07-30 08:33;1;07-30 08:33
2026-07-30T08:33:00.000+01:00,MAR1GSOPEN;EURJPY;B1;07-30 08:33;0;
2026-07-30T08:33:00.000+01:00,MAR1GSOPEN;EURJPY;B2;07-30 08:33;1;07-30 08:33
2026-07-30T08:36:00.000+01:00,"MAR1GSOPEN;EURJPY;A1;07-30 08:06;3;07-30 08:06,07-30 08:33,07-30 08:36"
2026-07-30T08:36:00.000+01:00,"MAR1GSOPEN;EURJPY;A2;07-30 08:33;2;07-30 08:33,07-30 08:36"
2026-07-30T08:36:00.000+01:00,MAR1GSOPEN;EURJPY;B1;07-30 08:36;1;07-30 08:36
2026-07-30T08:36:00.000+01:00,"MAR1GSOPEN;EURJPY;B2;07-30 08:33;2;07-30 08:33,07-30 08:36"
2026-07-30T08:36:00.000+01:00,MAR1GSOPEN;EURJPY;D1;07-30 08:36;0;
2026-07-30T08:39:00.000+01:00,"MAR1GSOPEN;EURJPY;A1;07-30 08:06;3;07-30 08:06,07-30 08:33,07-30 08:36"
2026-07-30T08:39:00.000+01:00,"MAR1GSOPEN;EURJPY;A2;07-30 08:33;3;07-30 08:33,07-30 08:36,07-30 08:39"
2026-07-30T08:39:00.000+01:00,"MAR1GSOPEN;EURJPY;B1;07-30 08:36;2;07-30 08:36,07-30 08:39"
2026-07-30T08:39:00.000+01:00,"MAR1GSOPEN;EURJPY;B2;07-30 08:33;2;07-30 08:33,07-30 08:36"
2026-07-30T08:39:00.000+01:00,MAR1GSOPEN;EURJPY;C1;07-30 08:39;0;
2026-07-30T08:39:00.000+01:00,MAR1GSOPEN;EURJPY;D1;07-30 08:36;0;
2026-07-30T08:42:00.000+01:00,"MAR1GSOPEN;EURJPY;A1;07-30 08:06;3;07-30 08:06,07-30 08:33,07-30 08:36"
2026-07-30T08:42:00.000+01:00,"MAR1GSOPEN;EURJPY;A2;07-30 08:33;3;07-30 08:33,07-30 08:36,07-30 08:39"
2026-07-30T08:42:00.000+01:00,"MAR1GSOPEN;EURJPY;B1;07-30 08:36;2;07-30 08:36,07-30 08:39"
2026-07-30T08:42:00.000+01:00,"MAR1GSOPEN;EURJPY;B2;07-30 08:33;2;07-30 08:33,07-30 08:36"
2026-07-30T08:42:00.000+01:00,MAR1GSOPEN;EURJPY;C1;07-30 08:39;0;
2026-07-30T08:42:00.000+01:00,MAR1GSOPEN;EURJPY;D1;07-30 08:36;0;
2026-07-30T08:45:00.000+01:00,"MAR1GSOPEN;EURJPY;A1;07-30 08:06;3;07-30 08:06,07-30 08:33,07-30 08:36"
2026-07-30T08:45:00.000+01:00,"MAR1GSOPEN;EURJPY;A2;07-30 08:33;3;07-30 08:33,07-30 08:36,07-30 08:39"
2026-07-30T08:45:00.000+01:00,"MAR1GSOPEN;EURJPY;B1;07-30 08:36;2;07-30 08:36,07-30 08:39"
2026-07-30T08:45:00.000+01:00,"MAR1GSOPEN;EURJPY;B2;07-30 08:33;2;07-30 08:33,07-30 08:36"
2026-07-30T08:45:00.000+01:00,MAR1GSOPEN;EURJPY;C1;07-30 08:39;0;
2026-07-30T08:45:00.000+01:00,MAR1GSOPEN;EURJPY;D1;07-30 08:36;0;
2026-07-30T08:48:00.000+01:00,"MAR1GSOPEN;EURJPY;A1;07-30 08:06;3;07-30 08:06,07-30 08:33,07-30 08:36"
2026-07-30T08:48:00.000+01:00,"MAR1GSOPEN;EURJPY;A2;07-30 08:33;3;07-30 08:33,07-30 08:36,07-30 08:39"
2026-07-30T08:48:00.000+01:00,"MAR1GSOPEN;EURJPY;B1;07-30 08:36;2;07-30 08:36,07-30 08:39"
2026-07-30T08:48:00.000+01:00,"MAR1GSOPEN;EURJPY;B2;07-30 08:33;2;07-30 08:33,07-30 08:36"
2026-07-30T08:48:00.000+01:00,MAR1GSOPEN;EURJPY;C1;07-30 08:39;0;
2026-07-30T08:48:00.000+01:00,MAR1GSOPEN;EURJPY;D1;07-30 08:36;0;
2026-07-30T08:51:00.000+01:00,"MAR1GSOPEN;EURJPY;A1;07-30 08:06;3;07-30 08:06,07-30 08:33,07-30 08:36"
2026-07-30T08:51:00.000+01:00,"MAR1GSOPEN;EURJPY;A2;07-30 08:33;3;07-30 08:33,07-30 08:36,07-30 08:39"
2026-07-30T08:51:00.000+01:00,"MAR1GSOPEN;EURJPY;B1;07-30 08:36;2;07-30 08:36,07-30 08:39"
2026-07-30T08:51:00.000+01:00,"MAR1GSOPEN;EURJPY;B2;07-30 08:33;2;07-30 08:33,07-30 08:36"
2026-07-30T08:51:00.000+01:00,MAR1GSOPEN;EURJPY;C1;07-30 08:39;0;
2026-07-30T08:51:00.000+01:00,MAR1GSOPEN;EURJPY;D1;07-30 08:36;0;
2026-07-30T08:54:00.000+01:00,"MAR1GSOPEN;EURJPY;A1;07-30 08:06;3;07-30 08:06,07-30 08:33,07-30 08:36"
2026-07-30T08:54:00.000+01:00,"MAR1GSOPEN;EURJPY;A2;07-30 08:33;3;07-30 08:33,07-30 08:36,07-30 08:39"
2026-07-30T08:54:00.000+01:00,"MAR1GSOPEN;EURJPY;B1;07-30 08:36;2;07-30 08:36,07-30 08:39"
2026-07-30T08:54:00.000+01:00,"MAR1GSOPEN;EURJPY;B2;07-30 08:33;2;07-30 08:33,07-30 08:36"
2026-07-30T08:54:00.000+01:00,MAR1GSOPEN;EURJPY;C1;07-30 08:39;0;
2026-07-30T08:54:00.000+01:00,MAR1GSOPEN;EURJPY;D1;07-30 08:36;0;
2026-07-30T08:57:00.000+01:00,"MAR1GSOPEN;EURJPY;A1;07-30 08:06;3;07-30 08:06,07-30 08:33,07-30 08:36"
2026-07-30T08:57:00.000+01:00,"MAR1GSOPEN;EURJPY;A2;07-30 08:33;3;07-30 08:33,07-30 08:36,07-30 08:39"
2026-07-30T08:57:00.000+01:00,"MAR1GSOPEN;EURJPY;B1;07-30 08:36;2;07-30 08:36,07-30 08:39"
2026-07-30T08:57:00.000+01:00,"MAR1GSOPEN;EURJPY;B2;07-30 08:33;2;07-30 08:33,07-30 08:36"
2026-07-30T08:57:00.000+01:00,MAR1GSOPEN;EURJPY;C1;07-30 08:39;0;
2026-07-30T08:57:00.000+01:00,MAR1GSOPEN;EURJPY;D1;07-30 08:36;0;
2026-07-30T09:00:00.000+01:00,"MAR1GSCLOSE;EURJPY;A1;07-30 08:06;07-30 09:03;4;long;07-30 08:06,07-30 08:33,07-30 08:36,07-30 09:00"
2026-07-30T09:00:00.000+01:00,"MAR1GSCLOSE;EURJPY;A2;07-30 08:33;07-30 09:03;4;long;07-30 08:33,07-30 08:36,07-30 08:39,07-30 09:00"
2026-07-30T09:00:00.000+01:00,"MAR1GSCLOSE;EURJPY;B1;07-30 08:36;07-30 09:03;3;long;07-30 08:36,07-30 08:39,07-30 09:00"
2026-07-30T09:00:00.000+01:00,"MAR1GSCLOSE;EURJPY;B2;07-30 08:33;07-30 09:03;3;long;07-30 08:33,07-30 08:36,07-30 09:00"
2026-07-30T09:00:00.000+01:00,MAR1GSCLOSE;EURJPY;C1;07-30 09:00;07-30 09:03;1;long;07-30 09:00
2026-07-30T09:00:00.000+01:00,MAR1GSCLOSE;EURJPY;D1;07-30 09:00;07-30 09:03;1;long;07-30 09:00
2026-07-31T10:06:00.000+01:00,MAR1GSOPEN;EURJPY;A2;07-31 10:06;0;
2026-07-31T10:09:00.000+01:00,MAR1GSOPEN;EURJPY;A2;07-31 10:06;0;
2026-07-31T10:12:00.000+01:00,MAR1GSOPEN;EURJPY;A2;07-31 10:06;0;
2026-07-31T10:15:00.000+01:00,MAR1GSOPEN;EURJPY;A2;07-31 10:06;0;
2026-07-31T10:18:00.000+01:00,MAR1GSOPEN;EURJPY;A2;07-31 10:06;0;
2026-07-31T10:21:00.000+01:00,MAR1GSOPEN;EURJPY;A2;07-31 10:06;0;
2026-07-31T10:24:00.000+01:00,MAR1GSOPEN;EURJPY;A2;07-31 10:06;0;
2026-07-31T10:27:00.000+01:00,MAR1GSOPEN;EURJPY;A2;07-31 10:06;0;
2026-07-31T10:30:00.000+01:00,MAR1GSOPEN;EURJPY;A2;07-31 10:06;0;
2026-07-31T10:33:00.000+01:00,MAR1GSCLOSE;EURJPY;A2;07-31 10:33;07-31 10:36;1;long;07-31 10:33
2026-08-04T09:00:00.000+01:00,MAR1GSOPEN;EURJPY;A2;08-04 09:00;0;
2026-08-04T09:03:00.000+01:00,MAR1GSCLOSE;EURJPY;A2;08-04 09:03;08-04 09:06;1;long;08-04 09:03
2026-08-04T11:45:00.000+01:00,MAR1GSOPEN;EURJPY;A2;08-04 11:45;0;
2026-08-04T11:48:00.000+01:00,MAR1GSOPEN;EURJPY;A2;08-04 11:45;0;
2026-08-04T11:51:00.000+01:00,MAR1GSOPEN;EURJPY;A2;08-04 11:45;0;
2026-08-04T11:54:00.000+01:00,MAR1GSOPEN;EURJPY;A2;08-04 11:45;0;
2026-08-04T11:57:00.000+01:00,MAR1GSOPEN;EURJPY;A2;08-04 11:45;0;
2026-08-04T12:00:00.000+01:00,MAR1GSOPEN;EURJPY;A2;08-04 11:45;0;
2026-08-04T12:03:00.000+01:00,MAR1GSOPEN;EURJPY;A2;08-04 11:45;0;
2026-08-04T12:06:00.000+01:00,MAR1GSOPEN;EURJPY;A2;08-04 11:45;0;
2026-08-04T12:09:00.000+01:00,MAR1GSOPEN;EURJPY;A2;08-04 11:45;0;
2026-08-04T12:12:00.000+01:00,MAR1GSOPEN;EURJPY;A2;08-04 11:45;0;
2026-08-04T12:15:00.000+01:00,MAR1GSOPEN;EURJPY;A2;08-04 11:45;0;
2026-08-04T12:18:00.000+01:00,MAR1GSOPEN;EURJPY;A2;08-04 11:45;0;
2026-08-04T12:21:00.000+01:00,MAR1GSOPEN;EURJPY;A2;08-04 11:45;0;
2026-08-04T12:24:00.000+01:00,MAR1GSCLOSE;EURJPY;A2;08-04 12:24;08-04 12:27;1;short;08-04 12:24
2026-08-04T14:45:00.000+01:00,MAR1GSOPEN;EURJPY;A2;08-04 14:45;0;
2026-08-04T14:48:00.000+01:00,MAR1GSOPEN;EURJPY;A2;08-04 14:45;0;
2026-08-04T14:51:00.000+01:00,MAR1GSOPEN;EURJPY;A2;08-04 14:45;0;
2026-08-04T14:54:00.000+01:00,MAR1GSOPEN;EURJPY;A2;08-04 14:45;0;
2026-08-04T14:57:00.000+01:00,MAR1GSOPEN;EURJPY;A2;08-04 14:45;0;
2026-08-04T15:00:00.000+01:00,MAR1GSOPEN;EURJPY;A2;08-04 14:45;0;
2026-08-04T15:03:00.000+01:00,MAR1GSOPEN;EURJPY;A2;08-04 14:45;0;
2026-08-04T15:06:00.000+01:00,MAR1GSOPEN;EURJPY;A1;08-04 15:06;0;
2026-08-04T15:06:00.000+01:00,MAR1GSOPEN;EURJPY;A2;08-04 15:06;1;08-04 15:06
2026-08-04T15:06:00.000+01:00,MAR1GSOPEN;EURJPY;B1;08-04 15:06;0;
2026-08-04T15:09:00.000+01:00,MAR1GSOPEN;EURJPY;A1;08-04 15:06;0;
2026-08-04T15:09:00.000+01:00,MAR1GSOPEN;EURJPY;A2;08-04 15:06;1;08-04 15:06
2026-08-04T15:09:00.000+01:00,MAR1GSOPEN;EURJPY;B1;08-04 15:06;0;
2026-08-04T15:12:00.000+01:00,MAR1GSOPEN;EURJPY;A1;08-04 15:06;0;
2026-08-04T15:12:00.000+01:00,MAR1GSOPEN;EURJPY;A2;08-04 15:06;1;08-04 15:06
2026-08-04T15:12:00.000+01:00,MAR1GSOPEN;EURJPY;B1;08-04 15:06;0;
2026-08-04T15:15:00.000+01:00,MAR1GSOPEN;EURJPY;A1;08-04 15:06;0;
2026-08-04T15:15:00.000+01:00,MAR1GSOPEN;EURJPY;A2;08-04 15:06;1;08-04 15:06
2026-08-04T15:15:00.000+01:00,MAR1GSOPEN;EURJPY;B1;08-04 15:06;0;
2026-08-04T15:18:00.000+01:00,MAR1GSOPEN;EURJPY;A1;08-04 15:06;0;
2026-08-04T15:18:00.000+01:00,MAR1GSOPEN;EURJPY;A2;08-04 15:06;1;08-04 15:06
2026-08-04T15:18:00.000+01:00,MAR1GSOPEN;EURJPY;B1;08-04 15:06;0;
2026-08-04T15:21:00.000+01:00,MAR1GSOPEN;EURJPY;A1;08-04 15:06;0;
2026-08-04T15:21:00.000+01:00,MAR1GSOPEN;EURJPY;A2;08-04 15:06;1;08-04 15:06
2026-08-04T15:21:00.000+01:00,MAR1GSOPEN;EURJPY;B1;08-04 15:06;0;
2026-08-04T15:24:00.000+01:00,MAR1GSOPEN;EURJPY;A1;08-04 15:06;0;
2026-08-04T15:24:00.000+01:00,MAR1GSOPEN;EURJPY;A2;08-04 15:06;1;08-04 15:06
2026-08-04T15:24:00.000+01:00,MAR1GSOPEN;EURJPY;B1;08-04 15:06;0;
2026-08-04T15:27:00.000+01:00,MAR1GSCLOSE;EURJPY;A1;08-04 15:27;08-04 15:30;1;long;08-04 15:27
2026-08-04T15:27:00.000+01:00,"MAR1GSCLOSE;EURJPY;A2;08-04 15:06;08-04 15:30;2;long;08-04 15:06,08-04 15:27"
2026-08-04T15:27:00.000+01:00,MAR1GSCLOSE;EURJPY;B1;08-04 15:27;08-04 15:30;1;long;08-04 15:27
2026-08-04T17:57:00.000+01:00,MAR1GSOPEN;EURJPY;A1;08-04 17:57;0;
2026-08-04T17:57:00.000+01:00,MAR1GSOPEN;EURJPY;A2;08-04 17:57;0;
2026-08-04T18:00:00.000+01:00,MAR1GSCLOSE;EURJPY;A1;08-04 18:00;08-04 18:03;1;long;08-04 18:00
2026-08-04T18:00:00.000+01:00,MAR1GSCLOSE;EURJPY;A2;08-04 18:00;08-04 18:03;1;long;08-04 18:00
2026-08-06T08:48:00.000+01:00,MAR1GSOPEN;EURJPY;A1;08-06 08:48;0;
2026-08-06T08:48:00.000+01:00,MAR1GSOPEN;EURJPY;A2;08-06 08:48;0;
2026-08-06T08:51:00.000+01:00,MAR1GSCLOSE;EURJPY;A1;08-06 08:51;08-06 08:54;1;long;08-06 08:51
2026-08-06T08:51:00.000+01:00,MAR1GSCLOSE;EURJPY;A2;08-06 08:51;08-06 08:54;1;long;08-06 08:51
2026-08-06T12:15:00.000+01:00,MAR1GSOPEN;EURJPY;A1;08-06 12:15;0;
2026-08-06T12:18:00.000+01:00,MAR1GSCLOSE;EURJPY;A1;08-06 12:18;08-06 12:21;1;long;08-06 12:18
2026-08-06T17:12:00.000+01:00,MAR1GSOPEN;EURJPY;A1;08-06 17:12;0;
2026-08-06T17:12:00.000+01:00,MAR1GSOPEN;EURJPY;A2;08-06 17:12;0;
2026-08-06T17:15:00.000+01:00,MAR1GSOPEN;EURJPY;A1;08-06 17:12;0;
2026-08-06T17:15:00.000+01:00,MAR1GSOPEN;EURJPY;A2;08-06 17:12;0;
2026-08-06T17:18:00.000+01:00,MAR1GSOPEN;EURJPY;A1;08-06 17:12;0;
2026-08-06T17:18:00.000+01:00,MAR1GSOPEN;EURJPY;A2;08-06 17:18;1;08-06 17:18
2026-08-06T17:18:00.000+01:00,MAR1GSOPEN;EURJPY;B1;08-06 17:18;0;
2026-08-06T17:18:00.000+01:00,MAR1GSOPEN;EURJPY;C2;08-06 17:18;0;
2026-08-06T17:21:00.000+01:00,MAR1GSOPEN;EURJPY;A1;08-06 17:12;0;
2026-08-06T17:21:00.000+01:00,MAR1GSOPEN;EURJPY;A2;08-06 17:18;1;08-06 17:18
2026-08-06T17:21:00.000+01:00,MAR1GSOPEN;EURJPY;B1;08-06 17:18;0;
2026-08-06T17:21:00.000+01:00,MAR1GSOPEN;EURJPY;C2;08-06 17:18;0;
2026-08-06T17:24:00.000+01:00,MAR1GSOPEN;EURJPY;A1;08-06 17:12;0;
2026-08-06T17:24:00.000+01:00,MAR1GSOPEN;EURJPY;A2;08-06 17:18;1;08-06 17:18
2026-08-06T17:24:00.000+01:00,MAR1GSOPEN;EURJPY;B1;08-06 17:18;0;
2026-08-06T17:24:00.000+01:00,MAR1GSOPEN;EURJPY;C2;08-06 17:18;0;
2026-08-06T17:27:00.000+01:00,MAR1GSOPEN;EURJPY;A1;08-06 17:12;0;
2026-08-06T17:27:00.000+01:00,MAR1GSOPEN;EURJPY;A2;08-06 17:18;1;08-06 17:18
2026-08-06T17:27:00.000+01:00,MAR1GSOPEN;EURJPY;B1;08-06 17:18;0;
2026-08-06T17:27:00.000+01:00,MAR1GSOPEN;EURJPY;C2;08-06 17:18;0;
2026-08-06T17:30:00.000+01:00,MAR1GSOPEN;EURJPY;A1;08-06 17:12;0;
2026-08-06T17:30:00.000+01:00,MAR1GSOPEN;EURJPY;A2;08-06 17:18;1;08-06 17:18
2026-08-06T17:30:00.000+01:00,MAR1GSOPEN;EURJPY;B1;08-06 17:18;0;
2026-08-06T17:30:00.000+01:00,MAR1GSOPEN;EURJPY;C2;08-06 17:18;0;
2026-08-06T17:33:00.000+01:00,MAR1GSOPEN;EURJPY;A1;08-06 17:12;0;
2026-08-06T17:33:00.000+01:00,MAR1GSOPEN;EURJPY;A2;08-06 17:18;1;08-06 17:18
2026-08-06T17:33:00.000+01:00,MAR1GSOPEN;EURJPY;B1;08-06 17:18;0;
2026-08-06T17:33:00.000+01:00,MAR1GSOPEN;EURJPY;C2;08-06 17:18;0;
2026-08-06T17:36:00.000+01:00,MAR1GSOPEN;EURJPY;A1;08-06 17:12;0;
2026-08-06T17:36:00.000+01:00,MAR1GSOPEN;EURJPY;A2;08-06 17:18;1;08-06 17:18
2026-08-06T17:36:00.000+01:00,MAR1GSOPEN;EURJPY;B1;08-06 17:18;0;
2026-08-06T17:36:00.000+01:00,MAR1GSOPEN;EURJPY;C2;08-06 17:18;0;
2026-08-06T17:39:00.000+01:00,MAR1GSOPEN;EURJPY;A1;08-06 17:12;0;
2026-08-06T17:39:00.000+01:00,MAR1GSOPEN;EURJPY;A2;08-06 17:18;1;08-06 17:18
2026-08-06T17:39:00.000+01:00,MAR1GSOPEN;EURJPY;B1;08-06 17:18;0;
2026-08-06T17:39:00.000+01:00,MAR1GSOPEN;EURJPY;C2;08-06 17:18;0;
2026-08-06T17:42:00.000+01:00,MAR1GSOPEN;EURJPY;A1;08-06 17:12;0;
2026-08-06T17:42:00.000+01:00,MAR1GSOPEN;EURJPY;A2;08-06 17:18;1;08-06 17:18
2026-08-06T17:42:00.000+01:00,MAR1GSOPEN;EURJPY;B1;08-06 17:18;0;
2026-08-06T17:42:00.000+01:00,MAR1GSOPEN;EURJPY;C2;08-06 17:18;0;
2026-08-06T17:45:00.000+01:00,MAR1GSOPEN;EURJPY;A1;08-06 17:12;0;
2026-08-06T17:45:00.000+01:00,MAR1GSOPEN;EURJPY;A2;08-06 17:18;1;08-06 17:18
2026-08-06T17:45:00.000+01:00,MAR1GSOPEN;EURJPY;B1;08-06 17:18;0;
2026-08-06T17:45:00.000+01:00,MAR1GSOPEN;EURJPY;C2;08-06 17:18;0;
2026-08-06T17:48:00.000+01:00,MAR1GSOPEN;EURJPY;A1;08-06 17:12;0;
2026-08-06T17:48:00.000+01:00,MAR1GSOPEN;EURJPY;A2;08-06 17:18;1;08-06 17:18
2026-08-06T17:48:00.000+01:00,MAR1GSOPEN;EURJPY;B1;08-06 17:18;0;
2026-08-06T17:48:00.000+01:00,MAR1GSOPEN;EURJPY;C2;08-06 17:18;0;
2026-08-06T17:51:00.000+01:00,MAR1GSOPEN;EURJPY;A1;08-06 17:12;0;
2026-08-06T17:51:00.000+01:00,MAR1GSOPEN;EURJPY;A2;08-06 17:18;1;08-06 17:18
2026-08-06T17:51:00.000+01:00,MAR1GSOPEN;EURJPY;B1;08-06 17:18;0;
2026-08-06T17:51:00.000+01:00,MAR1GSOPEN;EURJPY;C2;08-06 17:18;0;
2026-08-06T17:54:00.000+01:00,MAR1GSCLOSE;EURJPY;A1;08-06 17:54;08-06 17:57;1;long;08-06 17:54
2026-08-06T17:54:00.000+01:00,"MAR1GSCLOSE;EURJPY;A2;08-06 17:18;08-06 17:57;2;long;08-06 17:18,08-06 17:54"
2026-08-06T17:54:00.000+01:00,MAR1GSCLOSE;EURJPY;B1;08-06 17:54;08-06 17:57;1;long;08-06 17:54
2026-08-06T17:54:00.000+01:00,MAR1GSCLOSE;EURJPY;C2;08-06 17:54;08-06 17:57;1;long;08-06 17:54
2026-08-07T11:48:00.000+01:00,MAR1GSOPEN;EURJPY;A2;08-07 11:48;0;
2026-08-07T11:51:00.000+01:00,MAR1GSOPEN;EURJPY;A2;08-07 11:48;0;
2026-08-07T11:54:00.000+01:00,MAR1GSOPEN;EURJPY;A2;08-07 11:48;0;
2026-08-07T11:57:00.000+01:00,MAR1GSOPEN;EURJPY;A2;08-07 11:48;0;
2026-08-07T12:00:00.000+01:00,MAR1GSOPEN;EURJPY;A2;08-07 11:48;0;
2026-08-07T12:03:00.000+01:00,MAR1GSCLOSE;EURJPY;A2;08-07 12:03;08-07 12:06;1;short;08-07 12:03
2026-08-10T17:21:00.000+01:00,MAR1GSOPEN;EURJPY;A1;08-10 17:21;0;
2026-08-10T17:24:00.000+01:00,MAR1GSOPEN;EURJPY;A1;08-10 17:21;0;
2026-08-10T17:27:00.000+01:00,MAR1GSOPEN;EURJPY;A1;08-10 17:21;0;
2026-08-10T17:30:00.000+01:00,MAR1GSOPEN;EURJPY;A1;08-10 17:21;0;
2026-08-10T17:33:00.000+01:00,MAR1GSOPEN;EURJPY;A1;08-10 17:21;0;
2026-08-10T17:36:00.000+01:00,MAR1GSOPEN;EURJPY;A1;08-10 17:21;0;
2026-08-10T17:39:00.000+01:00,MAR1GSOPEN;EURJPY;A1;08-10 17:21;0;
2026-08-10T17:42:00.000+01:00,MAR1GSOPEN;EURJPY;A1;08-10 17:21;0;
2026-08-10T17:45:00.000+01:00,MAR1GSOPEN;EURJPY;A1;08-10 17:21;0;
2026-08-10T17:48:00.000+01:00,MAR1GSOPEN;EURJPY;A1;08-10 17:21;0;
2026-08-10T17:51:00.000+01:00,MAR1GSOPEN;EURJPY;A1;08-10 17:21;0;
2026-08-10T17:54:00.000+01:00,MAR1GSOPEN;EURJPY;A1;08-10 17:21;0;
2026-08-10T17:57:00.000+01:00,MAR1GSOPEN;EURJPY;A1;08-10 17:21;0;
2026-08-10T18:00:00.000+01:00,MAR1GSOPEN;EURJPY;A1;08-10 17:21;0;
2026-08-10T18:03:00.000+01:00,MAR1GSOPEN;EURJPY;A1;08-10 17:21;0;
2026-08-10T18:06:00.000+01:00,MAR1GSOPEN;EURJPY;A1;08-10 17:21;0;
2026-08-10T18:09:00.000+01:00,MAR1GSOPEN;EURJPY;A1;08-10 17:21;0;
2026-08-10T18:12:00.000+01:00,MAR1GSOPEN;EURJPY;A1;08-10 18:12;1;08-10 18:12
2026-08-10T18:12:00.000+01:00,MAR1GSOPEN;EURJPY;B2;08-10 18:12;0;
2026-08-10T18:15:00.000+01:00,"MAR1GSOPEN;EURJPY;A1;08-10 18:12;2;08-10 18:12,08-10 18:15"
2026-08-10T18:15:00.000+01:00,MAR1GSOPEN;EURJPY;A2;08-10 18:15;0;
2026-08-10T18:15:00.000+01:00,MAR1GSOPEN;EURJPY;B2;08-10 18:15;1;08-10 18:15
2026-08-10T18:18:00.000+01:00,"MAR1GSOPEN;EURJPY;A1;08-10 18:12;2;08-10 18:12,08-10 18:15"
2026-08-10T18:18:00.000+01:00,MAR1GSOPEN;EURJPY;A2;08-10 18:15;0;
2026-08-10T18:18:00.000+01:00,MAR1GSOPEN;EURJPY;B2;08-10 18:15;1;08-10 18:15
2026-08-10T18:21:00.000+01:00,"MAR1GSOPEN;EURJPY;A1;08-10 18:12;2;08-10 18:12,08-10 18:15"
2026-08-10T18:21:00.000+01:00,MAR1GSOPEN;EURJPY;A2;08-10 18:15;0;
2026-08-10T18:21:00.000+01:00,MAR1GSOPEN;EURJPY;B2;08-10 18:15;1;08-10 18:15
2026-08-10T18:24:00.000+01:00,"MAR1GSOPEN;EURJPY;A1;08-10 18:12;2;08-10 18:12,08-10 18:15"
2026-08-10T18:24:00.000+01:00,MAR1GSOPEN;EURJPY;A2;08-10 18:15;0;
2026-08-10T18:24:00.000+01:00,MAR1GSOPEN;EURJPY;B2;08-10 18:15;1;08-10 18:15
2026-08-10T18:27:00.000+01:00,"MAR1GSOPEN;EURJPY;A1;08-10 18:12;2;08-10 18:12,08-10 18:15"
2026-08-10T18:27:00.000+01:00,MAR1GSOPEN;EURJPY;A2;08-10 18:15;0;
2026-08-10T18:27:00.000+01:00,MAR1GSOPEN;EURJPY;B2;08-10 18:15;1;08-10 18:15
2026-08-10T18:30:00.000+01:00,"MAR1GSOPEN;EURJPY;A1;08-10 18:12;2;08-10 18:12,08-10 18:15"
2026-08-10T18:30:00.000+01:00,MAR1GSOPEN;EURJPY;A2;08-10 18:15;0;
2026-08-10T18:30:00.000+01:00,MAR1GSOPEN;EURJPY;B2;08-10 18:15;1;08-10 18:15
2026-08-10T18:33:00.000+01:00,"MAR1GSOPEN;EURJPY;A1;08-10 18:12;2;08-10 18:12,08-10 18:15"
2026-08-10T18:33:00.000+01:00,MAR1GSOPEN;EURJPY;A2;08-10 18:15;0;
2026-08-10T18:33:00.000+01:00,MAR1GSOPEN;EURJPY;B2;08-10 18:15;1;08-10 18:15
2026-08-10T18:36:00.000+01:00,"MAR1GSOPEN;EURJPY;A1;08-10 18:12;2;08-10 18:12,08-10 18:15"
2026-08-10T18:36:00.000+01:00,MAR1GSOPEN;EURJPY;A2;08-10 18:15;0;
2026-08-10T18:36:00.000+01:00,MAR1GSOPEN;EURJPY;B2;08-10 18:15;1;08-10 18:15
2026-08-10T18:39:00.000+01:00,"MAR1GSOPEN;EURJPY;A1;08-10 18:12;2;08-10 18:12,08-10 18:15"
2026-08-10T18:39:00.000+01:00,MAR1GSOPEN;EURJPY;A2;08-10 18:15;0;
2026-08-10T18:39:00.000+01:00,MAR1GSOPEN;EURJPY;B2;08-10 18:15;1;08-10 18:15
2026-08-10T18:42:00.000+01:00,"MAR1GSCLOSE;EURJPY;A1;08-10 18:12;08-10 18:45;3;long;08-10 18:12,08-10 18:15,08-10 18:42"
2026-08-10T18:42:00.000+01:00,MAR1GSCLOSE;EURJPY;A2;08-10 18:42;08-10 18:45;1;long;08-10 18:42
2026-08-10T18:42:00.000+01:00,"MAR1GSCLOSE;EURJPY;B2;08-10 18:15;08-10 18:45;2;long;08-10 18:15,08-10 18:42"
2026-08-11T08:15:00.000+01:00,MAR1GSOPEN;EURJPY;C2;08-11 08:15;0;
2026-08-11T08:18:00.000+01:00,MAR1GSCLOSE;EURJPY;C2;08-11 08:18;08-11 08:21;1;long;08-11 08:18
2026-08-11T15:36:00.000+01:00,MAR1GSOPEN;EURJPY;A1;08-11 15:36;0;
2026-08-11T15:36:00.000+01:00,MAR1GSOPEN;EURJPY;A2;08-11 15:36;0;
2026-08-11T15:39:00.000+01:00,MAR1GSOPEN;EURJPY;A1;08-11 15:36;0;
2026-08-11T15:39:00.000+01:00,MAR1GSOPEN;EURJPY;A2;08-11 15:36;0;
2026-08-11T15:42:00.000+01:00,MAR1GSOPEN;EURJPY;A1;08-11 15:36;0;
2026-08-11T15:42:00.000+01:00,MAR1GSOPEN;EURJPY;A2;08-11 15:36;0;
2026-08-11T15:45:00.000+01:00,MAR1GSCLOSE;EURJPY;A1;08-11 15:45;08-11 15:48;1;short;08-11 15:45
2026-08-11T15:45:00.000+01:00,MAR1GSCLOSE;EURJPY;A2;08-11 15:45;08-11 15:48;1;short;08-11 15:45
2026-08-11T16:45:00.000+01:00,MAR1GSOPEN;EURJPY;C2;08-11 16:45;0;
2026-08-11T16:48:00.000+01:00,MAR1GSCLOSE;EURJPY;C2;08-11 16:48;08-11 16:51;1;long;08-11 16:48
2026-07-27T10:24:00.000+01:00,MAR1GSOPEN;EURJPY;A1;07-27 10:24;0;
2026-07-27T10:27:00.000+01:00,MAR1GSOPEN;EURJPY;A1;07-27 10:24;0;
2026-07-27T10:30:00.000+01:00,MAR1GSOPEN;EURJPY;A1;07-27 10:24;0;
2026-07-27T10:33:00.000+01:00,MAR1GSOPEN;EURJPY;A1;07-27 10:24;0;
2026-07-27T10:36:00.000+01:00,MAR1GSOPEN;EURJPY;A1;07-27 10:24;0;
2026-07-27T10:39:00.000+01:00,MAR1GSOPEN;EURJPY;A1;07-27 10:24;0;
2026-07-27T10:42:00.000+01:00,MAR1GSOPEN;EURJPY;A1;07-27 10:24;0;
2026-07-27T10:45:00.000+01:00,MAR1GSOPEN;EURJPY;A1;07-27 10:24;0;
2026-07-27T10:48:00.000+01:00,MAR1GSOPEN;EURJPY;A1;07-27 10:24;0;
2026-07-27T10:51:00.000+01:00,MAR1GSOPEN;EURJPY;A1;07-27 10:24;0;
2026-07-27T10:54:00.000+01:00,MAR1GSOPEN;EURJPY;A1;07-27 10:24;0;
2026-07-27T10:57:00.000+01:00,MAR1GSOPEN;EURJPY;A1;07-27 10:24;0;
2026-07-27T11:00:00.000+01:00,MAR1GSOPEN;EURJPY;A1;07-27 10:24;0;
2026-07-27T11:03:00.000+01:00,MAR1GSOPEN;EURJPY;A1;07-27 10:24;0;
2026-07-27T11:06:00.000+01:00,MAR1GSOPEN;EURJPY;A1;07-27 10:24;0;
2026-07-27T11:09:00.000+01:00,MAR1GSOPEN;EURJPY;A1;07-27 10:24;0;
2026-07-27T11:12:00.000+01:00,MAR1GSOPEN;EURJPY;A1;07-27 10:24;0;
2026-07-27T11:15:00.000+01:00,MAR1GSOPEN;EURJPY;A1;07-27 10:24;0;
2026-07-27T11:18:00.000+01:00,MAR1GSOPEN;EURJPY;A1;07-27 10:24;0;
2026-07-27T11:21:00.000+01:00,MAR1GSOPEN;EURJPY;A1;07-27 10:24;0;
2026-07-27T11:24:00.000+01:00,MAR1GSOPEN;EURJPY;A1;07-27 10:24;0;
2026-07-27T11:27:00.000+01:00,MAR1GSOPEN;EURJPY;A1;07-27 10:24;0;
2026-07-27T11:30:00.000+01:00,MAR1GSOPEN;EURJPY;A1;07-27 10:24;0;
2026-07-27T11:33:00.000+01:00,MAR1GSOPEN;EURJPY;A1;07-27 10:24;0;
2026-07-27T11:36:00.000+01:00,MAR1GSOPEN;EURJPY;A1;07-27 10:24;0;
2026-07-27T11:39:00.000+01:00,MAR1GSOPEN;EURJPY;A1;07-27 10:24;0;
2026-07-27T11:42:00.000+01:00,MAR1GSOPEN;EURJPY;A1;07-27 10:24;0;
2026-07-27T11:45:00.000+01:00,MAR1GSOPEN;EURJPY;A1;07-27 10:24;0;
2026-07-27T11:48:00.000+01:00,MAR1GSCLOSE;EURJPY;A1;07-27 11:48;07-27 11:51;1;long;07-27 11:48
2026-07-28T08:27:00.000+01:00,MAR1GSOPEN;EURJPY;C1;07-28 08:27;0;
2026-07-28T08:30:00.000+01:00,MAR1GSOPEN;EURJPY;A1;07-28 08:30;0;
2026-07-28T08:30:00.000+01:00,MAR1GSOPEN;EURJPY;A2;07-28 08:30;0;
2026-07-28T08:30:00.000+01:00,MAR1GSOPEN;EURJPY;C1;07-28 08:30;1;07-28 08:30
2026-07-28T08:30:00.000+01:00,MAR1GSOPEN;EURJPY;C2;07-28 08:30;0;
2026-07-28T08:33:00.000+01:00,MAR1GSOPEN;EURJPY;A1;07-28 08:30;0;
2026-07-28T08:33:00.000+01:00,MAR1GSOPEN;EURJPY;A2;07-28 08:30;0;
2026-07-28T08:33:00.000+01:00,MAR1GSOPEN;EURJPY;C1;07-28 08:30;1;07-28 08:30
2026-07-28T08:33:00.000+01:00,MAR1GSOPEN;EURJPY;C2;07-28 08:30;0;
2026-07-28T08:36:00.000+01:00,MAR1GSOPEN;EURJPY;A1;07-28 08:30;0;
2026-07-28T08:36:00.000+01:00,MAR1GSOPEN;EURJPY;A2;07-28 08:36;1;07-28 08:36
2026-07-28T08:36:00.000+01:00,MAR1GSOPEN;EURJPY;B1;07-28 08:36;0;
2026-07-28T08:36:00.000+01:00,"MAR1GSOPEN;EURJPY;C1;07-28 08:30;2;07-28 08:30,07-28 08:36"
2026-07-28T08:36:00.000+01:00,MAR1GSOPEN;EURJPY;C2;07-28 08:30;0;
2026-07-28T08:39:00.000+01:00,MAR1GSOPEN;EURJPY;A1;07-28 08:30;0;
2026-07-28T08:39:00.000+01:00,MAR1GSOPEN;EURJPY;A2;07-28 08:36;1;07-28 08:36
2026-07-28T08:39:00.000+01:00,MAR1GSOPEN;EURJPY;B1;07-28 08:36;0;
2026-07-28T08:39:00.000+01:00,"MAR1GSOPEN;EURJPY;C1;07-28 08:30;2;07-28 08:30,07-28 08:36"
2026-07-28T08:39:00.000+01:00,MAR1GSOPEN;EURJPY;C2;07-28 08:30;0;
2026-07-28T08:42:00.000+01:00,MAR1GSOPEN;EURJPY;A1;07-28 08:30;0;
2026-07-28T08:42:00.000+01:00,MAR1GSOPEN;EURJPY;A2;07-28 08:36;1;07-28 08:36
2026-07-28T08:42:00.000+01:00,MAR1GSOPEN;EURJPY;B1;07-28 08:36;0;
2026-07-28T08:42:00.000+01:00,"MAR1GSOPEN;EURJPY;C1;07-28 08:30;2;07-28 08:30,07-28 08:36"
2026-07-28T08:42:00.000+01:00,MAR1GSOPEN;EURJPY;C2;07-28 08:30;0;
2026-07-28T08:45:00.000+01:00,MAR1GSOPEN;EURJPY;A1;07-28 08:30;0;
2026-07-28T08:45:00.000+01:00,MAR1GSOPEN;EURJPY;A2;07-28 08:36;1;07-28 08:36
2026-07-28T08:45:00.000+01:00,MAR1GSOPEN;EURJPY;B1;07-28 08:36;0;
2026-07-28T08:45:00.000+01:00,"MAR1GSOPEN;EURJPY;C1;07-28 08:30;2;07-28 08:30,07-28 08:36"
2026-07-28T08:45:00.000+01:00,MAR1GSOPEN;EURJPY;C2;07-28 08:30;0;
2026-07-28T08:48:00.000+01:00,MAR1GSOPEN;EURJPY;A1;07-28 08:30;0;
2026-07-28T08:48:00.000+01:00,MAR1GSOPEN;EURJPY;A2;07-28 08:36;1;07-28 08:36
2026-07-28T08:48:00.000+01:00,MAR1GSOPEN;EURJPY;B1;07-28 08:36;0;
2026-07-28T08:48:00.000+01:00,"MAR1GSOPEN;EURJPY;C1;07-28 08:30;2;07-28 08:30,07-28 08:36"
2026-07-28T08:48:00.000+01:00,MAR1GSOPEN;EURJPY;C2;07-28 08:30;0;
2026-07-28T08:51:00.000+01:00,MAR1GSOPEN;EURJPY;A1;07-28 08:30;0;
2026-07-28T08:51:00.000+01:00,MAR1GSOPEN;EURJPY;A2;07-28 08:36;1;07-28 08:36
2026-07-28T08:51:00.000+01:00,MAR1GSOPEN;EURJPY;B1;07-28 08:36;0;
2026-07-28T08:51:00.000+01:00,"MAR1GSOPEN;EURJPY;C1;07-28 08:30;2;07-28 08:30,07-28 08:36"
2026-07-28T08:51:00.000+01:00,MAR1GSOPEN;EURJPY;C2;07-28 08:30;0;
2026-07-28T08:54:00.000+01:00,MAR1GSOPEN;EURJPY;A1;07-28 08:30;0;
2026-07-28T08:54:00.000+01:00,MAR1GSOPEN;EURJPY;A2;07-28 08:36;1;07-28 08:36
2026-07-28T08:54:00.000+01:00,MAR1GSOPEN;EURJPY;B1;07-28 08:36;0;
2026-07-28T08:54:00.000+01:00,"MAR1GSOPEN;EURJPY;C1;07-28 08:30;2;07-28 08:30,07-28 08:36"
2026-07-28T08:54:00.000+01:00,MAR1GSOPEN;EURJPY;C2;07-28 08:30;0;
2026-07-28T08:57:00.000+01:00,MAR1GSOPEN;EURJPY;A1;07-28 08:30;0;
2026-07-28T08:57:00.000+01:00,MAR1GSOPEN;EURJPY;A2;07-28 08:36;1;07-28 08:36
2026-07-28T08:57:00.000+01:00,MAR1GSOPEN;EURJPY;B1;07-28 08:36;0;
2026-07-28T08:57:00.000+01:00,"MAR1GSOPEN;EURJPY;C1;07-28 08:30;2;07-28 08:30,07-28 08:36"
2026-07-28T08:57:00.000+01:00,MAR1GSOPEN;EURJPY;C2;07-28 08:30;0;
2026-07-28T09:00:00.000+01:00,MAR1GSOPEN;EURJPY;A1;07-28 08:30;0;
2026-07-28T09:00:00.000+01:00,MAR1GSOPEN;EURJPY;A2;07-28 08:36;1;07-28 08:36
2026-07-28T09:00:00.000+01:00,MAR1GSOPEN;EURJPY;B1;07-28 08:36;0;
2026-07-28T09:00:00.000+01:00,"MAR1GSOPEN;EURJPY;C1;07-28 08:30;2;07-28 08:30,07-28 08:36"
2026-07-28T09:00:00.000+01:00,MAR1GSOPEN;EURJPY;C2;07-28 08:30;0;
2026-07-28T09:03:00.000+01:00,MAR1GSOPEN;EURJPY;A1;07-28 08:30;0;
2026-07-28T09:03:00.000+01:00,MAR1GSOPEN;EURJPY;A2;07-28 08:36;1;07-28 08:36
2026-07-28T09:03:00.000+01:00,MAR1GSOPEN;EURJPY;B1;07-28 08:36;0;
2026-07-28T09:03:00.000+01:00,"MAR1GSOPEN;EURJPY;C1;07-28 08:30;2;07-28 08:30,07-28 08:36"
2026-07-28T09:03:00.000+01:00,MAR1GSOPEN;EURJPY;C2;07-28 08:30;0;
2026-07-28T09:06:00.000+01:00,MAR1GSOPEN;EURJPY;A1;07-28 08:30;0;
2026-07-28T09:06:00.000+01:00,MAR1GSOPEN;EURJPY;A2;07-28 08:36;1;07-28 08:36
2026-07-28T09:06:00.000+01:00,MAR1GSOPEN;EURJPY;B1;07-28 08:36;0;
2026-07-28T09:06:00.000+01:00,"MAR1GSOPEN;EURJPY;C1;07-28 08:30;2;07-28 08:30,07-28 08:36"
2026-07-28T09:06:00.000+01:00,MAR1GSOPEN;EURJPY;C2;07-28 08:30;0;
2026-07-28T09:09:00.000+01:00,MAR1GSOPEN;EURJPY;A1;07-28 08:30;0;
2026-07-28T09:09:00.000+01:00,MAR1GSOPEN;EURJPY;A2;07-28 08:36;1;07-28 08:36
2026-07-28T09:09:00.000+01:00,MAR1GSOPEN;EURJPY;B1;07-28 08:36;0;
2026-07-28T09:09:00.000+01:00,"MAR1GSOPEN;EURJPY;C1;07-28 08:30;2;07-28 08:30,07-28 08:36"
2026-07-28T09:09:00.000+01:00,MAR1GSOPEN;EURJPY;C2;07-28 08:30;0;
2026-07-28T09:12:00.000+01:00,MAR1GSOPEN;EURJPY;A1;07-28 08:30;0;
2026-07-28T09:12:00.000+01:00,MAR1GSOPEN;EURJPY;A2;07-28 08:36;1;07-28 08:36
2026-07-28T09:12:00.000+01:00,MAR1GSOPEN;EURJPY;B1;07-28 08:36;0;
2026-07-28T09:12:00.000+01:00,"MAR1GSOPEN;EURJPY;C1;07-28 08:30;2;07-28 08:30,07-28 08:36"
2026-07-28T09:12:00.000+01:00,MAR1GSOPEN;EURJPY;C2;07-28 08:30;0;
2026-07-28T09:15:00.000+01:00,MAR1GSOPEN;EURJPY;A1;07-28 08:30;0;
2026-07-28T09:15:00.000+01:00,MAR1GSOPEN;EURJPY;A2;07-28 08:36;1;07-28 08:36
2026-07-28T09:15:00.000+01:00,MAR1GSOPEN;EURJPY;B1;07-28 08:36;0;
2026-07-28T09:15:00.000+01:00,"MAR1GSOPEN;EURJPY;C1;07-28 08:30;2;07-28 08:30,07-28 08:36"
2026-07-28T09:15:00.000+01:00,MAR1GSOPEN;EURJPY;C2;07-28 08:30;0;
2026-07-28T09:18:00.000+01:00,MAR1GSOPEN;EURJPY;A1;07-28 08:30;0;
2026-07-28T09:18:00.000+01:00,MAR1GSOPEN;EURJPY;A2;07-28 08:36;1;07-28 08:36
2026-07-28T09:18:00.000+01:00,MAR1GSOPEN;EURJPY;B1;07-28 08:36;0;
2026-07-28T09:18:00.000+01:00,"MAR1GSOPEN;EURJPY;C1;07-28 08:30;2;07-28 08:30,07-28 08:36"
2026-07-28T09:18:00.000+01:00,MAR1GSOPEN;EURJPY;C2;07-28 08:30;0;
2026-07-28T09:21:00.000+01:00,MAR1GSOPEN;EURJPY;A1;07-28 08:30;0;
2026-07-28T09:21:00.000+01:00,MAR1GSOPEN;EURJPY;A2;07-28 08:36;1;07-28 08:36
2026-07-28T09:21:00.000+01:00,MAR1GSOPEN;EURJPY;B1;07-28 08:36;0;
2026-07-28T09:21:00.000+01:00,"MAR1GSOPEN;EURJPY;C1;07-28 08:30;2;07-28 08:30,07-28 08:36"
2026-07-28T09:21:00.000+01:00,MAR1GSOPEN;EURJPY;C2;07-28 08:30;0;
2026-07-28T09:24:00.000+01:00,MAR1GSOPEN;EURJPY;A1;07-28 08:30;0;
2026-07-28T09:24:00.000+01:00,MAR1GSOPEN;EURJPY;A2;07-28 08:36;1;07-28 08:36
2026-07-28T09:24:00.000+01:00,MAR1GSOPEN;EURJPY;B1;07-28 08:36;0;
2026-07-28T09:24:00.000+01:00,"MAR1GSOPEN;EURJPY;C1;07-28 08:30;2;07-28 08:30,07-28 08:36"
2026-07-28T09:24:00.000+01:00,MAR1GSOPEN;EURJPY;C2;07-28 08:30;0;
2026-07-28T09:27:00.000+01:00,MAR1GSCLOSE;EURJPY;A1;07-28 09:27;07-28 09:30;1;long;07-28 09:27
2026-07-28T09:27:00.000+01:00,"MAR1GSCLOSE;EURJPY;A2;07-28 08:36;07-28 09:30;2;long;07-28 08:36,07-28 09:27"
2026-07-28T09:27:00.000+01:00,MAR1GSCLOSE;EURJPY;B1;07-28 09:27;07-28 09:30;1;long;07-28 09:27
2026-07-28T09:27:00.000+01:00,"MAR1GSCLOSE;EURJPY;C1;07-28 08:30;07-28 09:30;3;long;07-28 08:30,07-28 08:36,07-28 09:27"
2026-07-28T09:27:00.000+01:00,MAR1GSCLOSE;EURJPY;C2;07-28 09:27;07-28 09:30;1;long;07-28 09:27
2026-07-28T12:48:00.000+01:00,MAR1GSOPEN;EURJPY;A2;07-28 12:48;0;
2026-07-28T12:51:00.000+01:00,MAR1GSOPEN;EURJPY;A2;07-28 12:48;0;
2026-07-28T12:54:00.000+01:00,MAR1GSOPEN;EURJPY;A2;07-28 12:48;0;
2026-07-28T12:57:00.000+01:00,MAR1GSOPEN;EURJPY;A2;07-28 12:48;0;
2026-07-28T13:00:00.000+01:00,MAR1GSOPEN;EURJPY;A2;07-28 12:48;0;
2026-07-28T13:03:00.000+01:00,MAR1GSOPEN;EURJPY;A2;07-28 12:48;0;
2026-07-28T13:06:00.000+01:00,MAR1GSOPEN;EURJPY;A2;07-28 12:48;0;
2026-07-28T13:09:00.000+01:00,MAR1GSOPEN;EURJPY;A2;07-28 12:48;0;
2026-07-28T13:12:00.000+01:00,MAR1GSOPEN;EURJPY;A2;07-28 12:48;0;
2026-07-28T13:15:00.000+01:00,MAR1GSOPEN;EURJPY;A2;07-28 12:48;0;
2026-07-28T13:18:00.000+01:00,MAR1GSOPEN;EURJPY;A2;07-28 12:48;0;
2026-07-28T13:21:00.000+01:00,MAR1GSOPEN;EURJPY;A2;07-28 12:48;0;
2026-07-28T13:24:00.000+01:00,MAR1GSOPEN;EURJPY;A2;07-28 12:48;0;
2026-07-28T13:27:00.000+01:00,MAR1GSOPEN;EURJPY;A2;07-28 12:48;0;
2026-07-28T13:30:00.000+01:00,MAR1GSOPEN;EURJPY;A2;07-28 12:48;0;
2026-07-28T13:33:00.000+01:00,MAR1GSOPEN;EURJPY;A2;07-28 12:48;0;
2026-07-28T13:36:00.000+01:00,MAR1GSOPEN;EURJPY;A1;07-28 13:36;0;
2026-07-28T13:36:00.000+01:00,MAR1GSOPEN;EURJPY;A2;07-28 13:36;1;07-28 13:36
2026-07-28T13:36:00.000+01:00,MAR1GSOPEN;EURJPY;B1;07-28 13:36;0;
2026-07-28T13:39:00.000+01:00,MAR1GSOPEN;EURJPY;A1;07-28 13:39;1;07-28 13:39
2026-07-28T13:39:00.000+01:00,"MAR1GSOPEN;EURJPY;A2;07-28 13:36;2;07-28 13:36,07-28 13:39"
2026-07-28T13:39:00.000+01:00,MAR1GSOPEN;EURJPY;B1;07-28 13:39;1;07-28 13:39
2026-07-28T13:39:00.000+01:00,MAR1GSOPEN;EURJPY;B2;07-28 13:39;0;
2026-07-28T13:42:00.000+01:00,MAR1GSOPEN;EURJPY;A1;07-28 13:39;1;07-28 13:39
2026-07-28T13:42:00.000+01:00,"MAR1GSOPEN;EURJPY;A2;07-28 13:36;2;07-28 13:36,07-28 13:39"
2026-07-28T13:42:00.000+01:00,MAR1GSOPEN;EURJPY;B1;07-28 13:39;1;07-28 13:39
2026-07-28T13:42:00.000+01:00,MAR1GSOPEN;EURJPY;B2;07-28 13:39;0;
2026-07-28T13:45:00.000+01:00,"MAR1GSOPEN;EURJPY;A1;07-28 13:39;2;07-28 13:39,07-28 13:45"
2026-07-28T13:45:00.000+01:00,"MAR1GSOPEN;EURJPY;A2;07-28 13:36;3;07-28 13:36,07-28 13:39,07-28 13:45"
2026-07-28T13:45:00.000+01:00,"MAR1GSOPEN;EURJPY;B1;07-28 13:39;2;07-28 13:39,07-28 13:45"
2026-07-28T13:45:00.000+01:00,MAR1GSOPEN;EURJPY;B2;07-28 13:45;1;07-28 13:45
2026-07-28T13:45:00.000+01:00,MAR1GSOPEN;EURJPY;C1;07-28 13:45;1;07-28 13:45
2026-07-28T13:48:00.000+01:00,"MAR1GSOPEN;EURJPY;A1;07-28 13:39;3;07-28 13:39,07-28 13:45,07-28 13:48"
2026-07-28T13:48:00.000+01:00,"MAR1GSOPEN;EURJPY;A2;07-28 13:36;3;07-28 13:36,07-28 13:39,07-28 13:45"
2026-07-28T13:48:00.000+01:00,"MAR1GSOPEN;EURJPY;B1;07-28 13:39;2;07-28 13:39,07-28 13:45"
2026-07-28T13:48:00.000+01:00,"MAR1GSOPEN;EURJPY;B2;07-28 13:45;2;07-28 13:45,07-28 13:48"
2026-07-28T13:48:00.000+01:00,MAR1GSOPEN;EURJPY;C1;07-28 13:45;1;07-28 13:45
2026-07-28T13:48:00.000+01:00,MAR1GSOPEN;EURJPY;D1;07-28 13:48;0;
2026-07-28T13:51:00.000+01:00,"MAR1GSOPEN;EURJPY;A1;07-28 13:39;3;07-28 13:39,07-28 13:45,07-28 13:48"
2026-07-28T13:51:00.000+01:00,"MAR1GSOPEN;EURJPY;A2;07-28 13:36;3;07-28 13:36,07-28 13:39,07-28 13:45"
2026-07-28T13:51:00.000+01:00,"MAR1GSOPEN;EURJPY;B1;07-28 13:39;2;07-28 13:39,07-28 13:45"
2026-07-28T13:51:00.000+01:00,"MAR1GSOPEN;EURJPY;B2;07-28 13:45;2;07-28 13:45,07-28 13:48"
2026-07-28T13:51:00.000+01:00,MAR1GSOPEN;EURJPY;C1;07-28 13:45;1;07-28 13:45
2026-07-28T13:51:00.000+01:00,MAR1GSOPEN;EURJPY;D1;07-28 13:48;0;
2026-07-28T13:54:00.000+01:00,"MAR1GSOPEN;EURJPY;A1;07-28 13:39;3;07-28 13:39,07-28 13:45,07-28 13:48"
2026-07-28T13:54:00.000+01:00,"MAR1GSOPEN;EURJPY;A2;07-28 13:36;3;07-28 13:36,07-28 13:39,07-28 13:45"
2026-07-28T13:54:00.000+01:00,"MAR1GSOPEN;EURJPY;B1;07-28 13:39;2;07-28 13:39,07-28 13:45"
2026-07-28T13:54:00.000+01:00,"MAR1GSOPEN;EURJPY;B2;07-28 13:45;2;07-28 13:45,07-28 13:48"
2026-07-28T13:54:00.000+01:00,MAR1GSOPEN;EURJPY;C1;07-28 13:45;1;07-28 13:45
2026-07-28T13:54:00.000+01:00,MAR1GSOPEN;EURJPY;D1;07-28 13:48;0;
2026-07-28T13:57:00.000+01:00,"MAR1GSOPEN;EURJPY;A1;07-28 13:39;3;07-28 13:39,07-28 13:45,07-28 13:48"
2026-07-28T13:57:00.000+01:00,"MAR1GSOPEN;EURJPY;A2;07-28 13:36;3;07-28 13:36,07-28 13:39,07-28 13:45"
2026-07-28T13:57:00.000+01:00,"MAR1GSOPEN;EURJPY;B1;07-28 13:39;2;07-28 13:39,07-28 13:45"
2026-07-28T13:57:00.000+01:00,"MAR1GSOPEN;EURJPY;B2;07-28 13:45;2;07-28 13:45,07-28 13:48"
2026-07-28T13:57:00.000+01:00,MAR1GSOPEN;EURJPY;C1;07-28 13:45;1;07-28 13:45
2026-07-28T13:57:00.000+01:00,MAR1GSOPEN;EURJPY;D1;07-28 13:48;0;
2026-07-28T14:00:00.000+01:00,"MAR1GSOPEN;EURJPY;A1;07-28 13:39;3;07-28 13:39,07-28 13:45,07-28 13:48"
2026-07-28T14:00:00.000+01:00,"MAR1GSOPEN;EURJPY;A2;07-28 13:36;3;07-28 13:36,07-28 13:39,07-28 13:45"
2026-07-28T14:00:00.000+01:00,"MAR1GSOPEN;EURJPY;B1;07-28 13:39;2;07-28 13:39,07-28 13:45"
2026-07-28T14:00:00.000+01:00,"MAR1GSOPEN;EURJPY;B2;07-28 13:45;2;07-28 13:45,07-28 13:48"
2026-07-28T14:00:00.000+01:00,MAR1GSOPEN;EURJPY;C1;07-28 13:45;1;07-28 13:45
2026-07-28T14:00:00.000+01:00,MAR1GSOPEN;EURJPY;D1;07-28 13:48;0;
2026-07-28T14:03:00.000+01:00,"MAR1GSOPEN;EURJPY;A1;07-28 13:39;3;07-28 13:39,07-28 13:45,07-28 13:48"
2026-07-28T14:03:00.000+01:00,"MAR1GSOPEN;EURJPY;A2;07-28 13:36;3;07-28 13:36,07-28 13:39,07-28 13:45"
2026-07-28T14:03:00.000+01:00,"MAR1GSOPEN;EURJPY;B1;07-28 13:39;2;07-28 13:39,07-28 13:45"
2026-07-28T14:03:00.000+01:00,"MAR1GSOPEN;EURJPY;B2;07-28 13:45;2;07-28 13:45,07-28 13:48"
2026-07-28T14:03:00.000+01:00,MAR1GSOPEN;EURJPY;C1;07-28 13:45;1;07-28 13:45
2026-07-28T14:03:00.000+01:00,MAR1GSOPEN;EURJPY;D1;07-28 13:48;0;
2026-07-28T14:06:00.000+01:00,"MAR1GSOPEN;EURJPY;A1;07-28 13:39;3;07-28 13:39,07-28 13:45,07-28 13:48"
2026-07-28T14:06:00.000+01:00,"MAR1GSOPEN;EURJPY;A2;07-28 13:36;3;07-28 13:36,07-28 13:39,07-28 13:45"
2026-07-28T14:06:00.000+01:00,"MAR1GSOPEN;EURJPY;B1;07-28 13:39;2;07-28 13:39,07-28 13:45"
2026-07-28T14:06:00.000+01:00,"MAR1GSOPEN;EURJPY;B2;07-28 13:45;2;07-28 13:45,07-28 13:48"
2026-07-28T14:06:00.000+01:00,MAR1GSOPEN;EURJPY;C1;07-28 13:45;1;07-28 13:45
2026-07-28T14:06:00.000+01:00,MAR1GSOPEN;EURJPY;D1;07-28 13:48;0;
2026-07-28T14:09:00.000+01:00,"MAR1GSOPEN;EURJPY;A1;07-28 13:39;3;07-28 13:39,07-28 13:45,07-28 13:48"
2026-07-28T14:09:00.000+01:00,"MAR1GSOPEN;EURJPY;A2;07-28 13:36;3;07-28 13:36,07-28 13:39,07-28 13:45"
2026-07-28T14:09:00.000+01:00,"MAR1GSOPEN;EURJPY;B1;07-28 13:39;2;07-28 13:39,07-28 13:45"
2026-07-28T14:09:00.000+01:00,"MAR1GSOPEN;EURJPY;B2;07-28 13:45;2;07-28 13:45,07-28 13:48"
2026-07-28T14:09:00.000+01:00,MAR1GSOPEN;EURJPY;C1;07-28 13:45;1;07-28 13:45
2026-07-28T14:09:00.000+01:00,MAR1GSOPEN;EURJPY;D1;07-28 13:48;0;
2026-07-28T14:12:00.000+01:00,"MAR1GSOPEN;EURJPY;A1;07-28 13:39;3;07-28 13:39,07-28 13:45,07-28 13:48"
2026-07-28T14:12:00.000+01:00,"MAR1GSOPEN;EURJPY;A2;07-28 13:36;3;07-28 13:36,07-28 13:39,07-28 13:45"
2026-07-28T14:12:00.000+01:00,"MAR1GSOPEN;EURJPY;B1;07-28 13:39;2;07-28 13:39,07-28 13:45"
2026-07-28T14:12:00.000+01:00,"MAR1GSOPEN;EURJPY;B2;07-28 13:45;2;07-28 13:45,07-28 13:48"
2026-07-28T14:12:00.000+01:00,MAR1GSOPEN;EURJPY;C1;07-28 13:45;1;07-28 13:45
2026-07-28T14:12:00.000+01:00,MAR1GSOPEN;EURJPY;D1;07-28 13:48;0;
2026-07-28T14:15:00.000+01:00,"MAR1GSOPEN;EURJPY;A1;07-28 13:39;3;07-28 13:39,07-28 13:45,07-28 13:48"
2026-07-28T14:15:00.000+01:00,"MAR1GSOPEN;EURJPY;A2;07-28 13:36;3;07-28 13:36,07-28 13:39,07-28 13:45"
2026-07-28T14:15:00.000+01:00,"MAR1GSOPEN;EURJPY;B1;07-28 13:39;2;07-28 13:39,07-28 13:45"
2026-07-28T14:15:00.000+01:00,"MAR1GSOPEN;EURJPY;B2;07-28 13:45;2;07-28 13:45,07-28 13:48"
2026-07-28T14:15:00.000+01:00,MAR1GSOPEN;EURJPY;C1;07-28 13:45;1;07-28 13:45
2026-07-28T14:15:00.000+01:00,MAR1GSOPEN;EURJPY;D1;07-28 13:48;0;
2026-07-28T14:18:00.000+01:00,"MAR1GSOPEN;EURJPY;A1;07-28 13:39;3;07-28 13:39,07-28 13:45,07-28 13:48"
2026-07-28T14:18:00.000+01:00,"MAR1GSOPEN;EURJPY;A2;07-28 13:36;3;07-28 13:36,07-28 13:39,07-28 13:45"
2026-07-28T14:18:00.000+01:00,"MAR1GSOPEN;EURJPY;B1;07-28 13:39;2;07-28 13:39,07-28 13:45"
2026-07-28T14:18:00.000+01:00,"MAR1GSOPEN;EURJPY;B2;07-28 13:45;2;07-28 13:45,07-28 13:48"
2026-07-28T14:18:00.000+01:00,MAR1GSOPEN;EURJPY;C1;07-28 13:45;1;07-28 13:45
2026-07-28T14:18:00.000+01:00,MAR1GSOPEN;EURJPY;D1;07-28 13:48;0;
2026-07-28T14:21:00.000+01:00,"MAR1GSOPEN;EURJPY;A1;07-28 13:39;3;07-28 13:39,07-28 13:45,07-28 13:48"
2026-07-28T14:21:00.000+01:00,"MAR1GSOPEN;EURJPY;A2;07-28 13:36;3;07-28 13:36,07-28 13:39,07-28 13:45"
2026-07-28T14:21:00.000+01:00,"MAR1GSOPEN;EURJPY;B1;07-28 13:39;2;07-28 13:39,07-28 13:45"
2026-07-28T14:21:00.000+01:00,"MAR1GSOPEN;EURJPY;B2;07-28 13:45;2;07-28 13:45,07-28 13:48"
2026-07-28T14:21:00.000+01:00,MAR1GSOPEN;EURJPY;C1;07-28 13:45;1;07-28 13:45
2026-07-28T14:21:00.000+01:00,MAR1GSOPEN;EURJPY;D1;07-28 13:48;0;
2026-07-28T14:24:00.000+01:00,"MAR1GSOPEN;EURJPY;A1;07-28 13:39;3;07-28 13:39,07-28 13:45,07-28 13:48"
2026-07-28T14:24:00.000+01:00,"MAR1GSOPEN;EURJPY;A2;07-28 13:36;3;07-28 13:36,07-28 13:39,07-28 13:45"
2026-07-28T14:24:00.000+01:00,"MAR1GSOPEN;EURJPY;B1;07-28 13:39;2;07-28 13:39,07-28 13:45"
2026-07-28T14:24:00.000+01:00,"MAR1GSOPEN;EURJPY;B2;07-28 13:45;2;07-28 13:45,07-28 13:48"
2026-07-28T14:24:00.000+01:00,MAR1GSOPEN;EURJPY;C1;07-28 13:45;1;07-28 13:45
2026-07-28T14:24:00.000+01:00,MAR1GSOPEN;EURJPY;D1;07-28 13:48;0;
2026-07-28T14:27:00.000+01:00,"MAR1GSOPEN;EURJPY;A1;07-28 13:39;3;07-28 13:39,07-28 13:45,07-28 13:48"
2026-07-28T14:27:00.000+01:00,"MAR1GSOPEN;EURJPY;A2;07-28 13:36;3;07-28 13:36,07-28 13:39,07-28 13:45"
2026-07-28T14:27:00.000+01:00,"MAR1GSOPEN;EURJPY;B1;07-28 13:39;2;07-28 13:39,07-28 13:45"
2026-07-28T14:27:00.000+01:00,"MAR1GSOPEN;EURJPY;B2;07-28 13:45;2;07-28 13:45,07-28 13:48"
2026-07-28T14:27:00.000+01:00,MAR1GSOPEN;EURJPY;C1;07-28 13:45;1;07-28 13:45
2026-07-28T14:27:00.000+01:00,MAR1GSOPEN;EURJPY;D1;07-28 13:48;0;
2026-07-28T14:30:00.000+01:00,"MAR1GSOPEN;EURJPY;A1;07-28 13:39;3;07-28 13:39,07-28 13:45,07-28 13:48"
2026-07-28T14:30:00.000+01:00,"MAR1GSOPEN;EURJPY;A2;07-28 13:36;3;07-28 13:36,07-28 13:39,07-28 13:45"
2026-07-28T14:30:00.000+01:00,"MAR1GSOPEN;EURJPY;B1;07-28 13:39;2;07-28 13:39,07-28 13:45"
2026-07-28T14:30:00.000+01:00,"MAR1GSOPEN;EURJPY;B2;07-28 13:45;2;07-28 13:45,07-28 13:48"
2026-07-28T14:30:00.000+01:00,MAR1GSOPEN;EURJPY;C1;07-28 13:45;1;07-28 13:45
2026-07-28T14:30:00.000+01:00,MAR1GSOPEN;EURJPY;D1;07-28 13:48;0;
2026-07-28T14:33:00.000+01:00,"MAR1GSOPEN;EURJPY;A1;07-28 13:39;3;07-28 13:39,07-28 13:45,07-28 13:48"
2026-07-28T14:33:00.000+01:00,"MAR1GSOPEN;EURJPY;A2;07-28 13:36;3;07-28 13:36,07-28 13:39,07-28 13:45"
2026-07-28T14:33:00.000+01:00,"MAR1GSOPEN;EURJPY;B1;07-28 13:39;2;07-28 13:39,07-28 13:45"
2026-07-28T14:33:00.000+01:00,"MAR1GSOPEN;EURJPY;B2;07-28 13:45;2;07-28 13:45,07-28 13:48"
2026-07-28T14:33:00.000+01:00,MAR1GSOPEN;EURJPY;C1;07-28 13:45;1;07-28 13:45
2026-07-28T14:33:00.000+01:00,MAR1GSOPEN;EURJPY;D1;07-28 13:48;0;
2026-07-28T14:36:00.000+01:00,"MAR1GSOPEN;EURJPY;A1;07-28 13:39;3;07-28 13:39,07-28 13:45,07-28 13:48"
2026-07-28T14:36:00.000+01:00,"MAR1GSOPEN;EURJPY;A2;07-28 13:36;3;07-28 13:36,07-28 13:39,07-28 13:45"
2026-07-28T14:36:00.000+01:00,"MAR1GSOPEN;EURJPY;B1;07-28 13:39;2;07-28 13:39,07-28 13:45"
2026-07-28T14:36:00.000+01:00,"MAR1GSOPEN;EURJPY;B2;07-28 13:45;2;07-28 13:45,07-28 13:48"
2026-07-28T14:36:00.000+01:00,MAR1GSOPEN;EURJPY;C1;07-28 13:45;1;07-28 13:45
2026-07-28T14:36:00.000+01:00,MAR1GSOPEN;EURJPY;D1;07-28 13:48;0;
2026-07-28T14:39:00.000+01:00,"MAR1GSOPEN;EURJPY;A1;07-28 13:39;3;07-28 13:39,07-28 13:45,07-28 13:48"
2026-07-28T14:39:00.000+01:00,"MAR1GSOPEN;EURJPY;A2;07-28 13:36;3;07-28 13:36,07-28 13:39,07-28 13:45"
2026-07-28T14:39:00.000+01:00,"MAR1GSOPEN;EURJPY;B1;07-28 13:39;2;07-28 13:39,07-28 13:45"
2026-07-28T14:39:00.000+01:00,"MAR1GSOPEN;EURJPY;B2;07-28 13:45;2;07-28 13:45,07-28 13:48"
2026-07-28T14:39:00.000+01:00,MAR1GSOPEN;EURJPY;C1;07-28 13:45;1;07-28 13:45
2026-07-28T14:39:00.000+01:00,MAR1GSOPEN;EURJPY;D1;07-28 13:48;0;
2026-07-28T14:42:00.000+01:00,"MAR1GSOPEN;EURJPY;A1;07-28 13:39;3;07-28 13:39,07-28 13:45,07-28 13:48"
2026-07-28T14:42:00.000+01:00,"MAR1GSOPEN;EURJPY;A2;07-28 13:36;3;07-28 13:36,07-28 13:39,07-28 13:45"
2026-07-28T14:42:00.000+01:00,"MAR1GSOPEN;EURJPY;B1;07-28 13:39;2;07-28 13:39,07-28 13:45"
2026-07-28T14:42:00.000+01:00,"MAR1GSOPEN;EURJPY;B2;07-28 13:45;2;07-28 13:45,07-28 13:48"
2026-07-28T14:42:00.000+01:00,MAR1GSOPEN;EURJPY;C1;07-28 13:45;1;07-28 13:45
2026-07-28T14:42:00.000+01:00,MAR1GSOPEN;EURJPY;D1;07-28 13:48;0;
2026-07-28T14:45:00.000+01:00,"MAR1GSOPEN;EURJPY;A1;07-28 13:39;3;07-28 13:39,07-28 13:45,07-28 13:48"
2026-07-28T14:45:00.000+01:00,"MAR1GSOPEN;EURJPY;A2;07-28 13:36;3;07-28 13:36,07-28 13:39,07-28 13:45"
2026-07-28T14:45:00.000+01:00,"MAR1GSOPEN;EURJPY;B1;07-28 13:39;2;07-28 13:39,07-28 13:45"
2026-07-28T14:45:00.000+01:00,"MAR1GSOPEN;EURJPY;B2;07-28 13:45;2;07-28 13:45,07-28 13:48"
2026-07-28T14:45:00.000+01:00,MAR1GSOPEN;EURJPY;C1;07-28 13:45;1;07-28 13:45
2026-07-28T14:45:00.000+01:00,MAR1GSOPEN;EURJPY;D1;07-28 13:48;0;
2026-07-28T14:48:00.000+01:00,"MAR1GSOPEN;EURJPY;A1;07-28 13:39;3;07-28 13:39,07-28 13:45,07-28 13:48"
2026-07-28T14:48:00.000+01:00,"MAR1GSOPEN;EURJPY;A2;07-28 13:36;3;07-28 13:36,07-28 13:39,07-28 13:45"
2026-07-28T14:48:00.000+01:00,"MAR1GSOPEN;EURJPY;B1;07-28 13:39;2;07-28 13:39,07-28 13:45"
2026-07-28T14:48:00.000+01:00,"MAR1GSOPEN;EURJPY;B2;07-28 13:45;2;07-28 13:45,07-28 13:48"
2026-07-28T14:48:00.000+01:00,MAR1GSOPEN;EURJPY;C1;07-28 13:45;1;07-28 13:45
2026-07-28T14:48:00.000+01:00,MAR1GSOPEN;EURJPY;D1;07-28 13:48;0;
2026-07-28T14:51:00.000+01:00,"MAR1GSOPEN;EURJPY;A1;07-28 13:39;3;07-28 13:39,07-28 13:45,07-28 13:48"
2026-07-28T14:51:00.000+01:00,"MAR1GSOPEN;EURJPY;A2;07-28 13:36;3;07-28 13:36,07-28 13:39,07-28 13:45"
2026-07-28T14:51:00.000+01:00,"MAR1GSOPEN;EURJPY;B1;07-28 13:39;2;07-28 13:39,07-28 13:45"
2026-07-28T14:51:00.000+01:00,"MAR1GSOPEN;EURJPY;B2;07-28 13:45;2;07-28 13:45,07-28 13:48"
2026-07-28T14:51:00.000+01:00,MAR1GSOPEN;EURJPY;C1;07-28 13:45;1;07-28 13:45
2026-07-28T14:51:00.000+01:00,MAR1GSOPEN;EURJPY;D1;07-28 13:48;0;
2026-07-28T14:54:00.000+01:00,"MAR1GSOPEN;EURJPY;A1;07-28 13:39;3;07-28 13:39,07-28 13:45,07-28 13:48"
2026-07-28T14:54:00.000+01:00,"MAR1GSOPEN;EURJPY;A2;07-28 13:36;3;07-28 13:36,07-28 13:39,07-28 13:45"
2026-07-28T14:54:00.000+01:00,"MAR1GSOPEN;EURJPY;B1;07-28 13:39;2;07-28 13:39,07-28 13:45"
2026-07-28T14:54:00.000+01:00,"MAR1GSOPEN;EURJPY;B2;07-28 13:45;2;07-28 13:45,07-28 13:48"
2026-07-28T14:54:00.000+01:00,MAR1GSOPEN;EURJPY;C1;07-28 13:45;1;07-28 13:45
2026-07-28T14:54:00.000+01:00,MAR1GSOPEN;EURJPY;D1;07-28 13:48;0;
2026-07-28T14:57:00.000+01:00,"MAR1GSOPEN;EURJPY;A1;07-28 13:39;3;07-28 13:39,07-28 13:45,07-28 13:48"
2026-07-28T14:57:00.000+01:00,"MAR1GSOPEN;EURJPY;A2;07-28 13:36;3;07-28 13:36,07-28 13:39,07-28 13:45"
2026-07-28T14:57:00.000+01:00,"MAR1GSOPEN;EURJPY;B1;07-28 13:39;2;07-28 13:39,07-28 13:45"
2026-07-28T14:57:00.000+01:00,"MAR1GSOPEN;EURJPY;B2;07-28 13:45;2;07-28 13:45,07-28 13:48"
2026-07-28T14:57:00.000+01:00,MAR1GSOPEN;EURJPY;C1;07-28 13:45;1;07-28 13:45
2026-07-28T14:57:00.000+01:00,MAR1GSOPEN;EURJPY;D1;07-28 13:48;0;
2026-07-28T15:00:00.000+01:00,"MAR1GSCLOSE;EURJPY;A1;07-28 13:39;07-28 15:03;4;long;07-28 13:39,07-28 13:45,07-28 13:48,07-28 15:00"
2026-07-28T15:00:00.000+01:00,"MAR1GSCLOSE;EURJPY;A2;07-28 13:36;07-28 15:03;4;long;07-28 13:36,07-28 13:39,07-28 13:45,07-28 15:00"
2026-07-28T15:00:00.000+01:00,"MAR1GSCLOSE;EURJPY;B1;07-28 13:39;07-28 15:03;3;long;07-28 13:39,07-28 13:45,07-28 15:00"
2026-07-28T15:00:00.000+01:00,"MAR1GSCLOSE;EURJPY;B2;07-28 13:45;07-28 15:03;3;long;07-28 13:45,07-28 13:48,07-28 15:00"
2026-07-28T15:00:00.000+01:00,"MAR1GSCLOSE;EURJPY;C1;07-28 13:45;07-28 15:03;2;long;07-28 13:45,07-28 15:00"
2026-07-28T15:00:00.000+01:00,MAR1GSCLOSE;EURJPY;D1;07-28 15:00;07-28 15:03;1;long;07-28 15:00
2026-07-30T08:03:00.000+01:00,MAR1GSOPEN;EURJPY;A1;07-30 08:03;0;
2026-07-30T08:06:00.000+01:00,MAR1GSOPEN;EURJPY;A1;07-30 08:06;1;07-30 08:06
2026-07-30T08:06:00.000+01:00,MAR1GSOPEN;EURJPY;A2;07-30 08:06;0;
2026-07-30T08:06:00.000+01:00,MAR1GSOPEN;EURJPY;B2;07-30 08:06;0;
2026-07-30T08:09:00.000+01:00,MAR1GSOPEN;EURJPY;A1;07-30 08:06;1;07-30 08:06
2026-07-30T08:09:00.000+01:00,MAR1GSOPEN;EURJPY;A2;07-30 08:06;0;
2026-07-30T08:09:00.000+01:00,MAR1GSOPEN;EURJPY;B2;07-30 08:06;0;
2026-07-30T08:12:00.000+01:00,MAR1GSOPEN;EURJPY;A1;07-30 08:06;1;07-30 08:06
2026-07-30T08:12:00.000+01:00,MAR1GSOPEN;EURJPY;A2;07-30 08:06;0;
2026-07-30T08:12:00.000+01:00,MAR1GSOPEN;EURJPY;B2;07-30 08:06;0;
2026-07-30T08:15:00.000+01:00,MAR1GSOPEN;EURJPY;A1;07-30 08:06;1;07-30 08:06
2026-07-30T08:15:00.000+01:00,MAR1GSOPEN;EURJPY;A2;07-30 08:06;0;
2026-07-30T08:15:00.000+01:00,MAR1GSOPEN;EURJPY;B2;07-30 08:06;0;
2026-07-30T08:18:00.000+01:00,MAR1GSOPEN;EURJPY;A1;07-30 08:06;1;07-30 08:06
2026-07-30T08:18:00.000+01:00,MAR1GSOPEN;EURJPY;A2;07-30 08:06;0;
2026-07-30T08:18:00.000+01:00,MAR1GSOPEN;EURJPY;B2;07-30 08:06;0;
2026-07-30T08:21:00.000+01:00,MAR1GSOPEN;EURJPY;A1;07-30 08:06;1;07-30 08:06
2026-07-30T08:21:00.000+01:00,MAR1GSOPEN;EURJPY;A2;07-30 08:06;0;
2026-07-30T08:21:00.000+01:00,MAR1GSOPEN;EURJPY;B2;07-30 08:06;0;
2026-07-30T08:24:00.000+01:00,MAR1GSOPEN;EURJPY;A1;07-30 08:06;1;07-30 08:06
2026-07-30T08:24:00.000+01:00,MAR1GSOPEN;EURJPY;A2;07-30 08:06;0;
2026-07-30T08:24:00.000+01:00,MAR1GSOPEN;EURJPY;B2;07-30 08:06;0;
2026-07-30T08:27:00.000+01:00,MAR1GSOPEN;EURJPY;A1;07-30 08:06;1;07-30 08:06
2026-07-30T08:27:00.000+01:00,MAR1GSOPEN;EURJPY;A2;07-30 08:06;0;
2026-07-30T08:27:00.000+01:00,MAR1GSOPEN;EURJPY;B2;07-30 08:06;0;
2026-07-30T08:30:00.000+01:00,MAR1GSOPEN;EURJPY;A1;07-30 08:06;1;07-30 08:06
2026-07-30T08:30:00.000+01:00,MAR1GSOPEN;EURJPY;A2;07-30 08:06;0;
2026-07-30T08:30:00.000+01:00,MAR1GSOPEN;EURJPY;B2;07-30 08:06;0;
2026-07-30T08:33:00.000+01:00,"MAR1GSOPEN;EURJPY;A1;07-30 08:06;2;07-30 08:06,07-30 08:33"
2026-07-30T08:33:00.000+01:00,MAR1GSOPEN;EURJPY;A2;07-30 08:33;1;07-30 08:33
2026-07-30T08:33:00.000+01:00,MAR1GSOPEN;EURJPY;B1;07-30 08:33;0;
2026-07-30T08:33:00.000+01:00,MAR1GSOPEN;EURJPY;B2;07-30 08:33;1;07-30 08:33
2026-07-30T08:36:00.000+01:00,"MAR1GSOPEN;EURJPY;A1;07-30 08:06;3;07-30 08:06,07-30 08:33,07-30 08:36"
2026-07-30T08:36:00.000+01:00,"MAR1GSOPEN;EURJPY;A2;07-30 08:33;2;07-30 08:33,07-30 08:36"
2026-07-30T08:36:00.000+01:00,MAR1GSOPEN;EURJPY;B1;07-30 08:36;1;07-30 08:36
2026-07-30T08:36:00.000+01:00,"MAR1GSOPEN;EURJPY;B2;07-30 08:33;2;07-30 08:33,07-30 08:36"
2026-07-30T08:36:00.000+01:00,MAR1GSOPEN;EURJPY;D1;07-30 08:36;0;
2026-07-30T08:39:00.000+01:00,"MAR1GSOPEN;EURJPY;A1;07-30 08:06;3;07-30 08:06,07-30 08:33,07-30 08:36"
2026-07-30T08:39:00.000+01:00,"MAR1GSOPEN;EURJPY;A2;07-30 08:33;3;07-30 08:33,07-30 08:36,07-30 08:39"
2026-07-30T08:39:00.000+01:00,"MAR1GSOPEN;EURJPY;B1;07-30 08:36;2;07-30 08:36,07-30 08:39"
2026-07-30T08:39:00.000+01:00,"MAR1GSOPEN;EURJPY;B2;07-30 08:33;2;07-30 08:33,07-30 08:36"
2026-07-30T08:39:00.000+01:00,MAR1GSOPEN;EURJPY;C1;07-30 08:39;0;
2026-07-30T08:39:00.000+01:00,MAR1GSOPEN;EURJPY;D1;07-30 08:36;0;
2026-07-30T08:42:00.000+01:00,"MAR1GSOPEN;EURJPY;A1;07-30 08:06;3;07-30 08:06,07-30 08:33,07-30 08:36"
2026-07-30T08:42:00.000+01:00,"MAR1GSOPEN;EURJPY;A2;07-30 08:33;3;07-30 08:33,07-30 08:36,07-30 08:39"
2026-07-30T08:42:00.000+01:00,"MAR1GSOPEN;EURJPY;B1;07-30 08:36;2;07-30 08:36,07-30 08:39"
2026-07-30T08:42:00.000+01:00,"MAR1GSOPEN;EURJPY;B2;07-30 08:33;2;07-30 08:33,07-30 08:36"
2026-07-30T08:42:00.000+01:00,MAR1GSOPEN;EURJPY;C1;07-30 08:39;0;
2026-07-30T08:42:00.000+01:00,MAR1GSOPEN;EURJPY;D1;07-30 08:36;0;
2026-07-30T08:45:00.000+01:00,"MAR1GSOPEN;EURJPY;A1;07-30 08:06;3;07-30 08:06,07-30 08:33,07-30 08:36"
2026-07-30T08:45:00.000+01:00,"MAR1GSOPEN;EURJPY;A2;07-30 08:33;3;07-30 08:33,07-30 08:36,07-30 08:39"
2026-07-30T08:45:00.000+01:00,"MAR1GSOPEN;EURJPY;B1;07-30 08:36;2;07-30 08:36,07-30 08:39"
2026-07-30T08:45:00.000+01:00,"MAR1GSOPEN;EURJPY;B2;07-30 08:33;2;07-30 08:33,07-30 08:36"
2026-07-30T08:45:00.000+01:00,MAR1GSOPEN;EURJPY;C1;07-30 08:39;0;
2026-07-30T08:45:00.000+01:00,MAR1GSOPEN;EURJPY;D1;07-30 08:36;0;
2026-07-30T08:48:00.000+01:00,"MAR1GSOPEN;EURJPY;A1;07-30 08:06;3;07-30 08:06,07-30 08:33,07-30 08:36"
2026-07-30T08:48:00.000+01:00,"MAR1GSOPEN;EURJPY;A2;07-30 08:33;3;07-30 08:33,07-30 08:36,07-30 08:39"
2026-07-30T08:48:00.000+01:00,"MAR1GSOPEN;EURJPY;B1;07-30 08:36;2;07-30 08:36,07-30 08:39"
2026-07-30T08:48:00.000+01:00,"MAR1GSOPEN;EURJPY;B2;07-30 08:33;2;07-30 08:33,07-30 08:36"
2026-07-30T08:48:00.000+01:00,MAR1GSOPEN;EURJPY;C1;07-30 08:39;0;
2026-07-30T08:48:00.000+01:00,MAR1GSOPEN;EURJPY;D1;07-30 08:36;0;
2026-07-30T08:51:00.000+01:00,"MAR1GSOPEN;EURJPY;A1;07-30 08:06;3;07-30 08:06,07-30 08:33,07-30 08:36"
2026-07-30T08:51:00.000+01:00,"MAR1GSOPEN;EURJPY;A2;07-30 08:33;3;07-30 08:33,07-30 08:36,07-30 08:39"
2026-07-30T08:51:00.000+01:00,"MAR1GSOPEN;EURJPY;B1;07-30 08:36;2;07-30 08:36,07-30 08:39"
2026-07-30T08:51:00.000+01:00,"MAR1GSOPEN;EURJPY;B2;07-30 08:33;2;07-30 08:33,07-30 08:36"
2026-07-30T08:51:00.000+01:00,MAR1GSOPEN;EURJPY;C1;07-30 08:39;0;
2026-07-30T08:51:00.000+01:00,MAR1GSOPEN;EURJPY;D1;07-30 08:36;0;
2026-07-30T08:54:00.000+01:00,"MAR1GSOPEN;EURJPY;A1;07-30 08:06;3;07-30 08:06,07-30 08:33,07-30 08:36"
2026-07-30T08:54:00.000+01:00,"MAR1GSOPEN;EURJPY;A2;07-30 08:33;3;07-30 08:33,07-30 08:36,07-30 08:39"
2026-07-30T08:54:00.000+01:00,"MAR1GSOPEN;EURJPY;B1;07-30 08:36;2;07-30 08:36,07-30 08:39"
2026-07-30T08:54:00.000+01:00,"MAR1GSOPEN;EURJPY;B2;07-30 08:33;2;07-30 08:33,07-30 08:36"
2026-07-30T08:54:00.000+01:00,MAR1GSOPEN;EURJPY;C1;07-30 08:39;0;
2026-07-30T08:54:00.000+01:00,MAR1GSOPEN;EURJPY;D1;07-30 08:36;0;
2026-07-30T08:57:00.000+01:00,"MAR1GSOPEN;EURJPY;A1;07-30 08:06;3;07-30 08:06,07-30 08:33,07-30 08:36"
2026-07-30T08:57:00.000+01:00,"MAR1GSOPEN;EURJPY;A2;07-30 08:33;3;07-30 08:33,07-30 08:36,07-30 08:39"
2026-07-30T08:57:00.000+01:00,"MAR1GSOPEN;EURJPY;B1;07-30 08:36;2;07-30 08:36,07-30 08:39"
2026-07-30T08:57:00.000+01:00,"MAR1GSOPEN;EURJPY;B2;07-30 08:33;2;07-30 08:33,07-30 08:36"
2026-07-30T08:57:00.000+01:00,MAR1GSOPEN;EURJPY;C1;07-30 08:39;0;
2026-07-30T08:57:00.000+01:00,MAR1GSOPEN;EURJPY;D1;07-30 08:36;0;
2026-07-30T09:00:00.000+01:00,"MAR1GSCLOSE;EURJPY;A1;07-30 08:06;07-30 09:03;4;long;07-30 08:06,07-30 08:33,07-30 08:36,07-30 09:00"
2026-07-30T09:00:00.000+01:00,"MAR1GSCLOSE;EURJPY;A2;07-30 08:33;07-30 09:03;4;long;07-30 08:33,07-30 08:36,07-30 08:39,07-30 09:00"
2026-07-30T09:00:00.000+01:00,"MAR1GSCLOSE;EURJPY;B1;07-30 08:36;07-30 09:03;3;long;07-30 08:36,07-30 08:39,07-30 09:00"
2026-07-30T09:00:00.000+01:00,"MAR1GSCLOSE;EURJPY;B2;07-30 08:33;07-30 09:03;3;long;07-30 08:33,07-30 08:36,07-30 09:00"
2026-07-30T09:00:00.000+01:00,MAR1GSCLOSE;EURJPY;C1;07-30 09:00;07-30 09:03;1;long;07-30 09:00
2026-07-30T09:00:00.000+01:00,MAR1GSCLOSE;EURJPY;D1;07-30 09:00;07-30 09:03;1;long;07-30 09:00
2026-07-31T10:06:00.000+01:00,MAR1GSOPEN;EURJPY;A2;07-31 10:06;0;
2026-07-31T10:09:00.000+01:00,MAR1GSOPEN;EURJPY;A2;07-31 10:06;0;
2026-07-31T10:12:00.000+01:00,MAR1GSOPEN;EURJPY;A2;07-31 10:06;0;
2026-07-31T10:15:00.000+01:00,MAR1GSOPEN;EURJPY;A2;07-31 10:06;0;
2026-07-31T10:18:00.000+01:00,MAR1GSOPEN;EURJPY;A2;07-31 10:06;0;
2026-07-31T10:21:00.000+01:00,MAR1GSOPEN;EURJPY;A2;07-31 10:06;0;
2026-07-31T10:24:00.000+01:00,MAR1GSOPEN;EURJPY;A2;07-31 10:06;0;
2026-07-31T10:27:00.000+01:00,MAR1GSOPEN;EURJPY;A2;07-31 10:06;0;
2026-07-31T10:30:00.000+01:00,MAR1GSOPEN;EURJPY;A2;07-31 10:06;0;
2026-07-31T10:33:00.000+01:00,MAR1GSCLOSE;EURJPY;A2;07-31 10:33;07-31 10:36;1;long;07-31 10:33
2026-08-04T09:00:00.000+01:00,MAR1GSOPEN;EURJPY;A2;08-04 09:00;0;
2026-08-04T09:03:00.000+01:00,MAR1GSCLOSE;EURJPY;A2;08-04 09:03;08-04 09:06;1;long;08-04 09:03
2026-08-04T11:45:00.000+01:00,MAR1GSOPEN;EURJPY;A2;08-04 11:45;0;
2026-08-04T11:48:00.000+01:00,MAR1GSOPEN;EURJPY;A2;08-04 11:45;0;
2026-08-04T11:51:00.000+01:00,MAR1GSOPEN;EURJPY;A2;08-04 11:45;0;
2026-08-04T11:54:00.000+01:00,MAR1GSOPEN;EURJPY;A2;08-04 11:45;0;
2026-08-04T11:57:00.000+01:00,MAR1GSOPEN;EURJPY;A2;08-04 11:45;0;
2026-08-04T12:00:00.000+01:00,MAR1GSOPEN;EURJPY;A2;08-04 11:45;0;
2026-08-04T12:03:00.000+01:00,MAR1GSOPEN;EURJPY;A2;08-04 11:45;0;
2026-08-04T12:06:00.000+01:00,MAR1GSOPEN;EURJPY;A2;08-04 11:45;0;
2026-08-04T12:09:00.000+01:00,MAR1GSOPEN;EURJPY;A2;08-04 11:45;0;
2026-08-04T12:12:00.000+01:00,MAR1GSOPEN;EURJPY;A2;08-04 11:45;0;
2026-08-04T12:15:00.000+01:00,MAR1GSOPEN;EURJPY;A2;08-04 11:45;0;
2026-08-04T12:18:00.000+01:00,MAR1GSOPEN;EURJPY;A2;08-04 11:45;0;
2026-08-04T12:21:00.000+01:00,MAR1GSOPEN;EURJPY;A2;08-04 11:45;0;
2026-08-04T12:24:00.000+01:00,MAR1GSCLOSE;EURJPY;A2;08-04 12:24;08-04 12:27;1;short;08-04 12:24
2026-08-04T14:45:00.000+01:00,MAR1GSOPEN;EURJPY;A2;08-04 14:45;0;
2026-08-04T14:48:00.000+01:00,MAR1GSOPEN;EURJPY;A2;08-04 14:45;0;
2026-08-04T14:51:00.000+01:00,MAR1GSOPEN;EURJPY;A2;08-04 14:45;0;
2026-08-04T14:54:00.000+01:00,MAR1GSOPEN;EURJPY;A2;08-04 14:45;0;
2026-08-04T14:57:00.000+01:00,MAR1GSOPEN;EURJPY;A2;08-04 14:45;0;
2026-08-04T15:00:00.000+01:00,MAR1GSOPEN;EURJPY;A2;08-04 14:45;0;
2026-08-04T15:03:00.000+01:00,MAR1GSOPEN;EURJPY;A2;08-04 14:45;0;
2026-08-04T15:06:00.000+01:00,MAR1GSOPEN;EURJPY;A1;08-04 15:06;0;
2026-08-04T15:06:00.000+01:00,MAR1GSOPEN;EURJPY;A2;08-04 15:06;1;08-04 15:06
2026-08-04T15:06:00.000+01:00,MAR1GSOPEN;EURJPY;B1;08-04 15:06;0;
2026-08-04T15:09:00.000+01:00,MAR1GSOPEN;EURJPY;A1;08-04 15:06;0;
2026-08-04T15:09:00.000+01:00,MAR1GSOPEN;EURJPY;A2;08-04 15:06;1;08-04 15:06
2026-08-04T15:09:00.000+01:00,MAR1GSOPEN;EURJPY;B1;08-04 15:06;0;
2026-08-04T15:12:00.000+01:00,MAR1GSOPEN;EURJPY;A1;08-04 15:06;0;
2026-08-04T15:12:00.000+01:00,MAR1GSOPEN;EURJPY;A2;08-04 15:06;1;08-04 15:06
2026-08-04T15:12:00.000+01:00,MAR1GSOPEN;EURJPY;B1;08-04 15:06;0;
2026-08-04T15:15:00.000+01:00,MAR1GSOPEN;EURJPY;A1;08-04 15:06;0;
2026-08-04T15:15:00.000+01:00,MAR1GSOPEN;EURJPY;A2;08-04 15:06;1;08-04 15:06
2026-08-04T15:15:00.000+01:00,MAR1GSOPEN;EURJPY;B1;08-04 15:06;0;
2026-08-04T15:18:00.000+01:00,MAR1GSOPEN;EURJPY;A1;08-04 15:06;0;
2026-08-04T15:18:00.000+01:00,MAR1GSOPEN;EURJPY;A2;08-04 15:06;1;08-04 15:06
2026-08-04T15:18:00.000+01:00,MAR1GSOPEN;EURJPY;B1;08-04 15:06;0;
2026-08-04T15:21:00.000+01:00,MAR1GSOPEN;EURJPY;A1;08-04 15:06;0;
2026-08-04T15:21:00.000+01:00,MAR1GSOPEN;EURJPY;A2;08-04 15:06;1;08-04 15:06
2026-08-04T15:21:00.000+01:00,MAR1GSOPEN;EURJPY;B1;08-04 15:06;0;
2026-08-04T15:24:00.000+01:00,MAR1GSOPEN;EURJPY;A1;08-04 15:06;0;
2026-08-04T15:24:00.000+01:00,MAR1GSOPEN;EURJPY;A2;08-04 15:06;1;08-04 15:06
2026-08-04T15:24:00.000+01:00,MAR1GSOPEN;EURJPY;B1;08-04 15:06;0;
2026-08-04T15:27:00.000+01:00,MAR1GSCLOSE;EURJPY;A1;08-04 15:27;08-04 15:30;1;long;08-04 15:27
2026-08-04T15:27:00.000+01:00,"MAR1GSCLOSE;EURJPY;A2;08-04 15:06;08-04 15:30;2;long;08-04 15:06,08-04 15:27"
2026-08-04T15:27:00.000+01:00,MAR1GSCLOSE;EURJPY;B1;08-04 15:27;08-04 15:30;1;long;08-04 15:27
2026-08-04T17:57:00.000+01:00,MAR1GSOPEN;EURJPY;A1;08-04 17:57;0;
2026-08-04T17:57:00.000+01:00,MAR1GSOPEN;EURJPY;A2;08-04 17:57;0;
2026-08-04T18:00:00.000+01:00,MAR1GSCLOSE;EURJPY;A1;08-04 18:00;08-04 18:03;1;long;08-04 18:00
2026-08-04T18:00:00.000+01:00,MAR1GSCLOSE;EURJPY;A2;08-04 18:00;08-04 18:03;1;long;08-04 18:00
2026-08-06T08:48:00.000+01:00,MAR1GSOPEN;EURJPY;A1;08-06 08:48;0;
2026-08-06T08:48:00.000+01:00,MAR1GSOPEN;EURJPY;A2;08-06 08:48;0;
2026-08-06T08:51:00.000+01:00,MAR1GSCLOSE;EURJPY;A1;08-06 08:51;08-06 08:54;1;long;08-06 08:51
2026-08-06T08:51:00.000+01:00,MAR1GSCLOSE;EURJPY;A2;08-06 08:51;08-06 08:54;1;long;08-06 08:51
2026-08-06T12:15:00.000+01:00,MAR1GSOPEN;EURJPY;A1;08-06 12:15;0;
2026-08-06T12:18:00.000+01:00,MAR1GSCLOSE;EURJPY;A1;08-06 12:18;08-06 12:21;1;long;08-06 12:18
2026-08-06T17:12:00.000+01:00,MAR1GSOPEN;EURJPY;A1;08-06 17:12;0;
2026-08-06T17:12:00.000+01:00,MAR1GSOPEN;EURJPY;A2;08-06 17:12;0;
2026-08-06T17:15:00.000+01:00,MAR1GSOPEN;EURJPY;A1;08-06 17:12;0;
2026-08-06T17:15:00.000+01:00,MAR1GSOPEN;EURJPY;A2;08-06 17:12;0;
2026-08-06T17:18:00.000+01:00,MAR1GSOPEN;EURJPY;A1;08-06 17:12;0;
2026-08-06T17:18:00.000+01:00,MAR1GSOPEN;EURJPY;A2;08-06 17:18;1;08-06 17:18
2026-08-06T17:18:00.000+01:00,MAR1GSOPEN;EURJPY;B1;08-06 17:18;0;
2026-08-06T17:18:00.000+01:00,MAR1GSOPEN;EURJPY;C2;08-06 17:18;0;
2026-08-06T17:21:00.000+01:00,MAR1GSOPEN;EURJPY;A1;08-06 17:12;0;
2026-08-06T17:21:00.000+01:00,MAR1GSOPEN;EURJPY;A2;08-06 17:18;1;08-06 17:18
2026-08-06T17:21:00.000+01:00,MAR1GSOPEN;EURJPY;B1;08-06 17:18;0;
2026-08-06T17:21:00.000+01:00,MAR1GSOPEN;EURJPY;C2;08-06 17:18;0;
2026-08-06T17:24:00.000+01:00,MAR1GSOPEN;EURJPY;A1;08-06 17:12;0;
2026-08-06T17:24:00.000+01:00,MAR1GSOPEN;EURJPY;A2;08-06 17:18;1;08-06 17:18
2026-08-06T17:24:00.000+01:00,MAR1GSOPEN;EURJPY;B1;08-06 17:18;0;
2026-08-06T17:24:00.000+01:00,MAR1GSOPEN;EURJPY;C2;08-06 17:18;0;
2026-08-06T17:27:00.000+01:00,MAR1GSOPEN;EURJPY;A1;08-06 17:12;0;
2026-08-06T17:27:00.000+01:00,MAR1GSOPEN;EURJPY;A2;08-06 17:18;1;08-06 17:18
2026-08-06T17:27:00.000+01:00,MAR1GSOPEN;EURJPY;B1;08-06 17:18;0;
2026-08-06T17:27:00.000+01:00,MAR1GSOPEN;EURJPY;C2;08-06 17:18;0;
2026-08-06T17:30:00.000+01:00,MAR1GSOPEN;EURJPY;A1;08-06 17:12;0;
2026-08-06T17:30:00.000+01:00,MAR1GSOPEN;EURJPY;A2;08-06 17:18;1;08-06 17:18
2026-08-06T17:30:00.000+01:00,MAR1GSOPEN;EURJPY;B1;08-06 17:18;0;
2026-08-06T17:30:00.000+01:00,MAR1GSOPEN;EURJPY;C2;08-06 17:18;0;
2026-08-06T17:33:00.000+01:00,MAR1GSOPEN;EURJPY;A1;08-06 17:12;0;
2026-08-06T17:33:00.000+01:00,MAR1GSOPEN;EURJPY;A2;08-06 17:18;1;08-06 17:18
2026-08-06T17:33:00.000+01:00,MAR1GSOPEN;EURJPY;B1;08-06 17:18;0;
2026-08-06T17:33:00.000+01:00,MAR1GSOPEN;EURJPY;C2;08-06 17:18;0;
2026-08-06T17:36:00.000+01:00,MAR1GSOPEN;EURJPY;A1;08-06 17:12;0;
2026-08-06T17:36:00.000+01:00,MAR1GSOPEN;EURJPY;A2;08-06 17:18;1;08-06 17:18
2026-08-06T17:36:00.000+01:00,MAR1GSOPEN;EURJPY;B1;08-06 17:18;0;
2026-08-06T17:36:00.000+01:00,MAR1GSOPEN;EURJPY;C2;08-06 17:18;0;
2026-08-06T17:39:00.000+01:00,MAR1GSOPEN;EURJPY;A1;08-06 17:12;0;
2026-08-06T17:39:00.000+01:00,MAR1GSOPEN;EURJPY;A2;08-06 17:18;1;08-06 17:18
2026-08-06T17:39:00.000+01:00,MAR1GSOPEN;EURJPY;B1;08-06 17:18;0;
2026-08-06T17:39:00.000+01:00,MAR1GSOPEN;EURJPY;C2;08-06 17:18;0;
2026-08-06T17:42:00.000+01:00,MAR1GSOPEN;EURJPY;A1;08-06 17:12;0;
2026-08-06T17:42:00.000+01:00,MAR1GSOPEN;EURJPY;A2;08-06 17:18;1;08-06 17:18
2026-08-06T17:42:00.000+01:00,MAR1GSOPEN;EURJPY;B1;08-06 17:18;0;
2026-08-06T17:42:00.000+01:00,MAR1GSOPEN;EURJPY;C2;08-06 17:18;0;
2026-08-06T17:45:00.000+01:00,MAR1GSOPEN;EURJPY;A1;08-06 17:12;0;
2026-08-06T17:45:00.000+01:00,MAR1GSOPEN;EURJPY;A2;08-06 17:18;1;08-06 17:18
2026-08-06T17:45:00.000+01:00,MAR1GSOPEN;EURJPY;B1;08-06 17:18;0;
2026-08-06T17:45:00.000+01:00,MAR1GSOPEN;EURJPY;C2;08-06 17:18;0;
2026-08-06T17:48:00.000+01:00,MAR1GSOPEN;EURJPY;A1;08-06 17:12;0;
2026-08-06T17:48:00.000+01:00,MAR1GSOPEN;EURJPY;A2;08-06 17:18;1;08-06 17:18
2026-08-06T17:48:00.000+01:00,MAR1GSOPEN;EURJPY;B1;08-06 17:18;0;
2026-08-06T17:48:00.000+01:00,MAR1GSOPEN;EURJPY;C2;08-06 17:18;0;
2026-08-06T17:51:00.000+01:00,MAR1GSOPEN;EURJPY;A1;08-06 17:12;0;
2026-08-06T17:51:00.000+01:00,MAR1GSOPEN;EURJPY;A2;08-06 17:18;1;08-06 17:18
2026-08-06T17:51:00.000+01:00,MAR1GSOPEN;EURJPY;B1;08-06 17:18;0;
2026-08-06T17:51:00.000+01:00,MAR1GSOPEN;EURJPY;C2;08-06 17:18;0;
2026-08-06T17:54:00.000+01:00,MAR1GSCLOSE;EURJPY;A1;08-06 17:54;08-06 17:57;1;long;08-06 17:54
2026-08-06T17:54:00.000+01:00,"MAR1GSCLOSE;EURJPY;A2;08-06 17:18;08-06 17:57;2;long;08-06 17:18,08-06 17:54"
2026-08-06T17:54:00.000+01:00,MAR1GSCLOSE;EURJPY;B1;08-06 17:54;08-06 17:57;1;long;08-06 17:54
2026-08-06T17:54:00.000+01:00,MAR1GSCLOSE;EURJPY;C2;08-06 17:54;08-06 17:57;1;long;08-06 17:54
2026-08-07T11:48:00.000+01:00,MAR1GSOPEN;EURJPY;A2;08-07 11:48;0;
2026-08-07T11:51:00.000+01:00,MAR1GSOPEN;EURJPY;A2;08-07 11:48;0;
2026-08-07T11:54:00.000+01:00,MAR1GSOPEN;EURJPY;A2;08-07 11:48;0;
2026-08-07T11:57:00.000+01:00,MAR1GSOPEN;EURJPY;A2;08-07 11:48;0;
2026-08-07T12:00:00.000+01:00,MAR1GSOPEN;EURJPY;A2;08-07 11:48;0;
2026-08-07T12:03:00.000+01:00,MAR1GSCLOSE;EURJPY;A2;08-07 12:03;08-07 12:06;1;short;08-07 12:03
2026-08-10T17:21:00.000+01:00,MAR1GSOPEN;EURJPY;A1;08-10 17:21;0;
2026-08-10T17:24:00.000+01:00,MAR1GSOPEN;EURJPY;A1;08-10 17:21;0;
2026-08-10T17:27:00.000+01:00,MAR1GSOPEN;EURJPY;A1;08-10 17:21;0;
2026-08-10T17:30:00.000+01:00,MAR1GSOPEN;EURJPY;A1;08-10 17:21;0;
2026-08-10T17:33:00.000+01:00,MAR1GSOPEN;EURJPY;A1;08-10 17:21;0;
2026-08-10T17:36:00.000+01:00,MAR1GSOPEN;EURJPY;A1;08-10 17:21;0;
2026-08-10T17:39:00.000+01:00,MAR1GSOPEN;EURJPY;A1;08-10 17:21;0;
2026-08-10T17:42:00.000+01:00,MAR1GSOPEN;EURJPY;A1;08-10 17:21;0;
2026-08-10T17:45:00.000+01:00,MAR1GSOPEN;EURJPY;A1;08-10 17:21;0;
2026-08-10T17:48:00.000+01:00,MAR1GSOPEN;EURJPY;A1;08-10 17:21;0;
2026-08-10T17:51:00.000+01:00,MAR1GSOPEN;EURJPY;A1;08-10 17:21;0;
2026-08-10T17:54:00.000+01:00,MAR1GSOPEN;EURJPY;A1;08-10 17:21;0;
2026-08-10T17:57:00.000+01:00,MAR1GSOPEN;EURJPY;A1;08-10 17:21;0;
2026-08-10T18:00:00.000+01:00,MAR1GSOPEN;EURJPY;A1;08-10 17:21;0;
2026-08-10T18:03:00.000+01:00,MAR1GSOPEN;EURJPY;A1;08-10 17:21;0;
2026-08-10T18:06:00.000+01:00,MAR1GSOPEN;EURJPY;A1;08-10 17:21;0;
2026-08-10T18:09:00.000+01:00,MAR1GSOPEN;EURJPY;A1;08-10 17:21;0;
2026-08-10T18:12:00.000+01:00,MAR1GSOPEN;EURJPY;A1;08-10 18:12;1;08-10 18:12
2026-08-10T18:12:00.000+01:00,MAR1GSOPEN;EURJPY;B2;08-10 18:12;0;
2026-08-10T18:15:00.000+01:00,"MAR1GSOPEN;EURJPY;A1;08-10 18:12;2;08-10 18:12,08-10 18:15"
2026-08-10T18:15:00.000+01:00,MAR1GSOPEN;EURJPY;A2;08-10 18:15;0;
2026-08-10T18:15:00.000+01:00,MAR1GSOPEN;EURJPY;B2;08-10 18:15;1;08-10 18:15
2026-08-10T18:18:00.000+01:00,"MAR1GSOPEN;EURJPY;A1;08-10 18:12;2;08-10 18:12,08-10 18:15"
2026-08-10T18:18:00.000+01:00,MAR1GSOPEN;EURJPY;A2;08-10 18:15;0;
2026-08-10T18:18:00.000+01:00,MAR1GSOPEN;EURJPY;B2;08-10 18:15;1;08-10 18:15
2026-08-10T18:21:00.000+01:00,"MAR1GSOPEN;EURJPY;A1;08-10 18:12;2;08-10 18:12,08-10 18:15"
2026-08-10T18:21:00.000+01:00,MAR1GSOPEN;EURJPY;A2;08-10 18:15;0;
2026-08-10T18:21:00.000+01:00,MAR1GSOPEN;EURJPY;B2;08-10 18:15;1;08-10 18:15
2026-08-10T18:24:00.000+01:00,"MAR1GSOPEN;EURJPY;A1;08-10 18:12;2;08-10 18:12,08-10 18:15"
2026-08-10T18:24:00.000+01:00,MAR1GSOPEN;EURJPY;A2;08-10 18:15;0;
2026-08-10T18:24:00.000+01:00,MAR1GSOPEN;EURJPY;B2;08-10 18:15;1;08-10 18:15
2026-08-10T18:27:00.000+01:00,"MAR1GSOPEN;EURJPY;A1;08-10 18:12;2;08-10 18:12,08-10 18:15"
2026-08-10T18:27:00.000+01:00,MAR1GSOPEN;EURJPY;A2;08-10 18:15;0;
2026-08-10T18:27:00.000+01:00,MAR1GSOPEN;EURJPY;B2;08-10 18:15;1;08-10 18:15
2026-08-10T18:30:00.000+01:00,"MAR1GSOPEN;EURJPY;A1;08-10 18:12;2;08-10 18:12,08-10 18:15"
2026-08-10T18:30:00.000+01:00,MAR1GSOPEN;EURJPY;A2;08-10 18:15;0;
2026-08-10T18:30:00.000+01:00,MAR1GSOPEN;EURJPY;B2;08-10 18:15;1;08-10 18:15
2026-08-10T18:33:00.000+01:00,"MAR1GSOPEN;EURJPY;A1;08-10 18:12;2;08-10 18:12,08-10 18:15"
2026-08-10T18:33:00.000+01:00,MAR1GSOPEN;EURJPY;A2;08-10 18:15;0;
2026-08-10T18:33:00.000+01:00,MAR1GSOPEN;EURJPY;B2;08-10 18:15;1;08-10 18:15
2026-08-10T18:36:00.000+01:00,"MAR1GSOPEN;EURJPY;A1;08-10 18:12;2;08-10 18:12,08-10 18:15"
2026-08-10T18:36:00.000+01:00,MAR1GSOPEN;EURJPY;A2;08-10 18:15;0;
2026-08-10T18:36:00.000+01:00,MAR1GSOPEN;EURJPY;B2;08-10 18:15;1;08-10 18:15
2026-08-10T18:39:00.000+01:00,"MAR1GSOPEN;EURJPY;A1;08-10 18:12;2;08-10 18:12,08-10 18:15"
2026-08-10T18:39:00.000+01:00,MAR1GSOPEN;EURJPY;A2;08-10 18:15;0;
2026-08-10T18:39:00.000+01:00,MAR1GSOPEN;EURJPY;B2;08-10 18:15;1;08-10 18:15
2026-08-10T18:42:00.000+01:00,"MAR1GSCLOSE;EURJPY;A1;08-10 18:12;08-10 18:45;3;long;08-10 18:12,08-10 18:15,08-10 18:42"
2026-08-10T18:42:00.000+01:00,MAR1GSCLOSE;EURJPY;A2;08-10 18:42;08-10 18:45;1;long;08-10 18:42
2026-08-10T18:42:00.000+01:00,"MAR1GSCLOSE;EURJPY;B2;08-10 18:15;08-10 18:45;2;long;08-10 18:15,08-10 18:42"
2026-08-11T08:15:00.000+01:00,MAR1GSOPEN;EURJPY;C2;08-11 08:15;0;
2026-08-11T08:18:00.000+01:00,MAR1GSCLOSE;EURJPY;C2;08-11 08:18;08-11 08:21;1;long;08-11 08:18
2026-08-11T15:36:00.000+01:00,MAR1GSOPEN;EURJPY;A1;08-11 15:36;0;
2026-08-11T15:36:00.000+01:00,MAR1GSOPEN;EURJPY;A2;08-11 15:36;0;
2026-08-11T15:39:00.000+01:00,MAR1GSOPEN;EURJPY;A1;08-11 15:36;0;
2026-08-11T15:39:00.000+01:00,MAR1GSOPEN;EURJPY;A2;08-11 15:36;0;
2026-08-11T15:42:00.000+01:00,MAR1GSOPEN;EURJPY;A1;08-11 15:36;0;
2026-08-11T15:42:00.000+01:00,MAR1GSOPEN;EURJPY;A2;08-11 15:36;0;
2026-08-11T15:45:00.000+01:00,MAR1GSCLOSE;EURJPY;A1;08-11 15:45;08-11 15:48;1;short;08-11 15:45
2026-08-11T15:45:00.000+01:00,MAR1GSCLOSE;EURJPY;A2;08-11 15:45;08-11 15:48;1;short;08-11 15:45
2026-08-11T16:45:00.000+01:00,MAR1GSOPEN;EURJPY;C2;08-11 16:45;0;
2026-08-11T16:48:00.000+01:00,MAR1GSCLOSE;EURJPY;C2;08-11 16:48;08-11 16:51;1;long;08-11 16:48
2026-07-27T10:24:00.000+01:00,MAR1GSOPEN;EURJPY;A1;07-27 10:24;0;
2026-07-27T10:27:00.000+01:00,MAR1GSOPEN;EURJPY;A1;07-27 10:24;0;
2026-07-27T10:30:00.000+01:00,MAR1GSOPEN;EURJPY;A1;07-27 10:24;0;
2026-07-27T10:33:00.000+01:00,MAR1GSOPEN;EURJPY;A1;07-27 10:24;0;
2026-07-27T10:36:00.000+01:00,MAR1GSOPEN;EURJPY;A1;07-27 10:24;0;
2026-07-27T10:39:00.000+01:00,MAR1GSOPEN;EURJPY;A1;07-27 10:24;0;
2026-07-27T10:42:00.000+01:00,MAR1GSOPEN;EURJPY;A1;07-27 10:24;0;
2026-07-27T10:45:00.000+01:00,MAR1GSOPEN;EURJPY;A1;07-27 10:24;0;
2026-07-27T10:48:00.000+01:00,MAR1GSOPEN;EURJPY;A1;07-27 10:24;0;
2026-07-27T10:51:00.000+01:00,MAR1GSOPEN;EURJPY;A1;07-27 10:24;0;
2026-07-27T10:54:00.000+01:00,MAR1GSOPEN;EURJPY;A1;07-27 10:24;0;
2026-07-27T10:57:00.000+01:00,MAR1GSOPEN;EURJPY;A1;07-27 10:24;0;
2026-07-27T11:00:00.000+01:00,MAR1GSOPEN;EURJPY;A1;07-27 10:24;0;
2026-07-27T11:03:00.000+01:00,MAR1GSOPEN;EURJPY;A1;07-27 10:24;0;
2026-07-27T11:06:00.000+01:00,MAR1GSOPEN;EURJPY;A1;07-27 10:24;0;
2026-07-27T11:09:00.000+01:00,MAR1GSOPEN;EURJPY;A1;07-27 10:24;0;
2026-07-27T11:12:00.000+01:00,MAR1GSOPEN;EURJPY;A1;07-27 10:24;0;
2026-07-27T11:15:00.000+01:00,MAR1GSOPEN;EURJPY;A1;07-27 10:24;0;
2026-07-27T11:18:00.000+01:00,MAR1GSOPEN;EURJPY;A1;07-27 10:24;0;
2026-07-27T11:21:00.000+01:00,MAR1GSOPEN;EURJPY;A1;07-27 10:24;0;
2026-07-27T11:24:00.000+01:00,MAR1GSOPEN;EURJPY;A1;07-27 10:24;0;
2026-07-27T11:27:00.000+01:00,MAR1GSOPEN;EURJPY;A1;07-27 10:24;0;
2026-07-27T11:30:00.000+01:00,MAR1GSOPEN;EURJPY;A1;07-27 10:24;0;
2026-07-27T11:33:00.000+01:00,MAR1GSOPEN;EURJPY;A1;07-27 10:24;0;
2026-07-27T11:36:00.000+01:00,MAR1GSOPEN;EURJPY;A1;07-27 10:24;0;
2026-07-27T11:39:00.000+01:00,MAR1GSOPEN;EURJPY;A1;07-27 10:24;0;
2026-07-27T11:42:00.000+01:00,MAR1GSOPEN;EURJPY;A1;07-27 10:24;0;
2026-07-27T11:45:00.000+01:00,MAR1GSOPEN;EURJPY;A1;07-27 10:24;0;
2026-07-27T11:48:00.000+01:00,MAR1GSCLOSE;EURJPY;A1;07-27 11:48;07-27 11:51;1;long;07-27 11:48
2026-07-28T08:27:00.000+01:00,MAR1GSOPEN;EURJPY;C1;07-28 08:27;0;
2026-07-28T08:30:00.000+01:00,MAR1GSOPEN;EURJPY;A1;07-28 08:30;0;
2026-07-28T08:30:00.000+01:00,MAR1GSOPEN;EURJPY;A2;07-28 08:30;0;
2026-07-28T08:30:00.000+01:00,MAR1GSOPEN;EURJPY;C1;07-28 08:30;1;07-28 08:30
2026-07-28T08:30:00.000+01:00,MAR1GSOPEN;EURJPY;C2;07-28 08:30;0;
2026-07-28T08:33:00.000+01:00,MAR1GSOPEN;EURJPY;A1;07-28 08:30;0;
2026-07-28T08:33:00.000+01:00,MAR1GSOPEN;EURJPY;A2;07-28 08:30;0;
2026-07-28T08:33:00.000+01:00,MAR1GSOPEN;EURJPY;C1;07-28 08:30;1;07-28 08:30
2026-07-28T08:33:00.000+01:00,MAR1GSOPEN;EURJPY;C2;07-28 08:30;0;
2026-07-28T08:36:00.000+01:00,MAR1GSOPEN;EURJPY;A1;07-28 08:30;0;
2026-07-28T08:36:00.000+01:00,MAR1GSOPEN;EURJPY;A2;07-28 08:36;1;07-28 08:36
2026-07-28T08:36:00.000+01:00,MAR1GSOPEN;EURJPY;B1;07-28 08:36;0;
2026-07-28T08:36:00.000+01:00,"MAR1GSOPEN;EURJPY;C1;07-28 08:30;2;07-28 08:30,07-28 08:36"
2026-07-28T08:36:00.000+01:00,MAR1GSOPEN;EURJPY;C2;07-28 08:30;0;
2026-07-28T08:39:00.000+01:00,MAR1GSOPEN;EURJPY;A1;07-28 08:30;0;
2026-07-28T08:39:00.000+01:00,MAR1GSOPEN;EURJPY;A2;07-28 08:36;1;07-28 08:36
2026-07-28T08:39:00.000+01:00,MAR1GSOPEN;EURJPY;B1;07-28 08:36;0;
2026-07-28T08:39:00.000+01:00,"MAR1GSOPEN;EURJPY;C1;07-28 08:30;2;07-28 08:30,07-28 08:36"
2026-07-28T08:39:00.000+01:00,MAR1GSOPEN;EURJPY;C2;07-28 08:30;0;
2026-07-28T08:42:00.000+01:00,MAR1GSOPEN;EURJPY;A1;07-28 08:30;0;
2026-07-28T08:42:00.000+01:00,MAR1GSOPEN;EURJPY;A2;07-28 08:36;1;07-28 08:36
2026-07-28T08:42:00.000+01:00,MAR1GSOPEN;EURJPY;B1;07-28 08:36;0;
2026-07-28T08:42:00.000+01:00,"MAR1GSOPEN;EURJPY;C1;07-28 08:30;2;07-28 08:30,07-28 08:36"
2026-07-28T08:42:00.000+01:00,MAR1GSOPEN;EURJPY;C2;07-28 08:30;0;
2026-07-28T08:45:00.000+01:00,MAR1GSOPEN;EURJPY;A1;07-28 08:30;0;
2026-07-28T08:45:00.000+01:00,MAR1GSOPEN;EURJPY;A2;07-28 08:36;1;07-28 08:36
2026-07-28T08:45:00.000+01:00,MAR1GSOPEN;EURJPY;B1;07-28 08:36;0;
2026-07-28T08:45:00.000+01:00,"MAR1GSOPEN;EURJPY;C1;07-28 08:30;2;07-28 08:30,07-28 08:36"
2026-07-28T08:45:00.000+01:00,MAR1GSOPEN;EURJPY;C2;07-28 08:30;0;
2026-07-28T08:48:00.000+01:00,MAR1GSOPEN;EURJPY;A1;07-28 08:30;0;
2026-07-28T08:48:00.000+01:00,MAR1GSOPEN;EURJPY;A2;07-28 08:36;1;07-28 08:36
2026-07-28T08:48:00.000+01:00,MAR1GSOPEN;EURJPY;B1;07-28 08:36;0;
2026-07-28T08:48:00.000+01:00,"MAR1GSOPEN;EURJPY;C1;07-28 08:30;2;07-28 08:30,07-28 08:36"
2026-07-28T08:48:00.000+01:00,MAR1GSOPEN;EURJPY;C2;07-28 08:30;0;
2026-07-28T08:51:00.000+01:00,MAR1GSOPEN;EURJPY;A1;07-28 08:30;0;
2026-07-28T08:51:00.000+01:00,MAR1GSOPEN;EURJPY;A2;07-28 08:36;1;07-28 08:36
2026-07-28T08:51:00.000+01:00,MAR1GSOPEN;EURJPY;B1;07-28 08:36;0;
2026-07-28T08:51:00.000+01:00,"MAR1GSOPEN;EURJPY;C1;07-28 08:30;2;07-28 08:30,07-28 08:36"
2026-07-28T08:51:00.000+01:00,MAR1GSOPEN;EURJPY;C2;07-28 08:30;0;
2026-07-28T08:54:00.000+01:00,MAR1GSOPEN;EURJPY;A1;07-28 08:30;0;
2026-07-28T08:54:00.000+01:00,MAR1GSOPEN;EURJPY;A2;07-28 08:36;1;07-28 08:36
2026-07-28T08:54:00.000+01:00,MAR1GSOPEN;EURJPY;B1;07-28 08:36;0;
2026-07-28T08:54:00.000+01:00,"MAR1GSOPEN;EURJPY;C1;07-28 08:30;2;07-28 08:30,07-28 08:36"
2026-07-28T08:54:00.000+01:00,MAR1GSOPEN;EURJPY;C2;07-28 08:30;0;
2026-07-28T08:57:00.000+01:00,MAR1GSOPEN;EURJPY;A1;07-28 08:30;0;
2026-07-28T08:57:00.000+01:00,MAR1GSOPEN;EURJPY;A2;07-28 08:36;1;07-28 08:36
2026-07-28T08:57:00.000+01:00,MAR1GSOPEN;EURJPY;B1;07-28 08:36;0;
2026-07-28T08:57:00.000+01:00,"MAR1GSOPEN;EURJPY;C1;07-28 08:30;2;07-28 08:30,07-28 08:36"
2026-07-28T08:57:00.000+01:00,MAR1GSOPEN;EURJPY;C2;07-28 08:30;0;
2026-07-28T09:00:00.000+01:00,MAR1GSOPEN;EURJPY;A1;07-28 08:30;0;
2026-07-28T09:00:00.000+01:00,MAR1GSOPEN;EURJPY;A2;07-28 08:36;1;07-28 08:36
2026-07-28T09:00:00.000+01:00,MAR1GSOPEN;EURJPY;B1;07-28 08:36;0;
2026-07-28T09:00:00.000+01:00,"MAR1GSOPEN;EURJPY;C1;07-28 08:30;2;07-28 08:30,07-28 08:36"
2026-07-28T09:00:00.000+01:00,MAR1GSOPEN;EURJPY;C2;07-28 08:30;0;
2026-07-28T09:03:00.000+01:00,MAR1GSOPEN;EURJPY;A1;07-28 08:30;0;
2026-07-28T09:03:00.000+01:00,MAR1GSOPEN;EURJPY;A2;07-28 08:36;1;07-28 08:36
2026-07-28T09:03:00.000+01:00,MAR1GSOPEN;EURJPY;B1;07-28 08:36;0;
2026-07-28T09:03:00.000+01:00,"MAR1GSOPEN;EURJPY;C1;07-28 08:30;2;07-28 08:30,07-28 08:36"
2026-07-28T09:03:00.000+01:00,MAR1GSOPEN;EURJPY;C2;07-28 08:30;0;
2026-07-28T09:06:00.000+01:00,MAR1GSOPEN;EURJPY;A1;07-28 08:30;0;
2026-07-28T09:06:00.000+01:00,MAR1GSOPEN;EURJPY;A2;07-28 08:36;1;07-28 08:36
2026-07-28T09:06:00.000+01:00,MAR1GSOPEN;EURJPY;B1;07-28 08:36;0;
2026-07-28T09:06:00.000+01:00,"MAR1GSOPEN;EURJPY;C1;07-28 08:30;2;07-28 08:30,07-28 08:36"
2026-07-28T09:06:00.000+01:00,MAR1GSOPEN;EURJPY;C2;07-28 08:30;0;
2026-07-28T09:09:00.000+01:00,MAR1GSOPEN;EURJPY;A1;07-28 08:30;0;
2026-07-28T09:09:00.000+01:00,MAR1GSOPEN;EURJPY;A2;07-28 08:36;1;07-28 08:36
2026-07-28T09:09:00.000+01:00,MAR1GSOPEN;EURJPY;B1;07-28 08:36;0;
2026-07-28T09:09:00.000+01:00,"MAR1GSOPEN;EURJPY;C1;07-28 08:30;2;07-28 08:30,07-28 08:36"
2026-07-28T09:09:00.000+01:00,MAR1GSOPEN;EURJPY;C2;07-28 08:30;0;
2026-07-28T09:12:00.000+01:00,MAR1GSOPEN;EURJPY;A1;07-28 08:30;0;
2026-07-28T09:12:00.000+01:00,MAR1GSOPEN;EURJPY;A2;07-28 08:36;1;07-28 08:36
2026-07-28T09:12:00.000+01:00,MAR1GSOPEN;EURJPY;B1;07-28 08:36;0;
2026-07-28T09:12:00.000+01:00,"MAR1GSOPEN;EURJPY;C1;07-28 08:30;2;07-28 08:30,07-28 08:36"
2026-07-28T09:12:00.000+01:00,MAR1GSOPEN;EURJPY;C2;07-28 08:30;0;
2026-07-28T09:15:00.000+01:00,MAR1GSOPEN;EURJPY;A1;07-28 08:30;0;
2026-07-28T09:15:00.000+01:00,MAR1GSOPEN;EURJPY;A2;07-28 08:36;1;07-28 08:36
2026-07-28T09:15:00.000+01:00,MAR1GSOPEN;EURJPY;B1;07-28 08:36;0;
2026-07-28T09:15:00.000+01:00,"MAR1GSOPEN;EURJPY;C1;07-28 08:30;2;07-28 08:30,07-28 08:36"
2026-07-28T09:15:00.000+01:00,MAR1GSOPEN;EURJPY;C2;07-28 08:30;0;
2026-07-28T09:18:00.000+01:00,MAR1GSOPEN;EURJPY;A1;07-28 08:30;0;
2026-07-28T09:18:00.000+01:00,MAR1GSOPEN;EURJPY;A2;07-28 08:36;1;07-28 08:36
2026-07-28T09:18:00.000+01:00,MAR1GSOPEN;EURJPY;B1;07-28 08:36;0;
2026-07-28T09:18:00.000+01:00,"MAR1GSOPEN;EURJPY;C1;07-28 08:30;2;07-28 08:30,07-28 08:36"
2026-07-28T09:18:00.000+01:00,MAR1GSOPEN;EURJPY;C2;07-28 08:30;0;
2026-07-28T09:21:00.000+01:00,MAR1GSOPEN;EURJPY;A1;07-28 08:30;0;
2026-07-28T09:21:00.000+01:00,MAR1GSOPEN;EURJPY;A2;07-28 08:36;1;07-28 08:36
2026-07-28T09:21:00.000+01:00,MAR1GSOPEN;EURJPY;B1;07-28 08:36;0;
2026-07-28T09:21:00.000+01:00,"MAR1GSOPEN;EURJPY;C1;07-28 08:30;2;07-28 08:30,07-28 08:36"
2026-07-28T09:21:00.000+01:00,MAR1GSOPEN;EURJPY;C2;07-28 08:30;0;
2026-07-28T09:24:00.000+01:00,MAR1GSOPEN;EURJPY;A1;07-28 08:30;0;
2026-07-28T09:24:00.000+01:00,MAR1GSOPEN;EURJPY;A2;07-28 08:36;1;07-28 08:36
2026-07-28T09:24:00.000+01:00,MAR1GSOPEN;EURJPY;B1;07-28 08:36;0;
2026-07-28T09:24:00.000+01:00,"MAR1GSOPEN;EURJPY;C1;07-28 08:30;2;07-28 08:30,07-28 08:36"
2026-07-28T09:24:00.000+01:00,MAR1GSOPEN;EURJPY;C2;07-28 08:30;0;
2026-07-28T09:27:00.000+01:00,MAR1GSCLOSE;EURJPY;A1;07-28 09:27;07-28 09:30;1;long;07-28 09:27
2026-07-28T09:27:00.000+01:00,"MAR1GSCLOSE;EURJPY;A2;07-28 08:36;07-28 09:30;2;long;07-28 08:36,07-28 09:27"
2026-07-28T09:27:00.000+01:00,MAR1GSCLOSE;EURJPY;B1;07-28 09:27;07-28 09:30;1;long;07-28 09:27
2026-07-28T09:27:00.000+01:00,"MAR1GSCLOSE;EURJPY;C1;07-28 08:30;07-28 09:30;3;long;07-28 08:30,07-28 08:36,07-28 09:27"
2026-07-28T09:27:00.000+01:00,MAR1GSCLOSE;EURJPY;C2;07-28 09:27;07-28 09:30;1;long;07-28 09:27
2026-07-28T12:48:00.000+01:00,MAR1GSOPEN;EURJPY;A2;07-28 12:48;0;
2026-07-28T12:51:00.000+01:00,MAR1GSOPEN;EURJPY;A2;07-28 12:48;0;
2026-07-28T12:54:00.000+01:00,MAR1GSOPEN;EURJPY;A2;07-28 12:48;0;
2026-07-28T12:57:00.000+01:00,MAR1GSOPEN;EURJPY;A2;07-28 12:48;0;
2026-07-28T13:00:00.000+01:00,MAR1GSOPEN;EURJPY;A2;07-28 12:48;0;
2026-07-28T13:03:00.000+01:00,MAR1GSOPEN;EURJPY;A2;07-28 12:48;0;
2026-07-28T13:06:00.000+01:00,MAR1GSOPEN;EURJPY;A2;07-28 12:48;0;
2026-07-28T13:09:00.000+01:00,MAR1GSOPEN;EURJPY;A2;07-28 12:48;0;
2026-07-28T13:12:00.000+01:00,MAR1GSOPEN;EURJPY;A2;07-28 12:48;0;
2026-07-28T13:15:00.000+01:00,MAR1GSOPEN;EURJPY;A2;07-28 12:48;0;
2026-07-28T13:18:00.000+01:00,MAR1GSOPEN;EURJPY;A2;07-28 12:48;0;
2026-07-28T13:21:00.000+01:00,MAR1GSOPEN;EURJPY;A2;07-28 12:48;0;
2026-07-28T13:24:00.000+01:00,MAR1GSOPEN;EURJPY;A2;07-28 12:48;0;
2026-07-28T13:27:00.000+01:00,MAR1GSOPEN;EURJPY;A2;07-28 12:48;0;
2026-07-28T13:30:00.000+01:00,MAR1GSOPEN;EURJPY;A2;07-28 12:48;0;
2026-07-28T13:33:00.000+01:00,MAR1GSOPEN;EURJPY;A2;07-28 12:48;0;
2026-07-28T13:36:00.000+01:00,MAR1GSOPEN;EURJPY;A1;07-28 13:36;0;
2026-07-28T13:36:00.000+01:00,MAR1GSOPEN;EURJPY;A2;07-28 13:36;1;07-28 13:36
2026-07-28T13:36:00.000+01:00,MAR1GSOPEN;EURJPY;B1;07-28 13:36;0;
2026-07-28T13:39:00.000+01:00,MAR1GSOPEN;EURJPY;A1;07-28 13:39;1;07-28 13:39
2026-07-28T13:39:00.000+01:00,"MAR1GSOPEN;EURJPY;A2;07-28 13:36;2;07-28 13:36,07-28 13:39"
2026-07-28T13:39:00.000+01:00,MAR1GSOPEN;EURJPY;B1;07-28 13:39;1;07-28 13:39
2026-07-28T13:39:00.000+01:00,MAR1GSOPEN;EURJPY;B2;07-28 13:39;0;
2026-07-28T13:42:00.000+01:00,MAR1GSOPEN;EURJPY;A1;07-28 13:39;1;07-28 13:39
2026-07-28T13:42:00.000+01:00,"MAR1GSOPEN;EURJPY;A2;07-28 13:36;2;07-28 13:36,07-28 13:39"
2026-07-28T13:42:00.000+01:00,MAR1GSOPEN;EURJPY;B1;07-28 13:39;1;07-28 13:39
2026-07-28T13:42:00.000+01:00,MAR1GSOPEN;EURJPY;B2;07-28 13:39;0;
2026-07-28T13:45:00.000+01:00,"MAR1GSOPEN;EURJPY;A1;07-28 13:39;2;07-28 13:39,07-28 13:45"
2026-07-28T13:45:00.000+01:00,"MAR1GSOPEN;EURJPY;A2;07-28 13:36;3;07-28 13:36,07-28 13:39,07-28 13:45"
2026-07-28T13:45:00.000+01:00,"MAR1GSOPEN;EURJPY;B1;07-28 13:39;2;07-28 13:39,07-28 13:45"
2026-07-28T13:45:00.000+01:00,MAR1GSOPEN;EURJPY;B2;07-28 13:45;1;07-28 13:45
2026-07-28T13:45:00.000+01:00,MAR1GSOPEN;EURJPY;C1;07-28 13:45;1;07-28 13:45
2026-07-28T13:48:00.000+01:00,"MAR1GSOPEN;EURJPY;A1;07-28 13:39;3;07-28 13:39,07-28 13:45,07-28 13:48"
2026-07-28T13:48:00.000+01:00,"MAR1GSOPEN;EURJPY;A2;07-28 13:36;3;07-28 13:36,07-28 13:39,07-28 13:45"
2026-07-28T13:48:00.000+01:00,"MAR1GSOPEN;EURJPY;B1;07-28 13:39;2;07-28 13:39,07-28 13:45"
2026-07-28T13:48:00.000+01:00,"MAR1GSOPEN;EURJPY;B2;07-28 13:45;2;07-28 13:45,07-28 13:48"
2026-07-28T13:48:00.000+01:00,MAR1GSOPEN;EURJPY;C1;07-28 13:45;1;07-28 13:45
2026-07-28T13:48:00.000+01:00,MAR1GSOPEN;EURJPY;D1;07-28 13:48;0;
2026-07-28T13:51:00.000+01:00,"MAR1GSOPEN;EURJPY;A1;07-28 13:39;3;07-28 13:39,07-28 13:45,07-28 13:48"
2026-07-28T13:51:00.000+01:00,"MAR1GSOPEN;EURJPY;A2;07-28 13:36;3;07-28 13:36,07-28 13:39,07-28 13:45"
2026-07-28T13:51:00.000+01:00,"MAR1GSOPEN;EURJPY;B1;07-28 13:39;2;07-28 13:39,07-28 13:45"
2026-07-28T13:51:00.000+01:00,"MAR1GSOPEN;EURJPY;B2;07-28 13:45;2;07-28 13:45,07-28 13:48"
2026-07-28T13:51:00.000+01:00,MAR1GSOPEN;EURJPY;C1;07-28 13:45;1;07-28 13:45
2026-07-28T13:51:00.000+01:00,MAR1GSOPEN;EURJPY;D1;07-28 13:48;0;
2026-07-28T13:54:00.000+01:00,"MAR1GSOPEN;EURJPY;A1;07-28 13:39;3;07-28 13:39,07-28 13:45,07-28 13:48"
2026-07-28T13:54:00.000+01:00,"MAR1GSOPEN;EURJPY;A2;07-28 13:36;3;07-28 13:36,07-28 13:39,07-28 13:45"
2026-07-28T13:54:00.000+01:00,"MAR1GSOPEN;EURJPY;B1;07-28 13:39;2;07-28 13:39,07-28 13:45"
2026-07-28T13:54:00.000+01:00,"MAR1GSOPEN;EURJPY;B2;07-28 13:45;2;07-28 13:45,07-28 13:48"
2026-07-28T13:54:00.000+01:00,MAR1GSOPEN;EURJPY;C1;07-28 13:45;1;07-28 13:45
2026-07-28T13:54:00.000+01:00,MAR1GSOPEN;EURJPY;D1;07-28 13:48;0;
2026-07-28T13:57:00.000+01:00,"MAR1GSOPEN;EURJPY;A1;07-28 13:39;3;07-28 13:39,07-28 13:45,07-28 13:48"
2026-07-28T13:57:00.000+01:00,"MAR1GSOPEN;EURJPY;A2;07-28 13:36;3;07-28 13:36,07-28 13:39,07-28 13:45"
2026-07-28T13:57:00.000+01:00,"MAR1GSOPEN;EURJPY;B1;07-28 13:39;2;07-28 13:39,07-28 13:45"
2026-07-28T13:57:00.000+01:00,"MAR1GSOPEN;EURJPY;B2;07-28 13:45;2;07-28 13:45,07-28 13:48"
2026-07-28T13:57:00.000+01:00,MAR1GSOPEN;EURJPY;C1;07-28 13:45;1;07-28 13:45
2026-07-28T13:57:00.000+01:00,MAR1GSOPEN;EURJPY;D1;07-28 13:48;0;
2026-07-28T14:00:00.000+01:00,"MAR1GSOPEN;EURJPY;A1;07-28 13:39;3;07-28 13:39,07-28 13:45,07-28 13:48"
2026-07-28T14:00:00.000+01:00,"MAR1GSOPEN;EURJPY;A2;07-28 13:36;3;07-28 13:36,07-28 13:39,07-28 13:45"
2026-07-28T14:00:00.000+01:00,"MAR1GSOPEN;EURJPY;B1;07-28 13:39;2;07-28 13:39,07-28 13:45"
2026-07-28T14:00:00.000+01:00,"MAR1GSOPEN;EURJPY;B2;07-28 13:45;2;07-28 13:45,07-28 13:48"
2026-07-28T14:00:00.000+01:00,MAR1GSOPEN;EURJPY;C1;07-28 13:45;1;07-28 13:45
2026-07-28T14:00:00.000+01:00,MAR1GSOPEN;EURJPY;D1;07-28 13:48;0;
2026-07-28T14:03:00.000+01:00,"MAR1GSOPEN;EURJPY;A1;07-28 13:39;3;07-28 13:39,07-28 13:45,07-28 13:48"
2026-07-28T14:03:00.000+01:00,"MAR1GSOPEN;EURJPY;A2;07-28 13:36;3;07-28 13:36,07-28 13:39,07-28 13:45"
2026-07-28T14:03:00.000+01:00,"MAR1GSOPEN;EURJPY;B1;07-28 13:39;2;07-28 13:39,07-28 13:45"
2026-07-28T14:03:00.000+01:00,"MAR1GSOPEN;EURJPY;B2;07-28 13:45;2;07-28 13:45,07-28 13:48"
2026-07-28T14:03:00.000+01:00,MAR1GSOPEN;EURJPY;C1;07-28 13:45;1;07-28 13:45
2026-07-28T14:03:00.000+01:00,MAR1GSOPEN;EURJPY;D1;07-28 13:48;0;
2026-07-28T14:06:00.000+01:00,"MAR1GSOPEN;EURJPY;A1;07-28 13:39;3;07-28 13:39,07-28 13:45,07-28 13:48"
2026-07-28T14:06:00.000+01:00,"MAR1GSOPEN;EURJPY;A2;07-28 13:36;3;07-28 13:36,07-28 13:39,07-28 13:45"
2026-07-28T14:06:00.000+01:00,"MAR1GSOPEN;EURJPY;B1;07-28 13:39;2;07-28 13:39,07-28 13:45"
2026-07-28T14:06:00.000+01:00,"MAR1GSOPEN;EURJPY;B2;07-28 13:45;2;07-28 13:45,07-28 13:48"
2026-07-28T14:06:00.000+01:00,MAR1GSOPEN;EURJPY;C1;07-28 13:45;1;07-28 13:45
2026-07-28T14:06:00.000+01:00,MAR1GSOPEN;EURJPY;D1;07-28 13:48;0;
2026-07-28T14:09:00.000+01:00,"MAR1GSOPEN;EURJPY;A1;07-28 13:39;3;07-28 13:39,07-28 13:45,07-28 13:48"
2026-07-28T14:09:00.000+01:00,"MAR1GSOPEN;EURJPY;A2;07-28 13:36;3;07-28 13:36,07-28 13:39,07-28 13:45"
2026-07-28T14:09:00.000+01:00,"MAR1GSOPEN;EURJPY;B1;07-28 13:39;2;07-28 13:39,07-28 13:45"
2026-07-28T14:09:00.000+01:00,"MAR1GSOPEN;EURJPY;B2;07-28 13:45;2;07-28 13:45,07-28 13:48"
2026-07-28T14:09:00.000+01:00,MAR1GSOPEN;EURJPY;C1;07-28 13:45;1;07-28 13:45
2026-07-28T14:09:00.000+01:00,MAR1GSOPEN;EURJPY;D1;07-28 13:48;0;
2026-07-28T14:12:00.000+01:00,"MAR1GSOPEN;EURJPY;A1;07-28 13:39;3;07-28 13:39,07-28 13:45,07-28 13:48"
2026-07-28T14:12:00.000+01:00,"MAR1GSOPEN;EURJPY;A2;07-28 13:36;3;07-28 13:36,07-28 13:39,07-28 13:45"
2026-07-28T14:12:00.000+01:00,"MAR1GSOPEN;EURJPY;B1;07-28 13:39;2;07-28 13:39,07-28 13:45"
2026-07-28T14:12:00.000+01:00,"MAR1GSOPEN;EURJPY;B2;07-28 13:45;2;07-28 13:45,07-28 13:48"
2026-07-28T14:12:00.000+01:00,MAR1GSOPEN;EURJPY;C1;07-28 13:45;1;07-28 13:45
2026-07-28T14:12:00.000+01:00,MAR1GSOPEN;EURJPY;D1;07-28 13:48;0;
2026-07-28T14:15:00.000+01:00,"MAR1GSOPEN;EURJPY;A1;07-28 13:39;3;07-28 13:39,07-28 13:45,07-28 13:48"
2026-07-28T14:15:00.000+01:00,"MAR1GSOPEN;EURJPY;A2;07-28 13:36;3;07-28 13:36,07-28 13:39,07-28 13:45"
2026-07-28T14:15:00.000+01:00,"MAR1GSOPEN;EURJPY;B1;07-28 13:39;2;07-28 13:39,07-28 13:45"
2026-07-28T14:15:00.000+01:00,"MAR1GSOPEN;EURJPY;B2;07-28 13:45;2;07-28 13:45,07-28 13:48"
2026-07-28T14:15:00.000+01:00,MAR1GSOPEN;EURJPY;C1;07-28 13:45;1;07-28 13:45
2026-07-28T14:15:00.000+01:00,MAR1GSOPEN;EURJPY;D1;07-28 13:48;0;
2026-07-28T14:18:00.000+01:00,"MAR1GSOPEN;EURJPY;A1;07-28 13:39;3;07-28 13:39,07-28 13:45,07-28 13:48"
2026-07-28T14:18:00.000+01:00,"MAR1GSOPEN;EURJPY;A2;07-28 13:36;3;07-28 13:36,07-28 13:39,07-28 13:45"
2026-07-28T14:18:00.000+01:00,"MAR1GSOPEN;EURJPY;B1;07-28 13:39;2;07-28 13:39,07-28 13:45"
2026-07-28T14:18:00.000+01:00,"MAR1GSOPEN;EURJPY;B2;07-28 13:45;2;07-28 13:45,07-28 13:48"
2026-07-28T14:18:00.000+01:00,MAR1GSOPEN;EURJPY;C1;07-28 13:45;1;07-28 13:45
2026-07-28T14:18:00.000+01:00,MAR1GSOPEN;EURJPY;D1;07-28 13:48;0;
2026-07-28T14:21:00.000+01:00,"MAR1GSOPEN;EURJPY;A1;07-28 13:39;3;07-28 13:39,07-28 13:45,07-28 13:48"
2026-07-28T14:21:00.000+01:00,"MAR1GSOPEN;EURJPY;A2;07-28 13:36;3;07-28 13:36,07-28 13:39,07-28 13:45"
2026-07-28T14:21:00.000+01:00,"MAR1GSOPEN;EURJPY;B1;07-28 13:39;2;07-28 13:39,07-28 13:45"
2026-07-28T14:21:00.000+01:00,"MAR1GSOPEN;EURJPY;B2;07-28 13:45;2;07-28 13:45,07-28 13:48"
2026-07-28T14:21:00.000+01:00,MAR1GSOPEN;EURJPY;C1;07-28 13:45;1;07-28 13:45
2026-07-28T14:21:00.000+01:00,MAR1GSOPEN;EURJPY;D1;07-28 13:48;0;
2026-07-28T14:24:00.000+01:00,"MAR1GSOPEN;EURJPY;A1;07-28 13:39;3;07-28 13:39,07-28 13:45,07-28 13:48"
2026-07-28T14:24:00.000+01:00,"MAR1GSOPEN;EURJPY;A2;07-28 13:36;3;07-28 13:36,07-28 13:39,07-28 13:45"
2026-07-28T14:24:00.000+01:00,"MAR1GSOPEN;EURJPY;B1;07-28 13:39;2;07-28 13:39,07-28 13:45"
2026-07-28T14:24:00.000+01:00,"MAR1GSOPEN;EURJPY;B2;07-28 13:45;2;07-28 13:45,07-28 13:48"
2026-07-28T14:24:00.000+01:00,MAR1GSOPEN;EURJPY;C1;07-28 13:45;1;07-28 13:45
2026-07-28T14:24:00.000+01:00,MAR1GSOPEN;EURJPY;D1;07-28 13:48;0;
2026-07-28T14:27:00.000+01:00,"MAR1GSOPEN;EURJPY;A1;07-28 13:39;3;07-28 13:39,07-28 13:45,07-28 13:48"
2026-07-28T14:27:00.000+01:00,"MAR1GSOPEN;EURJPY;A2;07-28 13:36;3;07-28 13:36,07-28 13:39,07-28 13:45"
2026-07-28T14:27:00.000+01:00,"MAR1GSOPEN;EURJPY;B1;07-28 13:39;2;07-28 13:39,07-28 13:45"
2026-07-28T14:27:00.000+01:00,"MAR1GSOPEN;EURJPY;B2;07-28 13:45;2;07-28 13:45,07-28 13:48"
2026-07-28T14:27:00.000+01:00,MAR1GSOPEN;EURJPY;C1;07-28 13:45;1;07-28 13:45
2026-07-28T14:27:00.000+01:00,MAR1GSOPEN;EURJPY;D1;07-28 13:48;0;
2026-07-28T14:30:00.000+01:00,"MAR1GSOPEN;EURJPY;A1;07-28 13:39;3;07-28 13:39,07-28 13:45,07-28 13:48"
2026-07-28T14:30:00.000+01:00,"MAR1GSOPEN;EURJPY;A2;07-28 13:36;3;07-28 13:36,07-28 13:39,07-28 13:45"
2026-07-28T14:30:00.000+01:00,"MAR1GSOPEN;EURJPY;B1;07-28 13:39;2;07-28 13:39,07-28 13:45"
2026-07-28T14:30:00.000+01:00,"MAR1GSOPEN;EURJPY;B2;07-28 13:45;2;07-28 13:45,07-28 13:48"
2026-07-28T14:30:00.000+01:00,MAR1GSOPEN;EURJPY;C1;07-28 13:45;1;07-28 13:45
2026-07-28T14:30:00.000+01:00,MAR1GSOPEN;EURJPY;D1;07-28 13:48;0;
2026-07-28T14:33:00.000+01:00,"MAR1GSOPEN;EURJPY;A1;07-28 13:39;3;07-28 13:39,07-28 13:45,07-28 13:48"
2026-07-28T14:33:00.000+01:00,"MAR1GSOPEN;EURJPY;A2;07-28 13:36;3;07-28 13:36,07-28 13:39,07-28 13:45"
2026-07-28T14:33:00.000+01:00,"MAR1GSOPEN;EURJPY;B1;07-28 13:39;2;07-28 13:39,07-28 13:45"
2026-07-28T14:33:00.000+01:00,"MAR1GSOPEN;EURJPY;B2;07-28 13:45;2;07-28 13:45,07-28 13:48"
2026-07-28T14:33:00.000+01:00,MAR1GSOPEN;EURJPY;C1;07-28 13:45;1;07-28 13:45
2026-07-28T14:33:00.000+01:00,MAR1GSOPEN;EURJPY;D1;07-28 13:48;0;
2026-07-28T14:36:00.000+01:00,"MAR1GSOPEN;EURJPY;A1;07-28 13:39;3;07-28 13:39,07-28 13:45,07-28 13:48"
2026-07-28T14:36:00.000+01:00,"MAR1GSOPEN;EURJPY;A2;07-28 13:36;3;07-28 13:36,07-28 13:39,07-28 13:45"
2026-07-28T14:36:00.000+01:00,"MAR1GSOPEN;EURJPY;B1;07-28 13:39;2;07-28 13:39,07-28 13:45"
2026-07-28T14:36:00.000+01:00,"MAR1GSOPEN;EURJPY;B2;07-28 13:45;2;07-28 13:45,07-28 13:48"
2026-07-28T14:36:00.000+01:00,MAR1GSOPEN;EURJPY;C1;07-28 13:45;1;07-28 13:45
2026-07-28T14:36:00.000+01:00,MAR1GSOPEN;EURJPY;D1;07-28 13:48;0;
2026-07-28T14:39:00.000+01:00,"MAR1GSOPEN;EURJPY;A1;07-28 13:39;3;07-28 13:39,07-28 13:45,07-28 13:48"
2026-07-28T14:39:00.000+01:00,"MAR1GSOPEN;EURJPY;A2;07-28 13:36;3;07-28 13:36,07-28 13:39,07-28 13:45"
2026-07-28T14:39:00.000+01:00,"MAR1GSOPEN;EURJPY;B1;07-28 13:39;2;07-28 13:39,07-28 13:45"
2026-07-28T14:39:00.000+01:00,"MAR1GSOPEN;EURJPY;B2;07-28 13:45;2;07-28 13:45,07-28 13:48"
2026-07-28T14:39:00.000+01:00,MAR1GSOPEN;EURJPY;C1;07-28 13:45;1;07-28 13:45
2026-07-28T14:39:00.000+01:00,MAR1GSOPEN;EURJPY;D1;07-28 13:48;0;
2026-07-28T14:42:00.000+01:00,"MAR1GSOPEN;EURJPY;A1;07-28 13:39;3;07-28 13:39,07-28 13:45,07-28 13:48"
2026-07-28T14:42:00.000+01:00,"MAR1GSOPEN;EURJPY;A2;07-28 13:36;3;07-28 13:36,07-28 13:39,07-28 13:45"
2026-07-28T14:42:00.000+01:00,"MAR1GSOPEN;EURJPY;B1;07-28 13:39;2;07-28 13:39,07-28 13:45"
2026-07-28T14:42:00.000+01:00,"MAR1GSOPEN;EURJPY;B2;07-28 13:45;2;07-28 13:45,07-28 13:48"
2026-07-28T14:42:00.000+01:00,MAR1GSOPEN;EURJPY;C1;07-28 13:45;1;07-28 13:45
2026-07-28T14:42:00.000+01:00,MAR1GSOPEN;EURJPY;D1;07-28 13:48;0;
2026-07-28T14:45:00.000+01:00,"MAR1GSOPEN;EURJPY;A1;07-28 13:39;3;07-28 13:39,07-28 13:45,07-28 13:48"
2026-07-28T14:45:00.000+01:00,"MAR1GSOPEN;EURJPY;A2;07-28 13:36;3;07-28 13:36,07-28 13:39,07-28 13:45"
2026-07-28T14:45:00.000+01:00,"MAR1GSOPEN;EURJPY;B1;07-28 13:39;2;07-28 13:39,07-28 13:45"
2026-07-28T14:45:00.000+01:00,"MAR1GSOPEN;EURJPY;B2;07-28 13:45;2;07-28 13:45,07-28 13:48"
2026-07-28T14:45:00.000+01:00,MAR1GSOPEN;EURJPY;C1;07-28 13:45;1;07-28 13:45
2026-07-28T14:45:00.000+01:00,MAR1GSOPEN;EURJPY;D1;07-28 13:48;0;
2026-07-28T14:48:00.000+01:00,"MAR1GSOPEN;EURJPY;A1;07-28 13:39;3;07-28 13:39,07-28 13:45,07-28 13:48"
2026-07-28T14:48:00.000+01:00,"MAR1GSOPEN;EURJPY;A2;07-28 13:36;3;07-28 13:36,07-28 13:39,07-28 13:45"
2026-07-28T14:48:00.000+01:00,"MAR1GSOPEN;EURJPY;B1;07-28 13:39;2;07-28 13:39,07-28 13:45"
2026-07-28T14:48:00.000+01:00,"MAR1GSOPEN;EURJPY;B2;07-28 13:45;2;07-28 13:45,07-28 13:48"
2026-07-28T14:48:00.000+01:00,MAR1GSOPEN;EURJPY;C1;07-28 13:45;1;07-28 13:45
2026-07-28T14:48:00.000+01:00,MAR1GSOPEN;EURJPY;D1;07-28 13:48;0;
2026-07-28T14:51:00.000+01:00,"MAR1GSOPEN;EURJPY;A1;07-28 13:39;3;07-28 13:39,07-28 13:45,07-28 13:48"
2026-07-28T14:51:00.000+01:00,"MAR1GSOPEN;EURJPY;A2;07-28 13:36;3;07-28 13:36,07-28 13:39,07-28 13:45"
2026-07-28T14:51:00.000+01:00,"MAR1GSOPEN;EURJPY;B1;07-28 13:39;2;07-28 13:39,07-28 13:45"
2026-07-28T14:51:00.000+01:00,"MAR1GSOPEN;EURJPY;B2;07-28 13:45;2;07-28 13:45,07-28 13:48"
2026-07-28T14:51:00.000+01:00,MAR1GSOPEN;EURJPY;C1;07-28 13:45;1;07-28 13:45
2026-07-28T14:51:00.000+01:00,MAR1GSOPEN;EURJPY;D1;07-28 13:48;0;
2026-07-28T14:54:00.000+01:00,"MAR1GSOPEN;EURJPY;A1;07-28 13:39;3;07-28 13:39,07-28 13:45,07-28 13:48"
2026-07-28T14:54:00.000+01:00,"MAR1GSOPEN;EURJPY;A2;07-28 13:36;3;07-28 13:36,07-28 13:39,07-28 13:45"
2026-07-28T14:54:00.000+01:00,"MAR1GSOPEN;EURJPY;B1;07-28 13:39;2;07-28 13:39,07-28 13:45"
2026-07-28T14:54:00.000+01:00,"MAR1GSOPEN;EURJPY;B2;07-28 13:45;2;07-28 13:45,07-28 13:48"
2026-07-28T14:54:00.000+01:00,MAR1GSOPEN;EURJPY;C1;07-28 13:45;1;07-28 13:45
2026-07-28T14:54:00.000+01:00,MAR1GSOPEN;EURJPY;D1;07-28 13:48;0;
2026-07-28T14:57:00.000+01:00,"MAR1GSOPEN;EURJPY;A1;07-28 13:39;3;07-28 13:39,07-28 13:45,07-28 13:48"
2026-07-28T14:57:00.000+01:00,"MAR1GSOPEN;EURJPY;A2;07-28 13:36;3;07-28 13:36,07-28 13:39,07-28 13:45"
2026-07-28T14:57:00.000+01:00,"MAR1GSOPEN;EURJPY;B1;07-28 13:39;2;07-28 13:39,07-28 13:45"
2026-07-28T14:57:00.000+01:00,"MAR1GSOPEN;EURJPY;B2;07-28 13:45;2;07-28 13:45,07-28 13:48"
2026-07-28T14:57:00.000+01:00,MAR1GSOPEN;EURJPY;C1;07-28 13:45;1;07-28 13:45
2026-07-28T14:57:00.000+01:00,MAR1GSOPEN;EURJPY;D1;07-28 13:48;0;
2026-07-28T15:00:00.000+01:00,"MAR1GSCLOSE;EURJPY;A1;07-28 13:39;07-28 15:03;4;long;07-28 13:39,07-28 13:45,07-28 13:48,07-28 15:00"
2026-07-28T15:00:00.000+01:00,"MAR1GSCLOSE;EURJPY;A2;07-28 13:36;07-28 15:03;4;long;07-28 13:36,07-28 13:39,07-28 13:45,07-28 15:00"
2026-07-28T15:00:00.000+01:00,"MAR1GSCLOSE;EURJPY;B1;07-28 13:39;07-28 15:03;3;long;07-28 13:39,07-28 13:45,07-28 15:00"
2026-07-28T15:00:00.000+01:00,"MAR1GSCLOSE;EURJPY;B2;07-28 13:45;07-28 15:03;3;long;07-28 13:45,07-28 13:48,07-28 15:00"
2026-07-28T15:00:00.000+01:00,"MAR1GSCLOSE;EURJPY;C1;07-28 13:45;07-28 15:03;2;long;07-28 13:45,07-28 15:00"
2026-07-28T15:00:00.000+01:00,MAR1GSCLOSE;EURJPY;D1;07-28 15:00;07-28 15:03;1;long;07-28 15:00
2026-07-30T08:03:00.000+01:00,MAR1GSOPEN;EURJPY;A1;07-30 08:03;0;
2026-07-30T08:06:00.000+01:00,MAR1GSOPEN;EURJPY;A1;07-30 08:06;1;07-30 08:06
2026-07-30T08:06:00.000+01:00,MAR1GSOPEN;EURJPY;A2;07-30 08:06;0;
2026-07-30T08:06:00.000+01:00,MAR1GSOPEN;EURJPY;B2;07-30 08:06;0;
2026-07-30T08:09:00.000+01:00,MAR1GSOPEN;EURJPY;A1;07-30 08:06;1;07-30 08:06
2026-07-30T08:09:00.000+01:00,MAR1GSOPEN;EURJPY;A2;07-30 08:06;0;
2026-07-30T08:09:00.000+01:00,MAR1GSOPEN;EURJPY;B2;07-30 08:06;0;
2026-07-30T08:12:00.000+01:00,MAR1GSOPEN;EURJPY;A1;07-30 08:06;1;07-30 08:06
2026-07-30T08:12:00.000+01:00,MAR1GSOPEN;EURJPY;A2;07-30 08:06;0;
2026-07-30T08:12:00.000+01:00,MAR1GSOPEN;EURJPY;B2;07-30 08:06;0;
2026-07-30T08:15:00.000+01:00,MAR1GSOPEN;EURJPY;A1;07-30 08:06;1;07-30 08:06
2026-07-30T08:15:00.000+01:00,MAR1GSOPEN;EURJPY;A2;07-30 08:06;0;
2026-07-30T08:15:00.000+01:00,MAR1GSOPEN;EURJPY;B2;07-30 08:06;0;
2026-07-30T08:18:00.000+01:00,MAR1GSOPEN;EURJPY;A1;07-30 08:06;1;07-30 08:06
2026-07-30T08:18:00.000+01:00,MAR1GSOPEN;EURJPY;A2;07-30 08:06;0;
2026-07-30T08:18:00.000+01:00,MAR1GSOPEN;EURJPY;B2;07-30 08:06;0;
2026-07-30T08:21:00.000+01:00,MAR1GSOPEN;EURJPY;A1;07-30 08:06;1;07-30 08:06
2026-07-30T08:21:00.000+01:00,MAR1GSOPEN;EURJPY;A2;07-30 08:06;0;
2026-07-30T08:21:00.000+01:00,MAR1GSOPEN;EURJPY;B2;07-30 08:06;0;
2026-07-30T08:24:00.000+01:00,MAR1GSOPEN;EURJPY;A1;07-30 08:06;1;07-30 08:06
2026-07-30T08:24:00.000+01:00,MAR1GSOPEN;EURJPY;A2;07-30 08:06;0;
2026-07-30T08:24:00.000+01:00,MAR1GSOPEN;EURJPY;B2;07-30 08:06;0;
2026-07-30T08:27:00.000+01:00,MAR1GSOPEN;EURJPY;A1;07-30 08:06;1;07-30 08:06
2026-07-30T08:27:00.000+01:00,MAR1GSOPEN;EURJPY;A2;07-30 08:06;0;
2026-07-30T08:27:00.000+01:00,MAR1GSOPEN;EURJPY;B2;07-30 08:06;0;
2026-07-30T08:30:00.000+01:00,MAR1GSOPEN;EURJPY;A1;07-30 08:06;1;07-30 08:06
2026-07-30T08:30:00.000+01:00,MAR1GSOPEN;EURJPY;A2;07-30 08:06;0;
2026-07-30T08:30:00.000+01:00,MAR1GSOPEN;EURJPY;B2;07-30 08:06;0;
2026-07-30T08:33:00.000+01:00,"MAR1GSOPEN;EURJPY;A1;07-30 08:06;2;07-30 08:06,07-30 08:33"
2026-07-30T08:33:00.000+01:00,MAR1GSOPEN;EURJPY;A2;07-30 08:33;1;07-30 08:33
2026-07-30T08:33:00.000+01:00,MAR1GSOPEN;EURJPY;B1;07-30 08:33;0;
2026-07-30T08:33:00.000+01:00,MAR1GSOPEN;EURJPY;B2;07-30 08:33;1;07-30 08:33
2026-07-30T08:36:00.000+01:00,"MAR1GSOPEN;EURJPY;A1;07-30 08:06;3;07-30 08:06,07-30 08:33,07-30 08:36"
2026-07-30T08:36:00.000+01:00,"MAR1GSOPEN;EURJPY;A2;07-30 08:33;2;07-30 08:33,07-30 08:36"
2026-07-30T08:36:00.000+01:00,MAR1GSOPEN;EURJPY;B1;07-30 08:36;1;07-30 08:36
2026-07-30T08:36:00.000+01:00,"MAR1GSOPEN;EURJPY;B2;07-30 08:33;2;07-30 08:33,07-30 08:36"
2026-07-30T08:36:00.000+01:00,MAR1GSOPEN;EURJPY;D1;07-30 08:36;0;
2026-07-30T08:39:00.000+01:00,"MAR1GSOPEN;EURJPY;A1;07-30 08:06;3;07-30 08:06,07-30 08:33,07-30 08:36"
2026-07-30T08:39:00.000+01:00,"MAR1GSOPEN;EURJPY;A2;07-30 08:33;3;07-30 08:33,07-30 08:36,07-30 08:39"
2026-07-30T08:39:00.000+01:00,"MAR1GSOPEN;EURJPY;B1;07-30 08:36;2;07-30 08:36,07-30 08:39"
2026-07-30T08:39:00.000+01:00,"MAR1GSOPEN;EURJPY;B2;07-30 08:33;2;07-30 08:33,07-30 08:36"
2026-07-30T08:39:00.000+01:00,MAR1GSOPEN;EURJPY;C1;07-30 08:39;0;
2026-07-30T08:39:00.000+01:00,MAR1GSOPEN;EURJPY;D1;07-30 08:36;0;
2026-07-30T08:42:00.000+01:00,"MAR1GSOPEN;EURJPY;A1;07-30 08:06;3;07-30 08:06,07-30 08:33,07-30 08:36"
2026-07-30T08:42:00.000+01:00,"MAR1GSOPEN;EURJPY;A2;07-30 08:33;3;07-30 08:33,07-30 08:36,07-30 08:39"
2026-07-30T08:42:00.000+01:00,"MAR1GSOPEN;EURJPY;B1;07-30 08:36;2;07-30 08:36,07-30 08:39"
2026-07-30T08:42:00.000+01:00,"MAR1GSOPEN;EURJPY;B2;07-30 08:33;2;07-30 08:33,07-30 08:36"
2026-07-30T08:42:00.000+01:00,MAR1GSOPEN;EURJPY;C1;07-30 08:39;0;
2026-07-30T08:42:00.000+01:00,MAR1GSOPEN;EURJPY;D1;07-30 08:36;0;
2026-07-30T08:45:00.000+01:00,"MAR1GSOPEN;EURJPY;A1;07-30 08:06;3;07-30 08:06,07-30 08:33,07-30 08:36"
2026-07-30T08:45:00.000+01:00,"MAR1GSOPEN;EURJPY;A2;07-30 08:33;3;07-30 08:33,07-30 08:36,07-30 08:39"
2026-07-30T08:45:00.000+01:00,"MAR1GSOPEN;EURJPY;B1;07-30 08:36;2;07-30 08:36,07-30 08:39"
2026-07-30T08:45:00.000+01:00,"MAR1GSOPEN;EURJPY;B2;07-30 08:33;2;07-30 08:33,07-30 08:36"
2026-07-30T08:45:00.000+01:00,MAR1GSOPEN;EURJPY;C1;07-30 08:39;0;
2026-07-30T08:45:00.000+01:00,MAR1GSOPEN;EURJPY;D1;07-30 08:36;0;
2026-07-30T08:48:00.000+01:00,"MAR1GSOPEN;EURJPY;A1;07-30 08:06;3;07-30 08:06,07-30 08:33,07-30 08:36"
2026-07-30T08:48:00.000+01:00,"MAR1GSOPEN;EURJPY;A2;07-30 08:33;3;07-30 08:33,07-30 08:36,07-30 08:39"
2026-07-30T08:48:00.000+01:00,"MAR1GSOPEN;EURJPY;B1;07-30 08:36;2;07-30 08:36,07-30 08:39"
2026-07-30T08:48:00.000+01:00,"MAR1GSOPEN;EURJPY;B2;07-30 08:33;2;07-30 08:33,07-30 08:36"
2026-07-30T08:48:00.000+01:00,MAR1GSOPEN;EURJPY;C1;07-30 08:39;0;
2026-07-30T08:48:00.000+01:00,MAR1GSOPEN;EURJPY;D1;07-30 08:36;0;
2026-07-30T08:51:00.000+01:00,"MAR1GSOPEN;EURJPY;A1;07-30 08:06;3;07-30 08:06,07-30 08:33,07-30 08:36"
2026-07-30T08:51:00.000+01:00,"MAR1GSOPEN;EURJPY;A2;07-30 08:33;3;07-30 08:33,07-30 08:36,07-30 08:39"
2026-07-30T08:51:00.000+01:00,"MAR1GSOPEN;EURJPY;B1;07-30 08:36;2;07-30 08:36,07-30 08:39"
2026-07-30T08:51:00.000+01:00,"MAR1GSOPEN;EURJPY;B2;07-30 08:33;2;07-30 08:33,07-30 08:36"
2026-07-30T08:51:00.000+01:00,MAR1GSOPEN;EURJPY;C1;07-30 08:39;0;
2026-07-30T08:51:00.000+01:00,MAR1GSOPEN;EURJPY;D1;07-30 08:36;0;
2026-07-30T08:54:00.000+01:00,"MAR1GSOPEN;EURJPY;A1;07-30 08:06;3;07-30 08:06,07-30 08:33,07-30 08:36"
2026-07-30T08:54:00.000+01:00,"MAR1GSOPEN;EURJPY;A2;07-30 08:33;3;07-30 08:33,07-30 08:36,07-30 08:39"
2026-07-30T08:54:00.000+01:00,"MAR1GSOPEN;EURJPY;B1;07-30 08:36;2;07-30 08:36,07-30 08:39"
2026-07-30T08:54:00.000+01:00,"MAR1GSOPEN;EURJPY;B2;07-30 08:33;2;07-30 08:33,07-30 08:36"
2026-07-30T08:54:00.000+01:00,MAR1GSOPEN;EURJPY;C1;07-30 08:39;0;
2026-07-30T08:54:00.000+01:00,MAR1GSOPEN;EURJPY;D1;07-30 08:36;0;
2026-07-30T08:57:00.000+01:00,"MAR1GSOPEN;EURJPY;A1;07-30 08:06;3;07-30 08:06,07-30 08:33,07-30 08:36"
2026-07-30T08:57:00.000+01:00,"MAR1GSOPEN;EURJPY;A2;07-30 08:33;3;07-30 08:33,07-30 08:36,07-30 08:39"
2026-07-30T08:57:00.000+01:00,"MAR1GSOPEN;EURJPY;B1;07-30 08:36;2;07-30 08:36,07-30 08:39"
2026-07-30T08:57:00.000+01:00,"MAR1GSOPEN;EURJPY;B2;07-30 08:33;2;07-30 08:33,07-30 08:36"
2026-07-30T08:57:00.000+01:00,MAR1GSOPEN;EURJPY;C1;07-30 08:39;0;
2026-07-30T08:57:00.000+01:00,MAR1GSOPEN;EURJPY;D1;07-30 08:36;0;
2026-07-30T09:00:00.000+01:00,"MAR1GSCLOSE;EURJPY;A1;07-30 08:06;07-30 09:03;4;long;07-30 08:06,07-30 08:33,07-30 08:36,07-30 09:00"
2026-07-30T09:00:00.000+01:00,"MAR1GSCLOSE;EURJPY;A2;07-30 08:33;07-30 09:03;4;long;07-30 08:33,07-30 08:36,07-30 08:39,07-30 09:00"
2026-07-30T09:00:00.000+01:00,"MAR1GSCLOSE;EURJPY;B1;07-30 08:36;07-30 09:03;3;long;07-30 08:36,07-30 08:39,07-30 09:00"
2026-07-30T09:00:00.000+01:00,"MAR1GSCLOSE;EURJPY;B2;07-30 08:33;07-30 09:03;3;long;07-30 08:33,07-30 08:36,07-30 09:00"
2026-07-30T09:00:00.000+01:00,MAR1GSCLOSE;EURJPY;C1;07-30 09:00;07-30 09:03;1;long;07-30 09:00
2026-07-30T09:00:00.000+01:00,MAR1GSCLOSE;EURJPY;D1;07-30 09:00;07-30 09:03;1;long;07-30 09:00
2026-07-31T10:06:00.000+01:00,MAR1GSOPEN;EURJPY;A2;07-31 10:06;0;
2026-07-31T10:09:00.000+01:00,MAR1GSOPEN;EURJPY;A2;07-31 10:06;0;
2026-07-31T10:12:00.000+01:00,MAR1GSOPEN;EURJPY;A2;07-31 10:06;0;
2026-07-31T10:15:00.000+01:00,MAR1GSOPEN;EURJPY;A2;07-31 10:06;0;
2026-07-31T10:18:00.000+01:00,MAR1GSOPEN;EURJPY;A2;07-31 10:06;0;
2026-07-31T10:21:00.000+01:00,MAR1GSOPEN;EURJPY;A2;07-31 10:06;0;
2026-07-31T10:24:00.000+01:00,MAR1GSOPEN;EURJPY;A2;07-31 10:06;0;
2026-07-31T10:27:00.000+01:00,MAR1GSOPEN;EURJPY;A2;07-31 10:06;0;
2026-07-31T10:30:00.000+01:00,MAR1GSOPEN;EURJPY;A2;07-31 10:06;0;
2026-07-31T10:33:00.000+01:00,MAR1GSCLOSE;EURJPY;A2;07-31 10:33;07-31 10:36;1;long;07-31 10:33
2026-08-04T09:00:00.000+01:00,MAR1GSOPEN;EURJPY;A2;08-04 09:00;0;
2026-08-04T09:03:00.000+01:00,MAR1GSCLOSE;EURJPY;A2;08-04 09:03;08-04 09:06;1;long;08-04 09:03
2026-08-04T11:45:00.000+01:00,MAR1GSOPEN;EURJPY;A2;08-04 11:45;0;
2026-08-04T11:48:00.000+01:00,MAR1GSOPEN;EURJPY;A2;08-04 11:45;0;
2026-08-04T11:51:00.000+01:00,MAR1GSOPEN;EURJPY;A2;08-04 11:45;0;
2026-08-04T11:54:00.000+01:00,MAR1GSOPEN;EURJPY;A2;08-04 11:45;0;
2026-08-04T11:57:00.000+01:00,MAR1GSOPEN;EURJPY;A2;08-04 11:45;0;
2026-08-04T12:00:00.000+01:00,MAR1GSOPEN;EURJPY;A2;08-04 11:45;0;
2026-08-04T12:03:00.000+01:00,MAR1GSOPEN;EURJPY;A2;08-04 11:45;0;
2026-08-04T12:06:00.000+01:00,MAR1GSOPEN;EURJPY;A2;08-04 11:45;0;
2026-08-04T12:09:00.000+01:00,MAR1GSOPEN;EURJPY;A2;08-04 11:45;0;
2026-08-04T12:12:00.000+01:00,MAR1GSOPEN;EURJPY;A2;08-04 11:45;0;
2026-08-04T12:15:00.000+01:00,MAR1GSOPEN;EURJPY;A2;08-04 11:45;0;
2026-08-04T12:18:00.000+01:00,MAR1GSOPEN;EURJPY;A2;08-04 11:45;0;
2026-08-04T12:21:00.000+01:00,MAR1GSOPEN;EURJPY;A2;08-04 11:45;0;
2026-08-04T12:24:00.000+01:00,MAR1GSCLOSE;EURJPY;A2;08-04 12:24;08-04 12:27;1;short;08-04 12:24
2026-08-04T14:45:00.000+01:00,MAR1GSOPEN;EURJPY;A2;08-04 14:45;0;
2026-08-04T14:48:00.000+01:00,MAR1GSOPEN;EURJPY;A2;08-04 14:45;0;
2026-08-04T14:51:00.000+01:00,MAR1GSOPEN;EURJPY;A2;08-04 14:45;0;
2026-08-04T14:54:00.000+01:00,MAR1GSOPEN;EURJPY;A2;08-04 14:45;0;
2026-08-04T14:57:00.000+01:00,MAR1GSOPEN;EURJPY;A2;08-04 14:45;0;
2026-08-04T15:00:00.000+01:00,MAR1GSOPEN;EURJPY;A2;08-04 14:45;0;
2026-08-04T15:03:00.000+01:00,MAR1GSOPEN;EURJPY;A2;08-04 14:45;0;
2026-08-04T15:06:00.000+01:00,MAR1GSOPEN;EURJPY;A1;08-04 15:06;0;
2026-08-04T15:06:00.000+01:00,MAR1GSOPEN;EURJPY;A2;08-04 15:06;1;08-04 15:06
2026-08-04T15:06:00.000+01:00,MAR1GSOPEN;EURJPY;B1;08-04 15:06;0;
2026-08-04T15:09:00.000+01:00,MAR1GSOPEN;EURJPY;A1;08-04 15:06;0;
2026-08-04T15:09:00.000+01:00,MAR1GSOPEN;EURJPY;A2;08-04 15:06;1;08-04 15:06
2026-08-04T15:09:00.000+01:00,MAR1GSOPEN;EURJPY;B1;08-04 15:06;0;
2026-08-04T15:12:00.000+01:00,MAR1GSOPEN;EURJPY;A1;08-04 15:06;0;
2026-08-04T15:12:00.000+01:00,MAR1GSOPEN;EURJPY;A2;08-04 15:06;1;08-04 15:06
2026-08-04T15:12:00.000+01:00,MAR1GSOPEN;EURJPY;B1;08-04 15:06;0;
2026-08-04T15:15:00.000+01:00,MAR1GSOPEN;EURJPY;A1;08-04 15:06;0;
2026-08-04T15:15:00.000+01:00,MAR1GSOPEN;EURJPY;A2;08-04 15:06;1;08-04 15:06
2026-08-04T15:15:00.000+01:00,MAR1GSOPEN;EURJPY;B1;08-04 15:06;0;
2026-08-04T15:18:00.000+01:00,MAR1GSOPEN;EURJPY;A1;08-04 15:06;0;
2026-08-04T15:18:00.000+01:00,MAR1GSOPEN;EURJPY;A2;08-04 15:06;1;08-04 15:06
2026-08-04T15:18:00.000+01:00,MAR1GSOPEN;EURJPY;B1;08-04 15:06;0;
2026-08-04T15:21:00.000+01:00,MAR1GSOPEN;EURJPY;A1;08-04 15:06;0;
2026-08-04T15:21:00.000+01:00,MAR1GSOPEN;EURJPY;A2;08-04 15:06;1;08-04 15:06
2026-08-04T15:21:00.000+01:00,MAR1GSOPEN;EURJPY;B1;08-04 15:06;0;
2026-08-04T15:24:00.000+01:00,MAR1GSOPEN;EURJPY;A1;08-04 15:06;0;
2026-08-04T15:24:00.000+01:00,MAR1GSOPEN;EURJPY;A2;08-04 15:06;1;08-04 15:06
2026-08-04T15:24:00.000+01:00,MAR1GSOPEN;EURJPY;B1;08-04 15:06;0;
2026-08-04T15:27:00.000+01:00,MAR1GSCLOSE;EURJPY;A1;08-04 15:27;08-04 15:30;1;long;08-04 15:27
2026-08-04T15:27:00.000+01:00,"MAR1GSCLOSE;EURJPY;A2;08-04 15:06;08-04 15:30;2;long;08-04 15:06,08-04 15:27"
2026-08-04T15:27:00.000+01:00,MAR1GSCLOSE;EURJPY;B1;08-04 15:27;08-04 15:30;1;long;08-04 15:27
2026-08-04T17:57:00.000+01:00,MAR1GSOPEN;EURJPY;A1;08-04 17:57;0;
2026-08-04T17:57:00.000+01:00,MAR1GSOPEN;EURJPY;A2;08-04 17:57;0;
2026-08-04T18:00:00.000+01:00,MAR1GSCLOSE;EURJPY;A1;08-04 18:00;08-04 18:03;1;long;08-04 18:00
2026-08-04T18:00:00.000+01:00,MAR1GSCLOSE;EURJPY;A2;08-04 18:00;08-04 18:03;1;long;08-04 18:00
2026-08-06T08:48:00.000+01:00,MAR1GSOPEN;EURJPY;A1;08-06 08:48;0;
2026-08-06T08:48:00.000+01:00,MAR1GSOPEN;EURJPY;A2;08-06 08:48;0;
2026-08-06T08:51:00.000+01:00,MAR1GSCLOSE;EURJPY;A1;08-06 08:51;08-06 08:54;1;long;08-06 08:51
2026-08-06T08:51:00.000+01:00,MAR1GSCLOSE;EURJPY;A2;08-06 08:51;08-06 08:54;1;long;08-06 08:51
2026-08-06T12:15:00.000+01:00,MAR1GSOPEN;EURJPY;A1;08-06 12:15;0;
2026-08-06T12:18:00.000+01:00,MAR1GSCLOSE;EURJPY;A1;08-06 12:18;08-06 12:21;1;long;08-06 12:18
2026-08-06T17:12:00.000+01:00,MAR1GSOPEN;EURJPY;A1;08-06 17:12;0;
2026-08-06T17:12:00.000+01:00,MAR1GSOPEN;EURJPY;A2;08-06 17:12;0;
2026-08-06T17:15:00.000+01:00,MAR1GSOPEN;EURJPY;A1;08-06 17:12;0;
2026-08-06T17:15:00.000+01:00,MAR1GSOPEN;EURJPY;A2;08-06 17:12;0;
2026-08-06T17:18:00.000+01:00,MAR1GSOPEN;EURJPY;A1;08-06 17:12;0;
2026-08-06T17:18:00.000+01:00,MAR1GSOPEN;EURJPY;A2;08-06 17:18;1;08-06 17:18
2026-08-06T17:18:00.000+01:00,MAR1GSOPEN;EURJPY;B1;08-06 17:18;0;
2026-08-06T17:18:00.000+01:00,MAR1GSOPEN;EURJPY;C2;08-06 17:18;0;
2026-08-06T17:21:00.000+01:00,MAR1GSOPEN;EURJPY;A1;08-06 17:12;0;
2026-08-06T17:21:00.000+01:00,MAR1GSOPEN;EURJPY;A2;08-06 17:18;1;08-06 17:18
2026-08-06T17:21:00.000+01:00,MAR1GSOPEN;EURJPY;B1;08-06 17:18;0;
2026-08-06T17:21:00.000+01:00,MAR1GSOPEN;EURJPY;C2;08-06 17:18;0;
2026-08-06T17:24:00.000+01:00,MAR1GSOPEN;EURJPY;A1;08-06 17:12;0;
2026-08-06T17:24:00.000+01:00,MAR1GSOPEN;EURJPY;A2;08-06 17:18;1;08-06 17:18
2026-08-06T17:24:00.000+01:00,MAR1GSOPEN;EURJPY;B1;08-06 17:18;0;
2026-08-06T17:24:00.000+01:00,MAR1GSOPEN;EURJPY;C2;08-06 17:18;0;
2026-08-06T17:27:00.000+01:00,MAR1GSOPEN;EURJPY;A1;08-06 17:12;0;
2026-08-06T17:27:00.000+01:00,MAR1GSOPEN;EURJPY;A2;08-06 17:18;1;08-06 17:18
2026-08-06T17:27:00.000+01:00,MAR1GSOPEN;EURJPY;B1;08-06 17:18;0;
2026-08-06T17:27:00.000+01:00,MAR1GSOPEN;EURJPY;C2;08-06 17:18;0;
2026-08-06T17:30:00.000+01:00,MAR1GSOPEN;EURJPY;A1;08-06 17:12;0;
2026-08-06T17:30:00.000+01:00,MAR1GSOPEN;EURJPY;A2;08-06 17:18;1;08-06 17:18
2026-08-06T17:30:00.000+01:00,MAR1GSOPEN;EURJPY;B1;08-06 17:18;0;
2026-08-06T17:30:00.000+01:00,MAR1GSOPEN;EURJPY;C2;08-06 17:18;0;
2026-08-06T17:33:00.000+01:00,MAR1GSOPEN;EURJPY;A1;08-06 17:12;0;
2026-08-06T17:33:00.000+01:00,MAR1GSOPEN;EURJPY;A2;08-06 17:18;1;08-06 17:18
2026-08-06T17:33:00.000+01:00,MAR1GSOPEN;EURJPY;B1;08-06 17:18;0;
2026-08-06T17:33:00.000+01:00,MAR1GSOPEN;EURJPY;C2;08-06 17:18;0;
2026-08-06T17:36:00.000+01:00,MAR1GSOPEN;EURJPY;A1;08-06 17:12;0;
2026-08-06T17:36:00.000+01:00,MAR1GSOPEN;EURJPY;A2;08-06 17:18;1;08-06 17:18
2026-08-06T17:36:00.000+01:00,MAR1GSOPEN;EURJPY;B1;08-06 17:18;0;
2026-08-06T17:36:00.000+01:00,MAR1GSOPEN;EURJPY;C2;08-06 17:18;0;
2026-08-06T17:39:00.000+01:00,MAR1GSOPEN;EURJPY;A1;08-06 17:12;0;
2026-08-06T17:39:00.000+01:00,MAR1GSOPEN;EURJPY;A2;08-06 17:18;1;08-06 17:18
2026-08-06T17:39:00.000+01:00,MAR1GSOPEN;EURJPY;B1;08-06 17:18;0;
2026-08-06T17:39:00.000+01:00,MAR1GSOPEN;EURJPY;C2;08-06 17:18;0;
2026-08-06T17:42:00.000+01:00,MAR1GSOPEN;EURJPY;A1;08-06 17:12;0;
2026-08-06T17:42:00.000+01:00,MAR1GSOPEN;EURJPY;A2;08-06 17:18;1;08-06 17:18
2026-08-06T17:42:00.000+01:00,MAR1GSOPEN;EURJPY;B1;08-06 17:18;0;
2026-08-06T17:42:00.000+01:00,MAR1GSOPEN;EURJPY;C2;08-06 17:18;0;
2026-08-06T17:45:00.000+01:00,MAR1GSOPEN;EURJPY;A1;08-06 17:12;0;
2026-08-06T17:45:00.000+01:00,MAR1GSOPEN;EURJPY;A2;08-06 17:18;1;08-06 17:18
2026-08-06T17:45:00.000+01:00,MAR1GSOPEN;EURJPY;B1;08-06 17:18;0;
2026-08-06T17:45:00.000+01:00,MAR1GSOPEN;EURJPY;C2;08-06 17:18;0;
2026-08-06T17:48:00.000+01:00,MAR1GSOPEN;EURJPY;A1;08-06 17:12;0;
2026-08-06T17:48:00.000+01:00,MAR1GSOPEN;EURJPY;A2;08-06 17:18;1;08-06 17:18
2026-08-06T17:48:00.000+01:00,MAR1GSOPEN;EURJPY;B1;08-06 17:18;0;
2026-08-06T17:48:00.000+01:00,MAR1GSOPEN;EURJPY;C2;08-06 17:18;0;
2026-08-06T17:51:00.000+01:00,MAR1GSOPEN;EURJPY;A1;08-06 17:12;0;
2026-08-06T17:51:00.000+01:00,MAR1GSOPEN;EURJPY;A2;08-06 17:18;1;08-06 17:18
2026-08-06T17:51:00.000+01:00,MAR1GSOPEN;EURJPY;B1;08-06 17:18;0;
2026-08-06T17:51:00.000+01:00,MAR1GSOPEN;EURJPY;C2;08-06 17:18;0;
2026-08-06T17:54:00.000+01:00,MAR1GSCLOSE;EURJPY;A1;08-06 17:54;08-06 17:57;1;long;08-06 17:54
2026-08-06T17:54:00.000+01:00,"MAR1GSCLOSE;EURJPY;A2;08-06 17:18;08-06 17:57;2;long;08-06 17:18,08-06 17:54"
2026-08-06T17:54:00.000+01:00,MAR1GSCLOSE;EURJPY;B1;08-06 17:54;08-06 17:57;1;long;08-06 17:54
2026-08-06T17:54:00.000+01:00,MAR1GSCLOSE;EURJPY;C2;08-06 17:54;08-06 17:57;1;long;08-06 17:54
2026-08-07T11:48:00.000+01:00,MAR1GSOPEN;EURJPY;A2;08-07 11:48;0;
2026-08-07T11:51:00.000+01:00,MAR1GSOPEN;EURJPY;A2;08-07 11:48;0;
2026-08-07T11:54:00.000+01:00,MAR1GSOPEN;EURJPY;A2;08-07 11:48;0;
2026-08-07T11:57:00.000+01:00,MAR1GSOPEN;EURJPY;A2;08-07 11:48;0;
2026-08-07T12:00:00.000+01:00,MAR1GSOPEN;EURJPY;A2;08-07 11:48;0;
2026-08-07T12:03:00.000+01:00,MAR1GSCLOSE;EURJPY;A2;08-07 12:03;08-07 12:06;1;short;08-07 12:03
2026-08-10T17:21:00.000+01:00,MAR1GSOPEN;EURJPY;A1;08-10 17:21;0;
2026-08-10T17:24:00.000+01:00,MAR1GSOPEN;EURJPY;A1;08-10 17:21;0;
2026-08-10T17:27:00.000+01:00,MAR1GSOPEN;EURJPY;A1;08-10 17:21;0;
2026-08-10T17:30:00.000+01:00,MAR1GSOPEN;EURJPY;A1;08-10 17:21;0;
2026-08-10T17:33:00.000+01:00,MAR1GSOPEN;EURJPY;A1;08-10 17:21;0;
2026-08-10T17:36:00.000+01:00,MAR1GSOPEN;EURJPY;A1;08-10 17:21;0;
2026-08-10T17:39:00.000+01:00,MAR1GSOPEN;EURJPY;A1;08-10 17:21;0;
2026-08-10T17:42:00.000+01:00,MAR1GSOPEN;EURJPY;A1;08-10 17:21;0;
2026-08-10T17:45:00.000+01:00,MAR1GSOPEN;EURJPY;A1;08-10 17:21;0;
2026-08-10T17:48:00.000+01:00,MAR1GSOPEN;EURJPY;A1;08-10 17:21;0;
2026-08-10T17:51:00.000+01:00,MAR1GSOPEN;EURJPY;A1;08-10 17:21;0;
2026-08-10T17:54:00.000+01:00,MAR1GSOPEN;EURJPY;A1;08-10 17:21;0;
2026-08-10T17:57:00.000+01:00,MAR1GSOPEN;EURJPY;A1;08-10 17:21;0;
2026-08-10T18:00:00.000+01:00,MAR1GSOPEN;EURJPY;A1;08-10 17:21;0;
2026-08-10T18:03:00.000+01:00,MAR1GSOPEN;EURJPY;A1;08-10 17:21;0;
2026-08-10T18:06:00.000+01:00,MAR1GSOPEN;EURJPY;A1;08-10 17:21;0;
2026-08-10T18:09:00.000+01:00,MAR1GSOPEN;EURJPY;A1;08-10 17:21;0;
2026-08-10T18:12:00.000+01:00,MAR1GSOPEN;EURJPY;A1;08-10 18:12;1;08-10 18:12
2026-08-10T18:12:00.000+01:00,MAR1GSOPEN;EURJPY;B2;08-10 18:12;0;
2026-08-10T18:15:00.000+01:00,"MAR1GSOPEN;EURJPY;A1;08-10 18:12;2;08-10 18:12,08-10 18:15"
2026-08-10T18:15:00.000+01:00,MAR1GSOPEN;EURJPY;A2;08-10 18:15;0;
2026-08-10T18:15:00.000+01:00,MAR1GSOPEN;EURJPY;B2;08-10 18:15;1;08-10 18:15
2026-08-10T18:18:00.000+01:00,"MAR1GSOPEN;EURJPY;A1;08-10 18:12;2;08-10 18:12,08-10 18:15"
2026-08-10T18:18:00.000+01:00,MAR1GSOPEN;EURJPY;A2;08-10 18:15;0;
2026-08-10T18:18:00.000+01:00,MAR1GSOPEN;EURJPY;B2;08-10 18:15;1;08-10 18:15
2026-08-10T18:21:00.000+01:00,"MAR1GSOPEN;EURJPY;A1;08-10 18:12;2;08-10 18:12,08-10 18:15"
2026-08-10T18:21:00.000+01:00,MAR1GSOPEN;EURJPY;A2;08-10 18:15;0;
2026-08-10T18:21:00.000+01:00,MAR1GSOPEN;EURJPY;B2;08-10 18:15;1;08-10 18:15
2026-08-10T18:24:00.000+01:00,"MAR1GSOPEN;EURJPY;A1;08-10 18:12;2;08-10 18:12,08-10 18:15"
2026-08-10T18:24:00.000+01:00,MAR1GSOPEN;EURJPY;A2;08-10 18:15;0;
2026-08-10T18:24:00.000+01:00,MAR1GSOPEN;EURJPY;B2;08-10 18:15;1;08-10 18:15
2026-08-10T18:27:00.000+01:00,"MAR1GSOPEN;EURJPY;A1;08-10 18:12;2;08-10 18:12,08-10 18:15"
2026-08-10T18:27:00.000+01:00,MAR1GSOPEN;EURJPY;A2;08-10 18:15;0;
2026-08-10T18:27:00.000+01:00,MAR1GSOPEN;EURJPY;B2;08-10 18:15;1;08-10 18:15
2026-08-10T18:30:00.000+01:00,"MAR1GSOPEN;EURJPY;A1;08-10 18:12;2;08-10 18:12,08-10 18:15"
2026-08-10T18:30:00.000+01:00,MAR1GSOPEN;EURJPY;A2;08-10 18:15;0;
2026-08-10T18:30:00.000+01:00,MAR1GSOPEN;EURJPY;B2;08-10 18:15;1;08-10 18:15
2026-08-10T18:33:00.000+01:00,"MAR1GSOPEN;EURJPY;A1;08-10 18:12;2;08-10 18:12,08-10 18:15"
2026-08-10T18:33:00.000+01:00,MAR1GSOPEN;EURJPY;A2;08-10 18:15;0;
2026-08-10T18:33:00.000+01:00,MAR1GSOPEN;EURJPY;B2;08-10 18:15;1;08-10 18:15
2026-08-10T18:36:00.000+01:00,"MAR1GSOPEN;EURJPY;A1;08-10 18:12;2;08-10 18:12,08-10 18:15"
2026-08-10T18:36:00.000+01:00,MAR1GSOPEN;EURJPY;A2;08-10 18:15;0;
2026-08-10T18:36:00.000+01:00,MAR1GSOPEN;EURJPY;B2;08-10 18:15;1;08-10 18:15
2026-08-10T18:39:00.000+01:00,"MAR1GSOPEN;EURJPY;A1;08-10 18:12;2;08-10 18:12,08-10 18:15"
2026-08-10T18:39:00.000+01:00,MAR1GSOPEN;EURJPY;A2;08-10 18:15;0;
2026-08-10T18:39:00.000+01:00,MAR1GSOPEN;EURJPY;B2;08-10 18:15;1;08-10 18:15
2026-08-10T18:42:00.000+01:00,"MAR1GSCLOSE;EURJPY;A1;08-10 18:12;08-10 18:45;3;long;08-10 18:12,08-10 18:15,08-10 18:42"
2026-08-10T18:42:00.000+01:00,MAR1GSCLOSE;EURJPY;A2;08-10 18:42;08-10 18:45;1;long;08-10 18:42
2026-08-10T18:42:00.000+01:00,"MAR1GSCLOSE;EURJPY;B2;08-10 18:15;08-10 18:45;2;long;08-10 18:15,08-10 18:42"
2026-08-11T08:15:00.000+01:00,MAR1GSOPEN;EURJPY;C2;08-11 08:15;0;
2026-08-11T08:18:00.000+01:00,MAR1GSCLOSE;EURJPY;C2;08-11 08:18;08-11 08:21;1;long;08-11 08:18
2026-08-11T15:36:00.000+01:00,MAR1GSOPEN;EURJPY;A1;08-11 15:36;0;
2026-08-11T15:36:00.000+01:00,MAR1GSOPEN;EURJPY;A2;08-11 15:36;0;
2026-08-11T15:39:00.000+01:00,MAR1GSOPEN;EURJPY;A1;08-11 15:36;0;
2026-08-11T15:39:00.000+01:00,MAR1GSOPEN;EURJPY;A2;08-11 15:36;0;
2026-08-11T15:42:00.000+01:00,MAR1GSOPEN;EURJPY;A1;08-11 15:36;0;
2026-08-11T15:42:00.000+01:00,MAR1GSOPEN;EURJPY;A2;08-11 15:36;0;
2026-08-11T15:45:00.000+01:00,MAR1GSCLOSE;EURJPY;A1;08-11 15:45;08-11 15:48;1;short;08-11 15:45
2026-08-11T15:45:00.000+01:00,MAR1GSCLOSE;EURJPY;A2;08-11 15:45;08-11 15:48;1;short;08-11 15:45
2026-08-11T16:45:00.000+01:00,MAR1GSOPEN;EURJPY;C2;08-11 16:45;0;
2026-08-11T16:48:00.000+01:00,MAR1GSCLOSE;EURJPY;C2;08-11 16:48;08-11 16:51;1;long;08-11 16:48
2026-07-27T10:24:00.000+01:00,MAR1GSOPEN;EURJPY;A1;07-27 10:24;0;
2026-07-27T10:27:00.000+01:00,MAR1GSOPEN;EURJPY;A1;07-27 10:24;0;
2026-07-27T10:30:00.000+01:00,MAR1GSOPEN;EURJPY;A1;07-27 10:24;0;
2026-07-27T10:33:00.000+01:00,MAR1GSOPEN;EURJPY;A1;07-27 10:24;0;
2026-07-27T10:36:00.000+01:00,MAR1GSOPEN;EURJPY;A1;07-27 10:24;0;
2026-07-27T10:39:00.000+01:00,MAR1GSOPEN;EURJPY;A1;07-27 10:24;0;
2026-07-27T10:42:00.000+01:00,MAR1GSOPEN;EURJPY;A1;07-27 10:24;0;
2026-07-27T10:45:00.000+01:00,MAR1GSOPEN;EURJPY;A1;07-27 10:24;0;
2026-07-27T10:48:00.000+01:00,MAR1GSOPEN;EURJPY;A1;07-27 10:24;0;
2026-07-27T10:51:00.000+01:00,MAR1GSOPEN;EURJPY;A1;07-27 10:24;0;
2026-07-27T10:54:00.000+01:00,MAR1GSOPEN;EURJPY;A1;07-27 10:24;0;
2026-07-27T10:57:00.000+01:00,MAR1GSOPEN;EURJPY;A1;07-27 10:24;0;
2026-07-27T11:00:00.000+01:00,MAR1GSOPEN;EURJPY;A1;07-27 10:24;0;
2026-07-27T11:03:00.000+01:00,MAR1GSOPEN;EURJPY;A1;07-27 10:24;0;
2026-07-27T11:06:00.000+01:00,MAR1GSOPEN;EURJPY;A1;07-27 10:24;0;
2026-07-27T11:09:00.000+01:00,MAR1GSOPEN;EURJPY;A1;07-27 10:24;0;
2026-07-27T11:12:00.000+01:00,MAR1GSOPEN;EURJPY;A1;07-27 10:24;0;
2026-07-27T11:15:00.000+01:00,MAR1GSOPEN;EURJPY;A1;07-27 10:24;0;
2026-07-27T11:18:00.000+01:00,MAR1GSOPEN;EURJPY;A1;07-27 10:24;0;
2026-07-27T11:21:00.000+01:00,MAR1GSOPEN;EURJPY;A1;07-27 10:24;0;
2026-07-27T11:24:00.000+01:00,MAR1GSOPEN;EURJPY;A1;07-27 10:24;0;
2026-07-27T11:27:00.000+01:00,MAR1GSOPEN;EURJPY;A1;07-27 10:24;0;
2026-07-27T11:30:00.000+01:00,MAR1GSOPEN;EURJPY;A1;07-27 10:24;0;
2026-07-27T11:33:00.000+01:00,MAR1GSOPEN;EURJPY;A1;07-27 10:24;0;
2026-07-27T11:36:00.000+01:00,MAR1GSOPEN;EURJPY;A1;07-27 10:24;0;
2026-07-27T11:39:00.000+01:00,MAR1GSOPEN;EURJPY;A1;07-27 10:24;0;
2026-07-27T11:42:00.000+01:00,MAR1GSOPEN;EURJPY;A1;07-27 10:24;0;
2026-07-27T11:45:00.000+01:00,MAR1GSOPEN;EURJPY;A1;07-27 10:24;0;
2026-07-27T11:48:00.000+01:00,MAR1GSCLOSE;EURJPY;A1;07-27 11:48;07-27 11:51;1;long;07-27 11:48
2026-07-28T08:27:00.000+01:00,MAR1GSOPEN;EURJPY;C1;07-28 08:27;0;
2026-07-28T08:30:00.000+01:00,MAR1GSOPEN;EURJPY;A1;07-28 08:30;0;
2026-07-28T08:30:00.000+01:00,MAR1GSOPEN;EURJPY;A2;07-28 08:30;0;
2026-07-28T08:30:00.000+01:00,MAR1GSOPEN;EURJPY;C1;07-28 08:30;1;07-28 08:30
2026-07-28T08:30:00.000+01:00,MAR1GSOPEN;EURJPY;C2;07-28 08:30;0;
2026-07-28T08:33:00.000+01:00,MAR1GSOPEN;EURJPY;A1;07-28 08:30;0;
2026-07-28T08:33:00.000+01:00,MAR1GSOPEN;EURJPY;A2;07-28 08:30;0;
2026-07-28T08:33:00.000+01:00,MAR1GSOPEN;EURJPY;C1;07-28 08:30;1;07-28 08:30
2026-07-28T08:33:00.000+01:00,MAR1GSOPEN;EURJPY;C2;07-28 08:30;0;
2026-07-28T08:36:00.000+01:00,MAR1GSOPEN;EURJPY;A1;07-28 08:30;0;
2026-07-28T08:36:00.000+01:00,MAR1GSOPEN;EURJPY;A2;07-28 08:36;1;07-28 08:36
2026-07-28T08:36:00.000+01:00,MAR1GSOPEN;EURJPY;B1;07-28 08:36;0;
2026-07-28T08:36:00.000+01:00,"MAR1GSOPEN;EURJPY;C1;07-28 08:30;2;07-28 08:30,07-28 08:36"
2026-07-28T08:36:00.000+01:00,MAR1GSOPEN;EURJPY;C2;07-28 08:30;0;
2026-07-28T08:39:00.000+01:00,MAR1GSOPEN;EURJPY;A1;07-28 08:30;0;
2026-07-28T08:39:00.000+01:00,MAR1GSOPEN;EURJPY;A2;07-28 08:36;1;07-28 08:36
2026-07-28T08:39:00.000+01:00,MAR1GSOPEN;EURJPY;B1;07-28 08:36;0;
2026-07-28T08:39:00.000+01:00,"MAR1GSOPEN;EURJPY;C1;07-28 08:30;2;07-28 08:30,07-28 08:36"
2026-07-28T08:39:00.000+01:00,MAR1GSOPEN;EURJPY;C2;07-28 08:30;0;
2026-07-28T08:42:00.000+01:00,MAR1GSOPEN;EURJPY;A1;07-28 08:30;0;
2026-07-28T08:42:00.000+01:00,MAR1GSOPEN;EURJPY;A2;07-28 08:36;1;07-28 08:36
2026-07-28T08:42:00.000+01:00,MAR1GSOPEN;EURJPY;B1;07-28 08:36;0;
2026-07-28T08:42:00.000+01:00,"MAR1GSOPEN;EURJPY;C1;07-28 08:30;2;07-28 08:30,07-28 08:36"
2026-07-28T08:42:00.000+01:00,MAR1GSOPEN;EURJPY;C2;07-28 08:30;0;
2026-07-28T08:45:00.000+01:00,MAR1GSOPEN;EURJPY;A1;07-28 08:30;0;
2026-07-28T08:45:00.000+01:00,MAR1GSOPEN;EURJPY;A2;07-28 08:36;1;07-28 08:36
2026-07-28T08:45:00.000+01:00,MAR1GSOPEN;EURJPY;B1;07-28 08:36;0;
2026-07-28T08:45:00.000+01:00,"MAR1GSOPEN;EURJPY;C1;07-28 08:30;2;07-28 08:30,07-28 08:36"
2026-07-28T08:45:00.000+01:00,MAR1GSOPEN;EURJPY;C2;07-28 08:30;0;
2026-07-28T08:48:00.000+01:00,MAR1GSOPEN;EURJPY;A1;07-28 08:30;0;
2026-07-28T08:48:00.000+01:00,MAR1GSOPEN;EURJPY;A2;07-28 08:36;1;07-28 08:36
2026-07-28T08:48:00.000+01:00,MAR1GSOPEN;EURJPY;B1;07-28 08:36;0;
2026-07-28T08:48:00.000+01:00,"MAR1GSOPEN;EURJPY;C1;07-28 08:30;2;07-28 08:30,07-28 08:36"
2026-07-28T08:48:00.000+01:00,MAR1GSOPEN;EURJPY;C2;07-28 08:30;0;
2026-07-28T08:51:00.000+01:00,MAR1GSOPEN;EURJPY;A1;07-28 08:30;0;
2026-07-28T08:51:00.000+01:00,MAR1GSOPEN;EURJPY;A2;07-28 08:36;1;07-28 08:36
2026-07-28T08:51:00.000+01:00,MAR1GSOPEN;EURJPY;B1;07-28 08:36;0;
2026-07-28T08:51:00.000+01:00,"MAR1GSOPEN;EURJPY;C1;07-28 08:30;2;07-28 08:30,07-28 08:36"
2026-07-28T08:51:00.000+01:00,MAR1GSOPEN;EURJPY;C2;07-28 08:30;0;
2026-07-28T08:54:00.000+01:00,MAR1GSOPEN;EURJPY;A1;07-28 08:30;0;
2026-07-28T08:54:00.000+01:00,MAR1GSOPEN;EURJPY;A2;07-28 08:36;1;07-28 08:36
2026-07-28T08:54:00.000+01:00,MAR1GSOPEN;EURJPY;B1;07-28 08:36;0;
2026-07-28T08:54:00.000+01:00,"MAR1GSOPEN;EURJPY;C1;07-28 08:30;2;07-28 08:30,07-28 08:36"
2026-07-28T08:54:00.000+01:00,MAR1GSOPEN;EURJPY;C2;07-28 08:30;0;
2026-07-28T08:57:00.000+01:00,MAR1GSOPEN;EURJPY;A1;07-28 08:30;0;
2026-07-28T08:57:00.000+01:00,MAR1GSOPEN;EURJPY;A2;07-28 08:36;1;07-28 08:36
2026-07-28T08:57:00.000+01:00,MAR1GSOPEN;EURJPY;B1;07-28 08:36;0;
2026-07-28T08:57:00.000+01:00,"MAR1GSOPEN;EURJPY;C1;07-28 08:30;2;07-28 08:30,07-28 08:36"
2026-07-28T08:57:00.000+01:00,MAR1GSOPEN;EURJPY;C2;07-28 08:30;0;
2026-07-28T09:00:00.000+01:00,MAR1GSOPEN;EURJPY;A1;07-28 08:30;0;
2026-07-28T09:00:00.000+01:00,MAR1GSOPEN;EURJPY;A2;07-28 08:36;1;07-28 08:36
2026-07-28T09:00:00.000+01:00,MAR1GSOPEN;EURJPY;B1;07-28 08:36;0;
2026-07-28T09:00:00.000+01:00,"MAR1GSOPEN;EURJPY;C1;07-28 08:30;2;07-28 08:30,07-28 08:36"
2026-07-28T09:00:00.000+01:00,MAR1GSOPEN;EURJPY;C2;07-28 08:30;0;
2026-07-28T09:03:00.000+01:00,MAR1GSOPEN;EURJPY;A1;07-28 08:30;0;
2026-07-28T09:03:00.000+01:00,MAR1GSOPEN;EURJPY;A2;07-28 08:36;1;07-28 08:36
2026-07-28T09:03:00.000+01:00,MAR1GSOPEN;EURJPY;B1;07-28 08:36;0;
2026-07-28T09:03:00.000+01:00,"MAR1GSOPEN;EURJPY;C1;07-28 08:30;2;07-28 08:30,07-28 08:36"
2026-07-28T09:03:00.000+01:00,MAR1GSOPEN;EURJPY;C2;07-28 08:30;0;
2026-07-28T09:06:00.000+01:00,MAR1GSOPEN;EURJPY;A1;07-28 08:30;0;
2026-07-28T09:06:00.000+01:00,MAR1GSOPEN;EURJPY;A2;07-28 08:36;1;07-28 08:36
2026-07-28T09:06:00.000+01:00,MAR1GSOPEN;EURJPY;B1;07-28 08:36;0;
2026-07-28T09:06:00.000+01:00,"MAR1GSOPEN;EURJPY;C1;07-28 08:30;2;07-28 08:30,07-28 08:36"
2026-07-28T09:06:00.000+01:00,MAR1GSOPEN;EURJPY;C2;07-28 08:30;0;
2026-07-28T09:09:00.000+01:00,MAR1GSOPEN;EURJPY;A1;07-28 08:30;0;
2026-07-28T09:09:00.000+01:00,MAR1GSOPEN;EURJPY;A2;07-28 08:36;1;07-28 08:36
2026-07-28T09:09:00.000+01:00,MAR1GSOPEN;EURJPY;B1;07-28 08:36;0;
2026-07-28T09:09:00.000+01:00,"MAR1GSOPEN;EURJPY;C1;07-28 08:30;2;07-28 08:30,07-28 08:36"
2026-07-28T09:09:00.000+01:00,MAR1GSOPEN;EURJPY;C2;07-28 08:30;0;
2026-07-28T09:12:00.000+01:00,MAR1GSOPEN;EURJPY;A1;07-28 08:30;0;
2026-07-28T09:12:00.000+01:00,MAR1GSOPEN;EURJPY;A2;07-28 08:36;1;07-28 08:36
2026-07-28T09:12:00.000+01:00,MAR1GSOPEN;EURJPY;B1;07-28 08:36;0;
2026-07-28T09:12:00.000+01:00,"MAR1GSOPEN;EURJPY;C1;07-28 08:30;2;07-28 08:30,07-28 08:36"
2026-07-28T09:12:00.000+01:00,MAR1GSOPEN;EURJPY;C2;07-28 08:30;0;
2026-07-28T09:15:00.000+01:00,MAR1GSOPEN;EURJPY;A1;07-28 08:30;0;
2026-07-28T09:15:00.000+01:00,MAR1GSOPEN;EURJPY;A2;07-28 08:36;1;07-28 08:36
2026-07-28T09:15:00.000+01:00,MAR1GSOPEN;EURJPY;B1;07-28 08:36;0;
2026-07-28T09:15:00.000+01:00,"MAR1GSOPEN;EURJPY;C1;07-28 08:30;2;07-28 08:30,07-28 08:36"
2026-07-28T09:15:00.000+01:00,MAR1GSOPEN;EURJPY;C2;07-28 08:30;0;
2026-07-28T09:18:00.000+01:00,MAR1GSOPEN;EURJPY;A1;07-28 08:30;0;
2026-07-28T09:18:00.000+01:00,MAR1GSOPEN;EURJPY;A2;07-28 08:36;1;07-28 08:36
2026-07-28T09:18:00.000+01:00,MAR1GSOPEN;EURJPY;B1;07-28 08:36;0;
2026-07-28T09:18:00.000+01:00,"MAR1GSOPEN;EURJPY;C1;07-28 08:30;2;07-28 08:30,07-28 08:36"
2026-07-28T09:18:00.000+01:00,MAR1GSOPEN;EURJPY;C2;07-28 08:30;0;
2026-07-28T09:21:00.000+01:00,MAR1GSOPEN;EURJPY;A1;07-28 08:30;0;
2026-07-28T09:21:00.000+01:00,MAR1GSOPEN;EURJPY;A2;07-28 08:36;1;07-28 08:36
2026-07-28T09:21:00.000+01:00,MAR1GSOPEN;EURJPY;B1;07-28 08:36;0;
2026-07-28T09:21:00.000+01:00,"MAR1GSOPEN;EURJPY;C1;07-28 08:30;2;07-28 08:30,07-28 08:36"
2026-07-28T09:21:00.000+01:00,MAR1GSOPEN;EURJPY;C2;07-28 08:30;0;
2026-07-28T09:24:00.000+01:00,MAR1GSOPEN;EURJPY;A1;07-28 08:30;0;
2026-07-28T09:24:00.000+01:00,MAR1GSOPEN;EURJPY;A2;07-28 08:36;1;07-28 08:36
2026-07-28T09:24:00.000+01:00,MAR1GSOPEN;EURJPY;B1;07-28 08:36;0;
2026-07-28T09:24:00.000+01:00,"MAR1GSOPEN;EURJPY;C1;07-28 08:30;2;07-28 08:30,07-28 08:36"
2026-07-28T09:24:00.000+01:00,MAR1GSOPEN;EURJPY;C2;07-28 08:30;0;
2026-07-28T09:27:00.000+01:00,MAR1GSCLOSE;EURJPY;A1;07-28 09:27;07-28 09:30;1;long;07-28 09:27
2026-07-28T09:27:00.000+01:00,"MAR1GSCLOSE;EURJPY;A2;07-28 08:36;07-28 09:30;2;long;07-28 08:36,07-28 09:27"
2026-07-28T09:27:00.000+01:00,MAR1GSCLOSE;EURJPY;B1;07-28 09:27;07-28 09:30;1;long;07-28 09:27
2026-07-28T09:27:00.000+01:00,"MAR1GSCLOSE;EURJPY;C1;07-28 08:30;07-28 09:30;3;long;07-28 08:30,07-28 08:36,07-28 09:27"
2026-07-28T09:27:00.000+01:00,MAR1GSCLOSE;EURJPY;C2;07-28 09:27;07-28 09:30;1;long;07-28 09:27
2026-07-28T12:48:00.000+01:00,MAR1GSOPEN;EURJPY;A2;07-28 12:48;0;
2026-07-28T12:51:00.000+01:00,MAR1GSOPEN;EURJPY;A2;07-28 12:48;0;
2026-07-28T12:54:00.000+01:00,MAR1GSOPEN;EURJPY;A2;07-28 12:48;0;
2026-07-28T12:57:00.000+01:00,MAR1GSOPEN;EURJPY;A2;07-28 12:48;0;
2026-07-28T13:00:00.000+01:00,MAR1GSOPEN;EURJPY;A2;07-28 12:48;0;
2026-07-28T13:03:00.000+01:00,MAR1GSOPEN;EURJPY;A2;07-28 12:48;0;
2026-07-28T13:06:00.000+01:00,MAR1GSOPEN;EURJPY;A2;07-28 12:48;0;
2026-07-28T13:09:00.000+01:00,MAR1GSOPEN;EURJPY;A2;07-28 12:48;0;
2026-07-28T13:12:00.000+01:00,MAR1GSOPEN;EURJPY;A2;07-28 12:48;0;
2026-07-28T13:15:00.000+01:00,MAR1GSOPEN;EURJPY;A2;07-28 12:48;0;
2026-07-28T13:18:00.000+01:00,MAR1GSOPEN;EURJPY;A2;07-28 12:48;0;
2026-07-28T13:21:00.000+01:00,MAR1GSOPEN;EURJPY;A2;07-28 12:48;0;
2026-07-28T13:24:00.000+01:00,MAR1GSOPEN;EURJPY;A2;07-28 12:48;0;
2026-07-28T13:27:00.000+01:00,MAR1GSOPEN;EURJPY;A2;07-28 12:48;0;
2026-07-28T13:30:00.000+01:00,MAR1GSOPEN;EURJPY;A2;07-28 12:48;0;
2026-07-28T13:33:00.000+01:00,MAR1GSOPEN;EURJPY;A2;07-28 12:48;0;
2026-07-28T13:36:00.000+01:00,MAR1GSOPEN;EURJPY;A1;07-28 13:36;0;
2026-07-28T13:36:00.000+01:00,MAR1GSOPEN;EURJPY;A2;07-28 13:36;1;07-28 13:36
2026-07-28T13:36:00.000+01:00,MAR1GSOPEN;EURJPY;B1;07-28 13:36;0;
2026-07-28T13:39:00.000+01:00,MAR1GSOPEN;EURJPY;A1;07-28 13:39;1;07-28 13:39
2026-07-28T13:39:00.000+01:00,"MAR1GSOPEN;EURJPY;A2;07-28 13:36;2;07-28 13:36,07-28 13:39"
2026-07-28T13:39:00.000+01:00,MAR1GSOPEN;EURJPY;B1;07-28 13:39;1;07-28 13:39
2026-07-28T13:39:00.000+01:00,MAR1GSOPEN;EURJPY;B2;07-28 13:39;0;
2026-07-28T13:42:00.000+01:00,MAR1GSOPEN;EURJPY;A1;07-28 13:39;1;07-28 13:39
2026-07-28T13:42:00.000+01:00,"MAR1GSOPEN;EURJPY;A2;07-28 13:36;2;07-28 13:36,07-28 13:39"
2026-07-28T13:42:00.000+01:00,MAR1GSOPEN;EURJPY;B1;07-28 13:39;1;07-28 13:39
2026-07-28T13:42:00.000+01:00,MAR1GSOPEN;EURJPY;B2;07-28 13:39;0;
2026-07-28T13:45:00.000+01:00,"MAR1GSOPEN;EURJPY;A1;07-28 13:39;2;07-28 13:39,07-28 13:45"
2026-07-28T13:45:00.000+01:00,"MAR1GSOPEN;EURJPY;A2;07-28 13:36;3;07-28 13:36,07-28 13:39,07-28 13:45"
2026-07-28T13:45:00.000+01:00,"MAR1GSOPEN;EURJPY;B1;07-28 13:39;2;07-28 13:39,07-28 13:45"
2026-07-28T13:45:00.000+01:00,MAR1GSOPEN;EURJPY;B2;07-28 13:45;1;07-28 13:45
2026-07-28T13:45:00.000+01:00,MAR1GSOPEN;EURJPY;C1;07-28 13:45;1;07-28 13:45
2026-07-28T13:48:00.000+01:00,"MAR1GSOPEN;EURJPY;A1;07-28 13:39;3;07-28 13:39,07-28 13:45,07-28 13:48"
2026-07-28T13:48:00.000+01:00,"MAR1GSOPEN;EURJPY;A2;07-28 13:36;3;07-28 13:36,07-28 13:39,07-28 13:45"
2026-07-28T13:48:00.000+01:00,"MAR1GSOPEN;EURJPY;B1;07-28 13:39;2;07-28 13:39,07-28 13:45"
2026-07-28T13:48:00.000+01:00,"MAR1GSOPEN;EURJPY;B2;07-28 13:45;2;07-28 13:45,07-28 13:48"
2026-07-28T13:48:00.000+01:00,MAR1GSOPEN;EURJPY;C1;07-28 13:45;1;07-28 13:45
2026-07-28T13:48:00.000+01:00,MAR1GSOPEN;EURJPY;D1;07-28 13:48;0;
2026-07-28T13:51:00.000+01:00,"MAR1GSOPEN;EURJPY;A1;07-28 13:39;3;07-28 13:39,07-28 13:45,07-28 13:48"
2026-07-28T13:51:00.000+01:00,"MAR1GSOPEN;EURJPY;A2;07-28 13:36;3;07-28 13:36,07-28 13:39,07-28 13:45"
2026-07-28T13:51:00.000+01:00,"MAR1GSOPEN;EURJPY;B1;07-28 13:39;2;07-28 13:39,07-28 13:45"
2026-07-28T13:51:00.000+01:00,"MAR1GSOPEN;EURJPY;B2;07-28 13:45;2;07-28 13:45,07-28 13:48"
2026-07-28T13:51:00.000+01:00,MAR1GSOPEN;EURJPY;C1;07-28 13:45;1;07-28 13:45
2026-07-28T13:51:00.000+01:00,MAR1GSOPEN;EURJPY;D1;07-28 13:48;0;
2026-07-28T13:54:00.000+01:00,"MAR1GSOPEN;EURJPY;A1;07-28 13:39;3;07-28 13:39,07-28 13:45,07-28 13:48"
2026-07-28T13:54:00.000+01:00,"MAR1GSOPEN;EURJPY;A2;07-28 13:36;3;07-28 13:36,07-28 13:39,07-28 13:45"
2026-07-28T13:54:00.000+01:00,"MAR1GSOPEN;EURJPY;B1;07-28 13:39;2;07-28 13:39,07-28 13:45"
2026-07-28T13:54:00.000+01:00,"MAR1GSOPEN;EURJPY;B2;07-28 13:45;2;07-28 13:45,07-28 13:48"
2026-07-28T13:54:00.000+01:00,MAR1GSOPEN;EURJPY;C1;07-28 13:45;1;07-28 13:45
2026-07-28T13:54:00.000+01:00,MAR1GSOPEN;EURJPY;D1;07-28 13:48;0;
2026-07-28T13:57:00.000+01:00,"MAR1GSOPEN;EURJPY;A1;07-28 13:39;3;07-28 13:39,07-28 13:45,07-28 13:48"
2026-07-28T13:57:00.000+01:00,"MAR1GSOPEN;EURJPY;A2;07-28 13:36;3;07-28 13:36,07-28 13:39,07-28 13:45"
2026-07-28T13:57:00.000+01:00,"MAR1GSOPEN;EURJPY;B1;07-28 13:39;2;07-28 13:39,07-28 13:45"
2026-07-28T13:57:00.000+01:00,"MAR1GSOPEN;EURJPY;B2;07-28 13:45;2;07-28 13:45,07-28 13:48"
2026-07-28T13:57:00.000+01:00,MAR1GSOPEN;EURJPY;C1;07-28 13:45;1;07-28 13:45
2026-07-28T13:57:00.000+01:00,MAR1GSOPEN;EURJPY;D1;07-28 13:48;0;
2026-07-28T14:00:00.000+01:00,"MAR1GSOPEN;EURJPY;A1;07-28 13:39;3;07-28 13:39,07-28 13:45,07-28 13:48"
2026-07-28T14:00:00.000+01:00,"MAR1GSOPEN;EURJPY;A2;07-28 13:36;3;07-28 13:36,07-28 13:39,07-28 13:45"
2026-07-28T14:00:00.000+01:00,"MAR1GSOPEN;EURJPY;B1;07-28 13:39;2;07-28 13:39,07-28 13:45"
2026-07-28T14:00:00.000+01:00,"MAR1GSOPEN;EURJPY;B2;07-28 13:45;2;07-28 13:45,07-28 13:48"
2026-07-28T14:00:00.000+01:00,MAR1GSOPEN;EURJPY;C1;07-28 13:45;1;07-28 13:45
2026-07-28T14:00:00.000+01:00,MAR1GSOPEN;EURJPY;D1;07-28 13:48;0;
2026-07-28T14:03:00.000+01:00,"MAR1GSOPEN;EURJPY;A1;07-28 13:39;3;07-28 13:39,07-28 13:45,07-28 13:48"
2026-07-28T14:03:00.000+01:00,"MAR1GSOPEN;EURJPY;A2;07-28 13:36;3;07-28 13:36,07-28 13:39,07-28 13:45"
2026-07-28T14:03:00.000+01:00,"MAR1GSOPEN;EURJPY;B1;07-28 13:39;2;07-28 13:39,07-28 13:45"
2026-07-28T14:03:00.000+01:00,"MAR1GSOPEN;EURJPY;B2;07-28 13:45;2;07-28 13:45,07-28 13:48"
2026-07-28T14:03:00.000+01:00,MAR1GSOPEN;EURJPY;C1;07-28 13:45;1;07-28 13:45
2026-07-28T14:03:00.000+01:00,MAR1GSOPEN;EURJPY;D1;07-28 13:48;0;
2026-07-28T14:06:00.000+01:00,"MAR1GSOPEN;EURJPY;A1;07-28 13:39;3;07-28 13:39,07-28 13:45,07-28 13:48"
2026-07-28T14:06:00.000+01:00,"MAR1GSOPEN;EURJPY;A2;07-28 13:36;3;07-28 13:36,07-28 13:39,07-28 13:45"
2026-07-28T14:06:00.000+01:00,"MAR1GSOPEN;EURJPY;B1;07-28 13:39;2;07-28 13:39,07-28 13:45"
2026-07-28T14:06:00.000+01:00,"MAR1GSOPEN;EURJPY;B2;07-28 13:45;2;07-28 13:45,07-28 13:48"
2026-07-28T14:06:00.000+01:00,MAR1GSOPEN;EURJPY;C1;07-28 13:45;1;07-28 13:45
2026-07-28T14:06:00.000+01:00,MAR1GSOPEN;EURJPY;D1;07-28 13:48;0;
2026-07-28T14:09:00.000+01:00,"MAR1GSOPEN;EURJPY;A1;07-28 13:39;3;07-28 13:39,07-28 13:45,07-28 13:48"
2026-07-28T14:09:00.000+01:00,"MAR1GSOPEN;EURJPY;A2;07-28 13:36;3;07-28 13:36,07-28 13:39,07-28 13:45"
2026-07-28T14:09:00.000+01:00,"MAR1GSOPEN;EURJPY;B1;07-28 13:39;2;07-28 13:39,07-28 13:45"
2026-07-28T14:09:00.000+01:00,"MAR1GSOPEN;EURJPY;B2;07-28 13:45;2;07-28 13:45,07-28 13:48"
2026-07-28T14:09:00.000+01:00,MAR1GSOPEN;EURJPY;C1;07-28 13:45;1;07-28 13:45
2026-07-28T14:09:00.000+01:00,MAR1GSOPEN;EURJPY;D1;07-28 13:48;0;
2026-07-28T14:12:00.000+01:00,"MAR1GSOPEN;EURJPY;A1;07-28 13:39;3;07-28 13:39,07-28 13:45,07-28 13:48"
2026-07-28T14:12:00.000+01:00,"MAR1GSOPEN;EURJPY;A2;07-28 13:36;3;07-28 13:36,07-28 13:39,07-28 13:45"
2026-07-28T14:12:00.000+01:00,"MAR1GSOPEN;EURJPY;B1;07-28 13:39;2;07-28 13:39,07-28 13:45"
2026-07-28T14:12:00.000+01:00,"MAR1GSOPEN;EURJPY;B2;07-28 13:45;2;07-28 13:45,07-28 13:48"
2026-07-28T14:12:00.000+01:00,MAR1GSOPEN;EURJPY;C1;07-28 13:45;1;07-28 13:45
2026-07-28T14:12:00.000+01:00,MAR1GSOPEN;EURJPY;D1;07-28 13:48;0;
2026-07-28T14:15:00.000+01:00,"MAR1GSOPEN;EURJPY;A1;07-28 13:39;3;07-28 13:39,07-28 13:45,07-28 13:48"
2026-07-28T14:15:00.000+01:00,"MAR1GSOPEN;EURJPY;A2;07-28 13:36;3;07-28 13:36,07-28 13:39,07-28 13:45"
2026-07-28T14:15:00.000+01:00,"MAR1GSOPEN;EURJPY;B1;07-28 13:39;2;07-28 13:39,07-28 13:45"
2026-07-28T14:15:00.000+01:00,"MAR1GSOPEN;EURJPY;B2;07-28 13:45;2;07-28 13:45,07-28 13:48"
2026-07-28T14:15:00.000+01:00,MAR1GSOPEN;EURJPY;C1;07-28 13:45;1;07-28 13:45
2026-07-28T14:15:00.000+01:00,MAR1GSOPEN;EURJPY;D1;07-28 13:48;0;
2026-07-28T14:18:00.000+01:00,"MAR1GSOPEN;EURJPY;A1;07-28 13:39;3;07-28 13:39,07-28 13:45,07-28 13:48"
2026-07-28T14:18:00.000+01:00,"MAR1GSOPEN;EURJPY;A2;07-28 13:36;3;07-28 13:36,07-28 13:39,07-28 13:45"
2026-07-28T14:18:00.000+01:00,"MAR1GSOPEN;EURJPY;B1;07-28 13:39;2;07-28 13:39,07-28 13:45"
2026-07-28T14:18:00.000+01:00,"MAR1GSOPEN;EURJPY;B2;07-28 13:45;2;07-28 13:45,07-28 13:48"
2026-07-28T14:18:00.000+01:00,MAR1GSOPEN;EURJPY;C1;07-28 13:45;1;07-28 13:45
2026-07-28T14:18:00.000+01:00,MAR1GSOPEN;EURJPY;D1;07-28 13:48;0;
2026-07-28T14:21:00.000+01:00,"MAR1GSOPEN;EURJPY;A1;07-28 13:39;3;07-28 13:39,07-28 13:45,07-28 13:48"
2026-07-28T14:21:00.000+01:00,"MAR1GSOPEN;EURJPY;A2;07-28 13:36;3;07-28 13:36,07-28 13:39,07-28 13:45"
2026-07-28T14:21:00.000+01:00,"MAR1GSOPEN;EURJPY;B1;07-28 13:39;2;07-28 13:39,07-28 13:45"
2026-07-28T14:21:00.000+01:00,"MAR1GSOPEN;EURJPY;B2;07-28 13:45;2;07-28 13:45,07-28 13:48"
2026-07-28T14:21:00.000+01:00,MAR1GSOPEN;EURJPY;C1;07-28 13:45;1;07-28 13:45
2026-07-28T14:21:00.000+01:00,MAR1GSOPEN;EURJPY;D1;07-28 13:48;0;
2026-07-28T14:24:00.000+01:00,"MAR1GSOPEN;EURJPY;A1;07-28 13:39;3;07-28 13:39,07-28 13:45,07-28 13:48"
2026-07-28T14:24:00.000+01:00,"MAR1GSOPEN;EURJPY;A2;07-28 13:36;3;07-28 13:36,07-28 13:39,07-28 13:45"
2026-07-28T14:24:00.000+01:00,"MAR1GSOPEN;EURJPY;B1;07-28 13:39;2;07-28 13:39,07-28 13:45"
2026-07-28T14:24:00.000+01:00,"MAR1GSOPEN;EURJPY;B2;07-28 13:45;2;07-28 13:45,07-28 13:48"
2026-07-28T14:24:00.000+01:00,MAR1GSOPEN;EURJPY;C1;07-28 13:45;1;07-28 13:45
2026-07-28T14:24:00.000+01:00,MAR1GSOPEN;EURJPY;D1;07-28 13:48;0;
2026-07-28T14:27:00.000+01:00,"MAR1GSOPEN;EURJPY;A1;07-28 13:39;3;07-28 13:39,07-28 13:45,07-28 13:48"
2026-07-28T14:27:00.000+01:00,"MAR1GSOPEN;EURJPY;A2;07-28 13:36;3;07-28 13:36,07-28 13:39,07-28 13:45"
2026-07-28T14:27:00.000+01:00,"MAR1GSOPEN;EURJPY;B1;07-28 13:39;2;07-28 13:39,07-28 13:45"
2026-07-28T14:27:00.000+01:00,"MAR1GSOPEN;EURJPY;B2;07-28 13:45;2;07-28 13:45,07-28 13:48"
2026-07-28T14:27:00.000+01:00,MAR1GSOPEN;EURJPY;C1;07-28 13:45;1;07-28 13:45
2026-07-28T14:27:00.000+01:00,MAR1GSOPEN;EURJPY;D1;07-28 13:48;0;
2026-07-28T14:30:00.000+01:00,"MAR1GSOPEN;EURJPY;A1;07-28 13:39;3;07-28 13:39,07-28 13:45,07-28 13:48"
2026-07-28T14:30:00.000+01:00,"MAR1GSOPEN;EURJPY;A2;07-28 13:36;3;07-28 13:36,07-28 13:39,07-28 13:45"
2026-07-28T14:30:00.000+01:00,"MAR1GSOPEN;EURJPY;B1;07-28 13:39;2;07-28 13:39,07-28 13:45"
2026-07-28T14:30:00.000+01:00,"MAR1GSOPEN;EURJPY;B2;07-28 13:45;2;07-28 13:45,07-28 13:48"
2026-07-28T14:30:00.000+01:00,MAR1GSOPEN;EURJPY;C1;07-28 13:45;1;07-28 13:45
2026-07-28T14:30:00.000+01:00,MAR1GSOPEN;EURJPY;D1;07-28 13:48;0;
2026-07-28T14:33:00.000+01:00,"MAR1GSOPEN;EURJPY;A1;07-28 13:39;3;07-28 13:39,07-28 13:45,07-28 13:48"
2026-07-28T14:33:00.000+01:00,"MAR1GSOPEN;EURJPY;A2;07-28 13:36;3;07-28 13:36,07-28 13:39,07-28 13:45"
2026-07-28T14:33:00.000+01:00,"MAR1GSOPEN;EURJPY;B1;07-28 13:39;2;07-28 13:39,07-28 13:45"
2026-07-28T14:33:00.000+01:00,"MAR1GSOPEN;EURJPY;B2;07-28 13:45;2;07-28 13:45,07-28 13:48"
2026-07-28T14:33:00.000+01:00,MAR1GSOPEN;EURJPY;C1;07-28 13:45;1;07-28 13:45
2026-07-28T14:33:00.000+01:00,MAR1GSOPEN;EURJPY;D1;07-28 13:48;0;
2026-07-28T14:36:00.000+01:00,"MAR1GSOPEN;EURJPY;A1;07-28 13:39;3;07-28 13:39,07-28 13:45,07-28 13:48"
2026-07-28T14:36:00.000+01:00,"MAR1GSOPEN;EURJPY;A2;07-28 13:36;3;07-28 13:36,07-28 13:39,07-28 13:45"
2026-07-28T14:36:00.000+01:00,"MAR1GSOPEN;EURJPY;B1;07-28 13:39;2;07-28 13:39,07-28 13:45"
2026-07-28T14:36:00.000+01:00,"MAR1GSOPEN;EURJPY;B2;07-28 13:45;2;07-28 13:45,07-28 13:48"
2026-07-28T14:36:00.000+01:00,MAR1GSOPEN;EURJPY;C1;07-28 13:45;1;07-28 13:45
2026-07-28T14:36:00.000+01:00,MAR1GSOPEN;EURJPY;D1;07-28 13:48;0;
2026-07-28T14:39:00.000+01:00,"MAR1GSOPEN;EURJPY;A1;07-28 13:39;3;07-28 13:39,07-28 13:45,07-28 13:48"
2026-07-28T14:39:00.000+01:00,"MAR1GSOPEN;EURJPY;A2;07-28 13:36;3;07-28 13:36,07-28 13:39,07-28 13:45"
2026-07-28T14:39:00.000+01:00,"MAR1GSOPEN;EURJPY;B1;07-28 13:39;2;07-28 13:39,07-28 13:45"
2026-07-28T14:39:00.000+01:00,"MAR1GSOPEN;EURJPY;B2;07-28 13:45;2;07-28 13:45,07-28 13:48"
2026-07-28T14:39:00.000+01:00,MAR1GSOPEN;EURJPY;C1;07-28 13:45;1;07-28 13:45
2026-07-28T14:39:00.000+01:00,MAR1GSOPEN;EURJPY;D1;07-28 13:48;0;
2026-07-28T14:42:00.000+01:00,"MAR1GSOPEN;EURJPY;A1;07-28 13:39;3;07-28 13:39,07-28 13:45,07-28 13:48"
2026-07-28T14:42:00.000+01:00,"MAR1GSOPEN;EURJPY;A2;07-28 13:36;3;07-28 13:36,07-28 13:39,07-28 13:45"
2026-07-28T14:42:00.000+01:00,"MAR1GSOPEN;EURJPY;B1;07-28 13:39;2;07-28 13:39,07-28 13:45"
2026-07-28T14:42:00.000+01:00,"MAR1GSOPEN;EURJPY;B2;07-28 13:45;2;07-28 13:45,07-28 13:48"
2026-07-28T14:42:00.000+01:00,MAR1GSOPEN;EURJPY;C1;07-28 13:45;1;07-28 13:45
2026-07-28T14:42:00.000+01:00,MAR1GSOPEN;EURJPY;D1;07-28 13:48;0;
2026-07-28T14:45:00.000+01:00,"MAR1GSOPEN;EURJPY;A1;07-28 13:39;3;07-28 13:39,07-28 13:45,07-28 13:48"
2026-07-28T14:45:00.000+01:00,"MAR1GSOPEN;EURJPY;A2;07-28 13:36;3;07-28 13:36,07-28 13:39,07-28 13:45"
2026-07-28T14:45:00.000+01:00,"MAR1GSOPEN;EURJPY;B1;07-28 13:39;2;07-28 13:39,07-28 13:45"
2026-07-28T14:45:00.000+01:00,"MAR1GSOPEN;EURJPY;B2;07-28 13:45;2;07-28 13:45,07-28 13:48"
2026-07-28T14:45:00.000+01:00,MAR1GSOPEN;EURJPY;C1;07-28 13:45;1;07-28 13:45
2026-07-28T14:45:00.000+01:00,MAR1GSOPEN;EURJPY;D1;07-28 13:48;0;
2026-07-28T14:48:00.000+01:00,"MAR1GSOPEN;EURJPY;A1;07-28 13:39;3;07-28 13:39,07-28 13:45,07-28 13:48"
2026-07-28T14:48:00.000+01:00,"MAR1GSOPEN;EURJPY;A2;07-28 13:36;3;07-28 13:36,07-28 13:39,07-28 13:45"
2026-07-28T14:48:00.000+01:00,"MAR1GSOPEN;EURJPY;B1;07-28 13:39;2;07-28 13:39,07-28 13:45"
2026-07-28T14:48:00.000+01:00,"MAR1GSOPEN;EURJPY;B2;07-28 13:45;2;07-28 13:45,07-28 13:48"
2026-07-28T14:48:00.000+01:00,MAR1GSOPEN;EURJPY;C1;07-28 13:45;1;07-28 13:45
2026-07-28T14:48:00.000+01:00,MAR1GSOPEN;EURJPY;D1;07-28 13:48;0;
2026-07-28T14:51:00.000+01:00,"MAR1GSOPEN;EURJPY;A1;07-28 13:39;3;07-28 13:39,07-28 13:45,07-28 13:48"
2026-07-28T14:51:00.000+01:00,"MAR1GSOPEN;EURJPY;A2;07-28 13:36;3;07-28 13:36,07-28 13:39,07-28 13:45"
2026-07-28T14:51:00.000+01:00,"MAR1GSOPEN;EURJPY;B1;07-28 13:39;2;07-28 13:39,07-28 13:45"
2026-07-28T14:51:00.000+01:00,"MAR1GSOPEN;EURJPY;B2;07-28 13:45;2;07-28 13:45,07-28 13:48"
2026-07-28T14:51:00.000+01:00,MAR1GSOPEN;EURJPY;C1;07-28 13:45;1;07-28 13:45
2026-07-28T14:51:00.000+01:00,MAR1GSOPEN;EURJPY;D1;07-28 13:48;0;
2026-07-28T14:54:00.000+01:00,"MAR1GSOPEN;EURJPY;A1;07-28 13:39;3;07-28 13:39,07-28 13:45,07-28 13:48"
2026-07-28T14:54:00.000+01:00,"MAR1GSOPEN;EURJPY;A2;07-28 13:36;3;07-28 13:36,07-28 13:39,07-28 13:45"
2026-07-28T14:54:00.000+01:00,"MAR1GSOPEN;EURJPY;B1;07-28 13:39;2;07-28 13:39,07-28 13:45"
2026-07-28T14:54:00.000+01:00,"MAR1GSOPEN;EURJPY;B2;07-28 13:45;2;07-28 13:45,07-28 13:48"
2026-07-28T14:54:00.000+01:00,MAR1GSOPEN;EURJPY;C1;07-28 13:45;1;07-28 13:45
2026-07-28T14:54:00.000+01:00,MAR1GSOPEN;EURJPY;D1;07-28 13:48;0;
2026-07-28T14:57:00.000+01:00,"MAR1GSOPEN;EURJPY;A1;07-28 13:39;3;07-28 13:39,07-28 13:45,07-28 13:48"
2026-07-28T14:57:00.000+01:00,"MAR1GSOPEN;EURJPY;A2;07-28 13:36;3;07-28 13:36,07-28 13:39,07-28 13:45"
2026-07-28T14:57:00.000+01:00,"MAR1GSOPEN;EURJPY;B1;07-28 13:39;2;07-28 13:39,07-28 13:45"
2026-07-28T14:57:00.000+01:00,"MAR1GSOPEN;EURJPY;B2;07-28 13:45;2;07-28 13:45,07-28 13:48"
2026-07-28T14:57:00.000+01:00,MAR1GSOPEN;EURJPY;C1;07-28 13:45;1;07-28 13:45
2026-07-28T14:57:00.000+01:00,MAR1GSOPEN;EURJPY;D1;07-28 13:48;0;
2026-07-28T15:00:00.000+01:00,"MAR1GSCLOSE;EURJPY;A1;07-28 13:39;07-28 15:03;4;long;07-28 13:39,07-28 13:45,07-28 13:48,07-28 15:00"
2026-07-28T15:00:00.000+01:00,"MAR1GSCLOSE;EURJPY;A2;07-28 13:36;07-28 15:03;4;long;07-28 13:36,07-28 13:39,07-28 13:45,07-28 15:00"
2026-07-28T15:00:00.000+01:00,"MAR1GSCLOSE;EURJPY;B1;07-28 13:39;07-28 15:03;3;long;07-28 13:39,07-28 13:45,07-28 15:00"
2026-07-28T15:00:00.000+01:00,"MAR1GSCLOSE;EURJPY;B2;07-28 13:45;07-28 15:03;3;long;07-28 13:45,07-28 13:48,07-28 15:00"
2026-07-28T15:00:00.000+01:00,"MAR1GSCLOSE;EURJPY;C1;07-28 13:45;07-28 15:03;2;long;07-28 13:45,07-28 15:00"
2026-07-28T15:00:00.000+01:00,MAR1GSCLOSE;EURJPY;D1;07-28 15:00;07-28 15:03;1;long;07-28 15:00
2026-07-30T08:03:00.000+01:00,MAR1GSOPEN;EURJPY;A1;07-30 08:03;0;
2026-07-30T08:06:00.000+01:00,MAR1GSOPEN;EURJPY;A1;07-30 08:06;1;07-30 08:06
2026-07-30T08:06:00.000+01:00,MAR1GSOPEN;EURJPY;A2;07-30 08:06;0;
2026-07-30T08:06:00.000+01:00,MAR1GSOPEN;EURJPY;B2;07-30 08:06;0;
2026-07-30T08:09:00.000+01:00,MAR1GSOPEN;EURJPY;A1;07-30 08:06;1;07-30 08:06
2026-07-30T08:09:00.000+01:00,MAR1GSOPEN;EURJPY;A2;07-30 08:06;0;
2026-07-30T08:09:00.000+01:00,MAR1GSOPEN;EURJPY;B2;07-30 08:06;0;
2026-07-30T08:12:00.000+01:00,MAR1GSOPEN;EURJPY;A1;07-30 08:06;1;07-30 08:06
2026-07-30T08:12:00.000+01:00,MAR1GSOPEN;EURJPY;A2;07-30 08:06;0;
2026-07-30T08:12:00.000+01:00,MAR1GSOPEN;EURJPY;B2;07-30 08:06;0;
2026-07-30T08:15:00.000+01:00,MAR1GSOPEN;EURJPY;A1;07-30 08:06;1;07-30 08:06
2026-07-30T08:15:00.000+01:00,MAR1GSOPEN;EURJPY;A2;07-30 08:06;0;
2026-07-30T08:15:00.000+01:00,MAR1GSOPEN;EURJPY;B2;07-30 08:06;0;
2026-07-30T08:18:00.000+01:00,MAR1GSOPEN;EURJPY;A1;07-30 08:06;1;07-30 08:06
2026-07-30T08:18:00.000+01:00,MAR1GSOPEN;EURJPY;A2;07-30 08:06;0;
2026-07-30T08:18:00.000+01:00,MAR1GSOPEN;EURJPY;B2;07-30 08:06;0;
2026-07-30T08:21:00.000+01:00,MAR1GSOPEN;EURJPY;A1;07-30 08:06;1;07-30 08:06
2026-07-30T08:21:00.000+01:00,MAR1GSOPEN;EURJPY;A2;07-30 08:06;0;
2026-07-30T08:21:00.000+01:00,MAR1GSOPEN;EURJPY;B2;07-30 08:06;0;
2026-07-30T08:24:00.000+01:00,MAR1GSOPEN;EURJPY;A1;07-30 08:06;1;07-30 08:06
2026-07-30T08:24:00.000+01:00,MAR1GSOPEN;EURJPY;A2;07-30 08:06;0;
2026-07-30T08:24:00.000+01:00,MAR1GSOPEN;EURJPY;B2;07-30 08:06;0;
2026-07-30T08:27:00.000+01:00,MAR1GSOPEN;EURJPY;A1;07-30 08:06;1;07-30 08:06
2026-07-30T08:27:00.000+01:00,MAR1GSOPEN;EURJPY;A2;07-30 08:06;0;
2026-07-30T08:27:00.000+01:00,MAR1GSOPEN;EURJPY;B2;07-30 08:06;0;
2026-07-30T08:30:00.000+01:00,MAR1GSOPEN;EURJPY;A1;07-30 08:06;1;07-30 08:06
2026-07-30T08:30:00.000+01:00,MAR1GSOPEN;EURJPY;A2;07-30 08:06;0;
2026-07-30T08:30:00.000+01:00,MAR1GSOPEN;EURJPY;B2;07-30 08:06;0;
2026-07-30T08:33:00.000+01:00,"MAR1GSOPEN;EURJPY;A1;07-30 08:06;2;07-30 08:06,07-30 08:33"
2026-07-30T08:33:00.000+01:00,MAR1GSOPEN;EURJPY;A2;07-30 08:33;1;07-30 08:33
2026-07-30T08:33:00.000+01:00,MAR1GSOPEN;EURJPY;B1;07-30 08:33;0;
2026-07-30T08:33:00.000+01:00,MAR1GSOPEN;EURJPY;B2;07-30 08:33;1;07-30 08:33
2026-07-30T08:36:00.000+01:00,"MAR1GSOPEN;EURJPY;A1;07-30 08:06;3;07-30 08:06,07-30 08:33,07-30 08:36"
2026-07-30T08:36:00.000+01:00,"MAR1GSOPEN;EURJPY;A2;07-30 08:33;2;07-30 08:33,07-30 08:36"
2026-07-30T08:36:00.000+01:00,MAR1GSOPEN;EURJPY;B1;07-30 08:36;1;07-30 08:36
2026-07-30T08:36:00.000+01:00,"MAR1GSOPEN;EURJPY;B2;07-30 08:33;2;07-30 08:33,07-30 08:36"
2026-07-30T08:36:00.000+01:00,MAR1GSOPEN;EURJPY;D1;07-30 08:36;0;
2026-07-30T08:39:00.000+01:00,"MAR1GSOPEN;EURJPY;A1;07-30 08:06;3;07-30 08:06,07-30 08:33,07-30 08:36"
2026-07-30T08:39:00.000+01:00,"MAR1GSOPEN;EURJPY;A2;07-30 08:33;3;07-30 08:33,07-30 08:36,07-30 08:39"
2026-07-30T08:39:00.000+01:00,"MAR1GSOPEN;EURJPY;B1;07-30 08:36;2;07-30 08:36,07-30 08:39"
2026-07-30T08:39:00.000+01:00,"MAR1GSOPEN;EURJPY;B2;07-30 08:33;2;07-30 08:33,07-30 08:36"
2026-07-30T08:39:00.000+01:00,MAR1GSOPEN;EURJPY;C1;07-30 08:39;0;
2026-07-30T08:39:00.000+01:00,MAR1GSOPEN;EURJPY;D1;07-30 08:36;0;
2026-07-30T08:42:00.000+01:00,"MAR1GSOPEN;EURJPY;A1;07-30 08:06;3;07-30 08:06,07-30 08:33,07-30 08:36"
2026-07-30T08:42:00.000+01:00,"MAR1GSOPEN;EURJPY;A2;07-30 08:33;3;07-30 08:33,07-30 08:36,07-30 08:39"
2026-07-30T08:42:00.000+01:00,"MAR1GSOPEN;EURJPY;B1;07-30 08:36;2;07-30 08:36,07-30 08:39"
2026-07-30T08:42:00.000+01:00,"MAR1GSOPEN;EURJPY;B2;07-30 08:33;2;07-30 08:33,07-30 08:36"
2026-07-30T08:42:00.000+01:00,MAR1GSOPEN;EURJPY;C1;07-30 08:39;0;
2026-07-30T08:42:00.000+01:00,MAR1GSOPEN;EURJPY;D1;07-30 08:36;0;
2026-07-30T08:45:00.000+01:00,"MAR1GSOPEN;EURJPY;A1;07-30 08:06;3;07-30 08:06,07-30 08:33,07-30 08:36"
2026-07-30T08:45:00.000+01:00,"MAR1GSOPEN;EURJPY;A2;07-30 08:33;3;07-30 08:33,07-30 08:36,07-30 08:39"
2026-07-30T08:45:00.000+01:00,"MAR1GSOPEN;EURJPY;B1;07-30 08:36;2;07-30 08:36,07-30 08:39"
2026-07-30T08:45:00.000+01:00,"MAR1GSOPEN;EURJPY;B2;07-30 08:33;2;07-30 08:33,07-30 08:36"
2026-07-30T08:45:00.000+01:00,MAR1GSOPEN;EURJPY;C1;07-30 08:39;0;
2026-07-30T08:45:00.000+01:00,MAR1GSOPEN;EURJPY;D1;07-30 08:36;0;
2026-07-30T08:48:00.000+01:00,"MAR1GSOPEN;EURJPY;A1;07-30 08:06;3;07-30 08:06,07-30 08:33,07-30 08:36"
2026-07-30T08:48:00.000+01:00,"MAR1GSOPEN;EURJPY;A2;07-30 08:33;3;07-30 08:33,07-30 08:36,07-30 08:39"
2026-07-30T08:48:00.000+01:00,"MAR1GSOPEN;EURJPY;B1;07-30 08:36;2;07-30 08:36,07-30 08:39"
2026-07-30T08:48:00.000+01:00,"MAR1GSOPEN;EURJPY;B2;07-30 08:33;2;07-30 08:33,07-30 08:36"
2026-07-30T08:48:00.000+01:00,MAR1GSOPEN;EURJPY;C1;07-30 08:39;0;
2026-07-30T08:48:00.000+01:00,MAR1GSOPEN;EURJPY;D1;07-30 08:36;0;
2026-07-30T08:51:00.000+01:00,"MAR1GSOPEN;EURJPY;A1;07-30 08:06;3;07-30 08:06,07-30 08:33,07-30 08:36"
2026-07-30T08:51:00.000+01:00,"MAR1GSOPEN;EURJPY;A2;07-30 08:33;3;07-30 08:33,07-30 08:36,07-30 08:39"
2026-07-30T08:51:00.000+01:00,"MAR1GSOPEN;EURJPY;B1;07-30 08:36;2;07-30 08:36,07-30 08:39"
2026-07-30T08:51:00.000+01:00,"MAR1GSOPEN;EURJPY;B2;07-30 08:33;2;07-30 08:33,07-30 08:36"
2026-07-30T08:51:00.000+01:00,MAR1GSOPEN;EURJPY;C1;07-30 08:39;0;
2026-07-30T08:51:00.000+01:00,MAR1GSOPEN;EURJPY;D1;07-30 08:36;0;
2026-07-30T08:54:00.000+01:00,"MAR1GSOPEN;EURJPY;A1;07-30 08:06;3;07-30 08:06,07-30 08:33,07-30 08:36"
2026-07-30T08:54:00.000+01:00,"MAR1GSOPEN;EURJPY;A2;07-30 08:33;3;07-30 08:33,07-30 08:36,07-30 08:39"
2026-07-30T08:54:00.000+01:00,"MAR1GSOPEN;EURJPY;B1;07-30 08:36;2;07-30 08:36,07-30 08:39"
2026-07-30T08:54:00.000+01:00,"MAR1GSOPEN;EURJPY;B2;07-30 08:33;2;07-30 08:33,07-30 08:36"
2026-07-30T08:54:00.000+01:00,MAR1GSOPEN;EURJPY;C1;07-30 08:39;0;
2026-07-30T08:54:00.000+01:00,MAR1GSOPEN;EURJPY;D1;07-30 08:36;0;
2026-07-30T08:57:00.000+01:00,"MAR1GSOPEN;EURJPY;A1;07-30 08:06;3;07-30 08:06,07-30 08:33,07-30 08:36"
2026-07-30T08:57:00.000+01:00,"MAR1GSOPEN;EURJPY;A2;07-30 08:33;3;07-30 08:33,07-30 08:36,07-30 08:39"
2026-07-30T08:57:00.000+01:00,"MAR1GSOPEN;EURJPY;B1;07-30 08:36;2;07-30 08:36,07-30 08:39"
2026-07-30T08:57:00.000+01:00,"MAR1GSOPEN;EURJPY;B2;07-30 08:33;2;07-30 08:33,07-30 08:36"
2026-07-30T08:57:00.000+01:00,MAR1GSOPEN;EURJPY;C1;07-30 08:39;0;
2026-07-30T08:57:00.000+01:00,MAR1GSOPEN;EURJPY;D1;07-30 08:36;0;
2026-07-30T09:00:00.000+01:00,"MAR1GSCLOSE;EURJPY;A1;07-30 08:06;07-30 09:03;4;long;07-30 08:06,07-30 08:33,07-30 08:36,07-30 09:00"
2026-07-30T09:00:00.000+01:00,"MAR1GSCLOSE;EURJPY;A2;07-30 08:33;07-30 09:03;4;long;07-30 08:33,07-30 08:36,07-30 08:39,07-30 09:00"
2026-07-30T09:00:00.000+01:00,"MAR1GSCLOSE;EURJPY;B1;07-30 08:36;07-30 09:03;3;long;07-30 08:36,07-30 08:39,07-30 09:00"
2026-07-30T09:00:00.000+01:00,"MAR1GSCLOSE;EURJPY;B2;07-30 08:33;07-30 09:03;3;long;07-30 08:33,07-30 08:36,07-30 09:00"
2026-07-30T09:00:00.000+01:00,MAR1GSCLOSE;EURJPY;C1;07-30 09:00;07-30 09:03;1;long;07-30 09:00
2026-07-30T09:00:00.000+01:00,MAR1GSCLOSE;EURJPY;D1;07-30 09:00;07-30 09:03;1;long;07-30 09:00
2026-07-31T10:06:00.000+01:00,MAR1GSOPEN;EURJPY;A2;07-31 10:06;0;
2026-07-31T10:09:00.000+01:00,MAR1GSOPEN;EURJPY;A2;07-31 10:06;0;
2026-07-31T10:12:00.000+01:00,MAR1GSOPEN;EURJPY;A2;07-31 10:06;0;
2026-07-31T10:15:00.000+01:00,MAR1GSOPEN;EURJPY;A2;07-31 10:06;0;
2026-07-31T10:18:00.000+01:00,MAR1GSOPEN;EURJPY;A2;07-31 10:06;0;
2026-07-31T10:21:00.000+01:00,MAR1GSOPEN;EURJPY;A2;07-31 10:06;0;
2026-07-31T10:24:00.000+01:00,MAR1GSOPEN;EURJPY;A2;07-31 10:06;0;
2026-07-31T10:27:00.000+01:00,MAR1GSOPEN;EURJPY;A2;07-31 10:06;0;
2026-07-31T10:30:00.000+01:00,MAR1GSOPEN;EURJPY;A2;07-31 10:06;0;
2026-07-31T10:33:00.000+01:00,MAR1GSCLOSE;EURJPY;A2;07-31 10:33;07-31 10:36;1;long;07-31 10:33
2026-08-04T09:00:00.000+01:00,MAR1GSOPEN;EURJPY;A2;08-04 09:00;0;
2026-08-04T09:03:00.000+01:00,MAR1GSCLOSE;EURJPY;A2;08-04 09:03;08-04 09:06;1;long;08-04 09:03
2026-08-04T11:45:00.000+01:00,MAR1GSOPEN;EURJPY;A2;08-04 11:45;0;
2026-08-04T11:48:00.000+01:00,MAR1GSOPEN;EURJPY;A2;08-04 11:45;0;
2026-08-04T11:51:00.000+01:00,MAR1GSOPEN;EURJPY;A2;08-04 11:45;0;
2026-08-04T11:54:00.000+01:00,MAR1GSOPEN;EURJPY;A2;08-04 11:45;0;
2026-08-04T11:57:00.000+01:00,MAR1GSOPEN;EURJPY;A2;08-04 11:45;0;
2026-08-04T12:00:00.000+01:00,MAR1GSOPEN;EURJPY;A2;08-04 11:45;0;
2026-08-04T12:03:00.000+01:00,MAR1GSOPEN;EURJPY;A2;08-04 11:45;0;
2026-08-04T12:06:00.000+01:00,MAR1GSOPEN;EURJPY;A2;08-04 11:45;0;
2026-08-04T12:09:00.000+01:00,MAR1GSOPEN;EURJPY;A2;08-04 11:45;0;
2026-08-04T12:12:00.000+01:00,MAR1GSOPEN;EURJPY;A2;08-04 11:45;0;
2026-08-04T12:15:00.000+01:00,MAR1GSOPEN;EURJPY;A2;08-04 11:45;0;
2026-08-04T12:18:00.000+01:00,MAR1GSOPEN;EURJPY;A2;08-04 11:45;0;
2026-08-04T12:21:00.000+01:00,MAR1GSOPEN;EURJPY;A2;08-04 11:45;0;
2026-08-04T12:24:00.000+01:00,MAR1GSCLOSE;EURJPY;A2;08-04 12:24;08-04 12:27;1;short;08-04 12:24
2026-08-04T14:45:00.000+01:00,MAR1GSOPEN;EURJPY;A2;08-04 14:45;0;
2026-08-04T14:48:00.000+01:00,MAR1GSOPEN;EURJPY;A2;08-04 14:45;0;
2026-08-04T14:51:00.000+01:00,MAR1GSOPEN;EURJPY;A2;08-04 14:45;0;
2026-08-04T14:54:00.000+01:00,MAR1GSOPEN;EURJPY;A2;08-04 14:45;0;
2026-08-04T14:57:00.000+01:00,MAR1GSOPEN;EURJPY;A2;08-04 14:45;0;
2026-08-04T15:00:00.000+01:00,MAR1GSOPEN;EURJPY;A2;08-04 14:45;0;
2026-08-04T15:03:00.000+01:00,MAR1GSOPEN;EURJPY;A2;08-04 14:45;0;
2026-08-04T15:06:00.000+01:00,MAR1GSOPEN;EURJPY;A1;08-04 15:06;0;
2026-08-04T15:06:00.000+01:00,MAR1GSOPEN;EURJPY;A2;08-04 15:06;1;08-04 15:06
2026-08-04T15:06:00.000+01:00,MAR1GSOPEN;EURJPY;B1;08-04 15:06;0;
2026-08-04T15:09:00.000+01:00,MAR1GSOPEN;EURJPY;A1;08-04 15:06;0;
2026-08-04T15:09:00.000+01:00,MAR1GSOPEN;EURJPY;A2;08-04 15:06;1;08-04 15:06
2026-08-04T15:09:00.000+01:00,MAR1GSOPEN;EURJPY;B1;08-04 15:06;0;
2026-08-04T15:12:00.000+01:00,MAR1GSOPEN;EURJPY;A1;08-04 15:06;0;
2026-08-04T15:12:00.000+01:00,MAR1GSOPEN;EURJPY;A2;08-04 15:06;1;08-04 15:06
2026-08-04T15:12:00.000+01:00,MAR1GSOPEN;EURJPY;B1;08-04 15:06;0;
2026-08-04T15:15:00.000+01:00,MAR1GSOPEN;EURJPY;A1;08-04 15:06;0;
2026-08-04T15:15:00.000+01:00,MAR1GSOPEN;EURJPY;A2;08-04 15:06;1;08-04 15:06
2026-08-04T15:15:00.000+01:00,MAR1GSOPEN;EURJPY;B1;08-04 15:06;0;
2026-08-04T15:18:00.000+01:00,MAR1GSOPEN;EURJPY;A1;08-04 15:06;0;
2026-08-04T15:18:00.000+01:00,MAR1GSOPEN;EURJPY;A2;08-04 15:06;1;08-04 15:06
2026-08-04T15:18:00.000+01:00,MAR1GSOPEN;EURJPY;B1;08-04 15:06;0;
2026-08-04T15:21:00.000+01:00,MAR1GSOPEN;EURJPY;A1;08-04 15:06;0;
2026-08-04T15:21:00.000+01:00,MAR1GSOPEN;EURJPY;A2;08-04 15:06;1;08-04 15:06
2026-08-04T15:21:00.000+01:00,MAR1GSOPEN;EURJPY;B1;08-04 15:06;0;
2026-08-04T15:24:00.000+01:00,MAR1GSOPEN;EURJPY;A1;08-04 15:06;0;
2026-08-04T15:24:00.000+01:00,MAR1GSOPEN;EURJPY;A2;08-04 15:06;1;08-04 15:06
2026-08-04T15:24:00.000+01:00,MAR1GSOPEN;EURJPY;B1;08-04 15:06;0;
2026-08-04T15:27:00.000+01:00,MAR1GSCLOSE;EURJPY;A1;08-04 15:27;08-04 15:30;1;long;08-04 15:27
2026-08-04T15:27:00.000+01:00,"MAR1GSCLOSE;EURJPY;A2;08-04 15:06;08-04 15:30;2;long;08-04 15:06,08-04 15:27"
2026-08-04T15:27:00.000+01:00,MAR1GSCLOSE;EURJPY;B1;08-04 15:27;08-04 15:30;1;long;08-04 15:27
2026-08-04T17:57:00.000+01:00,MAR1GSOPEN;EURJPY;A1;08-04 17:57;0;
2026-08-04T17:57:00.000+01:00,MAR1GSOPEN;EURJPY;A2;08-04 17:57;0;
2026-08-04T18:00:00.000+01:00,MAR1GSCLOSE;EURJPY;A1;08-04 18:00;08-04 18:03;1;long;08-04 18:00
2026-08-04T18:00:00.000+01:00,MAR1GSCLOSE;EURJPY;A2;08-04 18:00;08-04 18:03;1;long;08-04 18:00
2026-08-06T08:48:00.000+01:00,MAR1GSOPEN;EURJPY;A1;08-06 08:48;0;
2026-08-06T08:48:00.000+01:00,MAR1GSOPEN;EURJPY;A2;08-06 08:48;0;
2026-08-06T08:51:00.000+01:00,MAR1GSCLOSE;EURJPY;A1;08-06 08:51;08-06 08:54;1;long;08-06 08:51
2026-08-06T08:51:00.000+01:00,MAR1GSCLOSE;EURJPY;A2;08-06 08:51;08-06 08:54;1;long;08-06 08:51
2026-08-06T12:15:00.000+01:00,MAR1GSOPEN;EURJPY;A1;08-06 12:15;0;
2026-08-06T12:18:00.000+01:00,MAR1GSCLOSE;EURJPY;A1;08-06 12:18;08-06 12:21;1;long;08-06 12:18
2026-08-06T17:12:00.000+01:00,MAR1GSOPEN;EURJPY;A1;08-06 17:12;0;
2026-08-06T17:12:00.000+01:00,MAR1GSOPEN;EURJPY;A2;08-06 17:12;0;
2026-08-06T17:15:00.000+01:00,MAR1GSOPEN;EURJPY;A1;08-06 17:12;0;
2026-08-06T17:15:00.000+01:00,MAR1GSOPEN;EURJPY;A2;08-06 17:12;0;
2026-08-06T17:18:00.000+01:00,MAR1GSOPEN;EURJPY;A1;08-06 17:12;0;
2026-08-06T17:18:00.000+01:00,MAR1GSOPEN;EURJPY;A2;08-06 17:18;1;08-06 17:18
2026-08-06T17:18:00.000+01:00,MAR1GSOPEN;EURJPY;B1;08-06 17:18;0;
2026-08-06T17:18:00.000+01:00,MAR1GSOPEN;EURJPY;C2;08-06 17:18;0;
2026-08-06T17:21:00.000+01:00,MAR1GSOPEN;EURJPY;A1;08-06 17:12;0;
2026-08-06T17:21:00.000+01:00,MAR1GSOPEN;EURJPY;A2;08-06 17:18;1;08-06 17:18
2026-08-06T17:21:00.000+01:00,MAR1GSOPEN;EURJPY;B1;08-06 17:18;0;
2026-08-06T17:21:00.000+01:00,MAR1GSOPEN;EURJPY;C2;08-06 17:18;0;
2026-08-06T17:24:00.000+01:00,MAR1GSOPEN;EURJPY;A1;08-06 17:12;0;
2026-08-06T17:24:00.000+01:00,MAR1GSOPEN;EURJPY;A2;08-06 17:18;1;08-06 17:18
2026-08-06T17:24:00.000+01:00,MAR1GSOPEN;EURJPY;B1;08-06 17:18;0;
2026-08-06T17:24:00.000+01:00,MAR1GSOPEN;EURJPY;C2;08-06 17:18;0;
2026-08-06T17:27:00.000+01:00,MAR1GSOPEN;EURJPY;A1;08-06 17:12;0;
2026-08-06T17:27:00.000+01:00,MAR1GSOPEN;EURJPY;A2;08-06 17:18;1;08-06 17:18
2026-08-06T17:27:00.000+01:00,MAR1GSOPEN;EURJPY;B1;08-06 17:18;0;
2026-08-06T17:27:00.000+01:00,MAR1GSOPEN;EURJPY;C2;08-06 17:18;0;
2026-08-06T17:30:00.000+01:00,MAR1GSOPEN;EURJPY;A1;08-06 17:12;0;
2026-08-06T17:30:00.000+01:00,MAR1GSOPEN;EURJPY;A2;08-06 17:18;1;08-06 17:18
2026-08-06T17:30:00.000+01:00,MAR1GSOPEN;EURJPY;B1;08-06 17:18;0;
2026-08-06T17:30:00.000+01:00,MAR1GSOPEN;EURJPY;C2;08-06 17:18;0;
2026-08-06T17:33:00.000+01:00,MAR1GSOPEN;EURJPY;A1;08-06 17:12;0;
2026-08-06T17:33:00.000+01:00,MAR1GSOPEN;EURJPY;A2;08-06 17:18;1;08-06 17:18
2026-08-06T17:33:00.000+01:00,MAR1GSOPEN;EURJPY;B1;08-06 17:18;0;
2026-08-06T17:33:00.000+01:00,MAR1GSOPEN;EURJPY;C2;08-06 17:18;0;
2026-08-06T17:36:00.000+01:00,MAR1GSOPEN;EURJPY;A1;08-06 17:12;0;
2026-08-06T17:36:00.000+01:00,MAR1GSOPEN;EURJPY;A2;08-06 17:18;1;08-06 17:18
2026-08-06T17:36:00.000+01:00,MAR1GSOPEN;EURJPY;B1;08-06 17:18;0;
2026-08-06T17:36:00.000+01:00,MAR1GSOPEN;EURJPY;C2;08-06 17:18;0;
2026-08-06T17:39:00.000+01:00,MAR1GSOPEN;EURJPY;A1;08-06 17:12;0;
2026-08-06T17:39:00.000+01:00,MAR1GSOPEN;EURJPY;A2;08-06 17:18;1;08-06 17:18
2026-08-06T17:39:00.000+01:00,MAR1GSOPEN;EURJPY;B1;08-06 17:18;0;
2026-08-06T17:39:00.000+01:00,MAR1GSOPEN;EURJPY;C2;08-06 17:18;0;
2026-08-06T17:42:00.000+01:00,MAR1GSOPEN;EURJPY;A1;08-06 17:12;0;
2026-08-06T17:42:00.000+01:00,MAR1GSOPEN;EURJPY;A2;08-06 17:18;1;08-06 17:18
2026-08-06T17:42:00.000+01:00,MAR1GSOPEN;EURJPY;B1;08-06 17:18;0;
2026-08-06T17:42:00.000+01:00,MAR1GSOPEN;EURJPY;C2;08-06 17:18;0;
2026-08-06T17:45:00.000+01:00,MAR1GSOPEN;EURJPY;A1;08-06 17:12;0;
2026-08-06T17:45:00.000+01:00,MAR1GSOPEN;EURJPY;A2;08-06 17:18;1;08-06 17:18
2026-08-06T17:45:00.000+01:00,MAR1GSOPEN;EURJPY;B1;08-06 17:18;0;
2026-08-06T17:45:00.000+01:00,MAR1GSOPEN;EURJPY;C2;08-06 17:18;0;
2026-08-06T17:48:00.000+01:00,MAR1GSOPEN;EURJPY;A1;08-06 17:12;0;
2026-08-06T17:48:00.000+01:00,MAR1GSOPEN;EURJPY;A2;08-06 17:18;1;08-06 17:18
2026-08-06T17:48:00.000+01:00,MAR1GSOPEN;EURJPY;B1;08-06 17:18;0;
2026-08-06T17:48:00.000+01:00,MAR1GSOPEN;EURJPY;C2;08-06 17:18;0;
2026-08-06T17:51:00.000+01:00,MAR1GSOPEN;EURJPY;A1;08-06 17:12;0;
2026-08-06T17:51:00.000+01:00,MAR1GSOPEN;EURJPY;A2;08-06 17:18;1;08-06 17:18
2026-08-06T17:51:00.000+01:00,MAR1GSOPEN;EURJPY;B1;08-06 17:18;0;
2026-08-06T17:51:00.000+01:00,MAR1GSOPEN;EURJPY;C2;08-06 17:18;0;
2026-08-06T17:54:00.000+01:00,MAR1GSCLOSE;EURJPY;A1;08-06 17:54;08-06 17:57;1;long;08-06 17:54
2026-08-06T17:54:00.000+01:00,"MAR1GSCLOSE;EURJPY;A2;08-06 17:18;08-06 17:57;2;long;08-06 17:18,08-06 17:54"
2026-08-06T17:54:00.000+01:00,MAR1GSCLOSE;EURJPY;B1;08-06 17:54;08-06 17:57;1;long;08-06 17:54
2026-08-06T17:54:00.000+01:00,MAR1GSCLOSE;EURJPY;C2;08-06 17:54;08-06 17:57;1;long;08-06 17:54
2026-08-07T11:48:00.000+01:00,MAR1GSOPEN;EURJPY;A2;08-07 11:48;0;
2026-08-07T11:51:00.000+01:00,MAR1GSOPEN;EURJPY;A2;08-07 11:48;0;
2026-08-07T11:54:00.000+01:00,MAR1GSOPEN;EURJPY;A2;08-07 11:48;0;
2026-08-07T11:57:00.000+01:00,MAR1GSOPEN;EURJPY;A2;08-07 11:48;0;
2026-08-07T12:00:00.000+01:00,MAR1GSOPEN;EURJPY;A2;08-07 11:48;0;
2026-08-07T12:03:00.000+01:00,MAR1GSCLOSE;EURJPY;A2;08-07 12:03;08-07 12:06;1;short;08-07 12:03
2026-08-10T17:21:00.000+01:00,MAR1GSOPEN;EURJPY;A1;08-10 17:21;0;
2026-08-10T17:24:00.000+01:00,MAR1GSOPEN;EURJPY;A1;08-10 17:21;0;
2026-08-10T17:27:00.000+01:00,MAR1GSOPEN;EURJPY;A1;08-10 17:21;0;
2026-08-10T17:30:00.000+01:00,MAR1GSOPEN;EURJPY;A1;08-10 17:21;0;
2026-08-10T17:33:00.000+01:00,MAR1GSOPEN;EURJPY;A1;08-10 17:21;0;
2026-08-10T17:36:00.000+01:00,MAR1GSOPEN;EURJPY;A1;08-10 17:21;0;
2026-08-10T17:39:00.000+01:00,MAR1GSOPEN;EURJPY;A1;08-10 17:21;0;
2026-08-10T17:42:00.000+01:00,MAR1GSOPEN;EURJPY;A1;08-10 17:21;0;
2026-08-10T17:45:00.000+01:00,MAR1GSOPEN;EURJPY;A1;08-10 17:21;0;
2026-08-10T17:48:00.000+01:00,MAR1GSOPEN;EURJPY;A1;08-10 17:21;0;
2026-08-10T17:51:00.000+01:00,MAR1GSOPEN;EURJPY;A1;08-10 17:21;0;
2026-08-10T17:54:00.000+01:00,MAR1GSOPEN;EURJPY;A1;08-10 17:21;0;
2026-08-10T17:57:00.000+01:00,MAR1GSOPEN;EURJPY;A1;08-10 17:21;0;
2026-08-10T18:00:00.000+01:00,MAR1GSOPEN;EURJPY;A1;08-10 17:21;0;
2026-08-10T18:03:00.000+01:00,MAR1GSOPEN;EURJPY;A1;08-10 17:21;0;
2026-08-10T18:06:00.000+01:00,MAR1GSOPEN;EURJPY;A1;08-10 17:21;0;
2026-08-10T18:09:00.000+01:00,MAR1GSOPEN;EURJPY;A1;08-10 17:21;0;
2026-08-10T18:12:00.000+01:00,MAR1GSOPEN;EURJPY;A1;08-10 18:12;1;08-10 18:12
2026-08-10T18:12:00.000+01:00,MAR1GSOPEN;EURJPY;B2;08-10 18:12;0;
2026-08-10T18:15:00.000+01:00,"MAR1GSOPEN;EURJPY;A1;08-10 18:12;2;08-10 18:12,08-10 18:15"
2026-08-10T18:15:00.000+01:00,MAR1GSOPEN;EURJPY;A2;08-10 18:15;0;
2026-08-10T18:15:00.000+01:00,MAR1GSOPEN;EURJPY;B2;08-10 18:15;1;08-10 18:15
2026-08-10T18:18:00.000+01:00,"MAR1GSOPEN;EURJPY;A1;08-10 18:12;2;08-10 18:12,08-10 18:15"
2026-08-10T18:18:00.000+01:00,MAR1GSOPEN;EURJPY;A2;08-10 18:15;0;
2026-08-10T18:18:00.000+01:00,MAR1GSOPEN;EURJPY;B2;08-10 18:15;1;08-10 18:15
2026-08-10T18:21:00.000+01:00,"MAR1GSOPEN;EURJPY;A1;08-10 18:12;2;08-10 18:12,08-10 18:15"
2026-08-10T18:21:00.000+01:00,MAR1GSOPEN;EURJPY;A2;08-10 18:15;0;
2026-08-10T18:21:00.000+01:00,MAR1GSOPEN;EURJPY;B2;08-10 18:15;1;08-10 18:15
2026-08-10T18:24:00.000+01:00,"MAR1GSOPEN;EURJPY;A1;08-10 18:12;2;08-10 18:12,08-10 18:15"
2026-08-10T18:24:00.000+01:00,MAR1GSOPEN;EURJPY;A2;08-10 18:15;0;
2026-08-10T18:24:00.000+01:00,MAR1GSOPEN;EURJPY;B2;08-10 18:15;1;08-10 18:15
2026-08-10T18:27:00.000+01:00,"MAR1GSOPEN;EURJPY;A1;08-10 18:12;2;08-10 18:12,08-10 18:15"
2026-08-10T18:27:00.000+01:00,MAR1GSOPEN;EURJPY;A2;08-10 18:15;0;
2026-08-10T18:27:00.000+01:00,MAR1GSOPEN;EURJPY;B2;08-10 18:15;1;08-10 18:15
2026-08-10T18:30:00.000+01:00,"MAR1GSOPEN;EURJPY;A1;08-10 18:12;2;08-10 18:12,08-10 18:15"
2026-08-10T18:30:00.000+01:00,MAR1GSOPEN;EURJPY;A2;08-10 18:15;0;
2026-08-10T18:30:00.000+01:00,MAR1GSOPEN;EURJPY;B2;08-10 18:15;1;08-10 18:15
2026-08-10T18:33:00.000+01:00,"MAR1GSOPEN;EURJPY;A1;08-10 18:12;2;08-10 18:12,08-10 18:15"
2026-08-10T18:33:00.000+01:00,MAR1GSOPEN;EURJPY;A2;08-10 18:15;0;
2026-08-10T18:33:00.000+01:00,MAR1GSOPEN;EURJPY;B2;08-10 18:15;1;08-10 18:15
2026-08-10T18:36:00.000+01:00,"MAR1GSOPEN;EURJPY;A1;08-10 18:12;2;08-10 18:12,08-10 18:15"
2026-08-10T18:36:00.000+01:00,MAR1GSOPEN;EURJPY;A2;08-10 18:15;0;
2026-08-10T18:36:00.000+01:00,MAR1GSOPEN;EURJPY;B2;08-10 18:15;1;08-10 18:15
2026-08-10T18:39:00.000+01:00,"MAR1GSOPEN;EURJPY;A1;08-10 18:12;2;08-10 18:12,08-10 18:15"
2026-08-10T18:39:00.000+01:00,MAR1GSOPEN;EURJPY;A2;08-10 18:15;0;
2026-08-10T18:39:00.000+01:00,MAR1GSOPEN;EURJPY;B2;08-10 18:15;1;08-10 18:15
2026-08-10T18:42:00.000+01:00,"MAR1GSCLOSE;EURJPY;A1;08-10 18:12;08-10 18:45;3;long;08-10 18:12,08-10 18:15,08-10 18:42"
2026-08-10T18:42:00.000+01:00,MAR1GSCLOSE;EURJPY;A2;08-10 18:42;08-10 18:45;1;long;08-10 18:42
2026-08-10T18:42:00.000+01:00,"MAR1GSCLOSE;EURJPY;B2;08-10 18:15;08-10 18:45;2;long;08-10 18:15,08-10 18:42"
2026-08-11T08:15:00.000+01:00,MAR1GSOPEN;EURJPY;C2;08-11 08:15;0;
2026-08-11T08:18:00.000+01:00,MAR1GSCLOSE;EURJPY;C2;08-11 08:18;08-11 08:21;1;long;08-11 08:18
2026-08-11T15:36:00.000+01:00,MAR1GSOPEN;EURJPY;A1;08-11 15:36;0;
2026-08-11T15:36:00.000+01:00,MAR1GSOPEN;EURJPY;A2;08-11 15:36;0;
2026-08-11T15:39:00.000+01:00,MAR1GSOPEN;EURJPY;A1;08-11 15:36;0;
2026-08-11T15:39:00.000+01:00,MAR1GSOPEN;EURJPY;A2;08-11 15:36;0;
2026-08-11T15:42:00.000+01:00,MAR1GSOPEN;EURJPY;A1;08-11 15:36;0;
2026-08-11T15:42:00.000+01:00,MAR1GSOPEN;EURJPY;A2;08-11 15:36;0;
2026-08-11T15:45:00.000+01:00,MAR1GSCLOSE;EURJPY;A1;08-11 15:45;08-11 15:48;1;short;08-11 15:45
2026-08-11T15:45:00.000+01:00,MAR1GSCLOSE;EURJPY;A2;08-11 15:45;08-11 15:48;1;short;08-11 15:45
2026-08-11T16:45:00.000+01:00,MAR1GSOPEN;EURJPY;C2;08-11 16:45;0;
2026-08-11T16:48:00.000+01:00,MAR1GSCLOSE;EURJPY;C2;08-11 16:48;08-11 16:51;1;long;08-11 16:48
2026-07-26T22:06:00.000+01:00,DIAG-CLOSE;EURUSD;s=0;prev=-1;c=0;firstObs=true;slotOn=true;inWindow=false;time_close=07-26 22:09
2026-07-26T22:06:00.000+01:00,DIAG-CLOSE;EURUSD;s=1;prev=-1;c=0;firstObs=true;slotOn=true;inWindow=false;time_close=07-26 22:09
2026-07-26T22:06:00.000+01:00,DIAG-CLOSE;EURUSD;s=2;prev=-1;c=0;firstObs=true;slotOn=true;inWindow=false;time_close=07-26 22:09
2026-07-26T22:06:00.000+01:00,DIAG-CLOSE;EURUSD;s=3;prev=-1;c=0;firstObs=true;slotOn=true;inWindow=false;time_close=07-26 22:09
2026-07-26T22:06:00.000+01:00,DIAG-CLOSE;EURUSD;s=4;prev=-1;c=0;firstObs=true;slotOn=true;inWindow=false;time_close=07-26 22:09
2026-07-26T22:06:00.000+01:00,DIAG-CLOSE;EURUSD;s=5;prev=-1;c=0;firstObs=true;slotOn=true;inWindow=false;time_close=07-26 22:09
2026-07-26T22:06:00.000+01:00,DIAG-CLOSE;EURUSD;s=6;prev=-1;c=0;firstObs=true;slotOn=true;inWindow=false;time_close=07-26 22:09
2026-07-26T22:06:00.000+01:00,DIAG-CLOSE;EURUSD;s=7;prev=-1;c=0;firstObs=true;slotOn=true;inWindow=false;time_close=07-26 22:09
2026-07-26T22:06:00.000+01:00,DIAG-CLOSE;USDCAD;s=0;prev=-1;c=0;firstObs=true;slotOn=true;inWindow=false;time_close=07-26 22:09
2026-07-26T22:06:00.000+01:00,DIAG-CLOSE;USDCAD;s=1;prev=-1;c=0;firstObs=true;slotOn=true;inWindow=false;time_close=07-26 22:09
2026-07-26T22:06:00.000+01:00,DIAG-CLOSE;USDCAD;s=2;prev=-1;c=0;firstObs=true;slotOn=true;inWindow=false;time_close=07-26 22:09
2026-07-26T22:06:00.000+01:00,DIAG-CLOSE;USDCAD;s=3;prev=-1;c=0;firstObs=true;slotOn=true;inWindow=false;time_close=07-26 22:09
2026-07-26T22:06:00.000+01:00,DIAG-CLOSE;USDCAD;s=4;prev=-1;c=0;firstObs=true;slotOn=true;inWindow=false;time_close=07-26 22:09
2026-07-26T22:06:00.000+01:00,DIAG-CLOSE;USDCAD;s=5;prev=-1;c=0;firstObs=true;slotOn=true;inWindow=false;time_close=07-26 22:09
2026-07-26T22:06:00.000+01:00,DIAG-CLOSE;USDCAD;s=6;prev=-1;c=0;firstObs=true;slotOn=true;inWindow=false;time_close=07-26 22:09
2026-07-26T22:06:00.000+01:00,DIAG-CLOSE;USDCAD;s=7;prev=-1;c=0;firstObs=true;slotOn=true;inWindow=false;time_close=07-26 22:09
2026-07-26T22:06:00.000+01:00,DIAG-CLOSE;USDCHF;s=0;prev=-1;c=0;firstObs=true;slotOn=true;inWindow=false;time_close=07-26 22:09
2026-07-26T22:06:00.000+01:00,DIAG-CLOSE;USDCHF;s=1;prev=-1;c=0;firstObs=true;slotOn=true;inWindow=false;time_close=07-26 22:09
2026-07-26T22:06:00.000+01:00,DIAG-CLOSE;USDCHF;s=2;prev=-1;c=0;firstObs=true;slotOn=true;inWindow=false;time_close=07-26 22:09
2026-07-26T22:06:00.000+01:00,DIAG-CLOSE;USDCHF;s=3;prev=-1;c=0;firstObs=true;slotOn=true;inWindow=false;time_close=07-26 22:09
2026-07-26T22:06:00.000+01:00,DIAG-CLOSE;USDCHF;s=4;prev=-1;c=0;firstObs=true;slotOn=true;inWindow=false;time_close=07-26 22:09
2026-07-26T22:06:00.000+01:00,DIAG-CLOSE;USDCHF;s=5;prev=-1;c=0;firstObs=true;slotOn=true;inWindow=false;time_close=07-26 22:09
2026-07-26T22:06:00.000+01:00,DIAG-CLOSE;USDCHF;s=6;prev=-1;c=0;firstObs=true;slotOn=true;inWindow=false;time_close=07-26 22:09
2026-07-26T22:06:00.000+01:00,DIAG-CLOSE;USDCHF;s=7;prev=-1;c=0;firstObs=true;slotOn=true;inWindow=false;time_close=07-26 22:09
2026-07-26T22:06:00.000+01:00,DIAG-CLOSE;USDJPY;s=0;prev=-1;c=0;firstObs=true;slotOn=true;inWindow=false;time_close=07-26 22:09
2026-07-26T22:06:00.000+01:00,DIAG-CLOSE;USDJPY;s=1;prev=-1;c=0;firstObs=true;slotOn=true;inWindow=false;time_close=07-26 22:09
2026-07-26T22:06:00.000+01:00,DIAG-CLOSE;USDJPY;s=2;prev=-1;c=0;firstObs=true;slotOn=true;inWindow=false;time_close=07-26 22:09
2026-07-26T22:06:00.000+01:00,DIAG-CLOSE;USDJPY;s=3;prev=-1;c=0;firstObs=true;slotOn=true;inWindow=false;time_close=07-26 22:09
2026-07-26T22:06:00.000+01:00,DIAG-CLOSE;USDJPY;s=4;prev=-1;c=0;firstObs=true;slotOn=true;inWindow=false;time_close=07-26 22:09
2026-07-26T22:06:00.000+01:00,DIAG-CLOSE;USDJPY;s=5;prev=-1;c=0;firstObs=true;slotOn=true;inWindow=false;time_close=07-26 22:09
2026-07-26T22:06:00.000+01:00,DIAG-CLOSE;USDJPY;s=6;prev=-1;c=0;firstObs=true;slotOn=true;inWindow=false;time_close=07-26 22:09
2026-07-26T22:06:00.000+01:00,DIAG-CLOSE;USDJPY;s=7;prev=-1;c=0;firstObs=true;slotOn=true;inWindow=false;time_close=07-26 22:09
2026-07-26T22:06:00.000+01:00,DIAG-CLOSE;AUDUSD;s=0;prev=-1;c=0;firstObs=true;slotOn=true;inWindow=false;time_close=07-26 22:09
2026-07-26T22:06:00.000+01:00,DIAG-CLOSE;AUDUSD;s=1;prev=-1;c=0;firstObs=true;slotOn=true;inWindow=false;time_close=07-26 22:09
2026-07-26T22:06:00.000+01:00,DIAG-CLOSE;AUDUSD;s=2;prev=-1;c=0;firstObs=true;slotOn=true;inWindow=false;time_close=07-26 22:09
2026-07-26T22:06:00.000+01:00,DIAG-CLOSE;AUDUSD;s=3;prev=-1;c=0;firstObs=true;slotOn=true;inWindow=false;time_close=07-26 22:09
2026-07-26T22:06:00.000+01:00,DIAG-CLOSE;AUDUSD;s=4;prev=-1;c=0;firstObs=true;slotOn=true;inWindow=false;time_close=07-26 22:09
2026-07-26T22:06:00.000+01:00,DIAG-CLOSE;AUDUSD;s=5;prev=-1;c=0;firstObs=true;slotOn=true;inWindow=false;time_close=07-26 22:09
2026-07-26T22:06:00.000+01:00,DIAG-CLOSE;AUDUSD;s=6;prev=-1;c=0;firstObs=true;slotOn=true;inWindow=false;time_close=07-26 22:09
2026-07-26T22:06:00.000+01:00,DIAG-CLOSE;AUDUSD;s=7;prev=-1;c=0;firstObs=true;slotOn=true;inWindow=false;time_close=07-26 22:09
2026-07-26T22:06:00.000+01:00,DIAG-CLOSE;EURGBP;s=0;prev=-1;c=0;firstObs=true;slotOn=true;inWindow=false;time_close=07-26 22:09
2026-07-26T22:06:00.000+01:00,DIAG-CLOSE;EURGBP;s=1;prev=-1;c=0;firstObs=true;slotOn=true;inWindow=false;time_close=07-26 22:09
2026-07-26T22:06:00.000+01:00,DIAG-CLOSE;EURGBP;s=2;prev=-1;c=0;firstObs=true;slotOn=true;inWindow=false;time_close=07-26 22:09
2026-07-26T22:06:00.000+01:00,DIAG-CLOSE;EURGBP;s=3;prev=-1;c=0;firstObs=true;slotOn=true;inWindow=false;time_close=07-26 22:09
2026-07-26T22:06:00.000+01:00,DIAG-CLOSE;EURGBP;s=4;prev=-1;c=0;firstObs=true;slotOn=true;inWindow=false;time_close=07-26 22:09
2026-07-26T22:06:00.000+01:00,DIAG-CLOSE;EURGBP;s=5;prev=-1;c=0;firstObs=true;slotOn=true;inWindow=false;time_close=07-26 22:09
2026-07-26T22:06:00.000+01:00,DIAG-CLOSE;EURGBP;s=6;prev=-1;c=0;firstObs=true;slotOn=true;inWindow=false;time_close=07-26 22:09
2026-07-26T22:06:00.000+01:00,DIAG-CLOSE;EURGBP;s=7;prev=-1;c=0;firstObs=true;slotOn=true;inWindow=false;time_close=07-26 22:09
2026-07-26T22:06:00.000+01:00,DIAG-CLOSE;EURCHF;s=0;prev=-1;c=0;firstObs=true;slotOn=true;inWindow=false;time_close=07-26 22:09
2026-07-26T22:06:00.000+01:00,DIAG-CLOSE;EURCHF;s=1;prev=-1;c=0;firstObs=true;slotOn=true;inWindow=false;time_close=07-26 22:09
2026-07-26T22:06:00.000+01:00,DIAG-CLOSE;EURCHF;s=2;prev=-1;c=0;firstObs=true;slotOn=true;inWindow=false;time_close=07-26 22:09
2026-07-26T22:06:00.000+01:00,DIAG-CLOSE;EURCHF;s=3;prev=-1;c=0;firstObs=true;slotOn=true;inWindow=false;time_close=07-26 22:09
2026-07-26T22:06:00.000+01:00,DIAG-CLOSE;EURCHF;s=4;prev=-1;c=0;firstObs=true;slotOn=true;inWindow=false;time_close=07-26 22:09
2026-07-26T22:06:00.000+01:00,DIAG-CLOSE;EURCHF;s=5;prev=-1;c=0;firstObs=true;slotOn=true;inWindow=false;time_close=07-26 22:09
2026-07-26T22:06:00.000+01:00,DIAG-CLOSE;EURCHF;s=6;prev=-1;c=0;firstObs=true;slotOn=true;inWindow=false;time_close=07-26 22:09
2026-07-26T22:06:00.000+01:00,DIAG-CLOSE;EURCHF;s=7;prev=-1;c=0;firstObs=true;slotOn=true;inWindow=false;time_close=07-26 22:09
2026-07-26T22:06:00.000+01:00,DIAG-CLOSE;EURJPY;s=0;prev=-1;c=0;firstObs=true;slotOn=true;inWindow=false;time_close=07-26 22:09
2026-07-26T22:06:00.000+01:00,DIAG-CLOSE;EURJPY;s=1;prev=-1;c=0;firstObs=true;slotOn=true;inWindow=false;time_close=07-26 22:09
2026-07-26T22:06:00.000+01:00,DIAG-CLOSE;EURJPY;s=2;prev=-1;c=0;firstObs=true;slotOn=true;inWindow=false;time_close=07-26 22:09
2026-07-26T22:06:00.000+01:00,DIAG-CLOSE;EURJPY;s=3;prev=-1;c=0;firstObs=true;slotOn=true;inWindow=false;time_close=07-26 22:09
2026-07-26T22:06:00.000+01:00,DIAG-CLOSE;EURJPY;s=4;prev=-1;c=0;firstObs=true;slotOn=true;inWindow=false;time_close=07-26 22:09
2026-07-26T22:06:00.000+01:00,DIAG-CLOSE;EURJPY;s=5;prev=-1;c=0;firstObs=true;slotOn=true;inWindow=false;time_close=07-26 22:09
2026-07-26T22:06:00.000+01:00,DIAG-CLOSE;EURJPY;s=6;prev=-1;c=0;firstObs=true;slotOn=true;inWindow=false;time_close=07-26 22:09
2026-07-26T22:06:00.000+01:00,DIAG-CLOSE;EURJPY;s=7;prev=-1;c=0;firstObs=true;slotOn=true;inWindow=false;time_close=07-26 22:09
2026-07-26T22:06:00.000+01:00,DIAG-CLOSE;EURCAD;s=0;prev=-1;c=0;firstObs=true;slotOn=true;inWindow=false;time_close=07-26 22:09
2026-07-26T22:06:00.000+01:00,DIAG-CLOSE;EURCAD;s=1;prev=-1;c=0;firstObs=true;slotOn=true;inWindow=false;time_close=07-26 22:09
2026-07-26T22:06:00.000+01:00,DIAG-CLOSE;EURCAD;s=2;prev=-1;c=0;firstObs=true;slotOn=true;inWindow=false;time_close=07-26 22:09
2026-07-26T22:06:00.000+01:00,DIAG-CLOSE;EURCAD;s=3;prev=-1;c=0;firstObs=true;slotOn=true;inWindow=false;time_close=07-26 22:09
2026-07-26T22:06:00.000+01:00,DIAG-CLOSE;EURCAD;s=4;prev=-1;c=0;firstObs=true;slotOn=true;inWindow=false;time_close=07-26 22:09
2026-07-26T22:06:00.000+01:00,DIAG-CLOSE;EURCAD;s=5;prev=-1;c=0;firstObs=true;slotOn=true;inWindow=false;time_close=07-26 22:09
2026-07-26T22:06:00.000+01:00,DIAG-CLOSE;EURCAD;s=6;prev=-1;c=0;firstObs=true;slotOn=true;inWindow=false;time_close=07-26 22:09
2026-07-26T22:06:00.000+01:00,DIAG-CLOSE;EURCAD;s=7;prev=-1;c=0;firstObs=true;slotOn=true;inWindow=false;time_close=07-26 22:09
2026-07-26T22:06:00.000+01:00,DIAG-CLOSE;CADCHF;s=0;prev=-1;c=0;firstObs=true;slotOn=true;inWindow=false;time_close=07-26 22:09
2026-07-26T22:06:00.000+01:00,DIAG-CLOSE;CADCHF;s=1;prev=-1;c=0;firstObs=true;slotOn=true;inWindow=false;time_close=07-26 22:09
2026-07-26T22:06:00.000+01:00,DIAG-CLOSE;CADCHF;s=2;prev=-1;c=0;firstObs=true;slotOn=true;inWindow=false;time_close=07-26 22:09
2026-07-26T22:06:00.000+01:00,DIAG-CLOSE;CADCHF;s=3;prev=-1;c=0;firstObs=true;slotOn=true;inWindow=false;time_close=07-26 22:09
2026-07-26T22:06:00.000+01:00,DIAG-CLOSE;CADCHF;s=4;prev=-1;c=0;firstObs=true;slotOn=true;inWindow=false;time_close=07-26 22:09
2026-07-26T22:06:00.000+01:00,DIAG-CLOSE;CADCHF;s=5;prev=-1;c=0;firstObs=true;slotOn=true;inWindow=false;time_close=07-26 22:09
2026-07-26T22:06:00.000+01:00,DIAG-CLOSE;CADCHF;s=6;prev=-1;c=0;firstObs=true;slotOn=true;inWindow=false;time_close=07-26 22:09
2026-07-26T22:06:00.000+01:00,DIAG-CLOSE;CADCHF;s=7;prev=-1;c=0;firstObs=true;slotOn=true;inWindow=false;time_close=07-26 22:09
2026-07-26T22:06:00.000+01:00,DIAG-CLOSE;CADJPY;s=0;prev=-1;c=0;firstObs=true;slotOn=true;inWindow=false;time_close=07-26 22:09
2026-07-26T22:06:00.000+01:00,DIAG-CLOSE;CADJPY;s=1;prev=-1;c=0;firstObs=true;slotOn=true;inWindow=false;time_close=07-26 22:09
2026-07-26T22:06:00.000+01:00,DIAG-CLOSE;CADJPY;s=2;prev=-1;c=0;firstObs=true;slotOn=true;inWindow=false;time_close=07-26 22:09
2026-07-26T22:06:00.000+01:00,DIAG-CLOSE;CADJPY;s=3;prev=-1;c=0;firstObs=true;slotOn=true;inWindow=false;time_close=07-26 22:09
2026-07-26T22:06:00.000+01:00,DIAG-CLOSE;CADJPY;s=4;prev=-1;c=0;firstObs=true;slotOn=true;inWindow=false;time_close=07-26 22:09
2026-07-26T22:06:00.000+01:00,DIAG-CLOSE;CADJPY;s=5;prev=-1;c=0;firstObs=true;slotOn=true;inWindow=false;time_close=07-26 22:09
2026-07-26T22:06:00.000+01:00,DIAG-CLOSE;CADJPY;s=6;prev=-1;c=0;firstObs=true;slotOn=true;inWindow=false;time_close=07-26 22:09
2026-07-26T22:06:00.000+01:00,DIAG-CLOSE;CADJPY;s=7;prev=-1;c=0;firstObs=true;slotOn=true;inWindow=false;time_close=07-26 22:09
2026-07-26T22:09:00.000+01:00,DIAG-CLOSE;EURAUD;s=0;prev=-1;c=0;firstObs=true;slotOn=true;inWindow=false;time_close=07-26 22:12
2026-07-26T22:09:00.000+01:00,DIAG-CLOSE;EURAUD;s=1;prev=-1;c=0;firstObs=true;slotOn=true;inWindow=false;time_close=07-26 22:12
2026-07-26T22:09:00.000+01:00,DIAG-CLOSE;EURAUD;s=2;prev=-1;c=0;firstObs=true;slotOn=true;inWindow=false;time_close=07-26 22:12
2026-07-26T22:09:00.000+01:00,DIAG-CLOSE;EURAUD;s=3;prev=-1;c=0;firstObs=true;slotOn=true;inWindow=false;time_close=07-26 22:12
2026-07-26T22:09:00.000+01:00,DIAG-CLOSE;EURAUD;s=4;prev=-1;c=0;firstObs=true;slotOn=true;inWindow=false;time_close=07-26 22:12
2026-07-26T22:09:00.000+01:00,DIAG-CLOSE;EURAUD;s=5;prev=-1;c=0;firstObs=true;slotOn=true;inWindow=false;time_close=07-26 22:12
2026-07-26T22:09:00.000+01:00,DIAG-CLOSE;EURAUD;s=6;prev=-1;c=0;firstObs=true;slotOn=true;inWindow=false;time_close=07-26 22:12
2026-07-26T22:09:00.000+01:00,DIAG-CLOSE;EURAUD;s=7;prev=-1;c=0;firstObs=true;slotOn=true;inWindow=false;time_close=07-26 22:12
2026-07-26T22:09:00.000+01:00,DIAG-CLOSE;GBPCHF;s=0;prev=-1;c=0;firstObs=true;slotOn=true;inWindow=false;time_close=07-26 22:12
2026-07-26T22:09:00.000+01:00,DIAG-CLOSE;GBPCHF;s=1;prev=-1;c=0;firstObs=true;slotOn=true;inWindow=false;time_close=07-26 22:12
2026-07-26T22:09:00.000+01:00,DIAG-CLOSE;GBPCHF;s=2;prev=-1;c=0;firstObs=true;slotOn=true;inWindow=false;time_close=07-26 22:12
2026-07-26T22:09:00.000+01:00,DIAG-CLOSE;GBPCHF;s=3;prev=-1;c=0;firstObs=true;slotOn=true;inWindow=false;time_close=07-26 22:12
2026-07-26T22:09:00.000+01:00,DIAG-CLOSE;GBPCHF;s=4;prev=-1;c=0;firstObs=true;slotOn=true;inWindow=false;time_close=07-26 22:12
2026-07-26T22:09:00.000+01:00,DIAG-CLOSE;GBPCHF;s=5;prev=-1;c=0;firstObs=true;slotOn=true;inWindow=false;time_close=07-26 22:12
2026-07-26T22:09:00.000+01:00,DIAG-CLOSE;GBPCHF;s=6;prev=-1;c=0;firstObs=true;slotOn=true;inWindow=false;time_close=07-26 22:12
2026-07-26T22:09:00.000+01:00,DIAG-CLOSE;GBPCHF;s=7;prev=-1;c=0;firstObs=true;slotOn=true;inWindow=false;time_close=07-26 22:12
2026-07-26T22:09:00.000+01:00,DIAG-CLOSE;GBPCAD;s=0;prev=-1;c=0;firstObs=true;slotOn=true;inWindow=false;time_close=07-26 22:12
2026-07-26T22:09:00.000+01:00,DIAG-CLOSE;GBPCAD;s=1;prev=-1;c=0;firstObs=true;slotOn=true;inWindow=false;time_close=07-26 22:12
2026-07-26T22:09:00.000+01:00,DIAG-CLOSE;GBPCAD;s=2;prev=-1;c=0;firstObs=true;slotOn=true;inWindow=false;time_close=07-26 22:12
2026-07-26T22:09:00.000+01:00,DIAG-CLOSE;GBPCAD;s=3;prev=-1;c=0;firstObs=true;slotOn=true;inWindow=false;time_close=07-26 22:12
2026-07-26T22:09:00.000+01:00,DIAG-CLOSE;GBPCAD;s=4;prev=-1;c=0;firstObs=true;slotOn=true;inWindow=false;time_close=07-26 22:12
2026-07-26T22:09:00.000+01:00,DIAG-CLOSE;GBPCAD;s=5;prev=-1;c=0;firstObs=true;slotOn=true;inWindow=false;time_close=07-26 22:12
2026-07-26T22:09:00.000+01:00,DIAG-CLOSE;GBPCAD;s=6;prev=-1;c=0;firstObs=true;slotOn=true;inWindow=false;time_close=07-26 22:12
2026-07-26T22:09:00.000+01:00,DIAG-CLOSE;GBPCAD;s=7;prev=-1;c=0;firstObs=true;slotOn=true;inWindow=false;time_close=07-26 22:12
2026-07-26T22:09:00.000+01:00,DIAG-CLOSE;CHFJPY;s=0;prev=-1;c=0;firstObs=true;slotOn=true;inWindow=false;time_close=07-26 22:12
2026-07-26T22:09:00.000+01:00,DIAG-CLOSE;CHFJPY;s=1;prev=-1;c=0;firstObs=true;slotOn=true;inWindow=false;time_close=07-26 22:12
2026-07-26T22:09:00.000+01:00,DIAG-CLOSE;CHFJPY;s=2;prev=-1;c=0;firstObs=true;slotOn=true;inWindow=false;time_close=07-26 22:12
2026-07-26T22:09:00.000+01:00,DIAG-CLOSE;CHFJPY;s=3;prev=-1;c=0;firstObs=true;slotOn=true;inWindow=false;time_close=07-26 22:12
2026-07-26T22:09:00.000+01:00,DIAG-CLOSE;CHFJPY;s=4;prev=-1;c=0;firstObs=true;slotOn=true;inWindow=false;time_close=07-26 22:12
2026-07-26T22:09:00.000+01:00,DIAG-CLOSE;CHFJPY;s=5;prev=-1;c=0;firstObs=true;slotOn=true;inWindow=false;time_close=07-26 22:12
2026-07-26T22:09:00.000+01:00,DIAG-CLOSE;CHFJPY;s=6;prev=-1;c=0;firstObs=true;slotOn=true;inWindow=false;time_close=07-26 22:12
2026-07-26T22:09:00.000+01:00,DIAG-CLOSE;CHFJPY;s=7;prev=-1;c=0;firstObs=true;slotOn=true;inWindow=false;time_close=07-26 22:12
2026-07-26T22:09:00.000+01:00,DIAG-CLOSE;AUDCHF;s=0;prev=-1;c=0;firstObs=true;slotOn=true;inWindow=false;time_close=07-26 22:12
2026-07-26T22:09:00.000+01:00,DIAG-CLOSE;AUDCHF;s=1;prev=-1;c=0;firstObs=true;slotOn=true;inWindow=false;time_close=07-26 22:12
2026-07-26T22:09:00.000+01:00,DIAG-CLOSE;AUDCHF;s=2;prev=-1;c=0;firstObs=true;slotOn=true;inWindow=false;time_close=07-26 22:12
2026-07-26T22:09:00.000+01:00,DIAG-CLOSE;AUDCHF;s=3;prev=-1;c=0;firstObs=true;slotOn=true;inWindow=false;time_close=07-26 22:12
2026-07-26T22:09:00.000+01:00,DIAG-CLOSE;AUDCHF;s=4;prev=-1;c=0;firstObs=true;slotOn=true;inWindow=false;time_close=07-26 22:12
2026-07-26T22:09:00.000+01:00,DIAG-CLOSE;AUDCHF;s=5;prev=-1;c=0;firstObs=true;slotOn=true;inWindow=false;time_close=07-26 22:12
2026-07-26T22:09:00.000+01:00,DIAG-CLOSE;AUDCHF;s=6;prev=-1;c=0;firstObs=true;slotOn=true;inWindow=false;time_close=07-26 22:12
2026-07-26T22:09:00.000+01:00,DIAG-CLOSE;AUDCHF;s=7;prev=-1;c=0;firstObs=true;slotOn=true;inWindow=false;time_close=07-26 22:12
2026-07-26T22:15:00.000+01:00,DIAG-CLOSE;AUDJPY;s=0;prev=-1;c=0;firstObs=true;slotOn=true;inWindow=false;time_close=07-26 22:18
2026-07-26T22:15:00.000+01:00,DIAG-CLOSE;AUDJPY;s=1;prev=-1;c=0;firstObs=true;slotOn=true;inWindow=false;time_close=07-26 22:18
2026-07-26T22:15:00.000+01:00,DIAG-CLOSE;AUDJPY;s=2;prev=-1;c=0;firstObs=true;slotOn=true;inWindow=false;time_close=07-26 22:18
2026-07-26T22:15:00.000+01:00,DIAG-CLOSE;AUDJPY;s=3;prev=-1;c=0;firstObs=true;slotOn=true;inWindow=false;time_close=07-26 22:18
2026-07-26T22:15:00.000+01:00,DIAG-CLOSE;AUDJPY;s=4;prev=-1;c=0;firstObs=true;slotOn=true;inWindow=false;time_close=07-26 22:18
2026-07-26T22:15:00.000+01:00,DIAG-CLOSE;AUDJPY;s=5;prev=-1;c=0;firstObs=true;slotOn=true;inWindow=false;time_close=07-26 22:18
2026-07-26T22:15:00.000+01:00,DIAG-CLOSE;AUDJPY;s=6;prev=-1;c=0;firstObs=true;slotOn=true;inWindow=false;time_close=07-26 22:18
2026-07-26T22:15:00.000+01:00,DIAG-CLOSE;AUDJPY;s=7;prev=-1;c=0;firstObs=true;slotOn=true;inWindow=false;time_close=07-26 22:18
2026-07-26T22:18:00.000+01:00,DIAG-CLOSE;GBPUSD;s=0;prev=-1;c=0;firstObs=true;slotOn=true;inWindow=false;time_close=07-26 22:21
2026-07-26T22:18:00.000+01:00,DIAG-CLOSE;GBPUSD;s=1;prev=-1;c=0;firstObs=true;slotOn=true;inWindow=false;time_close=07-26 22:21
2026-07-26T22:18:00.000+01:00,DIAG-CLOSE;GBPUSD;s=2;prev=-1;c=0;firstObs=true;slotOn=true;inWindow=false;time_close=07-26 22:21
2026-07-26T22:18:00.000+01:00,DIAG-CLOSE;GBPUSD;s=3;prev=-1;c=0;firstObs=true;slotOn=true;inWindow=false;time_close=07-26 22:21
2026-07-26T22:18:00.000+01:00,DIAG-CLOSE;GBPUSD;s=4;prev=-1;c=0;firstObs=true;slotOn=true;inWindow=false;time_close=07-26 22:21
2026-07-26T22:18:00.000+01:00,DIAG-CLOSE;GBPUSD;s=5;prev=-1;c=0;firstObs=true;slotOn=true;inWindow=false;time_close=07-26 22:21
2026-07-26T22:18:00.000+01:00,DIAG-CLOSE;GBPUSD;s=6;prev=-1;c=0;firstObs=true;slotOn=true;inWindow=false;time_close=07-26 22:21
2026-07-26T22:18:00.000+01:00,DIAG-CLOSE;GBPUSD;s=7;prev=-1;c=0;firstObs=true;slotOn=true;inWindow=false;time_close=07-26 22:21
2026-07-26T22:18:00.000+01:00,DIAG-CLOSE;GBPJPY;s=0;prev=-1;c=0;firstObs=true;slotOn=true;inWindow=false;time_close=07-26 22:21
2026-07-26T22:18:00.000+01:00,DIAG-CLOSE;GBPJPY;s=1;prev=-1;c=0;firstObs=true;slotOn=true;inWindow=false;time_close=07-26 22:21
2026-07-26T22:18:00.000+01:00,DIAG-CLOSE;GBPJPY;s=2;prev=-1;c=0;firstObs=true;slotOn=true;inWindow=false;time_close=07-26 22:21
2026-07-26T22:18:00.000+01:00,DIAG-CLOSE;GBPJPY;s=3;prev=-1;c=0;firstObs=true;slotOn=true;inWindow=false;time_close=07-26 22:21
2026-07-26T22:18:00.000+01:00,DIAG-CLOSE;GBPJPY;s=4;prev=-1;c=0;firstObs=true;slotOn=true;inWindow=false;time_close=07-26 22:21
2026-07-26T22:18:00.000+01:00,DIAG-CLOSE;GBPJPY;s=5;prev=-1;c=0;firstObs=true;slotOn=true;inWindow=false;time_close=07-26 22:21
2026-07-26T22:18:00.000+01:00,DIAG-CLOSE;GBPJPY;s=6;prev=-1;c=0;firstObs=true;slotOn=true;inWindow=false;time_close=07-26 22:21
2026-07-26T22:18:00.000+01:00,DIAG-CLOSE;GBPJPY;s=7;prev=-1;c=0;firstObs=true;slotOn=true;inWindow=false;time_close=07-26 22:21
2026-07-26T22:18:00.000+01:00,DIAG-CLOSE;AUDCAD;s=0;prev=-1;c=0;firstObs=true;slotOn=true;inWindow=false;time_close=07-26 22:21
2026-07-26T22:18:00.000+01:00,DIAG-CLOSE;AUDCAD;s=1;prev=-1;c=0;firstObs=true;slotOn=true;inWindow=false;time_close=07-26 22:21
2026-07-26T22:18:00.000+01:00,DIAG-CLOSE;AUDCAD;s=2;prev=-1;c=0;firstObs=true;slotOn=true;inWindow=false;time_close=07-26 22:21
2026-07-26T22:18:00.000+01:00,DIAG-CLOSE;AUDCAD;s=3;prev=-1;c=0;firstObs=true;slotOn=true;inWindow=false;time_close=07-26 22:21
2026-07-26T22:18:00.000+01:00,DIAG-CLOSE;AUDCAD;s=4;prev=-1;c=0;firstObs=true;slotOn=true;inWindow=false;time_close=07-26 22:21
2026-07-26T22:18:00.000+01:00,DIAG-CLOSE;AUDCAD;s=5;prev=-1;c=0;firstObs=true;slotOn=true;inWindow=false;time_close=07-26 22:21
2026-07-26T22:18:00.000+01:00,DIAG-CLOSE;AUDCAD;s=6;prev=-1;c=0;firstObs=true;slotOn=true;inWindow=false;time_close=07-26 22:21
2026-07-26T22:18:00.000+01:00,DIAG-CLOSE;AUDCAD;s=7;prev=-1;c=0;firstObs=true;slotOn=true;inWindow=false;time_close=07-26 22:21
2026-07-26T22:21:00.000+01:00,DIAG-CLOSE;GBPAUD;s=0;prev=-1;c=0;firstObs=true;slotOn=true;inWindow=false;time_close=07-26 22:24
2026-07-26T22:21:00.000+01:00,DIAG-CLOSE;GBPAUD;s=1;prev=-1;c=0;firstObs=true;slotOn=true;inWindow=false;time_close=07-26 22:24
2026-07-26T22:21:00.000+01:00,DIAG-CLOSE;GBPAUD;s=2;prev=-1;c=0;firstObs=true;slotOn=true;inWindow=false;time_close=07-26 22:24
2026-07-26T22:21:00.000+01:00,DIAG-CLOSE;GBPAUD;s=3;prev=-1;c=0;firstObs=true;slotOn=true;inWindow=false;time_close=07-26 22:24
2026-07-26T22:21:00.000+01:00,DIAG-CLOSE;GBPAUD;s=4;prev=-1;c=0;firstObs=true;slotOn=true;inWindow=false;time_close=07-26 22:24
2026-07-26T22:21:00.000+01:00,DIAG-CLOSE;GBPAUD;s=5;prev=-1;c=0;firstObs=true;slotOn=true;inWindow=false;time_close=07-26 22:24
2026-07-26T22:21:00.000+01:00,DIAG-CLOSE;GBPAUD;s=6;prev=-1;c=0;firstObs=true;slotOn=true;inWindow=false;time_close=07-26 22:24
2026-07-26T22:21:00.000+01:00,DIAG-CLOSE;GBPAUD;s=7;prev=-1;c=0;firstObs=true;slotOn=true;inWindow=false;time_close=07-26 22:24
2026-07-27T10:06:00.000+01:00,DIAG-CLOSE;EURCAD;s=0;prev=0;c=1;firstObs=false;slotOn=true;inWindow=false;time_close=07-27 10:09
2026-07-27T11:48:00.000+01:00,DIAG-CLOSE;EURJPY;s=0;prev=0;c=1;firstObs=false;slotOn=true;inWindow=false;time_close=07-27 11:51
2026-07-27T11:48:00.000+01:00,DIAG-CLOSE;AUDJPY;s=1;prev=0;c=1;firstObs=false;slotOn=true;inWindow=false;time_close=07-27 11:51
2026-07-27T12:15:00.000+01:00,DIAG-CLOSE;GBPCHF;s=1;prev=0;c=1;firstObs=false;slotOn=true;inWindow=false;time_close=07-27 12:18
2026-07-27T12:15:00.000+01:00,DIAG-CLOSE;GBPCHF;s=2;prev=0;c=1;firstObs=false;slotOn=true;inWindow=false;time_close=07-27 12:18
2026-07-27T12:18:00.000+01:00,DIAG-CLOSE;EURUSD;s=1;prev=0;c=1;firstObs=false;slotOn=true;inWindow=false;time_close=07-27 12:21
2026-07-27T12:24:00.000+01:00,DIAG-CLOSE;GBPUSD;s=1;prev=0;c=1;firstObs=false;slotOn=true;inWindow=false;time_close=07-27 12:27
2026-07-27T12:24:00.000+01:00,DIAG-CLOSE;GBPUSD;s=2;prev=0;c=1;firstObs=false;slotOn=true;inWindow=false;time_close=07-27 12:27
2026-07-27T13:00:00.000+01:00,DIAG-CLOSE;EURCHF;s=0;prev=0;c=1;firstObs=false;slotOn=true;inWindow=false;time_close=07-27 13:03
2026-07-27T13:00:00.000+01:00,DIAG-CLOSE;EURCHF;s=1;prev=0;c=1;firstObs=false;slotOn=true;inWindow=false;time_close=07-27 13:03
2026-07-27T14:45:00.000+01:00,DIAG-CLOSE;EURGBP;s=0;prev=0;c=1;firstObs=false;slotOn=true;inWindow=false;time_close=07-27 14:48
2026-07-27T14:45:00.000+01:00,DIAG-CLOSE;EURGBP;s=1;prev=0;c=1;firstObs=false;slotOn=true;inWindow=false;time_close=07-27 14:48
2026-07-27T14:45:00.000+01:00,DIAG-CLOSE;EURAUD;s=0;prev=0;c=1;firstObs=false;slotOn=true;inWindow=false;time_close=07-27 14:48
2026-07-27T14:45:00.000+01:00,DIAG-CLOSE;EURAUD;s=1;prev=0;c=1;firstObs=false;slotOn=true;inWindow=false;time_close=07-27 14:48
2026-07-27T14:45:00.000+01:00,DIAG-CLOSE;EURAUD;s=2;prev=0;c=1;firstObs=false;slotOn=true;inWindow=false;time_close=07-27 14:48
2026-07-27T14:45:00.000+01:00,DIAG-CLOSE;EURAUD;s=3;prev=0;c=1;firstObs=false;slotOn=true;inWindow=false;time_close=07-27 14:48
2026-07-27T14:45:00.000+01:00,DIAG-CLOSE;EURAUD;s=4;prev=0;c=1;firstObs=false;slotOn=true;inWindow=false;time_close=07-27 14:48
2026-07-27T14:45:00.000+01:00,DIAG-CLOSE;EURAUD;s=5;prev=0;c=1;firstObs=false;slotOn=true;inWindow=false;time_close=07-27 14:48
2026-07-27T14:45:00.000+01:00,DIAG-CLOSE;EURAUD;s=7;prev=0;c=1;firstObs=false;slotOn=true;inWindow=false;time_close=07-27 14:48
2026-07-27T14:57:00.000+01:00,DIAG-CLOSE;USDCAD;s=0;prev=0;c=1;firstObs=false;slotOn=true;inWindow=false;time_close=07-27 15:00
2026-07-27T14:57:00.000+01:00,DIAG-CLOSE;USDCAD;s=1;prev=0;c=1;firstObs=false;slotOn=true;inWindow=false;time_close=07-27 15:00
2026-07-27T15:27:00.000+01:00,DIAG-CLOSE;CADJPY;s=1;prev=0;c=1;firstObs=false;slotOn=true;inWindow=false;time_close=07-27 15:30
2026-07-27T15:39:00.000+01:00,DIAG-CLOSE;AUDJPY;s=0;prev=0;c=1;firstObs=false;slotOn=true;inWindow=false;time_close=07-27 15:42
2026-07-27T15:48:00.000+01:00,DIAG-CLOSE;GBPUSD;s=0;prev=0;c=1;firstObs=false;slotOn=true;inWindow=false;time_close=07-27 15:51
2026-07-27T15:48:00.000+01:00,DIAG-CLOSE;GBPUSD;s=3;prev=0;c=1;firstObs=false;slotOn=true;inWindow=false;time_close=07-27 15:51
2026-07-27T16:09:00.000+01:00,DIAG-CLOSE;GBPCAD;s=0;prev=0;c=1;firstObs=false;slotOn=true;inWindow=false;time_close=07-27 16:12
2026-07-27T16:09:00.000+01:00,DIAG-CLOSE;GBPCAD;s=1;prev=0;c=1;firstObs=false;slotOn=true;inWindow=false;time_close=07-27 16:12
2026-07-27T16:42:00.000+01:00,DIAG-CLOSE;EURGBP;s=1;prev=1;c=2;firstObs=false;slotOn=true;inWindow=false;time_close=07-27 16:45
2026-07-27T16:42:00.000+01:00,DIAG-CLOSE;EURGBP;s=2;prev=0;c=1;firstObs=false;slotOn=true;inWindow=false;time_close=07-27 16:45
2026-07-27T16:42:00.000+01:00,DIAG-CLOSE;EURGBP;s=4;prev=0;c=1;firstObs=false;slotOn=true;inWindow=false;time_close=07-27 16:45
2026-07-27T16:51:00.000+01:00,DIAG-CLOSE;EURGBP;s=0;prev=1;c=2;firstObs=false;slotOn=true;inWindow=false;time_close=07-27 16:54
2026-07-27T17:06:00.000+01:00,DIAG-CLOSE;CADCHF;s=0;prev=0;c=1;firstObs=false;slotOn=true;inWindow=false;time_close=07-27 17:09
2026-07-27T17:06:00.000+01:00,DIAG-CLOSE;CADCHF;s=1;prev=0;c=1;firstObs=false;slotOn=true;inWindow=false;time_close=07-27 17:09
2026-07-27T17:36:00.000+01:00,DIAG-CLOSE;GBPCHF;s=0;prev=0;c=1;firstObs=false;slotOn=true;inWindow=false;time_close=07-27 17:39
2026-07-27T17:36:00.000+01:00,DIAG-CLOSE;GBPCHF;s=1;prev=1;c=2;firstObs=false;slotOn=true;inWindow=false;time_close=07-27 17:39
2026-07-27T17:42:00.000+01:00,DIAG-CLOSE;EURCAD;s=0;prev=1;c=2;firstObs=false;slotOn=true;inWindow=false;time_close=07-27 17:45
2026-07-27T17:45:00.000+01:00,DIAG-CLOSE;GBPAUD;s=1;prev=0;c=1;firstObs=false;slotOn=true;inWindow=false;time_close=07-27 17:48
2026-07-27T17:45:00.000+01:00,DIAG-CLOSE;GBPAUD;s=5;prev=0;c=1;firstObs=false;slotOn=true;inWindow=false;time_close=07-27 17:48
2026-07-27T18:09:00.000+01:00,DIAG-CLOSE;EURUSD;s=1;prev=1;c=2;firstObs=false;slotOn=true;inWindow=false;time_close=07-27 18:12
2026-07-27T18:09:00.000+01:00,DIAG-CLOSE;USDJPY;s=1;prev=0;c=1;firstObs=false;slotOn=true;inWindow=false;time_close=07-27 18:12
2026-07-27T18:09:00.000+01:00,DIAG-CLOSE;USDJPY;s=5;prev=0;c=1;firstObs=false;slotOn=true;inWindow=false;time_close=07-27 18:12
2026-07-27T18:15:00.000+01:00,DIAG-CLOSE;EURAUD;s=0;prev=1;c=2;firstObs=false;slotOn=true;inWindow=false;time_close=07-27 18:18
2026-07-27T18:15:00.000+01:00,DIAG-CLOSE;EURAUD;s=1;prev=1;c=2;firstObs=false;slotOn=true;inWindow=false;time_close=07-27 18:18
2026-07-27T18:15:00.000+01:00,DIAG-CLOSE;EURAUD;s=2;prev=1;c=2;firstObs=false;slotOn=true;inWindow=false;time_close=07-27 18:18
2026-07-27T18:15:00.000+01:00,DIAG-CLOSE;EURAUD;s=3;prev=1;c=2;firstObs=false;slotOn=true;inWindow=false;time_close=07-27 18:18
2026-07-27T18:15:00.000+01:00,DIAG-CLOSE;EURAUD;s=4;prev=1;c=2;firstObs=false;slotOn=true;inWindow=false;time_close=07-27 18:18
2026-07-27T18:15:00.000+01:00,DIAG-CLOSE;EURAUD;s=5;prev=1;c=2;firstObs=false;slotOn=true;inWindow=false;time_close=07-27 18:18
2026-07-27T18:15:00.000+01:00,DIAG-CLOSE;EURAUD;s=7;prev=1;c=2;firstObs=false;slotOn=true;inWindow=false;time_close=07-27 18:18
2026-07-27T18:15:00.000+01:00,DIAG-CLOSE;AUDCAD;s=0;prev=0;c=1;firstObs=false;slotOn=true;inWindow=false;time_close=07-27 18:18
2026-07-27T18:15:00.000+01:00,DIAG-CLOSE;AUDCAD;s=1;prev=0;c=1;firstObs=false;slotOn=true;inWindow=false;time_close=07-27 18:18
2026-07-27T18:15:00.000+01:00,DIAG-CLOSE;AUDCAD;s=2;prev=0;c=1;firstObs=false;slotOn=true;inWindow=false;time_close=07-27 18:18
2026-07-27T18:15:00.000+01:00,DIAG-CLOSE;AUDCAD;s=3;prev=0;c=1;firstObs=false;slotOn=true;inWindow=false;time_close=07-27 18:18
2026-07-27T18:36:00.000+01:00,DIAG-CLOSE;USDJPY;s=0;prev=0;c=1;firstObs=false;slotOn=true;inWindow=false;time_close=07-27 18:39
2026-07-27T18:39:00.000+01:00,DIAG-CLOSE;EURCHF;s=0;prev=1;c=2;firstObs=false;slotOn=true;inWindow=false;time_close=07-27 18:42
2026-07-27T18:39:00.000+01:00,DIAG-CLOSE;EURCHF;s=1;prev=1;c=2;firstObs=false;slotOn=true;inWindow=false;time_close=07-27 18:42
2026-07-27T18:39:00.000+01:00,DIAG-CLOSE;EURCHF;s=2;prev=0;c=1;firstObs=false;slotOn=true;inWindow=false;time_close=07-27 18:42
2026-07-27T18:39:00.000+01:00,DIAG-CLOSE;EURCHF;s=3;prev=0;c=1;firstObs=false;slotOn=true;inWindow=false;time_close=07-27 18:42
2026-07-27T18:39:00.000+01:00,DIAG-CLOSE;EURCHF;s=4;prev=0;c=1;firstObs=false;slotOn=true;inWindow=false;time_close=07-27 18:42
2026-07-27T18:39:00.000+01:00,DIAG-CLOSE;EURCHF;s=5;prev=0;c=1;firstObs=false;slotOn=true;inWindow=false;time_close=07-27 18:42
2026-07-27T18:39:00.000+01:00,DIAG-CLOSE;AUDCHF;s=0;prev=0;c=1;firstObs=false;slotOn=true;inWindow=false;time_close=07-27 18:42
2026-07-27T18:39:00.000+01:00,DIAG-CLOSE;AUDCHF;s=1;prev=0;c=1;firstObs=false;slotOn=true;inWindow=false;time_close=07-27 18:42
2026-07-27T18:39:00.000+01:00,DIAG-CLOSE;AUDCHF;s=2;prev=0;c=1;firstObs=false;slotOn=true;inWindow=false;time_close=07-27 18:42
2026-07-27T18:39:00.000+01:00,DIAG-CLOSE;AUDCHF;s=3;prev=0;c=1;firstObs=false;slotOn=true;inWindow=false;time_close=07-27 18:42
2026-07-27T18:39:00.000+01:00,DIAG-CLOSE;AUDCHF;s=6;prev=0;c=1;firstObs=false;slotOn=true;inWindow=false;time_close=07-27 18:42
2026-07-28T08:42:00.000+01:00,DIAG-CLOSE;EURCAD;s=1;prev=0;c=1;firstObs=false;slotOn=true;inWindow=false;time_close=07-28 08:45
2026-07-28T08:42:00.000+01:00,DIAG-CLOSE;CADCHF;s=0;prev=1;c=2;firstObs=false;slotOn=true;inWindow=false;time_close=07-28 08:45
2026-07-28T08:42:00.000+01:00,DIAG-CLOSE;CADCHF;s=1;prev=1;c=2;firstObs=false;slotOn=true;inWindow=false;time_close=07-28 08:45
2026-07-28T08:42:00.000+01:00,DIAG-CLOSE;CADCHF;s=2;prev=0;c=1;firstObs=false;slotOn=true;inWindow=false;time_close=07-28 08:45
2026-07-28T08:57:00.000+01:00,DIAG-CLOSE;USDCHF;s=0;prev=0;c=1;firstObs=false;slotOn=true;inWindow=false;time_close=07-28 09:00
2026-07-28T08:57:00.000+01:00,DIAG-CLOSE;USDCHF;s=1;prev=0;c=1;firstObs=false;slotOn=true;inWindow=false;time_close=07-28 09:00
2026-07-28T08:57:00.000+01:00,DIAG-CLOSE;USDCHF;s=2;prev=0;c=1;firstObs=false;slotOn=true;inWindow=false;time_close=07-28 09:00
2026-07-28T08:57:00.000+01:00,DIAG-CLOSE;USDCHF;s=3;prev=0;c=1;firstObs=false;slotOn=true;inWindow=false;time_close=07-28 09:00
2026-07-28T09:09:00.000+01:00,DIAG-CLOSE;USDJPY;s=1;prev=1;c=2;firstObs=false;slotOn=true;inWindow=false;time_close=07-28 09:12
2026-07-28T09:09:00.000+01:00,DIAG-CLOSE;USDJPY;s=2;prev=0;c=1;firstObs=false;slotOn=true;inWindow=false;time_close=07-28 09:12
2026-07-28T09:12:00.000+01:00,DIAG-CLOSE;USDJPY;s=0;prev=1;c=2;firstObs=false;slotOn=true;inWindow=false;time_close=07-28 09:15
2026-07-28T09:12:00.000+01:00,DIAG-CLOSE;USDJPY;s=3;prev=0;c=1;firstObs=false;slotOn=true;inWindow=false;time_close=07-28 09:15
2026-07-28T09:27:00.000+01:00,DIAG-CLOSE;EURJPY;s=0;prev=1;c=2;firstObs=false;slotOn=true;inWindow=false;time_close=07-28 09:30
2026-07-28T09:27:00.000+01:00,DIAG-CLOSE;EURJPY;s=1;prev=0;c=1;firstObs=false;slotOn=true;inWindow=false;time_close=07-28 09:30
2026-07-28T09:27:00.000+01:00,DIAG-CLOSE;EURJPY;s=2;prev=0;c=1;firstObs=false;slotOn=true;inWindow=false;time_close=07-28 09:30
2026-07-28T09:27:00.000+01:00,DIAG-CLOSE;EURJPY;s=4;prev=0;c=1;firstObs=false;slotOn=true;inWindow=false;time_close=07-28 09:30
2026-07-28T09:27:00.000+01:00,DIAG-CLOSE;EURJPY;s=5;prev=0;c=1;firstObs=false;slotOn=true;inWindow=false;time_close=07-28 09:30
2026-07-28T11:00:00.000+01:00,DIAG-CLOSE;CADJPY;s=1;prev=1;c=2;firstObs=false;slotOn=true;inWindow=false;time_close=07-28 11:03
2026-07-28T11:03:00.000+01:00,DIAG-CLOSE;USDCAD;s=0;prev=1;c=2;firstObs=false;slotOn=true;inWindow=false;time_close=07-28 11:06
2026-07-28T11:03:00.000+01:00,DIAG-CLOSE;USDCAD;s=1;prev=1;c=2;firstObs=false;slotOn=true;inWindow=false;time_close=07-28 11:06
2026-07-28T11:03:00.000+01:00,DIAG-CLOSE;USDCAD;s=2;prev=0;c=1;firstObs=false;slotOn=true;inWindow=false;time_close=07-28 11:06
2026-07-28T11:03:00.000+01:00,DIAG-CLOSE;USDCAD;s=3;prev=0;c=1;firstObs=false;slotOn=true;inWindow=false;time_close=07-28 11:06
2026-07-28T11:03:00.000+01:00,DIAG-CLOSE;USDCAD;s=4;prev=0;c=1;firstObs=false;slotOn=true;inWindow=false;time_close=07-28 11:06
2026-07-28T11:03:00.000+01:00,DIAG-CLOSE;USDCAD;s=5;prev=0;c=1;firstObs=false;slotOn=true;inWindow=false;time_close=07-28 11:06
2026-07-28T11:03:00.000+01:00,DIAG-CLOSE;USDCAD;s=7;prev=0;c=1;firstObs=false;slotOn=true;inWindow=false;time_close=07-28 11:06
2026-07-28T11:12:00.000+01:00,DIAG-CLOSE;EURCHF;s=0;prev=2;c=3;firstObs=false;slotOn=true;inWindow=false;time_close=07-28 11:15
2026-07-28T11:12:00.000+01:00,DIAG-CLOSE;EURCHF;s=1;prev=2;c=3;firstObs=false;slotOn=true;inWindow=false;time_close=07-28 11:15
2026-07-28T11:12:00.000+01:00,DIAG-CLOSE;EURCHF;s=2;prev=1;c=2;firstObs=false;slotOn=true;inWindow=false;time_close=07-28 11:15
2026-07-28T11:12:00.000+01:00,DIAG-CLOSE;EURCHF;s=4;prev=1;c=2;firstObs=false;slotOn=true;inWindow=false;time_close=07-28 11:15
2026-07-28T12:48:00.000+01:00,DIAG-CLOSE;USDCAD;s=0;prev=2;c=3;firstObs=false;slotOn=true;inWindow=false;time_close=07-28 12:51
2026-07-28T12:48:00.000+01:00,DIAG-CLOSE;USDCAD;s=1;prev=2;c=3;firstObs=false;slotOn=true;inWindow=false;time_close=07-28 12:51
2026-07-28T13:12:00.000+01:00,DIAG-CLOSE;AUDCAD;s=1;prev=1;c=2;firstObs=false;slotOn=true;inWindow=false;time_close=07-28 13:15
2026-07-28T13:27:00.000+01:00,DIAG-CLOSE;GBPCAD;s=0;prev=1;c=2;firstObs=false;slotOn=true;inWindow=false;time_close=07-28 13:30
2026-07-28T13:27:00.000+01:00,DIAG-CLOSE;GBPCAD;s=1;prev=1;c=2;firstObs=false;slotOn=true;inWindow=false;time_close=07-28 13:30
2026-07-28T13:27:00.000+01:00,DIAG-CLOSE;GBPCAD;s=3;prev=0;c=1;firstObs=false;slotOn=true;inWindow=false;time_close=07-28 13:30
2026-07-28T14:06:00.000+01:00,DIAG-CLOSE;EURUSD;s=1;prev=2;c=3;firstObs=false;slotOn=true;inWindow=false;time_close=07-28 14:09
2026-07-28T14:45:00.000+01:00,DIAG-CLOSE;EURAUD;s=0;prev=2;c=3;firstObs=false;slotOn=true;inWindow=false;time_close=07-28 14:48
2026-07-28T14:45:00.000+01:00,DIAG-CLOSE;EURAUD;s=1;prev=2;c=3;firstObs=false;slotOn=true;inWindow=false;time_close=07-28 14:48
2026-07-28T14:45:00.000+01:00,DIAG-CLOSE;AUDJPY;s=1;prev=1;c=2;firstObs=false;slotOn=true;inWindow=false;time_close=07-28 14:48
2026-07-28T14:45:00.000+01:00,DIAG-CLOSE;AUDCHF;s=0;prev=1;c=2;firstObs=false;slotOn=true;inWindow=false;time_close=07-28 14:48
2026-07-28T14:45:00.000+01:00,DIAG-CLOSE;AUDCHF;s=1;prev=1;c=2;firstObs=false;slotOn=true;inWindow=false;time_close=07-28 14:48
2026-07-28T14:45:00.000+01:00,DIAG-CLOSE;AUDCHF;s=2;prev=1;c=2;firstObs=false;slotOn=true;inWindow=false;time_close=07-28 14:48
2026-07-28T14:45:00.000+01:00,DIAG-CLOSE;AUDCHF;s=3;prev=1;c=2;firstObs=false;slotOn=true;inWindow=false;time_close=07-28 14:48
2026-07-28T14:45:00.000+01:00,DIAG-CLOSE;AUDCHF;s=4;prev=0;c=1;firstObs=false;slotOn=true;inWindow=false;time_close=07-28 14:48
2026-07-28T14:45:00.000+01:00,DIAG-CLOSE;AUDCHF;s=5;prev=0;c=1;firstObs=false;slotOn=true;inWindow=false;time_close=07-28 14:48
2026-07-28T15:00:00.000+01:00,DIAG-CLOSE;EURJPY;s=0;prev=2;c=3;firstObs=false;slotOn=true;inWindow=false;time_close=07-28 15:03
2026-07-28T15:00:00.000+01:00,DIAG-CLOSE;EURJPY;s=1;prev=1;c=2;firstObs=false;slotOn=true;inWindow=false;time_close=07-28 15:03
2026-07-28T15:00:00.000+01:00,DIAG-CLOSE;EURJPY;s=2;prev=1;c=2;firstObs=false;slotOn=true;inWindow=false;time_close=07-28 15:03
2026-07-28T15:00:00.000+01:00,DIAG-CLOSE;EURJPY;s=3;prev=0;c=1;firstObs=false;slotOn=true;inWindow=false;time_close=07-28 15:03
2026-07-28T15:00:00.000+01:00,DIAG-CLOSE;EURJPY;s=4;prev=1;c=2;firstObs=false;slotOn=true;inWindow=false;time_close=07-28 15:03
2026-07-28T15:00:00.000+01:00,DIAG-CLOSE;EURJPY;s=6;prev=0;c=1;firstObs=false;slotOn=true;inWindow=false;time_close=07-28 15:03
2026-07-28T15:24:00.000+01:00,DIAG-CLOSE;EURGBP;s=1;prev=2;c=3;firstObs=false;slotOn=true;inWindow=false;time_close=07-28 15:27
2026-07-28T15:36:00.000+01:00,DIAG-CLOSE;EURCAD;s=0;prev=2;c=3;firstObs=false;slotOn=true;inWindow=false;time_close=07-28 15:39
2026-07-28T15:36:00.000+01:00,DIAG-CLOSE;EURCAD;s=1;prev=1;c=2;firstObs=false;slotOn=true;inWindow=false;time_close=07-28 15:39
2026-07-28T15:36:00.000+01:00,DIAG-CLOSE;EURCAD;s=2;prev=0;c=1;firstObs=false;slotOn=true;inWindow=false;time_close=07-28 15:39
2026-07-28T15:36:00.000+01:00,DIAG-CLOSE;EURCAD;s=3;prev=0;c=1;firstObs=false;slotOn=true;inWindow=false;time_close=07-28 15:39
2026-07-28T15:42:00.000+01:00,DIAG-CLOSE;EURAUD;s=1;prev=3;c=4;firstObs=false;slotOn=true;inWindow=false;time_close=07-28 15:45
2026-07-28T16:03:00.000+01:00,DIAG-CLOSE;GBPUSD;s=0;prev=1;c=2;firstObs=false;slotOn=true;inWindow=false;time_close=07-28 16:06
2026-07-28T16:03:00.000+01:00,DIAG-CLOSE;GBPUSD;s=1;prev=1;c=2;firstObs=false;slotOn=true;inWindow=false;time_close=07-28 16:06
2026-07-28T16:42:00.000+01:00,DIAG-CLOSE;EURCHF;s=0;prev=3;c=4;firstObs=false;slotOn=true;inWindow=false;time_close=07-28 16:45
2026-07-28T16:42:00.000+01:00,DIAG-CLOSE;AUDJPY;s=0;prev=1;c=2;firstObs=false;slotOn=true;inWindow=false;time_close=07-28 16:45
2026-07-28T16:42:00.000+01:00,DIAG-CLOSE;AUDJPY;s=1;prev=2;c=3;firstObs=false;slotOn=true;inWindow=false;time_close=07-28 16:45
2026-07-28T16:42:00.000+01:00,DIAG-CLOSE;AUDJPY;s=3;prev=0;c=1;firstObs=false;slotOn=true;inWindow=false;time_close=07-28 16:45
2026-07-28T16:42:00.000+01:00,DIAG-CLOSE;AUDJPY;s=6;prev=0;c=1;firstObs=false;slotOn=true;inWindow=false;time_close=07-28 16:45
2026-07-28T17:51:00.000+01:00,DIAG-CLOSE;CADCHF;s=0;prev=2;c=3;firstObs=false;slotOn=true;inWindow=false;time_close=07-28 17:54
2026-07-28T17:51:00.000+01:00,DIAG-CLOSE;CADCHF;s=1;prev=2;c=3;firstObs=false;slotOn=true;inWindow=false;time_close=07-28 17:54
2026-07-28T17:51:00.000+01:00,DIAG-CLOSE;CADCHF;s=3;prev=0;c=1;firstObs=false;slotOn=true;inWindow=false;time_close=07-28 17:54
2026-07-28T17:54:00.000+01:00,DIAG-CLOSE;EURCHF;s=1;prev=3;c=4;firstObs=false;slotOn=true;inWindow=false;time_close=07-28 17:57
2026-07-28T18:21:00.000+01:00,DIAG-CLOSE;USDCAD;s=0;prev=3;c=4;firstObs=false;slotOn=true;inWindow=false;time_close=07-28 18:24
2026-07-28T18:21:00.000+01:00,DIAG-CLOSE;USDCAD;s=1;prev=3;c=4;firstObs=false;slotOn=true;inWindow=false;time_close=07-28 18:24
2026-07-28T18:27:00.000+01:00,DIAG-CLOSE;GBPCAD;s=1;prev=2;c=3;firstObs=false;slotOn=true;inWindow=false;time_close=07-28 18:30
2026-07-28T18:27:00.000+01:00,DIAG-CLOSE;GBPCAD;s=2;prev=0;c=1;firstObs=false;slotOn=true;inWindow=false;time_close=07-28 18:30
2026-07-29T08:18:00.000+01:00,DIAG-CLOSE;CADJPY;s=0;prev=0;c=1;firstObs=false;slotOn=true;inWindow=false;time_close=07-29 08:21
2026-07-29T08:18:00.000+01:00,DIAG-CLOSE;CADJPY;s=1;prev=2;c=3;firstObs=false;slotOn=true;inWindow=false;time_close=07-29 08:21
2026-07-29T08:18:00.000+01:00,DIAG-CLOSE;CADJPY;s=2;prev=0;c=1;firstObs=false;slotOn=true;inWindow=false;time_close=07-29 08:21
2026-07-29T08:18:00.000+01:00,DIAG-CLOSE;CADJPY;s=3;prev=0;c=1;firstObs=false;slotOn=true;inWindow=false;time_close=07-29 08:21
2026-07-29T09:30:00.000+01:00,DIAG-CLOSE;USDJPY;s=0;prev=2;c=3;firstObs=false;slotOn=true;inWindow=false;time_close=07-29 09:33
2026-07-29T10:03:00.000+01:00,DIAG-CLOSE;USDJPY;s=1;prev=2;c=3;firstObs=false;slotOn=true;inWindow=false;time_close=07-29 10:06
2026-07-29T10:03:00.000+01:00,DIAG-CLOSE;USDJPY;s=2;prev=1;c=2;firstObs=false;slotOn=true;inWindow=false;time_close=07-29 10:06
2026-07-29T10:03:00.000+01:00,DIAG-CLOSE;USDJPY;s=4;prev=0;c=1;firstObs=false;slotOn=true;inWindow=false;time_close=07-29 10:06
2026-07-29T10:03:00.000+01:00,DIAG-CLOSE;USDJPY;s=5;prev=1;c=2;firstObs=false;slotOn=true;inWindow=false;time_close=07-29 10:06
2026-07-29T10:03:00.000+01:00,DIAG-CLOSE;USDJPY;s=7;prev=0;c=1;firstObs=false;slotOn=true;inWindow=false;time_close=07-29 10:06
2026-07-29T10:48:00.000+01:00,DIAG-CLOSE;EURCHF;s=1;prev=4;c=5;firstObs=false;slotOn=true;inWindow=false;time_close=07-29 10:51
2026-07-29T11:18:00.000+01:00,DIAG-CLOSE;GBPUSD;s=0;prev=2;c=3;firstObs=false;slotOn=true;inWindow=false;time_close=07-29 11:21
2026-07-29T11:18:00.000+01:00,DIAG-CLOSE;GBPUSD;s=1;prev=2;c=3;firstObs=false;slotOn=true;inWindow=false;time_close=07-29 11:21
2026-07-29T11:18:00.000+01:00,DIAG-CLOSE;GBPUSD;s=2;prev=1;c=2;firstObs=false;slotOn=true;inWindow=false;time_close=07-29 11:21
2026-07-29T11:18:00.000+01:00,DIAG-CLOSE;GBPUSD;s=3;prev=1;c=2;firstObs=false;slotOn=true;inWindow=false;time_close=07-29 11:21
2026-07-29T11:18:00.000+01:00,DIAG-CLOSE;GBPUSD;s=4;prev=0;c=1;firstObs=false;slotOn=true;inWindow=false;time_close=07-29 11:21
2026-07-29T12:06:00.000+01:00,DIAG-CLOSE;EURGBP;s=1;prev=3;c=4;firstObs=false;slotOn=true;inWindow=false;time_close=07-29 12:09
2026-07-29T12:06:00.000+01:00,DIAG-CLOSE;EURGBP;s=2;prev=1;c=2;firstObs=false;slotOn=true;inWindow=false;time_close=07-29 12:09
2026-07-29T12:06:00.000+01:00,DIAG-CLOSE;EURGBP;s=5;prev=0;c=1;firstObs=false;slotOn=true;inWindow=false;time_close=07-29 12:09
2026-07-29T12:09:00.000+01:00,DIAG-CLOSE;EURGBP;s=0;prev=2;c=3;firstObs=false;slotOn=true;inWindow=false;time_close=07-29 12:12
2026-07-29T12:09:00.000+01:00,DIAG-CLOSE;EURGBP;s=3;prev=0;c=1;firstObs=false;slotOn=true;inWindow=false;time_close=07-29 12:12
2026-07-29T12:12:00.000+01:00,DIAG-CLOSE;EURCAD;s=0;prev=3;c=4;firstObs=false;slotOn=true;inWindow=false;time_close=07-29 12:15
2026-07-29T13:15:00.000+01:00,DIAG-CLOSE;GBPAUD;s=1;prev=1;c=2;firstObs=false;slotOn=true;inWindow=false;time_close=07-29 13:18
2026-07-29T13:33:00.000+01:00,DIAG-CLOSE;CADJPY;s=0;prev=1;c=2;firstObs=false;slotOn=true;inWindow=false;time_close=07-29 13:36
2026-07-29T13:33:00.000+01:00,DIAG-CLOSE;CADJPY;s=1;prev=3;c=4;firstObs=false;slotOn=true;inWindow=false;time_close=07-29 13:36
2026-07-29T13:33:00.000+01:00,DIAG-CLOSE;CADJPY;s=2;prev=1;c=2;firstObs=false;slotOn=true;inWindow=false;time_close=07-29 13:36
2026-07-29T13:33:00.000+01:00,DIAG-CLOSE;CADJPY;s=3;prev=1;c=2;firstObs=false;slotOn=true;inWindow=false;time_close=07-29 13:36
2026-07-29T13:42:00.000+01:00,DIAG-CLOSE;GBPCAD;s=0;prev=2;c=3;firstObs=false;slotOn=true;inWindow=false;time_close=07-29 13:45
2026-07-29T13:54:00.000+01:00,DIAG-CLOSE;AUDJPY;s=0;prev=2;c=3;firstObs=false;slotOn=true;inWindow=false;time_close=07-29 13:57
2026-07-29T14:27:00.000+01:00,DIAG-CLOSE;CADCHF;s=0;prev=3;c=4;firstObs=false;slotOn=true;inWindow=false;time_close=07-29 14:30
2026-07-29T14:27:00.000+01:00,DIAG-CLOSE;CADCHF;s=1;prev=3;c=4;firstObs=false;slotOn=true;inWindow=false;time_close=07-29 14:30
2026-07-29T14:27:00.000+01:00,DIAG-CLOSE;CADCHF;s=2;prev=1;c=2;firstObs=false;slotOn=true;inWindow=false;time_close=07-29 14:30
2026-07-29T14:27:00.000+01:00,DIAG-CLOSE;CADCHF;s=3;prev=1;c=2;firstObs=false;slotOn=true;inWindow=false;time_close=07-29 14:30
2026-07-29T14:27:00.000+01:00,DIAG-CLOSE;CADCHF;s=4;prev=0;c=1;firstObs=false;slotOn=true;inWindow=false;time_close=07-29 14:30
2026-07-29T14:27:00.000+01:00,DIAG-CLOSE;CADCHF;s=5;prev=0;c=1;firstObs=false;slotOn=true;inWindow=false;time_close=07-29 14:30
2026-07-29T14:27:00.000+01:00,DIAG-CLOSE;CADCHF;s=6;prev=0;c=1;firstObs=false;slotOn=true;inWindow=false;time_close=07-29 14:30
2026-07-29T14:27:00.000+01:00,DIAG-CLOSE;CADCHF;s=7;prev=0;c=1;firstObs=false;slotOn=true;inWindow=false;time_close=07-29 14:30
2026-07-29T14:42:00.000+01:00,DIAG-CLOSE;EURUSD;s=0;prev=0;c=1;firstObs=false;slotOn=true;inWindow=false;time_close=07-29 14:45
2026-07-29T14:42:00.000+01:00,DIAG-CLOSE;EURUSD;s=1;prev=3;c=4;firstObs=false;slotOn=true;inWindow=false;time_close=07-29 14:45
2026-07-29T14:42:00.000+01:00,DIAG-CLOSE;EURUSD;s=2;prev=0;c=1;firstObs=false;slotOn=true;inWindow=false;time_close=07-29 14:45
2026-07-29T14:42:00.000+01:00,DIAG-CLOSE;EURUSD;s=3;prev=0;c=1;firstObs=false;slotOn=true;inWindow=false;time_close=07-29 14:45
2026-07-29T14:48:00.000+01:00,DIAG-CLOSE;USDCAD;s=0;prev=4;c=5;firstObs=false;slotOn=true;inWindow=false;time_close=07-29 14:51
2026-07-29T14:48:00.000+01:00,DIAG-CLOSE;USDCAD;s=3;prev=1;c=2;firstObs=false;slotOn=true;inWindow=false;time_close=07-29 14:51
2026-07-29T14:51:00.000+01:00,DIAG-CLOSE;USDCHF;s=0;prev=1;c=2;firstObs=false;slotOn=true;inWindow=false;time_close=07-29 14:54
2026-07-29T14:51:00.000+01:00,DIAG-CLOSE;USDCHF;s=1;prev=1;c=2;firstObs=false;slotOn=true;inWindow=false;time_close=07-29 14:54
2026-07-29T14:51:00.000+01:00,DIAG-CLOSE;USDCHF;s=2;prev=1;c=2;firstObs=false;slotOn=true;inWindow=false;time_close=07-29 14:54
2026-07-29T14:51:00.000+01:00,DIAG-CLOSE;AUDUSD;s=0;prev=0;c=1;firstObs=false;slotOn=true;inWindow=false;time_close=07-29 14:54
2026-07-29T14:51:00.000+01:00,DIAG-CLOSE;AUDUSD;s=3;prev=0;c=1;firstObs=false;slotOn=true;inWindow=false;time_close=07-29 14:54
2026-07-29T15:54:00.000+01:00,DIAG-CLOSE;AUDCHF;s=1;prev=2;c=3;firstObs=false;slotOn=true;inWindow=false;time_close=07-29 15:57
2026-07-29T15:54:00.000+01:00,DIAG-CLOSE;AUDCHF;s=2;prev=2;c=3;firstObs=false;slotOn=true;inWindow=false;time_close=07-29 15:57
2026-07-29T16:03:00.000+01:00,DIAG-CLOSE;EURAUD;s=1;prev=4;c=5;firstObs=false;slotOn=true;inWindow=false;time_close=07-29 16:06
2026-07-29T16:06:00.000+01:00,DIAG-CLOSE;EURUSD;s=0;prev=1;c=2;firstObs=false;slotOn=true;inWindow=false;time_close=07-29 16:09
2026-07-29T16:06:00.000+01:00,DIAG-CLOSE;EURUSD;s=1;prev=4;c=5;firstObs=false;slotOn=true;inWindow=false;time_close=07-29 16:09
2026-07-29T16:06:00.000+01:00,DIAG-CLOSE;USDJPY;s=0;prev=3;c=4;firstObs=false;slotOn=true;inWindow=false;time_close=07-29 16:09
2026-07-29T16:06:00.000+01:00,DIAG-CLOSE;USDJPY;s=1;prev=3;c=4;firstObs=false;slotOn=true;inWindow=false;time_close=07-29 16:09
2026-07-29T16:06:00.000+01:00,DIAG-CLOSE;USDJPY;s=2;prev=2;c=3;firstObs=false;slotOn=true;inWindow=false;time_close=07-29 16:09
2026-07-29T16:12:00.000+01:00,DIAG-CLOSE;GBPUSD;s=0;prev=3;c=4;firstObs=false;slotOn=true;inWindow=false;time_close=07-29 16:15
2026-07-29T16:12:00.000+01:00,DIAG-CLOSE;GBPUSD;s=3;prev=2;c=3;firstObs=false;slotOn=true;inWindow=false;time_close=07-29 16:15
2026-07-29T16:18:00.000+01:00,DIAG-CLOSE;AUDUSD;s=5;prev=0;c=1;firstObs=false;slotOn=true;inWindow=false;time_close=07-29 16:21
2026-07-29T16:18:00.000+01:00,DIAG-CLOSE;AUDUSD;s=7;prev=0;c=1;firstObs=false;slotOn=true;inWindow=false;time_close=07-29 16:21
2026-07-29T16:24:00.000+01:00,DIAG-CLOSE;AUDUSD;s=0;prev=1;c=2;firstObs=false;slotOn=true;inWindow=false;time_close=07-29 16:27
2026-07-29T16:24:00.000+01:00,DIAG-CLOSE;AUDUSD;s=1;prev=0;c=1;firstObs=false;slotOn=true;inWindow=false;time_close=07-29 16:27
2026-07-29T16:24:00.000+01:00,DIAG-CLOSE;AUDUSD;s=2;prev=0;c=1;firstObs=false;slotOn=true;inWindow=false;time_close=07-29 16:27
2026-07-29T16:24:00.000+01:00,DIAG-CLOSE;AUDUSD;s=4;prev=0;c=1;firstObs=false;slotOn=true;inWindow=false;time_close=07-29 16:27
2026-07-29T17:09:00.000+01:00,DIAG-CLOSE;AUDCAD;s=0;prev=1;c=2;firstObs=false;slotOn=true;inWindow=false;time_close=07-29 17:12
2026-07-29T17:09:00.000+01:00,DIAG-CLOSE;AUDCAD;s=1;prev=2;c=3;firstObs=false;slotOn=true;inWindow=false;time_close=07-29 17:12
2026-07-29T17:09:00.000+01:00,DIAG-CLOSE;AUDCAD;s=2;prev=1;c=2;firstObs=false;slotOn=true;inWindow=false;time_close=07-29 17:12
2026-07-29T17:30:00.000+01:00,DIAG-CLOSE;GBPCHF;s=1;prev=2;c=3;firstObs=false;slotOn=true;inWindow=false;time_close=07-29 17:33
2026-07-29T18:00:00.000+01:00,DIAG-CLOSE;AUDCHF;s=0;prev=2;c=3;firstObs=false;slotOn=true;inWindow=false;time_close=07-29 18:03
2026-07-29T18:00:00.000+01:00,DIAG-CLOSE;AUDCHF;s=3;prev=2;c=3;firstObs=false;slotOn=true;inWindow=false;time_close=07-29 18:03
2026-07-29T18:06:00.000+01:00,DIAG-CLOSE;AUDCAD;s=4;prev=0;c=1;firstObs=false;slotOn=true;inWindow=false;time_close=07-29 18:09
2026-07-29T18:06:00.000+01:00,DIAG-CLOSE;AUDCAD;s=5;prev=0;c=1;firstObs=false;slotOn=true;inWindow=false;time_close=07-29 18:09
2026-07-29T18:06:00.000+01:00,DIAG-CLOSE;AUDCAD;s=7;prev=0;c=1;firstObs=false;slotOn=true;inWindow=false;time_close=07-29 18:09
2026-07-29T18:12:00.000+01:00,DIAG-CLOSE;GBPUSD;s=1;prev=3;c=4;firstObs=false;slotOn=true;inWindow=false;time_close=07-29 18:15
2026-07-29T18:12:00.000+01:00,DIAG-CLOSE;GBPUSD;s=2;prev=2;c=3;firstObs=false;slotOn=true;inWindow=false;time_close=07-29 18:15
2026-07-29T18:12:00.000+01:00,DIAG-CLOSE;GBPUSD;s=4;prev=1;c=2;firstObs=false;slotOn=true;inWindow=false;time_close=07-29 18:15
2026-07-29T18:12:00.000+01:00,DIAG-CLOSE;GBPUSD;s=5;prev=0;c=1;firstObs=false;slotOn=true;inWindow=false;time_close=07-29 18:15
2026-07-29T18:12:00.000+01:00,DIAG-CLOSE;GBPUSD;s=7;prev=0;c=1;firstObs=false;slotOn=true;inWindow=false;time_close=07-29 18:15
2026-07-29T18:18:00.000+01:00,DIAG-CLOSE;USDCHF;s=0;prev=2;c=3;firstObs=false;slotOn=true;inWindow=false;time_close=07-29 18:21
2026-07-29T18:18:00.000+01:00,DIAG-CLOSE;USDCHF;s=1;prev=2;c=3;firstObs=false;slotOn=true;inWindow=false;time_close=07-29 18:21
2026-07-29T18:18:00.000+01:00,DIAG-CLOSE;USDCHF;s=2;prev=2;c=3;firstObs=false;slotOn=true;inWindow=false;time_close=07-29 18:21
2026-07-29T18:18:00.000+01:00,DIAG-CLOSE;USDCHF;s=3;prev=1;c=2;firstObs=false;slotOn=true;inWindow=false;time_close=07-29 18:21
2026-07-29T18:18:00.000+01:00,DIAG-CLOSE;USDCHF;s=5;prev=0;c=1;firstObs=false;slotOn=true;inWindow=false;time_close=07-29 18:21
2026-07-29T18:18:00.000+01:00,DIAG-CLOSE;USDCHF;s=7;prev=0;c=1;firstObs=false;slotOn=true;inWindow=false;time_close=07-29 18:21
2026-07-29T18:18:00.000+01:00,DIAG-CLOSE;CADCHF;s=0;prev=4;c=5;firstObs=false;slotOn=true;inWindow=false;time_close=07-29 18:21
2026-07-29T18:18:00.000+01:00,DIAG-CLOSE;CADCHF;s=1;prev=4;c=5;firstObs=false;slotOn=true;inWindow=false;time_close=07-29 18:21
2026-07-29T18:18:00.000+01:00,DIAG-CLOSE;CADCHF;s=2;prev=2;c=3;firstObs=false;slotOn=true;inWindow=false;time_close=07-29 18:21
2026-07-29T18:18:00.000+01:00,DIAG-CLOSE;CADCHF;s=3;prev=2;c=3;firstObs=false;slotOn=true;inWindow=false;time_close=07-29 18:21
2026-07-29T18:18:00.000+01:00,DIAG-CLOSE;CADCHF;s=4;prev=1;c=2;firstObs=false;slotOn=true;inWindow=false;time_close=07-29 18:21
2026-07-29T18:30:00.000+01:00,DIAG-CLOSE;AUDUSD;s=1;prev=1;c=2;firstObs=false;slotOn=true;inWindow=false;time_close=07-29 18:33
2026-07-29T19:03:00.000+01:00,DIAG-CLOSE;GBPAUD;s=0;prev=0;c=1;firstObs=false;slotOn=true;inWindow=false;time_close=07-29 19:06
2026-07-29T19:03:00.000+01:00,DIAG-CLOSE;GBPAUD;s=1;prev=2;c=3;firstObs=false;slotOn=true;inWindow=false;time_close=07-29 19:06
2026-07-29T19:03:00.000+01:00,DIAG-CLOSE;GBPAUD;s=2;prev=0;c=1;firstObs=false;slotOn=true;inWindow=false;time_close=07-29 19:06
2026-07-29T19:03:00.000+01:00,DIAG-CLOSE;GBPAUD;s=3;prev=0;c=1;firstObs=false;slotOn=true;inWindow=false;time_close=07-29 19:06
2026-07-29T19:03:00.000+01:00,DIAG-CLOSE;GBPAUD;s=4;prev=0;c=1;firstObs=false;slotOn=true;inWindow=false;time_close=07-29 19:06
2026-07-29T19:03:00.000+01:00,DIAG-CLOSE;GBPAUD;s=5;prev=1;c=2;firstObs=false;slotOn=true;inWindow=false;time_close=07-29 19:06
2026-07-29T19:12:00.000+01:00,DIAG-CLOSE;EURAUD;s=0;prev=3;c=4;firstObs=false;slotOn=true;inWindow=false;time_close=07-29 19:15
2026-07-29T19:12:00.000+01:00,DIAG-CLOSE;EURAUD;s=1;prev=5;c=6;firstObs=false;slotOn=true;inWindow=false;time_close=07-29 19:15
2026-07-29T19:12:00.000+01:00,DIAG-CLOSE;EURAUD;s=3;prev=2;c=3;firstObs=false;slotOn=true;inWindow=false;time_close=07-29 19:15
2026-07-29T19:57:00.000+01:00,DIAG-CLOSE;CHFJPY;s=0;prev=0;c=1;firstObs=false;slotOn=true;inWindow=false;time_close=07-29 20:00
2026-07-29T19:57:00.000+01:00,DIAG-CLOSE;CHFJPY;s=1;prev=0;c=1;firstObs=false;slotOn=true;inWindow=false;time_close=07-29 20:00
2026-07-30T09:00:00.000+01:00,DIAG-CLOSE;EURJPY;s=0;prev=3;c=4;firstObs=false;slotOn=true;inWindow=false;time_close=07-30 09:03
2026-07-30T09:00:00.000+01:00,DIAG-CLOSE;EURJPY;s=1;prev=2;c=3;firstObs=false;slotOn=true;inWindow=false;time_close=07-30 09:03
2026-07-30T09:00:00.000+01:00,DIAG-CLOSE;EURJPY;s=2;prev=2;c=3;firstObs=false;slotOn=true;inWindow=false;time_close=07-30 09:03
2026-07-30T09:00:00.000+01:00,DIAG-CLOSE;EURJPY;s=3;prev=1;c=2;firstObs=false;slotOn=true;inWindow=false;time_close=07-30 09:03
2026-07-30T09:00:00.000+01:00,DIAG-CLOSE;EURJPY;s=4;prev=2;c=3;firstObs=false;slotOn=true;inWindow=false;time_close=07-30 09:03
2026-07-30T09:00:00.000+01:00,DIAG-CLOSE;EURJPY;s=6;prev=1;c=2;firstObs=false;slotOn=true;inWindow=false;time_close=07-30 09:03
2026-07-30T09:27:00.000+01:00,DIAG-CLOSE;AUDCHF;s=1;prev=3;c=4;firstObs=false;slotOn=true;inWindow=false;time_close=07-30 09:30
2026-07-30T09:45:00.000+01:00,DIAG-CLOSE;AUDUSD;s=0;prev=2;c=3;firstObs=false;slotOn=true;inWindow=false;time_close=07-30 09:48
2026-07-30T09:45:00.000+01:00,DIAG-CLOSE;AUDUSD;s=1;prev=2;c=3;firstObs=false;slotOn=true;inWindow=false;time_close=07-30 09:48
2026-07-30T09:45:00.000+01:00,DIAG-CLOSE;AUDUSD;s=2;prev=1;c=2;firstObs=false;slotOn=true;inWindow=false;time_close=07-30 09:48
2026-07-30T10:15:00.000+01:00,DIAG-CLOSE;USDCAD;s=0;prev=5;c=6;firstObs=false;slotOn=true;inWindow=false;time_close=07-30 10:18
2026-07-30T10:15:00.000+01:00,DIAG-CLOSE;USDCAD;s=1;prev=4;c=5;firstObs=false;slotOn=true;inWindow=false;time_close=07-30 10:18
2026-07-30T10:15:00.000+01:00,DIAG-CLOSE;USDCAD;s=2;prev=1;c=2;firstObs=false;slotOn=true;inWindow=false;time_close=07-30 10:18
2026-07-30T10:15:00.000+01:00,DIAG-CLOSE;USDCAD;s=3;prev=2;c=3;firstObs=false;slotOn=true;inWindow=false;time_close=07-30 10:18
2026-07-30T10:15:00.000+01:00,DIAG-CLOSE;USDCAD;s=4;prev=1;c=2;firstObs=false;slotOn=true;inWindow=false;time_close=07-30 10:18
2026-07-30T10:15:00.000+01:00,DIAG-CLOSE;USDCAD;s=5;prev=1;c=2;firstObs=false;slotOn=true;inWindow=false;time_close=07-30 10:18
2026-07-30T10:15:00.000+01:00,DIAG-CLOSE;USDCAD;s=6;prev=0;c=1;firstObs=false;slotOn=true;inWindow=false;time_close=07-30 10:18
2026-07-30T10:15:00.000+01:00,DIAG-CLOSE;USDCAD;s=7;prev=1;c=2;firstObs=false;slotOn=true;inWindow=false;time_close=07-30 10:18
2026-07-30T10:21:00.000+01:00,DIAG-CLOSE;EURAUD;s=0;prev=4;c=5;firstObs=false;slotOn=true;inWindow=false;time_close=07-30 10:24
2026-07-30T10:21:00.000+01:00,DIAG-CLOSE;EURAUD;s=1;prev=6;c=7;firstObs=false;slotOn=true;inWindow=false;time_close=07-30 10:24
2026-07-30T10:24:00.000+01:00,DIAG-CLOSE;CADJPY;s=0;prev=2;c=3;firstObs=false;slotOn=true;inWindow=false;time_close=07-30 10:27
2026-07-30T10:24:00.000+01:00,DIAG-CLOSE;CADJPY;s=1;prev=4;c=5;firstObs=false;slotOn=true;inWindow=false;time_close=07-30 10:27
2026-07-30T10:24:00.000+01:00,DIAG-CLOSE;CADJPY;s=5;prev=0;c=1;firstObs=false;slotOn=true;inWindow=false;time_close=07-30 10:27
2026-07-30T10:39:00.000+01:00,DIAG-CLOSE;AUDCHF;s=0;prev=3;c=4;firstObs=false;slotOn=true;inWindow=false;time_close=07-30 10:42
2026-07-30T10:39:00.000+01:00,DIAG-CLOSE;AUDCHF;s=3;prev=3;c=4;firstObs=false;slotOn=true;inWindow=false;time_close=07-30 10:42
2026-07-30T10:39:00.000+01:00,DIAG-CLOSE;AUDCHF;s=5;prev=1;c=2;firstObs=false;slotOn=true;inWindow=false;time_close=07-30 10:42
2026-07-30T12:36:00.000+01:00,DIAG-CLOSE;AUDCAD;s=0;prev=2;c=3;firstObs=false;slotOn=true;inWindow=false;time_close=07-30 12:39
2026-07-30T12:36:00.000+01:00,DIAG-CLOSE;AUDCAD;s=1;prev=3;c=4;firstObs=false;slotOn=true;inWindow=false;time_close=07-30 12:39
2026-07-30T12:36:00.000+01:00,DIAG-CLOSE;AUDCAD;s=2;prev=2;c=3;firstObs=false;slotOn=true;inWindow=false;time_close=07-30 12:39
2026-07-30T12:36:00.000+01:00,DIAG-CLOSE;AUDCAD;s=3;prev=1;c=2;firstObs=false;slotOn=true;inWindow=false;time_close=07-30 12:39
2026-07-30T12:36:00.000+01:00,DIAG-CLOSE;AUDCAD;s=4;prev=1;c=2;firstObs=false;slotOn=true;inWindow=false;time_close=07-30 12:39
2026-07-30T12:36:00.000+01:00,DIAG-CLOSE;AUDCAD;s=6;prev=0;c=1;firstObs=false;slotOn=true;inWindow=false;time_close=07-30 12:39
2026-07-30T13:03:00.000+01:00,DIAG-CLOSE;AUDCAD;s=5;prev=1;c=2;firstObs=false;slotOn=true;inWindow=false;time_close=07-30 13:06
2026-07-30T13:03:00.000+01:00,DIAG-CLOSE;AUDCAD;s=7;prev=1;c=2;firstObs=false;slotOn=true;inWindow=false;time_close=07-30 13:06
2026-07-30T13:12:00.000+01:00,DIAG-CLOSE;USDCHF;s=0;prev=3;c=4;firstObs=false;slotOn=true;inWindow=false;time_close=07-30 13:15
2026-07-30T13:12:00.000+01:00,DIAG-CLOSE;USDCHF;s=1;prev=3;c=4;firstObs=false;slotOn=true;inWindow=false;time_close=07-30 13:15
2026-07-30T13:12:00.000+01:00,DIAG-CLOSE;USDCHF;s=3;prev=2;c=3;firstObs=false;slotOn=true;inWindow=false;time_close=07-30 13:15
2026-07-30T13:18:00.000+01:00,DIAG-CLOSE;AUDCHF;s=0;prev=4;c=5;firstObs=false;slotOn=true;inWindow=false;time_close=07-30 13:21
2026-07-30T13:18:00.000+01:00,DIAG-CLOSE;AUDCHF;s=1;prev=4;c=5;firstObs=false;slotOn=true;inWindow=false;time_close=07-30 13:21
2026-07-30T13:27:00.000+01:00,DIAG-CLOSE;GBPCHF;s=1;prev=3;c=4;firstObs=false;slotOn=true;inWindow=false;time_close=07-30 13:30
2026-07-30T13:33:00.000+01:00,DIAG-CLOSE;CADCHF;s=1;prev=5;c=6;firstObs=false;slotOn=true;inWindow=false;time_close=07-30 13:36
2026-07-30T13:57:00.000+01:00,DIAG-CLOSE;EURCAD;s=1;prev=2;c=3;firstObs=false;slotOn=true;inWindow=false;time_close=07-30 14:00
2026-07-30T13:57:00.000+01:00,DIAG-CLOSE;EURCAD;s=2;prev=1;c=2;firstObs=false;slotOn=true;inWindow=false;time_close=07-30 14:00
2026-07-30T13:57:00.000+01:00,DIAG-CLOSE;EURCAD;s=4;prev=0;c=1;firstObs=false;slotOn=true;inWindow=false;time_close=07-30 14:00
2026-07-30T13:57:00.000+01:00,DIAG-CLOSE;EURCAD;s=5;prev=0;c=1;firstObs=false;slotOn=true;inWindow=false;time_close=07-30 14:00
2026-07-30T13:57:00.000+01:00,DIAG-CLOSE;EURCAD;s=7;prev=0;c=1;firstObs=false;slotOn=true;inWindow=false;time_close=07-30 14:00
2026-07-30T14:00:00.000+01:00,DIAG-CLOSE;CADJPY;s=1;prev=5;c=6;firstObs=false;slotOn=true;inWindow=false;time_close=07-30 14:03
2026-07-30T14:00:00.000+01:00,DIAG-CLOSE;CADJPY;s=2;prev=2;c=3;firstObs=false;slotOn=true;inWindow=false;time_close=07-30 14:03
2026-07-30T14:12:00.000+01:00,DIAG-CLOSE;EURGBP;s=0;prev=3;c=4;firstObs=false;slotOn=true;inWindow=false;time_close=07-30 14:15
2026-07-30T14:12:00.000+01:00,DIAG-CLOSE;EURGBP;s=1;prev=4;c=5;firstObs=false;slotOn=true;inWindow=false;time_close=07-30 14:15
2026-07-30T14:12:00.000+01:00,DIAG-CLOSE;EURGBP;s=2;prev=2;c=3;firstObs=false;slotOn=true;inWindow=false;time_close=07-30 14:15
2026-07-30T14:12:00.000+01:00,DIAG-CLOSE;EURGBP;s=3;prev=1;c=2;firstObs=false;slotOn=true;inWindow=false;time_close=07-30 14:15
2026-07-30T14:12:00.000+01:00,DIAG-CLOSE;EURGBP;s=4;prev=1;c=2;firstObs=false;slotOn=true;inWindow=false;time_close=07-30 14:15
2026-07-30T14:12:00.000+01:00,DIAG-CLOSE;EURGBP;s=5;prev=1;c=2;firstObs=false;slotOn=true;inWindow=false;time_close=07-30 14:15
2026-07-30T14:21:00.000+01:00,DIAG-CLOSE;GBPCHF;s=0;prev=1;c=2;firstObs=false;slotOn=true;inWindow=false;time_close=07-30 14:24
2026-07-30T14:21:00.000+01:00,DIAG-CLOSE;GBPCHF;s=3;prev=0;c=1;firstObs=false;slotOn=true;inWindow=false;time_close=07-30 14:24
2026-07-30T14:30:00.000+01:00,DIAG-CLOSE;USDJPY;s=0;prev=4;c=5;firstObs=false;slotOn=true;inWindow=false;time_close=07-30 14:33
2026-07-30T14:33:00.000+01:00,DIAG-CLOSE;USDCHF;s=0;prev=4;c=5;firstObs=false;slotOn=true;inWindow=false;time_close=07-30 14:36
2026-07-30T14:33:00.000+01:00,DIAG-CLOSE;USDCHF;s=1;prev=4;c=5;firstObs=false;slotOn=true;inWindow=false;time_close=07-30 14:36
2026-07-30T14:42:00.000+01:00,DIAG-CLOSE;CHFJPY;s=0;prev=1;c=2;firstObs=false;slotOn=true;inWindow=false;time_close=07-30 14:45
2026-07-30T14:42:00.000+01:00,DIAG-CLOSE;CHFJPY;s=1;prev=1;c=2;firstObs=false;slotOn=true;inWindow=false;time_close=07-30 14:45
2026-07-30T14:42:00.000+01:00,DIAG-CLOSE;CHFJPY;s=2;prev=0;c=1;firstObs=false;slotOn=true;inWindow=false;time_close=07-30 14:45
2026-07-30T14:42:00.000+01:00,DIAG-CLOSE;CHFJPY;s=3;prev=0;c=1;firstObs=false;slotOn=true;inWindow=false;time_close=07-30 14:45
2026-07-30T14:42:00.000+01:00,DIAG-CLOSE;CHFJPY;s=4;prev=0;c=1;firstObs=false;slotOn=true;inWindow=false;time_close=07-30 14:45
2026-07-30T14:42:00.000+01:00,DIAG-CLOSE;CHFJPY;s=5;prev=0;c=1;firstObs=false;slotOn=true;inWindow=false;time_close=07-30 14:45
2026-07-30T14:42:00.000+01:00,DIAG-CLOSE;CHFJPY;s=6;prev=0;c=1;firstObs=false;slotOn=true;inWindow=false;time_close=07-30 14:45
2026-07-30T14:42:00.000+01:00,DIAG-CLOSE;AUDJPY;s=1;prev=3;c=4;firstObs=false;slotOn=true;inWindow=false;time_close=07-30 14:45
2026-07-30T14:51:00.000+01:00,DIAG-CLOSE;GBPUSD;s=0;prev=4;c=5;firstObs=false;slotOn=true;inWindow=false;time_close=07-30 14:54
2026-07-30T14:51:00.000+01:00,DIAG-CLOSE;EURCHF;s=0;prev=4;c=5;firstObs=false;slotOn=true;inWindow=false;time_close=07-30 14:54
2026-07-30T14:51:00.000+01:00,DIAG-CLOSE;EURCHF;s=1;prev=5;c=6;firstObs=false;slotOn=true;inWindow=false;time_close=07-30 14:54
2026-07-30T14:51:00.000+01:00,DIAG-CLOSE;GBPCAD;s=0;prev=3;c=4;firstObs=false;slotOn=true;inWindow=false;time_close=07-30 14:54
2026-07-30T14:51:00.000+01:00,DIAG-CLOSE;GBPCAD;s=3;prev=1;c=2;firstObs=false;slotOn=true;inWindow=false;time_close=07-30 14:54
2026-07-30T14:57:00.000+01:00,DIAG-CLOSE;EURCAD;s=0;prev=4;c=5;firstObs=false;slotOn=true;inWindow=false;time_close=07-30 15:00
2026-07-30T14:57:00.000+01:00,DIAG-CLOSE;EURCAD;s=3;prev=1;c=2;firstObs=false;slotOn=true;inWindow=false;time_close=07-30 15:00
2026-07-30T16:24:00.000+01:00,DIAG-CLOSE;EURCHF;s=0;prev=5;c=6;firstObs=false;slotOn=true;inWindow=false;time_close=07-30 16:27
2026-07-30T16:45:00.000+01:00,DIAG-CLOSE;CADCHF;s=0;prev=5;c=6;firstObs=false;slotOn=true;inWindow=false;time_close=07-30 16:48
2026-07-30T16:54:00.000+01:00,DIAG-CLOSE;AUDCAD;s=0;prev=3;c=4;firstObs=false;slotOn=true;inWindow=false;time_close=07-30 16:57
2026-07-30T16:54:00.000+01:00,DIAG-CLOSE;AUDCAD;s=1;prev=4;c=5;firstObs=false;slotOn=true;inWindow=false;time_close=07-30 16:57
2026-07-30T16:54:00.000+01:00,DIAG-CLOSE;AUDCAD;s=2;prev=3;c=4;firstObs=false;slotOn=true;inWindow=false;time_close=07-30 16:57
2026-07-30T16:54:00.000+01:00,DIAG-CLOSE;AUDCAD;s=3;prev=2;c=3;firstObs=false;slotOn=true;inWindow=false;time_close=07-30 16:57
2026-07-30T16:54:00.000+01:00,DIAG-CLOSE;AUDCAD;s=4;prev=2;c=3;firstObs=false;slotOn=true;inWindow=false;time_close=07-30 16:57
2026-07-30T16:54:00.000+01:00,DIAG-CLOSE;AUDCAD;s=5;prev=2;c=3;firstObs=false;slotOn=true;inWindow=false;time_close=07-30 16:57
2026-07-30T17:00:00.000+01:00,DIAG-CLOSE;EURAUD;s=0;prev=5;c=6;firstObs=false;slotOn=true;inWindow=false;time_close=07-30 17:03
2026-07-30T17:00:00.000+01:00,DIAG-CLOSE;EURAUD;s=1;prev=7;c=8;firstObs=false;slotOn=true;inWindow=false;time_close=07-30 17:03
2026-07-30T18:00:00.000+01:00,DIAG-CLOSE;EURCAD;s=0;prev=5;c=6;firstObs=false;slotOn=true;inWindow=false;time_close=07-30 18:03
2026-07-30T18:00:00.000+01:00,DIAG-CLOSE;EURCAD;s=1;prev=3;c=4;firstObs=false;slotOn=true;inWindow=false;time_close=07-30 18:03
2026-07-30T18:00:00.000+01:00,DIAG-CLOSE;EURCAD;s=3;prev=2;c=3;firstObs=false;slotOn=true;inWindow=false;time_close=07-30 18:03
2026-07-30T18:48:00.000+01:00,DIAG-CLOSE;GBPCHF;s=0;prev=2;c=3;firstObs=false;slotOn=true;inWindow=false;time_close=07-30 18:51
2026-07-30T18:51:00.000+01:00,DIAG-CLOSE;CADCHF;s=0;prev=6;c=7;firstObs=false;slotOn=true;inWindow=false;time_close=07-30 18:54
2026-07-31T09:21:00.000+01:00,DIAG-CLOSE;USDCAD;s=1;prev=5;c=6;firstObs=false;slotOn=true;inWindow=false;time_close=07-31 09:24
2026-07-31T09:21:00.000+01:00,DIAG-CLOSE;USDCAD;s=2;prev=2;c=3;firstObs=false;slotOn=true;inWindow=false;time_close=07-31 09:24
2026-07-31T09:54:00.000+01:00,DIAG-CLOSE;USDCAD;s=0;prev=6;c=7;firstObs=false;slotOn=true;inWindow=false;time_close=07-31 09:57
2026-07-31T09:54:00.000+01:00,DIAG-CLOSE;USDCAD;s=5;prev=2;c=3;firstObs=false;slotOn=true;inWindow=false;time_close=07-31 09:57
2026-07-31T09:54:00.000+01:00,DIAG-CLOSE;USDCAD;s=7;prev=2;c=3;firstObs=false;slotOn=true;inWindow=false;time_close=07-31 09:57
2026-07-31T10:00:00.000+01:00,DIAG-CLOSE;EURGBP;s=0;prev=4;c=5;firstObs=false;slotOn=true;inWindow=false;time_close=07-31 10:03
2026-07-31T10:00:00.000+01:00,DIAG-CLOSE;EURGBP;s=3;prev=2;c=3;firstObs=false;slotOn=true;inWindow=false;time_close=07-31 10:03
2026-07-31T10:00:00.000+01:00,DIAG-CLOSE;GBPCAD;s=0;prev=4;c=5;firstObs=false;slotOn=true;inWindow=false;time_close=07-31 10:03
2026-07-31T10:00:00.000+01:00,DIAG-CLOSE;GBPCAD;s=3;prev=2;c=3;firstObs=false;slotOn=true;inWindow=false;time_close=07-31 10:03
2026-07-31T10:12:00.000+01:00,DIAG-CLOSE;AUDUSD;s=1;prev=3;c=4;firstObs=false;slotOn=true;inWindow=false;time_close=07-31 10:15
2026-07-31T10:12:00.000+01:00,DIAG-CLOSE;AUDUSD;s=2;prev=2;c=3;firstObs=false;slotOn=true;inWindow=false;time_close=07-31 10:15
2026-07-31T10:12:00.000+01:00,DIAG-CLOSE;AUDUSD;s=4;prev=1;c=2;firstObs=false;slotOn=true;inWindow=false;time_close=07-31 10:15
2026-07-31T10:12:00.000+01:00,DIAG-CLOSE;AUDUSD;s=5;prev=1;c=2;firstObs=false;slotOn=true;inWindow=false;time_close=07-31 10:15
2026-07-31T10:12:00.000+01:00,DIAG-CLOSE;AUDUSD;s=7;prev=1;c=2;firstObs=false;slotOn=true;inWindow=false;time_close=07-31 10:15
2026-07-31T10:33:00.000+01:00,DIAG-CLOSE;USDJPY;s=1;prev=4;c=5;firstObs=false;slotOn=true;inWindow=false;time_close=07-31 10:36
2026-07-31T10:33:00.000+01:00,DIAG-CLOSE;USDJPY;s=2;prev=3;c=4;firstObs=false;slotOn=true;inWindow=false;time_close=07-31 10:36
2026-07-31T10:33:00.000+01:00,DIAG-CLOSE;EURJPY;s=1;prev=3;c=4;firstObs=false;slotOn=true;inWindow=false;time_close=07-31 10:36
2026-07-31T10:33:00.000+01:00,DIAG-CLOSE;CADJPY;s=1;prev=6;c=7;firstObs=false;slotOn=true;inWindow=false;time_close=07-31 10:36
2026-07-31T10:33:00.000+01:00,DIAG-CLOSE;CADJPY;s=2;prev=3;c=4;firstObs=false;slotOn=true;inWindow=false;time_close=07-31 10:36
2026-07-31T10:33:00.000+01:00,DIAG-CLOSE;CADJPY;s=4;prev=0;c=1;firstObs=false;slotOn=true;inWindow=false;time_close=07-31 10:36
2026-07-31T10:33:00.000+01:00,DIAG-CLOSE;AUDCHF;s=0;prev=5;c=6;firstObs=false;slotOn=true;inWindow=false;time_close=07-31 10:36
2026-07-31T10:33:00.000+01:00,DIAG-CLOSE;AUDCHF;s=1;prev=5;c=6;firstObs=false;slotOn=true;inWindow=false;time_close=07-31 10:36
2026-07-31T10:33:00.000+01:00,DIAG-CLOSE;AUDCHF;s=2;prev=3;c=4;firstObs=false;slotOn=true;inWindow=false;time_close=07-31 10:36
2026-07-31T10:33:00.000+01:00,DIAG-CLOSE;AUDCHF;s=3;prev=4;c=5;firstObs=false;slotOn=true;inWindow=false;time_close=07-31 10:36
2026-07-31T10:33:00.000+01:00,DIAG-CLOSE;AUDCHF;s=4;prev=1;c=2;firstObs=false;slotOn=true;inWindow=false;time_close=07-31 10:36
2026-07-31T10:48:00.000+01:00,DIAG-CLOSE;CADJPY;s=0;prev=3;c=4;firstObs=false;slotOn=true;inWindow=false;time_close=07-31 10:51
2026-07-31T10:48:00.000+01:00,DIAG-CLOSE;CADJPY;s=3;prev=2;c=3;firstObs=false;slotOn=true;inWindow=false;time_close=07-31 10:51
2026-07-31T10:54:00.000+01:00,DIAG-CLOSE;EURUSD;s=1;prev=5;c=6;firstObs=false;slotOn=true;inWindow=false;time_close=07-31 10:57
2026-07-31T10:54:00.000+01:00,DIAG-CLOSE;USDJPY;s=0;prev=5;c=6;firstObs=false;slotOn=true;inWindow=false;time_close=07-31 10:57
2026-07-31T10:54:00.000+01:00,DIAG-CLOSE;USDJPY;s=3;prev=1;c=2;firstObs=false;slotOn=true;inWindow=false;time_close=07-31 10:57
2026-07-31T11:18:00.000+01:00,DIAG-CLOSE;AUDCAD;s=0;prev=4;c=5;firstObs=false;slotOn=true;inWindow=false;time_close=07-31 11:21
2026-07-31T11:18:00.000+01:00,DIAG-CLOSE;AUDCAD;s=1;prev=5;c=6;firstObs=false;slotOn=true;inWindow=false;time_close=07-31 11:21
2026-07-31T11:18:00.000+01:00,DIAG-CLOSE;AUDCAD;s=2;prev=4;c=5;firstObs=false;slotOn=true;inWindow=false;time_close=07-31 11:21
2026-07-31T11:18:00.000+01:00,DIAG-CLOSE;AUDCAD;s=4;prev=3;c=4;firstObs=false;slotOn=true;inWindow=false;time_close=07-31 11:21
2026-07-31T11:27:00.000+01:00,DIAG-CLOSE;EURUSD;s=0;prev=2;c=3;firstObs=false;slotOn=true;inWindow=false;time_close=07-31 11:30
2026-07-31T11:27:00.000+01:00,DIAG-CLOSE;EURUSD;s=3;prev=1;c=2;firstObs=false;slotOn=true;inWindow=false;time_close=07-31 11:30
2026-07-31T12:09:00.000+01:00,DIAG-CLOSE;CADCHF;s=1;prev=6;c=7;firstObs=false;slotOn=true;inWindow=false;time_close=07-31 12:12
2026-07-31T12:27:00.000+01:00,DIAG-CLOSE;GBPUSD;s=0;prev=5;c=6;firstObs=false;slotOn=true;inWindow=false;time_close=07-31 12:30
2026-07-31T12:36:00.000+01:00,DIAG-CLOSE;AUDUSD;s=0;prev=3;c=4;firstObs=false;slotOn=true;inWindow=false;time_close=07-31 12:39
2026-07-31T12:36:00.000+01:00,DIAG-CLOSE;AUDUSD;s=3;prev=1;c=2;firstObs=false;slotOn=true;inWindow=false;time_close=07-31 12:39
2026-07-31T12:36:00.000+01:00,DIAG-CLOSE;AUDUSD;s=6;prev=0;c=1;firstObs=false;slotOn=true;inWindow=false;time_close=07-31 12:39
2026-07-31T12:51:00.000+01:00,DIAG-CLOSE;GBPCHF;s=0;prev=3;c=4;firstObs=false;slotOn=true;inWindow=false;time_close=07-31 12:54
2026-07-31T12:51:00.000+01:00,DIAG-CLOSE;GBPCHF;s=1;prev=4;c=5;firstObs=false;slotOn=true;inWindow=false;time_close=07-31 12:54
2026-07-31T12:51:00.000+01:00,DIAG-CLOSE;GBPCHF;s=2;prev=1;c=2;firstObs=false;slotOn=true;inWindow=false;time_close=07-31 12:54
2026-07-31T13:48:00.000+01:00,DIAG-CLOSE;EURCHF;s=0;prev=6;c=7;firstObs=false;slotOn=true;inWindow=false;time_close=07-31 13:51
2026-07-31T14:36:00.000+01:00,DIAG-CLOSE;AUDJPY;s=0;prev=3;c=4;firstObs=false;slotOn=true;inWindow=false;time_close=07-31 14:39
2026-07-31T14:36:00.000+01:00,DIAG-CLOSE;AUDJPY;s=1;prev=4;c=5;firstObs=false;slotOn=true;inWindow=false;time_close=07-31 14:39
2026-07-31T14:36:00.000+01:00,DIAG-CLOSE;AUDJPY;s=2;prev=0;c=1;firstObs=false;slotOn=true;inWindow=false;time_close=07-31 14:39
2026-07-31T14:36:00.000+01:00,DIAG-CLOSE;AUDJPY;s=3;prev=1;c=2;firstObs=false;slotOn=true;inWindow=false;time_close=07-31 14:39
2026-07-31T15:00:00.000+01:00,DIAG-CLOSE;USDCAD;s=0;prev=7;c=8;firstObs=false;slotOn=true;inWindow=false;time_close=07-31 15:03
2026-07-31T15:00:00.000+01:00,DIAG-CLOSE;USDCAD;s=1;prev=6;c=7;firstObs=false;slotOn=true;inWindow=false;time_close=07-31 15:03
2026-07-31T15:06:00.000+01:00,DIAG-CLOSE;EURUSD;s=0;prev=3;c=4;firstObs=false;slotOn=true;inWindow=false;time_close=07-31 15:09
2026-07-31T15:06:00.000+01:00,DIAG-CLOSE;EURUSD;s=1;prev=6;c=7;firstObs=false;slotOn=true;inWindow=false;time_close=07-31 15:09
2026-07-31T15:06:00.000+01:00,DIAG-CLOSE;EURUSD;s=2;prev=1;c=2;firstObs=false;slotOn=true;inWindow=false;time_close=07-31 15:09
2026-07-31T15:06:00.000+01:00,DIAG-CLOSE;EURUSD;s=3;prev=2;c=3;firstObs=false;slotOn=true;inWindow=false;time_close=07-31 15:09
2026-07-31T15:18:00.000+01:00,DIAG-CLOSE;EURCAD;s=0;prev=6;c=7;firstObs=false;slotOn=true;inWindow=false;time_close=07-31 15:21
2026-07-31T15:45:00.000+01:00,DIAG-CLOSE;EURAUD;s=1;prev=8;c=9;firstObs=false;slotOn=true;inWindow=false;time_close=07-31 15:48
2026-07-31T15:45:00.000+01:00,DIAG-CLOSE;EURAUD;s=2;prev=2;c=3;firstObs=false;slotOn=true;inWindow=false;time_close=07-31 15:48
2026-07-31T15:45:00.000+01:00,DIAG-CLOSE;EURAUD;s=4;prev=2;c=3;firstObs=false;slotOn=true;inWindow=false;time_close=07-31 15:48
2026-07-31T15:45:00.000+01:00,DIAG-CLOSE;EURAUD;s=5;prev=2;c=3;firstObs=false;slotOn=true;inWindow=false;time_close=07-31 15:48
2026-07-31T15:45:00.000+01:00,DIAG-CLOSE;EURAUD;s=7;prev=2;c=3;firstObs=false;slotOn=true;inWindow=false;time_close=07-31 15:48
2026-07-31T15:51:00.000+01:00,DIAG-CLOSE;GBPUSD;s=1;prev=4;c=5;firstObs=false;slotOn=true;inWindow=false;time_close=07-31 15:54
2026-07-31T15:51:00.000+01:00,DIAG-CLOSE;AUDUSD;s=0;prev=4;c=5;firstObs=false;slotOn=true;inWindow=false;time_close=07-31 15:54
2026-07-31T15:51:00.000+01:00,DIAG-CLOSE;AUDUSD;s=1;prev=4;c=5;firstObs=false;slotOn=true;inWindow=false;time_close=07-31 15:54
2026-07-31T15:51:00.000+01:00,DIAG-CLOSE;AUDUSD;s=2;prev=3;c=4;firstObs=false;slotOn=true;inWindow=false;time_close=07-31 15:54
2026-07-31T15:51:00.000+01:00,DIAG-CLOSE;AUDUSD;s=3;prev=2;c=3;firstObs=false;slotOn=true;inWindow=false;time_close=07-31 15:54
2026-07-31T15:51:00.000+01:00,DIAG-CLOSE;AUDUSD;s=5;prev=2;c=3;firstObs=false;slotOn=true;inWindow=false;time_close=07-31 15:54
2026-07-31T15:51:00.000+01:00,DIAG-CLOSE;AUDUSD;s=7;prev=2;c=3;firstObs=false;slotOn=true;inWindow=false;time_close=07-31 15:54
2026-07-31T17:33:00.000+01:00,DIAG-CLOSE;GBPAUD;s=5;prev=2;c=3;firstObs=false;slotOn=true;inWindow=false;time_close=07-31 17:36
2026-07-31T17:33:00.000+01:00,DIAG-CLOSE;GBPAUD;s=7;prev=0;c=1;firstObs=false;slotOn=true;inWindow=false;time_close=07-31 17:36
2026-07-31T17:36:00.000+01:00,DIAG-CLOSE;EURAUD;s=0;prev=6;c=7;firstObs=false;slotOn=true;inWindow=false;time_close=07-31 17:39
2026-07-31T17:36:00.000+01:00,DIAG-CLOSE;EURAUD;s=3;prev=3;c=4;firstObs=false;slotOn=true;inWindow=false;time_close=07-31 17:39
2026-07-31T18:15:00.000+01:00,DIAG-CLOSE;CADJPY;s=1;prev=7;c=8;firstObs=false;slotOn=true;inWindow=false;time_close=07-31 18:18
2026-07-31T18:39:00.000+01:00,DIAG-CLOSE;EURCHF;s=0;prev=7;c=8;firstObs=false;slotOn=true;inWindow=false;time_close=07-31 18:42
2026-07-31T18:39:00.000+01:00,DIAG-CLOSE;EURCHF;s=1;prev=6;c=7;firstObs=false;slotOn=true;inWindow=false;time_close=07-31 18:42
2026-07-31T18:39:00.000+01:00,DIAG-CLOSE;EURCHF;s=2;prev=2;c=3;firstObs=false;slotOn=true;inWindow=false;time_close=07-31 18:42
2026-07-31T18:39:00.000+01:00,DIAG-CLOSE;EURCHF;s=3;prev=1;c=2;firstObs=false;slotOn=true;inWindow=false;time_close=07-31 18:42
2026-07-31T18:39:00.000+01:00,DIAG-CLOSE;EURCHF;s=5;prev=1;c=2;firstObs=false;slotOn=true;inWindow=false;time_close=07-31 18:42
2026-08-03T08:24:00.000+01:00,DIAG-CLOSE;EURAUD;s=0;prev=7;c=8;firstObs=false;slotOn=true;inWindow=false;time_close=08-03 08:27
2026-08-03T08:24:00.000+01:00,DIAG-CLOSE;EURAUD;s=1;prev=9;c=10;firstObs=false;slotOn=true;inWindow=false;time_close=08-03 08:27
2026-08-03T08:24:00.000+01:00,DIAG-CLOSE;EURAUD;s=2;prev=3;c=4;firstObs=false;slotOn=true;inWindow=false;time_close=08-03 08:27
2026-08-03T08:24:00.000+01:00,DIAG-CLOSE;EURAUD;s=3;prev=4;c=5;firstObs=false;slotOn=true;inWindow=false;time_close=08-03 08:27
2026-08-03T08:45:00.000+01:00,DIAG-CLOSE;AUDCAD;s=0;prev=5;c=6;firstObs=false;slotOn=true;inWindow=false;time_close=08-03 08:48
2026-08-03T08:45:00.000+01:00,DIAG-CLOSE;AUDCAD;s=1;prev=6;c=7;firstObs=false;slotOn=true;inWindow=false;time_close=08-03 08:48
2026-08-03T08:45:00.000+01:00,DIAG-CLOSE;AUDCAD;s=2;prev=5;c=6;firstObs=false;slotOn=true;inWindow=false;time_close=08-03 08:48
2026-08-03T08:45:00.000+01:00,DIAG-CLOSE;AUDCAD;s=3;prev=3;c=4;firstObs=false;slotOn=true;inWindow=false;time_close=08-03 08:48
2026-08-03T08:54:00.000+01:00,DIAG-CLOSE;CADCHF;s=0;prev=7;c=8;firstObs=false;slotOn=true;inWindow=false;time_close=08-03 08:57
2026-08-03T08:54:00.000+01:00,DIAG-CLOSE;CADCHF;s=1;prev=7;c=8;firstObs=false;slotOn=true;inWindow=false;time_close=08-03 08:57
2026-08-03T09:03:00.000+01:00,DIAG-CLOSE;USDJPY;s=0;prev=6;c=7;firstObs=false;slotOn=true;inWindow=false;time_close=08-03 09:06
2026-08-03T10:21:00.000+01:00,DIAG-CLOSE;AUDCHF;s=0;prev=6;c=7;firstObs=false;slotOn=true;inWindow=false;time_close=08-03 10:24
2026-08-03T10:21:00.000+01:00,DIAG-CLOSE;AUDCHF;s=1;prev=6;c=7;firstObs=false;slotOn=true;inWindow=false;time_close=08-03 10:24
2026-08-03T11:30:00.000+01:00,DIAG-CLOSE;EURGBP;s=0;prev=5;c=6;firstObs=false;slotOn=true;inWindow=false;time_close=08-03 11:33
2026-08-03T11:30:00.000+01:00,DIAG-CLOSE;EURGBP;s=3;prev=3;c=4;firstObs=false;slotOn=true;inWindow=false;time_close=08-03 11:33
2026-08-03T11:36:00.000+01:00,DIAG-CLOSE;USDJPY;s=1;prev=5;c=6;firstObs=false;slotOn=true;inWindow=false;time_close=08-03 11:39
2026-08-03T12:00:00.000+01:00,DIAG-CLOSE;EURCAD;s=0;prev=7;c=8;firstObs=false;slotOn=true;inWindow=false;time_close=08-03 12:03
2026-08-03T12:00:00.000+01:00,DIAG-CLOSE;EURCAD;s=1;prev=4;c=5;firstObs=false;slotOn=true;inWindow=false;time_close=08-03 12:03
2026-08-03T12:00:00.000+01:00,DIAG-CLOSE;EURCAD;s=2;prev=2;c=3;firstObs=false;slotOn=true;inWindow=false;time_close=08-03 12:03
2026-08-03T12:00:00.000+01:00,DIAG-CLOSE;EURCAD;s=3;prev=3;c=4;firstObs=false;slotOn=true;inWindow=false;time_close=08-03 12:03
2026-08-03T12:00:00.000+01:00,DIAG-CLOSE;EURCAD;s=4;prev=1;c=2;firstObs=false;slotOn=true;inWindow=false;time_close=08-03 12:03
2026-08-03T12:00:00.000+01:00,DIAG-CLOSE;EURCAD;s=5;prev=1;c=2;firstObs=false;slotOn=true;inWindow=false;time_close=08-03 12:03
2026-08-03T12:00:00.000+01:00,DIAG-CLOSE;EURCAD;s=7;prev=1;c=2;firstObs=false;slotOn=true;inWindow=false;time_close=08-03 12:03
2026-08-03T12:42:00.000+01:00,DIAG-CLOSE;CADJPY;s=0;prev=4;c=5;firstObs=false;slotOn=true;inWindow=false;time_close=08-03 12:45
2026-08-03T12:42:00.000+01:00,DIAG-CLOSE;CADJPY;s=3;prev=3;c=4;firstObs=false;slotOn=true;inWindow=false;time_close=08-03 12:45
2026-08-03T13:18:00.000+01:00,DIAG-CLOSE;USDJPY;s=0;prev=7;c=8;firstObs=false;slotOn=true;inWindow=false;time_close=08-03 13:21
2026-08-03T13:18:00.000+01:00,DIAG-CLOSE;USDJPY;s=1;prev=6;c=7;firstObs=false;slotOn=true;inWindow=false;time_close=08-03 13:21
2026-08-03T13:18:00.000+01:00,DIAG-CLOSE;USDJPY;s=3;prev=2;c=3;firstObs=false;slotOn=true;inWindow=false;time_close=08-03 13:21
2026-08-03T13:18:00.000+01:00,DIAG-CLOSE;USDJPY;s=6;prev=0;c=1;firstObs=false;slotOn=true;inWindow=false;time_close=08-03 13:21
2026-08-03T13:18:00.000+01:00,DIAG-CLOSE;CADCHF;s=0;prev=8;c=9;firstObs=false;slotOn=true;inWindow=false;time_close=08-03 13:21
2026-08-03T13:18:00.000+01:00,DIAG-CLOSE;CADCHF;s=1;prev=8;c=9;firstObs=false;slotOn=true;inWindow=false;time_close=08-03 13:21
2026-08-03T13:30:00.000+01:00,DIAG-CLOSE;GBPAUD;s=0;prev=1;c=2;firstObs=false;slotOn=true;inWindow=false;time_close=08-03 13:33
2026-08-03T13:30:00.000+01:00,DIAG-CLOSE;GBPAUD;s=1;prev=3;c=4;firstObs=false;slotOn=true;inWindow=false;time_close=08-03 13:33
2026-08-03T13:30:00.000+01:00,DIAG-CLOSE;GBPAUD;s=2;prev=1;c=2;firstObs=false;slotOn=true;inWindow=false;time_close=08-03 13:33
2026-08-03T13:30:00.000+01:00,DIAG-CLOSE;GBPAUD;s=3;prev=1;c=2;firstObs=false;slotOn=true;inWindow=false;time_close=08-03 13:33
2026-08-03T13:57:00.000+01:00,DIAG-CLOSE;GBPAUD;s=5;prev=3;c=4;firstObs=false;slotOn=true;inWindow=false;time_close=08-03 14:00
2026-08-03T13:57:00.000+01:00,DIAG-CLOSE;GBPAUD;s=7;prev=1;c=2;firstObs=false;slotOn=true;inWindow=false;time_close=08-03 14:00
2026-08-03T14:21:00.000+01:00,DIAG-CLOSE;GBPAUD;s=0;prev=2;c=3;firstObs=false;slotOn=true;inWindow=false;time_close=08-03 14:24
2026-08-03T14:21:00.000+01:00,DIAG-CLOSE;GBPAUD;s=1;prev=4;c=5;firstObs=false;slotOn=true;inWindow=false;time_close=08-03 14:24
2026-08-03T14:27:00.000+01:00,DIAG-CLOSE;EURAUD;s=0;prev=8;c=9;firstObs=false;slotOn=true;inWindow=false;time_close=08-03 14:30
2026-08-03T14:27:00.000+01:00,DIAG-CLOSE;EURAUD;s=1;prev=10;c=11;firstObs=false;slotOn=true;inWindow=false;time_close=08-03 14:30
2026-08-03T15:21:00.000+01:00,DIAG-CLOSE;EURUSD;s=0;prev=4;c=5;firstObs=false;slotOn=true;inWindow=false;time_close=08-03 15:24
2026-08-03T15:21:00.000+01:00,DIAG-CLOSE;EURUSD;s=1;prev=7;c=8;firstObs=false;slotOn=true;inWindow=false;time_close=08-03 15:24
2026-08-03T15:21:00.000+01:00,DIAG-CLOSE;EURUSD;s=2;prev=2;c=3;firstObs=false;slotOn=true;inWindow=false;time_close=08-03 15:24
2026-08-03T15:21:00.000+01:00,DIAG-CLOSE;EURUSD;s=3;prev=3;c=4;firstObs=false;slotOn=true;inWindow=false;time_close=08-03 15:24
2026-08-03T15:21:00.000+01:00,DIAG-CLOSE;EURUSD;s=4;prev=0;c=1;firstObs=false;slotOn=true;inWindow=false;time_close=08-03 15:24
2026-08-03T15:21:00.000+01:00,DIAG-CLOSE;EURUSD;s=5;prev=0;c=1;firstObs=false;slotOn=true;inWindow=false;time_close=08-03 15:24
2026-08-03T15:21:00.000+01:00,DIAG-CLOSE;EURUSD;s=7;prev=0;c=1;firstObs=false;slotOn=true;inWindow=false;time_close=08-03 15:24
2026-08-03T15:21:00.000+01:00,DIAG-CLOSE;GBPCAD;s=0;prev=5;c=6;firstObs=false;slotOn=true;inWindow=false;time_close=08-03 15:24
2026-08-03T15:21:00.000+01:00,DIAG-CLOSE;GBPCAD;s=1;prev=3;c=4;firstObs=false;slotOn=true;inWindow=false;time_close=08-03 15:24
2026-08-03T15:39:00.000+01:00,DIAG-CLOSE;AUDCHF;s=0;prev=7;c=8;firstObs=false;slotOn=true;inWindow=false;time_close=08-03 15:42
2026-08-03T15:39:00.000+01:00,DIAG-CLOSE;AUDCHF;s=1;prev=7;c=8;firstObs=false;slotOn=true;inWindow=false;time_close=08-03 15:42
2026-08-03T16:00:00.000+01:00,DIAG-CLOSE;AUDJPY;s=0;prev=4;c=5;firstObs=false;slotOn=true;inWindow=false;time_close=08-03 16:03
2026-08-03T16:33:00.000+01:00,DIAG-CLOSE;GBPUSD;s=1;prev=5;c=6;firstObs=false;slotOn=true;inWindow=false;time_close=08-03 16:36
2026-08-03T16:33:00.000+01:00,DIAG-CLOSE;GBPUSD;s=2;prev=3;c=4;firstObs=false;slotOn=true;inWindow=false;time_close=08-03 16:36
2026-08-03T17:30:00.000+01:00,DIAG-CLOSE;AUDJPY;s=0;prev=5;c=6;firstObs=false;slotOn=true;inWindow=false;time_close=08-03 17:33
2026-08-03T19:39:00.000+01:00,DIAG-CLOSE;CADCHF;s=1;prev=9;c=10;firstObs=false;slotOn=true;inWindow=false;time_close=08-03 19:42
2026-08-04T08:21:00.000+01:00,DIAG-CLOSE;AUDJPY;s=1;prev=5;c=6;firstObs=false;slotOn=true;inWindow=false;time_close=08-04 08:24
2026-08-04T08:21:00.000+01:00,DIAG-CLOSE;AUDJPY;s=2;prev=1;c=2;firstObs=false;slotOn=true;inWindow=false;time_close=08-04 08:24
2026-08-04T08:21:00.000+01:00,DIAG-CLOSE;AUDJPY;s=5;prev=0;c=1;firstObs=false;slotOn=true;inWindow=false;time_close=08-04 08:24
2026-08-04T08:54:00.000+01:00,DIAG-CLOSE;CADJPY;s=0;prev=5;c=6;firstObs=false;slotOn=true;inWindow=false;time_close=08-04 08:57
2026-08-04T08:54:00.000+01:00,DIAG-CLOSE;CADJPY;s=1;prev=8;c=9;firstObs=false;slotOn=true;inWindow=false;time_close=08-04 08:57
2026-08-04T08:54:00.000+01:00,DIAG-CLOSE;CADJPY;s=2;prev=4;c=5;firstObs=false;slotOn=true;inWindow=false;time_close=08-04 08:57
2026-08-04T08:54:00.000+01:00,DIAG-CLOSE;CADJPY;s=3;prev=4;c=5;firstObs=false;slotOn=true;inWindow=false;time_close=08-04 08:57
2026-08-04T08:54:00.000+01:00,DIAG-CLOSE;CADJPY;s=4;prev=1;c=2;firstObs=false;slotOn=true;inWindow=false;time_close=08-04 08:57
2026-08-04T08:54:00.000+01:00,DIAG-CLOSE;CADJPY;s=5;prev=1;c=2;firstObs=false;slotOn=true;inWindow=false;time_close=08-04 08:57
2026-08-04T08:54:00.000+01:00,DIAG-CLOSE;CADJPY;s=6;prev=0;c=1;firstObs=false;slotOn=true;inWindow=false;time_close=08-04 08:57
2026-08-04T09:03:00.000+01:00,DIAG-CLOSE;EURJPY;s=1;prev=4;c=5;firstObs=false;slotOn=true;inWindow=false;time_close=08-04 09:06
2026-08-04T09:24:00.000+01:00,DIAG-CLOSE;EURCHF;s=0;prev=8;c=9;firstObs=false;slotOn=true;inWindow=false;time_close=08-04 09:27
2026-08-04T09:24:00.000+01:00,DIAG-CLOSE;EURCHF;s=1;prev=7;c=8;firstObs=false;slotOn=true;inWindow=false;time_close=08-04 09:27
2026-08-04T09:24:00.000+01:00,DIAG-CLOSE;EURCHF;s=2;prev=3;c=4;firstObs=false;slotOn=true;inWindow=false;time_close=08-04 09:27
2026-08-04T09:24:00.000+01:00,DIAG-CLOSE;EURCHF;s=3;prev=2;c=3;firstObs=false;slotOn=true;inWindow=false;time_close=08-04 09:27
2026-08-04T11:36:00.000+01:00,DIAG-CLOSE;EURGBP;s=5;prev=2;c=3;firstObs=false;slotOn=true;inWindow=false;time_close=08-04 11:39
2026-08-04T11:39:00.000+01:00,DIAG-CLOSE;USDJPY;s=1;prev=7;c=8;firstObs=false;slotOn=true;inWindow=false;time_close=08-04 11:42
2026-08-04T11:54:00.000+01:00,DIAG-CLOSE;EURCAD;s=1;prev=5;c=6;firstObs=false;slotOn=true;inWindow=false;time_close=08-04 11:57
2026-08-04T11:54:00.000+01:00,DIAG-CLOSE;EURCAD;s=2;prev=3;c=4;firstObs=false;slotOn=true;inWindow=false;time_close=08-04 11:57
2026-08-04T11:54:00.000+01:00,DIAG-CLOSE;EURCAD;s=4;prev=2;c=3;firstObs=false;slotOn=true;inWindow=false;time_close=08-04 11:57
2026-08-04T11:54:00.000+01:00,DIAG-CLOSE;EURCAD;s=5;prev=2;c=3;firstObs=false;slotOn=true;inWindow=false;time_close=08-04 11:57
2026-08-04T11:54:00.000+01:00,DIAG-CLOSE;EURCAD;s=7;prev=2;c=3;firstObs=false;slotOn=true;inWindow=false;time_close=08-04 11:57
2026-08-04T12:24:00.000+01:00,DIAG-CLOSE;EURJPY;s=1;prev=5;c=6;firstObs=false;slotOn=true;inWindow=false;time_close=08-04 12:27
2026-08-04T12:30:00.000+01:00,DIAG-CLOSE;GBPJPY;s=1;prev=0;c=1;firstObs=false;slotOn=true;inWindow=false;time_close=08-04 12:33
2026-08-04T12:30:00.000+01:00,DIAG-CLOSE;GBPJPY;s=2;prev=0;c=1;firstObs=false;slotOn=true;inWindow=false;time_close=08-04 12:33
2026-08-04T12:33:00.000+01:00,DIAG-CLOSE;GBPJPY;s=0;prev=0;c=1;firstObs=false;slotOn=true;inWindow=false;time_close=08-04 12:36
2026-08-04T12:33:00.000+01:00,DIAG-CLOSE;GBPJPY;s=3;prev=0;c=1;firstObs=false;slotOn=true;inWindow=false;time_close=08-04 12:36
2026-08-04T12:33:00.000+01:00,DIAG-CLOSE;GBPCHF;s=0;prev=4;c=5;firstObs=false;slotOn=true;inWindow=false;time_close=08-04 12:36
2026-08-04T12:33:00.000+01:00,DIAG-CLOSE;GBPCHF;s=3;prev=1;c=2;firstObs=false;slotOn=true;inWindow=false;time_close=08-04 12:36
2026-08-04T12:51:00.000+01:00,DIAG-CLOSE;EURCHF;s=0;prev=9;c=10;firstObs=false;slotOn=true;inWindow=false;time_close=08-04 12:54
2026-08-04T12:51:00.000+01:00,DIAG-CLOSE;EURCHF;s=1;prev=8;c=9;firstObs=false;slotOn=true;inWindow=false;time_close=08-04 12:54
2026-08-04T12:51:00.000+01:00,DIAG-CLOSE;EURCHF;s=2;prev=4;c=5;firstObs=false;slotOn=true;inWindow=false;time_close=08-04 12:54
2026-08-04T13:21:00.000+01:00,DIAG-CLOSE;AUDUSD;s=0;prev=5;c=6;firstObs=false;slotOn=true;inWindow=false;time_close=08-04 13:24
2026-08-04T13:21:00.000+01:00,DIAG-CLOSE;AUDUSD;s=1;prev=5;c=6;firstObs=false;slotOn=true;inWindow=false;time_close=08-04 13:24
2026-08-04T13:21:00.000+01:00,DIAG-CLOSE;AUDUSD;s=3;prev=3;c=4;firstObs=false;slotOn=true;inWindow=false;time_close=08-04 13:24
2026-08-04T14:18:00.000+01:00,DIAG-CLOSE;CHFJPY;s=0;prev=2;c=3;firstObs=false;slotOn=true;inWindow=false;time_close=08-04 14:21
2026-08-04T14:18:00.000+01:00,DIAG-CLOSE;CHFJPY;s=1;prev=2;c=3;firstObs=false;slotOn=true;inWindow=false;time_close=08-04 14:21
2026-08-04T14:18:00.000+01:00,DIAG-CLOSE;CHFJPY;s=3;prev=1;c=2;firstObs=false;slotOn=true;inWindow=false;time_close=08-04 14:21
2026-08-04T14:36:00.000+01:00,DIAG-CLOSE;AUDJPY;s=1;prev=6;c=7;firstObs=false;slotOn=true;inWindow=false;time_close=08-04 14:39
2026-08-04T15:27:00.000+01:00,DIAG-CLOSE;EURJPY;s=0;prev=4;c=5;firstObs=false;slotOn=true;inWindow=false;time_close=08-04 15:30
2026-08-04T15:27:00.000+01:00,DIAG-CLOSE;EURJPY;s=1;prev=6;c=7;firstObs=false;slotOn=true;inWindow=false;time_close=08-04 15:30
2026-08-04T15:27:00.000+01:00,DIAG-CLOSE;EURJPY;s=2;prev=3;c=4;firstObs=false;slotOn=true;inWindow=false;time_close=08-04 15:30
2026-08-04T15:27:00.000+01:00,DIAG-CLOSE;GBPJPY;s=1;prev=1;c=2;firstObs=false;slotOn=true;inWindow=false;time_close=08-04 15:30
2026-08-04T15:27:00.000+01:00,DIAG-CLOSE;GBPJPY;s=2;prev=1;c=2;firstObs=false;slotOn=true;inWindow=false;time_close=08-04 15:30
2026-08-04T15:54:00.000+01:00,DIAG-CLOSE;USDJPY;s=5;prev=2;c=3;firstObs=false;slotOn=true;inWindow=false;time_close=08-04 15:57
2026-08-04T16:27:00.000+01:00,DIAG-CLOSE;EURCHF;s=0;prev=10;c=11;firstObs=false;slotOn=true;inWindow=false;time_close=08-04 16:30
2026-08-04T16:27:00.000+01:00,DIAG-CLOSE;EURCHF;s=1;prev=9;c=10;firstObs=false;slotOn=true;inWindow=false;time_close=08-04 16:30
2026-08-04T16:27:00.000+01:00,DIAG-CLOSE;EURCHF;s=2;prev=5;c=6;firstObs=false;slotOn=true;inWindow=false;time_close=08-04 16:30
2026-08-04T16:48:00.000+01:00,DIAG-CLOSE;AUDCAD;s=0;prev=6;c=7;firstObs=false;slotOn=true;inWindow=false;time_close=08-04 16:51
2026-08-04T17:21:00.000+01:00,DIAG-CLOSE;AUDUSD;s=0;prev=6;c=7;firstObs=false;slotOn=true;inWindow=false;time_close=08-04 17:24
2026-08-04T17:30:00.000+01:00,DIAG-CLOSE;EURAUD;s=0;prev=9;c=10;firstObs=false;slotOn=true;inWindow=false;time_close=08-04 17:33
2026-08-04T17:30:00.000+01:00,DIAG-CLOSE;EURAUD;s=1;prev=11;c=12;firstObs=false;slotOn=true;inWindow=false;time_close=08-04 17:33
2026-08-04T17:30:00.000+01:00,DIAG-CLOSE;EURAUD;s=2;prev=4;c=5;firstObs=false;slotOn=true;inWindow=false;time_close=08-04 17:33
2026-08-04T17:39:00.000+01:00,DIAG-CLOSE;AUDJPY;s=0;prev=6;c=7;firstObs=false;slotOn=true;inWindow=false;time_close=08-04 17:42
2026-08-04T17:39:00.000+01:00,DIAG-CLOSE;AUDJPY;s=1;prev=7;c=8;firstObs=false;slotOn=true;inWindow=false;time_close=08-04 17:42
2026-08-04T18:00:00.000+01:00,DIAG-CLOSE;EURJPY;s=0;prev=5;c=6;firstObs=false;slotOn=true;inWindow=false;time_close=08-04 18:03
2026-08-04T18:00:00.000+01:00,DIAG-CLOSE;EURJPY;s=1;prev=7;c=8;firstObs=false;slotOn=true;inWindow=false;time_close=08-04 18:03
2026-08-04T18:03:00.000+01:00,DIAG-CLOSE;CADJPY;s=0;prev=6;c=7;firstObs=false;slotOn=true;inWindow=false;time_close=08-04 18:06
2026-08-04T18:03:00.000+01:00,DIAG-CLOSE;CADJPY;s=1;prev=9;c=10;firstObs=false;slotOn=true;inWindow=false;time_close=08-04 18:06
2026-08-04T18:03:00.000+01:00,DIAG-CLOSE;CADJPY;s=3;prev=5;c=6;firstObs=false;slotOn=true;inWindow=false;time_close=08-04 18:06
2026-08-04T18:48:00.000+01:00,DIAG-CLOSE;GBPCHF;s=0;prev=5;c=6;firstObs=false;slotOn=true;inWindow=false;time_close=08-04 18:51
2026-08-04T18:48:00.000+01:00,DIAG-CLOSE;GBPCHF;s=1;prev=5;c=6;firstObs=false;slotOn=true;inWindow=false;time_close=08-04 18:51
2026-08-04T19:27:00.000+01:00,DIAG-CLOSE;GBPJPY;s=0;prev=1;c=2;firstObs=false;slotOn=true;inWindow=false;time_close=08-04 19:30
2026-08-04T19:27:00.000+01:00,DIAG-CLOSE;GBPJPY;s=1;prev=2;c=3;firstObs=false;slotOn=true;inWindow=false;time_close=08-04 19:30
2026-08-04T19:27:00.000+01:00,DIAG-CLOSE;GBPJPY;s=2;prev=2;c=3;firstObs=false;slotOn=true;inWindow=false;time_close=08-04 19:30
2026-08-04T19:27:00.000+01:00,DIAG-CLOSE;GBPJPY;s=3;prev=1;c=2;firstObs=false;slotOn=true;inWindow=false;time_close=08-04 19:30
2026-08-04T19:27:00.000+01:00,DIAG-CLOSE;GBPJPY;s=4;prev=0;c=1;firstObs=false;slotOn=true;inWindow=false;time_close=08-04 19:30
2026-08-04T19:27:00.000+01:00,DIAG-CLOSE;GBPJPY;s=5;prev=0;c=1;firstObs=false;slotOn=true;inWindow=false;time_close=08-04 19:30
2026-08-04T19:27:00.000+01:00,DIAG-CLOSE;GBPJPY;s=6;prev=0;c=1;firstObs=false;slotOn=true;inWindow=false;time_close=08-04 19:30
2026-08-04T19:27:00.000+01:00,DIAG-CLOSE;GBPJPY;s=7;prev=0;c=1;firstObs=false;slotOn=true;inWindow=false;time_close=08-04 19:30
2026-08-04T19:30:00.000+01:00,DIAG-CLOSE;CADCHF;s=1;prev=10;c=11;firstObs=false;slotOn=true;inWindow=false;time_close=08-04 19:33
2026-08-04T19:30:00.000+01:00,DIAG-CLOSE;CADCHF;s=2;prev=3;c=4;firstObs=false;slotOn=true;inWindow=false;time_close=08-04 19:33
2026-08-04T19:30:00.000+01:00,DIAG-CLOSE;CADCHF;s=4;prev=2;c=3;firstObs=false;slotOn=true;inWindow=false;time_close=08-04 19:33
2026-08-04T19:30:00.000+01:00,DIAG-CLOSE;CADCHF;s=5;prev=1;c=2;firstObs=false;slotOn=true;inWindow=false;time_close=08-04 19:33
2026-08-04T19:30:00.000+01:00,DIAG-CLOSE;CADCHF;s=7;prev=1;c=2;firstObs=false;slotOn=true;inWindow=false;time_close=08-04 19:33
2026-08-04T19:36:00.000+01:00,DIAG-CLOSE;CHFJPY;s=1;prev=3;c=4;firstObs=false;slotOn=true;inWindow=false;time_close=08-04 19:39
2026-08-04T19:36:00.000+01:00,DIAG-CLOSE;CHFJPY;s=2;prev=1;c=2;firstObs=false;slotOn=true;inWindow=false;time_close=08-04 19:39
2026-08-04T19:36:00.000+01:00,DIAG-CLOSE;CHFJPY;s=4;prev=1;c=2;firstObs=false;slotOn=true;inWindow=false;time_close=08-04 19:39
2026-08-04T19:36:00.000+01:00,DIAG-CLOSE;CHFJPY;s=5;prev=1;c=2;firstObs=false;slotOn=true;inWindow=false;time_close=08-04 19:39
2026-08-04T19:36:00.000+01:00,DIAG-CLOSE;CHFJPY;s=7;prev=0;c=1;firstObs=false;slotOn=true;inWindow=false;time_close=08-04 19:39
2026-08-05T09:45:00.000+01:00,DIAG-CLOSE;USDCAD;s=5;prev=3;c=4;firstObs=false;slotOn=true;inWindow=false;time_close=08-05 09:48
2026-08-05T09:51:00.000+01:00,DIAG-CLOSE;GBPCAD;s=0;prev=6;c=7;firstObs=false;slotOn=true;inWindow=false;time_close=08-05 09:54
2026-08-05T09:51:00.000+01:00,DIAG-CLOSE;GBPCAD;s=1;prev=4;c=5;firstObs=false;slotOn=true;inWindow=false;time_close=08-05 09:54
2026-08-05T09:57:00.000+01:00,DIAG-CLOSE;GBPUSD;s=0;prev=6;c=7;firstObs=false;slotOn=true;inWindow=false;time_close=08-05 10:00
2026-08-05T09:57:00.000+01:00,DIAG-CLOSE;GBPUSD;s=1;prev=6;c=7;firstObs=false;slotOn=true;inWindow=false;time_close=08-05 10:00
2026-08-05T09:57:00.000+01:00,DIAG-CLOSE;GBPUSD;s=2;prev=4;c=5;firstObs=false;slotOn=true;inWindow=false;time_close=08-05 10:00
2026-08-05T09:57:00.000+01:00,DIAG-CLOSE;GBPUSD;s=3;prev=3;c=4;firstObs=false;slotOn=true;inWindow=false;time_close=08-05 10:00
2026-08-05T09:57:00.000+01:00,DIAG-CLOSE;GBPUSD;s=4;prev=2;c=3;firstObs=false;slotOn=true;inWindow=false;time_close=08-05 10:00
2026-08-05T09:57:00.000+01:00,DIAG-CLOSE;GBPUSD;s=5;prev=1;c=2;firstObs=false;slotOn=true;inWindow=false;time_close=08-05 10:00
2026-08-05T09:57:00.000+01:00,DIAG-CLOSE;GBPUSD;s=6;prev=0;c=1;firstObs=false;slotOn=true;inWindow=false;time_close=08-05 10:00
2026-08-05T09:57:00.000+01:00,DIAG-CLOSE;GBPUSD;s=7;prev=1;c=2;firstObs=false;slotOn=true;inWindow=false;time_close=08-05 10:00
2026-08-05T09:57:00.000+01:00,DIAG-CLOSE;AUDUSD;s=0;prev=7;c=8;firstObs=false;slotOn=true;inWindow=false;time_close=08-05 10:00
2026-08-05T09:57:00.000+01:00,DIAG-CLOSE;AUDUSD;s=1;prev=6;c=7;firstObs=false;slotOn=true;inWindow=false;time_close=08-05 10:00
2026-08-05T10:00:00.000+01:00,DIAG-CLOSE;AUDCHF;s=1;prev=8;c=9;firstObs=false;slotOn=true;inWindow=false;time_close=08-05 10:03
2026-08-05T10:00:00.000+01:00,DIAG-CLOSE;AUDCHF;s=2;prev=4;c=5;firstObs=false;slotOn=true;inWindow=false;time_close=08-05 10:03
2026-08-05T10:15:00.000+01:00,DIAG-CLOSE;USDCAD;s=0;prev=8;c=9;firstObs=false;slotOn=true;inWindow=false;time_close=08-05 10:18
2026-08-05T10:15:00.000+01:00,DIAG-CLOSE;USDCAD;s=1;prev=7;c=8;firstObs=false;slotOn=true;inWindow=false;time_close=08-05 10:18
2026-08-05T10:15:00.000+01:00,DIAG-CLOSE;USDCAD;s=2;prev=3;c=4;firstObs=false;slotOn=true;inWindow=false;time_close=08-05 10:18
2026-08-05T10:15:00.000+01:00,DIAG-CLOSE;USDCAD;s=3;prev=3;c=4;firstObs=false;slotOn=true;inWindow=false;time_close=08-05 10:18
2026-08-05T10:24:00.000+01:00,DIAG-CLOSE;EURAUD;s=1;prev=12;c=13;firstObs=false;slotOn=true;inWindow=false;time_close=08-05 10:27
2026-08-05T10:24:00.000+01:00,DIAG-CLOSE;AUDCAD;s=0;prev=7;c=8;firstObs=false;slotOn=true;inWindow=false;time_close=08-05 10:27
2026-08-05T10:24:00.000+01:00,DIAG-CLOSE;AUDCAD;s=1;prev=7;c=8;firstObs=false;slotOn=true;inWindow=false;time_close=08-05 10:27
2026-08-05T10:24:00.000+01:00,DIAG-CLOSE;AUDCAD;s=2;prev=6;c=7;firstObs=false;slotOn=true;inWindow=false;time_close=08-05 10:27
2026-08-05T10:24:00.000+01:00,DIAG-CLOSE;AUDCAD;s=4;prev=4;c=5;firstObs=false;slotOn=true;inWindow=false;time_close=08-05 10:27
2026-08-05T10:24:00.000+01:00,DIAG-CLOSE;AUDCAD;s=5;prev=3;c=4;firstObs=false;slotOn=true;inWindow=false;time_close=08-05 10:27
2026-08-05T10:33:00.000+01:00,DIAG-CLOSE;USDCHF;s=1;prev=5;c=6;firstObs=false;slotOn=true;inWindow=false;time_close=08-05 10:36
2026-08-05T10:33:00.000+01:00,DIAG-CLOSE;USDCHF;s=2;prev=3;c=4;firstObs=false;slotOn=true;inWindow=false;time_close=08-05 10:36
2026-08-05T10:33:00.000+01:00,DIAG-CLOSE;USDCHF;s=4;prev=0;c=1;firstObs=false;slotOn=true;inWindow=false;time_close=08-05 10:36
2026-08-05T10:33:00.000+01:00,DIAG-CLOSE;USDCHF;s=5;prev=1;c=2;firstObs=false;slotOn=true;inWindow=false;time_close=08-05 10:36
2026-08-05T10:33:00.000+01:00,DIAG-CLOSE;USDCHF;s=7;prev=1;c=2;firstObs=false;slotOn=true;inWindow=false;time_close=08-05 10:36
2026-08-05T10:33:00.000+01:00,DIAG-CLOSE;AUDCHF;s=0;prev=8;c=9;firstObs=false;slotOn=true;inWindow=false;time_close=08-05 10:36
2026-08-05T10:48:00.000+01:00,DIAG-CLOSE;USDCHF;s=0;prev=5;c=6;firstObs=false;slotOn=true;inWindow=false;time_close=08-05 10:51
2026-08-05T11:21:00.000+01:00,DIAG-CLOSE;CADCHF;s=1;prev=11;c=12;firstObs=false;slotOn=true;inWindow=false;time_close=08-05 11:24
2026-08-05T11:21:00.000+01:00,DIAG-CLOSE;CADCHF;s=2;prev=4;c=5;firstObs=false;slotOn=true;inWindow=false;time_close=08-05 11:24
2026-08-05T11:21:00.000+01:00,DIAG-CLOSE;CADCHF;s=4;prev=3;c=4;firstObs=false;slotOn=true;inWindow=false;time_close=08-05 11:24
2026-08-05T11:54:00.000+01:00,DIAG-CLOSE;CADJPY;s=0;prev=7;c=8;firstObs=false;slotOn=true;inWindow=false;time_close=08-05 11:57
2026-08-05T11:54:00.000+01:00,DIAG-CLOSE;CADJPY;s=1;prev=10;c=11;firstObs=false;slotOn=true;inWindow=false;time_close=08-05 11:57
2026-08-05T12:18:00.000+01:00,DIAG-CLOSE;CADCHF;s=0;prev=9;c=10;firstObs=false;slotOn=true;inWindow=false;time_close=08-05 12:21
2026-08-05T12:33:00.000+01:00,DIAG-CLOSE;EURAUD;s=0;prev=10;c=11;firstObs=false;slotOn=true;inWindow=false;time_close=08-05 12:36
2026-08-05T12:33:00.000+01:00,DIAG-CLOSE;EURAUD;s=1;prev=13;c=14;firstObs=false;slotOn=true;inWindow=false;time_close=08-05 12:36
2026-08-05T13:54:00.000+01:00,DIAG-CLOSE;AUDJPY;s=1;prev=8;c=9;firstObs=false;slotOn=true;inWindow=false;time_close=08-05 13:57
2026-08-05T14:09:00.000+01:00,DIAG-CLOSE;GBPJPY;s=0;prev=2;c=3;firstObs=false;slotOn=true;inWindow=false;time_close=08-05 14:12
2026-08-05T14:15:00.000+01:00,DIAG-CLOSE;GBPJPY;s=1;prev=3;c=4;firstObs=false;slotOn=true;inWindow=false;time_close=08-05 14:18
2026-08-05T14:15:00.000+01:00,DIAG-CLOSE;GBPJPY;s=2;prev=3;c=4;firstObs=false;slotOn=true;inWindow=false;time_close=08-05 14:18
2026-08-05T14:15:00.000+01:00,DIAG-CLOSE;GBPJPY;s=4;prev=1;c=2;firstObs=false;slotOn=true;inWindow=false;time_close=08-05 14:18
2026-08-05T14:15:00.000+01:00,DIAG-CLOSE;GBPJPY;s=5;prev=1;c=2;firstObs=false;slotOn=true;inWindow=false;time_close=08-05 14:18
2026-08-05T14:21:00.000+01:00,DIAG-CLOSE;EURGBP;s=0;prev=6;c=7;firstObs=false;slotOn=true;inWindow=false;time_close=08-05 14:24
2026-08-05T14:54:00.000+01:00,DIAG-CLOSE;EURCAD;s=0;prev=8;c=9;firstObs=false;slotOn=true;inWindow=false;time_close=08-05 14:57
2026-08-05T14:54:00.000+01:00,DIAG-CLOSE;EURCAD;s=1;prev=6;c=7;firstObs=false;slotOn=true;inWindow=false;time_close=08-05 14:57
2026-08-05T14:54:00.000+01:00,DIAG-CLOSE;EURCAD;s=2;prev=4;c=5;firstObs=false;slotOn=true;inWindow=false;time_close=08-05 14:57
2026-08-05T15:15:00.000+01:00,DIAG-CLOSE;USDCHF;s=0;prev=6;c=7;firstObs=false;slotOn=true;inWindow=false;time_close=08-05 15:18
2026-08-05T15:15:00.000+01:00,DIAG-CLOSE;USDCHF;s=1;prev=6;c=7;firstObs=false;slotOn=true;inWindow=false;time_close=08-05 15:18
2026-08-05T15:15:00.000+01:00,DIAG-CLOSE;USDCHF;s=2;prev=4;c=5;firstObs=false;slotOn=true;inWindow=false;time_close=08-05 15:18
2026-08-05T15:15:00.000+01:00,DIAG-CLOSE;USDCHF;s=3;prev=3;c=4;firstObs=false;slotOn=true;inWindow=false;time_close=08-05 15:18
2026-08-05T15:15:00.000+01:00,DIAG-CLOSE;USDCHF;s=4;prev=1;c=2;firstObs=false;slotOn=true;inWindow=false;time_close=08-05 15:18
2026-08-05T16:51:00.000+01:00,DIAG-CLOSE;EURAUD;s=0;prev=11;c=12;firstObs=false;slotOn=true;inWindow=false;time_close=08-05 16:54
2026-08-05T16:51:00.000+01:00,DIAG-CLOSE;EURAUD;s=1;prev=14;c=15;firstObs=false;slotOn=true;inWindow=false;time_close=08-05 16:54
2026-08-05T16:51:00.000+01:00,DIAG-CLOSE;EURAUD;s=2;prev=5;c=6;firstObs=false;slotOn=true;inWindow=false;time_close=08-05 16:54
2026-08-05T18:06:00.000+01:00,DIAG-CLOSE;GBPUSD;s=0;prev=7;c=8;firstObs=false;slotOn=true;inWindow=false;time_close=08-05 18:09
2026-08-05T18:06:00.000+01:00,DIAG-CLOSE;GBPUSD;s=1;prev=7;c=8;firstObs=false;slotOn=true;inWindow=false;time_close=08-05 18:09
2026-08-05T18:06:00.000+01:00,DIAG-CLOSE;USDCAD;s=0;prev=9;c=10;firstObs=false;slotOn=true;inWindow=false;time_close=08-05 18:09
2026-08-05T18:06:00.000+01:00,DIAG-CLOSE;USDCAD;s=1;prev=8;c=9;firstObs=false;slotOn=true;inWindow=false;time_close=08-05 18:09
2026-08-05T18:18:00.000+01:00,DIAG-CLOSE;CADJPY;s=0;prev=8;c=9;firstObs=false;slotOn=true;inWindow=false;time_close=08-05 18:21
2026-08-05T18:18:00.000+01:00,DIAG-CLOSE;CADJPY;s=1;prev=11;c=12;firstObs=false;slotOn=true;inWindow=false;time_close=08-05 18:21
2026-08-05T18:18:00.000+01:00,DIAG-CLOSE;CADJPY;s=2;prev=5;c=6;firstObs=false;slotOn=true;inWindow=false;time_close=08-05 18:21
2026-08-05T18:18:00.000+01:00,DIAG-CLOSE;CADJPY;s=3;prev=6;c=7;firstObs=false;slotOn=true;inWindow=false;time_close=08-05 18:21
2026-08-05T18:18:00.000+01:00,DIAG-CLOSE;CADJPY;s=4;prev=2;c=3;firstObs=false;slotOn=true;inWindow=false;time_close=08-05 18:21
2026-08-05T18:42:00.000+01:00,DIAG-CLOSE;AUDUSD;s=1;prev=7;c=8;firstObs=false;slotOn=true;inWindow=false;time_close=08-05 18:45
2026-08-05T18:42:00.000+01:00,DIAG-CLOSE;AUDUSD;s=2;prev=4;c=5;firstObs=false;slotOn=true;inWindow=false;time_close=08-05 18:45
2026-08-05T18:42:00.000+01:00,DIAG-CLOSE;AUDUSD;s=5;prev=3;c=4;firstObs=false;slotOn=true;inWindow=false;time_close=08-05 18:45
2026-08-05T19:00:00.000+01:00,DIAG-CLOSE;AUDCHF;s=1;prev=9;c=10;firstObs=false;slotOn=true;inWindow=false;time_close=08-05 19:03
2026-08-05T19:00:00.000+01:00,DIAG-CLOSE;AUDCHF;s=2;prev=5;c=6;firstObs=false;slotOn=true;inWindow=false;time_close=08-05 19:03
2026-08-05T19:00:00.000+01:00,DIAG-CLOSE;AUDCHF;s=4;prev=2;c=3;firstObs=false;slotOn=true;inWindow=false;time_close=08-05 19:03
2026-08-05T19:00:00.000+01:00,DIAG-CLOSE;AUDCHF;s=5;prev=2;c=3;firstObs=false;slotOn=true;inWindow=false;time_close=08-05 19:03
2026-08-05T19:12:00.000+01:00,DIAG-CLOSE;AUDCHF;s=0;prev=9;c=10;firstObs=false;slotOn=true;inWindow=false;time_close=08-05 19:15
2026-08-05T19:12:00.000+01:00,DIAG-CLOSE;AUDCHF;s=3;prev=5;c=6;firstObs=false;slotOn=true;inWindow=false;time_close=08-05 19:15
2026-08-06T08:51:00.000+01:00,DIAG-CLOSE;EURJPY;s=0;prev=6;c=7;firstObs=false;slotOn=true;inWindow=false;time_close=08-06 08:54
2026-08-06T08:51:00.000+01:00,DIAG-CLOSE;EURJPY;s=1;prev=8;c=9;firstObs=false;slotOn=true;inWindow=false;time_close=08-06 08:54
2026-08-06T08:51:00.000+01:00,DIAG-CLOSE;CADJPY;s=0;prev=9;c=10;firstObs=false;slotOn=true;inWindow=false;time_close=08-06 08:54
2026-08-06T08:51:00.000+01:00,DIAG-CLOSE;CADJPY;s=1;prev=12;c=13;firstObs=false;slotOn=true;inWindow=false;time_close=08-06 08:54
2026-08-06T09:39:00.000+01:00,DIAG-CLOSE;EURAUD;s=0;prev=12;c=13;firstObs=false;slotOn=true;inWindow=false;time_close=08-06 09:42
2026-08-06T09:39:00.000+01:00,DIAG-CLOSE;EURAUD;s=1;prev=15;c=16;firstObs=false;slotOn=true;inWindow=false;time_close=08-06 09:42
2026-08-06T09:39:00.000+01:00,DIAG-CLOSE;EURAUD;s=2;prev=6;c=7;firstObs=false;slotOn=true;inWindow=false;time_close=08-06 09:42
2026-08-06T10:21:00.000+01:00,DIAG-CLOSE;CADJPY;s=0;prev=10;c=11;firstObs=false;slotOn=true;inWindow=false;time_close=08-06 10:24
2026-08-06T10:21:00.000+01:00,DIAG-CLOSE;CADJPY;s=1;prev=13;c=14;firstObs=false;slotOn=true;inWindow=false;time_close=08-06 10:24
2026-08-06T10:21:00.000+01:00,DIAG-CLOSE;CADJPY;s=2;prev=6;c=7;firstObs=false;slotOn=true;inWindow=false;time_close=08-06 10:24
2026-08-06T10:21:00.000+01:00,DIAG-CLOSE;CADJPY;s=3;prev=7;c=8;firstObs=false;slotOn=true;inWindow=false;time_close=08-06 10:24
2026-08-06T11:27:00.000+01:00,DIAG-CLOSE;GBPAUD;s=1;prev=5;c=6;firstObs=false;slotOn=true;inWindow=false;time_close=08-06 11:30
2026-08-06T12:09:00.000+01:00,DIAG-CLOSE;GBPAUD;s=0;prev=3;c=4;firstObs=false;slotOn=true;inWindow=false;time_close=08-06 12:12
2026-08-06T12:18:00.000+01:00,DIAG-CLOSE;USDJPY;s=1;prev=8;c=9;firstObs=false;slotOn=true;inWindow=false;time_close=08-06 12:21
2026-08-06T12:18:00.000+01:00,DIAG-CLOSE;EURJPY;s=0;prev=7;c=8;firstObs=false;slotOn=true;inWindow=false;time_close=08-06 12:21
2026-08-06T12:42:00.000+01:00,DIAG-CLOSE;AUDUSD;s=1;prev=8;c=9;firstObs=false;slotOn=true;inWindow=false;time_close=08-06 12:45
2026-08-06T13:15:00.000+01:00,DIAG-CLOSE;USDJPY;s=1;prev=9;c=10;firstObs=false;slotOn=true;inWindow=false;time_close=08-06 13:18
2026-08-06T13:18:00.000+01:00,DIAG-CLOSE;AUDCAD;s=0;prev=8;c=9;firstObs=false;slotOn=true;inWindow=false;time_close=08-06 13:21
2026-08-06T13:18:00.000+01:00,DIAG-CLOSE;AUDCAD;s=1;prev=8;c=9;firstObs=false;slotOn=true;inWindow=false;time_close=08-06 13:21
2026-08-06T13:18:00.000+01:00,DIAG-CLOSE;AUDCAD;s=2;prev=7;c=8;firstObs=false;slotOn=true;inWindow=false;time_close=08-06 13:21
2026-08-06T13:48:00.000+01:00,DIAG-CLOSE;USDJPY;s=0;prev=8;c=9;firstObs=false;slotOn=true;inWindow=false;time_close=08-06 13:51
2026-08-06T13:48:00.000+01:00,DIAG-CLOSE;USDJPY;s=3;prev=3;c=4;firstObs=false;slotOn=true;inWindow=false;time_close=08-06 13:51
2026-08-06T14:09:00.000+01:00,DIAG-CLOSE;AUDJPY;s=1;prev=9;c=10;firstObs=false;slotOn=true;inWindow=false;time_close=08-06 14:12
2026-08-06T14:09:00.000+01:00,DIAG-CLOSE;AUDJPY;s=2;prev=2;c=3;firstObs=false;slotOn=true;inWindow=false;time_close=08-06 14:12
2026-08-06T14:09:00.000+01:00,DIAG-CLOSE;AUDJPY;s=4;prev=0;c=1;firstObs=false;slotOn=true;inWindow=false;time_close=08-06 14:12
2026-08-06T14:15:00.000+01:00,DIAG-CLOSE;AUDJPY;s=0;prev=7;c=8;firstObs=false;slotOn=true;inWindow=false;time_close=08-06 14:18
2026-08-06T14:15:00.000+01:00,DIAG-CLOSE;AUDJPY;s=3;prev=2;c=3;firstObs=false;slotOn=true;inWindow=false;time_close=08-06 14:18
2026-08-06T15:00:00.000+01:00,DIAG-CLOSE;USDCHF;s=1;prev=7;c=8;firstObs=false;slotOn=true;inWindow=false;time_close=08-06 15:03
2026-08-06T15:00:00.000+01:00,DIAG-CLOSE;USDCHF;s=2;prev=5;c=6;firstObs=false;slotOn=true;inWindow=false;time_close=08-06 15:03
2026-08-06T15:00:00.000+01:00,DIAG-CLOSE;USDCHF;s=4;prev=2;c=3;firstObs=false;slotOn=true;inWindow=false;time_close=08-06 15:03
2026-08-06T15:15:00.000+01:00,DIAG-CLOSE;GBPJPY;s=0;prev=3;c=4;firstObs=false;slotOn=true;inWindow=false;time_close=08-06 15:18
2026-08-06T15:15:00.000+01:00,DIAG-CLOSE;GBPJPY;s=1;prev=4;c=5;firstObs=false;slotOn=true;inWindow=false;time_close=08-06 15:18
2026-08-06T15:27:00.000+01:00,DIAG-CLOSE;CHFJPY;s=1;prev=4;c=5;firstObs=false;slotOn=true;inWindow=false;time_close=08-06 15:30
2026-08-06T16:27:00.000+01:00,DIAG-CLOSE;EURUSD;s=0;prev=5;c=6;firstObs=false;slotOn=true;inWindow=false;time_close=08-06 16:30
2026-08-06T16:27:00.000+01:00,DIAG-CLOSE;EURUSD;s=1;prev=8;c=9;firstObs=false;slotOn=true;inWindow=false;time_close=08-06 16:30
2026-08-06T16:27:00.000+01:00,DIAG-CLOSE;EURUSD;s=2;prev=3;c=4;firstObs=false;slotOn=true;inWindow=false;time_close=08-06 16:30
2026-08-06T16:27:00.000+01:00,DIAG-CLOSE;EURUSD;s=3;prev=4;c=5;firstObs=false;slotOn=true;inWindow=false;time_close=08-06 16:30
2026-08-06T16:27:00.000+01:00,DIAG-CLOSE;EURUSD;s=4;prev=1;c=2;firstObs=false;slotOn=true;inWindow=false;time_close=08-06 16:30
2026-08-06T16:27:00.000+01:00,DIAG-CLOSE;EURUSD;s=6;prev=0;c=1;firstObs=false;slotOn=true;inWindow=false;time_close=08-06 16:30
2026-08-06T16:27:00.000+01:00,DIAG-CLOSE;GBPUSD;s=1;prev=8;c=9;firstObs=false;slotOn=true;inWindow=false;time_close=08-06 16:30
2026-08-06T17:06:00.000+01:00,DIAG-CLOSE;EURAUD;s=1;prev=16;c=17;firstObs=false;slotOn=true;inWindow=false;time_close=08-06 17:09
2026-08-06T17:12:00.000+01:00,DIAG-CLOSE;EURCAD;s=1;prev=7;c=8;firstObs=false;slotOn=true;inWindow=false;time_close=08-06 17:15
2026-08-06T17:21:00.000+01:00,DIAG-CLOSE;AUDUSD;s=0;prev=8;c=9;firstObs=false;slotOn=true;inWindow=false;time_close=08-06 17:24
2026-08-06T17:21:00.000+01:00,DIAG-CLOSE;AUDUSD;s=1;prev=9;c=10;firstObs=false;slotOn=true;inWindow=false;time_close=08-06 17:24
2026-08-06T17:21:00.000+01:00,DIAG-CLOSE;AUDUSD;s=2;prev=5;c=6;firstObs=false;slotOn=true;inWindow=false;time_close=08-06 17:24
2026-08-06T17:21:00.000+01:00,DIAG-CLOSE;AUDUSD;s=3;prev=4;c=5;firstObs=false;slotOn=true;inWindow=false;time_close=08-06 17:24
2026-08-06T17:54:00.000+01:00,DIAG-CLOSE;EURJPY;s=0;prev=8;c=9;firstObs=false;slotOn=true;inWindow=false;time_close=08-06 17:57
2026-08-06T17:54:00.000+01:00,DIAG-CLOSE;EURJPY;s=1;prev=9;c=10;firstObs=false;slotOn=true;inWindow=false;time_close=08-06 17:57
2026-08-06T17:54:00.000+01:00,DIAG-CLOSE;EURJPY;s=2;prev=4;c=5;firstObs=false;slotOn=true;inWindow=false;time_close=08-06 17:57
2026-08-06T17:54:00.000+01:00,DIAG-CLOSE;EURJPY;s=5;prev=1;c=2;firstObs=false;slotOn=true;inWindow=false;time_close=08-06 17:57
2026-08-06T18:03:00.000+01:00,DIAG-CLOSE;USDCAD;s=0;prev=10;c=11;firstObs=false;slotOn=true;inWindow=false;time_close=08-06 18:06
2026-08-06T18:03:00.000+01:00,DIAG-CLOSE;USDCAD;s=1;prev=9;c=10;firstObs=false;slotOn=true;inWindow=false;time_close=08-06 18:06
2026-08-06T18:03:00.000+01:00,DIAG-CLOSE;USDCAD;s=2;prev=4;c=5;firstObs=false;slotOn=true;inWindow=false;time_close=08-06 18:06
2026-08-06T18:03:00.000+01:00,DIAG-CLOSE;USDCAD;s=3;prev=4;c=5;firstObs=false;slotOn=true;inWindow=false;time_close=08-06 18:06
2026-08-06T18:03:00.000+01:00,DIAG-CLOSE;USDCAD;s=4;prev=2;c=3;firstObs=false;slotOn=true;inWindow=false;time_close=08-06 18:06
2026-08-06T18:03:00.000+01:00,DIAG-CLOSE;USDCAD;s=6;prev=1;c=2;firstObs=false;slotOn=true;inWindow=false;time_close=08-06 18:06
2026-08-06T18:42:00.000+01:00,DIAG-CLOSE;AUDCHF;s=0;prev=10;c=11;firstObs=false;slotOn=true;inWindow=false;time_close=08-06 18:45
2026-08-06T19:15:00.000+01:00,DIAG-CLOSE;EURUSD;s=0;prev=6;c=7;firstObs=false;slotOn=true;inWindow=false;time_close=08-06 19:18
2026-08-06T19:15:00.000+01:00,DIAG-CLOSE;EURUSD;s=1;prev=9;c=10;firstObs=false;slotOn=true;inWindow=false;time_close=08-06 19:18
2026-08-06T19:15:00.000+01:00,DIAG-CLOSE;EURUSD;s=2;prev=4;c=5;firstObs=false;slotOn=true;inWindow=false;time_close=08-06 19:18
2026-08-06T19:15:00.000+01:00,DIAG-CLOSE;EURUSD;s=3;prev=5;c=6;firstObs=false;slotOn=true;inWindow=false;time_close=08-06 19:18
2026-08-06T19:15:00.000+01:00,DIAG-CLOSE;GBPUSD;s=0;prev=8;c=9;firstObs=false;slotOn=true;inWindow=false;time_close=08-06 19:18
2026-08-06T19:15:00.000+01:00,DIAG-CLOSE;GBPUSD;s=1;prev=9;c=10;firstObs=false;slotOn=true;inWindow=false;time_close=08-06 19:18
2026-08-06T19:15:00.000+01:00,DIAG-CLOSE;GBPUSD;s=2;prev=5;c=6;firstObs=false;slotOn=true;inWindow=false;time_close=08-06 19:18
2026-08-06T19:15:00.000+01:00,DIAG-CLOSE;GBPUSD;s=3;prev=4;c=5;firstObs=false;slotOn=true;inWindow=false;time_close=08-06 19:18
2026-08-06T19:15:00.000+01:00,DIAG-CLOSE;GBPUSD;s=5;prev=2;c=3;firstObs=false;slotOn=true;inWindow=false;time_close=08-06 19:18
2026-08-06T19:24:00.000+01:00,DIAG-CLOSE;GBPCHF;s=0;prev=6;c=7;firstObs=false;slotOn=true;inWindow=false;time_close=08-06 19:27
2026-08-06T19:51:00.000+01:00,DIAG-CLOSE;AUDUSD;s=1;prev=10;c=11;firstObs=false;slotOn=true;inWindow=false;time_close=08-06 19:54
2026-08-07T08:33:00.000+01:00,DIAG-CLOSE;EURGBP;s=0;prev=7;c=8;firstObs=false;slotOn=true;inWindow=false;time_close=08-07 08:36
2026-08-07T08:33:00.000+01:00,DIAG-CLOSE;EURGBP;s=1;prev=5;c=6;firstObs=false;slotOn=true;inWindow=false;time_close=08-07 08:36
2026-08-07T08:33:00.000+01:00,DIAG-CLOSE;EURGBP;s=2;prev=3;c=4;firstObs=false;slotOn=true;inWindow=false;time_close=08-07 08:36
2026-08-07T08:33:00.000+01:00,DIAG-CLOSE;EURGBP;s=3;prev=4;c=5;firstObs=false;slotOn=true;inWindow=false;time_close=08-07 08:36
2026-08-07T08:33:00.000+01:00,DIAG-CLOSE;EURGBP;s=4;prev=2;c=3;firstObs=false;slotOn=true;inWindow=false;time_close=08-07 08:36
2026-08-07T08:33:00.000+01:00,DIAG-CLOSE;EURGBP;s=5;prev=3;c=4;firstObs=false;slotOn=true;inWindow=false;time_close=08-07 08:36
2026-08-07T08:33:00.000+01:00,DIAG-CLOSE;EURGBP;s=7;prev=0;c=1;firstObs=false;slotOn=true;inWindow=false;time_close=08-07 08:36
2026-08-07T09:54:00.000+01:00,DIAG-CLOSE;GBPJPY;s=1;prev=5;c=6;firstObs=false;slotOn=true;inWindow=false;time_close=08-07 09:57
2026-08-07T10:00:00.000+01:00,DIAG-CLOSE;USDCHF;s=0;prev=7;c=8;firstObs=false;slotOn=true;inWindow=false;time_close=08-07 10:03
2026-08-07T10:00:00.000+01:00,DIAG-CLOSE;USDCHF;s=1;prev=8;c=9;firstObs=false;slotOn=true;inWindow=false;time_close=08-07 10:03
2026-08-07T10:00:00.000+01:00,DIAG-CLOSE;USDCHF;s=2;prev=6;c=7;firstObs=false;slotOn=true;inWindow=false;time_close=08-07 10:03
2026-08-07T10:00:00.000+01:00,DIAG-CLOSE;USDCHF;s=3;prev=4;c=5;firstObs=false;slotOn=true;inWindow=false;time_close=08-07 10:03
2026-08-07T10:00:00.000+01:00,DIAG-CLOSE;USDCHF;s=4;prev=3;c=4;firstObs=false;slotOn=true;inWindow=false;time_close=08-07 10:03
2026-08-07T10:03:00.000+01:00,DIAG-CLOSE;GBPCAD;s=0;prev=7;c=8;firstObs=false;slotOn=true;inWindow=false;time_close=08-07 10:06
2026-08-07T10:03:00.000+01:00,DIAG-CLOSE;GBPCAD;s=1;prev=5;c=6;firstObs=false;slotOn=true;inWindow=false;time_close=08-07 10:06
2026-08-07T10:03:00.000+01:00,DIAG-CLOSE;GBPCAD;s=2;prev=1;c=2;firstObs=false;slotOn=true;inWindow=false;time_close=08-07 10:06
2026-08-07T10:03:00.000+01:00,DIAG-CLOSE;GBPCAD;s=3;prev=3;c=4;firstObs=false;slotOn=true;inWindow=false;time_close=08-07 10:06
2026-08-07T10:03:00.000+01:00,DIAG-CLOSE;GBPCAD;s=4;prev=0;c=1;firstObs=false;slotOn=true;inWindow=false;time_close=08-07 10:06
2026-08-07T10:12:00.000+01:00,DIAG-CLOSE;USDCAD;s=1;prev=10;c=11;firstObs=false;slotOn=true;inWindow=false;time_close=08-07 10:15
2026-08-07T10:39:00.000+01:00,DIAG-CLOSE;AUDUSD;s=0;prev=9;c=10;firstObs=false;slotOn=true;inWindow=false;time_close=08-07 10:42
2026-08-07T10:39:00.000+01:00,DIAG-CLOSE;AUDUSD;s=1;prev=11;c=12;firstObs=false;slotOn=true;inWindow=false;time_close=08-07 10:42
2026-08-07T10:39:00.000+01:00,DIAG-CLOSE;AUDUSD;s=2;prev=6;c=7;firstObs=false;slotOn=true;inWindow=false;time_close=08-07 10:42
2026-08-07T10:39:00.000+01:00,DIAG-CLOSE;AUDUSD;s=3;prev=5;c=6;firstObs=false;slotOn=true;inWindow=false;time_close=08-07 10:42
2026-08-07T10:45:00.000+01:00,DIAG-CLOSE;EURAUD;s=0;prev=13;c=14;firstObs=false;slotOn=true;inWindow=false;time_close=08-07 10:48
2026-08-07T11:30:00.000+01:00,DIAG-CLOSE;GBPUSD;s=1;prev=10;c=11;firstObs=false;slotOn=true;inWindow=false;time_close=08-07 11:33
2026-08-07T11:30:00.000+01:00,DIAG-CLOSE;GBPUSD;s=2;prev=6;c=7;firstObs=false;slotOn=true;inWindow=false;time_close=08-07 11:33
2026-08-07T11:30:00.000+01:00,DIAG-CLOSE;GBPUSD;s=5;prev=3;c=4;firstObs=false;slotOn=true;inWindow=false;time_close=08-07 11:33
2026-08-07T11:57:00.000+01:00,DIAG-CLOSE;AUDCHF;s=0;prev=11;c=12;firstObs=false;slotOn=true;inWindow=false;time_close=08-07 12:00
2026-08-07T11:57:00.000+01:00,DIAG-CLOSE;AUDCHF;s=1;prev=10;c=11;firstObs=false;slotOn=true;inWindow=false;time_close=08-07 12:00
2026-08-07T11:57:00.000+01:00,DIAG-CLOSE;AUDCHF;s=3;prev=6;c=7;firstObs=false;slotOn=true;inWindow=false;time_close=08-07 12:00
2026-08-07T12:03:00.000+01:00,DIAG-CLOSE;EURJPY;s=1;prev=10;c=11;firstObs=false;slotOn=true;inWindow=false;time_close=08-07 12:06
2026-08-07T12:27:00.000+01:00,DIAG-CLOSE;EURGBP;s=0;prev=8;c=9;firstObs=false;slotOn=true;inWindow=false;time_close=08-07 12:30
2026-08-07T12:27:00.000+01:00,DIAG-CLOSE;GBPJPY;s=0;prev=4;c=5;firstObs=false;slotOn=true;inWindow=false;time_close=08-07 12:30
2026-08-07T13:48:00.000+01:00,DIAG-CLOSE;CADCHF;s=1;prev=12;c=13;firstObs=false;slotOn=true;inWindow=false;time_close=08-07 13:51
2026-08-07T13:51:00.000+01:00,DIAG-CLOSE;AUDJPY;s=0;prev=8;c=9;firstObs=false;slotOn=true;inWindow=false;time_close=08-07 13:54
2026-08-07T13:51:00.000+01:00,DIAG-CLOSE;AUDJPY;s=1;prev=10;c=11;firstObs=false;slotOn=true;inWindow=false;time_close=08-07 13:54
2026-08-07T13:51:00.000+01:00,DIAG-CLOSE;AUDJPY;s=2;prev=3;c=4;firstObs=false;slotOn=true;inWindow=false;time_close=08-07 13:54
2026-08-07T13:51:00.000+01:00,DIAG-CLOSE;AUDJPY;s=3;prev=3;c=4;firstObs=false;slotOn=true;inWindow=false;time_close=08-07 13:54
2026-08-07T13:51:00.000+01:00,DIAG-CLOSE;AUDJPY;s=4;prev=1;c=2;firstObs=false;slotOn=true;inWindow=false;time_close=08-07 13:54
2026-08-07T14:09:00.000+01:00,DIAG-CLOSE;EURAUD;s=1;prev=17;c=18;firstObs=false;slotOn=true;inWindow=false;time_close=08-07 14:12
2026-08-07T14:09:00.000+01:00,DIAG-CLOSE;EURAUD;s=2;prev=7;c=8;firstObs=false;slotOn=true;inWindow=false;time_close=08-07 14:12
2026-08-07T14:09:00.000+01:00,DIAG-CLOSE;EURAUD;s=4;prev=3;c=4;firstObs=false;slotOn=true;inWindow=false;time_close=08-07 14:12
2026-08-07T14:09:00.000+01:00,DIAG-CLOSE;EURAUD;s=5;prev=3;c=4;firstObs=false;slotOn=true;inWindow=false;time_close=08-07 14:12
2026-08-07T14:09:00.000+01:00,DIAG-CLOSE;EURAUD;s=7;prev=3;c=4;firstObs=false;slotOn=true;inWindow=false;time_close=08-07 14:12
2026-08-07T14:09:00.000+01:00,DIAG-CLOSE;CADJPY;s=1;prev=14;c=15;firstObs=false;slotOn=true;inWindow=false;time_close=08-07 14:12
2026-08-07T14:45:00.000+01:00,DIAG-CLOSE;CADJPY;s=0;prev=11;c=12;firstObs=false;slotOn=true;inWindow=false;time_close=08-07 14:48
2026-08-07T15:21:00.000+01:00,DIAG-CLOSE;EURCAD;s=1;prev=8;c=9;firstObs=false;slotOn=true;inWindow=false;time_close=08-07 15:24
2026-08-07T15:21:00.000+01:00,DIAG-CLOSE;GBPCAD;s=1;prev=6;c=7;firstObs=false;slotOn=true;inWindow=false;time_close=08-07 15:24
2026-08-07T15:21:00.000+01:00,DIAG-CLOSE;GBPCAD;s=2;prev=2;c=3;firstObs=false;slotOn=true;inWindow=false;time_close=08-07 15:24
2026-08-07T15:33:00.000+01:00,DIAG-CLOSE;EURAUD;s=0;prev=14;c=15;firstObs=false;slotOn=true;inWindow=false;time_close=08-07 15:36
2026-08-07T15:33:00.000+01:00,DIAG-CLOSE;EURAUD;s=3;prev=5;c=6;firstObs=false;slotOn=true;inWindow=false;time_close=08-07 15:36
2026-08-07T15:36:00.000+01:00,DIAG-CLOSE;AUDCAD;s=0;prev=9;c=10;firstObs=false;slotOn=true;inWindow=false;time_close=08-07 15:39
2026-08-07T16:00:00.000+01:00,DIAG-CLOSE;AUDCAD;s=1;prev=9;c=10;firstObs=false;slotOn=true;inWindow=false;time_close=08-07 16:03
2026-08-07T16:00:00.000+01:00,DIAG-CLOSE;AUDCAD;s=2;prev=8;c=9;firstObs=false;slotOn=true;inWindow=false;time_close=08-07 16:03
2026-08-07T16:00:00.000+01:00,DIAG-CLOSE;AUDCAD;s=5;prev=4;c=5;firstObs=false;slotOn=true;inWindow=false;time_close=08-07 16:03
2026-08-07T17:30:00.000+01:00,DIAG-CLOSE;CADCHF;s=0;prev=10;c=11;firstObs=false;slotOn=true;inWindow=false;time_close=08-07 17:33
2026-08-07T17:30:00.000+01:00,DIAG-CLOSE;CADCHF;s=1;prev=13;c=14;firstObs=false;slotOn=true;inWindow=false;time_close=08-07 17:33
2026-08-07T17:30:00.000+01:00,DIAG-CLOSE;CADCHF;s=2;prev=5;c=6;firstObs=false;slotOn=true;inWindow=false;time_close=08-07 17:33
2026-08-07T17:30:00.000+01:00,DIAG-CLOSE;CADCHF;s=3;prev=3;c=4;firstObs=false;slotOn=true;inWindow=false;time_close=08-07 17:33
2026-08-07T17:30:00.000+01:00,DIAG-CLOSE;CADCHF;s=4;prev=4;c=5;firstObs=false;slotOn=true;inWindow=false;time_close=08-07 17:33
2026-08-07T17:30:00.000+01:00,DIAG-CLOSE;CADCHF;s=5;prev=2;c=3;firstObs=false;slotOn=true;inWindow=false;time_close=08-07 17:33
2026-08-07T17:30:00.000+01:00,DIAG-CLOSE;CADCHF;s=7;prev=2;c=3;firstObs=false;slotOn=true;inWindow=false;time_close=08-07 17:33
2026-08-07T18:03:00.000+01:00,DIAG-CLOSE;GBPAUD;s=0;prev=4;c=5;firstObs=false;slotOn=true;inWindow=false;time_close=08-07 18:06
2026-08-07T19:21:00.000+01:00,DIAG-CLOSE;EURAUD;s=0;prev=15;c=16;firstObs=false;slotOn=true;inWindow=false;time_close=08-07 19:24
2026-08-07T19:21:00.000+01:00,DIAG-CLOSE;EURAUD;s=1;prev=18;c=19;firstObs=false;slotOn=true;inWindow=false;time_close=08-07 19:24
2026-08-07T19:21:00.000+01:00,DIAG-CLOSE;EURAUD;s=2;prev=8;c=9;firstObs=false;slotOn=true;inWindow=false;time_close=08-07 19:24
2026-08-10T08:00:00.000+01:00,DIAG-CLOSE;AUDUSD;s=1;prev=12;c=13;firstObs=false;slotOn=true;inWindow=false;time_close=08-10 08:03
2026-08-10T08:00:00.000+01:00,DIAG-CLOSE;AUDUSD;s=2;prev=7;c=8;firstObs=false;slotOn=true;inWindow=false;time_close=08-10 08:03
2026-08-10T08:00:00.000+01:00,DIAG-CLOSE;AUDUSD;s=5;prev=4;c=5;firstObs=false;slotOn=true;inWindow=false;time_close=08-10 08:03
2026-08-10T08:27:00.000+01:00,DIAG-CLOSE;AUDJPY;s=1;prev=11;c=12;firstObs=false;slotOn=true;inWindow=false;time_close=08-10 08:30
2026-08-10T08:42:00.000+01:00,DIAG-CLOSE;USDCHF;s=0;prev=8;c=9;firstObs=false;slotOn=true;inWindow=false;time_close=08-10 08:45
2026-08-10T08:42:00.000+01:00,DIAG-CLOSE;USDCHF;s=1;prev=9;c=10;firstObs=false;slotOn=true;inWindow=false;time_close=08-10 08:45
2026-08-10T08:42:00.000+01:00,DIAG-CLOSE;USDCHF;s=2;prev=7;c=8;firstObs=false;slotOn=true;inWindow=false;time_close=08-10 08:45
2026-08-10T08:42:00.000+01:00,DIAG-CLOSE;USDCHF;s=3;prev=5;c=6;firstObs=false;slotOn=true;inWindow=false;time_close=08-10 08:45
2026-08-10T09:03:00.000+01:00,DIAG-CLOSE;EURCAD;s=0;prev=9;c=10;firstObs=false;slotOn=true;inWindow=false;time_close=08-10 09:06
2026-08-10T09:03:00.000+01:00,DIAG-CLOSE;EURCAD;s=1;prev=9;c=10;firstObs=false;slotOn=true;inWindow=false;time_close=08-10 09:06
2026-08-10T09:03:00.000+01:00,DIAG-CLOSE;EURCAD;s=2;prev=5;c=6;firstObs=false;slotOn=true;inWindow=false;time_close=08-10 09:06
2026-08-10T09:18:00.000+01:00,DIAG-CLOSE;AUDUSD;s=0;prev=10;c=11;firstObs=false;slotOn=true;inWindow=false;time_close=08-10 09:21
2026-08-10T09:18:00.000+01:00,DIAG-CLOSE;AUDUSD;s=3;prev=6;c=7;firstObs=false;slotOn=true;inWindow=false;time_close=08-10 09:21
2026-08-10T09:33:00.000+01:00,DIAG-CLOSE;EURUSD;s=0;prev=7;c=8;firstObs=false;slotOn=true;inWindow=false;time_close=08-10 09:36
2026-08-10T09:33:00.000+01:00,DIAG-CLOSE;EURUSD;s=1;prev=10;c=11;firstObs=false;slotOn=true;inWindow=false;time_close=08-10 09:36
2026-08-10T09:45:00.000+01:00,DIAG-CLOSE;AUDCHF;s=0;prev=12;c=13;firstObs=false;slotOn=true;inWindow=false;time_close=08-10 09:48
2026-08-10T09:45:00.000+01:00,DIAG-CLOSE;AUDCHF;s=1;prev=11;c=12;firstObs=false;slotOn=true;inWindow=false;time_close=08-10 09:48
2026-08-10T09:45:00.000+01:00,DIAG-CLOSE;AUDCHF;s=2;prev=6;c=7;firstObs=false;slotOn=true;inWindow=false;time_close=08-10 09:48
2026-08-10T09:45:00.000+01:00,DIAG-CLOSE;AUDCHF;s=3;prev=7;c=8;firstObs=false;slotOn=true;inWindow=false;time_close=08-10 09:48
2026-08-10T10:51:00.000+01:00,DIAG-CLOSE;EURGBP;s=0;prev=9;c=10;firstObs=false;slotOn=true;inWindow=false;time_close=08-10 10:54
2026-08-10T11:51:00.000+01:00,DIAG-CLOSE;USDCAD;s=1;prev=11;c=12;firstObs=false;slotOn=true;inWindow=false;time_close=08-10 11:54
2026-08-10T12:00:00.000+01:00,DIAG-CLOSE;USDCAD;s=0;prev=11;c=12;firstObs=false;slotOn=true;inWindow=false;time_close=08-10 12:03
2026-08-10T12:00:00.000+01:00,DIAG-CLOSE;USDCAD;s=3;prev=5;c=6;firstObs=false;slotOn=true;inWindow=false;time_close=08-10 12:03
2026-08-10T12:06:00.000+01:00,DIAG-CLOSE;CADJPY;s=1;prev=15;c=16;firstObs=false;slotOn=true;inWindow=false;time_close=08-10 12:09
2026-08-10T12:06:00.000+01:00,DIAG-CLOSE;CADJPY;s=2;prev=7;c=8;firstObs=false;slotOn=true;inWindow=false;time_close=08-10 12:09
2026-08-10T12:06:00.000+01:00,DIAG-CLOSE;CADJPY;s=4;prev=3;c=4;firstObs=false;slotOn=true;inWindow=false;time_close=08-10 12:09
2026-08-10T12:27:00.000+01:00,DIAG-CLOSE;GBPAUD;s=1;prev=6;c=7;firstObs=false;slotOn=true;inWindow=false;time_close=08-10 12:30
2026-08-10T12:27:00.000+01:00,DIAG-CLOSE;GBPAUD;s=2;prev=2;c=3;firstObs=false;slotOn=true;inWindow=false;time_close=08-10 12:30
2026-08-10T12:27:00.000+01:00,DIAG-CLOSE;GBPAUD;s=4;prev=1;c=2;firstObs=false;slotOn=true;inWindow=false;time_close=08-10 12:30
2026-08-10T12:27:00.000+01:00,DIAG-CLOSE;GBPAUD;s=5;prev=4;c=5;firstObs=false;slotOn=true;inWindow=false;time_close=08-10 12:30
2026-08-10T12:48:00.000+01:00,DIAG-CLOSE;GBPJPY;s=0;prev=5;c=6;firstObs=false;slotOn=true;inWindow=false;time_close=08-10 12:51
2026-08-10T12:48:00.000+01:00,DIAG-CLOSE;GBPJPY;s=1;prev=6;c=7;firstObs=false;slotOn=true;inWindow=false;time_close=08-10 12:51
2026-08-10T12:48:00.000+01:00,DIAG-CLOSE;GBPJPY;s=2;prev=4;c=5;firstObs=false;slotOn=true;inWindow=false;time_close=08-10 12:51
2026-08-10T12:48:00.000+01:00,DIAG-CLOSE;GBPJPY;s=3;prev=2;c=3;firstObs=false;slotOn=true;inWindow=false;time_close=08-10 12:51
2026-08-10T13:51:00.000+01:00,DIAG-CLOSE;USDJPY;s=0;prev=9;c=10;firstObs=false;slotOn=true;inWindow=false;time_close=08-10 13:54
2026-08-10T13:51:00.000+01:00,DIAG-CLOSE;USDJPY;s=1;prev=10;c=11;firstObs=false;slotOn=true;inWindow=false;time_close=08-10 13:54
2026-08-10T13:51:00.000+01:00,DIAG-CLOSE;USDJPY;s=2;prev=4;c=5;firstObs=false;slotOn=true;inWindow=false;time_close=08-10 13:54
2026-08-10T13:51:00.000+01:00,DIAG-CLOSE;USDJPY;s=4;prev=1;c=2;firstObs=false;slotOn=true;inWindow=false;time_close=08-10 13:54
2026-08-10T13:51:00.000+01:00,DIAG-CLOSE;USDJPY;s=5;prev=3;c=4;firstObs=false;slotOn=true;inWindow=false;time_close=08-10 13:54
2026-08-10T13:51:00.000+01:00,DIAG-CLOSE;USDJPY;s=7;prev=1;c=2;firstObs=false;slotOn=true;inWindow=false;time_close=08-10 13:54
2026-08-10T14:15:00.000+01:00,DIAG-CLOSE;GBPCHF;s=0;prev=7;c=8;firstObs=false;slotOn=true;inWindow=false;time_close=08-10 14:18
2026-08-10T14:15:00.000+01:00,DIAG-CLOSE;GBPCHF;s=1;prev=6;c=7;firstObs=false;slotOn=true;inWindow=false;time_close=08-10 14:18
2026-08-10T14:48:00.000+01:00,DIAG-CLOSE;EURCHF;s=0;prev=11;c=12;firstObs=false;slotOn=true;inWindow=false;time_close=08-10 14:51
2026-08-10T14:48:00.000+01:00,DIAG-CLOSE;EURCHF;s=1;prev=10;c=11;firstObs=false;slotOn=true;inWindow=false;time_close=08-10 14:51
2026-08-10T14:48:00.000+01:00,DIAG-CLOSE;EURCHF;s=2;prev=6;c=7;firstObs=false;slotOn=true;inWindow=false;time_close=08-10 14:51
2026-08-10T14:48:00.000+01:00,DIAG-CLOSE;EURCHF;s=3;prev=3;c=4;firstObs=false;slotOn=true;inWindow=false;time_close=08-10 14:51
2026-08-10T14:48:00.000+01:00,DIAG-CLOSE;EURCHF;s=4;prev=2;c=3;firstObs=false;slotOn=true;inWindow=false;time_close=08-10 14:51
2026-08-10T14:48:00.000+01:00,DIAG-CLOSE;EURCHF;s=5;prev=2;c=3;firstObs=false;slotOn=true;inWindow=false;time_close=08-10 14:51
2026-08-10T15:18:00.000+01:00,DIAG-CLOSE;AUDUSD;s=0;prev=11;c=12;firstObs=false;slotOn=true;inWindow=false;time_close=08-10 15:21
2026-08-10T15:18:00.000+01:00,DIAG-CLOSE;AUDUSD;s=1;prev=13;c=14;firstObs=false;slotOn=true;inWindow=false;time_close=08-10 15:21
2026-08-10T17:30:00.000+01:00,DIAG-CLOSE;GBPCAD;s=0;prev=8;c=9;firstObs=false;slotOn=true;inWindow=false;time_close=08-10 17:33
2026-08-10T17:30:00.000+01:00,DIAG-CLOSE;GBPCAD;s=1;prev=7;c=8;firstObs=false;slotOn=true;inWindow=false;time_close=08-10 17:33
2026-08-10T17:30:00.000+01:00,DIAG-CLOSE;GBPCAD;s=2;prev=3;c=4;firstObs=false;slotOn=true;inWindow=false;time_close=08-10 17:33
2026-08-10T18:42:00.000+01:00,DIAG-CLOSE;EURJPY;s=0;prev=9;c=10;firstObs=false;slotOn=true;inWindow=false;time_close=08-10 18:45
2026-08-10T18:42:00.000+01:00,DIAG-CLOSE;EURJPY;s=1;prev=11;c=12;firstObs=false;slotOn=true;inWindow=false;time_close=08-10 18:45
2026-08-10T18:42:00.000+01:00,DIAG-CLOSE;EURJPY;s=3;prev=2;c=3;firstObs=false;slotOn=true;inWindow=false;time_close=08-10 18:45
2026-08-10T19:27:00.000+01:00,DIAG-CLOSE;EURGBP;s=1;prev=6;c=7;firstObs=false;slotOn=true;inWindow=false;time_close=08-10 19:30
2026-08-10T19:33:00.000+01:00,DIAG-CLOSE;GBPCHF;s=0;prev=8;c=9;firstObs=false;slotOn=true;inWindow=false;time_close=08-10 19:36
2026-08-10T19:33:00.000+01:00,DIAG-CLOSE;GBPCHF;s=1;prev=7;c=8;firstObs=false;slotOn=true;inWindow=false;time_close=08-10 19:36
2026-08-10T19:33:00.000+01:00,DIAG-CLOSE;GBPCHF;s=2;prev=2;c=3;firstObs=false;slotOn=true;inWindow=false;time_close=08-10 19:36
2026-08-10T19:33:00.000+01:00,DIAG-CLOSE;GBPCHF;s=3;prev=2;c=3;firstObs=false;slotOn=true;inWindow=false;time_close=08-10 19:36
2026-08-10T19:39:00.000+01:00,DIAG-CLOSE;EURGBP;s=0;prev=10;c=11;firstObs=false;slotOn=true;inWindow=false;time_close=08-10 19:42
2026-08-10T19:39:00.000+01:00,DIAG-CLOSE;EURGBP;s=3;prev=5;c=6;firstObs=false;slotOn=true;inWindow=false;time_close=08-10 19:42
2026-08-11T08:18:00.000+01:00,DIAG-CLOSE;USDJPY;s=0;prev=10;c=11;firstObs=false;slotOn=true;inWindow=true;time_close=08-11 08:21
2026-08-11T08:18:00.000+01:00,DIAG-DEDUP;USDJPY;s=0;wOpened=08-11 08:15;nd=0;bestStored=none;bestStoredSlot=-1;newWins=true
2026-08-11T08:18:00.000+01:00,DIAG-CLOSE;USDJPY;s=1;prev=11;c=12;firstObs=false;slotOn=true;inWindow=true;time_close=08-11 08:21
2026-08-11T08:18:00.000+01:00,DIAG-DEDUP;USDJPY;s=1;wOpened=08-11 08:15;nd=1;bestStored=08-11 08:15;bestStoredSlot=0;newWins=true
2026-08-11T08:18:00.000+01:00,DIAG-CLOSE;EURJPY;s=5;prev=2;c=3;firstObs=false;slotOn=true;inWindow=true;time_close=08-11 08:21
2026-08-11T08:18:00.000+01:00,DIAG-DEDUP;EURJPY;s=5;wOpened=08-11 08:15;nd=0;bestStored=none;bestStoredSlot=-1;newWins=true
2026-08-11T08:33:00.000+01:00,DIAG-CLOSE;EURCHF;s=0;prev=12;c=13;firstObs=false;slotOn=true;inWindow=true;time_close=08-11 08:36
2026-08-11T08:33:00.000+01:00,DIAG-DEDUP;EURCHF;s=0;wOpened=08-11 08:21;nd=0;bestStored=none;bestStoredSlot=-1;newWins=true
2026-08-11T08:33:00.000+01:00,DIAG-CLOSE;EURCHF;s=3;prev=4;c=5;firstObs=false;slotOn=true;inWindow=true;time_close=08-11 08:36
2026-08-11T08:33:00.000+01:00,DIAG-DEDUP;EURCHF;s=3;wOpened=08-11 08:30;nd=1;bestStored=08-11 08:21;bestStoredSlot=0;newWins=false
2026-08-11T09:06:00.000+01:00,DIAG-CLOSE;EURCHF;s=1;prev=11;c=12;firstObs=false;slotOn=true;inWindow=true;time_close=08-11 09:09
2026-08-11T09:06:00.000+01:00,DIAG-DEDUP;EURCHF;s=1;wOpened=08-10 19:09;nd=1;bestStored=08-11 08:21;bestStoredSlot=0;newWins=true
2026-08-11T09:06:00.000+01:00,DIAG-CLOSE;EURCHF;s=2;prev=7;c=8;firstObs=false;slotOn=true;inWindow=true;time_close=08-11 09:09
2026-08-11T09:06:00.000+01:00,DIAG-DEDUP;EURCHF;s=2;wOpened=08-11 08:18;nd=1;bestStored=08-10 19:09;bestStoredSlot=1;newWins=false
2026-08-11T09:06:00.000+01:00,DIAG-CLOSE;EURCHF;s=4;prev=3;c=4;firstObs=false;slotOn=true;inWindow=true;time_close=08-11 09:09
2026-08-11T09:06:00.000+01:00,DIAG-DEDUP;EURCHF;s=4;wOpened=08-11 08:21;nd=1;bestStored=08-10 19:09;bestStoredSlot=1;newWins=false
2026-08-11T09:06:00.000+01:00,DIAG-CLOSE;EURCHF;s=5;prev=3;c=4;firstObs=false;slotOn=true;inWindow=true;time_close=08-11 09:09
2026-08-11T09:06:00.000+01:00,DIAG-DEDUP;EURCHF;s=5;wOpened=08-11 08:21;nd=1;bestStored=08-10 19:09;bestStoredSlot=1;newWins=false
2026-08-11T09:06:00.000+01:00,DIAG-CLOSE;EURCHF;s=7;prev=0;c=1;firstObs=false;slotOn=true;inWindow=true;time_close=08-11 09:09
2026-08-11T09:06:00.000+01:00,DIAG-DEDUP;EURCHF;s=7;wOpened=08-11 08:27;nd=1;bestStored=08-10 19:09;bestStoredSlot=1;newWins=false
2026-08-11T10:21:00.000+01:00,DIAG-CLOSE;GBPUSD;s=0;prev=9;c=10;firstObs=false;slotOn=true;inWindow=true;time_close=08-11 10:24
2026-08-11T10:21:00.000+01:00,DIAG-DEDUP;GBPUSD;s=0;wOpened=08-11 10:18;nd=0;bestStored=none;bestStoredSlot=-1;newWins=true
2026-08-11T10:21:00.000+01:00,DIAG-CLOSE;GBPUSD;s=1;prev=11;c=12;firstObs=false;slotOn=true;inWindow=true;time_close=08-11 10:24
2026-08-11T10:21:00.000+01:00,DIAG-DEDUP;GBPUSD;s=1;wOpened=08-11 10:18;nd=1;bestStored=08-11 10:18;bestStoredSlot=0;newWins=true
2026-08-11T11:15:00.000+01:00,DIAG-CLOSE;USDCHF;s=1;prev=10;c=11;firstObs=false;slotOn=true;inWindow=true;time_close=08-11 11:18
2026-08-11T11:15:00.000+01:00,DIAG-DEDUP;USDCHF;s=1;wOpened=08-11 10:33;nd=0;bestStored=none;bestStoredSlot=-1;newWins=true
2026-08-11T11:15:00.000+01:00,DIAG-CLOSE;EURCHF;s=0;prev=13;c=14;firstObs=false;slotOn=true;inWindow=true;time_close=08-11 11:18
2026-08-11T11:15:00.000+01:00,DIAG-DEDUP;EURCHF;s=0;wOpened=08-11 09:51;nd=0;bestStored=none;bestStoredSlot=-1;newWins=true
2026-08-11T11:15:00.000+01:00,DIAG-CLOSE;EURCHF;s=3;prev=5;c=6;firstObs=false;slotOn=true;inWindow=true;time_close=08-11 11:18
2026-08-11T11:15:00.000+01:00,DIAG-DEDUP;EURCHF;s=3;wOpened=08-11 10:33;nd=1;bestStored=08-11 09:51;bestStoredSlot=0;newWins=false
2026-08-11T11:45:00.000+01:00,DIAG-CLOSE;CADJPY;s=0;prev=12;c=13;firstObs=false;slotOn=true;inWindow=true;time_close=08-11 11:48
2026-08-11T11:45:00.000+01:00,DIAG-DEDUP;CADJPY;s=0;wOpened=08-11 11:42;nd=0;bestStored=none;bestStoredSlot=-1;newWins=true
2026-08-11T12:18:00.000+01:00,DIAG-CLOSE;AUDJPY;s=0;prev=9;c=10;firstObs=false;slotOn=true;inWindow=true;time_close=08-11 12:21
2026-08-11T12:18:00.000+01:00,DIAG-DEDUP;AUDJPY;s=0;wOpened=08-11 11:57;nd=0;bestStored=none;bestStoredSlot=-1;newWins=true
2026-08-11T12:18:00.000+01:00,DIAG-CLOSE;AUDJPY;s=1;prev=12;c=13;firstObs=false;slotOn=true;inWindow=true;time_close=08-11 12:21
2026-08-11T12:18:00.000+01:00,DIAG-DEDUP;AUDJPY;s=1;wOpened=08-11 11:57;nd=1;bestStored=08-11 11:57;bestStoredSlot=0;newWins=true
2026-08-11T13:00:00.000+01:00,DIAG-CLOSE;AUDUSD;s=0;prev=12;c=13;firstObs=false;slotOn=true;inWindow=true;time_close=08-11 13:03
2026-08-11T13:00:00.000+01:00,DIAG-DEDUP;AUDUSD;s=0;wOpened=08-11 12:57;nd=0;bestStored=none;bestStoredSlot=-1;newWins=true
2026-08-11T13:54:00.000+01:00,DIAG-CLOSE;EURGBP;s=1;prev=7;c=8;firstObs=false;slotOn=true;inWindow=true;time_close=08-11 13:57
2026-08-11T13:54:00.000+01:00,DIAG-DEDUP;EURGBP;s=1;wOpened=08-11 13:09;nd=0;bestStored=none;bestStoredSlot=-1;newWins=true
2026-08-11T13:54:00.000+01:00,DIAG-CLOSE;EURGBP;s=5;prev=4;c=5;firstObs=false;slotOn=true;inWindow=true;time_close=08-11 13:57
2026-08-11T13:54:00.000+01:00,DIAG-DEDUP;EURGBP;s=5;wOpened=08-11 13:36;nd=1;bestStored=08-11 13:09;bestStoredSlot=1;newWins=false
2026-08-11T14:00:00.000+01:00,DIAG-CLOSE;EURCAD;s=0;prev=10;c=11;firstObs=false;slotOn=true;inWindow=true;time_close=08-11 14:03
2026-08-11T14:00:00.000+01:00,DIAG-DEDUP;EURCAD;s=0;wOpened=08-11 10:15;nd=0;bestStored=none;bestStoredSlot=-1;newWins=true
2026-08-11T14:00:00.000+01:00,DIAG-CLOSE;EURCAD;s=1;prev=10;c=11;firstObs=false;slotOn=true;inWindow=true;time_close=08-11 14:03
2026-08-11T14:00:00.000+01:00,DIAG-DEDUP;EURCAD;s=1;wOpened=08-11 10:15;nd=1;bestStored=08-11 10:15;bestStoredSlot=0;newWins=true
2026-08-11T14:00:00.000+01:00,DIAG-CLOSE;EURCAD;s=2;prev=6;c=7;firstObs=false;slotOn=true;inWindow=true;time_close=08-11 14:03
2026-08-11T14:00:00.000+01:00,DIAG-DEDUP;EURCAD;s=2;wOpened=08-11 10:24;nd=1;bestStored=08-11 10:15;bestStoredSlot=1;newWins=false
2026-08-11T14:00:00.000+01:00,DIAG-CLOSE;EURCAD;s=3;prev=4;c=5;firstObs=false;slotOn=true;inWindow=true;time_close=08-11 14:03
2026-08-11T14:00:00.000+01:00,DIAG-DEDUP;EURCAD;s=3;wOpened=08-11 10:24;nd=1;bestStored=08-11 10:15;bestStoredSlot=1;newWins=false
2026-08-11T14:00:00.000+01:00,DIAG-CLOSE;EURCAD;s=4;prev=3;c=4;firstObs=false;slotOn=true;inWindow=true;time_close=08-11 14:03
2026-08-11T14:00:00.000+01:00,DIAG-DEDUP;EURCAD;s=4;wOpened=08-11 12:39;nd=1;bestStored=08-11 10:15;bestStoredSlot=1;newWins=false
2026-08-11T14:00:00.000+01:00,DIAG-CLOSE;EURCAD;s=5;prev=3;c=4;firstObs=false;slotOn=true;inWindow=true;time_close=08-11 14:03
2026-08-11T14:00:00.000+01:00,DIAG-DEDUP;EURCAD;s=5;wOpened=08-11 13:18;nd=1;bestStored=08-11 10:15;bestStoredSlot=1;newWins=false
2026-08-11T14:00:00.000+01:00,DIAG-CLOSE;EURCAD;s=6;prev=0;c=1;firstObs=false;slotOn=true;inWindow=true;time_close=08-11 14:03
2026-08-11T14:00:00.000+01:00,DIAG-DEDUP;EURCAD;s=6;wOpened=08-11 13:18;nd=1;bestStored=08-11 10:15;bestStoredSlot=1;newWins=false
2026-08-11T14:00:00.000+01:00,DIAG-CLOSE;EURCAD;s=7;prev=3;c=4;firstObs=false;slotOn=true;inWindow=true;time_close=08-11 14:03
2026-08-11T14:00:00.000+01:00,DIAG-DEDUP;EURCAD;s=7;wOpened=08-11 13:21;nd=1;bestStored=08-11 10:15;bestStoredSlot=1;newWins=false
2026-08-11T14:09:00.000+01:00,DIAG-CLOSE;GBPCAD;s=1;prev=8;c=9;firstObs=false;slotOn=true;inWindow=true;time_close=08-11 14:12
2026-08-11T14:09:00.000+01:00,DIAG-DEDUP;GBPCAD;s=1;wOpened=08-11 10:30;nd=0;bestStored=none;bestStoredSlot=-1;newWins=true
2026-08-11T15:24:00.000+01:00,DIAG-CLOSE;GBPCAD;s=0;prev=9;c=10;firstObs=false;slotOn=true;inWindow=true;time_close=08-11 15:27
2026-08-11T15:24:00.000+01:00,DIAG-DEDUP;GBPCAD;s=0;wOpened=08-11 10:30;nd=1;bestStored=08-11 10:30;bestStoredSlot=1;newWins=false
2026-08-11T15:24:00.000+01:00,DIAG-CLOSE;GBPCAD;s=3;prev=4;c=5;firstObs=false;slotOn=true;inWindow=true;time_close=08-11 15:27
2026-08-11T15:24:00.000+01:00,DIAG-DEDUP;GBPCAD;s=3;wOpened=08-11 14:54;nd=0;bestStored=none;bestStoredSlot=-1;newWins=true
2026-08-11T15:24:00.000+01:00,DIAG-CLOSE;CADCHF;s=1;prev=14;c=15;firstObs=false;slotOn=true;inWindow=true;time_close=08-11 15:27
2026-08-11T15:24:00.000+01:00,DIAG-DEDUP;CADCHF;s=1;wOpened=08-11 14:18;nd=0;bestStored=none;bestStoredSlot=-1;newWins=true
2026-08-11T15:24:00.000+01:00,DIAG-CLOSE;CADCHF;s=2;prev=6;c=7;firstObs=false;slotOn=true;inWindow=true;time_close=08-11 15:27
2026-08-11T15:24:00.000+01:00,DIAG-DEDUP;CADCHF;s=2;wOpened=08-11 15:21;nd=1;bestStored=08-11 14:18;bestStoredSlot=1;newWins=false
2026-08-11T15:24:00.000+01:00,DIAG-CLOSE;CADCHF;s=4;prev=5;c=6;firstObs=false;slotOn=true;inWindow=true;time_close=08-11 15:27
2026-08-11T15:24:00.000+01:00,DIAG-DEDUP;CADCHF;s=4;wOpened=08-11 15:21;nd=1;bestStored=08-11 14:18;bestStoredSlot=1;newWins=false
2026-08-11T15:24:00.000+01:00,DIAG-CLOSE;CADCHF;s=5;prev=3;c=4;firstObs=false;slotOn=true;inWindow=true;time_close=08-11 15:27
2026-08-11T15:24:00.000+01:00,DIAG-DEDUP;CADCHF;s=5;wOpened=08-11 15:21;nd=1;bestStored=08-11 14:18;bestStoredSlot=1;newWins=false
2026-08-11T15:24:00.000+01:00,DIAG-CLOSE;AUDCHF;s=1;prev=12;c=13;firstObs=false;slotOn=true;inWindow=true;time_close=08-11 15:27
2026-08-11T15:24:00.000+01:00,DIAG-DEDUP;AUDCHF;s=1;wOpened=08-11 14:48;nd=0;bestStored=none;bestStoredSlot=-1;newWins=true
2026-08-11T15:45:00.000+01:00,DIAG-CLOSE;EURJPY;s=0;prev=10;c=11;firstObs=false;slotOn=true;inWindow=true;time_close=08-11 15:48
2026-08-11T15:45:00.000+01:00,DIAG-DEDUP;EURJPY;s=0;wOpened=08-11 15:36;nd=0;bestStored=none;bestStoredSlot=-1;newWins=true
2026-08-11T15:45:00.000+01:00,DIAG-CLOSE;EURJPY;s=1;prev=12;c=13;firstObs=false;slotOn=true;inWindow=true;time_close=08-11 15:48
2026-08-11T15:45:00.000+01:00,DIAG-DEDUP;EURJPY;s=1;wOpened=08-11 15:36;nd=1;bestStored=08-11 15:36;bestStoredSlot=0;newWins=true
2026-08-11T16:03:00.000+01:00,DIAG-CLOSE;AUDCHF;s=1;prev=13;c=14;firstObs=false;slotOn=true;inWindow=true;time_close=08-11 16:06
2026-08-11T16:03:00.000+01:00,DIAG-DEDUP;AUDCHF;s=1;wOpened=08-11 15:51;nd=0;bestStored=none;bestStoredSlot=-1;newWins=true
2026-08-11T16:33:00.000+01:00,DIAG-CLOSE;AUDUSD;s=0;prev=13;c=14;firstObs=false;slotOn=true;inWindow=true;time_close=08-11 16:36
2026-08-11T16:33:00.000+01:00,DIAG-DEDUP;AUDUSD;s=0;wOpened=08-11 16:21;nd=0;bestStored=none;bestStoredSlot=-1;newWins=true
2026-08-11T16:33:00.000+01:00,DIAG-CLOSE;AUDUSD;s=1;prev=14;c=15;firstObs=false;slotOn=true;inWindow=true;time_close=08-11 16:36
2026-08-11T16:33:00.000+01:00,DIAG-DEDUP;AUDUSD;s=1;wOpened=08-11 16:21;nd=1;bestStored=08-11 16:21;bestStoredSlot=0;newWins=true
2026-08-11T16:48:00.000+01:00,DIAG-CLOSE;EURJPY;s=5;prev=3;c=4;firstObs=false;slotOn=true;inWindow=true;time_close=08-11 16:51
2026-08-11T16:48:00.000+01:00,DIAG-DEDUP;EURJPY;s=5;wOpened=08-11 16:45;nd=0;bestStored=none;bestStoredSlot=-1;newWins=true
2026-08-11T17:30:00.000+01:00,DIAG-CLOSE;GBPAUD;s=0;prev=5;c=6;firstObs=false;slotOn=true;inWindow=true;time_close=08-11 17:33
2026-08-11T17:30:00.000+01:00,DIAG-DEDUP;GBPAUD;s=0;wOpened=08-11 16:15;nd=0;bestStored=none;bestStoredSlot=-1;newWins=true
2026-08-11T17:30:00.000+01:00,DIAG-CLOSE;GBPAUD;s=1;prev=7;c=8;firstObs=false;slotOn=true;inWindow=true;time_close=08-11 17:33
2026-08-11T17:30:00.000+01:00,DIAG-DEDUP;GBPAUD;s=1;wOpened=08-11 16:15;nd=1;bestStored=08-11 16:15;bestStoredSlot=0;newWins=true
2026-08-11T17:30:00.000+01:00,DIAG-CLOSE;GBPAUD;s=2;prev=3;c=4;firstObs=false;slotOn=true;inWindow=true;time_close=08-11 17:33
2026-08-11T17:30:00.000+01:00,DIAG-DEDUP;GBPAUD;s=2;wOpened=08-11 16:42;nd=1;bestStored=08-11 16:15;bestStoredSlot=1;newWins=false
2026-08-11T17:30:00.000+01:00,DIAG-CLOSE;GBPAUD;s=3;prev=2;c=3;firstObs=false;slotOn=true;inWindow=true;time_close=08-11 17:33
2026-08-11T17:30:00.000+01:00,DIAG-DEDUP;GBPAUD;s=3;wOpened=08-11 16:42;nd=1;bestStored=08-11 16:15;bestStoredSlot=1;newWins=false
2026-08-11T17:30:00.000+01:00,DIAG-CLOSE;GBPAUD;s=4;prev=2;c=3;firstObs=false;slotOn=true;inWindow=true;time_close=08-11 17:33
2026-08-11T17:30:00.000+01:00,DIAG-DEDUP;GBPAUD;s=4;wOpened=08-11 17:27;nd=1;bestStored=08-11 16:15;bestStoredSlot=1;newWins=false
2026-08-11T17:42:00.000+01:00,DIAG-CLOSE;GBPUSD;s=0;prev=10;c=11;firstObs=false;slotOn=true;inWindow=true;time_close=08-11 17:45
2026-08-11T17:42:00.000+01:00,DIAG-DEDUP;GBPUSD;s=0;wOpened=08-11 15:48;nd=0;bestStored=none;bestStoredSlot=-1;newWins=true
2026-08-11T17:42:00.000+01:00,DIAG-CLOSE;GBPUSD;s=1;prev=12;c=13;firstObs=false;slotOn=true;inWindow=true;time_close=08-11 17:45
2026-08-11T17:42:00.000+01:00,DIAG-DEDUP;GBPUSD;s=1;wOpened=08-11 15:48;nd=1;bestStored=08-11 15:48;bestStoredSlot=0;newWins=true
2026-08-11T18:33:00.000+01:00,DIAG-CLOSE;AUDCHF;s=0;prev=13;c=14;firstObs=false;slotOn=true;inWindow=true;time_close=08-11 18:36
2026-08-11T18:33:00.000+01:00,DIAG-DEDUP;AUDCHF;s=0;wOpened=08-11 16:15;nd=0;bestStored=none;bestStoredSlot=-1;newWins=true
2026-08-11T18:33:00.000+01:00,DIAG-CLOSE;AUDCHF;s=1;prev=14;c=15;firstObs=false;slotOn=true;inWindow=true;time_close=08-11 18:36
2026-08-11T18:33:00.000+01:00,DIAG-DEDUP;AUDCHF;s=1;wOpened=08-11 18:12;nd=1;bestStored=08-11 16:15;bestStoredSlot=0;newWins=false
2026-08-11T18:33:00.000+01:00,DIAG-CLOSE;AUDCHF;s=2;prev=7;c=8;firstObs=false;slotOn=true;inWindow=true;time_close=08-11 18:36
2026-08-11T18:33:00.000+01:00,DIAG-DEDUP;AUDCHF;s=2;wOpened=08-11 18:15;nd=1;bestStored=08-11 16:15;bestStoredSlot=0;newWins=false
2026-08-11T18:33:00.000+01:00,DIAG-CLOSE;AUDCHF;s=3;prev=8;c=9;firstObs=false;slotOn=true;inWindow=true;time_close=08-11 18:36
2026-08-11T18:33:00.000+01:00,DIAG-DEDUP;AUDCHF;s=3;wOpened=08-11 16:24;nd=1;bestStored=08-11 16:15;bestStoredSlot=0;newWins=false
2026-08-11T18:33:00.000+01:00,DIAG-CLOSE;AUDCHF;s=4;prev=3;c=4;firstObs=false;slotOn=true;inWindow=true;time_close=08-11 18:36
2026-08-11T18:33:00.000+01:00,DIAG-DEDUP;AUDCHF;s=4;wOpened=08-11 18:30;nd=1;bestStored=08-11 16:15;bestStoredSlot=0;newWins=false
2026-08-11T18:33:00.000+01:00,DIAG-CLOSE;AUDCHF;s=5;prev=3;c=4;firstObs=false;slotOn=true;inWindow=true;time_close=08-11 18:36
2026-08-11T18:33:00.000+01:00,DIAG-DEDUP;AUDCHF;s=5;wOpened=08-11 18:30;nd=1;bestStored=08-11 16:15;bestStoredSlot=0;newWins=false
2026-08-11T18:33:00.000+01:00,DIAG-CLOSE;AUDCHF;s=6;prev=1;c=2;firstObs=false;slotOn=true;inWindow=true;time_close=08-11 18:36
2026-08-11T18:33:00.000+01:00,DIAG-DEDUP;AUDCHF;s=6;wOpened=08-11 18:15;nd=1;bestStored=08-11 16:15;bestStoredSlot=0;newWins=false
2026-08-11T19:21:00.000+01:00,DIAG-CLOSE;EURGBP;s=0;prev=11;c=12;firstObs=false;slotOn=true;inWindow=true;time_close=08-11 19:24
2026-08-11T19:21:00.000+01:00,DIAG-DEDUP;EURGBP;s=0;wOpened=08-11 18:54;nd=0;bestStored=none;bestStoredSlot=-1;newWins=true
2026-08-11T19:21:00.000+01:00,DIAG-CLOSE;EURGBP;s=1;prev=8;c=9;firstObs=false;slotOn=true;inWindow=true;time_close=08-11 19:24
2026-08-11T19:21:00.000+01:00,DIAG-DEDUP;EURGBP;s=1;wOpened=08-11 18:54;nd=1;bestStored=08-11 18:54;bestStoredSlot=0;newWins=true
2026-08-11T19:36:00.000+01:00,DIAG-CLOSE;USDCAD;s=0;prev=12;c=13;firstObs=false;slotOn=true;inWindow=true;time_close=08-11 19:39
2026-08-11T19:36:00.000+01:00,DIAG-DEDUP;USDCAD;s=0;wOpened=08-11 19:21;nd=0;bestStored=none;bestStoredSlot=-1;newWins=true
2026-08-11T19:36:00.000+01:00,DIAG-CLOSE;USDCAD;s=1;prev=12;c=13;firstObs=false;slotOn=true;inWindow=true;time_close=08-11 19:39
2026-08-11T19:36:00.000+01:00,DIAG-DEDUP;USDCAD;s=1;wOpened=08-11 19:21;nd=1;bestStored=08-11 19:21;bestStoredSlot=0;newWins=true
2026-08-11T23:27:00.000+01:00,GCLOSEHDR;2026-08-11 08:00;2026-08-12 00:00;24;44;8
2026-08-11T23:27:00.000+01:00,GCLOSE;1;USDJPY;A2:15;2026-08-11 08:18;2026-08-11 08:21;1;long;2026-08-11 08:15
2026-08-11T23:27:00.000+01:00,GCLOSE;2;EURJPY;C2:11;2026-08-11 08:18;2026-08-11 08:21;1;long;2026-08-11 08:15
2026-08-11T23:27:00.000+01:00,GCLOSE;3;EURCHF;A2:15;2026-08-11 08:18;2026-08-11 09:09;7;long;2026-08-10 19:09
2026-08-11T23:27:00.000+01:00,GCLOSE;4;GBPUSD;A2:15;2026-08-11 10:21;2026-08-11 10:24;1;short;2026-08-11 10:18
2026-08-11T23:27:00.000+01:00,GCLOSE;5;USDCHF;A2:15;2026-08-11 11:15;2026-08-11 11:18;1;short;2026-08-11 10:33
2026-08-11T23:27:00.000+01:00,GCLOSE;6;EURCHF;A1:25;2026-08-11 10:33;2026-08-11 11:18;2;short;2026-08-11 09:51
2026-08-11T23:27:00.000+01:00,GCLOSE;7;CADJPY;A1:25;2026-08-11 11:45;2026-08-11 11:48;1;short;2026-08-11 11:42
2026-08-11T23:27:00.000+01:00,GCLOSE;8;AUDJPY;A2:15;2026-08-11 12:18;2026-08-11 12:21;1;short;2026-08-11 11:57
2026-08-11T23:27:00.000+01:00,GCLOSE;9;AUDUSD;A1:25;2026-08-11 13:00;2026-08-11 13:03;1;short;2026-08-11 12:57
2026-08-11T23:27:00.000+01:00,GCLOSE;10;EURGBP;A2:15;2026-08-11 13:54;2026-08-11 13:57;1;long;2026-08-11 13:09
2026-08-11T23:27:00.000+01:00,GCLOSE;11;EURCAD;A2:15;2026-08-11 10:24;2026-08-11 14:03;6;long;2026-08-11 10:15
2026-08-11T23:27:00.000+01:00,GCLOSE;12;GBPCAD;A2:15;2026-08-11 14:09;2026-08-11 14:12;1;long;2026-08-11 10:30
2026-08-11T23:27:00.000+01:00,GCLOSE;13;GBPCAD;B2:25;2026-08-11 15:21;2026-08-11 15:27;2;short;2026-08-11 14:54
2026-08-11T23:27:00.000+01:00,GCLOSE;14;CADCHF;A2:15;2026-08-11 15:21;2026-08-11 15:27;2;long;2026-08-11 14:18
2026-08-11T23:27:00.000+01:00,GCLOSE;15;AUDCHF;A2:15;2026-08-11 15:24;2026-08-11 15:27;1;long;2026-08-11 14:48
2026-08-11T23:27:00.000+01:00,GCLOSE;16;EURJPY;A2:15;2026-08-11 15:45;2026-08-11 15:48;1;short;2026-08-11 15:36
2026-08-11T23:27:00.000+01:00,GCLOSE;17;AUDCHF;A2:15;2026-08-11 16:03;2026-08-11 16:06;1;short;2026-08-11 15:51
2026-08-11T23:27:00.000+01:00,GCLOSE;18;AUDUSD;A2:15;2026-08-11 16:33;2026-08-11 16:36;1;short;2026-08-11 16:21
2026-08-11T23:27:00.000+01:00,GCLOSE;19;EURJPY;C2:11;2026-08-11 16:48;2026-08-11 16:51;1;long;2026-08-11 16:45
2026-08-11T23:27:00.000+01:00,GCLOSE;20;GBPAUD;A2:15;2026-08-11 16:42;2026-08-11 17:33;3;short;2026-08-11 16:15
2026-08-11T23:27:00.000+01:00,GCLOSE;21;GBPUSD;A2:15;2026-08-11 17:42;2026-08-11 17:45;1;short;2026-08-11 15:48
2026-08-11T23:27:00.000+01:00,GCLOSE;22;AUDCHF;A1:25;2026-08-11 16:24;2026-08-11 18:36;5;long;2026-08-11 16:15
2026-08-11T23:27:00.000+01:00,GCLOSE;23;EURGBP;A2:15;2026-08-11 19:21;2026-08-11 19:24;1;long;2026-08-11 18:54
2026-08-11T23:27:00.000+01:00,GCLOSE;24;USDCAD;A2:15;2026-08-11 19:36;2026-08-11 19:39;1;short;2026-08-11 19:21
