Date,Message
2026-07-26T22:21:00.000+01:00,DIAG-CLOSE;EURUSD;s=0;prev=-1;c=0;firstObs=true;slotOn=true;inWindow=false;time_close=07-26 22:24
2026-07-26T22:21:00.000+01:00,DIAG-CLOSE;EURUSD;s=1;prev=-1;c=0;firstObs=true;slotOn=true;inWindow=false;time_close=07-26 22:24
2026-07-26T22:21:00.000+01:00,DIAG-CLOSE;EURUSD;s=2;prev=-1;c=0;firstObs=true;slotOn=true;inWindow=false;time_close=07-26 22:24
2026-07-26T22:21:00.000+01:00,DIAG-CLOSE;EURUSD;s=3;prev=-1;c=0;firstObs=true;slotOn=true;inWindow=false;time_close=07-26 22:24
2026-07-26T22:21:00.000+01:00,DIAG-CLOSE;EURUSD;s=4;prev=-1;c=0;firstObs=true;slotOn=true;inWindow=false;time_close=07-26 22:24
2026-07-26T22:21:00.000+01:00,DIAG-CLOSE;EURUSD;s=5;prev=-1;c=0;firstObs=true;slotOn=true;inWindow=false;time_close=07-26 22:24
2026-07-26T22:21:00.000+01:00,DIAG-CLOSE;EURUSD;s=6;prev=-1;c=0;firstObs=true;slotOn=true;inWindow=false;time_close=07-26 22:24
2026-07-26T22:21:00.000+01:00,DIAG-CLOSE;EURUSD;s=7;prev=-1;c=0;firstObs=true;slotOn=true;inWindow=false;time_close=07-26 22:24
2026-07-26T22:21:00.000+01:00,DIAG-CLOSE;GBPUSD;s=0;prev=-1;c=0;firstObs=true;slotOn=true;inWindow=false;time_close=07-26 22:24
2026-07-26T22:21:00.000+01:00,DIAG-CLOSE;GBPUSD;s=1;prev=-1;c=0;firstObs=true;slotOn=true;inWindow=false;time_close=07-26 22:24
2026-07-26T22:21:00.000+01:00,DIAG-CLOSE;GBPUSD;s=2;prev=-1;c=0;firstObs=true;slotOn=true;inWindow=false;time_close=07-26 22:24
2026-07-26T22:21:00.000+01:00,DIAG-CLOSE;GBPUSD;s=3;prev=-1;c=0;firstObs=true;slotOn=true;inWindow=false;time_close=07-26 22:24
2026-07-26T22:21:00.000+01:00,DIAG-CLOSE;GBPUSD;s=4;prev=-1;c=0;firstObs=true;slotOn=true;inWindow=false;time_close=07-26 22:24
2026-07-26T22:21:00.000+01:00,DIAG-CLOSE;GBPUSD;s=5;prev=-1;c=0;firstObs=true;slotOn=true;inWindow=false;time_close=07-26 22:24
2026-07-26T22:21:00.000+01:00,DIAG-CLOSE;GBPUSD;s=6;prev=-1;c=0;firstObs=true;slotOn=true;inWindow=false;time_close=07-26 22:24
2026-07-26T22:21:00.000+01:00,DIAG-CLOSE;GBPUSD;s=7;prev=-1;c=0;firstObs=true;slotOn=true;inWindow=false;time_close=07-26 22:24
2026-07-26T22:21:00.000+01:00,DIAG-CLOSE;USDCAD;s=0;prev=-1;c=0;firstObs=true;slotOn=true;inWindow=false;time_close=07-26 22:24
2026-07-26T22:21:00.000+01:00,DIAG-CLOSE;USDCAD;s=1;prev=-1;c=0;firstObs=true;slotOn=true;inWindow=false;time_close=07-26 22:24
2026-07-26T22:21:00.000+01:00,DIAG-CLOSE;USDCAD;s=2;prev=-1;c=0;firstObs=true;slotOn=true;inWindow=false;time_close=07-26 22:24
2026-07-26T22:21:00.000+01:00,DIAG-CLOSE;USDCAD;s=3;prev=-1;c=0;firstObs=true;slotOn=true;inWindow=false;time_close=07-26 22:24
2026-07-26T22:21:00.000+01:00,DIAG-CLOSE;USDCAD;s=4;prev=-1;c=0;firstObs=true;slotOn=true;inWindow=false;time_close=07-26 22:24
2026-07-26T22:21:00.000+01:00,DIAG-CLOSE;USDCAD;s=5;prev=-1;c=0;firstObs=true;slotOn=true;inWindow=false;time_close=07-26 22:24
2026-07-26T22:21:00.000+01:00,DIAG-CLOSE;USDCAD;s=6;prev=-1;c=0;firstObs=true;slotOn=true;inWindow=false;time_close=07-26 22:24
2026-07-26T22:21:00.000+01:00,DIAG-CLOSE;USDCAD;s=7;prev=-1;c=0;firstObs=true;slotOn=true;inWindow=false;time_close=07-26 22:24
2026-07-26T22:21:00.000+01:00,DIAG-CLOSE;USDCHF;s=0;prev=-1;c=0;firstObs=true;slotOn=true;inWindow=false;time_close=07-26 22:24
2026-07-26T22:21:00.000+01:00,DIAG-CLOSE;USDCHF;s=1;prev=-1;c=0;firstObs=true;slotOn=true;inWindow=false;time_close=07-26 22:24
2026-07-26T22:21:00.000+01:00,DIAG-CLOSE;USDCHF;s=2;prev=-1;c=0;firstObs=true;slotOn=true;inWindow=false;time_close=07-26 22:24
2026-07-26T22:21:00.000+01:00,DIAG-CLOSE;USDCHF;s=3;prev=-1;c=0;firstObs=true;slotOn=true;inWindow=false;time_close=07-26 22:24
2026-07-26T22:21:00.000+01:00,DIAG-CLOSE;USDCHF;s=4;prev=-1;c=0;firstObs=true;slotOn=true;inWindow=false;time_close=07-26 22:24
2026-07-26T22:21:00.000+01:00,DIAG-CLOSE;USDCHF;s=5;prev=-1;c=0;firstObs=true;slotOn=true;inWindow=false;time_close=07-26 22:24
2026-07-26T22:21:00.000+01:00,DIAG-CLOSE;USDCHF;s=6;prev=-1;c=0;firstObs=true;slotOn=true;inWindow=false;time_close=07-26 22:24
2026-07-26T22:21:00.000+01:00,DIAG-CLOSE;USDCHF;s=7;prev=-1;c=0;firstObs=true;slotOn=true;inWindow=false;time_close=07-26 22:24
2026-07-26T22:21:00.000+01:00,DIAG-CLOSE;USDJPY;s=0;prev=-1;c=0;firstObs=true;slotOn=true;inWindow=false;time_close=07-26 22:24
2026-07-26T22:21:00.000+01:00,DIAG-CLOSE;USDJPY;s=1;prev=-1;c=0;firstObs=true;slotOn=true;inWindow=false;time_close=07-26 22:24
2026-07-26T22:21:00.000+01:00,DIAG-CLOSE;USDJPY;s=2;prev=-1;c=0;firstObs=true;slotOn=true;inWindow=false;time_close=07-26 22:24
2026-07-26T22:21:00.000+01:00,DIAG-CLOSE;USDJPY;s=3;prev=-1;c=0;firstObs=true;slotOn=true;inWindow=false;time_close=07-26 22:24
2026-07-26T22:21:00.000+01:00,DIAG-CLOSE;USDJPY;s=4;prev=-1;c=0;firstObs=true;slotOn=true;inWindow=false;time_close=07-26 22:24
2026-07-26T22:21:00.000+01:00,DIAG-CLOSE;USDJPY;s=5;prev=-1;c=0;firstObs=true;slotOn=true;inWindow=false;time_close=07-26 22:24
2026-07-26T22:21:00.000+01:00,DIAG-CLOSE;USDJPY;s=6;prev=-1;c=0;firstObs=true;slotOn=true;inWindow=false;time_close=07-26 22:24
2026-07-26T22:21:00.000+01:00,DIAG-CLOSE;USDJPY;s=7;prev=-1;c=0;firstObs=true;slotOn=true;inWindow=false;time_close=07-26 22:24
2026-07-26T22:21:00.000+01:00,DIAG-CLOSE;AUDUSD;s=0;prev=-1;c=0;firstObs=true;slotOn=true;inWindow=false;time_close=07-26 22:24
2026-07-26T22:21:00.000+01:00,DIAG-CLOSE;AUDUSD;s=1;prev=-1;c=0;firstObs=true;slotOn=true;inWindow=false;time_close=07-26 22:24
2026-07-26T22:21:00.000+01:00,DIAG-CLOSE;AUDUSD;s=2;prev=-1;c=0;firstObs=true;slotOn=true;inWindow=false;time_close=07-26 22:24
2026-07-26T22:21:00.000+01:00,DIAG-CLOSE;AUDUSD;s=3;prev=-1;c=0;firstObs=true;slotOn=true;inWindow=false;time_close=07-26 22:24
2026-07-26T22:21:00.000+01:00,DIAG-CLOSE;AUDUSD;s=4;prev=-1;c=0;firstObs=true;slotOn=true;inWindow=false;time_close=07-26 22:24
2026-07-26T22:21:00.000+01:00,DIAG-CLOSE;AUDUSD;s=5;prev=-1;c=0;firstObs=true;slotOn=true;inWindow=false;time_close=07-26 22:24
2026-07-26T22:21:00.000+01:00,DIAG-CLOSE;AUDUSD;s=6;prev=-1;c=0;firstObs=true;slotOn=true;inWindow=false;time_close=07-26 22:24
2026-07-26T22:21:00.000+01:00,DIAG-CLOSE;AUDUSD;s=7;prev=-1;c=0;firstObs=true;slotOn=true;inWindow=false;time_close=07-26 22:24
2026-07-26T22:21:00.000+01:00,DIAG-CLOSE;EURGBP;s=0;prev=-1;c=0;firstObs=true;slotOn=true;inWindow=false;time_close=07-26 22:24
2026-07-26T22:21:00.000+01:00,DIAG-CLOSE;EURGBP;s=1;prev=-1;c=0;firstObs=true;slotOn=true;inWindow=false;time_close=07-26 22:24
2026-07-26T22:21:00.000+01:00,DIAG-CLOSE;EURGBP;s=2;prev=-1;c=0;firstObs=true;slotOn=true;inWindow=false;time_close=07-26 22:24
2026-07-26T22:21:00.000+01:00,DIAG-CLOSE;EURGBP;s=3;prev=-1;c=0;firstObs=true;slotOn=true;inWindow=false;time_close=07-26 22:24
2026-07-26T22:21:00.000+01:00,DIAG-CLOSE;EURGBP;s=4;prev=-1;c=0;firstObs=true;slotOn=true;inWindow=false;time_close=07-26 22:24
2026-07-26T22:21:00.000+01:00,DIAG-CLOSE;EURGBP;s=5;prev=-1;c=0;firstObs=true;slotOn=true;inWindow=false;time_close=07-26 22:24
2026-07-26T22:21:00.000+01:00,DIAG-CLOSE;EURGBP;s=6;prev=-1;c=0;firstObs=true;slotOn=true;inWindow=false;time_close=07-26 22:24
2026-07-26T22:21:00.000+01:00,DIAG-CLOSE;EURGBP;s=7;prev=-1;c=0;firstObs=true;slotOn=true;inWindow=false;time_close=07-26 22:24
2026-07-26T22:21:00.000+01:00,DIAG-CLOSE;EURCHF;s=0;prev=-1;c=0;firstObs=true;slotOn=true;inWindow=false;time_close=07-26 22:24
2026-07-26T22:21:00.000+01:00,DIAG-CLOSE;EURCHF;s=1;prev=-1;c=0;firstObs=true;slotOn=true;inWindow=false;time_close=07-26 22:24
2026-07-26T22:21:00.000+01:00,DIAG-CLOSE;EURCHF;s=2;prev=-1;c=0;firstObs=true;slotOn=true;inWindow=false;time_close=07-26 22:24
2026-07-26T22:21:00.000+01:00,DIAG-CLOSE;EURCHF;s=3;prev=-1;c=0;firstObs=true;slotOn=true;inWindow=false;time_close=07-26 22:24
2026-07-26T22:21:00.000+01:00,DIAG-CLOSE;EURCHF;s=4;prev=-1;c=0;firstObs=true;slotOn=true;inWindow=false;time_close=07-26 22:24
2026-07-26T22:21:00.000+01:00,DIAG-CLOSE;EURCHF;s=5;prev=-1;c=0;firstObs=true;slotOn=true;inWindow=false;time_close=07-26 22:24
2026-07-26T22:21:00.000+01:00,DIAG-CLOSE;EURCHF;s=6;prev=-1;c=0;firstObs=true;slotOn=true;inWindow=false;time_close=07-26 22:24
2026-07-26T22:21:00.000+01:00,DIAG-CLOSE;EURCHF;s=7;prev=-1;c=0;firstObs=true;slotOn=true;inWindow=false;time_close=07-26 22:24
2026-07-26T22:21:00.000+01:00,DIAG-CLOSE;EURJPY;s=0;prev=-1;c=0;firstObs=true;slotOn=true;inWindow=false;time_close=07-26 22:24
2026-07-26T22:21:00.000+01:00,DIAG-CLOSE;EURJPY;s=1;prev=-1;c=0;firstObs=true;slotOn=true;inWindow=false;time_close=07-26 22:24
2026-07-26T22:21:00.000+01:00,DIAG-CLOSE;EURJPY;s=2;prev=-1;c=0;firstObs=true;slotOn=true;inWindow=false;time_close=07-26 22:24
2026-07-26T22:21:00.000+01:00,DIAG-CLOSE;EURJPY;s=3;prev=-1;c=0;firstObs=true;slotOn=true;inWindow=false;time_close=07-26 22:24
2026-07-26T22:21:00.000+01:00,DIAG-CLOSE;EURJPY;s=4;prev=-1;c=0;firstObs=true;slotOn=true;inWindow=false;time_close=07-26 22:24
2026-07-26T22:21:00.000+01:00,DIAG-CLOSE;EURJPY;s=5;prev=-1;c=0;firstObs=true;slotOn=true;inWindow=false;time_close=07-26 22:24
2026-07-26T22:21:00.000+01:00,DIAG-CLOSE;EURJPY;s=6;prev=-1;c=0;firstObs=true;slotOn=true;inWindow=false;time_close=07-26 22:24
2026-07-26T22:21:00.000+01:00,DIAG-CLOSE;EURJPY;s=7;prev=-1;c=0;firstObs=true;slotOn=true;inWindow=false;time_close=07-26 22:24
2026-07-26T22:21:00.000+01:00,DIAG-CLOSE;EURAUD;s=0;prev=-1;c=0;firstObs=true;slotOn=true;inWindow=false;time_close=07-26 22:24
2026-07-26T22:21:00.000+01:00,DIAG-CLOSE;EURAUD;s=1;prev=-1;c=0;firstObs=true;slotOn=true;inWindow=false;time_close=07-26 22:24
2026-07-26T22:21:00.000+01:00,DIAG-CLOSE;EURAUD;s=2;prev=-1;c=0;firstObs=true;slotOn=true;inWindow=false;time_close=07-26 22:24
2026-07-26T22:21:00.000+01:00,DIAG-CLOSE;EURAUD;s=3;prev=-1;c=0;firstObs=true;slotOn=true;inWindow=false;time_close=07-26 22:24
2026-07-26T22:21:00.000+01:00,DIAG-CLOSE;EURAUD;s=4;prev=-1;c=0;firstObs=true;slotOn=true;inWindow=false;time_close=07-26 22:24
2026-07-26T22:21:00.000+01:00,DIAG-CLOSE;EURAUD;s=5;prev=-1;c=0;firstObs=true;slotOn=true;inWindow=false;time_close=07-26 22:24
2026-07-26T22:21:00.000+01:00,DIAG-CLOSE;EURAUD;s=6;prev=-1;c=0;firstObs=true;slotOn=true;inWindow=false;time_close=07-26 22:24
2026-07-26T22:21:00.000+01:00,DIAG-CLOSE;EURAUD;s=7;prev=-1;c=0;firstObs=true;slotOn=true;inWindow=false;time_close=07-26 22:24
2026-07-26T22:21:00.000+01:00,DIAG-CLOSE;EURCAD;s=0;prev=-1;c=0;firstObs=true;slotOn=true;inWindow=false;time_close=07-26 22:24
2026-07-26T22:21:00.000+01:00,DIAG-CLOSE;EURCAD;s=1;prev=-1;c=0;firstObs=true;slotOn=true;inWindow=false;time_close=07-26 22:24
2026-07-26T22:21:00.000+01:00,DIAG-CLOSE;EURCAD;s=2;prev=-1;c=0;firstObs=true;slotOn=true;inWindow=false;time_close=07-26 22:24
2026-07-26T22:21:00.000+01:00,DIAG-CLOSE;EURCAD;s=3;prev=-1;c=0;firstObs=true;slotOn=true;inWindow=false;time_close=07-26 22:24
2026-07-26T22:21:00.000+01:00,DIAG-CLOSE;EURCAD;s=4;prev=-1;c=0;firstObs=true;slotOn=true;inWindow=false;time_close=07-26 22:24
2026-07-26T22:21:00.000+01:00,DIAG-CLOSE;EURCAD;s=5;prev=-1;c=0;firstObs=true;slotOn=true;inWindow=false;time_close=07-26 22:24
2026-07-26T22:21:00.000+01:00,DIAG-CLOSE;EURCAD;s=6;prev=-1;c=0;firstObs=true;slotOn=true;inWindow=false;time_close=07-26 22:24
2026-07-26T22:21:00.000+01:00,DIAG-CLOSE;EURCAD;s=7;prev=-1;c=0;firstObs=true;slotOn=true;inWindow=false;time_close=07-26 22:24
2026-07-26T22:21:00.000+01:00,DIAG-CLOSE;GBPAUD;s=0;prev=-1;c=0;firstObs=true;slotOn=true;inWindow=false;time_close=07-26 22:24
2026-07-26T22:21:00.000+01:00,DIAG-CLOSE;GBPAUD;s=1;prev=-1;c=0;firstObs=true;slotOn=true;inWindow=false;time_close=07-26 22:24
2026-07-26T22:21:00.000+01:00,DIAG-CLOSE;GBPAUD;s=2;prev=-1;c=0;firstObs=true;slotOn=true;inWindow=false;time_close=07-26 22:24
2026-07-26T22:21:00.000+01:00,DIAG-CLOSE;GBPAUD;s=3;prev=-1;c=0;firstObs=true;slotOn=true;inWindow=false;time_close=07-26 22:24
2026-07-26T22:21:00.000+01:00,DIAG-CLOSE;GBPAUD;s=4;prev=-1;c=0;firstObs=true;slotOn=true;inWindow=false;time_close=07-26 22:24
2026-07-26T22:21:00.000+01:00,DIAG-CLOSE;GBPAUD;s=5;prev=-1;c=0;firstObs=true;slotOn=true;inWindow=false;time_close=07-26 22:24
2026-07-26T22:21:00.000+01:00,DIAG-CLOSE;GBPAUD;s=6;prev=-1;c=0;firstObs=true;slotOn=true;inWindow=false;time_close=07-26 22:24
2026-07-26T22:21:00.000+01:00,DIAG-CLOSE;GBPAUD;s=7;prev=-1;c=0;firstObs=true;slotOn=true;inWindow=false;time_close=07-26 22:24
2026-07-26T22:21:00.000+01:00,DIAG-CLOSE;GBPJPY;s=0;prev=-1;c=0;firstObs=true;slotOn=true;inWindow=false;time_close=07-26 22:24
2026-07-26T22:21:00.000+01:00,DIAG-CLOSE;GBPJPY;s=1;prev=-1;c=0;firstObs=true;slotOn=true;inWindow=false;time_close=07-26 22:24
2026-07-26T22:21:00.000+01:00,DIAG-CLOSE;GBPJPY;s=2;prev=-1;c=0;firstObs=true;slotOn=true;inWindow=false;time_close=07-26 22:24
2026-07-26T22:21:00.000+01:00,DIAG-CLOSE;GBPJPY;s=3;prev=-1;c=0;firstObs=true;slotOn=true;inWindow=false;time_close=07-26 22:24
2026-07-26T22:21:00.000+01:00,DIAG-CLOSE;GBPJPY;s=4;prev=-1;c=0;firstObs=true;slotOn=true;inWindow=false;time_close=07-26 22:24
2026-07-26T22:21:00.000+01:00,DIAG-CLOSE;GBPJPY;s=5;prev=-1;c=0;firstObs=true;slotOn=true;inWindow=false;time_close=07-26 22:24
2026-07-26T22:21:00.000+01:00,DIAG-CLOSE;GBPJPY;s=6;prev=-1;c=0;firstObs=true;slotOn=true;inWindow=false;time_close=07-26 22:24
2026-07-26T22:21:00.000+01:00,DIAG-CLOSE;GBPJPY;s=7;prev=-1;c=0;firstObs=true;slotOn=true;inWindow=false;time_close=07-26 22:24
2026-07-26T22:21:00.000+01:00,DIAG-CLOSE;GBPCHF;s=0;prev=-1;c=0;firstObs=true;slotOn=true;inWindow=false;time_close=07-26 22:24
2026-07-26T22:21:00.000+01:00,DIAG-CLOSE;GBPCHF;s=1;prev=-1;c=0;firstObs=true;slotOn=true;inWindow=false;time_close=07-26 22:24
2026-07-26T22:21:00.000+01:00,DIAG-CLOSE;GBPCHF;s=2;prev=-1;c=0;firstObs=true;slotOn=true;inWindow=false;time_close=07-26 22:24
2026-07-26T22:21:00.000+01:00,DIAG-CLOSE;GBPCHF;s=3;prev=-1;c=0;firstObs=true;slotOn=true;inWindow=false;time_close=07-26 22:24
2026-07-26T22:21:00.000+01:00,DIAG-CLOSE;GBPCHF;s=4;prev=-1;c=0;firstObs=true;slotOn=true;inWindow=false;time_close=07-26 22:24
2026-07-26T22:21:00.000+01:00,DIAG-CLOSE;GBPCHF;s=5;prev=-1;c=0;firstObs=true;slotOn=true;inWindow=false;time_close=07-26 22:24
2026-07-26T22:21:00.000+01:00,DIAG-CLOSE;GBPCHF;s=6;prev=-1;c=0;firstObs=true;slotOn=true;inWindow=false;time_close=07-26 22:24
2026-07-26T22:21:00.000+01:00,DIAG-CLOSE;GBPCHF;s=7;prev=-1;c=0;firstObs=true;slotOn=true;inWindow=false;time_close=07-26 22:24
2026-07-26T22:21:00.000+01:00,DIAG-CLOSE;GBPCAD;s=0;prev=-1;c=0;firstObs=true;slotOn=true;inWindow=false;time_close=07-26 22:24
2026-07-26T22:21:00.000+01:00,DIAG-CLOSE;GBPCAD;s=1;prev=-1;c=0;firstObs=true;slotOn=true;inWindow=false;time_close=07-26 22:24
2026-07-26T22:21:00.000+01:00,DIAG-CLOSE;GBPCAD;s=2;prev=-1;c=0;firstObs=true;slotOn=true;inWindow=false;time_close=07-26 22:24
2026-07-26T22:21:00.000+01:00,DIAG-CLOSE;GBPCAD;s=3;prev=-1;c=0;firstObs=true;slotOn=true;inWindow=false;time_close=07-26 22:24
2026-07-26T22:21:00.000+01:00,DIAG-CLOSE;GBPCAD;s=4;prev=-1;c=0;firstObs=true;slotOn=true;inWindow=false;time_close=07-26 22:24
2026-07-26T22:21:00.000+01:00,DIAG-CLOSE;GBPCAD;s=5;prev=-1;c=0;firstObs=true;slotOn=true;inWindow=false;time_close=07-26 22:24
2026-07-26T22:21:00.000+01:00,DIAG-CLOSE;GBPCAD;s=6;prev=-1;c=0;firstObs=true;slotOn=true;inWindow=false;time_close=07-26 22:24
2026-07-26T22:21:00.000+01:00,DIAG-CLOSE;GBPCAD;s=7;prev=-1;c=0;firstObs=true;slotOn=true;inWindow=false;time_close=07-26 22:24
2026-07-26T22:21:00.000+01:00,DIAG-CLOSE;CHFJPY;s=0;prev=-1;c=0;firstObs=true;slotOn=true;inWindow=false;time_close=07-26 22:24
2026-07-26T22:21:00.000+01:00,DIAG-CLOSE;CHFJPY;s=1;prev=-1;c=0;firstObs=true;slotOn=true;inWindow=false;time_close=07-26 22:24
2026-07-26T22:21:00.000+01:00,DIAG-CLOSE;CHFJPY;s=2;prev=-1;c=0;firstObs=true;slotOn=true;inWindow=false;time_close=07-26 22:24
2026-07-26T22:21:00.000+01:00,DIAG-CLOSE;CHFJPY;s=3;prev=-1;c=0;firstObs=true;slotOn=true;inWindow=false;time_close=07-26 22:24
2026-07-26T22:21:00.000+01:00,DIAG-CLOSE;CHFJPY;s=4;prev=-1;c=0;firstObs=true;slotOn=true;inWindow=false;time_close=07-26 22:24
2026-07-26T22:21:00.000+01:00,DIAG-CLOSE;CHFJPY;s=5;prev=-1;c=0;firstObs=true;slotOn=true;inWindow=false;time_close=07-26 22:24
2026-07-26T22:21:00.000+01:00,DIAG-CLOSE;CHFJPY;s=6;prev=-1;c=0;firstObs=true;slotOn=true;inWindow=false;time_close=07-26 22:24
2026-07-26T22:21:00.000+01:00,DIAG-CLOSE;CHFJPY;s=7;prev=-1;c=0;firstObs=true;slotOn=true;inWindow=false;time_close=07-26 22:24
2026-07-26T22:21:00.000+01:00,DIAG-CLOSE;CADCHF;s=0;prev=-1;c=0;firstObs=true;slotOn=true;inWindow=false;time_close=07-26 22:24
2026-07-26T22:21:00.000+01:00,DIAG-CLOSE;CADCHF;s=1;prev=-1;c=0;firstObs=true;slotOn=true;inWindow=false;time_close=07-26 22:24
2026-07-26T22:21:00.000+01:00,DIAG-CLOSE;CADCHF;s=2;prev=-1;c=0;firstObs=true;slotOn=true;inWindow=false;time_close=07-26 22:24
2026-07-26T22:21:00.000+01:00,DIAG-CLOSE;CADCHF;s=3;prev=-1;c=0;firstObs=true;slotOn=true;inWindow=false;time_close=07-26 22:24
2026-07-26T22:21:00.000+01:00,DIAG-CLOSE;CADCHF;s=4;prev=-1;c=0;firstObs=true;slotOn=true;inWindow=false;time_close=07-26 22:24
2026-07-26T22:21:00.000+01:00,DIAG-CLOSE;CADCHF;s=5;prev=-1;c=0;firstObs=true;slotOn=true;inWindow=false;time_close=07-26 22:24
2026-07-26T22:21:00.000+01:00,DIAG-CLOSE;CADCHF;s=6;prev=-1;c=0;firstObs=true;slotOn=true;inWindow=false;time_close=07-26 22:24
2026-07-26T22:21:00.000+01:00,DIAG-CLOSE;CADCHF;s=7;prev=-1;c=0;firstObs=true;slotOn=true;inWindow=false;time_close=07-26 22:24
2026-07-26T22:21:00.000+01:00,DIAG-CLOSE;CADJPY;s=0;prev=-1;c=0;firstObs=true;slotOn=true;inWindow=false;time_close=07-26 22:24
2026-07-26T22:21:00.000+01:00,DIAG-CLOSE;CADJPY;s=1;prev=-1;c=0;firstObs=true;slotOn=true;inWindow=false;time_close=07-26 22:24
2026-07-26T22:21:00.000+01:00,DIAG-CLOSE;CADJPY;s=2;prev=-1;c=0;firstObs=true;slotOn=true;inWindow=false;time_close=07-26 22:24
2026-07-26T22:21:00.000+01:00,DIAG-CLOSE;CADJPY;s=3;prev=-1;c=0;firstObs=true;slotOn=true;inWindow=false;time_close=07-26 22:24
2026-07-26T22:21:00.000+01:00,DIAG-CLOSE;CADJPY;s=4;prev=-1;c=0;firstObs=true;slotOn=true;inWindow=false;time_close=07-26 22:24
2026-07-26T22:21:00.000+01:00,DIAG-CLOSE;CADJPY;s=5;prev=-1;c=0;firstObs=true;slotOn=true;inWindow=false;time_close=07-26 22:24
2026-07-26T22:21:00.000+01:00,DIAG-CLOSE;CADJPY;s=6;prev=-1;c=0;firstObs=true;slotOn=true;inWindow=false;time_close=07-26 22:24
2026-07-26T22:21:00.000+01:00,DIAG-CLOSE;CADJPY;s=7;prev=-1;c=0;firstObs=true;slotOn=true;inWindow=false;time_close=07-26 22:24
2026-07-26T22:21:00.000+01:00,DIAG-CLOSE;AUDJPY;s=0;prev=-1;c=0;firstObs=true;slotOn=true;inWindow=false;time_close=07-26 22:24
2026-07-26T22:21:00.000+01:00,DIAG-CLOSE;AUDJPY;s=1;prev=-1;c=0;firstObs=true;slotOn=true;inWindow=false;time_close=07-26 22:24
2026-07-26T22:21:00.000+01:00,DIAG-CLOSE;AUDJPY;s=2;prev=-1;c=0;firstObs=true;slotOn=true;inWindow=false;time_close=07-26 22:24
2026-07-26T22:21:00.000+01:00,DIAG-CLOSE;AUDJPY;s=3;prev=-1;c=0;firstObs=true;slotOn=true;inWindow=false;time_close=07-26 22:24
2026-07-26T22:21:00.000+01:00,DIAG-CLOSE;AUDJPY;s=4;prev=-1;c=0;firstObs=true;slotOn=true;inWindow=false;time_close=07-26 22:24
2026-07-26T22:21:00.000+01:00,DIAG-CLOSE;AUDJPY;s=5;prev=-1;c=0;firstObs=true;slotOn=true;inWindow=false;time_close=07-26 22:24
2026-07-26T22:21:00.000+01:00,DIAG-CLOSE;AUDJPY;s=6;prev=-1;c=0;firstObs=true;slotOn=true;inWindow=false;time_close=07-26 22:24
2026-07-26T22:21:00.000+01:00,DIAG-CLOSE;AUDJPY;s=7;prev=-1;c=0;firstObs=true;slotOn=true;inWindow=false;time_close=07-26 22:24
2026-07-26T22:21:00.000+01:00,DIAG-CLOSE;AUDCHF;s=0;prev=-1;c=0;firstObs=true;slotOn=true;inWindow=false;time_close=07-26 22:24
2026-07-26T22:21:00.000+01:00,DIAG-CLOSE;AUDCHF;s=1;prev=-1;c=0;firstObs=true;slotOn=true;inWindow=false;time_close=07-26 22:24
2026-07-26T22:21:00.000+01:00,DIAG-CLOSE;AUDCHF;s=2;prev=-1;c=0;firstObs=true;slotOn=true;inWindow=false;time_close=07-26 22:24
2026-07-26T22:21:00.000+01:00,DIAG-CLOSE;AUDCHF;s=3;prev=-1;c=0;firstObs=true;slotOn=true;inWindow=false;time_close=07-26 22:24
2026-07-26T22:21:00.000+01:00,DIAG-CLOSE;AUDCHF;s=4;prev=-1;c=0;firstObs=true;slotOn=true;inWindow=false;time_close=07-26 22:24
2026-07-26T22:21:00.000+01:00,DIAG-CLOSE;AUDCHF;s=5;prev=-1;c=0;firstObs=true;slotOn=true;inWindow=false;time_close=07-26 22:24
2026-07-26T22:21:00.000+01:00,DIAG-CLOSE;AUDCHF;s=6;prev=-1;c=0;firstObs=true;slotOn=true;inWindow=false;time_close=07-26 22:24
2026-07-26T22:21:00.000+01:00,DIAG-CLOSE;AUDCHF;s=7;prev=-1;c=0;firstObs=true;slotOn=true;inWindow=false;time_close=07-26 22:24
2026-07-26T22:21:00.000+01:00,DIAG-CLOSE;AUDCAD;s=0;prev=-1;c=0;firstObs=true;slotOn=true;inWindow=false;time_close=07-26 22:24
2026-07-26T22:21:00.000+01:00,DIAG-CLOSE;AUDCAD;s=1;prev=-1;c=0;firstObs=true;slotOn=true;inWindow=false;time_close=07-26 22:24
2026-07-26T22:21:00.000+01:00,DIAG-CLOSE;AUDCAD;s=2;prev=-1;c=0;firstObs=true;slotOn=true;inWindow=false;time_close=07-26 22:24
2026-07-26T22:21:00.000+01:00,DIAG-CLOSE;AUDCAD;s=3;prev=-1;c=0;firstObs=true;slotOn=true;inWindow=false;time_close=07-26 22:24
2026-07-26T22:21:00.000+01:00,DIAG-CLOSE;AUDCAD;s=4;prev=-1;c=0;firstObs=true;slotOn=true;inWindow=false;time_close=07-26 22:24
2026-07-26T22:21:00.000+01:00,DIAG-CLOSE;AUDCAD;s=5;prev=-1;c=0;firstObs=true;slotOn=true;inWindow=false;time_close=07-26 22:24
2026-07-26T22:21:00.000+01:00,DIAG-CLOSE;AUDCAD;s=6;prev=-1;c=0;firstObs=true;slotOn=true;inWindow=false;time_close=07-26 22:24
2026-07-26T22:21:00.000+01:00,DIAG-CLOSE;AUDCAD;s=7;prev=-1;c=0;firstObs=true;slotOn=true;inWindow=false;time_close=07-26 22:24
2026-07-27T10:06:00.000+01:00,DIAG-CLOSE;EURCAD;s=0;prev=0;c=1;firstObs=false;slotOn=true;inWindow=false;time_close=07-27 10:09
2026-07-27T10:06:00.000+01:00,DIAG-CLOSE;EURCAD;s=1;prev=0;c=1;firstObs=false;slotOn=true;inWindow=false;time_close=07-27 10:09
2026-07-27T10:06:00.000+01:00,DIAG-CLOSE;EURCAD;s=3;prev=0;c=1;firstObs=false;slotOn=true;inWindow=false;time_close=07-27 10:09
2026-07-27T11:00:00.000+01:00,DIAG-CLOSE;USDJPY;s=3;prev=0;c=1;firstObs=false;slotOn=true;inWindow=false;time_close=07-27 11:03
2026-07-27T11:48:00.000+01:00,DIAG-CLOSE;EURJPY;s=0;prev=0;c=1;firstObs=false;slotOn=true;inWindow=false;time_close=07-27 11:51
2026-07-27T11:48:00.000+01:00,DIAG-CLOSE;EURJPY;s=1;prev=0;c=1;firstObs=false;slotOn=true;inWindow=false;time_close=07-27 11:51
2026-07-27T12:15:00.000+01:00,DIAG-CLOSE;GBPCHF;s=2;prev=0;c=1;firstObs=false;slotOn=true;inWindow=false;time_close=07-27 12:18
2026-07-27T12:15:00.000+01:00,DIAG-CLOSE;GBPCHF;s=3;prev=0;c=1;firstObs=false;slotOn=true;inWindow=false;time_close=07-27 12:18
2026-07-27T12:24:00.000+01:00,DIAG-CLOSE;GBPUSD;s=2;prev=0;c=1;firstObs=false;slotOn=true;inWindow=false;time_close=07-27 12:27
2026-07-27T13:00:00.000+01:00,DIAG-CLOSE;EURCHF;s=0;prev=0;c=1;firstObs=false;slotOn=true;inWindow=false;time_close=07-27 13:03
2026-07-27T13:00:00.000+01:00,DIAG-CLOSE;EURCHF;s=1;prev=0;c=1;firstObs=false;slotOn=true;inWindow=false;time_close=07-27 13:03
2026-07-27T14:45:00.000+01:00,DIAG-CLOSE;EURGBP;s=0;prev=0;c=1;firstObs=false;slotOn=true;inWindow=false;time_close=07-27 14:48
2026-07-27T14:45:00.000+01:00,DIAG-CLOSE;EURGBP;s=1;prev=0;c=1;firstObs=false;slotOn=true;inWindow=false;time_close=07-27 14:48
2026-07-27T14:45:00.000+01:00,DIAG-CLOSE;EURAUD;s=0;prev=0;c=1;firstObs=false;slotOn=true;inWindow=false;time_close=07-27 14:48
2026-07-27T14:45:00.000+01:00,DIAG-CLOSE;EURAUD;s=1;prev=0;c=1;firstObs=false;slotOn=true;inWindow=false;time_close=07-27 14:48
2026-07-27T14:45:00.000+01:00,DIAG-CLOSE;EURAUD;s=2;prev=0;c=1;firstObs=false;slotOn=true;inWindow=false;time_close=07-27 14:48
2026-07-27T14:45:00.000+01:00,DIAG-CLOSE;EURAUD;s=3;prev=0;c=1;firstObs=false;slotOn=true;inWindow=false;time_close=07-27 14:48
2026-07-27T14:45:00.000+01:00,DIAG-CLOSE;EURAUD;s=5;prev=0;c=1;firstObs=false;slotOn=true;inWindow=false;time_close=07-27 14:48
2026-07-27T14:57:00.000+01:00,DIAG-CLOSE;USDCAD;s=0;prev=0;c=1;firstObs=false;slotOn=true;inWindow=false;time_close=07-27 15:00
2026-07-27T14:57:00.000+01:00,DIAG-CLOSE;USDCAD;s=1;prev=0;c=1;firstObs=false;slotOn=true;inWindow=false;time_close=07-27 15:00
2026-07-27T14:57:00.000+01:00,DIAG-CLOSE;USDCAD;s=3;prev=0;c=1;firstObs=false;slotOn=true;inWindow=false;time_close=07-27 15:00
2026-07-27T15:33:00.000+01:00,DIAG-CLOSE;EURCAD;s=3;prev=1;c=2;firstObs=false;slotOn=true;inWindow=false;time_close=07-27 15:36
2026-07-27T15:39:00.000+01:00,DIAG-CLOSE;AUDJPY;s=0;prev=0;c=1;firstObs=false;slotOn=true;inWindow=false;time_close=07-27 15:42
2026-07-27T15:39:00.000+01:00,DIAG-CLOSE;AUDJPY;s=1;prev=0;c=1;firstObs=false;slotOn=true;inWindow=false;time_close=07-27 15:42
2026-07-27T15:48:00.000+01:00,DIAG-CLOSE;GBPUSD;s=0;prev=0;c=1;firstObs=false;slotOn=true;inWindow=false;time_close=07-27 15:51
2026-07-27T15:48:00.000+01:00,DIAG-CLOSE;GBPUSD;s=1;prev=0;c=1;firstObs=false;slotOn=true;inWindow=false;time_close=07-27 15:51
2026-07-27T15:48:00.000+01:00,DIAG-CLOSE;GBPUSD;s=4;prev=0;c=1;firstObs=false;slotOn=true;inWindow=false;time_close=07-27 15:51
2026-07-27T16:09:00.000+01:00,DIAG-CLOSE;GBPCAD;s=0;prev=0;c=1;firstObs=false;slotOn=true;inWindow=false;time_close=07-27 16:12
2026-07-27T16:09:00.000+01:00,DIAG-CLOSE;GBPCAD;s=1;prev=0;c=1;firstObs=false;slotOn=true;inWindow=false;time_close=07-27 16:12
2026-07-27T16:42:00.000+01:00,DIAG-CLOSE;EURGBP;s=2;prev=0;c=1;firstObs=false;slotOn=true;inWindow=false;time_close=07-27 16:45
2026-07-27T16:42:00.000+01:00,DIAG-CLOSE;EURGBP;s=3;prev=0;c=1;firstObs=false;slotOn=true;inWindow=false;time_close=07-27 16:45
2026-07-27T16:42:00.000+01:00,DIAG-CLOSE;EURGBP;s=5;prev=0;c=1;firstObs=false;slotOn=true;inWindow=false;time_close=07-27 16:45
2026-07-27T16:51:00.000+01:00,DIAG-CLOSE;EURGBP;s=0;prev=1;c=2;firstObs=false;slotOn=true;inWindow=false;time_close=07-27 16:54
2026-07-27T16:51:00.000+01:00,DIAG-CLOSE;EURGBP;s=1;prev=1;c=2;firstObs=false;slotOn=true;inWindow=false;time_close=07-27 16:54
2026-07-27T17:06:00.000+01:00,DIAG-CLOSE;CADCHF;s=0;prev=0;c=1;firstObs=false;slotOn=true;inWindow=false;time_close=07-27 17:09
2026-07-27T17:06:00.000+01:00,DIAG-CLOSE;CADCHF;s=1;prev=0;c=1;firstObs=false;slotOn=true;inWindow=false;time_close=07-27 17:09
2026-07-27T17:06:00.000+01:00,DIAG-CLOSE;AUDCHF;s=3;prev=0;c=1;firstObs=false;slotOn=true;inWindow=false;time_close=07-27 17:09
2026-07-27T17:36:00.000+01:00,DIAG-CLOSE;GBPCHF;s=0;prev=0;c=1;firstObs=false;slotOn=true;inWindow=false;time_close=07-27 17:39
2026-07-27T17:36:00.000+01:00,DIAG-CLOSE;GBPCHF;s=1;prev=0;c=1;firstObs=false;slotOn=true;inWindow=false;time_close=07-27 17:39
2026-07-27T17:36:00.000+01:00,DIAG-CLOSE;GBPCHF;s=3;prev=1;c=2;firstObs=false;slotOn=true;inWindow=false;time_close=07-27 17:39
2026-07-27T17:42:00.000+01:00,DIAG-CLOSE;EURCAD;s=0;prev=1;c=2;firstObs=false;slotOn=true;inWindow=false;time_close=07-27 17:45
2026-07-27T17:42:00.000+01:00,DIAG-CLOSE;EURCAD;s=1;prev=1;c=2;firstObs=false;slotOn=true;inWindow=false;time_close=07-27 17:45
2026-07-27T17:45:00.000+01:00,DIAG-CLOSE;GBPAUD;s=3;prev=0;c=1;firstObs=false;slotOn=true;inWindow=false;time_close=07-27 17:48
2026-07-27T18:09:00.000+01:00,DIAG-CLOSE;USDJPY;s=3;prev=1;c=2;firstObs=false;slotOn=true;inWindow=false;time_close=07-27 18:12
2026-07-27T18:15:00.000+01:00,DIAG-CLOSE;EURAUD;s=0;prev=1;c=2;firstObs=false;slotOn=true;inWindow=false;time_close=07-27 18:18
2026-07-27T18:15:00.000+01:00,DIAG-CLOSE;EURAUD;s=1;prev=1;c=2;firstObs=false;slotOn=true;inWindow=false;time_close=07-27 18:18
2026-07-27T18:15:00.000+01:00,DIAG-CLOSE;EURAUD;s=2;prev=1;c=2;firstObs=false;slotOn=true;inWindow=false;time_close=07-27 18:18
2026-07-27T18:15:00.000+01:00,DIAG-CLOSE;EURAUD;s=3;prev=1;c=2;firstObs=false;slotOn=true;inWindow=false;time_close=07-27 18:18
2026-07-27T18:15:00.000+01:00,DIAG-CLOSE;EURAUD;s=5;prev=1;c=2;firstObs=false;slotOn=true;inWindow=false;time_close=07-27 18:18
2026-07-27T18:15:00.000+01:00,DIAG-CLOSE;CADCHF;s=3;prev=0;c=1;firstObs=false;slotOn=true;inWindow=false;time_close=07-27 18:18
2026-07-27T18:15:00.000+01:00,DIAG-CLOSE;AUDCAD;s=0;prev=0;c=1;firstObs=false;slotOn=true;inWindow=false;time_close=07-27 18:18
2026-07-27T18:15:00.000+01:00,DIAG-CLOSE;AUDCAD;s=1;prev=0;c=1;firstObs=false;slotOn=true;inWindow=false;time_close=07-27 18:18
2026-07-27T18:15:00.000+01:00,DIAG-CLOSE;AUDCAD;s=2;prev=0;c=1;firstObs=false;slotOn=true;inWindow=false;time_close=07-27 18:18
2026-07-27T18:15:00.000+01:00,DIAG-CLOSE;AUDCAD;s=4;prev=0;c=1;firstObs=false;slotOn=true;inWindow=false;time_close=07-27 18:18
2026-07-27T18:36:00.000+01:00,DIAG-CLOSE;USDJPY;s=0;prev=0;c=1;firstObs=false;slotOn=true;inWindow=false;time_close=07-27 18:39
2026-07-27T18:36:00.000+01:00,DIAG-CLOSE;USDJPY;s=1;prev=0;c=1;firstObs=false;slotOn=true;inWindow=false;time_close=07-27 18:39
2026-07-27T18:39:00.000+01:00,DIAG-CLOSE;EURCHF;s=0;prev=1;c=2;firstObs=false;slotOn=true;inWindow=false;time_close=07-27 18:42
2026-07-27T18:39:00.000+01:00,DIAG-CLOSE;EURCHF;s=1;prev=1;c=2;firstObs=false;slotOn=true;inWindow=false;time_close=07-27 18:42
2026-07-27T18:39:00.000+01:00,DIAG-CLOSE;EURCHF;s=2;prev=0;c=1;firstObs=false;slotOn=true;inWindow=false;time_close=07-27 18:42
2026-07-27T18:39:00.000+01:00,DIAG-CLOSE;EURCHF;s=3;prev=0;c=1;firstObs=false;slotOn=true;inWindow=false;time_close=07-27 18:42
2026-07-27T18:39:00.000+01:00,DIAG-CLOSE;EURCHF;s=5;prev=0;c=1;firstObs=false;slotOn=true;inWindow=false;time_close=07-27 18:42
2026-07-27T18:39:00.000+01:00,DIAG-CLOSE;AUDCHF;s=0;prev=0;c=1;firstObs=false;slotOn=true;inWindow=false;time_close=07-27 18:42
2026-07-27T18:39:00.000+01:00,DIAG-CLOSE;AUDCHF;s=1;prev=0;c=1;firstObs=false;slotOn=true;inWindow=false;time_close=07-27 18:42
2026-07-27T18:39:00.000+01:00,DIAG-CLOSE;AUDCHF;s=2;prev=0;c=1;firstObs=false;slotOn=true;inWindow=false;time_close=07-27 18:42
2026-07-27T18:39:00.000+01:00,DIAG-CLOSE;AUDCHF;s=3;prev=1;c=2;firstObs=false;slotOn=true;inWindow=false;time_close=07-27 18:42
2026-07-27T18:39:00.000+01:00,DIAG-CLOSE;AUDCHF;s=4;prev=0;c=1;firstObs=false;slotOn=true;inWindow=false;time_close=07-27 18:42
2026-07-27T18:39:00.000+01:00,DIAG-CLOSE;AUDCHF;s=6;prev=0;c=1;firstObs=false;slotOn=true;inWindow=false;time_close=07-27 18:42
2026-07-27T18:39:00.000+01:00,DIAG-CLOSE;AUDCHF;s=7;prev=0;c=1;firstObs=false;slotOn=true;inWindow=false;time_close=07-27 18:42
2026-07-28T08:42:00.000+01:00,DIAG-CLOSE;CADCHF;s=0;prev=1;c=2;firstObs=false;slotOn=true;inWindow=false;time_close=07-28 08:45
2026-07-28T08:42:00.000+01:00,DIAG-CLOSE;CADCHF;s=1;prev=1;c=2;firstObs=false;slotOn=true;inWindow=false;time_close=07-28 08:45
2026-07-28T08:42:00.000+01:00,DIAG-CLOSE;CADCHF;s=2;prev=0;c=1;firstObs=false;slotOn=true;inWindow=false;time_close=07-28 08:45
2026-07-28T08:57:00.000+01:00,DIAG-CLOSE;USDCHF;s=0;prev=0;c=1;firstObs=false;slotOn=true;inWindow=false;time_close=07-28 09:00
2026-07-28T08:57:00.000+01:00,DIAG-CLOSE;USDCHF;s=1;prev=0;c=1;firstObs=false;slotOn=true;inWindow=false;time_close=07-28 09:00
2026-07-28T08:57:00.000+01:00,DIAG-CLOSE;USDCHF;s=2;prev=0;c=1;firstObs=false;slotOn=true;inWindow=false;time_close=07-28 09:00
2026-07-28T08:57:00.000+01:00,DIAG-CLOSE;USDCHF;s=4;prev=0;c=1;firstObs=false;slotOn=true;inWindow=false;time_close=07-28 09:00
2026-07-28T09:09:00.000+01:00,DIAG-CLOSE;USDJPY;s=2;prev=0;c=1;firstObs=false;slotOn=true;inWindow=false;time_close=07-28 09:12
2026-07-28T09:12:00.000+01:00,DIAG-CLOSE;USDJPY;s=0;prev=1;c=2;firstObs=false;slotOn=true;inWindow=false;time_close=07-28 09:15
2026-07-28T09:12:00.000+01:00,DIAG-CLOSE;USDJPY;s=1;prev=1;c=2;firstObs=false;slotOn=true;inWindow=false;time_close=07-28 09:15
2026-07-28T09:27:00.000+01:00,DIAG-CLOSE;EURJPY;s=0;prev=1;c=2;firstObs=false;slotOn=true;inWindow=false;time_close=07-28 09:30
2026-07-28T09:27:00.000+01:00,DIAG-CLOSE;EURJPY;s=1;prev=1;c=2;firstObs=false;slotOn=true;inWindow=false;time_close=07-28 09:30
2026-07-28T09:27:00.000+01:00,DIAG-CLOSE;EURJPY;s=2;prev=0;c=1;firstObs=false;slotOn=true;inWindow=false;time_close=07-28 09:30
2026-07-28T09:27:00.000+01:00,DIAG-CLOSE;EURJPY;s=3;prev=0;c=1;firstObs=false;slotOn=true;inWindow=false;time_close=07-28 09:30
2026-07-28T09:27:00.000+01:00,DIAG-CLOSE;EURJPY;s=5;prev=0;c=1;firstObs=false;slotOn=true;inWindow=false;time_close=07-28 09:30
2026-07-28T11:03:00.000+01:00,DIAG-CLOSE;USDCAD;s=0;prev=1;c=2;firstObs=false;slotOn=true;inWindow=false;time_close=07-28 11:06
2026-07-28T11:03:00.000+01:00,DIAG-CLOSE;USDCAD;s=1;prev=1;c=2;firstObs=false;slotOn=true;inWindow=false;time_close=07-28 11:06
2026-07-28T11:03:00.000+01:00,DIAG-CLOSE;USDCAD;s=2;prev=0;c=1;firstObs=false;slotOn=true;inWindow=false;time_close=07-28 11:06
2026-07-28T11:03:00.000+01:00,DIAG-CLOSE;USDCAD;s=3;prev=1;c=2;firstObs=false;slotOn=true;inWindow=false;time_close=07-28 11:06
2026-07-28T11:03:00.000+01:00,DIAG-CLOSE;USDCAD;s=4;prev=0;c=1;firstObs=false;slotOn=true;inWindow=false;time_close=07-28 11:06
2026-07-28T11:03:00.000+01:00,DIAG-CLOSE;USDCAD;s=5;prev=0;c=1;firstObs=false;slotOn=true;inWindow=false;time_close=07-28 11:06
2026-07-28T11:12:00.000+01:00,DIAG-CLOSE;EURCHF;s=0;prev=2;c=3;firstObs=false;slotOn=true;inWindow=false;time_close=07-28 11:15
2026-07-28T11:12:00.000+01:00,DIAG-CLOSE;EURCHF;s=1;prev=2;c=3;firstObs=false;slotOn=true;inWindow=false;time_close=07-28 11:15
2026-07-28T11:12:00.000+01:00,DIAG-CLOSE;EURCHF;s=2;prev=1;c=2;firstObs=false;slotOn=true;inWindow=false;time_close=07-28 11:15
2026-07-28T11:12:00.000+01:00,DIAG-CLOSE;EURCHF;s=3;prev=1;c=2;firstObs=false;slotOn=true;inWindow=false;time_close=07-28 11:15
2026-07-28T11:12:00.000+01:00,DIAG-CLOSE;EURCHF;s=5;prev=1;c=2;firstObs=false;slotOn=true;inWindow=false;time_close=07-28 11:15
2026-07-28T12:48:00.000+01:00,DIAG-CLOSE;USDCAD;s=0;prev=2;c=3;firstObs=false;slotOn=true;inWindow=false;time_close=07-28 12:51
2026-07-28T12:48:00.000+01:00,DIAG-CLOSE;USDCAD;s=1;prev=2;c=3;firstObs=false;slotOn=true;inWindow=false;time_close=07-28 12:51
2026-07-28T13:27:00.000+01:00,DIAG-CLOSE;GBPCAD;s=0;prev=1;c=2;firstObs=false;slotOn=true;inWindow=false;time_close=07-28 13:30
2026-07-28T13:27:00.000+01:00,DIAG-CLOSE;GBPCAD;s=1;prev=1;c=2;firstObs=false;slotOn=true;inWindow=false;time_close=07-28 13:30
2026-07-28T14:45:00.000+01:00,DIAG-CLOSE;EURAUD;s=0;prev=2;c=3;firstObs=false;slotOn=true;inWindow=false;time_close=07-28 14:48
2026-07-28T14:45:00.000+01:00,DIAG-CLOSE;EURAUD;s=1;prev=2;c=3;firstObs=false;slotOn=true;inWindow=false;time_close=07-28 14:48
2026-07-28T14:45:00.000+01:00,DIAG-CLOSE;AUDJPY;s=3;prev=0;c=1;firstObs=false;slotOn=true;inWindow=false;time_close=07-28 14:48
2026-07-28T14:45:00.000+01:00,DIAG-CLOSE;AUDCHF;s=0;prev=1;c=2;firstObs=false;slotOn=true;inWindow=false;time_close=07-28 14:48
2026-07-28T14:45:00.000+01:00,DIAG-CLOSE;AUDCHF;s=1;prev=1;c=2;firstObs=false;slotOn=true;inWindow=false;time_close=07-28 14:48
2026-07-28T14:45:00.000+01:00,DIAG-CLOSE;AUDCHF;s=2;prev=1;c=2;firstObs=false;slotOn=true;inWindow=false;time_close=07-28 14:48
2026-07-28T14:45:00.000+01:00,DIAG-CLOSE;AUDCHF;s=3;prev=2;c=3;firstObs=false;slotOn=true;inWindow=false;time_close=07-28 14:48
2026-07-28T14:45:00.000+01:00,DIAG-CLOSE;AUDCHF;s=5;prev=0;c=1;firstObs=false;slotOn=true;inWindow=false;time_close=07-28 14:48
2026-07-28T15:00:00.000+01:00,DIAG-CLOSE;EURJPY;s=0;prev=2;c=3;firstObs=false;slotOn=true;inWindow=false;time_close=07-28 15:03
2026-07-28T15:00:00.000+01:00,DIAG-CLOSE;EURJPY;s=1;prev=2;c=3;firstObs=false;slotOn=true;inWindow=false;time_close=07-28 15:03
2026-07-28T15:00:00.000+01:00,DIAG-CLOSE;EURJPY;s=2;prev=1;c=2;firstObs=false;slotOn=true;inWindow=false;time_close=07-28 15:03
2026-07-28T15:00:00.000+01:00,DIAG-CLOSE;EURJPY;s=3;prev=1;c=2;firstObs=false;slotOn=true;inWindow=false;time_close=07-28 15:03
2026-07-28T15:00:00.000+01:00,DIAG-CLOSE;EURJPY;s=4;prev=0;c=1;firstObs=false;slotOn=true;inWindow=false;time_close=07-28 15:03
2026-07-28T15:00:00.000+01:00,DIAG-CLOSE;EURJPY;s=5;prev=1;c=2;firstObs=false;slotOn=true;inWindow=false;time_close=07-28 15:03
2026-07-28T15:00:00.000+01:00,DIAG-CLOSE;EURJPY;s=6;prev=0;c=1;firstObs=false;slotOn=true;inWindow=false;time_close=07-28 15:03
2026-07-28T15:00:00.000+01:00,DIAG-CLOSE;EURJPY;s=7;prev=0;c=1;firstObs=false;slotOn=true;inWindow=false;time_close=07-28 15:03
2026-07-28T15:03:00.000+01:00,DIAG-CLOSE;EURUSD;s=3;prev=0;c=1;firstObs=false;slotOn=true;inWindow=false;time_close=07-28 15:06
2026-07-28T15:36:00.000+01:00,DIAG-CLOSE;EURCAD;s=0;prev=2;c=3;firstObs=false;slotOn=true;inWindow=false;time_close=07-28 15:39
2026-07-28T15:36:00.000+01:00,DIAG-CLOSE;EURCAD;s=1;prev=2;c=3;firstObs=false;slotOn=true;inWindow=false;time_close=07-28 15:39
2026-07-28T15:36:00.000+01:00,DIAG-CLOSE;EURCAD;s=2;prev=0;c=1;firstObs=false;slotOn=true;inWindow=false;time_close=07-28 15:39
2026-07-28T15:36:00.000+01:00,DIAG-CLOSE;EURCAD;s=3;prev=2;c=3;firstObs=false;slotOn=true;inWindow=false;time_close=07-28 15:39
2026-07-28T16:03:00.000+01:00,DIAG-CLOSE;GBPUSD;s=0;prev=1;c=2;firstObs=false;slotOn=true;inWindow=false;time_close=07-28 16:06
2026-07-28T16:03:00.000+01:00,DIAG-CLOSE;GBPUSD;s=1;prev=1;c=2;firstObs=false;slotOn=true;inWindow=false;time_close=07-28 16:06
2026-07-28T16:36:00.000+01:00,DIAG-CLOSE;EURCHF;s=3;prev=2;c=3;firstObs=false;slotOn=true;inWindow=false;time_close=07-28 16:39
2026-07-28T16:42:00.000+01:00,DIAG-CLOSE;EURCHF;s=0;prev=3;c=4;firstObs=false;slotOn=true;inWindow=false;time_close=07-28 16:45
2026-07-28T16:42:00.000+01:00,DIAG-CLOSE;EURCHF;s=1;prev=3;c=4;firstObs=false;slotOn=true;inWindow=false;time_close=07-28 16:45
2026-07-28T16:42:00.000+01:00,DIAG-CLOSE;AUDJPY;s=0;prev=1;c=2;firstObs=false;slotOn=true;inWindow=false;time_close=07-28 16:45
2026-07-28T16:42:00.000+01:00,DIAG-CLOSE;AUDJPY;s=1;prev=1;c=2;firstObs=false;slotOn=true;inWindow=false;time_close=07-28 16:45
2026-07-28T16:42:00.000+01:00,DIAG-CLOSE;AUDJPY;s=4;prev=0;c=1;firstObs=false;slotOn=true;inWindow=false;time_close=07-28 16:45
2026-07-28T16:42:00.000+01:00,DIAG-CLOSE;AUDJPY;s=6;prev=0;c=1;firstObs=false;slotOn=true;inWindow=false;time_close=07-28 16:45
2026-07-28T16:42:00.000+01:00,DIAG-CLOSE;AUDJPY;s=7;prev=0;c=1;firstObs=false;slotOn=true;inWindow=false;time_close=07-28 16:45
2026-07-28T17:51:00.000+01:00,DIAG-CLOSE;CADCHF;s=0;prev=2;c=3;firstObs=false;slotOn=true;inWindow=false;time_close=07-28 17:54
2026-07-28T17:51:00.000+01:00,DIAG-CLOSE;CADCHF;s=1;prev=2;c=3;firstObs=false;slotOn=true;inWindow=false;time_close=07-28 17:54
2026-07-28T18:21:00.000+01:00,DIAG-CLOSE;USDCAD;s=0;prev=3;c=4;firstObs=false;slotOn=true;inWindow=false;time_close=07-28 18:24
2026-07-28T18:21:00.000+01:00,DIAG-CLOSE;USDCAD;s=1;prev=3;c=4;firstObs=false;slotOn=true;inWindow=false;time_close=07-28 18:24
2026-07-28T18:27:00.000+01:00,DIAG-CLOSE;GBPCAD;s=2;prev=0;c=1;firstObs=false;slotOn=true;inWindow=false;time_close=07-28 18:30
2026-07-28T18:27:00.000+01:00,DIAG-CLOSE;GBPCAD;s=3;prev=0;c=1;firstObs=false;slotOn=true;inWindow=false;time_close=07-28 18:30
2026-07-29T08:18:00.000+01:00,DIAG-CLOSE;CADJPY;s=0;prev=0;c=1;firstObs=false;slotOn=true;inWindow=false;time_close=07-29 08:21
2026-07-29T08:18:00.000+01:00,DIAG-CLOSE;CADJPY;s=1;prev=0;c=1;firstObs=false;slotOn=true;inWindow=false;time_close=07-29 08:21
2026-07-29T08:18:00.000+01:00,DIAG-CLOSE;CADJPY;s=2;prev=0;c=1;firstObs=false;slotOn=true;inWindow=false;time_close=07-29 08:21
2026-07-29T09:30:00.000+01:00,DIAG-CLOSE;USDJPY;s=0;prev=2;c=3;firstObs=false;slotOn=true;inWindow=false;time_close=07-29 09:33
2026-07-29T09:30:00.000+01:00,DIAG-CLOSE;USDJPY;s=1;prev=2;c=3;firstObs=false;slotOn=true;inWindow=false;time_close=07-29 09:33
2026-07-29T10:03:00.000+01:00,DIAG-CLOSE;USDJPY;s=2;prev=1;c=2;firstObs=false;slotOn=true;inWindow=false;time_close=07-29 10:06
2026-07-29T10:03:00.000+01:00,DIAG-CLOSE;USDJPY;s=3;prev=2;c=3;firstObs=false;slotOn=true;inWindow=false;time_close=07-29 10:06
2026-07-29T10:03:00.000+01:00,DIAG-CLOSE;USDJPY;s=5;prev=0;c=1;firstObs=false;slotOn=true;inWindow=false;time_close=07-29 10:06
2026-07-29T11:18:00.000+01:00,DIAG-CLOSE;GBPUSD;s=0;prev=2;c=3;firstObs=false;slotOn=true;inWindow=false;time_close=07-29 11:21
2026-07-29T11:18:00.000+01:00,DIAG-CLOSE;GBPUSD;s=1;prev=2;c=3;firstObs=false;slotOn=true;inWindow=false;time_close=07-29 11:21
2026-07-29T11:18:00.000+01:00,DIAG-CLOSE;GBPUSD;s=2;prev=1;c=2;firstObs=false;slotOn=true;inWindow=false;time_close=07-29 11:21
2026-07-29T11:18:00.000+01:00,DIAG-CLOSE;GBPUSD;s=4;prev=1;c=2;firstObs=false;slotOn=true;inWindow=false;time_close=07-29 11:21
2026-07-29T11:18:00.000+01:00,DIAG-CLOSE;GBPUSD;s=5;prev=0;c=1;firstObs=false;slotOn=true;inWindow=false;time_close=07-29 11:21
2026-07-29T12:06:00.000+01:00,DIAG-CLOSE;EURGBP;s=2;prev=1;c=2;firstObs=false;slotOn=true;inWindow=false;time_close=07-29 12:09
2026-07-29T12:06:00.000+01:00,DIAG-CLOSE;EURGBP;s=3;prev=1;c=2;firstObs=false;slotOn=true;inWindow=false;time_close=07-29 12:09
2026-07-29T12:09:00.000+01:00,DIAG-CLOSE;EURGBP;s=0;prev=2;c=3;firstObs=false;slotOn=true;inWindow=false;time_close=07-29 12:12
2026-07-29T12:09:00.000+01:00,DIAG-CLOSE;EURGBP;s=1;prev=2;c=3;firstObs=false;slotOn=true;inWindow=false;time_close=07-29 12:12
2026-07-29T12:12:00.000+01:00,DIAG-CLOSE;EURCAD;s=0;prev=3;c=4;firstObs=false;slotOn=true;inWindow=false;time_close=07-29 12:15
2026-07-29T12:12:00.000+01:00,DIAG-CLOSE;EURCAD;s=1;prev=3;c=4;firstObs=false;slotOn=true;inWindow=false;time_close=07-29 12:15
2026-07-29T13:15:00.000+01:00,DIAG-CLOSE;GBPAUD;s=3;prev=1;c=2;firstObs=false;slotOn=true;inWindow=false;time_close=07-29 13:18
2026-07-29T13:33:00.000+01:00,DIAG-CLOSE;CADJPY;s=0;prev=1;c=2;firstObs=false;slotOn=true;inWindow=false;time_close=07-29 13:36
2026-07-29T13:33:00.000+01:00,DIAG-CLOSE;CADJPY;s=1;prev=1;c=2;firstObs=false;slotOn=true;inWindow=false;time_close=07-29 13:36
2026-07-29T13:33:00.000+01:00,DIAG-CLOSE;CADJPY;s=2;prev=1;c=2;firstObs=false;slotOn=true;inWindow=false;time_close=07-29 13:36
2026-07-29T13:42:00.000+01:00,DIAG-CLOSE;GBPCAD;s=0;prev=2;c=3;firstObs=false;slotOn=true;inWindow=false;time_close=07-29 13:45
2026-07-29T13:42:00.000+01:00,DIAG-CLOSE;GBPCAD;s=1;prev=2;c=3;firstObs=false;slotOn=true;inWindow=false;time_close=07-29 13:45
2026-07-29T13:54:00.000+01:00,DIAG-CLOSE;AUDJPY;s=0;prev=2;c=3;firstObs=false;slotOn=true;inWindow=false;time_close=07-29 13:57
2026-07-29T13:54:00.000+01:00,DIAG-CLOSE;AUDJPY;s=1;prev=2;c=3;firstObs=false;slotOn=true;inWindow=false;time_close=07-29 13:57
2026-07-29T14:27:00.000+01:00,DIAG-CLOSE;CADCHF;s=0;prev=3;c=4;firstObs=false;slotOn=true;inWindow=false;time_close=07-29 14:30
2026-07-29T14:27:00.000+01:00,DIAG-CLOSE;CADCHF;s=1;prev=3;c=4;firstObs=false;slotOn=true;inWindow=false;time_close=07-29 14:30
2026-07-29T14:27:00.000+01:00,DIAG-CLOSE;CADCHF;s=2;prev=1;c=2;firstObs=false;slotOn=true;inWindow=false;time_close=07-29 14:30
2026-07-29T14:27:00.000+01:00,DIAG-CLOSE;CADCHF;s=3;prev=1;c=2;firstObs=false;slotOn=true;inWindow=false;time_close=07-29 14:30
2026-07-29T14:27:00.000+01:00,DIAG-CLOSE;CADCHF;s=4;prev=0;c=1;firstObs=false;slotOn=true;inWindow=false;time_close=07-29 14:30
2026-07-29T14:27:00.000+01:00,DIAG-CLOSE;CADCHF;s=5;prev=0;c=1;firstObs=false;slotOn=true;inWindow=false;time_close=07-29 14:30
2026-07-29T14:27:00.000+01:00,DIAG-CLOSE;CADCHF;s=6;prev=0;c=1;firstObs=false;slotOn=true;inWindow=false;time_close=07-29 14:30
2026-07-29T14:27:00.000+01:00,DIAG-CLOSE;CADCHF;s=7;prev=0;c=1;firstObs=false;slotOn=true;inWindow=false;time_close=07-29 14:30
2026-07-29T14:42:00.000+01:00,DIAG-CLOSE;EURUSD;s=0;prev=0;c=1;firstObs=false;slotOn=true;inWindow=false;time_close=07-29 14:45
2026-07-29T14:42:00.000+01:00,DIAG-CLOSE;EURUSD;s=1;prev=0;c=1;firstObs=false;slotOn=true;inWindow=false;time_close=07-29 14:45
2026-07-29T14:42:00.000+01:00,DIAG-CLOSE;EURUSD;s=2;prev=0;c=1;firstObs=false;slotOn=true;inWindow=false;time_close=07-29 14:45
2026-07-29T14:48:00.000+01:00,DIAG-CLOSE;USDCAD;s=0;prev=4;c=5;firstObs=false;slotOn=true;inWindow=false;time_close=07-29 14:51
2026-07-29T14:48:00.000+01:00,DIAG-CLOSE;USDCAD;s=1;prev=4;c=5;firstObs=false;slotOn=true;inWindow=false;time_close=07-29 14:51
2026-07-29T14:51:00.000+01:00,DIAG-CLOSE;USDCHF;s=0;prev=1;c=2;firstObs=false;slotOn=true;inWindow=false;time_close=07-29 14:54
2026-07-29T14:51:00.000+01:00,DIAG-CLOSE;USDCHF;s=1;prev=1;c=2;firstObs=false;slotOn=true;inWindow=false;time_close=07-29 14:54
2026-07-29T14:51:00.000+01:00,DIAG-CLOSE;USDCHF;s=2;prev=1;c=2;firstObs=false;slotOn=true;inWindow=false;time_close=07-29 14:54
2026-07-29T14:51:00.000+01:00,DIAG-CLOSE;USDCHF;s=3;prev=0;c=1;firstObs=false;slotOn=true;inWindow=false;time_close=07-29 14:54
2026-07-29T14:51:00.000+01:00,DIAG-CLOSE;AUDUSD;s=0;prev=0;c=1;firstObs=false;slotOn=true;inWindow=false;time_close=07-29 14:54
2026-07-29T14:51:00.000+01:00,DIAG-CLOSE;AUDUSD;s=1;prev=0;c=1;firstObs=false;slotOn=true;inWindow=false;time_close=07-29 14:54
2026-07-29T15:54:00.000+01:00,DIAG-CLOSE;AUDCHF;s=2;prev=2;c=3;firstObs=false;slotOn=true;inWindow=false;time_close=07-29 15:57
2026-07-29T15:54:00.000+01:00,DIAG-CLOSE;AUDCHF;s=3;prev=3;c=4;firstObs=false;slotOn=true;inWindow=false;time_close=07-29 15:57
2026-07-29T16:06:00.000+01:00,DIAG-CLOSE;EURUSD;s=0;prev=1;c=2;firstObs=false;slotOn=true;inWindow=false;time_close=07-29 16:09
2026-07-29T16:06:00.000+01:00,DIAG-CLOSE;EURUSD;s=1;prev=1;c=2;firstObs=false;slotOn=true;inWindow=false;time_close=07-29 16:09
2026-07-29T16:06:00.000+01:00,DIAG-CLOSE;USDJPY;s=0;prev=3;c=4;firstObs=false;slotOn=true;inWindow=false;time_close=07-29 16:09
2026-07-29T16:06:00.000+01:00,DIAG-CLOSE;USDJPY;s=1;prev=3;c=4;firstObs=false;slotOn=true;inWindow=false;time_close=07-29 16:09
2026-07-29T16:06:00.000+01:00,DIAG-CLOSE;USDJPY;s=2;prev=2;c=3;firstObs=false;slotOn=true;inWindow=false;time_close=07-29 16:09
2026-07-29T16:06:00.000+01:00,DIAG-CLOSE;USDJPY;s=3;prev=3;c=4;firstObs=false;slotOn=true;inWindow=false;time_close=07-29 16:09
2026-07-29T16:12:00.000+01:00,DIAG-CLOSE;GBPUSD;s=0;prev=3;c=4;firstObs=false;slotOn=true;inWindow=false;time_close=07-29 16:15
2026-07-29T16:12:00.000+01:00,DIAG-CLOSE;GBPUSD;s=1;prev=3;c=4;firstObs=false;slotOn=true;inWindow=false;time_close=07-29 16:15
2026-07-29T16:18:00.000+01:00,DIAG-CLOSE;AUDUSD;s=3;prev=0;c=1;firstObs=false;slotOn=true;inWindow=false;time_close=07-29 16:21
2026-07-29T16:24:00.000+01:00,DIAG-CLOSE;AUDUSD;s=0;prev=1;c=2;firstObs=false;slotOn=true;inWindow=false;time_close=07-29 16:27
2026-07-29T16:24:00.000+01:00,DIAG-CLOSE;AUDUSD;s=1;prev=1;c=2;firstObs=false;slotOn=true;inWindow=false;time_close=07-29 16:27
2026-07-29T16:24:00.000+01:00,DIAG-CLOSE;AUDUSD;s=2;prev=0;c=1;firstObs=false;slotOn=true;inWindow=false;time_close=07-29 16:27
2026-07-29T16:24:00.000+01:00,DIAG-CLOSE;AUDUSD;s=5;prev=0;c=1;firstObs=false;slotOn=true;inWindow=false;time_close=07-29 16:27
2026-07-29T16:33:00.000+01:00,DIAG-CLOSE;EURJPY;s=1;prev=3;c=4;firstObs=false;slotOn=true;inWindow=false;time_close=07-29 16:36
2026-07-29T16:54:00.000+01:00,DIAG-CLOSE;AUDCAD;s=1;prev=1;c=2;firstObs=false;slotOn=true;inWindow=false;time_close=07-29 16:57
2026-07-29T17:09:00.000+01:00,DIAG-CLOSE;AUDCAD;s=0;prev=1;c=2;firstObs=false;slotOn=true;inWindow=false;time_close=07-29 17:12
2026-07-29T17:09:00.000+01:00,DIAG-CLOSE;AUDCAD;s=2;prev=1;c=2;firstObs=false;slotOn=true;inWindow=false;time_close=07-29 17:12
2026-07-29T18:00:00.000+01:00,DIAG-CLOSE;AUDCHF;s=0;prev=2;c=3;firstObs=false;slotOn=true;inWindow=false;time_close=07-29 18:03
2026-07-29T18:00:00.000+01:00,DIAG-CLOSE;AUDCHF;s=1;prev=2;c=3;firstObs=false;slotOn=true;inWindow=false;time_close=07-29 18:03
2026-07-29T18:00:00.000+01:00,DIAG-CLOSE;AUDCHF;s=4;prev=1;c=2;firstObs=false;slotOn=true;inWindow=false;time_close=07-29 18:03
2026-07-29T18:06:00.000+01:00,DIAG-CLOSE;AUDCAD;s=3;prev=0;c=1;firstObs=false;slotOn=true;inWindow=false;time_close=07-29 18:09
2026-07-29T18:06:00.000+01:00,DIAG-CLOSE;AUDCAD;s=5;prev=0;c=1;firstObs=false;slotOn=true;inWindow=false;time_close=07-29 18:09
2026-07-29T18:12:00.000+01:00,DIAG-CLOSE;GBPUSD;s=2;prev=2;c=3;firstObs=false;slotOn=true;inWindow=false;time_close=07-29 18:15
2026-07-29T18:12:00.000+01:00,DIAG-CLOSE;GBPUSD;s=3;prev=0;c=1;firstObs=false;slotOn=true;inWindow=false;time_close=07-29 18:15
2026-07-29T18:12:00.000+01:00,DIAG-CLOSE;GBPUSD;s=5;prev=1;c=2;firstObs=false;slotOn=true;inWindow=false;time_close=07-29 18:15
2026-07-29T18:18:00.000+01:00,DIAG-CLOSE;USDCHF;s=0;prev=2;c=3;firstObs=false;slotOn=true;inWindow=false;time_close=07-29 18:21
2026-07-29T18:18:00.000+01:00,DIAG-CLOSE;USDCHF;s=1;prev=2;c=3;firstObs=false;slotOn=true;inWindow=false;time_close=07-29 18:21
2026-07-29T18:18:00.000+01:00,DIAG-CLOSE;USDCHF;s=2;prev=2;c=3;firstObs=false;slotOn=true;inWindow=false;time_close=07-29 18:21
2026-07-29T18:18:00.000+01:00,DIAG-CLOSE;USDCHF;s=3;prev=1;c=2;firstObs=false;slotOn=true;inWindow=false;time_close=07-29 18:21
2026-07-29T18:18:00.000+01:00,DIAG-CLOSE;CADCHF;s=0;prev=4;c=5;firstObs=false;slotOn=true;inWindow=false;time_close=07-29 18:21
2026-07-29T18:18:00.000+01:00,DIAG-CLOSE;CADCHF;s=1;prev=4;c=5;firstObs=false;slotOn=true;inWindow=false;time_close=07-29 18:21
2026-07-29T18:18:00.000+01:00,DIAG-CLOSE;CADCHF;s=2;prev=2;c=3;firstObs=false;slotOn=true;inWindow=false;time_close=07-29 18:21
2026-07-29T18:18:00.000+01:00,DIAG-CLOSE;CADCHF;s=3;prev=2;c=3;firstObs=false;slotOn=true;inWindow=false;time_close=07-29 18:21
2026-07-29T18:18:00.000+01:00,DIAG-CLOSE;CADCHF;s=5;prev=1;c=2;firstObs=false;slotOn=true;inWindow=false;time_close=07-29 18:21
2026-07-29T19:03:00.000+01:00,DIAG-CLOSE;GBPAUD;s=0;prev=0;c=1;firstObs=false;slotOn=true;inWindow=false;time_close=07-29 19:06
2026-07-29T19:03:00.000+01:00,DIAG-CLOSE;GBPAUD;s=1;prev=0;c=1;firstObs=false;slotOn=true;inWindow=false;time_close=07-29 19:06
2026-07-29T19:03:00.000+01:00,DIAG-CLOSE;GBPAUD;s=2;prev=0;c=1;firstObs=false;slotOn=true;inWindow=false;time_close=07-29 19:06
2026-07-29T19:03:00.000+01:00,DIAG-CLOSE;GBPAUD;s=3;prev=2;c=3;firstObs=false;slotOn=true;inWindow=false;time_close=07-29 19:06
2026-07-29T19:03:00.000+01:00,DIAG-CLOSE;GBPAUD;s=5;prev=0;c=1;firstObs=false;slotOn=true;inWindow=false;time_close=07-29 19:06
2026-07-29T19:12:00.000+01:00,DIAG-CLOSE;EURAUD;s=0;prev=3;c=4;firstObs=false;slotOn=true;inWindow=false;time_close=07-29 19:15
2026-07-29T19:12:00.000+01:00,DIAG-CLOSE;EURAUD;s=1;prev=3;c=4;firstObs=false;slotOn=true;inWindow=false;time_close=07-29 19:15
2026-07-29T19:57:00.000+01:00,DIAG-CLOSE;CHFJPY;s=0;prev=0;c=1;firstObs=false;slotOn=true;inWindow=false;time_close=07-29 20:00
2026-07-29T19:57:00.000+01:00,DIAG-CLOSE;CHFJPY;s=1;prev=0;c=1;firstObs=false;slotOn=true;inWindow=false;time_close=07-29 20:00
2026-07-30T09:00:00.000+01:00,DIAG-CLOSE;EURJPY;s=0;prev=3;c=4;firstObs=false;slotOn=true;inWindow=false;time_close=07-30 09:03
2026-07-30T09:00:00.000+01:00,DIAG-CLOSE;EURJPY;s=1;prev=4;c=5;firstObs=false;slotOn=true;inWindow=false;time_close=07-30 09:03
2026-07-30T09:00:00.000+01:00,DIAG-CLOSE;EURJPY;s=2;prev=2;c=3;firstObs=false;slotOn=true;inWindow=false;time_close=07-30 09:03
2026-07-30T09:00:00.000+01:00,DIAG-CLOSE;EURJPY;s=3;prev=2;c=3;firstObs=false;slotOn=true;inWindow=false;time_close=07-30 09:03
2026-07-30T09:00:00.000+01:00,DIAG-CLOSE;EURJPY;s=4;prev=1;c=2;firstObs=false;slotOn=true;inWindow=false;time_close=07-30 09:03
2026-07-30T09:00:00.000+01:00,DIAG-CLOSE;EURJPY;s=5;prev=2;c=3;firstObs=false;slotOn=true;inWindow=false;time_close=07-30 09:03
2026-07-30T09:00:00.000+01:00,DIAG-CLOSE;EURJPY;s=6;prev=1;c=2;firstObs=false;slotOn=true;inWindow=false;time_close=07-30 09:03
2026-07-30T09:00:00.000+01:00,DIAG-CLOSE;EURJPY;s=7;prev=1;c=2;firstObs=false;slotOn=true;inWindow=false;time_close=07-30 09:03
2026-07-30T09:45:00.000+01:00,DIAG-CLOSE;AUDUSD;s=0;prev=2;c=3;firstObs=false;slotOn=true;inWindow=false;time_close=07-30 09:48
2026-07-30T09:45:00.000+01:00,DIAG-CLOSE;AUDUSD;s=1;prev=2;c=3;firstObs=false;slotOn=true;inWindow=false;time_close=07-30 09:48
2026-07-30T09:45:00.000+01:00,DIAG-CLOSE;AUDUSD;s=2;prev=1;c=2;firstObs=false;slotOn=true;inWindow=false;time_close=07-30 09:48
2026-07-30T09:45:00.000+01:00,DIAG-CLOSE;AUDUSD;s=3;prev=1;c=2;firstObs=false;slotOn=true;inWindow=false;time_close=07-30 09:48
2026-07-30T10:15:00.000+01:00,DIAG-CLOSE;USDCAD;s=0;prev=5;c=6;firstObs=false;slotOn=true;inWindow=false;time_close=07-30 10:18
2026-07-30T10:15:00.000+01:00,DIAG-CLOSE;USDCAD;s=1;prev=5;c=6;firstObs=false;slotOn=true;inWindow=false;time_close=07-30 10:18
2026-07-30T10:15:00.000+01:00,DIAG-CLOSE;USDCAD;s=2;prev=1;c=2;firstObs=false;slotOn=true;inWindow=false;time_close=07-30 10:18
2026-07-30T10:15:00.000+01:00,DIAG-CLOSE;USDCAD;s=3;prev=2;c=3;firstObs=false;slotOn=true;inWindow=false;time_close=07-30 10:18
2026-07-30T10:15:00.000+01:00,DIAG-CLOSE;USDCAD;s=4;prev=1;c=2;firstObs=false;slotOn=true;inWindow=false;time_close=07-30 10:18
2026-07-30T10:15:00.000+01:00,DIAG-CLOSE;USDCAD;s=5;prev=1;c=2;firstObs=false;slotOn=true;inWindow=false;time_close=07-30 10:18
2026-07-30T10:15:00.000+01:00,DIAG-CLOSE;USDCAD;s=6;prev=0;c=1;firstObs=false;slotOn=true;inWindow=false;time_close=07-30 10:18
2026-07-30T10:15:00.000+01:00,DIAG-CLOSE;USDCAD;s=7;prev=0;c=1;firstObs=false;slotOn=true;inWindow=false;time_close=07-30 10:18
2026-07-30T10:21:00.000+01:00,DIAG-CLOSE;EURAUD;s=0;prev=4;c=5;firstObs=false;slotOn=true;inWindow=false;time_close=07-30 10:24
2026-07-30T10:21:00.000+01:00,DIAG-CLOSE;EURAUD;s=1;prev=4;c=5;firstObs=false;slotOn=true;inWindow=false;time_close=07-30 10:24
2026-07-30T10:24:00.000+01:00,DIAG-CLOSE;CADJPY;s=0;prev=2;c=3;firstObs=false;slotOn=true;inWindow=false;time_close=07-30 10:27
2026-07-30T10:24:00.000+01:00,DIAG-CLOSE;CADJPY;s=1;prev=2;c=3;firstObs=false;slotOn=true;inWindow=false;time_close=07-30 10:27
2026-07-30T10:24:00.000+01:00,DIAG-CLOSE;CADJPY;s=3;prev=0;c=1;firstObs=false;slotOn=true;inWindow=false;time_close=07-30 10:27
2026-07-30T10:39:00.000+01:00,DIAG-CLOSE;AUDCHF;s=0;prev=3;c=4;firstObs=false;slotOn=true;inWindow=false;time_close=07-30 10:42
2026-07-30T10:39:00.000+01:00,DIAG-CLOSE;AUDCHF;s=1;prev=3;c=4;firstObs=false;slotOn=true;inWindow=false;time_close=07-30 10:42
2026-07-30T10:39:00.000+01:00,DIAG-CLOSE;AUDCHF;s=3;prev=4;c=5;firstObs=false;slotOn=true;inWindow=false;time_close=07-30 10:42
2026-07-30T12:36:00.000+01:00,DIAG-CLOSE;AUDCAD;s=0;prev=2;c=3;firstObs=false;slotOn=true;inWindow=false;time_close=07-30 12:39
2026-07-30T12:36:00.000+01:00,DIAG-CLOSE;AUDCAD;s=1;prev=2;c=3;firstObs=false;slotOn=true;inWindow=false;time_close=07-30 12:39
2026-07-30T12:36:00.000+01:00,DIAG-CLOSE;AUDCAD;s=2;prev=2;c=3;firstObs=false;slotOn=true;inWindow=false;time_close=07-30 12:39
2026-07-30T12:36:00.000+01:00,DIAG-CLOSE;AUDCAD;s=4;prev=1;c=2;firstObs=false;slotOn=true;inWindow=false;time_close=07-30 12:39
2026-07-30T12:36:00.000+01:00,DIAG-CLOSE;AUDCAD;s=5;prev=1;c=2;firstObs=false;slotOn=true;inWindow=false;time_close=07-30 12:39
2026-07-30T12:36:00.000+01:00,DIAG-CLOSE;AUDCAD;s=6;prev=0;c=1;firstObs=false;slotOn=true;inWindow=false;time_close=07-30 12:39
2026-07-30T12:36:00.000+01:00,DIAG-CLOSE;AUDCAD;s=7;prev=0;c=1;firstObs=false;slotOn=true;inWindow=false;time_close=07-30 12:39
2026-07-30T13:03:00.000+01:00,DIAG-CLOSE;AUDCAD;s=3;prev=1;c=2;firstObs=false;slotOn=true;inWindow=false;time_close=07-30 13:06
2026-07-30T13:12:00.000+01:00,DIAG-CLOSE;USDCHF;s=0;prev=3;c=4;firstObs=false;slotOn=true;inWindow=false;time_close=07-30 13:15
2026-07-30T13:12:00.000+01:00,DIAG-CLOSE;USDCHF;s=1;prev=3;c=4;firstObs=false;slotOn=true;inWindow=false;time_close=07-30 13:15
2026-07-30T13:12:00.000+01:00,DIAG-CLOSE;USDCHF;s=4;prev=1;c=2;firstObs=false;slotOn=true;inWindow=false;time_close=07-30 13:15
2026-07-30T13:12:00.000+01:00,DIAG-CLOSE;USDCHF;s=7;prev=0;c=1;firstObs=false;slotOn=true;inWindow=false;time_close=07-30 13:15
2026-07-30T13:18:00.000+01:00,DIAG-CLOSE;AUDCHF;s=0;prev=4;c=5;firstObs=false;slotOn=true;inWindow=false;time_close=07-30 13:21
2026-07-30T13:18:00.000+01:00,DIAG-CLOSE;AUDCHF;s=1;prev=4;c=5;firstObs=false;slotOn=true;inWindow=false;time_close=07-30 13:21
2026-07-30T13:27:00.000+01:00,DIAG-CLOSE;CADCHF;s=3;prev=3;c=4;firstObs=false;slotOn=true;inWindow=false;time_close=07-30 13:30
2026-07-30T13:57:00.000+01:00,DIAG-CLOSE;EURCAD;s=2;prev=1;c=2;firstObs=false;slotOn=true;inWindow=false;time_close=07-30 14:00
2026-07-30T13:57:00.000+01:00,DIAG-CLOSE;EURCAD;s=3;prev=3;c=4;firstObs=false;slotOn=true;inWindow=false;time_close=07-30 14:00
2026-07-30T13:57:00.000+01:00,DIAG-CLOSE;EURCAD;s=5;prev=0;c=1;firstObs=false;slotOn=true;inWindow=false;time_close=07-30 14:00
2026-07-30T14:00:00.000+01:00,DIAG-CLOSE;CADJPY;s=2;prev=2;c=3;firstObs=false;slotOn=true;inWindow=false;time_close=07-30 14:03
2026-07-30T14:12:00.000+01:00,DIAG-CLOSE;EURGBP;s=0;prev=3;c=4;firstObs=false;slotOn=true;inWindow=false;time_close=07-30 14:15
2026-07-30T14:12:00.000+01:00,DIAG-CLOSE;EURGBP;s=1;prev=3;c=4;firstObs=false;slotOn=true;inWindow=false;time_close=07-30 14:15
2026-07-30T14:12:00.000+01:00,DIAG-CLOSE;EURGBP;s=2;prev=2;c=3;firstObs=false;slotOn=true;inWindow=false;time_close=07-30 14:15
2026-07-30T14:12:00.000+01:00,DIAG-CLOSE;EURGBP;s=3;prev=2;c=3;firstObs=false;slotOn=true;inWindow=false;time_close=07-30 14:15
2026-07-30T14:12:00.000+01:00,DIAG-CLOSE;EURGBP;s=5;prev=1;c=2;firstObs=false;slotOn=true;inWindow=false;time_close=07-30 14:15
2026-07-30T14:21:00.000+01:00,DIAG-CLOSE;GBPCHF;s=0;prev=1;c=2;firstObs=false;slotOn=true;inWindow=false;time_close=07-30 14:24
2026-07-30T14:21:00.000+01:00,DIAG-CLOSE;GBPCHF;s=1;prev=1;c=2;firstObs=false;slotOn=true;inWindow=false;time_close=07-30 14:24
2026-07-30T14:30:00.000+01:00,DIAG-CLOSE;USDJPY;s=0;prev=4;c=5;firstObs=false;slotOn=true;inWindow=false;time_close=07-30 14:33
2026-07-30T14:33:00.000+01:00,DIAG-CLOSE;USDCHF;s=0;prev=4;c=5;firstObs=false;slotOn=true;inWindow=false;time_close=07-30 14:36
2026-07-30T14:33:00.000+01:00,DIAG-CLOSE;USDCHF;s=1;prev=4;c=5;firstObs=false;slotOn=true;inWindow=false;time_close=07-30 14:36
2026-07-30T14:33:00.000+01:00,DIAG-CLOSE;USDCHF;s=3;prev=2;c=3;firstObs=false;slotOn=true;inWindow=false;time_close=07-30 14:36
2026-07-30T14:42:00.000+01:00,DIAG-CLOSE;CHFJPY;s=0;prev=1;c=2;firstObs=false;slotOn=true;inWindow=false;time_close=07-30 14:45
2026-07-30T14:42:00.000+01:00,DIAG-CLOSE;CHFJPY;s=1;prev=1;c=2;firstObs=false;slotOn=true;inWindow=false;time_close=07-30 14:45
2026-07-30T14:42:00.000+01:00,DIAG-CLOSE;CHFJPY;s=2;prev=0;c=1;firstObs=false;slotOn=true;inWindow=false;time_close=07-30 14:45
2026-07-30T14:42:00.000+01:00,DIAG-CLOSE;CHFJPY;s=3;prev=0;c=1;firstObs=false;slotOn=true;inWindow=false;time_close=07-30 14:45
2026-07-30T14:42:00.000+01:00,DIAG-CLOSE;CHFJPY;s=4;prev=0;c=1;firstObs=false;slotOn=true;inWindow=false;time_close=07-30 14:45
2026-07-30T14:42:00.000+01:00,DIAG-CLOSE;CHFJPY;s=5;prev=0;c=1;firstObs=false;slotOn=true;inWindow=false;time_close=07-30 14:45
2026-07-30T14:42:00.000+01:00,DIAG-CLOSE;CHFJPY;s=6;prev=0;c=1;firstObs=false;slotOn=true;inWindow=false;time_close=07-30 14:45
2026-07-30T14:42:00.000+01:00,DIAG-CLOSE;CHFJPY;s=7;prev=0;c=1;firstObs=false;slotOn=true;inWindow=false;time_close=07-30 14:45
2026-07-30T14:51:00.000+01:00,DIAG-CLOSE;GBPUSD;s=0;prev=4;c=5;firstObs=false;slotOn=true;inWindow=false;time_close=07-30 14:54
2026-07-30T14:51:00.000+01:00,DIAG-CLOSE;EURCHF;s=0;prev=4;c=5;firstObs=false;slotOn=true;inWindow=false;time_close=07-30 14:54
2026-07-30T14:51:00.000+01:00,DIAG-CLOSE;EURCHF;s=1;prev=4;c=5;firstObs=false;slotOn=true;inWindow=false;time_close=07-30 14:54
2026-07-30T14:51:00.000+01:00,DIAG-CLOSE;GBPCAD;s=0;prev=3;c=4;firstObs=false;slotOn=true;inWindow=false;time_close=07-30 14:54
2026-07-30T14:51:00.000+01:00,DIAG-CLOSE;GBPCAD;s=1;prev=3;c=4;firstObs=false;slotOn=true;inWindow=false;time_close=07-30 14:54
2026-07-30T14:57:00.000+01:00,DIAG-CLOSE;EURCAD;s=0;prev=4;c=5;firstObs=false;slotOn=true;inWindow=false;time_close=07-30 15:00
2026-07-30T14:57:00.000+01:00,DIAG-CLOSE;EURCAD;s=1;prev=4;c=5;firstObs=false;slotOn=true;inWindow=false;time_close=07-30 15:00
2026-07-30T14:57:00.000+01:00,DIAG-CLOSE;EURCAD;s=4;prev=0;c=1;firstObs=false;slotOn=true;inWindow=false;time_close=07-30 15:00
2026-07-30T16:24:00.000+01:00,DIAG-CLOSE;EURCHF;s=0;prev=5;c=6;firstObs=false;slotOn=true;inWindow=false;time_close=07-30 16:27
2026-07-30T16:24:00.000+01:00,DIAG-CLOSE;EURCHF;s=1;prev=5;c=6;firstObs=false;slotOn=true;inWindow=false;time_close=07-30 16:27
2026-07-30T16:45:00.000+01:00,DIAG-CLOSE;CADCHF;s=0;prev=5;c=6;firstObs=false;slotOn=true;inWindow=false;time_close=07-30 16:48
2026-07-30T16:54:00.000+01:00,DIAG-CLOSE;AUDCAD;s=0;prev=3;c=4;firstObs=false;slotOn=true;inWindow=false;time_close=07-30 16:57
2026-07-30T16:54:00.000+01:00,DIAG-CLOSE;AUDCAD;s=1;prev=3;c=4;firstObs=false;slotOn=true;inWindow=false;time_close=07-30 16:57
2026-07-30T16:54:00.000+01:00,DIAG-CLOSE;AUDCAD;s=2;prev=3;c=4;firstObs=false;slotOn=true;inWindow=false;time_close=07-30 16:57
2026-07-30T16:54:00.000+01:00,DIAG-CLOSE;AUDCAD;s=3;prev=2;c=3;firstObs=false;slotOn=true;inWindow=false;time_close=07-30 16:57
2026-07-30T16:54:00.000+01:00,DIAG-CLOSE;AUDCAD;s=5;prev=2;c=3;firstObs=false;slotOn=true;inWindow=false;time_close=07-30 16:57
2026-07-30T17:00:00.000+01:00,DIAG-CLOSE;EURAUD;s=0;prev=5;c=6;firstObs=false;slotOn=true;inWindow=false;time_close=07-30 17:03
2026-07-30T17:00:00.000+01:00,DIAG-CLOSE;EURAUD;s=1;prev=5;c=6;firstObs=false;slotOn=true;inWindow=false;time_close=07-30 17:03
2026-07-30T18:00:00.000+01:00,DIAG-CLOSE;EURCAD;s=0;prev=5;c=6;firstObs=false;slotOn=true;inWindow=false;time_close=07-30 18:03
2026-07-30T18:00:00.000+01:00,DIAG-CLOSE;EURCAD;s=1;prev=5;c=6;firstObs=false;slotOn=true;inWindow=false;time_close=07-30 18:03
2026-07-30T18:48:00.000+01:00,DIAG-CLOSE;GBPCHF;s=0;prev=2;c=3;firstObs=false;slotOn=true;inWindow=false;time_close=07-30 18:51
2026-07-30T18:48:00.000+01:00,DIAG-CLOSE;GBPCHF;s=1;prev=2;c=3;firstObs=false;slotOn=true;inWindow=false;time_close=07-30 18:51
2026-07-30T18:51:00.000+01:00,DIAG-CLOSE;CADCHF;s=0;prev=6;c=7;firstObs=false;slotOn=true;inWindow=false;time_close=07-30 18:54
2026-07-30T18:51:00.000+01:00,DIAG-CLOSE;CADCHF;s=1;prev=5;c=6;firstObs=false;slotOn=true;inWindow=false;time_close=07-30 18:54
2026-07-31T09:21:00.000+01:00,DIAG-CLOSE;USDCAD;s=1;prev=6;c=7;firstObs=false;slotOn=true;inWindow=false;time_close=07-31 09:24
2026-07-31T09:21:00.000+01:00,DIAG-CLOSE;USDCAD;s=2;prev=2;c=3;firstObs=false;slotOn=true;inWindow=false;time_close=07-31 09:24
2026-07-31T09:54:00.000+01:00,DIAG-CLOSE;USDCAD;s=0;prev=6;c=7;firstObs=false;slotOn=true;inWindow=false;time_close=07-31 09:57
2026-07-31T09:54:00.000+01:00,DIAG-CLOSE;USDCAD;s=3;prev=3;c=4;firstObs=false;slotOn=true;inWindow=false;time_close=07-31 09:57
2026-07-31T10:00:00.000+01:00,DIAG-CLOSE;EURGBP;s=0;prev=4;c=5;firstObs=false;slotOn=true;inWindow=false;time_close=07-31 10:03
2026-07-31T10:00:00.000+01:00,DIAG-CLOSE;EURGBP;s=1;prev=4;c=5;firstObs=false;slotOn=true;inWindow=false;time_close=07-31 10:03
2026-07-31T10:00:00.000+01:00,DIAG-CLOSE;EURGBP;s=3;prev=3;c=4;firstObs=false;slotOn=true;inWindow=false;time_close=07-31 10:03
2026-07-31T10:00:00.000+01:00,DIAG-CLOSE;GBPCAD;s=0;prev=4;c=5;firstObs=false;slotOn=true;inWindow=false;time_close=07-31 10:03
2026-07-31T10:00:00.000+01:00,DIAG-CLOSE;GBPCAD;s=1;prev=4;c=5;firstObs=false;slotOn=true;inWindow=false;time_close=07-31 10:03
2026-07-31T10:12:00.000+01:00,DIAG-CLOSE;AUDUSD;s=2;prev=2;c=3;firstObs=false;slotOn=true;inWindow=false;time_close=07-31 10:15
2026-07-31T10:12:00.000+01:00,DIAG-CLOSE;AUDUSD;s=3;prev=2;c=3;firstObs=false;slotOn=true;inWindow=false;time_close=07-31 10:15
2026-07-31T10:12:00.000+01:00,DIAG-CLOSE;AUDUSD;s=5;prev=1;c=2;firstObs=false;slotOn=true;inWindow=false;time_close=07-31 10:15
2026-07-31T10:33:00.000+01:00,DIAG-CLOSE;USDJPY;s=2;prev=3;c=4;firstObs=false;slotOn=true;inWindow=false;time_close=07-31 10:36
2026-07-31T10:33:00.000+01:00,DIAG-CLOSE;EURJPY;s=3;prev=3;c=4;firstObs=false;slotOn=true;inWindow=false;time_close=07-31 10:36
2026-07-31T10:33:00.000+01:00,DIAG-CLOSE;CADJPY;s=2;prev=3;c=4;firstObs=false;slotOn=true;inWindow=false;time_close=07-31 10:36
2026-07-31T10:33:00.000+01:00,DIAG-CLOSE;CADJPY;s=3;prev=1;c=2;firstObs=false;slotOn=true;inWindow=false;time_close=07-31 10:36
2026-07-31T10:33:00.000+01:00,DIAG-CLOSE;CADJPY;s=5;prev=0;c=1;firstObs=false;slotOn=true;inWindow=false;time_close=07-31 10:36
2026-07-31T10:33:00.000+01:00,DIAG-CLOSE;AUDJPY;s=3;prev=1;c=2;firstObs=false;slotOn=true;inWindow=false;time_close=07-31 10:36
2026-07-31T10:33:00.000+01:00,DIAG-CLOSE;AUDCHF;s=0;prev=5;c=6;firstObs=false;slotOn=true;inWindow=false;time_close=07-31 10:36
2026-07-31T10:33:00.000+01:00,DIAG-CLOSE;AUDCHF;s=1;prev=5;c=6;firstObs=false;slotOn=true;inWindow=false;time_close=07-31 10:36
2026-07-31T10:33:00.000+01:00,DIAG-CLOSE;AUDCHF;s=2;prev=3;c=4;firstObs=false;slotOn=true;inWindow=false;time_close=07-31 10:36
2026-07-31T10:33:00.000+01:00,DIAG-CLOSE;AUDCHF;s=5;prev=1;c=2;firstObs=false;slotOn=true;inWindow=false;time_close=07-31 10:36
2026-07-31T10:45:00.000+01:00,DIAG-CLOSE;USDJPY;s=1;prev=4;c=5;firstObs=false;slotOn=true;inWindow=false;time_close=07-31 10:48
2026-07-31T10:45:00.000+01:00,DIAG-CLOSE;CADJPY;s=1;prev=3;c=4;firstObs=false;slotOn=true;inWindow=false;time_close=07-31 10:48
2026-07-31T10:48:00.000+01:00,DIAG-CLOSE;CADJPY;s=0;prev=3;c=4;firstObs=false;slotOn=true;inWindow=false;time_close=07-31 10:51
2026-07-31T10:54:00.000+01:00,DIAG-CLOSE;USDJPY;s=0;prev=5;c=6;firstObs=false;slotOn=true;inWindow=false;time_close=07-31 10:57
2026-07-31T11:18:00.000+01:00,DIAG-CLOSE;AUDCAD;s=0;prev=4;c=5;firstObs=false;slotOn=true;inWindow=false;time_close=07-31 11:21
2026-07-31T11:18:00.000+01:00,DIAG-CLOSE;AUDCAD;s=1;prev=4;c=5;firstObs=false;slotOn=true;inWindow=false;time_close=07-31 11:21
2026-07-31T11:18:00.000+01:00,DIAG-CLOSE;AUDCAD;s=2;prev=4;c=5;firstObs=false;slotOn=true;inWindow=false;time_close=07-31 11:21
2026-07-31T11:18:00.000+01:00,DIAG-CLOSE;AUDCAD;s=5;prev=3;c=4;firstObs=false;slotOn=true;inWindow=false;time_close=07-31 11:21
2026-07-31T11:27:00.000+01:00,DIAG-CLOSE;EURUSD;s=0;prev=2;c=3;firstObs=false;slotOn=true;inWindow=false;time_close=07-31 11:30
2026-07-31T11:27:00.000+01:00,DIAG-CLOSE;EURUSD;s=1;prev=2;c=3;firstObs=false;slotOn=true;inWindow=false;time_close=07-31 11:30
2026-07-31T11:36:00.000+01:00,DIAG-CLOSE;AUDUSD;s=4;prev=0;c=1;firstObs=false;slotOn=true;inWindow=false;time_close=07-31 11:39
2026-07-31T11:36:00.000+01:00,DIAG-CLOSE;AUDUSD;s=7;prev=0;c=1;firstObs=false;slotOn=true;inWindow=false;time_close=07-31 11:39
2026-07-31T12:27:00.000+01:00,DIAG-CLOSE;GBPUSD;s=0;prev=5;c=6;firstObs=false;slotOn=true;inWindow=false;time_close=07-31 12:30
2026-07-31T12:27:00.000+01:00,DIAG-CLOSE;GBPUSD;s=1;prev=4;c=5;firstObs=false;slotOn=true;inWindow=false;time_close=07-31 12:30
2026-07-31T12:36:00.000+01:00,DIAG-CLOSE;AUDUSD;s=0;prev=3;c=4;firstObs=false;slotOn=true;inWindow=false;time_close=07-31 12:39
2026-07-31T12:36:00.000+01:00,DIAG-CLOSE;AUDUSD;s=1;prev=3;c=4;firstObs=false;slotOn=true;inWindow=false;time_close=07-31 12:39
2026-07-31T12:36:00.000+01:00,DIAG-CLOSE;AUDUSD;s=6;prev=0;c=1;firstObs=false;slotOn=true;inWindow=false;time_close=07-31 12:39
2026-07-31T12:51:00.000+01:00,DIAG-CLOSE;GBPCHF;s=0;prev=3;c=4;firstObs=false;slotOn=true;inWindow=false;time_close=07-31 12:54
2026-07-31T12:51:00.000+01:00,DIAG-CLOSE;GBPCHF;s=1;prev=3;c=4;firstObs=false;slotOn=true;inWindow=false;time_close=07-31 12:54
2026-07-31T12:51:00.000+01:00,DIAG-CLOSE;GBPCHF;s=2;prev=1;c=2;firstObs=false;slotOn=true;inWindow=false;time_close=07-31 12:54
2026-07-31T12:51:00.000+01:00,DIAG-CLOSE;GBPCHF;s=3;prev=2;c=3;firstObs=false;slotOn=true;inWindow=false;time_close=07-31 12:54
2026-07-31T13:48:00.000+01:00,DIAG-CLOSE;EURCHF;s=0;prev=6;c=7;firstObs=false;slotOn=true;inWindow=false;time_close=07-31 13:51
2026-07-31T14:36:00.000+01:00,DIAG-CLOSE;AUDJPY;s=0;prev=3;c=4;firstObs=false;slotOn=true;inWindow=false;time_close=07-31 14:39
2026-07-31T14:36:00.000+01:00,DIAG-CLOSE;AUDJPY;s=1;prev=3;c=4;firstObs=false;slotOn=true;inWindow=false;time_close=07-31 14:39
2026-07-31T14:36:00.000+01:00,DIAG-CLOSE;AUDJPY;s=2;prev=0;c=1;firstObs=false;slotOn=true;inWindow=false;time_close=07-31 14:39
2026-07-31T15:00:00.000+01:00,DIAG-CLOSE;USDCAD;s=0;prev=7;c=8;firstObs=false;slotOn=true;inWindow=false;time_close=07-31 15:03
2026-07-31T15:00:00.000+01:00,DIAG-CLOSE;USDCAD;s=1;prev=7;c=8;firstObs=false;slotOn=true;inWindow=false;time_close=07-31 15:03
2026-07-31T15:06:00.000+01:00,DIAG-CLOSE;EURUSD;s=0;prev=3;c=4;firstObs=false;slotOn=true;inWindow=false;time_close=07-31 15:09
2026-07-31T15:06:00.000+01:00,DIAG-CLOSE;EURUSD;s=1;prev=3;c=4;firstObs=false;slotOn=true;inWindow=false;time_close=07-31 15:09
2026-07-31T15:06:00.000+01:00,DIAG-CLOSE;EURUSD;s=2;prev=1;c=2;firstObs=false;slotOn=true;inWindow=false;time_close=07-31 15:09
2026-07-31T15:18:00.000+01:00,DIAG-CLOSE;EURCAD;s=0;prev=6;c=7;firstObs=false;slotOn=true;inWindow=false;time_close=07-31 15:21
2026-07-31T15:18:00.000+01:00,DIAG-CLOSE;EURCAD;s=1;prev=6;c=7;firstObs=false;slotOn=true;inWindow=false;time_close=07-31 15:21
2026-07-31T15:45:00.000+01:00,DIAG-CLOSE;EURAUD;s=2;prev=2;c=3;firstObs=false;slotOn=true;inWindow=false;time_close=07-31 15:48
2026-07-31T15:45:00.000+01:00,DIAG-CLOSE;EURAUD;s=3;prev=2;c=3;firstObs=false;slotOn=true;inWindow=false;time_close=07-31 15:48
2026-07-31T15:45:00.000+01:00,DIAG-CLOSE;EURAUD;s=5;prev=2;c=3;firstObs=false;slotOn=true;inWindow=false;time_close=07-31 15:48
2026-07-31T15:51:00.000+01:00,DIAG-CLOSE;AUDUSD;s=0;prev=4;c=5;firstObs=false;slotOn=true;inWindow=false;time_close=07-31 15:54
2026-07-31T15:51:00.000+01:00,DIAG-CLOSE;AUDUSD;s=1;prev=4;c=5;firstObs=false;slotOn=true;inWindow=false;time_close=07-31 15:54
2026-07-31T15:51:00.000+01:00,DIAG-CLOSE;AUDUSD;s=2;prev=3;c=4;firstObs=false;slotOn=true;inWindow=false;time_close=07-31 15:54
2026-07-31T15:51:00.000+01:00,DIAG-CLOSE;AUDUSD;s=3;prev=3;c=4;firstObs=false;slotOn=true;inWindow=false;time_close=07-31 15:54
2026-07-31T17:33:00.000+01:00,DIAG-CLOSE;GBPAUD;s=3;prev=3;c=4;firstObs=false;slotOn=true;inWindow=false;time_close=07-31 17:36
2026-07-31T17:36:00.000+01:00,DIAG-CLOSE;EURAUD;s=0;prev=6;c=7;firstObs=false;slotOn=true;inWindow=false;time_close=07-31 17:39
2026-07-31T17:36:00.000+01:00,DIAG-CLOSE;EURAUD;s=1;prev=6;c=7;firstObs=false;slotOn=true;inWindow=false;time_close=07-31 17:39
2026-07-31T18:03:00.000+01:00,DIAG-CLOSE;EURAUD;s=4;prev=0;c=1;firstObs=false;slotOn=true;inWindow=false;time_close=07-31 18:06
2026-07-31T18:03:00.000+01:00,DIAG-CLOSE;EURAUD;s=7;prev=0;c=1;firstObs=false;slotOn=true;inWindow=false;time_close=07-31 18:06
2026-07-31T18:39:00.000+01:00,DIAG-CLOSE;EURCHF;s=0;prev=7;c=8;firstObs=false;slotOn=true;inWindow=false;time_close=07-31 18:42
2026-07-31T18:39:00.000+01:00,DIAG-CLOSE;EURCHF;s=1;prev=6;c=7;firstObs=false;slotOn=true;inWindow=false;time_close=07-31 18:42
2026-07-31T18:39:00.000+01:00,DIAG-CLOSE;EURCHF;s=2;prev=2;c=3;firstObs=false;slotOn=true;inWindow=false;time_close=07-31 18:42
2026-07-31T18:39:00.000+01:00,DIAG-CLOSE;EURCHF;s=3;prev=3;c=4;firstObs=false;slotOn=true;inWindow=false;time_close=07-31 18:42
2026-07-31T19:00:00.000+01:00,DIAG-CLOSE;GBPCAD;s=3;prev=1;c=2;firstObs=false;slotOn=true;inWindow=false;time_close=07-31 19:03
2026-08-03T08:24:00.000+01:00,DIAG-CLOSE;EURAUD;s=0;prev=7;c=8;firstObs=false;slotOn=true;inWindow=false;time_close=08-03 08:27
2026-08-03T08:24:00.000+01:00,DIAG-CLOSE;EURAUD;s=1;prev=7;c=8;firstObs=false;slotOn=true;inWindow=false;time_close=08-03 08:27
2026-08-03T08:24:00.000+01:00,DIAG-CLOSE;EURAUD;s=2;prev=3;c=4;firstObs=false;slotOn=true;inWindow=false;time_close=08-03 08:27
2026-08-03T08:45:00.000+01:00,DIAG-CLOSE;AUDCAD;s=0;prev=5;c=6;firstObs=false;slotOn=true;inWindow=false;time_close=08-03 08:48
2026-08-03T08:45:00.000+01:00,DIAG-CLOSE;AUDCAD;s=1;prev=5;c=6;firstObs=false;slotOn=true;inWindow=false;time_close=08-03 08:48
2026-08-03T08:45:00.000+01:00,DIAG-CLOSE;AUDCAD;s=2;prev=5;c=6;firstObs=false;slotOn=true;inWindow=false;time_close=08-03 08:48
2026-08-03T08:45:00.000+01:00,DIAG-CLOSE;AUDCAD;s=3;prev=3;c=4;firstObs=false;slotOn=true;inWindow=false;time_close=08-03 08:48
2026-08-03T08:54:00.000+01:00,DIAG-CLOSE;CADCHF;s=0;prev=7;c=8;firstObs=false;slotOn=true;inWindow=false;time_close=08-03 08:57
2026-08-03T08:54:00.000+01:00,DIAG-CLOSE;CADCHF;s=1;prev=6;c=7;firstObs=false;slotOn=true;inWindow=false;time_close=08-03 08:57
2026-08-03T09:03:00.000+01:00,DIAG-CLOSE;USDJPY;s=0;prev=6;c=7;firstObs=false;slotOn=true;inWindow=false;time_close=08-03 09:06
2026-08-03T09:03:00.000+01:00,DIAG-CLOSE;USDJPY;s=1;prev=5;c=6;firstObs=false;slotOn=true;inWindow=false;time_close=08-03 09:06
2026-08-03T10:21:00.000+01:00,DIAG-CLOSE;AUDCHF;s=0;prev=6;c=7;firstObs=false;slotOn=true;inWindow=false;time_close=08-03 10:24
2026-08-03T10:21:00.000+01:00,DIAG-CLOSE;AUDCHF;s=1;prev=6;c=7;firstObs=false;slotOn=true;inWindow=false;time_close=08-03 10:24
2026-08-03T11:30:00.000+01:00,DIAG-CLOSE;EURGBP;s=0;prev=5;c=6;firstObs=false;slotOn=true;inWindow=false;time_close=08-03 11:33
2026-08-03T11:30:00.000+01:00,DIAG-CLOSE;EURGBP;s=1;prev=5;c=6;firstObs=false;slotOn=true;inWindow=false;time_close=08-03 11:33
2026-08-03T12:00:00.000+01:00,DIAG-CLOSE;EURCAD;s=0;prev=7;c=8;firstObs=false;slotOn=true;inWindow=false;time_close=08-03 12:03
2026-08-03T12:00:00.000+01:00,DIAG-CLOSE;EURCAD;s=1;prev=7;c=8;firstObs=false;slotOn=true;inWindow=false;time_close=08-03 12:03
2026-08-03T12:00:00.000+01:00,DIAG-CLOSE;EURCAD;s=2;prev=2;c=3;firstObs=false;slotOn=true;inWindow=false;time_close=08-03 12:03
2026-08-03T12:00:00.000+01:00,DIAG-CLOSE;EURCAD;s=3;prev=4;c=5;firstObs=false;slotOn=true;inWindow=false;time_close=08-03 12:03
2026-08-03T12:00:00.000+01:00,DIAG-CLOSE;EURCAD;s=4;prev=1;c=2;firstObs=false;slotOn=true;inWindow=false;time_close=08-03 12:03
2026-08-03T12:00:00.000+01:00,DIAG-CLOSE;EURCAD;s=5;prev=1;c=2;firstObs=false;slotOn=true;inWindow=false;time_close=08-03 12:03
2026-08-03T12:00:00.000+01:00,DIAG-CLOSE;EURCAD;s=7;prev=0;c=1;firstObs=false;slotOn=true;inWindow=false;time_close=08-03 12:03
2026-08-03T12:42:00.000+01:00,DIAG-CLOSE;CADJPY;s=0;prev=4;c=5;firstObs=false;slotOn=true;inWindow=false;time_close=08-03 12:45
2026-08-03T12:42:00.000+01:00,DIAG-CLOSE;CADJPY;s=1;prev=4;c=5;firstObs=false;slotOn=true;inWindow=false;time_close=08-03 12:45
2026-08-03T13:18:00.000+01:00,DIAG-CLOSE;USDJPY;s=0;prev=7;c=8;firstObs=false;slotOn=true;inWindow=false;time_close=08-03 13:21
2026-08-03T13:18:00.000+01:00,DIAG-CLOSE;USDJPY;s=1;prev=6;c=7;firstObs=false;slotOn=true;inWindow=false;time_close=08-03 13:21
2026-08-03T13:18:00.000+01:00,DIAG-CLOSE;USDJPY;s=4;prev=0;c=1;firstObs=false;slotOn=true;inWindow=false;time_close=08-03 13:21
2026-08-03T13:18:00.000+01:00,DIAG-CLOSE;USDJPY;s=6;prev=0;c=1;firstObs=false;slotOn=true;inWindow=false;time_close=08-03 13:21
2026-08-03T13:18:00.000+01:00,DIAG-CLOSE;USDJPY;s=7;prev=0;c=1;firstObs=false;slotOn=true;inWindow=false;time_close=08-03 13:21
2026-08-03T13:18:00.000+01:00,DIAG-CLOSE;CADCHF;s=0;prev=8;c=9;firstObs=false;slotOn=true;inWindow=false;time_close=08-03 13:21
2026-08-03T13:18:00.000+01:00,DIAG-CLOSE;CADCHF;s=1;prev=7;c=8;firstObs=false;slotOn=true;inWindow=false;time_close=08-03 13:21
2026-08-03T13:30:00.000+01:00,DIAG-CLOSE;GBPAUD;s=0;prev=1;c=2;firstObs=false;slotOn=true;inWindow=false;time_close=08-03 13:33
2026-08-03T13:30:00.000+01:00,DIAG-CLOSE;GBPAUD;s=1;prev=1;c=2;firstObs=false;slotOn=true;inWindow=false;time_close=08-03 13:33
2026-08-03T13:30:00.000+01:00,DIAG-CLOSE;GBPAUD;s=2;prev=1;c=2;firstObs=false;slotOn=true;inWindow=false;time_close=08-03 13:33
2026-08-03T13:57:00.000+01:00,DIAG-CLOSE;GBPAUD;s=3;prev=4;c=5;firstObs=false;slotOn=true;inWindow=false;time_close=08-03 14:00
2026-08-03T14:21:00.000+01:00,DIAG-CLOSE;GBPAUD;s=0;prev=2;c=3;firstObs=false;slotOn=true;inWindow=false;time_close=08-03 14:24
2026-08-03T14:21:00.000+01:00,DIAG-CLOSE;GBPAUD;s=1;prev=2;c=3;firstObs=false;slotOn=true;inWindow=false;time_close=08-03 14:24
2026-08-03T14:21:00.000+01:00,DIAG-CLOSE;GBPAUD;s=4;prev=0;c=1;firstObs=false;slotOn=true;inWindow=false;time_close=08-03 14:24
2026-08-03T14:21:00.000+01:00,DIAG-CLOSE;GBPAUD;s=7;prev=0;c=1;firstObs=false;slotOn=true;inWindow=false;time_close=08-03 14:24
2026-08-03T14:27:00.000+01:00,DIAG-CLOSE;EURAUD;s=0;prev=8;c=9;firstObs=false;slotOn=true;inWindow=false;time_close=08-03 14:30
2026-08-03T14:27:00.000+01:00,DIAG-CLOSE;EURAUD;s=1;prev=8;c=9;firstObs=false;slotOn=true;inWindow=false;time_close=08-03 14:30
2026-08-03T15:21:00.000+01:00,DIAG-CLOSE;EURUSD;s=0;prev=4;c=5;firstObs=false;slotOn=true;inWindow=false;time_close=08-03 15:24
2026-08-03T15:21:00.000+01:00,DIAG-CLOSE;EURUSD;s=1;prev=4;c=5;firstObs=false;slotOn=true;inWindow=false;time_close=08-03 15:24
2026-08-03T15:21:00.000+01:00,DIAG-CLOSE;EURUSD;s=2;prev=2;c=3;firstObs=false;slotOn=true;inWindow=false;time_close=08-03 15:24
2026-08-03T15:21:00.000+01:00,DIAG-CLOSE;EURUSD;s=3;prev=1;c=2;firstObs=false;slotOn=true;inWindow=false;time_close=08-03 15:24
2026-08-03T15:21:00.000+01:00,DIAG-CLOSE;EURUSD;s=4;prev=0;c=1;firstObs=false;slotOn=true;inWindow=false;time_close=08-03 15:24
2026-08-03T15:21:00.000+01:00,DIAG-CLOSE;EURUSD;s=5;prev=0;c=1;firstObs=false;slotOn=true;inWindow=false;time_close=08-03 15:24
2026-08-03T15:39:00.000+01:00,DIAG-CLOSE;AUDCHF;s=0;prev=7;c=8;firstObs=false;slotOn=true;inWindow=false;time_close=08-03 15:42
2026-08-03T15:39:00.000+01:00,DIAG-CLOSE;AUDCHF;s=1;prev=7;c=8;firstObs=false;slotOn=true;inWindow=false;time_close=08-03 15:42
2026-08-03T16:00:00.000+01:00,DIAG-CLOSE;AUDJPY;s=0;prev=4;c=5;firstObs=false;slotOn=true;inWindow=false;time_close=08-03 16:03
2026-08-03T16:00:00.000+01:00,DIAG-CLOSE;AUDJPY;s=1;prev=4;c=5;firstObs=false;slotOn=true;inWindow=false;time_close=08-03 16:03
2026-08-03T16:33:00.000+01:00,DIAG-CLOSE;GBPUSD;s=2;prev=3;c=4;firstObs=false;slotOn=true;inWindow=false;time_close=08-03 16:36
2026-08-03T16:33:00.000+01:00,DIAG-CLOSE;GBPUSD;s=3;prev=1;c=2;firstObs=false;slotOn=true;inWindow=false;time_close=08-03 16:36
2026-08-03T17:30:00.000+01:00,DIAG-CLOSE;AUDJPY;s=0;prev=5;c=6;firstObs=false;slotOn=true;inWindow=false;time_close=08-03 17:33
2026-08-03T17:30:00.000+01:00,DIAG-CLOSE;AUDJPY;s=1;prev=5;c=6;firstObs=false;slotOn=true;inWindow=false;time_close=08-03 17:33
2026-08-04T08:21:00.000+01:00,DIAG-CLOSE;AUDJPY;s=2;prev=1;c=2;firstObs=false;slotOn=true;inWindow=false;time_close=08-04 08:24
2026-08-04T08:21:00.000+01:00,DIAG-CLOSE;AUDJPY;s=3;prev=2;c=3;firstObs=false;slotOn=true;inWindow=false;time_close=08-04 08:24
2026-08-04T08:54:00.000+01:00,DIAG-CLOSE;GBPJPY;s=3;prev=0;c=1;firstObs=false;slotOn=true;inWindow=false;time_close=08-04 08:57
2026-08-04T08:54:00.000+01:00,DIAG-CLOSE;CADJPY;s=0;prev=5;c=6;firstObs=false;slotOn=true;inWindow=false;time_close=08-04 08:57
2026-08-04T08:54:00.000+01:00,DIAG-CLOSE;CADJPY;s=1;prev=5;c=6;firstObs=false;slotOn=true;inWindow=false;time_close=08-04 08:57
2026-08-04T08:54:00.000+01:00,DIAG-CLOSE;CADJPY;s=2;prev=4;c=5;firstObs=false;slotOn=true;inWindow=false;time_close=08-04 08:57
2026-08-04T08:54:00.000+01:00,DIAG-CLOSE;CADJPY;s=3;prev=2;c=3;firstObs=false;slotOn=true;inWindow=false;time_close=08-04 08:57
2026-08-04T08:54:00.000+01:00,DIAG-CLOSE;CADJPY;s=4;prev=0;c=1;firstObs=false;slotOn=true;inWindow=false;time_close=08-04 08:57
2026-08-04T08:54:00.000+01:00,DIAG-CLOSE;CADJPY;s=5;prev=1;c=2;firstObs=false;slotOn=true;inWindow=false;time_close=08-04 08:57
2026-08-04T08:54:00.000+01:00,DIAG-CLOSE;CADJPY;s=6;prev=0;c=1;firstObs=false;slotOn=true;inWindow=false;time_close=08-04 08:57
2026-08-04T08:54:00.000+01:00,DIAG-CLOSE;CADJPY;s=7;prev=0;c=1;firstObs=false;slotOn=true;inWindow=false;time_close=08-04 08:57
2026-08-04T09:24:00.000+01:00,DIAG-CLOSE;EURCHF;s=0;prev=8;c=9;firstObs=false;slotOn=true;inWindow=false;time_close=08-04 09:27
2026-08-04T09:24:00.000+01:00,DIAG-CLOSE;EURCHF;s=1;prev=7;c=8;firstObs=false;slotOn=true;inWindow=false;time_close=08-04 09:27
2026-08-04T09:24:00.000+01:00,DIAG-CLOSE;EURCHF;s=2;prev=3;c=4;firstObs=false;slotOn=true;inWindow=false;time_close=08-04 09:27
2026-08-04T11:54:00.000+01:00,DIAG-CLOSE;EURCAD;s=2;prev=3;c=4;firstObs=false;slotOn=true;inWindow=false;time_close=08-04 11:57
2026-08-04T11:54:00.000+01:00,DIAG-CLOSE;EURCAD;s=3;prev=5;c=6;firstObs=false;slotOn=true;inWindow=false;time_close=08-04 11:57
2026-08-04T12:30:00.000+01:00,DIAG-CLOSE;GBPJPY;s=2;prev=0;c=1;firstObs=false;slotOn=true;inWindow=false;time_close=08-04 12:33
2026-08-04T12:33:00.000+01:00,DIAG-CLOSE;GBPJPY;s=0;prev=0;c=1;firstObs=false;slotOn=true;inWindow=false;time_close=08-04 12:36
2026-08-04T12:33:00.000+01:00,DIAG-CLOSE;GBPJPY;s=1;prev=0;c=1;firstObs=false;slotOn=true;inWindow=false;time_close=08-04 12:36
2026-08-04T12:33:00.000+01:00,DIAG-CLOSE;GBPCHF;s=0;prev=4;c=5;firstObs=false;slotOn=true;inWindow=false;time_close=08-04 12:36
2026-08-04T12:33:00.000+01:00,DIAG-CLOSE;GBPCHF;s=1;prev=4;c=5;firstObs=false;slotOn=true;inWindow=false;time_close=08-04 12:36
2026-08-04T12:51:00.000+01:00,DIAG-CLOSE;EURCHF;s=0;prev=9;c=10;firstObs=false;slotOn=true;inWindow=false;time_close=08-04 12:54
2026-08-04T12:51:00.000+01:00,DIAG-CLOSE;EURCHF;s=1;prev=8;c=9;firstObs=false;slotOn=true;inWindow=false;time_close=08-04 12:54
2026-08-04T12:51:00.000+01:00,DIAG-CLOSE;EURCHF;s=2;prev=4;c=5;firstObs=false;slotOn=true;inWindow=false;time_close=08-04 12:54
2026-08-04T13:21:00.000+01:00,DIAG-CLOSE;AUDUSD;s=0;prev=5;c=6;firstObs=false;slotOn=true;inWindow=false;time_close=08-04 13:24
2026-08-04T13:21:00.000+01:00,DIAG-CLOSE;AUDUSD;s=1;prev=5;c=6;firstObs=false;slotOn=true;inWindow=false;time_close=08-04 13:24
2026-08-04T14:18:00.000+01:00,DIAG-CLOSE;CHFJPY;s=0;prev=2;c=3;firstObs=false;slotOn=true;inWindow=false;time_close=08-04 14:21
2026-08-04T14:18:00.000+01:00,DIAG-CLOSE;CHFJPY;s=1;prev=2;c=3;firstObs=false;slotOn=true;inWindow=false;time_close=08-04 14:21
2026-08-04T14:18:00.000+01:00,DIAG-CLOSE;CHFJPY;s=3;prev=1;c=2;firstObs=false;slotOn=true;inWindow=false;time_close=08-04 14:21
2026-08-04T15:24:00.000+01:00,DIAG-CLOSE;AUDCHF;s=3;prev=5;c=6;firstObs=false;slotOn=true;inWindow=false;time_close=08-04 15:27
2026-08-04T15:27:00.000+01:00,DIAG-CLOSE;EURJPY;s=0;prev=4;c=5;firstObs=false;slotOn=true;inWindow=false;time_close=08-04 15:30
2026-08-04T15:27:00.000+01:00,DIAG-CLOSE;EURJPY;s=1;prev=5;c=6;firstObs=false;slotOn=true;inWindow=false;time_close=08-04 15:30
2026-08-04T15:27:00.000+01:00,DIAG-CLOSE;EURJPY;s=2;prev=3;c=4;firstObs=false;slotOn=true;inWindow=false;time_close=08-04 15:30
2026-08-04T15:27:00.000+01:00,DIAG-CLOSE;EURJPY;s=4;prev=2;c=3;firstObs=false;slotOn=true;inWindow=false;time_close=08-04 15:30
2026-08-04T15:27:00.000+01:00,DIAG-CLOSE;GBPJPY;s=2;prev=1;c=2;firstObs=false;slotOn=true;inWindow=false;time_close=08-04 15:30
2026-08-04T15:54:00.000+01:00,DIAG-CLOSE;USDJPY;s=3;prev=4;c=5;firstObs=false;slotOn=true;inWindow=false;time_close=08-04 15:57
2026-08-04T16:27:00.000+01:00,DIAG-CLOSE;EURCHF;s=0;prev=10;c=11;firstObs=false;slotOn=true;inWindow=false;time_close=08-04 16:30
2026-08-04T16:27:00.000+01:00,DIAG-CLOSE;EURCHF;s=1;prev=9;c=10;firstObs=false;slotOn=true;inWindow=false;time_close=08-04 16:30
2026-08-04T16:27:00.000+01:00,DIAG-CLOSE;EURCHF;s=2;prev=5;c=6;firstObs=false;slotOn=true;inWindow=false;time_close=08-04 16:30
2026-08-04T16:27:00.000+01:00,DIAG-CLOSE;EURCHF;s=3;prev=4;c=5;firstObs=false;slotOn=true;inWindow=false;time_close=08-04 16:30
2026-08-04T16:48:00.000+01:00,DIAG-CLOSE;AUDCAD;s=0;prev=6;c=7;firstObs=false;slotOn=true;inWindow=false;time_close=08-04 16:51
2026-08-04T16:48:00.000+01:00,DIAG-CLOSE;AUDCAD;s=1;prev=6;c=7;firstObs=false;slotOn=true;inWindow=false;time_close=08-04 16:51
2026-08-04T16:48:00.000+01:00,DIAG-CLOSE;AUDCAD;s=4;prev=2;c=3;firstObs=false;slotOn=true;inWindow=false;time_close=08-04 16:51
2026-08-04T17:30:00.000+01:00,DIAG-CLOSE;EURAUD;s=0;prev=9;c=10;firstObs=false;slotOn=true;inWindow=false;time_close=08-04 17:33
2026-08-04T17:30:00.000+01:00,DIAG-CLOSE;EURAUD;s=1;prev=9;c=10;firstObs=false;slotOn=true;inWindow=false;time_close=08-04 17:33
2026-08-04T17:30:00.000+01:00,DIAG-CLOSE;EURAUD;s=2;prev=4;c=5;firstObs=false;slotOn=true;inWindow=false;time_close=08-04 17:33
2026-08-04T17:39:00.000+01:00,DIAG-CLOSE;AUDJPY;s=0;prev=6;c=7;firstObs=false;slotOn=true;inWindow=false;time_close=08-04 17:42
2026-08-04T17:39:00.000+01:00,DIAG-CLOSE;AUDJPY;s=1;prev=6;c=7;firstObs=false;slotOn=true;inWindow=false;time_close=08-04 17:42
2026-08-04T18:00:00.000+01:00,DIAG-CLOSE;EURJPY;s=0;prev=5;c=6;firstObs=false;slotOn=true;inWindow=false;time_close=08-04 18:03
2026-08-04T18:00:00.000+01:00,DIAG-CLOSE;EURJPY;s=1;prev=6;c=7;firstObs=false;slotOn=true;inWindow=false;time_close=08-04 18:03
2026-08-04T18:03:00.000+01:00,DIAG-CLOSE;CADJPY;s=0;prev=6;c=7;firstObs=false;slotOn=true;inWindow=false;time_close=08-04 18:06
2026-08-04T18:03:00.000+01:00,DIAG-CLOSE;CADJPY;s=1;prev=6;c=7;firstObs=false;slotOn=true;inWindow=false;time_close=08-04 18:06
2026-08-04T18:12:00.000+01:00,DIAG-CLOSE;AUDUSD;s=2;prev=4;c=5;firstObs=false;slotOn=true;inWindow=false;time_close=08-04 18:15
2026-08-04T18:18:00.000+01:00,DIAG-CLOSE;AUDUSD;s=0;prev=6;c=7;firstObs=false;slotOn=true;inWindow=false;time_close=08-04 18:21
2026-08-04T18:18:00.000+01:00,DIAG-CLOSE;AUDUSD;s=1;prev=6;c=7;firstObs=false;slotOn=true;inWindow=false;time_close=08-04 18:21
2026-08-04T18:36:00.000+01:00,DIAG-CLOSE;CADJPY;s=3;prev=3;c=4;firstObs=false;slotOn=true;inWindow=false;time_close=08-04 18:39
2026-08-04T18:48:00.000+01:00,DIAG-CLOSE;GBPCHF;s=0;prev=5;c=6;firstObs=false;slotOn=true;inWindow=false;time_close=08-04 18:51
2026-08-04T18:48:00.000+01:00,DIAG-CLOSE;GBPCHF;s=1;prev=5;c=6;firstObs=false;slotOn=true;inWindow=false;time_close=08-04 18:51
2026-08-04T19:27:00.000+01:00,DIAG-CLOSE;GBPJPY;s=0;prev=1;c=2;firstObs=false;slotOn=true;inWindow=false;time_close=08-04 19:30
2026-08-04T19:27:00.000+01:00,DIAG-CLOSE;GBPJPY;s=1;prev=1;c=2;firstObs=false;slotOn=true;inWindow=false;time_close=08-04 19:30
2026-08-04T19:27:00.000+01:00,DIAG-CLOSE;GBPJPY;s=2;prev=2;c=3;firstObs=false;slotOn=true;inWindow=false;time_close=08-04 19:30
2026-08-04T19:27:00.000+01:00,DIAG-CLOSE;GBPJPY;s=3;prev=1;c=2;firstObs=false;slotOn=true;inWindow=false;time_close=08-04 19:30
2026-08-04T19:27:00.000+01:00,DIAG-CLOSE;GBPJPY;s=4;prev=0;c=1;firstObs=false;slotOn=true;inWindow=false;time_close=08-04 19:30
2026-08-04T19:27:00.000+01:00,DIAG-CLOSE;GBPJPY;s=5;prev=0;c=1;firstObs=false;slotOn=true;inWindow=false;time_close=08-04 19:30
2026-08-04T19:27:00.000+01:00,DIAG-CLOSE;GBPJPY;s=6;prev=0;c=1;firstObs=false;slotOn=true;inWindow=false;time_close=08-04 19:30
2026-08-04T19:27:00.000+01:00,DIAG-CLOSE;GBPJPY;s=7;prev=0;c=1;firstObs=false;slotOn=true;inWindow=false;time_close=08-04 19:30
2026-08-04T19:30:00.000+01:00,DIAG-CLOSE;CADCHF;s=2;prev=3;c=4;firstObs=false;slotOn=true;inWindow=false;time_close=08-04 19:33
2026-08-04T19:30:00.000+01:00,DIAG-CLOSE;CADCHF;s=3;prev=4;c=5;firstObs=false;slotOn=true;inWindow=false;time_close=08-04 19:33
2026-08-04T19:30:00.000+01:00,DIAG-CLOSE;CADCHF;s=5;prev=2;c=3;firstObs=false;slotOn=true;inWindow=false;time_close=08-04 19:33
2026-08-04T19:36:00.000+01:00,DIAG-CLOSE;CHFJPY;s=2;prev=1;c=2;firstObs=false;slotOn=true;inWindow=false;time_close=08-04 19:39
2026-08-04T19:36:00.000+01:00,DIAG-CLOSE;CHFJPY;s=3;prev=2;c=3;firstObs=false;slotOn=true;inWindow=false;time_close=08-04 19:39
2026-08-04T19:36:00.000+01:00,DIAG-CLOSE;CHFJPY;s=5;prev=1;c=2;firstObs=false;slotOn=true;inWindow=false;time_close=08-04 19:39
2026-08-05T09:45:00.000+01:00,DIAG-CLOSE;USDCAD;s=3;prev=4;c=5;firstObs=false;slotOn=true;inWindow=false;time_close=08-05 09:48
2026-08-05T09:51:00.000+01:00,DIAG-CLOSE;GBPCAD;s=0;prev=5;c=6;firstObs=false;slotOn=true;inWindow=false;time_close=08-05 09:54
2026-08-05T09:51:00.000+01:00,DIAG-CLOSE;GBPCAD;s=1;prev=5;c=6;firstObs=false;slotOn=true;inWindow=false;time_close=08-05 09:54
2026-08-05T09:57:00.000+01:00,DIAG-CLOSE;GBPUSD;s=0;prev=6;c=7;firstObs=false;slotOn=true;inWindow=false;time_close=08-05 10:00
2026-08-05T09:57:00.000+01:00,DIAG-CLOSE;GBPUSD;s=1;prev=5;c=6;firstObs=false;slotOn=true;inWindow=false;time_close=08-05 10:00
2026-08-05T09:57:00.000+01:00,DIAG-CLOSE;GBPUSD;s=2;prev=4;c=5;firstObs=false;slotOn=true;inWindow=false;time_close=08-05 10:00
2026-08-05T09:57:00.000+01:00,DIAG-CLOSE;GBPUSD;s=3;prev=2;c=3;firstObs=false;slotOn=true;inWindow=false;time_close=08-05 10:00
2026-08-05T09:57:00.000+01:00,DIAG-CLOSE;GBPUSD;s=4;prev=2;c=3;firstObs=false;slotOn=true;inWindow=false;time_close=08-05 10:00
2026-08-05T09:57:00.000+01:00,DIAG-CLOSE;GBPUSD;s=5;prev=2;c=3;firstObs=false;slotOn=true;inWindow=false;time_close=08-05 10:00
2026-08-05T09:57:00.000+01:00,DIAG-CLOSE;GBPUSD;s=6;prev=0;c=1;firstObs=false;slotOn=true;inWindow=false;time_close=08-05 10:00
2026-08-05T09:57:00.000+01:00,DIAG-CLOSE;GBPUSD;s=7;prev=0;c=1;firstObs=false;slotOn=true;inWindow=false;time_close=08-05 10:00
2026-08-05T09:57:00.000+01:00,DIAG-CLOSE;AUDUSD;s=0;prev=7;c=8;firstObs=false;slotOn=true;inWindow=false;time_close=08-05 10:00
2026-08-05T09:57:00.000+01:00,DIAG-CLOSE;AUDUSD;s=1;prev=7;c=8;firstObs=false;slotOn=true;inWindow=false;time_close=08-05 10:00
2026-08-05T10:00:00.000+01:00,DIAG-CLOSE;AUDCHF;s=2;prev=4;c=5;firstObs=false;slotOn=true;inWindow=false;time_close=08-05 10:03
2026-08-05T10:00:00.000+01:00,DIAG-CLOSE;AUDCHF;s=3;prev=6;c=7;firstObs=false;slotOn=true;inWindow=false;time_close=08-05 10:03
2026-08-05T10:15:00.000+01:00,DIAG-CLOSE;USDCAD;s=0;prev=8;c=9;firstObs=false;slotOn=true;inWindow=false;time_close=08-05 10:18
2026-08-05T10:15:00.000+01:00,DIAG-CLOSE;USDCAD;s=1;prev=8;c=9;firstObs=false;slotOn=true;inWindow=false;time_close=08-05 10:18
2026-08-05T10:15:00.000+01:00,DIAG-CLOSE;USDCAD;s=2;prev=3;c=4;firstObs=false;slotOn=true;inWindow=false;time_close=08-05 10:18
2026-08-05T10:24:00.000+01:00,DIAG-CLOSE;EURAUD;s=0;prev=10;c=11;firstObs=false;slotOn=true;inWindow=false;time_close=08-05 10:27
2026-08-05T10:24:00.000+01:00,DIAG-CLOSE;EURAUD;s=1;prev=10;c=11;firstObs=false;slotOn=true;inWindow=false;time_close=08-05 10:27
2026-08-05T10:24:00.000+01:00,DIAG-CLOSE;AUDCAD;s=0;prev=7;c=8;firstObs=false;slotOn=true;inWindow=false;time_close=08-05 10:27
2026-08-05T10:24:00.000+01:00,DIAG-CLOSE;AUDCAD;s=1;prev=7;c=8;firstObs=false;slotOn=true;inWindow=false;time_close=08-05 10:27
2026-08-05T10:24:00.000+01:00,DIAG-CLOSE;AUDCAD;s=2;prev=6;c=7;firstObs=false;slotOn=true;inWindow=false;time_close=08-05 10:27
2026-08-05T10:24:00.000+01:00,DIAG-CLOSE;AUDCAD;s=3;prev=4;c=5;firstObs=false;slotOn=true;inWindow=false;time_close=08-05 10:27
2026-08-05T10:24:00.000+01:00,DIAG-CLOSE;AUDCAD;s=5;prev=4;c=5;firstObs=false;slotOn=true;inWindow=false;time_close=08-05 10:27
2026-08-05T10:33:00.000+01:00,DIAG-CLOSE;USDCHF;s=2;prev=3;c=4;firstObs=false;slotOn=true;inWindow=false;time_close=08-05 10:36
2026-08-05T10:33:00.000+01:00,DIAG-CLOSE;USDCHF;s=3;prev=3;c=4;firstObs=false;slotOn=true;inWindow=false;time_close=08-05 10:36
2026-08-05T10:33:00.000+01:00,DIAG-CLOSE;USDCHF;s=5;prev=0;c=1;firstObs=false;slotOn=true;inWindow=false;time_close=08-05 10:36
2026-08-05T10:33:00.000+01:00,DIAG-CLOSE;AUDCHF;s=0;prev=8;c=9;firstObs=false;slotOn=true;inWindow=false;time_close=08-05 10:36
2026-08-05T10:33:00.000+01:00,DIAG-CLOSE;AUDCHF;s=1;prev=8;c=9;firstObs=false;slotOn=true;inWindow=false;time_close=08-05 10:36
2026-08-05T10:48:00.000+01:00,DIAG-CLOSE;USDCHF;s=0;prev=5;c=6;firstObs=false;slotOn=true;inWindow=false;time_close=08-05 10:51
2026-08-05T10:51:00.000+01:00,DIAG-CLOSE;CADCHF;s=3;prev=5;c=6;firstObs=false;slotOn=true;inWindow=false;time_close=08-05 10:54
2026-08-05T11:21:00.000+01:00,DIAG-CLOSE;CADCHF;s=2;prev=4;c=5;firstObs=false;slotOn=true;inWindow=false;time_close=08-05 11:24
2026-08-05T11:21:00.000+01:00,DIAG-CLOSE;CADCHF;s=5;prev=3;c=4;firstObs=false;slotOn=true;inWindow=false;time_close=08-05 11:24
2026-08-05T11:54:00.000+01:00,DIAG-CLOSE;CADJPY;s=0;prev=7;c=8;firstObs=false;slotOn=true;inWindow=false;time_close=08-05 11:57
2026-08-05T11:54:00.000+01:00,DIAG-CLOSE;CADJPY;s=1;prev=7;c=8;firstObs=false;slotOn=true;inWindow=false;time_close=08-05 11:57
2026-08-05T12:18:00.000+01:00,DIAG-CLOSE;CADCHF;s=0;prev=9;c=10;firstObs=false;slotOn=true;inWindow=false;time_close=08-05 12:21
2026-08-05T12:18:00.000+01:00,DIAG-CLOSE;CADCHF;s=1;prev=8;c=9;firstObs=false;slotOn=true;inWindow=false;time_close=08-05 12:21
2026-08-05T12:33:00.000+01:00,DIAG-CLOSE;EURAUD;s=0;prev=11;c=12;firstObs=false;slotOn=true;inWindow=false;time_close=08-05 12:36
2026-08-05T12:33:00.000+01:00,DIAG-CLOSE;EURAUD;s=1;prev=11;c=12;firstObs=false;slotOn=true;inWindow=false;time_close=08-05 12:36
2026-08-05T12:33:00.000+01:00,DIAG-CLOSE;EURAUD;s=3;prev=3;c=4;firstObs=false;slotOn=true;inWindow=false;time_close=08-05 12:36
2026-08-05T13:54:00.000+01:00,DIAG-CLOSE;AUDJPY;s=1;prev=7;c=8;firstObs=false;slotOn=true;inWindow=false;time_close=08-05 13:57
2026-08-05T13:54:00.000+01:00,DIAG-CLOSE;AUDJPY;s=3;prev=3;c=4;firstObs=false;slotOn=true;inWindow=false;time_close=08-05 13:57
2026-08-05T14:09:00.000+01:00,DIAG-CLOSE;GBPJPY;s=0;prev=2;c=3;firstObs=false;slotOn=true;inWindow=false;time_close=08-05 14:12
2026-08-05T14:09:00.000+01:00,DIAG-CLOSE;GBPJPY;s=1;prev=2;c=3;firstObs=false;slotOn=true;inWindow=false;time_close=08-05 14:12
2026-08-05T14:15:00.000+01:00,DIAG-CLOSE;GBPJPY;s=2;prev=3;c=4;firstObs=false;slotOn=true;inWindow=false;time_close=08-05 14:18
2026-08-05T14:15:00.000+01:00,DIAG-CLOSE;GBPJPY;s=3;prev=2;c=3;firstObs=false;slotOn=true;inWindow=false;time_close=08-05 14:18
2026-08-05T14:15:00.000+01:00,DIAG-CLOSE;GBPJPY;s=5;prev=1;c=2;firstObs=false;slotOn=true;inWindow=false;time_close=08-05 14:18
2026-08-05T14:21:00.000+01:00,DIAG-CLOSE;EURGBP;s=0;prev=6;c=7;firstObs=false;slotOn=true;inWindow=false;time_close=08-05 14:24
2026-08-05T14:21:00.000+01:00,DIAG-CLOSE;EURGBP;s=1;prev=6;c=7;firstObs=false;slotOn=true;inWindow=false;time_close=08-05 14:24
2026-08-05T14:54:00.000+01:00,DIAG-CLOSE;EURCAD;s=0;prev=8;c=9;firstObs=false;slotOn=true;inWindow=false;time_close=08-05 14:57
2026-08-05T14:54:00.000+01:00,DIAG-CLOSE;EURCAD;s=1;prev=8;c=9;firstObs=false;slotOn=true;inWindow=false;time_close=08-05 14:57
2026-08-05T14:54:00.000+01:00,DIAG-CLOSE;EURCAD;s=2;prev=4;c=5;firstObs=false;slotOn=true;inWindow=false;time_close=08-05 14:57
2026-08-05T14:54:00.000+01:00,DIAG-CLOSE;EURCAD;s=3;prev=6;c=7;firstObs=false;slotOn=true;inWindow=false;time_close=08-05 14:57
2026-08-05T15:15:00.000+01:00,DIAG-CLOSE;USDCHF;s=0;prev=6;c=7;firstObs=false;slotOn=true;inWindow=false;time_close=08-05 15:18
2026-08-05T15:15:00.000+01:00,DIAG-CLOSE;USDCHF;s=1;prev=5;c=6;firstObs=false;slotOn=true;inWindow=false;time_close=08-05 15:18
2026-08-05T15:15:00.000+01:00,DIAG-CLOSE;USDCHF;s=2;prev=4;c=5;firstObs=false;slotOn=true;inWindow=false;time_close=08-05 15:18
2026-08-05T15:15:00.000+01:00,DIAG-CLOSE;USDCHF;s=4;prev=2;c=3;firstObs=false;slotOn=true;inWindow=false;time_close=08-05 15:18
2026-08-05T15:15:00.000+01:00,DIAG-CLOSE;USDCHF;s=5;prev=1;c=2;firstObs=false;slotOn=true;inWindow=false;time_close=08-05 15:18
2026-08-05T15:57:00.000+01:00,DIAG-CLOSE;AUDCAD;s=3;prev=5;c=6;firstObs=false;slotOn=true;inWindow=false;time_close=08-05 16:00
2026-08-05T16:51:00.000+01:00,DIAG-CLOSE;EURAUD;s=1;prev=12;c=13;firstObs=false;slotOn=true;inWindow=false;time_close=08-05 16:54
2026-08-05T16:51:00.000+01:00,DIAG-CLOSE;EURAUD;s=3;prev=4;c=5;firstObs=false;slotOn=true;inWindow=false;time_close=08-05 16:54
2026-08-05T18:06:00.000+01:00,DIAG-CLOSE;GBPUSD;s=0;prev=7;c=8;firstObs=false;slotOn=true;inWindow=false;time_close=08-05 18:09
2026-08-05T18:06:00.000+01:00,DIAG-CLOSE;GBPUSD;s=1;prev=6;c=7;firstObs=false;slotOn=true;inWindow=false;time_close=08-05 18:09
2026-08-05T18:18:00.000+01:00,DIAG-CLOSE;CADJPY;s=0;prev=8;c=9;firstObs=false;slotOn=true;inWindow=false;time_close=08-05 18:21
2026-08-05T18:18:00.000+01:00,DIAG-CLOSE;CADJPY;s=1;prev=8;c=9;firstObs=false;slotOn=true;inWindow=false;time_close=08-05 18:21
2026-08-05T18:18:00.000+01:00,DIAG-CLOSE;CADJPY;s=2;prev=5;c=6;firstObs=false;slotOn=true;inWindow=false;time_close=08-05 18:21
2026-08-05T18:18:00.000+01:00,DIAG-CLOSE;CADJPY;s=5;prev=2;c=3;firstObs=false;slotOn=true;inWindow=false;time_close=08-05 18:21
2026-08-05T18:42:00.000+01:00,DIAG-CLOSE;AUDUSD;s=2;prev=5;c=6;firstObs=false;slotOn=true;inWindow=false;time_close=08-05 18:45
2026-08-05T18:42:00.000+01:00,DIAG-CLOSE;AUDUSD;s=3;prev=4;c=5;firstObs=false;slotOn=true;inWindow=false;time_close=08-05 18:45
2026-08-05T19:00:00.000+01:00,DIAG-CLOSE;AUDCHF;s=2;prev=5;c=6;firstObs=false;slotOn=true;inWindow=false;time_close=08-05 19:03
2026-08-05T19:00:00.000+01:00,DIAG-CLOSE;AUDCHF;s=3;prev=7;c=8;firstObs=false;slotOn=true;inWindow=false;time_close=08-05 19:03
2026-08-05T19:00:00.000+01:00,DIAG-CLOSE;AUDCHF;s=5;prev=2;c=3;firstObs=false;slotOn=true;inWindow=false;time_close=08-05 19:03
2026-08-05T19:12:00.000+01:00,DIAG-CLOSE;AUDCHF;s=0;prev=9;c=10;firstObs=false;slotOn=true;inWindow=false;time_close=08-05 19:15
2026-08-05T19:12:00.000+01:00,DIAG-CLOSE;AUDCHF;s=1;prev=9;c=10;firstObs=false;slotOn=true;inWindow=false;time_close=08-05 19:15
2026-08-06T08:51:00.000+01:00,DIAG-CLOSE;EURJPY;s=0;prev=6;c=7;firstObs=false;slotOn=true;inWindow=false;time_close=08-06 08:54
2026-08-06T08:51:00.000+01:00,DIAG-CLOSE;EURJPY;s=1;prev=7;c=8;firstObs=false;slotOn=true;inWindow=false;time_close=08-06 08:54
2026-08-06T08:51:00.000+01:00,DIAG-CLOSE;CADJPY;s=0;prev=9;c=10;firstObs=false;slotOn=true;inWindow=false;time_close=08-06 08:54
2026-08-06T08:51:00.000+01:00,DIAG-CLOSE;CADJPY;s=1;prev=9;c=10;firstObs=false;slotOn=true;inWindow=false;time_close=08-06 08:54
2026-08-06T09:39:00.000+01:00,DIAG-CLOSE;EURAUD;s=3;prev=5;c=6;firstObs=false;slotOn=true;inWindow=false;time_close=08-06 09:42
2026-08-06T10:21:00.000+01:00,DIAG-CLOSE;CADJPY;s=0;prev=10;c=11;firstObs=false;slotOn=true;inWindow=false;time_close=08-06 10:24
2026-08-06T10:21:00.000+01:00,DIAG-CLOSE;CADJPY;s=1;prev=10;c=11;firstObs=false;slotOn=true;inWindow=false;time_close=08-06 10:24
2026-08-06T10:21:00.000+01:00,DIAG-CLOSE;CADJPY;s=2;prev=6;c=7;firstObs=false;slotOn=true;inWindow=false;time_close=08-06 10:24
2026-08-06T10:21:00.000+01:00,DIAG-CLOSE;CADJPY;s=3;prev=4;c=5;firstObs=false;slotOn=true;inWindow=false;time_close=08-06 10:24
2026-08-06T12:06:00.000+01:00,DIAG-CLOSE;AUDJPY;s=0;prev=7;c=8;firstObs=false;slotOn=true;inWindow=false;time_close=08-06 12:09
2026-08-06T12:06:00.000+01:00,DIAG-CLOSE;AUDJPY;s=1;prev=8;c=9;firstObs=false;slotOn=true;inWindow=false;time_close=08-06 12:09
2026-08-06T12:18:00.000+01:00,DIAG-CLOSE;EURJPY;s=0;prev=7;c=8;firstObs=false;slotOn=true;inWindow=false;time_close=08-06 12:21
2026-08-06T12:18:00.000+01:00,DIAG-CLOSE;EURJPY;s=1;prev=8;c=9;firstObs=false;slotOn=true;inWindow=false;time_close=08-06 12:21
2026-08-06T12:42:00.000+01:00,DIAG-CLOSE;AUDUSD;s=3;prev=5;c=6;firstObs=false;slotOn=true;inWindow=false;time_close=08-06 12:45
2026-08-06T12:42:00.000+01:00,DIAG-CLOSE;GBPJPY;s=3;prev=3;c=4;firstObs=false;slotOn=true;inWindow=false;time_close=08-06 12:45
2026-08-06T13:09:00.000+01:00,DIAG-CLOSE;AUDCAD;s=3;prev=6;c=7;firstObs=false;slotOn=true;inWindow=false;time_close=08-06 13:12
2026-08-06T13:18:00.000+01:00,DIAG-CLOSE;AUDCAD;s=2;prev=7;c=8;firstObs=false;slotOn=true;inWindow=false;time_close=08-06 13:21
2026-08-06T13:30:00.000+01:00,DIAG-CLOSE;GBPCAD;s=3;prev=2;c=3;firstObs=false;slotOn=true;inWindow=false;time_close=08-06 13:33
2026-08-06T13:48:00.000+01:00,DIAG-CLOSE;USDJPY;s=0;prev=8;c=9;firstObs=false;slotOn=true;inWindow=false;time_close=08-06 13:51
2026-08-06T14:09:00.000+01:00,DIAG-CLOSE;AUDJPY;s=2;prev=2;c=3;firstObs=false;slotOn=true;inWindow=false;time_close=08-06 14:12
2026-08-06T14:09:00.000+01:00,DIAG-CLOSE;AUDJPY;s=3;prev=4;c=5;firstObs=false;slotOn=true;inWindow=false;time_close=08-06 14:12
2026-08-06T14:09:00.000+01:00,DIAG-CLOSE;AUDJPY;s=5;prev=0;c=1;firstObs=false;slotOn=true;inWindow=false;time_close=08-06 14:12
2026-08-06T14:15:00.000+01:00,DIAG-CLOSE;AUDJPY;s=0;prev=8;c=9;firstObs=false;slotOn=true;inWindow=false;time_close=08-06 14:18
2026-08-06T14:15:00.000+01:00,DIAG-CLOSE;AUDJPY;s=1;prev=9;c=10;firstObs=false;slotOn=true;inWindow=false;time_close=08-06 14:18
2026-08-06T14:27:00.000+01:00,DIAG-CLOSE;AUDCAD;s=0;prev=8;c=9;firstObs=false;slotOn=true;inWindow=false;time_close=08-06 14:30
2026-08-06T14:27:00.000+01:00,DIAG-CLOSE;AUDCAD;s=1;prev=8;c=9;firstObs=false;slotOn=true;inWindow=false;time_close=08-06 14:30
2026-08-06T14:27:00.000+01:00,DIAG-CLOSE;AUDCAD;s=4;prev=3;c=4;firstObs=false;slotOn=true;inWindow=false;time_close=08-06 14:30
2026-08-06T14:27:00.000+01:00,DIAG-CLOSE;AUDCAD;s=6;prev=1;c=2;firstObs=false;slotOn=true;inWindow=false;time_close=08-06 14:30
2026-08-06T14:27:00.000+01:00,DIAG-CLOSE;AUDCAD;s=7;prev=1;c=2;firstObs=false;slotOn=true;inWindow=false;time_close=08-06 14:30
2026-08-06T15:00:00.000+01:00,DIAG-CLOSE;USDCHF;s=2;prev=5;c=6;firstObs=false;slotOn=true;inWindow=false;time_close=08-06 15:03
2026-08-06T15:00:00.000+01:00,DIAG-CLOSE;USDCHF;s=3;prev=4;c=5;firstObs=false;slotOn=true;inWindow=false;time_close=08-06 15:03
2026-08-06T15:00:00.000+01:00,DIAG-CLOSE;USDCHF;s=5;prev=2;c=3;firstObs=false;slotOn=true;inWindow=false;time_close=08-06 15:03
2026-08-06T15:15:00.000+01:00,DIAG-CLOSE;GBPJPY;s=0;prev=3;c=4;firstObs=false;slotOn=true;inWindow=false;time_close=08-06 15:18
2026-08-06T15:15:00.000+01:00,DIAG-CLOSE;GBPJPY;s=1;prev=3;c=4;firstObs=false;slotOn=true;inWindow=false;time_close=08-06 15:18
2026-08-06T16:27:00.000+01:00,DIAG-CLOSE;EURUSD;s=0;prev=5;c=6;firstObs=false;slotOn=true;inWindow=false;time_close=08-06 16:30
2026-08-06T16:27:00.000+01:00,DIAG-CLOSE;EURUSD;s=1;prev=5;c=6;firstObs=false;slotOn=true;inWindow=false;time_close=08-06 16:30
2026-08-06T16:27:00.000+01:00,DIAG-CLOSE;EURUSD;s=2;prev=3;c=4;firstObs=false;slotOn=true;inWindow=false;time_close=08-06 16:30
2026-08-06T16:27:00.000+01:00,DIAG-CLOSE;EURUSD;s=3;prev=2;c=3;firstObs=false;slotOn=true;inWindow=false;time_close=08-06 16:30
2026-08-06T16:27:00.000+01:00,DIAG-CLOSE;EURUSD;s=4;prev=1;c=2;firstObs=false;slotOn=true;inWindow=false;time_close=08-06 16:30
2026-08-06T16:27:00.000+01:00,DIAG-CLOSE;EURUSD;s=5;prev=1;c=2;firstObs=false;slotOn=true;inWindow=false;time_close=08-06 16:30
2026-08-06T16:27:00.000+01:00,DIAG-CLOSE;EURUSD;s=6;prev=0;c=1;firstObs=false;slotOn=true;inWindow=false;time_close=08-06 16:30
2026-08-06T16:27:00.000+01:00,DIAG-CLOSE;EURUSD;s=7;prev=0;c=1;firstObs=false;slotOn=true;inWindow=false;time_close=08-06 16:30
2026-08-06T17:12:00.000+01:00,DIAG-CLOSE;EURAUD;s=3;prev=6;c=7;firstObs=false;slotOn=true;inWindow=false;time_close=08-06 17:15
2026-08-06T17:21:00.000+01:00,DIAG-CLOSE;AUDUSD;s=0;prev=8;c=9;firstObs=false;slotOn=true;inWindow=false;time_close=08-06 17:24
2026-08-06T17:21:00.000+01:00,DIAG-CLOSE;AUDUSD;s=1;prev=8;c=9;firstObs=false;slotOn=true;inWindow=false;time_close=08-06 17:24
2026-08-06T17:21:00.000+01:00,DIAG-CLOSE;AUDUSD;s=2;prev=6;c=7;firstObs=false;slotOn=true;inWindow=false;time_close=08-06 17:24
2026-08-06T17:21:00.000+01:00,DIAG-CLOSE;EURAUD;s=0;prev=12;c=13;firstObs=false;slotOn=true;inWindow=false;time_close=08-06 17:24
2026-08-06T17:21:00.000+01:00,DIAG-CLOSE;EURAUD;s=1;prev=13;c=14;firstObs=false;slotOn=true;inWindow=false;time_close=08-06 17:24
2026-08-06T17:21:00.000+01:00,DIAG-CLOSE;EURAUD;s=2;prev=5;c=6;firstObs=false;slotOn=true;inWindow=false;time_close=08-06 17:24
2026-08-06T17:21:00.000+01:00,DIAG-CLOSE;EURAUD;s=5;prev=3;c=4;firstObs=false;slotOn=true;inWindow=false;time_close=08-06 17:24
2026-08-06T17:54:00.000+01:00,DIAG-CLOSE;EURJPY;s=3;prev=4;c=5;firstObs=false;slotOn=true;inWindow=false;time_close=08-06 17:57
2026-08-06T18:03:00.000+01:00,DIAG-CLOSE;USDCAD;s=0;prev=9;c=10;firstObs=false;slotOn=true;inWindow=false;time_close=08-06 18:06
2026-08-06T18:03:00.000+01:00,DIAG-CLOSE;USDCAD;s=1;prev=9;c=10;firstObs=false;slotOn=true;inWindow=false;time_close=08-06 18:06
2026-08-06T18:03:00.000+01:00,DIAG-CLOSE;USDCAD;s=2;prev=4;c=5;firstObs=false;slotOn=true;inWindow=false;time_close=08-06 18:06
2026-08-06T18:03:00.000+01:00,DIAG-CLOSE;USDCAD;s=4;prev=2;c=3;firstObs=false;slotOn=true;inWindow=false;time_close=08-06 18:06
2026-08-06T18:03:00.000+01:00,DIAG-CLOSE;USDCAD;s=5;prev=2;c=3;firstObs=false;slotOn=true;inWindow=false;time_close=08-06 18:06
2026-08-06T18:03:00.000+01:00,DIAG-CLOSE;USDCAD;s=6;prev=1;c=2;firstObs=false;slotOn=true;inWindow=false;time_close=08-06 18:06
2026-08-06T18:30:00.000+01:00,DIAG-CLOSE;GBPJPY;s=0;prev=4;c=5;firstObs=false;slotOn=true;inWindow=false;time_close=08-06 18:33
2026-08-06T18:30:00.000+01:00,DIAG-CLOSE;GBPJPY;s=1;prev=4;c=5;firstObs=false;slotOn=true;inWindow=false;time_close=08-06 18:33
2026-08-06T18:42:00.000+01:00,DIAG-CLOSE;AUDCHF;s=0;prev=10;c=11;firstObs=false;slotOn=true;inWindow=false;time_close=08-06 18:45
2026-08-06T18:42:00.000+01:00,DIAG-CLOSE;AUDCHF;s=1;prev=10;c=11;firstObs=false;slotOn=true;inWindow=false;time_close=08-06 18:45
2026-08-06T19:15:00.000+01:00,DIAG-CLOSE;EURUSD;s=0;prev=6;c=7;firstObs=false;slotOn=true;inWindow=false;time_close=08-06 19:18
2026-08-06T19:15:00.000+01:00,DIAG-CLOSE;EURUSD;s=1;prev=6;c=7;firstObs=false;slotOn=true;inWindow=false;time_close=08-06 19:18
2026-08-06T19:15:00.000+01:00,DIAG-CLOSE;EURUSD;s=2;prev=4;c=5;firstObs=false;slotOn=true;inWindow=false;time_close=08-06 19:18
2026-08-06T19:15:00.000+01:00,DIAG-CLOSE;GBPUSD;s=0;prev=8;c=9;firstObs=false;slotOn=true;inWindow=false;time_close=08-06 19:18
2026-08-06T19:15:00.000+01:00,DIAG-CLOSE;GBPUSD;s=1;prev=7;c=8;firstObs=false;slotOn=true;inWindow=false;time_close=08-06 19:18
2026-08-06T19:15:00.000+01:00,DIAG-CLOSE;GBPUSD;s=2;prev=5;c=6;firstObs=false;slotOn=true;inWindow=false;time_close=08-06 19:18
2026-08-06T19:15:00.000+01:00,DIAG-CLOSE;GBPUSD;s=3;prev=3;c=4;firstObs=false;slotOn=true;inWindow=false;time_close=08-06 19:18
2026-08-06T19:24:00.000+01:00,DIAG-CLOSE;GBPCHF;s=0;prev=6;c=7;firstObs=false;slotOn=true;inWindow=false;time_close=08-06 19:27
2026-08-06T19:24:00.000+01:00,DIAG-CLOSE;GBPCHF;s=1;prev=6;c=7;firstObs=false;slotOn=true;inWindow=false;time_close=08-06 19:27
2026-08-07T08:33:00.000+01:00,DIAG-CLOSE;EURGBP;s=0;prev=7;c=8;firstObs=false;slotOn=true;inWindow=false;time_close=08-07 08:36
2026-08-07T08:33:00.000+01:00,DIAG-CLOSE;EURGBP;s=1;prev=7;c=8;firstObs=false;slotOn=true;inWindow=false;time_close=08-07 08:36
2026-08-07T08:33:00.000+01:00,DIAG-CLOSE;EURGBP;s=2;prev=3;c=4;firstObs=false;slotOn=true;inWindow=false;time_close=08-07 08:36
2026-08-07T08:33:00.000+01:00,DIAG-CLOSE;EURGBP;s=3;prev=4;c=5;firstObs=false;slotOn=true;inWindow=false;time_close=08-07 08:36
2026-08-07T08:33:00.000+01:00,DIAG-CLOSE;EURGBP;s=5;prev=2;c=3;firstObs=false;slotOn=true;inWindow=false;time_close=08-07 08:36
2026-08-07T10:00:00.000+01:00,DIAG-CLOSE;USDCHF;s=0;prev=7;c=8;firstObs=false;slotOn=true;inWindow=false;time_close=08-07 10:03
2026-08-07T10:00:00.000+01:00,DIAG-CLOSE;USDCHF;s=1;prev=6;c=7;firstObs=false;slotOn=true;inWindow=false;time_close=08-07 10:03
2026-08-07T10:00:00.000+01:00,DIAG-CLOSE;USDCHF;s=2;prev=6;c=7;firstObs=false;slotOn=true;inWindow=false;time_close=08-07 10:03
2026-08-07T10:00:00.000+01:00,DIAG-CLOSE;USDJPY;s=0;prev=9;c=10;firstObs=false;slotOn=true;inWindow=false;time_close=08-07 10:03
2026-08-07T10:00:00.000+01:00,DIAG-CLOSE;USDJPY;s=1;prev=7;c=8;firstObs=false;slotOn=true;inWindow=false;time_close=08-07 10:03
2026-08-07T10:03:00.000+01:00,DIAG-CLOSE;GBPCAD;s=0;prev=6;c=7;firstObs=false;slotOn=true;inWindow=false;time_close=08-07 10:06
2026-08-07T10:03:00.000+01:00,DIAG-CLOSE;GBPCAD;s=1;prev=6;c=7;firstObs=false;slotOn=true;inWindow=false;time_close=08-07 10:06
2026-08-07T10:03:00.000+01:00,DIAG-CLOSE;GBPCAD;s=2;prev=1;c=2;firstObs=false;slotOn=true;inWindow=false;time_close=08-07 10:06
2026-08-07T10:03:00.000+01:00,DIAG-CLOSE;GBPCAD;s=3;prev=3;c=4;firstObs=false;slotOn=true;inWindow=false;time_close=08-07 10:06
2026-08-07T10:03:00.000+01:00,DIAG-CLOSE;GBPCAD;s=4;prev=0;c=1;firstObs=false;slotOn=true;inWindow=false;time_close=08-07 10:06
2026-08-07T10:03:00.000+01:00,DIAG-CLOSE;GBPCAD;s=5;prev=0;c=1;firstObs=false;slotOn=true;inWindow=false;time_close=08-07 10:06
2026-08-07T10:39:00.000+01:00,DIAG-CLOSE;AUDUSD;s=0;prev=9;c=10;firstObs=false;slotOn=true;inWindow=false;time_close=08-07 10:42
2026-08-07T10:39:00.000+01:00,DIAG-CLOSE;AUDUSD;s=1;prev=9;c=10;firstObs=false;slotOn=true;inWindow=false;time_close=08-07 10:42
2026-08-07T10:39:00.000+01:00,DIAG-CLOSE;AUDUSD;s=2;prev=7;c=8;firstObs=false;slotOn=true;inWindow=false;time_close=08-07 10:42
2026-08-07T10:45:00.000+01:00,DIAG-CLOSE;EURAUD;s=0;prev=13;c=14;firstObs=false;slotOn=true;inWindow=false;time_close=08-07 10:48
2026-08-07T10:45:00.000+01:00,DIAG-CLOSE;EURAUD;s=1;prev=14;c=15;firstObs=false;slotOn=true;inWindow=false;time_close=08-07 10:48
2026-08-07T10:45:00.000+01:00,DIAG-CLOSE;EURAUD;s=3;prev=7;c=8;firstObs=false;slotOn=true;inWindow=false;time_close=08-07 10:48
2026-08-07T11:30:00.000+01:00,DIAG-CLOSE;GBPUSD;s=2;prev=6;c=7;firstObs=false;slotOn=true;inWindow=false;time_close=08-07 11:33
2026-08-07T11:30:00.000+01:00,DIAG-CLOSE;GBPUSD;s=3;prev=4;c=5;firstObs=false;slotOn=true;inWindow=false;time_close=08-07 11:33
2026-08-07T11:30:00.000+01:00,DIAG-CLOSE;GBPUSD;s=5;prev=3;c=4;firstObs=false;slotOn=true;inWindow=false;time_close=08-07 11:33
2026-08-07T11:57:00.000+01:00,DIAG-CLOSE;AUDCHF;s=0;prev=11;c=12;firstObs=false;slotOn=true;inWindow=false;time_close=08-07 12:00
2026-08-07T11:57:00.000+01:00,DIAG-CLOSE;AUDCHF;s=1;prev=11;c=12;firstObs=false;slotOn=true;inWindow=false;time_close=08-07 12:00
2026-08-07T11:57:00.000+01:00,DIAG-CLOSE;AUDCHF;s=4;prev=2;c=3;firstObs=false;slotOn=true;inWindow=false;time_close=08-07 12:00
2026-08-07T12:27:00.000+01:00,DIAG-CLOSE;EURGBP;s=0;prev=8;c=9;firstObs=false;slotOn=true;inWindow=false;time_close=08-07 12:30
2026-08-07T12:27:00.000+01:00,DIAG-CLOSE;EURGBP;s=1;prev=8;c=9;firstObs=false;slotOn=true;inWindow=false;time_close=08-07 12:30
2026-08-07T12:27:00.000+01:00,DIAG-CLOSE;GBPJPY;s=0;prev=5;c=6;firstObs=false;slotOn=true;inWindow=false;time_close=08-07 12:30
2026-08-07T13:51:00.000+01:00,DIAG-CLOSE;AUDJPY;s=0;prev=9;c=10;firstObs=false;slotOn=true;inWindow=false;time_close=08-07 13:54
2026-08-07T13:51:00.000+01:00,DIAG-CLOSE;AUDJPY;s=1;prev=10;c=11;firstObs=false;slotOn=true;inWindow=false;time_close=08-07 13:54
2026-08-07T13:51:00.000+01:00,DIAG-CLOSE;AUDJPY;s=2;prev=3;c=4;firstObs=false;slotOn=true;inWindow=false;time_close=08-07 13:54
2026-08-07T13:51:00.000+01:00,DIAG-CLOSE;AUDJPY;s=3;prev=5;c=6;firstObs=false;slotOn=true;inWindow=false;time_close=08-07 13:54
2026-08-07T13:51:00.000+01:00,DIAG-CLOSE;AUDJPY;s=4;prev=1;c=2;firstObs=false;slotOn=true;inWindow=false;time_close=08-07 13:54
2026-08-07T13:51:00.000+01:00,DIAG-CLOSE;AUDJPY;s=5;prev=1;c=2;firstObs=false;slotOn=true;inWindow=false;time_close=08-07 13:54
2026-08-07T14:09:00.000+01:00,DIAG-CLOSE;EURAUD;s=2;prev=6;c=7;firstObs=false;slotOn=true;inWindow=false;time_close=08-07 14:12
2026-08-07T14:09:00.000+01:00,DIAG-CLOSE;EURAUD;s=3;prev=8;c=9;firstObs=false;slotOn=true;inWindow=false;time_close=08-07 14:12
2026-08-07T14:09:00.000+01:00,DIAG-CLOSE;EURAUD;s=5;prev=4;c=5;firstObs=false;slotOn=true;inWindow=false;time_close=08-07 14:12
2026-08-07T14:09:00.000+01:00,DIAG-CLOSE;CADJPY;s=3;prev=5;c=6;firstObs=false;slotOn=true;inWindow=false;time_close=08-07 14:12
2026-08-07T14:45:00.000+01:00,DIAG-CLOSE;CADJPY;s=0;prev=11;c=12;firstObs=false;slotOn=true;inWindow=false;time_close=08-07 14:48
2026-08-07T14:45:00.000+01:00,DIAG-CLOSE;CADJPY;s=1;prev=11;c=12;firstObs=false;slotOn=true;inWindow=false;time_close=08-07 14:48
2026-08-07T15:21:00.000+01:00,DIAG-CLOSE;GBPCAD;s=3;prev=4;c=5;firstObs=false;slotOn=true;inWindow=false;time_close=08-07 15:24
2026-08-07T15:33:00.000+01:00,DIAG-CLOSE;EURAUD;s=0;prev=14;c=15;firstObs=false;slotOn=true;inWindow=false;time_close=08-07 15:36
2026-08-07T15:33:00.000+01:00,DIAG-CLOSE;EURAUD;s=1;prev=15;c=16;firstObs=false;slotOn=true;inWindow=false;time_close=08-07 15:36
2026-08-07T16:00:00.000+01:00,DIAG-CLOSE;AUDCAD;s=0;prev=9;c=10;firstObs=false;slotOn=true;inWindow=false;time_close=08-07 16:03
2026-08-07T16:00:00.000+01:00,DIAG-CLOSE;AUDCAD;s=1;prev=9;c=10;firstObs=false;slotOn=true;inWindow=false;time_close=08-07 16:03
2026-08-07T16:00:00.000+01:00,DIAG-CLOSE;AUDCAD;s=2;prev=8;c=9;firstObs=false;slotOn=true;inWindow=false;time_close=08-07 16:03
2026-08-07T16:00:00.000+01:00,DIAG-CLOSE;AUDCAD;s=3;prev=7;c=8;firstObs=false;slotOn=true;inWindow=false;time_close=08-07 16:03
2026-08-07T17:30:00.000+01:00,DIAG-CLOSE;CADCHF;s=0;prev=10;c=11;firstObs=false;slotOn=true;inWindow=false;time_close=08-07 17:33
2026-08-07T17:30:00.000+01:00,DIAG-CLOSE;CADCHF;s=1;prev=9;c=10;firstObs=false;slotOn=true;inWindow=false;time_close=08-07 17:33
2026-08-07T17:30:00.000+01:00,DIAG-CLOSE;CADCHF;s=2;prev=5;c=6;firstObs=false;slotOn=true;inWindow=false;time_close=08-07 17:33
2026-08-07T17:30:00.000+01:00,DIAG-CLOSE;CADCHF;s=3;prev=6;c=7;firstObs=false;slotOn=true;inWindow=false;time_close=08-07 17:33
2026-08-07T17:30:00.000+01:00,DIAG-CLOSE;CADCHF;s=5;prev=4;c=5;firstObs=false;slotOn=true;inWindow=false;time_close=08-07 17:33
2026-08-07T18:03:00.000+01:00,DIAG-CLOSE;GBPAUD;s=0;prev=3;c=4;firstObs=false;slotOn=true;inWindow=false;time_close=08-07 18:06
2026-08-07T18:03:00.000+01:00,DIAG-CLOSE;GBPAUD;s=1;prev=3;c=4;firstObs=false;slotOn=true;inWindow=false;time_close=08-07 18:06
2026-08-07T19:21:00.000+01:00,DIAG-CLOSE;EURAUD;s=0;prev=15;c=16;firstObs=false;slotOn=true;inWindow=false;time_close=08-07 19:24
2026-08-07T19:21:00.000+01:00,DIAG-CLOSE;EURAUD;s=1;prev=16;c=17;firstObs=false;slotOn=true;inWindow=false;time_close=08-07 19:24
2026-08-07T19:21:00.000+01:00,DIAG-CLOSE;EURAUD;s=2;prev=7;c=8;firstObs=false;slotOn=true;inWindow=false;time_close=08-07 19:24
2026-08-07T19:21:00.000+01:00,DIAG-CLOSE;EURAUD;s=3;prev=9;c=10;firstObs=false;slotOn=true;inWindow=false;time_close=08-07 19:24
2026-08-07T19:21:00.000+01:00,DIAG-CLOSE;EURAUD;s=5;prev=5;c=6;firstObs=false;slotOn=true;inWindow=false;time_close=08-07 19:24
2026-08-10T08:00:00.000+01:00,DIAG-CLOSE;AUDUSD;s=2;prev=8;c=9;firstObs=false;slotOn=true;inWindow=false;time_close=08-10 08:03
2026-08-10T08:00:00.000+01:00,DIAG-CLOSE;AUDUSD;s=3;prev=6;c=7;firstObs=false;slotOn=true;inWindow=false;time_close=08-10 08:03
2026-08-10T08:42:00.000+01:00,DIAG-CLOSE;USDCHF;s=0;prev=8;c=9;firstObs=false;slotOn=true;inWindow=false;time_close=08-10 08:45
2026-08-10T08:42:00.000+01:00,DIAG-CLOSE;USDCHF;s=1;prev=7;c=8;firstObs=false;slotOn=true;inWindow=false;time_close=08-10 08:45
2026-08-10T08:42:00.000+01:00,DIAG-CLOSE;USDCHF;s=2;prev=7;c=8;firstObs=false;slotOn=true;inWindow=false;time_close=08-10 08:45
2026-08-10T08:42:00.000+01:00,DIAG-CLOSE;USDCHF;s=4;prev=3;c=4;firstObs=false;slotOn=true;inWindow=false;time_close=08-10 08:45
2026-08-10T08:42:00.000+01:00,DIAG-CLOSE;USDCHF;s=5;prev=3;c=4;firstObs=false;slotOn=true;inWindow=false;time_close=08-10 08:45
2026-08-10T09:03:00.000+01:00,DIAG-CLOSE;EURCAD;s=0;prev=9;c=10;firstObs=false;slotOn=true;inWindow=true;time_close=08-10 09:06
2026-08-10T09:03:00.000+01:00,DIAG-DEDUP;EURCAD;s=0;wOpened=08-10 09:00;nd=0;bestStored=none;bestStoredSlot=-1;newWins=true
2026-08-10T09:03:00.000+01:00,DIAG-CLOSE;EURCAD;s=1;prev=9;c=10;firstObs=false;slotOn=true;inWindow=true;time_close=08-10 09:06
2026-08-10T09:03:00.000+01:00,DIAG-DEDUP;EURCAD;s=1;wOpened=08-10 09:00;nd=1;bestStored=08-10 09:00;bestStoredSlot=0;newWins=true
2026-08-10T09:03:00.000+01:00,DIAG-CLOSE;EURCAD;s=2;prev=5;c=6;firstObs=false;slotOn=true;inWindow=true;time_close=08-10 09:06
2026-08-10T09:03:00.000+01:00,DIAG-DEDUP;EURCAD;s=2;wOpened=08-10 09:00;nd=1;bestStored=08-10 09:00;bestStoredSlot=1;newWins=true
2026-08-10T09:03:00.000+01:00,DIAG-CLOSE;EURCAD;s=3;prev=7;c=8;firstObs=false;slotOn=true;inWindow=true;time_close=08-10 09:06
2026-08-10T09:03:00.000+01:00,DIAG-DEDUP;EURCAD;s=3;wOpened=08-10 09:00;nd=1;bestStored=08-10 09:00;bestStoredSlot=2;newWins=true
2026-08-10T09:18:00.000+01:00,DIAG-CLOSE;AUDUSD;s=0;prev=10;c=11;firstObs=false;slotOn=true;inWindow=true;time_close=08-10 09:21
2026-08-10T09:18:00.000+01:00,DIAG-DEDUP;AUDUSD;s=0;wOpened=08-07 19:54;nd=0;bestStored=none;bestStoredSlot=-1;newWins=true
2026-08-10T09:18:00.000+01:00,DIAG-CLOSE;AUDUSD;s=1;prev=10;c=11;firstObs=false;slotOn=true;inWindow=true;time_close=08-10 09:21
2026-08-10T09:18:00.000+01:00,DIAG-DEDUP;AUDUSD;s=1;wOpened=08-07 19:54;nd=1;bestStored=08-07 19:54;bestStoredSlot=0;newWins=true
2026-08-10T09:27:00.000+01:00,DIAG-CLOSE;EURUSD;s=3;prev=3;c=4;firstObs=false;slotOn=true;inWindow=true;time_close=08-10 09:30
2026-08-10T09:27:00.000+01:00,DIAG-DEDUP;EURUSD;s=3;wOpened=08-10 08:51;nd=0;bestStored=none;bestStoredSlot=-1;newWins=true
2026-08-10T09:33:00.000+01:00,DIAG-CLOSE;EURUSD;s=0;prev=7;c=8;firstObs=false;slotOn=true;inWindow=true;time_close=08-10 09:36
2026-08-10T09:33:00.000+01:00,DIAG-DEDUP;EURUSD;s=0;wOpened=08-10 08:51;nd=1;bestStored=08-10 08:51;bestStoredSlot=3;newWins=false
2026-08-10T09:33:00.000+01:00,DIAG-CLOSE;EURUSD;s=1;prev=7;c=8;firstObs=false;slotOn=true;inWindow=true;time_close=08-10 09:36
2026-08-10T09:33:00.000+01:00,DIAG-DEDUP;EURUSD;s=1;wOpened=08-10 08:51;nd=1;bestStored=08-10 08:51;bestStoredSlot=3;newWins=false
2026-08-10T09:45:00.000+01:00,DIAG-CLOSE;AUDCHF;s=0;prev=12;c=13;firstObs=false;slotOn=true;inWindow=true;time_close=08-10 09:48
2026-08-10T09:45:00.000+01:00,DIAG-DEDUP;AUDCHF;s=0;wOpened=08-07 18:15;nd=0;bestStored=none;bestStoredSlot=-1;newWins=true
2026-08-10T09:45:00.000+01:00,DIAG-CLOSE;AUDCHF;s=1;prev=12;c=13;firstObs=false;slotOn=true;inWindow=true;time_close=08-10 09:48
2026-08-10T09:45:00.000+01:00,DIAG-DEDUP;AUDCHF;s=1;wOpened=08-07 18:15;nd=1;bestStored=08-07 18:15;bestStoredSlot=0;newWins=true
2026-08-10T09:45:00.000+01:00,DIAG-CLOSE;AUDCHF;s=2;prev=6;c=7;firstObs=false;slotOn=true;inWindow=true;time_close=08-10 09:48
2026-08-10T09:45:00.000+01:00,DIAG-DEDUP;AUDCHF;s=2;wOpened=08-10 08:51;nd=1;bestStored=08-07 18:15;bestStoredSlot=1;newWins=false
2026-08-10T09:45:00.000+01:00,DIAG-CLOSE;AUDCHF;s=4;prev=3;c=4;firstObs=false;slotOn=true;inWindow=true;time_close=08-10 09:48
2026-08-10T09:45:00.000+01:00,DIAG-DEDUP;AUDCHF;s=4;wOpened=08-10 08:51;nd=1;bestStored=08-07 18:15;bestStoredSlot=1;newWins=false
2026-08-10T10:51:00.000+01:00,DIAG-CLOSE;EURGBP;s=0;prev=9;c=10;firstObs=false;slotOn=true;inWindow=true;time_close=08-10 10:54
2026-08-10T10:51:00.000+01:00,DIAG-DEDUP;EURGBP;s=0;wOpened=08-10 10:48;nd=0;bestStored=none;bestStoredSlot=-1;newWins=true
2026-08-10T10:51:00.000+01:00,DIAG-CLOSE;EURGBP;s=1;prev=9;c=10;firstObs=false;slotOn=true;inWindow=true;time_close=08-10 10:54
2026-08-10T10:51:00.000+01:00,DIAG-DEDUP;EURGBP;s=1;wOpened=08-10 10:48;nd=1;bestStored=08-10 10:48;bestStoredSlot=0;newWins=true
2026-08-10T11:51:00.000+01:00,DIAG-CLOSE;USDCAD;s=1;prev=10;c=11;firstObs=false;slotOn=true;inWindow=true;time_close=08-10 11:54
2026-08-10T11:51:00.000+01:00,DIAG-DEDUP;USDCAD;s=1;wOpened=08-10 09:57;nd=0;bestStored=none;bestStoredSlot=-1;newWins=true
2026-08-10T12:00:00.000+01:00,DIAG-CLOSE;USDCAD;s=0;prev=10;c=11;firstObs=false;slotOn=true;inWindow=true;time_close=08-10 12:03
2026-08-10T12:00:00.000+01:00,DIAG-DEDUP;USDCAD;s=0;wOpened=08-10 09:57;nd=1;bestStored=08-10 09:57;bestStoredSlot=1;newWins=false
2026-08-10T12:06:00.000+01:00,DIAG-CLOSE;CADJPY;s=2;prev=7;c=8;firstObs=false;slotOn=true;inWindow=true;time_close=08-10 12:09
2026-08-10T12:06:00.000+01:00,DIAG-DEDUP;CADJPY;s=2;wOpened=08-10 11:36;nd=0;bestStored=none;bestStoredSlot=-1;newWins=true
2026-08-10T12:06:00.000+01:00,DIAG-CLOSE;CADJPY;s=3;prev=6;c=7;firstObs=false;slotOn=true;inWindow=true;time_close=08-10 12:09
2026-08-10T12:06:00.000+01:00,DIAG-DEDUP;CADJPY;s=3;wOpened=08-10 11:39;nd=1;bestStored=08-10 11:36;bestStoredSlot=2;newWins=false
2026-08-10T12:06:00.000+01:00,DIAG-CLOSE;CADJPY;s=5;prev=3;c=4;firstObs=false;slotOn=true;inWindow=true;time_close=08-10 12:09
2026-08-10T12:06:00.000+01:00,DIAG-DEDUP;CADJPY;s=5;wOpened=08-10 11:36;nd=1;bestStored=08-10 11:36;bestStoredSlot=2;newWins=true
2026-08-10T12:27:00.000+01:00,DIAG-CLOSE;GBPAUD;s=2;prev=2;c=3;firstObs=false;slotOn=true;inWindow=true;time_close=08-10 12:30
2026-08-10T12:27:00.000+01:00,DIAG-DEDUP;GBPAUD;s=2;wOpened=08-10 11:57;nd=0;bestStored=none;bestStoredSlot=-1;newWins=true
2026-08-10T12:27:00.000+01:00,DIAG-CLOSE;GBPAUD;s=3;prev=5;c=6;firstObs=false;slotOn=true;inWindow=true;time_close=08-10 12:30
2026-08-10T12:27:00.000+01:00,DIAG-DEDUP;GBPAUD;s=3;wOpened=08-10 11:57;nd=1;bestStored=08-10 11:57;bestStoredSlot=2;newWins=true
2026-08-10T12:27:00.000+01:00,DIAG-CLOSE;GBPAUD;s=5;prev=1;c=2;firstObs=false;slotOn=true;inWindow=true;time_close=08-10 12:30
2026-08-10T12:27:00.000+01:00,DIAG-DEDUP;GBPAUD;s=5;wOpened=08-10 12:24;nd=1;bestStored=08-10 11:57;bestStoredSlot=3;newWins=false
2026-08-10T12:48:00.000+01:00,DIAG-CLOSE;GBPJPY;s=0;prev=6;c=7;firstObs=false;slotOn=true;inWindow=true;time_close=08-10 12:51
2026-08-10T12:48:00.000+01:00,DIAG-DEDUP;GBPJPY;s=0;wOpened=08-10 11:00;nd=0;bestStored=none;bestStoredSlot=-1;newWins=true
2026-08-10T12:48:00.000+01:00,DIAG-CLOSE;GBPJPY;s=1;prev=5;c=6;firstObs=false;slotOn=true;inWindow=true;time_close=08-10 12:51
2026-08-10T12:48:00.000+01:00,DIAG-DEDUP;GBPJPY;s=1;wOpened=08-10 11:00;nd=1;bestStored=08-10 11:00;bestStoredSlot=0;newWins=true
2026-08-10T12:48:00.000+01:00,DIAG-CLOSE;GBPJPY;s=2;prev=4;c=5;firstObs=false;slotOn=true;inWindow=true;time_close=08-10 12:51
2026-08-10T12:48:00.000+01:00,DIAG-DEDUP;GBPJPY;s=2;wOpened=08-10 11:15;nd=1;bestStored=08-10 11:00;bestStoredSlot=1;newWins=false
2026-08-10T12:48:00.000+01:00,DIAG-CLOSE;GBPJPY;s=3;prev=4;c=5;firstObs=false;slotOn=true;inWindow=true;time_close=08-10 12:51
2026-08-10T12:48:00.000+01:00,DIAG-DEDUP;GBPJPY;s=3;wOpened=08-10 12:45;nd=1;bestStored=08-10 11:00;bestStoredSlot=1;newWins=false
2026-08-10T12:48:00.000+01:00,DIAG-CLOSE;GBPJPY;s=4;prev=1;c=2;firstObs=false;slotOn=true;inWindow=true;time_close=08-10 12:51
2026-08-10T12:48:00.000+01:00,DIAG-DEDUP;GBPJPY;s=4;wOpened=08-10 12:45;nd=1;bestStored=08-10 11:00;bestStoredSlot=1;newWins=false
2026-08-10T13:51:00.000+01:00,DIAG-CLOSE;USDJPY;s=0;prev=10;c=11;firstObs=false;slotOn=true;inWindow=true;time_close=08-10 13:54
2026-08-10T13:51:00.000+01:00,DIAG-DEDUP;USDJPY;s=0;wOpened=08-10 13:15;nd=0;bestStored=none;bestStoredSlot=-1;newWins=true
2026-08-10T13:51:00.000+01:00,DIAG-CLOSE;USDJPY;s=2;prev=4;c=5;firstObs=false;slotOn=true;inWindow=true;time_close=08-10 13:54
2026-08-10T13:51:00.000+01:00,DIAG-DEDUP;USDJPY;s=2;wOpened=08-10 11:54;nd=1;bestStored=08-10 13:15;bestStoredSlot=0;newWins=true
2026-08-10T13:51:00.000+01:00,DIAG-CLOSE;USDJPY;s=3;prev=5;c=6;firstObs=false;slotOn=true;inWindow=true;time_close=08-10 13:54
2026-08-10T13:51:00.000+01:00,DIAG-DEDUP;USDJPY;s=3;wOpened=08-10 11:39;nd=1;bestStored=08-10 11:54;bestStoredSlot=2;newWins=true
2026-08-10T13:51:00.000+01:00,DIAG-CLOSE;USDJPY;s=5;prev=1;c=2;firstObs=false;slotOn=true;inWindow=true;time_close=08-10 13:54
2026-08-10T13:51:00.000+01:00,DIAG-DEDUP;USDJPY;s=5;wOpened=08-10 11:54;nd=1;bestStored=08-10 11:39;bestStoredSlot=3;newWins=false
2026-08-10T14:15:00.000+01:00,DIAG-CLOSE;GBPCHF;s=0;prev=7;c=8;firstObs=false;slotOn=true;inWindow=true;time_close=08-10 14:18
2026-08-10T14:15:00.000+01:00,DIAG-DEDUP;GBPCHF;s=0;wOpened=08-10 14:12;nd=0;bestStored=none;bestStoredSlot=-1;newWins=true
2026-08-10T14:15:00.000+01:00,DIAG-CLOSE;GBPCHF;s=1;prev=7;c=8;firstObs=false;slotOn=true;inWindow=true;time_close=08-10 14:18
2026-08-10T14:15:00.000+01:00,DIAG-DEDUP;GBPCHF;s=1;wOpened=08-10 14:12;nd=1;bestStored=08-10 14:12;bestStoredSlot=0;newWins=true
2026-08-10T14:48:00.000+01:00,DIAG-CLOSE;EURCHF;s=0;prev=11;c=12;firstObs=false;slotOn=true;inWindow=true;time_close=08-10 14:51
2026-08-10T14:48:00.000+01:00,DIAG-DEDUP;EURCHF;s=0;wOpened=08-10 13:57;nd=0;bestStored=none;bestStoredSlot=-1;newWins=true
2026-08-10T14:48:00.000+01:00,DIAG-CLOSE;EURCHF;s=1;prev=10;c=11;firstObs=false;slotOn=true;inWindow=true;time_close=08-10 14:51
2026-08-10T14:48:00.000+01:00,DIAG-DEDUP;EURCHF;s=1;wOpened=08-10 13:57;nd=1;bestStored=08-10 13:57;bestStoredSlot=0;newWins=true
2026-08-10T14:48:00.000+01:00,DIAG-CLOSE;EURCHF;s=2;prev=6;c=7;firstObs=false;slotOn=true;inWindow=true;time_close=08-10 14:51
2026-08-10T14:48:00.000+01:00,DIAG-DEDUP;EURCHF;s=2;wOpened=08-10 13:57;nd=1;bestStored=08-10 13:57;bestStoredSlot=1;newWins=true
2026-08-10T14:48:00.000+01:00,DIAG-CLOSE;EURCHF;s=3;prev=5;c=6;firstObs=false;slotOn=true;inWindow=true;time_close=08-10 14:51
2026-08-10T14:48:00.000+01:00,DIAG-DEDUP;EURCHF;s=3;wOpened=08-10 13:57;nd=1;bestStored=08-10 13:57;bestStoredSlot=2;newWins=true
2026-08-10T14:48:00.000+01:00,DIAG-CLOSE;EURCHF;s=5;prev=2;c=3;firstObs=false;slotOn=true;inWindow=true;time_close=08-10 14:51
2026-08-10T14:48:00.000+01:00,DIAG-DEDUP;EURCHF;s=5;wOpened=08-10 14:12;nd=1;bestStored=08-10 13:57;bestStoredSlot=3;newWins=false
2026-08-10T15:18:00.000+01:00,DIAG-CLOSE;AUDUSD;s=0;prev=11;c=12;firstObs=false;slotOn=true;inWindow=true;time_close=08-10 15:21
2026-08-10T15:18:00.000+01:00,DIAG-DEDUP;AUDUSD;s=0;wOpened=08-10 14:00;nd=0;bestStored=none;bestStoredSlot=-1;newWins=true
2026-08-10T15:18:00.000+01:00,DIAG-CLOSE;AUDUSD;s=1;prev=11;c=12;firstObs=false;slotOn=true;inWindow=true;time_close=08-10 15:21
2026-08-10T15:18:00.000+01:00,DIAG-DEDUP;AUDUSD;s=1;wOpened=08-10 14:00;nd=1;bestStored=08-10 14:00;bestStoredSlot=0;newWins=true
2026-08-10T15:33:00.000+01:00,DIAG-CLOSE;CHFJPY;s=1;prev=3;c=4;firstObs=false;slotOn=true;inWindow=true;time_close=08-10 15:36
2026-08-10T15:33:00.000+01:00,DIAG-DEDUP;CHFJPY;s=1;wOpened=08-10 15:30;nd=0;bestStored=none;bestStoredSlot=-1;newWins=true
2026-08-10T17:30:00.000+01:00,DIAG-CLOSE;GBPCAD;s=0;prev=7;c=8;firstObs=false;slotOn=true;inWindow=true;time_close=08-10 17:33
2026-08-10T17:30:00.000+01:00,DIAG-DEDUP;GBPCAD;s=0;wOpened=08-10 17:27;nd=0;bestStored=none;bestStoredSlot=-1;newWins=true
2026-08-10T17:30:00.000+01:00,DIAG-CLOSE;GBPCAD;s=1;prev=7;c=8;firstObs=false;slotOn=true;inWindow=true;time_close=08-10 17:33
2026-08-10T17:30:00.000+01:00,DIAG-DEDUP;GBPCAD;s=1;wOpened=08-10 16:21;nd=1;bestStored=08-10 17:27;bestStoredSlot=0;newWins=true
2026-08-10T17:30:00.000+01:00,DIAG-CLOSE;GBPCAD;s=2;prev=2;c=3;firstObs=false;slotOn=true;inWindow=true;time_close=08-10 17:33
2026-08-10T17:30:00.000+01:00,DIAG-DEDUP;GBPCAD;s=2;wOpened=08-10 17:27;nd=1;bestStored=08-10 16:21;bestStoredSlot=1;newWins=false
2026-08-10T18:42:00.000+01:00,DIAG-CLOSE;EURJPY;s=0;prev=8;c=9;firstObs=false;slotOn=true;inWindow=true;time_close=08-10 18:45
2026-08-10T18:42:00.000+01:00,DIAG-DEDUP;EURJPY;s=0;wOpened=08-10 17:21;nd=0;bestStored=none;bestStoredSlot=-1;newWins=true
2026-08-10T18:42:00.000+01:00,DIAG-CLOSE;EURJPY;s=1;prev=9;c=10;firstObs=false;slotOn=true;inWindow=true;time_close=08-10 18:45
2026-08-10T18:42:00.000+01:00,DIAG-DEDUP;EURJPY;s=1;wOpened=08-10 17:21;nd=1;bestStored=08-10 17:21;bestStoredSlot=0;newWins=true
2026-08-10T19:33:00.000+01:00,DIAG-CLOSE;GBPCHF;s=0;prev=8;c=9;firstObs=false;slotOn=true;inWindow=true;time_close=08-10 19:36
2026-08-10T19:33:00.000+01:00,DIAG-DEDUP;GBPCHF;s=0;wOpened=08-10 19:27;nd=0;bestStored=none;bestStoredSlot=-1;newWins=true
2026-08-10T19:33:00.000+01:00,DIAG-CLOSE;GBPCHF;s=1;prev=8;c=9;firstObs=false;slotOn=true;inWindow=true;time_close=08-10 19:36
2026-08-10T19:33:00.000+01:00,DIAG-DEDUP;GBPCHF;s=1;wOpened=08-10 19:27;nd=1;bestStored=08-10 19:27;bestStoredSlot=0;newWins=true
2026-08-10T19:33:00.000+01:00,DIAG-CLOSE;GBPCHF;s=2;prev=2;c=3;firstObs=false;slotOn=true;inWindow=true;time_close=08-10 19:36
2026-08-10T19:33:00.000+01:00,DIAG-DEDUP;GBPCHF;s=2;wOpened=08-10 19:30;nd=1;bestStored=08-10 19:27;bestStoredSlot=1;newWins=false
2026-08-10T19:39:00.000+01:00,DIAG-CLOSE;EURGBP;s=0;prev=10;c=11;firstObs=false;slotOn=true;inWindow=true;time_close=08-10 19:42
2026-08-10T19:39:00.000+01:00,DIAG-DEDUP;EURGBP;s=0;wOpened=08-10 19:33;nd=0;bestStored=none;bestStoredSlot=-1;newWins=true
2026-08-10T19:39:00.000+01:00,DIAG-CLOSE;EURGBP;s=1;prev=10;c=11;firstObs=false;slotOn=true;inWindow=true;time_close=08-10 19:42
2026-08-10T19:39:00.000+01:00,DIAG-DEDUP;EURGBP;s=1;wOpened=08-10 19:33;nd=1;bestStored=08-10 19:33;bestStoredSlot=0;newWins=true
2026-08-10T20:00:00.000+01:00,GCLOSEHDR;2026-08-10 09:00;2026-08-11 01:00;18;34;8
2026-08-10T20:00:00.000+01:00,GCLOSE;1;EURCAD;B2:11;2026-08-10 09:03;2026-08-10 09:06;1;short;2026-08-10 09:00
2026-08-10T20:00:00.000+01:00,GCLOSE;2;AUDUSD;A2:24;2026-08-10 08:51;2026-08-10 09:21;2;long;2026-08-07 19:54
2026-08-10T20:00:00.000+01:00,GCLOSE;3;EURUSD;B2:11;2026-08-10 09:27;2026-08-10 09:30;1;long;2026-08-10 08:51
2026-08-10T20:00:00.000+01:00,GCLOSE;4;AUDCHF;A2:24;2026-08-07 18:51;2026-08-10 09:48;3;long;2026-08-07 18:15
2026-08-10T20:00:00.000+01:00,GCLOSE;5;EURGBP;A2:24;2026-08-10 10:51;2026-08-10 10:54;1;long;2026-08-10 10:48
2026-08-10T20:00:00.000+01:00,GCLOSE;6;USDCAD;A2:24;2026-08-10 10:42;2026-08-10 11:54;2;short;2026-08-10 09:57
2026-08-10T20:00:00.000+01:00,GCLOSE;7;CADJPY;C2:14;2026-08-10 11:39;2026-08-10 12:09;2;long;2026-08-10 11:36
2026-08-10T20:00:00.000+01:00,GCLOSE;8;GBPAUD;B2:11;2026-08-10 12:24;2026-08-10 12:30;2;long;2026-08-10 11:57
2026-08-10T20:00:00.000+01:00,GCLOSE;9;GBPJPY;A2:24;2026-08-10 11:15;2026-08-10 12:51;3;long;2026-08-10 11:00
2026-08-10T20:00:00.000+01:00,GCLOSE;10;USDJPY;B2:11;2026-08-10 11:54;2026-08-10 13:54;3;long;2026-08-10 11:39
2026-08-10T20:00:00.000+01:00,GCLOSE;11;GBPCHF;A2:24;2026-08-10 14:15;2026-08-10 14:18;1;long;2026-08-10 14:12
2026-08-10T20:00:00.000+01:00,GCLOSE;12;EURCHF;B2:11;2026-08-10 14:12;2026-08-10 14:51;2;long;2026-08-10 13:57
2026-08-10T20:00:00.000+01:00,GCLOSE;13;AUDUSD;A2:24;2026-08-10 15:18;2026-08-10 15:21;1;long;2026-08-10 14:00
2026-08-10T20:00:00.000+01:00,GCLOSE;14;CHFJPY;A2:24;2026-08-10 15:33;2026-08-10 15:36;1;long;2026-08-10 15:30
2026-08-10T20:00:00.000+01:00,GCLOSE;15;GBPCAD;A2:24;2026-08-10 17:27;2026-08-10 17:33;2;short;2026-08-10 16:21
2026-08-10T20:00:00.000+01:00,GCLOSE;16;EURJPY;A2:24;2026-08-10 18:12;2026-08-10 18:45;3;long;2026-08-10 17:21
2026-08-10T20:00:00.000+01:00,GCLOSE;17;GBPCHF;A2:24;2026-08-10 19:30;2026-08-10 19:36;2;long;2026-08-10 19:27
2026-08-10T20:00:00.000+01:00,GCLOSE;18;EURGBP;A2:24;2026-08-10 19:36;2026-08-10 19:42;2;short;2026-08-10 19:33
